time,id,source,dest
0,p0,3,1
0,p1,31,1
0,p2,94,1
0,p3,41,1
0,p4,98,1
0,p5,37,1
0,p6,24,1
0,p7,68,1
0,p8,18,1
0,p9,85,1
0,p10,18,1
0,p11,17,1
0,p12,87,1
0,p13,67,1
0,p14,93,1
0,p15,98,1
0,p16,56,1
0,p17,73,1
0,p18,33,1
0,p19,21,1
0,p20,41,1
0,p21,77,1
0,p22,53,1
0,p23,26,1
0,p24,56,1
0,p25,43,1
0,p26,22,1
0,p27,22,1
0,p28,25,1
0,p29,76,1
0,p30,4,1
0,p31,44,1
0,p32,17,1
0,p33,36,1
0,p34,8,1
0,p35,79,1
0,p36,77,1
0,p37,29,1
0,p38,14,1
0,p39,11,1
0,p40,87,1
0,p41,51,1
0,p42,50,1
0,p43,59,1
0,p44,67,1
0,p45,60,1
0,p46,15,1
0,p47,8,1
0,p48,17,1
0,p49,40,1
0,p50,66,1
0,p51,74,1
0,p52,8,1
0,p53,46,1
0,p54,33,1
0,p55,75,1
0,p56,93,1
0,p57,44,1
0,p58,19,1
0,p59,99,1
0,p60,73,1
0,p61,96,1
0,p62,9,1
0,p63,27,1
0,p64,42,1
0,p65,88,1
0,p66,95,1
0,p67,64,1
0,p68,65,1
0,p69,55,1
0,p70,13,1
0,p71,36,1
0,p72,34,1
0,p73,61,1
0,p74,86,1
0,p75,23,1
0,p76,66,1
0,p77,30,1
0,p78,6,1
0,p79,67,1
0,p80,46,1
0,p81,45,1
0,p82,97,1
0,p83,70,1
0,p84,74,1
0,p85,32,1
0,p86,95,1
0,p87,16,1
0,p88,74,1
0,p89,89,1
0,p90,27,1
0,p91,75,1
0,p92,87,1
0,p93,19,1
0,p94,32,1
0,p95,58,1
0,p96,90,1
0,p97,24,1
0,p98,2,1
0,p99,96,1
0,p100,81,1
0,p101,80,1
0,p102,55,1
0,p103,95,1
0,p104,58,1
0,p105,43,1
0,p106,96,1
0,p107,99,1
0,p108,85,1
0,p109,17,1
0,p110,54,1
0,p111,4,1
0,p112,66,1
0,p113,85,1
0,p114,61,1
0,p115,92,1
0,p116,12,1
0,p117,55,1
0,p118,38,1
0,p119,61,1
0,p120,83,1
0,p121,81,1
0,p122,50,1
0,p123,100,1
0,p124,26,1
0,p125,44,1
0,p126,36,1
0,p127,19,1
0,p128,60,1
0,p129,2,1
0,p130,59,1
0,p131,22,1
0,p132,71,1
0,p133,65,1
0,p134,21,1
0,p135,23,1
0,p136,33,1
0,p137,9,1
0,p138,15,1
0,p139,76,1
0,p140,22,1
0,p141,93,1
0,p142,11,1
0,p143,82,1
0,p144,3,1
0,p145,75,1
0,p146,97,1
0,p147,66,1
0,p148,34,1
0,p149,16,1
0,p150,47,1
0,p151,74,1
0,p152,92,1
0,p153,96,1
0,p154,25,1
0,p155,51,1
0,p156,5,1
0,p157,39,1
0,p158,14,1
0,p159,8,1
0,p160,100,1
0,p161,12,1
0,p162,55,1
0,p163,11,1
0,p164,13,1
0,p165,28,1
0,p166,68,1
0,p167,13,1
0,p168,81,1
0,p169,66,1
0,p170,76,1
0,p171,63,1
0,p172,100,1
0,p173,28,1
0,p174,17,1
0,p175,6,1
0,p176,76,1
0,p177,36,1
0,p178,31,1
0,p179,38,1
0,p180,41,1
0,p181,35,1
0,p182,38,1
0,p183,66,1
0,p184,87,1
0,p185,77,1
0,p186,94,1
0,p187,76,1
0,p188,86,1
0,p189,16,1
0,p190,53,1
0,p191,92,1
0,p192,96,1
0,p193,13,1
0,p194,24,1
0,p195,65,1
0,p196,91,1
0,p197,69,1
0,p198,92,1
0,p199,77,1
0,p200,44,1
0,p201,4,1
0,p202,78,1
0,p203,30,1
0,p204,69,1
0,p205,29,1
0,p206,90,1
0,p207,98,1
0,p208,97,1
0,p209,24,1
0,p210,32,1
0,p211,50,1
0,p212,49,1
0,p213,12,1
0,p214,17,1
0,p215,39,1
0,p216,37,1
0,p217,94,1
0,p218,28,1
0,p219,55,1
0,p220,27,1
0,p221,22,1
0,p222,27,1
0,p223,79,1
0,p224,22,1
0,p225,16,1
0,p226,86,1
0,p227,79,1
0,p228,24,1
0,p229,82,1
0,p230,54,1
0,p231,19,1
0,p232,24,1
0,p233,28,1
0,p234,82,1
0,p235,29,1
0,p236,9,1
0,p237,81,1
0,p238,16,1
0,p239,6,1
0,p240,38,1
0,p241,34,1
0,p242,16,1
0,p243,38,1
0,p244,8,1
0,p245,13,1
0,p246,26,1
0,p247,23,1
0,p248,19,1
0,p249,100,1
0,p250,55,1
0,p251,86,1
0,p252,74,1
0,p253,87,1
0,p254,85,1
0,p255,22,1
0,p256,26,1
0,p257,66,1
0,p258,47,1
0,p259,50,1
0,p260,41,1
0,p261,20,1
0,p262,83,1
0,p263,76,1
0,p264,54,1
0,p265,43,1
0,p266,2,1
0,p267,4,1
0,p268,65,1
0,p269,79,1
0,p270,25,1
0,p271,61,1
0,p272,69,1
0,p273,78,1
0,p274,26,1
0,p275,89,1
0,p276,85,1
0,p277,26,1
0,p278,92,1
0,p279,12,1
0,p280,97,1
0,p281,40,1
0,p282,37,1
0,p283,23,1
0,p284,19,1
0,p285,3,1
0,p286,85,1
0,p287,95,1
0,p288,91,1
0,p289,13,1
0,p290,32,1
0,p291,41,1
0,p292,76,1
0,p293,81,1
0,p294,82,1
0,p295,26,1
0,p296,86,1
0,p297,16,1
0,p298,100,1
0,p299,73,1
0,p300,66,1
0,p301,93,1
0,p302,43,1
0,p303,88,1
0,p304,73,1
0,p305,49,1
0,p306,100,1
0,p307,66,1
0,p308,83,1
0,p309,81,1
0,p310,46,1
0,p311,24,1
0,p312,50,1
0,p313,84,1
0,p314,25,1
0,p315,24,1
0,p316,70,1
0,p317,44,1
0,p318,44,1
0,p319,86,1
0,p320,18,1
0,p321,36,1
0,p322,70,1
0,p323,54,1
0,p324,41,1
0,p325,97,1
0,p326,12,1
0,p327,43,1
0,p328,58,1
0,p329,59,1
0,p330,87,1
0,p331,81,1
0,p332,79,1
0,p333,25,1
0,p334,2,1
0,p335,87,1
0,p336,9,1
0,p337,47,1
0,p338,93,1
0,p339,10,1
0,p340,57,1
0,p341,6,1
0,p342,92,1
0,p343,59,1
0,p344,54,1
0,p345,95,1
0,p346,58,1
0,p347,83,1
0,p348,97,1
0,p349,2,1
0,p350,10,1
0,p351,99,1
0,p352,57,1
0,p353,77,1
0,p354,34,1
0,p355,80,1
0,p356,99,1
0,p357,24,1
0,p358,100,1
0,p359,78,1
0,p360,97,1
0,p361,9,1
0,p362,68,1
0,p363,11,1
0,p364,18,1
0,p365,67,1
0,p366,47,1
0,p367,60,1
0,p368,20,1
0,p369,99,1
0,p370,39,1
0,p371,18,1
0,p372,24,1
0,p373,41,1
0,p374,57,1
0,p375,41,1
0,p376,52,1
0,p377,55,1
0,p378,7,1
0,p379,33,1
0,p380,13,1
0,p381,39,1
0,p382,59,1
0,p383,61,1
0,p384,94,1
0,p385,96,1
0,p386,2,1
0,p387,97,1
0,p388,44,1
0,p389,7,1
0,p390,66,1
0,p391,11,1
0,p392,9,1
0,p393,22,1
0,p394,87,1
0,p395,4,1
0,p396,16,1
0,p397,25,1
0,p398,97,1
0,p399,17,1
0,p400,45,1
0,p401,27,1
0,p402,74,1
0,p403,5,1
0,p404,16,1
0,p405,74,1
0,p406,24,1
0,p407,25,1
0,p408,80,1
0,p409,5,1
0,p410,72,1
0,p411,84,1
0,p412,91,1
0,p413,98,1
0,p414,75,1
0,p415,99,1
0,p416,84,1
0,p417,42,1
0,p418,19,1
0,p419,81,1
0,p420,91,1
0,p421,80,1
0,p422,10,1
0,p423,41,1
0,p424,47,1
0,p425,51,1
0,p426,49,1
0,p427,80,1
0,p428,78,1
0,p429,78,1
0,p430,87,1
0,p431,34,1
0,p432,32,1
0,p433,55,1
0,p434,73,1
0,p435,76,1
0,p436,57,1
0,p437,97,1
0,p438,36,1
0,p439,38,1
0,p440,84,1
0,p441,56,1
0,p442,52,1
0,p443,40,1
0,p444,36,1
0,p445,72,1
0,p446,71,1
0,p447,74,1
0,p448,52,1
0,p449,85,1
0,p450,33,1
0,p451,52,1
0,p452,22,1
0,p453,10,1
0,p454,24,1
0,p455,5,1
0,p456,99,1
0,p457,8,1
0,p458,86,1
0,p459,79,1
0,p460,11,1
0,p461,96,1
0,p462,61,1
0,p463,28,1
0,p464,51,1
0,p465,2,1
0,p466,64,1
0,p467,4,1
0,p468,16,1
0,p469,94,1
0,p470,24,1
0,p471,43,1
0,p472,92,1
0,p473,85,1
0,p474,62,1
0,p475,63,1
0,p476,23,1
0,p477,47,1
0,p478,8,1
0,p479,31,1
0,p480,15,1
0,p481,74,1
0,p482,69,1
0,p483,59,1
0,p484,73,1
0,p485,71,1
0,p486,27,1
0,p487,83,1
0,p488,53,1
0,p489,100,1
0,p490,89,1
0,p491,34,1
0,p492,46,1
0,p493,9,1
0,p494,45,1
0,p495,59,1
0,p496,30,1
0,p497,58,1
0,p498,65,1
0,p499,46,1
0,p500,37,1
0,p501,75,1
0,p502,53,1
0,p503,25,1
0,p504,17,1
0,p505,51,1
0,p506,65,1
0,p507,89,1
0,p508,80,1
0,p509,4,1
0,p510,90,1
0,p511,38,1
0,p512,87,1
0,p513,37,1
0,p514,39,1
0,p515,13,1
0,p516,34,1
0,p517,27,1
0,p518,99,1
0,p519,84,1
0,p520,43,1
0,p521,59,1
0,p522,74,1
0,p523,64,1
0,p524,57,1
0,p525,60,1
0,p526,90,1
0,p527,34,1
0,p528,46,1
0,p529,12,1
0,p530,73,1
0,p531,44,1
0,p532,71,1
0,p533,73,1
0,p534,49,1
0,p535,22,1
0,p536,38,1
0,p537,47,1
0,p538,61,1
0,p539,60,1
0,p540,84,1
0,p541,48,1
0,p542,30,1
0,p543,75,1
0,p544,77,1
0,p545,26,1
0,p546,59,1
0,p547,19,1
0,p548,77,1
0,p549,98,1
0,p550,25,1
0,p551,18,1
0,p552,11,1
0,p553,21,1
0,p554,55,1
0,p555,64,1
0,p556,63,1
0,p557,67,1
0,p558,91,1
0,p559,42,1
0,p560,38,1
0,p561,20,1
0,p562,34,1
0,p563,37,1
0,p564,58,1
0,p565,74,1
0,p566,91,1
0,p567,17,1
0,p568,49,1
0,p569,5,1
0,p570,2,1
0,p571,64,1
0,p572,46,1
0,p573,97,1
0,p574,85,1
0,p575,17,1
0,p576,91,1
0,p577,67,1
0,p578,58,1
0,p579,64,1
0,p580,33,1
0,p581,42,1
0,p582,71,1
0,p583,12,1
0,p584,49,1
0,p585,61,1
0,p586,43,1
0,p587,84,1
0,p588,96,1
0,p589,18,1
0,p590,36,1
0,p591,80,1
0,p592,92,1
0,p593,54,1
0,p594,95,1
0,p595,32,1
0,p596,96,1
0,p597,96,1
0,p598,13,1
0,p599,68,1
0,p600,56,1
0,p601,14,1
0,p602,16,1
0,p603,93,1
0,p604,14,1
0,p605,47,1
0,p606,77,1
0,p607,11,1
0,p608,98,1
0,p609,33,1
0,p610,10,1
0,p611,75,1
0,p612,51,1
0,p613,64,1
0,p614,35,1
0,p615,84,1
0,p616,92,1
0,p617,99,1
0,p618,20,1
0,p619,33,1
0,p620,72,1
0,p621,62,1
0,p622,78,1
0,p623,16,1
0,p624,86,1
0,p625,29,1
0,p626,95,1
0,p627,85,1
0,p628,47,1
0,p629,53,1
0,p630,64,1
0,p631,16,1
0,p632,47,1
0,p633,31,1
0,p634,24,1
0,p635,17,1
0,p636,42,1
0,p637,34,1
0,p638,52,1
0,p639,65,1
0,p640,97,1
0,p641,59,1
0,p642,21,1
0,p643,48,1
0,p644,2,1
0,p645,33,1
0,p646,76,1
0,p647,67,1
0,p648,50,1
0,p649,7,1
0,p650,75,1
0,p651,14,1
0,p652,13,1
0,p653,99,1
0,p654,45,1
0,p655,37,1
0,p656,49,1
0,p657,28,1
0,p658,6,1
0,p659,81,1
0,p660,86,1
0,p661,59,1
0,p662,79,1
0,p663,57,1
0,p664,39,1
0,p665,73,1
0,p666,50,1
0,p667,40,1
0,p668,20,1
0,p669,9,1
0,p670,9,1
0,p671,57,1
0,p672,20,1
0,p673,50,1
0,p674,3,1
0,p675,93,1
0,p676,74,1
0,p677,77,1
0,p678,36,1
0,p679,97,1
0,p680,25,1
0,p681,76,1
0,p682,54,1
0,p683,16,1
0,p684,44,1
0,p685,22,1
0,p686,70,1
0,p687,13,1
0,p688,39,1
0,p689,23,1
0,p690,6,1
0,p691,69,1
0,p692,7,1
0,p693,75,1
0,p694,81,1
0,p695,91,1
0,p696,45,1
0,p697,37,1
0,p698,36,1
0,p699,13,1
0,p700,56,1
0,p701,2,1
0,p702,48,1
0,p703,46,1
0,p704,38,1
0,p705,26,1
0,p706,77,1
0,p707,29,1
0,p708,87,1
0,p709,28,1
0,p710,78,1
0,p711,83,1
0,p712,9,1
0,p713,91,1
0,p714,40,1
0,p715,10,1
0,p716,9,1
0,p717,98,1
0,p718,67,1
0,p719,17,1
0,p720,81,1
0,p721,76,1
0,p722,22,1
0,p723,72,1
0,p724,94,1
0,p725,55,1
0,p726,15,1
0,p727,67,1
0,p728,83,1
0,p729,42,1
0,p730,28,1
0,p731,29,1
0,p732,96,1
0,p733,90,1
0,p734,18,1
0,p735,62,1
0,p736,42,1
0,p737,6,1
0,p738,9,1
0,p739,97,1
0,p740,37,1
0,p741,68,1
0,p742,27,1
0,p743,98,1
0,p744,41,1
0,p745,6,1
0,p746,85,1
0,p747,33,1
0,p748,6,1
0,p749,59,1
0,p750,54,1
0,p751,85,1
0,p752,41,1
0,p753,44,1
0,p754,37,1
0,p755,73,1
0,p756,67,1
0,p757,17,1
0,p758,57,1
0,p759,65,1
0,p760,58,1
0,p761,90,1
0,p762,71,1
0,p763,36,1
0,p764,28,1
0,p765,3,1
0,p766,94,1
0,p767,74,1
0,p768,25,1
0,p769,45,1
0,p770,14,1
0,p771,61,1
0,p772,26,1
0,p773,93,1
0,p774,76,1
0,p775,15,1
0,p776,60,1
0,p777,16,1
0,p778,72,1
0,p779,80,1
0,p780,89,1
0,p781,100,1
0,p782,96,1
0,p783,7,1
0,p784,68,1
0,p785,35,1
0,p786,7,1
0,p787,94,1
0,p788,56,1
0,p789,24,1
0,p790,30,1
0,p791,66,1
0,p792,2,1
0,p793,65,1
0,p794,88,1
0,p795,70,1
0,p796,44,1
0,p797,28,1
0,p798,56,1
0,p799,96,1
0,p800,78,1
0,p801,18,1
0,p802,7,1
0,p803,7,1
0,p804,27,1
0,p805,12,1
0,p806,92,1
0,p807,33,1
0,p808,87,1
0,p809,19,1
0,p810,58,1
0,p811,71,1
0,p812,76,1
0,p813,84,1
0,p814,26,1
0,p815,58,1
0,p816,46,1
0,p817,77,1
0,p818,28,1
0,p819,89,1
0,p820,13,1
0,p821,62,1
0,p822,49,1
0,p823,76,1
0,p824,93,1
0,p825,29,1
0,p826,6,1
0,p827,6,1
0,p828,85,1
0,p829,44,1
0,p830,73,1
0,p831,2,1
0,p832,52,1
0,p833,99,1
0,p834,11,1
0,p835,19,1
0,p836,9,1
0,p837,49,1
0,p838,70,1
0,p839,83,1
0,p840,25,1
0,p841,26,1
0,p842,31,1
0,p843,90,1
0,p844,25,1
0,p845,78,1
0,p846,66,1
0,p847,25,1
0,p848,31,1
0,p849,65,1
0,p850,21,1
0,p851,100,1
0,p852,31,1
0,p853,61,1
0,p854,36,1
0,p855,3,1
0,p856,28,1
0,p857,75,1
0,p858,94,1
0,p859,32,1
0,p860,94,1
0,p861,89,1
0,p862,99,1
0,p863,63,1
0,p864,33,1
0,p865,96,1
0,p866,83,1
0,p867,88,1
0,p868,57,1
0,p869,4,1
0,p870,38,1
0,p871,3,1
0,p872,91,1
0,p873,2,1
0,p874,68,1
0,p875,37,1
0,p876,79,1
0,p877,98,1
0,p878,72,1
0,p879,43,1
0,p880,69,1
0,p881,93,1
0,p882,31,1
0,p883,47,1
0,p884,11,1
0,p885,50,1
0,p886,95,1
0,p887,49,1
0,p888,75,1
0,p889,31,1
0,p890,83,1
0,p891,93,1
0,p892,52,1
0,p893,42,1
0,p894,61,1
0,p895,25,1
0,p896,30,1
0,p897,12,1
0,p898,48,1
0,p899,98,1
0,p900,18,1
0,p901,75,1
0,p902,52,1
0,p903,51,1
0,p904,97,1
0,p905,33,1
0,p906,55,1
0,p907,55,1
0,p908,85,1
0,p909,87,1
0,p910,22,1
0,p911,96,1
0,p912,81,1
0,p913,69,1
0,p914,94,1
0,p915,2,1
0,p916,36,1
0,p917,60,1
0,p918,46,1
0,p919,81,1
0,p920,46,1
0,p921,32,1
0,p922,40,1
0,p923,48,1
0,p924,69,1
0,p925,65,1
0,p926,71,1
0,p927,50,1
0,p928,5,1
0,p929,30,1
0,p930,24,1
0,p931,96,1
0,p932,66,1
0,p933,94,1
0,p934,8,1
0,p935,55,1
0,p936,81,1
0,p937,13,1
0,p938,75,1
0,p939,12,1
0,p940,44,1
0,p941,13,1
0,p942,64,1
0,p943,88,1
0,p944,51,1
0,p945,92,1
0,p946,54,1
0,p947,12,1
0,p948,51,1
0,p949,93,1
0,p950,38,1
0,p951,23,1
0,p952,36,1
0,p953,98,1
0,p954,93,1
0,p955,56,1
0,p956,71,1
0,p957,97,1
0,p958,13,1
0,p959,59,1
0,p960,16,1
0,p961,35,1
0,p962,41,1
0,p963,16,1
0,p964,71,1
0,p965,17,1
0,p966,92,1
0,p967,100,1
0,p968,79,1
0,p969,68,1
0,p970,69,1
0,p971,56,1
0,p972,68,1
0,p973,71,1
0,p974,91,1
0,p975,96,1
0,p976,41,1
0,p977,30,1
0,p978,91,1
0,p979,74,1
0,p980,96,1
0,p981,68,1
0,p982,29,1
0,p983,39,1
0,p984,62,1
0,p985,54,1
0,p986,8,1
0,p987,48,1
0,p988,24,1
0,p989,62,1
0,p990,93,1
0,p991,69,1
0,p992,4,1
0,p993,50,1
0,p994,71,1
0,p995,70,1
0,p996,73,1
0,p997,35,1
0,p998,29,1
0,p999,13,1
0,p1000,66,1
0,p1001,18,1
0,p1002,24,1
0,p1003,41,1
0,p1004,27,1
0,p1005,99,1
0,p1006,29,1
0,p1007,10,1
0,p1008,43,1
0,p1009,71,1
0,p1010,10,1
0,p1011,44,1
0,p1012,69,1
0,p1013,3,1
0,p1014,23,1
0,p1015,21,1
0,p1016,35,1
0,p1017,66,1
0,p1018,8,1
0,p1019,45,1
0,p1020,34,1
0,p1021,3,1
0,p1022,20,1
0,p1023,60,1
0,p1024,55,1
0,p1025,43,1
0,p1026,42,1
0,p1027,65,1
0,p1028,36,1
0,p1029,45,1
0,p1030,38,1
0,p1031,95,1
0,p1032,47,1
0,p1033,36,1
0,p1034,62,1
0,p1035,82,1
0,p1036,8,1
0,p1037,64,1
0,p1038,8,1
0,p1039,40,1
0,p1040,23,1
0,p1041,2,1
0,p1042,41,1
0,p1043,16,1
0,p1044,14,1
0,p1045,59,1
0,p1046,39,1
0,p1047,40,1
0,p1048,95,1
0,p1049,56,1
0,p1050,2,1
0,p1051,85,1
0,p1052,36,1
0,p1053,28,1
0,p1054,39,1
0,p1055,89,1
0,p1056,2,1
0,p1057,11,1
0,p1058,77,1
0,p1059,76,1
0,p1060,59,1
0,p1061,46,1
0,p1062,81,1
0,p1063,6,1
0,p1064,30,1
0,p1065,80,1
0,p1066,69,1
0,p1067,86,1
0,p1068,61,1
0,p1069,100,1
0,p1070,62,1
0,p1071,56,1
0,p1072,6,1
0,p1073,23,1
0,p1074,78,1
0,p1075,76,1
0,p1076,36,1
0,p1077,10,1
0,p1078,90,1
0,p1079,61,1
0,p1080,84,1
0,p1081,20,1
0,p1082,97,1
0,p1083,11,1
0,p1084,38,1
0,p1085,83,1
0,p1086,82,1
0,p1087,52,1
0,p1088,83,1
0,p1089,55,1
0,p1090,68,1
0,p1091,57,1
0,p1092,36,1
0,p1093,90,1
0,p1094,32,1
0,p1095,94,1
0,p1096,10,1
0,p1097,77,1
0,p1098,73,1
0,p1099,44,1
0,p1100,73,1
0,p1101,83,1
0,p1102,80,1
0,p1103,8,1
0,p1104,36,1
0,p1105,60,1
0,p1106,6,1
0,p1107,63,1
0,p1108,19,1
0,p1109,63,1
0,p1110,14,1
0,p1111,2,1
0,p1112,94,1
0,p1113,34,1
0,p1114,26,1
0,p1115,10,1
0,p1116,10,1
0,p1117,3,1
0,p1118,18,1
0,p1119,63,1
0,p1120,81,1
0,p1121,68,1
0,p1122,73,1
0,p1123,32,1
0,p1124,66,1
0,p1125,19,1
0,p1126,42,1
0,p1127,90,1
0,p1128,14,1
0,p1129,33,1
0,p1130,2,1
0,p1131,72,1
0,p1132,63,1
0,p1133,62,1
0,p1134,54,1
0,p1135,85,1
0,p1136,37,1
0,p1137,98,1
0,p1138,16,1
0,p1139,19,1
0,p1140,61,1
0,p1141,68,1
0,p1142,32,1
0,p1143,35,1
0,p1144,81,1
0,p1145,82,1
0,p1146,87,1
0,p1147,32,1
0,p1148,80,1
0,p1149,59,1
0,p1150,14,1
0,p1151,10,1
0,p1152,17,1
0,p1153,29,1
0,p1154,78,1
0,p1155,97,1
0,p1156,95,1
0,p1157,7,1
0,p1158,41,1
0,p1159,32,1
0,p1160,3,1
0,p1161,54,1
0,p1162,66,1
0,p1163,84,1
0,p1164,39,1
0,p1165,66,1
0,p1166,83,1
0,p1167,54,1
0,p1168,14,1
0,p1169,89,1
0,p1170,18,1
0,p1171,42,1
0,p1172,71,1
0,p1173,14,1
0,p1174,73,1
0,p1175,74,1
0,p1176,96,1
0,p1177,81,1
0,p1178,81,1
0,p1179,58,1
0,p1180,46,1
0,p1181,33,1
0,p1182,86,1
0,p1183,26,1
0,p1184,69,1
0,p1185,91,1
0,p1186,23,1
0,p1187,90,1
0,p1188,50,1
0,p1189,74,1
0,p1190,19,1
0,p1191,62,1
0,p1192,67,1
0,p1193,22,1
0,p1194,55,1
0,p1195,20,1
0,p1196,80,1
0,p1197,57,1
0,p1198,62,1
0,p1199,68,1
0,p1200,69,1
0,p1201,35,1
0,p1202,26,1
0,p1203,61,1
0,p1204,9,1
0,p1205,88,1
0,p1206,86,1
0,p1207,78,1
0,p1208,64,1
0,p1209,95,1
0,p1210,46,1
0,p1211,72,1
0,p1212,83,1
0,p1213,15,1
0,p1214,47,1
0,p1215,29,1
0,p1216,41,1
0,p1217,30,1
0,p1218,41,1
0,p1219,52,1
0,p1220,76,1
0,p1221,20,1
0,p1222,67,1
0,p1223,96,1
0,p1224,33,1
0,p1225,84,1
0,p1226,21,1
0,p1227,45,1
0,p1228,63,1
0,p1229,64,1
0,p1230,45,1
0,p1231,98,1
0,p1232,85,1
0,p1233,96,1
0,p1234,20,1
0,p1235,39,1
0,p1236,16,1
0,p1237,35,1
0,p1238,69,1
0,p1239,47,1
0,p1240,96,1
0,p1241,28,1
0,p1242,48,1
0,p1243,42,1
0,p1244,4,1
0,p1245,80,1
0,p1246,24,1
0,p1247,18,1
0,p1248,52,1
0,p1249,38,1
0,p1250,6,1
0,p1251,86,1
0,p1252,99,1
0,p1253,32,1
0,p1254,22,1
0,p1255,92,1
0,p1256,6,1
0,p1257,12,1
0,p1258,84,1
0,p1259,15,1
0,p1260,81,1
0,p1261,91,1
0,p1262,63,1
0,p1263,74,1
0,p1264,60,1
0,p1265,55,1
0,p1266,66,1
0,p1267,20,1
0,p1268,30,1
0,p1269,47,1
0,p1270,27,1
0,p1271,15,1
0,p1272,99,1
0,p1273,22,1
0,p1274,21,1
0,p1275,86,1
0,p1276,43,1
0,p1277,62,1
0,p1278,17,1
0,p1279,62,1
0,p1280,44,1
0,p1281,74,1
0,p1282,31,1
0,p1283,49,1
0,p1284,59,1
0,p1285,25,1
0,p1286,66,1
0,p1287,36,1
0,p1288,88,1
0,p1289,60,1
0,p1290,37,1
0,p1291,62,1
0,p1292,18,1
0,p1293,42,1
0,p1294,89,1
0,p1295,45,1
0,p1296,64,1
0,p1297,48,1
0,p1298,25,1
0,p1299,95,1
0,p1300,27,1
0,p1301,83,1
0,p1302,22,1
0,p1303,17,1
0,p1304,66,1
0,p1305,88,1
0,p1306,33,1
0,p1307,69,1
0,p1308,70,1
0,p1309,14,1
0,p1310,31,1
0,p1311,12,1
0,p1312,66,1
0,p1313,37,1
0,p1314,8,1
0,p1315,16,1
0,p1316,62,1
0,p1317,73,1
0,p1318,88,1
0,p1319,36,1
0,p1320,94,1
0,p1321,45,1
0,p1322,14,1
0,p1323,38,1
0,p1324,18,1
0,p1325,96,1
0,p1326,99,1
0,p1327,30,1
0,p1328,17,1
0,p1329,35,1
0,p1330,14,1
0,p1331,52,1
0,p1332,73,1
0,p1333,89,1
0,p1334,86,1
0,p1335,87,1
0,p1336,17,1
0,p1337,37,1
0,p1338,26,1
0,p1339,42,1
0,p1340,76,1
0,p1341,12,1
0,p1342,32,1
0,p1343,49,1
0,p1344,72,1
0,p1345,3,1
0,p1346,12,1
0,p1347,57,1
0,p1348,97,1
0,p1349,28,1
0,p1350,22,1
0,p1351,36,1
0,p1352,3,1
0,p1353,16,1
0,p1354,49,1
0,p1355,26,1
0,p1356,40,1
0,p1357,5,1
0,p1358,15,1
0,p1359,79,1
0,p1360,80,1
0,p1361,26,1
0,p1362,33,1
0,p1363,49,1
0,p1364,41,1
0,p1365,60,1
0,p1366,39,1
0,p1367,91,1
0,p1368,74,1
0,p1369,98,1
0,p1370,56,1
0,p1371,23,1
0,p1372,61,1
0,p1373,71,1
0,p1374,74,1
0,p1375,70,1
0,p1376,67,1
0,p1377,69,1
0,p1378,14,1
0,p1379,14,1
0,p1380,88,1
0,p1381,92,1
0,p1382,7,1
0,p1383,75,1
0,p1384,67,1
0,p1385,6,1
0,p1386,76,1
0,p1387,70,1
0,p1388,2,1
0,p1389,29,1
0,p1390,14,1
0,p1391,75,1
0,p1392,81,1
0,p1393,73,1
0,p1394,33,1
0,p1395,39,1
0,p1396,76,1
0,p1397,94,1
0,p1398,78,1
0,p1399,19,1
0,p1400,23,1
0,p1401,51,1
0,p1402,29,1
0,p1403,59,1
0,p1404,70,1
0,p1405,21,1
0,p1406,85,1
0,p1407,91,1
0,p1408,71,1
0,p1409,9,1
0,p1410,37,1
0,p1411,13,1
0,p1412,60,1
0,p1413,90,1
0,p1414,3,1
0,p1415,86,1
0,p1416,50,1
0,p1417,51,1
0,p1418,71,1
0,p1419,91,1
0,p1420,44,1
0,p1421,91,1
0,p1422,68,1
0,p1423,3,1
0,p1424,89,1
0,p1425,84,1
0,p1426,82,1
0,p1427,60,1
0,p1428,25,1
0,p1429,48,1
0,p1430,68,1
0,p1431,92,1
0,p1432,64,1
0,p1433,53,1
0,p1434,41,1
0,p1435,89,1
0,p1436,61,1
0,p1437,81,1
0,p1438,77,1
0,p1439,98,1
0,p1440,52,1
0,p1441,71,1
0,p1442,50,1
0,p1443,51,1
0,p1444,4,1
0,p1445,23,1
0,p1446,24,1
0,p1447,58,1
0,p1448,39,1
0,p1449,52,1
0,p1450,66,1
0,p1451,61,1
0,p1452,86,1
0,p1453,75,1
0,p1454,46,1
0,p1455,19,1
0,p1456,34,1
0,p1457,57,1
0,p1458,2,1
0,p1459,7,1
0,p1460,36,1
0,p1461,13,1
0,p1462,6,1
0,p1463,69,1
0,p1464,40,1
0,p1465,95,1
0,p1466,100,1
0,p1467,6,1
0,p1468,7,1
0,p1469,75,1
0,p1470,92,1
0,p1471,23,1
0,p1472,81,1
0,p1473,93,1
0,p1474,55,1
0,p1475,100,1
0,p1476,52,1
0,p1477,13,1
0,p1478,62,1
0,p1479,20,1
0,p1480,68,1
0,p1481,78,1
0,p1482,40,1
0,p1483,64,1
0,p1484,54,1
0,p1485,89,1
0,p1486,13,1
0,p1487,6,1
0,p1488,60,1
0,p1489,40,1
0,p1490,27,1
0,p1491,98,1
0,p1492,49,1
0,p1493,50,1
0,p1494,7,1
0,p1495,71,1
0,p1496,29,1
0,p1497,46,1
0,p1498,47,1
0,p1499,76,1
0,p1500,60,1
0,p1501,35,1
0,p1502,87,1
0,p1503,29,1
0,p1504,45,1
0,p1505,48,1
0,p1506,44,1
0,p1507,82,1
0,p1508,35,1
0,p1509,88,1
0,p1510,37,1
0,p1511,11,1
0,p1512,97,1
0,p1513,76,1
0,p1514,86,1
0,p1515,6,1
0,p1516,95,1
0,p1517,39,1
0,p1518,69,1
0,p1519,27,1
0,p1520,60,1
0,p1521,95,1
0,p1522,41,1
0,p1523,73,1
0,p1524,61,1
0,p1525,36,1
0,p1526,6,1
0,p1527,74,1
0,p1528,16,1
0,p1529,95,1
0,p1530,24,1
0,p1531,99,1
0,p1532,90,1
0,p1533,32,1
0,p1534,67,1
0,p1535,62,1
0,p1536,65,1
0,p1537,58,1
0,p1538,98,1
0,p1539,26,1
0,p1540,31,1
0,p1541,98,1
0,p1542,38,1
0,p1543,21,1
0,p1544,63,1
0,p1545,49,1
0,p1546,13,1
0,p1547,76,1
0,p1548,44,1
0,p1549,8,1
0,p1550,79,1
0,p1551,86,1
0,p1552,96,1
0,p1553,22,1
0,p1554,16,1
0,p1555,26,1
0,p1556,40,1
0,p1557,69,1
0,p1558,38,1
0,p1559,75,1
0,p1560,61,1
0,p1561,18,1
0,p1562,14,1
0,p1563,41,1
0,p1564,16,1
0,p1565,12,1
0,p1566,4,1
0,p1567,72,1
0,p1568,87,1
0,p1569,40,1
0,p1570,69,1
0,p1571,33,1
0,p1572,63,1
0,p1573,22,1
0,p1574,97,1
0,p1575,69,1
0,p1576,77,1
0,p1577,85,1
0,p1578,90,1
0,p1579,4,1
0,p1580,15,1
0,p1581,48,1
0,p1582,94,1
0,p1583,96,1
0,p1584,92,1
0,p1585,55,1
0,p1586,80,1
0,p1587,86,1
0,p1588,69,1
0,p1589,59,1
0,p1590,35,1
0,p1591,64,1
0,p1592,4,1
0,p1593,37,1
0,p1594,40,1
0,p1595,81,1
0,p1596,32,1
0,p1597,51,1
0,p1598,98,1
0,p1599,69,1
0,p1600,21,1
0,p1601,69,1
0,p1602,47,1
0,p1603,28,1
0,p1604,30,1
0,p1605,81,1
0,p1606,100,1
0,p1607,4,1
0,p1608,26,1
0,p1609,24,1
0,p1610,3,1
0,p1611,21,1
0,p1612,25,1
0,p1613,85,1
0,p1614,84,1
0,p1615,96,1
0,p1616,17,1
0,p1617,57,1
0,p1618,36,1
0,p1619,93,1
0,p1620,11,1
0,p1621,10,1
0,p1622,89,1
0,p1623,27,1
0,p1624,28,1
0,p1625,80,1
0,p1626,98,1
0,p1627,63,1
0,p1628,98,1
0,p1629,33,1
0,p1630,49,1
0,p1631,35,1
0,p1632,19,1
0,p1633,91,1
0,p1634,78,1
0,p1635,19,1
0,p1636,82,1
0,p1637,83,1
0,p1638,80,1
0,p1639,100,1
0,p1640,89,1
0,p1641,47,1
0,p1642,75,1
0,p1643,55,1
0,p1644,87,1
0,p1645,22,1
0,p1646,82,1
0,p1647,35,1
0,p1648,32,1
0,p1649,4,1
0,p1650,42,1
0,p1651,91,1
0,p1652,17,1
0,p1653,82,1
0,p1654,13,1
0,p1655,43,1
0,p1656,51,1
0,p1657,3,1
0,p1658,66,1
0,p1659,95,1
0,p1660,81,1
0,p1661,75,1
0,p1662,6,1
0,p1663,90,1
0,p1664,17,1
0,p1665,60,1
0,p1666,39,1
0,p1667,86,1
0,p1668,89,1
0,p1669,31,1
0,p1670,91,1
0,p1671,8,1
0,p1672,32,1
0,p1673,50,1
0,p1674,43,1
0,p1675,85,1
0,p1676,39,1
0,p1677,75,1
0,p1678,75,1
0,p1679,63,1
0,p1680,39,1
0,p1681,35,1
0,p1682,11,1
0,p1683,95,1
0,p1684,59,1
0,p1685,78,1
0,p1686,96,1
0,p1687,42,1
0,p1688,22,1
0,p1689,24,1
0,p1690,78,1
0,p1691,46,1
0,p1692,21,1
0,p1693,89,1
0,p1694,59,1
0,p1695,62,1
0,p1696,66,1
0,p1697,43,1
0,p1698,73,1
0,p1699,25,1
0,p1700,7,1
0,p1701,23,1
0,p1702,26,1
0,p1703,93,1
0,p1704,53,1
0,p1705,100,1
0,p1706,61,1
0,p1707,73,1
0,p1708,77,1
0,p1709,10,1
0,p1710,40,1
0,p1711,12,1
0,p1712,33,1
0,p1713,98,1
0,p1714,56,1
0,p1715,22,1
0,p1716,38,1
0,p1717,18,1
0,p1718,96,1
0,p1719,42,1
0,p1720,73,1
0,p1721,9,1
0,p1722,18,1
0,p1723,73,1
0,p1724,18,1
0,p1725,43,1
0,p1726,66,1
0,p1727,73,1
0,p1728,24,1
0,p1729,9,1
0,p1730,100,1
0,p1731,7,1
0,p1732,22,1
0,p1733,35,1
0,p1734,47,1
0,p1735,79,1
0,p1736,89,1
0,p1737,27,1
0,p1738,55,1
0,p1739,91,1
0,p1740,82,1
0,p1741,100,1
0,p1742,12,1
0,p1743,36,1
0,p1744,18,1
0,p1745,7,1
0,p1746,88,1
0,p1747,88,1
0,p1748,38,1
0,p1749,68,1
0,p1750,2,1
0,p1751,47,1
0,p1752,100,1
0,p1753,99,1
0,p1754,51,1
0,p1755,33,1
0,p1756,67,1
0,p1757,56,1
0,p1758,96,1
0,p1759,86,1
0,p1760,8,1
0,p1761,63,1
0,p1762,71,1
0,p1763,33,1
0,p1764,61,1
0,p1765,59,1
0,p1766,94,1
0,p1767,95,1
0,p1768,73,1
0,p1769,93,1
0,p1770,37,1
0,p1771,4,1
0,p1772,89,1
0,p1773,21,1
0,p1774,6,1
0,p1775,45,1
0,p1776,3,1
0,p1777,12,1
0,p1778,40,1
0,p1779,30,1
0,p1780,84,1
0,p1781,50,1
0,p1782,92,1
0,p1783,56,1
0,p1784,96,1
0,p1785,56,1
0,p1786,99,1
0,p1787,11,1
0,p1788,69,1
0,p1789,2,1
0,p1790,12,1
0,p1791,59,1
0,p1792,42,1
0,p1793,20,1
0,p1794,69,1
0,p1795,64,1
0,p1796,9,1
0,p1797,22,1
0,p1798,7,1
0,p1799,93,1
0,p1800,75,1
0,p1801,68,1
0,p1802,76,1
0,p1803,19,1
0,p1804,44,1
0,p1805,77,1
0,p1806,3,1
0,p1807,61,1
0,p1808,74,1
0,p1809,71,1
0,p1810,83,1
0,p1811,11,1
0,p1812,38,1
0,p1813,69,1
0,p1814,45,1
0,p1815,36,1
0,p1816,52,1
0,p1817,18,1
0,p1818,61,1
0,p1819,98,1
0,p1820,14,1
0,p1821,60,1
0,p1822,6,1
0,p1823,26,1
0,p1824,10,1
0,p1825,66,1
0,p1826,43,1
0,p1827,75,1
0,p1828,70,1
0,p1829,74,1
0,p1830,38,1
0,p1831,85,1
0,p1832,33,1
0,p1833,28,1
0,p1834,51,1
0,p1835,28,1
0,p1836,22,1
0,p1837,55,1
0,p1838,40,1
0,p1839,20,1
0,p1840,48,1
0,p1841,97,1
0,p1842,84,1
0,p1843,10,1
0,p1844,78,1
0,p1845,69,1
0,p1846,83,1
0,p1847,34,1
0,p1848,58,1
0,p1849,11,1
0,p1850,57,1
0,p1851,71,1
0,p1852,13,1
0,p1853,56,1
0,p1854,47,1
0,p1855,48,1
0,p1856,67,1
0,p1857,65,1
0,p1858,32,1
0,p1859,35,1
0,p1860,47,1
0,p1861,52,1
0,p1862,55,1
0,p1863,65,1
0,p1864,82,1
0,p1865,38,1
0,p1866,95,1
0,p1867,58,1
0,p1868,37,1
0,p1869,94,1
0,p1870,2,1
0,p1871,96,1
0,p1872,85,1
0,p1873,47,1
0,p1874,7,1
0,p1875,45,1
0,p1876,60,1
0,p1877,3,1
0,p1878,84,1
0,p1879,51,1
0,p1880,39,1
0,p1881,31,1
0,p1882,74,1
0,p1883,78,1
0,p1884,61,1
0,p1885,61,1
0,p1886,2,1
0,p1887,76,1
0,p1888,6,1
0,p1889,77,1
0,p1890,64,1
0,p1891,45,1
0,p1892,58,1
0,p1893,32,1
0,p1894,94,1
0,p1895,21,1
0,p1896,84,1
0,p1897,13,1
0,p1898,62,1
0,p1899,28,1
0,p1900,79,1
0,p1901,74,1
0,p1902,89,1
0,p1903,99,1
0,p1904,54,1
0,p1905,47,1
0,p1906,3,1
0,p1907,16,1
0,p1908,56,1
0,p1909,21,1
0,p1910,91,1
0,p1911,31,1
0,p1912,65,1
0,p1913,34,1
0,p1914,94,1
0,p1915,62,1
0,p1916,54,1
0,p1917,89,1
0,p1918,88,1
0,p1919,87,1
0,p1920,51,1
0,p1921,9,1
0,p1922,24,1
0,p1923,36,1
0,p1924,54,1
0,p1925,91,1
0,p1926,13,1
0,p1927,96,1
0,p1928,47,1
0,p1929,57,1
0,p1930,26,1
0,p1931,89,1
0,p1932,32,1
0,p1933,95,1
0,p1934,43,1
0,p1935,29,1
0,p1936,21,1
0,p1937,41,1
0,p1938,50,1
0,p1939,71,1
0,p1940,72,1
0,p1941,85,1
0,p1942,71,1
0,p1943,52,1
0,p1944,24,1
0,p1945,48,1
0,p1946,61,1
0,p1947,24,1
0,p1948,69,1
0,p1949,62,1
0,p1950,57,1
0,p1951,42,1
0,p1952,52,1
0,p1953,22,1
0,p1954,16,1
0,p1955,29,1
0,p1956,54,1
0,p1957,91,1
0,p1958,36,1
0,p1959,67,1
0,p1960,73,1
0,p1961,100,1
0,p1962,35,1
0,p1963,32,1
0,p1964,40,1
0,p1965,45,1
0,p1966,13,1
0,p1967,8,1
0,p1968,23,1
0,p1969,42,1
0,p1970,82,1
0,p1971,97,1
0,p1972,76,1
0,p1973,93,1
0,p1974,84,1
0,p1975,24,1
0,p1976,77,1
0,p1977,92,1
0,p1978,19,1
0,p1979,17,1
0,p1980,23,1
0,p1981,23,1
0,p1982,94,1
0,p1983,84,1
0,p1984,28,1
0,p1985,87,1
0,p1986,56,1
0,p1987,86,1
0,p1988,22,1
0,p1989,94,1
0,p1990,49,1
0,p1991,34,1
0,p1992,76,1
0,p1993,28,1
0,p1994,8,1
0,p1995,38,1
0,p1996,13,1
0,p1997,42,1
0,p1998,35,1
0,p1999,22,1
0,p2000,45,1
0,p2001,54,1
0,p2002,21,1
0,p2003,7,1
0,p2004,66,1
0,p2005,83,1
0,p2006,85,1
0,p2007,91,1
0,p2008,26,1
0,p2009,100,1
0,p2010,94,1
0,p2011,35,1
0,p2012,80,1
0,p2013,6,1
0,p2014,79,1
0,p2015,46,1
0,p2016,2,1
0,p2017,80,1
0,p2018,78,1
0,p2019,39,1
0,p2020,51,1
0,p2021,5,1
0,p2022,65,1
0,p2023,80,1
0,p2024,7,1
0,p2025,59,1
0,p2026,64,1
0,p2027,100,1
0,p2028,81,1
0,p2029,49,1
0,p2030,90,1
0,p2031,49,1
0,p2032,55,1
0,p2033,22,1
0,p2034,24,1
0,p2035,85,1
0,p2036,87,1
0,p2037,5,1
0,p2038,54,1
0,p2039,20,1
0,p2040,38,1
0,p2041,13,1
0,p2042,89,1
0,p2043,16,1
0,p2044,52,1
0,p2045,39,1
0,p2046,23,1
0,p2047,23,1
0,p2048,84,1
0,p2049,15,1
0,p2050,69,1
0,p2051,96,1
0,p2052,17,1
0,p2053,45,1
0,p2054,25,1
0,p2055,93,1
0,p2056,45,1
0,p2057,13,1
0,p2058,31,1
0,p2059,92,1
0,p2060,83,1
0,p2061,66,1
0,p2062,100,1
0,p2063,35,1
0,p2064,53,1
0,p2065,95,1
0,p2066,87,1
0,p2067,12,1
0,p2068,95,1
0,p2069,25,1
0,p2070,68,1
0,p2071,69,1
0,p2072,60,1
0,p2073,50,1
0,p2074,2,1
0,p2075,21,1
0,p2076,6,1
0,p2077,86,1
0,p2078,24,1
0,p2079,93,1
0,p2080,4,1
0,p2081,32,1
0,p2082,45,1
0,p2083,63,1
0,p2084,47,1
0,p2085,39,1
0,p2086,37,1
0,p2087,34,1
0,p2088,10,1
0,p2089,58,1
0,p2090,64,1
0,p2091,15,1
0,p2092,37,1
0,p2093,32,1
0,p2094,100,1
0,p2095,50,1
0,p2096,29,1
0,p2097,92,1
0,p2098,59,1
0,p2099,2,1
0,p2100,20,1
0,p2101,11,1
0,p2102,59,1
0,p2103,27,1
0,p2104,53,1
0,p2105,87,1
0,p2106,67,1
0,p2107,81,1
0,p2108,27,1
0,p2109,2,1
0,p2110,6,1
0,p2111,67,1
0,p2112,19,1
0,p2113,65,1
0,p2114,64,1
0,p2115,74,1
0,p2116,73,1
0,p2117,34,1
0,p2118,95,1
0,p2119,77,1
0,p2120,27,1
0,p2121,9,1
0,p2122,53,1
0,p2123,23,1
0,p2124,97,1
0,p2125,55,1
0,p2126,67,1
0,p2127,14,1
0,p2128,41,1
0,p2129,26,1
0,p2130,15,1
0,p2131,63,1
0,p2132,82,1
0,p2133,75,1
0,p2134,70,1
0,p2135,98,1
0,p2136,36,1
0,p2137,94,1
0,p2138,14,1
0,p2139,51,1
0,p2140,45,1
0,p2141,6,1
0,p2142,87,1
0,p2143,62,1
0,p2144,99,1
0,p2145,76,1
0,p2146,71,1
0,p2147,89,1
0,p2148,44,1
0,p2149,14,1
0,p2150,62,1
0,p2151,72,1
0,p2152,72,1
0,p2153,100,1
0,p2154,53,1
0,p2155,4,1
0,p2156,72,1
0,p2157,54,1
0,p2158,73,1
0,p2159,50,1
0,p2160,10,1
0,p2161,7,1
0,p2162,75,1
0,p2163,69,1
0,p2164,25,1
0,p2165,72,1
0,p2166,58,1
0,p2167,36,1
0,p2168,84,1
0,p2169,87,1
0,p2170,25,1
0,p2171,81,1
0,p2172,9,1
0,p2173,13,1
0,p2174,57,1
0,p2175,6,1
0,p2176,77,1
0,p2177,25,1
0,p2178,92,1
0,p2179,60,1
0,p2180,11,1
0,p2181,75,1
0,p2182,26,1
0,p2183,90,1
0,p2184,86,1
0,p2185,37,1
0,p2186,60,1
0,p2187,52,1
0,p2188,96,1
0,p2189,50,1
0,p2190,77,1
0,p2191,52,1
0,p2192,65,1
0,p2193,55,1
0,p2194,74,1
0,p2195,68,1
0,p2196,24,1
0,p2197,93,1
0,p2198,97,1
0,p2199,95,1
0,p2200,7,1
0,p2201,75,1
0,p2202,55,1
0,p2203,44,1
0,p2204,80,1
0,p2205,8,1
0,p2206,95,1
0,p2207,47,1
0,p2208,40,1
0,p2209,58,1
0,p2210,100,1
0,p2211,72,1
0,p2212,16,1
0,p2213,12,1
0,p2214,31,1
0,p2215,64,1
0,p2216,82,1
0,p2217,51,1
0,p2218,69,1
0,p2219,85,1
0,p2220,47,1
0,p2221,49,1
0,p2222,59,1
0,p2223,93,1
0,p2224,35,1
0,p2225,25,1
0,p2226,89,1
0,p2227,79,1
0,p2228,99,1
0,p2229,76,1
0,p2230,7,1
0,p2231,61,1
0,p2232,14,1
0,p2233,19,1
0,p2234,31,1
0,p2235,43,1
0,p2236,70,1
0,p2237,53,1
0,p2238,35,1
0,p2239,5,1
0,p2240,50,1
0,p2241,54,1
0,p2242,10,1
0,p2243,30,1
0,p2244,83,1
0,p2245,24,1
0,p2246,25,1
0,p2247,33,1
0,p2248,60,1
0,p2249,98,1
0,p2250,78,1
0,p2251,93,1
0,p2252,68,1
0,p2253,35,1
0,p2254,47,1
0,p2255,43,1
0,p2256,84,1
0,p2257,22,1
0,p2258,8,1
0,p2259,26,1
0,p2260,63,1
0,p2261,72,1
0,p2262,67,1
0,p2263,19,1
0,p2264,91,1
0,p2265,41,1
0,p2266,46,1
0,p2267,23,1
0,p2268,11,1
0,p2269,6,1
0,p2270,77,1
0,p2271,47,1
0,p2272,96,1
0,p2273,20,1
0,p2274,47,1
0,p2275,79,1
0,p2276,47,1
0,p2277,25,1
0,p2278,24,1
0,p2279,8,1
0,p2280,73,1
0,p2281,8,1
0,p2282,99,1
0,p2283,75,1
0,p2284,43,1
0,p2285,86,1
0,p2286,12,1
0,p2287,13,1
0,p2288,27,1
0,p2289,29,1
0,p2290,76,1
0,p2291,21,1
0,p2292,83,1
0,p2293,13,1
0,p2294,58,1
0,p2295,75,1
0,p2296,21,1
0,p2297,4,1
0,p2298,82,1
0,p2299,42,1
0,p2300,66,1
0,p2301,98,1
0,p2302,25,1
0,p2303,21,1
0,p2304,56,1
0,p2305,100,1
0,p2306,33,1
0,p2307,46,1
0,p2308,28,1
0,p2309,65,1
0,p2310,8,1
0,p2311,88,1
0,p2312,15,1
0,p2313,78,1
0,p2314,52,1
0,p2315,74,1
0,p2316,43,1
0,p2317,18,1
0,p2318,66,1
0,p2319,76,1
0,p2320,16,1
0,p2321,30,1
0,p2322,57,1
0,p2323,49,1
0,p2324,82,1
0,p2325,100,1
0,p2326,71,1
0,p2327,12,1
0,p2328,60,1
0,p2329,12,1
0,p2330,47,1
0,p2331,91,1
0,p2332,35,1
0,p2333,72,1
0,p2334,29,1
0,p2335,20,1
0,p2336,81,1
0,p2337,61,1
0,p2338,37,1
0,p2339,87,1
0,p2340,30,1
0,p2341,31,1
0,p2342,74,1
0,p2343,5,1
0,p2344,24,1
0,p2345,2,1
0,p2346,53,1
0,p2347,20,1
0,p2348,12,1
0,p2349,50,1
0,p2350,7,1
0,p2351,61,1
0,p2352,43,1
0,p2353,91,1
0,p2354,78,1
0,p2355,44,1
0,p2356,80,1
0,p2357,13,1
0,p2358,79,1
0,p2359,70,1
0,p2360,91,1
0,p2361,93,1
0,p2362,83,1
0,p2363,91,1
0,p2364,66,1
0,p2365,6,1
0,p2366,91,1
0,p2367,15,1
0,p2368,2,1
0,p2369,24,1
0,p2370,51,1
0,p2371,71,1
0,p2372,94,1
0,p2373,95,1
0,p2374,3,1
0,p2375,65,1
0,p2376,75,1
0,p2377,86,1
0,p2378,50,1
0,p2379,21,1
0,p2380,92,1
0,p2381,81,1
0,p2382,46,1
0,p2383,79,1
0,p2384,48,1
0,p2385,9,1
0,p2386,55,1
0,p2387,84,1
0,p2388,48,1
0,p2389,82,1
0,p2390,92,1
0,p2391,61,1
0,p2392,61,1
0,p2393,60,1
0,p2394,92,1
0,p2395,96,1
0,p2396,72,1
0,p2397,26,1
0,p2398,65,1
0,p2399,64,1
0,p2400,65,1
0,p2401,35,1
0,p2402,83,1
0,p2403,70,1
0,p2404,41,1
0,p2405,70,1
0,p2406,88,1
0,p2407,17,1
0,p2408,92,1
0,p2409,88,1
0,p2410,6,1
0,p2411,62,1
0,p2412,54,1
0,p2413,93,1
0,p2414,72,1
0,p2415,37,1
0,p2416,45,1
0,p2417,2,1
0,p2418,93,1
0,p2419,78,1
0,p2420,95,1
0,p2421,36,1
0,p2422,88,1
0,p2423,23,1
0,p2424,64,1
0,p2425,53,1
0,p2426,16,1
0,p2427,17,1
0,p2428,8,1
0,p2429,8,1
0,p2430,12,1
0,p2431,36,1
0,p2432,64,1
0,p2433,16,1
0,p2434,64,1
0,p2435,53,1
0,p2436,34,1
0,p2437,37,1
0,p2438,81,1
0,p2439,91,1
0,p2440,69,1
0,p2441,24,1
0,p2442,44,1
0,p2443,99,1
0,p2444,47,1
0,p2445,15,1
0,p2446,100,1
0,p2447,83,1
0,p2448,47,1
0,p2449,10,1
0,p2450,80,1
0,p2451,9,1
0,p2452,96,1
0,p2453,51,1
0,p2454,51,1
0,p2455,57,1
0,p2456,13,1
0,p2457,60,1
0,p2458,20,1
0,p2459,65,1
0,p2460,80,1
0,p2461,83,1
0,p2462,13,1
0,p2463,75,1
0,p2464,13,1
0,p2465,86,1
0,p2466,54,1
0,p2467,19,1
0,p2468,87,1
0,p2469,93,1
0,p2470,33,1
0,p2471,90,1
0,p2472,82,1
0,p2473,58,1
0,p2474,57,1
0,p2475,48,1
0,p2476,57,1
0,p2477,47,1
0,p2478,85,1
0,p2479,9,1
0,p2480,94,1
0,p2481,40,1
0,p2482,38,1
0,p2483,73,1
0,p2484,17,1
0,p2485,97,1
0,p2486,70,1
0,p2487,20,1
0,p2488,26,1
0,p2489,58,1
0,p2490,14,1
0,p2491,97,1
0,p2492,2,1
0,p2493,57,1
0,p2494,100,1
0,p2495,89,1
0,p2496,4,1
0,p2497,24,1
0,p2498,27,1
0,p2499,46,1
0,p2500,61,1
0,p2501,52,1
0,p2502,71,1
0,p2503,79,1
0,p2504,46,1
0,p2505,33,1
0,p2506,32,1
0,p2507,59,1
0,p2508,57,1
0,p2509,80,1
0,p2510,15,1
0,p2511,76,1
0,p2512,73,1
0,p2513,55,1
0,p2514,10,1
0,p2515,47,1
0,p2516,52,1
0,p2517,35,1
0,p2518,9,1
0,p2519,68,1
0,p2520,7,1
0,p2521,45,1
0,p2522,74,1
0,p2523,86,1
0,p2524,20,1
0,p2525,69,1
0,p2526,85,1
0,p2527,44,1
0,p2528,38,1
0,p2529,68,1
0,p2530,39,1
0,p2531,49,1
0,p2532,8,1
0,p2533,6,1
0,p2534,37,1
0,p2535,60,1
0,p2536,84,1
0,p2537,44,1
0,p2538,41,1
0,p2539,5,1
0,p2540,31,1
0,p2541,60,1
0,p2542,96,1
0,p2543,100,1
0,p2544,30,1
0,p2545,94,1
0,p2546,21,1
0,p2547,13,1
0,p2548,29,1
0,p2549,87,1
0,p2550,64,1
0,p2551,12,1
0,p2552,28,1
0,p2553,57,1
0,p2554,16,1
0,p2555,51,1
0,p2556,4,1
0,p2557,13,1
0,p2558,81,1
0,p2559,12,1
0,p2560,9,1
0,p2561,53,1
0,p2562,74,1
0,p2563,34,1
0,p2564,33,1
0,p2565,30,1
0,p2566,91,1
0,p2567,30,1
0,p2568,5,1
0,p2569,73,1
0,p2570,81,1
0,p2571,33,1
0,p2572,74,1
0,p2573,20,1
0,p2574,19,1
0,p2575,76,1
0,p2576,72,1
0,p2577,92,1
0,p2578,8,1
0,p2579,78,1
0,p2580,5,1
0,p2581,23,1
0,p2582,13,1
0,p2583,72,1
0,p2584,51,1
0,p2585,64,1
0,p2586,13,1
0,p2587,85,1
0,p2588,96,1
0,p2589,72,1
0,p2590,11,1
0,p2591,33,1
0,p2592,66,1
0,p2593,70,1
0,p2594,46,1
0,p2595,69,1
0,p2596,25,1
0,p2597,88,1
0,p2598,15,1
0,p2599,84,1
0,p2600,6,1
0,p2601,38,1
0,p2602,50,1
0,p2603,79,1
0,p2604,18,1
0,p2605,63,1
0,p2606,27,1
0,p2607,66,1
0,p2608,42,1
0,p2609,25,1
0,p2610,6,1
0,p2611,12,1
0,p2612,92,1
0,p2613,31,1
0,p2614,56,1
0,p2615,5,1
0,p2616,71,1
0,p2617,85,1
0,p2618,79,1
0,p2619,41,1
0,p2620,50,1
0,p2621,80,1
0,p2622,9,1
0,p2623,11,1
0,p2624,82,1
0,p2625,73,1
0,p2626,93,1
0,p2627,66,1
0,p2628,51,1
0,p2629,89,1
0,p2630,78,1
0,p2631,33,1
0,p2632,12,1
0,p2633,18,1
0,p2634,2,1
0,p2635,56,1
0,p2636,65,1
0,p2637,12,1
0,p2638,30,1
0,p2639,76,1
0,p2640,19,1
0,p2641,41,1
0,p2642,15,1
0,p2643,58,1
0,p2644,55,1
0,p2645,94,1
0,p2646,35,1
0,p2647,28,1
0,p2648,42,1
0,p2649,70,1
0,p2650,82,1
0,p2651,21,1
0,p2652,96,1
0,p2653,32,1
0,p2654,95,1
0,p2655,8,1
0,p2656,27,1
0,p2657,87,1
0,p2658,39,1
0,p2659,71,1
0,p2660,7,1
0,p2661,76,1
0,p2662,71,1
0,p2663,18,1
0,p2664,8,1
0,p2665,75,1
0,p2666,36,1
0,p2667,40,1
0,p2668,14,1
0,p2669,13,1
0,p2670,90,1
0,p2671,13,1
0,p2672,12,1
0,p2673,38,1
0,p2674,60,1
0,p2675,36,1
0,p2676,49,1
0,p2677,18,1
0,p2678,13,1
0,p2679,53,1
0,p2680,21,1
0,p2681,37,1
0,p2682,32,1
0,p2683,65,1
0,p2684,43,1
0,p2685,99,1
0,p2686,39,1
0,p2687,6,1
0,p2688,45,1
0,p2689,94,1
0,p2690,20,1
0,p2691,7,1
0,p2692,61,1
0,p2693,54,1
0,p2694,47,1
0,p2695,43,1
0,p2696,6,1
0,p2697,22,1
0,p2698,51,1
0,p2699,35,1
0,p2700,5,1
0,p2701,77,1
0,p2702,83,1
0,p2703,5,1
0,p2704,87,1
0,p2705,14,1
0,p2706,46,1
0,p2707,99,1
0,p2708,32,1
0,p2709,74,1
0,p2710,19,1
0,p2711,65,1
0,p2712,70,1
0,p2713,86,1
0,p2714,47,1
0,p2715,43,1
0,p2716,83,1
0,p2717,67,1
0,p2718,100,1
0,p2719,91,1
0,p2720,26,1
0,p2721,38,1
0,p2722,70,1
0,p2723,81,1
0,p2724,76,1
0,p2725,61,1
0,p2726,5,1
0,p2727,98,1
0,p2728,40,1
0,p2729,46,1
0,p2730,72,1
0,p2731,17,1
0,p2732,67,1
0,p2733,3,1
0,p2734,18,1
0,p2735,39,1
0,p2736,81,1
0,p2737,27,1
0,p2738,79,1
0,p2739,85,1
0,p2740,76,1
0,p2741,82,1
0,p2742,13,1
0,p2743,34,1
0,p2744,96,1
0,p2745,45,1
0,p2746,29,1
0,p2747,18,1
0,p2748,52,1
0,p2749,65,1
0,p2750,6,1
0,p2751,14,1
0,p2752,83,1
0,p2753,37,1
0,p2754,6,1
0,p2755,49,1
0,p2756,18,1
0,p2757,16,1
0,p2758,85,1
0,p2759,36,1
0,p2760,63,1
0,p2761,36,1
0,p2762,96,1
0,p2763,5,1
0,p2764,78,1
0,p2765,61,1
0,p2766,76,1
0,p2767,84,1
0,p2768,37,1
0,p2769,98,1
0,p2770,87,1
0,p2771,90,1
0,p2772,100,1
0,p2773,84,1
0,p2774,88,1
0,p2775,91,1
0,p2776,63,1
0,p2777,69,1
0,p2778,70,1
0,p2779,2,1
0,p2780,3,1
0,p2781,66,1
0,p2782,70,1
0,p2783,77,1
0,p2784,88,1
0,p2785,57,1
0,p2786,30,1
0,p2787,100,1
0,p2788,97,1
0,p2789,24,1
0,p2790,7,1
0,p2791,84,1
0,p2792,20,1
0,p2793,52,1
0,p2794,33,1
0,p2795,86,1
0,p2796,6,1
0,p2797,53,1
0,p2798,6,1
0,p2799,92,1
0,p2800,29,1
0,p2801,90,1
0,p2802,51,1
0,p2803,39,1
0,p2804,45,1
0,p2805,58,1
0,p2806,4,1
0,p2807,82,1
0,p2808,82,1
0,p2809,53,1
0,p2810,98,1
0,p2811,59,1
0,p2812,8,1
0,p2813,54,1
0,p2814,80,1
0,p2815,96,1
0,p2816,58,1
0,p2817,20,1
0,p2818,34,1
0,p2819,78,1
0,p2820,58,1
0,p2821,35,1
0,p2822,92,1
0,p2823,21,1
0,p2824,2,1
0,p2825,80,1
0,p2826,61,1
0,p2827,54,1
0,p2828,11,1
0,p2829,70,1
0,p2830,79,1
0,p2831,12,1
0,p2832,48,1
0,p2833,68,1
0,p2834,96,1
0,p2835,48,1
0,p2836,52,1
0,p2837,23,1
0,p2838,87,1
0,p2839,51,1
0,p2840,39,1
0,p2841,57,1
0,p2842,31,1
0,p2843,8,1
0,p2844,30,1
0,p2845,18,1
0,p2846,42,1
0,p2847,100,1
0,p2848,60,1
0,p2849,40,1
0,p2850,89,1
0,p2851,30,1
0,p2852,59,1
0,p2853,3,1
0,p2854,61,1
0,p2855,2,1
0,p2856,23,1
0,p2857,51,1
0,p2858,24,1
0,p2859,88,1
0,p2860,78,1
0,p2861,92,1
0,p2862,48,1
0,p2863,46,1
0,p2864,26,1
0,p2865,53,1
0,p2866,21,1
0,p2867,78,1
0,p2868,89,1
0,p2869,72,1
0,p2870,61,1
0,p2871,22,1
0,p2872,98,1
0,p2873,69,1
0,p2874,52,1
0,p2875,27,1
0,p2876,11,1
0,p2877,36,1
0,p2878,92,1
0,p2879,27,1
0,p2880,17,1
0,p2881,96,1
0,p2882,69,1
0,p2883,25,1
0,p2884,99,1
0,p2885,65,1
0,p2886,26,1
0,p2887,30,1
0,p2888,55,1
0,p2889,74,1
0,p2890,71,1
0,p2891,81,1
0,p2892,25,1
0,p2893,70,1
0,p2894,76,1
0,p2895,86,1
0,p2896,26,1
0,p2897,39,1
0,p2898,25,1
0,p2899,71,1
0,p2900,24,1
0,p2901,67,1
0,p2902,83,1
0,p2903,66,1
0,p2904,83,1
0,p2905,60,1
0,p2906,63,1
0,p2907,62,1
0,p2908,59,1
0,p2909,96,1
0,p2910,97,1
0,p2911,78,1
0,p2912,18,1
0,p2913,25,1
0,p2914,29,1
0,p2915,80,1
0,p2916,93,1
0,p2917,59,1
0,p2918,90,1
0,p2919,72,1
0,p2920,38,1
0,p2921,98,1
0,p2922,89,1
0,p2923,59,1
0,p2924,87,1
0,p2925,39,1
0,p2926,89,1
0,p2927,36,1
0,p2928,78,1
0,p2929,24,1
0,p2930,47,1
0,p2931,89,1
0,p2932,21,1
0,p2933,32,1
0,p2934,97,1
0,p2935,18,1
0,p2936,26,1
0,p2937,74,1
0,p2938,11,1
0,p2939,44,1
0,p2940,90,1
0,p2941,13,1
0,p2942,76,1
0,p2943,56,1
0,p2944,99,1
0,p2945,99,1
0,p2946,4,1
0,p2947,4,1
0,p2948,12,1
0,p2949,65,1
0,p2950,72,1
0,p2951,36,1
0,p2952,21,1
0,p2953,32,1
0,p2954,78,1
0,p2955,2,1
0,p2956,62,1
0,p2957,87,1
0,p2958,14,1
0,p2959,11,1
0,p2960,100,1
0,p2961,37,1
0,p2962,89,1
0,p2963,33,1
0,p2964,86,1
0,p2965,60,1
0,p2966,83,1
0,p2967,54,1
0,p2968,46,1
0,p2969,36,1
0,p2970,13,1
0,p2971,92,1
0,p2972,29,1
0,p2973,19,1
0,p2974,87,1
0,p2975,68,1
0,p2976,48,1
0,p2977,78,1
0,p2978,84,1
0,p2979,35,1
0,p2980,74,1
0,p2981,4,1
0,p2982,33,1
0,p2983,8,1
0,p2984,35,1
0,p2985,9,1
0,p2986,46,1
0,p2987,59,1
0,p2988,60,1
0,p2989,92,1
0,p2990,22,1
0,p2991,16,1
0,p2992,65,1
0,p2993,69,1
0,p2994,15,1
0,p2995,66,1
0,p2996,38,1
0,p2997,42,1
0,p2998,86,1
0,p2999,20,1
0,p3000,34,1
0,p3001,75,1
0,p3002,70,1
0,p3003,65,1
0,p3004,39,1
0,p3005,45,1
0,p3006,98,1
0,p3007,66,1
0,p3008,56,1
0,p3009,53,1
0,p3010,82,1
0,p3011,93,1
0,p3012,73,1
0,p3013,55,1
0,p3014,28,1
0,p3015,14,1
0,p3016,82,1
0,p3017,17,1
0,p3018,83,1
0,p3019,4,1
0,p3020,24,1
0,p3021,47,1
0,p3022,12,1
0,p3023,6,1
0,p3024,54,1
0,p3025,28,1
0,p3026,19,1
0,p3027,33,1
0,p3028,46,1
0,p3029,59,1
0,p3030,14,1
0,p3031,16,1
0,p3032,16,1
0,p3033,79,1
0,p3034,21,1
0,p3035,5,1
0,p3036,9,1
0,p3037,44,1
0,p3038,8,1
0,p3039,59,1
0,p3040,90,1
0,p3041,13,1
0,p3042,75,1
0,p3043,81,1
0,p3044,73,1
0,p3045,65,1
0,p3046,27,1
0,p3047,76,1
0,p3048,72,1
0,p3049,90,1
0,p3050,18,1
0,p3051,55,1
0,p3052,82,1
0,p3053,39,1
0,p3054,38,1
0,p3055,16,1
0,p3056,84,1
0,p3057,73,1
0,p3058,56,1
0,p3059,62,1
0,p3060,88,1
0,p3061,62,1
0,p3062,55,1
0,p3063,17,1
0,p3064,11,1
0,p3065,59,1
0,p3066,7,1
0,p3067,41,1
0,p3068,27,1
0,p3069,61,1
0,p3070,49,1
0,p3071,95,1
0,p3072,10,1
0,p3073,13,1
0,p3074,61,1
0,p3075,69,1
0,p3076,11,1
0,p3077,96,1
0,p3078,6,1
0,p3079,59,1
0,p3080,88,1
0,p3081,94,1
0,p3082,30,1
0,p3083,55,1
0,p3084,47,1
0,p3085,93,1
0,p3086,9,1
0,p3087,96,1
0,p3088,13,1
0,p3089,22,1
0,p3090,73,1
0,p3091,79,1
0,p3092,58,1
0,p3093,18,1
0,p3094,84,1
0,p3095,83,1
0,p3096,60,1
0,p3097,18,1
0,p3098,77,1
0,p3099,67,1
0,p3100,71,1
0,p3101,27,1
0,p3102,93,1
0,p3103,83,1
0,p3104,31,1
0,p3105,11,1
0,p3106,60,1
0,p3107,90,1
0,p3108,64,1
0,p3109,91,1
0,p3110,80,1
0,p3111,14,1
0,p3112,67,1
0,p3113,72,1
0,p3114,77,1
0,p3115,83,1
0,p3116,14,1
0,p3117,93,1
0,p3118,38,1
0,p3119,51,1
0,p3120,14,1
0,p3121,36,1
0,p3122,27,1
0,p3123,84,1
0,p3124,42,1
0,p3125,92,1
0,p3126,95,1
0,p3127,34,1
0,p3128,65,1
0,p3129,13,1
0,p3130,62,1
0,p3131,76,1
0,p3132,85,1
0,p3133,30,1
0,p3134,20,1
0,p3135,39,1
0,p3136,65,1
0,p3137,28,1
0,p3138,40,1
0,p3139,94,1
0,p3140,36,1
0,p3141,2,1
0,p3142,57,1
0,p3143,14,1
0,p3144,67,1
0,p3145,30,1
0,p3146,80,1
0,p3147,16,1
0,p3148,30,1
0,p3149,69,1
0,p3150,48,1
0,p3151,26,1
0,p3152,22,1
0,p3153,44,1
0,p3154,77,1
0,p3155,18,1
0,p3156,67,1
0,p3157,71,1
0,p3158,81,1
0,p3159,10,1
0,p3160,33,1
0,p3161,84,1
0,p3162,11,1
0,p3163,10,1
0,p3164,55,1
0,p3165,71,1
0,p3166,76,1
0,p3167,94,1
0,p3168,53,1
0,p3169,10,1
0,p3170,42,1
0,p3171,65,1
0,p3172,11,1
0,p3173,12,1
0,p3174,70,1
0,p3175,28,1
0,p3176,97,1
0,p3177,7,1
0,p3178,83,1
0,p3179,83,1
0,p3180,17,1
0,p3181,80,1
0,p3182,93,1
0,p3183,23,1
0,p3184,46,1
0,p3185,5,1
0,p3186,77,1
0,p3187,90,1
0,p3188,11,1
0,p3189,87,1
0,p3190,73,1
0,p3191,21,1
0,p3192,42,1
0,p3193,78,1
0,p3194,52,1
0,p3195,74,1
0,p3196,40,1
0,p3197,69,1
0,p3198,69,1
0,p3199,55,1
0,p3200,96,1
0,p3201,61,1
0,p3202,22,1
0,p3203,29,1
0,p3204,66,1
0,p3205,22,1
0,p3206,6,1
0,p3207,83,1
0,p3208,64,1
0,p3209,88,1
0,p3210,21,1
0,p3211,35,1
0,p3212,49,1
0,p3213,91,1
0,p3214,63,1
0,p3215,12,1
0,p3216,42,1
0,p3217,21,1
0,p3218,44,1
0,p3219,100,1
0,p3220,9,1
0,p3221,7,1
0,p3222,64,1
0,p3223,62,1
0,p3224,3,1
0,p3225,62,1
0,p3226,92,1
0,p3227,86,1
0,p3228,75,1
0,p3229,100,1
0,p3230,21,1
0,p3231,16,1
0,p3232,50,1
0,p3233,66,1
0,p3234,57,1
0,p3235,77,1
0,p3236,24,1
0,p3237,90,1
0,p3238,94,1
0,p3239,64,1
0,p3240,34,1
0,p3241,5,1
0,p3242,84,1
0,p3243,31,1
0,p3244,80,1
0,p3245,67,1
0,p3246,48,1
0,p3247,53,1
0,p3248,70,1
0,p3249,3,1
0,p3250,79,1
0,p3251,40,1
0,p3252,94,1
0,p3253,41,1
0,p3254,94,1
0,p3255,45,1
0,p3256,84,1
0,p3257,99,1
0,p3258,92,1
0,p3259,35,1
0,p3260,26,1
0,p3261,87,1
0,p3262,54,1
0,p3263,77,1
0,p3264,95,1
0,p3265,30,1
0,p3266,38,1
0,p3267,71,1
0,p3268,46,1
0,p3269,3,1
0,p3270,53,1
0,p3271,86,1
0,p3272,94,1
0,p3273,11,1
0,p3274,41,1
0,p3275,32,1
0,p3276,30,1
0,p3277,51,1
0,p3278,98,1
0,p3279,49,1
0,p3280,47,1
0,p3281,80,1
0,p3282,2,1
0,p3283,46,1
0,p3284,36,1
0,p3285,46,1
0,p3286,74,1
0,p3287,79,1
0,p3288,98,1
0,p3289,58,1
0,p3290,23,1
0,p3291,63,1
0,p3292,71,1
0,p3293,96,1
0,p3294,15,1
0,p3295,38,1
0,p3296,45,1
0,p3297,13,1
0,p3298,18,1
0,p3299,94,1
0,p3300,31,1
0,p3301,62,1
0,p3302,43,1
0,p3303,71,1
0,p3304,20,1
0,p3305,17,1
0,p3306,41,1
0,p3307,36,1
0,p3308,22,1
0,p3309,51,1
0,p3310,79,1
0,p3311,85,1
0,p3312,21,1
0,p3313,64,1
0,p3314,42,1
0,p3315,64,1
0,p3316,33,1
0,p3317,100,1
0,p3318,43,1
0,p3319,27,1
0,p3320,62,1
0,p3321,18,1
0,p3322,5,1
0,p3323,94,1
0,p3324,39,1
0,p3325,73,1
0,p3326,90,1
0,p3327,64,1
0,p3328,84,1
0,p3329,5,1
0,p3330,65,1
0,p3331,42,1
0,p3332,30,1
0,p3333,72,1
0,p3334,7,1
0,p3335,79,1
0,p3336,55,1
0,p3337,15,1
0,p3338,45,1
0,p3339,84,1
0,p3340,36,1
0,p3341,2,1
0,p3342,47,1
0,p3343,87,1
0,p3344,34,1
0,p3345,56,1
0,p3346,2,1
0,p3347,75,1
0,p3348,3,1
0,p3349,10,1
0,p3350,18,1
0,p3351,10,1
0,p3352,75,1
0,p3353,76,1
0,p3354,72,1
0,p3355,65,1
0,p3356,60,1
0,p3357,49,1
0,p3358,86,1
0,p3359,87,1
0,p3360,26,1
0,p3361,58,1
0,p3362,96,1
0,p3363,81,1
0,p3364,96,1
0,p3365,81,1
0,p3366,16,1
0,p3367,44,1
0,p3368,67,1
0,p3369,52,1
0,p3370,24,1
0,p3371,16,1
0,p3372,9,1
0,p3373,45,1
0,p3374,47,1
0,p3375,63,1
0,p3376,18,1
0,p3377,53,1
0,p3378,62,1
0,p3379,4,1
0,p3380,87,1
0,p3381,46,1
0,p3382,42,1
0,p3383,80,1
0,p3384,56,1
0,p3385,4,1
0,p3386,99,1
0,p3387,62,1
0,p3388,49,1
0,p3389,91,1
0,p3390,97,1
0,p3391,100,1
0,p3392,15,1
0,p3393,62,1
0,p3394,97,1
0,p3395,20,1
0,p3396,37,1
0,p3397,78,1
0,p3398,35,1
0,p3399,13,1
0,p3400,81,1
0,p3401,69,1
0,p3402,76,1
0,p3403,7,1
0,p3404,26,1
0,p3405,91,1
0,p3406,59,1
0,p3407,48,1
0,p3408,17,1
0,p3409,79,1
0,p3410,81,1
0,p3411,21,1
0,p3412,2,1
0,p3413,73,1
0,p3414,16,1
0,p3415,86,1
0,p3416,21,1
0,p3417,75,1
0,p3418,36,1
0,p3419,85,1
0,p3420,3,1
0,p3421,29,1
0,p3422,88,1
0,p3423,87,1
0,p3424,21,1
0,p3425,68,1
0,p3426,20,1
0,p3427,32,1
0,p3428,97,1
0,p3429,93,1
0,p3430,46,1
0,p3431,66,1
0,p3432,71,1
0,p3433,30,1
0,p3434,25,1
0,p3435,39,1
0,p3436,33,1
0,p3437,53,1
0,p3438,10,1
0,p3439,77,1
0,p3440,99,1
0,p3441,33,1
0,p3442,48,1
0,p3443,64,1
0,p3444,78,1
0,p3445,22,1
0,p3446,33,1
0,p3447,29,1
0,p3448,41,1
0,p3449,99,1
0,p3450,64,1
0,p3451,33,1
0,p3452,51,1
0,p3453,93,1
0,p3454,44,1
0,p3455,14,1
0,p3456,87,1
0,p3457,36,1
0,p3458,28,1
0,p3459,36,1
0,p3460,55,1
0,p3461,70,1
0,p3462,24,1
0,p3463,95,1
0,p3464,59,1
0,p3465,26,1
0,p3466,9,1
0,p3467,45,1
0,p3468,16,1
0,p3469,9,1
0,p3470,72,1
0,p3471,63,1
0,p3472,42,1
0,p3473,66,1
0,p3474,46,1
0,p3475,10,1
0,p3476,56,1
0,p3477,29,1
0,p3478,57,1
0,p3479,16,1
0,p3480,99,1
0,p3481,81,1
0,p3482,28,1
0,p3483,59,1
0,p3484,6,1
0,p3485,55,1
0,p3486,10,1
0,p3487,63,1
0,p3488,52,1
0,p3489,30,1
0,p3490,37,1
0,p3491,28,1
0,p3492,4,1
0,p3493,35,1
0,p3494,73,1
0,p3495,86,1
0,p3496,49,1
0,p3497,18,1
0,p3498,38,1
0,p3499,85,1
0,p3500,9,1
0,p3501,93,1
0,p3502,40,1
0,p3503,54,1
0,p3504,72,1
0,p3505,24,1
0,p3506,51,1
0,p3507,5,1
0,p3508,10,1
0,p3509,79,1
0,p3510,82,1
0,p3511,76,1
0,p3512,43,1
0,p3513,25,1
0,p3514,8,1
0,p3515,99,1
0,p3516,55,1
0,p3517,65,1
0,p3518,67,1
0,p3519,85,1
0,p3520,94,1
0,p3521,69,1
0,p3522,48,1
0,p3523,3,1
0,p3524,30,1
0,p3525,25,1
0,p3526,22,1
0,p3527,46,1
0,p3528,52,1
0,p3529,75,1
0,p3530,84,1
0,p3531,54,1
0,p3532,3,1
0,p3533,19,1
0,p3534,9,1
0,p3535,7,1
0,p3536,14,1
0,p3537,22,1
0,p3538,45,1
0,p3539,11,1
0,p3540,35,1
0,p3541,32,1
0,p3542,40,1
0,p3543,47,1
0,p3544,35,1
0,p3545,35,1
0,p3546,22,1
0,p3547,65,1
0,p3548,28,1
0,p3549,77,1
0,p3550,14,1
0,p3551,65,1
0,p3552,78,1
0,p3553,44,1
0,p3554,18,1
0,p3555,48,1
0,p3556,53,1
0,p3557,100,1
0,p3558,15,1
0,p3559,31,1
0,p3560,44,1
0,p3561,19,1
0,p3562,5,1
0,p3563,6,1
0,p3564,45,1
0,p3565,58,1
0,p3566,99,1
0,p3567,31,1
0,p3568,60,1
0,p3569,33,1
0,p3570,75,1
0,p3571,42,1
0,p3572,70,1
0,p3573,77,1
0,p3574,73,1
0,p3575,58,1
0,p3576,93,1
0,p3577,93,1
0,p3578,24,1
0,p3579,40,1
0,p3580,4,1
0,p3581,64,1
0,p3582,38,1
0,p3583,14,1
0,p3584,92,1
0,p3585,9,1
0,p3586,86,1
0,p3587,80,1
0,p3588,76,1
0,p3589,66,1
0,p3590,92,1
0,p3591,56,1
0,p3592,27,1
0,p3593,12,1
0,p3594,47,1
0,p3595,15,1
0,p3596,88,1
0,p3597,85,1
0,p3598,9,1
0,p3599,60,1
0,p3600,24,1
0,p3601,30,1
0,p3602,32,1
0,p3603,62,1
0,p3604,72,1
0,p3605,23,1
0,p3606,82,1
0,p3607,3,1
0,p3608,90,1
0,p3609,51,1
0,p3610,69,1
0,p3611,74,1
0,p3612,43,1
0,p3613,13,1
0,p3614,14,1
0,p3615,56,1
0,p3616,28,1
0,p3617,50,1
0,p3618,97,1
0,p3619,47,1
0,p3620,51,1
0,p3621,93,1
0,p3622,34,1
0,p3623,56,1
0,p3624,46,1
0,p3625,83,1
0,p3626,7,1
0,p3627,74,1
0,p3628,99,1
0,p3629,70,1
0,p3630,2,1
0,p3631,6,1
0,p3632,19,1
0,p3633,67,1
0,p3634,86,1
0,p3635,75,1
0,p3636,18,1
0,p3637,95,1
0,p3638,28,1
0,p3639,65,1
0,p3640,40,1
0,p3641,93,1
0,p3642,77,1
0,p3643,32,1
0,p3644,41,1
0,p3645,22,1
0,p3646,8,1
0,p3647,51,1
0,p3648,28,1
0,p3649,54,1
0,p3650,91,1
0,p3651,34,1
0,p3652,91,1
0,p3653,74,1
0,p3654,55,1
0,p3655,30,1
0,p3656,8,1
0,p3657,100,1
0,p3658,35,1
0,p3659,89,1
0,p3660,40,1
0,p3661,51,1
0,p3662,2,1
0,p3663,10,1
0,p3664,69,1
0,p3665,66,1
0,p3666,19,1
0,p3667,8,1
0,p3668,14,1
0,p3669,54,1
0,p3670,82,1
0,p3671,3,1
0,p3672,15,1
0,p3673,48,1
0,p3674,42,1
0,p3675,84,1
0,p3676,73,1
0,p3677,82,1
0,p3678,72,1
0,p3679,13,1
0,p3680,38,1
0,p3681,7,1
0,p3682,48,1
0,p3683,47,1
0,p3684,67,1
0,p3685,24,1
0,p3686,38,1
0,p3687,76,1
0,p3688,100,1
0,p3689,87,1
0,p3690,14,1
0,p3691,95,1
0,p3692,72,1
0,p3693,75,1
0,p3694,70,1
0,p3695,35,1
0,p3696,90,1
0,p3697,29,1
0,p3698,30,1
0,p3699,27,1
0,p3700,61,1
0,p3701,45,1
0,p3702,94,1
0,p3703,31,1
0,p3704,15,1
0,p3705,48,1
0,p3706,14,1
0,p3707,47,1
0,p3708,77,1
0,p3709,100,1
0,p3710,6,1
0,p3711,95,1
0,p3712,58,1
0,p3713,22,1
0,p3714,60,1
0,p3715,86,1
0,p3716,49,1
0,p3717,3,1
0,p3718,49,1
0,p3719,40,1
0,p3720,79,1
0,p3721,68,1
0,p3722,5,1
0,p3723,74,1
0,p3724,66,1
0,p3725,6,1
0,p3726,81,1
0,p3727,10,1
0,p3728,55,1
0,p3729,100,1
0,p3730,34,1
0,p3731,60,1
0,p3732,56,1
0,p3733,76,1
0,p3734,95,1
0,p3735,62,1
0,p3736,96,1
0,p3737,3,1
0,p3738,32,1
0,p3739,43,1
0,p3740,50,1
0,p3741,11,1
0,p3742,47,1
0,p3743,79,1
0,p3744,96,1
0,p3745,32,1
0,p3746,38,1
0,p3747,6,1
0,p3748,91,1
0,p3749,70,1
0,p3750,43,1
0,p3751,8,1
0,p3752,65,1
0,p3753,98,1
0,p3754,47,1
0,p3755,68,1
0,p3756,66,1
0,p3757,88,1
0,p3758,32,1
0,p3759,56,1
0,p3760,52,1
0,p3761,5,1
0,p3762,13,1
0,p3763,20,1
0,p3764,81,1
0,p3765,3,1
0,p3766,11,1
0,p3767,68,1
0,p3768,17,1
0,p3769,44,1
0,p3770,43,1
0,p3771,21,1
0,p3772,5,1
0,p3773,63,1
0,p3774,82,1
0,p3775,44,1
0,p3776,48,1
0,p3777,52,1
0,p3778,47,1
0,p3779,28,1
0,p3780,29,1
0,p3781,75,1
0,p3782,41,1
0,p3783,89,1
0,p3784,28,1
0,p3785,11,1
0,p3786,48,1
0,p3787,93,1
0,p3788,43,1
0,p3789,53,1
0,p3790,19,1
0,p3791,46,1
0,p3792,41,1
0,p3793,35,1
0,p3794,24,1
0,p3795,66,1
0,p3796,82,1
0,p3797,100,1
0,p3798,63,1
0,p3799,42,1
0,p3800,10,1
0,p3801,37,1
0,p3802,21,1
0,p3803,8,1
0,p3804,76,1
0,p3805,53,1
0,p3806,71,1
0,p3807,83,1
0,p3808,77,1
0,p3809,40,1
0,p3810,18,1
0,p3811,87,1
0,p3812,37,1
0,p3813,35,1
0,p3814,93,1
0,p3815,35,1
0,p3816,38,1
0,p3817,38,1
0,p3818,45,1
0,p3819,11,1
0,p3820,22,1
0,p3821,49,1
0,p3822,7,1
0,p3823,52,1
0,p3824,50,1
0,p3825,34,1
0,p3826,37,1
0,p3827,25,1
0,p3828,8,1
0,p3829,37,1
0,p3830,90,1
0,p3831,57,1
0,p3832,78,1
0,p3833,62,1
0,p3834,21,1
0,p3835,60,1
0,p3836,27,1
0,p3837,29,1
0,p3838,10,1
0,p3839,58,1
0,p3840,52,1
0,p3841,93,1
0,p3842,70,1
0,p3843,74,1
0,p3844,41,1
0,p3845,57,1
0,p3846,55,1
0,p3847,29,1
0,p3848,44,1
0,p3849,100,1
0,p3850,42,1
0,p3851,78,1
0,p3852,11,1
0,p3853,54,1
0,p3854,59,1
0,p3855,67,1
0,p3856,56,1
0,p3857,21,1
0,p3858,88,1
0,p3859,39,1
0,p3860,80,1
0,p3861,89,1
0,p3862,54,1
0,p3863,48,1
0,p3864,12,1
0,p3865,7,1
0,p3866,47,1
0,p3867,62,1
0,p3868,95,1
0,p3869,56,1
0,p3870,98,1
0,p3871,51,1
0,p3872,77,1
0,p3873,92,1
0,p3874,78,1
0,p3875,6,1
0,p3876,100,1
0,p3877,85,1
0,p3878,2,1
0,p3879,63,1
0,p3880,72,1
0,p3881,85,1
0,p3882,46,1
0,p3883,9,1
0,p3884,67,1
0,p3885,40,1
0,p3886,56,1
0,p3887,54,1
0,p3888,32,1
0,p3889,23,1
0,p3890,64,1
0,p3891,65,1
0,p3892,36,1
0,p3893,8,1
0,p3894,16,1
0,p3895,73,1
0,p3896,92,1
0,p3897,35,1
0,p3898,67,1
0,p3899,44,1
0,p3900,45,1
0,p3901,24,1
0,p3902,6,1
0,p3903,70,1
0,p3904,84,1
0,p3905,88,1
0,p3906,65,1
0,p3907,33,1
0,p3908,97,1
0,p3909,80,1
0,p3910,39,1
0,p3911,5,1
0,p3912,14,1
0,p3913,27,1
0,p3914,51,1
0,p3915,78,1
0,p3916,26,1
0,p3917,43,1
0,p3918,72,1
0,p3919,55,1
0,p3920,39,1
0,p3921,12,1
0,p3922,82,1
0,p3923,82,1
0,p3924,28,1
0,p3925,72,1
0,p3926,20,1
0,p3927,28,1
0,p3928,57,1
0,p3929,92,1
0,p3930,13,1
0,p3931,98,1
0,p3932,41,1
0,p3933,47,1
0,p3934,88,1
0,p3935,70,1
0,p3936,34,1
0,p3937,94,1
0,p3938,34,1
0,p3939,3,1
0,p3940,54,1
0,p3941,71,1
0,p3942,82,1
0,p3943,22,1
0,p3944,29,1
0,p3945,93,1
0,p3946,31,1
0,p3947,10,1
0,p3948,49,1
0,p3949,75,1
0,p3950,60,1
0,p3951,24,1
0,p3952,50,1
0,p3953,19,1
0,p3954,82,1
0,p3955,38,1
0,p3956,48,1
0,p3957,14,1
0,p3958,90,1
0,p3959,11,1
0,p3960,71,1
0,p3961,59,1
0,p3962,68,1
0,p3963,90,1
0,p3964,12,1
0,p3965,27,1
0,p3966,88,1
0,p3967,100,1
0,p3968,10,1
0,p3969,9,1
0,p3970,100,1
0,p3971,97,1
0,p3972,80,1
0,p3973,61,1
0,p3974,73,1
0,p3975,77,1
0,p3976,54,1
0,p3977,75,1
0,p3978,96,1
0,p3979,37,1
0,p3980,17,1
0,p3981,96,1
0,p3982,56,1
0,p3983,15,1
0,p3984,13,1
0,p3985,83,1
0,p3986,44,1
0,p3987,44,1
0,p3988,33,1
0,p3989,28,1
0,p3990,77,1
0,p3991,73,1
0,p3992,27,1
0,p3993,85,1
0,p3994,35,1
0,p3995,92,1
0,p3996,47,1
0,p3997,100,1
0,p3998,27,1
0,p3999,31,1
0,p4000,50,1
0,p4001,2,1
0,p4002,44,1
0,p4003,59,1
0,p4004,44,1
0,p4005,71,1
0,p4006,13,1
0,p4007,3,1
0,p4008,48,1
0,p4009,57,1
0,p4010,81,1
0,p4011,26,1
0,p4012,22,1
0,p4013,75,1
0,p4014,61,1
0,p4015,31,1
0,p4016,28,1
0,p4017,98,1
0,p4018,59,1
0,p4019,81,1
0,p4020,9,1
0,p4021,97,1
0,p4022,93,1
0,p4023,66,1
0,p4024,20,1
0,p4025,86,1
0,p4026,10,1
0,p4027,87,1
0,p4028,70,1
0,p4029,64,1
0,p4030,6,1
0,p4031,100,1
0,p4032,40,1
0,p4033,38,1
0,p4034,65,1
0,p4035,38,1
0,p4036,27,1
0,p4037,93,1
0,p4038,37,1
0,p4039,20,1
0,p4040,17,1
0,p4041,68,1
0,p4042,64,1
0,p4043,48,1
0,p4044,2,1
0,p4045,31,1
0,p4046,3,1
0,p4047,27,1
0,p4048,28,1
0,p4049,78,1
0,p4050,71,1
0,p4051,100,1
0,p4052,63,1
0,p4053,8,1
0,p4054,92,1
0,p4055,19,1
0,p4056,17,1
0,p4057,29,1
0,p4058,76,1
0,p4059,15,1
0,p4060,46,1
0,p4061,49,1
0,p4062,62,1
0,p4063,95,1
0,p4064,40,1
0,p4065,41,1
0,p4066,7,1
0,p4067,29,1
0,p4068,98,1
0,p4069,51,1
0,p4070,25,1
0,p4071,42,1
0,p4072,99,1
0,p4073,68,1
0,p4074,73,1
0,p4075,41,1
0,p4076,77,1
0,p4077,23,1
0,p4078,62,1
0,p4079,28,1
0,p4080,25,1
0,p4081,60,1
0,p4082,63,1
0,p4083,45,1
0,p4084,96,1
0,p4085,71,1
0,p4086,58,1
0,p4087,85,1
0,p4088,74,1
0,p4089,7,1
0,p4090,9,1
0,p4091,37,1
0,p4092,47,1
0,p4093,52,1
0,p4094,58,1
0,p4095,5,1
0,p4096,45,1
0,p4097,83,1
0,p4098,22,1
0,p4099,61,1
0,p4100,79,1
0,p4101,9,1
0,p4102,64,1
0,p4103,56,1
0,p4104,97,1
0,p4105,38,1
0,p4106,3,1
0,p4107,64,1
0,p4108,33,1
0,p4109,9,1
0,p4110,45,1
0,p4111,3,1
0,p4112,70,1
0,p4113,24,1
0,p4114,14,1
0,p4115,33,1
0,p4116,34,1
0,p4117,48,1
0,p4118,20,1
0,p4119,29,1
0,p4120,27,1
0,p4121,40,1
0,p4122,76,1
0,p4123,27,1
0,p4124,28,1
0,p4125,74,1
0,p4126,41,1
0,p4127,28,1
0,p4128,15,1
0,p4129,64,1
0,p4130,86,1
0,p4131,20,1
0,p4132,84,1
0,p4133,75,1
0,p4134,36,1
0,p4135,49,1
0,p4136,48,1
0,p4137,66,1
0,p4138,15,1
0,p4139,76,1
0,p4140,23,1
0,p4141,70,1
0,p4142,12,1
0,p4143,95,1
0,p4144,59,1
0,p4145,91,1
0,p4146,9,1
0,p4147,30,1
0,p4148,13,1
0,p4149,31,1
0,p4150,86,1
0,p4151,39,1
0,p4152,7,1
0,p4153,72,1
0,p4154,81,1
0,p4155,15,1
0,p4156,15,1
0,p4157,89,1
0,p4158,27,1
0,p4159,27,1
0,p4160,30,1
0,p4161,79,1
0,p4162,4,1
0,p4163,27,1
0,p4164,67,1
0,p4165,28,1
0,p4166,90,1
0,p4167,60,1
0,p4168,95,1
0,p4169,18,1
0,p4170,71,1
0,p4171,55,1
0,p4172,63,1
0,p4173,34,1
0,p4174,88,1
0,p4175,77,1
0,p4176,93,1
0,p4177,77,1
0,p4178,73,1
0,p4179,95,1
0,p4180,87,1
0,p4181,95,1
0,p4182,99,1
0,p4183,45,1
0,p4184,33,1
0,p4185,52,1
0,p4186,48,1
0,p4187,14,1
0,p4188,35,1
0,p4189,39,1
0,p4190,53,1
0,p4191,35,1
0,p4192,24,1
0,p4193,48,1
0,p4194,5,1
0,p4195,59,1
0,p4196,82,1
0,p4197,94,1
0,p4198,100,1
0,p4199,86,1
0,p4200,41,1
0,p4201,12,1
0,p4202,15,1
0,p4203,39,1
0,p4204,92,1
0,p4205,77,1
0,p4206,8,1
0,p4207,68,1
0,p4208,49,1
0,p4209,62,1
0,p4210,93,1
0,p4211,46,1
0,p4212,55,1
0,p4213,10,1
0,p4214,78,1
0,p4215,50,1
0,p4216,50,1
0,p4217,83,1
0,p4218,97,1
0,p4219,8,1
0,p4220,75,1
0,p4221,31,1
0,p4222,31,1
0,p4223,26,1
0,p4224,91,1
0,p4225,29,1
0,p4226,76,1
0,p4227,80,1
0,p4228,80,1
0,p4229,9,1
0,p4230,67,1
0,p4231,55,1
0,p4232,38,1
0,p4233,48,1
0,p4234,65,1
0,p4235,93,1
0,p4236,33,1
0,p4237,18,1
0,p4238,48,1
0,p4239,5,1
0,p4240,45,1
0,p4241,48,1
0,p4242,100,1
0,p4243,42,1
0,p4244,7,1
0,p4245,19,1
0,p4246,12,1
0,p4247,95,1
0,p4248,62,1
0,p4249,57,1
0,p4250,38,1
0,p4251,22,1
0,p4252,74,1
0,p4253,10,1
0,p4254,50,1
0,p4255,95,1
0,p4256,72,1
0,p4257,53,1
0,p4258,79,1
0,p4259,60,1
0,p4260,85,1
0,p4261,50,1
0,p4262,44,1
0,p4263,22,1
0,p4264,64,1
0,p4265,94,1
0,p4266,48,1
0,p4267,95,1
0,p4268,39,1
0,p4269,91,1
0,p4270,27,1
0,p4271,87,1
0,p4272,7,1
0,p4273,40,1
0,p4274,74,1
0,p4275,49,1
0,p4276,75,1
0,p4277,70,1
0,p4278,74,1
0,p4279,12,1
0,p4280,47,1
0,p4281,50,1
0,p4282,51,1
0,p4283,92,1
0,p4284,22,1
0,p4285,7,1
0,p4286,26,1
0,p4287,75,1
0,p4288,19,1
0,p4289,97,1
0,p4290,49,1
0,p4291,78,1
0,p4292,45,1
0,p4293,100,1
0,p4294,18,1
0,p4295,53,1
0,p4296,8,1
0,p4297,14,1
0,p4298,71,1
0,p4299,34,1
0,p4300,85,1
0,p4301,63,1
0,p4302,78,1
0,p4303,76,1
0,p4304,41,1
0,p4305,60,1
0,p4306,53,1
0,p4307,54,1
0,p4308,35,1
0,p4309,61,1
0,p4310,44,1
0,p4311,65,1
0,p4312,10,1
0,p4313,29,1
0,p4314,53,1
0,p4315,65,1
0,p4316,46,1
0,p4317,14,1
0,p4318,67,1
0,p4319,47,1
0,p4320,71,1
0,p4321,31,1
0,p4322,14,1
0,p4323,72,1
0,p4324,9,1
0,p4325,2,1
0,p4326,4,1
0,p4327,78,1
0,p4328,54,1
0,p4329,71,1
0,p4330,16,1
0,p4331,9,1
0,p4332,78,1
0,p4333,67,1
0,p4334,27,1
0,p4335,59,1
0,p4336,90,1
0,p4337,37,1
0,p4338,76,1
0,p4339,80,1
0,p4340,12,1
0,p4341,91,1
0,p4342,27,1
0,p4343,59,1
0,p4344,4,1
0,p4345,35,1
0,p4346,14,1
0,p4347,31,1
0,p4348,7,1
0,p4349,49,1
0,p4350,16,1
0,p4351,80,1
0,p4352,96,1
0,p4353,40,1
0,p4354,41,1
0,p4355,80,1
0,p4356,13,1
0,p4357,7,1
0,p4358,46,1
0,p4359,73,1
0,p4360,19,1
0,p4361,11,1
0,p4362,32,1
0,p4363,61,1
0,p4364,30,1
0,p4365,24,1
0,p4366,29,1
0,p4367,32,1
0,p4368,9,1
0,p4369,13,1
0,p4370,91,1
0,p4371,77,1
0,p4372,32,1
0,p4373,27,1
0,p4374,28,1
0,p4375,73,1
0,p4376,69,1
0,p4377,25,1
0,p4378,46,1
0,p4379,68,1
0,p4380,53,1
0,p4381,17,1
0,p4382,84,1
0,p4383,75,1
0,p4384,62,1
0,p4385,51,1
0,p4386,82,1
0,p4387,93,1
0,p4388,91,1
0,p4389,72,1
0,p4390,53,1
0,p4391,12,1
0,p4392,33,1
0,p4393,48,1
0,p4394,58,1
0,p4395,24,1
0,p4396,47,1
0,p4397,57,1
0,p4398,53,1
0,p4399,47,1
0,p4400,91,1
0,p4401,76,1
0,p4402,22,1
0,p4403,2,1
0,p4404,50,1
0,p4405,19,1
0,p4406,37,1
0,p4407,78,1
0,p4408,18,1
0,p4409,86,1
0,p4410,83,1
0,p4411,37,1
0,p4412,54,1
0,p4413,82,1
0,p4414,85,1
0,p4415,53,1
0,p4416,100,1
0,p4417,43,1
0,p4418,8,1
0,p4419,42,1
0,p4420,24,1
0,p4421,38,1
0,p4422,4,1
0,p4423,86,1
0,p4424,19,1
0,p4425,91,1
0,p4426,94,1
0,p4427,14,1
0,p4428,96,1
0,p4429,78,1
0,p4430,40,1
0,p4431,66,1
0,p4432,95,1
0,p4433,28,1
0,p4434,64,1
0,p4435,13,1
0,p4436,30,1
0,p4437,85,1
0,p4438,15,1
0,p4439,40,1
0,p4440,76,1
0,p4441,89,1
0,p4442,47,1
0,p4443,7,1
0,p4444,66,1
0,p4445,41,1
0,p4446,88,1
0,p4447,49,1
0,p4448,39,1
0,p4449,40,1
0,p4450,91,1
0,p4451,100,1
0,p4452,17,1
0,p4453,55,1
0,p4454,79,1
0,p4455,72,1
0,p4456,84,1
0,p4457,59,1
0,p4458,88,1
0,p4459,99,1
0,p4460,6,1
0,p4461,27,1
0,p4462,17,1
0,p4463,23,1
0,p4464,39,1
0,p4465,6,1
0,p4466,17,1
0,p4467,98,1
0,p4468,33,1
0,p4469,30,1
0,p4470,98,1
0,p4471,33,1
0,p4472,39,1
0,p4473,75,1
0,p4474,11,1
0,p4475,4,1
0,p4476,94,1
0,p4477,45,1
0,p4478,31,1
0,p4479,29,1
0,p4480,99,1
0,p4481,8,1
0,p4482,78,1
0,p4483,9,1
0,p4484,87,1
0,p4485,100,1
0,p4486,46,1
0,p4487,55,1
0,p4488,40,1
0,p4489,57,1
0,p4490,51,1
0,p4491,9,1
0,p4492,90,1
0,p4493,41,1
0,p4494,27,1
0,p4495,23,1
0,p4496,8,1
0,p4497,6,1
0,p4498,13,1
0,p4499,95,1
0,p4500,24,1
0,p4501,66,1
0,p4502,20,1
0,p4503,59,1
0,p4504,67,1
0,p4505,38,1
0,p4506,23,1
0,p4507,10,1
0,p4508,9,1
0,p4509,67,1
0,p4510,42,1
0,p4511,20,1
0,p4512,25,1
0,p4513,96,1
0,p4514,93,1
0,p4515,86,1
0,p4516,98,1
0,p4517,78,1
0,p4518,55,1
0,p4519,53,1
0,p4520,16,1
0,p4521,51,1
0,p4522,26,1
0,p4523,37,1
0,p4524,21,1
0,p4525,28,1
0,p4526,20,1
0,p4527,40,1
0,p4528,8,1
0,p4529,9,1
0,p4530,76,1
0,p4531,58,1
0,p4532,23,1
0,p4533,20,1
0,p4534,81,1
0,p4535,67,1
0,p4536,42,1
0,p4537,22,1
0,p4538,7,1
0,p4539,91,1
0,p4540,74,1
0,p4541,41,1
0,p4542,21,1
0,p4543,4,1
0,p4544,49,1
0,p4545,36,1
0,p4546,31,1
0,p4547,23,1
0,p4548,93,1
0,p4549,36,1
0,p4550,92,1
0,p4551,50,1
0,p4552,34,1
0,p4553,78,1
0,p4554,68,1
0,p4555,12,1
0,p4556,82,1
0,p4557,24,1
0,p4558,31,1
0,p4559,71,1
0,p4560,68,1
0,p4561,100,1
0,p4562,9,1
0,p4563,67,1
0,p4564,16,1
0,p4565,99,1
0,p4566,73,1
0,p4567,91,1
0,p4568,61,1
0,p4569,25,1
0,p4570,90,1
0,p4571,70,1
0,p4572,27,1
0,p4573,48,1
0,p4574,64,1
0,p4575,90,1
0,p4576,95,1
0,p4577,40,1
0,p4578,41,1
0,p4579,8,1
0,p4580,8,1
0,p4581,78,1
0,p4582,82,1
0,p4583,58,1
0,p4584,24,1
0,p4585,89,1
0,p4586,43,1
0,p4587,71,1
0,p4588,70,1
0,p4589,99,1
0,p4590,52,1
0,p4591,24,1
0,p4592,17,1
0,p4593,64,1
0,p4594,47,1
0,p4595,3,1
0,p4596,44,1
0,p4597,11,1
0,p4598,42,1
0,p4599,88,1
0,p4600,57,1
0,p4601,69,1
0,p4602,36,1
0,p4603,75,1
0,p4604,75,1
0,p4605,19,1
0,p4606,58,1
0,p4607,7,1
0,p4608,13,1
0,p4609,12,1
0,p4610,94,1
0,p4611,13,1
0,p4612,48,1
0,p4613,72,1
0,p4614,47,1
0,p4615,13,1
0,p4616,27,1
0,p4617,5,1
0,p4618,7,1
0,p4619,74,1
0,p4620,92,1
0,p4621,31,1
0,p4622,69,1
0,p4623,75,1
0,p4624,14,1
0,p4625,54,1
0,p4626,72,1
0,p4627,64,1
0,p4628,53,1
0,p4629,33,1
0,p4630,73,1
0,p4631,35,1
0,p4632,24,1
0,p4633,88,1
0,p4634,40,1
0,p4635,36,1
0,p4636,17,1
0,p4637,3,1
0,p4638,77,1
0,p4639,35,1
0,p4640,30,1
0,p4641,7,1
0,p4642,33,1
0,p4643,82,1
0,p4644,87,1
0,p4645,49,1
0,p4646,59,1
0,p4647,45,1
0,p4648,64,1
0,p4649,77,1
0,p4650,75,1
0,p4651,25,1
0,p4652,15,1
0,p4653,13,1
0,p4654,90,1
0,p4655,65,1
0,p4656,83,1
0,p4657,33,1
0,p4658,81,1
0,p4659,65,1
0,p4660,12,1
0,p4661,37,1
0,p4662,59,1
0,p4663,12,1
0,p4664,53,1
0,p4665,78,1
0,p4666,73,1
0,p4667,34,1
0,p4668,31,1
0,p4669,46,1
0,p4670,67,1
0,p4671,5,1
0,p4672,52,1
0,p4673,58,1
0,p4674,16,1
0,p4675,29,1
0,p4676,50,1
0,p4677,31,1
0,p4678,94,1
0,p4679,95,1
0,p4680,58,1
0,p4681,32,1
0,p4682,97,1
0,p4683,22,1
0,p4684,9,1
0,p4685,57,1
0,p4686,88,1
0,p4687,68,1
0,p4688,72,1
0,p4689,81,1
0,p4690,21,1
0,p4691,63,1
0,p4692,42,1
0,p4693,30,1
0,p4694,84,1
0,p4695,23,1
0,p4696,27,1
0,p4697,6,1
0,p4698,79,1
0,p4699,68,1
0,p4700,17,1
0,p4701,3,1
0,p4702,46,1
0,p4703,67,1
0,p4704,89,1
0,p4705,86,1
0,p4706,75,1
0,p4707,67,1
0,p4708,41,1
0,p4709,48,1
0,p4710,51,1
0,p4711,82,1
0,p4712,18,1
0,p4713,49,1
0,p4714,64,1
0,p4715,63,1
0,p4716,13,1
0,p4717,7,1
0,p4718,62,1
0,p4719,44,1
0,p4720,40,1
0,p4721,17,1
0,p4722,100,1
0,p4723,10,1
0,p4724,11,1
0,p4725,6,1
0,p4726,94,1
0,p4727,36,1
0,p4728,2,1
0,p4729,25,1
0,p4730,79,1
0,p4731,91,1
0,p4732,25,1
0,p4733,11,1
0,p4734,5,1
0,p4735,49,1
0,p4736,5,1
0,p4737,93,1
0,p4738,20,1
0,p4739,93,1
0,p4740,97,1
0,p4741,20,1
0,p4742,9,1
0,p4743,14,1
0,p4744,18,1
0,p4745,86,1
0,p4746,36,1
0,p4747,79,1
0,p4748,58,1
0,p4749,64,1
0,p4750,5,1
0,p4751,6,1
0,p4752,82,1
0,p4753,37,1
0,p4754,12,1
0,p4755,4,1
0,p4756,90,1
0,p4757,76,1
0,p4758,99,1
0,p4759,9,1
0,p4760,15,1
0,p4761,33,1
0,p4762,79,1
0,p4763,6,1
0,p4764,20,1
0,p4765,15,1
0,p4766,58,1
0,p4767,49,1
0,p4768,76,1
0,p4769,71,1
0,p4770,51,1
0,p4771,52,1
0,p4772,87,1
0,p4773,86,1
0,p4774,3,1
0,p4775,74,1
0,p4776,21,1
0,p4777,19,1
0,p4778,56,1
0,p4779,68,1
0,p4780,93,1
0,p4781,88,1
0,p4782,78,1
0,p4783,24,1
0,p4784,83,1
0,p4785,13,1
0,p4786,74,1
0,p4787,41,1
0,p4788,29,1
0,p4789,89,1
0,p4790,68,1
0,p4791,95,1
0,p4792,54,1
0,p4793,7,1
0,p4794,25,1
0,p4795,98,1
0,p4796,68,1
0,p4797,52,1
0,p4798,13,1
0,p4799,30,1
0,p4800,65,1
0,p4801,3,1
0,p4802,34,1
0,p4803,65,1
0,p4804,64,1
0,p4805,62,1
0,p4806,29,1
0,p4807,28,1
0,p4808,89,1
0,p4809,14,1
0,p4810,79,1
0,p4811,77,1
0,p4812,73,1
0,p4813,69,1
0,p4814,51,1
0,p4815,40,1
0,p4816,39,1
0,p4817,46,1
0,p4818,35,1
0,p4819,85,1
0,p4820,55,1
0,p4821,51,1
0,p4822,54,1
0,p4823,64,1
0,p4824,59,1
0,p4825,86,1
0,p4826,13,1
0,p4827,43,1
0,p4828,86,1
0,p4829,50,1
0,p4830,71,1
0,p4831,13,1
0,p4832,84,1
0,p4833,76,1
0,p4834,89,1
0,p4835,64,1
0,p4836,2,1
0,p4837,88,1
0,p4838,76,1
0,p4839,97,1
0,p4840,49,1
0,p4841,86,1
0,p4842,58,1
0,p4843,7,1
0,p4844,65,1
0,p4845,63,1
0,p4846,20,1
0,p4847,100,1
0,p4848,56,1
0,p4849,78,1
0,p4850,25,1
0,p4851,72,1
0,p4852,71,1
0,p4853,23,1
0,p4854,17,1
0,p4855,63,1
0,p4856,45,1
0,p4857,39,1
0,p4858,38,1
0,p4859,77,1
0,p4860,88,1
0,p4861,86,1
0,p4862,27,1
0,p4863,23,1
0,p4864,42,1
0,p4865,93,1
0,p4866,61,1
0,p4867,79,1
0,p4868,2,1
0,p4869,81,1
0,p4870,34,1
0,p4871,94,1
0,p4872,23,1
0,p4873,92,1
0,p4874,78,1
0,p4875,74,1
0,p4876,61,1
0,p4877,23,1
0,p4878,34,1
0,p4879,98,1
0,p4880,70,1
0,p4881,62,1
0,p4882,94,1
0,p4883,81,1
0,p4884,25,1
0,p4885,95,1
0,p4886,90,1
0,p4887,93,1
0,p4888,39,1
0,p4889,83,1
0,p4890,48,1
0,p4891,4,1
0,p4892,33,1
0,p4893,78,1
0,p4894,6,1
0,p4895,35,1
0,p4896,52,1
0,p4897,39,1
0,p4898,34,1
0,p4899,42,1
0,p4900,40,1
0,p4901,3,1
0,p4902,6,1
0,p4903,39,1
0,p4904,18,1
0,p4905,38,1
0,p4906,60,1
0,p4907,34,1
0,p4908,73,1
0,p4909,14,1
0,p4910,39,1
0,p4911,19,1
0,p4912,20,1
0,p4913,99,1
0,p4914,24,1
0,p4915,97,1
0,p4916,74,1
0,p4917,78,1
0,p4918,100,1
0,p4919,73,1
0,p4920,70,1
0,p4921,83,1
0,p4922,78,1
0,p4923,33,1
0,p4924,18,1
0,p4925,9,1
0,p4926,68,1
0,p4927,77,1
0,p4928,62,1
0,p4929,83,1
0,p4930,18,1
0,p4931,31,1
0,p4932,35,1
0,p4933,72,1
0,p4934,98,1
0,p4935,33,1
0,p4936,39,1
0,p4937,11,1
0,p4938,69,1
0,p4939,7,1
0,p4940,65,1
0,p4941,83,1
0,p4942,22,1
0,p4943,34,1
0,p4944,49,1
0,p4945,75,1
0,p4946,26,1
0,p4947,2,1
0,p4948,83,1
0,p4949,86,1
0,p4950,89,1
0,p4951,32,1
0,p4952,8,1
0,p4953,37,1
0,p4954,81,1
0,p4955,88,1
0,p4956,99,1
0,p4957,82,1
0,p4958,4,1
0,p4959,68,1
0,p4960,35,1
0,p4961,49,1
0,p4962,96,1
0,p4963,50,1
0,p4964,48,1
0,p4965,28,1
0,p4966,88,1
0,p4967,90,1
0,p4968,98,1
0,p4969,78,1
0,p4970,45,1
0,p4971,81,1
0,p4972,15,1
0,p4973,53,1
0,p4974,14,1
0,p4975,90,1
0,p4976,69,1
0,p4977,99,1
0,p4978,66,1
0,p4979,42,1
0,p4980,99,1
0,p4981,53,1
0,p4982,40,1
0,p4983,48,1
0,p4984,46,1
0,p4985,73,1
0,p4986,68,1
0,p4987,41,1
0,p4988,85,1
0,p4989,96,1
0,p4990,87,1
0,p4991,78,1
0,p4992,60,1
0,p4993,23,1
0,p4994,51,1
0,p4995,47,1
0,p4996,74,1
0,p4997,35,1
0,p4998,84,1
0,p4999,69,1
0,p5000,2,1
0,p5001,57,1
0,p5002,93,1
0,p5003,4,1
0,p5004,99,1
0,p5005,37,1
0,p5006,52,1
0,p5007,13,1
0,p5008,75,1
0,p5009,76,1
0,p5010,64,1
0,p5011,78,1
0,p5012,72,1
0,p5013,99,1
0,p5014,47,1
0,p5015,6,1
0,p5016,81,1
0,p5017,32,1
0,p5018,53,1
0,p5019,17,1
0,p5020,16,1
0,p5021,94,1
0,p5022,31,1
0,p5023,100,1
0,p5024,76,1
0,p5025,85,1
0,p5026,10,1
0,p5027,4,1
0,p5028,11,1
0,p5029,45,1
0,p5030,21,1
0,p5031,93,1
0,p5032,43,1
0,p5033,11,1
0,p5034,90,1
0,p5035,32,1
0,p5036,19,1
0,p5037,97,1
0,p5038,18,1
0,p5039,7,1
0,p5040,53,1
0,p5041,62,1
0,p5042,29,1
0,p5043,75,1
0,p5044,5,1
0,p5045,43,1
0,p5046,64,1
0,p5047,69,1
0,p5048,47,1
0,p5049,6,1
0,p5050,16,1
0,p5051,87,1
0,p5052,57,1
0,p5053,48,1
0,p5054,18,1
0,p5055,96,1
0,p5056,68,1
0,p5057,5,1
0,p5058,20,1
0,p5059,56,1
0,p5060,96,1
0,p5061,100,1
0,p5062,45,1
0,p5063,95,1
0,p5064,68,1
0,p5065,66,1
0,p5066,89,1
0,p5067,22,1
0,p5068,54,1
0,p5069,80,1
0,p5070,19,1
0,p5071,46,1
0,p5072,82,1
0,p5073,50,1
0,p5074,3,1
0,p5075,37,1
0,p5076,37,1
0,p5077,70,1
0,p5078,85,1
0,p5079,36,1
0,p5080,81,1
0,p5081,66,1
0,p5082,48,1
0,p5083,96,1
0,p5084,64,1
0,p5085,75,1
0,p5086,39,1
0,p5087,2,1
0,p5088,84,1
0,p5089,8,1
0,p5090,51,1
0,p5091,29,1
0,p5092,78,1
0,p5093,60,1
0,p5094,98,1
0,p5095,41,1
0,p5096,16,1
0,p5097,32,1
0,p5098,57,1
0,p5099,34,1
0,p5100,75,1
0,p5101,12,1
0,p5102,53,1
0,p5103,78,1
0,p5104,27,1
0,p5105,62,1
0,p5106,100,1
0,p5107,74,1
0,p5108,23,1
0,p5109,61,1
0,p5110,26,1
0,p5111,53,1
0,p5112,79,1
0,p5113,9,1
0,p5114,18,1
0,p5115,87,1
0,p5116,86,1
0,p5117,70,1
0,p5118,63,1
0,p5119,20,1
0,p5120,5,1
0,p5121,100,1
0,p5122,29,1
0,p5123,81,1
0,p5124,55,1
0,p5125,49,1
0,p5126,59,1
0,p5127,68,1
0,p5128,95,1
0,p5129,16,1
0,p5130,84,1
0,p5131,70,1
0,p5132,17,1
0,p5133,94,1
0,p5134,35,1
0,p5135,24,1
0,p5136,15,1
0,p5137,13,1
0,p5138,17,1
0,p5139,31,1
0,p5140,17,1
0,p5141,76,1
0,p5142,46,1
0,p5143,84,1
0,p5144,10,1
0,p5145,95,1
0,p5146,79,1
0,p5147,2,1
0,p5148,42,1
0,p5149,41,1
0,p5150,61,1
0,p5151,88,1
0,p5152,44,1
0,p5153,2,1
0,p5154,74,1
0,p5155,43,1
0,p5156,80,1
0,p5157,34,1
0,p5158,87,1
0,p5159,100,1
0,p5160,83,1
0,p5161,86,1
0,p5162,23,1
0,p5163,47,1
0,p5164,17,1
0,p5165,71,1
0,p5166,25,1
0,p5167,16,1
0,p5168,12,1
0,p5169,87,1
0,p5170,43,1
0,p5171,35,1
0,p5172,69,1
0,p5173,99,1
0,p5174,16,1
0,p5175,62,1
0,p5176,51,1
0,p5177,11,1
0,p5178,93,1
0,p5179,38,1
0,p5180,17,1
0,p5181,14,1
0,p5182,17,1
0,p5183,13,1
0,p5184,42,1
0,p5185,37,1
0,p5186,62,1
0,p5187,88,1
0,p5188,73,1
0,p5189,29,1
0,p5190,6,1
0,p5191,51,1
0,p5192,98,1
0,p5193,14,1
0,p5194,31,1
0,p5195,95,1
0,p5196,34,1
0,p5197,28,1
0,p5198,78,1
0,p5199,46,1
0,p5200,59,1
0,p5201,35,1
0,p5202,72,1
0,p5203,20,1
0,p5204,86,1
0,p5205,18,1
0,p5206,70,1
0,p5207,86,1
0,p5208,2,1
0,p5209,28,1
0,p5210,17,1
0,p5211,37,1
0,p5212,58,1
0,p5213,25,1
0,p5214,62,1
0,p5215,98,1
0,p5216,92,1
0,p5217,33,1
0,p5218,3,1
0,p5219,80,1
0,p5220,6,1
0,p5221,92,1
0,p5222,50,1
0,p5223,100,1
0,p5224,35,1
0,p5225,7,1
0,p5226,84,1
0,p5227,76,1
0,p5228,86,1
0,p5229,95,1
0,p5230,2,1
0,p5231,64,1
0,p5232,56,1
0,p5233,97,1
0,p5234,28,1
0,p5235,73,1
0,p5236,93,1
0,p5237,32,1
0,p5238,30,1
0,p5239,40,1
0,p5240,80,1
0,p5241,94,1
0,p5242,85,1
0,p5243,32,1
0,p5244,89,1
0,p5245,58,1
0,p5246,41,1
0,p5247,85,1
0,p5248,24,1
0,p5249,98,1
0,p5250,23,1
0,p5251,71,1
0,p5252,93,1
0,p5253,94,1
0,p5254,61,1
0,p5255,5,1
0,p5256,13,1
0,p5257,95,1
0,p5258,68,1
0,p5259,52,1
0,p5260,100,1
0,p5261,45,1
0,p5262,20,1
0,p5263,91,1
0,p5264,22,1
0,p5265,57,1
0,p5266,67,1
0,p5267,39,1
0,p5268,49,1
0,p5269,97,1
0,p5270,71,1
0,p5271,16,1
0,p5272,52,1
0,p5273,30,1
0,p5274,85,1
0,p5275,38,1
0,p5276,23,1
0,p5277,15,1
0,p5278,3,1
0,p5279,6,1
0,p5280,82,1
0,p5281,82,1
0,p5282,97,1
0,p5283,39,1
0,p5284,28,1
0,p5285,82,1
0,p5286,10,1
0,p5287,39,1
0,p5288,11,1
0,p5289,12,1
0,p5290,52,1
0,p5291,97,1
0,p5292,83,1
0,p5293,67,1
0,p5294,87,1
0,p5295,27,1
0,p5296,26,1
0,p5297,55,1
0,p5298,71,1
0,p5299,41,1
0,p5300,44,1
0,p5301,55,1
0,p5302,78,1
0,p5303,13,1
0,p5304,62,1
0,p5305,33,1
0,p5306,85,1
0,p5307,94,1
0,p5308,32,1
0,p5309,100,1
0,p5310,63,1
0,p5311,23,1
0,p5312,49,1
0,p5313,80,1
0,p5314,46,1
0,p5315,91,1
0,p5316,31,1
0,p5317,93,1
0,p5318,23,1
0,p5319,91,1
0,p5320,60,1
0,p5321,56,1
0,p5322,84,1
0,p5323,28,1
0,p5324,48,1
0,p5325,51,1
0,p5326,74,1
0,p5327,27,1
0,p5328,28,1
0,p5329,25,1
0,p5330,66,1
0,p5331,38,1
0,p5332,80,1
0,p5333,23,1
0,p5334,27,1
0,p5335,46,1
0,p5336,60,1
0,p5337,66,1
0,p5338,33,1
0,p5339,96,1
0,p5340,31,1
0,p5341,22,1
0,p5342,63,1
0,p5343,51,1
0,p5344,84,1
0,p5345,77,1
0,p5346,35,1
0,p5347,62,1
0,p5348,20,1
0,p5349,65,1
0,p5350,4,1
0,p5351,48,1
0,p5352,25,1
0,p5353,31,1
0,p5354,98,1
0,p5355,13,1
0,p5356,44,1
0,p5357,48,1
0,p5358,37,1
0,p5359,26,1
0,p5360,22,1
0,p5361,42,1
0,p5362,67,1
0,p5363,93,1
0,p5364,41,1
0,p5365,52,1
0,p5366,5,1
0,p5367,16,1
0,p5368,67,1
0,p5369,90,1
0,p5370,84,1
0,p5371,92,1
0,p5372,30,1
0,p5373,50,1
0,p5374,60,1
0,p5375,96,1
0,p5376,95,1
0,p5377,39,1
0,p5378,37,1
0,p5379,25,1
0,p5380,82,1
0,p5381,84,1
0,p5382,17,1
0,p5383,64,1
0,p5384,39,1
0,p5385,13,1
0,p5386,28,1
0,p5387,45,1
0,p5388,86,1
0,p5389,50,1
0,p5390,33,1
0,p5391,17,1
0,p5392,21,1
0,p5393,2,1
0,p5394,69,1
0,p5395,56,1
0,p5396,76,1
0,p5397,39,1
0,p5398,90,1
0,p5399,27,1
0,p5400,72,1
0,p5401,63,1
0,p5402,17,1
0,p5403,59,1
0,p5404,46,1
0,p5405,55,1
0,p5406,56,1
0,p5407,24,1
0,p5408,78,1
0,p5409,37,1
0,p5410,66,1
0,p5411,19,1
0,p5412,56,1
0,p5413,90,1
0,p5414,82,1
0,p5415,89,1
0,p5416,96,1
0,p5417,72,1
0,p5418,12,1
0,p5419,5,1
0,p5420,91,1
0,p5421,65,1
0,p5422,28,1
0,p5423,4,1
0,p5424,13,1
0,p5425,59,1
0,p5426,21,1
0,p5427,46,1
0,p5428,32,1
0,p5429,83,1
0,p5430,17,1
0,p5431,92,1
0,p5432,98,1
0,p5433,88,1
0,p5434,76,1
0,p5435,94,1
0,p5436,76,1
0,p5437,77,1
0,p5438,54,1
0,p5439,18,1
0,p5440,70,1
0,p5441,12,1
0,p5442,36,1
0,p5443,98,1
0,p5444,90,1
0,p5445,29,1
0,p5446,24,1
0,p5447,84,1
0,p5448,54,1
0,p5449,65,1
0,p5450,19,1
0,p5451,87,1
0,p5452,89,1
0,p5453,81,1
0,p5454,18,1
0,p5455,97,1
0,p5456,19,1
0,p5457,26,1
0,p5458,19,1
0,p5459,87,1
0,p5460,44,1
0,p5461,90,1
0,p5462,59,1
0,p5463,45,1
0,p5464,27,1
0,p5465,9,1
0,p5466,4,1
0,p5467,58,1
0,p5468,67,1
0,p5469,92,1
0,p5470,57,1
0,p5471,88,1
0,p5472,98,1
0,p5473,26,1
0,p5474,91,1
0,p5475,56,1
0,p5476,91,1
0,p5477,63,1
0,p5478,46,1
0,p5479,53,1
0,p5480,72,1
0,p5481,41,1
0,p5482,32,1
0,p5483,47,1
0,p5484,33,1
0,p5485,21,1
0,p5486,10,1
0,p5487,10,1
0,p5488,70,1
0,p5489,9,1
0,p5490,61,1
0,p5491,97,1
0,p5492,73,1
0,p5493,23,1
0,p5494,8,1
0,p5495,96,1
0,p5496,62,1
0,p5497,7,1
0,p5498,23,1
0,p5499,7,1
0,p5500,81,1
0,p5501,57,1
0,p5502,47,1
0,p5503,68,1
0,p5504,78,1
0,p5505,43,1
0,p5506,88,1
0,p5507,73,1
0,p5508,86,1
0,p5509,36,1
0,p5510,90,1
0,p5511,52,1
0,p5512,48,1
0,p5513,63,1
0,p5514,22,1
0,p5515,74,1
0,p5516,34,1
0,p5517,9,1
0,p5518,4,1
0,p5519,14,1
0,p5520,93,1
0,p5521,72,1
0,p5522,12,1
0,p5523,31,1
0,p5524,24,1
0,p5525,83,1
0,p5526,77,1
0,p5527,14,1
0,p5528,42,1
0,p5529,43,1
0,p5530,47,1
0,p5531,14,1
0,p5532,91,1
0,p5533,26,1
0,p5534,2,1
0,p5535,14,1
0,p5536,81,1
0,p5537,18,1
0,p5538,44,1
0,p5539,6,1
0,p5540,57,1
0,p5541,19,1
0,p5542,84,1
0,p5543,70,1
0,p5544,32,1
0,p5545,52,1
0,p5546,2,1
0,p5547,15,1
0,p5548,80,1
0,p5549,22,1
0,p5550,72,1
0,p5551,99,1
0,p5552,55,1
0,p5553,70,1
0,p5554,41,1
0,p5555,57,1
0,p5556,13,1
0,p5557,25,1
0,p5558,78,1
0,p5559,37,1
0,p5560,43,1
0,p5561,84,1
0,p5562,61,1
0,p5563,37,1
0,p5564,16,1
0,p5565,92,1
0,p5566,28,1
0,p5567,44,1
0,p5568,44,1
0,p5569,84,1
0,p5570,37,1
0,p5571,54,1
0,p5572,73,1
0,p5573,53,1
0,p5574,99,1
0,p5575,17,1
0,p5576,7,1
0,p5577,60,1
0,p5578,94,1
0,p5579,53,1
0,p5580,60,1
0,p5581,46,1
0,p5582,39,1
0,p5583,92,1
0,p5584,58,1
0,p5585,29,1
0,p5586,2,1
0,p5587,74,1
0,p5588,55,1
0,p5589,15,1
0,p5590,97,1
0,p5591,77,1
0,p5592,38,1
0,p5593,3,1
0,p5594,88,1
0,p5595,65,1
0,p5596,58,1
0,p5597,24,1
0,p5598,37,1
0,p5599,97,1
0,p5600,97,1
0,p5601,43,1
0,p5602,21,1
0,p5603,41,1
0,p5604,21,1
0,p5605,93,1
0,p5606,42,1
0,p5607,16,1
0,p5608,54,1
0,p5609,91,1
0,p5610,94,1
0,p5611,54,1
0,p5612,16,1
0,p5613,9,1
0,p5614,94,1
0,p5615,80,1
0,p5616,17,1
0,p5617,62,1
0,p5618,34,1
0,p5619,20,1
0,p5620,25,1
0,p5621,4,1
0,p5622,94,1
0,p5623,4,1
0,p5624,12,1
0,p5625,47,1
0,p5626,92,1
0,p5627,74,1
0,p5628,75,1
0,p5629,40,1
0,p5630,9,1
0,p5631,48,1
0,p5632,51,1
0,p5633,43,1
0,p5634,90,1
0,p5635,100,1
0,p5636,77,1
0,p5637,72,1
0,p5638,32,1
0,p5639,69,1
0,p5640,23,1
0,p5641,28,1
0,p5642,9,1
0,p5643,92,1
0,p5644,53,1
0,p5645,73,1
0,p5646,24,1
0,p5647,12,1
0,p5648,22,1
0,p5649,90,1
0,p5650,81,1
0,p5651,61,1
0,p5652,42,1
0,p5653,19,1
0,p5654,54,1
0,p5655,15,1
0,p5656,26,1
0,p5657,72,1
0,p5658,20,1
0,p5659,51,1
0,p5660,41,1
0,p5661,70,1
0,p5662,34,1
0,p5663,60,1
0,p5664,27,1
0,p5665,4,1
0,p5666,70,1
0,p5667,66,1
0,p5668,57,1
0,p5669,72,1
0,p5670,11,1
0,p5671,79,1
0,p5672,62,1
0,p5673,99,1
0,p5674,98,1
0,p5675,80,1
0,p5676,75,1
0,p5677,47,1
0,p5678,61,1
0,p5679,61,1
0,p5680,80,1
0,p5681,63,1
0,p5682,62,1
0,p5683,80,1
0,p5684,56,1
0,p5685,93,1
0,p5686,65,1
0,p5687,11,1
0,p5688,53,1
0,p5689,100,1
0,p5690,27,1
0,p5691,22,1
0,p5692,96,1
0,p5693,9,1
0,p5694,45,1
0,p5695,65,1
0,p5696,52,1
0,p5697,36,1
0,p5698,95,1
0,p5699,66,1
0,p5700,48,1
0,p5701,55,1
0,p5702,74,1
0,p5703,2,1
0,p5704,60,1
0,p5705,21,1
0,p5706,96,1
0,p5707,53,1
0,p5708,79,1
0,p5709,86,1
0,p5710,73,1
0,p5711,6,1
0,p5712,14,1
0,p5713,11,1
0,p5714,63,1
0,p5715,14,1
0,p5716,77,1
0,p5717,51,1
0,p5718,55,1
0,p5719,16,1
0,p5720,8,1
0,p5721,56,1
0,p5722,27,1
0,p5723,50,1
0,p5724,54,1
0,p5725,80,1
0,p5726,38,1
0,p5727,5,1
0,p5728,53,1
0,p5729,54,1
0,p5730,68,1
0,p5731,70,1
0,p5732,42,1
0,p5733,71,1
0,p5734,20,1
0,p5735,8,1
0,p5736,66,1
0,p5737,88,1
0,p5738,16,1
0,p5739,84,1
0,p5740,65,1
0,p5741,45,1
0,p5742,32,1
0,p5743,6,1
0,p5744,5,1
0,p5745,33,1
0,p5746,90,1
0,p5747,32,1
0,p5748,81,1
0,p5749,9,1
0,p5750,13,1
0,p5751,24,1
0,p5752,76,1
0,p5753,94,1
0,p5754,7,1
0,p5755,96,1
0,p5756,83,1
0,p5757,53,1
0,p5758,65,1
0,p5759,71,1
0,p5760,68,1
0,p5761,28,1
0,p5762,5,1
0,p5763,75,1
0,p5764,72,1
0,p5765,12,1
0,p5766,9,1
0,p5767,63,1
0,p5768,94,1
0,p5769,80,1
0,p5770,50,1
0,p5771,71,1
0,p5772,90,1
0,p5773,74,1
0,p5774,76,1
0,p5775,10,1
0,p5776,43,1
0,p5777,76,1
0,p5778,100,1
0,p5779,72,1
0,p5780,27,1
0,p5781,9,1
0,p5782,9,1
0,p5783,70,1
0,p5784,3,1
0,p5785,76,1
0,p5786,10,1
0,p5787,20,1
0,p5788,90,1
0,p5789,98,1
0,p5790,95,1
0,p5791,73,1
0,p5792,76,1
0,p5793,56,1
0,p5794,30,1
0,p5795,99,1
0,p5796,50,1
0,p5797,34,1
0,p5798,84,1
0,p5799,78,1
0,p5800,9,1
0,p5801,75,1
0,p5802,64,1
0,p5803,20,1
0,p5804,28,1
0,p5805,96,1
0,p5806,3,1
0,p5807,47,1
0,p5808,7,1
0,p5809,82,1
0,p5810,66,1
0,p5811,35,1
0,p5812,97,1
0,p5813,18,1
0,p5814,59,1
0,p5815,76,1
0,p5816,86,1
0,p5817,11,1
0,p5818,66,1
0,p5819,68,1
0,p5820,86,1
0,p5821,20,1
0,p5822,26,1
0,p5823,38,1
0,p5824,22,1
0,p5825,29,1
0,p5826,19,1
0,p5827,99,1
0,p5828,41,1
0,p5829,62,1
0,p5830,86,1
0,p5831,86,1
0,p5832,54,1
0,p5833,80,1
0,p5834,42,1
0,p5835,6,1
0,p5836,42,1
0,p5837,98,1
0,p5838,82,1
0,p5839,98,1
0,p5840,6,1
0,p5841,79,1
0,p5842,71,1
0,p5843,68,1
0,p5844,5,1
0,p5845,33,1
0,p5846,22,1
0,p5847,85,1
0,p5848,55,1
0,p5849,65,1
0,p5850,92,1
0,p5851,45,1
0,p5852,65,1
0,p5853,37,1
0,p5854,32,1
0,p5855,42,1
0,p5856,98,1
0,p5857,79,1
0,p5858,40,1
0,p5859,51,1
0,p5860,50,1
0,p5861,13,1
0,p5862,33,1
0,p5863,31,1
0,p5864,62,1
0,p5865,47,1
0,p5866,97,1
0,p5867,25,1
0,p5868,76,1
0,p5869,9,1
0,p5870,31,1
0,p5871,80,1
0,p5872,60,1
0,p5873,29,1
0,p5874,35,1
0,p5875,65,1
0,p5876,65,1
0,p5877,79,1
0,p5878,30,1
0,p5879,39,1
0,p5880,82,1
0,p5881,17,1
0,p5882,64,1
0,p5883,39,1
0,p5884,65,1
0,p5885,8,1
0,p5886,18,1
0,p5887,86,1
0,p5888,100,1
0,p5889,18,1
0,p5890,37,1
0,p5891,80,1
0,p5892,51,1
0,p5893,45,1
0,p5894,57,1
0,p5895,43,1
0,p5896,81,1
0,p5897,78,1
0,p5898,61,1
0,p5899,60,1
0,p5900,35,1
0,p5901,93,1
0,p5902,78,1
0,p5903,91,1
0,p5904,88,1
0,p5905,86,1
0,p5906,71,1
0,p5907,71,1
0,p5908,42,1
0,p5909,60,1
0,p5910,77,1
0,p5911,82,1
0,p5912,15,1
0,p5913,54,1
0,p5914,70,1
0,p5915,93,1
0,p5916,54,1
0,p5917,62,1
0,p5918,5,1
0,p5919,90,1
0,p5920,99,1
0,p5921,99,1
0,p5922,41,1
0,p5923,17,1
0,p5924,4,1
0,p5925,99,1
0,p5926,10,1
0,p5927,77,1
0,p5928,24,1
0,p5929,77,1
0,p5930,7,1
0,p5931,61,1
0,p5932,100,1
0,p5933,42,1
0,p5934,75,1
0,p5935,11,1
0,p5936,36,1
0,p5937,16,1
0,p5938,95,1
0,p5939,99,1
0,p5940,50,1
0,p5941,41,1
0,p5942,23,1
0,p5943,97,1
0,p5944,64,1
0,p5945,80,1
0,p5946,52,1
0,p5947,3,1
0,p5948,28,1
0,p5949,10,1
0,p5950,21,1
0,p5951,65,1
0,p5952,36,1
0,p5953,48,1
0,p5954,52,1
0,p5955,93,1
0,p5956,48,1
0,p5957,24,1
0,p5958,77,1
0,p5959,34,1
0,p5960,21,1
0,p5961,73,1
0,p5962,70,1
0,p5963,3,1
0,p5964,54,1
0,p5965,12,1
0,p5966,57,1
0,p5967,37,1
0,p5968,55,1
0,p5969,51,1
0,p5970,53,1
0,p5971,86,1
0,p5972,5,1
0,p5973,97,1
0,p5974,80,1
0,p5975,33,1
0,p5976,11,1
0,p5977,39,1
0,p5978,43,1
0,p5979,17,1
0,p5980,59,1
0,p5981,85,1
0,p5982,45,1
0,p5983,98,1
0,p5984,47,1
0,p5985,81,1
0,p5986,25,1
0,p5987,71,1
0,p5988,18,1
0,p5989,36,1
0,p5990,7,1
0,p5991,29,1
0,p5992,9,1
0,p5993,88,1
0,p5994,6,1
0,p5995,45,1
0,p5996,26,1
0,p5997,24,1
0,p5998,41,1
0,p5999,95,1
0,p6000,4,1
0,p6001,33,1
0,p6002,81,1
0,p6003,53,1
0,p6004,95,1
0,p6005,32,1
0,p6006,81,1
0,p6007,47,1
0,p6008,44,1
0,p6009,59,1
0,p6010,18,1
0,p6011,68,1
0,p6012,3,1
0,p6013,58,1
0,p6014,90,1
0,p6015,10,1
0,p6016,34,1
0,p6017,76,1
0,p6018,27,1
0,p6019,61,1
0,p6020,66,1
0,p6021,87,1
0,p6022,18,1
0,p6023,99,1
0,p6024,25,1
0,p6025,36,1
0,p6026,25,1
0,p6027,60,1
0,p6028,99,1
0,p6029,78,1
0,p6030,20,1
0,p6031,86,1
0,p6032,71,1
0,p6033,13,1
0,p6034,84,1
0,p6035,10,1
0,p6036,77,1
0,p6037,64,1
0,p6038,12,1
0,p6039,32,1
0,p6040,22,1
0,p6041,4,1
0,p6042,90,1
0,p6043,32,1
0,p6044,38,1
0,p6045,78,1
0,p6046,16,1
0,p6047,56,1
0,p6048,3,1
0,p6049,85,1
0,p6050,27,1
0,p6051,31,1
0,p6052,68,1
0,p6053,36,1
0,p6054,59,1
0,p6055,32,1
0,p6056,46,1
0,p6057,6,1
0,p6058,45,1
0,p6059,62,1
0,p6060,75,1
0,p6061,25,1
0,p6062,90,1
0,p6063,3,1
0,p6064,35,1
0,p6065,92,1
0,p6066,45,1
0,p6067,12,1
0,p6068,50,1
0,p6069,37,1
0,p6070,55,1
0,p6071,37,1
0,p6072,79,1
0,p6073,68,1
0,p6074,16,1
0,p6075,78,1
0,p6076,79,1
0,p6077,87,1
0,p6078,30,1
0,p6079,51,1
0,p6080,73,1
0,p6081,13,1
0,p6082,13,1
0,p6083,32,1
0,p6084,47,1
0,p6085,100,1
0,p6086,22,1
0,p6087,77,1
0,p6088,45,1
0,p6089,18,1
0,p6090,27,1
0,p6091,69,1
0,p6092,66,1
0,p6093,89,1
0,p6094,85,1
0,p6095,63,1
0,p6096,53,1
0,p6097,2,1
0,p6098,52,1
0,p6099,97,1
0,p6100,44,1
0,p6101,8,1
0,p6102,85,1
0,p6103,2,1
0,p6104,44,1
0,p6105,36,1
0,p6106,63,1
0,p6107,16,1
0,p6108,69,1
0,p6109,25,1
0,p6110,12,1
0,p6111,4,1
0,p6112,85,1
0,p6113,67,1
0,p6114,87,1
0,p6115,54,1
0,p6116,63,1
0,p6117,61,1
0,p6118,46,1
0,p6119,92,1
0,p6120,7,1
0,p6121,11,1
0,p6122,6,1
0,p6123,75,1
0,p6124,60,1
0,p6125,78,1
0,p6126,67,1
0,p6127,19,1
0,p6128,25,1
0,p6129,36,1
0,p6130,98,1
0,p6131,50,1
0,p6132,90,1
0,p6133,46,1
0,p6134,43,1
0,p6135,100,1
0,p6136,15,1
0,p6137,27,1
0,p6138,44,1
0,p6139,71,1
0,p6140,3,1
0,p6141,12,1
0,p6142,43,1
0,p6143,10,1
0,p6144,10,1
0,p6145,85,1
0,p6146,69,1
0,p6147,31,1
0,p6148,54,1
0,p6149,63,1
0,p6150,64,1
0,p6151,89,1
0,p6152,43,1
0,p6153,53,1
0,p6154,16,1
0,p6155,99,1
0,p6156,7,1
0,p6157,18,1
0,p6158,47,1
0,p6159,87,1
0,p6160,62,1
0,p6161,32,1
0,p6162,4,1
0,p6163,77,1
0,p6164,6,1
0,p6165,40,1
0,p6166,8,1
0,p6167,41,1
0,p6168,62,1
0,p6169,74,1
0,p6170,86,1
0,p6171,95,1
0,p6172,60,1
0,p6173,41,1
0,p6174,2,1
0,p6175,55,1
0,p6176,55,1
0,p6177,29,1
0,p6178,32,1
0,p6179,89,1
0,p6180,99,1
0,p6181,83,1
0,p6182,4,1
0,p6183,38,1
0,p6184,32,1
0,p6185,39,1
0,p6186,3,1
0,p6187,30,1
0,p6188,74,1
0,p6189,7,1
0,p6190,85,1
0,p6191,43,1
0,p6192,26,1
0,p6193,74,1
0,p6194,100,1
0,p6195,15,1
0,p6196,47,1
0,p6197,40,1
0,p6198,60,1
0,p6199,91,1
0,p6200,76,1
0,p6201,80,1
0,p6202,28,1
0,p6203,99,1
0,p6204,81,1
0,p6205,86,1
0,p6206,38,1
0,p6207,61,1
0,p6208,43,1
0,p6209,12,1
0,p6210,21,1
0,p6211,69,1
0,p6212,20,1
0,p6213,67,1
0,p6214,76,1
0,p6215,85,1
0,p6216,41,1
0,p6217,16,1
0,p6218,97,1
0,p6219,56,1
0,p6220,87,1
0,p6221,13,1
0,p6222,86,1
0,p6223,36,1
0,p6224,24,1
0,p6225,51,1
0,p6226,50,1
0,p6227,58,1
0,p6228,59,1
0,p6229,37,1
0,p6230,15,1
0,p6231,27,1
0,p6232,69,1
0,p6233,88,1
0,p6234,62,1
0,p6235,87,1
0,p6236,67,1
0,p6237,60,1
0,p6238,40,1
0,p6239,26,1
0,p6240,36,1
0,p6241,89,1
0,p6242,37,1
0,p6243,13,1
0,p6244,100,1
0,p6245,13,1
0,p6246,35,1
0,p6247,100,1
0,p6248,39,1
0,p6249,7,1
0,p6250,63,1
0,p6251,66,1
0,p6252,16,1
0,p6253,27,1
0,p6254,15,1
0,p6255,42,1
0,p6256,94,1
0,p6257,99,1
0,p6258,32,1
0,p6259,57,1
0,p6260,22,1
0,p6261,54,1
0,p6262,94,1
0,p6263,6,1
0,p6264,96,1
0,p6265,16,1
0,p6266,36,1
0,p6267,50,1
0,p6268,43,1
0,p6269,97,1
0,p6270,69,1
0,p6271,60,1
0,p6272,67,1
0,p6273,26,1
0,p6274,10,1
0,p6275,79,1
0,p6276,95,1
0,p6277,91,1
0,p6278,11,1
0,p6279,45,1
0,p6280,88,1
0,p6281,85,1
0,p6282,87,1
0,p6283,12,1
0,p6284,89,1
0,p6285,2,1
0,p6286,93,1
0,p6287,37,1
0,p6288,10,1
0,p6289,70,1
0,p6290,55,1
0,p6291,29,1
0,p6292,97,1
0,p6293,58,1
0,p6294,18,1
0,p6295,73,1
0,p6296,55,1
0,p6297,32,1
0,p6298,87,1
0,p6299,63,1
0,p6300,97,1
0,p6301,91,1
0,p6302,42,1
0,p6303,93,1
0,p6304,76,1
0,p6305,32,1
0,p6306,74,1
0,p6307,94,1
0,p6308,92,1
0,p6309,77,1
0,p6310,45,1
0,p6311,49,1
0,p6312,43,1
0,p6313,38,1
0,p6314,37,1
0,p6315,18,1
0,p6316,92,1
0,p6317,81,1
0,p6318,29,1
0,p6319,14,1
0,p6320,19,1
0,p6321,47,1
0,p6322,69,1
0,p6323,63,1
0,p6324,17,1
0,p6325,9,1
0,p6326,91,1
0,p6327,26,1
0,p6328,80,1
0,p6329,53,1
0,p6330,4,1
0,p6331,72,1
0,p6332,61,1
0,p6333,19,1
0,p6334,89,1
0,p6335,97,1
0,p6336,60,1
0,p6337,71,1
0,p6338,31,1
0,p6339,3,1
0,p6340,44,1
0,p6341,43,1
0,p6342,97,1
0,p6343,87,1
0,p6344,49,1
0,p6345,68,1
0,p6346,33,1
0,p6347,63,1
0,p6348,73,1
0,p6349,34,1
0,p6350,15,1
0,p6351,35,1
0,p6352,60,1
0,p6353,91,1
0,p6354,81,1
0,p6355,89,1
0,p6356,63,1
0,p6357,25,1
0,p6358,22,1
0,p6359,19,1
0,p6360,67,1
0,p6361,60,1
0,p6362,12,1
0,p6363,74,1
0,p6364,99,1
0,p6365,20,1
0,p6366,31,1
0,p6367,40,1
0,p6368,61,1
0,p6369,77,1
0,p6370,84,1
0,p6371,45,1
0,p6372,30,1
0,p6373,96,1
0,p6374,30,1
0,p6375,27,1
0,p6376,10,1
0,p6377,32,1
0,p6378,55,1
0,p6379,18,1
0,p6380,21,1
0,p6381,27,1
0,p6382,71,1
0,p6383,27,1
0,p6384,63,1
0,p6385,49,1
0,p6386,90,1
0,p6387,15,1
0,p6388,74,1
0,p6389,96,1
0,p6390,51,1
0,p6391,42,1
0,p6392,43,1
0,p6393,39,1
0,p6394,88,1
0,p6395,13,1
0,p6396,6,1
0,p6397,40,1
0,p6398,34,1
0,p6399,48,1
0,p6400,87,1
0,p6401,8,1
0,p6402,77,1
0,p6403,17,1
0,p6404,90,1
0,p6405,44,1
0,p6406,19,1
0,p6407,89,1
0,p6408,46,1
0,p6409,24,1
0,p6410,96,1
0,p6411,73,1
0,p6412,70,1
0,p6413,37,1
0,p6414,80,1
0,p6415,88,1
0,p6416,77,1
0,p6417,86,1
0,p6418,28,1
0,p6419,58,1
0,p6420,47,1
0,p6421,37,1
0,p6422,97,1
0,p6423,90,1
0,p6424,73,1
0,p6425,3,1
0,p6426,13,1
0,p6427,73,1
0,p6428,53,1
0,p6429,62,1
0,p6430,54,1
0,p6431,11,1
0,p6432,4,1
0,p6433,47,1
0,p6434,95,1
0,p6435,90,1
0,p6436,75,1
0,p6437,57,1
0,p6438,99,1
0,p6439,47,1
0,p6440,54,1
0,p6441,38,1
0,p6442,74,1
0,p6443,85,1
0,p6444,44,1
0,p6445,44,1
0,p6446,68,1
0,p6447,84,1
0,p6448,7,1
0,p6449,99,1
0,p6450,85,1
0,p6451,59,1
0,p6452,66,1
0,p6453,56,1
0,p6454,67,1
0,p6455,35,1
0,p6456,72,1
0,p6457,33,1
0,p6458,73,1
0,p6459,75,1
0,p6460,38,1
0,p6461,71,1
0,p6462,49,1
0,p6463,8,1
0,p6464,19,1
0,p6465,2,1
0,p6466,43,1
0,p6467,6,1
0,p6468,10,1
0,p6469,64,1
0,p6470,20,1
0,p6471,43,1
0,p6472,58,1
0,p6473,61,1
0,p6474,17,1
0,p6475,21,1
0,p6476,57,1
0,p6477,8,1
0,p6478,5,1
0,p6479,20,1
0,p6480,23,1
0,p6481,55,1
0,p6482,61,1
0,p6483,60,1
0,p6484,4,1
0,p6485,41,1
0,p6486,21,1
0,p6487,35,1
0,p6488,100,1
0,p6489,61,1
0,p6490,99,1
0,p6491,55,1
0,p6492,43,1
0,p6493,51,1
0,p6494,47,1
0,p6495,98,1
0,p6496,13,1
0,p6497,65,1
0,p6498,64,1
0,p6499,43,1
0,p6500,6,1
0,p6501,78,1
0,p6502,36,1
0,p6503,47,1
0,p6504,82,1
0,p6505,67,1
0,p6506,95,1
0,p6507,56,1
0,p6508,100,1
0,p6509,32,1
0,p6510,86,1
0,p6511,13,1
0,p6512,29,1
0,p6513,81,1
0,p6514,11,1
0,p6515,36,1
0,p6516,5,1
0,p6517,52,1
0,p6518,62,1
0,p6519,46,1
0,p6520,5,1
0,p6521,33,1
0,p6522,41,1
0,p6523,66,1
0,p6524,48,1
0,p6525,56,1
0,p6526,85,1
0,p6527,86,1
0,p6528,55,1
0,p6529,92,1
0,p6530,31,1
0,p6531,25,1
0,p6532,23,1
0,p6533,32,1
0,p6534,16,1
0,p6535,52,1
0,p6536,99,1
0,p6537,86,1
0,p6538,45,1
0,p6539,21,1
0,p6540,45,1
0,p6541,20,1
0,p6542,79,1
0,p6543,64,1
0,p6544,24,1
0,p6545,36,1
0,p6546,46,1
0,p6547,59,1
0,p6548,90,1
0,p6549,95,1
0,p6550,85,1
0,p6551,23,1
0,p6552,66,1
0,p6553,95,1
0,p6554,25,1
0,p6555,32,1
0,p6556,43,1
0,p6557,55,1
0,p6558,100,1
0,p6559,5,1
0,p6560,50,1
0,p6561,85,1
0,p6562,66,1
0,p6563,41,1
0,p6564,88,1
0,p6565,94,1
0,p6566,27,1
0,p6567,17,1
0,p6568,92,1
0,p6569,29,1
0,p6570,64,1
0,p6571,15,1
0,p6572,26,1
0,p6573,79,1
0,p6574,70,1
0,p6575,40,1
0,p6576,75,1
0,p6577,52,1
0,p6578,75,1
0,p6579,62,1
0,p6580,64,1
0,p6581,71,1
0,p6582,47,1
0,p6583,18,1
0,p6584,28,1
0,p6585,15,1
0,p6586,5,1
0,p6587,26,1
0,p6588,58,1
0,p6589,93,1
0,p6590,15,1
0,p6591,80,1
0,p6592,34,1
0,p6593,61,1
0,p6594,57,1
0,p6595,99,1
0,p6596,81,1
0,p6597,56,1
0,p6598,52,1
0,p6599,2,1
0,p6600,73,1
0,p6601,77,1
0,p6602,81,1
0,p6603,77,1
0,p6604,20,1
0,p6605,74,1
0,p6606,36,1
0,p6607,64,1
0,p6608,40,1
0,p6609,32,1
0,p6610,22,1
0,p6611,20,1
0,p6612,90,1
0,p6613,18,1
0,p6614,3,1
0,p6615,17,1
0,p6616,13,1
0,p6617,100,1
0,p6618,30,1
0,p6619,23,1
0,p6620,74,1
0,p6621,24,1
0,p6622,52,1
0,p6623,38,1
0,p6624,80,1
0,p6625,69,1
0,p6626,15,1
0,p6627,30,1
0,p6628,81,1
0,p6629,88,1
0,p6630,34,1
0,p6631,8,1
0,p6632,49,1
0,p6633,14,1
0,p6634,29,1
0,p6635,38,1
0,p6636,75,1
0,p6637,99,1
0,p6638,4,1
0,p6639,35,1
0,p6640,80,1
0,p6641,19,1
0,p6642,23,1
0,p6643,22,1
0,p6644,13,1
0,p6645,34,1
0,p6646,5,1
0,p6647,48,1
0,p6648,35,1
0,p6649,97,1
0,p6650,19,1
0,p6651,70,1
0,p6652,96,1
0,p6653,33,1
0,p6654,50,1
0,p6655,70,1
0,p6656,43,1
0,p6657,43,1
0,p6658,6,1
0,p6659,38,1
0,p6660,72,1
0,p6661,70,1
0,p6662,19,1
0,p6663,21,1
0,p6664,22,1
0,p6665,2,1
0,p6666,71,1
0,p6667,57,1
0,p6668,97,1
0,p6669,38,1
0,p6670,22,1
0,p6671,64,1
0,p6672,68,1
0,p6673,51,1
0,p6674,88,1
0,p6675,15,1
0,p6676,80,1
0,p6677,59,1
0,p6678,16,1
0,p6679,12,1
0,p6680,18,1
0,p6681,62,1
0,p6682,38,1
0,p6683,58,1
0,p6684,39,1
0,p6685,36,1
0,p6686,30,1
0,p6687,52,1
0,p6688,38,1
0,p6689,17,1
0,p6690,74,1
0,p6691,77,1
0,p6692,2,1
0,p6693,89,1
0,p6694,50,1
0,p6695,64,1
0,p6696,62,1
0,p6697,23,1
0,p6698,19,1
0,p6699,42,1
0,p6700,46,1
0,p6701,39,1
0,p6702,6,1
0,p6703,76,1
0,p6704,13,1
0,p6705,81,1
0,p6706,4,1
0,p6707,78,1
0,p6708,40,1
0,p6709,95,1
0,p6710,13,1
0,p6711,69,1
0,p6712,39,1
0,p6713,30,1
0,p6714,24,1
0,p6715,19,1
0,p6716,19,1
0,p6717,94,1
0,p6718,99,1
0,p6719,8,1
0,p6720,45,1
0,p6721,86,1
0,p6722,2,1
0,p6723,40,1
0,p6724,50,1
0,p6725,99,1
0,p6726,15,1
0,p6727,88,1
0,p6728,84,1
0,p6729,49,1
0,p6730,57,1
0,p6731,52,1
0,p6732,16,1
0,p6733,72,1
0,p6734,81,1
0,p6735,52,1
0,p6736,88,1
0,p6737,10,1
0,p6738,33,1
0,p6739,39,1
0,p6740,78,1
0,p6741,65,1
0,p6742,38,1
0,p6743,92,1
0,p6744,30,1
0,p6745,47,1
0,p6746,21,1
0,p6747,4,1
0,p6748,67,1
0,p6749,15,1
0,p6750,41,1
0,p6751,57,1
0,p6752,15,1
0,p6753,11,1
0,p6754,48,1
0,p6755,7,1
0,p6756,9,1
0,p6757,33,1
0,p6758,27,1
0,p6759,2,1
0,p6760,81,1
0,p6761,59,1
0,p6762,76,1
0,p6763,11,1
0,p6764,52,1
0,p6765,25,1
0,p6766,54,1
0,p6767,26,1
0,p6768,41,1
0,p6769,48,1
0,p6770,68,1
0,p6771,59,1
0,p6772,89,1
0,p6773,65,1
0,p6774,68,1
0,p6775,19,1
0,p6776,10,1
0,p6777,24,1
0,p6778,2,1
0,p6779,33,1
0,p6780,24,1
0,p6781,28,1
0,p6782,7,1
0,p6783,15,1
0,p6784,54,1
0,p6785,10,1
0,p6786,33,1
0,p6787,62,1
0,p6788,51,1
0,p6789,79,1
0,p6790,85,1
0,p6791,76,1
0,p6792,62,1
0,p6793,82,1
0,p6794,6,1
0,p6795,65,1
0,p6796,39,1
0,p6797,44,1
0,p6798,43,1
0,p6799,43,1
0,p6800,72,1
0,p6801,41,1
0,p6802,46,1
0,p6803,58,1
0,p6804,30,1
0,p6805,62,1
0,p6806,12,1
0,p6807,40,1
0,p6808,9,1
0,p6809,85,1
0,p6810,21,1
0,p6811,2,1
0,p6812,87,1
0,p6813,7,1
0,p6814,52,1
0,p6815,40,1
0,p6816,11,1
0,p6817,6,1
0,p6818,55,1
0,p6819,81,1
0,p6820,38,1
0,p6821,99,1
0,p6822,93,1
0,p6823,9,1
0,p6824,82,1
0,p6825,72,1
0,p6826,52,1
0,p6827,86,1
0,p6828,61,1
0,p6829,99,1
0,p6830,80,1
0,p6831,2,1
0,p6832,65,1
0,p6833,61,1
0,p6834,63,1
0,p6835,70,1
0,p6836,14,1
0,p6837,45,1
0,p6838,11,1
0,p6839,4,1
0,p6840,43,1
0,p6841,48,1
0,p6842,84,1
0,p6843,27,1
0,p6844,85,1
0,p6845,18,1
0,p6846,33,1
0,p6847,88,1
0,p6848,41,1
0,p6849,44,1
0,p6850,77,1
0,p6851,99,1
0,p6852,75,1
0,p6853,93,1
0,p6854,11,1
0,p6855,3,1
0,p6856,21,1
0,p6857,28,1
0,p6858,45,1
0,p6859,45,1
0,p6860,53,1
0,p6861,25,1
0,p6862,93,1
0,p6863,52,1
0,p6864,2,1
0,p6865,29,1
0,p6866,19,1
0,p6867,82,1
0,p6868,95,1
0,p6869,42,1
0,p6870,70,1
0,p6871,9,1
0,p6872,53,1
0,p6873,58,1
0,p6874,54,1
0,p6875,76,1
0,p6876,89,1
0,p6877,6,1
0,p6878,45,1
0,p6879,80,1
0,p6880,86,1
0,p6881,86,1
0,p6882,90,1
0,p6883,53,1
0,p6884,45,1
0,p6885,15,1
0,p6886,56,1
0,p6887,94,1
0,p6888,83,1
0,p6889,73,1
0,p6890,63,1
0,p6891,40,1
0,p6892,33,1
0,p6893,48,1
0,p6894,8,1
0,p6895,19,1
0,p6896,37,1
0,p6897,75,1
0,p6898,16,1
0,p6899,46,1
0,p6900,3,1
0,p6901,96,1
0,p6902,33,1
0,p6903,17,1
0,p6904,23,1
0,p6905,24,1
0,p6906,91,1
0,p6907,92,1
0,p6908,82,1
0,p6909,91,1
0,p6910,69,1
0,p6911,100,1
0,p6912,57,1
0,p6913,28,1
0,p6914,60,1
0,p6915,55,1
0,p6916,29,1
0,p6917,48,1
0,p6918,75,1
0,p6919,75,1
0,p6920,32,1
0,p6921,52,1
0,p6922,35,1
0,p6923,93,1
0,p6924,24,1
0,p6925,15,1
0,p6926,83,1
0,p6927,80,1
0,p6928,66,1
0,p6929,20,1
0,p6930,18,1
0,p6931,18,1
0,p6932,71,1
0,p6933,76,1
0,p6934,36,1
0,p6935,36,1
0,p6936,45,1
0,p6937,39,1
0,p6938,29,1
0,p6939,44,1
0,p6940,68,1
0,p6941,12,1
0,p6942,99,1
0,p6943,48,1
0,p6944,66,1
0,p6945,77,1
0,p6946,74,1
0,p6947,71,1
0,p6948,34,1
0,p6949,39,1
0,p6950,75,1
0,p6951,34,1
0,p6952,56,1
0,p6953,60,1
0,p6954,13,1
0,p6955,9,1
0,p6956,3,1
0,p6957,58,1
0,p6958,100,1
0,p6959,11,1
0,p6960,23,1
0,p6961,89,1
0,p6962,24,1
0,p6963,9,1
0,p6964,21,1
0,p6965,51,1
0,p6966,7,1
0,p6967,24,1
0,p6968,2,1
0,p6969,49,1
0,p6970,21,1
0,p6971,69,1
0,p6972,10,1
0,p6973,2,1
0,p6974,36,1
0,p6975,94,1
0,p6976,89,1
0,p6977,54,1
0,p6978,74,1
0,p6979,21,1
0,p6980,77,1
0,p6981,53,1
0,p6982,16,1
0,p6983,63,1
0,p6984,12,1
0,p6985,50,1
0,p6986,20,1
0,p6987,77,1
0,p6988,62,1
0,p6989,100,1
0,p6990,65,1
0,p6991,60,1
0,p6992,50,1
0,p6993,40,1
0,p6994,20,1
0,p6995,22,1
0,p6996,16,1
0,p6997,55,1
0,p6998,30,1
0,p6999,82,1
0,p7000,32,1
0,p7001,81,1
0,p7002,58,1
0,p7003,21,1
0,p7004,43,1
0,p7005,70,1
0,p7006,28,1
0,p7007,63,1
0,p7008,68,1
0,p7009,15,1
0,p7010,55,1
0,p7011,38,1
0,p7012,41,1
0,p7013,47,1
0,p7014,35,1
0,p7015,35,1
0,p7016,78,1
0,p7017,64,1
0,p7018,93,1
0,p7019,95,1
0,p7020,12,1
0,p7021,86,1
0,p7022,72,1
0,p7023,13,1
0,p7024,66,1
0,p7025,40,1
0,p7026,81,1
0,p7027,73,1
0,p7028,58,1
0,p7029,83,1
0,p7030,56,1
0,p7031,69,1
0,p7032,85,1
0,p7033,57,1
0,p7034,61,1
0,p7035,13,1
0,p7036,8,1
0,p7037,68,1
0,p7038,91,1
0,p7039,14,1
0,p7040,38,1
0,p7041,55,1
0,p7042,99,1
0,p7043,11,1
0,p7044,73,1
0,p7045,75,1
0,p7046,45,1
0,p7047,44,1
0,p7048,12,1
0,p7049,22,1
0,p7050,35,1
0,p7051,97,1
0,p7052,7,1
0,p7053,100,1
0,p7054,96,1
0,p7055,94,1
0,p7056,59,1
0,p7057,4,1
0,p7058,13,1
0,p7059,86,1
0,p7060,45,1
0,p7061,12,1
0,p7062,41,1
0,p7063,43,1
0,p7064,78,1
0,p7065,91,1
0,p7066,60,1
0,p7067,76,1
0,p7068,35,1
0,p7069,74,1
0,p7070,7,1
0,p7071,61,1
0,p7072,67,1
0,p7073,21,1
0,p7074,52,1
0,p7075,85,1
0,p7076,75,1
0,p7077,95,1
0,p7078,99,1
0,p7079,71,1
0,p7080,42,1
0,p7081,82,1
0,p7082,100,1
0,p7083,97,1
0,p7084,33,1
0,p7085,44,1
0,p7086,72,1
0,p7087,99,1
0,p7088,72,1
0,p7089,61,1
0,p7090,96,1
0,p7091,2,1
0,p7092,33,1
0,p7093,84,1
0,p7094,19,1
0,p7095,50,1
0,p7096,6,1
0,p7097,4,1
0,p7098,87,1
0,p7099,42,1
0,p7100,54,1
0,p7101,60,1
0,p7102,23,1
0,p7103,38,1
0,p7104,7,1
0,p7105,94,1
0,p7106,77,1
0,p7107,81,1
0,p7108,93,1
0,p7109,74,1
0,p7110,60,1
0,p7111,40,1
0,p7112,73,1
0,p7113,38,1
0,p7114,92,1
0,p7115,19,1
0,p7116,58,1
0,p7117,45,1
0,p7118,55,1
0,p7119,61,1
0,p7120,7,1
0,p7121,12,1
0,p7122,29,1
0,p7123,65,1
0,p7124,87,1
0,p7125,97,1
0,p7126,85,1
0,p7127,5,1
0,p7128,28,1
0,p7129,72,1
0,p7130,29,1
0,p7131,28,1
0,p7132,47,1
0,p7133,71,1
0,p7134,4,1
0,p7135,73,1
0,p7136,26,1
0,p7137,75,1
0,p7138,31,1
0,p7139,47,1
0,p7140,56,1
0,p7141,57,1
0,p7142,65,1
0,p7143,15,1
0,p7144,4,1
0,p7145,58,1
0,p7146,22,1
0,p7147,70,1
0,p7148,58,1
0,p7149,44,1
0,p7150,81,1
0,p7151,10,1
0,p7152,80,1
0,p7153,20,1
0,p7154,18,1
0,p7155,46,1
0,p7156,61,1
0,p7157,50,1
0,p7158,90,1
0,p7159,35,1
0,p7160,61,1
0,p7161,4,1
0,p7162,36,1
0,p7163,58,1
0,p7164,63,1
0,p7165,82,1
0,p7166,75,1
0,p7167,9,1
0,p7168,93,1
0,p7169,15,1
0,p7170,34,1
0,p7171,71,1
0,p7172,22,1
0,p7173,33,1
0,p7174,6,1
0,p7175,90,1
0,p7176,29,1
0,p7177,33,1
0,p7178,27,1
0,p7179,53,1
0,p7180,67,1
0,p7181,60,1
0,p7182,16,1
0,p7183,16,1
0,p7184,33,1
0,p7185,72,1
0,p7186,97,1
0,p7187,53,1
0,p7188,8,1
0,p7189,53,1
0,p7190,95,1
0,p7191,95,1
0,p7192,72,1
0,p7193,22,1
0,p7194,49,1
0,p7195,69,1
0,p7196,92,1
0,p7197,16,1
0,p7198,4,1
0,p7199,50,1
0,p7200,47,1
0,p7201,54,1
0,p7202,16,1
0,p7203,95,1
0,p7204,86,1
0,p7205,49,1
0,p7206,7,1
0,p7207,92,1
0,p7208,42,1
0,p7209,9,1
0,p7210,60,1
0,p7211,5,1
0,p7212,7,1
0,p7213,25,1
0,p7214,47,1
0,p7215,35,1
0,p7216,7,1
0,p7217,74,1
0,p7218,41,1
0,p7219,36,1
0,p7220,31,1
0,p7221,36,1
0,p7222,94,1
0,p7223,23,1
0,p7224,50,1
0,p7225,6,1
0,p7226,87,1
0,p7227,17,1
0,p7228,72,1
0,p7229,19,1
0,p7230,49,1
0,p7231,11,1
0,p7232,40,1
0,p7233,35,1
0,p7234,29,1
0,p7235,4,1
0,p7236,24,1
0,p7237,100,1
0,p7238,73,1
0,p7239,51,1
0,p7240,36,1
0,p7241,17,1
0,p7242,18,1
0,p7243,37,1
0,p7244,67,1
0,p7245,6,1
0,p7246,34,1
0,p7247,85,1
0,p7248,72,1
0,p7249,55,1
0,p7250,94,1
0,p7251,22,1
0,p7252,39,1
0,p7253,7,1
0,p7254,17,1
0,p7255,75,1
0,p7256,25,1
0,p7257,20,1
0,p7258,50,1
0,p7259,41,1
0,p7260,82,1
0,p7261,41,1
0,p7262,88,1
0,p7263,56,1
0,p7264,40,1
0,p7265,6,1
0,p7266,99,1
0,p7267,76,1
0,p7268,48,1
0,p7269,24,1
0,p7270,83,1
0,p7271,52,1
0,p7272,97,1
0,p7273,8,1
0,p7274,82,1
0,p7275,52,1
0,p7276,47,1
0,p7277,22,1
0,p7278,99,1
0,p7279,82,1
0,p7280,28,1
0,p7281,37,1
0,p7282,37,1
0,p7283,94,1
0,p7284,63,1
0,p7285,59,1
0,p7286,25,1
0,p7287,88,1
0,p7288,22,1
0,p7289,78,1
0,p7290,49,1
0,p7291,36,1
0,p7292,77,1
0,p7293,56,1
0,p7294,12,1
0,p7295,26,1
0,p7296,29,1
0,p7297,99,1
0,p7298,97,1
0,p7299,48,1
0,p7300,51,1
0,p7301,7,1
0,p7302,18,1
0,p7303,99,1
0,p7304,5,1
0,p7305,2,1
0,p7306,21,1
0,p7307,43,1
0,p7308,97,1
0,p7309,89,1
0,p7310,56,1
0,p7311,65,1
0,p7312,17,1
0,p7313,15,1
0,p7314,96,1
0,p7315,66,1
0,p7316,97,1
0,p7317,8,1
0,p7318,67,1
0,p7319,46,1
0,p7320,15,1
0,p7321,5,1
0,p7322,63,1
0,p7323,58,1
0,p7324,15,1
0,p7325,12,1
0,p7326,30,1
0,p7327,30,1
0,p7328,68,1
0,p7329,42,1
0,p7330,95,1
0,p7331,33,1
0,p7332,31,1
0,p7333,87,1
0,p7334,51,1
0,p7335,20,1
0,p7336,71,1
0,p7337,89,1
0,p7338,16,1
0,p7339,24,1
0,p7340,15,1
0,p7341,57,1
0,p7342,2,1
0,p7343,14,1
0,p7344,79,1
0,p7345,37,1
0,p7346,50,1
0,p7347,75,1
0,p7348,21,1
0,p7349,37,1
0,p7350,28,1
0,p7351,94,1
0,p7352,57,1
0,p7353,98,1
0,p7354,29,1
0,p7355,56,1
0,p7356,11,1
0,p7357,90,1
0,p7358,79,1
0,p7359,18,1
0,p7360,17,1
0,p7361,9,1
0,p7362,7,1
0,p7363,63,1
0,p7364,67,1
0,p7365,30,1
0,p7366,74,1
0,p7367,63,1
0,p7368,74,1
0,p7369,66,1
0,p7370,21,1
0,p7371,61,1
0,p7372,79,1
0,p7373,45,1
0,p7374,43,1
0,p7375,65,1
0,p7376,91,1
0,p7377,65,1
0,p7378,93,1
0,p7379,4,1
0,p7380,80,1
0,p7381,81,1
0,p7382,84,1
0,p7383,19,1
0,p7384,72,1
0,p7385,89,1
0,p7386,85,1
0,p7387,20,1
0,p7388,58,1
0,p7389,84,1
0,p7390,9,1
0,p7391,93,1
0,p7392,79,1
0,p7393,8,1
0,p7394,76,1
0,p7395,82,1
0,p7396,12,1
0,p7397,39,1
0,p7398,31,1
0,p7399,25,1
0,p7400,86,1
0,p7401,19,1
0,p7402,54,1
0,p7403,9,1
0,p7404,54,1
0,p7405,68,1
0,p7406,45,1
0,p7407,82,1
0,p7408,45,1
0,p7409,51,1
0,p7410,37,1
0,p7411,46,1
0,p7412,98,1
0,p7413,78,1
0,p7414,43,1
0,p7415,22,1
0,p7416,99,1
0,p7417,16,1
0,p7418,83,1
0,p7419,76,1
0,p7420,7,1
0,p7421,85,1
0,p7422,33,1
0,p7423,12,1
0,p7424,19,1
0,p7425,22,1
0,p7426,12,1
0,p7427,75,1
0,p7428,90,1
0,p7429,82,1
0,p7430,91,1
0,p7431,100,1
0,p7432,21,1
0,p7433,94,1
0,p7434,23,1
0,p7435,55,1
0,p7436,14,1
0,p7437,14,1
0,p7438,100,1
0,p7439,100,1
0,p7440,81,1
0,p7441,3,1
0,p7442,92,1
0,p7443,52,1
0,p7444,17,1
0,p7445,72,1
0,p7446,18,1
0,p7447,64,1
0,p7448,67,1
0,p7449,42,1
0,p7450,5,1
0,p7451,63,1
0,p7452,59,1
0,p7453,54,1
0,p7454,51,1
0,p7455,39,1
0,p7456,82,1
0,p7457,43,1
0,p7458,71,1
0,p7459,30,1
0,p7460,85,1
0,p7461,34,1
0,p7462,65,1
0,p7463,5,1
0,p7464,86,1
0,p7465,12,1
0,p7466,34,1
0,p7467,56,1
0,p7468,30,1
0,p7469,27,1
0,p7470,59,1
0,p7471,86,1
0,p7472,35,1
0,p7473,89,1
0,p7474,48,1
0,p7475,50,1
0,p7476,51,1
0,p7477,41,1
0,p7478,56,1
0,p7479,91,1
0,p7480,8,1
0,p7481,90,1
0,p7482,46,1
0,p7483,18,1
0,p7484,22,1
0,p7485,48,1
0,p7486,92,1
0,p7487,82,1
0,p7488,39,1
0,p7489,21,1
0,p7490,31,1
0,p7491,15,1
0,p7492,78,1
0,p7493,60,1
0,p7494,30,1
0,p7495,74,1
0,p7496,39,1
0,p7497,81,1
0,p7498,63,1
0,p7499,9,1
0,p7500,72,1
0,p7501,60,1
0,p7502,4,1
0,p7503,91,1
0,p7504,59,1
0,p7505,85,1
0,p7506,56,1
0,p7507,24,1
0,p7508,6,1
0,p7509,82,1
0,p7510,95,1
0,p7511,56,1
0,p7512,16,1
0,p7513,5,1
0,p7514,13,1
0,p7515,9,1
0,p7516,25,1
0,p7517,52,1
0,p7518,64,1
0,p7519,39,1
0,p7520,2,1
0,p7521,30,1
0,p7522,51,1
0,p7523,47,1
0,p7524,94,1
0,p7525,3,1
0,p7526,76,1
0,p7527,76,1
0,p7528,24,1
0,p7529,43,1
0,p7530,74,1
0,p7531,43,1
0,p7532,20,1
0,p7533,14,1
0,p7534,87,1
0,p7535,60,1
0,p7536,91,1
0,p7537,78,1
0,p7538,69,1
0,p7539,71,1
0,p7540,18,1
0,p7541,6,1
0,p7542,64,1
0,p7543,68,1
0,p7544,9,1
0,p7545,12,1
0,p7546,69,1
0,p7547,47,1
0,p7548,28,1
0,p7549,36,1
0,p7550,67,1
0,p7551,84,1
0,p7552,66,1
0,p7553,48,1
0,p7554,18,1
0,p7555,17,1
0,p7556,37,1
0,p7557,100,1
0,p7558,28,1
0,p7559,99,1
0,p7560,67,1
0,p7561,78,1
0,p7562,62,1
0,p7563,50,1
0,p7564,3,1
0,p7565,81,1
0,p7566,100,1
0,p7567,71,1
0,p7568,50,1
0,p7569,13,1
0,p7570,98,1
0,p7571,31,1
0,p7572,8,1
0,p7573,9,1
0,p7574,4,1
0,p7575,72,1
0,p7576,83,1
0,p7577,99,1
0,p7578,13,1
0,p7579,77,1
0,p7580,45,1
0,p7581,20,1
0,p7582,27,1
0,p7583,84,1
0,p7584,73,1
0,p7585,40,1
0,p7586,15,1
0,p7587,12,1
0,p7588,87,1
0,p7589,74,1
0,p7590,21,1
0,p7591,15,1
0,p7592,84,1
0,p7593,62,1
0,p7594,65,1
0,p7595,64,1
0,p7596,68,1
0,p7597,20,1
0,p7598,60,1
0,p7599,2,1
0,p7600,32,1
0,p7601,61,1
0,p7602,23,1
0,p7603,79,1
0,p7604,2,1
0,p7605,14,1
0,p7606,6,1
0,p7607,96,1
0,p7608,8,1
0,p7609,56,1
0,p7610,52,1
0,p7611,25,1
0,p7612,5,1
0,p7613,90,1
0,p7614,33,1
0,p7615,33,1
0,p7616,33,1
0,p7617,77,1
0,p7618,66,1
0,p7619,21,1
0,p7620,14,1
0,p7621,76,1
0,p7622,62,1
0,p7623,10,1
0,p7624,49,1
0,p7625,66,1
0,p7626,59,1
0,p7627,89,1
0,p7628,39,1
0,p7629,64,1
0,p7630,14,1
0,p7631,76,1
0,p7632,31,1
0,p7633,14,1
0,p7634,30,1
0,p7635,3,1
0,p7636,61,1
0,p7637,42,1
0,p7638,27,1
0,p7639,38,1
0,p7640,45,1
0,p7641,10,1
0,p7642,56,1
0,p7643,81,1
0,p7644,93,1
0,p7645,6,1
0,p7646,77,1
0,p7647,32,1
0,p7648,11,1
0,p7649,20,1
0,p7650,44,1
0,p7651,13,1
0,p7652,6,1
0,p7653,20,1
0,p7654,17,1
0,p7655,79,1
0,p7656,96,1
0,p7657,93,1
0,p7658,53,1
0,p7659,46,1
0,p7660,71,1
0,p7661,64,1
0,p7662,46,1
0,p7663,56,1
0,p7664,57,1
0,p7665,99,1
0,p7666,26,1
0,p7667,53,1
0,p7668,78,1
0,p7669,69,1
0,p7670,83,1
0,p7671,62,1
0,p7672,93,1
0,p7673,4,1
0,p7674,2,1
0,p7675,48,1
0,p7676,23,1
0,p7677,97,1
0,p7678,55,1
0,p7679,16,1
0,p7680,35,1
0,p7681,70,1
0,p7682,81,1
0,p7683,69,1
0,p7684,62,1
0,p7685,29,1
0,p7686,56,1
0,p7687,12,1
0,p7688,32,1
0,p7689,58,1
0,p7690,76,1
0,p7691,39,1
0,p7692,70,1
0,p7693,12,1
0,p7694,24,1
0,p7695,6,1
0,p7696,91,1
0,p7697,94,1
0,p7698,47,1
0,p7699,37,1
0,p7700,45,1
0,p7701,78,1
0,p7702,83,1
0,p7703,41,1
0,p7704,79,1
0,p7705,79,1
0,p7706,4,1
0,p7707,38,1
0,p7708,81,1
0,p7709,48,1
0,p7710,100,1
0,p7711,75,1
0,p7712,31,1
0,p7713,83,1
0,p7714,64,1
0,p7715,11,1
0,p7716,34,1
0,p7717,83,1
0,p7718,78,1
0,p7719,41,1
0,p7720,11,1
0,p7721,13,1
0,p7722,36,1
0,p7723,19,1
0,p7724,47,1
0,p7725,93,1
0,p7726,16,1
0,p7727,40,1
0,p7728,42,1
0,p7729,95,1
0,p7730,91,1
0,p7731,25,1
0,p7732,77,1
0,p7733,45,1
0,p7734,66,1
0,p7735,85,1
0,p7736,38,1
0,p7737,4,1
0,p7738,59,1
0,p7739,84,1
0,p7740,93,1
0,p7741,61,1
0,p7742,19,1
0,p7743,57,1
0,p7744,47,1
0,p7745,18,1
0,p7746,60,1
0,p7747,82,1
0,p7748,74,1
0,p7749,37,1
0,p7750,52,1
0,p7751,8,1
0,p7752,21,1
0,p7753,32,1
0,p7754,60,1
0,p7755,38,1
0,p7756,23,1
0,p7757,31,1
0,p7758,100,1
0,p7759,20,1
0,p7760,82,1
0,p7761,13,1
0,p7762,7,1
0,p7763,36,1
0,p7764,52,1
0,p7765,58,1
0,p7766,16,1
0,p7767,28,1
0,p7768,9,1
0,p7769,16,1
0,p7770,31,1
0,p7771,51,1
0,p7772,22,1
0,p7773,26,1
0,p7774,58,1
0,p7775,19,1
0,p7776,100,1
0,p7777,51,1
0,p7778,39,1
0,p7779,69,1
0,p7780,69,1
0,p7781,56,1
0,p7782,44,1
0,p7783,89,1
0,p7784,59,1
0,p7785,73,1
0,p7786,17,1
0,p7787,80,1
0,p7788,53,1
0,p7789,79,1
0,p7790,5,1
0,p7791,45,1
0,p7792,12,1
0,p7793,30,1
0,p7794,21,1
0,p7795,41,1
0,p7796,47,1
0,p7797,86,1
0,p7798,22,1
0,p7799,65,1
0,p7800,44,1
0,p7801,87,1
0,p7802,77,1
0,p7803,29,1
0,p7804,66,1
0,p7805,53,1
0,p7806,85,1
0,p7807,39,1
0,p7808,91,1
0,p7809,11,1
0,p7810,64,1
0,p7811,78,1
0,p7812,75,1
0,p7813,72,1
0,p7814,21,1
0,p7815,74,1
0,p7816,38,1
0,p7817,19,1
0,p7818,88,1
0,p7819,6,1
0,p7820,33,1
0,p7821,99,1
0,p7822,77,1
0,p7823,68,1
0,p7824,18,1
0,p7825,17,1
0,p7826,77,1
0,p7827,16,1
0,p7828,9,1
0,p7829,45,1
0,p7830,22,1
0,p7831,25,1
0,p7832,45,1
0,p7833,95,1
0,p7834,20,1
0,p7835,97,1
0,p7836,97,1
0,p7837,23,1
0,p7838,90,1
0,p7839,88,1
0,p7840,35,1
0,p7841,68,1
0,p7842,86,1
0,p7843,74,1
0,p7844,80,1
0,p7845,100,1
0,p7846,16,1
0,p7847,34,1
0,p7848,98,1
0,p7849,10,1
0,p7850,50,1
0,p7851,81,1
0,p7852,15,1
0,p7853,73,1
0,p7854,96,1
0,p7855,70,1
0,p7856,9,1
0,p7857,2,1
0,p7858,10,1
0,p7859,74,1
0,p7860,86,1
0,p7861,70,1
0,p7862,90,1
0,p7863,83,1
0,p7864,65,1
0,p7865,69,1
0,p7866,41,1
0,p7867,29,1
0,p7868,8,1
0,p7869,86,1
0,p7870,70,1
0,p7871,15,1
0,p7872,64,1
0,p7873,23,1
0,p7874,68,1
0,p7875,66,1
0,p7876,29,1
0,p7877,73,1
0,p7878,50,1
0,p7879,99,1
0,p7880,32,1
0,p7881,74,1
0,p7882,76,1
0,p7883,67,1
0,p7884,49,1
0,p7885,9,1
0,p7886,42,1
0,p7887,82,1
0,p7888,81,1
0,p7889,47,1
0,p7890,49,1
0,p7891,14,1
0,p7892,25,1
0,p7893,44,1
0,p7894,39,1
0,p7895,90,1
0,p7896,72,1
0,p7897,42,1
0,p7898,9,1
0,p7899,29,1
0,p7900,23,1
0,p7901,85,1
0,p7902,66,1
0,p7903,64,1
0,p7904,57,1
0,p7905,63,1
0,p7906,68,1
0,p7907,27,1
0,p7908,81,1
0,p7909,55,1
0,p7910,9,1
0,p7911,66,1
0,p7912,10,1
0,p7913,93,1
0,p7914,70,1
0,p7915,28,1
0,p7916,56,1
0,p7917,64,1
0,p7918,83,1
0,p7919,45,1
0,p7920,39,1
0,p7921,11,1
0,p7922,64,1
0,p7923,99,1
0,p7924,17,1
0,p7925,98,1
0,p7926,62,1
0,p7927,21,1
0,p7928,86,1
0,p7929,12,1
0,p7930,3,1
0,p7931,97,1
0,p7932,20,1
0,p7933,85,1
0,p7934,15,1
0,p7935,29,1
0,p7936,15,1
0,p7937,52,1
0,p7938,51,1
0,p7939,27,1
0,p7940,31,1
0,p7941,48,1
0,p7942,91,1
0,p7943,47,1
0,p7944,85,1
0,p7945,54,1
0,p7946,22,1
0,p7947,97,1
0,p7948,45,1
0,p7949,100,1
0,p7950,83,1
0,p7951,14,1
0,p7952,48,1
0,p7953,24,1
0,p7954,16,1
0,p7955,89,1
0,p7956,54,1
0,p7957,11,1
0,p7958,17,1
0,p7959,60,1
0,p7960,43,1
0,p7961,75,1
0,p7962,68,1
0,p7963,75,1
0,p7964,83,1
0,p7965,63,1
0,p7966,40,1
0,p7967,47,1
0,p7968,89,1
0,p7969,19,1
0,p7970,86,1
0,p7971,28,1
0,p7972,13,1
0,p7973,86,1
0,p7974,53,1
0,p7975,71,1
0,p7976,65,1
0,p7977,40,1
0,p7978,23,1
0,p7979,65,1
0,p7980,51,1
0,p7981,15,1
0,p7982,52,1
0,p7983,38,1
0,p7984,60,1
0,p7985,65,1
0,p7986,53,1
0,p7987,13,1
0,p7988,24,1
0,p7989,74,1
0,p7990,24,1
0,p7991,53,1
0,p7992,33,1
0,p7993,24,1
0,p7994,39,1
0,p7995,63,1
0,p7996,24,1
0,p7997,77,1
0,p7998,4,1
0,p7999,97,1
0,p8000,58,1
0,p8001,3,1
0,p8002,13,1
0,p8003,18,1
0,p8004,51,1
0,p8005,76,1
0,p8006,18,1
0,p8007,11,1
0,p8008,46,1
0,p8009,35,1
0,p8010,57,1
0,p8011,85,1
0,p8012,3,1
0,p8013,99,1
0,p8014,77,1
0,p8015,80,1
0,p8016,3,1
0,p8017,35,1
0,p8018,66,1
0,p8019,39,1
0,p8020,39,1
0,p8021,53,1
0,p8022,86,1
0,p8023,85,1
0,p8024,12,1
0,p8025,100,1
0,p8026,22,1
0,p8027,52,1
0,p8028,6,1
0,p8029,24,1
0,p8030,47,1
0,p8031,8,1
0,p8032,42,1
0,p8033,54,1
0,p8034,20,1
0,p8035,78,1
0,p8036,15,1
0,p8037,30,1
0,p8038,21,1
0,p8039,33,1
0,p8040,24,1
0,p8041,85,1
0,p8042,71,1
0,p8043,20,1
0,p8044,77,1
0,p8045,11,1
0,p8046,73,1
0,p8047,30,1
0,p8048,76,1
0,p8049,69,1
0,p8050,43,1
0,p8051,12,1
0,p8052,31,1
0,p8053,77,1
0,p8054,69,1
0,p8055,56,1
0,p8056,45,1
0,p8057,76,1
0,p8058,8,1
0,p8059,41,1
0,p8060,67,1
0,p8061,70,1
0,p8062,16,1
0,p8063,79,1
0,p8064,28,1
0,p8065,12,1
0,p8066,85,1
0,p8067,97,1
0,p8068,48,1
0,p8069,17,1
0,p8070,32,1
0,p8071,13,1
0,p8072,12,1
0,p8073,93,1
0,p8074,75,1
0,p8075,22,1
0,p8076,99,1
0,p8077,87,1
0,p8078,28,1
0,p8079,14,1
0,p8080,14,1
0,p8081,39,1
0,p8082,22,1
0,p8083,41,1
0,p8084,25,1
0,p8085,42,1
0,p8086,72,1
0,p8087,58,1
0,p8088,47,1
0,p8089,72,1
0,p8090,16,1
0,p8091,75,1
0,p8092,89,1
0,p8093,26,1
0,p8094,45,1
0,p8095,73,1
0,p8096,98,1
0,p8097,78,1
0,p8098,49,1
0,p8099,3,1
0,p8100,85,1
0,p8101,49,1
0,p8102,76,1
0,p8103,90,1
0,p8104,5,1
0,p8105,39,1
0,p8106,39,1
0,p8107,24,1
0,p8108,73,1
0,p8109,12,1
0,p8110,95,1
0,p8111,20,1
0,p8112,8,1
0,p8113,10,1
0,p8114,39,1
0,p8115,55,1
0,p8116,42,1
0,p8117,26,1
0,p8118,60,1
0,p8119,85,1
0,p8120,95,1
0,p8121,5,1
0,p8122,47,1
0,p8123,9,1
0,p8124,33,1
0,p8125,78,1
0,p8126,27,1
0,p8127,22,1
0,p8128,10,1
0,p8129,26,1
0,p8130,11,1
0,p8131,92,1
0,p8132,58,1
0,p8133,5,1
0,p8134,26,1
0,p8135,25,1
0,p8136,12,1
0,p8137,59,1
0,p8138,63,1
0,p8139,7,1
0,p8140,50,1
0,p8141,74,1
0,p8142,37,1
0,p8143,71,1
0,p8144,39,1
0,p8145,15,1
0,p8146,9,1
0,p8147,4,1
0,p8148,40,1
0,p8149,4,1
0,p8150,15,1
0,p8151,8,1
0,p8152,44,1
0,p8153,12,1
0,p8154,82,1
0,p8155,29,1
0,p8156,90,1
0,p8157,88,1
0,p8158,75,1
0,p8159,2,1
0,p8160,67,1
0,p8161,69,1
0,p8162,74,1
0,p8163,21,1
0,p8164,22,1
0,p8165,68,1
0,p8166,68,1
0,p8167,72,1
0,p8168,50,1
0,p8169,84,1
0,p8170,62,1
0,p8171,52,1
0,p8172,29,1
0,p8173,66,1
0,p8174,40,1
0,p8175,36,1
0,p8176,23,1
0,p8177,74,1
0,p8178,23,1
0,p8179,56,1
0,p8180,90,1
0,p8181,70,1
0,p8182,68,1
0,p8183,61,1
0,p8184,84,1
0,p8185,23,1
0,p8186,65,1
0,p8187,79,1
0,p8188,67,1
0,p8189,85,1
0,p8190,2,1
0,p8191,96,1
0,p8192,69,1
0,p8193,85,1
0,p8194,79,1
0,p8195,71,1
0,p8196,33,1
0,p8197,75,1
0,p8198,24,1
0,p8199,58,1
0,p8200,18,1
0,p8201,82,1
0,p8202,31,1
0,p8203,74,1
0,p8204,22,1
0,p8205,87,1
0,p8206,61,1
0,p8207,70,1
0,p8208,48,1
0,p8209,99,1
0,p8210,10,1
0,p8211,59,1
0,p8212,94,1
0,p8213,75,1
0,p8214,33,1
0,p8215,27,1
0,p8216,96,1
0,p8217,91,1
0,p8218,3,1
0,p8219,41,1
0,p8220,48,1
0,p8221,28,1
0,p8222,81,1
0,p8223,80,1
0,p8224,53,1
0,p8225,84,1
0,p8226,5,1
0,p8227,86,1
0,p8228,19,1
0,p8229,51,1
0,p8230,26,1
0,p8231,18,1
0,p8232,19,1
0,p8233,80,1
0,p8234,92,1
0,p8235,13,1
0,p8236,75,1
0,p8237,9,1
0,p8238,92,1
0,p8239,68,1
0,p8240,9,1
0,p8241,84,1
0,p8242,84,1
0,p8243,31,1
0,p8244,38,1
0,p8245,5,1
0,p8246,43,1
0,p8247,74,1
0,p8248,34,1
0,p8249,65,1
0,p8250,29,1
0,p8251,36,1
0,p8252,48,1
0,p8253,100,1
0,p8254,28,1
0,p8255,29,1
0,p8256,78,1
0,p8257,52,1
0,p8258,47,1
0,p8259,82,1
0,p8260,96,1
0,p8261,12,1
0,p8262,62,1
0,p8263,95,1
0,p8264,74,1
0,p8265,42,1
0,p8266,60,1
0,p8267,44,1
0,p8268,61,1
0,p8269,14,1
0,p8270,25,1
0,p8271,34,1
0,p8272,82,1
0,p8273,20,1
0,p8274,35,1
0,p8275,68,1
0,p8276,91,1
0,p8277,79,1
0,p8278,76,1
0,p8279,57,1
0,p8280,22,1
0,p8281,12,1
0,p8282,59,1
0,p8283,5,1
0,p8284,37,1
0,p8285,19,1
0,p8286,87,1
0,p8287,70,1
0,p8288,93,1
0,p8289,37,1
0,p8290,28,1
0,p8291,32,1
0,p8292,82,1
0,p8293,21,1
0,p8294,55,1
0,p8295,95,1
0,p8296,78,1
0,p8297,49,1
0,p8298,7,1
0,p8299,21,1
0,p8300,82,1
0,p8301,3,1
0,p8302,53,1
0,p8303,94,1
0,p8304,11,1
0,p8305,97,1
0,p8306,30,1
0,p8307,60,1
0,p8308,54,1
0,p8309,62,1
0,p8310,97,1
0,p8311,99,1
0,p8312,46,1
0,p8313,46,1
0,p8314,71,1
0,p8315,54,1
0,p8316,22,1
0,p8317,21,1
0,p8318,80,1
0,p8319,23,1
0,p8320,74,1
0,p8321,53,1
0,p8322,78,1
0,p8323,2,1
0,p8324,34,1
0,p8325,95,1
0,p8326,24,1
0,p8327,11,1
0,p8328,71,1
0,p8329,87,1
0,p8330,84,1
0,p8331,37,1
0,p8332,45,1
0,p8333,41,1
0,p8334,47,1
0,p8335,17,1
0,p8336,99,1
0,p8337,17,1
0,p8338,100,1
0,p8339,20,1
0,p8340,7,1
0,p8341,61,1
0,p8342,7,1
0,p8343,24,1
0,p8344,17,1
0,p8345,38,1
0,p8346,59,1
0,p8347,75,1
0,p8348,44,1
0,p8349,62,1
0,p8350,78,1
0,p8351,98,1
0,p8352,89,1
0,p8353,55,1
0,p8354,52,1
0,p8355,34,1
0,p8356,77,1
0,p8357,7,1
0,p8358,72,1
0,p8359,70,1
0,p8360,31,1
0,p8361,58,1
0,p8362,99,1
0,p8363,71,1
0,p8364,20,1
0,p8365,28,1
0,p8366,33,1
0,p8367,42,1
0,p8368,25,1
0,p8369,50,1
0,p8370,57,1
0,p8371,51,1
0,p8372,55,1
0,p8373,37,1
0,p8374,24,1
0,p8375,87,1
0,p8376,32,1
0,p8377,96,1
0,p8378,2,1
0,p8379,77,1
0,p8380,52,1
0,p8381,35,1
0,p8382,36,1
0,p8383,33,1
0,p8384,14,1
0,p8385,77,1
0,p8386,31,1
0,p8387,39,1
0,p8388,45,1
0,p8389,57,1
0,p8390,61,1
0,p8391,25,1
0,p8392,62,1
0,p8393,23,1
0,p8394,8,1
0,p8395,87,1
0,p8396,60,1
0,p8397,7,1
0,p8398,2,1
0,p8399,67,1
0,p8400,72,1
0,p8401,60,1
0,p8402,51,1
0,p8403,47,1
0,p8404,89,1
0,p8405,58,1
0,p8406,21,1
0,p8407,23,1
0,p8408,43,1
0,p8409,68,1
0,p8410,6,1
0,p8411,92,1
0,p8412,89,1
0,p8413,57,1
0,p8414,26,1
0,p8415,48,1
0,p8416,98,1
0,p8417,85,1
0,p8418,18,1
0,p8419,12,1
0,p8420,15,1
0,p8421,2,1
0,p8422,70,1
0,p8423,73,1
0,p8424,34,1
0,p8425,60,1
0,p8426,4,1
0,p8427,57,1
0,p8428,95,1
0,p8429,69,1
0,p8430,41,1
0,p8431,67,1
0,p8432,33,1
0,p8433,72,1
0,p8434,82,1
0,p8435,77,1
0,p8436,39,1
0,p8437,94,1
0,p8438,13,1
0,p8439,7,1
0,p8440,44,1
0,p8441,16,1
0,p8442,48,1
0,p8443,4,1
0,p8444,69,1
0,p8445,32,1
0,p8446,62,1
0,p8447,62,1
0,p8448,66,1
0,p8449,97,1
0,p8450,79,1
0,p8451,19,1
0,p8452,71,1
0,p8453,84,1
0,p8454,41,1
0,p8455,50,1
0,p8456,29,1
0,p8457,24,1
0,p8458,61,1
0,p8459,31,1
0,p8460,94,1
0,p8461,12,1
0,p8462,31,1
0,p8463,4,1
0,p8464,86,1
0,p8465,72,1
0,p8466,42,1
0,p8467,20,1
0,p8468,10,1
0,p8469,24,1
0,p8470,55,1
0,p8471,23,1
0,p8472,83,1
0,p8473,62,1
0,p8474,98,1
0,p8475,96,1
0,p8476,6,1
0,p8477,91,1
0,p8478,40,1
0,p8479,46,1
0,p8480,17,1
0,p8481,89,1
0,p8482,81,1
0,p8483,2,1
0,p8484,15,1
0,p8485,47,1
0,p8486,21,1
0,p8487,89,1
0,p8488,52,1
0,p8489,70,1
0,p8490,61,1
0,p8491,47,1
0,p8492,90,1
0,p8493,2,1
0,p8494,66,1
0,p8495,37,1
0,p8496,65,1
0,p8497,2,1
0,p8498,83,1
0,p8499,56,1
0,p8500,53,1
0,p8501,75,1
0,p8502,79,1
0,p8503,68,1
0,p8504,16,1
0,p8505,94,1
0,p8506,32,1
0,p8507,85,1
0,p8508,100,1
0,p8509,47,1
0,p8510,23,1
0,p8511,43,1
0,p8512,30,1
0,p8513,60,1
0,p8514,69,1
0,p8515,26,1
0,p8516,81,1
0,p8517,72,1
0,p8518,91,1
0,p8519,3,1
0,p8520,6,1
0,p8521,55,1
0,p8522,23,1
0,p8523,60,1
0,p8524,55,1
0,p8525,37,1
0,p8526,44,1
0,p8527,73,1
0,p8528,8,1
0,p8529,82,1
0,p8530,63,1
0,p8531,30,1
0,p8532,4,1
0,p8533,47,1
0,p8534,42,1
0,p8535,67,1
0,p8536,87,1
0,p8537,16,1
0,p8538,76,1
0,p8539,89,1
0,p8540,56,1
0,p8541,45,1
0,p8542,59,1
0,p8543,62,1
0,p8544,44,1
0,p8545,54,1
0,p8546,84,1
0,p8547,63,1
0,p8548,77,1
0,p8549,23,1
0,p8550,80,1
0,p8551,14,1
0,p8552,78,1
0,p8553,19,1
0,p8554,55,1
0,p8555,79,1
0,p8556,50,1
0,p8557,7,1
0,p8558,89,1
0,p8559,34,1
0,p8560,28,1
0,p8561,63,1
0,p8562,62,1
0,p8563,58,1
0,p8564,2,1
0,p8565,74,1
0,p8566,59,1
0,p8567,66,1
0,p8568,58,1
0,p8569,99,1
0,p8570,88,1
0,p8571,73,1
0,p8572,60,1
0,p8573,35,1
0,p8574,33,1
0,p8575,4,1
0,p8576,70,1
0,p8577,75,1
0,p8578,75,1
0,p8579,8,1
0,p8580,46,1
0,p8581,77,1
0,p8582,70,1
0,p8583,56,1
0,p8584,22,1
0,p8585,12,1
0,p8586,83,1
0,p8587,74,1
0,p8588,21,1
0,p8589,24,1
0,p8590,85,1
0,p8591,21,1
0,p8592,43,1
0,p8593,11,1
0,p8594,73,1
0,p8595,26,1
0,p8596,84,1
0,p8597,50,1
0,p8598,92,1
0,p8599,81,1
0,p8600,49,1
0,p8601,63,1
0,p8602,75,1
0,p8603,100,1
0,p8604,54,1
0,p8605,26,1
0,p8606,98,1
0,p8607,3,1
0,p8608,39,1
0,p8609,39,1
0,p8610,42,1
0,p8611,70,1
0,p8612,75,1
0,p8613,75,1
0,p8614,71,1
0,p8615,19,1
0,p8616,66,1
0,p8617,14,1
0,p8618,77,1
0,p8619,16,1
0,p8620,66,1
0,p8621,100,1
0,p8622,86,1
0,p8623,11,1
0,p8624,80,1
0,p8625,28,1
0,p8626,16,1
0,p8627,80,1
0,p8628,54,1
0,p8629,52,1
0,p8630,48,1
0,p8631,73,1
0,p8632,39,1
0,p8633,16,1
0,p8634,36,1
0,p8635,84,1
0,p8636,34,1
0,p8637,61,1
0,p8638,11,1
0,p8639,59,1
0,p8640,13,1
0,p8641,63,1
0,p8642,10,1
0,p8643,91,1
0,p8644,35,1
0,p8645,10,1
0,p8646,29,1
0,p8647,3,1
0,p8648,93,1
0,p8649,90,1
0,p8650,46,1
0,p8651,79,1
0,p8652,80,1
0,p8653,32,1
0,p8654,49,1
0,p8655,9,1
0,p8656,23,1
0,p8657,32,1
0,p8658,64,1
0,p8659,14,1
0,p8660,87,1
0,p8661,30,1
0,p8662,75,1
0,p8663,99,1
0,p8664,90,1
0,p8665,51,1
0,p8666,6,1
0,p8667,58,1
0,p8668,65,1
0,p8669,53,1
0,p8670,26,1
0,p8671,59,1
0,p8672,17,1
0,p8673,36,1
0,p8674,44,1
0,p8675,98,1
0,p8676,94,1
0,p8677,21,1
0,p8678,15,1
0,p8679,16,1
0,p8680,89,1
0,p8681,90,1
0,p8682,41,1
0,p8683,37,1
0,p8684,7,1
0,p8685,93,1
0,p8686,23,1
0,p8687,49,1
0,p8688,13,1
0,p8689,66,1
0,p8690,95,1
0,p8691,17,1
0,p8692,21,1
0,p8693,94,1
0,p8694,83,1
0,p8695,32,1
0,p8696,72,1
0,p8697,61,1
0,p8698,74,1
0,p8699,13,1
0,p8700,60,1
0,p8701,61,1
0,p8702,98,1
0,p8703,76,1
0,p8704,23,1
0,p8705,89,1
0,p8706,78,1
0,p8707,7,1
0,p8708,24,1
0,p8709,88,1
0,p8710,92,1
0,p8711,15,1
0,p8712,98,1
0,p8713,8,1
0,p8714,17,1
0,p8715,80,1
0,p8716,46,1
0,p8717,87,1
0,p8718,26,1
0,p8719,58,1
0,p8720,19,1
0,p8721,69,1
0,p8722,72,1
0,p8723,98,1
0,p8724,99,1
0,p8725,24,1
0,p8726,82,1
0,p8727,34,1
0,p8728,28,1
0,p8729,54,1
0,p8730,26,1
0,p8731,5,1
0,p8732,87,1
0,p8733,37,1
0,p8734,42,1
0,p8735,90,1
0,p8736,9,1
0,p8737,27,1
0,p8738,78,1
0,p8739,92,1
0,p8740,16,1
0,p8741,5,1
0,p8742,72,1
0,p8743,65,1
0,p8744,93,1
0,p8745,79,1
0,p8746,91,1
0,p8747,26,1
0,p8748,5,1
0,p8749,8,1
0,p8750,57,1
0,p8751,22,1
0,p8752,74,1
0,p8753,94,1
0,p8754,37,1
0,p8755,17,1
0,p8756,83,1
0,p8757,67,1
0,p8758,47,1
0,p8759,51,1
0,p8760,64,1
0,p8761,40,1
0,p8762,36,1
0,p8763,41,1
0,p8764,65,1
0,p8765,46,1
0,p8766,68,1
0,p8767,5,1
0,p8768,43,1
0,p8769,61,1
0,p8770,35,1
0,p8771,14,1
0,p8772,85,1
0,p8773,86,1
0,p8774,94,1
0,p8775,33,1
0,p8776,31,1
0,p8777,36,1
0,p8778,99,1
0,p8779,62,1
0,p8780,24,1
0,p8781,51,1
0,p8782,74,1
0,p8783,20,1
0,p8784,55,1
0,p8785,23,1
0,p8786,44,1
0,p8787,96,1
0,p8788,22,1
0,p8789,86,1
0,p8790,82,1
0,p8791,20,1
0,p8792,91,1
0,p8793,74,1
0,p8794,33,1
0,p8795,74,1
0,p8796,97,1
0,p8797,90,1
0,p8798,28,1
0,p8799,8,1
0,p8800,49,1
0,p8801,96,1
0,p8802,69,1
0,p8803,60,1
0,p8804,59,1
0,p8805,50,1
0,p8806,45,1
0,p8807,23,1
0,p8808,51,1
0,p8809,77,1
0,p8810,79,1
0,p8811,48,1
0,p8812,29,1
0,p8813,77,1
0,p8814,3,1
0,p8815,92,1
0,p8816,8,1
0,p8817,7,1
0,p8818,9,1
0,p8819,93,1
0,p8820,65,1
0,p8821,17,1
0,p8822,66,1
0,p8823,51,1
0,p8824,55,1
0,p8825,40,1
0,p8826,57,1
0,p8827,56,1
0,p8828,47,1
0,p8829,80,1
0,p8830,22,1
0,p8831,43,1
0,p8832,41,1
0,p8833,75,1
0,p8834,10,1
0,p8835,31,1
0,p8836,87,1
0,p8837,90,1
0,p8838,31,1
0,p8839,44,1
0,p8840,51,1
0,p8841,80,1
0,p8842,91,1
0,p8843,95,1
0,p8844,22,1
0,p8845,65,1
0,p8846,73,1
0,p8847,44,1
0,p8848,69,1
0,p8849,84,1
0,p8850,59,1
0,p8851,31,1
0,p8852,78,1
0,p8853,33,1
0,p8854,25,1
0,p8855,46,1
0,p8856,49,1
0,p8857,95,1
0,p8858,77,1
0,p8859,12,1
0,p8860,72,1
0,p8861,23,1
0,p8862,8,1
0,p8863,100,1
0,p8864,9,1
0,p8865,21,1
0,p8866,96,1
0,p8867,41,1
0,p8868,64,1
0,p8869,6,1
0,p8870,62,1
0,p8871,74,1
0,p8872,18,1
0,p8873,18,1
0,p8874,56,1
0,p8875,30,1
0,p8876,45,1
0,p8877,54,1
0,p8878,91,1
0,p8879,12,1
0,p8880,81,1
0,p8881,95,1
0,p8882,44,1
0,p8883,75,1
0,p8884,35,1
0,p8885,89,1
0,p8886,23,1
0,p8887,61,1
0,p8888,93,1
0,p8889,64,1
0,p8890,48,1
0,p8891,46,1
0,p8892,12,1
0,p8893,91,1
0,p8894,3,1
0,p8895,92,1
0,p8896,94,1
0,p8897,50,1
0,p8898,47,1
0,p8899,93,1
0,p8900,23,1
0,p8901,2,1
0,p8902,75,1
0,p8903,16,1
0,p8904,83,1
0,p8905,77,1
0,p8906,84,1
0,p8907,93,1
0,p8908,83,1
0,p8909,16,1
0,p8910,45,1
0,p8911,70,1
0,p8912,44,1
0,p8913,78,1
0,p8914,63,1
0,p8915,87,1
0,p8916,79,1
0,p8917,96,1
0,p8918,58,1
0,p8919,50,1
0,p8920,89,1
0,p8921,100,1
0,p8922,5,1
0,p8923,88,1
0,p8924,18,1
0,p8925,35,1
0,p8926,29,1
0,p8927,39,1
0,p8928,87,1
0,p8929,26,1
0,p8930,53,1
0,p8931,42,1
0,p8932,66,1
0,p8933,86,1
0,p8934,73,1
0,p8935,71,1
0,p8936,72,1
0,p8937,26,1
0,p8938,79,1
0,p8939,67,1
0,p8940,2,1
0,p8941,24,1
0,p8942,7,1
0,p8943,61,1
0,p8944,35,1
0,p8945,81,1
0,p8946,74,1
0,p8947,99,1
0,p8948,9,1
0,p8949,57,1
0,p8950,90,1
0,p8951,10,1
0,p8952,100,1
0,p8953,72,1
0,p8954,9,1
0,p8955,55,1
0,p8956,92,1
0,p8957,49,1
0,p8958,6,1
0,p8959,52,1
0,p8960,27,1
0,p8961,90,1
0,p8962,83,1
0,p8963,87,1
0,p8964,82,1
0,p8965,61,1
0,p8966,43,1
0,p8967,35,1
0,p8968,21,1
0,p8969,87,1
0,p8970,85,1
0,p8971,90,1
0,p8972,86,1
0,p8973,83,1
0,p8974,26,1
0,p8975,93,1
0,p8976,69,1
0,p8977,85,1
0,p8978,31,1
0,p8979,16,1
0,p8980,48,1
0,p8981,53,1
0,p8982,15,1
0,p8983,5,1
0,p8984,93,1
0,p8985,13,1
0,p8986,41,1
0,p8987,12,1
0,p8988,33,1
0,p8989,56,1
0,p8990,24,1
0,p8991,24,1
0,p8992,9,1
0,p8993,49,1
0,p8994,48,1
0,p8995,99,1
0,p8996,49,1
0,p8997,20,1
0,p8998,87,1
0,p8999,25,1
0,p9000,16,1
0,p9001,69,1
0,p9002,40,1
0,p9003,70,1
0,p9004,13,1
0,p9005,38,1
0,p9006,53,1
0,p9007,5,1
0,p9008,9,1
0,p9009,38,1
0,p9010,14,1
0,p9011,11,1
0,p9012,97,1
0,p9013,89,1
0,p9014,78,1
0,p9015,70,1
0,p9016,48,1
0,p9017,17,1
0,p9018,38,1
0,p9019,85,1
0,p9020,42,1
0,p9021,66,1
0,p9022,53,1
0,p9023,34,1
0,p9024,66,1
0,p9025,13,1
0,p9026,50,1
0,p9027,69,1
0,p9028,90,1
0,p9029,58,1
0,p9030,31,1
0,p9031,88,1
0,p9032,89,1
0,p9033,5,1
0,p9034,42,1
0,p9035,76,1
0,p9036,16,1
0,p9037,92,1
0,p9038,57,1
0,p9039,79,1
0,p9040,65,1
0,p9041,92,1
0,p9042,24,1
0,p9043,30,1
0,p9044,34,1
0,p9045,31,1
0,p9046,51,1
0,p9047,39,1
0,p9048,23,1
0,p9049,54,1
0,p9050,74,1
0,p9051,35,1
0,p9052,86,1
0,p9053,76,1
0,p9054,97,1
0,p9055,30,1
0,p9056,39,1
0,p9057,77,1
0,p9058,89,1
0,p9059,71,1
0,p9060,16,1
0,p9061,86,1
0,p9062,36,1
0,p9063,85,1
0,p9064,66,1
0,p9065,52,1
0,p9066,41,1
0,p9067,42,1
0,p9068,74,1
0,p9069,90,1
0,p9070,62,1
0,p9071,59,1
0,p9072,14,1
0,p9073,45,1
0,p9074,13,1
0,p9075,100,1
0,p9076,29,1
0,p9077,66,1
0,p9078,51,1
0,p9079,60,1
0,p9080,78,1
0,p9081,69,1
0,p9082,9,1
0,p9083,92,1
0,p9084,11,1
0,p9085,61,1
0,p9086,44,1
0,p9087,85,1
0,p9088,38,1
0,p9089,50,1
0,p9090,41,1
0,p9091,5,1
0,p9092,28,1
0,p9093,10,1
0,p9094,68,1
0,p9095,100,1
0,p9096,85,1
0,p9097,30,1
0,p9098,52,1
0,p9099,93,1
0,p9100,20,1
0,p9101,24,1
0,p9102,24,1
0,p9103,8,1
0,p9104,39,1
0,p9105,89,1
0,p9106,21,1
0,p9107,63,1
0,p9108,33,1
0,p9109,38,1
0,p9110,55,1
0,p9111,20,1
0,p9112,78,1
0,p9113,84,1
0,p9114,65,1
0,p9115,13,1
0,p9116,57,1
0,p9117,61,1
0,p9118,87,1
0,p9119,99,1
0,p9120,100,1
0,p9121,61,1
0,p9122,70,1
0,p9123,33,1
0,p9124,52,1
0,p9125,79,1
0,p9126,56,1
0,p9127,14,1
0,p9128,44,1
0,p9129,75,1
0,p9130,11,1
0,p9131,33,1
0,p9132,35,1
0,p9133,97,1
0,p9134,57,1
0,p9135,31,1
0,p9136,30,1
0,p9137,73,1
0,p9138,49,1
0,p9139,96,1
0,p9140,30,1
0,p9141,97,1
0,p9142,24,1
0,p9143,58,1
0,p9144,28,1
0,p9145,72,1
0,p9146,4,1
0,p9147,98,1
0,p9148,50,1
0,p9149,85,1
0,p9150,18,1
0,p9151,77,1
0,p9152,10,1
0,p9153,4,1
0,p9154,54,1
0,p9155,85,1
0,p9156,10,1
0,p9157,34,1
0,p9158,45,1
0,p9159,49,1
0,p9160,77,1
0,p9161,23,1
0,p9162,94,1
0,p9163,27,1
0,p9164,51,1
0,p9165,91,1
0,p9166,24,1
0,p9167,66,1
0,p9168,12,1
0,p9169,31,1
0,p9170,83,1
0,p9171,86,1
0,p9172,77,1
0,p9173,44,1
0,p9174,90,1
0,p9175,51,1
0,p9176,4,1
0,p9177,57,1
0,p9178,38,1
0,p9179,85,1
0,p9180,67,1
0,p9181,28,1
0,p9182,87,1
0,p9183,39,1
0,p9184,63,1
0,p9185,24,1
0,p9186,82,1
0,p9187,59,1
0,p9188,87,1
0,p9189,96,1
0,p9190,23,1
0,p9191,56,1
0,p9192,89,1
0,p9193,55,1
0,p9194,47,1
0,p9195,62,1
0,p9196,84,1
0,p9197,75,1
0,p9198,78,1
0,p9199,6,1
0,p9200,8,1
0,p9201,37,1
0,p9202,77,1
0,p9203,78,1
0,p9204,79,1
0,p9205,37,1
0,p9206,89,1
0,p9207,99,1
0,p9208,21,1
0,p9209,50,1
0,p9210,78,1
0,p9211,93,1
0,p9212,78,1
0,p9213,92,1
0,p9214,90,1
0,p9215,18,1
0,p9216,87,1
0,p9217,76,1
0,p9218,13,1
0,p9219,98,1
0,p9220,9,1
0,p9221,67,1
0,p9222,24,1
0,p9223,93,1
0,p9224,68,1
0,p9225,95,1
0,p9226,18,1
0,p9227,67,1
0,p9228,76,1
0,p9229,85,1
0,p9230,19,1
0,p9231,78,1
0,p9232,35,1
0,p9233,91,1
0,p9234,34,1
0,p9235,64,1
0,p9236,56,1
0,p9237,50,1
0,p9238,93,1
0,p9239,8,1
0,p9240,91,1
0,p9241,60,1
0,p9242,26,1
0,p9243,87,1
0,p9244,100,1
0,p9245,20,1
0,p9246,53,1
0,p9247,60,1
0,p9248,49,1
0,p9249,83,1
0,p9250,24,1
0,p9251,12,1
0,p9252,41,1
0,p9253,79,1
0,p9254,63,1
0,p9255,8,1
0,p9256,82,1
0,p9257,32,1
0,p9258,21,1
0,p9259,51,1
0,p9260,20,1
0,p9261,97,1
0,p9262,14,1
0,p9263,15,1
0,p9264,2,1
0,p9265,72,1
0,p9266,94,1
0,p9267,18,1
0,p9268,35,1
0,p9269,38,1
0,p9270,22,1
0,p9271,71,1
0,p9272,14,1
0,p9273,100,1
0,p9274,16,1
0,p9275,11,1
0,p9276,99,1
0,p9277,74,1
0,p9278,65,1
0,p9279,47,1
0,p9280,34,1
0,p9281,31,1
0,p9282,83,1
0,p9283,58,1
0,p9284,32,1
0,p9285,27,1
0,p9286,85,1
0,p9287,82,1
0,p9288,4,1
0,p9289,24,1
0,p9290,81,1
0,p9291,86,1
0,p9292,95,1
0,p9293,48,1
0,p9294,20,1
0,p9295,16,1
0,p9296,41,1
0,p9297,75,1
0,p9298,7,1
0,p9299,80,1
0,p9300,80,1
0,p9301,8,1
0,p9302,77,1
0,p9303,19,1
0,p9304,15,1
0,p9305,44,1
0,p9306,38,1
0,p9307,57,1
0,p9308,16,1
0,p9309,29,1
0,p9310,65,1
0,p9311,77,1
0,p9312,78,1
0,p9313,27,1
0,p9314,66,1
0,p9315,14,1
0,p9316,55,1
0,p9317,10,1
0,p9318,61,1
0,p9319,21,1
0,p9320,24,1
0,p9321,78,1
0,p9322,52,1
0,p9323,86,1
0,p9324,18,1
0,p9325,93,1
0,p9326,29,1
0,p9327,30,1
0,p9328,57,1
0,p9329,85,1
0,p9330,9,1
0,p9331,16,1
0,p9332,57,1
0,p9333,9,1
0,p9334,23,1
0,p9335,19,1
0,p9336,20,1
0,p9337,51,1
0,p9338,81,1
0,p9339,44,1
0,p9340,96,1
0,p9341,33,1
0,p9342,76,1
0,p9343,30,1
0,p9344,41,1
0,p9345,36,1
0,p9346,71,1
0,p9347,99,1
0,p9348,63,1
0,p9349,83,1
0,p9350,41,1
0,p9351,23,1
0,p9352,95,1
0,p9353,48,1
0,p9354,5,1
0,p9355,51,1
0,p9356,23,1
0,p9357,6,1
0,p9358,33,1
0,p9359,91,1
0,p9360,63,1
0,p9361,77,1
0,p9362,49,1
0,p9363,49,1
0,p9364,73,1
0,p9365,70,1
0,p9366,40,1
0,p9367,72,1
0,p9368,19,1
0,p9369,37,1
0,p9370,58,1
0,p9371,99,1
0,p9372,29,1
0,p9373,50,1
0,p9374,80,1
0,p9375,52,1
0,p9376,66,1
0,p9377,87,1
0,p9378,30,1
0,p9379,46,1
0,p9380,12,1
0,p9381,94,1
0,p9382,88,1
0,p9383,88,1
0,p9384,66,1
0,p9385,49,1
0,p9386,98,1
0,p9387,71,1
0,p9388,9,1
0,p9389,46,1
0,p9390,4,1
0,p9391,60,1
0,p9392,72,1
0,p9393,38,1
0,p9394,94,1
0,p9395,41,1
0,p9396,81,1
0,p9397,59,1
0,p9398,95,1
0,p9399,63,1
0,p9400,70,1
0,p9401,12,1
0,p9402,97,1
0,p9403,22,1
0,p9404,6,1
0,p9405,23,1
0,p9406,70,1
0,p9407,50,1
0,p9408,42,1
0,p9409,5,1
0,p9410,36,1
0,p9411,85,1
0,p9412,85,1
0,p9413,69,1
0,p9414,67,1
0,p9415,24,1
0,p9416,67,1
0,p9417,95,1
0,p9418,88,1
0,p9419,97,1
0,p9420,100,1
0,p9421,3,1
0,p9422,70,1
0,p9423,44,1
0,p9424,62,1
0,p9425,58,1
0,p9426,11,1
0,p9427,80,1
0,p9428,81,1
0,p9429,28,1
0,p9430,89,1
0,p9431,91,1
0,p9432,7,1
0,p9433,28,1
0,p9434,92,1
0,p9435,56,1
0,p9436,87,1
0,p9437,43,1
0,p9438,99,1
0,p9439,9,1
0,p9440,63,1
0,p9441,69,1
0,p9442,99,1
0,p9443,42,1
0,p9444,18,1
0,p9445,77,1
0,p9446,92,1
0,p9447,19,1
0,p9448,69,1
0,p9449,13,1
0,p9450,93,1
0,p9451,62,1
0,p9452,48,1
0,p9453,52,1
0,p9454,14,1
0,p9455,23,1
0,p9456,66,1
0,p9457,3,1
0,p9458,84,1
0,p9459,53,1
0,p9460,74,1
0,p9461,29,1
0,p9462,4,1
0,p9463,64,1
0,p9464,84,1
0,p9465,53,1
0,p9466,39,1
0,p9467,72,1
0,p9468,17,1
0,p9469,58,1
0,p9470,37,1
0,p9471,25,1
0,p9472,32,1
0,p9473,13,1
0,p9474,90,1
0,p9475,5,1
0,p9476,5,1
0,p9477,51,1
0,p9478,77,1
0,p9479,31,1
0,p9480,76,1
0,p9481,9,1
0,p9482,52,1
0,p9483,87,1
0,p9484,69,1
0,p9485,15,1
0,p9486,34,1
0,p9487,20,1
0,p9488,47,1
0,p9489,8,1
0,p9490,37,1
0,p9491,67,1
0,p9492,56,1
0,p9493,57,1
0,p9494,40,1
0,p9495,50,1
0,p9496,40,1
0,p9497,11,1
0,p9498,48,1
0,p9499,49,1
0,p9500,5,1
0,p9501,62,1
0,p9502,75,1
0,p9503,3,1
0,p9504,79,1
0,p9505,93,1
0,p9506,100,1
0,p9507,53,1
0,p9508,30,1
0,p9509,32,1
0,p9510,98,1
0,p9511,94,1
0,p9512,17,1
0,p9513,72,1
0,p9514,92,1
0,p9515,88,1
0,p9516,51,1
0,p9517,33,1
0,p9518,31,1
0,p9519,41,1
0,p9520,98,1
0,p9521,47,1
0,p9522,100,1
0,p9523,9,1
0,p9524,75,1
0,p9525,99,1
0,p9526,14,1
0,p9527,4,1
0,p9528,92,1
0,p9529,2,1
0,p9530,21,1
0,p9531,74,1
0,p9532,93,1
0,p9533,27,1
0,p9534,68,1
0,p9535,44,1
0,p9536,68,1
0,p9537,46,1
0,p9538,94,1
0,p9539,77,1
0,p9540,87,1
0,p9541,48,1
0,p9542,94,1
0,p9543,2,1
0,p9544,45,1
0,p9545,63,1
0,p9546,78,1
0,p9547,77,1
0,p9548,100,1
0,p9549,89,1
0,p9550,66,1
0,p9551,70,1
0,p9552,17,1
0,p9553,60,1
0,p9554,82,1
0,p9555,32,1
0,p9556,21,1
0,p9557,28,1
0,p9558,13,1
0,p9559,6,1
0,p9560,39,1
0,p9561,20,1
0,p9562,24,1
0,p9563,96,1
0,p9564,50,1
0,p9565,28,1
0,p9566,89,1
0,p9567,46,1
0,p9568,65,1
0,p9569,50,1
0,p9570,98,1
0,p9571,15,1
0,p9572,36,1
0,p9573,37,1
0,p9574,93,1
0,p9575,53,1
0,p9576,91,1
0,p9577,76,1
0,p9578,39,1
0,p9579,61,1
0,p9580,33,1
0,p9581,57,1
0,p9582,89,1
0,p9583,71,1
0,p9584,78,1
0,p9585,39,1
0,p9586,62,1
0,p9587,66,1
0,p9588,11,1
0,p9589,84,1
0,p9590,11,1
0,p9591,32,1
0,p9592,19,1
0,p9593,83,1
0,p9594,7,1
0,p9595,55,1
0,p9596,95,1
0,p9597,32,1
0,p9598,68,1
0,p9599,85,1
0,p9600,89,1
0,p9601,49,1
0,p9602,34,1
0,p9603,58,1
0,p9604,37,1
0,p9605,54,1
0,p9606,57,1
0,p9607,8,1
0,p9608,67,1
0,p9609,53,1
0,p9610,16,1
0,p9611,49,1
0,p9612,36,1
0,p9613,75,1
0,p9614,81,1
0,p9615,41,1
0,p9616,92,1
0,p9617,51,1
0,p9618,54,1
0,p9619,7,1
0,p9620,86,1
0,p9621,13,1
0,p9622,40,1
0,p9623,33,1
0,p9624,3,1
0,p9625,100,1
0,p9626,54,1
0,p9627,76,1
0,p9628,29,1
0,p9629,44,1
0,p9630,20,1
0,p9631,8,1
0,p9632,11,1
0,p9633,68,1
0,p9634,35,1
0,p9635,4,1
0,p9636,27,1
0,p9637,53,1
0,p9638,83,1
0,p9639,55,1
0,p9640,72,1
0,p9641,63,1
0,p9642,47,1
0,p9643,6,1
0,p9644,11,1
0,p9645,96,1
0,p9646,57,1
0,p9647,15,1
0,p9648,89,1
0,p9649,41,1
0,p9650,61,1
0,p9651,100,1
0,p9652,67,1
0,p9653,46,1
0,p9654,4,1
0,p9655,27,1
0,p9656,52,1
0,p9657,5,1
0,p9658,35,1
0,p9659,66,1
0,p9660,65,1
0,p9661,93,1
0,p9662,32,1
0,p9663,41,1
0,p9664,25,1
0,p9665,15,1
0,p9666,53,1
0,p9667,67,1
0,p9668,99,1
0,p9669,86,1
0,p9670,41,1
0,p9671,89,1
0,p9672,4,1
0,p9673,47,1
0,p9674,69,1
0,p9675,36,1
0,p9676,30,1
0,p9677,21,1
0,p9678,97,1
0,p9679,61,1
0,p9680,25,1
0,p9681,53,1
0,p9682,66,1
0,p9683,72,1
0,p9684,63,1
0,p9685,79,1
0,p9686,90,1
0,p9687,9,1
0,p9688,50,1
0,p9689,67,1
0,p9690,73,1
0,p9691,53,1
0,p9692,44,1
0,p9693,90,1
0,p9694,4,1
0,p9695,18,1
0,p9696,12,1
0,p9697,94,1
0,p9698,62,1
0,p9699,25,1
0,p9700,75,1
0,p9701,85,1
0,p9702,80,1
0,p9703,32,1
0,p9704,2,1
0,p9705,81,1
0,p9706,29,1
0,p9707,62,1
0,p9708,95,1
0,p9709,64,1
0,p9710,16,1
0,p9711,27,1
0,p9712,71,1
0,p9713,76,1
0,p9714,73,1
0,p9715,59,1
0,p9716,95,1
0,p9717,94,1
0,p9718,21,1
0,p9719,85,1
0,p9720,5,1
0,p9721,59,1
0,p9722,86,1
0,p9723,59,1
0,p9724,42,1
0,p9725,15,1
0,p9726,92,1
0,p9727,20,1
0,p9728,54,1
0,p9729,8,1
0,p9730,55,1
0,p9731,95,1
0,p9732,7,1
0,p9733,21,1
0,p9734,52,1
0,p9735,88,1
0,p9736,26,1
0,p9737,95,1
0,p9738,96,1
0,p9739,80,1
0,p9740,52,1
0,p9741,94,1
0,p9742,24,1
0,p9743,3,1
0,p9744,96,1
0,p9745,21,1
0,p9746,37,1
0,p9747,41,1
0,p9748,82,1
0,p9749,78,1
0,p9750,37,1
0,p9751,18,1
0,p9752,61,1
0,p9753,25,1
0,p9754,51,1
0,p9755,85,1
0,p9756,73,1
0,p9757,77,1
0,p9758,92,1
0,p9759,33,1
0,p9760,14,1
0,p9761,20,1
0,p9762,19,1
0,p9763,73,1
0,p9764,24,1
0,p9765,57,1
0,p9766,19,1
0,p9767,100,1
0,p9768,4,1
0,p9769,77,1
0,p9770,60,1
0,p9771,52,1
0,p9772,3,1
0,p9773,22,1
0,p9774,66,1
0,p9775,92,1
0,p9776,9,1
0,p9777,29,1
0,p9778,89,1
0,p9779,58,1
0,p9780,51,1
0,p9781,49,1
0,p9782,15,1
0,p9783,10,1
0,p9784,30,1
0,p9785,75,1
0,p9786,9,1
0,p9787,26,1
0,p9788,64,1
0,p9789,33,1
0,p9790,43,1
0,p9791,56,1
0,p9792,34,1
0,p9793,89,1
0,p9794,46,1
0,p9795,88,1
0,p9796,74,1
0,p9797,57,1
0,p9798,88,1
0,p9799,8,1
0,p9800,18,1
0,p9801,3,1
0,p9802,35,1
0,p9803,58,1
0,p9804,40,1
0,p9805,26,1
0,p9806,63,1
0,p9807,79,1
0,p9808,88,1
0,p9809,95,1
0,p9810,21,1
0,p9811,29,1
0,p9812,73,1
0,p9813,14,1
0,p9814,70,1
0,p9815,100,1
0,p9816,47,1
0,p9817,40,1
0,p9818,86,1
0,p9819,55,1
0,p9820,27,1
0,p9821,82,1
0,p9822,90,1
0,p9823,72,1
0,p9824,25,1
0,p9825,57,1
0,p9826,19,1
0,p9827,65,1
0,p9828,67,1
0,p9829,45,1
0,p9830,41,1
0,p9831,82,1
0,p9832,69,1
0,p9833,48,1
0,p9834,4,1
0,p9835,35,1
0,p9836,4,1
0,p9837,15,1
0,p9838,27,1
0,p9839,52,1
0,p9840,15,1
0,p9841,12,1
0,p9842,77,1
0,p9843,81,1
0,p9844,54,1
0,p9845,91,1
0,p9846,52,1
0,p9847,74,1
0,p9848,76,1
0,p9849,94,1
0,p9850,64,1
0,p9851,3,1
0,p9852,95,1
0,p9853,53,1
0,p9854,76,1
0,p9855,7,1
0,p9856,94,1
0,p9857,17,1
0,p9858,28,1
0,p9859,55,1
0,p9860,28,1
0,p9861,4,1
0,p9862,100,1
0,p9863,57,1
0,p9864,56,1
0,p9865,4,1
0,p9866,57,1
0,p9867,46,1
0,p9868,30,1
0,p9869,91,1
0,p9870,98,1
0,p9871,48,1
0,p9872,59,1
0,p9873,38,1
0,p9874,86,1
0,p9875,6,1
0,p9876,71,1
0,p9877,8,1
0,p9878,14,1
0,p9879,48,1
0,p9880,93,1
0,p9881,27,1
0,p9882,30,1
0,p9883,54,1
0,p9884,47,1
0,p9885,19,1
0,p9886,40,1
0,p9887,39,1
0,p9888,84,1
0,p9889,98,1
0,p9890,47,1
0,p9891,48,1
0,p9892,43,1
0,p9893,95,1
0,p9894,38,1
0,p9895,62,1
0,p9896,3,1
0,p9897,60,1
0,p9898,37,1
0,p9899,56,1
0,p9900,54,1
0,p9901,5,1
0,p9902,61,1
0,p9903,94,1
0,p9904,67,1
0,p9905,100,1
0,p9906,40,1
0,p9907,13,1
0,p9908,10,1
0,p9909,16,1
0,p9910,38,1
0,p9911,21,1
0,p9912,48,1
0,p9913,30,1
0,p9914,15,1
0,p9915,89,1
0,p9916,95,1
0,p9917,46,1
0,p9918,72,1
0,p9919,14,1
0,p9920,46,1
0,p9921,28,1
0,p9922,83,1
0,p9923,4,1
0,p9924,16,1
0,p9925,90,1
0,p9926,24,1
0,p9927,79,1
0,p9928,100,1
0,p9929,69,1
0,p9930,58,1
0,p9931,99,1
0,p9932,99,1
0,p9933,69,1
0,p9934,7,1
0,p9935,99,1
0,p9936,93,1
0,p9937,32,1
0,p9938,19,1
0,p9939,67,1
0,p9940,98,1
0,p9941,67,1
0,p9942,35,1
0,p9943,42,1
0,p9944,18,1
0,p9945,71,1
0,p9946,2,1
0,p9947,96,1
0,p9948,83,1
0,p9949,50,1
0,p9950,76,1
0,p9951,14,1
0,p9952,7,1
0,p9953,40,1
0,p9954,89,1
0,p9955,60,1
0,p9956,34,1
0,p9957,72,1
0,p9958,70,1
0,p9959,37,1
0,p9960,83,1
0,p9961,35,1
0,p9962,4,1
0,p9963,75,1
0,p9964,55,1
0,p9965,21,1
0,p9966,43,1
0,p9967,15,1
0,p9968,94,1
0,p9969,29,1
0,p9970,49,1
0,p9971,38,1
0,p9972,81,1
0,p9973,36,1
0,p9974,95,1
0,p9975,69,1
0,p9976,2,1
0,p9977,34,1
0,p9978,51,1
0,p9979,93,1
0,p9980,96,1
0,p9981,74,1
0,p9982,32,1
0,p9983,29,1
0,p9984,34,1
0,p9985,5,1
0,p9986,42,1
0,p9987,4,1
0,p9988,74,1
0,p9989,68,1
0,p9990,85,1
0,p9991,56,1
0,p9992,43,1
0,p9993,59,1
0,p9994,44,1
0,p9995,15,1
0,p9996,70,1
0,p9997,21,1
0,p9998,54,1
0,p9999,39,1
