time,id,source,dest
0,p0,42,1
1,p1,37,1
4,p2,2,1
6,p3,75,1
9,p4,14,1
12,p5,28,1
15,p6,19,1
16,p7,12,1
17,p8,96,1
18,p9,35,1
20,p10,16,1
23,p11,93,1
24,p12,9,1
25,p13,21,1
27,p14,42,1
30,p15,92,1
33,p16,31,1
35,p17,15,1
36,p18,31,1
38,p19,66,1
39,p20,12,1
42,p21,20,1
44,p22,98,1
46,p23,48,1
49,p24,98,1
50,p25,27,1
51,p26,45,1
52,p27,65,1
53,p28,88,1
55,p29,29,1
57,p30,40,1
59,p31,38,1
60,p32,18,1
61,p33,76,1
63,p34,18,1
66,p35,29,1
68,p36,21,1
71,p37,99,1
74,p38,26,1
76,p39,19,1
79,p40,59,1
80,p41,75,1
83,p42,34,1
86,p43,50,1
89,p44,19,1
91,p45,73,1
92,p46,25,1
94,p47,64,1
97,p48,10,1
98,p49,13,1
100,p50,29,1
102,p51,32,1
103,p52,22,1
106,p53,100,1
107,p54,35,1
108,p55,56,1
109,p56,71,1
112,p57,39,1
113,p58,84,1
116,p59,95,1
118,p60,28,1
121,p61,28,1
124,p62,28,1
126,p63,73,1
129,p64,28,1
132,p65,56,1
135,p66,30,1
136,p67,93,1
137,p68,69,1
139,p69,58,1
140,p70,94,1
142,p71,69,1
144,p72,13,1
145,p73,44,1
148,p74,69,1
151,p75,69,1
153,p76,68,1
155,p77,84,1
156,p78,33,1
159,p79,92,1
160,p80,57,1
163,p81,15,1
166,p82,10,1
169,p83,38,1
172,p84,30,1
174,p85,53,1
177,p86,25,1
180,p87,86,1
183,p88,66,1
186,p89,13,1
189,p90,16,1
191,p91,86,1
194,p92,15,1
195,p93,17,1
197,p94,9,1
198,p95,62,1
200,p96,14,1
202,p97,23,1
204,p98,68,1
207,p99,31,1
209,p100,73,1
212,p101,60,1
213,p102,44,1
214,p103,90,1
217,p104,31,1
218,p105,93,1
219,p106,99,1
220,p107,91,1
222,p108,88,1
225,p109,17,1
227,p110,25,1
228,p111,76,1
230,p112,2,1
232,p113,62,1
234,p114,29,1
236,p115,75,1
237,p116,88,1
239,p117,62,1
240,p118,18,1
243,p119,95,1
245,p120,52,1
248,p121,41,1
249,p122,98,1
252,p123,27,1
253,p124,48,1
254,p125,43,1
256,p126,35,1
257,p127,95,1
259,p128,83,1
260,p129,29,1
263,p130,86,1
264,p131,77,1
266,p132,32,1
267,p133,89,1
268,p134,45,1
269,p135,79,1
272,p136,63,1
273,p137,43,1
274,p138,82,1
277,p139,10,1
278,p140,3,1
280,p141,37,1
283,p142,19,1
284,p143,62,1
285,p144,82,1
288,p145,64,1
290,p146,73,1
293,p147,97,1
296,p148,23,1
299,p149,16,1
302,p150,29,1
303,p151,67,1
304,p152,44,1
305,p153,84,1
308,p154,17,1
310,p155,70,1
313,p156,72,1
316,p157,28,1
317,p158,9,1
318,p159,23,1
319,p160,12,1
321,p161,3,1
323,p162,37,1
326,p163,38,1
329,p164,45,1
332,p165,46,1
335,p166,47,1
337,p167,69,1
339,p168,32,1
342,p169,80,1
344,p170,96,1
345,p171,4,1
347,p172,93,1
350,p173,14,1
352,p174,24,1
355,p175,56,1
356,p176,13,1
359,p177,42,1
362,p178,24,1
364,p179,69,1
366,p180,91,1
369,p181,65,1
370,p182,29,1
372,p183,55,1
375,p184,52,1
377,p185,35,1
379,p186,13,1
381,p187,70,1
384,p188,12,1
386,p189,59,1
388,p190,14,1
390,p191,14,1
392,p192,4,1
393,p193,33,1
394,p194,18,1
397,p195,10,1
398,p196,39,1
400,p197,10,1
403,p198,17,1
406,p199,12,1
408,p200,9,1
410,p201,98,1
413,p202,4,1
415,p203,50,1
417,p204,13,1
419,p205,83,1
422,p206,45,1
425,p207,9,1
428,p208,70,1
430,p209,11,1
432,p210,71,1
435,p211,85,1
437,p212,25,1
439,p213,66,1
442,p214,58,1
445,p215,19,1
447,p216,4,1
448,p217,84,1
449,p218,38,1
450,p219,7,1
452,p220,65,1
454,p221,66,1
456,p222,72,1
458,p223,100,1
461,p224,8,1
464,p225,68,1
467,p226,5,1
470,p227,13,1
473,p228,92,1
476,p229,55,1
478,p230,74,1
479,p231,13,1
481,p232,50,1
482,p233,50,1
484,p234,49,1
487,p235,92,1
490,p236,100,1
491,p237,38,1
494,p238,9,1
497,p239,81,1
500,p240,95,1
502,p241,12,1
503,p242,92,1
504,p243,11,1
506,p244,17,1
507,p245,15,1
508,p246,28,1
509,p247,79,1
512,p248,48,1
515,p249,18,1
518,p250,4,1
520,p251,36,1
523,p252,34,1
525,p253,50,1
526,p254,13,1
527,p255,90,1
529,p256,19,1
531,p257,56,1
533,p258,46,1
536,p259,25,1
537,p260,85,1
540,p261,87,1
541,p262,74,1
542,p263,81,1
545,p264,36,1
548,p265,2,1
551,p266,60,1
554,p267,42,1
556,p268,38,1
557,p269,52,1
558,p270,56,1
560,p271,43,1
561,p272,20,1
562,p273,61,1
564,p274,60,1
566,p275,40,1
567,p276,74,1
570,p277,62,1
572,p278,33,1
575,p279,48,1
578,p280,71,1
580,p281,91,1
583,p282,78,1
584,p283,78,1
587,p284,69,1
589,p285,21,1
590,p286,76,1
591,p287,40,1
593,p288,89,1
596,p289,18,1
597,p290,11,1
600,p291,25,1
602,p292,94,1
603,p293,94,1
606,p294,18,1
608,p295,10,1
609,p296,3,1
611,p297,17,1
613,p298,77,1
615,p299,97,1
618,p300,66,1
619,p301,69,1
620,p302,92,1
622,p303,53,1
623,p304,7,1
624,p305,76,1
625,p306,65,1
626,p307,44,1
628,p308,45,1
630,p309,38,1
633,p310,31,1
634,p311,28,1
637,p312,34,1
639,p313,50,1
640,p314,95,1
643,p315,17,1
646,p316,56,1
647,p317,78,1
649,p318,25,1
651,p319,13,1
653,p320,44,1
654,p321,77,1
657,p322,75,1
658,p323,87,1
660,p324,6,1
661,p325,9,1
664,p326,76,1
666,p327,20,1
668,p328,56,1
671,p329,15,1
674,p330,35,1
675,p331,77,1
678,p332,75,1
679,p333,15,1
682,p334,72,1
684,p335,81,1
687,p336,49,1
688,p337,46,1
691,p338,74,1
693,p339,85,1
696,p340,76,1
697,p341,35,1
699,p342,44,1
701,p343,76,1
704,p344,96,1
705,p345,12,1
707,p346,21,1
709,p347,13,1
712,p348,18,1
713,p349,100,1
714,p350,84,1
717,p351,21,1
719,p352,66,1
722,p353,12,1
725,p354,92,1
728,p355,91,1
729,p356,27,1
732,p357,10,1
733,p358,90,1
735,p359,38,1
737,p360,6,1
738,p361,46,1
741,p362,58,1
742,p363,75,1
744,p364,50,1
745,p365,17,1
748,p366,12,1
751,p367,95,1
754,p368,51,1
756,p369,88,1
757,p370,61,1
760,p371,23,1
763,p372,83,1
766,p373,96,1
768,p374,2,1
769,p375,66,1
771,p376,64,1
774,p377,13,1
776,p378,70,1
779,p379,17,1
780,p380,88,1
781,p381,10,1
784,p382,54,1
787,p383,20,1
790,p384,41,1
792,p385,68,1
795,p386,18,1
796,p387,25,1
799,p388,86,1
802,p389,8,1
805,p390,40,1
806,p391,64,1
809,p392,24,1
812,p393,69,1
813,p394,58,1
814,p395,99,1
815,p396,30,1
817,p397,40,1
819,p398,94,1
822,p399,46,1
824,p400,89,1
827,p401,10,1
830,p402,16,1
833,p403,99,1
834,p404,18,1
835,p405,24,1
838,p406,22,1
841,p407,23,1
843,p408,44,1
845,p409,57,1
847,p410,68,1
850,p411,53,1
851,p412,8,1
852,p413,56,1
853,p414,49,1
856,p415,34,1
857,p416,92,1
860,p417,64,1
863,p418,26,1
866,p419,51,1
867,p420,29,1
870,p421,24,1
872,p422,6,1
875,p423,40,1
876,p424,24,1
877,p425,80,1
878,p426,75,1
880,p427,67,1
883,p428,82,1
884,p429,3,1
886,p430,90,1
888,p431,97,1
891,p432,52,1
893,p433,72,1
896,p434,34,1
897,p435,54,1
898,p436,18,1
901,p437,50,1
903,p438,96,1
904,p439,68,1
906,p440,83,1
909,p441,10,1
912,p442,51,1
914,p443,32,1
917,p444,43,1
918,p445,51,1
919,p446,59,1
921,p447,57,1
924,p448,28,1
927,p449,65,1
929,p450,93,1
932,p451,60,1
934,p452,82,1
935,p453,60,1
936,p454,94,1
938,p455,80,1
941,p456,20,1
943,p457,41,1
946,p458,8,1
949,p459,52,1
952,p460,17,1
953,p461,69,1
956,p462,62,1
957,p463,4,1
960,p464,82,1
961,p465,81,1
962,p466,98,1
965,p467,99,1
966,p468,99,1
968,p469,85,1
969,p470,55,1
972,p471,16,1
974,p472,46,1
977,p473,91,1
978,p474,86,1
979,p475,64,1
982,p476,72,1
983,p477,15,1
984,p478,11,1
985,p479,38,1
986,p480,13,1
989,p481,20,1
992,p482,74,1
995,p483,90,1
998,p484,91,1
1001,p485,95,1
1004,p486,4,1
1006,p487,24,1
1007,p488,68,1
1008,p489,83,1
1009,p490,86,1
1011,p491,58,1
1014,p492,24,1
1017,p493,12,1
1019,p494,46,1
1020,p495,11,1
1021,p496,53,1
1022,p497,72,1
1023,p498,49,1
1025,p499,28,1
1028,p500,55,1
1030,p501,4,1
1033,p502,93,1
1035,p503,37,1
1037,p504,100,1
1040,p505,56,1
1041,p506,41,1
1043,p507,73,1
1046,p508,66,1
1047,p509,10,1
1050,p510,31,1
1051,p511,8,1
1054,p512,45,1
1056,p513,95,1
1059,p514,65,1
1062,p515,69,1
1065,p516,26,1
1068,p517,31,1
1069,p518,94,1
1071,p519,87,1
1072,p520,77,1
1073,p521,76,1
1074,p522,27,1
1076,p523,36,1
1078,p524,81,1
1080,p525,42,1
1081,p526,3,1
1082,p527,50,1
1083,p528,85,1
1084,p529,57,1
1085,p530,57,1
1088,p531,91,1
1091,p532,96,1
1093,p533,9,1
1096,p534,49,1
1097,p535,76,1
1099,p536,33,1
1102,p537,93,1
1103,p538,72,1
1106,p539,29,1
1107,p540,29,1
1110,p541,49,1
1111,p542,30,1
1113,p543,90,1
1114,p544,80,1
1116,p545,67,1
1118,p546,2,1
1119,p547,81,1
1121,p548,42,1
1123,p549,100,1
1126,p550,24,1
1127,p551,26,1
1129,p552,94,1
1130,p553,96,1
1132,p554,98,1
1133,p555,89,1
1134,p556,6,1
1135,p557,92,1
1136,p558,25,1
1137,p559,4,1
1140,p560,41,1
1141,p561,50,1
1144,p562,51,1
1146,p563,83,1
1148,p564,46,1
1150,p565,46,1
1151,p566,95,1
1152,p567,61,1
1155,p568,23,1
1157,p569,33,1
1159,p570,16,1
1162,p571,25,1
1164,p572,71,1
1165,p573,8,1
1168,p574,5,1
1171,p575,11,1
1174,p576,9,1
1175,p577,3,1
1177,p578,17,1
1180,p579,88,1
1181,p580,32,1
1183,p581,28,1
1186,p582,89,1
1189,p583,94,1
1192,p584,64,1
1194,p585,43,1
1197,p586,68,1
1198,p587,97,1
1201,p588,71,1
1204,p589,44,1
1205,p590,22,1
1206,p591,70,1
1209,p592,27,1
1212,p593,21,1
1213,p594,44,1
1214,p595,29,1
1215,p596,85,1
1218,p597,84,1
1219,p598,23,1
1220,p599,67,1
1221,p600,77,1
1222,p601,56,1
1223,p602,48,1
1225,p603,35,1
1227,p604,89,1
1229,p605,24,1
1232,p606,98,1
1233,p607,32,1
1234,p608,23,1
1236,p609,96,1
1239,p610,69,1
1242,p611,84,1
1243,p612,35,1
1245,p613,62,1
1247,p614,49,1
1248,p615,64,1
1251,p616,26,1
1254,p617,41,1
1255,p618,53,1
1258,p619,9,1
1260,p620,58,1
1262,p621,21,1
1263,p622,31,1
1264,p623,80,1
1267,p624,52,1
1268,p625,23,1
1270,p626,47,1
1272,p627,8,1
1274,p628,17,1
1277,p629,38,1
1280,p630,33,1
1282,p631,61,1
1283,p632,39,1
1285,p633,53,1
1288,p634,86,1
1290,p635,25,1
1293,p636,93,1
1295,p637,47,1
1296,p638,3,1
1298,p639,15,1
1299,p640,87,1
1300,p641,4,1
1303,p642,60,1
1306,p643,5,1
1308,p644,87,1
1310,p645,66,1
1312,p646,52,1
1314,p647,66,1
1315,p648,7,1
1318,p649,84,1
1320,p650,14,1
1323,p651,67,1
1326,p652,14,1
1328,p653,74,1
1329,p654,90,1
1332,p655,69,1
1334,p656,36,1
1335,p657,26,1
1337,p658,19,1
1338,p659,58,1
1340,p660,40,1
1341,p661,66,1
1343,p662,50,1
1345,p663,63,1
1346,p664,65,1
1349,p665,24,1
1351,p666,7,1
1354,p667,40,1
1357,p668,67,1
1359,p669,22,1
1360,p670,54,1
1361,p671,59,1
1363,p672,24,1
1364,p673,10,1
1367,p674,49,1
1370,p675,15,1
1372,p676,62,1
1375,p677,16,1
1376,p678,60,1
1379,p679,50,1
1381,p680,70,1
1384,p681,56,1
1385,p682,77,1
1388,p683,77,1
1390,p684,82,1
1393,p685,36,1
1395,p686,40,1
1397,p687,98,1
1398,p688,99,1
1400,p689,51,1
1402,p690,74,1
1403,p691,89,1
1405,p692,60,1
1407,p693,54,1
1409,p694,71,1
1412,p695,21,1
1414,p696,4,1
1415,p697,92,1
1418,p698,55,1
1421,p699,83,1
1424,p700,83,1
1427,p701,15,1
1428,p702,26,1
1429,p703,50,1
1432,p704,78,1
1434,p705,58,1
1435,p706,90,1
1436,p707,66,1
1437,p708,35,1
1438,p709,41,1
1440,p710,23,1
1441,p711,100,1
1444,p712,3,1
1445,p713,75,1
1446,p714,27,1
1448,p715,55,1
1449,p716,25,1
1450,p717,15,1
1453,p718,23,1
1455,p719,21,1
1457,p720,2,1
1460,p721,14,1
1463,p722,59,1
1465,p723,89,1
1466,p724,87,1
1468,p725,19,1
1471,p726,98,1
1473,p727,32,1
1474,p728,43,1
1476,p729,77,1
1477,p730,5,1
1478,p731,63,1
1481,p732,64,1
1484,p733,100,1
1487,p734,96,1
1490,p735,18,1
1493,p736,34,1
1494,p737,9,1
1496,p738,66,1
1497,p739,79,1
1500,p740,99,1
1502,p741,95,1
1503,p742,57,1
1506,p743,57,1
1508,p744,47,1
1511,p745,67,1
1512,p746,98,1
1514,p747,27,1
1515,p748,92,1
1518,p749,53,1
1519,p750,10,1
1520,p751,61,1
1521,p752,17,1
1522,p753,34,1
1523,p754,67,1
1525,p755,77,1
1527,p756,61,1
1528,p757,47,1
1531,p758,39,1
1533,p759,47,1
1535,p760,94,1
1536,p761,91,1
1538,p762,58,1
1540,p763,7,1
1541,p764,52,1
1543,p765,10,1
1546,p766,5,1
1548,p767,33,1
1551,p768,72,1
1553,p769,40,1
1555,p770,36,1
1558,p771,76,1
1560,p772,40,1
1562,p773,64,1
1565,p774,38,1
1568,p775,79,1
1570,p776,71,1
1571,p777,90,1
1573,p778,9,1
1574,p779,85,1
1575,p780,54,1
1577,p781,72,1
1578,p782,56,1
1581,p783,49,1
1584,p784,46,1
1586,p785,42,1
1588,p786,89,1
1589,p787,11,1
1591,p788,59,1
1594,p789,94,1
1596,p790,45,1
1597,p791,55,1
1598,p792,32,1
1599,p793,38,1
1600,p794,83,1
1602,p795,72,1
1605,p796,92,1
1607,p797,88,1
1608,p798,83,1
1609,p799,37,1
1611,p800,20,1
1613,p801,58,1
1614,p802,12,1
1615,p803,41,1
1617,p804,10,1
1620,p805,74,1
1621,p806,39,1
1624,p807,53,1
1625,p808,38,1
1627,p809,11,1
1629,p810,27,1
1630,p811,20,1
1633,p812,72,1
1635,p813,41,1
1638,p814,25,1
1640,p815,84,1
1642,p816,58,1
1645,p817,34,1
1646,p818,34,1
1648,p819,29,1
1649,p820,8,1
1651,p821,11,1
1654,p822,67,1
1656,p823,67,1
1657,p824,23,1
1660,p825,86,1
1661,p826,40,1
1662,p827,11,1
1663,p828,63,1
1664,p829,9,1
1665,p830,15,1
1667,p831,66,1
1670,p832,88,1
1671,p833,41,1
1672,p834,97,1
1675,p835,23,1
1677,p836,42,1
1678,p837,68,1
1679,p838,6,1
1681,p839,46,1
1682,p840,90,1
1685,p841,85,1
1687,p842,38,1
1690,p843,85,1
1691,p844,60,1
1692,p845,49,1
1694,p846,99,1
1696,p847,6,1
1698,p848,43,1
1700,p849,58,1
1703,p850,75,1
1706,p851,47,1
1709,p852,38,1
1710,p853,16,1
1711,p854,31,1
1712,p855,7,1
1713,p856,20,1
1714,p857,77,1
1717,p858,32,1
1720,p859,70,1
1721,p860,52,1
1724,p861,34,1
1727,p862,98,1
1728,p863,19,1
1730,p864,73,1
1731,p865,20,1
1734,p866,84,1
1737,p867,41,1
1740,p868,49,1
1741,p869,27,1
1744,p870,18,1
1747,p871,10,1
1749,p872,52,1
1751,p873,62,1
1752,p874,44,1
1753,p875,64,1
1754,p876,23,1
1756,p877,3,1
1757,p878,57,1
1760,p879,62,1
1763,p880,96,1
1764,p881,78,1
1767,p882,33,1
1768,p883,12,1
1771,p884,86,1
1774,p885,99,1
1777,p886,55,1
1778,p887,4,1
1781,p888,27,1
1784,p889,20,1
1787,p890,56,1
1790,p891,84,1
1792,p892,36,1
1793,p893,62,1
1796,p894,38,1
1799,p895,37,1
1801,p896,42,1
1804,p897,71,1
1807,p898,22,1
1808,p899,54,1
1809,p900,76,1
1812,p901,68,1
1815,p902,67,1
1817,p903,84,1
1819,p904,98,1
1821,p905,3,1
1822,p906,71,1
1824,p907,92,1
1827,p908,49,1
1830,p909,66,1
1833,p910,19,1
1836,p911,13,1
1838,p912,82,1
1839,p913,8,1
1840,p914,30,1
1843,p915,34,1
1846,p916,6,1
1848,p917,63,1
1851,p918,94,1
1853,p919,72,1
1855,p920,39,1
1857,p921,44,1
1858,p922,82,1
1859,p923,99,1
1861,p924,29,1
1862,p925,7,1
1863,p926,10,1
1866,p927,74,1
1869,p928,69,1
1872,p929,47,1
1875,p930,29,1
1876,p931,36,1
1878,p932,64,1
1879,p933,50,1
1880,p934,62,1
1881,p935,10,1
1882,p936,55,1
1885,p937,94,1
1888,p938,22,1
1891,p939,35,1
1893,p940,54,1
1896,p941,88,1
1898,p942,46,1
1900,p943,39,1
1903,p944,76,1
1904,p945,58,1
1907,p946,25,1
1909,p947,66,1
1911,p948,25,1
1914,p949,46,1
1915,p950,15,1
1917,p951,89,1
1919,p952,22,1
1922,p953,73,1
1924,p954,42,1
1927,p955,42,1
1928,p956,62,1
1930,p957,48,1
1932,p958,12,1
1934,p959,92,1
1936,p960,73,1
1938,p961,9,1
1939,p962,24,1
1942,p963,93,1
1944,p964,46,1
1945,p965,91,1
1946,p966,3,1
1949,p967,15,1
1951,p968,7,1
1953,p969,25,1
1956,p970,7,1
1959,p971,80,1
1962,p972,51,1
1964,p973,39,1
1966,p974,100,1
1969,p975,68,1
1971,p976,16,1
1972,p977,7,1
1974,p978,17,1
1976,p979,60,1
1979,p980,73,1
1980,p981,40,1
1981,p982,81,1
1984,p983,55,1
1987,p984,57,1
1990,p985,46,1
1992,p986,56,1
1995,p987,74,1
1997,p988,80,1
1998,p989,56,1
2000,p990,100,1
2002,p991,21,1
2003,p992,60,1
2004,p993,82,1
2007,p994,57,1
2008,p995,18,1
2010,p996,47,1
2012,p997,76,1
2015,p998,37,1
2016,p999,38,1
2019,p1000,24,1
2020,p1001,17,1
2022,p1002,91,1
2025,p1003,99,1
2026,p1004,74,1
2029,p1005,97,1
2030,p1006,30,1
2033,p1007,35,1
2036,p1008,11,1
2038,p1009,37,1
2039,p1010,9,1
2042,p1011,57,1
2043,p1012,24,1
2044,p1013,38,1
2047,p1014,63,1
2050,p1015,51,1
2053,p1016,56,1
2056,p1017,40,1
2058,p1018,96,1
2061,p1019,54,1
2063,p1020,42,1
2066,p1021,97,1
2069,p1022,61,1
2072,p1023,25,1
2075,p1024,47,1
2078,p1025,44,1
2079,p1026,80,1
2080,p1027,95,1
2083,p1028,4,1
2084,p1029,88,1
2085,p1030,20,1
2088,p1031,82,1
2090,p1032,93,1
2092,p1033,77,1
2094,p1034,56,1
2097,p1035,54,1
2100,p1036,24,1
2101,p1037,53,1
2103,p1038,31,1
2105,p1039,55,1
2108,p1040,23,1
2109,p1041,74,1
2111,p1042,82,1
2114,p1043,39,1
2116,p1044,67,1
2119,p1045,49,1
2121,p1046,60,1
2122,p1047,7,1
2123,p1048,83,1
2124,p1049,54,1
2126,p1050,71,1
2129,p1051,14,1
2131,p1052,6,1
2132,p1053,6,1
2133,p1054,39,1
2134,p1055,86,1
2136,p1056,96,1
2139,p1057,37,1
2140,p1058,70,1
2143,p1059,66,1
2146,p1060,37,1
2149,p1061,68,1
2151,p1062,88,1
2154,p1063,54,1
2157,p1064,62,1
2158,p1065,95,1
2161,p1066,93,1
2163,p1067,26,1
2164,p1068,70,1
2167,p1069,13,1
2168,p1070,50,1
2169,p1071,7,1
2171,p1072,28,1
2172,p1073,59,1
2173,p1074,14,1
2176,p1075,19,1
2177,p1076,57,1
2178,p1077,49,1
2181,p1078,75,1
2182,p1079,40,1
2183,p1080,35,1
2185,p1081,53,1
2186,p1082,30,1
2189,p1083,47,1
2190,p1084,62,1
2191,p1085,10,1
2193,p1086,22,1
2194,p1087,64,1
2197,p1088,33,1
2199,p1089,67,1
2202,p1090,43,1
2203,p1091,55,1
2204,p1092,9,1
2207,p1093,11,1
2210,p1094,18,1
2212,p1095,8,1
2213,p1096,95,1
2215,p1097,41,1
2218,p1098,99,1
2221,p1099,86,1
2224,p1100,69,1
2225,p1101,92,1
2228,p1102,7,1
2230,p1103,36,1
2231,p1104,54,1
2232,p1105,45,1
2233,p1106,56,1
2234,p1107,21,1
2235,p1108,80,1
2237,p1109,50,1
2239,p1110,74,1
2241,p1111,5,1
2242,p1112,57,1
2245,p1113,66,1
2246,p1114,64,1
2247,p1115,57,1
2248,p1116,11,1
2250,p1117,58,1
2252,p1118,34,1
2254,p1119,97,1
2257,p1120,10,1
2259,p1121,62,1
2261,p1122,47,1
2262,p1123,35,1
2265,p1124,18,1
2266,p1125,91,1
2268,p1126,41,1
2269,p1127,26,1
2271,p1128,90,1
2274,p1129,46,1
2277,p1130,84,1
2280,p1131,24,1
2281,p1132,95,1
2284,p1133,25,1
2287,p1134,36,1
2288,p1135,7,1
2289,p1136,25,1
2292,p1137,7,1
2295,p1138,83,1
2297,p1139,56,1
2299,p1140,12,1
2302,p1141,66,1
2304,p1142,42,1
2305,p1143,3,1
2307,p1144,61,1
2310,p1145,68,1
2311,p1146,31,1
2312,p1147,5,1
2314,p1148,37,1
2315,p1149,63,1
2316,p1150,38,1
2319,p1151,80,1
2320,p1152,47,1
2321,p1153,55,1
2324,p1154,61,1
2326,p1155,63,1
2329,p1156,86,1
2331,p1157,84,1
2333,p1158,91,1
2335,p1159,21,1
2336,p1160,22,1
2337,p1161,34,1
2340,p1162,58,1
2341,p1163,55,1
2342,p1164,91,1
2343,p1165,100,1
2344,p1166,54,1
2346,p1167,40,1
2349,p1168,9,1
2352,p1169,42,1
2355,p1170,89,1
2356,p1171,92,1
2358,p1172,90,1
2360,p1173,51,1
2361,p1174,15,1
2364,p1175,21,1
2365,p1176,37,1
2368,p1177,17,1
2371,p1178,65,1
2372,p1179,13,1
2375,p1180,74,1
2377,p1181,44,1
2378,p1182,96,1
2381,p1183,71,1
2382,p1184,94,1
2383,p1185,56,1
2386,p1186,47,1
2388,p1187,73,1
2391,p1188,74,1
2394,p1189,98,1
2396,p1190,58,1
2399,p1191,98,1
2401,p1192,93,1
2404,p1193,91,1
2405,p1194,75,1
2406,p1195,71,1
2409,p1196,36,1
2411,p1197,95,1
2412,p1198,80,1
2414,p1199,31,1
2416,p1200,52,1
2417,p1201,35,1
2420,p1202,24,1
2421,p1203,67,1
2424,p1204,96,1
2426,p1205,46,1
2428,p1206,99,1
2431,p1207,84,1
2432,p1208,64,1
2434,p1209,55,1
2437,p1210,92,1
2440,p1211,79,1
2441,p1212,11,1
2443,p1213,39,1
2445,p1214,9,1
2446,p1215,5,1
2449,p1216,93,1
2451,p1217,73,1
2453,p1218,40,1
2454,p1219,33,1
2456,p1220,28,1
2457,p1221,60,1
2460,p1222,11,1
2463,p1223,26,1
2464,p1224,2,1
2466,p1225,31,1
2469,p1226,97,1
2471,p1227,13,1
2472,p1228,89,1
2474,p1229,72,1
2475,p1230,6,1
2477,p1231,7,1
2478,p1232,38,1
2481,p1233,82,1
2484,p1234,79,1
2486,p1235,61,1
2489,p1236,90,1
2491,p1237,18,1
2494,p1238,19,1
2496,p1239,5,1
2498,p1240,9,1
2501,p1241,22,1
2503,p1242,83,1
2504,p1243,62,1
2507,p1244,87,1
2509,p1245,92,1
2510,p1246,78,1
2512,p1247,50,1
2515,p1248,18,1
2518,p1249,40,1
2520,p1250,12,1
2523,p1251,65,1
2524,p1252,7,1
2527,p1253,39,1
2528,p1254,22,1
2530,p1255,7,1
2533,p1256,59,1
2534,p1257,44,1
2537,p1258,76,1
2539,p1259,91,1
2541,p1260,46,1
2543,p1261,52,1
2544,p1262,47,1
2545,p1263,56,1
2548,p1264,93,1
2550,p1265,90,1
2552,p1266,95,1
2553,p1267,11,1
2556,p1268,47,1
2558,p1269,53,1
2561,p1270,20,1
2562,p1271,50,1
2565,p1272,49,1
2566,p1273,76,1
2567,p1274,77,1
2569,p1275,64,1
2570,p1276,9,1
2571,p1277,83,1
2573,p1278,27,1
2574,p1279,92,1
2576,p1280,6,1
2578,p1281,15,1
2579,p1282,71,1
2581,p1283,21,1
2583,p1284,85,1
2586,p1285,82,1
2587,p1286,44,1
2588,p1287,46,1
2591,p1288,74,1
2593,p1289,88,1
2595,p1290,69,1
2598,p1291,91,1
2601,p1292,53,1
2604,p1293,39,1
2606,p1294,18,1
2609,p1295,67,1
2612,p1296,49,1
2615,p1297,29,1
2617,p1298,33,1
2620,p1299,46,1
2622,p1300,2,1
2624,p1301,19,1
2627,p1302,100,1
2628,p1303,42,1
2631,p1304,94,1
2633,p1305,57,1
2635,p1306,29,1
2636,p1307,57,1
2639,p1308,17,1
2640,p1309,37,1
2643,p1310,86,1
2645,p1311,26,1
2646,p1312,73,1
2648,p1313,8,1
2649,p1314,33,1
2651,p1315,49,1
2652,p1316,51,1
2655,p1317,85,1
2656,p1318,74,1
2657,p1319,91,1
2659,p1320,42,1
2660,p1321,12,1
2662,p1322,17,1
2665,p1323,93,1
2666,p1324,86,1
2668,p1325,82,1
2669,p1326,51,1
2670,p1327,27,1
2673,p1328,56,1
2674,p1329,88,1
2675,p1330,51,1
2677,p1331,66,1
2680,p1332,2,1
2681,p1333,97,1
2682,p1334,10,1
2685,p1335,13,1
2686,p1336,68,1
2688,p1337,19,1
2690,p1338,29,1
2693,p1339,93,1
2695,p1340,55,1
2698,p1341,14,1
2700,p1342,8,1
2703,p1343,84,1
2704,p1344,5,1
2707,p1345,100,1
2710,p1346,28,1
2713,p1347,48,1
2714,p1348,31,1
2717,p1349,70,1
2718,p1350,21,1
2720,p1351,49,1
2721,p1352,26,1
2724,p1353,74,1
2726,p1354,11,1
2729,p1355,80,1
2732,p1356,55,1
2735,p1357,38,1
2738,p1358,79,1
2741,p1359,45,1
2743,p1360,80,1
2744,p1361,95,1
2746,p1362,91,1
2748,p1363,21,1
2749,p1364,9,1
2751,p1365,90,1
2753,p1366,50,1
2754,p1367,68,1
2755,p1368,76,1
2757,p1369,75,1
2759,p1370,19,1
2760,p1371,52,1
2763,p1372,76,1
2766,p1373,65,1
2767,p1374,49,1
2770,p1375,91,1
2773,p1376,82,1
2775,p1377,85,1
2776,p1378,50,1
2778,p1379,97,1
2781,p1380,32,1
2784,p1381,36,1
2786,p1382,56,1
2789,p1383,70,1
2792,p1384,46,1
2793,p1385,9,1
2796,p1386,48,1
2797,p1387,41,1
2800,p1388,32,1
2801,p1389,20,1
2802,p1390,47,1
2805,p1391,72,1
2808,p1392,22,1
2809,p1393,15,1
2810,p1394,87,1
2811,p1395,99,1
2813,p1396,20,1
2814,p1397,71,1
2817,p1398,93,1
2819,p1399,9,1
2822,p1400,41,1
2825,p1401,96,1
2828,p1402,44,1
2829,p1403,31,1
2830,p1404,64,1
2833,p1405,58,1
2834,p1406,65,1
2835,p1407,24,1
2838,p1408,91,1
2840,p1409,22,1
2842,p1410,26,1
2843,p1411,96,1
2845,p1412,30,1
2846,p1413,51,1
2849,p1414,68,1
2850,p1415,25,1
2853,p1416,83,1
2856,p1417,21,1
2857,p1418,8,1
2859,p1419,6,1
2861,p1420,47,1
2863,p1421,66,1
2865,p1422,9,1
2866,p1423,39,1
2867,p1424,83,1
2869,p1425,32,1
2870,p1426,12,1
2873,p1427,32,1
2875,p1428,62,1
2877,p1429,49,1
2880,p1430,10,1
2881,p1431,20,1
2882,p1432,99,1
2885,p1433,47,1
2887,p1434,82,1
2889,p1435,66,1
2890,p1436,25,1
2892,p1437,40,1
2893,p1438,22,1
2895,p1439,45,1
2898,p1440,51,1
2900,p1441,6,1
2901,p1442,74,1
2904,p1443,6,1
2905,p1444,51,1
2907,p1445,31,1
2908,p1446,96,1
2909,p1447,43,1
2911,p1448,100,1
2913,p1449,89,1
2915,p1450,48,1
2916,p1451,3,1
2917,p1452,15,1
2920,p1453,77,1
2922,p1454,4,1
2923,p1455,83,1
2924,p1456,40,1
2927,p1457,88,1
2930,p1458,8,1
2932,p1459,44,1
2935,p1460,99,1
2938,p1461,44,1
2939,p1462,68,1
2942,p1463,61,1
2944,p1464,90,1
2947,p1465,94,1
2948,p1466,87,1
2951,p1467,94,1
2953,p1468,26,1
2956,p1469,43,1
2959,p1470,58,1
2960,p1471,31,1
2961,p1472,29,1
2963,p1473,87,1
2964,p1474,88,1
2966,p1475,80,1
2969,p1476,53,1
2971,p1477,71,1
2973,p1478,26,1
2974,p1479,98,1
2975,p1480,81,1
2976,p1481,49,1
2978,p1482,80,1
2980,p1483,27,1
2981,p1484,97,1
2983,p1485,44,1
2986,p1486,12,1
2989,p1487,83,1
2990,p1488,27,1
2991,p1489,95,1
2993,p1490,34,1
2995,p1491,36,1
2996,p1492,32,1
2997,p1493,30,1
3000,p1494,58,1
3002,p1495,68,1
3003,p1496,14,1
3005,p1497,77,1
3006,p1498,26,1
3008,p1499,56,1
3010,p1500,16,1
3011,p1501,50,1
3012,p1502,89,1
3014,p1503,48,1
3015,p1504,93,1
3016,p1505,15,1
3017,p1506,42,1
3018,p1507,74,1
3020,p1508,89,1
3023,p1509,35,1
3026,p1510,76,1
3027,p1511,70,1
3028,p1512,39,1
3030,p1513,66,1
3033,p1514,70,1
3034,p1515,42,1
3035,p1516,78,1
3036,p1517,92,1
3039,p1518,60,1
3040,p1519,11,1
3043,p1520,19,1
3045,p1521,67,1
3046,p1522,97,1
3049,p1523,19,1
3051,p1524,25,1
3054,p1525,63,1
3055,p1526,69,1
3057,p1527,100,1
3059,p1528,29,1
3062,p1529,91,1
3065,p1530,30,1
3066,p1531,9,1
3068,p1532,47,1
3071,p1533,96,1
3074,p1534,26,1
3077,p1535,54,1
3078,p1536,6,1
3080,p1537,98,1
3082,p1538,38,1
3083,p1539,93,1
3086,p1540,66,1
3088,p1541,91,1
3089,p1542,99,1
3092,p1543,43,1
3095,p1544,37,1
3097,p1545,52,1
3099,p1546,49,1
3102,p1547,86,1
3105,p1548,13,1
3107,p1549,64,1
3110,p1550,91,1
3113,p1551,39,1
3114,p1552,40,1
3117,p1553,74,1
3118,p1554,66,1
3121,p1555,21,1
3123,p1556,54,1
3124,p1557,43,1
3125,p1558,91,1
3128,p1559,22,1
3129,p1560,8,1
3131,p1561,4,1
3133,p1562,32,1
3136,p1563,88,1
3139,p1564,21,1
3140,p1565,66,1
3141,p1566,67,1
3144,p1567,74,1
3145,p1568,45,1
3148,p1569,78,1
3149,p1570,16,1
3150,p1571,88,1
3151,p1572,89,1
3153,p1573,87,1
3154,p1574,38,1
3155,p1575,6,1
3158,p1576,55,1
3160,p1577,74,1
3163,p1578,4,1
3164,p1579,20,1
3165,p1580,19,1
3168,p1581,77,1
3169,p1582,8,1
3171,p1583,19,1
3174,p1584,47,1
3177,p1585,36,1
3180,p1586,53,1
3183,p1587,71,1
3186,p1588,99,1
3189,p1589,70,1
3190,p1590,19,1
3192,p1591,91,1
3193,p1592,38,1
3194,p1593,48,1
3196,p1594,71,1
3197,p1595,43,1
3200,p1596,22,1
3203,p1597,94,1
3204,p1598,93,1
3206,p1599,99,1
3207,p1600,25,1
3208,p1601,52,1
3209,p1602,84,1
3211,p1603,32,1
3212,p1604,33,1
3213,p1605,23,1
3215,p1606,89,1
3218,p1607,55,1
3221,p1608,12,1
3223,p1609,52,1
3225,p1610,35,1
3228,p1611,72,1
3231,p1612,59,1
3233,p1613,39,1
3235,p1614,23,1
3238,p1615,90,1
3240,p1616,36,1
3243,p1617,38,1
3245,p1618,59,1
3246,p1619,47,1
3247,p1620,54,1
3249,p1621,33,1
3252,p1622,32,1
3255,p1623,74,1
3258,p1624,32,1
3259,p1625,82,1
3262,p1626,13,1
3264,p1627,56,1
3266,p1628,37,1
3268,p1629,29,1
3269,p1630,44,1
3271,p1631,2,1
3274,p1632,92,1
3277,p1633,63,1
3279,p1634,89,1
3280,p1635,68,1
3283,p1636,17,1
3285,p1637,84,1
3288,p1638,75,1
3289,p1639,50,1
3291,p1640,26,1
3292,p1641,3,1
3293,p1642,79,1
3296,p1643,75,1
3298,p1644,26,1
3301,p1645,17,1
3303,p1646,83,1
3305,p1647,70,1
3307,p1648,34,1
3308,p1649,20,1
3309,p1650,84,1
3311,p1651,89,1
3312,p1652,16,1
3313,p1653,50,1
3316,p1654,50,1
3319,p1655,62,1
3321,p1656,50,1
3322,p1657,27,1
3325,p1658,58,1
3328,p1659,86,1
3330,p1660,99,1
3331,p1661,100,1
3332,p1662,75,1
3334,p1663,24,1
3337,p1664,33,1
3340,p1665,17,1
3343,p1666,10,1
3344,p1667,14,1
3345,p1668,56,1
3347,p1669,58,1
3348,p1670,68,1
3349,p1671,37,1
3352,p1672,39,1
3355,p1673,97,1
3357,p1674,92,1
3360,p1675,17,1
3363,p1676,16,1
3364,p1677,36,1
3365,p1678,23,1
3368,p1679,78,1
3371,p1680,44,1
3373,p1681,38,1
3376,p1682,55,1
3379,p1683,22,1
3380,p1684,88,1
3381,p1685,69,1
3382,p1686,89,1
3385,p1687,40,1
3387,p1688,3,1
3389,p1689,78,1
3391,p1690,13,1
3393,p1691,98,1
3395,p1692,58,1
3397,p1693,53,1
3400,p1694,53,1
3403,p1695,90,1
3406,p1696,13,1
3409,p1697,91,1
3411,p1698,67,1
3412,p1699,64,1
3413,p1700,9,1
3415,p1701,8,1
3416,p1702,82,1
3419,p1703,89,1
3421,p1704,13,1
3422,p1705,15,1
3423,p1706,19,1
3425,p1707,37,1
3426,p1708,25,1
3429,p1709,16,1
3431,p1710,11,1
3432,p1711,3,1
3434,p1712,19,1
3437,p1713,39,1
3438,p1714,70,1
3441,p1715,31,1
3442,p1716,98,1
3445,p1717,74,1
3448,p1718,13,1
3450,p1719,32,1
3453,p1720,13,1
3455,p1721,90,1
3456,p1722,86,1
3457,p1723,15,1
3458,p1724,92,1
3460,p1725,88,1
3461,p1726,86,1
3462,p1727,22,1
3463,p1728,6,1
3464,p1729,63,1
3466,p1730,11,1
3467,p1731,83,1
3468,p1732,87,1
3470,p1733,41,1
3472,p1734,51,1
3473,p1735,6,1
3474,p1736,30,1
3477,p1737,70,1
3480,p1738,42,1
3481,p1739,85,1
3482,p1740,20,1
3483,p1741,93,1
3486,p1742,69,1
3489,p1743,10,1
3491,p1744,40,1
3493,p1745,49,1
3495,p1746,72,1
3497,p1747,33,1
3500,p1748,26,1
3501,p1749,84,1
3502,p1750,78,1
3505,p1751,22,1
3506,p1752,18,1
3507,p1753,93,1
3508,p1754,35,1
3511,p1755,32,1
3514,p1756,93,1
3515,p1757,32,1
3516,p1758,73,1
3517,p1759,15,1
3518,p1760,57,1
3520,p1761,33,1
3523,p1762,49,1
3524,p1763,92,1
3526,p1764,16,1
3527,p1765,86,1
3529,p1766,72,1
3530,p1767,6,1
3533,p1768,49,1
3534,p1769,88,1
3535,p1770,77,1
3538,p1771,32,1
3539,p1772,49,1
3541,p1773,86,1
3543,p1774,26,1
3546,p1775,51,1
3549,p1776,74,1
3552,p1777,62,1
3553,p1778,63,1
3554,p1779,89,1
3555,p1780,61,1
3556,p1781,8,1
3557,p1782,56,1
3559,p1783,49,1
3561,p1784,91,1
3563,p1785,39,1
3565,p1786,70,1
3566,p1787,88,1
3567,p1788,52,1
3570,p1789,15,1
3571,p1790,52,1
3573,p1791,65,1
3575,p1792,63,1
3578,p1793,53,1
3580,p1794,26,1
3583,p1795,5,1
3584,p1796,95,1
3585,p1797,95,1
3587,p1798,36,1
3588,p1799,41,1
3589,p1800,40,1
3591,p1801,56,1
3594,p1802,43,1
3596,p1803,96,1
3598,p1804,45,1
3601,p1805,43,1
3604,p1806,20,1
3605,p1807,93,1
3606,p1808,73,1
3609,p1809,10,1
3610,p1810,6,1
3611,p1811,61,1
3613,p1812,20,1
3615,p1813,9,1
3616,p1814,69,1
3617,p1815,76,1
3619,p1816,69,1
3621,p1817,16,1
3624,p1818,71,1
3625,p1819,56,1
3627,p1820,71,1
3628,p1821,46,1
3629,p1822,8,1
3630,p1823,18,1
3632,p1824,10,1
3633,p1825,46,1
3635,p1826,49,1
3637,p1827,80,1
3638,p1828,99,1
3641,p1829,74,1
3644,p1830,30,1
3645,p1831,2,1
3646,p1832,17,1
3647,p1833,67,1
3649,p1834,61,1
3651,p1835,55,1
3653,p1836,100,1
3655,p1837,44,1
3656,p1838,87,1
3658,p1839,5,1
3661,p1840,39,1
3664,p1841,4,1
3666,p1842,9,1
3667,p1843,30,1
3670,p1844,38,1
3673,p1845,55,1
3676,p1846,10,1
3679,p1847,4,1
3681,p1848,82,1
3682,p1849,23,1
3685,p1850,69,1
3687,p1851,81,1
3689,p1852,33,1
3692,p1853,94,1
3694,p1854,81,1
3695,p1855,39,1
3697,p1856,11,1
3699,p1857,45,1
3702,p1858,96,1
3704,p1859,22,1
3707,p1860,51,1
3710,p1861,67,1
3712,p1862,89,1
3713,p1863,74,1
3715,p1864,13,1
3718,p1865,85,1
3719,p1866,89,1
3720,p1867,16,1
3722,p1868,6,1
3723,p1869,61,1
3726,p1870,62,1
3729,p1871,60,1
3731,p1872,70,1
3732,p1873,24,1
3735,p1874,79,1
3737,p1875,95,1
3738,p1876,78,1
3740,p1877,36,1
3741,p1878,41,1
3744,p1879,55,1
3746,p1880,23,1
3748,p1881,45,1
3751,p1882,61,1
3754,p1883,28,1
3755,p1884,2,1
3756,p1885,78,1
3758,p1886,15,1
3760,p1887,56,1
3762,p1888,89,1
3765,p1889,71,1
3766,p1890,82,1
3768,p1891,30,1
3771,p1892,19,1
3772,p1893,58,1
3774,p1894,62,1
3776,p1895,65,1
3777,p1896,13,1
3780,p1897,91,1
3783,p1898,20,1
3785,p1899,88,1
3786,p1900,60,1
3787,p1901,90,1
3790,p1902,93,1
3792,p1903,15,1
3793,p1904,9,1
3796,p1905,49,1
3799,p1906,87,1
3802,p1907,92,1
3804,p1908,58,1
3805,p1909,45,1
3808,p1910,72,1
3811,p1911,27,1
3812,p1912,58,1
3814,p1913,16,1
3815,p1914,4,1
3817,p1915,68,1
3818,p1916,83,1
3819,p1917,89,1
3822,p1918,11,1
3825,p1919,93,1
3827,p1920,81,1
3828,p1921,78,1
3829,p1922,66,1
3832,p1923,90,1
3835,p1924,9,1
3836,p1925,40,1
3838,p1926,90,1
3839,p1927,16,1
3840,p1928,10,1
3841,p1929,22,1
3844,p1930,46,1
3847,p1931,39,1
3850,p1932,42,1
3852,p1933,99,1
3854,p1934,7,1
3855,p1935,63,1
3858,p1936,27,1
3859,p1937,3,1
3862,p1938,93,1
3863,p1939,72,1
3864,p1940,19,1
3867,p1941,82,1
3868,p1942,55,1
3869,p1943,15,1
3870,p1944,66,1
3871,p1945,25,1
3874,p1946,93,1
3877,p1947,41,1
3880,p1948,96,1
3881,p1949,14,1
3884,p1950,99,1
3886,p1951,51,1
3889,p1952,84,1
3892,p1953,76,1
3894,p1954,95,1
3895,p1955,15,1
3897,p1956,53,1
3899,p1957,18,1
3902,p1958,64,1
3905,p1959,84,1
3908,p1960,51,1
3910,p1961,86,1
3913,p1962,21,1
3915,p1963,2,1
3916,p1964,49,1
3919,p1965,3,1
3922,p1966,40,1
3925,p1967,88,1
3927,p1968,34,1
3930,p1969,84,1
3932,p1970,20,1
3935,p1971,85,1
3938,p1972,52,1
3940,p1973,67,1
3942,p1974,95,1
3945,p1975,67,1
3947,p1976,48,1
3949,p1977,50,1
3951,p1978,37,1
3952,p1979,42,1
3955,p1980,100,1
3956,p1981,97,1
3957,p1982,54,1
3960,p1983,57,1
3961,p1984,94,1
3964,p1985,66,1
3965,p1986,69,1
3966,p1987,14,1
3969,p1988,21,1
3970,p1989,76,1
3972,p1990,39,1
3974,p1991,78,1
3977,p1992,45,1
3978,p1993,91,1
3981,p1994,77,1
3983,p1995,95,1
3986,p1996,77,1
3988,p1997,29,1
3991,p1998,41,1
3992,p1999,68,1
3995,p2000,2,1
3997,p2001,2,1
4000,p2002,36,1
4002,p2003,73,1
4003,p2004,74,1
4006,p2005,81,1
4008,p2006,13,1
4010,p2007,55,1
4012,p2008,56,1
4014,p2009,62,1
4015,p2010,30,1
4018,p2011,42,1
4021,p2012,79,1
4022,p2013,20,1
4025,p2014,51,1
4026,p2015,51,1
4028,p2016,69,1
4031,p2017,91,1
4032,p2018,45,1
4034,p2019,29,1
4035,p2020,45,1
4038,p2021,21,1
4040,p2022,7,1
4042,p2023,63,1
4044,p2024,55,1
4045,p2025,85,1
4047,p2026,97,1
4048,p2027,20,1
4050,p2028,46,1
4052,p2029,67,1
4055,p2030,8,1
4057,p2031,90,1
4059,p2032,36,1
4060,p2033,45,1
4061,p2034,21,1
4063,p2035,72,1
4065,p2036,26,1
4067,p2037,87,1
4068,p2038,60,1
4071,p2039,29,1
4074,p2040,34,1
4075,p2041,2,1
4077,p2042,22,1
4079,p2043,9,1
4080,p2044,39,1
4082,p2045,4,1
4085,p2046,14,1
4087,p2047,28,1
4089,p2048,62,1
4091,p2049,17,1
4094,p2050,39,1
4096,p2051,43,1
4097,p2052,36,1
4099,p2053,91,1
4102,p2054,70,1
4103,p2055,37,1
4105,p2056,73,1
4107,p2057,22,1
4108,p2058,10,1
4110,p2059,3,1
4112,p2060,39,1
4115,p2061,97,1
4117,p2062,93,1
4118,p2063,92,1
4121,p2064,56,1
4123,p2065,60,1
4125,p2066,33,1
4128,p2067,79,1
4129,p2068,46,1
4130,p2069,62,1
4132,p2070,92,1
4135,p2071,12,1
4138,p2072,19,1
4139,p2073,84,1
4140,p2074,42,1
4142,p2075,94,1
4143,p2076,86,1
4145,p2077,61,1
4146,p2078,56,1
4147,p2079,39,1
4150,p2080,63,1
4151,p2081,46,1
4153,p2082,45,1
4154,p2083,86,1
4157,p2084,79,1
4160,p2085,72,1
4163,p2086,33,1
4165,p2087,86,1
4167,p2088,21,1
4169,p2089,62,1
4172,p2090,50,1
4174,p2091,73,1
4175,p2092,34,1
4178,p2093,85,1
4180,p2094,49,1
4182,p2095,66,1
4185,p2096,65,1
4188,p2097,67,1
4190,p2098,75,1
4192,p2099,7,1
4193,p2100,59,1
4194,p2101,53,1
4196,p2102,53,1
4198,p2103,77,1
4201,p2104,25,1
4204,p2105,25,1
4205,p2106,25,1
4207,p2107,84,1
4210,p2108,15,1
4211,p2109,72,1
4212,p2110,80,1
4215,p2111,48,1
4216,p2112,72,1
4217,p2113,10,1
4218,p2114,25,1
4220,p2115,77,1
4223,p2116,51,1
4225,p2117,83,1
4227,p2118,83,1
4229,p2119,71,1
4230,p2120,15,1
4233,p2121,71,1
4234,p2122,53,1
4236,p2123,38,1
4237,p2124,6,1
4238,p2125,47,1
4239,p2126,62,1
4241,p2127,49,1
4243,p2128,55,1
4246,p2129,75,1
4249,p2130,86,1
4251,p2131,25,1
4253,p2132,78,1
4254,p2133,37,1
4255,p2134,39,1
4257,p2135,58,1
4260,p2136,95,1
4262,p2137,88,1
4265,p2138,84,1
4267,p2139,92,1
4269,p2140,67,1
4270,p2141,50,1
4272,p2142,84,1
4275,p2143,78,1
4276,p2144,69,1
4279,p2145,24,1
4280,p2146,72,1
4281,p2147,24,1
4283,p2148,83,1
4285,p2149,63,1
4286,p2150,64,1
4289,p2151,57,1
4290,p2152,5,1
4291,p2153,43,1
4293,p2154,63,1
4296,p2155,85,1
4298,p2156,77,1
4301,p2157,13,1
4303,p2158,59,1
4306,p2159,56,1
4308,p2160,79,1
4311,p2161,94,1
4314,p2162,91,1
4315,p2163,83,1
4317,p2164,58,1
4318,p2165,23,1
4320,p2166,37,1
4323,p2167,20,1
4324,p2168,73,1
4325,p2169,36,1
4328,p2170,60,1
4329,p2171,74,1
4332,p2172,19,1
4335,p2173,28,1
4336,p2174,63,1
4338,p2175,37,1
4341,p2176,7,1
4343,p2177,41,1
4344,p2178,66,1
4346,p2179,90,1
4347,p2180,96,1
4350,p2181,47,1
4352,p2182,56,1
4353,p2183,78,1
4354,p2184,6,1
4357,p2185,92,1
4360,p2186,89,1
4361,p2187,24,1
4363,p2188,7,1
4366,p2189,55,1
4368,p2190,63,1
4370,p2191,4,1
4373,p2192,14,1
4374,p2193,78,1
4375,p2194,68,1
4378,p2195,64,1
4379,p2196,62,1
4380,p2197,87,1
4382,p2198,95,1
4384,p2199,55,1
4385,p2200,73,1
4386,p2201,84,1
4389,p2202,86,1
4390,p2203,89,1
4392,p2204,88,1
4395,p2205,85,1
4398,p2206,12,1
4399,p2207,69,1
4400,p2208,61,1
4402,p2209,57,1
4405,p2210,93,1
4406,p2211,35,1
4408,p2212,36,1
4409,p2213,12,1
4411,p2214,14,1
4412,p2215,7,1
4414,p2216,65,1
4417,p2217,22,1
4420,p2218,38,1
4421,p2219,81,1
4423,p2220,27,1
4425,p2221,64,1
4427,p2222,11,1
4429,p2223,54,1
4430,p2224,2,1
4433,p2225,40,1
4434,p2226,12,1
4437,p2227,75,1
4438,p2228,47,1
4441,p2229,61,1
4443,p2230,26,1
4446,p2231,6,1
4447,p2232,51,1
4449,p2233,24,1
4451,p2234,79,1
4452,p2235,59,1
4453,p2236,87,1
4455,p2237,63,1
4457,p2238,77,1
4459,p2239,19,1
4462,p2240,27,1
4463,p2241,87,1
4466,p2242,29,1
4469,p2243,15,1
4472,p2244,32,1
4475,p2245,34,1
4478,p2246,51,1
4481,p2247,80,1
4484,p2248,66,1
4487,p2249,62,1
4489,p2250,43,1
4490,p2251,61,1
4492,p2252,56,1
4494,p2253,49,1
4496,p2254,2,1
4497,p2255,41,1
4499,p2256,80,1
4501,p2257,56,1
4504,p2258,23,1
4505,p2259,3,1
4506,p2260,90,1
4507,p2261,29,1
4510,p2262,92,1
4513,p2263,2,1
4515,p2264,85,1
4517,p2265,9,1
4520,p2266,91,1
4522,p2267,26,1
4524,p2268,31,1
4527,p2269,33,1
4528,p2270,61,1
4531,p2271,96,1
4534,p2272,8,1
4537,p2273,68,1
4538,p2274,51,1
4541,p2275,5,1
4543,p2276,25,1
4546,p2277,22,1
4549,p2278,59,1
4551,p2279,75,1
4554,p2280,68,1
4557,p2281,48,1
4560,p2282,80,1
4563,p2283,27,1
4564,p2284,38,1
4566,p2285,61,1
4568,p2286,31,1
4571,p2287,76,1
4572,p2288,53,1
4574,p2289,92,1
4577,p2290,83,1
4580,p2291,75,1
4581,p2292,70,1
4584,p2293,29,1
4585,p2294,67,1
4588,p2295,88,1
4591,p2296,34,1
4594,p2297,92,1
4595,p2298,51,1
4596,p2299,95,1
4597,p2300,55,1
4600,p2301,36,1
4603,p2302,52,1
4604,p2303,21,1
4605,p2304,9,1
4607,p2305,92,1
4610,p2306,67,1
4613,p2307,66,1
4614,p2308,72,1
4616,p2309,24,1
4619,p2310,95,1
4622,p2311,16,1
4623,p2312,93,1
4626,p2313,88,1
4629,p2314,72,1
4632,p2315,75,1
4634,p2316,83,1
4636,p2317,57,1
4639,p2318,18,1
4640,p2319,12,1
4643,p2320,64,1
4646,p2321,60,1
4647,p2322,34,1
4648,p2323,45,1
4651,p2324,81,1
4653,p2325,36,1
4654,p2326,47,1
4657,p2327,60,1
4658,p2328,13,1
4659,p2329,40,1
4662,p2330,53,1
4664,p2331,46,1
4667,p2332,14,1
4670,p2333,52,1
4672,p2334,15,1
4673,p2335,56,1
4676,p2336,99,1
4677,p2337,21,1
4678,p2338,38,1
4679,p2339,52,1
4680,p2340,66,1
4683,p2341,80,1
4686,p2342,24,1
4689,p2343,87,1
4691,p2344,98,1
4693,p2345,56,1
4694,p2346,41,1
4696,p2347,66,1
4699,p2348,59,1
4701,p2349,41,1
4703,p2350,82,1
4706,p2351,92,1
4709,p2352,79,1
4712,p2353,77,1
4714,p2354,46,1
4717,p2355,64,1
4719,p2356,5,1
4721,p2357,81,1
4722,p2358,26,1
4725,p2359,53,1
4728,p2360,25,1
4731,p2361,84,1
4733,p2362,15,1
4735,p2363,19,1
4736,p2364,21,1
4737,p2365,8,1
4739,p2366,75,1
4741,p2367,61,1
4742,p2368,72,1
4744,p2369,51,1
4746,p2370,40,1
4747,p2371,65,1
4748,p2372,43,1
4749,p2373,54,1
4752,p2374,22,1
4754,p2375,65,1
4757,p2376,67,1
4759,p2377,35,1
4762,p2378,73,1
4764,p2379,38,1
4765,p2380,91,1
4766,p2381,62,1
4767,p2382,92,1
4770,p2383,89,1
4773,p2384,19,1
4776,p2385,70,1
4779,p2386,22,1
4781,p2387,43,1
4784,p2388,2,1
4785,p2389,28,1
4786,p2390,73,1
4788,p2391,63,1
4789,p2392,42,1
4792,p2393,61,1
4794,p2394,35,1
4796,p2395,46,1
4798,p2396,52,1
4800,p2397,49,1
4801,p2398,35,1
4802,p2399,7,1
4804,p2400,34,1
4805,p2401,95,1
4806,p2402,11,1
4807,p2403,26,1
4810,p2404,25,1
4811,p2405,7,1
4812,p2406,66,1
4815,p2407,27,1
4816,p2408,57,1
4819,p2409,2,1
4822,p2410,48,1
4824,p2411,64,1
4827,p2412,46,1
4828,p2413,98,1
4829,p2414,81,1
4831,p2415,72,1
4832,p2416,59,1
4834,p2417,73,1
4836,p2418,74,1
4838,p2419,81,1
4839,p2420,4,1
4841,p2421,29,1
4842,p2422,40,1
4844,p2423,91,1
4847,p2424,10,1
4849,p2425,2,1
4850,p2426,33,1
4853,p2427,48,1
4856,p2428,94,1
4858,p2429,17,1
4860,p2430,59,1
4862,p2431,74,1
4864,p2432,19,1
4866,p2433,89,1
4868,p2434,68,1
4871,p2435,81,1
4873,p2436,7,1
4875,p2437,69,1
4878,p2438,12,1
4881,p2439,100,1
4883,p2440,95,1
4884,p2441,7,1
4885,p2442,70,1
4887,p2443,78,1
4889,p2444,86,1
4890,p2445,2,1
4892,p2446,28,1
4894,p2447,33,1
4896,p2448,8,1
4898,p2449,91,1
4899,p2450,27,1
4901,p2451,19,1
4902,p2452,50,1
4905,p2453,36,1
4906,p2454,93,1
4907,p2455,29,1
4910,p2456,47,1
4913,p2457,91,1
4916,p2458,46,1
4917,p2459,37,1
4920,p2460,2,1
4922,p2461,19,1
4923,p2462,64,1
4924,p2463,19,1
4926,p2464,37,1
4928,p2465,71,1
4930,p2466,55,1
4931,p2467,12,1
4933,p2468,85,1
4936,p2469,12,1
4938,p2470,44,1
4940,p2471,97,1
4943,p2472,99,1
4946,p2473,84,1
4947,p2474,32,1
4950,p2475,96,1
4952,p2476,78,1
4955,p2477,77,1
4956,p2478,16,1
4957,p2479,97,1
4960,p2480,75,1
4961,p2481,26,1
4962,p2482,33,1
4965,p2483,15,1
4968,p2484,14,1
4969,p2485,46,1
4971,p2486,30,1
4973,p2487,52,1
4974,p2488,49,1
4975,p2489,55,1
4976,p2490,92,1
4978,p2491,32,1
4979,p2492,38,1
4980,p2493,31,1
4981,p2494,56,1
4984,p2495,83,1
4987,p2496,58,1
4988,p2497,44,1
4989,p2498,61,1
4992,p2499,60,1
4993,p2500,24,1
4994,p2501,57,1
4997,p2502,56,1
4998,p2503,39,1
4999,p2504,40,1
5002,p2505,62,1
5005,p2506,44,1
5008,p2507,59,1
5010,p2508,19,1
5012,p2509,39,1
5014,p2510,9,1
5017,p2511,17,1
5020,p2512,5,1
5022,p2513,79,1
5025,p2514,26,1
5028,p2515,22,1
5031,p2516,99,1
5034,p2517,100,1
5036,p2518,86,1
5039,p2519,10,1
5042,p2520,75,1
5044,p2521,3,1
5047,p2522,66,1
5049,p2523,68,1
5050,p2524,73,1
5053,p2525,60,1
5054,p2526,75,1
5056,p2527,55,1
5058,p2528,38,1
5059,p2529,32,1
5062,p2530,3,1
5065,p2531,78,1
5067,p2532,8,1
5069,p2533,98,1
5071,p2534,95,1
5072,p2535,98,1
5074,p2536,60,1
5076,p2537,81,1
5079,p2538,97,1
5081,p2539,97,1
5082,p2540,59,1
5083,p2541,55,1
5086,p2542,32,1
5087,p2543,50,1
5088,p2544,24,1
5090,p2545,88,1
5091,p2546,34,1
5093,p2547,23,1
5094,p2548,87,1
5095,p2549,18,1
5098,p2550,37,1
5099,p2551,78,1
5102,p2552,24,1
5105,p2553,88,1
5108,p2554,9,1
5110,p2555,85,1
5112,p2556,81,1
5115,p2557,18,1
5118,p2558,19,1
5120,p2559,74,1
5121,p2560,94,1
5122,p2561,9,1
5124,p2562,88,1
5127,p2563,93,1
5128,p2564,48,1
5129,p2565,29,1
5132,p2566,39,1
5134,p2567,61,1
5135,p2568,81,1
5138,p2569,95,1
5140,p2570,93,1
5142,p2571,63,1
5143,p2572,29,1
5146,p2573,39,1
5147,p2574,80,1
5150,p2575,52,1
5153,p2576,72,1
5154,p2577,5,1
5156,p2578,82,1
5159,p2579,47,1
5162,p2580,8,1
5165,p2581,73,1
5167,p2582,97,1
5170,p2583,33,1
5172,p2584,10,1
5175,p2585,12,1
5178,p2586,61,1
5180,p2587,24,1
5181,p2588,97,1
5184,p2589,77,1
5185,p2590,90,1
5186,p2591,45,1
5189,p2592,34,1
5191,p2593,53,1
5194,p2594,99,1
5197,p2595,43,1
5198,p2596,100,1
5199,p2597,31,1
5200,p2598,63,1
5201,p2599,91,1
5203,p2600,6,1
5204,p2601,40,1
5205,p2602,26,1
5207,p2603,14,1
5210,p2604,70,1
5211,p2605,97,1
5213,p2606,47,1
5216,p2607,37,1
5218,p2608,42,1
5219,p2609,59,1
5220,p2610,23,1
5222,p2611,65,1
5225,p2612,61,1
5227,p2613,9,1
5230,p2614,90,1
5231,p2615,19,1
5233,p2616,97,1
5235,p2617,49,1
5238,p2618,4,1
5241,p2619,30,1
5243,p2620,56,1
5245,p2621,98,1
5248,p2622,91,1
5249,p2623,60,1
5251,p2624,18,1
5253,p2625,43,1
5254,p2626,43,1
5257,p2627,65,1
5259,p2628,100,1
5261,p2629,25,1
5263,p2630,54,1
5264,p2631,94,1
5266,p2632,92,1
5267,p2633,23,1
5270,p2634,21,1
5271,p2635,40,1
5274,p2636,67,1
5276,p2637,40,1
5277,p2638,45,1
5279,p2639,17,1
5280,p2640,40,1
5282,p2641,60,1
5283,p2642,75,1
5284,p2643,56,1
5287,p2644,72,1
5289,p2645,80,1
5290,p2646,28,1
5291,p2647,46,1
5293,p2648,5,1
5294,p2649,75,1
5296,p2650,11,1
5298,p2651,28,1
5301,p2652,64,1
5304,p2653,87,1
5306,p2654,29,1
5308,p2655,73,1
5310,p2656,51,1
5311,p2657,12,1
5314,p2658,38,1
5317,p2659,62,1
5318,p2660,29,1
5321,p2661,7,1
5322,p2662,60,1
5325,p2663,90,1
5327,p2664,95,1
5328,p2665,54,1
5330,p2666,96,1
5333,p2667,46,1
5335,p2668,14,1
5338,p2669,75,1
5339,p2670,17,1
5340,p2671,60,1
5341,p2672,8,1
5342,p2673,88,1
5344,p2674,31,1
5347,p2675,33,1
5348,p2676,96,1
5351,p2677,5,1
5353,p2678,59,1
5355,p2679,40,1
5356,p2680,66,1
5359,p2681,77,1
5362,p2682,47,1
5363,p2683,80,1
5366,p2684,100,1
5367,p2685,79,1
5369,p2686,88,1
5371,p2687,98,1
5373,p2688,32,1
5374,p2689,30,1
5377,p2690,27,1
5379,p2691,32,1
5380,p2692,36,1
5381,p2693,8,1
5384,p2694,78,1
5386,p2695,46,1
5387,p2696,56,1
5390,p2697,3,1
5392,p2698,99,1
5393,p2699,23,1
5396,p2700,2,1
5399,p2701,26,1
5402,p2702,79,1
5405,p2703,55,1
5406,p2704,60,1
5408,p2705,75,1
5410,p2706,75,1
5413,p2707,9,1
5416,p2708,82,1
5417,p2709,60,1
5420,p2710,43,1
5421,p2711,29,1
5424,p2712,24,1
5426,p2713,59,1
5428,p2714,77,1
5430,p2715,60,1
5433,p2716,44,1
5436,p2717,64,1
5438,p2718,90,1
5440,p2719,48,1
5443,p2720,68,1
5446,p2721,70,1
5448,p2722,99,1
5451,p2723,9,1
5452,p2724,97,1
5455,p2725,95,1
5458,p2726,53,1
5459,p2727,61,1
5462,p2728,38,1
5463,p2729,28,1
5466,p2730,35,1
5468,p2731,59,1
5470,p2732,64,1
5472,p2733,18,1
5475,p2734,16,1
5476,p2735,9,1
5477,p2736,93,1
5480,p2737,11,1
5482,p2738,5,1
5484,p2739,13,1
5487,p2740,38,1
5490,p2741,50,1
5492,p2742,100,1
5495,p2743,49,1
5496,p2744,30,1
5498,p2745,56,1
5500,p2746,37,1
5502,p2747,4,1
5504,p2748,85,1
5505,p2749,16,1
5506,p2750,40,1
5507,p2751,94,1
5510,p2752,88,1
5512,p2753,96,1
5514,p2754,85,1
5517,p2755,54,1
5520,p2756,21,1
5523,p2757,10,1
5526,p2758,48,1
5529,p2759,100,1
5531,p2760,6,1
5532,p2761,48,1
5535,p2762,89,1
5536,p2763,59,1
5537,p2764,58,1
5539,p2765,46,1
5541,p2766,60,1
5543,p2767,33,1
5546,p2768,19,1
5548,p2769,35,1
5551,p2770,97,1
5552,p2771,83,1
5554,p2772,47,1
5555,p2773,42,1
5556,p2774,12,1
5558,p2775,36,1
5561,p2776,73,1
5564,p2777,72,1
5565,p2778,79,1
5566,p2779,85,1
5568,p2780,19,1
5569,p2781,54,1
5572,p2782,47,1
5575,p2783,49,1
5578,p2784,80,1
5580,p2785,66,1
5582,p2786,17,1
5584,p2787,37,1
5587,p2788,14,1
5590,p2789,91,1
5593,p2790,98,1
5596,p2791,93,1
5599,p2792,93,1
5602,p2793,76,1
5603,p2794,44,1
5606,p2795,60,1
5609,p2796,26,1
5612,p2797,39,1
5613,p2798,87,1
5616,p2799,21,1
5619,p2800,18,1
5622,p2801,4,1
5624,p2802,70,1
5626,p2803,43,1
5629,p2804,81,1
5630,p2805,53,1
5631,p2806,27,1
5633,p2807,40,1
5636,p2808,97,1
5637,p2809,19,1
5639,p2810,21,1
5640,p2811,30,1
5642,p2812,73,1
5643,p2813,20,1
5644,p2814,7,1
5646,p2815,39,1
5648,p2816,98,1
5650,p2817,53,1
5652,p2818,93,1
5653,p2819,41,1
5654,p2820,18,1
5655,p2821,32,1
5658,p2822,23,1
5660,p2823,68,1
5662,p2824,78,1
5663,p2825,81,1
5666,p2826,92,1
5667,p2827,96,1
5668,p2828,31,1
5671,p2829,62,1
5674,p2830,84,1
5677,p2831,42,1
5680,p2832,18,1
5682,p2833,57,1
5683,p2834,25,1
5686,p2835,100,1
5687,p2836,47,1
5689,p2837,76,1
5690,p2838,70,1
5692,p2839,45,1
5695,p2840,83,1
5698,p2841,39,1
5699,p2842,17,1
5702,p2843,61,1
5703,p2844,10,1
5704,p2845,8,1
5705,p2846,30,1
5706,p2847,65,1
5708,p2848,41,1
5709,p2849,85,1
5712,p2850,17,1
5715,p2851,85,1
5718,p2852,30,1
5719,p2853,75,1
5720,p2854,42,1
5722,p2855,73,1
5724,p2856,73,1
5727,p2857,46,1
5730,p2858,66,1
5733,p2859,90,1
5735,p2860,41,1
5738,p2861,97,1
5741,p2862,94,1
5744,p2863,15,1
5746,p2864,83,1
5747,p2865,23,1
5748,p2866,89,1
5750,p2867,15,1
5753,p2868,12,1
5754,p2869,76,1
5756,p2870,67,1
5757,p2871,68,1
5759,p2872,61,1
5761,p2873,25,1
5763,p2874,26,1
5764,p2875,56,1
5766,p2876,27,1
5768,p2877,2,1
5771,p2878,25,1
5773,p2879,80,1
5775,p2880,83,1
5776,p2881,73,1
5778,p2882,10,1
5781,p2883,82,1
5783,p2884,9,1
5786,p2885,25,1
5787,p2886,67,1
5789,p2887,28,1
5791,p2888,74,1
5792,p2889,23,1
5793,p2890,66,1
5795,p2891,91,1
5798,p2892,80,1
5799,p2893,66,1
5801,p2894,50,1
5803,p2895,34,1
5806,p2896,13,1
5807,p2897,31,1
5808,p2898,91,1
5811,p2899,27,1
5812,p2900,39,1
5814,p2901,74,1
5816,p2902,42,1
5818,p2903,17,1
5819,p2904,82,1
5821,p2905,71,1
5824,p2906,82,1
5825,p2907,84,1
5827,p2908,43,1
5828,p2909,65,1
5831,p2910,55,1
5833,p2911,2,1
5835,p2912,46,1
5837,p2913,41,1
5838,p2914,8,1
5840,p2915,30,1
5841,p2916,61,1
5842,p2917,49,1
5845,p2918,91,1
5847,p2919,3,1
5850,p2920,89,1
5852,p2921,19,1
5853,p2922,15,1
5856,p2923,72,1
5859,p2924,30,1
5862,p2925,67,1
5865,p2926,87,1
5866,p2927,43,1
5868,p2928,46,1
5869,p2929,57,1
5872,p2930,91,1
5873,p2931,76,1
5876,p2932,19,1
5879,p2933,29,1
5882,p2934,63,1
5883,p2935,93,1
5885,p2936,84,1
5887,p2937,30,1
5890,p2938,64,1
5891,p2939,62,1
5894,p2940,16,1
5897,p2941,24,1
5900,p2942,33,1
5903,p2943,91,1
5906,p2944,77,1
5909,p2945,57,1
5911,p2946,53,1
5913,p2947,3,1
5915,p2948,100,1
5917,p2949,15,1
5918,p2950,28,1
5919,p2951,84,1
5922,p2952,86,1
5925,p2953,54,1
5927,p2954,53,1
5929,p2955,90,1
5932,p2956,94,1
5935,p2957,21,1
5937,p2958,25,1
5939,p2959,43,1
5942,p2960,93,1
5943,p2961,13,1
5945,p2962,98,1
5948,p2963,62,1
5950,p2964,69,1
5953,p2965,69,1
5956,p2966,42,1
5959,p2967,100,1
5961,p2968,84,1
5962,p2969,64,1
5965,p2970,31,1
5967,p2971,8,1
5968,p2972,72,1
5969,p2973,60,1
5972,p2974,36,1
5975,p2975,41,1
5977,p2976,24,1
5978,p2977,75,1
5979,p2978,35,1
5981,p2979,38,1
5983,p2980,98,1
5984,p2981,23,1
5985,p2982,21,1
5986,p2983,47,1
5987,p2984,12,1
5989,p2985,27,1
5991,p2986,3,1
5994,p2987,38,1
5996,p2988,58,1
5998,p2989,67,1
6000,p2990,15,1
6003,p2991,29,1
6006,p2992,60,1
6009,p2993,41,1
6010,p2994,36,1
6012,p2995,15,1
6013,p2996,98,1
6014,p2997,68,1
6017,p2998,75,1
6019,p2999,42,1
6021,p3000,50,1
6022,p3001,47,1
6023,p3002,99,1
6025,p3003,70,1
6027,p3004,100,1
6030,p3005,14,1
6033,p3006,63,1
6035,p3007,92,1
6038,p3008,82,1
6039,p3009,48,1
6041,p3010,33,1
6043,p3011,24,1
6044,p3012,85,1
6046,p3013,77,1
6049,p3014,36,1
6052,p3015,48,1
6053,p3016,47,1
6056,p3017,9,1
6059,p3018,65,1
6062,p3019,64,1
6065,p3020,72,1
6068,p3021,43,1
6070,p3022,27,1
6071,p3023,79,1
6074,p3024,66,1
6076,p3025,36,1
6079,p3026,37,1
6081,p3027,89,1
6082,p3028,76,1
6085,p3029,98,1
6086,p3030,8,1
6087,p3031,56,1
6090,p3032,12,1
6091,p3033,83,1
6093,p3034,100,1
6096,p3035,24,1
6098,p3036,81,1
6101,p3037,86,1
6103,p3038,93,1
6104,p3039,55,1
6105,p3040,28,1
6106,p3041,56,1
6109,p3042,58,1
6111,p3043,28,1
6112,p3044,71,1
6113,p3045,27,1
6114,p3046,23,1
6115,p3047,50,1
6116,p3048,39,1
6118,p3049,60,1
6121,p3050,98,1
6122,p3051,38,1
6124,p3052,72,1
6126,p3053,38,1
6127,p3054,73,1
6130,p3055,72,1
6133,p3056,69,1
6134,p3057,32,1
6137,p3058,34,1
6140,p3059,25,1
6141,p3060,15,1
6143,p3061,14,1
6144,p3062,48,1
6145,p3063,86,1
6146,p3064,6,1
6147,p3065,61,1
6149,p3066,81,1
6150,p3067,69,1
6151,p3068,86,1
6153,p3069,69,1
6154,p3070,28,1
6155,p3071,62,1
6158,p3072,79,1
6161,p3073,87,1
6164,p3074,36,1
6165,p3075,79,1
6166,p3076,19,1
6168,p3077,29,1
6171,p3078,25,1
6174,p3079,52,1
6176,p3080,12,1
6178,p3081,66,1
6180,p3082,89,1
6182,p3083,78,1
6184,p3084,40,1
6187,p3085,53,1
6188,p3086,49,1
6189,p3087,78,1
6191,p3088,21,1
6194,p3089,56,1
6197,p3090,32,1
6198,p3091,18,1
6199,p3092,44,1
6200,p3093,45,1
6202,p3094,5,1
6203,p3095,6,1
6204,p3096,7,1
6207,p3097,97,1
6210,p3098,82,1
6213,p3099,84,1
6215,p3100,97,1
6217,p3101,45,1
6220,p3102,74,1
6221,p3103,64,1
6224,p3104,72,1
6227,p3105,17,1
6228,p3106,66,1
6230,p3107,23,1
6232,p3108,54,1
6233,p3109,54,1
6235,p3110,69,1
6238,p3111,51,1
6239,p3112,47,1
6241,p3113,58,1
6244,p3114,64,1
6245,p3115,42,1
6248,p3116,61,1
6249,p3117,42,1
6251,p3118,97,1
6254,p3119,95,1
6257,p3120,93,1
6260,p3121,93,1
6262,p3122,100,1
6265,p3123,20,1
6267,p3124,15,1
6269,p3125,76,1
6272,p3126,8,1
6275,p3127,39,1
6278,p3128,36,1
6279,p3129,27,1
6282,p3130,37,1
6283,p3131,75,1
6285,p3132,19,1
6286,p3133,24,1
6288,p3134,85,1
6290,p3135,61,1
6293,p3136,7,1
6295,p3137,79,1
6298,p3138,43,1
6299,p3139,73,1
6302,p3140,27,1
6305,p3141,61,1
6307,p3142,88,1
6310,p3143,23,1
6313,p3144,46,1
6314,p3145,37,1
6317,p3146,89,1
6318,p3147,33,1
6319,p3148,83,1
6321,p3149,70,1
6324,p3150,19,1
6325,p3151,89,1
6326,p3152,59,1
6329,p3153,55,1
6332,p3154,90,1
6335,p3155,24,1
6338,p3156,66,1
6339,p3157,69,1
6342,p3158,40,1
6344,p3159,32,1
6347,p3160,16,1
6349,p3161,52,1
6350,p3162,55,1
6353,p3163,94,1
6356,p3164,59,1
6357,p3165,63,1
6360,p3166,3,1
6362,p3167,32,1
6365,p3168,77,1
6366,p3169,80,1
6369,p3170,58,1
6370,p3171,46,1
6371,p3172,7,1
6372,p3173,6,1
6373,p3174,54,1
6375,p3175,78,1
6376,p3176,80,1
6379,p3177,72,1
6382,p3178,37,1
6385,p3179,97,1
6386,p3180,72,1
6389,p3181,70,1
6390,p3182,40,1
6393,p3183,56,1
6396,p3184,94,1
6397,p3185,17,1
6400,p3186,43,1
6402,p3187,32,1
6404,p3188,71,1
6407,p3189,51,1
6410,p3190,75,1
6413,p3191,8,1
6414,p3192,39,1
6416,p3193,6,1
6418,p3194,39,1
6421,p3195,4,1
6423,p3196,59,1
6426,p3197,13,1
6429,p3198,35,1
6430,p3199,59,1
6431,p3200,58,1
6432,p3201,39,1
6434,p3202,57,1
6437,p3203,14,1
6438,p3204,9,1
6441,p3205,69,1
6444,p3206,62,1
6445,p3207,69,1
6446,p3208,80,1
6447,p3209,47,1
6449,p3210,35,1
6452,p3211,32,1
6453,p3212,8,1
6456,p3213,84,1
6459,p3214,50,1
6460,p3215,52,1
6463,p3216,49,1
6465,p3217,33,1
6467,p3218,17,1
6470,p3219,52,1
6472,p3220,54,1
6473,p3221,82,1
6475,p3222,93,1
6478,p3223,47,1
6479,p3224,35,1
6481,p3225,9,1
6483,p3226,54,1
6486,p3227,93,1
6489,p3228,78,1
6490,p3229,54,1
6493,p3230,46,1
6494,p3231,15,1
6495,p3232,79,1
6497,p3233,13,1
6499,p3234,76,1
6500,p3235,47,1
6501,p3236,83,1
6504,p3237,97,1
6506,p3238,9,1
6509,p3239,75,1
6511,p3240,39,1
6512,p3241,36,1
6513,p3242,73,1
6516,p3243,96,1
6518,p3244,52,1
6519,p3245,55,1
6522,p3246,57,1
6523,p3247,52,1
6524,p3248,8,1
6525,p3249,95,1
6527,p3250,23,1
6529,p3251,45,1
6530,p3252,30,1
6531,p3253,73,1
6534,p3254,23,1
6537,p3255,78,1
6539,p3256,76,1
6541,p3257,89,1
6544,p3258,38,1
6546,p3259,32,1
6548,p3260,83,1
6551,p3261,57,1
6552,p3262,92,1
6553,p3263,55,1
6555,p3264,61,1
6557,p3265,55,1
6559,p3266,40,1
6562,p3267,16,1
6565,p3268,73,1
6568,p3269,16,1
6571,p3270,80,1
6573,p3271,38,1
6575,p3272,52,1
6578,p3273,8,1
6579,p3274,71,1
6582,p3275,36,1
6583,p3276,38,1
6584,p3277,39,1
6585,p3278,34,1
6588,p3279,8,1
6589,p3280,25,1
6592,p3281,58,1
6593,p3282,89,1
6594,p3283,68,1
6595,p3284,70,1
6597,p3285,13,1
6600,p3286,14,1
6601,p3287,6,1
6603,p3288,30,1
6606,p3289,62,1
6608,p3290,31,1
6610,p3291,81,1
6611,p3292,5,1
6613,p3293,95,1
6615,p3294,86,1
6618,p3295,19,1
6620,p3296,87,1
6622,p3297,69,1
6623,p3298,44,1
6626,p3299,69,1
6629,p3300,31,1
6630,p3301,82,1
6633,p3302,90,1
6635,p3303,62,1
6638,p3304,31,1
6640,p3305,86,1
6641,p3306,9,1
6642,p3307,33,1
6643,p3308,74,1
6644,p3309,34,1
6646,p3310,22,1
6648,p3311,72,1
6649,p3312,46,1
6652,p3313,65,1
6654,p3314,44,1
6657,p3315,4,1
6660,p3316,91,1
6662,p3317,3,1
6663,p3318,84,1
6664,p3319,81,1
6666,p3320,91,1
6667,p3321,23,1
6669,p3322,13,1
6671,p3323,43,1
6672,p3324,46,1
6674,p3325,40,1
6676,p3326,10,1
6679,p3327,62,1
6680,p3328,36,1
6683,p3329,92,1
6684,p3330,63,1
6687,p3331,80,1
6689,p3332,38,1
6690,p3333,60,1
6693,p3334,62,1
6695,p3335,28,1
6698,p3336,38,1
6700,p3337,78,1
6703,p3338,64,1
6705,p3339,50,1
6707,p3340,100,1
6710,p3341,30,1
6712,p3342,53,1
6713,p3343,28,1
6714,p3344,65,1
6716,p3345,19,1
6719,p3346,20,1
6720,p3347,44,1
6721,p3348,87,1
6724,p3349,41,1
6727,p3350,32,1
6728,p3351,58,1
6730,p3352,76,1
6731,p3353,9,1
6733,p3354,28,1
6734,p3355,18,1
6737,p3356,45,1
6739,p3357,96,1
6740,p3358,90,1
6743,p3359,62,1
6744,p3360,18,1
6746,p3361,33,1
6747,p3362,52,1
6748,p3363,77,1
6750,p3364,84,1
6753,p3365,12,1
6754,p3366,94,1
6757,p3367,11,1
6759,p3368,66,1
6761,p3369,70,1
6763,p3370,70,1
6764,p3371,63,1
6766,p3372,92,1
6767,p3373,53,1
6770,p3374,52,1
6771,p3375,21,1
6773,p3376,45,1
6776,p3377,73,1
6779,p3378,25,1
6780,p3379,8,1
6782,p3380,46,1
6783,p3381,24,1
6785,p3382,88,1
6786,p3383,25,1
6789,p3384,83,1
6791,p3385,82,1
6792,p3386,18,1
6795,p3387,13,1
6798,p3388,88,1
6801,p3389,75,1
6804,p3390,16,1
6807,p3391,57,1
6808,p3392,2,1
6809,p3393,22,1
6812,p3394,16,1
6813,p3395,38,1
6814,p3396,3,1
6817,p3397,56,1
6820,p3398,8,1
6822,p3399,49,1
6823,p3400,8,1
6826,p3401,75,1
6829,p3402,43,1
6832,p3403,85,1
6834,p3404,62,1
6836,p3405,15,1
6838,p3406,89,1
6840,p3407,17,1
6842,p3408,15,1
6843,p3409,38,1
6844,p3410,7,1
6847,p3411,48,1
6849,p3412,58,1
6851,p3413,72,1
6854,p3414,31,1
6857,p3415,93,1
6858,p3416,65,1
6859,p3417,24,1
6861,p3418,18,1
6863,p3419,82,1
6865,p3420,87,1
6868,p3421,42,1
6870,p3422,53,1
6873,p3423,52,1
6875,p3424,36,1
6878,p3425,6,1
6879,p3426,30,1
6880,p3427,56,1
6882,p3428,15,1
6884,p3429,81,1
6885,p3430,22,1
6888,p3431,2,1
6889,p3432,51,1
6892,p3433,76,1
6894,p3434,45,1
6897,p3435,45,1
6899,p3436,61,1
6901,p3437,46,1
6902,p3438,22,1
6904,p3439,69,1
6906,p3440,8,1
6907,p3441,28,1
6908,p3442,14,1
6910,p3443,65,1
6911,p3444,27,1
6914,p3445,85,1
6917,p3446,62,1
6918,p3447,88,1
6921,p3448,56,1
6922,p3449,73,1
6925,p3450,31,1
6926,p3451,96,1
6927,p3452,27,1
6929,p3453,84,1
6931,p3454,44,1
6932,p3455,10,1
6933,p3456,49,1
6935,p3457,64,1
6937,p3458,48,1
6940,p3459,95,1
6943,p3460,41,1
6944,p3461,51,1
6945,p3462,50,1
6948,p3463,67,1
6950,p3464,65,1
6953,p3465,95,1
6954,p3466,99,1
6955,p3467,96,1
6958,p3468,37,1
6961,p3469,23,1
6964,p3470,7,1
6967,p3471,26,1
6970,p3472,45,1
6973,p3473,21,1
6976,p3474,3,1
6979,p3475,14,1
6982,p3476,26,1
6984,p3477,82,1
6987,p3478,73,1
6989,p3479,13,1
6991,p3480,97,1
6993,p3481,77,1
6994,p3482,21,1
6996,p3483,2,1
6999,p3484,25,1
7001,p3485,17,1
7004,p3486,40,1
7007,p3487,98,1
7010,p3488,25,1
7013,p3489,93,1
7016,p3490,70,1
7018,p3491,69,1
7019,p3492,11,1
7020,p3493,73,1
7023,p3494,70,1
7025,p3495,60,1
7026,p3496,90,1
7028,p3497,22,1
7030,p3498,33,1
7033,p3499,78,1
7035,p3500,20,1
7038,p3501,65,1
7041,p3502,3,1
7043,p3503,30,1
7046,p3504,73,1
7047,p3505,77,1
7048,p3506,82,1
7050,p3507,11,1
7052,p3508,63,1
7054,p3509,43,1
7055,p3510,74,1
7058,p3511,19,1
7060,p3512,81,1
7061,p3513,11,1
7062,p3514,93,1
7064,p3515,68,1
7065,p3516,93,1
7068,p3517,62,1
7070,p3518,46,1
7072,p3519,95,1
7073,p3520,31,1
7075,p3521,68,1
7077,p3522,17,1
7080,p3523,9,1
7081,p3524,71,1
7084,p3525,81,1
7086,p3526,8,1
7087,p3527,53,1
7089,p3528,77,1
7090,p3529,55,1
7091,p3530,8,1
7094,p3531,38,1
7095,p3532,5,1
7097,p3533,79,1
7098,p3534,31,1
7101,p3535,32,1
7102,p3536,33,1
7104,p3537,26,1
7105,p3538,75,1
7107,p3539,30,1
7108,p3540,62,1
7111,p3541,78,1
7113,p3542,66,1
7114,p3543,44,1
7116,p3544,32,1
7119,p3545,65,1
7120,p3546,89,1
7121,p3547,83,1
7124,p3548,99,1
7126,p3549,87,1
7127,p3550,71,1
7129,p3551,43,1
7131,p3552,92,1
7133,p3553,51,1
7136,p3554,53,1
7137,p3555,75,1
7140,p3556,42,1
7141,p3557,23,1
7143,p3558,20,1
7146,p3559,14,1
7149,p3560,73,1
7150,p3561,29,1
7152,p3562,90,1
7155,p3563,99,1
7158,p3564,53,1
7161,p3565,61,1
7162,p3566,75,1
7163,p3567,86,1
7165,p3568,19,1
7167,p3569,84,1
7169,p3570,73,1
7171,p3571,21,1
7172,p3572,63,1
7175,p3573,37,1
7178,p3574,17,1
7181,p3575,76,1
7182,p3576,13,1
7183,p3577,94,1
7186,p3578,51,1
7187,p3579,13,1
7190,p3580,16,1
7191,p3581,89,1
7193,p3582,64,1
7195,p3583,10,1
7198,p3584,87,1
7201,p3585,62,1
7203,p3586,72,1
7204,p3587,91,1
7207,p3588,29,1
7210,p3589,71,1
7211,p3590,44,1
7212,p3591,43,1
7215,p3592,86,1
7217,p3593,87,1
7220,p3594,9,1
7223,p3595,43,1
7224,p3596,20,1
7226,p3597,18,1
7229,p3598,8,1
7232,p3599,80,1
7235,p3600,62,1
7236,p3601,6,1
7237,p3602,75,1
7239,p3603,33,1
7241,p3604,17,1
7243,p3605,54,1
7245,p3606,64,1
7248,p3607,97,1
7249,p3608,94,1
7250,p3609,95,1
7252,p3610,87,1
7253,p3611,100,1
7254,p3612,47,1
7256,p3613,90,1
7257,p3614,26,1
7258,p3615,88,1
7260,p3616,9,1
7263,p3617,3,1
7265,p3618,57,1
7266,p3619,66,1
7268,p3620,19,1
7269,p3621,34,1
7272,p3622,93,1
7275,p3623,62,1
7278,p3624,37,1
7279,p3625,49,1
7280,p3626,61,1
7283,p3627,12,1
7285,p3628,63,1
7288,p3629,28,1
7289,p3630,25,1
7292,p3631,46,1
7294,p3632,91,1
7296,p3633,63,1
7298,p3634,59,1
7300,p3635,69,1
7301,p3636,84,1
7304,p3637,24,1
7307,p3638,50,1
7309,p3639,58,1
7312,p3640,38,1
7313,p3641,97,1
7314,p3642,52,1
7316,p3643,64,1
7318,p3644,83,1
7321,p3645,88,1
7323,p3646,71,1
7325,p3647,96,1
7328,p3648,93,1
7331,p3649,3,1
7334,p3650,46,1
7337,p3651,27,1
7338,p3652,2,1
7340,p3653,75,1
7343,p3654,29,1
7345,p3655,98,1
7347,p3656,51,1
7350,p3657,77,1
7352,p3658,70,1
7353,p3659,98,1
7356,p3660,47,1
7359,p3661,85,1
7362,p3662,15,1
7365,p3663,15,1
7366,p3664,53,1
7367,p3665,21,1
7370,p3666,19,1
7371,p3667,99,1
7372,p3668,71,1
7375,p3669,33,1
7378,p3670,57,1
7380,p3671,38,1
7382,p3672,34,1
7384,p3673,86,1
7386,p3674,84,1
7387,p3675,43,1
7390,p3676,38,1
7391,p3677,13,1
7392,p3678,81,1
7394,p3679,49,1
7397,p3680,3,1
7399,p3681,27,1
7402,p3682,88,1
7403,p3683,35,1
7404,p3684,8,1
7405,p3685,55,1
7406,p3686,74,1
7409,p3687,27,1
7410,p3688,35,1
7411,p3689,79,1
7412,p3690,63,1
7415,p3691,57,1
7418,p3692,58,1
7421,p3693,91,1
7423,p3694,66,1
7426,p3695,51,1
7427,p3696,31,1
7428,p3697,6,1
7429,p3698,67,1
7430,p3699,6,1
7431,p3700,59,1
7432,p3701,42,1
7434,p3702,10,1
7436,p3703,56,1
7437,p3704,18,1
7438,p3705,39,1
7441,p3706,60,1
7442,p3707,18,1
7445,p3708,16,1
7448,p3709,8,1
7451,p3710,90,1
7453,p3711,85,1
7454,p3712,45,1
7456,p3713,84,1
7458,p3714,47,1
7461,p3715,34,1
7462,p3716,89,1
7465,p3717,33,1
7466,p3718,13,1
7467,p3719,28,1
7470,p3720,4,1
7471,p3721,55,1
7474,p3722,57,1
7475,p3723,3,1
7477,p3724,58,1
7479,p3725,87,1
7482,p3726,38,1
7484,p3727,29,1
7486,p3728,81,1
7489,p3729,36,1
7491,p3730,56,1
7494,p3731,13,1
7496,p3732,19,1
7499,p3733,38,1
7501,p3734,44,1
7502,p3735,64,1
7504,p3736,85,1
7505,p3737,48,1
7506,p3738,6,1
7507,p3739,94,1
7508,p3740,7,1
7509,p3741,36,1
7512,p3742,75,1
7515,p3743,99,1
7518,p3744,4,1
7521,p3745,78,1
7524,p3746,61,1
7526,p3747,81,1
7528,p3748,86,1
7530,p3749,68,1
7533,p3750,35,1
7536,p3751,46,1
7539,p3752,46,1
7541,p3753,72,1
7542,p3754,66,1
7544,p3755,22,1
7547,p3756,83,1
7548,p3757,85,1
7550,p3758,70,1
7552,p3759,6,1
7553,p3760,65,1
7554,p3761,39,1
7555,p3762,99,1
7557,p3763,57,1
7559,p3764,65,1
7561,p3765,82,1
7562,p3766,19,1
7565,p3767,81,1
7566,p3768,23,1
7567,p3769,50,1
7570,p3770,82,1
7572,p3771,15,1
7573,p3772,92,1
7575,p3773,71,1
7576,p3774,34,1
7577,p3775,42,1
7579,p3776,40,1
7581,p3777,99,1
7584,p3778,26,1
7586,p3779,20,1
7588,p3780,50,1
7591,p3781,70,1
7594,p3782,73,1
7597,p3783,98,1
7600,p3784,72,1
7602,p3785,11,1
7604,p3786,83,1
7605,p3787,15,1
7606,p3788,15,1
7607,p3789,60,1
7608,p3790,28,1
7611,p3791,23,1
7613,p3792,40,1
7614,p3793,4,1
7615,p3794,84,1
7617,p3795,89,1
7620,p3796,15,1
7623,p3797,35,1
7624,p3798,82,1
7625,p3799,59,1
7628,p3800,91,1
7630,p3801,87,1
7633,p3802,29,1
7635,p3803,90,1
7636,p3804,28,1
7637,p3805,53,1
7639,p3806,15,1
7642,p3807,72,1
7645,p3808,55,1
7648,p3809,32,1
7649,p3810,38,1
7651,p3811,91,1
7654,p3812,2,1
7657,p3813,87,1
7658,p3814,45,1
7660,p3815,34,1
7661,p3816,53,1
7663,p3817,70,1
7664,p3818,74,1
7666,p3819,17,1
7667,p3820,2,1
7669,p3821,3,1
7670,p3822,46,1
7673,p3823,24,1
7675,p3824,44,1
7676,p3825,50,1
7679,p3826,50,1
7680,p3827,42,1
7683,p3828,34,1
7685,p3829,38,1
7687,p3830,75,1
7689,p3831,52,1
7692,p3832,51,1
7694,p3833,50,1
7697,p3834,24,1
7700,p3835,88,1
7703,p3836,31,1
7704,p3837,31,1
7705,p3838,24,1
7706,p3839,83,1
7708,p3840,24,1
7711,p3841,53,1
7714,p3842,89,1
7716,p3843,7,1
7717,p3844,34,1
7719,p3845,55,1
7720,p3846,22,1
7723,p3847,20,1
7726,p3848,57,1
7728,p3849,74,1
7729,p3850,75,1
7732,p3851,8,1
7733,p3852,68,1
7734,p3853,90,1
7736,p3854,87,1
7739,p3855,57,1
7742,p3856,100,1
7744,p3857,8,1
7745,p3858,89,1
7748,p3859,68,1
7751,p3860,72,1
7753,p3861,45,1
7756,p3862,49,1
7759,p3863,7,1
7760,p3864,6,1
7762,p3865,69,1
7765,p3866,65,1
7767,p3867,83,1
7769,p3868,86,1
7772,p3869,31,1
7773,p3870,91,1
7776,p3871,88,1
7777,p3872,48,1
7778,p3873,56,1
7781,p3874,78,1
7784,p3875,37,1
7785,p3876,60,1
7786,p3877,9,1
7787,p3878,83,1
7788,p3879,99,1
7789,p3880,88,1
7790,p3881,6,1
7791,p3882,98,1
7793,p3883,36,1
7796,p3884,25,1
7798,p3885,39,1
7801,p3886,33,1
7804,p3887,3,1
7806,p3888,82,1
7808,p3889,67,1
7809,p3890,97,1
7810,p3891,87,1
7812,p3892,55,1
7815,p3893,99,1
7818,p3894,3,1
7820,p3895,78,1
7822,p3896,65,1
7825,p3897,88,1
7826,p3898,9,1
7829,p3899,32,1
7830,p3900,93,1
7833,p3901,7,1
7835,p3902,37,1
7836,p3903,10,1
7839,p3904,91,1
7840,p3905,37,1
7843,p3906,53,1
7844,p3907,75,1
7846,p3908,27,1
7847,p3909,84,1
7849,p3910,93,1
7852,p3911,37,1
7855,p3912,55,1
7856,p3913,59,1
7857,p3914,75,1
7860,p3915,44,1
7862,p3916,39,1
7863,p3917,31,1
7865,p3918,21,1
7867,p3919,44,1
7868,p3920,11,1
7870,p3921,51,1
7871,p3922,35,1
7874,p3923,26,1
7877,p3924,56,1
7879,p3925,74,1
7880,p3926,18,1
7882,p3927,82,1
7883,p3928,70,1
7886,p3929,31,1
7887,p3930,17,1
7888,p3931,41,1
7891,p3932,8,1
7892,p3933,96,1
7895,p3934,41,1
7897,p3935,74,1
7899,p3936,49,1
7902,p3937,62,1
7905,p3938,8,1
7906,p3939,32,1
7907,p3940,68,1
7910,p3941,55,1
7912,p3942,86,1
7914,p3943,70,1
7916,p3944,41,1
7919,p3945,52,1
7921,p3946,45,1
7924,p3947,5,1
7926,p3948,54,1
7927,p3949,15,1
7929,p3950,6,1
7930,p3951,77,1
7932,p3952,47,1
7935,p3953,31,1
7936,p3954,14,1
7938,p3955,30,1
7940,p3956,48,1
7942,p3957,18,1
7943,p3958,25,1
7945,p3959,3,1
7947,p3960,73,1
7950,p3961,35,1
7952,p3962,67,1
7955,p3963,57,1
7956,p3964,86,1
7959,p3965,57,1
7962,p3966,40,1
7964,p3967,71,1
7966,p3968,34,1
7969,p3969,18,1
7972,p3970,18,1
7974,p3971,21,1
7976,p3972,34,1
7977,p3973,90,1
7979,p3974,18,1
7982,p3975,36,1
7983,p3976,65,1
7984,p3977,80,1
7987,p3978,73,1
7988,p3979,81,1
7990,p3980,16,1
7993,p3981,47,1
7995,p3982,34,1
7996,p3983,15,1
7997,p3984,81,1
8000,p3985,100,1
8001,p3986,98,1
8004,p3987,79,1
8007,p3988,29,1
8008,p3989,18,1
8009,p3990,16,1
8010,p3991,89,1
8012,p3992,4,1
8014,p3993,17,1
8015,p3994,71,1
8017,p3995,34,1
8020,p3996,35,1
8022,p3997,47,1
8025,p3998,33,1
8026,p3999,38,1
8029,p4000,2,1
8030,p4001,28,1
8031,p4002,82,1
8032,p4003,64,1
8035,p4004,97,1
8038,p4005,91,1
8041,p4006,81,1
8043,p4007,30,1
8046,p4008,16,1
8047,p4009,88,1
8050,p4010,50,1
8051,p4011,72,1
8053,p4012,29,1
8056,p4013,9,1
8057,p4014,19,1
8060,p4015,81,1
8061,p4016,2,1
8062,p4017,78,1
8065,p4018,21,1
8066,p4019,86,1
8068,p4020,18,1
8071,p4021,95,1
8072,p4022,78,1
8074,p4023,24,1
8076,p4024,3,1
8078,p4025,53,1
8079,p4026,14,1
8082,p4027,75,1
8084,p4028,42,1
8087,p4029,55,1
8088,p4030,55,1
8089,p4031,85,1
8090,p4032,25,1
8091,p4033,55,1
8093,p4034,45,1
8096,p4035,4,1
8098,p4036,59,1
8101,p4037,23,1
8102,p4038,47,1
8104,p4039,35,1
8105,p4040,86,1
8107,p4041,86,1
8108,p4042,74,1
8109,p4043,56,1
8110,p4044,68,1
8111,p4045,9,1
8114,p4046,21,1
8117,p4047,23,1
8118,p4048,50,1
8119,p4049,4,1
8122,p4050,59,1
8125,p4051,39,1
8126,p4052,13,1
8127,p4053,98,1
8128,p4054,94,1
8131,p4055,88,1
8133,p4056,61,1
8136,p4057,74,1
8139,p4058,32,1
8141,p4059,78,1
8143,p4060,59,1
8146,p4061,70,1
8149,p4062,95,1
8150,p4063,73,1
8151,p4064,93,1
8152,p4065,98,1
8154,p4066,22,1
8156,p4067,45,1
8158,p4068,82,1
8161,p4069,45,1
8163,p4070,24,1
8166,p4071,64,1
8168,p4072,16,1
8171,p4073,89,1
8174,p4074,76,1
8175,p4075,64,1
8177,p4076,10,1
8178,p4077,59,1
8180,p4078,60,1
8183,p4079,7,1
8186,p4080,16,1
8188,p4081,79,1
8189,p4082,85,1
8190,p4083,83,1
8193,p4084,57,1
8195,p4085,95,1
8197,p4086,79,1
8198,p4087,45,1
8199,p4088,46,1
8201,p4089,56,1
8202,p4090,56,1
8203,p4091,100,1
8206,p4092,44,1
8207,p4093,60,1
8209,p4094,25,1
8210,p4095,68,1
8213,p4096,5,1
8215,p4097,2,1
8216,p4098,81,1
8217,p4099,52,1
8220,p4100,72,1
8221,p4101,27,1
8222,p4102,91,1
8225,p4103,40,1
8226,p4104,48,1
8227,p4105,100,1
8230,p4106,23,1
8232,p4107,54,1
8234,p4108,69,1
8236,p4109,11,1
8238,p4110,17,1
8241,p4111,8,1
8244,p4112,46,1
8246,p4113,19,1
8248,p4114,23,1
8250,p4115,15,1
8251,p4116,26,1
8254,p4117,58,1
8257,p4118,11,1
8260,p4119,80,1
8261,p4120,21,1
8263,p4121,33,1
8265,p4122,28,1
8267,p4123,75,1
8270,p4124,41,1
8271,p4125,38,1
8272,p4126,48,1
8274,p4127,39,1
8275,p4128,51,1
8276,p4129,15,1
8278,p4130,93,1
8279,p4131,41,1
8280,p4132,16,1
8281,p4133,47,1
8282,p4134,18,1
8284,p4135,71,1
8285,p4136,72,1
8288,p4137,13,1
8289,p4138,61,1
8292,p4139,11,1
8294,p4140,61,1
8295,p4141,23,1
8297,p4142,2,1
8299,p4143,62,1
8302,p4144,62,1
8303,p4145,52,1
8306,p4146,37,1
8307,p4147,71,1
8308,p4148,71,1
8310,p4149,4,1
8312,p4150,48,1
8315,p4151,51,1
8318,p4152,48,1
8320,p4153,37,1
8323,p4154,19,1
8326,p4155,79,1
8329,p4156,5,1
8331,p4157,90,1
8333,p4158,19,1
8334,p4159,68,1
8337,p4160,11,1
8340,p4161,45,1
8342,p4162,82,1
8343,p4163,99,1
8346,p4164,56,1
8348,p4165,53,1
8349,p4166,27,1
8352,p4167,67,1
8354,p4168,46,1
8357,p4169,20,1
8360,p4170,97,1
8363,p4171,61,1
8366,p4172,30,1
8367,p4173,31,1
8370,p4174,98,1
8371,p4175,29,1
8373,p4176,84,1
8374,p4177,2,1
8376,p4178,23,1
8379,p4179,100,1
8382,p4180,39,1
8383,p4181,80,1
8386,p4182,69,1
8388,p4183,82,1
8390,p4184,7,1
8392,p4185,12,1
8393,p4186,51,1
8394,p4187,80,1
8396,p4188,84,1
8398,p4189,29,1
8400,p4190,21,1
8403,p4191,97,1
8405,p4192,27,1
8407,p4193,98,1
8409,p4194,2,1
8410,p4195,42,1
8413,p4196,50,1
8415,p4197,73,1
8417,p4198,32,1
8418,p4199,4,1
8420,p4200,33,1
8421,p4201,3,1
8423,p4202,40,1
8424,p4203,89,1
8426,p4204,19,1
8427,p4205,63,1
8429,p4206,38,1
8432,p4207,45,1
8434,p4208,2,1
8436,p4209,38,1
8438,p4210,82,1
8440,p4211,18,1
8443,p4212,46,1
8445,p4213,92,1
8447,p4214,3,1
8450,p4215,55,1
8453,p4216,42,1
8454,p4217,61,1
8455,p4218,9,1
8457,p4219,79,1
8460,p4220,79,1
8461,p4221,66,1
8464,p4222,93,1
8465,p4223,59,1
8468,p4224,34,1
8469,p4225,84,1
8472,p4226,23,1
8474,p4227,4,1
8475,p4228,71,1
8477,p4229,75,1
8479,p4230,24,1
8481,p4231,72,1
8483,p4232,63,1
8485,p4233,36,1
8487,p4234,6,1
8489,p4235,66,1
8491,p4236,91,1
8492,p4237,30,1
8494,p4238,31,1
8497,p4239,50,1
8500,p4240,73,1
8503,p4241,99,1
8505,p4242,10,1
8508,p4243,64,1
8509,p4244,40,1
8512,p4245,49,1
8514,p4246,34,1
8515,p4247,45,1
8516,p4248,14,1
8518,p4249,79,1
8519,p4250,53,1
8522,p4251,42,1
8523,p4252,96,1
8524,p4253,65,1
8526,p4254,16,1
8529,p4255,83,1
8531,p4256,21,1
8532,p4257,30,1
8533,p4258,34,1
8536,p4259,81,1
8538,p4260,33,1
8539,p4261,28,1
8540,p4262,48,1
8542,p4263,46,1
8544,p4264,7,1
8546,p4265,29,1
8548,p4266,88,1
8551,p4267,47,1
8552,p4268,46,1
8553,p4269,53,1
8554,p4270,57,1
8557,p4271,66,1
8560,p4272,44,1
8563,p4273,31,1
8564,p4274,2,1
8566,p4275,65,1
8569,p4276,29,1
8571,p4277,4,1
8572,p4278,30,1
8575,p4279,59,1
8578,p4280,59,1
8581,p4281,47,1
8584,p4282,100,1
8587,p4283,14,1
8588,p4284,37,1
8591,p4285,46,1
8594,p4286,98,1
8595,p4287,37,1
8597,p4288,2,1
8598,p4289,51,1
8601,p4290,46,1
8602,p4291,4,1
8603,p4292,51,1
8605,p4293,50,1
8606,p4294,21,1
8607,p4295,20,1
8610,p4296,68,1
8613,p4297,22,1
8614,p4298,24,1
8615,p4299,15,1
8617,p4300,17,1
8620,p4301,91,1
8621,p4302,43,1
8623,p4303,33,1
8626,p4304,31,1
8629,p4305,8,1
8632,p4306,7,1
8635,p4307,66,1
8637,p4308,39,1
8638,p4309,100,1
8641,p4310,16,1
8643,p4311,97,1
8645,p4312,93,1
8646,p4313,71,1
8648,p4314,45,1
8649,p4315,15,1
8651,p4316,99,1
8654,p4317,77,1
8656,p4318,71,1
8657,p4319,91,1
8659,p4320,9,1
8660,p4321,85,1
8661,p4322,85,1
8664,p4323,13,1
8666,p4324,11,1
8667,p4325,42,1
8669,p4326,56,1
8671,p4327,8,1
8672,p4328,13,1
8674,p4329,50,1
8676,p4330,83,1
8677,p4331,55,1
8678,p4332,64,1
8679,p4333,15,1
8681,p4334,47,1
8682,p4335,40,1
8684,p4336,49,1
8685,p4337,44,1
8687,p4338,18,1
8689,p4339,12,1
8691,p4340,91,1
8694,p4341,95,1
8696,p4342,27,1
8698,p4343,81,1
8701,p4344,30,1
8704,p4345,53,1
8706,p4346,24,1
8707,p4347,40,1
8709,p4348,75,1
8711,p4349,87,1
8712,p4350,91,1
8713,p4351,53,1
8714,p4352,31,1
8716,p4353,6,1
8718,p4354,74,1
8720,p4355,11,1
8722,p4356,24,1
8724,p4357,5,1
8726,p4358,61,1
8727,p4359,64,1
8729,p4360,96,1
8731,p4361,100,1
8734,p4362,68,1
8735,p4363,70,1
8738,p4364,96,1
8739,p4365,75,1
8741,p4366,15,1
8744,p4367,61,1
8747,p4368,52,1
8750,p4369,90,1
8753,p4370,3,1
8755,p4371,9,1
8756,p4372,67,1
8758,p4373,12,1
8761,p4374,84,1
8762,p4375,10,1
8765,p4376,96,1
8766,p4377,74,1
8769,p4378,26,1
8772,p4379,100,1
8773,p4380,26,1
8776,p4381,6,1
8778,p4382,95,1
8779,p4383,40,1
8781,p4384,46,1
8782,p4385,25,1
8784,p4386,100,1
8787,p4387,41,1
8790,p4388,24,1
8793,p4389,80,1
8795,p4390,5,1
8798,p4391,84,1
8800,p4392,47,1
8802,p4393,59,1
8803,p4394,28,1
8805,p4395,92,1
8808,p4396,17,1
8809,p4397,17,1
8810,p4398,80,1
8811,p4399,50,1
8814,p4400,78,1
8816,p4401,71,1
8818,p4402,53,1
8821,p4403,82,1
8823,p4404,28,1
8825,p4405,42,1
8828,p4406,59,1
8830,p4407,45,1
8833,p4408,96,1
8834,p4409,18,1
8835,p4410,88,1
8837,p4411,14,1
8838,p4412,89,1
8839,p4413,77,1
8842,p4414,50,1
8843,p4415,97,1
8844,p4416,66,1
8847,p4417,11,1
8849,p4418,31,1
8850,p4419,6,1
8851,p4420,24,1
8852,p4421,12,1
8855,p4422,46,1
8856,p4423,96,1
8858,p4424,86,1
8859,p4425,97,1
8862,p4426,98,1
8863,p4427,85,1
8865,p4428,56,1
8868,p4429,66,1
8871,p4430,61,1
8872,p4431,49,1
8874,p4432,25,1
8876,p4433,83,1
8878,p4434,5,1
8880,p4435,52,1
8882,p4436,36,1
8883,p4437,91,1
8884,p4438,29,1
8887,p4439,46,1
8890,p4440,88,1
8891,p4441,46,1
8894,p4442,11,1
8896,p4443,52,1
8897,p4444,83,1
8899,p4445,43,1
8901,p4446,14,1
8903,p4447,95,1
8906,p4448,7,1
8907,p4449,59,1
8908,p4450,95,1
8909,p4451,33,1
8911,p4452,71,1
8912,p4453,78,1
8915,p4454,52,1
8918,p4455,68,1
8919,p4456,34,1
8922,p4457,62,1
8923,p4458,23,1
8924,p4459,20,1
8926,p4460,74,1
8927,p4461,100,1
8930,p4462,27,1
8933,p4463,50,1
8935,p4464,16,1
8938,p4465,15,1
8939,p4466,14,1
8941,p4467,40,1
8942,p4468,43,1
8943,p4469,91,1
8946,p4470,73,1
8948,p4471,45,1
8949,p4472,80,1
8950,p4473,52,1
8951,p4474,61,1
8952,p4475,52,1
8953,p4476,45,1
8954,p4477,64,1
8955,p4478,7,1
8958,p4479,77,1
8960,p4480,91,1
8961,p4481,63,1
8964,p4482,51,1
8965,p4483,75,1
8968,p4484,16,1
8971,p4485,26,1
8973,p4486,7,1
8974,p4487,13,1
8976,p4488,97,1
8978,p4489,66,1
8979,p4490,33,1
8980,p4491,69,1
8983,p4492,99,1
8985,p4493,74,1
8988,p4494,59,1
8989,p4495,15,1
8992,p4496,62,1
8994,p4497,11,1
8996,p4498,73,1
8999,p4499,25,1
9000,p4500,51,1
9001,p4501,5,1
9004,p4502,13,1
9006,p4503,26,1
9007,p4504,91,1
9010,p4505,74,1
9013,p4506,31,1
9015,p4507,57,1
9018,p4508,30,1
9020,p4509,16,1
9022,p4510,76,1
9025,p4511,77,1
9027,p4512,35,1
9028,p4513,42,1
9031,p4514,8,1
9033,p4515,97,1
9036,p4516,63,1
9037,p4517,31,1
9038,p4518,94,1
9040,p4519,70,1
9042,p4520,65,1
9043,p4521,40,1
9046,p4522,3,1
9047,p4523,60,1
9050,p4524,61,1
9053,p4525,57,1
9054,p4526,82,1
9057,p4527,6,1
9058,p4528,37,1
9060,p4529,81,1
9062,p4530,66,1
9063,p4531,97,1
9065,p4532,70,1
9067,p4533,72,1
9070,p4534,68,1
9071,p4535,48,1
9074,p4536,72,1
9077,p4537,87,1
9080,p4538,68,1
9081,p4539,67,1
9082,p4540,98,1
9083,p4541,38,1
9085,p4542,7,1
9086,p4543,36,1
9087,p4544,85,1
9089,p4545,59,1
9092,p4546,98,1
9095,p4547,42,1
9098,p4548,62,1
9099,p4549,2,1
9102,p4550,32,1
9104,p4551,47,1
9106,p4552,60,1
9108,p4553,14,1
9110,p4554,63,1
9111,p4555,99,1
9112,p4556,42,1
9114,p4557,13,1
9116,p4558,19,1
9117,p4559,78,1
9119,p4560,36,1
9120,p4561,67,1
9122,p4562,5,1
9124,p4563,14,1
9125,p4564,43,1
9128,p4565,6,1
9131,p4566,4,1
9134,p4567,34,1
9137,p4568,88,1
9139,p4569,75,1
9140,p4570,39,1
9143,p4571,74,1
9144,p4572,51,1
9147,p4573,79,1
9150,p4574,52,1
9152,p4575,29,1
9154,p4576,33,1
9157,p4577,22,1
9159,p4578,30,1
9161,p4579,55,1
9164,p4580,88,1
9167,p4581,12,1
9170,p4582,13,1
9172,p4583,46,1
9173,p4584,31,1
9175,p4585,29,1
9178,p4586,74,1
9180,p4587,11,1
9183,p4588,99,1
9186,p4589,87,1
9188,p4590,7,1
9191,p4591,46,1
9194,p4592,100,1
9197,p4593,71,1
9199,p4594,48,1
9200,p4595,56,1
9201,p4596,33,1
9204,p4597,57,1
9207,p4598,96,1
9210,p4599,75,1
9211,p4600,88,1
9213,p4601,37,1
9216,p4602,3,1
9217,p4603,36,1
9219,p4604,54,1
9220,p4605,70,1
9222,p4606,86,1
9225,p4607,98,1
9227,p4608,51,1
9229,p4609,72,1
9231,p4610,34,1
9234,p4611,80,1
9237,p4612,44,1
9238,p4613,73,1
9239,p4614,80,1
9242,p4615,47,1
9244,p4616,70,1
9245,p4617,16,1
9248,p4618,14,1
9251,p4619,31,1
9254,p4620,50,1
9257,p4621,88,1
9260,p4622,30,1
9262,p4623,83,1
9263,p4624,81,1
9265,p4625,33,1
9266,p4626,69,1
9267,p4627,94,1
9270,p4628,30,1
9272,p4629,95,1
9273,p4630,39,1
9274,p4631,94,1
9277,p4632,26,1
9278,p4633,95,1
9279,p4634,70,1
9282,p4635,27,1
9285,p4636,96,1
9288,p4637,96,1
9291,p4638,45,1
9294,p4639,94,1
9295,p4640,59,1
9298,p4641,19,1
9300,p4642,41,1
9302,p4643,52,1
9304,p4644,42,1
9307,p4645,86,1
9310,p4646,15,1
9311,p4647,8,1
9313,p4648,32,1
9316,p4649,75,1
9318,p4650,30,1
9320,p4651,62,1
9321,p4652,79,1
9323,p4653,7,1
9324,p4654,55,1
9326,p4655,5,1
9327,p4656,40,1
9329,p4657,75,1
9332,p4658,91,1
9335,p4659,4,1
9338,p4660,52,1
9341,p4661,3,1
9343,p4662,11,1
9344,p4663,35,1
9346,p4664,91,1
9347,p4665,99,1
9350,p4666,26,1
9351,p4667,17,1
9354,p4668,56,1
9355,p4669,48,1
9358,p4670,59,1
9360,p4671,44,1
9361,p4672,3,1
9363,p4673,31,1
9366,p4674,87,1
9369,p4675,10,1
9370,p4676,86,1
9371,p4677,91,1
9372,p4678,87,1
9375,p4679,95,1
9376,p4680,8,1
9377,p4681,82,1
9380,p4682,34,1
9381,p4683,59,1
9382,p4684,72,1
9383,p4685,27,1
9385,p4686,58,1
9388,p4687,29,1
9391,p4688,78,1
9393,p4689,6,1
9394,p4690,21,1
9397,p4691,2,1
9398,p4692,68,1
9399,p4693,85,1
9401,p4694,56,1
9403,p4695,7,1
9405,p4696,37,1
9406,p4697,56,1
9408,p4698,4,1
9411,p4699,78,1
9413,p4700,17,1
9416,p4701,29,1
9419,p4702,56,1
9420,p4703,55,1
9422,p4704,31,1
9423,p4705,41,1
9425,p4706,6,1
9427,p4707,66,1
9430,p4708,27,1
9431,p4709,13,1
9433,p4710,34,1
9436,p4711,50,1
9437,p4712,30,1
9439,p4713,75,1
9440,p4714,50,1
9443,p4715,17,1
9444,p4716,5,1
9447,p4717,56,1
9449,p4718,17,1
9452,p4719,68,1
9455,p4720,71,1
9456,p4721,13,1
9457,p4722,40,1
9460,p4723,25,1
9462,p4724,2,1
9464,p4725,70,1
9465,p4726,15,1
9466,p4727,71,1
9468,p4728,91,1
9470,p4729,69,1
9472,p4730,24,1
9473,p4731,25,1
9475,p4732,90,1
9478,p4733,62,1
9480,p4734,31,1
9481,p4735,20,1
9483,p4736,23,1
9486,p4737,31,1
9487,p4738,36,1
9488,p4739,91,1
9489,p4740,79,1
9491,p4741,66,1
9492,p4742,81,1
9494,p4743,36,1
9495,p4744,44,1
9497,p4745,33,1
9500,p4746,73,1
9501,p4747,22,1
9504,p4748,26,1
9506,p4749,40,1
9507,p4750,57,1
9510,p4751,100,1
9513,p4752,60,1
9516,p4753,85,1
9517,p4754,90,1
9519,p4755,16,1
9521,p4756,66,1
9522,p4757,63,1
9525,p4758,9,1
9528,p4759,78,1
9529,p4760,24,1
9532,p4761,66,1
9533,p4762,76,1
9536,p4763,84,1
9539,p4764,16,1
9541,p4765,18,1
9543,p4766,86,1
9545,p4767,53,1
9547,p4768,87,1
9550,p4769,67,1
9551,p4770,91,1
9554,p4771,62,1
9555,p4772,62,1
9558,p4773,24,1
9560,p4774,26,1
9562,p4775,4,1
9565,p4776,10,1
9568,p4777,34,1
9570,p4778,17,1
9571,p4779,63,1
9574,p4780,61,1
9577,p4781,37,1
9578,p4782,85,1
9580,p4783,95,1
9581,p4784,6,1
9582,p4785,24,1
9585,p4786,99,1
9588,p4787,56,1
9590,p4788,53,1
9593,p4789,72,1
9595,p4790,78,1
9598,p4791,80,1
9600,p4792,23,1
9603,p4793,55,1
9606,p4794,23,1
9608,p4795,59,1
9611,p4796,16,1
9614,p4797,74,1
9617,p4798,86,1
9619,p4799,29,1
9622,p4800,3,1
9623,p4801,19,1
9626,p4802,89,1
9629,p4803,73,1
9632,p4804,25,1
9634,p4805,52,1
9635,p4806,51,1
9638,p4807,98,1
9641,p4808,44,1
9644,p4809,43,1
9645,p4810,28,1
9646,p4811,16,1
9649,p4812,54,1
9652,p4813,50,1
9654,p4814,82,1
9657,p4815,7,1
9659,p4816,88,1
9661,p4817,82,1
9662,p4818,28,1
9663,p4819,83,1
9664,p4820,16,1
9667,p4821,57,1
9670,p4822,87,1
9671,p4823,17,1
9672,p4824,27,1
9674,p4825,10,1
9675,p4826,70,1
9677,p4827,55,1
9679,p4828,92,1
9681,p4829,70,1
9683,p4830,16,1
9685,p4831,88,1
9687,p4832,49,1
9690,p4833,42,1
9693,p4834,91,1
9694,p4835,51,1
9696,p4836,76,1
9699,p4837,2,1
9701,p4838,78,1
9704,p4839,2,1
9705,p4840,7,1
9708,p4841,17,1
9711,p4842,80,1
9712,p4843,95,1
9713,p4844,33,1
9716,p4845,62,1
9719,p4846,61,1
9720,p4847,81,1
9722,p4848,90,1
9724,p4849,98,1
9727,p4850,41,1
9728,p4851,69,1
9729,p4852,73,1
9731,p4853,53,1
9732,p4854,98,1
9733,p4855,88,1
9735,p4856,30,1
9736,p4857,71,1
9738,p4858,36,1
9740,p4859,65,1
9743,p4860,55,1
9744,p4861,5,1
9746,p4862,14,1
9748,p4863,75,1
9750,p4864,69,1
9751,p4865,78,1
9754,p4866,55,1
9755,p4867,36,1
9758,p4868,69,1
9761,p4869,58,1
9763,p4870,72,1
9764,p4871,34,1
9766,p4872,81,1
9768,p4873,27,1
9769,p4874,71,1
9772,p4875,61,1
9775,p4876,84,1
9776,p4877,70,1
9779,p4878,17,1
9780,p4879,97,1
9782,p4880,63,1
9783,p4881,66,1
9786,p4882,14,1
9789,p4883,87,1
9790,p4884,99,1
9792,p4885,54,1
9795,p4886,94,1
9798,p4887,67,1
9801,p4888,79,1
9802,p4889,37,1
9805,p4890,58,1
9807,p4891,52,1
9808,p4892,88,1
9810,p4893,96,1
9812,p4894,90,1
9813,p4895,53,1
9815,p4896,71,1
9818,p4897,4,1
9820,p4898,22,1
9823,p4899,51,1
9825,p4900,22,1
9828,p4901,42,1
9830,p4902,76,1
9831,p4903,27,1
9833,p4904,69,1
9836,p4905,93,1
9839,p4906,76,1
9840,p4907,72,1
9841,p4908,53,1
9843,p4909,98,1
9844,p4910,66,1
9847,p4911,83,1
9850,p4912,44,1
9852,p4913,26,1
9853,p4914,18,1
9855,p4915,7,1
9858,p4916,59,1
9861,p4917,80,1
9863,p4918,93,1
9865,p4919,67,1
9867,p4920,15,1
9870,p4921,9,1
9873,p4922,44,1
9875,p4923,89,1
9876,p4924,77,1
9879,p4925,19,1
9881,p4926,47,1
9882,p4927,69,1
9884,p4928,58,1
9886,p4929,100,1
9888,p4930,21,1
9889,p4931,22,1
9890,p4932,57,1
9893,p4933,84,1
9896,p4934,32,1
9898,p4935,43,1
9901,p4936,95,1
9902,p4937,72,1
9903,p4938,72,1
9906,p4939,94,1
9907,p4940,84,1
9909,p4941,97,1
9912,p4942,58,1
9914,p4943,49,1
9917,p4944,38,1
9918,p4945,41,1
9920,p4946,45,1
9921,p4947,39,1
9924,p4948,78,1
9925,p4949,30,1
9927,p4950,56,1
9930,p4951,8,1
9933,p4952,67,1
9934,p4953,78,1
9937,p4954,3,1
9939,p4955,57,1
9942,p4956,25,1
9945,p4957,11,1
9947,p4958,5,1
9948,p4959,62,1
9951,p4960,6,1
9954,p4961,43,1
9956,p4962,4,1
9959,p4963,69,1
9960,p4964,85,1
9961,p4965,78,1
9964,p4966,96,1
9966,p4967,58,1
9968,p4968,63,1
9969,p4969,46,1
9971,p4970,59,1
9973,p4971,91,1
9974,p4972,6,1
9975,p4973,28,1
9976,p4974,67,1
9977,p4975,36,1
9980,p4976,46,1
9983,p4977,83,1
9985,p4978,56,1
9986,p4979,43,1
9987,p4980,46,1
9989,p4981,15,1
9992,p4982,20,1
9993,p4983,69,1
9994,p4984,18,1
9996,p4985,36,1
9997,p4986,52,1
9999,p4987,99,1
10001,p4988,4,1
10003,p4989,27,1
10005,p4990,75,1
10007,p4991,83,1
10010,p4992,68,1
10012,p4993,59,1
10015,p4994,34,1
10018,p4995,94,1
10021,p4996,71,1
10023,p4997,77,1
10025,p4998,34,1
10028,p4999,25,1
10031,p5000,85,1
10034,p5001,36,1
10036,p5002,8,1
10039,p5003,29,1
10041,p5004,96,1
10044,p5005,54,1
10047,p5006,28,1
10049,p5007,32,1
10052,p5008,63,1
10055,p5009,28,1
10057,p5010,13,1
10058,p5011,59,1
10059,p5012,80,1
10061,p5013,68,1
10064,p5014,89,1
10066,p5015,35,1
10067,p5016,74,1
10070,p5017,96,1
10073,p5018,77,1
10075,p5019,31,1
10078,p5020,39,1
10080,p5021,84,1
10082,p5022,75,1
10084,p5023,24,1
10086,p5024,48,1
10088,p5025,13,1
10090,p5026,98,1
10092,p5027,5,1
10094,p5028,11,1
10095,p5029,17,1
10096,p5030,84,1
10098,p5031,58,1
10100,p5032,93,1
10101,p5033,92,1
10102,p5034,44,1
10104,p5035,66,1
10106,p5036,71,1
10108,p5037,30,1
10109,p5038,71,1
10111,p5039,62,1
10113,p5040,8,1
10114,p5041,85,1
10116,p5042,17,1
10118,p5043,78,1
10119,p5044,16,1
10122,p5045,69,1
10125,p5046,69,1
10126,p5047,94,1
10129,p5048,3,1
10131,p5049,60,1
10132,p5050,11,1
10133,p5051,37,1
10135,p5052,62,1
10136,p5053,37,1
10138,p5054,43,1
10140,p5055,30,1
10143,p5056,50,1
10145,p5057,58,1
10146,p5058,76,1
10148,p5059,11,1
10149,p5060,20,1
10152,p5061,62,1
10153,p5062,37,1
10154,p5063,21,1
10156,p5064,56,1
10158,p5065,55,1
10159,p5066,68,1
10161,p5067,65,1
10163,p5068,72,1
10166,p5069,36,1
10169,p5070,96,1
10171,p5071,69,1
10174,p5072,86,1
10177,p5073,6,1
10178,p5074,100,1
10179,p5075,85,1
10182,p5076,96,1
10184,p5077,84,1
10187,p5078,59,1
10190,p5079,84,1
10191,p5080,67,1
10193,p5081,76,1
10196,p5082,73,1
10199,p5083,77,1
10200,p5084,28,1
10203,p5085,100,1
10204,p5086,70,1
10207,p5087,54,1
10209,p5088,66,1
10212,p5089,53,1
10213,p5090,17,1
10215,p5091,75,1
10216,p5092,25,1
10218,p5093,12,1
10220,p5094,89,1
10222,p5095,79,1
10223,p5096,5,1
10226,p5097,85,1
10228,p5098,93,1
10230,p5099,43,1
10231,p5100,83,1
10233,p5101,74,1
10234,p5102,86,1
10236,p5103,44,1
10237,p5104,67,1
10238,p5105,20,1
10239,p5106,13,1
10242,p5107,37,1
10245,p5108,45,1
10246,p5109,82,1
10247,p5110,98,1
10249,p5111,77,1
10250,p5112,3,1
10251,p5113,4,1
10252,p5114,88,1
10255,p5115,32,1
10258,p5116,25,1
10260,p5117,89,1
10263,p5118,36,1
10264,p5119,59,1
10266,p5120,95,1
10268,p5121,32,1
10269,p5122,16,1
10272,p5123,81,1
10273,p5124,26,1
10275,p5125,51,1
10277,p5126,85,1
10278,p5127,13,1
10281,p5128,98,1
10282,p5129,27,1
10284,p5130,39,1
10286,p5131,35,1
10289,p5132,49,1
10291,p5133,65,1
10292,p5134,32,1
10294,p5135,94,1
10296,p5136,9,1
10298,p5137,100,1
10299,p5138,53,1
10302,p5139,87,1
10304,p5140,14,1
10307,p5141,65,1
10308,p5142,48,1
10311,p5143,88,1
10312,p5144,47,1
10313,p5145,55,1
10314,p5146,6,1
10317,p5147,49,1
10319,p5148,33,1
10321,p5149,46,1
10324,p5150,21,1
10327,p5151,24,1
10330,p5152,37,1
10331,p5153,13,1
10334,p5154,56,1
10335,p5155,67,1
10336,p5156,40,1
10337,p5157,73,1
10340,p5158,9,1
10341,p5159,54,1
10343,p5160,92,1
10344,p5161,7,1
10346,p5162,21,1
10348,p5163,79,1
10350,p5164,2,1
10351,p5165,82,1
10352,p5166,50,1
10353,p5167,26,1
10355,p5168,5,1
10357,p5169,7,1
10360,p5170,62,1
10362,p5171,51,1
10363,p5172,6,1
10364,p5173,33,1
10365,p5174,83,1
10366,p5175,8,1
10368,p5176,12,1
10370,p5177,17,1
10373,p5178,95,1
10376,p5179,52,1
10379,p5180,5,1
10381,p5181,22,1
10382,p5182,59,1
10384,p5183,56,1
10387,p5184,24,1
10388,p5185,67,1
10390,p5186,14,1
10391,p5187,4,1
10392,p5188,64,1
10394,p5189,27,1
10397,p5190,27,1
10398,p5191,51,1
10399,p5192,25,1
10402,p5193,95,1
10404,p5194,51,1
10407,p5195,49,1
10409,p5196,98,1
10410,p5197,41,1
10411,p5198,36,1
10414,p5199,21,1
10416,p5200,29,1
10417,p5201,12,1
10418,p5202,97,1
10419,p5203,33,1
10420,p5204,86,1
10422,p5205,67,1
10424,p5206,60,1
10425,p5207,35,1
10426,p5208,6,1
10427,p5209,97,1
10428,p5210,11,1
10430,p5211,92,1
10433,p5212,71,1
10434,p5213,72,1
10436,p5214,31,1
10439,p5215,30,1
10440,p5216,86,1
10443,p5217,27,1
10444,p5218,51,1
10446,p5219,86,1
10449,p5220,68,1
10452,p5221,42,1
10453,p5222,51,1
10455,p5223,82,1
10456,p5224,62,1
10458,p5225,97,1
10460,p5226,47,1
10461,p5227,8,1
10464,p5228,4,1
10465,p5229,40,1
10467,p5230,24,1
10470,p5231,70,1
10473,p5232,45,1
10476,p5233,31,1
10478,p5234,9,1
10479,p5235,79,1
10481,p5236,35,1
10482,p5237,93,1
10484,p5238,85,1
10485,p5239,4,1
10487,p5240,29,1
10490,p5241,57,1
10491,p5242,65,1
10493,p5243,11,1
10494,p5244,29,1
10497,p5245,9,1
10500,p5246,12,1
10503,p5247,86,1
10506,p5248,72,1
10507,p5249,19,1
10508,p5250,30,1
10510,p5251,17,1
10512,p5252,34,1
10514,p5253,27,1
10516,p5254,24,1
10518,p5255,39,1
10520,p5256,27,1
10521,p5257,17,1
10522,p5258,89,1
10524,p5259,82,1
10525,p5260,20,1
10528,p5261,56,1
10529,p5262,49,1
10531,p5263,44,1
10532,p5264,65,1
10534,p5265,80,1
10537,p5266,66,1
10538,p5267,90,1
10539,p5268,94,1
10541,p5269,97,1
10542,p5270,62,1
10544,p5271,84,1
10545,p5272,57,1
10548,p5273,73,1
10550,p5274,71,1
10552,p5275,89,1
10554,p5276,81,1
10556,p5277,42,1
10559,p5278,34,1
10561,p5279,68,1
10564,p5280,80,1
10567,p5281,39,1
10568,p5282,14,1
10569,p5283,20,1
10570,p5284,31,1
10573,p5285,95,1
10576,p5286,56,1
10578,p5287,72,1
10579,p5288,25,1
10582,p5289,25,1
10585,p5290,30,1
10587,p5291,40,1
10589,p5292,83,1
10591,p5293,14,1
10592,p5294,49,1
10593,p5295,56,1
10596,p5296,61,1
10597,p5297,8,1
10598,p5298,41,1
10599,p5299,71,1
10602,p5300,17,1
10605,p5301,23,1
10608,p5302,72,1
10610,p5303,33,1
10611,p5304,20,1
10613,p5305,37,1
10615,p5306,55,1
10618,p5307,46,1
10621,p5308,41,1
10624,p5309,91,1
10625,p5310,91,1
10628,p5311,27,1
10630,p5312,59,1
10632,p5313,63,1
10635,p5314,62,1
10637,p5315,59,1
10640,p5316,93,1
10641,p5317,12,1
10644,p5318,28,1
10646,p5319,43,1
10649,p5320,43,1
10651,p5321,99,1
10654,p5322,12,1
10657,p5323,11,1
10660,p5324,42,1
10662,p5325,52,1
10664,p5326,2,1
10665,p5327,21,1
10667,p5328,27,1
10669,p5329,11,1
10671,p5330,86,1
10673,p5331,97,1
10676,p5332,74,1
10678,p5333,37,1
10680,p5334,91,1
10681,p5335,20,1
10682,p5336,91,1
10685,p5337,24,1
10688,p5338,69,1
10689,p5339,73,1
10692,p5340,69,1
10695,p5341,23,1
10698,p5342,68,1
10699,p5343,77,1
10700,p5344,66,1
10702,p5345,82,1
10703,p5346,96,1
10705,p5347,37,1
10708,p5348,98,1
10710,p5349,13,1
10711,p5350,51,1
10713,p5351,84,1
10714,p5352,14,1
10716,p5353,21,1
10718,p5354,9,1
10720,p5355,37,1
10722,p5356,88,1
10725,p5357,27,1
10727,p5358,31,1
10729,p5359,71,1
10730,p5360,70,1
10733,p5361,57,1
10734,p5362,49,1
10736,p5363,90,1
10739,p5364,36,1
10742,p5365,91,1
10744,p5366,83,1
10745,p5367,100,1
10748,p5368,15,1
10749,p5369,8,1
10750,p5370,88,1
10753,p5371,69,1
10755,p5372,61,1
10756,p5373,86,1
10758,p5374,72,1
10761,p5375,75,1
10762,p5376,7,1
10764,p5377,42,1
10767,p5378,22,1
10770,p5379,35,1
10771,p5380,14,1
10774,p5381,29,1
10776,p5382,10,1
10777,p5383,4,1
10780,p5384,38,1
10782,p5385,49,1
10784,p5386,84,1
10787,p5387,13,1
10789,p5388,21,1
10792,p5389,63,1
10793,p5390,39,1
10796,p5391,39,1
10797,p5392,32,1
10798,p5393,8,1
10800,p5394,59,1
10801,p5395,36,1
10802,p5396,7,1
10805,p5397,15,1
10808,p5398,23,1
10810,p5399,57,1
10811,p5400,78,1
10812,p5401,33,1
10815,p5402,61,1
10816,p5403,99,1
10817,p5404,13,1
10820,p5405,26,1
10822,p5406,87,1
10824,p5407,90,1
10827,p5408,64,1
10828,p5409,42,1
10830,p5410,47,1
10832,p5411,12,1
10834,p5412,97,1
10836,p5413,89,1
10838,p5414,23,1
10839,p5415,47,1
10842,p5416,58,1
10843,p5417,47,1
10845,p5418,82,1
10846,p5419,82,1
10849,p5420,22,1
10851,p5421,82,1
10853,p5422,15,1
10854,p5423,41,1
10857,p5424,48,1
10859,p5425,4,1
10862,p5426,54,1
10865,p5427,17,1
10868,p5428,52,1
10869,p5429,2,1
10872,p5430,40,1
10874,p5431,39,1
10875,p5432,15,1
10876,p5433,15,1
10879,p5434,84,1
10880,p5435,96,1
10882,p5436,8,1
10883,p5437,90,1
10885,p5438,95,1
10886,p5439,60,1
10889,p5440,47,1
10891,p5441,47,1
10892,p5442,25,1
10895,p5443,9,1
10896,p5444,30,1
10898,p5445,13,1
10900,p5446,65,1
10902,p5447,88,1
10903,p5448,30,1
10905,p5449,71,1
10908,p5450,21,1
10909,p5451,68,1
10911,p5452,45,1
10914,p5453,32,1
10916,p5454,33,1
10919,p5455,80,1
10922,p5456,11,1
10923,p5457,2,1
10925,p5458,32,1
10928,p5459,57,1
10929,p5460,18,1
10931,p5461,87,1
10932,p5462,8,1
10935,p5463,31,1
10937,p5464,93,1
10939,p5465,19,1
10940,p5466,88,1
10943,p5467,20,1
10944,p5468,14,1
10947,p5469,28,1
10948,p5470,4,1
10951,p5471,63,1
10953,p5472,77,1
10956,p5473,55,1
10959,p5474,89,1
10961,p5475,77,1
10962,p5476,64,1
10965,p5477,46,1
10968,p5478,12,1
10970,p5479,98,1
10972,p5480,54,1
10973,p5481,57,1
10976,p5482,36,1
10978,p5483,35,1
10981,p5484,90,1
10984,p5485,56,1
10985,p5486,48,1
10986,p5487,14,1
10988,p5488,95,1
10991,p5489,29,1
10994,p5490,6,1
10996,p5491,82,1
10998,p5492,77,1
11000,p5493,19,1
11002,p5494,81,1
11005,p5495,15,1
11008,p5496,62,1
11009,p5497,49,1
11011,p5498,73,1
11012,p5499,74,1
11013,p5500,89,1
11015,p5501,86,1
11018,p5502,56,1
11019,p5503,22,1
11020,p5504,79,1
11022,p5505,14,1
11025,p5506,17,1
11026,p5507,66,1
11029,p5508,52,1
11031,p5509,82,1
11033,p5510,14,1
11035,p5511,37,1
11036,p5512,63,1
11038,p5513,83,1
11041,p5514,94,1
11044,p5515,73,1
11047,p5516,65,1
11049,p5517,22,1
11052,p5518,59,1
11054,p5519,26,1
11056,p5520,39,1
11059,p5521,35,1
11061,p5522,25,1
11063,p5523,63,1
11065,p5524,65,1
11068,p5525,15,1
11071,p5526,94,1
11072,p5527,69,1
11074,p5528,67,1
11075,p5529,51,1
11077,p5530,30,1
11079,p5531,43,1
11080,p5532,33,1
11082,p5533,67,1
11084,p5534,31,1
11086,p5535,22,1
11089,p5536,71,1
11092,p5537,36,1
11093,p5538,59,1
11094,p5539,51,1
11097,p5540,80,1
11099,p5541,68,1
11102,p5542,35,1
11104,p5543,29,1
11107,p5544,30,1
11110,p5545,66,1
11113,p5546,20,1
11116,p5547,5,1
11117,p5548,18,1
11119,p5549,71,1
11120,p5550,12,1
11122,p5551,85,1
11124,p5552,97,1
11125,p5553,95,1
11126,p5554,14,1
11127,p5555,82,1
11129,p5556,64,1
11132,p5557,30,1
11135,p5558,53,1
11137,p5559,10,1
11140,p5560,33,1
11143,p5561,27,1
11144,p5562,96,1
11146,p5563,18,1
11149,p5564,9,1
11152,p5565,69,1
11153,p5566,15,1
11156,p5567,56,1
11158,p5568,15,1
11160,p5569,59,1
11162,p5570,80,1
11164,p5571,76,1
11166,p5572,6,1
11169,p5573,74,1
11170,p5574,90,1
11171,p5575,80,1
11173,p5576,53,1
11175,p5577,98,1
11176,p5578,92,1
11179,p5579,36,1
11182,p5580,49,1
11185,p5581,47,1
11188,p5582,82,1
11190,p5583,57,1
11193,p5584,61,1
11195,p5585,94,1
11198,p5586,17,1
11201,p5587,57,1
11203,p5588,43,1
11205,p5589,8,1
11206,p5590,73,1
11207,p5591,34,1
11210,p5592,79,1
11213,p5593,61,1
11215,p5594,32,1
11216,p5595,68,1
11218,p5596,63,1
11219,p5597,91,1
11220,p5598,62,1
11223,p5599,26,1
11225,p5600,31,1
11226,p5601,42,1
11229,p5602,33,1
11230,p5603,11,1
11231,p5604,3,1
11232,p5605,79,1
11235,p5606,97,1
11236,p5607,18,1
11237,p5608,84,1
11240,p5609,82,1
11242,p5610,37,1
11244,p5611,74,1
11245,p5612,62,1
11246,p5613,81,1
11248,p5614,47,1
11249,p5615,8,1
11252,p5616,17,1
11253,p5617,90,1
11256,p5618,90,1
11259,p5619,62,1
11262,p5620,26,1
11264,p5621,77,1
11265,p5622,4,1
11267,p5623,53,1
11268,p5624,18,1
11269,p5625,73,1
11271,p5626,65,1
11274,p5627,98,1
11275,p5628,17,1
11278,p5629,77,1
11280,p5630,90,1
11281,p5631,25,1
11284,p5632,22,1
11287,p5633,69,1
11289,p5634,42,1
11290,p5635,85,1
11292,p5636,28,1
11295,p5637,93,1
11297,p5638,95,1
11300,p5639,59,1
11301,p5640,58,1
11302,p5641,37,1
11305,p5642,67,1
11306,p5643,38,1
11308,p5644,65,1
11311,p5645,74,1
11314,p5646,78,1
11317,p5647,60,1
11318,p5648,79,1
11320,p5649,53,1
11321,p5650,44,1
11323,p5651,54,1
11324,p5652,89,1
11327,p5653,41,1
11328,p5654,58,1
11330,p5655,32,1
11333,p5656,12,1
11336,p5657,93,1
11337,p5658,55,1
11338,p5659,33,1
11341,p5660,97,1
11344,p5661,36,1
11346,p5662,94,1
11347,p5663,52,1
11348,p5664,52,1
11351,p5665,83,1
11352,p5666,81,1
11353,p5667,64,1
11354,p5668,36,1
11357,p5669,72,1
11359,p5670,95,1
11362,p5671,75,1
11363,p5672,40,1
11366,p5673,64,1
11368,p5674,60,1
11371,p5675,47,1
11373,p5676,30,1
11374,p5677,72,1
11376,p5678,14,1
11378,p5679,51,1
11380,p5680,54,1
11381,p5681,19,1
11382,p5682,97,1
11384,p5683,24,1
11385,p5684,54,1
11386,p5685,97,1
11387,p5686,39,1
11388,p5687,48,1
11390,p5688,68,1
11393,p5689,72,1
11394,p5690,100,1
11395,p5691,58,1
11396,p5692,66,1
11398,p5693,69,1
11401,p5694,96,1
11404,p5695,26,1
11407,p5696,69,1
11408,p5697,39,1
11410,p5698,68,1
11411,p5699,25,1
11414,p5700,77,1
11417,p5701,94,1
11419,p5702,32,1
11421,p5703,43,1
11424,p5704,87,1
11425,p5705,89,1
11428,p5706,97,1
11429,p5707,93,1
11431,p5708,50,1
11432,p5709,42,1
11433,p5710,30,1
11435,p5711,91,1
11437,p5712,52,1
11439,p5713,93,1
11442,p5714,10,1
11445,p5715,16,1
11447,p5716,62,1
11450,p5717,31,1
11453,p5718,15,1
11455,p5719,36,1
11458,p5720,84,1
11460,p5721,81,1
11463,p5722,76,1
11466,p5723,43,1
11468,p5724,65,1
11469,p5725,100,1
11472,p5726,22,1
11473,p5727,92,1
11475,p5728,96,1
11477,p5729,72,1
11480,p5730,63,1
11481,p5731,43,1
11483,p5732,22,1
11484,p5733,72,1
11485,p5734,92,1
11488,p5735,44,1
11490,p5736,14,1
11493,p5737,82,1
11494,p5738,28,1
11495,p5739,8,1
11496,p5740,50,1
11497,p5741,43,1
11498,p5742,6,1
11499,p5743,67,1
11501,p5744,81,1
11503,p5745,50,1
11506,p5746,66,1
11509,p5747,100,1
11512,p5748,93,1
11514,p5749,3,1
11517,p5750,57,1
11520,p5751,50,1
11522,p5752,3,1
11525,p5753,100,1
11526,p5754,95,1
11527,p5755,54,1
11528,p5756,15,1
11529,p5757,51,1
11530,p5758,75,1
11533,p5759,27,1
11534,p5760,75,1
11536,p5761,39,1
11539,p5762,66,1
11541,p5763,23,1
11542,p5764,31,1
11544,p5765,92,1
11545,p5766,58,1
11547,p5767,98,1
11549,p5768,64,1
11551,p5769,64,1
11553,p5770,97,1
11555,p5771,65,1
11557,p5772,93,1
11559,p5773,61,1
11561,p5774,68,1
11564,p5775,4,1
11567,p5776,18,1
11569,p5777,99,1
11572,p5778,50,1
11574,p5779,34,1
11576,p5780,93,1
11579,p5781,44,1
11580,p5782,24,1
11582,p5783,57,1
11585,p5784,21,1
11586,p5785,100,1
11588,p5786,28,1
11589,p5787,95,1
11591,p5788,69,1
11593,p5789,12,1
11594,p5790,6,1
11595,p5791,80,1
11598,p5792,22,1
11600,p5793,69,1
11602,p5794,39,1
11605,p5795,87,1
11607,p5796,82,1
11610,p5797,76,1
11611,p5798,5,1
11612,p5799,65,1
11614,p5800,41,1
11616,p5801,72,1
11617,p5802,62,1
11619,p5803,71,1
11620,p5804,35,1
11621,p5805,100,1
11624,p5806,53,1
11625,p5807,18,1
11626,p5808,82,1
11629,p5809,57,1
11630,p5810,40,1
11633,p5811,67,1
11635,p5812,18,1
11636,p5813,87,1
11638,p5814,67,1
11641,p5815,72,1
11643,p5816,31,1
11644,p5817,58,1
11646,p5818,48,1
11647,p5819,60,1
11648,p5820,88,1
11649,p5821,16,1
11652,p5822,39,1
11654,p5823,62,1
11656,p5824,67,1
11659,p5825,63,1
11662,p5826,4,1
11664,p5827,48,1
11667,p5828,64,1
11668,p5829,71,1
11671,p5830,53,1
11673,p5831,29,1
11676,p5832,19,1
11679,p5833,18,1
11682,p5834,8,1
11685,p5835,28,1
11687,p5836,80,1
11690,p5837,80,1
11693,p5838,61,1
11696,p5839,11,1
11698,p5840,47,1
11701,p5841,11,1
11703,p5842,61,1
11706,p5843,65,1
11708,p5844,39,1
11710,p5845,52,1
11713,p5846,53,1
11716,p5847,32,1
11719,p5848,34,1
11721,p5849,70,1
11722,p5850,22,1
11724,p5851,86,1
11727,p5852,4,1
11730,p5853,42,1
11731,p5854,97,1
11734,p5855,15,1
11737,p5856,81,1
11738,p5857,37,1
11740,p5858,88,1
11743,p5859,23,1
11746,p5860,74,1
11747,p5861,35,1
11750,p5862,44,1
11752,p5863,79,1
11753,p5864,5,1
11755,p5865,66,1
11758,p5866,30,1
11761,p5867,63,1
11763,p5868,73,1
11766,p5869,99,1
11769,p5870,11,1
11771,p5871,69,1
11773,p5872,31,1
11776,p5873,17,1
11777,p5874,65,1
11780,p5875,50,1
11781,p5876,97,1
11783,p5877,72,1
11786,p5878,53,1
11788,p5879,45,1
11789,p5880,47,1
11792,p5881,75,1
11795,p5882,86,1
11797,p5883,29,1
11799,p5884,64,1
11800,p5885,74,1
11801,p5886,94,1
11804,p5887,43,1
11807,p5888,82,1
11810,p5889,34,1
11812,p5890,69,1
11814,p5891,13,1
11815,p5892,55,1
11816,p5893,30,1
11818,p5894,71,1
11820,p5895,4,1
11821,p5896,13,1
11824,p5897,42,1
11825,p5898,91,1
11827,p5899,30,1
11830,p5900,33,1
11833,p5901,78,1
11834,p5902,7,1
11837,p5903,21,1
11838,p5904,83,1
11840,p5905,70,1
11841,p5906,49,1
11843,p5907,50,1
11846,p5908,44,1
11848,p5909,75,1
11851,p5910,100,1
11852,p5911,36,1
11855,p5912,79,1
11857,p5913,30,1
11858,p5914,95,1
11860,p5915,44,1
11862,p5916,87,1
11865,p5917,85,1
11868,p5918,42,1
11871,p5919,55,1
11873,p5920,52,1
11876,p5921,6,1
11878,p5922,51,1
11881,p5923,21,1
11882,p5924,38,1
11884,p5925,32,1
11886,p5926,66,1
11888,p5927,77,1
11890,p5928,89,1
11892,p5929,64,1
11893,p5930,18,1
11894,p5931,88,1
11896,p5932,93,1
11899,p5933,63,1
11901,p5934,75,1
11904,p5935,15,1
11905,p5936,16,1
11906,p5937,15,1
11907,p5938,29,1
11910,p5939,75,1
11912,p5940,18,1
11915,p5941,34,1
11916,p5942,4,1
11919,p5943,59,1
11922,p5944,22,1
11924,p5945,52,1
11925,p5946,74,1
11928,p5947,72,1
11931,p5948,36,1
11932,p5949,2,1
11935,p5950,27,1
11936,p5951,73,1
11937,p5952,78,1
11939,p5953,44,1
11941,p5954,87,1
11944,p5955,100,1
11945,p5956,32,1
11948,p5957,5,1
11950,p5958,65,1
11952,p5959,42,1
11955,p5960,67,1
11956,p5961,60,1
11958,p5962,47,1
11960,p5963,77,1
11962,p5964,42,1
11964,p5965,45,1
11965,p5966,50,1
11968,p5967,22,1
11970,p5968,81,1
11971,p5969,81,1
11974,p5970,57,1
11977,p5971,37,1
11978,p5972,43,1
11981,p5973,23,1
11983,p5974,47,1
11986,p5975,98,1
11988,p5976,5,1
11991,p5977,54,1
11994,p5978,91,1
11996,p5979,2,1
11999,p5980,93,1
12000,p5981,48,1
12003,p5982,60,1
12005,p5983,3,1
12007,p5984,16,1
12009,p5985,93,1
12011,p5986,6,1
12014,p5987,7,1
12016,p5988,47,1
12019,p5989,65,1
12021,p5990,64,1
12024,p5991,80,1
12026,p5992,87,1
12029,p5993,31,1
12031,p5994,63,1
12034,p5995,64,1
12037,p5996,35,1
12039,p5997,6,1
12042,p5998,9,1
12044,p5999,32,1
12045,p6000,75,1
12048,p6001,66,1
12049,p6002,47,1
12052,p6003,24,1
12055,p6004,55,1
12057,p6005,83,1
12059,p6006,78,1
12060,p6007,3,1
12061,p6008,66,1
12063,p6009,98,1
12065,p6010,62,1
12066,p6011,44,1
12067,p6012,38,1
12068,p6013,69,1
12069,p6014,60,1
12071,p6015,43,1
12072,p6016,86,1
12073,p6017,89,1
12075,p6018,79,1
12077,p6019,87,1
12078,p6020,96,1
12080,p6021,83,1
12082,p6022,8,1
12084,p6023,85,1
12086,p6024,11,1
12089,p6025,81,1
12090,p6026,35,1
12092,p6027,60,1
12095,p6028,53,1
12096,p6029,16,1
12097,p6030,32,1
12098,p6031,6,1
12101,p6032,45,1
12103,p6033,17,1
12106,p6034,2,1
12107,p6035,56,1
12110,p6036,24,1
12112,p6037,83,1
12114,p6038,21,1
12115,p6039,77,1
12117,p6040,88,1
12118,p6041,68,1
12119,p6042,19,1
12120,p6043,11,1
12122,p6044,10,1
12125,p6045,89,1
12127,p6046,46,1
12128,p6047,95,1
12129,p6048,79,1
12132,p6049,76,1
12134,p6050,10,1
12135,p6051,55,1
12137,p6052,73,1
12139,p6053,21,1
12141,p6054,93,1
12143,p6055,65,1
12146,p6056,53,1
12148,p6057,52,1
12150,p6058,84,1
12153,p6059,65,1
12155,p6060,98,1
12156,p6061,83,1
12157,p6062,25,1
12160,p6063,96,1
12162,p6064,100,1
12163,p6065,34,1
12164,p6066,43,1
12167,p6067,37,1
12168,p6068,80,1
12171,p6069,88,1
12173,p6070,22,1
12174,p6071,60,1
12176,p6072,63,1
12178,p6073,34,1
12181,p6074,89,1
12183,p6075,99,1
12186,p6076,67,1
12189,p6077,80,1
12192,p6078,11,1
12194,p6079,92,1
12195,p6080,52,1
12197,p6081,99,1
12199,p6082,32,1
12200,p6083,20,1
12202,p6084,38,1
12204,p6085,14,1
12206,p6086,64,1
12209,p6087,75,1
12211,p6088,71,1
12214,p6089,62,1
12216,p6090,48,1
12217,p6091,5,1
12218,p6092,3,1
12220,p6093,15,1
12223,p6094,19,1
12226,p6095,59,1
12227,p6096,25,1
12230,p6097,46,1
12231,p6098,4,1
12234,p6099,30,1
12237,p6100,65,1
12239,p6101,92,1
12240,p6102,55,1
12242,p6103,68,1
12244,p6104,64,1
12245,p6105,13,1
12247,p6106,61,1
12248,p6107,13,1
12249,p6108,36,1
12250,p6109,32,1
12252,p6110,59,1
12255,p6111,77,1
12258,p6112,59,1
12260,p6113,49,1
12261,p6114,89,1
12264,p6115,31,1
12265,p6116,13,1
12266,p6117,58,1
12267,p6118,52,1
12268,p6119,54,1
12269,p6120,36,1
12271,p6121,40,1
12272,p6122,12,1
12273,p6123,11,1
12274,p6124,68,1
12275,p6125,47,1
12278,p6126,68,1
12281,p6127,7,1
12284,p6128,11,1
12286,p6129,68,1
12289,p6130,6,1
12290,p6131,42,1
12292,p6132,35,1
12293,p6133,18,1
12294,p6134,3,1
12295,p6135,49,1
12298,p6136,34,1
12300,p6137,63,1
12302,p6138,57,1
12305,p6139,71,1
12308,p6140,81,1
12310,p6141,67,1
12313,p6142,26,1
12315,p6143,18,1
12318,p6144,64,1
12319,p6145,95,1
12322,p6146,55,1
12325,p6147,20,1
12327,p6148,76,1
12329,p6149,79,1
12332,p6150,66,1
12335,p6151,33,1
12337,p6152,77,1
12340,p6153,10,1
12341,p6154,4,1
12343,p6155,48,1
12345,p6156,95,1
12348,p6157,9,1
12349,p6158,51,1
12351,p6159,61,1
12353,p6160,27,1
12355,p6161,13,1
12356,p6162,96,1
12359,p6163,68,1
12362,p6164,77,1
12363,p6165,65,1
12366,p6166,41,1
12369,p6167,49,1
12371,p6168,14,1
12372,p6169,100,1
12375,p6170,61,1
12377,p6171,36,1
12379,p6172,96,1
12381,p6173,9,1
12382,p6174,98,1
12384,p6175,93,1
12386,p6176,38,1
12388,p6177,36,1
12389,p6178,29,1
12391,p6179,99,1
12393,p6180,96,1
12396,p6181,67,1
12398,p6182,78,1
12399,p6183,75,1
12402,p6184,86,1
12404,p6185,81,1
12406,p6186,26,1
12408,p6187,50,1
12409,p6188,57,1
12410,p6189,55,1
12412,p6190,27,1
12414,p6191,51,1
12415,p6192,89,1
12416,p6193,15,1
12417,p6194,31,1
12418,p6195,3,1
12421,p6196,12,1
12424,p6197,21,1
12425,p6198,29,1
12428,p6199,52,1
12431,p6200,97,1
12434,p6201,46,1
12435,p6202,51,1
12438,p6203,68,1
12440,p6204,78,1
12442,p6205,8,1
12443,p6206,34,1
12446,p6207,71,1
12447,p6208,2,1
12450,p6209,38,1
12453,p6210,4,1
12456,p6211,82,1
12458,p6212,76,1
12459,p6213,76,1
12461,p6214,60,1
12463,p6215,51,1
12464,p6216,36,1
12466,p6217,91,1
12469,p6218,48,1
12470,p6219,54,1
12472,p6220,9,1
12475,p6221,75,1
12476,p6222,86,1
12478,p6223,99,1
12480,p6224,20,1
12482,p6225,80,1
12485,p6226,71,1
12487,p6227,93,1
12489,p6228,24,1
12490,p6229,64,1
12492,p6230,6,1
12493,p6231,83,1
12496,p6232,76,1
12499,p6233,42,1
12501,p6234,78,1
12504,p6235,41,1
12507,p6236,47,1
12509,p6237,23,1
12512,p6238,58,1
12515,p6239,24,1
12518,p6240,67,1
12521,p6241,95,1
12524,p6242,36,1
12525,p6243,78,1
12528,p6244,9,1
12529,p6245,43,1
12531,p6246,55,1
12533,p6247,60,1
12536,p6248,87,1
12539,p6249,49,1
12542,p6250,25,1
12544,p6251,12,1
12546,p6252,5,1
12549,p6253,48,1
12552,p6254,58,1
12553,p6255,59,1
12555,p6256,73,1
12557,p6257,21,1
12560,p6258,92,1
12563,p6259,77,1
12565,p6260,15,1
12567,p6261,75,1
12568,p6262,81,1
12569,p6263,26,1
12572,p6264,10,1
12574,p6265,34,1
12575,p6266,36,1
12578,p6267,12,1
12580,p6268,60,1
12581,p6269,82,1
12582,p6270,13,1
12583,p6271,15,1
12585,p6272,33,1
12588,p6273,99,1
12591,p6274,56,1
12592,p6275,3,1
12594,p6276,25,1
12596,p6277,11,1
12598,p6278,83,1
12599,p6279,62,1
12602,p6280,11,1
12605,p6281,20,1
12606,p6282,71,1
12608,p6283,9,1
12610,p6284,65,1
12611,p6285,35,1
12614,p6286,47,1
12617,p6287,92,1
12620,p6288,20,1
12623,p6289,2,1
12625,p6290,76,1
12626,p6291,32,1
12627,p6292,77,1
12630,p6293,82,1
12631,p6294,50,1
12633,p6295,43,1
12635,p6296,47,1
12636,p6297,47,1
12637,p6298,54,1
12640,p6299,99,1
12643,p6300,99,1
12644,p6301,39,1
12645,p6302,22,1
12646,p6303,69,1
12648,p6304,15,1
12651,p6305,56,1
12654,p6306,49,1
12657,p6307,3,1
12658,p6308,97,1
12661,p6309,79,1
12662,p6310,75,1
12664,p6311,83,1
12666,p6312,31,1
12667,p6313,25,1
12668,p6314,38,1
12671,p6315,22,1
12672,p6316,98,1
12674,p6317,70,1
12677,p6318,43,1
12680,p6319,23,1
12683,p6320,96,1
12684,p6321,31,1
12685,p6322,52,1
12688,p6323,75,1
12689,p6324,72,1
12692,p6325,37,1
12695,p6326,15,1
12696,p6327,12,1
12698,p6328,86,1
12699,p6329,68,1
12702,p6330,62,1
12705,p6331,22,1
12707,p6332,64,1
12709,p6333,56,1
12710,p6334,4,1
12712,p6335,8,1
12715,p6336,38,1
12717,p6337,52,1
12719,p6338,25,1
12720,p6339,56,1
12723,p6340,29,1
12724,p6341,68,1
12727,p6342,91,1
12728,p6343,60,1
12729,p6344,50,1
12730,p6345,82,1
12731,p6346,84,1
12732,p6347,85,1
12735,p6348,80,1
12736,p6349,87,1
12738,p6350,96,1
12741,p6351,25,1
12742,p6352,66,1
12745,p6353,50,1
12746,p6354,14,1
12748,p6355,22,1
12751,p6356,50,1
12753,p6357,100,1
12755,p6358,17,1
12756,p6359,94,1
12758,p6360,91,1
12760,p6361,45,1
12762,p6362,29,1
12765,p6363,76,1
12767,p6364,57,1
12768,p6365,33,1
12769,p6366,33,1
12770,p6367,98,1
12773,p6368,43,1
12774,p6369,71,1
12775,p6370,34,1
12778,p6371,8,1
12779,p6372,88,1
12780,p6373,57,1
12781,p6374,56,1
12784,p6375,93,1
12785,p6376,77,1
12786,p6377,2,1
12789,p6378,63,1
12791,p6379,81,1
12794,p6380,27,1
12795,p6381,92,1
12798,p6382,22,1
12801,p6383,22,1
12802,p6384,41,1
12803,p6385,42,1
12804,p6386,42,1
12805,p6387,80,1
12807,p6388,38,1
12809,p6389,75,1
12811,p6390,62,1
12812,p6391,79,1
12815,p6392,2,1
12816,p6393,31,1
12819,p6394,72,1
12820,p6395,25,1
12823,p6396,68,1
12826,p6397,74,1
12829,p6398,88,1
12831,p6399,65,1
12834,p6400,87,1
12837,p6401,10,1
12838,p6402,67,1
12841,p6403,97,1
12844,p6404,96,1
12846,p6405,7,1
12847,p6406,50,1
12849,p6407,25,1
12852,p6408,13,1
12854,p6409,31,1
12857,p6410,23,1
12859,p6411,30,1
12861,p6412,20,1
12862,p6413,65,1
12863,p6414,100,1
12864,p6415,17,1
12866,p6416,23,1
12868,p6417,89,1
12871,p6418,52,1
12872,p6419,26,1
12874,p6420,94,1
12875,p6421,44,1
12877,p6422,67,1
12880,p6423,88,1
12881,p6424,8,1
12883,p6425,46,1
12884,p6426,32,1
12886,p6427,6,1
12889,p6428,81,1
12891,p6429,97,1
12894,p6430,54,1
12897,p6431,84,1
12899,p6432,6,1
12902,p6433,100,1
12904,p6434,44,1
12905,p6435,15,1
12907,p6436,9,1
12909,p6437,74,1
12912,p6438,8,1
12915,p6439,12,1
12917,p6440,64,1
12919,p6441,75,1
12922,p6442,47,1
12924,p6443,97,1
12927,p6444,35,1
12930,p6445,63,1
12932,p6446,90,1
12934,p6447,58,1
12935,p6448,100,1
12936,p6449,75,1
12937,p6450,14,1
12939,p6451,7,1
12941,p6452,26,1
12943,p6453,20,1
12945,p6454,12,1
12947,p6455,5,1
12948,p6456,25,1
12949,p6457,93,1
12951,p6458,15,1
12954,p6459,99,1
12957,p6460,6,1
12959,p6461,66,1
12961,p6462,50,1
12963,p6463,7,1
12966,p6464,95,1
12968,p6465,76,1
12971,p6466,80,1
12972,p6467,74,1
12973,p6468,89,1
12974,p6469,6,1
12977,p6470,34,1
12978,p6471,97,1
12981,p6472,66,1
12984,p6473,62,1
12987,p6474,51,1
12989,p6475,79,1
12992,p6476,21,1
12995,p6477,68,1
12997,p6478,9,1
12999,p6479,77,1
13000,p6480,65,1
13001,p6481,88,1
13004,p6482,97,1
13007,p6483,56,1
13009,p6484,33,1
13011,p6485,20,1
13012,p6486,9,1
13013,p6487,87,1
13014,p6488,22,1
13017,p6489,91,1
13019,p6490,85,1
13020,p6491,99,1
13022,p6492,53,1
13025,p6493,36,1
13026,p6494,86,1
13029,p6495,81,1
13030,p6496,93,1
13032,p6497,36,1
13035,p6498,78,1
13036,p6499,47,1
13039,p6500,5,1
13040,p6501,12,1
13042,p6502,32,1
13043,p6503,74,1
13045,p6504,59,1
13047,p6505,74,1
13048,p6506,94,1
13049,p6507,15,1
13050,p6508,38,1
13053,p6509,88,1
13055,p6510,52,1
13058,p6511,85,1
13059,p6512,14,1
13061,p6513,57,1
13062,p6514,74,1
13063,p6515,6,1
13066,p6516,59,1
13068,p6517,36,1
13070,p6518,49,1
13073,p6519,98,1
13075,p6520,96,1
13078,p6521,61,1
13080,p6522,68,1
13083,p6523,91,1
13085,p6524,32,1
13087,p6525,70,1
13090,p6526,76,1
13093,p6527,48,1
13094,p6528,39,1
13095,p6529,10,1
13096,p6530,40,1
13098,p6531,73,1
13099,p6532,3,1
13102,p6533,81,1
13103,p6534,83,1
13105,p6535,86,1
13107,p6536,42,1
13110,p6537,30,1
13112,p6538,48,1
13114,p6539,52,1
13116,p6540,59,1
13118,p6541,17,1
13121,p6542,81,1
13123,p6543,36,1
13125,p6544,9,1
13127,p6545,85,1
13128,p6546,55,1
13131,p6547,78,1
13133,p6548,59,1
13134,p6549,32,1
13135,p6550,35,1
13136,p6551,20,1
13138,p6552,45,1
13139,p6553,44,1
13142,p6554,16,1
13145,p6555,21,1
13147,p6556,43,1
13150,p6557,42,1
13151,p6558,79,1
13152,p6559,41,1
13154,p6560,47,1
13155,p6561,76,1
13157,p6562,70,1
13158,p6563,12,1
13159,p6564,35,1
13162,p6565,96,1
13165,p6566,17,1
13168,p6567,26,1
13171,p6568,23,1
13174,p6569,58,1
13177,p6570,13,1
13178,p6571,41,1
13181,p6572,98,1
13183,p6573,29,1
13184,p6574,7,1
13187,p6575,38,1
13189,p6576,21,1
13192,p6577,3,1
13193,p6578,14,1
13195,p6579,57,1
13197,p6580,71,1
13200,p6581,19,1
13202,p6582,49,1
13205,p6583,49,1
13208,p6584,50,1
13211,p6585,33,1
13213,p6586,51,1
13214,p6587,13,1
13215,p6588,10,1
13216,p6589,55,1
13217,p6590,36,1
13218,p6591,98,1
13219,p6592,28,1
13220,p6593,32,1
13222,p6594,97,1
13225,p6595,94,1
13227,p6596,32,1
13230,p6597,44,1
13232,p6598,78,1
13234,p6599,47,1
13237,p6600,41,1
13238,p6601,54,1
13241,p6602,34,1
13243,p6603,25,1
13246,p6604,34,1
13247,p6605,88,1
13248,p6606,10,1
13250,p6607,40,1
13251,p6608,68,1
13252,p6609,54,1
13254,p6610,6,1
13256,p6611,62,1
13257,p6612,86,1
13258,p6613,16,1
13260,p6614,86,1
13261,p6615,98,1
13262,p6616,75,1
13264,p6617,33,1
13266,p6618,75,1
13268,p6619,20,1
13270,p6620,36,1
13273,p6621,14,1
13276,p6622,61,1
13277,p6623,92,1
13279,p6624,72,1
13282,p6625,33,1
13285,p6626,27,1
13287,p6627,82,1
13288,p6628,47,1
13290,p6629,46,1
13293,p6630,63,1
13295,p6631,47,1
13297,p6632,27,1
13298,p6633,3,1
13299,p6634,61,1
13301,p6635,33,1
13303,p6636,15,1
13304,p6637,98,1
13306,p6638,93,1
13309,p6639,59,1
13312,p6640,88,1
13313,p6641,33,1
13314,p6642,22,1
13317,p6643,42,1
13319,p6644,54,1
13322,p6645,28,1
13325,p6646,94,1
13328,p6647,64,1
13330,p6648,25,1
13331,p6649,51,1
13332,p6650,5,1
13333,p6651,27,1
13334,p6652,95,1
13335,p6653,52,1
13337,p6654,80,1
13339,p6655,90,1
13342,p6656,47,1
13345,p6657,82,1
13347,p6658,12,1
13348,p6659,78,1
13350,p6660,79,1
13352,p6661,44,1
13355,p6662,31,1
13357,p6663,74,1
13360,p6664,73,1
13362,p6665,34,1
13363,p6666,18,1
13366,p6667,60,1
13369,p6668,85,1
13370,p6669,24,1
13373,p6670,92,1
13376,p6671,7,1
13378,p6672,65,1
13379,p6673,51,1
13380,p6674,50,1
13383,p6675,65,1
13386,p6676,68,1
13389,p6677,28,1
13392,p6678,99,1
13394,p6679,48,1
13396,p6680,20,1
13397,p6681,75,1
13400,p6682,25,1
13403,p6683,83,1
13406,p6684,56,1
13409,p6685,18,1
13410,p6686,13,1
13413,p6687,42,1
13415,p6688,8,1
13416,p6689,81,1
13417,p6690,20,1
13418,p6691,6,1
13420,p6692,74,1
13422,p6693,36,1
13423,p6694,34,1
13425,p6695,3,1
13426,p6696,77,1
13427,p6697,27,1
13429,p6698,83,1
13431,p6699,47,1
13434,p6700,65,1
13437,p6701,28,1
13438,p6702,62,1
13440,p6703,6,1
13441,p6704,3,1
13442,p6705,65,1
13444,p6706,80,1
13445,p6707,40,1
13446,p6708,94,1
13448,p6709,10,1
13449,p6710,70,1
13452,p6711,30,1
13454,p6712,16,1
13457,p6713,78,1
13458,p6714,99,1
13461,p6715,92,1
13463,p6716,6,1
13464,p6717,48,1
13466,p6718,10,1
13468,p6719,71,1
13470,p6720,17,1
13471,p6721,60,1
13473,p6722,6,1
13474,p6723,38,1
13475,p6724,58,1
13476,p6725,9,1
13478,p6726,22,1
13481,p6727,77,1
13482,p6728,89,1
13485,p6729,83,1
13486,p6730,6,1
13488,p6731,3,1
13489,p6732,20,1
13490,p6733,9,1
13493,p6734,78,1
13496,p6735,39,1
13498,p6736,76,1
13500,p6737,29,1
13503,p6738,41,1
13504,p6739,77,1
13506,p6740,8,1
13508,p6741,35,1
13509,p6742,62,1
13510,p6743,52,1
13511,p6744,42,1
13514,p6745,95,1
13515,p6746,58,1
13517,p6747,87,1
13520,p6748,92,1
13522,p6749,9,1
13525,p6750,50,1
13526,p6751,16,1
13528,p6752,2,1
13529,p6753,71,1
13532,p6754,25,1
13533,p6755,89,1
13534,p6756,27,1
13537,p6757,64,1
13540,p6758,74,1
13541,p6759,47,1
13542,p6760,37,1
13545,p6761,66,1
13548,p6762,18,1
13551,p6763,79,1
13552,p6764,37,1
13553,p6765,9,1
13555,p6766,46,1
13556,p6767,30,1
13558,p6768,30,1
13561,p6769,70,1
13563,p6770,84,1
13566,p6771,59,1
13567,p6772,68,1
13570,p6773,44,1
13572,p6774,86,1
13574,p6775,44,1
13576,p6776,14,1
13578,p6777,72,1
13579,p6778,14,1
13580,p6779,57,1
13581,p6780,46,1
13584,p6781,15,1
13587,p6782,56,1
13590,p6783,51,1
13591,p6784,11,1
13592,p6785,2,1
13593,p6786,54,1
13596,p6787,10,1
13599,p6788,43,1
13600,p6789,97,1
13603,p6790,54,1
13606,p6791,8,1
13609,p6792,75,1
13610,p6793,53,1
13613,p6794,30,1
13616,p6795,58,1
13617,p6796,54,1
13618,p6797,71,1
13621,p6798,33,1
13623,p6799,28,1
13625,p6800,36,1
13627,p6801,33,1
13628,p6802,88,1
13631,p6803,8,1
13632,p6804,8,1
13633,p6805,92,1
13635,p6806,70,1
13638,p6807,33,1
13640,p6808,24,1
13642,p6809,41,1
13644,p6810,65,1
13646,p6811,38,1
13649,p6812,36,1
13652,p6813,33,1
13654,p6814,14,1
13656,p6815,60,1
13657,p6816,28,1
13659,p6817,94,1
13662,p6818,87,1
13663,p6819,87,1
13665,p6820,86,1
13666,p6821,77,1
13667,p6822,64,1
13670,p6823,74,1
13672,p6824,77,1
13675,p6825,47,1
13678,p6826,11,1
13679,p6827,7,1
13682,p6828,48,1
13683,p6829,96,1
13685,p6830,97,1
13688,p6831,82,1
13689,p6832,24,1
13691,p6833,64,1
13692,p6834,6,1
13693,p6835,67,1
13695,p6836,58,1
13696,p6837,27,1
13698,p6838,39,1
13701,p6839,11,1
13702,p6840,71,1
13704,p6841,79,1
13707,p6842,23,1
13708,p6843,96,1
13710,p6844,97,1
13711,p6845,25,1
13714,p6846,97,1
13717,p6847,67,1
13719,p6848,45,1
13722,p6849,45,1
13724,p6850,36,1
13726,p6851,97,1
13728,p6852,87,1
13731,p6853,71,1
13734,p6854,11,1
13737,p6855,13,1
13738,p6856,16,1
13741,p6857,61,1
13744,p6858,22,1
13745,p6859,59,1
13748,p6860,99,1
13750,p6861,4,1
13752,p6862,40,1
13753,p6863,78,1
13756,p6864,75,1
13758,p6865,34,1
13760,p6866,17,1
13762,p6867,39,1
13765,p6868,73,1
13766,p6869,81,1
13767,p6870,56,1
13770,p6871,19,1
13773,p6872,79,1
13775,p6873,27,1
13776,p6874,17,1
13778,p6875,89,1
13781,p6876,15,1
13784,p6877,2,1
13787,p6878,89,1
13790,p6879,9,1
13792,p6880,33,1
13795,p6881,48,1
13797,p6882,17,1
13800,p6883,99,1
13801,p6884,43,1
13803,p6885,3,1
13806,p6886,90,1
13809,p6887,66,1
13811,p6888,94,1
13814,p6889,49,1
13816,p6890,12,1
13817,p6891,100,1
13820,p6892,78,1
13821,p6893,67,1
13824,p6894,89,1
13826,p6895,77,1
13828,p6896,14,1
13829,p6897,81,1
13832,p6898,7,1
13833,p6899,26,1
13835,p6900,65,1
13837,p6901,53,1
13838,p6902,81,1
13841,p6903,54,1
13844,p6904,89,1
13847,p6905,25,1
13850,p6906,54,1
13852,p6907,100,1
13853,p6908,2,1
13854,p6909,100,1
13856,p6910,23,1
13858,p6911,66,1
13861,p6912,79,1
13862,p6913,67,1
13863,p6914,98,1
13866,p6915,36,1
13867,p6916,20,1
13870,p6917,21,1
13871,p6918,33,1
13872,p6919,57,1
13874,p6920,52,1
13875,p6921,46,1
13876,p6922,43,1
13879,p6923,33,1
13881,p6924,20,1
13884,p6925,60,1
13885,p6926,90,1
13886,p6927,31,1
13888,p6928,95,1
13891,p6929,86,1
13893,p6930,15,1
13896,p6931,46,1
13898,p6932,78,1
13901,p6933,77,1
13902,p6934,80,1
13904,p6935,30,1
13906,p6936,75,1
13907,p6937,42,1
13908,p6938,91,1
13911,p6939,80,1
13912,p6940,90,1
13914,p6941,35,1
13917,p6942,95,1
13919,p6943,88,1
13922,p6944,39,1
13923,p6945,77,1
13926,p6946,42,1
13927,p6947,27,1
13930,p6948,70,1
13931,p6949,75,1
13932,p6950,88,1
13934,p6951,70,1
13936,p6952,55,1
13938,p6953,26,1
13939,p6954,86,1
13942,p6955,93,1
13944,p6956,91,1
13945,p6957,79,1
13948,p6958,19,1
13949,p6959,42,1
13952,p6960,41,1
13955,p6961,76,1
13956,p6962,58,1
13959,p6963,52,1
13962,p6964,77,1
13965,p6965,27,1
13967,p6966,17,1
13969,p6967,63,1
13971,p6968,41,1
13973,p6969,18,1
13976,p6970,73,1
13978,p6971,39,1
13980,p6972,43,1
13981,p6973,69,1
13984,p6974,97,1
13987,p6975,71,1
13988,p6976,8,1
13991,p6977,16,1
13992,p6978,94,1
13994,p6979,74,1
13997,p6980,5,1
13999,p6981,33,1
14002,p6982,6,1
14003,p6983,99,1
14004,p6984,61,1
14006,p6985,97,1
14009,p6986,96,1
14012,p6987,75,1
14013,p6988,68,1
14014,p6989,72,1
14016,p6990,56,1
14017,p6991,86,1
14020,p6992,76,1
14023,p6993,89,1
14025,p6994,73,1
14027,p6995,95,1
14030,p6996,2,1
14032,p6997,88,1
14033,p6998,54,1
14036,p6999,18,1
14038,p7000,86,1
14040,p7001,49,1
14043,p7002,36,1
14046,p7003,33,1
14049,p7004,74,1
14051,p7005,14,1
14054,p7006,32,1
14057,p7007,3,1
14060,p7008,9,1
14061,p7009,73,1
14062,p7010,65,1
14063,p7011,29,1
14065,p7012,42,1
14068,p7013,83,1
14071,p7014,38,1
14074,p7015,55,1
14077,p7016,51,1
14078,p7017,4,1
14079,p7018,23,1
14082,p7019,24,1
14084,p7020,27,1
14087,p7021,42,1
14089,p7022,44,1
14091,p7023,88,1
14094,p7024,39,1
14095,p7025,50,1
14098,p7026,91,1
14101,p7027,70,1
14102,p7028,78,1
14103,p7029,75,1
14104,p7030,72,1
14105,p7031,8,1
14107,p7032,55,1
14108,p7033,42,1
14110,p7034,78,1
14113,p7035,28,1
14114,p7036,17,1
14115,p7037,41,1
14118,p7038,49,1
14119,p7039,37,1
14120,p7040,14,1
14122,p7041,93,1
14123,p7042,90,1
14125,p7043,53,1
14128,p7044,17,1
14131,p7045,71,1
14133,p7046,27,1
14136,p7047,24,1
14139,p7048,59,1
14140,p7049,4,1
14143,p7050,97,1
14146,p7051,88,1
14147,p7052,100,1
14148,p7053,65,1
14150,p7054,90,1
14152,p7055,37,1
14153,p7056,62,1
14155,p7057,83,1
14157,p7058,64,1
14160,p7059,52,1
14162,p7060,12,1
14164,p7061,68,1
14166,p7062,68,1
14167,p7063,45,1
14168,p7064,38,1
14170,p7065,90,1
14172,p7066,10,1
14173,p7067,71,1
14176,p7068,99,1
14177,p7069,16,1
14179,p7070,56,1
14181,p7071,37,1
14183,p7072,16,1
14185,p7073,96,1
14188,p7074,92,1
14190,p7075,17,1
14193,p7076,3,1
14195,p7077,12,1
14198,p7078,13,1
14199,p7079,64,1
14201,p7080,2,1
14202,p7081,90,1
14203,p7082,62,1
14206,p7083,76,1
14209,p7084,8,1
14211,p7085,13,1
14214,p7086,76,1
14216,p7087,64,1
14217,p7088,75,1
14220,p7089,26,1
14223,p7090,76,1
14225,p7091,69,1
14227,p7092,20,1
14229,p7093,100,1
14230,p7094,27,1
14231,p7095,85,1
14234,p7096,65,1
14237,p7097,69,1
14239,p7098,22,1
14242,p7099,23,1
14244,p7100,53,1
14246,p7101,95,1
14248,p7102,74,1
14249,p7103,63,1
14250,p7104,94,1
14252,p7105,28,1
14254,p7106,73,1
14256,p7107,96,1
14257,p7108,6,1
14260,p7109,82,1
14262,p7110,8,1
14264,p7111,84,1
14265,p7112,52,1
14266,p7113,38,1
14268,p7114,78,1
14270,p7115,96,1
14272,p7116,95,1
14274,p7117,31,1
14276,p7118,95,1
14277,p7119,19,1
14278,p7120,78,1
14280,p7121,92,1
14283,p7122,83,1
14286,p7123,75,1
14289,p7124,6,1
14290,p7125,57,1
14292,p7126,31,1
14293,p7127,8,1
14294,p7128,36,1
14295,p7129,7,1
14296,p7130,72,1
14299,p7131,17,1
14301,p7132,69,1
14302,p7133,97,1
14305,p7134,21,1
14307,p7135,96,1
14310,p7136,74,1
14312,p7137,53,1
14314,p7138,85,1
14317,p7139,80,1
14320,p7140,62,1
14323,p7141,99,1
14326,p7142,58,1
14329,p7143,64,1
14331,p7144,4,1
14332,p7145,38,1
14334,p7146,72,1
14337,p7147,48,1
14338,p7148,19,1
14339,p7149,90,1
14341,p7150,69,1
14342,p7151,75,1
14344,p7152,35,1
14346,p7153,8,1
14348,p7154,29,1
14350,p7155,79,1
14351,p7156,30,1
14354,p7157,71,1
14355,p7158,81,1
14357,p7159,43,1
14360,p7160,64,1
14361,p7161,35,1
14363,p7162,65,1
14366,p7163,33,1
14369,p7164,60,1
14372,p7165,54,1
14373,p7166,76,1
14376,p7167,72,1
14377,p7168,53,1
14378,p7169,33,1
14379,p7170,62,1
14382,p7171,57,1
14383,p7172,47,1
14384,p7173,92,1
14386,p7174,79,1
14388,p7175,38,1
14391,p7176,51,1
14393,p7177,70,1
14394,p7178,38,1
14397,p7179,37,1
14399,p7180,41,1
14401,p7181,16,1
14404,p7182,92,1
14407,p7183,79,1
14410,p7184,48,1
14412,p7185,74,1
14415,p7186,17,1
14417,p7187,28,1
14420,p7188,96,1
14423,p7189,37,1
14425,p7190,31,1
14427,p7191,31,1
14428,p7192,60,1
14429,p7193,6,1
14430,p7194,40,1
14432,p7195,72,1
14433,p7196,97,1
14436,p7197,55,1
14439,p7198,38,1
14440,p7199,86,1
14442,p7200,33,1
14444,p7201,47,1
14447,p7202,15,1
14449,p7203,23,1
14452,p7204,66,1
14453,p7205,98,1
14455,p7206,32,1
14456,p7207,76,1
14458,p7208,37,1
14461,p7209,69,1
14463,p7210,44,1
14465,p7211,41,1
14468,p7212,91,1
14470,p7213,35,1
14473,p7214,68,1
14475,p7215,37,1
14478,p7216,83,1
14480,p7217,95,1
14481,p7218,30,1
14482,p7219,51,1
14485,p7220,35,1
14488,p7221,61,1
14489,p7222,47,1
14491,p7223,33,1
14494,p7224,20,1
14496,p7225,67,1
14499,p7226,38,1
14502,p7227,70,1
14505,p7228,84,1
14507,p7229,75,1
14510,p7230,36,1
14512,p7231,8,1
14515,p7232,60,1
14516,p7233,78,1
14517,p7234,2,1
14518,p7235,65,1
14520,p7236,37,1
14523,p7237,44,1
14524,p7238,66,1
14527,p7239,83,1
14529,p7240,91,1
14530,p7241,49,1
14532,p7242,22,1
14533,p7243,40,1
14535,p7244,92,1
14536,p7245,13,1
14539,p7246,24,1
14542,p7247,32,1
14544,p7248,30,1
14547,p7249,96,1
14548,p7250,66,1
14549,p7251,8,1
14550,p7252,2,1
14553,p7253,39,1
14554,p7254,38,1
14556,p7255,26,1
14559,p7256,95,1
14561,p7257,93,1
14563,p7258,55,1
14564,p7259,10,1
14567,p7260,57,1
14568,p7261,76,1
14570,p7262,98,1
14572,p7263,54,1
14573,p7264,47,1
14575,p7265,33,1
14576,p7266,2,1
14579,p7267,37,1
14580,p7268,53,1
14582,p7269,88,1
14583,p7270,33,1
14585,p7271,50,1
14588,p7272,80,1
14589,p7273,98,1
14590,p7274,27,1
14592,p7275,5,1
14594,p7276,21,1
14597,p7277,45,1
14598,p7278,27,1
14600,p7279,22,1
14603,p7280,45,1
14605,p7281,94,1
14606,p7282,89,1
14608,p7283,87,1
14609,p7284,29,1
14611,p7285,79,1
14613,p7286,73,1
14615,p7287,49,1
14616,p7288,23,1
14618,p7289,100,1
14621,p7290,81,1
14622,p7291,89,1
14623,p7292,60,1
14624,p7293,61,1
14626,p7294,97,1
14629,p7295,12,1
14630,p7296,74,1
14632,p7297,83,1
14633,p7298,3,1
14636,p7299,61,1
14637,p7300,32,1
14638,p7301,19,1
14640,p7302,12,1
14642,p7303,86,1
14645,p7304,91,1
14646,p7305,37,1
14649,p7306,69,1
14650,p7307,56,1
14653,p7308,17,1
14654,p7309,82,1
14657,p7310,93,1
14660,p7311,41,1
14661,p7312,62,1
14663,p7313,66,1
14665,p7314,39,1
14666,p7315,80,1
14667,p7316,47,1
14669,p7317,56,1
14670,p7318,63,1
14673,p7319,7,1
14676,p7320,98,1
14678,p7321,78,1
14680,p7322,20,1
14683,p7323,64,1
14684,p7324,86,1
14687,p7325,67,1
14689,p7326,29,1
14690,p7327,37,1
14692,p7328,45,1
14695,p7329,69,1
14696,p7330,40,1
14697,p7331,89,1
14699,p7332,59,1
14702,p7333,92,1
14703,p7334,72,1
14704,p7335,80,1
14706,p7336,40,1
14708,p7337,34,1
14710,p7338,78,1
14711,p7339,34,1
14713,p7340,3,1
14716,p7341,40,1
14718,p7342,83,1
14721,p7343,58,1
14724,p7344,45,1
14726,p7345,73,1
14727,p7346,26,1
14728,p7347,72,1
14730,p7348,53,1
14733,p7349,81,1
14735,p7350,19,1
14738,p7351,83,1
14740,p7352,2,1
14743,p7353,83,1
14744,p7354,2,1
14745,p7355,65,1
14747,p7356,69,1
14749,p7357,52,1
14750,p7358,68,1
14751,p7359,26,1
14752,p7360,72,1
14755,p7361,86,1
14757,p7362,50,1
14760,p7363,52,1
14763,p7364,91,1
14765,p7365,12,1
14766,p7366,89,1
14769,p7367,52,1
14771,p7368,51,1
14772,p7369,86,1
14775,p7370,14,1
14778,p7371,61,1
14781,p7372,81,1
14783,p7373,84,1
14786,p7374,60,1
14787,p7375,12,1
14789,p7376,61,1
14791,p7377,19,1
14794,p7378,7,1
14796,p7379,92,1
14798,p7380,28,1
14801,p7381,27,1
14802,p7382,80,1
14805,p7383,31,1
14806,p7384,92,1
14809,p7385,4,1
14811,p7386,85,1
14814,p7387,97,1
14816,p7388,73,1
14819,p7389,35,1
14822,p7390,37,1
14824,p7391,33,1
14826,p7392,48,1
14829,p7393,79,1
14831,p7394,59,1
14833,p7395,81,1
14834,p7396,89,1
14836,p7397,12,1
14837,p7398,37,1
14838,p7399,23,1
14840,p7400,63,1
14843,p7401,18,1
14846,p7402,67,1
14847,p7403,81,1
14848,p7404,16,1
14850,p7405,17,1
14852,p7406,24,1
14855,p7407,78,1
14858,p7408,20,1
14860,p7409,22,1
14862,p7410,39,1
14863,p7411,60,1
14864,p7412,33,1
14867,p7413,70,1
14870,p7414,99,1
14873,p7415,100,1
14874,p7416,80,1
14875,p7417,12,1
14877,p7418,22,1
14879,p7419,12,1
14880,p7420,26,1
14882,p7421,75,1
14885,p7422,77,1
14888,p7423,65,1
14890,p7424,28,1
14891,p7425,33,1
14893,p7426,18,1
14895,p7427,96,1
14897,p7428,17,1
14899,p7429,69,1
14902,p7430,42,1
14905,p7431,42,1
14908,p7432,46,1
14910,p7433,17,1
14911,p7434,73,1
14912,p7435,36,1
14914,p7436,58,1
14917,p7437,39,1
14920,p7438,90,1
14923,p7439,65,1
14926,p7440,64,1
14929,p7441,98,1
14931,p7442,58,1
14934,p7443,70,1
14936,p7444,73,1
14939,p7445,65,1
14941,p7446,92,1
14943,p7447,40,1
14946,p7448,27,1
14949,p7449,62,1
14952,p7450,50,1
14954,p7451,17,1
14957,p7452,14,1
14959,p7453,53,1
14962,p7454,26,1
14965,p7455,53,1
14968,p7456,17,1
14970,p7457,79,1
14971,p7458,58,1
14974,p7459,28,1
14975,p7460,23,1
14978,p7461,84,1
14979,p7462,39,1
14982,p7463,18,1
14983,p7464,12,1
14986,p7465,86,1
14987,p7466,100,1
14988,p7467,10,1
14991,p7468,16,1
14993,p7469,41,1
14994,p7470,71,1
14996,p7471,6,1
14997,p7472,6,1
15000,p7473,73,1
15001,p7474,32,1
15004,p7475,47,1
15005,p7476,72,1
15006,p7477,6,1
15008,p7478,4,1
15009,p7479,65,1
15011,p7480,27,1
15014,p7481,66,1
15015,p7482,87,1
15016,p7483,29,1
15017,p7484,88,1
15019,p7485,67,1
15022,p7486,42,1
15023,p7487,15,1
15026,p7488,5,1
15028,p7489,76,1
15030,p7490,41,1
15033,p7491,53,1
15034,p7492,55,1
15037,p7493,92,1
15039,p7494,30,1
15041,p7495,90,1
15042,p7496,35,1
15045,p7497,34,1
15046,p7498,71,1
15047,p7499,62,1
15048,p7500,49,1
15049,p7501,7,1
15051,p7502,11,1
15053,p7503,81,1
15056,p7504,14,1
15057,p7505,49,1
15059,p7506,55,1
15060,p7507,83,1
15061,p7508,70,1
15062,p7509,52,1
15065,p7510,88,1
15066,p7511,51,1
15069,p7512,31,1
15070,p7513,50,1
15073,p7514,28,1
15075,p7515,66,1
15077,p7516,89,1
15078,p7517,68,1
15080,p7518,6,1
15081,p7519,85,1
15084,p7520,33,1
15085,p7521,43,1
15088,p7522,42,1
15089,p7523,97,1
15091,p7524,5,1
15094,p7525,32,1
15097,p7526,41,1
15099,p7527,75,1
15100,p7528,87,1
15101,p7529,17,1
15102,p7530,71,1
15105,p7531,38,1
15107,p7532,85,1
15109,p7533,45,1
15110,p7534,36,1
15113,p7535,98,1
15116,p7536,7,1
15119,p7537,93,1
15120,p7538,89,1
15122,p7539,93,1
15123,p7540,50,1
15125,p7541,3,1
15126,p7542,44,1
15127,p7543,59,1
15128,p7544,60,1
15130,p7545,45,1
15131,p7546,46,1
15134,p7547,47,1
15136,p7548,41,1
15139,p7549,59,1
15142,p7550,61,1
15143,p7551,62,1
15144,p7552,53,1
15145,p7553,56,1
15147,p7554,95,1
15149,p7555,63,1
15150,p7556,6,1
15151,p7557,61,1
15153,p7558,31,1
15154,p7559,62,1
15155,p7560,70,1
15158,p7561,41,1
15159,p7562,5,1
15160,p7563,58,1
15163,p7564,68,1
15166,p7565,37,1
15167,p7566,16,1
15170,p7567,7,1
15173,p7568,25,1
15174,p7569,35,1
15176,p7570,41,1
15179,p7571,77,1
15180,p7572,6,1
15183,p7573,94,1
15185,p7574,18,1
15186,p7575,34,1
15188,p7576,85,1
15189,p7577,30,1
15190,p7578,59,1
15192,p7579,42,1
15193,p7580,59,1
15195,p7581,62,1
15197,p7582,29,1
15198,p7583,71,1
15200,p7584,92,1
15203,p7585,91,1
15205,p7586,28,1
15206,p7587,84,1
15209,p7588,20,1
15212,p7589,75,1
15215,p7590,56,1
15216,p7591,82,1
15217,p7592,76,1
15220,p7593,61,1
15223,p7594,34,1
15224,p7595,19,1
15227,p7596,29,1
15228,p7597,53,1
15230,p7598,30,1
15233,p7599,28,1
15236,p7600,61,1
15237,p7601,32,1
15240,p7602,18,1
15242,p7603,99,1
15244,p7604,45,1
15246,p7605,100,1
15248,p7606,69,1
15250,p7607,81,1
15251,p7608,39,1
15254,p7609,64,1
15256,p7610,18,1
15258,p7611,25,1
15259,p7612,77,1
15262,p7613,80,1
15263,p7614,17,1
15264,p7615,26,1
15265,p7616,74,1
15267,p7617,88,1
15270,p7618,88,1
15273,p7619,49,1
15274,p7620,76,1
15277,p7621,43,1
15280,p7622,95,1
15283,p7623,46,1
15285,p7624,64,1
15287,p7625,55,1
15290,p7626,22,1
15293,p7627,31,1
15296,p7628,42,1
15298,p7629,22,1
15299,p7630,76,1
15302,p7631,78,1
15305,p7632,31,1
15307,p7633,90,1
15309,p7634,53,1
15311,p7635,41,1
15314,p7636,7,1
15316,p7637,11,1
15318,p7638,98,1
15321,p7639,99,1
15324,p7640,50,1
15325,p7641,54,1
15327,p7642,92,1
15330,p7643,57,1
15333,p7644,44,1
15336,p7645,57,1
15339,p7646,45,1
15340,p7647,18,1
15343,p7648,27,1
15344,p7649,17,1
15346,p7650,92,1
15349,p7651,27,1
15352,p7652,24,1
15354,p7653,48,1
15355,p7654,94,1
15357,p7655,76,1
15359,p7656,89,1
15360,p7657,85,1
15362,p7658,39,1
15364,p7659,71,1
15367,p7660,85,1
15370,p7661,84,1
15371,p7662,23,1
15372,p7663,25,1
15375,p7664,74,1
15376,p7665,18,1
15378,p7666,86,1
15379,p7667,98,1
15381,p7668,78,1
15383,p7669,10,1
15386,p7670,96,1
15389,p7671,50,1
15391,p7672,32,1
15394,p7673,52,1
15396,p7674,25,1
15399,p7675,65,1
15401,p7676,82,1
15404,p7677,20,1
15405,p7678,28,1
15406,p7679,83,1
15407,p7680,13,1
15409,p7681,4,1
15410,p7682,20,1
15413,p7683,93,1
15414,p7684,52,1
15416,p7685,69,1
15418,p7686,48,1
15420,p7687,90,1
15423,p7688,78,1
15425,p7689,13,1
15426,p7690,63,1
15427,p7691,95,1
15428,p7692,76,1
15430,p7693,86,1
15433,p7694,63,1
15434,p7695,76,1
15436,p7696,85,1
15438,p7697,87,1
15441,p7698,95,1
15442,p7699,15,1
15445,p7700,59,1
15447,p7701,62,1
15448,p7702,40,1
15450,p7703,55,1
15451,p7704,75,1
15453,p7705,90,1
15455,p7706,86,1
15458,p7707,38,1
15459,p7708,45,1
15460,p7709,45,1
15462,p7710,46,1
15463,p7711,32,1
15466,p7712,72,1
15469,p7713,92,1
15471,p7714,7,1
15472,p7715,100,1
15475,p7716,24,1
15477,p7717,98,1
15480,p7718,58,1
15483,p7719,49,1
15486,p7720,89,1
15487,p7721,15,1
15490,p7722,59,1
15493,p7723,83,1
15496,p7724,77,1
15498,p7725,4,1
15499,p7726,2,1
15501,p7727,41,1
15504,p7728,50,1
15506,p7729,61,1
15509,p7730,69,1
15512,p7731,3,1
15513,p7732,49,1
15514,p7733,19,1
15517,p7734,18,1
15518,p7735,67,1
15521,p7736,68,1
15522,p7737,57,1
15523,p7738,56,1
15525,p7739,8,1
15528,p7740,45,1
15530,p7741,84,1
15532,p7742,36,1
15535,p7743,72,1
15538,p7744,86,1
15540,p7745,71,1
15541,p7746,85,1
15544,p7747,20,1
15547,p7748,10,1
15548,p7749,58,1
15549,p7750,49,1
15550,p7751,91,1
15552,p7752,12,1
15555,p7753,91,1
15558,p7754,33,1
15559,p7755,50,1
15560,p7756,36,1
15562,p7757,38,1
15563,p7758,78,1
15564,p7759,41,1
15565,p7760,38,1
15568,p7761,54,1
15570,p7762,54,1
15571,p7763,8,1
15574,p7764,64,1
15576,p7765,33,1
15578,p7766,15,1
15581,p7767,5,1
15583,p7768,77,1
15584,p7769,98,1
15587,p7770,89,1
15590,p7771,99,1
15591,p7772,9,1
15592,p7773,86,1
15593,p7774,73,1
15596,p7775,48,1
15598,p7776,26,1
15599,p7777,44,1
15602,p7778,58,1
15604,p7779,44,1
15607,p7780,84,1
15609,p7781,35,1
15612,p7782,7,1
15614,p7783,52,1
15615,p7784,9,1
15617,p7785,41,1
15618,p7786,5,1
15620,p7787,84,1
15621,p7788,28,1
15622,p7789,93,1
15623,p7790,54,1
15624,p7791,39,1
15627,p7792,9,1
15629,p7793,9,1
15631,p7794,66,1
15632,p7795,49,1
15634,p7796,79,1
15635,p7797,32,1
15637,p7798,70,1
15639,p7799,33,1
15642,p7800,78,1
15644,p7801,2,1
15646,p7802,18,1
15649,p7803,9,1
15652,p7804,58,1
15653,p7805,17,1
15656,p7806,76,1
15659,p7807,48,1
15660,p7808,24,1
15662,p7809,2,1
15665,p7810,29,1
15668,p7811,11,1
15669,p7812,11,1
15672,p7813,5,1
15675,p7814,78,1
15677,p7815,40,1
15680,p7816,14,1
15683,p7817,76,1
15685,p7818,84,1
15687,p7819,13,1
15688,p7820,58,1
15689,p7821,70,1
15690,p7822,99,1
15692,p7823,39,1
15694,p7824,27,1
15697,p7825,10,1
15699,p7826,20,1
15702,p7827,13,1
15705,p7828,53,1
15707,p7829,93,1
15709,p7830,39,1
15710,p7831,93,1
15712,p7832,61,1
15714,p7833,56,1
15715,p7834,7,1
15717,p7835,81,1
15719,p7836,30,1
15720,p7837,48,1
15721,p7838,76,1
15723,p7839,55,1
15724,p7840,34,1
15726,p7841,18,1
15729,p7842,42,1
15732,p7843,10,1
15735,p7844,100,1
15736,p7845,44,1
15739,p7846,95,1
15742,p7847,84,1
15745,p7848,89,1
15746,p7849,53,1
15747,p7850,79,1
15750,p7851,45,1
15752,p7852,43,1
15755,p7853,25,1
15758,p7854,61,1
15759,p7855,7,1
15760,p7856,26,1
15763,p7857,71,1
15764,p7858,20,1
15766,p7859,44,1
15768,p7860,88,1
15770,p7861,20,1
15772,p7862,55,1
15775,p7863,62,1
15776,p7864,26,1
15778,p7865,76,1
15779,p7866,66,1
15782,p7867,9,1
15785,p7868,97,1
15788,p7869,60,1
15791,p7870,12,1
15793,p7871,50,1
15795,p7872,35,1
15798,p7873,4,1
15799,p7874,32,1
15800,p7875,67,1
15802,p7876,42,1
15804,p7877,52,1
15806,p7878,42,1
15809,p7879,89,1
15812,p7880,40,1
15815,p7881,67,1
15817,p7882,66,1
15820,p7883,90,1
15823,p7884,29,1
15824,p7885,62,1
15826,p7886,85,1
15829,p7887,2,1
15830,p7888,74,1
15832,p7889,88,1
15833,p7890,82,1
15835,p7891,60,1
15838,p7892,88,1
15839,p7893,75,1
15840,p7894,39,1
15842,p7895,19,1
15843,p7896,38,1
15844,p7897,75,1
15845,p7898,95,1
15847,p7899,44,1
15848,p7900,64,1
15849,p7901,53,1
15850,p7902,27,1
15853,p7903,14,1
15856,p7904,43,1
15857,p7905,39,1
15859,p7906,58,1
15861,p7907,11,1
15862,p7908,16,1
15864,p7909,47,1
15867,p7910,45,1
15868,p7911,52,1
15871,p7912,33,1
15872,p7913,86,1
15873,p7914,70,1
15874,p7915,46,1
15875,p7916,10,1
15878,p7917,19,1
15881,p7918,81,1
15882,p7919,74,1
15885,p7920,91,1
15886,p7921,49,1
15887,p7922,6,1
15890,p7923,56,1
15892,p7924,6,1
15894,p7925,77,1
15897,p7926,7,1
15898,p7927,27,1
15900,p7928,55,1
15901,p7929,22,1
15904,p7930,58,1
15906,p7931,28,1
15907,p7932,71,1
15909,p7933,9,1
15912,p7934,68,1
15913,p7935,17,1
15915,p7936,29,1
15918,p7937,7,1
15919,p7938,57,1
15922,p7939,37,1
15924,p7940,58,1
15926,p7941,86,1
15928,p7942,78,1
15929,p7943,56,1
15930,p7944,76,1
15933,p7945,53,1
15935,p7946,75,1
15937,p7947,77,1
15938,p7948,13,1
15941,p7949,64,1
15942,p7950,88,1
15943,p7951,72,1
15945,p7952,93,1
15946,p7953,37,1
15949,p7954,16,1
15950,p7955,92,1
15951,p7956,88,1
15952,p7957,44,1
15954,p7958,22,1
15957,p7959,88,1
15958,p7960,73,1
15961,p7961,41,1
15962,p7962,37,1
15965,p7963,67,1
15966,p7964,9,1
15967,p7965,27,1
15969,p7966,87,1
15971,p7967,18,1
15972,p7968,44,1
15973,p7969,48,1
15974,p7970,15,1
15976,p7971,30,1
15977,p7972,8,1
15980,p7973,71,1
15981,p7974,95,1
15984,p7975,3,1
15986,p7976,57,1
15989,p7977,40,1
15992,p7978,48,1
15994,p7979,57,1
15995,p7980,54,1
15998,p7981,13,1
16000,p7982,43,1
16003,p7983,3,1
16004,p7984,23,1
16006,p7985,2,1
16007,p7986,75,1
16009,p7987,25,1
16011,p7988,91,1
16013,p7989,77,1
16016,p7990,54,1
16018,p7991,41,1
16021,p7992,65,1
16024,p7993,23,1
16025,p7994,77,1
16026,p7995,22,1
16028,p7996,18,1
16031,p7997,51,1
16032,p7998,56,1
16033,p7999,83,1
16036,p8000,77,1
16038,p8001,96,1
16041,p8002,82,1
16043,p8003,88,1
16045,p8004,94,1
16046,p8005,34,1
16048,p8006,86,1
16051,p8007,24,1
16053,p8008,51,1
16054,p8009,19,1
16056,p8010,52,1
16057,p8011,56,1
16058,p8012,32,1
16059,p8013,82,1
16061,p8014,21,1
16064,p8015,18,1
16066,p8016,60,1
16068,p8017,24,1
16069,p8018,61,1
16070,p8019,16,1
16072,p8020,42,1
16073,p8021,44,1
16075,p8022,43,1
16078,p8023,30,1
16080,p8024,84,1
16082,p8025,77,1
16083,p8026,18,1
16085,p8027,21,1
16088,p8028,91,1
16090,p8029,95,1
16092,p8030,5,1
16093,p8031,75,1
16096,p8032,35,1
16099,p8033,34,1
16101,p8034,18,1
16104,p8035,93,1
16107,p8036,18,1
16108,p8037,2,1
16110,p8038,66,1
16111,p8039,82,1
16114,p8040,83,1
16115,p8041,77,1
16116,p8042,46,1
16117,p8043,82,1
16120,p8044,19,1
16122,p8045,6,1
16124,p8046,42,1
16126,p8047,32,1
16128,p8048,36,1
16131,p8049,3,1
16133,p8050,66,1
16134,p8051,52,1
16137,p8052,86,1
16138,p8053,80,1
16141,p8054,62,1
16144,p8055,11,1
16146,p8056,26,1
16147,p8057,76,1
16148,p8058,27,1
16151,p8059,84,1
16153,p8060,74,1
16156,p8061,70,1
16159,p8062,77,1
16160,p8063,34,1
16161,p8064,98,1
16164,p8065,99,1
16165,p8066,28,1
16168,p8067,38,1
16169,p8068,5,1
16172,p8069,12,1
16175,p8070,46,1
16178,p8071,26,1
16181,p8072,42,1
16183,p8073,64,1
16186,p8074,6,1
16189,p8075,96,1
16192,p8076,91,1
16194,p8077,99,1
16196,p8078,83,1
16198,p8079,97,1
16201,p8080,96,1
16202,p8081,24,1
16205,p8082,44,1
16207,p8083,81,1
16208,p8084,43,1
16211,p8085,23,1
16213,p8086,61,1
16216,p8087,63,1
16218,p8088,25,1
16221,p8089,94,1
16223,p8090,95,1
16225,p8091,86,1
16226,p8092,3,1
16227,p8093,24,1
16228,p8094,41,1
16230,p8095,71,1
16233,p8096,6,1
16234,p8097,98,1
16235,p8098,53,1
16237,p8099,16,1
16239,p8100,38,1
16241,p8101,55,1
16243,p8102,87,1
16244,p8103,31,1
16246,p8104,5,1
16247,p8105,69,1
16248,p8106,34,1
16251,p8107,62,1
16253,p8108,31,1
16254,p8109,87,1
16256,p8110,37,1
16258,p8111,12,1
16260,p8112,31,1
16261,p8113,7,1
16262,p8114,57,1
16265,p8115,80,1
16268,p8116,9,1
16271,p8117,5,1
16274,p8118,54,1
16277,p8119,22,1
16279,p8120,52,1
16282,p8121,66,1
16283,p8122,91,1
16286,p8123,95,1
16288,p8124,35,1
16289,p8125,74,1
16291,p8126,8,1
16293,p8127,57,1
16295,p8128,22,1
16298,p8129,25,1
16299,p8130,49,1
16302,p8131,85,1
16304,p8132,5,1
16307,p8133,29,1
16310,p8134,60,1
16311,p8135,75,1
16314,p8136,93,1
16315,p8137,85,1
16318,p8138,88,1
16321,p8139,40,1
16322,p8140,41,1
16323,p8141,32,1
16326,p8142,14,1
16327,p8143,47,1
16330,p8144,45,1
16332,p8145,78,1
16335,p8146,84,1
16338,p8147,80,1
16339,p8148,79,1
16340,p8149,82,1
16342,p8150,9,1
16343,p8151,5,1
16344,p8152,58,1
16347,p8153,41,1
16348,p8154,3,1
16349,p8155,31,1
16351,p8156,41,1
16353,p8157,60,1
16356,p8158,61,1
16358,p8159,60,1
16360,p8160,85,1
16362,p8161,18,1
16364,p8162,100,1
16366,p8163,94,1
16368,p8164,97,1
16371,p8165,5,1
16374,p8166,47,1
16375,p8167,27,1
16377,p8168,86,1
16380,p8169,11,1
16383,p8170,73,1
16386,p8171,43,1
16389,p8172,43,1
16391,p8173,37,1
16392,p8174,45,1
16394,p8175,10,1
16397,p8176,74,1
16398,p8177,33,1
16400,p8178,84,1
16403,p8179,33,1
16405,p8180,16,1
16406,p8181,72,1
16408,p8182,8,1
16409,p8183,74,1
16411,p8184,6,1
16414,p8185,95,1
16415,p8186,49,1
16418,p8187,78,1
16419,p8188,13,1
16422,p8189,79,1
16424,p8190,63,1
16425,p8191,13,1
16428,p8192,96,1
16429,p8193,77,1
16432,p8194,35,1
16434,p8195,37,1
16435,p8196,29,1
16437,p8197,99,1
16438,p8198,3,1
16440,p8199,7,1
16441,p8200,24,1
16443,p8201,75,1
16444,p8202,81,1
16445,p8203,40,1
16447,p8204,76,1
16449,p8205,40,1
16450,p8206,25,1
16451,p8207,58,1
16454,p8208,31,1
16457,p8209,72,1
16459,p8210,68,1
16462,p8211,78,1
16465,p8212,67,1
16466,p8213,87,1
16468,p8214,75,1
16470,p8215,64,1
16472,p8216,35,1
16475,p8217,3,1
16476,p8218,42,1
16479,p8219,21,1
16481,p8220,29,1
16482,p8221,65,1
16485,p8222,33,1
16488,p8223,16,1
16490,p8224,44,1
16493,p8225,100,1
16496,p8226,47,1
16499,p8227,55,1
16501,p8228,18,1
16504,p8229,88,1
16507,p8230,54,1
16510,p8231,77,1
16513,p8232,32,1
16515,p8233,53,1
16518,p8234,67,1
16520,p8235,43,1
16522,p8236,10,1
16523,p8237,29,1
16526,p8238,64,1
16527,p8239,52,1
16530,p8240,55,1
16532,p8241,96,1
16534,p8242,91,1
16537,p8243,21,1
16540,p8244,30,1
16541,p8245,84,1
16544,p8246,61,1
16545,p8247,45,1
16548,p8248,82,1
16549,p8249,38,1
16550,p8250,19,1
16552,p8251,82,1
16555,p8252,19,1
16556,p8253,89,1
16557,p8254,28,1
16560,p8255,39,1
16563,p8256,75,1
16566,p8257,2,1
16569,p8258,64,1
16572,p8259,95,1
16573,p8260,45,1
16575,p8261,55,1
16577,p8262,45,1
16579,p8263,17,1
16582,p8264,13,1
16584,p8265,78,1
16587,p8266,72,1
16588,p8267,64,1
16589,p8268,35,1
16591,p8269,44,1
16592,p8270,55,1
16595,p8271,15,1
16596,p8272,65,1
16597,p8273,15,1
16599,p8274,57,1
16601,p8275,37,1
16602,p8276,20,1
16603,p8277,50,1
16605,p8278,79,1
16607,p8279,19,1
16608,p8280,49,1
16611,p8281,77,1
16612,p8282,19,1
16614,p8283,23,1
16616,p8284,73,1
16618,p8285,68,1
16621,p8286,29,1
16623,p8287,49,1
16624,p8288,39,1
16627,p8289,50,1
16628,p8290,65,1
16630,p8291,65,1
16632,p8292,95,1
16635,p8293,79,1
16637,p8294,12,1
16639,p8295,41,1
16642,p8296,52,1
16644,p8297,43,1
16646,p8298,88,1
16647,p8299,35,1
16649,p8300,27,1
16651,p8301,15,1
16654,p8302,89,1
16656,p8303,19,1
16657,p8304,69,1
16658,p8305,85,1
16660,p8306,39,1
16661,p8307,74,1
16664,p8308,41,1
16665,p8309,89,1
16666,p8310,60,1
16667,p8311,80,1
16669,p8312,66,1
16672,p8313,93,1
16675,p8314,54,1
16677,p8315,90,1
16678,p8316,3,1
16680,p8317,12,1
16681,p8318,36,1
16682,p8319,58,1
16684,p8320,17,1
16687,p8321,45,1
16690,p8322,4,1
16691,p8323,89,1
16692,p8324,10,1
16693,p8325,13,1
16694,p8326,30,1
16696,p8327,83,1
16697,p8328,99,1
16699,p8329,94,1
16701,p8330,7,1
16704,p8331,14,1
16705,p8332,92,1
16707,p8333,16,1
16710,p8334,66,1
16711,p8335,97,1
16713,p8336,36,1
16714,p8337,68,1
16716,p8338,38,1
16717,p8339,5,1
16720,p8340,49,1
16721,p8341,38,1
16724,p8342,36,1
16727,p8343,75,1
16730,p8344,23,1
16732,p8345,49,1
16735,p8346,52,1
16737,p8347,12,1
16740,p8348,43,1
16743,p8349,94,1
16746,p8350,62,1
16748,p8351,97,1
16750,p8352,88,1
16753,p8353,80,1
16755,p8354,55,1
16758,p8355,51,1
16761,p8356,51,1
16764,p8357,27,1
16765,p8358,52,1
16768,p8359,39,1
16771,p8360,6,1
16774,p8361,55,1
16776,p8362,43,1
16777,p8363,5,1
16778,p8364,4,1
16780,p8365,56,1
16782,p8366,52,1
16784,p8367,51,1
16787,p8368,26,1
16788,p8369,76,1
16790,p8370,33,1
16791,p8371,9,1
16792,p8372,20,1
16793,p8373,15,1
16794,p8374,52,1
16796,p8375,3,1
16797,p8376,88,1
16799,p8377,18,1
16802,p8378,68,1
16803,p8379,96,1
16805,p8380,94,1
16808,p8381,81,1
16811,p8382,97,1
16813,p8383,2,1
16815,p8384,11,1
16818,p8385,26,1
16820,p8386,42,1
16823,p8387,82,1
16826,p8388,17,1
16828,p8389,19,1
16831,p8390,100,1
16833,p8391,8,1
16834,p8392,12,1
16836,p8393,16,1
16837,p8394,8,1
16840,p8395,65,1
16843,p8396,84,1
16846,p8397,47,1
16848,p8398,29,1
16851,p8399,80,1
16852,p8400,60,1
16853,p8401,88,1
16854,p8402,58,1
16855,p8403,21,1
16858,p8404,97,1
16859,p8405,18,1
16860,p8406,72,1
16861,p8407,77,1
16862,p8408,59,1
16865,p8409,11,1
16868,p8410,99,1
16871,p8411,40,1
16874,p8412,91,1
16875,p8413,17,1
16876,p8414,16,1
16878,p8415,85,1
16879,p8416,14,1
16880,p8417,31,1
16883,p8418,15,1
16886,p8419,100,1
16888,p8420,77,1
16890,p8421,51,1
16891,p8422,53,1
16893,p8423,61,1
16895,p8424,54,1
16896,p8425,74,1
16898,p8426,76,1
16900,p8427,54,1
16901,p8428,83,1
16902,p8429,14,1
16903,p8430,78,1
16905,p8431,25,1
16907,p8432,99,1
16909,p8433,85,1
16912,p8434,98,1
16915,p8435,16,1
16916,p8436,85,1
16917,p8437,13,1
16920,p8438,77,1
16923,p8439,77,1
16926,p8440,47,1
16928,p8441,19,1
16931,p8442,81,1
16932,p8443,26,1
16933,p8444,68,1
16936,p8445,35,1
16938,p8446,43,1
16939,p8447,96,1
16941,p8448,59,1
16944,p8449,78,1
16946,p8450,74,1
16949,p8451,95,1
16951,p8452,41,1
16954,p8453,83,1
16957,p8454,26,1
16960,p8455,41,1
16961,p8456,32,1
16963,p8457,40,1
16964,p8458,82,1
16965,p8459,24,1
16967,p8460,14,1
16969,p8461,100,1
16972,p8462,39,1
16975,p8463,7,1
16977,p8464,44,1
16979,p8465,45,1
16982,p8466,88,1
16983,p8467,95,1
16985,p8468,61,1
16987,p8469,43,1
16989,p8470,64,1
16990,p8471,82,1
16991,p8472,80,1
16992,p8473,2,1
16994,p8474,8,1
16997,p8475,10,1
17000,p8476,83,1
17003,p8477,23,1
17006,p8478,97,1
17007,p8479,82,1
17009,p8480,77,1
17012,p8481,81,1
17014,p8482,29,1
17015,p8483,8,1
17016,p8484,94,1
17019,p8485,20,1
17022,p8486,99,1
17024,p8487,42,1
17025,p8488,29,1
17028,p8489,68,1
17030,p8490,38,1
17031,p8491,31,1
17032,p8492,5,1
17034,p8493,50,1
17035,p8494,43,1
17036,p8495,75,1
17038,p8496,74,1
17039,p8497,67,1
17042,p8498,22,1
17043,p8499,45,1
17044,p8500,53,1
17045,p8501,58,1
17046,p8502,73,1
17048,p8503,86,1
17050,p8504,56,1
17051,p8505,64,1
17054,p8506,77,1
17057,p8507,56,1
17060,p8508,78,1
17063,p8509,91,1
17065,p8510,29,1
17068,p8511,13,1
17069,p8512,17,1
17072,p8513,64,1
17075,p8514,85,1
17076,p8515,69,1
17077,p8516,93,1
17078,p8517,35,1
17080,p8518,87,1
17081,p8519,54,1
17082,p8520,94,1
17085,p8521,73,1
17087,p8522,100,1
17090,p8523,15,1
17092,p8524,4,1
17093,p8525,51,1
17095,p8526,24,1
17096,p8527,27,1
17098,p8528,64,1
17099,p8529,71,1
17102,p8530,49,1
17105,p8531,84,1
17106,p8532,100,1
17108,p8533,93,1
17111,p8534,20,1
17112,p8535,65,1
17113,p8536,54,1
17114,p8537,2,1
17117,p8538,18,1
17118,p8539,25,1
17121,p8540,95,1
17124,p8541,80,1
17126,p8542,31,1
17129,p8543,58,1
17130,p8544,50,1
17133,p8545,16,1
17136,p8546,96,1
17139,p8547,14,1
17141,p8548,55,1
17142,p8549,50,1
17144,p8550,26,1
17147,p8551,81,1
17148,p8552,97,1
17149,p8553,84,1
17152,p8554,33,1
17154,p8555,3,1
17156,p8556,23,1
17159,p8557,24,1
17161,p8558,30,1
17162,p8559,83,1
17165,p8560,81,1
17167,p8561,21,1
17169,p8562,96,1
17171,p8563,48,1
17173,p8564,17,1
17175,p8565,94,1
17178,p8566,98,1
17180,p8567,21,1
17183,p8568,9,1
17185,p8569,37,1
17187,p8570,91,1
17188,p8571,46,1
17191,p8572,12,1
17194,p8573,55,1
17195,p8574,33,1
17196,p8575,64,1
17197,p8576,9,1
17198,p8577,68,1
17201,p8578,43,1
17202,p8579,92,1
17204,p8580,41,1
17207,p8581,11,1
17210,p8582,42,1
17212,p8583,9,1
17214,p8584,20,1
17215,p8585,30,1
17218,p8586,33,1
17219,p8587,56,1
17222,p8588,86,1
17223,p8589,70,1
17226,p8590,77,1
17227,p8591,38,1
17229,p8592,35,1
17231,p8593,49,1
17233,p8594,43,1
17235,p8595,98,1
17237,p8596,96,1
17238,p8597,7,1
17240,p8598,58,1
17243,p8599,23,1
17244,p8600,28,1
17245,p8601,52,1
17246,p8602,45,1
17248,p8603,60,1
17250,p8604,11,1
17253,p8605,50,1
17254,p8606,22,1
17255,p8607,98,1
17258,p8608,9,1
17261,p8609,83,1
17264,p8610,42,1
17267,p8611,18,1
17270,p8612,47,1
17271,p8613,85,1
17274,p8614,40,1
17276,p8615,28,1
17279,p8616,81,1
17281,p8617,72,1
17283,p8618,30,1
17284,p8619,21,1
17285,p8620,100,1
17288,p8621,57,1
17289,p8622,9,1
17292,p8623,27,1
17295,p8624,87,1
17298,p8625,95,1
17301,p8626,14,1
17304,p8627,15,1
17307,p8628,83,1
17310,p8629,56,1
17311,p8630,22,1
17313,p8631,55,1
17315,p8632,6,1
17316,p8633,59,1
17318,p8634,46,1
17319,p8635,29,1
17320,p8636,10,1
17321,p8637,59,1
17324,p8638,73,1
17326,p8639,82,1
17328,p8640,65,1
17330,p8641,57,1
17332,p8642,82,1
17333,p8643,9,1
17334,p8644,66,1
17335,p8645,82,1
17337,p8646,9,1
17340,p8647,31,1
17342,p8648,3,1
17344,p8649,79,1
17345,p8650,14,1
17348,p8651,94,1
17350,p8652,73,1
17351,p8653,76,1
17353,p8654,44,1
17355,p8655,91,1
17357,p8656,92,1
17358,p8657,39,1
17361,p8658,85,1
17362,p8659,98,1
17363,p8660,54,1
17366,p8661,45,1
17369,p8662,28,1
17370,p8663,88,1
17371,p8664,3,1
17373,p8665,80,1
17375,p8666,72,1
17378,p8667,73,1
17379,p8668,6,1
17380,p8669,4,1
17382,p8670,7,1
17385,p8671,98,1
17386,p8672,45,1
17388,p8673,43,1
17390,p8674,26,1
17393,p8675,70,1
17394,p8676,12,1
17396,p8677,62,1
17397,p8678,98,1
17399,p8679,83,1
17401,p8680,78,1
17402,p8681,24,1
17404,p8682,62,1
17407,p8683,87,1
17410,p8684,33,1
17413,p8685,81,1
17414,p8686,27,1
17417,p8687,65,1
17418,p8688,28,1
17419,p8689,79,1
17421,p8690,4,1
17423,p8691,97,1
17424,p8692,10,1
17426,p8693,25,1
17429,p8694,28,1
17430,p8695,8,1
17433,p8696,84,1
17436,p8697,17,1
17439,p8698,88,1
17440,p8699,10,1
17442,p8700,75,1
17444,p8701,88,1
17446,p8702,72,1
17449,p8703,17,1
17451,p8704,62,1
17453,p8705,61,1
17454,p8706,90,1
17456,p8707,98,1
17457,p8708,85,1
17458,p8709,34,1
17459,p8710,61,1
17460,p8711,77,1
17463,p8712,66,1
17466,p8713,72,1
17469,p8714,17,1
17472,p8715,30,1
17474,p8716,17,1
17476,p8717,12,1
17478,p8718,52,1
17479,p8719,7,1
17480,p8720,47,1
17483,p8721,52,1
17485,p8722,18,1
17488,p8723,40,1
17491,p8724,67,1
17494,p8725,93,1
17496,p8726,49,1
17498,p8727,5,1
17500,p8728,9,1
17501,p8729,86,1
17503,p8730,62,1
17506,p8731,14,1
17507,p8732,58,1
17508,p8733,28,1
17511,p8734,26,1
17514,p8735,17,1
17517,p8736,61,1
17520,p8737,16,1
17521,p8738,47,1
17524,p8739,22,1
17527,p8740,92,1
17530,p8741,73,1
17532,p8742,7,1
17533,p8743,21,1
17534,p8744,13,1
17536,p8745,66,1
17537,p8746,97,1
17538,p8747,70,1
17541,p8748,23,1
17544,p8749,29,1
17546,p8750,88,1
17548,p8751,57,1
17550,p8752,3,1
17553,p8753,91,1
17555,p8754,32,1
17558,p8755,5,1
17561,p8756,84,1
17564,p8757,37,1
17566,p8758,64,1
17567,p8759,53,1
17570,p8760,7,1
17573,p8761,45,1
17575,p8762,100,1
17576,p8763,12,1
17577,p8764,27,1
17580,p8765,61,1
17582,p8766,74,1
17584,p8767,30,1
17585,p8768,31,1
17586,p8769,20,1
17587,p8770,75,1
17590,p8771,48,1
17593,p8772,83,1
17596,p8773,31,1
17599,p8774,41,1
17601,p8775,99,1
17602,p8776,17,1
17603,p8777,87,1
17604,p8778,4,1
17605,p8779,97,1
17606,p8780,55,1
17609,p8781,67,1
17612,p8782,37,1
17613,p8783,11,1
17615,p8784,41,1
17618,p8785,25,1
17621,p8786,16,1
17623,p8787,22,1
17626,p8788,29,1
17629,p8789,45,1
17630,p8790,74,1
17631,p8791,70,1
17634,p8792,42,1
17635,p8793,74,1
17636,p8794,43,1
17637,p8795,17,1
17639,p8796,27,1
17641,p8797,81,1
17643,p8798,69,1
17645,p8799,28,1
17646,p8800,10,1
17648,p8801,25,1
17650,p8802,10,1
17653,p8803,28,1
17655,p8804,84,1
17657,p8805,89,1
17660,p8806,83,1
17663,p8807,92,1
17664,p8808,92,1
17666,p8809,78,1
17669,p8810,27,1
17671,p8811,45,1
17673,p8812,59,1
17676,p8813,36,1
17679,p8814,82,1
17680,p8815,14,1
17681,p8816,46,1
17684,p8817,21,1
17686,p8818,20,1
17687,p8819,71,1
17689,p8820,7,1
17692,p8821,54,1
17693,p8822,57,1
17695,p8823,71,1
17696,p8824,77,1
17699,p8825,16,1
17702,p8826,88,1
17704,p8827,15,1
17707,p8828,11,1
17710,p8829,100,1
17713,p8830,97,1
17714,p8831,41,1
17716,p8832,12,1
17718,p8833,97,1
17721,p8834,2,1
17724,p8835,68,1
17725,p8836,71,1
17728,p8837,89,1
17731,p8838,95,1
17732,p8839,4,1
17735,p8840,5,1
17738,p8841,57,1
17739,p8842,85,1
17742,p8843,63,1
17744,p8844,36,1
17746,p8845,28,1
17749,p8846,50,1
17752,p8847,27,1
17754,p8848,89,1
17757,p8849,16,1
17759,p8850,90,1
17760,p8851,30,1
17763,p8852,58,1
17765,p8853,29,1
17767,p8854,27,1
17770,p8855,86,1
17773,p8856,82,1
17775,p8857,22,1
17776,p8858,73,1
17779,p8859,72,1
17782,p8860,5,1
17785,p8861,26,1
17786,p8862,50,1
17787,p8863,10,1
17788,p8864,35,1
17791,p8865,64,1
17792,p8866,34,1
17793,p8867,31,1
17796,p8868,13,1
17798,p8869,72,1
17800,p8870,5,1
17801,p8871,53,1
17804,p8872,55,1
17805,p8873,34,1
17808,p8874,45,1
17809,p8875,81,1
17812,p8876,20,1
17815,p8877,66,1
17816,p8878,69,1
17817,p8879,91,1
17819,p8880,39,1
17822,p8881,12,1
17825,p8882,33,1
17826,p8883,84,1
17827,p8884,97,1
17828,p8885,66,1
17831,p8886,51,1
17833,p8887,21,1
17835,p8888,86,1
17837,p8889,57,1
17838,p8890,92,1
17839,p8891,17,1
17841,p8892,29,1
17842,p8893,46,1
17845,p8894,55,1
17846,p8895,40,1
17847,p8896,24,1
17848,p8897,46,1
17850,p8898,91,1
17851,p8899,22,1
17852,p8900,69,1
17853,p8901,85,1
17854,p8902,77,1
17856,p8903,23,1
17858,p8904,79,1
17859,p8905,100,1
17861,p8906,34,1
17862,p8907,33,1
17864,p8908,11,1
17865,p8909,15,1
17868,p8910,65,1
17871,p8911,63,1
17873,p8912,91,1
17875,p8913,52,1
17878,p8914,53,1
17879,p8915,25,1
17882,p8916,50,1
17883,p8917,17,1
17886,p8918,34,1
17889,p8919,19,1
17891,p8920,77,1
17892,p8921,10,1
17893,p8922,94,1
17894,p8923,83,1
17896,p8924,58,1
17899,p8925,50,1
17902,p8926,38,1
17903,p8927,16,1
17904,p8928,20,1
17905,p8929,41,1
17907,p8930,11,1
17910,p8931,42,1
17912,p8932,88,1
17913,p8933,89,1
17916,p8934,16,1
17917,p8935,49,1
17918,p8936,56,1
17920,p8937,10,1
17921,p8938,50,1
17923,p8939,35,1
17925,p8940,93,1
17926,p8941,96,1
17927,p8942,73,1
17929,p8943,26,1
17930,p8944,73,1
17931,p8945,55,1
17933,p8946,5,1
17936,p8947,89,1
17938,p8948,14,1
17940,p8949,22,1
17942,p8950,69,1
17943,p8951,38,1
17946,p8952,32,1
17947,p8953,3,1
17950,p8954,100,1
17951,p8955,14,1
17952,p8956,65,1
17953,p8957,55,1
17954,p8958,66,1
17955,p8959,18,1
17958,p8960,13,1
17959,p8961,98,1
17961,p8962,31,1
17963,p8963,66,1
17964,p8964,7,1
17965,p8965,53,1
17968,p8966,17,1
17970,p8967,61,1
17972,p8968,91,1
17975,p8969,21,1
17976,p8970,13,1
17979,p8971,79,1
17981,p8972,59,1
17983,p8973,16,1
17986,p8974,90,1
17988,p8975,9,1
17989,p8976,64,1
17992,p8977,4,1
17994,p8978,32,1
17996,p8979,45,1
17998,p8980,49,1
17999,p8981,42,1
18001,p8982,62,1
18004,p8983,31,1
18005,p8984,88,1
18007,p8985,66,1
18008,p8986,78,1
18011,p8987,48,1
18013,p8988,35,1
18016,p8989,70,1
18017,p8990,98,1
18018,p8991,10,1
18020,p8992,71,1
18023,p8993,84,1
18025,p8994,3,1
18026,p8995,14,1
18027,p8996,98,1
18030,p8997,61,1
18033,p8998,24,1
18035,p8999,10,1
18037,p9000,98,1
18039,p9001,54,1
18040,p9002,44,1
18043,p9003,69,1
18044,p9004,9,1
18046,p9005,76,1
18048,p9006,8,1
18050,p9007,97,1
18052,p9008,27,1
18054,p9009,49,1
18057,p9010,81,1
18058,p9011,88,1
18059,p9012,39,1
18060,p9013,27,1
18063,p9014,83,1
18064,p9015,59,1
18067,p9016,89,1
18069,p9017,28,1
18071,p9018,56,1
18074,p9019,99,1
18075,p9020,40,1
18076,p9021,8,1
18078,p9022,24,1
18080,p9023,85,1
18081,p9024,92,1
18082,p9025,10,1
18084,p9026,11,1
18087,p9027,90,1
18088,p9028,77,1
18090,p9029,5,1
18091,p9030,10,1
18094,p9031,94,1
18095,p9032,89,1
18096,p9033,62,1
18099,p9034,17,1
18101,p9035,90,1
18102,p9036,94,1
18105,p9037,49,1
18106,p9038,25,1
18109,p9039,35,1
18110,p9040,75,1
18112,p9041,40,1
18114,p9042,3,1
18116,p9043,84,1
18118,p9044,53,1
18120,p9045,58,1
18123,p9046,72,1
18126,p9047,21,1
18129,p9048,9,1
18130,p9049,37,1
18133,p9050,85,1
18135,p9051,60,1
18137,p9052,66,1
18140,p9053,97,1
18141,p9054,97,1
18144,p9055,36,1
18146,p9056,40,1
18148,p9057,74,1
18149,p9058,67,1
18151,p9059,40,1
18152,p9060,38,1
18153,p9061,19,1
18155,p9062,32,1
18156,p9063,44,1
18158,p9064,38,1
18159,p9065,30,1
18162,p9066,98,1
18165,p9067,81,1
18168,p9068,27,1
18170,p9069,35,1
18171,p9070,57,1
18172,p9071,21,1
18173,p9072,83,1
18174,p9073,53,1
18176,p9074,43,1
18179,p9075,30,1
18182,p9076,24,1
18183,p9077,56,1
18186,p9078,28,1
18187,p9079,50,1
18188,p9080,66,1
18190,p9081,48,1
18192,p9082,8,1
18194,p9083,25,1
18197,p9084,65,1
18199,p9085,29,1
18200,p9086,24,1
18203,p9087,87,1
18205,p9088,34,1
18206,p9089,44,1
18207,p9090,16,1
18209,p9091,3,1
18210,p9092,97,1
18213,p9093,85,1
18215,p9094,10,1
18217,p9095,4,1
18218,p9096,46,1
18220,p9097,24,1
18223,p9098,48,1
18225,p9099,96,1
18227,p9100,17,1
18228,p9101,55,1
18231,p9102,89,1
18232,p9103,63,1
18233,p9104,65,1
18234,p9105,83,1
18235,p9106,84,1
18237,p9107,88,1
18239,p9108,31,1
18241,p9109,26,1
18244,p9110,80,1
18245,p9111,31,1
18246,p9112,14,1
18248,p9113,71,1
18249,p9114,5,1
18250,p9115,89,1
18251,p9116,3,1
18254,p9117,41,1
18256,p9118,47,1
18257,p9119,12,1
18258,p9120,18,1
18259,p9121,45,1
18260,p9122,19,1
18263,p9123,41,1
18266,p9124,9,1
18269,p9125,72,1
18270,p9126,29,1
18271,p9127,63,1
18273,p9128,80,1
18275,p9129,14,1
18276,p9130,19,1
18277,p9131,30,1
18279,p9132,41,1
18280,p9133,27,1
18281,p9134,4,1
18284,p9135,45,1
18285,p9136,42,1
18286,p9137,90,1
18287,p9138,25,1
18290,p9139,96,1
18293,p9140,71,1
18296,p9141,47,1
18298,p9142,89,1
18301,p9143,97,1
18303,p9144,42,1
18304,p9145,23,1
18305,p9146,83,1
18307,p9147,38,1
18310,p9148,79,1
18311,p9149,70,1
18313,p9150,15,1
18316,p9151,68,1
18319,p9152,40,1
18320,p9153,81,1
18321,p9154,34,1
18322,p9155,55,1
18324,p9156,13,1
18325,p9157,4,1
18326,p9158,44,1
18329,p9159,60,1
18331,p9160,23,1
18332,p9161,74,1
18333,p9162,12,1
18335,p9163,24,1
18338,p9164,90,1
18341,p9165,9,1
18344,p9166,18,1
18347,p9167,56,1
18349,p9168,36,1
18352,p9169,78,1
18355,p9170,84,1
18356,p9171,83,1
18359,p9172,39,1
18360,p9173,71,1
18361,p9174,3,1
18362,p9175,63,1
18363,p9176,84,1
18366,p9177,42,1
18368,p9178,51,1
18369,p9179,53,1
18372,p9180,12,1
18373,p9181,59,1
18374,p9182,75,1
18377,p9183,38,1
18379,p9184,31,1
18382,p9185,91,1
18383,p9186,45,1
18385,p9187,74,1
18386,p9188,78,1
18387,p9189,99,1
18388,p9190,11,1
18391,p9191,39,1
18392,p9192,61,1
18395,p9193,88,1
18398,p9194,48,1
18399,p9195,81,1
18401,p9196,23,1
18404,p9197,16,1
18405,p9198,9,1
18408,p9199,82,1
18410,p9200,76,1
18413,p9201,90,1
18414,p9202,29,1
18415,p9203,17,1
18417,p9204,26,1
18419,p9205,76,1
18420,p9206,65,1
18421,p9207,7,1
18423,p9208,11,1
18424,p9209,16,1
18426,p9210,66,1
18428,p9211,74,1
18430,p9212,93,1
18431,p9213,82,1
18432,p9214,98,1
18434,p9215,38,1
18435,p9216,54,1
18436,p9217,72,1
18437,p9218,44,1
18438,p9219,87,1
18441,p9220,56,1
18443,p9221,98,1
18446,p9222,79,1
18448,p9223,25,1
18449,p9224,70,1
18451,p9225,69,1
18452,p9226,33,1
18454,p9227,88,1
18455,p9228,42,1
18456,p9229,29,1
18458,p9230,8,1
18459,p9231,70,1
18462,p9232,52,1
18464,p9233,36,1
18467,p9234,75,1
18468,p9235,21,1
18471,p9236,6,1
18472,p9237,43,1
18473,p9238,83,1
18474,p9239,58,1
18477,p9240,67,1
18479,p9241,39,1
18482,p9242,33,1
18483,p9243,10,1
18486,p9244,51,1
18487,p9245,39,1
18489,p9246,85,1
18492,p9247,19,1
18494,p9248,10,1
18496,p9249,90,1
18498,p9250,48,1
18500,p9251,21,1
18501,p9252,36,1
18503,p9253,11,1
18506,p9254,10,1
18509,p9255,61,1
18510,p9256,9,1
18512,p9257,44,1
18515,p9258,85,1
18517,p9259,91,1
18518,p9260,79,1
18519,p9261,12,1
18522,p9262,20,1
18524,p9263,35,1
18525,p9264,26,1
18527,p9265,26,1
18529,p9266,35,1
18532,p9267,41,1
18534,p9268,98,1
18535,p9269,4,1
18536,p9270,43,1
18539,p9271,50,1
18540,p9272,21,1
18542,p9273,46,1
18544,p9274,44,1
18546,p9275,89,1
18547,p9276,66,1
18550,p9277,23,1
18551,p9278,97,1
18554,p9279,20,1
18555,p9280,89,1
18556,p9281,34,1
18558,p9282,7,1
18559,p9283,84,1
18560,p9284,37,1
18561,p9285,76,1
18563,p9286,46,1
18566,p9287,40,1
18569,p9288,57,1
18572,p9289,31,1
18573,p9290,76,1
18574,p9291,96,1
18577,p9292,42,1
18580,p9293,88,1
18582,p9294,78,1
18585,p9295,34,1
18586,p9296,96,1
18588,p9297,8,1
18590,p9298,95,1
18591,p9299,79,1
18592,p9300,69,1
18595,p9301,15,1
18596,p9302,13,1
18597,p9303,39,1
18598,p9304,76,1
18599,p9305,94,1
18602,p9306,39,1
18603,p9307,10,1
18606,p9308,30,1
18607,p9309,96,1
18610,p9310,70,1
18611,p9311,74,1
18613,p9312,18,1
18616,p9313,81,1
18618,p9314,49,1
18621,p9315,64,1
18623,p9316,91,1
18625,p9317,77,1
18626,p9318,11,1
18627,p9319,11,1
18630,p9320,37,1
18633,p9321,96,1
18636,p9322,26,1
18637,p9323,39,1
18638,p9324,9,1
18641,p9325,95,1
18642,p9326,52,1
18643,p9327,69,1
18645,p9328,74,1
18647,p9329,99,1
18650,p9330,52,1
18651,p9331,2,1
18653,p9332,76,1
18655,p9333,52,1
18658,p9334,69,1
18660,p9335,26,1
18662,p9336,98,1
18665,p9337,63,1
18668,p9338,66,1
18670,p9339,25,1
18672,p9340,47,1
18673,p9341,27,1
18675,p9342,85,1
18676,p9343,65,1
18678,p9344,36,1
18680,p9345,25,1
18681,p9346,76,1
18683,p9347,76,1
18684,p9348,20,1
18687,p9349,51,1
18688,p9350,9,1
18691,p9351,45,1
18693,p9352,39,1
18696,p9353,55,1
18697,p9354,78,1
18699,p9355,22,1
18700,p9356,75,1
18703,p9357,82,1
18706,p9358,7,1
18708,p9359,74,1
18711,p9360,37,1
18714,p9361,70,1
18716,p9362,93,1
18717,p9363,71,1
18718,p9364,31,1
18719,p9365,80,1
18720,p9366,5,1
18721,p9367,54,1
18723,p9368,76,1
18726,p9369,12,1
18727,p9370,24,1
18730,p9371,69,1
18731,p9372,72,1
18733,p9373,97,1
18734,p9374,61,1
18735,p9375,37,1
18736,p9376,84,1
18739,p9377,49,1
18742,p9378,60,1
18745,p9379,13,1
18746,p9380,92,1
18748,p9381,55,1
18751,p9382,18,1
18754,p9383,99,1
18756,p9384,68,1
18759,p9385,16,1
18761,p9386,6,1
18764,p9387,42,1
18767,p9388,74,1
18769,p9389,4,1
18772,p9390,57,1
18774,p9391,35,1
18775,p9392,96,1
18776,p9393,71,1
18777,p9394,98,1
18778,p9395,84,1
18779,p9396,52,1
18780,p9397,77,1
18782,p9398,39,1
18785,p9399,85,1
18788,p9400,61,1
18789,p9401,4,1
18791,p9402,56,1
18793,p9403,63,1
18794,p9404,66,1
18795,p9405,54,1
18797,p9406,55,1
18798,p9407,62,1
18799,p9408,27,1
18801,p9409,40,1
18802,p9410,70,1
18803,p9411,96,1
18806,p9412,39,1
18809,p9413,40,1
18812,p9414,48,1
18815,p9415,37,1
18816,p9416,61,1
18818,p9417,21,1
18821,p9418,26,1
18823,p9419,5,1
18825,p9420,60,1
18828,p9421,38,1
18829,p9422,98,1
18832,p9423,84,1
18833,p9424,32,1
18834,p9425,77,1
18837,p9426,87,1
18840,p9427,51,1
18843,p9428,19,1
18846,p9429,99,1
18847,p9430,42,1
18849,p9431,10,1
18852,p9432,25,1
18853,p9433,79,1
18855,p9434,88,1
18858,p9435,15,1
18860,p9436,83,1
18862,p9437,39,1
18865,p9438,93,1
18868,p9439,27,1
18869,p9440,3,1
18870,p9441,96,1
18872,p9442,42,1
18874,p9443,21,1
18877,p9444,4,1
18878,p9445,6,1
18879,p9446,26,1
18881,p9447,3,1
18884,p9448,69,1
18887,p9449,70,1
18889,p9450,52,1
18891,p9451,78,1
18893,p9452,13,1
18894,p9453,34,1
18896,p9454,65,1
18898,p9455,70,1
18899,p9456,40,1
18900,p9457,60,1
18901,p9458,94,1
18902,p9459,55,1
18905,p9460,93,1
18908,p9461,83,1
18910,p9462,7,1
18913,p9463,56,1
18916,p9464,88,1
18917,p9465,72,1
18919,p9466,48,1
18922,p9467,28,1
18923,p9468,51,1
18924,p9469,69,1
18927,p9470,43,1
18930,p9471,94,1
18931,p9472,30,1
18934,p9473,85,1
18935,p9474,38,1
18937,p9475,46,1
18939,p9476,34,1
18940,p9477,81,1
18943,p9478,10,1
18945,p9479,86,1
18948,p9480,89,1
18950,p9481,76,1
18952,p9482,16,1
18954,p9483,76,1
18955,p9484,91,1
18956,p9485,57,1
18957,p9486,59,1
18960,p9487,68,1
18963,p9488,43,1
18964,p9489,40,1
18965,p9490,12,1
18966,p9491,52,1
18968,p9492,37,1
18969,p9493,35,1
18970,p9494,86,1
18971,p9495,78,1
18973,p9496,73,1
18976,p9497,30,1
18979,p9498,88,1
18982,p9499,63,1
18984,p9500,6,1
18986,p9501,20,1
18987,p9502,3,1
18989,p9503,81,1
18992,p9504,60,1
18995,p9505,42,1
18996,p9506,6,1
18997,p9507,79,1
19000,p9508,7,1
19002,p9509,87,1
19004,p9510,7,1
19007,p9511,91,1
19009,p9512,27,1
19011,p9513,15,1
19013,p9514,26,1
19016,p9515,98,1
19019,p9516,88,1
19021,p9517,4,1
19023,p9518,43,1
19024,p9519,76,1
19025,p9520,41,1
19028,p9521,23,1
19030,p9522,67,1
19031,p9523,13,1
19033,p9524,58,1
19035,p9525,27,1
19036,p9526,60,1
19039,p9527,80,1
19042,p9528,71,1
19043,p9529,48,1
19046,p9530,87,1
19049,p9531,73,1
19051,p9532,84,1
19053,p9533,32,1
19055,p9534,78,1
19058,p9535,24,1
19060,p9536,10,1
19062,p9537,36,1
19065,p9538,93,1
19068,p9539,68,1
19069,p9540,2,1
19071,p9541,14,1
19072,p9542,55,1
19073,p9543,62,1
19075,p9544,56,1
19077,p9545,91,1
19080,p9546,48,1
19083,p9547,99,1
19086,p9548,33,1
19089,p9549,14,1
19090,p9550,96,1
19091,p9551,44,1
19094,p9552,87,1
19096,p9553,35,1
19097,p9554,38,1
19098,p9555,25,1
19100,p9556,36,1
19101,p9557,75,1
19103,p9558,22,1
19106,p9559,55,1
19109,p9560,57,1
19112,p9561,3,1
19114,p9562,18,1
19115,p9563,78,1
19117,p9564,89,1
19120,p9565,9,1
19122,p9566,54,1
19123,p9567,20,1
19126,p9568,63,1
19128,p9569,51,1
19129,p9570,14,1
19130,p9571,5,1
19133,p9572,15,1
19135,p9573,79,1
19138,p9574,61,1
19141,p9575,51,1
19144,p9576,58,1
19146,p9577,82,1
19149,p9578,26,1
19150,p9579,35,1
19152,p9580,100,1
19154,p9581,71,1
19156,p9582,91,1
19158,p9583,21,1
19161,p9584,3,1
19162,p9585,85,1
19165,p9586,52,1
19166,p9587,49,1
19167,p9588,69,1
19170,p9589,25,1
19173,p9590,51,1
19175,p9591,79,1
19177,p9592,56,1
19178,p9593,37,1
19179,p9594,89,1
19182,p9595,14,1
19184,p9596,11,1
19185,p9597,33,1
19186,p9598,86,1
19187,p9599,45,1
19188,p9600,76,1
19190,p9601,36,1
19192,p9602,27,1
19195,p9603,83,1
19196,p9604,84,1
19199,p9605,19,1
19200,p9606,8,1
19203,p9607,78,1
19206,p9608,87,1
19207,p9609,56,1
19210,p9610,55,1
19211,p9611,53,1
19214,p9612,92,1
19215,p9613,40,1
19217,p9614,30,1
19219,p9615,81,1
19221,p9616,99,1
19224,p9617,89,1
19225,p9618,85,1
19226,p9619,39,1
19229,p9620,67,1
19232,p9621,88,1
19234,p9622,29,1
19235,p9623,94,1
19237,p9624,43,1
19238,p9625,38,1
19239,p9626,80,1
19242,p9627,76,1
19245,p9628,82,1
19247,p9629,6,1
19248,p9630,83,1
19249,p9631,11,1
19251,p9632,67,1
19252,p9633,70,1
19253,p9634,60,1
19255,p9635,28,1
19258,p9636,37,1
19259,p9637,52,1
19260,p9638,84,1
19262,p9639,39,1
19264,p9640,5,1
19265,p9641,100,1
19266,p9642,50,1
19268,p9643,100,1
19271,p9644,38,1
19272,p9645,27,1
19275,p9646,89,1
19277,p9647,13,1
19279,p9648,91,1
19280,p9649,48,1
19282,p9650,76,1
19285,p9651,86,1
19287,p9652,11,1
19289,p9653,23,1
19292,p9654,3,1
19294,p9655,61,1
19295,p9656,4,1
19298,p9657,63,1
19301,p9658,93,1
19303,p9659,34,1
19304,p9660,32,1
19305,p9661,79,1
19306,p9662,70,1
19308,p9663,69,1
19310,p9664,25,1
19311,p9665,20,1
19314,p9666,75,1
19315,p9667,78,1
19318,p9668,54,1
19319,p9669,83,1
19321,p9670,69,1
19323,p9671,31,1
19324,p9672,3,1
19326,p9673,7,1
19327,p9674,80,1
19328,p9675,41,1
19330,p9676,17,1
19333,p9677,29,1
19334,p9678,25,1
19337,p9679,14,1
19339,p9680,67,1
19342,p9681,4,1
19344,p9682,5,1
19346,p9683,6,1
19347,p9684,37,1
19350,p9685,77,1
19353,p9686,63,1
19356,p9687,53,1
19357,p9688,42,1
19359,p9689,18,1
19361,p9690,17,1
19364,p9691,97,1
19365,p9692,80,1
19368,p9693,28,1
19369,p9694,40,1
19372,p9695,92,1
19374,p9696,27,1
19376,p9697,71,1
19378,p9698,91,1
19381,p9699,81,1
19383,p9700,36,1
19386,p9701,66,1
19387,p9702,35,1
19389,p9703,67,1
19390,p9704,3,1
19392,p9705,47,1
19394,p9706,51,1
19396,p9707,41,1
19399,p9708,37,1
19402,p9709,82,1
19404,p9710,74,1
19405,p9711,64,1
19407,p9712,89,1
19410,p9713,79,1
19411,p9714,39,1
19414,p9715,4,1
19416,p9716,19,1
19418,p9717,61,1
19419,p9718,20,1
19421,p9719,15,1
19424,p9720,32,1
19425,p9721,68,1
19428,p9722,50,1
19429,p9723,100,1
19432,p9724,20,1
19434,p9725,85,1
19437,p9726,95,1
19440,p9727,40,1
19442,p9728,100,1
19443,p9729,37,1
19445,p9730,32,1
19448,p9731,32,1
19450,p9732,65,1
19451,p9733,4,1
19452,p9734,78,1
19455,p9735,53,1
19457,p9736,59,1
19458,p9737,92,1
19459,p9738,67,1
19462,p9739,4,1
19465,p9740,4,1
19468,p9741,84,1
19470,p9742,12,1
19472,p9743,45,1
19473,p9744,71,1
19476,p9745,77,1
19478,p9746,29,1
19481,p9747,56,1
19482,p9748,69,1
19485,p9749,80,1
19488,p9750,16,1
19489,p9751,40,1
19492,p9752,87,1
19493,p9753,98,1
19496,p9754,3,1
19497,p9755,19,1
19499,p9756,54,1
19502,p9757,15,1
19503,p9758,63,1
19504,p9759,50,1
19506,p9760,43,1
19509,p9761,64,1
19511,p9762,50,1
19512,p9763,26,1
19515,p9764,30,1
19516,p9765,58,1
19519,p9766,59,1
19521,p9767,56,1
19522,p9768,66,1
19523,p9769,37,1
19524,p9770,43,1
19525,p9771,10,1
19527,p9772,36,1
19530,p9773,94,1
19533,p9774,59,1
19534,p9775,88,1
19535,p9776,40,1
19536,p9777,35,1
19538,p9778,58,1
19541,p9779,7,1
19542,p9780,9,1
19544,p9781,87,1
19546,p9782,92,1
19548,p9783,13,1
19549,p9784,15,1
19551,p9785,61,1
19552,p9786,88,1
19553,p9787,26,1
19555,p9788,95,1
19557,p9789,82,1
19560,p9790,3,1
19562,p9791,26,1
19565,p9792,79,1
19566,p9793,38,1
19569,p9794,67,1
19571,p9795,98,1
19573,p9796,82,1
19576,p9797,25,1
19579,p9798,24,1
19581,p9799,59,1
19583,p9800,73,1
19586,p9801,86,1
19589,p9802,25,1
19590,p9803,32,1
19593,p9804,15,1
19596,p9805,59,1
19598,p9806,29,1
19600,p9807,83,1
19601,p9808,44,1
19602,p9809,4,1
19603,p9810,34,1
19605,p9811,85,1
19608,p9812,86,1
19611,p9813,6,1
19613,p9814,8,1
19615,p9815,50,1
19618,p9816,68,1
19620,p9817,38,1
19621,p9818,8,1
19623,p9819,35,1
19625,p9820,16,1
19628,p9821,78,1
19630,p9822,60,1
19632,p9823,69,1
19634,p9824,25,1
19635,p9825,98,1
19637,p9826,18,1
19640,p9827,30,1
19641,p9828,31,1
19642,p9829,79,1
19645,p9830,7,1
19648,p9831,55,1
19651,p9832,20,1
19652,p9833,98,1
19655,p9834,57,1
19656,p9835,26,1
19657,p9836,13,1
19660,p9837,15,1
19663,p9838,21,1
19664,p9839,45,1
19666,p9840,83,1
19668,p9841,62,1
19671,p9842,76,1
19672,p9843,31,1
19673,p9844,51,1
19674,p9845,17,1
19677,p9846,66,1
19678,p9847,83,1
19681,p9848,69,1
19683,p9849,16,1
19685,p9850,22,1
19687,p9851,67,1
19688,p9852,18,1
19690,p9853,10,1
19691,p9854,88,1
19692,p9855,66,1
19694,p9856,98,1
19695,p9857,90,1
19698,p9858,43,1
19699,p9859,18,1
19702,p9860,15,1
19703,p9861,84,1
19705,p9862,71,1
19707,p9863,46,1
19708,p9864,12,1
19711,p9865,36,1
19714,p9866,76,1
19716,p9867,26,1
19717,p9868,65,1
19720,p9869,80,1
19723,p9870,82,1
19725,p9871,68,1
19726,p9872,24,1
19728,p9873,80,1
19730,p9874,9,1
19733,p9875,19,1
19735,p9876,53,1
19738,p9877,55,1
19741,p9878,33,1
19743,p9879,28,1
19744,p9880,3,1
19747,p9881,76,1
19749,p9882,70,1
19751,p9883,3,1
19753,p9884,23,1
19755,p9885,52,1
19757,p9886,73,1
19758,p9887,14,1
19760,p9888,10,1
19761,p9889,23,1
19762,p9890,90,1
19763,p9891,57,1
19765,p9892,22,1
19766,p9893,78,1
19767,p9894,74,1
19768,p9895,61,1
19769,p9896,15,1
19772,p9897,28,1
19773,p9898,40,1
19774,p9899,41,1
19775,p9900,28,1
19776,p9901,44,1
19778,p9902,87,1
19781,p9903,43,1
19783,p9904,47,1
19784,p9905,3,1
19785,p9906,61,1
19788,p9907,63,1
19791,p9908,11,1
19792,p9909,11,1
19793,p9910,47,1
19796,p9911,8,1
19797,p9912,73,1
19799,p9913,32,1
19801,p9914,75,1
19803,p9915,41,1
19804,p9916,48,1
19807,p9917,4,1
19808,p9918,33,1
19809,p9919,95,1
19810,p9920,2,1
19813,p9921,25,1
19816,p9922,82,1
19817,p9923,58,1
19820,p9924,60,1
19822,p9925,67,1
19825,p9926,54,1
19828,p9927,3,1
19831,p9928,56,1
19834,p9929,84,1
19836,p9930,61,1
19838,p9931,39,1
19839,p9932,35,1
19840,p9933,17,1
19842,p9934,4,1
19845,p9935,59,1
19848,p9936,6,1
19850,p9937,19,1
19853,p9938,73,1
19856,p9939,17,1
19859,p9940,12,1
19862,p9941,19,1
19863,p9942,60,1
19866,p9943,89,1
19868,p9944,94,1
19871,p9945,34,1
19873,p9946,74,1
19875,p9947,66,1
19877,p9948,23,1
19880,p9949,11,1
19881,p9950,42,1
19884,p9951,99,1
19885,p9952,81,1
19888,p9953,6,1
19890,p9954,39,1
19893,p9955,50,1
19896,p9956,43,1
19899,p9957,18,1
19902,p9958,91,1
19903,p9959,20,1
19904,p9960,96,1
19907,p9961,80,1
19910,p9962,36,1
19911,p9963,88,1
19912,p9964,51,1
19914,p9965,12,1
19916,p9966,95,1
19919,p9967,97,1
19920,p9968,69,1
19922,p9969,25,1
19924,p9970,97,1
19925,p9971,18,1
19926,p9972,67,1
19928,p9973,76,1
19929,p9974,69,1
19930,p9975,33,1
19932,p9976,52,1
19933,p9977,47,1
19935,p9978,86,1
19938,p9979,14,1
19940,p9980,29,1
19943,p9981,56,1
19946,p9982,55,1
19949,p9983,44,1
19951,p9984,50,1
19954,p9985,13,1
19957,p9986,35,1
19959,p9987,88,1
19961,p9988,56,1
19963,p9989,59,1
19965,p9990,22,1
19968,p9991,93,1
19969,p9992,17,1
19970,p9993,47,1
19971,p9994,37,1
19972,p9995,12,1
19974,p9996,60,1
19977,p9997,65,1
19980,p9998,21,1
19982,p9999,98,1
