time,id,source,dest
0,p0,29,37
1,p1,20,21
4,p2,70,84
5,p3,7,68
7,p4,44,99
10,p5,11,13
12,p6,13,30
14,p7,25,78
15,p8,17,22
17,p9,29,66
19,p10,45,37
20,p11,2,67
23,p12,74,33
26,p13,47,25
28,p14,57,87
30,p15,54,14
31,p16,28,56
34,p17,40,16
35,p18,11,50
38,p19,71,16
41,p20,81,52
42,p21,60,99
44,p22,97,51
47,p23,2,35
48,p24,87,92
51,p25,68,46
53,p26,26,95
55,p27,4,40
58,p28,68,22
60,p29,58,52
63,p30,2,12
64,p31,19,22
67,p32,78,15
68,p33,37,40
71,p34,85,66
73,p35,56,62
75,p36,46,81
77,p37,39,22
78,p38,57,76
81,p39,9,63
84,p40,41,93
87,p41,5,20
89,p42,88,94
91,p43,48,8
92,p44,27,44
94,p45,13,20
95,p46,4,42
98,p47,78,72
101,p48,9,95
103,p49,17,93
106,p50,41,32
109,p51,68,54
111,p52,68,31
113,p53,54,72
114,p54,96,19
117,p55,44,31
120,p56,37,57
122,p57,21,55
123,p58,17,61
124,p59,19,20
127,p60,85,19
129,p61,59,12
130,p62,66,9
131,p63,48,61
134,p64,34,95
137,p65,6,23
140,p66,95,13
141,p67,80,52
144,p68,8,91
145,p69,100,86
148,p70,32,76
151,p71,28,57
154,p72,27,21
155,p73,25,58
156,p74,24,55
159,p75,16,38
160,p76,38,56
162,p77,71,70
163,p78,65,41
165,p79,68,45
167,p80,93,7
168,p81,87,89
171,p82,92,17
174,p83,34,74
176,p84,48,13
178,p85,82,23
181,p86,94,96
183,p87,41,84
185,p88,56,75
188,p89,61,21
189,p90,75,45
190,p91,66,71
191,p92,35,62
192,p93,78,27
194,p94,53,46
197,p95,52,54
198,p96,84,37
201,p97,98,2
204,p98,95,30
207,p99,7,75
208,p100,35,13
211,p101,4,26
213,p102,45,68
214,p103,74,72
217,p104,52,24
219,p105,53,94
220,p106,33,3
223,p107,91,78
224,p108,80,87
225,p109,45,66
227,p110,10,18
230,p111,31,52
232,p112,60,90
234,p113,2,68
236,p114,51,37
237,p115,42,90
239,p116,82,30
241,p117,75,3
244,p118,77,31
247,p119,11,33
250,p120,78,30
251,p121,63,73
253,p122,22,47
255,p123,12,86
258,p124,94,22
259,p125,81,87
261,p126,72,25
264,p127,63,90
267,p128,32,4
269,p129,39,58
270,p130,5,48
273,p131,16,5
276,p132,51,75
278,p133,31,72
279,p134,34,31
282,p135,90,83
285,p136,91,50
288,p137,76,29
289,p138,45,91
291,p139,31,36
293,p140,10,68
294,p141,25,30
297,p142,44,40
300,p143,85,44
301,p144,65,23
302,p145,61,42
305,p146,60,38
308,p147,27,23
310,p148,43,36
311,p149,90,17
314,p150,68,49
315,p151,25,100
318,p152,29,6
320,p153,7,79
323,p154,2,55
324,p155,48,90
326,p156,82,39
327,p157,33,85
329,p158,2,1
332,p159,100,1
334,p160,76,37
337,p161,100,72
338,p162,87,58
341,p163,100,8
343,p164,21,48
344,p165,14,53
347,p166,49,26
349,p167,51,84
350,p168,58,46
351,p169,37,76
354,p170,11,15
357,p171,78,89
359,p172,44,83
361,p173,45,64
364,p174,52,50
366,p175,69,98
368,p176,76,54
370,p177,72,63
373,p178,82,37
374,p179,48,96
377,p180,46,12
379,p181,92,72
380,p182,68,33
381,p183,76,90
383,p184,32,68
385,p185,15,62
387,p186,77,57
388,p187,10,84
391,p188,68,83
393,p189,65,94
395,p190,85,15
398,p191,91,53
399,p192,41,11
401,p193,26,96
404,p194,44,61
405,p195,54,82
406,p196,25,45
408,p197,67,39
411,p198,36,8
412,p199,9,60
413,p200,22,86
414,p201,100,85
416,p202,45,6
417,p203,90,74
419,p204,34,89
421,p205,83,46
422,p206,5,74
423,p207,89,58
424,p208,65,9
425,p209,34,40
427,p210,47,6
429,p211,12,27
430,p212,46,79
433,p213,55,84
436,p214,22,35
438,p215,36,2
441,p216,3,41
442,p217,82,25
444,p218,56,81
446,p219,39,49
447,p220,22,76
450,p221,49,13
453,p222,82,98
455,p223,79,100
458,p224,38,16
459,p225,86,43
460,p226,25,96
461,p227,1,56
462,p228,59,79
464,p229,88,50
467,p230,30,73
469,p231,85,70
470,p232,92,35
471,p233,55,56
472,p234,96,39
473,p235,69,31
475,p236,74,6
477,p237,57,54
478,p238,12,38
479,p239,57,88
480,p240,65,39
482,p241,96,89
485,p242,21,78
488,p243,22,66
491,p244,59,40
492,p245,17,32
493,p246,35,100
494,p247,15,9
497,p248,57,94
498,p249,19,45
500,p250,86,39
501,p251,16,74
504,p252,18,64
506,p253,54,80
509,p254,67,84
512,p255,100,44
514,p256,67,48
516,p257,75,73
517,p258,37,35
518,p259,82,4
519,p260,95,33
521,p261,96,71
522,p262,11,38
525,p263,89,36
527,p264,18,76
529,p265,100,58
532,p266,36,77
534,p267,70,58
535,p268,60,51
536,p269,88,75
538,p270,79,89
539,p271,59,48
541,p272,4,77
542,p273,96,26
543,p274,20,81
545,p275,3,60
547,p276,60,42
549,p277,7,36
552,p278,81,43
554,p279,36,35
557,p280,53,30
559,p281,85,72
562,p282,36,85
565,p283,79,29
567,p284,92,96
568,p285,25,87
571,p286,55,71
572,p287,58,31
575,p288,75,25
577,p289,65,7
579,p290,40,65
582,p291,37,40
584,p292,6,29
586,p293,72,8
588,p294,82,84
590,p295,43,74
591,p296,79,52
592,p297,83,12
594,p298,91,43
595,p299,33,85
597,p300,70,93
600,p301,47,34
603,p302,17,73
606,p303,83,38
608,p304,96,35
610,p305,14,13
612,p306,35,17
614,p307,15,70
615,p308,85,46
616,p309,15,98
618,p310,89,22
620,p311,35,19
622,p312,67,42
623,p313,77,39
625,p314,74,17
628,p315,85,91
630,p316,36,3
633,p317,60,49
636,p318,12,19
639,p319,95,98
642,p320,24,59
643,p321,27,32
645,p322,64,35
647,p323,61,34
648,p324,59,30
650,p325,73,85
653,p326,78,28
655,p327,89,79
657,p328,88,86
660,p329,11,48
661,p330,85,49
662,p331,11,98
663,p332,34,41
666,p333,28,35
668,p334,94,46
670,p335,24,98
672,p336,62,20
675,p337,83,9
677,p338,63,82
679,p339,9,36
680,p340,55,65
682,p341,52,86
685,p342,9,54
686,p343,51,81
687,p344,7,94
689,p345,58,41
691,p346,32,84
693,p347,26,37
694,p348,27,63
697,p349,79,61
698,p350,13,90
701,p351,9,85
702,p352,7,46
704,p353,77,76
706,p354,64,39
708,p355,71,39
709,p356,86,36
711,p357,11,33
713,p358,33,56
714,p359,17,19
716,p360,36,64
718,p361,86,55
720,p362,35,9
723,p363,38,32
724,p364,68,79
727,p365,83,32
730,p366,91,70
731,p367,30,77
732,p368,18,10
735,p369,25,15
738,p370,47,88
741,p371,21,28
743,p372,29,76
745,p373,58,41
746,p374,100,18
748,p375,1,36
751,p376,41,4
752,p377,56,63
755,p378,8,46
756,p379,96,82
757,p380,4,97
758,p381,1,84
760,p382,100,20
763,p383,30,3
765,p384,41,29
768,p385,17,54
770,p386,39,14
773,p387,14,82
776,p388,3,15
777,p389,82,91
780,p390,92,63
782,p391,38,22
784,p392,83,51
786,p393,88,17
788,p394,63,44
790,p395,29,89
793,p396,65,9
796,p397,41,4
799,p398,95,24
802,p399,79,29
803,p400,77,35
804,p401,16,67
806,p402,37,60
808,p403,49,54
809,p404,15,68
810,p405,15,16
813,p406,61,1
815,p407,35,51
818,p408,18,32
820,p409,51,92
823,p410,1,42
826,p411,74,73
829,p412,62,16
831,p413,63,58
834,p414,56,18
835,p415,44,56
836,p416,75,35
839,p417,10,45
841,p418,55,75
844,p419,3,25
846,p420,50,91
849,p421,2,47
851,p422,47,58
853,p423,36,79
855,p424,71,25
856,p425,74,86
857,p426,78,9
860,p427,12,25
863,p428,24,63
864,p429,24,10
867,p430,2,78
869,p431,78,83
871,p432,77,23
872,p433,12,47
874,p434,4,5
877,p435,68,78
880,p436,5,50
881,p437,18,21
883,p438,93,85
886,p439,45,92
887,p440,54,32
888,p441,28,30
890,p442,88,61
891,p443,66,25
892,p444,21,3
894,p445,5,78
895,p446,49,54
897,p447,96,32
899,p448,25,32
901,p449,26,33
902,p450,12,23
905,p451,65,56
906,p452,93,16
909,p453,49,85
910,p454,99,69
913,p455,69,18
915,p456,28,89
918,p457,89,67
919,p458,54,49
920,p459,55,31
922,p460,28,30
924,p461,74,22
925,p462,99,12
926,p463,37,45
928,p464,60,3
931,p465,46,85
932,p466,17,48
933,p467,52,81
936,p468,1,66
939,p469,8,28
940,p470,52,68
943,p471,80,35
946,p472,91,98
947,p473,21,100
949,p474,99,31
951,p475,87,55
953,p476,74,24
955,p477,3,41
956,p478,54,66
957,p479,62,65
958,p480,58,50
961,p481,75,86
963,p482,90,19
965,p483,73,31
968,p484,81,58
970,p485,90,97
971,p486,77,18
972,p487,42,16
975,p488,71,6
978,p489,84,28
981,p490,55,23
983,p491,11,36
985,p492,78,24
988,p493,26,2
990,p494,85,50
991,p495,40,98
993,p496,57,78
995,p497,67,2
996,p498,51,30
999,p499,50,85
1001,p500,63,94
1004,p501,62,78
1007,p502,36,56
1008,p503,25,43
1010,p504,11,69
1011,p505,75,2
1014,p506,18,26
1015,p507,83,6
1018,p508,87,45
1020,p509,27,71
1023,p510,49,2
1026,p511,76,70
1027,p512,26,100
1028,p513,86,100
1030,p514,19,58
1031,p515,23,73
1033,p516,97,65
1036,p517,71,79
1039,p518,24,26
1042,p519,24,2
1043,p520,29,32
1044,p521,90,77
1045,p522,17,30
1047,p523,61,87
1050,p524,81,54
1052,p525,90,63
1053,p526,56,89
1056,p527,28,78
1058,p528,4,77
1059,p529,63,13
1061,p530,60,63
1063,p531,32,79
1066,p532,57,70
1068,p533,44,59
1069,p534,21,99
1072,p535,57,78
1074,p536,47,93
1076,p537,76,25
1078,p538,12,32
1081,p539,99,27
1083,p540,99,44
1086,p541,41,85
1089,p542,28,91
1091,p543,29,44
1093,p544,14,48
1096,p545,91,55
1098,p546,44,26
1101,p547,7,26
1102,p548,100,44
1104,p549,65,23
1106,p550,52,49
1109,p551,62,90
1110,p552,92,6
1111,p553,32,78
1113,p554,70,37
1115,p555,21,64
1117,p556,41,17
1118,p557,34,39
1121,p558,46,26
1122,p559,80,40
1123,p560,97,83
1125,p561,16,4
1127,p562,14,73
1129,p563,57,91
1131,p564,11,38
1132,p565,23,64
1135,p566,2,68
1137,p567,73,98
1139,p568,41,52
1142,p569,43,89
1144,p570,52,26
1147,p571,94,38
1150,p572,33,13
1152,p573,79,80
1153,p574,64,32
1155,p575,55,38
1157,p576,24,8
1159,p577,86,94
1160,p578,79,55
1161,p579,85,51
1162,p580,48,15
1164,p581,66,50
1165,p582,37,30
1167,p583,30,51
1169,p584,75,20
1172,p585,96,42
1173,p586,14,8
1176,p587,46,36
1177,p588,94,46
1178,p589,47,7
1181,p590,67,40
1184,p591,28,95
1186,p592,43,86
1188,p593,23,1
1189,p594,40,49
1190,p595,49,41
1193,p596,92,34
1195,p597,30,15
1197,p598,20,51
1198,p599,95,71
1200,p600,65,35
1202,p601,1,28
1205,p602,61,38
1207,p603,8,25
1208,p604,64,34
1211,p605,11,7
1214,p606,24,74
1216,p607,42,3
1218,p608,83,75
1220,p609,76,21
1223,p610,4,43
1224,p611,78,64
1225,p612,98,30
1227,p613,98,89
1229,p614,95,3
1230,p615,3,54
1231,p616,13,68
1234,p617,3,61
1235,p618,45,83
1238,p619,3,11
1239,p620,35,29
1240,p621,56,57
1243,p622,46,24
1246,p623,90,20
1248,p624,7,72
1249,p625,61,85
1250,p626,48,6
1251,p627,38,58
1253,p628,43,27
1256,p629,46,8
1259,p630,66,18
1262,p631,75,89
1265,p632,66,21
1266,p633,59,26
1267,p634,33,81
1268,p635,42,94
1271,p636,69,22
1273,p637,14,24
1275,p638,94,9
1278,p639,23,7
1281,p640,24,37
1284,p641,20,8
1287,p642,75,27
1289,p643,3,31
1292,p644,15,88
1293,p645,48,26
1295,p646,28,48
1296,p647,37,54
1297,p648,86,25
1300,p649,95,12
1302,p650,41,16
1303,p651,10,48
1305,p652,4,27
1307,p653,40,86
1308,p654,79,24
1309,p655,15,16
1310,p656,82,65
1311,p657,7,25
1314,p658,70,69
1316,p659,31,34
1318,p660,53,72
1319,p661,5,13
1321,p662,79,63
1322,p663,14,16
1325,p664,40,86
1326,p665,55,4
1327,p666,18,50
1330,p667,12,80
1331,p668,93,35
1334,p669,32,73
1337,p670,60,76
1338,p671,50,30
1339,p672,60,59
1342,p673,17,99
1344,p674,37,19
1346,p675,96,89
1348,p676,21,80
1351,p677,22,73
1354,p678,90,31
1356,p679,28,91
1357,p680,2,94
1360,p681,84,94
1363,p682,12,67
1365,p683,95,36
1366,p684,81,75
1367,p685,55,67
1368,p686,58,95
1371,p687,62,55
1373,p688,66,2
1375,p689,16,25
1376,p690,1,47
1379,p691,22,5
1381,p692,96,65
1384,p693,84,11
1387,p694,29,51
1389,p695,8,52
1390,p696,18,80
1393,p697,8,80
1396,p698,90,84
1397,p699,17,68
1400,p700,65,23
1402,p701,48,89
1403,p702,17,53
1406,p703,95,55
1408,p704,81,96
1411,p705,52,2
1413,p706,61,65
1416,p707,64,40
1419,p708,80,98
1422,p709,86,60
1425,p710,2,93
1428,p711,69,72
1429,p712,49,31
1432,p713,4,35
1435,p714,16,76
1436,p715,59,26
1439,p716,78,35
1440,p717,65,75
1441,p718,26,24
1442,p719,61,91
1445,p720,56,25
1448,p721,26,100
1451,p722,87,49
1453,p723,80,69
1456,p724,4,54
1457,p725,48,92
1458,p726,91,74
1461,p727,29,16
1462,p728,69,1
1464,p729,87,82
1465,p730,20,54
1466,p731,72,5
1468,p732,46,49
1470,p733,79,92
1472,p734,43,40
1474,p735,11,57
1476,p736,85,54
1479,p737,15,34
1482,p738,3,53
1485,p739,29,95
1486,p740,36,86
1489,p741,50,8
1491,p742,18,14
1493,p743,76,69
1494,p744,92,41
1495,p745,62,80
1498,p746,89,14
1501,p747,23,50
1502,p748,85,97
1505,p749,32,52
1506,p750,81,29
1509,p751,76,33
1511,p752,58,64
1513,p753,57,74
1514,p754,84,50
1517,p755,7,48
1520,p756,88,41
1521,p757,22,70
1523,p758,78,4
1526,p759,71,76
1528,p760,88,3
1530,p761,87,1
1533,p762,82,43
1535,p763,92,41
1537,p764,45,73
1540,p765,8,32
1543,p766,27,93
1544,p767,95,88
1545,p768,43,99
1547,p769,89,38
1550,p770,93,21
1552,p771,6,85
1554,p772,20,23
1555,p773,16,39
1556,p774,73,61
1559,p775,75,70
1562,p776,10,37
1565,p777,20,4
1566,p778,100,52
1568,p779,76,72
1569,p780,10,65
1572,p781,84,46
1574,p782,51,25
1577,p783,39,20
1578,p784,77,75
1579,p785,39,99
1580,p786,85,82
1581,p787,39,16
1582,p788,9,7
1583,p789,97,4
1586,p790,67,54
1587,p791,57,97
1589,p792,81,46
1592,p793,28,46
1595,p794,59,7
1598,p795,16,13
1600,p796,73,42
1601,p797,95,19
1602,p798,88,29
1604,p799,7,41
1607,p800,38,95
1610,p801,4,2
1613,p802,49,31
1615,p803,50,12
1618,p804,45,60
1619,p805,61,77
1620,p806,62,45
1623,p807,93,86
1625,p808,26,11
1626,p809,64,16
1629,p810,66,44
1632,p811,16,58
1634,p812,49,34
1635,p813,70,22
1637,p814,36,20
1640,p815,4,88
1641,p816,56,86
1643,p817,41,66
1644,p818,89,18
1646,p819,24,84
1649,p820,37,12
1650,p821,34,37
1652,p822,49,100
1654,p823,99,2
1656,p824,67,39
1659,p825,44,1
1660,p826,87,1
1662,p827,45,84
1664,p828,28,5
1665,p829,68,24
1667,p830,93,99
1668,p831,43,49
1669,p832,91,11
1670,p833,46,44
1673,p834,57,72
1674,p835,5,12
1675,p836,48,85
1676,p837,19,39
1679,p838,25,58
1681,p839,21,78
1682,p840,1,27
1683,p841,23,43
1684,p842,65,61
1685,p843,74,18
1688,p844,12,76
1691,p845,49,81
1692,p846,29,58
1693,p847,63,90
1696,p848,62,70
1698,p849,17,100
1700,p850,18,24
1702,p851,56,83
1705,p852,10,94
1708,p853,22,7
1710,p854,22,84
1711,p855,3,73
1712,p856,32,53
1714,p857,21,5
1716,p858,99,8
1717,p859,78,66
1720,p860,47,7
1722,p861,33,55
1725,p862,56,61
1726,p863,9,81
1728,p864,83,18
1729,p865,46,5
1732,p866,47,1
1733,p867,78,57
1734,p868,80,35
1737,p869,47,98
1738,p870,81,11
1739,p871,31,66
1741,p872,77,96
1743,p873,20,44
1745,p874,85,82
1748,p875,19,10
1750,p876,18,75
1753,p877,98,76
1754,p878,38,98
1757,p879,39,94
1758,p880,60,76
1759,p881,25,82
1761,p882,25,43
1762,p883,18,67
1764,p884,28,45
1765,p885,82,97
1766,p886,53,75
1767,p887,59,30
1769,p888,37,79
1772,p889,35,16
1773,p890,17,95
1775,p891,50,61
1778,p892,70,7
1780,p893,98,82
1783,p894,86,45
1785,p895,47,82
1786,p896,8,90
1787,p897,90,60
1788,p898,52,9
1791,p899,73,69
1794,p900,100,52
1796,p901,41,53
1799,p902,32,70
1800,p903,77,82
1802,p904,92,79
1803,p905,76,45
1804,p906,10,59
1805,p907,14,84
1807,p908,59,52
1808,p909,13,55
1809,p910,30,24
1810,p911,71,67
1811,p912,38,90
1814,p913,53,48
1816,p914,40,26
1819,p915,16,85
1822,p916,87,78
1823,p917,2,69
1824,p918,73,5
1827,p919,50,34
1829,p920,19,33
1832,p921,33,90
1834,p922,58,29
1837,p923,33,79
1840,p924,82,9
1843,p925,84,65
1845,p926,34,53
1848,p927,41,89
1850,p928,63,33
1851,p929,69,28
1854,p930,70,25
1857,p931,21,72
1860,p932,19,35
1863,p933,77,19
1864,p934,82,72
1866,p935,44,38
1867,p936,19,44
1869,p937,94,97
1871,p938,72,16
1873,p939,80,25
1874,p940,93,31
1877,p941,97,53
1879,p942,10,50
1881,p943,80,57
1884,p944,32,97
1886,p945,13,6
1887,p946,35,7
1888,p947,76,19
1891,p948,55,77
1892,p949,29,67
1895,p950,59,6
1896,p951,51,99
1898,p952,29,57
1901,p953,96,48
1904,p954,67,95
1907,p955,67,43
1909,p956,6,98
1911,p957,79,50
1914,p958,19,69
1916,p959,74,46
1918,p960,70,13
1921,p961,18,3
1923,p962,46,17
1925,p963,63,4
1927,p964,11,83
1928,p965,22,37
1929,p966,85,61
1931,p967,17,8
1932,p968,48,82
1935,p969,2,12
1936,p970,34,14
1938,p971,84,61
1939,p972,78,90
1941,p973,67,16
1944,p974,91,60
1946,p975,75,48
1948,p976,53,31
1949,p977,90,21
1951,p978,12,19
1952,p979,48,5
1953,p980,41,9
1954,p981,26,31
1955,p982,56,95
1956,p983,21,12
1958,p984,57,3
1960,p985,56,94
1963,p986,57,48
1965,p987,7,38
1968,p988,33,73
1970,p989,34,90
1971,p990,95,96
1974,p991,55,75
1975,p992,41,86
1976,p993,48,77
1977,p994,60,78
1980,p995,67,29
1981,p996,45,1
1984,p997,75,13
1986,p998,41,57
1989,p999,18,51
1990,p1000,63,1
1991,p1001,8,24
1993,p1002,61,75
1994,p1003,57,92
1997,p1004,67,13
1998,p1005,54,12
2000,p1006,11,22
2002,p1007,67,99
2003,p1008,30,62
2004,p1009,39,25
2005,p1010,37,44
2007,p1011,11,53
2010,p1012,12,23
2011,p1013,78,42
2012,p1014,3,72
2015,p1015,82,24
2017,p1016,30,70
2018,p1017,13,35
2019,p1018,15,66
2022,p1019,83,66
2025,p1020,14,36
2026,p1021,31,84
2029,p1022,100,79
2031,p1023,58,68
2032,p1024,12,73
2033,p1025,53,50
2035,p1026,85,17
2036,p1027,92,23
2037,p1028,84,86
2040,p1029,75,18
2041,p1030,26,75
2044,p1031,9,93
2045,p1032,73,14
2046,p1033,60,12
2048,p1034,36,77
2050,p1035,33,78
2051,p1036,30,7
2054,p1037,3,88
2057,p1038,14,99
2059,p1039,66,3
2060,p1040,74,77
2063,p1041,35,65
2064,p1042,29,15
2066,p1043,60,95
2069,p1044,32,93
2070,p1045,24,43
2072,p1046,22,12
2075,p1047,98,10
2078,p1048,77,98
2080,p1049,80,1
2082,p1050,58,94
2083,p1051,33,71
2085,p1052,91,2
2087,p1053,42,55
2088,p1054,4,93
2089,p1055,55,97
2090,p1056,6,84
2092,p1057,45,31
2093,p1058,67,53
2094,p1059,25,64
2097,p1060,95,24
2098,p1061,98,24
2100,p1062,27,67
2102,p1063,26,73
2105,p1064,27,23
2107,p1065,90,50
2108,p1066,17,43
2110,p1067,41,60
2111,p1068,80,41
2113,p1069,49,69
2116,p1070,45,79
2119,p1071,95,22
2120,p1072,38,35
2123,p1073,28,48
2125,p1074,40,75
2127,p1075,80,6
2129,p1076,78,2
2131,p1077,92,72
2132,p1078,80,98
2133,p1079,96,76
2134,p1080,22,8
2136,p1081,95,33
2138,p1082,87,50
2139,p1083,57,69
2140,p1084,46,95
2142,p1085,11,46
2145,p1086,95,40
2148,p1087,15,93
2149,p1088,61,53
2151,p1089,31,69
2152,p1090,64,44
2153,p1091,16,7
2154,p1092,78,25
2156,p1093,9,20
2159,p1094,78,69
2161,p1095,78,84
2163,p1096,72,29
2165,p1097,71,80
2166,p1098,17,32
2168,p1099,57,21
2170,p1100,72,49
2173,p1101,28,37
2174,p1102,65,92
2177,p1103,88,84
2179,p1104,84,68
2181,p1105,21,24
2184,p1106,13,42
2187,p1107,87,15
2190,p1108,95,88
2191,p1109,87,94
2194,p1110,93,27
2196,p1111,98,89
2198,p1112,97,53
2199,p1113,92,88
2201,p1114,98,1
2203,p1115,63,2
2205,p1116,78,93
2208,p1117,31,19
2209,p1118,71,26
2211,p1119,58,59
2214,p1120,82,6
2216,p1121,40,65
2219,p1122,71,45
2220,p1123,95,52
2223,p1124,52,13
2226,p1125,26,4
2227,p1126,81,72
2229,p1127,97,3
2231,p1128,21,69
2234,p1129,1,86
2236,p1130,47,99
2238,p1131,84,53
2241,p1132,3,59
2242,p1133,17,53
2243,p1134,9,68
2244,p1135,100,43
2246,p1136,69,87
2249,p1137,70,84
2250,p1138,38,94
2251,p1139,83,27
2254,p1140,20,69
2257,p1141,37,78
2260,p1142,18,8
2262,p1143,36,14
2265,p1144,83,50
2266,p1145,50,88
2268,p1146,93,85
2271,p1147,7,22
2274,p1148,13,18
2275,p1149,13,66
2276,p1150,28,39
2277,p1151,96,49
2280,p1152,59,4
2283,p1153,33,52
2285,p1154,35,12
2288,p1155,5,59
2289,p1156,56,45
2291,p1157,7,42
2293,p1158,33,3
2296,p1159,45,19
2299,p1160,46,2
2300,p1161,33,18
2301,p1162,95,17
2302,p1163,95,48
2304,p1164,92,12
2306,p1165,50,83
2308,p1166,44,3
2309,p1167,6,29
2310,p1168,63,18
2313,p1169,77,73
2314,p1170,16,52
2317,p1171,45,16
2320,p1172,63,35
2322,p1173,25,53
2324,p1174,83,57
2326,p1175,88,9
2329,p1176,82,83
2332,p1177,55,10
2334,p1178,45,61
2335,p1179,24,7
2336,p1180,3,83
2338,p1181,52,30
2341,p1182,32,3
2343,p1183,33,30
2345,p1184,99,96
2347,p1185,65,6
2350,p1186,43,6
2353,p1187,26,61
2354,p1188,85,49
2356,p1189,12,60
2357,p1190,64,10
2358,p1191,54,47
2360,p1192,94,90
2363,p1193,37,48
2366,p1194,47,65
2369,p1195,66,84
2372,p1196,39,87
2374,p1197,38,59
2376,p1198,15,34
2378,p1199,33,16
2381,p1200,15,28
2382,p1201,12,99
2384,p1202,78,74
2386,p1203,26,14
2387,p1204,30,50
2388,p1205,83,28
2389,p1206,1,25
2392,p1207,56,2
2394,p1208,18,28
2397,p1209,40,38
2398,p1210,90,88
2401,p1211,64,85
2404,p1212,58,30
2405,p1213,62,9
2407,p1214,65,15
2410,p1215,50,4
2411,p1216,10,67
2413,p1217,12,92
2414,p1218,96,53
2417,p1219,58,13
2418,p1220,45,77
2421,p1221,69,98
2422,p1222,75,22
2424,p1223,95,35
2426,p1224,6,11
2429,p1225,3,26
2430,p1226,22,65
2431,p1227,11,68
2433,p1228,61,91
2436,p1229,92,68
2438,p1230,62,66
2441,p1231,54,86
2442,p1232,87,92
2443,p1233,43,34
2446,p1234,57,10
2448,p1235,7,88
2449,p1236,42,75
2452,p1237,37,74
2453,p1238,41,8
2454,p1239,85,38
2456,p1240,50,57
2457,p1241,54,19
2460,p1242,20,3
2463,p1243,93,53
2466,p1244,94,37
2467,p1245,8,39
2470,p1246,94,50
2472,p1247,50,4
2473,p1248,51,77
2475,p1249,24,86
2478,p1250,89,74
2480,p1251,82,27
2483,p1252,97,1
2485,p1253,74,46
2486,p1254,12,20
2488,p1255,27,93
2491,p1256,17,34
2492,p1257,95,28
2494,p1258,19,47
2496,p1259,24,41
2498,p1260,9,99
2499,p1261,39,49
2500,p1262,2,57
2502,p1263,14,98
2504,p1264,83,21
2507,p1265,58,72
2510,p1266,10,19
2511,p1267,87,43
2513,p1268,12,25
2515,p1269,10,49
2517,p1270,14,92
2518,p1271,45,80
2521,p1272,30,70
2524,p1273,19,48
2527,p1274,19,62
2530,p1275,47,80
2532,p1276,46,79
2534,p1277,41,71
2537,p1278,86,16
2538,p1279,96,10
2540,p1280,84,11
2543,p1281,100,89
2546,p1282,15,10
2549,p1283,49,17
2550,p1284,91,93
2552,p1285,48,53
2553,p1286,72,7
2554,p1287,91,95
2555,p1288,42,99
2557,p1289,41,75
2558,p1290,91,29
2560,p1291,22,31
2561,p1292,23,33
2564,p1293,81,3
2565,p1294,65,24
2567,p1295,20,4
2570,p1296,4,79
2573,p1297,22,30
2574,p1298,6,22
2577,p1299,83,1
2579,p1300,14,31
2582,p1301,28,82
2584,p1302,34,22
2586,p1303,37,59
2589,p1304,37,10
2591,p1305,22,15
2592,p1306,61,24
2595,p1307,11,22
2598,p1308,51,56
2600,p1309,81,76
2601,p1310,49,54
2602,p1311,84,52
2604,p1312,71,17
2606,p1313,51,26
2609,p1314,98,85
2612,p1315,57,25
2615,p1316,16,29
2616,p1317,15,55
2618,p1318,56,84
2621,p1319,65,71
2623,p1320,42,53
2625,p1321,96,94
2628,p1322,37,47
2630,p1323,86,60
2631,p1324,5,70
2632,p1325,54,24
2633,p1326,15,47
2636,p1327,41,37
2638,p1328,48,81
2640,p1329,75,12
2643,p1330,26,61
2644,p1331,65,98
2645,p1332,69,35
2648,p1333,99,33
2649,p1334,17,31
2650,p1335,14,47
2651,p1336,78,17
2653,p1337,64,42
2655,p1338,91,38
2658,p1339,91,22
2661,p1340,25,62
2663,p1341,31,22
2665,p1342,61,66
2667,p1343,33,50
2669,p1344,25,14
2671,p1345,42,81
2673,p1346,82,59
2675,p1347,15,8
2678,p1348,16,52
2681,p1349,53,17
2684,p1350,57,55
2687,p1351,73,25
2688,p1352,43,72
2691,p1353,31,52
2694,p1354,61,12
2695,p1355,27,61
2697,p1356,13,12
2700,p1357,17,99
2703,p1358,44,27
2704,p1359,100,17
2707,p1360,82,42
2708,p1361,65,70
2710,p1362,63,77
2711,p1363,4,82
2712,p1364,93,72
2713,p1365,4,66
2716,p1366,96,30
2719,p1367,22,31
2720,p1368,23,97
2723,p1369,38,54
2725,p1370,62,30
2727,p1371,89,76
2729,p1372,88,1
2730,p1373,67,3
2733,p1374,41,97
2735,p1375,76,72
2737,p1376,33,16
2740,p1377,24,56
2741,p1378,6,64
2744,p1379,94,69
2747,p1380,79,82
2749,p1381,70,57
2752,p1382,22,71
2755,p1383,26,41
2757,p1384,36,82
2758,p1385,74,26
2761,p1386,7,50
2764,p1387,33,38
2765,p1388,66,97
2767,p1389,71,16
2769,p1390,32,60
2771,p1391,80,18
2772,p1392,29,60
2774,p1393,2,52
2777,p1394,44,37
2779,p1395,48,93
2781,p1396,96,53
2783,p1397,30,21
2786,p1398,72,79
2789,p1399,84,13
2790,p1400,11,73
2792,p1401,49,68
2795,p1402,28,98
2797,p1403,32,49
2799,p1404,73,84
2800,p1405,17,30
2802,p1406,32,9
2805,p1407,67,42
2808,p1408,53,46
2810,p1409,35,32
2813,p1410,89,84
2816,p1411,32,84
2817,p1412,35,45
2819,p1413,19,61
2820,p1414,18,3
2822,p1415,93,5
2823,p1416,27,24
2824,p1417,1,96
2827,p1418,56,50
2829,p1419,90,25
2831,p1420,69,3
2833,p1421,24,31
2836,p1422,77,27
2837,p1423,19,50
2838,p1424,52,5
2841,p1425,67,64
2844,p1426,43,18
2847,p1427,63,27
2849,p1428,70,99
2850,p1429,33,32
2851,p1430,3,87
2854,p1431,54,70
2856,p1432,13,89
2859,p1433,3,32
2861,p1434,99,23
2862,p1435,81,61
2863,p1436,50,65
2866,p1437,1,66
2868,p1438,34,35
2869,p1439,77,37
2872,p1440,100,8
2874,p1441,53,39
2875,p1442,98,19
2878,p1443,57,44
2881,p1444,47,8
2882,p1445,14,40
2884,p1446,63,45
2885,p1447,3,65
2886,p1448,43,68
2889,p1449,29,65
2892,p1450,46,57
2894,p1451,74,42
2895,p1452,93,85
2897,p1453,55,33
2900,p1454,59,14
2903,p1455,29,89
2905,p1456,55,90
2906,p1457,97,6
2909,p1458,36,61
2912,p1459,92,21
2913,p1460,10,2
2915,p1461,60,17
2916,p1462,32,38
2917,p1463,91,84
2919,p1464,36,43
2922,p1465,54,13
2925,p1466,71,21
2928,p1467,10,25
2929,p1468,4,78
2932,p1469,67,86
2933,p1470,28,2
2935,p1471,48,10
2937,p1472,26,14
2938,p1473,74,92
2940,p1474,51,31
2941,p1475,34,14
2943,p1476,83,31
2944,p1477,77,48
2945,p1478,73,78
2947,p1479,88,28
2948,p1480,62,80
2949,p1481,68,92
2951,p1482,15,49
2954,p1483,20,5
2956,p1484,27,38
2959,p1485,19,56
2960,p1486,55,71
2963,p1487,89,54
2966,p1488,66,33
2968,p1489,94,44
2969,p1490,40,99
2971,p1491,38,33
2974,p1492,39,33
2975,p1493,80,8
2977,p1494,57,10
2980,p1495,4,39
2982,p1496,50,91
2983,p1497,62,79
2985,p1498,20,32
2986,p1499,20,85
2987,p1500,4,42
2988,p1501,12,17
2991,p1502,79,55
2992,p1503,15,84
2993,p1504,32,94
2996,p1505,90,13
2998,p1506,91,31
2999,p1507,62,8
3000,p1508,88,57
3002,p1509,97,30
3005,p1510,84,54
3008,p1511,41,33
3009,p1512,13,100
3011,p1513,92,71
3014,p1514,41,3
3017,p1515,33,57
3020,p1516,25,71
3023,p1517,21,66
3024,p1518,35,21
3025,p1519,42,80
3027,p1520,46,85
3028,p1521,24,49
3031,p1522,100,26
3034,p1523,89,45
3037,p1524,84,55
3038,p1525,40,45
3039,p1526,76,93
3041,p1527,35,25
3043,p1528,69,47
3044,p1529,78,33
3045,p1530,94,96
3048,p1531,29,6
3049,p1532,100,47
3050,p1533,5,70
3053,p1534,84,41
3054,p1535,80,2
3057,p1536,70,36
3059,p1537,78,94
3062,p1538,43,3
3063,p1539,71,91
3065,p1540,1,49
3066,p1541,80,90
3068,p1542,47,1
3071,p1543,86,61
3072,p1544,7,11
3073,p1545,89,66
3076,p1546,99,16
3077,p1547,12,91
3080,p1548,90,35
3081,p1549,42,6
3082,p1550,78,30
3085,p1551,53,5
3088,p1552,66,76
3089,p1553,51,49
3092,p1554,87,83
3094,p1555,61,94
3095,p1556,52,8
3097,p1557,23,82
3099,p1558,20,91
3100,p1559,9,84
3102,p1560,31,40
3103,p1561,82,45
3106,p1562,19,30
3108,p1563,58,63
3110,p1564,1,2
3111,p1565,44,18
3114,p1566,9,44
3117,p1567,20,55
3118,p1568,30,67
3119,p1569,11,29
3121,p1570,98,81
3124,p1571,51,40
3125,p1572,99,88
3127,p1573,64,61
3129,p1574,57,41
3131,p1575,100,78
3132,p1576,92,21
3135,p1577,84,76
3138,p1578,26,9
3139,p1579,99,68
3140,p1580,89,13
3143,p1581,92,49
3146,p1582,26,64
3149,p1583,100,75
3150,p1584,32,97
3153,p1585,60,92
3156,p1586,32,67
3158,p1587,72,1
3159,p1588,26,78
3162,p1589,69,89
3164,p1590,35,39
3167,p1591,85,78
3168,p1592,17,83
3171,p1593,54,40
3172,p1594,94,47
3174,p1595,35,69
3175,p1596,78,11
3177,p1597,73,23
3180,p1598,26,46
3183,p1599,75,11
3185,p1600,18,70
3187,p1601,28,78
3189,p1602,31,55
3190,p1603,3,61
3191,p1604,10,11
3192,p1605,47,55
3195,p1606,28,26
3196,p1607,99,66
3197,p1608,29,78
3200,p1609,94,16
3201,p1610,67,29
3204,p1611,72,100
3207,p1612,55,94
3210,p1613,92,32
3212,p1614,25,79
3214,p1615,69,3
3217,p1616,89,63
3218,p1617,76,2
3220,p1618,47,42
3222,p1619,22,58
3223,p1620,72,31
3224,p1621,12,92
3227,p1622,65,61
3229,p1623,58,31
3232,p1624,12,47
3233,p1625,43,41
3234,p1626,19,53
3236,p1627,60,58
3237,p1628,83,72
3240,p1629,86,16
3241,p1630,75,89
3242,p1631,19,52
3243,p1632,94,60
3246,p1633,15,53
3248,p1634,76,2
3250,p1635,48,49
3253,p1636,53,91
3255,p1637,92,82
3258,p1638,65,22
3260,p1639,33,90
3263,p1640,74,43
3265,p1641,5,47
3266,p1642,43,72
3267,p1643,73,3
3269,p1644,29,73
3272,p1645,43,97
3274,p1646,14,3
3275,p1647,79,36
3276,p1648,26,76
3277,p1649,53,70
3278,p1650,81,31
3281,p1651,64,80
3284,p1652,80,49
3286,p1653,95,15
3289,p1654,20,24
3292,p1655,34,52
3294,p1656,66,34
3297,p1657,19,95
3299,p1658,50,83
3301,p1659,95,32
3302,p1660,94,30
3304,p1661,17,80
3305,p1662,43,47
3306,p1663,53,54
3307,p1664,97,80
3308,p1665,61,31
3310,p1666,43,28
3311,p1667,61,96
3314,p1668,42,53
3316,p1669,82,26
3318,p1670,41,64
3320,p1671,75,14
3321,p1672,31,9
3324,p1673,97,2
3327,p1674,90,1
3330,p1675,20,49
3332,p1676,73,66
3333,p1677,27,17
3336,p1678,2,65
3337,p1679,25,31
3339,p1680,77,55
3341,p1681,64,30
3342,p1682,97,73
3343,p1683,38,44
3345,p1684,35,24
3347,p1685,2,93
3350,p1686,92,12
3352,p1687,2,98
3355,p1688,3,80
3357,p1689,90,45
3358,p1690,61,7
3359,p1691,6,35
3362,p1692,4,27
3364,p1693,72,91
3366,p1694,89,98
3367,p1695,66,94
3369,p1696,72,13
3371,p1697,15,56
3374,p1698,47,87
3377,p1699,81,6
3380,p1700,15,12
3381,p1701,53,100
3384,p1702,73,99
3385,p1703,98,56
3387,p1704,65,87
3390,p1705,24,91
3392,p1706,75,74
3394,p1707,49,95
3396,p1708,72,51
3399,p1709,58,50
3401,p1710,75,51
3403,p1711,62,97
3404,p1712,10,81
3405,p1713,83,5
3408,p1714,19,95
3410,p1715,99,22
3412,p1716,76,48
3413,p1717,30,84
3416,p1718,20,67
3417,p1719,61,71
3420,p1720,14,70
3422,p1721,47,68
3425,p1722,27,10
3427,p1723,14,48
3430,p1724,55,47
3432,p1725,53,45
3433,p1726,10,40
3436,p1727,76,66
3437,p1728,5,63
3438,p1729,8,13
3441,p1730,28,50
3443,p1731,87,57
3444,p1732,18,55
3445,p1733,24,65
3448,p1734,67,19
3449,p1735,72,32
3450,p1736,42,61
3453,p1737,14,56
3455,p1738,21,83
3458,p1739,79,52
3460,p1740,76,39
3463,p1741,11,15
3466,p1742,97,56
3469,p1743,92,35
3470,p1744,34,12
3473,p1745,3,64
3474,p1746,8,83
3476,p1747,75,57
3477,p1748,13,44
3478,p1749,29,4
3481,p1750,13,32
3484,p1751,19,27
3486,p1752,11,66
3487,p1753,7,97
3488,p1754,20,33
3489,p1755,5,77
3491,p1756,41,3
3493,p1757,11,83
3496,p1758,6,39
3497,p1759,74,62
3500,p1760,100,33
3503,p1761,80,86
3505,p1762,45,14
3508,p1763,65,30
3509,p1764,30,60
3511,p1765,47,61
3512,p1766,65,2
3515,p1767,55,47
3516,p1768,65,63
3518,p1769,34,59
3520,p1770,49,73
3523,p1771,9,68
3525,p1772,40,38
3526,p1773,52,66
3527,p1774,55,88
3529,p1775,34,79
3532,p1776,73,60
3534,p1777,92,71
3536,p1778,29,23
3539,p1779,42,7
3540,p1780,45,74
3541,p1781,4,74
3544,p1782,27,50
3547,p1783,100,68
3549,p1784,84,40
3551,p1785,26,41
3553,p1786,95,80
3554,p1787,18,62
3557,p1788,26,85
3560,p1789,97,91
3563,p1790,85,63
3565,p1791,26,76
3568,p1792,37,22
3571,p1793,84,63
3573,p1794,97,54
3574,p1795,33,12
3576,p1796,78,95
3579,p1797,14,61
3580,p1798,29,79
3583,p1799,98,38
3585,p1800,3,62
3588,p1801,79,25
3591,p1802,49,61
3594,p1803,65,43
3595,p1804,55,74
3596,p1805,82,75
3598,p1806,83,48
3599,p1807,27,73
3602,p1808,37,2
3604,p1809,13,99
3607,p1810,52,13
3609,p1811,57,5
3611,p1812,47,85
3612,p1813,80,84
3614,p1814,88,65
3616,p1815,13,40
3619,p1816,84,70
3620,p1817,90,20
3621,p1818,44,68
3624,p1819,14,8
3625,p1820,82,2
3628,p1821,76,58
3629,p1822,15,64
3632,p1823,18,21
3635,p1824,18,62
3636,p1825,31,59
3637,p1826,82,66
3638,p1827,89,29
3640,p1828,83,94
3643,p1829,24,89
3646,p1830,62,37
3648,p1831,91,64
3650,p1832,63,52
3652,p1833,90,20
3654,p1834,55,30
3655,p1835,39,86
3656,p1836,75,26
3657,p1837,8,83
3658,p1838,4,30
3661,p1839,87,52
3663,p1840,89,84
3666,p1841,3,8
3667,p1842,7,60
3670,p1843,72,46
3672,p1844,77,33
3674,p1845,17,9
3677,p1846,79,69
3678,p1847,80,59
3680,p1848,95,71
3682,p1849,72,26
3683,p1850,65,100
3686,p1851,4,40
3688,p1852,23,60
3689,p1853,81,45
3692,p1854,15,43
3693,p1855,78,91
3695,p1856,36,51
3696,p1857,99,48
3699,p1858,66,77
3700,p1859,58,27
3701,p1860,80,65
3703,p1861,61,14
3704,p1862,20,38
3707,p1863,90,49
3708,p1864,92,96
3710,p1865,27,75
3713,p1866,83,50
3716,p1867,92,53
3717,p1868,19,76
3719,p1869,54,92
3720,p1870,15,60
3723,p1871,53,91
3724,p1872,44,93
3726,p1873,3,68
3729,p1874,85,16
3730,p1875,8,93
3732,p1876,48,31
3733,p1877,72,99
3734,p1878,86,37
3737,p1879,13,22
3738,p1880,69,94
3741,p1881,57,14
3743,p1882,7,34
3744,p1883,26,94
3746,p1884,70,17
3749,p1885,47,70
3750,p1886,69,90
3751,p1887,71,56
3753,p1888,73,75
3755,p1889,92,48
3756,p1890,93,36
3758,p1891,1,91
3759,p1892,75,85
3761,p1893,54,22
3764,p1894,22,34
3766,p1895,6,17
3768,p1896,74,18
3771,p1897,27,24
3773,p1898,69,46
3776,p1899,78,94
3777,p1900,63,50
3778,p1901,38,95
3781,p1902,20,2
3784,p1903,24,72
3787,p1904,52,20
3789,p1905,60,69
3790,p1906,40,6
3791,p1907,94,83
3792,p1908,11,88
3794,p1909,56,37
3797,p1910,49,73
3799,p1911,98,65
3800,p1912,26,6
3802,p1913,24,28
3803,p1914,81,72
3804,p1915,77,31
3805,p1916,91,50
3806,p1917,59,55
3809,p1918,56,79
3810,p1919,1,31
3811,p1920,8,69
3812,p1921,50,98
3814,p1922,99,20
3816,p1923,90,48
3819,p1924,1,27
3822,p1925,25,21
3825,p1926,17,53
3827,p1927,16,14
3829,p1928,54,22
3831,p1929,26,83
3834,p1930,6,82
3835,p1931,35,8
3838,p1932,14,92
3841,p1933,73,11
3844,p1934,89,51
3845,p1935,8,37
3848,p1936,2,26
3850,p1937,59,48
3851,p1938,68,55
3852,p1939,60,84
3854,p1940,61,57
3855,p1941,1,90
3858,p1942,64,18
3860,p1943,81,10
3862,p1944,76,96
3865,p1945,79,3
3867,p1946,25,20
3869,p1947,37,49
3870,p1948,35,51
3871,p1949,32,41
3872,p1950,27,33
3874,p1951,71,92
3875,p1952,52,5
3877,p1953,22,81
3878,p1954,29,25
3880,p1955,33,38
3882,p1956,55,50
3885,p1957,25,9
3887,p1958,54,84
3888,p1959,48,28
3889,p1960,93,32
3890,p1961,30,94
3893,p1962,66,43
3896,p1963,9,76
3898,p1964,37,25
3901,p1965,2,99
3903,p1966,78,67
3904,p1967,44,72
3907,p1968,19,66
3910,p1969,71,25
3911,p1970,60,52
3912,p1971,78,84
3914,p1972,41,50
3915,p1973,71,42
3918,p1974,99,50
3919,p1975,58,19
3920,p1976,99,74
3921,p1977,55,12
3924,p1978,99,76
3925,p1979,56,19
3928,p1980,100,6
3930,p1981,75,28
3933,p1982,25,48
3935,p1983,63,43
3938,p1984,14,75
3939,p1985,83,16
3941,p1986,38,44
3944,p1987,1,72
3945,p1988,46,1
3946,p1989,68,47
3949,p1990,45,14
3950,p1991,81,53
3953,p1992,69,83
3954,p1993,5,54
3955,p1994,78,45
3958,p1995,6,41
3960,p1996,73,98
3963,p1997,82,24
3966,p1998,24,93
3969,p1999,54,40
3971,p2000,40,85
3972,p2001,57,69
3974,p2002,54,6
3976,p2003,19,86
3979,p2004,91,53
3981,p2005,83,78
3983,p2006,26,98
3984,p2007,90,63
3987,p2008,23,92
3990,p2009,55,40
3991,p2010,61,66
3993,p2011,6,12
3995,p2012,48,51
3996,p2013,45,97
3998,p2014,18,93
3999,p2015,56,48
4002,p2016,51,75
4003,p2017,74,46
4006,p2018,77,34
4009,p2019,47,80
4010,p2020,80,15
4012,p2021,18,36
4014,p2022,31,100
4015,p2023,71,20
4018,p2024,65,36
4020,p2025,87,24
4023,p2026,94,93
4024,p2027,75,74
4026,p2028,8,19
4028,p2029,86,24
4029,p2030,67,60
4032,p2031,86,20
4033,p2032,51,47
4034,p2033,84,56
4035,p2034,59,11
4038,p2035,37,2
4040,p2036,50,99
4042,p2037,50,90
4044,p2038,83,92
4045,p2039,54,60
4046,p2040,36,50
4048,p2041,55,8
4051,p2042,69,10
4053,p2043,2,64
4054,p2044,79,74
4056,p2045,84,77
4058,p2046,6,21
4060,p2047,5,3
4062,p2048,89,10
4063,p2049,83,95
4065,p2050,58,31
4066,p2051,21,95
4068,p2052,3,59
4069,p2053,73,84
4071,p2054,50,43
4073,p2055,56,84
4075,p2056,39,45
4076,p2057,7,92
4079,p2058,97,56
4081,p2059,8,12
4082,p2060,60,49
4084,p2061,24,94
4087,p2062,27,19
4089,p2063,100,2
4091,p2064,47,26
4093,p2065,40,53
4095,p2066,86,12
4098,p2067,38,26
4101,p2068,84,37
4103,p2069,78,46
4105,p2070,45,32
4106,p2071,24,74
4108,p2072,2,88
4111,p2073,82,98
4113,p2074,60,10
4115,p2075,96,1
4117,p2076,46,56
4120,p2077,81,82
4121,p2078,20,55
4123,p2079,64,6
4124,p2080,40,22
4126,p2081,55,68
4129,p2082,76,42
4132,p2083,12,99
4135,p2084,11,38
4136,p2085,20,64
4139,p2086,34,8
4142,p2087,51,73
4144,p2088,62,36
4145,p2089,40,50
4148,p2090,23,77
4151,p2091,24,17
4154,p2092,82,11
4155,p2093,37,26
4156,p2094,30,27
4158,p2095,99,52
4159,p2096,83,79
4160,p2097,47,81
4163,p2098,10,91
4164,p2099,29,77
4166,p2100,17,68
4167,p2101,12,61
4168,p2102,3,24
4171,p2103,48,34
4172,p2104,94,73
4174,p2105,61,53
4175,p2106,76,68
4177,p2107,81,96
4178,p2108,26,82
4181,p2109,79,36
4183,p2110,100,99
4184,p2111,15,1
4186,p2112,36,34
4188,p2113,77,94
4190,p2114,72,20
4193,p2115,40,42
4195,p2116,75,27
4198,p2117,60,48
4199,p2118,33,50
4202,p2119,27,49
4203,p2120,56,92
4206,p2121,43,46
4208,p2122,64,97
4211,p2123,94,9
4213,p2124,99,56
4216,p2125,62,80
4218,p2126,22,56
4220,p2127,61,97
4221,p2128,58,15
4222,p2129,11,80
4224,p2130,76,93
4225,p2131,43,84
4227,p2132,97,14
4229,p2133,27,65
4231,p2134,96,50
4234,p2135,42,10
4236,p2136,52,87
4239,p2137,87,40
4241,p2138,59,43
4242,p2139,51,36
4244,p2140,37,26
4245,p2141,86,38
4248,p2142,46,12
4249,p2143,38,10
4250,p2144,87,94
4253,p2145,12,34
4256,p2146,13,56
4259,p2147,4,58
4260,p2148,73,92
4262,p2149,97,6
4264,p2150,61,75
4267,p2151,48,75
4268,p2152,12,61
4271,p2153,14,33
4272,p2154,9,17
4274,p2155,64,27
4275,p2156,61,60
4277,p2157,86,89
4279,p2158,76,66
4281,p2159,48,42
4283,p2160,18,54
4285,p2161,14,82
4288,p2162,4,12
4290,p2163,70,9
4293,p2164,34,71
4294,p2165,100,37
4296,p2166,94,14
4298,p2167,56,23
4299,p2168,92,86
4301,p2169,49,14
4304,p2170,94,5
4307,p2171,96,87
4308,p2172,99,100
4311,p2173,1,16
4314,p2174,80,76
4317,p2175,50,52
4320,p2176,87,82
4321,p2177,84,23
4323,p2178,16,34
4324,p2179,74,80
4327,p2180,8,15
4330,p2181,47,20
4332,p2182,4,12
4335,p2183,1,11
4338,p2184,44,27
4340,p2185,84,36
4342,p2186,55,67
4343,p2187,54,81
4345,p2188,29,85
4346,p2189,22,5
4349,p2190,29,21
4351,p2191,61,33
4352,p2192,37,91
4355,p2193,31,69
4358,p2194,29,99
4361,p2195,12,25
4364,p2196,10,42
4367,p2197,17,37
4370,p2198,58,42
4371,p2199,38,13
4374,p2200,27,35
4375,p2201,32,45
4376,p2202,66,68
4377,p2203,14,16
4378,p2204,29,96
4381,p2205,17,96
4383,p2206,94,80
4385,p2207,36,80
4388,p2208,93,76
4389,p2209,38,75
4392,p2210,29,86
4393,p2211,71,56
4396,p2212,22,25
4398,p2213,92,60
4399,p2214,30,34
4402,p2215,16,59
4403,p2216,72,30
4405,p2217,52,93
4408,p2218,92,1
4411,p2219,17,93
4412,p2220,84,1
4415,p2221,23,18
4417,p2222,85,34
4420,p2223,4,89
4421,p2224,62,16
4424,p2225,28,96
4425,p2226,62,78
4428,p2227,32,19
4431,p2228,29,47
4434,p2229,14,81
4435,p2230,82,99
4438,p2231,25,99
4440,p2232,64,71
4442,p2233,72,73
4443,p2234,38,49
4446,p2235,16,43
4449,p2236,84,35
4450,p2237,61,29
4453,p2238,73,7
4454,p2239,50,13
4455,p2240,99,66
4457,p2241,75,31
4460,p2242,66,94
4461,p2243,20,93
4464,p2244,96,12
4467,p2245,61,12
4470,p2246,12,65
4471,p2247,69,74
4472,p2248,17,49
4473,p2249,63,65
4476,p2250,42,32
4477,p2251,59,2
4479,p2252,54,4
4481,p2253,63,43
4482,p2254,83,52
4483,p2255,21,59
4484,p2256,34,6
4487,p2257,18,44
4488,p2258,86,6
4491,p2259,94,25
4492,p2260,85,30
4494,p2261,100,49
4495,p2262,97,23
4496,p2263,26,74
4497,p2264,43,5
4498,p2265,33,61
4501,p2266,98,3
4504,p2267,87,86
4506,p2268,77,69
4509,p2269,90,3
4512,p2270,68,46
4514,p2271,41,5
4515,p2272,25,94
4517,p2273,98,18
4520,p2274,35,2
4523,p2275,7,55
4524,p2276,32,96
4526,p2277,65,22
4527,p2278,71,53
4530,p2279,66,99
4533,p2280,36,7
4534,p2281,39,69
4535,p2282,68,62
4536,p2283,14,30
4537,p2284,71,29
4538,p2285,41,11
4539,p2286,52,18
4542,p2287,11,23
4545,p2288,1,98
4547,p2289,84,28
4549,p2290,89,90
4550,p2291,36,15
4551,p2292,54,67
4554,p2293,73,99
4557,p2294,29,96
4560,p2295,40,17
4562,p2296,19,69
4565,p2297,64,82
4567,p2298,25,49
4568,p2299,39,16
4571,p2300,44,73
4574,p2301,89,56
4576,p2302,92,47
4578,p2303,36,27
4580,p2304,91,37
4582,p2305,74,65
4585,p2306,77,26
4588,p2307,20,28
4589,p2308,92,78
4592,p2309,63,70
4593,p2310,24,65
4595,p2311,18,20
4598,p2312,28,19
4601,p2313,5,97
4603,p2314,26,47
4604,p2315,47,64
4606,p2316,86,65
4607,p2317,76,81
4610,p2318,95,13
4613,p2319,16,82
4614,p2320,76,68
4616,p2321,95,80
4617,p2322,39,44
4619,p2323,3,16
4620,p2324,11,71
4621,p2325,35,78
4623,p2326,82,33
4624,p2327,51,84
4627,p2328,5,84
4629,p2329,80,27
4630,p2330,32,48
4633,p2331,46,86
4635,p2332,24,55
4638,p2333,99,88
4640,p2334,61,96
4643,p2335,70,100
4644,p2336,34,20
4647,p2337,28,91
4648,p2338,7,48
4649,p2339,10,63
4652,p2340,68,9
4655,p2341,8,55
4657,p2342,60,57
4659,p2343,75,9
4662,p2344,45,31
4663,p2345,93,19
4665,p2346,81,19
4667,p2347,97,44
4668,p2348,82,88
4671,p2349,12,14
4672,p2350,66,79
4673,p2351,24,23
4674,p2352,60,34
4677,p2353,62,66
4679,p2354,90,70
4680,p2355,5,83
4681,p2356,73,12
4683,p2357,16,63
4685,p2358,54,6
4688,p2359,84,62
4691,p2360,7,43
4693,p2361,27,23
4694,p2362,3,18
4697,p2363,37,62
4698,p2364,55,96
4700,p2365,4,33
4701,p2366,64,47
4704,p2367,48,49
4706,p2368,7,51
4707,p2369,54,60
4708,p2370,31,91
4711,p2371,81,33
4714,p2372,81,46
4716,p2373,16,22
4719,p2374,73,32
4720,p2375,28,8
4721,p2376,12,66
4723,p2377,78,17
4725,p2378,59,23
4726,p2379,32,20
4729,p2380,67,10
4732,p2381,40,67
4733,p2382,89,66
4735,p2383,18,27
4736,p2384,96,84
4739,p2385,93,44
4742,p2386,68,16
4745,p2387,22,94
4748,p2388,15,7
4749,p2389,35,98
4752,p2390,90,2
4754,p2391,2,65
4757,p2392,6,95
4759,p2393,35,89
4762,p2394,39,3
4765,p2395,45,25
4768,p2396,95,91
4771,p2397,52,14
4773,p2398,69,10
4776,p2399,45,51
4778,p2400,31,51
4779,p2401,30,27
4780,p2402,65,42
4783,p2403,76,12
4786,p2404,16,36
4787,p2405,95,54
4788,p2406,51,48
4791,p2407,54,43
4793,p2408,21,94
4795,p2409,30,90
4796,p2410,38,52
4797,p2411,78,90
4800,p2412,17,97
4802,p2413,13,39
4805,p2414,82,10
4806,p2415,96,55
4808,p2416,13,26
4810,p2417,98,97
4812,p2418,86,80
4813,p2419,81,44
4814,p2420,100,78
4816,p2421,4,36
4819,p2422,100,21
4821,p2423,69,7
4823,p2424,96,26
4825,p2425,90,60
4828,p2426,90,39
4830,p2427,74,75
4831,p2428,11,30
4834,p2429,67,100
4835,p2430,52,22
4837,p2431,20,45
4839,p2432,51,41
4842,p2433,3,60
4844,p2434,80,58
4847,p2435,16,82
4850,p2436,79,88
4853,p2437,75,22
4855,p2438,8,87
4856,p2439,65,68
4858,p2440,16,26
4859,p2441,70,76
4862,p2442,57,45
4865,p2443,90,29
4866,p2444,73,81
4869,p2445,94,62
4872,p2446,40,6
4873,p2447,99,31
4875,p2448,15,66
4878,p2449,64,93
4880,p2450,30,62
4882,p2451,81,42
4884,p2452,78,73
4887,p2453,96,85
4889,p2454,56,66
4892,p2455,81,25
4893,p2456,7,88
4895,p2457,92,78
4897,p2458,32,98
4898,p2459,88,2
4900,p2460,63,66
4903,p2461,7,37
4905,p2462,17,60
4907,p2463,24,47
4910,p2464,55,12
4911,p2465,18,73
4913,p2466,28,9
4914,p2467,48,12
4916,p2468,76,4
4917,p2469,70,76
4920,p2470,31,93
4921,p2471,16,52
4923,p2472,93,55
4924,p2473,24,93
4926,p2474,68,15
4927,p2475,51,61
4930,p2476,88,94
4931,p2477,99,24
4934,p2478,59,16
4936,p2479,62,49
4937,p2480,3,36
4938,p2481,25,91
4939,p2482,57,100
4940,p2483,100,95
4941,p2484,72,95
4942,p2485,62,30
4944,p2486,31,43
4946,p2487,37,61
4947,p2488,18,15
4949,p2489,20,4
4951,p2490,3,10
4954,p2491,1,39
4957,p2492,64,28
4959,p2493,99,93
4960,p2494,55,62
4963,p2495,81,57
4965,p2496,18,14
4968,p2497,31,58
4970,p2498,47,61
4973,p2499,38,64
4976,p2500,19,36
4979,p2501,52,48
4980,p2502,48,14
4982,p2503,11,25
4985,p2504,70,56
4987,p2505,12,24
4988,p2506,14,3
4989,p2507,2,18
4992,p2508,44,95
4995,p2509,86,71
4996,p2510,10,86
4997,p2511,88,2
5000,p2512,6,100
5003,p2513,42,87
5006,p2514,70,46
5007,p2515,84,87
5010,p2516,66,21
5012,p2517,49,38
5013,p2518,63,89
5014,p2519,31,42
5016,p2520,80,29
5019,p2521,21,87
5022,p2522,2,26
5025,p2523,16,69
5028,p2524,15,74
5030,p2525,47,6
5032,p2526,37,97
5035,p2527,30,26
5038,p2528,32,6
5041,p2529,48,24
5044,p2530,48,16
5046,p2531,25,60
5047,p2532,83,53
5049,p2533,86,41
5051,p2534,56,89
5054,p2535,62,1
5055,p2536,53,52
5057,p2537,91,21
5059,p2538,84,50
5060,p2539,60,39
5063,p2540,3,88
5065,p2541,68,74
5066,p2542,42,87
5068,p2543,43,78
5071,p2544,34,61
5074,p2545,69,84
5076,p2546,46,70
5077,p2547,23,9
5080,p2548,16,80
5082,p2549,38,15
5083,p2550,12,85
5084,p2551,71,8
5086,p2552,29,96
5088,p2553,6,83
5090,p2554,5,74
5093,p2555,54,43
5095,p2556,66,87
5098,p2557,61,89
5100,p2558,73,52
5102,p2559,70,60
5103,p2560,13,97
5106,p2561,64,20
5107,p2562,39,79
5109,p2563,40,60
5111,p2564,58,4
5112,p2565,3,59
5115,p2566,17,94
5117,p2567,37,76
5119,p2568,90,26
5121,p2569,48,58
5122,p2570,39,13
5125,p2571,49,15
5127,p2572,83,94
5128,p2573,61,64
5131,p2574,13,71
5134,p2575,87,37
5135,p2576,58,89
5138,p2577,2,43
5141,p2578,43,41
5144,p2579,89,30
5145,p2580,82,6
5146,p2581,70,68
5149,p2582,74,18
5151,p2583,100,62
5154,p2584,63,35
5156,p2585,7,16
5158,p2586,26,40
5160,p2587,74,45
5163,p2588,48,91
5164,p2589,95,21
5166,p2590,81,52
5167,p2591,37,26
5170,p2592,30,44
5171,p2593,17,31
5173,p2594,15,35
5176,p2595,33,70
5179,p2596,7,62
5181,p2597,68,92
5184,p2598,9,96
5186,p2599,28,9
5187,p2600,98,50
5189,p2601,68,65
5190,p2602,78,81
5192,p2603,73,51
5193,p2604,79,82
5194,p2605,34,31
5195,p2606,65,6
5198,p2607,26,54
5201,p2608,28,95
5204,p2609,85,74
5205,p2610,76,16
5207,p2611,33,72
5209,p2612,80,81
5210,p2613,36,24
5212,p2614,85,21
5214,p2615,91,82
5217,p2616,19,98
5220,p2617,12,45
5223,p2618,7,56
5225,p2619,19,62
5227,p2620,93,23
5230,p2621,71,33
5231,p2622,22,44
5232,p2623,25,48
5234,p2624,72,88
5237,p2625,52,80
5239,p2626,41,10
5242,p2627,12,8
5243,p2628,82,81
5244,p2629,93,8
5245,p2630,4,75
5247,p2631,73,55
5250,p2632,27,32
5253,p2633,93,97
5255,p2634,71,79
5258,p2635,66,24
5260,p2636,84,7
5263,p2637,33,34
5265,p2638,4,13
5267,p2639,41,92
5270,p2640,46,15
5273,p2641,89,4
5274,p2642,9,71
5275,p2643,43,27
5278,p2644,85,27
5281,p2645,52,31
5282,p2646,37,98
5285,p2647,18,25
5288,p2648,4,67
5291,p2649,7,91
5294,p2650,19,38
5296,p2651,26,33
5299,p2652,24,26
5301,p2653,29,75
5302,p2654,10,15
5303,p2655,78,41
5305,p2656,67,42
5307,p2657,10,39
5310,p2658,33,47
5311,p2659,47,10
5314,p2660,45,55
5315,p2661,71,86
5316,p2662,46,52
5318,p2663,83,6
5321,p2664,75,50
5322,p2665,44,56
5325,p2666,92,83
5327,p2667,45,77
5328,p2668,34,56
5331,p2669,71,62
5332,p2670,53,27
5334,p2671,60,3
5337,p2672,95,32
5338,p2673,67,62
5341,p2674,29,59
5344,p2675,88,48
5347,p2676,49,63
5348,p2677,1,67
5349,p2678,24,49
5351,p2679,43,94
5354,p2680,38,47
5357,p2681,7,10
5360,p2682,21,26
5362,p2683,17,30
5364,p2684,23,84
5366,p2685,55,45
5367,p2686,3,93
5369,p2687,99,1
5370,p2688,10,8
5372,p2689,78,47
5375,p2690,27,61
5378,p2691,20,51
5381,p2692,2,40
5383,p2693,80,2
5385,p2694,45,38
5387,p2695,90,15
5388,p2696,67,44
5390,p2697,16,68
5391,p2698,94,10
5392,p2699,2,43
5395,p2700,49,25
5396,p2701,86,94
5398,p2702,56,74
5401,p2703,43,80
5404,p2704,91,89
5407,p2705,95,77
5410,p2706,70,66
5412,p2707,95,75
5415,p2708,95,24
5416,p2709,92,57
5417,p2710,25,13
5419,p2711,52,25
5422,p2712,84,57
5425,p2713,10,25
5427,p2714,67,78
5430,p2715,30,24
5432,p2716,69,29
5435,p2717,16,60
5436,p2718,5,98
5437,p2719,84,15
5440,p2720,7,25
5442,p2721,36,85
5444,p2722,39,54
5445,p2723,24,94
5446,p2724,12,87
5449,p2725,99,75
5451,p2726,17,49
5453,p2727,15,45
5454,p2728,74,26
5455,p2729,45,8
5457,p2730,6,85
5458,p2731,57,20
5460,p2732,77,84
5462,p2733,94,95
5464,p2734,83,38
5467,p2735,96,74
5468,p2736,25,99
5471,p2737,84,25
5474,p2738,73,93
5477,p2739,73,100
5479,p2740,6,65
5482,p2741,100,30
5485,p2742,61,96
5486,p2743,67,24
5489,p2744,86,79
5490,p2745,78,100
5491,p2746,57,18
5493,p2747,34,14
5495,p2748,45,77
5497,p2749,86,61
5500,p2750,100,25
5503,p2751,12,88
5505,p2752,63,10
5507,p2753,16,83
5510,p2754,68,19
5511,p2755,36,7
5513,p2756,28,64
5515,p2757,43,62
5516,p2758,99,76
5517,p2759,93,15
5519,p2760,9,69
5522,p2761,66,20
5524,p2762,46,86
5527,p2763,26,5
5528,p2764,6,93
5529,p2765,97,32
5530,p2766,94,56
5532,p2767,70,91
5534,p2768,74,46
5537,p2769,51,45
5540,p2770,35,89
5543,p2771,70,9
5546,p2772,83,2
5549,p2773,61,68
5551,p2774,84,92
5554,p2775,85,70
5555,p2776,17,40
5556,p2777,93,70
5557,p2778,31,98
5558,p2779,94,88
5559,p2780,86,18
5560,p2781,12,36
5563,p2782,29,87
5565,p2783,61,41
5567,p2784,17,2
5570,p2785,24,26
5572,p2786,51,73
5575,p2787,83,79
5576,p2788,90,10
5578,p2789,47,24
5581,p2790,97,66
5583,p2791,93,40
5586,p2792,72,81
5587,p2793,58,57
5588,p2794,68,62
5591,p2795,53,18
5592,p2796,70,47
5593,p2797,59,51
5595,p2798,18,92
5596,p2799,87,38
5597,p2800,13,7
5600,p2801,37,3
5602,p2802,41,70
5605,p2803,2,20
5607,p2804,9,47
5609,p2805,50,47
5612,p2806,99,50
5614,p2807,8,55
5615,p2808,89,84
5617,p2809,60,89
5619,p2810,30,55
5620,p2811,39,3
5623,p2812,61,64
5625,p2813,54,23
5628,p2814,25,76
5630,p2815,80,45
5633,p2816,16,29
5635,p2817,24,52
5637,p2818,14,77
5640,p2819,51,67
5641,p2820,25,56
5642,p2821,100,10
5643,p2822,3,53
5644,p2823,92,69
5647,p2824,70,47
5649,p2825,86,4
5652,p2826,39,16
5654,p2827,10,79
5656,p2828,55,86
5659,p2829,76,80
5661,p2830,93,22
5662,p2831,100,48
5664,p2832,40,35
5667,p2833,100,39
5669,p2834,56,75
5670,p2835,46,65
5672,p2836,8,23
5673,p2837,94,82
5674,p2838,66,85
5675,p2839,18,24
5676,p2840,43,45
5678,p2841,98,21
5679,p2842,55,12
5682,p2843,73,100
5683,p2844,92,63
5684,p2845,31,61
5686,p2846,74,20
5688,p2847,27,100
5689,p2848,53,51
5690,p2849,70,2
5691,p2850,55,18
5692,p2851,84,42
5695,p2852,4,87
5697,p2853,84,89
5699,p2854,72,22
5701,p2855,20,64
5704,p2856,62,13
5707,p2857,3,58
5710,p2858,10,58
5713,p2859,79,100
5715,p2860,99,56
5717,p2861,23,32
5720,p2862,8,80
5723,p2863,28,89
5724,p2864,26,5
5725,p2865,25,17
5728,p2866,45,84
5731,p2867,12,97
5733,p2868,18,64
5735,p2869,66,75
5737,p2870,33,1
5739,p2871,48,28
5742,p2872,13,60
5743,p2873,76,22
5744,p2874,97,98
5745,p2875,72,63
5747,p2876,24,96
5748,p2877,50,67
5750,p2878,12,34
5753,p2879,50,82
5755,p2880,13,27
5757,p2881,65,55
5759,p2882,78,91
5760,p2883,80,8
5763,p2884,24,21
5766,p2885,13,20
5769,p2886,91,26
5772,p2887,47,14
5773,p2888,60,41
5774,p2889,28,33
5775,p2890,58,57
5776,p2891,4,24
5778,p2892,63,65
5781,p2893,71,12
5783,p2894,90,39
5784,p2895,7,41
5785,p2896,12,85
5788,p2897,68,21
5790,p2898,47,65
5791,p2899,14,95
5792,p2900,55,89
5795,p2901,98,11
5797,p2902,23,31
5798,p2903,98,10
5800,p2904,87,74
5802,p2905,52,94
5803,p2906,63,98
5804,p2907,57,17
5807,p2908,1,7
5808,p2909,74,79
5810,p2910,39,41
5811,p2911,9,56
5814,p2912,42,74
5815,p2913,93,49
5818,p2914,95,70
5819,p2915,33,48
5822,p2916,77,63
5823,p2917,78,45
5826,p2918,34,3
5829,p2919,1,71
5832,p2920,72,42
5833,p2921,86,92
5834,p2922,83,6
5836,p2923,99,87
5839,p2924,70,66
5842,p2925,19,82
5845,p2926,43,12
5848,p2927,15,7
5849,p2928,75,66
5851,p2929,24,54
5854,p2930,84,8
5856,p2931,78,46
5857,p2932,77,88
5860,p2933,80,87
5861,p2934,58,73
5864,p2935,19,66
5865,p2936,24,70
5868,p2937,5,25
5870,p2938,92,94
5871,p2939,1,25
5874,p2940,89,95
5877,p2941,2,89
5879,p2942,64,22
5880,p2943,47,10
5882,p2944,14,27
5885,p2945,58,65
5886,p2946,3,75
5888,p2947,72,84
5889,p2948,16,59
5891,p2949,69,32
5892,p2950,84,73
5893,p2951,53,26
5894,p2952,16,41
5896,p2953,42,71
5897,p2954,92,8
5900,p2955,7,70
5901,p2956,58,18
5904,p2957,49,17
5906,p2958,27,37
5909,p2959,82,61
5910,p2960,46,96
5912,p2961,26,35
5914,p2962,10,41
5915,p2963,28,69
5918,p2964,13,16
5920,p2965,82,62
5922,p2966,81,25
5924,p2967,9,12
5926,p2968,52,32
5928,p2969,46,41
5930,p2970,8,92
5932,p2971,17,38
5933,p2972,75,5
5935,p2973,75,17
5936,p2974,65,22
5939,p2975,32,8
5941,p2976,34,82
5942,p2977,10,83
5943,p2978,47,52
5945,p2979,16,15
5946,p2980,10,22
5948,p2981,20,3
5949,p2982,53,99
5950,p2983,72,76
5953,p2984,37,91
5954,p2985,43,25
5955,p2986,46,24
5958,p2987,15,100
5961,p2988,35,45
5962,p2989,19,35
5963,p2990,71,20
5965,p2991,70,13
5966,p2992,33,96
5968,p2993,6,58
5969,p2994,33,12
5970,p2995,31,86
5971,p2996,6,70
5974,p2997,4,5
5976,p2998,82,100
5977,p2999,41,49
5978,p3000,10,30
5979,p3001,19,3
5981,p3002,32,25
5984,p3003,63,76
5985,p3004,20,76
5988,p3005,36,33
5990,p3006,71,48
5991,p3007,23,85
5992,p3008,41,20
5993,p3009,79,4
5994,p3010,62,95
5997,p3011,85,42
6000,p3012,15,69
6003,p3013,59,13
6006,p3014,72,77
6009,p3015,78,38
6012,p3016,90,89
6014,p3017,17,36
6015,p3018,34,45
6017,p3019,18,28
6020,p3020,49,99
6023,p3021,56,39
6024,p3022,82,55
6026,p3023,16,89
6027,p3024,97,84
6028,p3025,68,99
6031,p3026,63,80
6033,p3027,90,8
6034,p3028,81,59
6036,p3029,22,80
6038,p3030,20,59
6039,p3031,23,83
6040,p3032,67,91
6042,p3033,18,90
6043,p3034,28,31
6046,p3035,74,15
6048,p3036,42,70
6051,p3037,14,94
6054,p3038,44,27
6056,p3039,44,11
6059,p3040,76,40
6062,p3041,48,11
6063,p3042,59,9
6066,p3043,43,72
6069,p3044,69,93
6070,p3045,43,79
6071,p3046,35,13
6073,p3047,58,95
6074,p3048,86,89
6077,p3049,60,49
6079,p3050,78,3
6082,p3051,76,1
6083,p3052,71,22
6086,p3053,73,28
6089,p3054,33,21
6090,p3055,16,70
6093,p3056,33,27
6094,p3057,97,73
6096,p3058,39,26
6099,p3059,49,20
6102,p3060,8,56
6103,p3061,19,2
6104,p3062,88,78
6106,p3063,62,37
6109,p3064,74,16
6110,p3065,27,85
6112,p3066,5,59
6113,p3067,31,4
6115,p3068,60,92
6118,p3069,88,11
6120,p3070,37,96
6122,p3071,73,63
6124,p3072,94,93
6127,p3073,94,40
6130,p3074,98,88
6133,p3075,53,57
6136,p3076,41,50
6137,p3077,54,100
6138,p3078,43,21
6139,p3079,92,62
6140,p3080,45,30
6143,p3081,43,3
6144,p3082,90,72
6146,p3083,5,33
6148,p3084,38,50
6151,p3085,4,19
6153,p3086,46,16
6156,p3087,95,94
6159,p3088,56,83
6162,p3089,48,79
6164,p3090,41,7
6166,p3091,81,60
6169,p3092,94,40
6172,p3093,69,15
6173,p3094,28,63
6175,p3095,7,40
6176,p3096,29,51
6179,p3097,52,41
6180,p3098,63,45
6183,p3099,36,72
6185,p3100,76,15
6186,p3101,17,68
6187,p3102,11,28
6188,p3103,32,2
6189,p3104,90,21
6191,p3105,100,94
6193,p3106,38,13
6196,p3107,43,4
6199,p3108,14,40
6202,p3109,94,73
6204,p3110,56,54
6207,p3111,30,83
6209,p3112,24,4
6210,p3113,81,66
6212,p3114,93,43
6213,p3115,54,10
6215,p3116,52,41
6217,p3117,83,78
6219,p3118,61,89
6221,p3119,73,12
6224,p3120,94,88
6225,p3121,33,52
6227,p3122,42,97
6228,p3123,25,74
6229,p3124,52,67
6231,p3125,28,100
6233,p3126,88,22
6236,p3127,69,64
6237,p3128,15,23
6240,p3129,69,63
6243,p3130,49,78
6246,p3131,73,78
6248,p3132,3,20
6251,p3133,15,77
6253,p3134,51,22
6256,p3135,18,2
6257,p3136,58,39
6259,p3137,62,23
6260,p3138,4,51
6262,p3139,56,18
6264,p3140,7,57
6265,p3141,60,75
6268,p3142,40,83
6269,p3143,89,59
6271,p3144,81,42
6272,p3145,5,54
6275,p3146,82,80
6276,p3147,53,7
6277,p3148,68,25
6280,p3149,66,19
6282,p3150,46,4
6284,p3151,97,23
6287,p3152,10,99
6290,p3153,54,11
6292,p3154,53,42
6293,p3155,41,3
6295,p3156,29,92
6296,p3157,64,30
6297,p3158,73,90
6299,p3159,40,91
6301,p3160,11,93
6304,p3161,29,35
6307,p3162,88,11
6310,p3163,46,51
6311,p3164,85,31
6312,p3165,91,87
6314,p3166,72,73
6316,p3167,62,6
6317,p3168,88,57
6319,p3169,54,56
6322,p3170,100,86
6325,p3171,69,16
6326,p3172,60,100
6329,p3173,52,13
6332,p3174,79,1
6334,p3175,91,68
6336,p3176,50,33
6339,p3177,40,18
6342,p3178,80,27
6345,p3179,23,76
6346,p3180,56,7
6347,p3181,2,67
6348,p3182,74,52
6351,p3183,94,39
6353,p3184,39,82
6356,p3185,14,45
6358,p3186,86,69
6359,p3187,78,75
6362,p3188,12,42
6364,p3189,1,97
6366,p3190,37,10
6367,p3191,97,42
6369,p3192,68,78
6372,p3193,41,1
6375,p3194,37,42
6378,p3195,40,54
6379,p3196,24,75
6381,p3197,85,27
6382,p3198,50,35
6383,p3199,31,91
6385,p3200,23,96
6387,p3201,51,12
6388,p3202,88,93
6390,p3203,61,57
6393,p3204,40,66
6396,p3205,27,47
6398,p3206,100,50
6399,p3207,56,41
6400,p3208,41,45
6403,p3209,42,84
6404,p3210,87,91
6406,p3211,68,77
6407,p3212,40,82
6410,p3213,77,81
6411,p3214,16,36
6413,p3215,18,26
6414,p3216,61,10
6417,p3217,66,46
6420,p3218,61,38
6421,p3219,18,19
6422,p3220,97,2
6424,p3221,25,43
6427,p3222,64,50
6428,p3223,27,8
6431,p3224,45,37
6434,p3225,98,2
6436,p3226,45,70
6438,p3227,37,24
6441,p3228,52,31
6444,p3229,25,78
6446,p3230,13,31
6447,p3231,96,33
6450,p3232,72,29
6451,p3233,10,84
6453,p3234,66,35
6456,p3235,85,61
6459,p3236,55,76
6462,p3237,16,52
6465,p3238,43,79
6467,p3239,24,23
6469,p3240,99,21
6470,p3241,93,21
6471,p3242,83,3
6472,p3243,36,12
6473,p3244,83,42
6476,p3245,37,71
6477,p3246,36,39
6479,p3247,95,47
6481,p3248,98,50
6483,p3249,27,38
6486,p3250,14,100
6489,p3251,6,90
6492,p3252,87,91
6493,p3253,43,25
6496,p3254,44,37
6499,p3255,49,4
6500,p3256,13,4
6503,p3257,61,54
6506,p3258,36,5
6509,p3259,31,50
6510,p3260,18,7
6511,p3261,53,42
6514,p3262,58,90
6517,p3263,57,41
6519,p3264,72,48
6522,p3265,5,12
6525,p3266,53,21
6528,p3267,65,68
6529,p3268,46,28
6532,p3269,46,83
6533,p3270,91,30
6536,p3271,95,97
6538,p3272,11,61
6539,p3273,99,75
6542,p3274,59,9
6543,p3275,84,56
6544,p3276,52,8
6546,p3277,57,30
6547,p3278,79,43
6549,p3279,77,58
6552,p3280,97,58
6554,p3281,28,54
6556,p3282,66,76
6557,p3283,13,93
6559,p3284,71,23
6561,p3285,30,57
6563,p3286,61,21
6565,p3287,19,7
6566,p3288,99,61
6567,p3289,77,33
6570,p3290,80,28
6572,p3291,37,95
6575,p3292,75,38
6576,p3293,4,31
6578,p3294,83,72
6580,p3295,91,51
6581,p3296,49,29
6584,p3297,83,86
6587,p3298,71,65
6590,p3299,40,32
6591,p3300,66,5
6593,p3301,24,1
6596,p3302,59,38
6598,p3303,85,53
6600,p3304,54,74
6602,p3305,84,86
6603,p3306,15,52
6604,p3307,56,99
6605,p3308,18,95
6607,p3309,93,65
6609,p3310,80,58
6610,p3311,74,98
6613,p3312,58,28
6616,p3313,17,71
6617,p3314,41,52
6620,p3315,26,5
6623,p3316,55,45
6624,p3317,99,47
6626,p3318,38,70
6629,p3319,16,89
6632,p3320,21,41
6634,p3321,33,26
6635,p3322,74,25
6637,p3323,77,9
6638,p3324,57,25
6640,p3325,94,99
6642,p3326,39,100
6643,p3327,73,99
6646,p3328,89,15
6647,p3329,2,15
6650,p3330,74,63
6651,p3331,92,71
6653,p3332,33,57
6654,p3333,10,33
6655,p3334,80,41
6658,p3335,36,82
6659,p3336,38,35
6662,p3337,10,60
6665,p3338,50,86
6666,p3339,34,14
6668,p3340,34,56
6671,p3341,47,90
6672,p3342,3,79
6675,p3343,43,51
6677,p3344,48,37
6679,p3345,38,64
6680,p3346,9,85
6683,p3347,73,52
6685,p3348,80,29
6687,p3349,23,87
6690,p3350,28,53
6693,p3351,8,55
6694,p3352,31,81
6697,p3353,8,81
6700,p3354,47,9
6701,p3355,48,55
6704,p3356,30,19
6705,p3357,55,11
6707,p3358,56,5
6710,p3359,98,28
6712,p3360,57,17
6713,p3361,16,12
6716,p3362,12,79
6718,p3363,26,93
6720,p3364,53,69
6721,p3365,50,12
6723,p3366,70,81
6725,p3367,86,34
6727,p3368,8,68
6728,p3369,54,63
6729,p3370,47,69
6731,p3371,39,88
6732,p3372,36,46
6735,p3373,94,68
6736,p3374,38,37
6739,p3375,46,61
6742,p3376,13,20
6743,p3377,32,96
6744,p3378,38,62
6745,p3379,67,81
6748,p3380,7,65
6749,p3381,93,20
6750,p3382,70,57
6753,p3383,31,14
6756,p3384,18,34
6758,p3385,80,7
6761,p3386,82,34
6762,p3387,90,20
6764,p3388,42,78
6767,p3389,53,71
6768,p3390,37,44
6771,p3391,5,93
6774,p3392,66,4
6776,p3393,33,87
6777,p3394,87,37
6778,p3395,53,3
6779,p3396,31,25
6782,p3397,11,27
6784,p3398,58,23
6787,p3399,54,51
6789,p3400,84,68
6792,p3401,56,21
6795,p3402,37,29
6797,p3403,61,30
6799,p3404,73,100
6802,p3405,33,8
6803,p3406,3,18
6806,p3407,91,37
6809,p3408,64,38
6811,p3409,56,17
6814,p3410,20,38
6817,p3411,7,57
6820,p3412,9,70
6823,p3413,79,19
6825,p3414,67,90
6827,p3415,89,13
6829,p3416,6,18
6832,p3417,35,3
6834,p3418,67,95
6836,p3419,33,51
6838,p3420,93,37
6841,p3421,34,71
6844,p3422,97,52
6847,p3423,94,3
6850,p3424,61,59
6853,p3425,62,22
6856,p3426,96,59
6857,p3427,4,69
6860,p3428,56,68
6863,p3429,5,19
6865,p3430,19,25
6867,p3431,5,83
6868,p3432,84,47
6870,p3433,73,76
6873,p3434,45,25
6876,p3435,24,38
6879,p3436,69,77
6880,p3437,48,52
6882,p3438,54,82
6885,p3439,90,21
6888,p3440,77,75
6889,p3441,67,81
6891,p3442,14,92
6894,p3443,63,85
6895,p3444,50,63
6898,p3445,1,46
6901,p3446,9,79
6904,p3447,17,56
6906,p3448,79,90
6907,p3449,15,5
6909,p3450,53,69
6910,p3451,74,5
6913,p3452,85,63
6916,p3453,96,38
6918,p3454,53,41
6921,p3455,66,13
6924,p3456,1,16
6926,p3457,55,43
6928,p3458,64,30
6929,p3459,42,87
6930,p3460,47,94
6931,p3461,62,36
6934,p3462,42,19
6936,p3463,96,69
6938,p3464,20,29
6940,p3465,85,68
6943,p3466,82,11
6946,p3467,23,64
6949,p3468,13,28
6952,p3469,18,77
6953,p3470,77,17
6956,p3471,17,45
6959,p3472,79,6
6960,p3473,50,75
6962,p3474,21,45
6964,p3475,48,95
6965,p3476,59,94
6968,p3477,61,79
6971,p3478,77,35
6973,p3479,74,28
6976,p3480,28,73
6978,p3481,15,81
6981,p3482,29,75
6983,p3483,74,6
6986,p3484,91,75
6988,p3485,89,92
6991,p3486,32,43
6994,p3487,62,44
6995,p3488,80,20
6998,p3489,32,6
7000,p3490,20,42
7003,p3491,10,79
7005,p3492,31,61
7008,p3493,100,18
7009,p3494,79,67
7010,p3495,11,5
7013,p3496,66,64
7015,p3497,19,42
7017,p3498,75,62
7018,p3499,34,72
7021,p3500,92,77
7022,p3501,2,79
7024,p3502,27,99
7025,p3503,56,37
7026,p3504,49,50
7029,p3505,16,34
7031,p3506,58,69
7032,p3507,56,76
7034,p3508,39,59
7036,p3509,44,38
7037,p3510,45,81
7039,p3511,91,44
7042,p3512,21,79
7045,p3513,56,45
7047,p3514,29,87
7050,p3515,51,54
7052,p3516,14,5
7055,p3517,65,70
7057,p3518,99,54
7060,p3519,54,47
7063,p3520,72,6
7065,p3521,40,87
7067,p3522,25,72
7068,p3523,42,74
7069,p3524,19,41
7072,p3525,69,12
7073,p3526,96,64
7075,p3527,11,37
7076,p3528,75,47
7077,p3529,52,19
7080,p3530,62,28
7083,p3531,35,42
7086,p3532,1,72
7089,p3533,37,56
7092,p3534,51,58
7093,p3535,95,22
7096,p3536,65,88
7097,p3537,80,30
7098,p3538,32,38
7099,p3539,3,55
7101,p3540,46,74
7103,p3541,90,23
7106,p3542,60,13
7107,p3543,84,49
7110,p3544,53,36
7111,p3545,80,6
7112,p3546,89,88
7115,p3547,86,44
7118,p3548,90,96
7120,p3549,9,76
7122,p3550,64,22
7123,p3551,84,44
7124,p3552,40,16
7126,p3553,52,69
7129,p3554,95,89
7131,p3555,10,93
7132,p3556,59,100
7134,p3557,19,43
7135,p3558,61,67
7138,p3559,58,48
7140,p3560,92,29
7142,p3561,86,47
7144,p3562,32,33
7147,p3563,72,91
7150,p3564,67,82
7152,p3565,7,56
7153,p3566,92,21
7154,p3567,53,72
7155,p3568,98,83
7156,p3569,23,41
7158,p3570,95,14
7159,p3571,58,91
7162,p3572,47,2
7163,p3573,36,57
7165,p3574,59,75
7167,p3575,4,55
7169,p3576,50,40
7171,p3577,64,28
7173,p3578,8,33
7176,p3579,22,46
7178,p3580,82,42
7181,p3581,49,72
7183,p3582,50,99
7186,p3583,72,39
7187,p3584,12,17
7190,p3585,39,13
7193,p3586,51,98
7194,p3587,49,72
7196,p3588,65,33
7197,p3589,84,4
7198,p3590,61,58
7201,p3591,18,25
7202,p3592,32,97
7205,p3593,58,15
7207,p3594,22,27
7209,p3595,50,35
7211,p3596,60,50
7214,p3597,25,55
7215,p3598,10,21
7217,p3599,46,8
7219,p3600,96,99
7220,p3601,73,65
7222,p3602,71,94
7224,p3603,10,90
7225,p3604,81,48
7228,p3605,86,41
7231,p3606,84,52
7234,p3607,10,85
7235,p3608,45,58
7237,p3609,29,77
7238,p3610,80,25
7241,p3611,14,12
7244,p3612,51,48
7246,p3613,39,29
7249,p3614,37,80
7252,p3615,36,14
7254,p3616,85,32
7257,p3617,79,88
7259,p3618,98,58
7260,p3619,9,69
7263,p3620,31,49
7264,p3621,53,69
7266,p3622,35,95
7269,p3623,79,59
7271,p3624,69,57
7272,p3625,56,1
7274,p3626,46,25
7277,p3627,24,98
7280,p3628,63,42
7283,p3629,61,69
7286,p3630,13,45
7288,p3631,9,91
7290,p3632,48,9
7292,p3633,35,86
7293,p3634,56,31
7295,p3635,30,78
7296,p3636,9,52
7298,p3637,35,14
7299,p3638,26,81
7301,p3639,5,40
7303,p3640,41,92
7306,p3641,54,91
7309,p3642,4,92
7311,p3643,72,47
7314,p3644,72,6
7316,p3645,19,98
7319,p3646,94,71
7322,p3647,83,56
7325,p3648,94,65
7328,p3649,70,50
7331,p3650,76,15
7334,p3651,60,68
7336,p3652,73,63
7338,p3653,99,20
7339,p3654,15,20
7341,p3655,24,73
7342,p3656,39,84
7344,p3657,20,5
7347,p3658,88,76
7349,p3659,69,59
7351,p3660,9,73
7353,p3661,41,98
7354,p3662,48,52
7356,p3663,11,65
7358,p3664,35,91
7360,p3665,68,50
7361,p3666,25,65
7362,p3667,89,40
7364,p3668,65,61
7365,p3669,1,10
7368,p3670,11,48
7371,p3671,34,60
7374,p3672,79,29
7375,p3673,43,44
7377,p3674,90,71
7380,p3675,41,2
7382,p3676,30,13
7384,p3677,18,86
7385,p3678,49,3
7387,p3679,63,78
7388,p3680,67,37
7389,p3681,51,70
7390,p3682,49,35
7391,p3683,35,54
7394,p3684,75,4
7396,p3685,96,46
7398,p3686,39,4
7400,p3687,100,79
7402,p3688,2,35
7405,p3689,47,45
7408,p3690,46,40
7409,p3691,78,30
7411,p3692,97,34
7414,p3693,73,20
7417,p3694,7,90
7420,p3695,56,100
7421,p3696,41,51
7422,p3697,30,73
7423,p3698,6,15
7425,p3699,44,22
7427,p3700,58,67
7428,p3701,70,50
7431,p3702,81,80
7433,p3703,86,20
7435,p3704,54,28
7437,p3705,67,79
7440,p3706,39,32
7443,p3707,15,75
7444,p3708,34,2
7445,p3709,31,52
7446,p3710,95,79
7447,p3711,4,97
7448,p3712,88,22
7449,p3713,68,72
7451,p3714,11,22
7454,p3715,54,9
7457,p3716,43,32
7458,p3717,73,63
7459,p3718,41,9
7460,p3719,95,16
7463,p3720,86,49
7464,p3721,17,77
7467,p3722,21,27
7469,p3723,29,82
7470,p3724,86,64
7473,p3725,99,72
7474,p3726,6,30
7477,p3727,2,70
7479,p3728,91,98
7480,p3729,43,87
7482,p3730,74,75
7483,p3731,37,100
7484,p3732,95,16
7485,p3733,81,5
7487,p3734,71,30
7490,p3735,68,10
7493,p3736,59,16
7494,p3737,47,14
7495,p3738,40,96
7496,p3739,11,92
7497,p3740,81,98
7498,p3741,38,84
7500,p3742,51,23
7501,p3743,33,26
7503,p3744,9,90
7504,p3745,31,88
7506,p3746,97,42
7509,p3747,18,43
7512,p3748,37,26
7515,p3749,38,16
7516,p3750,30,74
7519,p3751,96,78
7520,p3752,25,33
7522,p3753,62,84
7525,p3754,84,68
7526,p3755,35,58
7527,p3756,43,74
7530,p3757,42,75
7532,p3758,12,21
7535,p3759,79,66
7538,p3760,55,92
7541,p3761,1,23
7542,p3762,67,69
7543,p3763,78,10
7545,p3764,25,39
7547,p3765,31,57
7549,p3766,95,5
7552,p3767,73,51
7553,p3768,77,15
7556,p3769,42,55
7558,p3770,77,2
7560,p3771,46,40
7561,p3772,86,73
7562,p3773,75,44
7563,p3774,13,24
7566,p3775,72,43
7569,p3776,88,79
7571,p3777,46,55
7573,p3778,18,28
7576,p3779,53,21
7579,p3780,77,59
7581,p3781,90,92
7584,p3782,59,28
7587,p3783,41,62
7589,p3784,76,75
7592,p3785,37,43
7595,p3786,75,30
7597,p3787,13,60
7600,p3788,48,64
7602,p3789,57,80
7604,p3790,16,2
7605,p3791,12,1
7606,p3792,48,12
7608,p3793,13,26
7610,p3794,63,54
7613,p3795,40,35
7614,p3796,59,58
7616,p3797,10,87
7617,p3798,29,58
7619,p3799,35,32
7620,p3800,63,39
7621,p3801,60,46
7623,p3802,97,30
7625,p3803,19,62
7627,p3804,28,17
7629,p3805,74,99
7631,p3806,32,13
7634,p3807,90,69
7636,p3808,16,51
7637,p3809,80,63
7638,p3810,96,71
7641,p3811,79,91
7643,p3812,54,94
7645,p3813,20,13
7648,p3814,1,8
7651,p3815,73,10
7654,p3816,8,36
7657,p3817,8,25
7658,p3818,95,88
7659,p3819,49,14
7661,p3820,2,84
7662,p3821,92,17
7663,p3822,91,69
7664,p3823,39,13
7665,p3824,37,68
7666,p3825,82,50
7669,p3826,35,31
7671,p3827,35,25
7673,p3828,58,95
7674,p3829,58,85
7677,p3830,55,78
7679,p3831,41,84
7680,p3832,7,53
7682,p3833,85,36
7684,p3834,44,77
7686,p3835,5,7
7688,p3836,98,94
7689,p3837,84,75
7692,p3838,100,57
7695,p3839,22,14
7697,p3840,9,95
7700,p3841,91,80
7702,p3842,42,44
7705,p3843,51,6
7708,p3844,48,29
7711,p3845,94,72
7712,p3846,58,93
7713,p3847,1,8
7715,p3848,24,11
7717,p3849,75,6
7720,p3850,85,63
7723,p3851,23,33
7725,p3852,42,90
7726,p3853,26,48
7728,p3854,29,34
7730,p3855,97,36
7733,p3856,73,48
7736,p3857,33,10
7737,p3858,20,96
7738,p3859,59,65
7740,p3860,93,1
7742,p3861,93,70
7743,p3862,68,23
7745,p3863,80,4
7746,p3864,70,62
7748,p3865,91,40
7749,p3866,10,19
7751,p3867,14,42
7754,p3868,93,56
7755,p3869,45,58
7756,p3870,15,29
7757,p3871,63,75
7760,p3872,74,23
7763,p3873,75,26
7764,p3874,44,56
7767,p3875,63,82
7770,p3876,32,71
7772,p3877,76,73
7775,p3878,90,35
7778,p3879,34,53
7780,p3880,1,7
7783,p3881,45,75
7786,p3882,92,59
7788,p3883,33,86
7791,p3884,43,64
7792,p3885,34,8
7795,p3886,36,78
7797,p3887,14,12
7798,p3888,2,47
7800,p3889,11,83
7803,p3890,96,55
7805,p3891,46,93
7806,p3892,61,68
7807,p3893,68,60
7810,p3894,38,94
7811,p3895,10,45
7812,p3896,88,34
7815,p3897,48,61
7818,p3898,21,31
7820,p3899,70,84
7823,p3900,34,11
7825,p3901,11,18
7827,p3902,72,69
7828,p3903,39,61
7829,p3904,50,70
7830,p3905,68,38
7833,p3906,76,31
7836,p3907,87,83
7838,p3908,13,78
7840,p3909,71,51
7842,p3910,74,4
7845,p3911,22,6
7847,p3912,63,10
7848,p3913,12,14
7849,p3914,22,47
7851,p3915,79,33
7852,p3916,73,27
7853,p3917,68,63
7855,p3918,28,43
7858,p3919,50,43
7859,p3920,49,97
7860,p3921,25,63
7861,p3922,50,100
7862,p3923,55,25
7863,p3924,85,18
7866,p3925,30,77
7869,p3926,56,66
7870,p3927,87,37
7871,p3928,98,81
7874,p3929,69,75
7877,p3930,33,20
7878,p3931,87,58
7881,p3932,67,96
7884,p3933,63,13
7885,p3934,56,70
7887,p3935,32,4
7890,p3936,33,57
7891,p3937,29,31
7892,p3938,86,28
7893,p3939,99,61
7894,p3940,1,28
7895,p3941,46,13
7898,p3942,85,82
7900,p3943,19,91
7902,p3944,9,37
7905,p3945,11,46
7906,p3946,28,89
7908,p3947,20,54
7909,p3948,37,66
7911,p3949,13,92
7913,p3950,5,22
7914,p3951,46,68
7917,p3952,98,37
7920,p3953,63,26
7923,p3954,59,84
7926,p3955,54,15
7927,p3956,9,82
7928,p3957,2,65
7929,p3958,85,99
7931,p3959,93,14
7932,p3960,31,92
7934,p3961,15,45
7937,p3962,34,45
7940,p3963,25,73
7941,p3964,17,90
7942,p3965,64,9
7943,p3966,27,41
7944,p3967,42,15
7947,p3968,96,24
7950,p3969,26,57
7952,p3970,31,27
7955,p3971,84,34
7957,p3972,66,68
7958,p3973,98,33
7960,p3974,11,21
7963,p3975,67,8
7964,p3976,29,69
7965,p3977,74,26
7968,p3978,45,71
7969,p3979,71,96
7972,p3980,61,4
7975,p3981,41,56
7976,p3982,76,49
7978,p3983,56,10
7981,p3984,11,35
7984,p3985,46,79
7986,p3986,89,93
7987,p3987,25,93
7989,p3988,29,72
7991,p3989,55,86
7992,p3990,98,11
7993,p3991,62,56
7996,p3992,68,99
7999,p3993,96,5
8000,p3994,49,23
8002,p3995,59,82
8003,p3996,92,49
8005,p3997,14,78
8007,p3998,87,64
8008,p3999,14,78
8009,p4000,35,21
8010,p4001,17,93
8012,p4002,43,51
8013,p4003,57,1
8014,p4004,6,49
8016,p4005,68,44
8018,p4006,90,35
8021,p4007,39,96
8023,p4008,77,88
8026,p4009,53,49
8027,p4010,42,24
8028,p4011,94,46
8031,p4012,28,60
8032,p4013,77,1
8033,p4014,25,39
8036,p4015,45,87
8039,p4016,60,75
8040,p4017,91,52
8042,p4018,1,92
8044,p4019,26,44
8047,p4020,97,3
8050,p4021,60,83
8053,p4022,1,97
8054,p4023,55,43
8057,p4024,38,84
8058,p4025,11,96
8061,p4026,40,41
8062,p4027,80,4
8064,p4028,2,28
8065,p4029,65,95
8066,p4030,84,77
8067,p4031,56,63
8070,p4032,14,3
8071,p4033,9,14
8072,p4034,1,69
8075,p4035,11,4
8076,p4036,14,28
8079,p4037,50,88
8081,p4038,49,15
8083,p4039,96,46
8085,p4040,39,16
8086,p4041,17,80
8088,p4042,41,94
8091,p4043,80,29
8092,p4044,89,66
8093,p4045,26,46
8096,p4046,45,98
8098,p4047,15,53
8100,p4048,74,83
8102,p4049,86,24
8105,p4050,72,62
8106,p4051,44,93
8107,p4052,99,100
8108,p4053,2,76
8110,p4054,20,28
8111,p4055,80,43
8114,p4056,62,53
8115,p4057,87,52
8116,p4058,35,87
8119,p4059,56,18
8121,p4060,28,26
8123,p4061,50,35
8124,p4062,48,95
8125,p4063,70,34
8126,p4064,34,95
8128,p4065,37,51
8130,p4066,82,23
8133,p4067,35,40
8135,p4068,26,24
8138,p4069,6,93
8139,p4070,60,57
8140,p4071,53,62
8141,p4072,11,72
8143,p4073,25,81
8145,p4074,5,7
8146,p4075,9,6
8147,p4076,62,25
8150,p4077,37,69
8151,p4078,34,88
8152,p4079,86,17
8154,p4080,33,97
8156,p4081,45,81
8158,p4082,99,54
8159,p4083,69,20
8160,p4084,67,94
8162,p4085,7,89
8165,p4086,19,20
8168,p4087,37,60
8171,p4088,66,26
8174,p4089,30,38
8175,p4090,86,76
8177,p4091,34,20
8178,p4092,21,56
8181,p4093,34,69
8184,p4094,15,83
8187,p4095,89,76
8189,p4096,44,27
8190,p4097,75,18
8191,p4098,77,12
8192,p4099,16,12
8195,p4100,16,72
8197,p4101,22,87
8198,p4102,49,85
8200,p4103,2,75
8201,p4104,87,39
8204,p4105,29,50
8205,p4106,57,13
8206,p4107,6,64
8209,p4108,60,77
8210,p4109,27,87
8212,p4110,66,45
8214,p4111,18,60
8217,p4112,7,64
8218,p4113,6,61
8220,p4114,63,8
8222,p4115,21,7
8223,p4116,82,55
8225,p4117,16,72
8227,p4118,87,65
8229,p4119,67,99
8231,p4120,67,59
8234,p4121,62,58
8235,p4122,53,13
8237,p4123,52,42
8239,p4124,85,37
8242,p4125,72,81
8245,p4126,50,73
8247,p4127,36,80
8248,p4128,58,32
8251,p4129,38,15
8254,p4130,56,82
8257,p4131,83,68
8258,p4132,17,68
8259,p4133,50,46
8261,p4134,73,14
8262,p4135,59,67
8265,p4136,41,51
8267,p4137,87,61
8268,p4138,75,41
8270,p4139,57,56
8271,p4140,62,27
8273,p4141,81,18
8274,p4142,38,32
8277,p4143,26,18
8280,p4144,56,98
8281,p4145,56,25
8282,p4146,35,10
8283,p4147,93,90
8285,p4148,95,99
8288,p4149,39,53
8289,p4150,10,5
8290,p4151,22,6
8292,p4152,98,66
8293,p4153,2,71
8296,p4154,64,36
8297,p4155,55,35
8300,p4156,68,61
8302,p4157,81,37
8303,p4158,99,2
8306,p4159,26,25
8309,p4160,30,59
8311,p4161,65,38
8312,p4162,17,20
8315,p4163,54,47
8318,p4164,32,24
8320,p4165,7,62
8323,p4166,68,96
8325,p4167,72,71
8326,p4168,83,98
8329,p4169,74,94
8330,p4170,91,94
8332,p4171,86,17
8333,p4172,46,48
8334,p4173,16,19
8336,p4174,12,11
8339,p4175,4,13
8340,p4176,63,74
8342,p4177,25,90
8345,p4178,37,68
8346,p4179,32,19
8347,p4180,87,5
8348,p4181,75,91
8349,p4182,62,50
8351,p4183,36,11
8353,p4184,99,33
8354,p4185,50,88
8356,p4186,75,58
8359,p4187,68,37
8360,p4188,11,12
8362,p4189,100,75
8364,p4190,29,84
8367,p4191,88,44
8368,p4192,75,31
8370,p4193,13,34
8372,p4194,25,20
8373,p4195,98,35
8374,p4196,83,96
8376,p4197,78,15
8379,p4198,27,79
8380,p4199,4,59
8381,p4200,91,40
8383,p4201,60,96
8384,p4202,14,34
8386,p4203,44,79
8389,p4204,42,74
8390,p4205,88,21
8393,p4206,94,32
8394,p4207,57,84
8397,p4208,20,30
8399,p4209,69,32
8402,p4210,79,6
8405,p4211,63,51
8408,p4212,56,12
8409,p4213,39,56
8411,p4214,50,36
8412,p4215,95,22
8415,p4216,78,9
8418,p4217,35,94
8421,p4218,95,45
8423,p4219,29,96
8426,p4220,35,59
8427,p4221,57,63
8428,p4222,33,20
8431,p4223,4,46
8433,p4224,13,35
8434,p4225,45,100
8437,p4226,23,16
8439,p4227,29,48
8442,p4228,73,56
8445,p4229,12,73
8448,p4230,5,90
8450,p4231,19,46
8452,p4232,100,36
8454,p4233,93,76
8456,p4234,61,15
8458,p4235,52,55
8459,p4236,46,7
8462,p4237,14,93
8463,p4238,6,90
8465,p4239,23,85
8467,p4240,96,66
8468,p4241,17,5
8470,p4242,67,66
8473,p4243,23,25
8474,p4244,57,18
8475,p4245,15,60
8477,p4246,15,58
8478,p4247,85,13
8480,p4248,43,54
8482,p4249,69,99
8484,p4250,42,60
8487,p4251,40,28
8489,p4252,1,30
8491,p4253,83,68
8494,p4254,58,38
8495,p4255,51,19
8498,p4256,71,50
8500,p4257,40,10
8501,p4258,50,66
8502,p4259,72,93
8505,p4260,47,26
8508,p4261,57,38
8509,p4262,63,10
8511,p4263,10,17
8514,p4264,31,2
8515,p4265,46,77
8517,p4266,31,81
8519,p4267,77,60
8521,p4268,80,2
8524,p4269,51,50
8525,p4270,94,77
8527,p4271,90,79
8529,p4272,58,12
8530,p4273,2,18
8532,p4274,88,74
8534,p4275,20,27
8536,p4276,32,51
8538,p4277,45,7
8541,p4278,9,8
8544,p4279,7,89
8547,p4280,6,19
8549,p4281,56,42
8552,p4282,58,64
8555,p4283,32,1
8557,p4284,23,70
8559,p4285,87,21
8561,p4286,21,57
8562,p4287,79,91
8565,p4288,57,36
8568,p4289,71,41
8569,p4290,43,40
8570,p4291,40,92
8571,p4292,51,81
8572,p4293,11,52
8575,p4294,21,20
8578,p4295,22,53
8580,p4296,29,83
8583,p4297,30,56
8584,p4298,97,27
8585,p4299,74,67
8588,p4300,89,40
8589,p4301,41,29
8592,p4302,16,81
8593,p4303,72,98
8595,p4304,67,84
8598,p4305,29,50
8599,p4306,63,15
8600,p4307,46,65
8601,p4308,87,48
8604,p4309,89,81
8605,p4310,14,91
8607,p4311,7,17
8608,p4312,9,90
8610,p4313,49,14
8613,p4314,26,86
8614,p4315,50,69
8617,p4316,24,14
8618,p4317,1,75
8619,p4318,58,64
8621,p4319,87,61
8624,p4320,99,38
8625,p4321,37,65
8627,p4322,59,56
8629,p4323,80,1
8632,p4324,19,66
8633,p4325,49,3
8634,p4326,94,4
8635,p4327,52,46
8638,p4328,36,53
8639,p4329,34,88
8642,p4330,56,64
8645,p4331,73,84
8646,p4332,45,77
8647,p4333,92,1
8648,p4334,40,6
8651,p4335,45,24
8654,p4336,86,80
8657,p4337,1,62
8659,p4338,56,31
8661,p4339,92,74
8662,p4340,16,39
8664,p4341,20,75
8665,p4342,96,51
8667,p4343,52,94
8670,p4344,100,4
8672,p4345,23,33
8675,p4346,95,29
8676,p4347,49,11
8677,p4348,73,44
8680,p4349,59,37
8683,p4350,38,37
8685,p4351,61,44
8688,p4352,17,39
8690,p4353,41,40
8693,p4354,25,55
8694,p4355,93,12
8695,p4356,6,100
8698,p4357,73,5
8701,p4358,49,75
8703,p4359,98,53
8704,p4360,73,69
8707,p4361,33,24
8710,p4362,67,100
8711,p4363,23,34
8713,p4364,59,70
8716,p4365,20,63
8719,p4366,70,54
8720,p4367,13,97
8722,p4368,89,35
8723,p4369,12,72
8724,p4370,39,17
8726,p4371,41,78
8728,p4372,42,19
8730,p4373,98,3
8733,p4374,6,54
8735,p4375,48,53
8736,p4376,39,54
8739,p4377,99,86
8741,p4378,38,39
8744,p4379,17,9
8747,p4380,19,4
8749,p4381,17,1
8750,p4382,97,58
8751,p4383,36,3
8754,p4384,12,11
8756,p4385,80,95
8758,p4386,90,31
8761,p4387,56,17
8763,p4388,27,47
8766,p4389,73,82
8769,p4390,22,67
8772,p4391,48,45
8773,p4392,2,81
8774,p4393,63,26
8777,p4394,14,87
8780,p4395,80,54
8782,p4396,45,100
8783,p4397,72,74
8786,p4398,32,91
8788,p4399,6,61
8791,p4400,36,17
8793,p4401,70,71
8795,p4402,9,89
8797,p4403,25,89
8800,p4404,16,98
8802,p4405,37,42
8805,p4406,4,13
8807,p4407,53,55
8809,p4408,86,85
8812,p4409,7,26
8814,p4410,59,86
8816,p4411,89,40
8817,p4412,18,4
8820,p4413,43,74
8822,p4414,62,8
8823,p4415,40,59
8826,p4416,56,17
8827,p4417,61,12
8829,p4418,100,18
8832,p4419,19,100
8835,p4420,78,93
8837,p4421,45,6
8840,p4422,83,89
8842,p4423,65,26
8843,p4424,73,19
8845,p4425,47,54
8848,p4426,8,10
8851,p4427,55,69
8852,p4428,49,4
8855,p4429,60,69
8857,p4430,39,84
8860,p4431,81,51
8861,p4432,19,7
8863,p4433,16,89
8866,p4434,25,75
8868,p4435,27,83
8871,p4436,78,92
8872,p4437,85,25
8873,p4438,37,84
8874,p4439,85,67
8877,p4440,69,72
8879,p4441,52,47
8881,p4442,44,46
8883,p4443,91,5
8884,p4444,56,95
8885,p4445,82,38
8887,p4446,51,74
8890,p4447,100,47
8893,p4448,12,79
8896,p4449,48,13
8898,p4450,1,46
8899,p4451,47,100
8901,p4452,38,65
8903,p4453,14,42
8904,p4454,91,56
8905,p4455,75,86
8907,p4456,68,33
8910,p4457,63,17
8913,p4458,34,51
8916,p4459,52,69
8919,p4460,99,58
8922,p4461,81,20
8923,p4462,51,54
8924,p4463,96,57
8927,p4464,51,14
8930,p4465,96,61
8931,p4466,85,4
8933,p4467,28,10
8935,p4468,5,67
8937,p4469,86,13
8938,p4470,69,95
8939,p4471,52,80
8940,p4472,2,80
8943,p4473,29,27
8944,p4474,3,52
8946,p4475,64,5
8947,p4476,93,21
8950,p4477,18,1
8952,p4478,51,1
8953,p4479,40,36
8955,p4480,90,58
8956,p4481,92,91
8958,p4482,60,22
8959,p4483,61,79
8961,p4484,51,72
8963,p4485,62,7
8964,p4486,81,39
8966,p4487,4,97
8968,p4488,56,62
8970,p4489,27,68
8971,p4490,14,95
8973,p4491,64,84
8976,p4492,44,54
8977,p4493,83,1
8980,p4494,7,92
8981,p4495,45,53
8983,p4496,6,2
8986,p4497,22,13
8987,p4498,10,4
8988,p4499,51,80
8990,p4500,85,87
8992,p4501,54,96
8995,p4502,23,80
8998,p4503,73,63
9000,p4504,30,22
9002,p4505,6,100
9003,p4506,52,44
9006,p4507,95,89
9008,p4508,100,17
9011,p4509,9,27
9013,p4510,58,24
9016,p4511,69,84
9017,p4512,95,20
9020,p4513,21,94
9023,p4514,81,60
9025,p4515,56,15
9026,p4516,64,4
9027,p4517,1,92
9030,p4518,86,7
9032,p4519,25,59
9034,p4520,71,87
9036,p4521,24,20
9037,p4522,55,19
9038,p4523,33,24
9039,p4524,6,42
9040,p4525,21,62
9043,p4526,39,5
9046,p4527,59,86
9048,p4528,4,40
9051,p4529,52,3
9052,p4530,43,92
9053,p4531,63,28
9054,p4532,99,41
9056,p4533,35,18
9059,p4534,42,85
9061,p4535,61,99
9062,p4536,50,7
9065,p4537,64,32
9068,p4538,40,63
9071,p4539,24,90
9072,p4540,67,20
9075,p4541,68,67
9078,p4542,2,62
9080,p4543,45,42
9082,p4544,61,19
9085,p4545,89,9
9087,p4546,23,3
9089,p4547,17,96
9091,p4548,66,19
9093,p4549,47,90
9094,p4550,45,35
9096,p4551,82,41
9098,p4552,34,48
9099,p4553,65,49
9101,p4554,89,59
9104,p4555,24,95
9105,p4556,32,4
9106,p4557,52,24
9109,p4558,5,90
9111,p4559,62,18
9113,p4560,17,16
9114,p4561,94,12
9117,p4562,57,50
9119,p4563,52,25
9120,p4564,24,2
9123,p4565,85,50
9126,p4566,44,59
9129,p4567,33,74
9131,p4568,44,18
9134,p4569,17,32
9137,p4570,54,78
9138,p4571,87,20
9141,p4572,72,25
9142,p4573,68,53
9145,p4574,100,30
9148,p4575,47,49
9149,p4576,7,100
9151,p4577,61,33
9152,p4578,77,34
9155,p4579,32,75
9158,p4580,53,86
9159,p4581,55,8
9162,p4582,60,73
9163,p4583,33,62
9166,p4584,70,25
9167,p4585,4,31
9169,p4586,81,2
9172,p4587,2,63
9174,p4588,44,76
9177,p4589,47,53
9179,p4590,17,11
9180,p4591,83,95
9182,p4592,24,52
9183,p4593,50,45
9186,p4594,35,69
9187,p4595,49,19
9189,p4596,45,31
9191,p4597,18,34
9192,p4598,95,41
9194,p4599,15,61
9196,p4600,56,57
9199,p4601,80,71
9200,p4602,12,99
9202,p4603,54,40
9205,p4604,20,68
9206,p4605,63,42
9208,p4606,96,23
9209,p4607,15,21
9212,p4608,83,79
9213,p4609,73,43
9216,p4610,93,69
9219,p4611,84,18
9220,p4612,82,36
9223,p4613,98,23
9224,p4614,81,52
9226,p4615,7,78
9227,p4616,95,58
9228,p4617,89,85
9231,p4618,70,52
9234,p4619,39,12
9236,p4620,27,46
9237,p4621,19,51
9238,p4622,84,14
9239,p4623,88,45
9242,p4624,51,49
9244,p4625,96,29
9246,p4626,97,66
9249,p4627,24,97
9252,p4628,43,32
9255,p4629,66,36
9256,p4630,92,19
9257,p4631,48,21
9260,p4632,67,53
9262,p4633,30,76
9263,p4634,40,12
9264,p4635,66,95
9266,p4636,63,65
9267,p4637,43,89
9270,p4638,24,46
9273,p4639,9,88
9274,p4640,92,16
9276,p4641,45,69
9279,p4642,83,94
9281,p4643,13,28
9282,p4644,39,72
9284,p4645,57,18
9287,p4646,58,79
9289,p4647,82,37
9291,p4648,80,44
9293,p4649,83,73
9295,p4650,81,99
9297,p4651,86,18
9298,p4652,55,35
9301,p4653,43,76
9303,p4654,4,21
9304,p4655,28,16
9306,p4656,76,28
9307,p4657,38,53
9309,p4658,8,37
9311,p4659,94,40
9312,p4660,35,33
9314,p4661,4,34
9315,p4662,23,71
9316,p4663,95,25
9318,p4664,74,58
9320,p4665,89,98
9323,p4666,45,51
9324,p4667,26,7
9326,p4668,58,31
9329,p4669,2,65
9330,p4670,21,94
9333,p4671,79,72
9336,p4672,82,55
9338,p4673,58,64
9340,p4674,50,17
9342,p4675,49,79
9344,p4676,23,63
9347,p4677,35,84
9350,p4678,69,65
9351,p4679,68,97
9354,p4680,38,96
9355,p4681,21,10
9358,p4682,91,9
9361,p4683,80,58
9364,p4684,46,43
9367,p4685,34,12
9370,p4686,95,19
9372,p4687,28,40
9373,p4688,41,16
9376,p4689,66,73
9377,p4690,98,4
9378,p4691,74,57
9380,p4692,66,35
9381,p4693,38,37
9384,p4694,33,21
9386,p4695,87,52
9387,p4696,16,27
9388,p4697,48,29
9390,p4698,36,12
9393,p4699,24,91
9396,p4700,85,67
9399,p4701,96,34
9401,p4702,11,16
9403,p4703,58,95
9405,p4704,97,37
9406,p4705,8,75
9407,p4706,60,36
9409,p4707,85,46
9412,p4708,96,57
9414,p4709,64,84
9415,p4710,17,57
9417,p4711,90,63
9420,p4712,51,83
9422,p4713,62,6
9424,p4714,43,5
9426,p4715,90,7
9428,p4716,80,85
9431,p4717,60,15
9434,p4718,94,7
9435,p4719,25,82
9436,p4720,87,59
9439,p4721,87,40
9442,p4722,71,70
9443,p4723,29,93
9444,p4724,74,39
9446,p4725,90,4
9449,p4726,71,13
9450,p4727,48,71
9453,p4728,55,53
9456,p4729,3,12
9457,p4730,75,74
9459,p4731,88,57
9461,p4732,12,23
9462,p4733,53,60
9463,p4734,94,2
9464,p4735,72,99
9466,p4736,58,41
9467,p4737,3,16
9469,p4738,77,54
9470,p4739,42,27
9471,p4740,33,48
9472,p4741,8,81
9475,p4742,89,41
9478,p4743,87,73
9480,p4744,16,65
9481,p4745,52,19
9483,p4746,7,51
9484,p4747,38,94
9485,p4748,25,71
9486,p4749,70,49
9489,p4750,88,1
9492,p4751,65,64
9495,p4752,28,61
9496,p4753,50,49
9497,p4754,3,26
9500,p4755,54,45
9502,p4756,64,22
9505,p4757,30,4
9506,p4758,8,82
9507,p4759,90,16
9510,p4760,83,70
9512,p4761,98,38
9514,p4762,52,38
9516,p4763,31,41
9519,p4764,98,48
9520,p4765,35,90
9521,p4766,27,57
9524,p4767,94,61
9526,p4768,5,39
9527,p4769,59,8
9529,p4770,65,30
9530,p4771,95,39
9533,p4772,22,11
9535,p4773,12,71
9538,p4774,80,77
9539,p4775,75,44
9540,p4776,53,33
9542,p4777,66,87
9544,p4778,73,10
9545,p4779,26,68
9546,p4780,18,62
9547,p4781,97,45
9550,p4782,53,72
9552,p4783,57,49
9554,p4784,7,85
9557,p4785,14,33
9558,p4786,38,66
9559,p4787,95,73
9560,p4788,23,62
9563,p4789,87,26
9566,p4790,44,20
9569,p4791,82,23
9570,p4792,91,57
9573,p4793,23,5
9575,p4794,48,98
9578,p4795,12,82
9580,p4796,10,36
9582,p4797,9,67
9585,p4798,92,32
9588,p4799,62,21
9589,p4800,14,8
9591,p4801,22,31
9593,p4802,29,7
9594,p4803,70,99
9596,p4804,27,16
9597,p4805,11,70
9600,p4806,59,30
9602,p4807,94,96
9605,p4808,73,38
9608,p4809,76,57
9611,p4810,15,69
9612,p4811,100,62
9614,p4812,51,81
9617,p4813,93,19
9618,p4814,98,47
9620,p4815,71,89
9622,p4816,18,58
9625,p4817,46,9
9628,p4818,49,17
9629,p4819,41,50
9632,p4820,7,22
9634,p4821,28,86
9636,p4822,68,69
9638,p4823,86,64
9641,p4824,71,95
9643,p4825,91,49
9645,p4826,63,15
9647,p4827,23,84
9649,p4828,99,51
9652,p4829,78,53
9653,p4830,28,23
9654,p4831,70,62
9656,p4832,49,91
9658,p4833,92,31
9661,p4834,12,80
9664,p4835,83,71
9667,p4836,5,8
9668,p4837,59,62
9669,p4838,99,11
9670,p4839,23,11
9673,p4840,58,20
9675,p4841,60,29
9678,p4842,100,19
9679,p4843,94,43
9680,p4844,7,25
9681,p4845,45,2
9684,p4846,1,89
9685,p4847,43,76
9688,p4848,76,19
9690,p4849,85,64
9693,p4850,24,36
9695,p4851,50,79
9696,p4852,53,18
9698,p4853,23,32
9701,p4854,55,7
9703,p4855,69,90
9706,p4856,7,66
9709,p4857,98,43
9711,p4858,48,25
9712,p4859,61,68
9714,p4860,35,90
9715,p4861,36,72
9716,p4862,65,64
9718,p4863,84,67
9720,p4864,43,97
9723,p4865,47,98
9724,p4866,6,77
9727,p4867,41,32
9730,p4868,90,21
9733,p4869,23,13
9736,p4870,33,40
9739,p4871,14,45
9741,p4872,34,26
9742,p4873,81,45
9745,p4874,11,27
9746,p4875,62,1
9748,p4876,53,67
9749,p4877,76,35
9750,p4878,96,89
9753,p4879,2,96
9755,p4880,56,64
9757,p4881,98,69
9758,p4882,8,57
9760,p4883,40,80
9761,p4884,94,69
9762,p4885,63,54
9764,p4886,53,91
9765,p4887,49,19
9767,p4888,1,35
9768,p4889,70,49
9770,p4890,20,46
9773,p4891,72,69
9775,p4892,82,91
9777,p4893,82,20
9778,p4894,94,84
9781,p4895,7,46
9782,p4896,14,26
9783,p4897,23,47
9784,p4898,10,52
9785,p4899,63,56
9788,p4900,98,5
9791,p4901,4,31
9792,p4902,61,56
9795,p4903,44,14
9797,p4904,14,44
9799,p4905,72,32
9800,p4906,10,81
9803,p4907,94,73
9805,p4908,83,37
9807,p4909,71,10
9808,p4910,45,79
9809,p4911,65,63
9811,p4912,31,35
9814,p4913,72,9
9816,p4914,100,88
9819,p4915,61,83
9821,p4916,34,6
9822,p4917,69,60
9824,p4918,56,99
9826,p4919,30,65
9829,p4920,70,33
9830,p4921,5,63
9832,p4922,63,81
9833,p4923,56,12
9836,p4924,99,45
9838,p4925,16,95
9841,p4926,35,16
9843,p4927,30,87
9845,p4928,48,56
9847,p4929,1,32
9850,p4930,6,93
9853,p4931,90,38
9854,p4932,77,79
9856,p4933,2,93
9859,p4934,43,50
9862,p4935,54,39
9864,p4936,24,61
9866,p4937,3,82
9867,p4938,37,62
9870,p4939,79,81
9872,p4940,98,36
9875,p4941,62,75
9878,p4942,73,92
9880,p4943,23,55
9881,p4944,75,77
9882,p4945,10,20
9885,p4946,58,69
9887,p4947,74,89
9890,p4948,79,57
9891,p4949,78,89
9894,p4950,26,57
9895,p4951,78,67
9897,p4952,33,41
9898,p4953,99,39
9899,p4954,58,18
9902,p4955,34,24
9905,p4956,32,69
9908,p4957,9,81
9911,p4958,79,29
9913,p4959,90,92
9914,p4960,70,98
9917,p4961,71,81
9920,p4962,66,41
9922,p4963,88,27
9923,p4964,39,90
9924,p4965,92,96
9925,p4966,21,13
9926,p4967,86,68
9928,p4968,7,71
9930,p4969,74,54
9931,p4970,39,16
9934,p4971,2,16
9937,p4972,59,66
9939,p4973,82,51
9942,p4974,17,5
9945,p4975,92,42
9948,p4976,68,45
9951,p4977,67,42
9953,p4978,88,50
9954,p4979,81,41
9957,p4980,88,65
9958,p4981,61,65
9961,p4982,78,15
9964,p4983,2,44
9966,p4984,98,83
9969,p4985,12,62
9970,p4986,72,42
9972,p4987,45,21
9973,p4988,22,52
9975,p4989,30,34
9978,p4990,85,79
9979,p4991,71,89
9982,p4992,15,64
9985,p4993,69,71
9988,p4994,25,36
9990,p4995,50,28
9992,p4996,72,47
9995,p4997,93,5
9996,p4998,49,21
9999,p4999,2,38
10002,p5000,92,17
10005,p5001,98,17
10007,p5002,33,54
10008,p5003,62,51
10010,p5004,10,91
10013,p5005,29,71
10015,p5006,26,44
10017,p5007,69,35
10018,p5008,82,13
10019,p5009,81,62
10021,p5010,27,24
10024,p5011,15,85
10025,p5012,54,84
10028,p5013,75,72
10030,p5014,85,6
10031,p5015,61,27
10032,p5016,24,34
10034,p5017,57,80
10035,p5018,86,80
10038,p5019,26,49
10040,p5020,66,59
10041,p5021,36,84
10042,p5022,58,98
10044,p5023,1,46
10046,p5024,35,26
10049,p5025,44,46
10051,p5026,48,66
10054,p5027,41,22
10057,p5028,76,19
10059,p5029,36,13
10061,p5030,55,86
10063,p5031,41,39
10065,p5032,18,29
10068,p5033,71,47
10069,p5034,68,60
10072,p5035,67,31
10075,p5036,7,29
10077,p5037,47,69
10079,p5038,42,82
10080,p5039,37,27
10081,p5040,50,72
10083,p5041,67,94
10086,p5042,83,85
10087,p5043,99,50
10090,p5044,13,82
10093,p5045,58,81
10094,p5046,11,63
10095,p5047,90,4
10098,p5048,42,54
10100,p5049,35,77
10102,p5050,57,73
10105,p5051,88,37
10108,p5052,17,30
10110,p5053,90,66
10113,p5054,47,93
10116,p5055,68,61
10117,p5056,99,72
10120,p5057,12,63
10123,p5058,8,73
10125,p5059,91,16
10127,p5060,96,86
10129,p5061,63,27
10130,p5062,23,65
10133,p5063,70,62
10136,p5064,35,25
10139,p5065,15,32
10141,p5066,34,11
10143,p5067,52,50
10145,p5068,6,96
10148,p5069,60,34
10150,p5070,24,10
10153,p5071,95,97
10156,p5072,96,23
10157,p5073,43,54
10160,p5074,31,50
10161,p5075,56,86
10164,p5076,97,48
10165,p5077,41,25
10168,p5078,48,60
10171,p5079,89,13
10172,p5080,5,38
10173,p5081,89,16
10174,p5082,71,10
10177,p5083,50,86
10179,p5084,70,90
10180,p5085,87,41
10182,p5086,45,19
10183,p5087,42,18
10185,p5088,3,55
10187,p5089,29,97
10189,p5090,97,18
10190,p5091,40,54
10192,p5092,13,97
10195,p5093,36,40
10198,p5094,58,14
10201,p5095,79,8
10204,p5096,27,52
10207,p5097,57,54
10209,p5098,55,24
10210,p5099,91,99
10211,p5100,11,12
10214,p5101,20,29
10215,p5102,28,59
10218,p5103,48,39
10219,p5104,97,21
10221,p5105,5,65
10222,p5106,21,10
10225,p5107,83,31
10228,p5108,39,82
10231,p5109,1,10
10233,p5110,29,17
10236,p5111,96,98
10239,p5112,88,81
10241,p5113,74,7
10242,p5114,63,88
10243,p5115,36,88
10245,p5116,79,44
10247,p5117,23,78
10249,p5118,42,69
10250,p5119,18,69
10251,p5120,44,62
10253,p5121,17,4
10256,p5122,56,72
10259,p5123,28,89
10261,p5124,6,75
10262,p5125,33,90
10264,p5126,95,52
10266,p5127,1,46
10267,p5128,92,30
10269,p5129,18,6
10271,p5130,68,78
10272,p5131,81,49
10273,p5132,36,81
10274,p5133,89,8
10276,p5134,50,14
10279,p5135,40,98
10282,p5136,90,33
10285,p5137,53,82
10288,p5138,66,7
10289,p5139,37,78
10292,p5140,27,29
10293,p5141,27,55
10294,p5142,14,9
10295,p5143,11,98
10298,p5144,4,55
10299,p5145,49,23
10300,p5146,81,68
10301,p5147,70,8
10302,p5148,94,45
10305,p5149,69,87
10308,p5150,67,25
10310,p5151,61,27
10313,p5152,61,94
10315,p5153,52,90
10316,p5154,18,89
10318,p5155,73,33
10319,p5156,64,99
10320,p5157,3,51
10322,p5158,2,43
10324,p5159,79,20
10327,p5160,32,39
10330,p5161,73,67
10333,p5162,48,96
10334,p5163,33,78
10336,p5164,35,75
10339,p5165,7,61
10342,p5166,84,27
10344,p5167,26,94
10345,p5168,45,18
10348,p5169,31,62
10350,p5170,59,97
10351,p5171,71,97
10354,p5172,27,57
10357,p5173,68,1
10360,p5174,32,23
10363,p5175,59,19
10365,p5176,93,100
10366,p5177,77,12
10369,p5178,12,30
10371,p5179,25,11
10374,p5180,69,65
10377,p5181,87,12
10379,p5182,38,36
10380,p5183,71,41
10383,p5184,10,33
10386,p5185,43,68
10388,p5186,23,99
10389,p5187,5,39
10391,p5188,39,33
10394,p5189,21,3
10396,p5190,68,85
10397,p5191,23,16
10398,p5192,70,21
10400,p5193,27,82
10402,p5194,15,20
10405,p5195,98,74
10408,p5196,90,29
10410,p5197,11,64
10412,p5198,66,34
10413,p5199,28,100
10414,p5200,39,94
10416,p5201,41,42
10419,p5202,95,83
10420,p5203,15,38
10421,p5204,94,41
10424,p5205,85,99
10426,p5206,74,73
10429,p5207,30,77
10432,p5208,16,100
10433,p5209,34,72
10435,p5210,27,62
10437,p5211,61,72
10438,p5212,2,15
10441,p5213,96,32
10442,p5214,8,35
10445,p5215,17,90
10446,p5216,46,47
10449,p5217,96,2
10451,p5218,77,14
10454,p5219,67,28
10455,p5220,79,80
10458,p5221,11,94
10459,p5222,77,30
10460,p5223,82,35
10463,p5224,82,73
10465,p5225,28,78
10467,p5226,42,66
10469,p5227,91,62
10472,p5228,54,59
10474,p5229,77,24
10476,p5230,52,19
10479,p5231,83,24
10481,p5232,63,43
10484,p5233,2,9
10486,p5234,2,97
10488,p5235,67,34
10489,p5236,84,24
10492,p5237,33,58
10495,p5238,88,87
10498,p5239,86,75
10501,p5240,29,69
10504,p5241,26,42
10505,p5242,39,88
10507,p5243,11,15
10510,p5244,77,48
10511,p5245,46,44
10514,p5246,53,6
10515,p5247,85,70
10517,p5248,100,7
10520,p5249,64,93
10522,p5250,17,48
10524,p5251,44,88
10526,p5252,62,96
10529,p5253,21,14
10532,p5254,48,70
10534,p5255,97,28
10535,p5256,24,13
10537,p5257,58,19
10539,p5258,89,62
10542,p5259,53,21
10543,p5260,88,70
10544,p5261,28,52
10546,p5262,70,91
10547,p5263,94,56
10550,p5264,99,69
10553,p5265,42,86
10555,p5266,54,74
10556,p5267,39,43
10557,p5268,47,75
10558,p5269,38,76
10560,p5270,65,55
10561,p5271,15,76
10563,p5272,64,71
10565,p5273,53,22
10566,p5274,28,45
10569,p5275,74,87
10570,p5276,70,18
10573,p5277,65,41
10574,p5278,37,15
10577,p5279,9,89
10579,p5280,50,91
10581,p5281,61,95
10582,p5282,87,40
10585,p5283,39,82
10586,p5284,89,92
10588,p5285,68,69
10591,p5286,80,93
10594,p5287,99,68
10597,p5288,56,85
10598,p5289,36,34
10601,p5290,61,96
10602,p5291,59,77
10604,p5292,80,47
10607,p5293,78,11
10609,p5294,99,46
10610,p5295,29,49
10611,p5296,10,61
10614,p5297,53,6
10617,p5298,51,44
10620,p5299,95,63
10621,p5300,14,97
10622,p5301,39,35
10623,p5302,45,39
10626,p5303,16,42
10628,p5304,3,48
10629,p5305,52,34
10632,p5306,93,55
10634,p5307,39,99
10635,p5308,48,7
10637,p5309,82,13
10639,p5310,77,53
10642,p5311,62,84
10645,p5312,84,19
10647,p5313,71,39
10648,p5314,41,75
10649,p5315,84,41
10652,p5316,77,17
10655,p5317,22,43
10657,p5318,87,96
10658,p5319,57,8
10659,p5320,58,39
10660,p5321,98,78
10663,p5322,64,98
10664,p5323,43,6
10665,p5324,56,8
10666,p5325,95,17
10667,p5326,14,51
10668,p5327,29,37
10670,p5328,13,94
10673,p5329,88,95
10674,p5330,16,98
10677,p5331,87,4
10678,p5332,64,86
10680,p5333,54,31
10681,p5334,55,38
10683,p5335,56,97
10685,p5336,21,41
10688,p5337,98,25
10689,p5338,38,10
10692,p5339,90,3
10694,p5340,12,2
10695,p5341,16,53
10697,p5342,57,76
10698,p5343,49,99
10699,p5344,30,57
10700,p5345,11,27
10703,p5346,80,58
10706,p5347,11,23
10709,p5348,77,64
10711,p5349,95,56
10714,p5350,84,66
10715,p5351,38,54
10716,p5352,6,46
10718,p5353,26,100
10720,p5354,97,10
10721,p5355,72,54
10724,p5356,79,39
10727,p5357,22,74
10730,p5358,37,29
10731,p5359,95,89
10734,p5360,13,63
10737,p5361,62,47
10738,p5362,7,97
10740,p5363,22,67
10742,p5364,64,14
10744,p5365,77,46
10746,p5366,62,18
10749,p5367,24,13
10750,p5368,57,52
10751,p5369,86,40
10753,p5370,7,11
10756,p5371,89,45
10759,p5372,70,9
10761,p5373,26,15
10762,p5374,24,6
10764,p5375,79,27
10767,p5376,75,21
10768,p5377,24,98
10771,p5378,58,93
10773,p5379,17,2
10774,p5380,9,54
10775,p5381,53,54
10778,p5382,97,52
10779,p5383,61,79
10781,p5384,45,44
10784,p5385,64,100
10787,p5386,93,59
10788,p5387,86,65
10791,p5388,100,71
10793,p5389,98,40
10795,p5390,78,19
10796,p5391,37,59
10797,p5392,79,10
10799,p5393,63,26
10802,p5394,73,53
10805,p5395,93,51
10807,p5396,3,61
10810,p5397,59,12
10811,p5398,97,87
10814,p5399,4,23
10815,p5400,21,22
10816,p5401,42,37
10817,p5402,47,13
10819,p5403,35,99
10820,p5404,40,5
10821,p5405,92,70
10824,p5406,51,45
10826,p5407,21,32
10827,p5408,99,7
10830,p5409,17,22
10831,p5410,62,23
10832,p5411,38,17
10833,p5412,59,94
10836,p5413,98,43
10837,p5414,84,78
10838,p5415,83,69
10839,p5416,10,82
10842,p5417,57,91
10845,p5418,4,64
10846,p5419,81,63
10848,p5420,73,14
10850,p5421,34,77
10853,p5422,49,51
10856,p5423,44,11
10859,p5424,17,64
10861,p5425,30,29
10862,p5426,90,13
10865,p5427,57,36
10867,p5428,16,20
10869,p5429,30,51
10872,p5430,41,83
10873,p5431,80,93
10874,p5432,45,74
10876,p5433,31,7
10877,p5434,17,41
10879,p5435,5,79
10880,p5436,42,70
10883,p5437,53,41
10885,p5438,98,66
10886,p5439,14,72
10887,p5440,99,1
10889,p5441,25,22
10891,p5442,8,85
10893,p5443,94,10
10896,p5444,23,51
10898,p5445,14,22
10901,p5446,35,85
10903,p5447,53,89
10904,p5448,36,60
10907,p5449,96,45
10910,p5450,91,1
10912,p5451,3,74
10913,p5452,7,98
10914,p5453,74,43
10917,p5454,37,94
10919,p5455,1,72
10921,p5456,45,55
10923,p5457,36,5
10924,p5458,16,33
10926,p5459,81,56
10929,p5460,45,14
10932,p5461,70,14
10934,p5462,29,43
10935,p5463,99,15
10937,p5464,25,31
10938,p5465,64,5
10940,p5466,71,92
10942,p5467,76,96
10943,p5468,62,72
10945,p5469,11,65
10947,p5470,71,67
10949,p5471,59,28
10952,p5472,26,27
10953,p5473,89,37
10954,p5474,72,29
10955,p5475,64,63
10956,p5476,58,25
10957,p5477,66,11
10959,p5478,5,39
10961,p5479,48,72
10963,p5480,65,9
10964,p5481,26,85
10967,p5482,14,45
10970,p5483,80,20
10973,p5484,82,79
10975,p5485,34,44
10976,p5486,40,44
10979,p5487,90,38
10980,p5488,64,20
10982,p5489,44,12
10985,p5490,7,93
10987,p5491,15,61
10988,p5492,64,49
10990,p5493,28,52
10992,p5494,93,85
10993,p5495,63,4
10995,p5496,64,6
10996,p5497,44,8
10999,p5498,75,84
11000,p5499,57,68
11002,p5500,95,90
11004,p5501,2,71
11006,p5502,20,60
11008,p5503,42,2
11009,p5504,89,28
11010,p5505,48,61
11013,p5506,64,33
11014,p5507,96,50
11015,p5508,27,62
11018,p5509,32,84
11021,p5510,9,20
11023,p5511,55,64
11024,p5512,88,83
11027,p5513,30,31
11028,p5514,14,90
11029,p5515,96,86
11030,p5516,48,16
11032,p5517,23,35
11033,p5518,88,41
11036,p5519,29,47
11037,p5520,21,55
11039,p5521,37,100
11041,p5522,96,12
11043,p5523,98,50
11046,p5524,77,68
11048,p5525,4,40
11050,p5526,96,31
11052,p5527,76,54
11053,p5528,25,64
11056,p5529,55,19
11059,p5530,38,19
11062,p5531,8,28
11063,p5532,89,99
11064,p5533,12,5
11065,p5534,98,85
11068,p5535,2,4
11069,p5536,53,95
11072,p5537,11,70
11073,p5538,87,98
11076,p5539,98,74
11077,p5540,80,81
11080,p5541,93,50
11081,p5542,83,28
11084,p5543,15,90
11085,p5544,41,94
11086,p5545,20,23
11087,p5546,47,50
11090,p5547,98,45
11093,p5548,45,41
11094,p5549,75,48
11097,p5550,79,23
11098,p5551,94,68
11100,p5552,4,67
11101,p5553,6,80
11102,p5554,59,67
11104,p5555,92,18
11105,p5556,70,47
11106,p5557,31,92
11108,p5558,96,26
11111,p5559,20,34
11112,p5560,25,26
11115,p5561,2,5
11118,p5562,54,7
11119,p5563,31,70
11122,p5564,94,7
11123,p5565,80,30
11124,p5566,58,71
11126,p5567,19,57
11128,p5568,71,55
11130,p5569,48,50
11132,p5570,30,43
11133,p5571,52,25
11134,p5572,69,80
11137,p5573,97,43
11140,p5574,93,78
11142,p5575,49,84
11143,p5576,87,21
11144,p5577,14,43
11145,p5578,84,14
11147,p5579,41,23
11148,p5580,42,24
11150,p5581,57,94
11152,p5582,97,94
11155,p5583,2,66
11156,p5584,71,88
11158,p5585,65,92
11161,p5586,76,67
11164,p5587,48,47
11166,p5588,13,23
11169,p5589,46,65
11171,p5590,25,78
11174,p5591,76,45
11175,p5592,39,49
11176,p5593,49,4
11178,p5594,50,8
11181,p5595,13,76
11184,p5596,96,32
11187,p5597,72,45
11189,p5598,41,28
11191,p5599,19,70
11192,p5600,8,85
11193,p5601,1,53
11195,p5602,41,60
11197,p5603,40,1
11198,p5604,24,88
11200,p5605,7,69
11203,p5606,46,69
11204,p5607,95,26
11205,p5608,80,1
11206,p5609,79,76
11209,p5610,24,16
11212,p5611,87,85
11214,p5612,82,24
11216,p5613,56,60
11217,p5614,87,14
11218,p5615,10,89
11221,p5616,93,18
11224,p5617,29,77
11226,p5618,94,63
11227,p5619,81,60
11228,p5620,40,64
11230,p5621,82,31
11231,p5622,55,8
11232,p5623,95,64
11233,p5624,65,44
11236,p5625,46,49
11239,p5626,5,56
11240,p5627,97,68
11241,p5628,78,34
11244,p5629,61,17
11245,p5630,39,93
11246,p5631,63,90
11247,p5632,8,18
11250,p5633,8,50
11252,p5634,69,100
11254,p5635,25,48
11256,p5636,29,27
11259,p5637,76,26
11260,p5638,58,66
11263,p5639,62,44
11264,p5640,84,17
11266,p5641,66,32
11269,p5642,42,77
11272,p5643,25,56
11274,p5644,53,60
11276,p5645,33,46
11277,p5646,63,78
11279,p5647,77,84
11280,p5648,15,67
11282,p5649,12,65
11283,p5650,3,27
11284,p5651,81,57
11286,p5652,8,27
11289,p5653,74,8
11292,p5654,12,9
11293,p5655,91,61
11294,p5656,96,8
11297,p5657,70,36
11299,p5658,65,78
11301,p5659,78,90
11302,p5660,18,83
11303,p5661,51,13
11304,p5662,85,56
11307,p5663,16,2
11308,p5664,72,16
11309,p5665,73,35
11311,p5666,82,30
11314,p5667,45,13
11317,p5668,21,14
11320,p5669,28,3
11322,p5670,90,29
11323,p5671,97,71
11324,p5672,64,17
11327,p5673,42,14
11329,p5674,57,100
11331,p5675,20,61
11332,p5676,49,63
11334,p5677,1,37
11336,p5678,100,39
11337,p5679,12,56
11340,p5680,13,83
11341,p5681,25,23
11342,p5682,42,72
11344,p5683,10,28
11345,p5684,79,51
11346,p5685,5,30
11349,p5686,80,20
11352,p5687,46,33
11355,p5688,31,88
11358,p5689,99,3
11359,p5690,36,69
11360,p5691,4,97
11362,p5692,63,94
11365,p5693,57,24
11368,p5694,70,74
11369,p5695,41,78
11370,p5696,90,45
11372,p5697,56,5
11373,p5698,92,21
11376,p5699,2,71
11378,p5700,2,72
11380,p5701,57,96
11383,p5702,15,9
11385,p5703,63,76
11386,p5704,30,33
11387,p5705,91,13
11390,p5706,12,52
11393,p5707,79,46
11395,p5708,42,77
11396,p5709,6,60
11397,p5710,6,95
11398,p5711,33,5
11399,p5712,42,37
11400,p5713,13,78
11403,p5714,59,41
11406,p5715,82,49
11409,p5716,70,44
11410,p5717,9,19
11413,p5718,53,31
11414,p5719,33,29
11415,p5720,82,86
11416,p5721,86,52
11419,p5722,24,70
11420,p5723,59,5
11423,p5724,29,89
11424,p5725,83,19
11426,p5726,47,82
11428,p5727,7,53
11429,p5728,23,30
11432,p5729,78,76
11434,p5730,16,41
11435,p5731,40,36
11436,p5732,23,44
11439,p5733,27,54
11442,p5734,19,21
11445,p5735,65,4
11447,p5736,24,67
11450,p5737,11,65
11452,p5738,48,77
11453,p5739,96,44
11455,p5740,10,45
11456,p5741,67,13
11459,p5742,82,10
11462,p5743,5,38
11463,p5744,25,40
11464,p5745,3,50
11465,p5746,87,44
11466,p5747,43,56
11469,p5748,98,80
11471,p5749,77,94
11472,p5750,7,50
11475,p5751,62,94
11476,p5752,92,50
11477,p5753,26,52
11479,p5754,74,5
11482,p5755,72,100
11483,p5756,40,27
11484,p5757,99,85
11485,p5758,50,85
11488,p5759,72,69
11491,p5760,24,67
11492,p5761,94,24
11493,p5762,19,88
11495,p5763,27,7
11497,p5764,92,35
11500,p5765,91,61
11501,p5766,18,30
11504,p5767,27,64
11505,p5768,60,15
11506,p5769,44,88
11508,p5770,77,65
11511,p5771,63,79
11513,p5772,9,47
11516,p5773,81,94
11519,p5774,59,69
11520,p5775,2,10
11521,p5776,86,19
11524,p5777,4,54
11526,p5778,77,30
11527,p5779,69,9
11528,p5780,72,51
11531,p5781,55,86
11533,p5782,48,19
11535,p5783,24,100
11538,p5784,75,60
11539,p5785,4,78
11541,p5786,20,13
11544,p5787,39,94
11547,p5788,72,25
11550,p5789,34,57
11551,p5790,64,86
11552,p5791,12,87
11554,p5792,89,13
11557,p5793,6,90
11559,p5794,59,66
11561,p5795,35,95
11562,p5796,1,15
11563,p5797,81,34
11565,p5798,94,71
11567,p5799,25,80
11569,p5800,59,27
11571,p5801,85,26
11572,p5802,83,74
11575,p5803,88,67
11578,p5804,97,12
11580,p5805,49,23
11581,p5806,61,94
11583,p5807,49,11
11584,p5808,80,73
11587,p5809,11,76
11589,p5810,47,21
11592,p5811,23,95
11593,p5812,12,42
11595,p5813,53,34
11597,p5814,37,32
11598,p5815,56,43
11600,p5816,52,39
11601,p5817,17,14
11603,p5818,25,64
11606,p5819,17,65
11609,p5820,3,27
11610,p5821,43,47
11611,p5822,29,61
11613,p5823,15,1
11616,p5824,5,94
11617,p5825,57,59
11620,p5826,3,37
11621,p5827,56,44
11622,p5828,66,96
11623,p5829,65,77
11625,p5830,39,41
11628,p5831,38,7
11631,p5832,54,22
11632,p5833,94,37
11635,p5834,31,58
11636,p5835,6,76
11638,p5836,23,65
11641,p5837,4,85
11644,p5838,7,51
11645,p5839,24,33
11648,p5840,75,17
11651,p5841,75,40
11654,p5842,82,23
11657,p5843,25,96
11658,p5844,61,58
11659,p5845,80,95
11661,p5846,84,59
11662,p5847,24,41
11663,p5848,58,73
11666,p5849,98,12
11667,p5850,90,99
11669,p5851,43,55
11672,p5852,84,23
11673,p5853,70,65
11675,p5854,87,40
11677,p5855,52,84
11679,p5856,62,85
11682,p5857,9,79
11683,p5858,12,32
11685,p5859,92,37
11687,p5860,28,42
11689,p5861,24,20
11691,p5862,48,69
11693,p5863,77,42
11694,p5864,49,60
11697,p5865,36,58
11699,p5866,48,53
11702,p5867,10,26
11703,p5868,52,51
11705,p5869,26,68
11708,p5870,20,6
11710,p5871,11,61
11711,p5872,2,72
11714,p5873,100,5
11717,p5874,45,52
11718,p5875,56,93
11721,p5876,22,19
11724,p5877,92,66
11727,p5878,20,88
11730,p5879,42,85
11731,p5880,50,47
11733,p5881,78,63
11735,p5882,11,6
11738,p5883,28,63
11740,p5884,2,42
11742,p5885,74,67
11743,p5886,8,12
11745,p5887,61,78
11748,p5888,64,85
11750,p5889,41,77
11751,p5890,45,55
11752,p5891,21,32
11755,p5892,60,83
11756,p5893,91,40
11757,p5894,13,54
11759,p5895,94,87
11760,p5896,45,43
11763,p5897,78,91
11765,p5898,15,52
11766,p5899,10,35
11768,p5900,9,23
11771,p5901,56,98
11774,p5902,53,36
11776,p5903,89,63
11779,p5904,94,37
11782,p5905,22,39
11783,p5906,70,46
11785,p5907,68,16
11788,p5908,19,67
11791,p5909,96,23
11793,p5910,14,41
11795,p5911,13,65
11796,p5912,92,10
11797,p5913,21,26
11799,p5914,91,37
11801,p5915,65,50
11804,p5916,44,33
11806,p5917,60,15
11807,p5918,32,87
11808,p5919,13,95
11809,p5920,78,30
11810,p5921,67,40
11812,p5922,63,19
11814,p5923,6,42
11815,p5924,93,74
11818,p5925,40,25
11819,p5926,93,10
11822,p5927,99,11
11825,p5928,69,71
11828,p5929,44,65
11830,p5930,25,96
11831,p5931,82,87
11832,p5932,81,18
11834,p5933,2,54
11836,p5934,73,85
11838,p5935,77,45
11839,p5936,31,58
11841,p5937,38,69
11844,p5938,80,2
11846,p5939,83,10
11848,p5940,24,19
11850,p5941,88,31
11853,p5942,41,8
11855,p5943,22,46
11856,p5944,2,56
11857,p5945,26,73
11860,p5946,23,16
11863,p5947,66,74
11866,p5948,39,63
11869,p5949,67,38
11872,p5950,91,30
11874,p5951,26,97
11876,p5952,11,42
11879,p5953,30,74
11882,p5954,99,94
11883,p5955,66,21
11886,p5956,11,53
11889,p5957,18,28
11890,p5958,52,26
11891,p5959,27,58
11893,p5960,98,9
11896,p5961,46,17
11897,p5962,8,43
11898,p5963,32,88
11901,p5964,21,3
11903,p5965,24,98
11906,p5966,29,94
11908,p5967,2,61
11910,p5968,36,6
11912,p5969,92,44
11915,p5970,30,19
11918,p5971,82,34
11919,p5972,41,86
11922,p5973,39,77
11923,p5974,45,31
11926,p5975,12,33
11929,p5976,89,20
11932,p5977,27,53
11933,p5978,72,8
11934,p5979,59,95
11937,p5980,48,100
11938,p5981,29,67
11941,p5982,14,3
11942,p5983,29,6
11945,p5984,47,41
11947,p5985,6,71
11949,p5986,89,70
11951,p5987,1,33
11953,p5988,37,82
11954,p5989,63,30
11955,p5990,67,74
11957,p5991,45,26
11959,p5992,51,4
11960,p5993,62,39
11961,p5994,40,79
11964,p5995,9,67
11965,p5996,28,36
11967,p5997,16,51
11970,p5998,30,77
11973,p5999,17,93
11974,p6000,33,21
11976,p6001,29,100
11979,p6002,34,69
11982,p6003,34,80
11983,p6004,51,2
11984,p6005,39,22
11986,p6006,3,35
11989,p6007,45,54
11991,p6008,39,20
11994,p6009,26,52
11995,p6010,37,87
11997,p6011,69,19
12000,p6012,57,7
12001,p6013,61,65
12004,p6014,59,51
12007,p6015,32,70
12010,p6016,36,6
12012,p6017,39,9
12015,p6018,56,84
12017,p6019,97,26
12020,p6020,56,98
12021,p6021,9,67
12023,p6022,98,17
12026,p6023,89,34
12027,p6024,97,29
12030,p6025,68,96
12031,p6026,7,53
12032,p6027,17,94
12034,p6028,57,8
12036,p6029,65,30
12038,p6030,57,77
12041,p6031,13,16
12043,p6032,14,15
12045,p6033,58,64
12048,p6034,53,24
12049,p6035,34,46
12052,p6036,76,23
12053,p6037,29,60
12056,p6038,27,73
12057,p6039,100,78
12059,p6040,85,60
12061,p6041,89,6
12062,p6042,74,94
12065,p6043,82,31
12067,p6044,56,35
12068,p6045,47,53
12069,p6046,63,65
12072,p6047,12,92
12074,p6048,47,56
12077,p6049,11,82
12078,p6050,73,90
12079,p6051,78,47
12082,p6052,99,61
12085,p6053,24,47
12086,p6054,61,4
12087,p6055,10,12
12090,p6056,54,47
12091,p6057,36,49
12094,p6058,100,83
12095,p6059,35,4
12096,p6060,43,28
12097,p6061,59,6
12098,p6062,64,44
12099,p6063,17,23
12100,p6064,96,49
12103,p6065,21,62
12104,p6066,45,93
12106,p6067,14,90
12109,p6068,90,98
12111,p6069,74,47
12113,p6070,97,16
12114,p6071,11,29
12117,p6072,67,85
12119,p6073,1,84
12122,p6074,48,98
12125,p6075,31,56
12127,p6076,69,12
12130,p6077,91,7
12133,p6078,70,62
12136,p6079,22,70
12139,p6080,55,12
12141,p6081,74,44
12144,p6082,10,12
12147,p6083,43,93
12148,p6084,52,13
12151,p6085,75,73
12154,p6086,12,18
12157,p6087,85,28
12159,p6088,21,50
12161,p6089,64,8
12163,p6090,4,41
12165,p6091,41,98
12166,p6092,69,50
12167,p6093,73,52
12170,p6094,30,65
12171,p6095,90,83
12173,p6096,63,54
12174,p6097,1,52
12177,p6098,31,76
12179,p6099,37,70
12181,p6100,37,70
12183,p6101,75,37
12185,p6102,37,23
12187,p6103,57,49
12190,p6104,96,29
12193,p6105,17,8
12195,p6106,22,9
12197,p6107,48,95
12198,p6108,1,56
12201,p6109,40,79
12202,p6110,32,87
12205,p6111,99,51
12208,p6112,90,37
12210,p6113,74,40
12213,p6114,12,79
12216,p6115,3,100
12218,p6116,67,75
12220,p6117,38,67
12221,p6118,17,98
12224,p6119,6,4
12227,p6120,87,23
12230,p6121,99,68
12231,p6122,32,17
12234,p6123,98,60
12237,p6124,38,97
12239,p6125,54,61
12242,p6126,14,4
12245,p6127,57,5
12246,p6128,10,83
12247,p6129,39,9
12250,p6130,51,45
12252,p6131,19,55
12253,p6132,23,97
12256,p6133,22,67
12258,p6134,42,93
12259,p6135,20,7
12260,p6136,17,26
12261,p6137,68,76
12262,p6138,99,28
12265,p6139,11,50
12268,p6140,76,79
12269,p6141,60,23
12270,p6142,25,83
12273,p6143,11,86
12274,p6144,29,99
12275,p6145,20,72
12277,p6146,33,50
12280,p6147,62,20
12281,p6148,66,9
12282,p6149,26,49
12284,p6150,69,73
12286,p6151,83,51
12288,p6152,24,41
12290,p6153,84,95
12293,p6154,7,59
12295,p6155,53,26
12296,p6156,86,6
12298,p6157,37,81
12301,p6158,5,43
12302,p6159,3,40
12303,p6160,78,2
12306,p6161,76,25
12307,p6162,98,70
12310,p6163,31,88
12313,p6164,20,32
12314,p6165,3,51
12315,p6166,29,98
12318,p6167,46,87
12321,p6168,84,73
12324,p6169,42,34
12327,p6170,10,92
12329,p6171,84,4
12332,p6172,27,92
12333,p6173,14,57
12335,p6174,40,4
12336,p6175,48,91
12339,p6176,49,19
12342,p6177,2,48
12343,p6178,77,68
12344,p6179,20,25
12345,p6180,74,51
12346,p6181,15,92
12347,p6182,86,77
12348,p6183,45,26
12349,p6184,93,77
12350,p6185,82,89
12352,p6186,24,19
12354,p6187,46,51
12355,p6188,72,44
12358,p6189,5,96
12359,p6190,50,86
12362,p6191,58,73
12364,p6192,21,75
12365,p6193,83,24
12368,p6194,99,82
12370,p6195,7,85
12372,p6196,50,15
12375,p6197,50,54
12377,p6198,28,41
12380,p6199,93,46
12383,p6200,90,45
12384,p6201,65,61
12386,p6202,38,43
12389,p6203,68,4
12390,p6204,38,80
12392,p6205,8,36
12393,p6206,31,72
12395,p6207,28,50
12397,p6208,40,77
12399,p6209,50,4
12400,p6210,35,57
12401,p6211,72,31
12402,p6212,55,98
12405,p6213,22,43
12407,p6214,95,33
12408,p6215,63,22
12411,p6216,38,69
12414,p6217,52,16
12416,p6218,70,93
12419,p6219,100,50
12422,p6220,29,77
12425,p6221,6,69
12428,p6222,81,4
12429,p6223,52,88
12432,p6224,38,79
12433,p6225,88,98
12435,p6226,17,39
12437,p6227,91,99
12438,p6228,99,100
12441,p6229,2,99
12443,p6230,34,75
12445,p6231,48,78
12446,p6232,29,3
12447,p6233,40,6
12449,p6234,93,68
12451,p6235,68,10
12453,p6236,63,90
12454,p6237,67,5
12457,p6238,19,46
12460,p6239,21,1
12462,p6240,68,100
12463,p6241,42,22
12465,p6242,31,63
12468,p6243,30,81
12470,p6244,88,27
12472,p6245,64,24
12475,p6246,51,27
12477,p6247,14,31
12478,p6248,60,48
12481,p6249,28,50
12483,p6250,96,95
12484,p6251,70,2
12486,p6252,62,35
12487,p6253,52,24
12489,p6254,39,78
12490,p6255,49,77
12493,p6256,32,47
12495,p6257,97,60
12496,p6258,49,39
12499,p6259,13,63
12500,p6260,69,44
12502,p6261,66,49
12505,p6262,36,52
12507,p6263,90,68
12508,p6264,61,49
12511,p6265,29,24
12512,p6266,69,44
12514,p6267,31,13
12517,p6268,82,16
12518,p6269,27,73
12521,p6270,53,34
12522,p6271,54,100
12525,p6272,96,85
12527,p6273,35,100
12530,p6274,42,27
12531,p6275,7,64
12534,p6276,12,45
12537,p6277,18,52
12540,p6278,34,54
12541,p6279,48,23
12543,p6280,22,97
12546,p6281,34,91
12547,p6282,96,9
12550,p6283,66,37
12553,p6284,88,71
12554,p6285,29,50
12557,p6286,17,59
12560,p6287,22,5
12562,p6288,9,27
12564,p6289,27,33
12566,p6290,62,90
12569,p6291,81,90
12570,p6292,42,53
12573,p6293,79,56
12575,p6294,78,12
12577,p6295,89,59
12579,p6296,10,88
12580,p6297,98,38
12583,p6298,67,17
12584,p6299,77,75
12586,p6300,66,4
12588,p6301,83,30
12589,p6302,50,69
12592,p6303,29,36
12593,p6304,9,11
12594,p6305,29,97
12595,p6306,90,100
12596,p6307,18,92
12599,p6308,8,25
12601,p6309,45,57
12603,p6310,30,66
12606,p6311,15,76
12607,p6312,66,42
12610,p6313,92,16
12613,p6314,22,68
12615,p6315,14,42
12616,p6316,25,70
12617,p6317,38,26
12619,p6318,63,65
12621,p6319,4,75
12623,p6320,60,82
12626,p6321,15,70
12629,p6322,32,55
12631,p6323,7,25
12634,p6324,81,99
12635,p6325,5,79
12636,p6326,86,70
12637,p6327,71,12
12640,p6328,41,12
12643,p6329,22,29
12644,p6330,97,52
12646,p6331,21,40
12647,p6332,79,77
12649,p6333,68,63
12651,p6334,31,61
12652,p6335,8,7
12655,p6336,58,39
12656,p6337,82,27
12658,p6338,11,40
12660,p6339,28,43
12663,p6340,45,51
12666,p6341,87,42
12667,p6342,83,8
12670,p6343,7,51
12671,p6344,82,27
12673,p6345,52,30
12675,p6346,2,53
12677,p6347,79,49
12680,p6348,81,18
12681,p6349,8,15
12682,p6350,4,98
12684,p6351,21,91
12687,p6352,6,45
12690,p6353,85,89
12693,p6354,36,66
12696,p6355,57,77
12699,p6356,22,93
12701,p6357,57,9
12703,p6358,26,35
12705,p6359,14,12
12707,p6360,53,79
12709,p6361,36,12
12712,p6362,19,32
12713,p6363,14,69
12715,p6364,14,47
12716,p6365,82,96
12719,p6366,90,66
12721,p6367,57,96
12722,p6368,78,10
12725,p6369,69,29
12727,p6370,23,52
12730,p6371,41,14
12733,p6372,30,36
12735,p6373,50,64
12738,p6374,33,61
12741,p6375,8,4
12742,p6376,61,87
12745,p6377,56,51
12747,p6378,80,91
12750,p6379,17,83
12753,p6380,42,30
12756,p6381,14,72
12758,p6382,76,49
12760,p6383,100,91
12763,p6384,62,77
12764,p6385,25,76
12767,p6386,48,24
12770,p6387,15,53
12773,p6388,2,46
12776,p6389,81,12
12779,p6390,81,41
12780,p6391,99,9
12783,p6392,22,96
12786,p6393,6,1
12787,p6394,42,71
12788,p6395,74,24
12789,p6396,8,37
12792,p6397,12,39
12795,p6398,32,10
12796,p6399,4,86
12797,p6400,48,93
12798,p6401,7,12
12801,p6402,2,81
12802,p6403,94,32
12803,p6404,33,37
12805,p6405,96,17
12808,p6406,7,53
12809,p6407,54,67
12811,p6408,70,96
12812,p6409,18,87
12814,p6410,25,20
12815,p6411,66,41
12817,p6412,5,95
12819,p6413,91,42
12822,p6414,50,95
12825,p6415,78,23
12827,p6416,97,79
12830,p6417,13,6
12832,p6418,25,4
12833,p6419,9,7
12836,p6420,20,79
12839,p6421,76,14
12841,p6422,64,16
12842,p6423,62,44
12843,p6424,27,99
12846,p6425,60,92
12847,p6426,87,77
12848,p6427,51,64
12850,p6428,11,69
12853,p6429,88,97
12856,p6430,55,75
12859,p6431,21,66
12860,p6432,91,26
12863,p6433,100,21
12864,p6434,47,18
12866,p6435,8,40
12869,p6436,18,42
12872,p6437,50,94
12874,p6438,57,14
12876,p6439,62,43
12877,p6440,5,46
12879,p6441,63,75
12881,p6442,18,99
12884,p6443,16,60
12887,p6444,4,50
12890,p6445,44,86
12893,p6446,38,72
12895,p6447,39,85
12898,p6448,4,57
12901,p6449,59,55
12902,p6450,53,99
12903,p6451,59,21
12906,p6452,51,80
12908,p6453,65,63
12911,p6454,11,18
12912,p6455,8,47
12915,p6456,53,38
12918,p6457,26,61
12919,p6458,61,12
12922,p6459,83,26
12924,p6460,15,22
12927,p6461,81,34
12929,p6462,89,13
12932,p6463,96,15
12934,p6464,31,22
12937,p6465,82,10
12939,p6466,57,25
12942,p6467,30,89
12944,p6468,26,74
12946,p6469,48,68
12948,p6470,15,25
12949,p6471,6,26
12952,p6472,74,59
12954,p6473,65,75
12955,p6474,28,43
12956,p6475,95,13
12957,p6476,76,87
12959,p6477,66,6
12962,p6478,92,57
12965,p6479,31,38
12968,p6480,86,62
12970,p6481,30,35
12971,p6482,36,95
12972,p6483,76,28
12973,p6484,48,17
12975,p6485,22,27
12976,p6486,57,80
12979,p6487,69,13
12980,p6488,27,78
12983,p6489,89,13
12985,p6490,83,35
12986,p6491,99,48
12987,p6492,49,50
12989,p6493,8,1
12992,p6494,77,54
12993,p6495,78,42
12996,p6496,64,70
12998,p6497,78,8
13001,p6498,70,66
13002,p6499,66,39
13003,p6500,50,24
13005,p6501,66,59
13006,p6502,87,85
13008,p6503,42,34
13010,p6504,45,27
13013,p6505,39,8
13016,p6506,14,96
13019,p6507,26,78
13022,p6508,58,38
13025,p6509,83,1
13026,p6510,88,47
13028,p6511,11,74
13030,p6512,40,98
13031,p6513,73,14
13032,p6514,11,75
13033,p6515,34,46
13036,p6516,25,58
13039,p6517,51,98
13041,p6518,68,43
13043,p6519,62,88
13044,p6520,76,88
13047,p6521,58,36
13050,p6522,31,10
13052,p6523,69,62
13055,p6524,76,24
13056,p6525,67,58
13058,p6526,42,16
13060,p6527,18,73
13062,p6528,19,45
13065,p6529,41,62
13068,p6530,5,67
13070,p6531,52,81
13072,p6532,73,61
13073,p6533,47,96
13074,p6534,97,98
13077,p6535,97,50
13079,p6536,51,63
13080,p6537,85,87
13083,p6538,79,98
13085,p6539,51,73
13086,p6540,10,26
13088,p6541,46,22
13089,p6542,42,68
13092,p6543,27,83
13093,p6544,77,34
13096,p6545,92,85
13098,p6546,24,63
13099,p6547,62,13
13102,p6548,71,4
13103,p6549,45,13
13105,p6550,92,30
13107,p6551,75,87
13109,p6552,60,73
13111,p6553,55,23
13113,p6554,53,97
13115,p6555,61,97
13118,p6556,53,86
13121,p6557,13,16
13124,p6558,89,17
13127,p6559,58,71
13129,p6560,22,44
13131,p6561,91,99
13133,p6562,32,16
13136,p6563,1,79
13138,p6564,42,24
13139,p6565,88,34
13142,p6566,51,20
13145,p6567,71,72
13148,p6568,35,78
13149,p6569,39,49
13150,p6570,7,69
13153,p6571,20,14
13155,p6572,73,82
13156,p6573,94,89
13157,p6574,87,41
13159,p6575,79,31
13162,p6576,17,9
13164,p6577,23,87
13165,p6578,90,78
13166,p6579,15,7
13168,p6580,73,65
13171,p6581,40,6
13173,p6582,91,96
13174,p6583,75,52
13177,p6584,88,29
13179,p6585,14,85
13180,p6586,53,59
13181,p6587,96,59
13183,p6588,87,56
13184,p6589,67,58
13185,p6590,8,77
13186,p6591,18,65
13188,p6592,55,8
13190,p6593,13,62
13191,p6594,69,42
13193,p6595,17,29
13194,p6596,51,4
13195,p6597,85,40
13196,p6598,82,21
13198,p6599,15,79
13201,p6600,75,87
13204,p6601,3,94
13206,p6602,21,14
13209,p6603,3,77
13212,p6604,49,16
13213,p6605,19,100
13214,p6606,65,70
13216,p6607,30,29
13218,p6608,91,21
13220,p6609,30,75
13221,p6610,73,22
13223,p6611,68,61
13224,p6612,60,96
13225,p6613,29,42
13226,p6614,44,54
13228,p6615,44,4
13230,p6616,62,43
13233,p6617,97,16
13234,p6618,54,6
13236,p6619,34,96
13237,p6620,75,22
13239,p6621,91,47
13240,p6622,46,4
13241,p6623,10,39
13244,p6624,99,33
13246,p6625,27,74
13247,p6626,60,46
13250,p6627,8,2
13251,p6628,53,55
13253,p6629,9,10
13254,p6630,77,19
13255,p6631,67,17
13258,p6632,91,26
13260,p6633,58,41
13262,p6634,58,46
13265,p6635,15,69
13268,p6636,14,80
13270,p6637,37,25
13271,p6638,56,43
13272,p6639,81,87
13274,p6640,9,36
13275,p6641,50,39
13276,p6642,99,69
13277,p6643,7,39
13279,p6644,55,77
13281,p6645,92,63
13284,p6646,52,95
13287,p6647,86,55
13290,p6648,61,33
13293,p6649,19,44
13295,p6650,23,63
13297,p6651,53,10
13299,p6652,38,11
13301,p6653,17,63
13304,p6654,47,59
13306,p6655,61,33
13307,p6656,30,44
13309,p6657,71,42
13310,p6658,23,68
13313,p6659,50,11
13315,p6660,69,96
13317,p6661,84,28
13319,p6662,89,99
13321,p6663,36,28
13323,p6664,33,2
13326,p6665,97,99
13328,p6666,74,69
13330,p6667,100,14
13332,p6668,48,7
13333,p6669,91,68
13334,p6670,29,58
13335,p6671,76,98
13337,p6672,63,37
13340,p6673,85,94
13342,p6674,29,1
13343,p6675,100,31
13346,p6676,33,42
13348,p6677,63,84
13350,p6678,86,40
13353,p6679,6,48
13354,p6680,32,16
13355,p6681,82,30
13357,p6682,84,92
13360,p6683,50,22
13361,p6684,69,1
13362,p6685,5,66
13365,p6686,21,11
13366,p6687,65,88
13367,p6688,98,27
13368,p6689,8,96
13369,p6690,27,91
13370,p6691,25,24
13372,p6692,88,47
13375,p6693,90,96
13376,p6694,14,38
13379,p6695,58,44
13380,p6696,51,75
13382,p6697,41,18
13385,p6698,34,73
13387,p6699,8,60
13388,p6700,42,78
13389,p6701,75,43
13390,p6702,77,87
13392,p6703,79,61
13394,p6704,40,27
13396,p6705,17,15
13398,p6706,60,55
13399,p6707,72,53
13401,p6708,75,8
13404,p6709,69,90
13405,p6710,41,88
13407,p6711,14,41
13408,p6712,68,41
13411,p6713,44,35
13414,p6714,86,70
13417,p6715,29,73
13420,p6716,82,94
13422,p6717,7,62
13424,p6718,65,51
13427,p6719,9,15
13429,p6720,98,57
13430,p6721,50,93
13433,p6722,27,51
13435,p6723,54,66
13436,p6724,74,14
13438,p6725,71,38
13439,p6726,97,77
13441,p6727,76,51
13443,p6728,73,38
13446,p6729,20,39
13448,p6730,76,35
13449,p6731,4,83
13452,p6732,61,4
13455,p6733,72,93
13456,p6734,23,32
13458,p6735,70,20
13460,p6736,36,58
13461,p6737,29,51
13464,p6738,9,2
13466,p6739,100,84
13469,p6740,31,13
13472,p6741,85,87
13473,p6742,82,34
13475,p6743,75,20
13476,p6744,66,62
13479,p6745,79,10
13481,p6746,21,56
13484,p6747,14,64
13487,p6748,56,92
13490,p6749,30,26
13491,p6750,28,91
13492,p6751,99,24
13494,p6752,2,87
13497,p6753,30,54
13500,p6754,26,77
13501,p6755,85,70
13504,p6756,71,20
13506,p6757,64,70
13509,p6758,58,10
13510,p6759,68,40
13513,p6760,58,8
13514,p6761,99,89
13517,p6762,88,20
13518,p6763,25,28
13519,p6764,41,50
13521,p6765,64,13
13522,p6766,64,7
13524,p6767,62,60
13526,p6768,95,43
13529,p6769,62,78
13530,p6770,15,2
13531,p6771,34,81
13532,p6772,24,4
13533,p6773,40,32
13535,p6774,80,33
13537,p6775,27,28
13538,p6776,1,75
13540,p6777,30,6
13542,p6778,30,57
13545,p6779,42,70
13548,p6780,16,49
13549,p6781,88,42
13551,p6782,71,43
13554,p6783,63,33
13556,p6784,53,74
13559,p6785,81,63
13561,p6786,29,85
13562,p6787,74,7
13565,p6788,10,1
13568,p6789,47,96
13571,p6790,44,30
13572,p6791,9,7
13574,p6792,75,89
13577,p6793,67,83
13578,p6794,87,34
13579,p6795,91,1
13580,p6796,24,6
13582,p6797,35,26
13585,p6798,7,29
13588,p6799,29,27
13591,p6800,71,64
13593,p6801,98,25
13594,p6802,38,17
13596,p6803,28,74
13599,p6804,71,74
13600,p6805,55,96
13601,p6806,53,91
13604,p6807,34,72
13606,p6808,88,20
13607,p6809,29,37
13610,p6810,81,93
13611,p6811,26,96
13612,p6812,64,10
13615,p6813,73,6
13618,p6814,9,28
13620,p6815,11,3
13623,p6816,31,40
13626,p6817,93,42
13629,p6818,20,88
13632,p6819,68,33
13634,p6820,72,5
13637,p6821,48,96
13640,p6822,50,42
13642,p6823,92,1
13643,p6824,33,59
13646,p6825,37,28
13649,p6826,48,25
13650,p6827,12,30
13653,p6828,61,87
13655,p6829,12,5
13656,p6830,40,91
13659,p6831,17,59
13660,p6832,94,68
13662,p6833,82,97
13665,p6834,36,42
13667,p6835,61,70
13670,p6836,48,95
13673,p6837,46,93
13675,p6838,79,4
13678,p6839,50,32
13680,p6840,49,46
13681,p6841,78,77
13684,p6842,43,64
13686,p6843,19,1
13688,p6844,58,23
13690,p6845,78,90
13691,p6846,70,22
13692,p6847,86,52
13694,p6848,86,31
13695,p6849,50,83
13696,p6850,77,74
13699,p6851,10,34
13700,p6852,54,90
13701,p6853,1,92
13703,p6854,24,87
13706,p6855,27,45
13707,p6856,67,50
13708,p6857,61,62
13709,p6858,28,90
13711,p6859,81,84
13713,p6860,61,94
13715,p6861,57,65
13717,p6862,23,21
13718,p6863,45,44
13721,p6864,62,48
13724,p6865,97,83
13725,p6866,46,14
13727,p6867,1,14
13728,p6868,28,89
13731,p6869,5,42
13734,p6870,38,70
13736,p6871,45,81
13739,p6872,16,56
13741,p6873,83,11
13742,p6874,8,52
13743,p6875,56,39
13746,p6876,3,89
13747,p6877,39,65
13750,p6878,20,74
13753,p6879,10,80
13754,p6880,48,81
13757,p6881,14,91
13759,p6882,61,71
13762,p6883,11,42
13763,p6884,84,22
13765,p6885,11,40
13767,p6886,40,75
13768,p6887,45,92
13770,p6888,65,73
13771,p6889,29,52
13774,p6890,82,47
13777,p6891,61,31
13779,p6892,21,26
13780,p6893,93,8
13783,p6894,75,40
13785,p6895,6,22
13786,p6896,28,89
13789,p6897,59,53
13791,p6898,12,3
13792,p6899,62,26
13795,p6900,56,98
13798,p6901,65,46
13799,p6902,96,32
13802,p6903,56,6
13803,p6904,63,52
13804,p6905,16,13
13805,p6906,77,3
13806,p6907,8,30
13807,p6908,6,89
13809,p6909,1,6
13810,p6910,7,60
13811,p6911,33,34
13814,p6912,14,20
13816,p6913,82,75
13818,p6914,27,37
13820,p6915,18,41
13821,p6916,21,19
13823,p6917,20,69
13826,p6918,24,46
13828,p6919,44,77
13830,p6920,56,53
13833,p6921,29,41
13834,p6922,59,89
13837,p6923,27,60
13838,p6924,5,14
13840,p6925,76,85
13843,p6926,72,3
13846,p6927,86,83
13847,p6928,61,89
13849,p6929,4,40
13850,p6930,44,96
13851,p6931,58,87
13854,p6932,13,27
13855,p6933,29,98
13858,p6934,83,37
13859,p6935,80,24
13861,p6936,42,82
13863,p6937,11,72
13865,p6938,60,54
13868,p6939,98,86
13869,p6940,91,13
13871,p6941,49,58
13874,p6942,1,95
13877,p6943,57,52
13879,p6944,59,27
13882,p6945,50,98
13883,p6946,41,48
13885,p6947,42,30
13888,p6948,71,68
13890,p6949,92,91
13891,p6950,64,34
13894,p6951,59,66
13897,p6952,65,60
13899,p6953,41,69
13901,p6954,92,30
13902,p6955,36,41
13904,p6956,83,65
13907,p6957,39,5
13909,p6958,19,29
13911,p6959,1,14
13913,p6960,19,22
13915,p6961,52,63
13916,p6962,86,68
13918,p6963,29,61
13921,p6964,14,71
13924,p6965,79,48
13927,p6966,72,71
13930,p6967,28,39
13931,p6968,72,6
13933,p6969,13,29
13935,p6970,75,15
13938,p6971,47,73
13941,p6972,43,33
13943,p6973,89,21
13946,p6974,29,100
13949,p6975,48,70
13950,p6976,54,89
13953,p6977,71,58
13955,p6978,31,32
13957,p6979,25,30
13959,p6980,18,100
13960,p6981,86,52
13962,p6982,46,74
13963,p6983,54,7
13964,p6984,66,61
13967,p6985,51,63
13970,p6986,49,15
13971,p6987,7,71
13974,p6988,100,8
13975,p6989,7,91
13976,p6990,41,55
13979,p6991,15,67
13982,p6992,68,60
13983,p6993,92,71
13984,p6994,54,60
13987,p6995,78,49
13989,p6996,85,70
13992,p6997,32,56
13994,p6998,45,6
13997,p6999,90,52
14000,p7000,32,84
14001,p7001,3,71
14003,p7002,97,72
14004,p7003,27,86
14006,p7004,18,40
14007,p7005,83,72
14010,p7006,74,54
14011,p7007,48,41
14013,p7008,51,32
14014,p7009,58,13
14017,p7010,19,33
14018,p7011,18,81
14020,p7012,16,90
14023,p7013,46,79
14024,p7014,21,27
14026,p7015,12,46
14028,p7016,56,42
14031,p7017,42,43
14033,p7018,44,41
14034,p7019,64,37
14035,p7020,63,50
14036,p7021,3,27
14037,p7022,28,96
14038,p7023,14,13
14039,p7024,11,29
14041,p7025,67,6
14042,p7026,62,8
14045,p7027,13,79
14048,p7028,3,44
14050,p7029,5,63
14051,p7030,29,22
14052,p7031,21,3
14053,p7032,15,37
14054,p7033,66,87
14055,p7034,44,41
14058,p7035,32,99
14059,p7036,2,51
14062,p7037,5,91
14064,p7038,64,78
14067,p7039,41,82
14069,p7040,74,59
14072,p7041,4,44
14075,p7042,78,55
14078,p7043,92,13
14080,p7044,20,70
14083,p7045,87,97
14085,p7046,85,50
14088,p7047,74,82
14091,p7048,66,67
14092,p7049,65,53
14094,p7050,74,22
14097,p7051,72,97
14099,p7052,81,16
14100,p7053,40,4
14103,p7054,72,94
14104,p7055,81,33
14105,p7056,25,35
14106,p7057,27,7
14107,p7058,73,38
14110,p7059,74,11
14112,p7060,49,60
14114,p7061,16,75
14116,p7062,11,44
14117,p7063,96,8
14120,p7064,66,10
14122,p7065,59,9
14124,p7066,61,37
14127,p7067,49,65
14129,p7068,16,73
14131,p7069,93,50
14134,p7070,97,69
14137,p7071,28,76
14139,p7072,68,92
14142,p7073,84,16
14143,p7074,22,74
14145,p7075,22,50
14147,p7076,64,29
14150,p7077,21,85
14152,p7078,87,32
14153,p7079,99,19
14156,p7080,18,73
14157,p7081,87,1
14158,p7082,26,11
14159,p7083,52,31
14160,p7084,92,6
14162,p7085,39,9
14164,p7086,70,43
14166,p7087,29,58
14167,p7088,71,82
14170,p7089,37,90
14172,p7090,32,51
14174,p7091,100,28
14177,p7092,34,91
14178,p7093,53,45
14181,p7094,33,8
14182,p7095,33,86
14185,p7096,92,45
14186,p7097,24,8
14189,p7098,63,76
14191,p7099,59,91
14192,p7100,68,72
14195,p7101,94,41
14196,p7102,52,100
14199,p7103,76,55
14200,p7104,75,15
14203,p7105,6,39
14206,p7106,25,84
14209,p7107,48,11
14212,p7108,69,55
14214,p7109,3,21
14217,p7110,51,19
14219,p7111,30,28
14221,p7112,77,22
14222,p7113,6,13
14223,p7114,90,67
14225,p7115,66,80
14227,p7116,3,75
14229,p7117,55,59
14232,p7118,16,4
14235,p7119,91,55
14237,p7120,65,91
14240,p7121,83,4
14243,p7122,96,95
14246,p7123,31,55
14247,p7124,96,32
14249,p7125,27,53
14252,p7126,29,72
14253,p7127,94,97
14256,p7128,100,16
14258,p7129,94,58
14261,p7130,87,85
14262,p7131,96,32
14265,p7132,45,31
14266,p7133,65,82
14267,p7134,66,80
14268,p7135,25,82
14270,p7136,64,39
14273,p7137,49,9
14275,p7138,1,65
14277,p7139,20,80
14278,p7140,83,18
14280,p7141,5,88
14281,p7142,98,12
14283,p7143,33,56
14286,p7144,90,65
14289,p7145,22,9
14290,p7146,33,79
14292,p7147,67,97
14295,p7148,91,28
14296,p7149,9,12
14297,p7150,80,89
14300,p7151,100,82
14303,p7152,62,88
14305,p7153,66,96
14306,p7154,14,24
14309,p7155,43,68
14310,p7156,44,30
14313,p7157,55,53
14315,p7158,74,46
14316,p7159,53,61
14318,p7160,92,58
14319,p7161,74,71
14322,p7162,61,68
14325,p7163,18,70
14328,p7164,66,69
14330,p7165,55,70
14331,p7166,80,27
14332,p7167,73,81
14334,p7168,3,18
14336,p7169,56,30
14338,p7170,4,67
14340,p7171,72,94
14343,p7172,3,36
14345,p7173,91,55
14347,p7174,77,11
14348,p7175,47,78
14350,p7176,95,57
14353,p7177,25,1
14356,p7178,79,45
14358,p7179,10,95
14360,p7180,70,87
14362,p7181,22,33
14365,p7182,58,50
14366,p7183,71,87
14367,p7184,51,3
14370,p7185,7,55
14371,p7186,24,99
14373,p7187,57,16
14376,p7188,17,54
14379,p7189,85,90
14381,p7190,38,51
14384,p7191,99,75
14385,p7192,54,9
14386,p7193,74,99
14387,p7194,29,54
14388,p7195,11,35
14391,p7196,28,50
14392,p7197,60,98
14395,p7198,78,79
14396,p7199,20,57
14398,p7200,95,13
14399,p7201,10,58
14402,p7202,58,24
14404,p7203,19,68
14406,p7204,18,95
14408,p7205,53,28
14411,p7206,88,29
14412,p7207,59,62
14414,p7208,19,58
14415,p7209,50,13
14417,p7210,60,71
14418,p7211,20,71
14419,p7212,89,97
14422,p7213,91,69
14424,p7214,89,65
14425,p7215,33,1
14426,p7216,6,86
14428,p7217,92,96
14430,p7218,54,40
14432,p7219,43,40
14435,p7220,9,18
14436,p7221,43,7
14437,p7222,74,58
14440,p7223,21,67
14443,p7224,16,58
14445,p7225,2,63
14447,p7226,59,63
14449,p7227,25,59
14451,p7228,86,83
14452,p7229,1,65
14454,p7230,77,93
14456,p7231,90,77
14457,p7232,40,24
14458,p7233,34,96
14461,p7234,46,12
14462,p7235,39,22
14465,p7236,92,47
14467,p7237,13,53
14468,p7238,84,28
14469,p7239,74,87
14470,p7240,22,72
14472,p7241,18,88
14473,p7242,65,50
14475,p7243,60,51
14478,p7244,88,45
14481,p7245,38,9
14482,p7246,12,86
14483,p7247,99,41
14485,p7248,67,15
14487,p7249,29,32
14490,p7250,39,73
14491,p7251,68,8
14492,p7252,71,98
14494,p7253,43,4
14496,p7254,53,39
14498,p7255,28,64
14499,p7256,42,55
14502,p7257,4,34
14503,p7258,69,53
14505,p7259,11,43
14508,p7260,75,3
14510,p7261,24,74
14512,p7262,69,72
14514,p7263,10,52
14516,p7264,39,24
14518,p7265,70,90
14520,p7266,1,25
14522,p7267,28,91
14523,p7268,49,72
14524,p7269,49,64
14527,p7270,20,57
14529,p7271,42,14
14530,p7272,35,40
14533,p7273,73,56
14534,p7274,22,39
14537,p7275,16,66
14538,p7276,73,93
14541,p7277,96,52
14542,p7278,2,15
14545,p7279,55,29
14548,p7280,82,55
14551,p7281,36,12
14554,p7282,47,15
14555,p7283,53,34
14558,p7284,22,97
14559,p7285,25,36
14561,p7286,18,65
14562,p7287,27,82
14565,p7288,62,25
14568,p7289,5,8
14569,p7290,48,62
14572,p7291,46,37
14575,p7292,88,21
14578,p7293,77,8
14581,p7294,47,8
14582,p7295,51,97
14583,p7296,15,73
14584,p7297,1,84
14585,p7298,39,56
14588,p7299,47,82
14590,p7300,51,87
14592,p7301,91,22
14593,p7302,31,57
14595,p7303,99,51
14597,p7304,30,82
14600,p7305,51,90
14602,p7306,10,70
14605,p7307,87,37
14608,p7308,23,52
14611,p7309,53,3
14613,p7310,17,26
14615,p7311,19,77
14618,p7312,40,72
14621,p7313,12,54
14622,p7314,27,79
14625,p7315,100,24
14627,p7316,86,35
14628,p7317,79,54
14631,p7318,21,85
14634,p7319,16,93
14637,p7320,6,67
14638,p7321,95,55
14641,p7322,2,20
14644,p7323,83,69
14646,p7324,59,43
14648,p7325,9,36
14650,p7326,62,11
14652,p7327,60,85
14654,p7328,77,44
14655,p7329,37,30
14657,p7330,15,24
14659,p7331,26,25
14660,p7332,68,17
14663,p7333,17,11
14664,p7334,48,83
14667,p7335,62,97
14668,p7336,28,94
14670,p7337,4,21
14671,p7338,62,53
14672,p7339,91,41
14674,p7340,60,76
14676,p7341,32,62
14678,p7342,48,68
14679,p7343,1,82
14682,p7344,24,96
14683,p7345,95,61
14686,p7346,22,94
14687,p7347,98,91
14689,p7348,66,20
14692,p7349,70,38
14694,p7350,100,70
14697,p7351,43,33
14698,p7352,83,95
14699,p7353,6,25
14701,p7354,29,62
14702,p7355,96,53
14705,p7356,28,52
14706,p7357,54,41
14708,p7358,51,68
14711,p7359,53,62
14714,p7360,90,70
14715,p7361,12,42
14717,p7362,79,39
14718,p7363,87,94
14721,p7364,40,97
14724,p7365,15,17
14726,p7366,8,11
14729,p7367,90,18
14732,p7368,89,32
14735,p7369,93,79
14737,p7370,24,31
14738,p7371,97,7
14740,p7372,35,81
14741,p7373,45,53
14744,p7374,69,19
14746,p7375,76,87
14749,p7376,63,14
14752,p7377,43,67
14755,p7378,73,2
14757,p7379,89,7
14760,p7380,89,54
14761,p7381,73,85
14764,p7382,31,20
14766,p7383,52,46
14769,p7384,44,75
14771,p7385,7,49
14774,p7386,11,43
14777,p7387,99,16
14778,p7388,78,30
14779,p7389,62,29
14780,p7390,11,29
14781,p7391,95,8
14782,p7392,13,95
14784,p7393,89,31
14785,p7394,60,77
14788,p7395,83,15
14789,p7396,79,37
14791,p7397,33,72
14792,p7398,11,69
14795,p7399,12,66
14796,p7400,56,93
14797,p7401,16,47
14800,p7402,43,15
14801,p7403,99,67
14802,p7404,71,64
14805,p7405,63,97
14806,p7406,28,49
14808,p7407,95,97
14811,p7408,92,2
14814,p7409,81,84
14816,p7410,85,75
14817,p7411,37,2
14818,p7412,61,52
14821,p7413,54,14
14824,p7414,74,50
14827,p7415,35,25
14829,p7416,5,33
14832,p7417,5,51
14835,p7418,11,73
14838,p7419,34,75
14839,p7420,39,34
14842,p7421,6,58
14844,p7422,73,30
14847,p7423,83,8
14850,p7424,72,100
14853,p7425,38,25
14854,p7426,82,8
14857,p7427,88,58
14859,p7428,35,51
14862,p7429,31,50
14864,p7430,86,47
14865,p7431,4,13
14866,p7432,22,13
14867,p7433,12,28
14869,p7434,15,18
14871,p7435,23,35
14874,p7436,71,38
14876,p7437,52,83
14878,p7438,80,48
14880,p7439,55,98
14883,p7440,59,3
14885,p7441,89,24
14887,p7442,46,65
14890,p7443,46,13
14893,p7444,22,89
14896,p7445,16,53
14899,p7446,56,9
14900,p7447,85,87
14903,p7448,87,62
14904,p7449,70,88
14906,p7450,7,4
14907,p7451,42,91
14910,p7452,31,86
14913,p7453,52,49
14916,p7454,71,32
14918,p7455,90,33
14920,p7456,64,5
14922,p7457,100,89
14923,p7458,13,29
14924,p7459,2,10
14927,p7460,28,70
14928,p7461,34,63
14930,p7462,90,100
14933,p7463,64,94
14934,p7464,51,80
14935,p7465,21,32
14938,p7466,80,75
14939,p7467,1,5
14940,p7468,73,49
14941,p7469,70,80
14944,p7470,67,81
14947,p7471,74,22
14948,p7472,43,73
14949,p7473,20,4
14952,p7474,25,4
14953,p7475,48,91
14955,p7476,26,24
14956,p7477,47,10
14959,p7478,53,35
14962,p7479,3,58
14963,p7480,25,92
14965,p7481,16,4
14967,p7482,3,45
14969,p7483,41,80
14971,p7484,88,38
14972,p7485,97,88
14975,p7486,42,37
14978,p7487,84,47
14979,p7488,32,42
14980,p7489,77,50
14983,p7490,27,20
14985,p7491,55,9
14988,p7492,87,65
14990,p7493,7,29
14993,p7494,46,99
14996,p7495,64,33
14998,p7496,68,99
14999,p7497,36,22
15002,p7498,24,26
15005,p7499,66,99
15008,p7500,60,74
15009,p7501,29,72
15010,p7502,88,59
15012,p7503,100,49
15015,p7504,56,92
15016,p7505,89,12
15019,p7506,32,7
15021,p7507,26,99
15022,p7508,9,94
15024,p7509,72,32
15026,p7510,65,61
15027,p7511,26,50
15028,p7512,19,2
15029,p7513,35,65
15030,p7514,70,72
15031,p7515,47,97
15034,p7516,89,95
15036,p7517,48,43
15038,p7518,1,42
15039,p7519,92,96
15040,p7520,82,44
15041,p7521,100,48
15044,p7522,100,41
15045,p7523,18,7
15048,p7524,11,97
15049,p7525,56,46
15051,p7526,11,74
15053,p7527,19,6
15056,p7528,44,47
15059,p7529,27,77
15060,p7530,25,61
15062,p7531,47,40
15065,p7532,95,35
15068,p7533,3,100
15069,p7534,64,3
15070,p7535,65,81
15073,p7536,76,17
15075,p7537,66,3
15077,p7538,5,1
15078,p7539,5,26
15081,p7540,31,32
15084,p7541,21,13
15087,p7542,22,60
15089,p7543,48,61
15091,p7544,5,47
15092,p7545,33,4
15093,p7546,78,57
15096,p7547,10,95
15097,p7548,84,42
15099,p7549,26,42
15101,p7550,65,64
15104,p7551,45,64
15105,p7552,75,9
15106,p7553,13,4
15107,p7554,85,20
15108,p7555,2,60
15110,p7556,42,2
15111,p7557,55,65
15113,p7558,89,58
15116,p7559,8,5
15117,p7560,39,35
15120,p7561,77,91
15121,p7562,13,42
15123,p7563,92,68
15124,p7564,69,73
15126,p7565,46,45
15129,p7566,9,67
15131,p7567,49,23
15132,p7568,10,66
15135,p7569,29,6
15136,p7570,66,63
15138,p7571,24,99
15139,p7572,39,53
15141,p7573,56,28
15143,p7574,81,95
15146,p7575,100,58
15148,p7576,6,53
15149,p7577,6,10
15151,p7578,8,99
15153,p7579,18,23
15155,p7580,54,64
15158,p7581,31,73
15159,p7582,23,1
15162,p7583,5,85
15165,p7584,81,99
15166,p7585,95,9
15168,p7586,8,14
15170,p7587,19,80
15171,p7588,84,20
15174,p7589,4,83
15176,p7590,98,8
15179,p7591,87,2
15180,p7592,36,99
15181,p7593,16,84
15182,p7594,25,72
15185,p7595,85,34
15188,p7596,38,10
15189,p7597,13,100
15191,p7598,99,34
15194,p7599,15,72
15197,p7600,1,54
15198,p7601,88,32
15200,p7602,35,48
15202,p7603,1,52
15203,p7604,53,48
15204,p7605,28,39
15206,p7606,36,79
15207,p7607,16,82
15209,p7608,48,95
15211,p7609,25,8
15213,p7610,21,6
15214,p7611,14,33
15217,p7612,98,73
15220,p7613,62,87
15223,p7614,51,10
15224,p7615,51,7
15226,p7616,11,86
15229,p7617,95,69
15230,p7618,87,21
15233,p7619,72,67
15236,p7620,63,5
15237,p7621,18,89
15239,p7622,23,68
15242,p7623,67,50
15243,p7624,97,77
15244,p7625,98,32
15247,p7626,99,73
15250,p7627,76,46
15251,p7628,91,28
15252,p7629,16,24
15254,p7630,74,17
15255,p7631,10,48
15256,p7632,10,42
15257,p7633,20,2
15258,p7634,82,98
15260,p7635,33,14
15261,p7636,83,72
15263,p7637,8,77
15266,p7638,81,77
15269,p7639,58,15
15271,p7640,41,10
15274,p7641,56,14
15276,p7642,55,77
15277,p7643,9,36
15280,p7644,87,62
15281,p7645,21,51
15284,p7646,67,5
15285,p7647,50,64
15286,p7648,94,28
15288,p7649,25,23
15290,p7650,19,88
15291,p7651,24,60
15293,p7652,39,4
15295,p7653,42,30
15296,p7654,86,28
15298,p7655,28,56
15301,p7656,19,98
15302,p7657,100,40
15303,p7658,69,93
15306,p7659,28,85
15308,p7660,91,67
15309,p7661,7,89
15310,p7662,95,50
15312,p7663,41,72
15313,p7664,12,22
15316,p7665,33,2
15317,p7666,6,68
15319,p7667,35,60
15321,p7668,88,82
15324,p7669,20,80
15327,p7670,83,29
15328,p7671,87,97
15329,p7672,18,29
15332,p7673,28,97
15333,p7674,9,11
15335,p7675,42,92
15338,p7676,67,25
15339,p7677,2,52
15340,p7678,73,3
15341,p7679,88,46
15344,p7680,58,76
15345,p7681,7,51
15348,p7682,88,41
15351,p7683,3,96
15354,p7684,58,79
15357,p7685,12,85
15359,p7686,28,75
15360,p7687,29,3
15361,p7688,38,89
15363,p7689,53,22
15365,p7690,43,81
15366,p7691,61,70
15367,p7692,41,12
15368,p7693,52,25
15369,p7694,66,69
15371,p7695,60,86
15373,p7696,100,49
15375,p7697,27,51
15378,p7698,51,11
15380,p7699,7,25
15381,p7700,91,2
15383,p7701,65,96
15384,p7702,85,86
15387,p7703,99,75
15388,p7704,57,55
15389,p7705,75,45
15391,p7706,42,76
15393,p7707,31,64
15395,p7708,43,88
15396,p7709,48,66
15397,p7710,55,69
15398,p7711,70,27
15401,p7712,9,18
15402,p7713,21,53
15403,p7714,43,1
15405,p7715,34,74
15408,p7716,68,71
15409,p7717,11,35
15410,p7718,19,65
15412,p7719,81,67
15415,p7720,90,37
15418,p7721,91,3
15420,p7722,83,51
15423,p7723,4,25
15426,p7724,41,67
15427,p7725,59,53
15429,p7726,12,33
15431,p7727,76,75
15434,p7728,54,46
15437,p7729,76,52
15440,p7730,40,91
15442,p7731,33,52
15443,p7732,96,37
15444,p7733,75,73
15446,p7734,85,92
15448,p7735,60,37
15451,p7736,44,64
15452,p7737,35,42
15453,p7738,26,14
15455,p7739,30,85
15458,p7740,77,7
15460,p7741,64,2
15462,p7742,60,27
15463,p7743,38,74
15466,p7744,90,28
15468,p7745,73,12
15470,p7746,92,19
15473,p7747,23,45
15474,p7748,99,88
15475,p7749,41,58
15478,p7750,27,33
15481,p7751,4,42
15484,p7752,55,97
15485,p7753,31,63
15488,p7754,82,62
15489,p7755,93,34
15492,p7756,37,76
15493,p7757,42,21
15496,p7758,84,88
15498,p7759,97,33
15499,p7760,50,92
15501,p7761,38,69
15503,p7762,35,60
15504,p7763,50,12
15506,p7764,26,25
15509,p7765,50,62
15510,p7766,34,53
15513,p7767,30,52
15515,p7768,69,55
15518,p7769,7,16
15521,p7770,13,52
15524,p7771,65,51
15526,p7772,87,40
15527,p7773,83,46
15528,p7774,55,56
15531,p7775,92,31
15534,p7776,35,3
15536,p7777,27,26
15538,p7778,47,38
15539,p7779,82,4
15540,p7780,33,34
15542,p7781,66,48
15545,p7782,20,73
15546,p7783,15,18
15548,p7784,78,42
15551,p7785,94,46
15552,p7786,10,90
15554,p7787,78,75
15557,p7788,29,27
15558,p7789,43,94
15560,p7790,73,31
15563,p7791,81,94
15566,p7792,77,2
15567,p7793,100,74
15568,p7794,84,44
15569,p7795,72,44
15570,p7796,7,15
15571,p7797,55,16
15572,p7798,60,69
15575,p7799,72,11
15576,p7800,56,55
15577,p7801,20,86
15580,p7802,92,96
15581,p7803,23,28
15583,p7804,55,11
15586,p7805,66,7
15589,p7806,30,86
15592,p7807,51,71
15593,p7808,83,22
15595,p7809,92,12
15596,p7810,14,22
15598,p7811,94,83
15601,p7812,23,53
15604,p7813,40,45
15605,p7814,65,91
15607,p7815,85,68
15609,p7816,26,77
15612,p7817,13,3
15614,p7818,70,1
15616,p7819,67,65
15619,p7820,2,40
15620,p7821,5,91
15622,p7822,56,89
15625,p7823,28,50
15628,p7824,87,2
15630,p7825,51,27
15631,p7826,93,26
15634,p7827,80,75
15637,p7828,1,63
15640,p7829,87,57
15643,p7830,90,20
15644,p7831,96,91
15645,p7832,42,82
15647,p7833,70,60
15649,p7834,25,38
15651,p7835,56,62
15652,p7836,47,76
15654,p7837,29,84
15657,p7838,87,19
15659,p7839,63,94
15662,p7840,38,79
15665,p7841,69,7
15668,p7842,30,98
15671,p7843,53,70
15673,p7844,5,84
15675,p7845,54,96
15677,p7846,7,90
15678,p7847,27,70
15679,p7848,96,39
15682,p7849,5,77
15683,p7850,43,96
15686,p7851,62,4
15688,p7852,61,21
15691,p7853,23,8
15692,p7854,80,90
15695,p7855,94,89
15697,p7856,80,64
15699,p7857,1,9
15702,p7858,58,55
15704,p7859,99,36
15707,p7860,28,96
15709,p7861,60,87
15710,p7862,81,25
15713,p7863,58,76
15716,p7864,35,92
15719,p7865,40,34
15720,p7866,22,68
15721,p7867,59,62
15724,p7868,2,3
15727,p7869,53,98
15728,p7870,52,62
15729,p7871,7,92
15732,p7872,20,96
15733,p7873,15,79
15734,p7874,88,16
15736,p7875,64,34
15738,p7876,50,57
15739,p7877,50,18
15740,p7878,16,13
15741,p7879,40,42
15742,p7880,74,38
15745,p7881,40,60
15748,p7882,81,62
15750,p7883,47,77
15753,p7884,50,88
15755,p7885,48,59
15758,p7886,36,14
15761,p7887,39,89
15763,p7888,90,35
15765,p7889,93,75
15766,p7890,72,4
15767,p7891,8,28
15768,p7892,29,80
15771,p7893,83,30
15773,p7894,54,46
15775,p7895,20,63
15776,p7896,20,68
15779,p7897,36,3
15782,p7898,61,32
15785,p7899,45,67
15786,p7900,56,80
15789,p7901,51,13
15792,p7902,17,86
15795,p7903,49,59
15798,p7904,72,44
15800,p7905,69,18
15801,p7906,12,81
15804,p7907,47,28
15807,p7908,54,63
15810,p7909,62,48
15812,p7910,76,78
15815,p7911,73,22
15817,p7912,29,99
15819,p7913,26,18
15821,p7914,47,40
15822,p7915,81,15
15823,p7916,87,40
15824,p7917,24,13
15826,p7918,87,13
15827,p7919,96,78
15828,p7920,85,76
15831,p7921,36,13
15833,p7922,56,94
15834,p7923,7,90
15835,p7924,94,53
15838,p7925,87,90
15840,p7926,91,97
15843,p7927,72,17
15844,p7928,73,54
15845,p7929,88,90
15848,p7930,19,80
15851,p7931,18,22
15852,p7932,57,45
15855,p7933,92,20
15856,p7934,19,59
15858,p7935,53,36
15859,p7936,21,86
15862,p7937,97,56
15863,p7938,12,19
15866,p7939,95,71
15869,p7940,51,76
15872,p7941,37,84
15875,p7942,46,91
15876,p7943,42,62
15877,p7944,64,70
15879,p7945,63,87
15881,p7946,65,59
15882,p7947,73,69
15885,p7948,19,96
15887,p7949,81,35
15890,p7950,56,47
15892,p7951,64,55
15895,p7952,80,48
15898,p7953,77,87
15899,p7954,54,31
15901,p7955,21,35
15902,p7956,30,47
15904,p7957,87,62
15907,p7958,2,67
15910,p7959,97,36
15912,p7960,42,43
15913,p7961,4,46
15914,p7962,4,17
15917,p7963,12,73
15920,p7964,70,80
15922,p7965,84,74
15924,p7966,80,100
15925,p7967,87,25
15926,p7968,100,41
15927,p7969,41,35
15929,p7970,77,67
15932,p7971,12,82
15935,p7972,33,99
15936,p7973,16,81
15938,p7974,10,7
15941,p7975,69,80
15944,p7976,92,9
15947,p7977,45,20
15948,p7978,88,37
15951,p7979,49,47
15953,p7980,99,56
15956,p7981,10,77
15957,p7982,11,13
15959,p7983,45,78
15962,p7984,12,92
15964,p7985,27,16
15966,p7986,60,75
15968,p7987,10,30
15969,p7988,100,5
15972,p7989,4,27
15974,p7990,85,18
15975,p7991,37,90
15976,p7992,57,38
15979,p7993,18,52
15980,p7994,68,56
15982,p7995,75,47
15984,p7996,97,56
15986,p7997,90,65
15989,p7998,19,41
15992,p7999,25,15
15995,p8000,21,42
15996,p8001,53,96
15997,p8002,99,36
16000,p8003,41,42
16003,p8004,17,19
16005,p8005,13,53
16008,p8006,67,5
16009,p8007,65,7
16011,p8008,22,84
16012,p8009,17,86
16013,p8010,90,11
16015,p8011,3,47
16016,p8012,91,86
16018,p8013,63,87
16021,p8014,53,19
16024,p8015,52,67
16025,p8016,2,4
16028,p8017,86,45
16031,p8018,55,82
16033,p8019,66,43
16036,p8020,19,71
16037,p8021,1,47
16040,p8022,74,1
16042,p8023,93,58
16043,p8024,65,41
16044,p8025,22,62
16046,p8026,84,36
16047,p8027,72,82
16048,p8028,7,88
16050,p8029,11,35
16052,p8030,8,49
16053,p8031,15,74
16054,p8032,2,56
16056,p8033,57,70
16059,p8034,29,2
16061,p8035,91,8
16062,p8036,3,75
16065,p8037,87,74
16068,p8038,16,11
16071,p8039,26,78
16073,p8040,11,5
16075,p8041,30,64
16078,p8042,29,99
16081,p8043,80,28
16084,p8044,12,57
16086,p8045,55,47
16088,p8046,64,87
16091,p8047,28,83
16092,p8048,21,42
16093,p8049,80,26
16095,p8050,82,62
16097,p8051,38,97
16098,p8052,8,61
16099,p8053,60,45
16100,p8054,100,38
16102,p8055,12,49
16104,p8056,80,78
16107,p8057,20,19
16109,p8058,41,85
16110,p8059,80,61
16111,p8060,63,41
16114,p8061,90,65
16117,p8062,81,70
16118,p8063,23,35
16119,p8064,74,71
16120,p8065,17,16
16121,p8066,92,42
16124,p8067,67,81
16127,p8068,17,38
16130,p8069,61,18
16132,p8070,14,67
16135,p8071,83,61
16138,p8072,22,82
16139,p8073,98,8
16141,p8074,89,62
16143,p8075,46,78
16145,p8076,7,27
16147,p8077,23,44
16149,p8078,94,26
16152,p8079,47,2
16153,p8080,74,90
16156,p8081,54,96
16158,p8082,82,97
16160,p8083,32,55
16162,p8084,95,11
16165,p8085,100,90
16168,p8086,90,29
16171,p8087,97,6
16172,p8088,62,51
16174,p8089,16,80
16175,p8090,48,15
16178,p8091,98,56
16179,p8092,41,12
16182,p8093,34,30
16183,p8094,84,35
16186,p8095,91,64
16187,p8096,39,85
16190,p8097,19,65
16191,p8098,77,30
16194,p8099,12,93
16196,p8100,56,68
16197,p8101,65,53
16199,p8102,55,29
16200,p8103,80,70
16202,p8104,83,74
16204,p8105,55,31
16205,p8106,72,66
16206,p8107,45,20
16208,p8108,48,49
16209,p8109,32,62
16211,p8110,31,44
16213,p8111,39,20
16214,p8112,26,49
16217,p8113,94,60
16218,p8114,66,36
16221,p8115,75,52
16224,p8116,43,76
16227,p8117,48,53
16230,p8118,12,80
16231,p8119,41,86
16232,p8120,93,11
16234,p8121,46,86
16236,p8122,19,1
16237,p8123,34,98
16238,p8124,90,85
16241,p8125,68,92
16244,p8126,41,97
16245,p8127,73,43
16248,p8128,5,3
16251,p8129,53,11
16253,p8130,40,76
16256,p8131,77,53
16257,p8132,39,37
16260,p8133,2,42
16261,p8134,41,56
16262,p8135,18,98
16263,p8136,89,19
16266,p8137,68,60
16269,p8138,64,74
16270,p8139,48,20
16273,p8140,26,39
16275,p8141,61,93
16276,p8142,23,66
16277,p8143,50,30
16279,p8144,2,93
16280,p8145,93,69
16283,p8146,54,41
16284,p8147,52,72
16286,p8148,2,7
16288,p8149,96,22
16291,p8150,8,98
16292,p8151,18,87
16295,p8152,31,68
16297,p8153,81,94
16300,p8154,88,22
16302,p8155,69,83
16303,p8156,34,67
16306,p8157,45,8
16307,p8158,22,51
16308,p8159,89,4
16311,p8160,63,17
16314,p8161,9,76
16317,p8162,29,51
16319,p8163,61,62
16322,p8164,58,29
16324,p8165,82,10
16325,p8166,56,84
16326,p8167,87,65
16328,p8168,30,87
16329,p8169,11,83
16332,p8170,96,60
16333,p8171,84,91
16334,p8172,28,37
16336,p8173,22,53
16339,p8174,9,51
16341,p8175,59,87
16342,p8176,56,38
16343,p8177,51,86
16344,p8178,43,88
16347,p8179,20,95
16348,p8180,99,20
16351,p8181,39,70
16353,p8182,45,48
16356,p8183,98,2
16358,p8184,65,74
16359,p8185,91,59
16362,p8186,61,26
16363,p8187,46,5
16364,p8188,100,19
16365,p8189,59,12
16368,p8190,58,72
16371,p8191,13,43
16374,p8192,74,20
16375,p8193,55,61
16377,p8194,52,1
16379,p8195,81,49
16382,p8196,62,98
16383,p8197,49,28
16386,p8198,13,96
16388,p8199,12,51
16389,p8200,84,49
16392,p8201,48,42
16393,p8202,4,96
16396,p8203,25,11
16399,p8204,92,77
16402,p8205,67,89
16405,p8206,40,20
16408,p8207,29,92
16410,p8208,14,9
16412,p8209,52,88
16413,p8210,72,63
16415,p8211,65,40
16417,p8212,46,42
16418,p8213,59,58
16419,p8214,74,24
16421,p8215,19,76
16422,p8216,7,69
16424,p8217,4,64
16426,p8218,90,80
16429,p8219,42,3
16430,p8220,70,49
16433,p8221,13,55
16436,p8222,40,10
16439,p8223,56,20
16442,p8224,64,20
16444,p8225,53,88
16447,p8226,63,73
16450,p8227,33,29
16451,p8228,22,48
16452,p8229,73,3
16454,p8230,61,75
16455,p8231,83,9
16457,p8232,25,98
16459,p8233,9,30
16462,p8234,81,19
16463,p8235,27,82
16464,p8236,18,77
16467,p8237,54,92
16468,p8238,2,21
16469,p8239,9,45
16470,p8240,35,33
16473,p8241,51,67
16476,p8242,86,93
16477,p8243,93,61
16478,p8244,100,85
16480,p8245,79,31
16483,p8246,8,16
16486,p8247,88,87
16489,p8248,45,54
16492,p8249,76,78
16495,p8250,79,97
16496,p8251,92,83
16499,p8252,24,78
16501,p8253,55,82
16504,p8254,47,49
16506,p8255,67,38
16508,p8256,68,84
16510,p8257,57,72
16512,p8258,53,23
16515,p8259,56,71
16517,p8260,64,52
16519,p8261,41,68
16520,p8262,70,38
16523,p8263,13,82
16524,p8264,92,95
16527,p8265,50,37
16529,p8266,82,69
16531,p8267,73,90
16534,p8268,7,68
16535,p8269,92,7
16537,p8270,43,58
16539,p8271,72,89
16542,p8272,41,71
16543,p8273,77,14
16545,p8274,14,62
16548,p8275,9,30
16549,p8276,27,39
16551,p8277,49,66
16554,p8278,75,53
16557,p8279,39,46
16559,p8280,50,67
16561,p8281,8,55
16564,p8282,64,71
16567,p8283,79,12
16568,p8284,90,51
16569,p8285,19,58
16570,p8286,51,40
16572,p8287,80,81
16574,p8288,62,39
16575,p8289,97,39
16577,p8290,10,75
16580,p8291,1,76
16583,p8292,94,81
16584,p8293,71,18
16587,p8294,16,98
16589,p8295,31,35
16590,p8296,34,85
16591,p8297,49,23
16592,p8298,46,93
16593,p8299,71,88
16596,p8300,66,27
16599,p8301,57,35
16602,p8302,98,7
16605,p8303,50,63
16606,p8304,61,10
16609,p8305,94,15
16612,p8306,92,25
16613,p8307,83,79
16614,p8308,66,65
16616,p8309,35,66
16618,p8310,64,84
16621,p8311,18,61
16624,p8312,35,3
16627,p8313,23,91
16630,p8314,73,71
16631,p8315,94,75
16633,p8316,3,68
16635,p8317,32,52
16638,p8318,68,50
16639,p8319,65,38
16642,p8320,30,56
16645,p8321,31,92
16646,p8322,65,40
16648,p8323,76,60
16649,p8324,94,71
16651,p8325,84,78
16654,p8326,90,25
16656,p8327,95,2
16657,p8328,92,44
16659,p8329,65,38
16660,p8330,94,1
16663,p8331,23,73
16666,p8332,42,79
16669,p8333,36,7
16672,p8334,45,53
16675,p8335,61,54
16678,p8336,36,27
16679,p8337,86,37
16682,p8338,7,41
16683,p8339,13,70
16684,p8340,81,48
16686,p8341,100,80
16687,p8342,55,8
16690,p8343,55,95
16692,p8344,99,5
16694,p8345,81,30
16696,p8346,16,10
16698,p8347,71,86
16700,p8348,4,96
16702,p8349,33,42
16704,p8350,44,65
16707,p8351,93,30
16709,p8352,76,6
16710,p8353,29,84
16712,p8354,28,45
16714,p8355,19,91
16715,p8356,61,78
16717,p8357,80,14
16718,p8358,8,12
16720,p8359,7,83
16721,p8360,27,86
16722,p8361,44,16
16723,p8362,73,76
16724,p8363,3,72
16727,p8364,88,10
16729,p8365,65,72
16731,p8366,67,79
16732,p8367,55,72
16734,p8368,19,14
16735,p8369,66,27
16737,p8370,85,77
16740,p8371,95,1
16742,p8372,64,80
16745,p8373,75,77
16748,p8374,21,92
16750,p8375,48,78
16753,p8376,59,13
16755,p8377,26,42
16756,p8378,64,96
16757,p8379,13,95
16758,p8380,2,41
16761,p8381,23,100
16762,p8382,94,5
16764,p8383,39,33
16765,p8384,73,42
16766,p8385,48,50
16769,p8386,23,16
16771,p8387,33,57
16773,p8388,3,30
16776,p8389,5,57
16779,p8390,4,64
16782,p8391,3,36
16785,p8392,10,72
16787,p8393,18,100
16790,p8394,78,37
16791,p8395,29,75
16792,p8396,14,49
16793,p8397,30,94
16796,p8398,44,91
16797,p8399,77,59
16799,p8400,5,96
16800,p8401,4,78
16803,p8402,68,72
16805,p8403,65,31
16808,p8404,8,6
16811,p8405,40,66
16814,p8406,67,87
16816,p8407,75,38
16817,p8408,91,59
16818,p8409,15,90
16820,p8410,68,15
16823,p8411,5,98
16826,p8412,78,29
16828,p8413,4,52
16831,p8414,37,57
16834,p8415,12,7
16835,p8416,50,93
16837,p8417,27,44
16840,p8418,35,77
16841,p8419,52,41
16842,p8420,27,17
16844,p8421,45,93
16845,p8422,21,27
16846,p8423,56,20
16848,p8424,82,48
16851,p8425,34,37
16852,p8426,3,4
16853,p8427,22,82
16855,p8428,94,87
16856,p8429,80,93
16858,p8430,95,35
16861,p8431,39,26
16862,p8432,4,18
16865,p8433,66,98
16866,p8434,52,15
16869,p8435,45,21
16871,p8436,94,51
16873,p8437,7,90
16875,p8438,80,53
16877,p8439,29,58
16878,p8440,68,85
16879,p8441,84,29
16880,p8442,79,49
16882,p8443,72,88
16884,p8444,48,30
16887,p8445,41,99
16888,p8446,24,52
16889,p8447,17,36
16890,p8448,29,100
16892,p8449,51,26
16894,p8450,37,21
16896,p8451,79,55
16898,p8452,84,80
16900,p8453,22,94
16903,p8454,21,70
16906,p8455,57,13
16908,p8456,91,14
16911,p8457,68,81
16914,p8458,44,20
16916,p8459,64,29
16918,p8460,84,86
16920,p8461,4,88
16921,p8462,96,37
16924,p8463,6,50
16925,p8464,4,92
16926,p8465,47,3
16927,p8466,68,79
16930,p8467,98,62
16933,p8468,71,26
16934,p8469,65,48
16937,p8470,89,79
16939,p8471,33,10
16941,p8472,9,30
16942,p8473,4,86
16943,p8474,19,41
16945,p8475,69,52
16947,p8476,6,42
16950,p8477,54,38
16952,p8478,93,9
16955,p8479,77,14
16958,p8480,52,76
16960,p8481,99,49
16963,p8482,77,50
16965,p8483,13,75
16967,p8484,13,41
16969,p8485,76,48
16971,p8486,52,43
16973,p8487,86,38
16974,p8488,41,75
16977,p8489,44,46
16978,p8490,62,76
16979,p8491,77,83
16981,p8492,35,71
16982,p8493,12,35
16983,p8494,59,55
16984,p8495,75,97
16985,p8496,31,57
16988,p8497,76,45
16990,p8498,41,39
16993,p8499,46,86
16994,p8500,93,40
16995,p8501,44,7
16997,p8502,99,68
17000,p8503,45,88
17002,p8504,82,92
17005,p8505,14,59
17006,p8506,42,34
17007,p8507,89,16
17009,p8508,84,56
17011,p8509,43,7
17013,p8510,94,10
17014,p8511,89,67
17016,p8512,77,76
17018,p8513,41,56
17020,p8514,58,93
17022,p8515,27,95
17025,p8516,63,28
17026,p8517,28,41
17027,p8518,24,64
17028,p8519,45,19
17029,p8520,70,17
17032,p8521,69,12
17033,p8522,37,34
17036,p8523,84,29
17037,p8524,4,96
17039,p8525,39,53
17042,p8526,67,69
17043,p8527,25,62
17046,p8528,49,14
17047,p8529,34,30
17050,p8530,16,4
17052,p8531,36,92
17055,p8532,31,98
17056,p8533,63,27
17058,p8534,40,25
17060,p8535,2,52
17061,p8536,50,27
17062,p8537,98,96
17065,p8538,8,51
17068,p8539,84,87
17071,p8540,71,44
17073,p8541,97,94
17076,p8542,31,97
17077,p8543,74,45
17080,p8544,33,55
17082,p8545,88,97
17084,p8546,94,14
17087,p8547,84,5
17090,p8548,13,88
17092,p8549,62,82
17095,p8550,58,90
17096,p8551,5,85
17098,p8552,19,33
17100,p8553,88,2
17103,p8554,44,15
17106,p8555,73,55
17108,p8556,41,82
17111,p8557,73,11
17114,p8558,87,43
17115,p8559,5,28
17117,p8560,67,43
17118,p8561,97,69
17120,p8562,6,37
17122,p8563,26,78
17125,p8564,72,75
17127,p8565,28,14
17128,p8566,14,17
17129,p8567,36,23
17130,p8568,85,63
17133,p8569,41,96
17134,p8570,93,29
17137,p8571,92,20
17140,p8572,13,29
17142,p8573,35,95
17145,p8574,34,93
17147,p8575,85,81
17150,p8576,95,35
17152,p8577,75,29
17153,p8578,30,78
17156,p8579,27,39
17159,p8580,44,7
17161,p8581,4,38
17163,p8582,16,82
17164,p8583,87,76
17165,p8584,41,58
17166,p8585,55,52
17167,p8586,19,42
17168,p8587,37,19
17169,p8588,60,31
17170,p8589,27,71
17172,p8590,49,7
17174,p8591,31,32
17175,p8592,87,84
17177,p8593,64,88
17178,p8594,80,62
17180,p8595,28,29
17183,p8596,13,100
17185,p8597,14,74
17187,p8598,27,69
17190,p8599,54,27
17193,p8600,64,63
17196,p8601,75,55
17199,p8602,62,93
17202,p8603,90,42
17205,p8604,19,36
17207,p8605,68,28
17209,p8606,95,14
17212,p8607,3,43
17213,p8608,15,26
17215,p8609,59,80
17216,p8610,97,83
17218,p8611,8,89
17220,p8612,27,77
17222,p8613,13,16
17224,p8614,33,15
17227,p8615,72,73
17230,p8616,24,52
17232,p8617,83,57
17234,p8618,41,37
17235,p8619,41,4
17236,p8620,86,38
17238,p8621,74,16
17241,p8622,29,70
17243,p8623,29,64
17246,p8624,94,73
17247,p8625,49,8
17250,p8626,96,20
17251,p8627,62,33
17254,p8628,13,39
17257,p8629,61,48
17260,p8630,88,56
17262,p8631,23,41
17264,p8632,83,82
17266,p8633,3,63
17267,p8634,6,55
17268,p8635,45,42
17271,p8636,24,77
17274,p8637,61,36
17276,p8638,48,5
17278,p8639,55,16
17280,p8640,41,10
17283,p8641,32,6
17284,p8642,23,56
17285,p8643,50,80
17286,p8644,38,34
17287,p8645,5,82
17290,p8646,93,48
17292,p8647,79,97
17293,p8648,13,33
17296,p8649,18,69
17297,p8650,49,66
17298,p8651,47,31
17299,p8652,76,35
17301,p8653,5,80
17304,p8654,77,84
17307,p8655,32,54
17309,p8656,15,78
17310,p8657,88,25
17313,p8658,5,25
17316,p8659,60,35
17317,p8660,79,16
17320,p8661,12,60
17322,p8662,45,5
17323,p8663,49,13
17325,p8664,82,13
17326,p8665,16,38
17329,p8666,35,48
17332,p8667,17,57
17334,p8668,78,93
17336,p8669,66,62
17338,p8670,25,12
17340,p8671,17,50
17341,p8672,75,100
17344,p8673,71,14
17346,p8674,62,25
17348,p8675,6,47
17350,p8676,31,3
17351,p8677,33,13
17353,p8678,41,81
17356,p8679,84,75
17359,p8680,22,86
17361,p8681,94,73
17362,p8682,47,98
17365,p8683,40,65
17367,p8684,75,7
17369,p8685,41,24
17370,p8686,6,44
17373,p8687,14,66
17375,p8688,55,38
17378,p8689,66,37
17381,p8690,20,55
17383,p8691,42,6
17385,p8692,69,66
17388,p8693,77,75
17391,p8694,23,78
17393,p8695,99,49
17395,p8696,67,68
17398,p8697,7,15
17400,p8698,48,23
17402,p8699,7,80
17403,p8700,85,80
17405,p8701,36,29
17406,p8702,76,97
17407,p8703,13,25
17409,p8704,22,73
17412,p8705,86,89
17413,p8706,23,96
17414,p8707,78,73
17417,p8708,30,18
17418,p8709,48,98
17419,p8710,15,35
17420,p8711,13,35
17423,p8712,8,79
17424,p8713,90,81
17427,p8714,60,61
17430,p8715,6,24
17431,p8716,41,56
17434,p8717,71,96
17436,p8718,29,95
17439,p8719,93,33
17441,p8720,55,52
17444,p8721,78,71
17446,p8722,92,81
17449,p8723,44,47
17450,p8724,25,32
17453,p8725,27,14
17454,p8726,55,7
17455,p8727,28,62
17457,p8728,56,53
17458,p8729,83,39
17460,p8730,94,56
17463,p8731,58,33
17466,p8732,21,31
17467,p8733,53,80
17468,p8734,12,45
17471,p8735,41,52
17472,p8736,9,41
17473,p8737,68,19
17476,p8738,53,48
17477,p8739,88,64
17479,p8740,13,59
17482,p8741,4,98
17483,p8742,41,83
17485,p8743,39,66
17486,p8744,68,70
17489,p8745,53,67
17491,p8746,69,8
17493,p8747,76,75
17495,p8748,21,35
17496,p8749,70,82
17498,p8750,99,54
17501,p8751,3,55
17502,p8752,96,45
17503,p8753,98,69
17505,p8754,20,6
17506,p8755,80,31
17508,p8756,9,22
17511,p8757,97,72
17512,p8758,54,36
17515,p8759,8,53
17516,p8760,80,100
17518,p8761,3,66
17520,p8762,55,52
17522,p8763,59,9
17525,p8764,71,73
17528,p8765,60,50
17530,p8766,19,34
17532,p8767,12,78
17534,p8768,60,9
17537,p8769,2,50
17540,p8770,44,99
17542,p8771,60,15
17543,p8772,38,41
17544,p8773,10,21
17546,p8774,70,64
17548,p8775,22,13
17549,p8776,35,37
17551,p8777,81,53
17553,p8778,64,46
17556,p8779,5,67
17558,p8780,25,3
17561,p8781,100,36
17564,p8782,94,96
17566,p8783,65,78
17568,p8784,71,44
17570,p8785,25,35
17572,p8786,22,15
17573,p8787,78,9
17574,p8788,38,60
17577,p8789,56,24
17578,p8790,85,98
17580,p8791,99,33
17583,p8792,74,90
17584,p8793,16,78
17586,p8794,13,4
17587,p8795,79,86
17588,p8796,94,98
17590,p8797,67,92
17591,p8798,27,64
17592,p8799,46,91
17594,p8800,61,3
17596,p8801,62,5
17599,p8802,72,15
17601,p8803,34,64
17603,p8804,10,3
17604,p8805,86,2
17607,p8806,5,41
17609,p8807,2,82
17610,p8808,21,82
17613,p8809,35,11
17614,p8810,100,3
17616,p8811,22,2
17617,p8812,41,5
17619,p8813,57,4
17621,p8814,28,30
17623,p8815,3,90
17624,p8816,97,36
17625,p8817,75,68
17628,p8818,64,42
17631,p8819,83,20
17634,p8820,36,29
17637,p8821,76,78
17640,p8822,38,44
17642,p8823,90,30
17645,p8824,61,98
17648,p8825,62,79
17651,p8826,78,47
17652,p8827,23,67
17654,p8828,53,22
17656,p8829,38,30
17657,p8830,88,51
17658,p8831,91,20
17660,p8832,79,24
17662,p8833,73,52
17665,p8834,92,49
17666,p8835,67,27
17667,p8836,35,73
17668,p8837,32,69
17669,p8838,56,41
17670,p8839,61,19
17672,p8840,78,16
17674,p8841,21,17
17675,p8842,96,40
17676,p8843,37,71
17677,p8844,28,83
17678,p8845,56,12
17681,p8846,89,4
17682,p8847,36,98
17685,p8848,83,68
17688,p8849,1,47
17690,p8850,18,11
17692,p8851,99,85
17694,p8852,46,92
17696,p8853,34,86
17697,p8854,36,55
17700,p8855,64,37
17703,p8856,67,41
17706,p8857,62,57
17707,p8858,23,100
17710,p8859,8,57
17713,p8860,65,52
17714,p8861,8,82
17715,p8862,24,96
17717,p8863,45,49
17719,p8864,31,86
17722,p8865,23,98
17725,p8866,16,30
17726,p8867,75,95
17729,p8868,10,43
17731,p8869,43,57
17733,p8870,83,71
17734,p8871,14,60
17735,p8872,49,25
17736,p8873,90,51
17739,p8874,35,25
17740,p8875,76,41
17741,p8876,27,47
17743,p8877,90,20
17746,p8878,18,48
17749,p8879,29,1
17750,p8880,22,49
17753,p8881,8,79
17754,p8882,74,65
17755,p8883,37,39
17756,p8884,53,21
17759,p8885,23,26
17760,p8886,27,52
17763,p8887,38,3
17765,p8888,10,14
17767,p8889,23,68
17769,p8890,34,81
17770,p8891,1,53
17772,p8892,11,97
17773,p8893,96,17
17775,p8894,32,38
17778,p8895,28,67
17781,p8896,40,5
17783,p8897,18,35
17784,p8898,5,92
17786,p8899,92,3
17788,p8900,52,1
17791,p8901,44,11
17793,p8902,17,85
17796,p8903,49,14
17799,p8904,5,77
17801,p8905,57,16
17803,p8906,8,27
17804,p8907,39,60
17805,p8908,51,45
17808,p8909,88,1
17811,p8910,35,18
17812,p8911,39,48
17813,p8912,78,24
17814,p8913,65,70
17815,p8914,49,90
17816,p8915,28,75
17818,p8916,60,65
17821,p8917,53,99
17822,p8918,68,8
17824,p8919,44,70
17825,p8920,96,52
17827,p8921,67,58
17828,p8922,5,56
17830,p8923,18,34
17833,p8924,67,13
17835,p8925,94,61
17837,p8926,70,2
17838,p8927,82,88
17839,p8928,97,99
17841,p8929,21,33
17842,p8930,92,4
17844,p8931,70,29
17845,p8932,29,15
17847,p8933,75,58
17848,p8934,82,87
17849,p8935,69,70
17850,p8936,23,20
17852,p8937,47,9
17855,p8938,15,89
17856,p8939,73,31
17857,p8940,44,93
17860,p8941,69,53
17861,p8942,6,87
17864,p8943,44,83
17867,p8944,68,43
17870,p8945,64,88
17871,p8946,18,62
17873,p8947,47,91
17874,p8948,46,15
17876,p8949,5,80
17878,p8950,65,83
17879,p8951,1,46
17882,p8952,24,21
17885,p8953,78,56
17888,p8954,37,66
17889,p8955,67,77
17890,p8956,58,82
17893,p8957,29,67
17895,p8958,5,73
17896,p8959,12,6
17899,p8960,28,85
17902,p8961,81,42
17903,p8962,66,2
17906,p8963,81,31
17908,p8964,8,93
17911,p8965,93,46
17913,p8966,74,85
17915,p8967,39,1
17916,p8968,48,4
17919,p8969,37,29
17920,p8970,41,98
17923,p8971,9,19
17926,p8972,96,8
17928,p8973,68,56
17931,p8974,59,26
17934,p8975,95,1
17936,p8976,36,50
17939,p8977,92,42
17941,p8978,74,1
17943,p8979,49,13
17944,p8980,100,30
17947,p8981,36,82
17948,p8982,49,10
17950,p8983,6,69
17951,p8984,79,28
17952,p8985,8,12
17953,p8986,64,41
17954,p8987,18,1
17955,p8988,74,23
17957,p8989,31,44
17960,p8990,99,11
17961,p8991,72,34
17964,p8992,19,49
17965,p8993,2,54
17968,p8994,38,97
17970,p8995,21,99
17972,p8996,12,37
17973,p8997,39,1
17976,p8998,94,77
17979,p8999,77,82
17982,p9000,50,100
17983,p9001,28,58
17986,p9002,72,1
17989,p9003,40,58
17991,p9004,45,60
17992,p9005,38,48
17994,p9006,88,28
17995,p9007,25,78
17997,p9008,30,64
17999,p9009,92,85
18002,p9010,77,53
18003,p9011,49,92
18005,p9012,98,55
18006,p9013,12,100
18007,p9014,60,50
18010,p9015,11,50
18013,p9016,39,70
18014,p9017,13,87
18016,p9018,53,94
18018,p9019,64,91
18021,p9020,75,28
18023,p9021,85,90
18026,p9022,61,42
18028,p9023,70,83
18030,p9024,28,3
18031,p9025,7,97
18033,p9026,30,50
18036,p9027,87,64
18038,p9028,30,78
18041,p9029,74,7
18043,p9030,67,40
18044,p9031,49,6
18047,p9032,86,100
18050,p9033,58,5
18052,p9034,16,87
18054,p9035,2,94
18055,p9036,25,85
18057,p9037,31,83
18059,p9038,87,93
18061,p9039,28,80
18063,p9040,16,49
18064,p9041,3,19
18066,p9042,63,15
18069,p9043,60,80
18071,p9044,85,99
18074,p9045,18,52
18076,p9046,82,28
18079,p9047,26,22
18081,p9048,55,35
18084,p9049,75,55
18086,p9050,47,100
18087,p9051,47,49
18089,p9052,38,8
18090,p9053,25,11
18091,p9054,91,100
18094,p9055,42,45
18095,p9056,60,58
18098,p9057,63,64
18099,p9058,10,61
18100,p9059,97,21
18101,p9060,88,94
18104,p9061,82,37
18107,p9062,4,81
18110,p9063,32,74
18112,p9064,100,94
18114,p9065,28,75
18116,p9066,72,89
18119,p9067,40,77
18121,p9068,38,68
18124,p9069,97,46
18125,p9070,19,78
18126,p9071,20,62
18127,p9072,17,59
18130,p9073,81,5
18131,p9074,31,80
18132,p9075,5,36
18133,p9076,30,22
18134,p9077,85,17
18137,p9078,75,55
18140,p9079,8,44
18141,p9080,22,97
18142,p9081,22,17
18144,p9082,84,10
18145,p9083,7,73
18146,p9084,64,10
18148,p9085,69,96
18149,p9086,22,17
18150,p9087,38,20
18151,p9088,92,28
18153,p9089,69,6
18156,p9090,93,22
18159,p9091,6,60
18160,p9092,28,77
18161,p9093,11,40
18163,p9094,11,86
18165,p9095,6,25
18166,p9096,26,63
18167,p9097,31,1
18169,p9098,24,17
18170,p9099,11,2
18171,p9100,30,1
18174,p9101,7,73
18176,p9102,3,11
18177,p9103,49,73
18180,p9104,26,8
18182,p9105,13,63
18185,p9106,92,93
18187,p9107,97,43
18189,p9108,7,40
18191,p9109,76,30
18194,p9110,69,9
18197,p9111,86,10
18199,p9112,38,67
18202,p9113,40,88
18204,p9114,35,66
18206,p9115,93,78
18209,p9116,50,6
18210,p9117,98,55
18213,p9118,35,57
18214,p9119,85,14
18215,p9120,44,79
18218,p9121,21,47
18220,p9122,65,26
18221,p9123,61,39
18224,p9124,21,78
18227,p9125,32,2
18229,p9126,14,13
18230,p9127,49,32
18232,p9128,73,93
18233,p9129,89,10
18236,p9130,43,28
18237,p9131,84,58
18240,p9132,30,51
18242,p9133,95,58
18243,p9134,44,67
18245,p9135,64,66
18248,p9136,40,98
18249,p9137,49,16
18251,p9138,43,75
18253,p9139,77,47
18256,p9140,20,77
18257,p9141,66,54
18258,p9142,10,51
18260,p9143,59,39
18261,p9144,91,90
18264,p9145,56,61
18266,p9146,1,75
18269,p9147,60,47
18272,p9148,40,14
18275,p9149,75,83
18276,p9150,14,97
18278,p9151,100,85
18280,p9152,78,95
18281,p9153,1,8
18282,p9154,53,74
18284,p9155,87,17
18287,p9156,60,19
18290,p9157,28,76
18292,p9158,90,98
18294,p9159,49,25
18297,p9160,36,35
18298,p9161,28,50
18301,p9162,72,94
18303,p9163,89,59
18305,p9164,68,58
18308,p9165,14,78
18311,p9166,19,3
18313,p9167,48,82
18316,p9168,92,11
18318,p9169,24,37
18321,p9170,53,24
18323,p9171,76,100
18324,p9172,53,5
18326,p9173,72,10
18327,p9174,21,49
18330,p9175,87,80
18332,p9176,8,41
18333,p9177,66,35
18336,p9178,72,13
18338,p9179,47,85
18339,p9180,13,76
18341,p9181,89,10
18342,p9182,85,77
18345,p9183,40,56
18347,p9184,65,16
18348,p9185,62,66
18351,p9186,75,89
18353,p9187,61,42
18354,p9188,72,93
18357,p9189,73,85
18360,p9190,57,72
18361,p9191,24,33
18362,p9192,48,67
18363,p9193,26,62
18364,p9194,70,41
18367,p9195,9,16
18369,p9196,80,76
18370,p9197,97,47
18373,p9198,42,1
18376,p9199,93,52
18378,p9200,77,52
18381,p9201,89,26
18383,p9202,55,36
18386,p9203,60,55
18389,p9204,51,12
18391,p9205,93,63
18394,p9206,89,82
18395,p9207,89,66
18397,p9208,66,8
18400,p9209,27,17
18401,p9210,92,83
18403,p9211,48,32
18406,p9212,55,59
18408,p9213,79,78
18410,p9214,36,31
18412,p9215,35,8
18415,p9216,12,40
18417,p9217,14,89
18418,p9218,77,92
18420,p9219,54,88
18422,p9220,48,6
18424,p9221,42,32
18427,p9222,3,56
18430,p9223,78,22
18433,p9224,72,26
18436,p9225,36,29
18439,p9226,51,73
18441,p9227,97,27
18442,p9228,97,12
18443,p9229,36,26
18444,p9230,13,74
18447,p9231,76,60
18450,p9232,38,50
18453,p9233,63,89
18454,p9234,99,70
18455,p9235,31,91
18458,p9236,22,66
18461,p9237,1,32
18464,p9238,16,100
18465,p9239,8,27
18468,p9240,90,88
18470,p9241,76,62
18473,p9242,97,5
18476,p9243,28,92
18478,p9244,60,7
18479,p9245,72,64
18480,p9246,90,82
18482,p9247,77,37
18484,p9248,95,13
18486,p9249,15,43
18489,p9250,63,50
18490,p9251,51,84
18493,p9252,15,74
18494,p9253,94,58
18496,p9254,17,5
18498,p9255,48,79
18499,p9256,35,62
18500,p9257,75,46
18501,p9258,45,2
18502,p9259,93,35
18503,p9260,7,82
18505,p9261,72,17
18506,p9262,75,70
18508,p9263,22,78
18509,p9264,66,89
18512,p9265,30,92
18513,p9266,14,21
18515,p9267,25,71
18517,p9268,75,76
18520,p9269,29,90
18522,p9270,81,82
18525,p9271,65,48
18528,p9272,92,22
18530,p9273,24,18
18531,p9274,77,52
18534,p9275,58,70
18536,p9276,89,52
18537,p9277,54,76
18538,p9278,89,6
18540,p9279,78,27
18543,p9280,50,72
18546,p9281,40,1
18549,p9282,64,38
18552,p9283,57,49
18554,p9284,59,47
18557,p9285,53,64
18559,p9286,54,43
18561,p9287,56,90
18562,p9288,68,60
18563,p9289,62,53
18566,p9290,100,22
18567,p9291,70,59
18570,p9292,77,56
18572,p9293,64,95
18574,p9294,5,90
18576,p9295,97,28
18578,p9296,44,3
18579,p9297,91,46
18580,p9298,19,68
18583,p9299,50,47
18585,p9300,38,68
18587,p9301,77,18
18590,p9302,69,51
18592,p9303,87,44
18593,p9304,43,2
18594,p9305,9,59
18595,p9306,76,3
18596,p9307,8,91
18597,p9308,80,3
18598,p9309,92,40
18599,p9310,34,98
18602,p9311,42,58
18605,p9312,47,40
18606,p9313,72,78
18609,p9314,26,87
18610,p9315,60,85
18611,p9316,87,36
18614,p9317,78,72
18615,p9318,88,47
18618,p9319,82,1
18619,p9320,64,23
18620,p9321,38,17
18623,p9322,26,45
18626,p9323,60,54
18628,p9324,37,13
18629,p9325,82,73
18632,p9326,97,61
18635,p9327,30,39
18636,p9328,14,7
18637,p9329,31,11
18640,p9330,4,12
18641,p9331,9,71
18644,p9332,75,95
18645,p9333,58,1
18647,p9334,85,72
18649,p9335,24,41
18651,p9336,83,34
18652,p9337,7,48
18654,p9338,52,6
18656,p9339,97,24
18657,p9340,31,32
18659,p9341,96,42
18661,p9342,28,36
18664,p9343,9,86
18666,p9344,78,34
18669,p9345,30,59
18671,p9346,38,57
18672,p9347,62,97
18673,p9348,29,59
18675,p9349,2,54
18676,p9350,48,26
18678,p9351,21,84
18680,p9352,56,72
18683,p9353,49,13
18684,p9354,1,70
18687,p9355,76,78
18688,p9356,47,89
18691,p9357,1,75
18694,p9358,67,70
18696,p9359,74,53
18699,p9360,39,14
18700,p9361,72,46
18701,p9362,14,49
18702,p9363,88,43
18704,p9364,9,46
18705,p9365,1,25
18707,p9366,99,48
18708,p9367,52,87
18711,p9368,46,31
18714,p9369,46,18
18715,p9370,96,40
18718,p9371,37,48
18719,p9372,62,37
18722,p9373,46,80
18725,p9374,91,97
18726,p9375,92,63
18728,p9376,92,69
18729,p9377,17,40
18730,p9378,2,79
18731,p9379,39,18
18733,p9380,99,12
18735,p9381,99,64
18738,p9382,20,93
18740,p9383,35,6
18741,p9384,71,88
18743,p9385,8,46
18746,p9386,94,71
18748,p9387,55,54
18750,p9388,17,84
18751,p9389,7,3
18753,p9390,89,60
18756,p9391,39,23
18759,p9392,58,42
18762,p9393,84,27
18763,p9394,63,10
18766,p9395,34,63
18768,p9396,26,25
18769,p9397,4,17
18771,p9398,51,32
18773,p9399,62,87
18775,p9400,20,93
18778,p9401,32,83
18779,p9402,22,21
18781,p9403,82,34
18783,p9404,62,37
18786,p9405,25,89
18789,p9406,47,5
18790,p9407,71,88
18791,p9408,29,9
18794,p9409,31,83
18797,p9410,18,77
18798,p9411,36,95
18801,p9412,82,58
18802,p9413,93,69
18804,p9414,28,33
18806,p9415,9,15
18808,p9416,8,16
18811,p9417,25,21
18814,p9418,63,84
18817,p9419,20,74
18820,p9420,87,1
18823,p9421,94,86
18826,p9422,73,33
18828,p9423,36,59
18830,p9424,20,97
18831,p9425,21,40
18832,p9426,28,64
18833,p9427,76,17
18835,p9428,87,73
18836,p9429,71,29
18839,p9430,4,9
18841,p9431,55,87
18844,p9432,16,70
18845,p9433,9,24
18846,p9434,39,74
18848,p9435,35,89
18849,p9436,93,88
18850,p9437,82,86
18852,p9438,27,49
18855,p9439,50,43
18858,p9440,37,81
18860,p9441,48,89
18863,p9442,46,84
18864,p9443,92,74
18865,p9444,58,70
18868,p9445,78,24
18870,p9446,1,96
18872,p9447,3,65
18873,p9448,61,97
18875,p9449,8,52
18878,p9450,51,7
18879,p9451,97,58
18881,p9452,30,49
18883,p9453,73,97
18885,p9454,67,72
18888,p9455,90,86
18891,p9456,51,81
18894,p9457,81,22
18897,p9458,98,51
18899,p9459,62,12
18900,p9460,90,52
18901,p9461,66,97
18903,p9462,93,22
18905,p9463,24,93
18908,p9464,62,56
18910,p9465,7,92
18913,p9466,73,47
18914,p9467,37,58
18917,p9468,19,80
18919,p9469,77,16
18921,p9470,92,46
18924,p9471,70,58
18926,p9472,81,83
18929,p9473,41,48
18932,p9474,38,5
18935,p9475,34,28
18937,p9476,98,23
18938,p9477,4,72
18939,p9478,36,10
18942,p9479,51,95
18945,p9480,99,16
18946,p9481,11,66
18948,p9482,67,16
18950,p9483,50,36
18953,p9484,12,64
18955,p9485,68,82
18956,p9486,43,29
18958,p9487,94,89
18959,p9488,51,60
18962,p9489,53,15
18965,p9490,38,84
18966,p9491,68,50
18969,p9492,81,73
18970,p9493,34,65
18971,p9494,63,60
18974,p9495,74,15
18976,p9496,2,93
18978,p9497,82,57
18981,p9498,9,67
18983,p9499,69,50
18985,p9500,48,5
18987,p9501,17,76
18988,p9502,56,32
18989,p9503,55,9
18992,p9504,81,53
18995,p9505,49,25
18997,p9506,53,84
18999,p9507,91,56
19001,p9508,73,47
19003,p9509,73,3
19005,p9510,97,34
19007,p9511,83,80
19009,p9512,70,73
19012,p9513,13,65
19014,p9514,89,26
19015,p9515,39,17
19018,p9516,58,4
19020,p9517,3,81
19022,p9518,16,86
19023,p9519,81,27
19024,p9520,64,74
19027,p9521,55,92
19029,p9522,46,98
19031,p9523,60,91
19034,p9524,75,6
19037,p9525,86,93
19039,p9526,71,42
19040,p9527,72,6
19043,p9528,36,62
19044,p9529,46,98
19045,p9530,29,35
19048,p9531,18,98
19050,p9532,63,41
19053,p9533,71,15
19056,p9534,33,64
19058,p9535,92,64
19061,p9536,81,62
19063,p9537,34,70
19065,p9538,16,98
19066,p9539,61,71
19068,p9540,9,5
19070,p9541,69,83
19071,p9542,70,68
19073,p9543,30,51
19076,p9544,95,35
19079,p9545,51,67
19080,p9546,34,37
19083,p9547,35,94
19084,p9548,37,31
19087,p9549,52,31
19090,p9550,84,100
19093,p9551,36,43
19094,p9552,81,100
19097,p9553,53,66
19099,p9554,78,38
19100,p9555,35,93
19103,p9556,53,43
19104,p9557,41,52
19106,p9558,23,88
19107,p9559,100,45
19108,p9560,14,88
19111,p9561,5,74
19114,p9562,58,21
19115,p9563,18,8
19118,p9564,91,80
19121,p9565,5,19
19122,p9566,49,60
19123,p9567,32,26
19124,p9568,83,71
19126,p9569,27,43
19127,p9570,42,5
19129,p9571,21,49
19131,p9572,69,4
19132,p9573,94,36
19135,p9574,49,10
19138,p9575,3,2
19139,p9576,54,23
19142,p9577,53,85
19143,p9578,94,86
19144,p9579,26,30
19147,p9580,14,30
19150,p9581,67,50
19152,p9582,98,30
19155,p9583,97,9
19157,p9584,87,78
19158,p9585,95,46
19159,p9586,33,53
19160,p9587,57,48
19162,p9588,95,67
19164,p9589,7,26
19165,p9590,7,38
19166,p9591,31,67
19169,p9592,98,52
19172,p9593,44,95
19175,p9594,25,69
19176,p9595,13,12
19177,p9596,62,30
19180,p9597,59,4
19183,p9598,94,9
19185,p9599,13,54
19188,p9600,65,64
19190,p9601,60,29
19192,p9602,43,53
19194,p9603,81,82
19196,p9604,31,61
19198,p9605,55,98
19200,p9606,47,94
19201,p9607,38,1
19202,p9608,18,12
19204,p9609,39,22
19205,p9610,28,22
19206,p9611,16,84
19209,p9612,97,32
19212,p9613,12,46
19214,p9614,38,89
19216,p9615,66,32
19218,p9616,57,73
19221,p9617,66,56
19224,p9618,22,93
19226,p9619,82,27
19228,p9620,53,45
19231,p9621,16,72
19232,p9622,44,41
19234,p9623,35,11
19235,p9624,38,46
19238,p9625,79,94
19239,p9626,48,69
19240,p9627,21,55
19243,p9628,85,14
19244,p9629,88,21
19246,p9630,55,38
19248,p9631,8,99
19251,p9632,43,26
19253,p9633,32,47
19254,p9634,91,9
19255,p9635,41,20
19256,p9636,42,61
19257,p9637,48,35
19258,p9638,98,29
19261,p9639,8,91
19263,p9640,35,54
19264,p9641,59,18
19266,p9642,87,5
19267,p9643,25,19
19269,p9644,30,53
19270,p9645,71,64
19272,p9646,39,90
19273,p9647,79,55
19275,p9648,55,53
19278,p9649,2,73
19281,p9650,13,68
19284,p9651,77,98
19286,p9652,2,100
19289,p9653,49,59
19292,p9654,3,54
19293,p9655,35,96
19295,p9656,98,76
19298,p9657,67,8
19299,p9658,59,46
19301,p9659,31,93
19302,p9660,30,59
19304,p9661,37,21
19306,p9662,32,11
19309,p9663,15,97
19311,p9664,44,70
19313,p9665,29,55
19316,p9666,60,52
19318,p9667,25,95
19321,p9668,99,90
19323,p9669,78,97
19324,p9670,62,99
19326,p9671,3,62
19329,p9672,47,70
19331,p9673,36,59
19332,p9674,24,64
19334,p9675,13,76
19337,p9676,25,36
19339,p9677,31,26
19342,p9678,86,75
19343,p9679,60,91
19345,p9680,12,35
19348,p9681,37,4
19349,p9682,53,8
19352,p9683,15,98
19354,p9684,19,88
19357,p9685,87,5
19358,p9686,43,1
19360,p9687,72,61
19362,p9688,55,5
19364,p9689,99,92
19367,p9690,56,48
19370,p9691,76,100
19371,p9692,40,60
19373,p9693,60,92
19375,p9694,46,50
19376,p9695,84,51
19378,p9696,68,94
19379,p9697,29,39
19380,p9698,16,76
19383,p9699,8,14
19385,p9700,80,64
19386,p9701,69,39
19388,p9702,24,6
19391,p9703,96,11
19392,p9704,80,78
19395,p9705,66,45
19396,p9706,51,9
19397,p9707,15,48
19400,p9708,77,5
19401,p9709,60,45
19404,p9710,30,37
19405,p9711,44,86
19406,p9712,63,66
19409,p9713,100,99
19410,p9714,5,90
19411,p9715,24,70
19412,p9716,21,9
19414,p9717,19,62
19417,p9718,95,59
19420,p9719,24,28
19423,p9720,57,63
19426,p9721,90,7
19427,p9722,24,60
19429,p9723,81,15
19431,p9724,55,61
19432,p9725,90,73
19433,p9726,40,7
19435,p9727,14,73
19436,p9728,64,39
19437,p9729,5,70
19439,p9730,31,10
19440,p9731,74,54
19442,p9732,65,49
19443,p9733,18,68
19444,p9734,54,99
19446,p9735,41,7
19447,p9736,61,97
19448,p9737,82,86
19450,p9738,48,86
19451,p9739,82,93
19454,p9740,99,8
19456,p9741,88,43
19458,p9742,100,24
19460,p9743,99,42
19463,p9744,20,56
19466,p9745,6,32
19468,p9746,72,55
19471,p9747,7,27
19473,p9748,41,38
19475,p9749,2,88
19476,p9750,84,48
19479,p9751,23,82
19480,p9752,33,27
19482,p9753,69,19
19483,p9754,12,55
19484,p9755,81,27
19487,p9756,90,45
19488,p9757,28,49
19491,p9758,8,43
19494,p9759,57,52
19496,p9760,67,33
19497,p9761,41,66
19499,p9762,7,44
19500,p9763,57,95
19501,p9764,34,12
19504,p9765,44,81
19506,p9766,57,3
19508,p9767,9,26
19509,p9768,91,23
19510,p9769,24,13
19511,p9770,37,59
19512,p9771,40,86
19514,p9772,35,54
19515,p9773,52,21
19518,p9774,74,46
19520,p9775,35,75
19523,p9776,38,5
19526,p9777,48,9
19528,p9778,71,39
19531,p9779,36,12
19532,p9780,98,16
19533,p9781,49,13
19535,p9782,94,99
19538,p9783,56,100
19539,p9784,65,23
19541,p9785,38,17
19542,p9786,6,2
19544,p9787,3,45
19547,p9788,54,6
19549,p9789,43,58
19551,p9790,38,55
19553,p9791,83,46
19555,p9792,25,44
19557,p9793,9,39
19559,p9794,88,48
19560,p9795,71,52
19561,p9796,72,91
19564,p9797,52,90
19565,p9798,59,70
19568,p9799,5,54
19570,p9800,34,59
19571,p9801,16,84
19573,p9802,16,39
19575,p9803,72,48
19578,p9804,29,18
19581,p9805,36,78
19584,p9806,71,73
19585,p9807,92,71
19587,p9808,96,21
19588,p9809,79,34
19589,p9810,98,13
19592,p9811,34,13
19594,p9812,26,93
19597,p9813,15,25
19598,p9814,32,87
19600,p9815,49,25
19603,p9816,93,7
19605,p9817,91,99
19607,p9818,100,18
19608,p9819,45,6
19610,p9820,42,48
19611,p9821,79,58
19612,p9822,36,14
19614,p9823,80,50
19617,p9824,51,15
19619,p9825,39,47
19621,p9826,84,81
19622,p9827,22,52
19625,p9828,29,63
19626,p9829,10,21
19628,p9830,60,74
19631,p9831,17,36
19633,p9832,48,83
19636,p9833,25,98
19638,p9834,26,56
19641,p9835,76,10
19644,p9836,92,7
19645,p9837,1,63
19646,p9838,15,3
19649,p9839,46,66
19652,p9840,45,20
19653,p9841,94,7
19656,p9842,79,4
19657,p9843,10,56
19658,p9844,7,20
19660,p9845,47,94
19661,p9846,78,81
19662,p9847,3,98
19665,p9848,3,93
19668,p9849,94,12
19670,p9850,15,94
19671,p9851,97,91
19674,p9852,76,94
19676,p9853,65,38
19677,p9854,26,84
19678,p9855,2,62
19681,p9856,94,90
19684,p9857,93,36
19686,p9858,33,12
19687,p9859,69,28
19690,p9860,10,97
19691,p9861,21,6
19692,p9862,27,85
19693,p9863,66,49
19696,p9864,4,75
19698,p9865,24,80
19699,p9866,12,49
19702,p9867,46,39
19704,p9868,24,41
19706,p9869,2,80
19708,p9870,57,48
19709,p9871,77,22
19710,p9872,57,99
19712,p9873,43,16
19715,p9874,61,25
19716,p9875,81,56
19718,p9876,11,62
19721,p9877,27,44
19723,p9878,88,22
19726,p9879,39,25
19728,p9880,3,52
19729,p9881,95,93
19731,p9882,38,57
19733,p9883,40,81
19734,p9884,40,6
19736,p9885,10,56
19737,p9886,46,65
19740,p9887,53,52
19743,p9888,7,86
19745,p9889,48,38
19746,p9890,62,72
19747,p9891,80,36
19750,p9892,49,72
19752,p9893,71,81
19754,p9894,24,16
19757,p9895,71,52
19760,p9896,38,92
19762,p9897,9,50
19765,p9898,41,16
19767,p9899,2,75
19768,p9900,18,64
19769,p9901,100,1
19772,p9902,70,74
19775,p9903,47,52
19777,p9904,55,8
19778,p9905,99,41
19781,p9906,81,28
19784,p9907,8,30
19786,p9908,12,11
19789,p9909,6,70
19791,p9910,90,95
19794,p9911,77,45
19795,p9912,64,71
19798,p9913,45,15
19801,p9914,41,32
19803,p9915,53,25
19804,p9916,27,38
19807,p9917,6,52
19808,p9918,58,44
19810,p9919,34,63
19811,p9920,52,44
19814,p9921,97,33
19817,p9922,37,42
19819,p9923,25,96
19820,p9924,17,3
19822,p9925,43,87
19825,p9926,87,23
19827,p9927,84,40
19830,p9928,94,90
19833,p9929,54,64
19834,p9930,48,68
19835,p9931,90,18
19836,p9932,73,74
19839,p9933,12,86
19841,p9934,38,8
19844,p9935,18,15
19847,p9936,63,83
19850,p9937,31,95
19852,p9938,7,66
19853,p9939,68,7
19855,p9940,54,69
19858,p9941,81,42
19860,p9942,82,65
19862,p9943,12,75
19863,p9944,77,54
19865,p9945,52,17
19866,p9946,10,38
19869,p9947,67,75
19872,p9948,10,43
19874,p9949,57,18
19876,p9950,48,56
19878,p9951,68,57
19879,p9952,71,93
19881,p9953,64,12
19883,p9954,94,77
19886,p9955,97,83
19888,p9956,94,59
19889,p9957,44,95
19892,p9958,81,63
19894,p9959,10,28
19895,p9960,16,27
19898,p9961,5,17
19900,p9962,3,70
19903,p9963,72,29
19905,p9964,2,32
19907,p9965,19,43
19909,p9966,26,45
19911,p9967,80,100
19914,p9968,39,88
19916,p9969,28,44
19919,p9970,97,47
19920,p9971,46,53
19921,p9972,19,94
19923,p9973,83,64
19925,p9974,83,52
19926,p9975,85,2
19929,p9976,43,22
19932,p9977,6,49
19935,p9978,98,58
19938,p9979,92,24
19939,p9980,72,27
19941,p9981,76,62
19942,p9982,12,8
19943,p9983,31,22
19944,p9984,42,33
19947,p9985,4,26
19950,p9986,49,86
19951,p9987,36,3
19953,p9988,90,2
19954,p9989,89,55
19955,p9990,46,87
19958,p9991,13,7
19959,p9992,5,88
19962,p9993,93,77
19965,p9994,6,51
19967,p9995,74,87
19969,p9996,51,1
19971,p9997,18,96
19972,p9998,52,18
19974,p9999,80,78
19976,p10000,80,71
19979,p10001,67,99
19981,p10002,16,66
19982,p10003,23,89
19983,p10004,31,72
19985,p10005,31,2
19987,p10006,49,68
19989,p10007,19,64
19992,p10008,60,18
19993,p10009,46,10
19995,p10010,2,50
19998,p10011,90,56
20000,p10012,7,54
20002,p10013,97,90
20004,p10014,35,21
20007,p10015,72,35
20008,p10016,44,68
20010,p10017,67,74
20011,p10018,23,52
20014,p10019,57,77
20015,p10020,11,7
20016,p10021,63,9
20017,p10022,89,66
20018,p10023,49,93
20021,p10024,83,13
20023,p10025,15,39
20025,p10026,69,4
20028,p10027,88,36
20030,p10028,15,12
20031,p10029,57,58
20034,p10030,94,90
20036,p10031,79,44
20037,p10032,69,36
20039,p10033,47,55
20042,p10034,48,6
20045,p10035,71,61
20047,p10036,31,93
20049,p10037,17,9
20052,p10038,59,40
20054,p10039,84,59
20057,p10040,28,19
20060,p10041,51,4
20063,p10042,43,41
20065,p10043,95,97
20067,p10044,99,9
20070,p10045,28,12
20072,p10046,94,6
20073,p10047,9,8
20076,p10048,32,48
20079,p10049,66,29
20080,p10050,34,48
20082,p10051,45,13
20084,p10052,38,52
20087,p10053,50,87
20090,p10054,25,1
20091,p10055,77,19
20094,p10056,29,5
20097,p10057,70,10
20098,p10058,3,21
20099,p10059,6,3
20100,p10060,34,43
20103,p10061,61,10
20104,p10062,29,44
20105,p10063,28,68
20107,p10064,91,49
20110,p10065,21,93
20113,p10066,2,51
20116,p10067,25,39
20119,p10068,52,32
20121,p10069,57,35
20123,p10070,90,97
20124,p10071,90,83
20127,p10072,6,97
20130,p10073,23,93
20133,p10074,84,47
20134,p10075,99,13
20135,p10076,90,97
20138,p10077,86,49
20140,p10078,71,81
20142,p10079,49,59
20145,p10080,87,5
20147,p10081,83,86
20148,p10082,25,22
20151,p10083,95,34
20154,p10084,35,62
20157,p10085,23,95
20159,p10086,4,33
20161,p10087,34,29
20162,p10088,78,89
20163,p10089,41,15
20164,p10090,45,93
20167,p10091,16,60
20170,p10092,61,27
20172,p10093,89,66
20173,p10094,91,61
20174,p10095,7,88
20176,p10096,63,60
20179,p10097,2,27
20180,p10098,49,4
20182,p10099,28,30
20183,p10100,90,65
20186,p10101,50,42
20189,p10102,93,81
20192,p10103,10,74
20195,p10104,52,85
20196,p10105,48,28
20198,p10106,42,13
20199,p10107,12,25
20201,p10108,46,69
20202,p10109,14,18
20205,p10110,7,44
20206,p10111,30,75
20209,p10112,25,77
20212,p10113,44,30
20215,p10114,35,64
20218,p10115,26,44
20221,p10116,22,55
20223,p10117,37,84
20225,p10118,45,7
20227,p10119,40,77
20230,p10120,38,31
20233,p10121,5,22
20236,p10122,36,10
20239,p10123,90,47
20242,p10124,100,47
20243,p10125,94,86
20246,p10126,65,57
20247,p10127,38,42
20250,p10128,58,93
20251,p10129,55,22
20252,p10130,20,8
20254,p10131,20,29
20257,p10132,68,93
20259,p10133,16,57
20260,p10134,41,37
20263,p10135,51,96
20265,p10136,56,71
20268,p10137,71,67
20270,p10138,96,87
20272,p10139,84,55
20275,p10140,47,25
20276,p10141,24,39
20279,p10142,71,6
20281,p10143,69,91
20282,p10144,51,24
20285,p10145,65,33
20287,p10146,37,59
20290,p10147,87,84
20293,p10148,45,82
20294,p10149,89,38
20297,p10150,13,3
20299,p10151,5,62
20302,p10152,63,62
20304,p10153,33,51
20307,p10154,41,66
20310,p10155,63,21
20313,p10156,89,93
20316,p10157,73,81
20319,p10158,80,52
20320,p10159,75,38
20323,p10160,65,99
20326,p10161,31,56
20328,p10162,21,40
20329,p10163,4,21
20332,p10164,74,84
20333,p10165,16,85
20335,p10166,3,98
20336,p10167,95,20
20338,p10168,66,94
20341,p10169,26,62
20342,p10170,38,42
20345,p10171,35,82
20347,p10172,51,52
20349,p10173,62,50
20352,p10174,63,54
20353,p10175,63,27
20355,p10176,14,20
20356,p10177,78,73
20359,p10178,18,21
20361,p10179,10,73
20364,p10180,29,32
20365,p10181,25,49
20367,p10182,78,55
20370,p10183,1,100
20371,p10184,13,86
20373,p10185,89,17
20376,p10186,50,1
20378,p10187,70,58
20380,p10188,22,63
20382,p10189,75,21
20383,p10190,63,79
20386,p10191,84,53
20387,p10192,38,98
20389,p10193,17,25
20390,p10194,78,1
20393,p10195,45,7
20396,p10196,95,49
20398,p10197,63,31
20399,p10198,42,76
20402,p10199,87,98
20405,p10200,8,95
20408,p10201,84,42
20409,p10202,44,36
20412,p10203,12,96
20415,p10204,76,19
20418,p10205,65,84
20421,p10206,61,69
20423,p10207,75,80
20425,p10208,27,10
20426,p10209,11,47
20427,p10210,41,87
20430,p10211,60,91
20431,p10212,25,97
20434,p10213,15,94
20437,p10214,35,67
20440,p10215,46,23
20441,p10216,21,98
20443,p10217,51,54
20446,p10218,72,67
20448,p10219,8,43
20451,p10220,33,91
20453,p10221,37,96
20456,p10222,67,33
20458,p10223,3,24
20461,p10224,16,36
20463,p10225,37,81
20466,p10226,60,23
20468,p10227,75,59
20471,p10228,83,31
20473,p10229,73,14
20476,p10230,5,89
20479,p10231,6,72
20480,p10232,59,67
20481,p10233,97,88
20482,p10234,75,77
20484,p10235,100,27
20485,p10236,85,57
20486,p10237,12,26
20488,p10238,38,51
20491,p10239,72,13
20493,p10240,49,52
20494,p10241,88,41
20497,p10242,29,95
20498,p10243,23,45
20500,p10244,52,81
20503,p10245,57,98
20505,p10246,8,95
20506,p10247,13,49
20509,p10248,32,93
20510,p10249,27,36
20511,p10250,45,58
20512,p10251,19,83
20513,p10252,6,78
20515,p10253,15,46
20517,p10254,42,22
20520,p10255,58,61
20522,p10256,15,53
20523,p10257,6,57
20525,p10258,63,51
20526,p10259,49,94
20528,p10260,28,1
20531,p10261,20,42
20532,p10262,47,35
20534,p10263,90,75
20536,p10264,4,89
20538,p10265,58,69
20540,p10266,21,14
20542,p10267,17,34
20544,p10268,4,7
20547,p10269,12,94
20550,p10270,37,40
20551,p10271,16,67
20554,p10272,72,69
20556,p10273,8,36
20559,p10274,38,26
20562,p10275,91,65
20565,p10276,81,68
20567,p10277,96,35
20569,p10278,94,96
20572,p10279,41,60
20573,p10280,52,50
20576,p10281,85,80
20579,p10282,10,52
20580,p10283,33,21
20581,p10284,43,68
20583,p10285,24,56
20584,p10286,98,63
20587,p10287,38,68
20589,p10288,64,13
20592,p10289,62,40
20593,p10290,38,67
20595,p10291,36,85
20596,p10292,68,29
20597,p10293,50,19
20600,p10294,98,35
20603,p10295,9,96
20606,p10296,43,91
20609,p10297,57,36
20611,p10298,99,82
20612,p10299,56,70
20614,p10300,89,2
20616,p10301,85,58
20619,p10302,84,47
20622,p10303,56,43
20625,p10304,73,52
20626,p10305,60,79
20627,p10306,71,33
20630,p10307,55,84
20631,p10308,53,56
20633,p10309,65,10
20636,p10310,32,19
20639,p10311,15,59
20641,p10312,2,79
20643,p10313,92,70
20645,p10314,98,91
20648,p10315,61,9
20649,p10316,42,5
20650,p10317,91,70
20652,p10318,10,31
20654,p10319,55,88
20655,p10320,94,90
20658,p10321,38,55
20659,p10322,39,93
20660,p10323,6,15
20661,p10324,4,32
20663,p10325,82,4
20664,p10326,85,31
20665,p10327,2,41
20666,p10328,40,8
20668,p10329,45,35
20670,p10330,36,1
20673,p10331,66,51
20676,p10332,51,3
20677,p10333,10,29
20679,p10334,15,73
20680,p10335,77,88
20683,p10336,33,60
20685,p10337,98,71
20688,p10338,90,70
20689,p10339,67,44
20691,p10340,39,42
20693,p10341,27,34
20695,p10342,99,64
20696,p10343,58,43
20698,p10344,39,90
20701,p10345,52,51
20702,p10346,62,94
20704,p10347,38,82
20707,p10348,92,78
20710,p10349,70,43
20712,p10350,63,18
20713,p10351,73,62
20715,p10352,28,79
20718,p10353,40,25
20721,p10354,50,64
20724,p10355,66,3
20727,p10356,41,23
20730,p10357,77,97
20732,p10358,36,56
20735,p10359,84,65
20736,p10360,45,80
20737,p10361,2,8
20740,p10362,51,28
20741,p10363,5,34
20744,p10364,79,12
20745,p10365,95,64
20748,p10366,99,74
20749,p10367,59,14
20751,p10368,78,1
20752,p10369,7,74
20755,p10370,93,98
20757,p10371,48,93
20758,p10372,55,32
20760,p10373,61,17
20761,p10374,97,59
20762,p10375,21,70
20764,p10376,44,28
20767,p10377,22,67
20769,p10378,83,50
20771,p10379,43,62
20774,p10380,52,19
20777,p10381,83,26
20778,p10382,94,95
20780,p10383,58,24
20782,p10384,86,19
20784,p10385,1,61
20786,p10386,45,80
20787,p10387,41,44
20788,p10388,38,27
20791,p10389,13,65
20794,p10390,90,99
20796,p10391,27,42
20799,p10392,73,83
20801,p10393,12,53
20804,p10394,81,42
20807,p10395,72,29
20808,p10396,34,70
20809,p10397,6,5
20811,p10398,47,19
20812,p10399,20,15
20814,p10400,16,46
20817,p10401,94,22
20818,p10402,99,78
20820,p10403,86,88
20823,p10404,30,89
20825,p10405,74,27
20827,p10406,53,60
20829,p10407,13,42
20832,p10408,46,56
20834,p10409,1,48
20836,p10410,3,49
20837,p10411,85,65
20839,p10412,16,79
20841,p10413,91,20
20844,p10414,20,48
20845,p10415,52,35
20846,p10416,69,99
20848,p10417,79,64
20851,p10418,56,5
20854,p10419,87,53
20856,p10420,20,67
20857,p10421,59,16
20858,p10422,100,75
20860,p10423,65,15
20861,p10424,35,38
20862,p10425,81,35
20863,p10426,42,55
20865,p10427,25,29
20867,p10428,1,67
20870,p10429,90,20
20873,p10430,6,12
20874,p10431,89,8
20876,p10432,74,86
20879,p10433,40,51
20881,p10434,81,76
20883,p10435,47,11
20886,p10436,39,82
20887,p10437,96,46
20889,p10438,18,33
20890,p10439,1,15
20893,p10440,60,76
20894,p10441,39,100
20897,p10442,8,59
20898,p10443,42,92
20901,p10444,27,41
20902,p10445,26,90
20905,p10446,12,3
20908,p10447,16,46
20909,p10448,43,48
20910,p10449,36,39
20913,p10450,42,97
20914,p10451,100,97
20917,p10452,26,51
20920,p10453,74,65
20921,p10454,2,21
20923,p10455,44,59
20924,p10456,85,25
20925,p10457,69,46
20927,p10458,93,75
20929,p10459,13,100
20930,p10460,100,9
20931,p10461,67,84
20934,p10462,74,15
20937,p10463,50,60
20939,p10464,30,75
20941,p10465,20,76
20944,p10466,2,74
20946,p10467,53,79
20949,p10468,56,61
20950,p10469,60,65
20951,p10470,92,58
20953,p10471,47,6
20955,p10472,85,99
20957,p10473,45,60
20960,p10474,34,60
20963,p10475,3,67
20964,p10476,9,92
20965,p10477,78,96
20966,p10478,89,70
20967,p10479,11,59
20968,p10480,96,37
20970,p10481,61,9
20973,p10482,18,61
20976,p10483,52,57
20977,p10484,22,7
20978,p10485,46,99
20979,p10486,27,17
20980,p10487,93,19
20983,p10488,96,76
20985,p10489,93,52
20988,p10490,90,88
20990,p10491,90,85
20992,p10492,68,67
20995,p10493,76,45
20997,p10494,12,90
20998,p10495,24,84
21001,p10496,58,8
21004,p10497,75,58
21005,p10498,82,15
21008,p10499,53,45
21011,p10500,77,26
21012,p10501,13,68
21014,p10502,68,11
21017,p10503,10,98
21019,p10504,46,70
21020,p10505,6,19
21023,p10506,79,58
21025,p10507,33,23
21028,p10508,76,62
21029,p10509,57,29
21032,p10510,71,12
21035,p10511,48,55
21036,p10512,17,25
21038,p10513,14,61
21041,p10514,26,77
21042,p10515,99,10
21044,p10516,61,16
21047,p10517,61,72
21050,p10518,71,73
21053,p10519,61,87
21055,p10520,22,80
21058,p10521,91,43
21061,p10522,33,18
21062,p10523,68,51
21064,p10524,62,94
21066,p10525,72,10
21068,p10526,72,30
21071,p10527,54,45
21074,p10528,26,46
21076,p10529,20,32
21078,p10530,27,75
21080,p10531,55,28
21083,p10532,67,99
21086,p10533,5,56
21087,p10534,4,41
21090,p10535,13,17
21093,p10536,62,65
21096,p10537,88,12
21099,p10538,56,81
21100,p10539,91,53
21101,p10540,6,87
21102,p10541,68,37
21105,p10542,43,49
21106,p10543,62,34
21109,p10544,19,27
21110,p10545,32,49
21113,p10546,33,93
21116,p10547,95,97
21118,p10548,64,54
21119,p10549,82,64
21120,p10550,51,70
21123,p10551,49,16
21125,p10552,35,20
21126,p10553,19,39
21129,p10554,13,58
21130,p10555,40,82
21131,p10556,66,29
21134,p10557,75,34
21135,p10558,52,1
21136,p10559,54,9
21138,p10560,22,63
21141,p10561,16,2
21142,p10562,22,29
21144,p10563,56,68
21145,p10564,49,75
21148,p10565,47,94
21149,p10566,35,6
21152,p10567,68,11
21155,p10568,79,34
21157,p10569,7,87
21158,p10570,14,83
21160,p10571,84,80
21161,p10572,55,93
21164,p10573,83,70
21166,p10574,11,20
21168,p10575,26,87
21171,p10576,23,19
21174,p10577,98,31
21176,p10578,92,75
21177,p10579,56,69
21178,p10580,86,3
21179,p10581,97,12
21182,p10582,70,34
21184,p10583,71,4
21186,p10584,13,2
21189,p10585,29,53
21191,p10586,84,5
21193,p10587,58,80
21196,p10588,35,19
21197,p10589,16,13
21200,p10590,4,2
21203,p10591,23,96
21204,p10592,95,74
21206,p10593,56,70
21209,p10594,90,51
21210,p10595,64,8
21211,p10596,67,22
21214,p10597,13,94
21215,p10598,69,83
21216,p10599,32,64
21217,p10600,18,78
21219,p10601,3,27
21221,p10602,93,86
21224,p10603,36,15
21227,p10604,48,79
21228,p10605,93,68
21231,p10606,73,81
21232,p10607,81,30
21234,p10608,71,11
21237,p10609,47,48
21240,p10610,36,30
21241,p10611,35,8
21242,p10612,11,95
21244,p10613,10,23
21245,p10614,6,69
21246,p10615,26,28
21248,p10616,33,6
21249,p10617,20,34
21250,p10618,81,53
21251,p10619,53,26
21253,p10620,24,6
21255,p10621,83,44
21256,p10622,62,48
21258,p10623,40,1
21259,p10624,76,83
21260,p10625,100,47
21263,p10626,66,10
21266,p10627,74,51
21268,p10628,81,93
21269,p10629,34,47
21271,p10630,80,42
21272,p10631,24,22
21275,p10632,14,68
21277,p10633,21,23
21278,p10634,69,51
21280,p10635,71,53
21282,p10636,7,70
21284,p10637,89,48
21285,p10638,97,47
21288,p10639,62,24
21291,p10640,19,23
21292,p10641,87,93
21295,p10642,4,26
21298,p10643,3,68
21300,p10644,14,7
21302,p10645,27,53
21305,p10646,92,84
21307,p10647,32,40
21309,p10648,76,53
21310,p10649,42,34
21312,p10650,11,48
21315,p10651,4,64
21316,p10652,11,84
21319,p10653,35,90
21322,p10654,57,50
21323,p10655,88,16
21324,p10656,43,70
21325,p10657,70,89
21328,p10658,12,85
21330,p10659,54,70
21333,p10660,80,59
21336,p10661,38,74
21338,p10662,48,73
21340,p10663,29,63
21343,p10664,81,16
21345,p10665,32,99
21348,p10666,76,84
21349,p10667,11,46
21352,p10668,42,25
21355,p10669,3,22
21357,p10670,23,46
21360,p10671,32,1
21362,p10672,59,11
21364,p10673,86,33
21366,p10674,100,99
21368,p10675,44,64
21369,p10676,63,14
21371,p10677,97,42
21373,p10678,16,92
21374,p10679,18,98
21375,p10680,12,25
21376,p10681,29,9
21378,p10682,100,56
21380,p10683,89,91
21382,p10684,88,75
21383,p10685,41,98
21386,p10686,35,28
21389,p10687,84,98
21392,p10688,79,52
21395,p10689,10,68
21398,p10690,39,81
21399,p10691,6,43
21402,p10692,85,37
21405,p10693,87,68
21408,p10694,14,73
21410,p10695,90,2
21413,p10696,54,30
21415,p10697,58,76
21417,p10698,40,97
21419,p10699,94,52
21422,p10700,27,59
21425,p10701,91,7
21428,p10702,39,42
21430,p10703,79,66
21431,p10704,35,44
21434,p10705,24,100
21436,p10706,29,84
21437,p10707,10,4
21438,p10708,38,82
21440,p10709,83,19
21442,p10710,34,76
21443,p10711,95,44
21446,p10712,58,54
21448,p10713,90,73
21451,p10714,65,51
21453,p10715,85,39
21455,p10716,18,52
21457,p10717,1,67
21458,p10718,39,46
21459,p10719,37,1
21462,p10720,88,52
21464,p10721,32,12
21465,p10722,14,29
21466,p10723,66,87
21469,p10724,42,43
21470,p10725,80,73
21472,p10726,95,81
21473,p10727,98,85
21475,p10728,79,38
21478,p10729,19,98
21479,p10730,63,97
21480,p10731,25,21
21481,p10732,33,53
21483,p10733,22,74
21484,p10734,55,11
21485,p10735,84,66
21486,p10736,94,76
21489,p10737,66,41
21492,p10738,88,9
21494,p10739,55,96
21496,p10740,86,83
21497,p10741,76,56
21499,p10742,43,28
21500,p10743,8,86
21502,p10744,31,5
21504,p10745,43,16
21506,p10746,40,72
21507,p10747,82,57
21509,p10748,54,58
21512,p10749,76,21
21515,p10750,55,82
21518,p10751,57,2
21520,p10752,73,8
21521,p10753,28,56
21524,p10754,15,75
21525,p10755,96,5
21528,p10756,19,80
21531,p10757,31,67
21534,p10758,83,68
21537,p10759,38,7
21539,p10760,87,14
21541,p10761,100,16
21544,p10762,68,96
21547,p10763,67,18
21549,p10764,17,63
21551,p10765,35,60
21554,p10766,33,27
21556,p10767,20,69
21558,p10768,31,27
21560,p10769,28,44
21563,p10770,69,38
21565,p10771,43,71
21566,p10772,100,93
21567,p10773,69,82
21568,p10774,95,71
21569,p10775,56,74
21572,p10776,20,43
21574,p10777,82,10
21576,p10778,62,93
21578,p10779,95,43
21580,p10780,8,80
21582,p10781,53,72
21583,p10782,91,95
21584,p10783,13,1
21587,p10784,78,29
21589,p10785,5,8
21591,p10786,48,60
21593,p10787,100,22
21595,p10788,26,51
21598,p10789,67,44
21599,p10790,59,28
21601,p10791,74,46
21602,p10792,95,59
21605,p10793,85,41
21608,p10794,72,30
21609,p10795,33,64
21611,p10796,29,81
21613,p10797,94,93
21616,p10798,46,11
21618,p10799,12,15
21619,p10800,25,3
21621,p10801,82,11
21624,p10802,21,96
21627,p10803,56,31
21630,p10804,99,45
21631,p10805,72,85
21633,p10806,73,52
21636,p10807,74,100
21638,p10808,11,25
21639,p10809,28,76
21640,p10810,84,12
21643,p10811,43,17
21645,p10812,89,63
21646,p10813,42,3
21648,p10814,100,27
21649,p10815,89,76
21652,p10816,71,26
21653,p10817,77,3
21656,p10818,83,66
21658,p10819,9,7
21661,p10820,12,8
21664,p10821,56,97
21665,p10822,14,98
21667,p10823,85,19
21670,p10824,46,21
21673,p10825,55,19
21674,p10826,27,57
21677,p10827,82,16
21680,p10828,7,54
21681,p10829,2,53
21684,p10830,46,65
21685,p10831,18,96
21688,p10832,18,62
21689,p10833,49,31
21692,p10834,22,70
21694,p10835,66,34
21696,p10836,7,49
21699,p10837,100,93
21702,p10838,59,7
21705,p10839,16,25
21706,p10840,36,19
21709,p10841,3,39
21711,p10842,5,58
21713,p10843,34,73
21715,p10844,89,25
21717,p10845,95,18
21720,p10846,7,2
21721,p10847,18,31
21722,p10848,46,6
21724,p10849,80,18
21725,p10850,90,49
21726,p10851,40,4
21729,p10852,28,40
21730,p10853,90,70
21732,p10854,37,9
21733,p10855,32,83
21734,p10856,57,90
21736,p10857,87,84
21738,p10858,68,60
21739,p10859,96,62
21740,p10860,54,50
21742,p10861,13,42
21743,p10862,19,83
21746,p10863,98,20
21748,p10864,39,20
21750,p10865,62,17
21751,p10866,66,97
21752,p10867,62,77
21755,p10868,33,80
21756,p10869,3,71
21759,p10870,34,7
21762,p10871,87,18
21764,p10872,28,26
21767,p10873,75,74
21769,p10874,9,98
21770,p10875,81,96
21772,p10876,86,51
21773,p10877,4,86
21776,p10878,91,34
21778,p10879,81,56
21781,p10880,16,100
21783,p10881,87,82
21784,p10882,10,83
21787,p10883,96,40
21790,p10884,25,78
21791,p10885,89,2
21793,p10886,85,21
21795,p10887,99,51
21797,p10888,73,24
21800,p10889,73,69
21801,p10890,80,50
21802,p10891,9,23
21805,p10892,48,70
21806,p10893,38,13
21808,p10894,30,54
21809,p10895,3,39
21811,p10896,4,75
21813,p10897,47,21
21816,p10898,77,51
21818,p10899,30,18
21820,p10900,15,7
21823,p10901,45,47
21826,p10902,92,100
21827,p10903,24,41
21829,p10904,28,27
21830,p10905,43,92
21831,p10906,40,93
21834,p10907,77,31
21835,p10908,42,51
21837,p10909,5,32
21838,p10910,57,6
21841,p10911,63,72
21843,p10912,86,98
21846,p10913,6,48
21848,p10914,39,84
21849,p10915,79,31
21852,p10916,61,17
21853,p10917,61,30
21854,p10918,63,52
21855,p10919,19,2
21858,p10920,42,57
21861,p10921,53,94
21862,p10922,5,40
21865,p10923,36,12
21868,p10924,33,30
21871,p10925,15,56
21872,p10926,85,68
21873,p10927,5,44
21875,p10928,53,26
21876,p10929,69,40
21878,p10930,91,83
21880,p10931,22,97
21883,p10932,74,97
21886,p10933,10,83
21888,p10934,78,61
21891,p10935,85,24
21893,p10936,86,39
21894,p10937,43,87
21897,p10938,26,7
21899,p10939,56,85
21900,p10940,8,27
21903,p10941,9,85
21906,p10942,78,10
21909,p10943,39,53
21912,p10944,100,39
21913,p10945,11,41
21914,p10946,17,25
21917,p10947,97,34
21920,p10948,65,87
21921,p10949,88,82
21924,p10950,47,41
21925,p10951,29,91
21926,p10952,26,51
21928,p10953,18,22
21930,p10954,44,50
21933,p10955,49,39
21934,p10956,95,46
21936,p10957,43,1
21939,p10958,55,84
21941,p10959,34,53
21943,p10960,23,55
21946,p10961,35,30
21947,p10962,65,59
21949,p10963,75,29
21950,p10964,27,45
21952,p10965,3,72
21953,p10966,28,7
21956,p10967,15,7
21958,p10968,35,78
21959,p10969,66,54
21960,p10970,13,66
21962,p10971,20,44
21963,p10972,67,35
21965,p10973,73,51
21966,p10974,69,50
21968,p10975,48,43
21970,p10976,56,82
21971,p10977,61,81
21974,p10978,51,95
21977,p10979,53,21
21978,p10980,69,94
21979,p10981,80,14
21982,p10982,89,51
21985,p10983,64,16
21986,p10984,65,75
21989,p10985,5,17
21990,p10986,63,15
21992,p10987,98,14
21995,p10988,16,17
21998,p10989,84,56
22001,p10990,11,99
22003,p10991,96,64
22006,p10992,74,15
22009,p10993,75,97
22012,p10994,20,50
22013,p10995,70,29
22015,p10996,34,91
22018,p10997,34,89
22020,p10998,66,78
22022,p10999,21,45
22023,p11000,74,90
22026,p11001,48,11
22027,p11002,44,87
22028,p11003,61,50
22030,p11004,36,92
22032,p11005,14,46
22034,p11006,97,86
22035,p11007,97,33
22038,p11008,63,94
22039,p11009,37,43
22041,p11010,4,23
22042,p11011,5,72
22044,p11012,90,61
22047,p11013,100,80
22049,p11014,18,94
22050,p11015,21,76
22052,p11016,45,37
22053,p11017,29,45
22056,p11018,69,47
22057,p11019,48,16
22060,p11020,72,37
22061,p11021,88,96
22063,p11022,8,32
22066,p11023,5,65
22067,p11024,48,60
22068,p11025,67,78
22070,p11026,13,47
22071,p11027,4,26
22073,p11028,67,91
22076,p11029,1,97
22079,p11030,13,67
22080,p11031,88,58
22081,p11032,95,15
22083,p11033,29,30
22085,p11034,29,25
22086,p11035,83,2
22089,p11036,21,96
22092,p11037,12,97
22093,p11038,49,36
22096,p11039,79,59
22099,p11040,20,34
22100,p11041,24,25
22102,p11042,1,85
22105,p11043,22,66
22108,p11044,47,13
22109,p11045,67,99
22112,p11046,34,98
22114,p11047,14,79
22115,p11048,44,42
22117,p11049,91,21
22120,p11050,62,45
22123,p11051,81,93
22125,p11052,56,33
22127,p11053,79,53
22130,p11054,5,69
22131,p11055,2,43
22132,p11056,30,11
22134,p11057,55,4
22137,p11058,41,60
22138,p11059,28,12
22139,p11060,87,54
22142,p11061,4,30
22144,p11062,47,3
22147,p11063,95,63
22149,p11064,19,64
22150,p11065,36,76
22153,p11066,61,56
22156,p11067,99,72
22157,p11068,52,82
22160,p11069,79,53
22162,p11070,15,5
22164,p11071,100,4
22165,p11072,83,88
22168,p11073,50,19
22169,p11074,13,54
22172,p11075,7,99
22173,p11076,94,18
22175,p11077,94,48
22178,p11078,37,46
22179,p11079,7,26
22182,p11080,14,84
22183,p11081,13,46
22184,p11082,62,33
22186,p11083,56,38
22188,p11084,10,80
22191,p11085,83,81
22193,p11086,21,18
22196,p11087,40,72
22197,p11088,73,90
22198,p11089,43,60
22200,p11090,82,52
22203,p11091,98,91
22206,p11092,35,48
22209,p11093,34,11
22212,p11094,57,86
22213,p11095,26,2
22216,p11096,64,96
22217,p11097,85,8
22218,p11098,35,86
22219,p11099,76,22
22222,p11100,95,94
22223,p11101,86,14
22226,p11102,63,86
22227,p11103,64,43
22229,p11104,66,62
22231,p11105,93,7
22234,p11106,71,55
22236,p11107,55,47
22237,p11108,82,13
22239,p11109,67,48
22240,p11110,11,33
22243,p11111,66,75
22245,p11112,49,35
22247,p11113,57,87
22248,p11114,38,7
22250,p11115,48,60
22251,p11116,24,13
22253,p11117,1,22
22254,p11118,59,88
22257,p11119,79,41
22260,p11120,39,63
22261,p11121,5,65
22264,p11122,16,62
22267,p11123,31,1
22268,p11124,18,32
22270,p11125,64,62
22273,p11126,29,68
22274,p11127,46,87
22276,p11128,14,15
22277,p11129,48,22
22278,p11130,13,2
22281,p11131,62,19
22282,p11132,11,18
22285,p11133,55,74
22287,p11134,76,34
22290,p11135,27,88
22291,p11136,22,29
22292,p11137,91,41
22293,p11138,100,2
22295,p11139,17,7
22298,p11140,8,23
22299,p11141,56,13
22302,p11142,47,14
22303,p11143,9,2
22304,p11144,15,46
22306,p11145,17,61
22308,p11146,36,64
22311,p11147,86,77
22312,p11148,63,51
22313,p11149,76,77
22316,p11150,22,68
22318,p11151,81,66
22319,p11152,18,25
22321,p11153,54,83
22324,p11154,26,69
22327,p11155,96,72
22328,p11156,74,65
22331,p11157,62,74
22332,p11158,39,75
22335,p11159,6,12
22336,p11160,8,98
22337,p11161,96,55
22338,p11162,30,68
22341,p11163,100,71
22342,p11164,34,52
22343,p11165,19,42
22345,p11166,42,67
22348,p11167,13,11
22351,p11168,7,15
22352,p11169,89,22
22353,p11170,84,79
22354,p11171,38,6
22356,p11172,98,6
22358,p11173,61,46
22361,p11174,5,20
22362,p11175,83,12
22365,p11176,16,74
22366,p11177,93,83
22367,p11178,14,65
22370,p11179,35,81
22373,p11180,28,40
22374,p11181,1,85
22375,p11182,39,72
22378,p11183,88,38
22381,p11184,81,76
22382,p11185,56,52
22385,p11186,65,53
22387,p11187,48,15
22390,p11188,19,28
22391,p11189,72,22
22393,p11190,14,19
22394,p11191,91,3
22397,p11192,55,83
22400,p11193,68,39
22401,p11194,37,48
22403,p11195,28,74
22406,p11196,54,40
22407,p11197,13,89
22410,p11198,70,31
22413,p11199,75,82
22414,p11200,42,96
22415,p11201,34,45
22418,p11202,26,19
22420,p11203,84,51
22421,p11204,87,60
22422,p11205,27,46
22424,p11206,41,68
22425,p11207,100,58
22428,p11208,36,39
22430,p11209,40,79
22431,p11210,60,34
22432,p11211,38,27
22434,p11212,63,61
22437,p11213,16,86
22439,p11214,87,49
22442,p11215,55,41
22445,p11216,64,7
22447,p11217,22,84
22448,p11218,73,62
22449,p11219,41,70
22451,p11220,36,88
22453,p11221,57,83
22455,p11222,43,91
22458,p11223,43,9
22459,p11224,100,38
22460,p11225,21,22
22462,p11226,76,61
22463,p11227,78,91
22465,p11228,21,63
22466,p11229,20,57
22467,p11230,51,11
22470,p11231,3,44
22471,p11232,65,84
22473,p11233,20,99
22474,p11234,36,1
22475,p11235,11,93
22477,p11236,41,52
22480,p11237,62,67
22483,p11238,30,52
22484,p11239,36,74
22487,p11240,6,75
22489,p11241,47,5
22491,p11242,29,66
22492,p11243,25,84
22495,p11244,43,51
22498,p11245,77,56
22500,p11246,29,27
22501,p11247,22,4
22502,p11248,90,54
22503,p11249,93,21
22506,p11250,57,35
22507,p11251,16,35
22508,p11252,80,58
22511,p11253,38,44
22514,p11254,17,89
22517,p11255,85,64
22518,p11256,19,20
22519,p11257,63,21
22520,p11258,49,98
22522,p11259,17,47
22523,p11260,47,8
22525,p11261,60,19
22526,p11262,22,49
22528,p11263,43,71
22531,p11264,74,85
22533,p11265,63,76
22534,p11266,36,1
22535,p11267,44,56
22538,p11268,95,52
22541,p11269,29,65
22542,p11270,75,80
22543,p11271,92,6
22544,p11272,86,48
22545,p11273,71,18
22548,p11274,48,57
22550,p11275,55,66
22552,p11276,37,42
22554,p11277,8,24
22557,p11278,92,91
22559,p11279,22,72
22560,p11280,1,98
22563,p11281,66,57
22566,p11282,8,32
22568,p11283,24,13
22570,p11284,23,59
22573,p11285,42,81
22575,p11286,53,46
22578,p11287,95,18
22580,p11288,56,11
22581,p11289,30,26
22582,p11290,4,79
22584,p11291,46,62
22586,p11292,64,40
22589,p11293,23,54
22591,p11294,51,79
22594,p11295,73,49
22596,p11296,2,59
22597,p11297,75,92
22599,p11298,78,39
22602,p11299,37,92
22603,p11300,78,43
22605,p11301,42,91
22606,p11302,47,1
22608,p11303,6,35
22609,p11304,91,16
22612,p11305,7,79
22614,p11306,14,88
22616,p11307,93,92
22619,p11308,14,45
22621,p11309,81,87
22623,p11310,67,43
22624,p11311,60,54
22627,p11312,6,20
22629,p11313,58,27
22630,p11314,3,93
22632,p11315,67,77
22635,p11316,29,4
22638,p11317,22,30
22639,p11318,55,67
22641,p11319,91,17
22643,p11320,67,24
22646,p11321,99,31
22648,p11322,85,97
22650,p11323,4,16
22652,p11324,48,71
22655,p11325,83,9
22656,p11326,22,80
22657,p11327,32,94
22659,p11328,69,94
22660,p11329,69,60
22662,p11330,83,54
22663,p11331,17,51
22665,p11332,90,54
22668,p11333,68,35
22670,p11334,7,66
22673,p11335,68,47
22675,p11336,10,72
22678,p11337,67,2
22681,p11338,22,17
22683,p11339,59,58
22684,p11340,24,2
22687,p11341,100,85
22688,p11342,9,53
22689,p11343,81,21
22690,p11344,42,67
22691,p11345,14,23
22694,p11346,85,89
22697,p11347,53,33
22698,p11348,73,76
22701,p11349,7,50
22702,p11350,49,37
22704,p11351,55,85
22705,p11352,17,81
22706,p11353,4,87
22709,p11354,46,33
22712,p11355,22,60
22713,p11356,78,88
22715,p11357,95,60
22718,p11358,6,49
22721,p11359,42,27
22723,p11360,88,35
22726,p11361,14,99
22727,p11362,17,4
22728,p11363,38,25
22731,p11364,86,60
22734,p11365,10,91
22735,p11366,53,48
22738,p11367,20,39
22740,p11368,67,92
22743,p11369,58,8
22745,p11370,59,6
22747,p11371,48,50
22750,p11372,13,99
22751,p11373,94,21
22753,p11374,84,60
22756,p11375,67,97
22759,p11376,43,90
22762,p11377,30,72
22765,p11378,96,19
22768,p11379,8,24
22769,p11380,45,72
22772,p11381,75,81
22773,p11382,33,89
22774,p11383,68,22
22777,p11384,43,75
22780,p11385,2,79
22781,p11386,88,44
22782,p11387,58,70
22783,p11388,72,65
22784,p11389,8,45
22785,p11390,71,32
22788,p11391,51,93
22789,p11392,68,5
22791,p11393,58,50
22792,p11394,2,73
22794,p11395,28,19
22797,p11396,49,44
22799,p11397,86,72
22800,p11398,51,43
22802,p11399,31,14
22805,p11400,12,100
22808,p11401,46,99
22809,p11402,8,52
22812,p11403,19,88
22814,p11404,40,51
22815,p11405,54,59
22816,p11406,7,44
22819,p11407,26,95
22821,p11408,68,39
22822,p11409,71,90
22823,p11410,18,88
22826,p11411,3,52
22827,p11412,29,21
22828,p11413,99,70
22831,p11414,41,34
22834,p11415,22,95
22837,p11416,41,95
22840,p11417,51,79
22841,p11418,52,30
22843,p11419,68,56
22844,p11420,37,74
22846,p11421,64,12
22847,p11422,80,27
22848,p11423,67,41
22850,p11424,15,77
22851,p11425,70,18
22854,p11426,20,49
22857,p11427,12,9
22858,p11428,64,98
22859,p11429,42,59
22861,p11430,50,30
22863,p11431,41,88
22864,p11432,25,94
22866,p11433,12,93
22868,p11434,69,4
22871,p11435,49,57
22873,p11436,44,5
22874,p11437,3,44
22877,p11438,74,6
22880,p11439,28,26
22881,p11440,86,87
22882,p11441,56,12
22884,p11442,80,26
22886,p11443,58,75
22887,p11444,30,76
22888,p11445,35,64
22889,p11446,52,90
22892,p11447,88,60
22893,p11448,79,93
22895,p11449,43,29
22896,p11450,27,16
22897,p11451,28,48
22900,p11452,55,24
22902,p11453,77,89
22903,p11454,4,74
22905,p11455,82,64
22906,p11456,33,66
22908,p11457,100,52
22909,p11458,21,37
22911,p11459,39,69
22913,p11460,61,4
22915,p11461,23,65
22916,p11462,20,12
22918,p11463,19,10
22919,p11464,48,84
22921,p11465,98,31
22923,p11466,5,58
22924,p11467,3,48
22927,p11468,62,89
22928,p11469,51,4
22931,p11470,31,29
22934,p11471,56,50
22936,p11472,81,62
22939,p11473,50,78
22940,p11474,36,78
22943,p11475,49,74
22944,p11476,60,47
22946,p11477,94,26
22948,p11478,45,3
22949,p11479,66,76
22950,p11480,50,9
22951,p11481,79,93
22953,p11482,94,71
22955,p11483,37,21
22958,p11484,29,90
22959,p11485,100,67
22961,p11486,43,98
22964,p11487,1,95
22966,p11488,40,20
22968,p11489,83,86
22971,p11490,69,93
22974,p11491,24,64
22976,p11492,76,75
22977,p11493,21,41
22978,p11494,100,46
22980,p11495,9,91
22982,p11496,69,48
22984,p11497,99,51
22985,p11498,78,1
22987,p11499,86,29
22990,p11500,93,68
22993,p11501,83,55
22996,p11502,25,86
22997,p11503,67,23
23000,p11504,7,72
23003,p11505,7,19
23006,p11506,52,4
23007,p11507,21,67
23008,p11508,43,41
23010,p11509,29,15
23012,p11510,33,45
23013,p11511,16,56
23015,p11512,57,10
23018,p11513,96,71
23019,p11514,45,92
23021,p11515,42,50
23023,p11516,82,13
23025,p11517,96,88
23027,p11518,38,60
23030,p11519,83,41
23032,p11520,51,90
23034,p11521,54,77
23037,p11522,70,37
23039,p11523,7,12
23042,p11524,55,22
23044,p11525,48,94
23045,p11526,99,54
23047,p11527,18,23
23049,p11528,38,32
23051,p11529,20,57
23053,p11530,50,76
23056,p11531,7,56
23057,p11532,51,60
23058,p11533,90,12
23061,p11534,90,21
23063,p11535,90,72
23066,p11536,4,30
23067,p11537,69,35
23069,p11538,71,56
23072,p11539,51,81
23075,p11540,31,5
23077,p11541,13,69
23080,p11542,26,69
23082,p11543,37,82
23084,p11544,36,95
23087,p11545,69,52
23089,p11546,37,44
23092,p11547,19,26
23094,p11548,73,70
23095,p11549,8,22
23098,p11550,4,41
23101,p11551,55,75
23102,p11552,55,97
23103,p11553,81,32
23106,p11554,55,98
23108,p11555,51,30
23111,p11556,69,1
23113,p11557,28,14
23115,p11558,79,48
23118,p11559,92,53
23121,p11560,77,51
23124,p11561,12,95
23126,p11562,17,71
23129,p11563,55,67
23130,p11564,75,53
23131,p11565,40,7
23132,p11566,12,77
23135,p11567,5,15
23136,p11568,34,76
23137,p11569,70,59
23140,p11570,58,34
23143,p11571,49,18
23144,p11572,95,84
23147,p11573,8,92
23150,p11574,65,5
23153,p11575,89,13
23154,p11576,52,13
23156,p11577,21,3
23158,p11578,1,30
23160,p11579,18,21
23162,p11580,22,21
23165,p11581,94,89
23167,p11582,19,27
23170,p11583,67,22
23171,p11584,76,86
23172,p11585,47,98
23173,p11586,15,49
23175,p11587,4,32
23176,p11588,37,69
23179,p11589,62,27
23182,p11590,81,16
23184,p11591,41,53
23187,p11592,65,85
23190,p11593,14,8
23192,p11594,44,21
23194,p11595,5,3
23197,p11596,10,13
23198,p11597,39,35
23200,p11598,94,79
23202,p11599,51,9
23205,p11600,65,34
23208,p11601,32,50
23210,p11602,87,59
23211,p11603,90,43
23212,p11604,65,93
23214,p11605,86,13
23215,p11606,64,44
23217,p11607,40,91
23218,p11608,94,68
23221,p11609,52,19
23223,p11610,5,58
23225,p11611,1,77
23226,p11612,6,61
23228,p11613,28,66
23230,p11614,71,43
23232,p11615,50,46
23234,p11616,23,4
23236,p11617,47,82
23239,p11618,48,31
23240,p11619,34,60
23242,p11620,89,66
23245,p11621,91,77
23248,p11622,53,68
23250,p11623,20,14
23252,p11624,86,24
23255,p11625,42,73
23256,p11626,41,6
23258,p11627,35,42
23260,p11628,58,96
23262,p11629,8,79
23263,p11630,11,77
23266,p11631,62,48
23268,p11632,83,2
23270,p11633,68,43
23271,p11634,100,91
23274,p11635,57,99
23275,p11636,65,21
23278,p11637,70,2
23280,p11638,43,76
23283,p11639,51,44
23286,p11640,96,66
23289,p11641,82,89
23290,p11642,3,31
23291,p11643,45,54
23294,p11644,28,26
23297,p11645,45,71
23300,p11646,65,46
23303,p11647,19,94
23306,p11648,1,98
23308,p11649,31,10
23309,p11650,72,29
23311,p11651,94,43
23312,p11652,31,37
23313,p11653,95,55
23316,p11654,62,38
23317,p11655,53,75
23318,p11656,29,90
23319,p11657,93,41
23322,p11658,66,85
23323,p11659,24,27
23326,p11660,32,31
23329,p11661,66,48
23330,p11662,26,58
23332,p11663,96,42
23333,p11664,53,16
23336,p11665,26,19
23337,p11666,53,7
23338,p11667,91,4
23339,p11668,20,37
23342,p11669,41,53
23345,p11670,65,1
23348,p11671,41,61
23350,p11672,99,56
23352,p11673,96,43
23353,p11674,61,18
23354,p11675,1,43
23355,p11676,55,73
23357,p11677,29,27
23359,p11678,42,86
23361,p11679,48,36
23362,p11680,45,89
23363,p11681,33,61
23365,p11682,65,40
23368,p11683,38,5
23371,p11684,61,88
23373,p11685,89,18
23374,p11686,67,45
23377,p11687,26,16
23379,p11688,64,91
23380,p11689,76,50
23381,p11690,32,92
23384,p11691,66,94
23386,p11692,28,99
23387,p11693,92,76
23390,p11694,49,62
23392,p11695,58,29
23394,p11696,43,74
23397,p11697,11,73
23398,p11698,81,38
23401,p11699,53,36
23402,p11700,80,8
23403,p11701,11,18
23406,p11702,34,96
23408,p11703,21,55
23411,p11704,19,95
23413,p11705,6,28
23416,p11706,57,63
23418,p11707,19,84
23420,p11708,30,77
23423,p11709,47,73
23424,p11710,1,4
23426,p11711,57,89
23429,p11712,85,24
23431,p11713,59,90
23434,p11714,60,36
23435,p11715,49,3
23437,p11716,57,65
23439,p11717,3,91
23442,p11718,77,14
23445,p11719,85,50
23448,p11720,21,47
23449,p11721,81,80
23451,p11722,49,61
23452,p11723,71,73
23454,p11724,78,66
23456,p11725,19,26
23459,p11726,42,41
23460,p11727,78,29
23463,p11728,9,38
23466,p11729,50,38
23467,p11730,20,57
23470,p11731,54,15
23471,p11732,88,14
23472,p11733,23,4
23474,p11734,84,7
23475,p11735,34,40
23478,p11736,69,74
23481,p11737,87,53
23482,p11738,8,34
23484,p11739,93,4
23487,p11740,74,68
23488,p11741,93,23
23490,p11742,60,14
23492,p11743,43,85
23494,p11744,14,80
23496,p11745,64,31
23499,p11746,75,81
23502,p11747,44,59
23505,p11748,34,60
23507,p11749,28,63
23509,p11750,90,52
23510,p11751,5,64
23512,p11752,31,6
23514,p11753,98,66
23516,p11754,14,51
23517,p11755,79,59
23518,p11756,45,44
23520,p11757,91,89
23521,p11758,87,40
23522,p11759,30,87
23524,p11760,38,98
23525,p11761,11,70
23526,p11762,93,8
23528,p11763,37,26
23529,p11764,81,20
23531,p11765,90,32
23532,p11766,43,46
23534,p11767,47,17
23537,p11768,21,29
23539,p11769,13,44
23540,p11770,77,51
23541,p11771,22,7
23543,p11772,12,96
23545,p11773,73,41
23547,p11774,6,8
23549,p11775,77,50
23551,p11776,21,59
23553,p11777,14,51
23556,p11778,70,93
23558,p11779,58,19
23559,p11780,57,10
23560,p11781,35,21
23562,p11782,22,89
23565,p11783,78,21
23568,p11784,78,41
23571,p11785,80,67
23573,p11786,34,41
23576,p11787,1,59
23577,p11788,35,82
23578,p11789,63,28
23580,p11790,71,52
23582,p11791,99,60
23583,p11792,30,15
23584,p11793,73,63
23587,p11794,87,60
23589,p11795,70,58
23590,p11796,44,65
23591,p11797,37,44
23594,p11798,94,98
23595,p11799,18,32
23597,p11800,58,44
23600,p11801,17,98
23602,p11802,12,24
23603,p11803,80,9
23604,p11804,87,89
23605,p11805,81,95
23607,p11806,41,57
23608,p11807,36,63
23610,p11808,84,81
23612,p11809,67,4
23615,p11810,79,65
23617,p11811,86,73
23618,p11812,52,17
23620,p11813,6,15
23623,p11814,23,44
23626,p11815,10,86
23628,p11816,61,46
23630,p11817,28,32
23632,p11818,28,36
23635,p11819,46,12
23636,p11820,38,53
23639,p11821,94,31
23641,p11822,43,14
23643,p11823,95,15
23645,p11824,33,13
23647,p11825,49,79
23650,p11826,91,29
23653,p11827,25,69
23656,p11828,15,64
23658,p11829,51,7
23659,p11830,40,92
23662,p11831,46,18
23665,p11832,14,67
23667,p11833,62,100
23669,p11834,42,85
23671,p11835,77,22
23672,p11836,83,87
23674,p11837,32,64
23676,p11838,47,4
23679,p11839,98,5
23682,p11840,28,83
23685,p11841,30,49
23686,p11842,94,92
23688,p11843,77,16
23690,p11844,81,33
23693,p11845,82,65
23696,p11846,45,88
23699,p11847,47,48
23701,p11848,93,94
23702,p11849,62,89
23703,p11850,7,26
23705,p11851,87,70
23707,p11852,92,32
23709,p11853,11,90
23712,p11854,97,56
23715,p11855,23,71
23716,p11856,97,75
23718,p11857,16,72
23721,p11858,7,26
23724,p11859,29,6
23727,p11860,89,51
23728,p11861,91,68
23731,p11862,54,85
23734,p11863,68,39
23736,p11864,10,39
23737,p11865,7,76
23739,p11866,9,100
23740,p11867,19,65
23741,p11868,53,71
23742,p11869,8,32
23744,p11870,61,45
23747,p11871,17,43
23750,p11872,92,3
23752,p11873,90,3
23754,p11874,20,73
23757,p11875,64,72
23760,p11876,65,34
23763,p11877,81,74
23764,p11878,13,66
23767,p11879,100,75
23768,p11880,65,8
23770,p11881,75,53
23772,p11882,100,59
23774,p11883,64,2
23777,p11884,99,67
23779,p11885,20,90
23782,p11886,88,93
23785,p11887,81,60
23786,p11888,28,50
23789,p11889,81,69
23790,p11890,32,11
23793,p11891,80,39
23795,p11892,7,46
23798,p11893,87,14
23801,p11894,45,100
23802,p11895,61,54
23804,p11896,98,58
23805,p11897,51,98
23808,p11898,70,32
23809,p11899,7,69
23811,p11900,3,29
23812,p11901,57,63
23815,p11902,60,32
23817,p11903,91,1
23819,p11904,30,43
23820,p11905,50,70
23821,p11906,2,77
23822,p11907,65,29
23823,p11908,30,89
23825,p11909,66,62
23828,p11910,99,42
23830,p11911,90,61
23833,p11912,6,51
23834,p11913,65,8
23836,p11914,32,67
23837,p11915,34,2
23839,p11916,44,13
23842,p11917,73,34
23843,p11918,4,30
23846,p11919,82,41
23849,p11920,43,75
23850,p11921,39,13
23851,p11922,100,90
23853,p11923,38,2
23855,p11924,64,69
23857,p11925,42,18
23858,p11926,94,44
23860,p11927,65,63
23862,p11928,15,50
23865,p11929,80,95
23868,p11930,65,60
23869,p11931,37,77
23870,p11932,57,50
23873,p11933,27,13
23875,p11934,81,91
23877,p11935,5,3
23878,p11936,3,75
23879,p11937,7,73
23881,p11938,81,28
23883,p11939,43,55
23884,p11940,61,80
23887,p11941,54,56
23890,p11942,26,60
23891,p11943,57,55
23892,p11944,29,50
23894,p11945,86,72
23896,p11946,45,62
23897,p11947,40,70
23898,p11948,90,20
23899,p11949,27,72
23901,p11950,45,73
23903,p11951,70,27
23905,p11952,79,73
23908,p11953,86,32
23909,p11954,82,96
23911,p11955,76,40
23912,p11956,36,96
23915,p11957,79,82
23918,p11958,74,35
23919,p11959,68,69
23921,p11960,26,53
23923,p11961,58,81
23925,p11962,84,54
23928,p11963,49,59
23930,p11964,27,65
23932,p11965,21,87
23934,p11966,21,76
23937,p11967,81,7
23940,p11968,94,24
23942,p11969,30,19
23944,p11970,63,21
23945,p11971,35,15
23946,p11972,65,5
23948,p11973,42,6
23950,p11974,43,97
23951,p11975,10,69
23953,p11976,81,98
23956,p11977,93,35
23958,p11978,89,4
23961,p11979,82,12
23964,p11980,3,49
23967,p11981,63,85
23970,p11982,15,92
23973,p11983,13,67
23975,p11984,34,78
23978,p11985,71,2
23979,p11986,71,32
23982,p11987,6,82
23984,p11988,52,39
23985,p11989,94,76
23987,p11990,14,41
23988,p11991,79,64
23990,p11992,80,37
23993,p11993,15,80
23996,p11994,99,82
23997,p11995,100,95
24000,p11996,90,16
24003,p11997,94,8
24005,p11998,28,24
24007,p11999,3,87
24010,p12000,31,90
24012,p12001,54,95
24015,p12002,75,27
24017,p12003,30,89
24019,p12004,71,86
24022,p12005,99,42
24023,p12006,75,24
24024,p12007,28,59
24025,p12008,77,11
24026,p12009,56,42
24027,p12010,87,66
24030,p12011,44,41
24033,p12012,76,27
24035,p12013,15,33
24037,p12014,99,12
24040,p12015,50,51
24041,p12016,43,34
24043,p12017,65,51
24045,p12018,12,40
24048,p12019,8,88
24049,p12020,90,24
24050,p12021,55,25
24052,p12022,57,21
24054,p12023,27,88
24055,p12024,15,35
24058,p12025,78,7
24059,p12026,1,20
24062,p12027,97,87
24064,p12028,7,39
24067,p12029,50,37
24068,p12030,3,83
24071,p12031,40,76
24074,p12032,61,89
24076,p12033,55,37
24079,p12034,81,96
24081,p12035,25,61
24083,p12036,7,36
24085,p12037,64,10
24087,p12038,65,68
24090,p12039,49,6
24092,p12040,58,59
24095,p12041,21,85
24097,p12042,86,23
24099,p12043,90,3
24101,p12044,28,4
24104,p12045,11,51
24105,p12046,94,91
24108,p12047,30,3
24111,p12048,73,51
24112,p12049,89,30
24113,p12050,7,56
24116,p12051,34,26
24117,p12052,18,63
24119,p12053,21,62
24121,p12054,95,40
24123,p12055,75,74
24126,p12056,10,53
24129,p12057,48,78
24132,p12058,57,96
24133,p12059,62,66
24134,p12060,32,25
24137,p12061,35,6
24138,p12062,34,91
24141,p12063,71,16
24142,p12064,68,51
24144,p12065,92,55
24146,p12066,90,8
24149,p12067,54,74
24152,p12068,65,42
24154,p12069,65,25
24157,p12070,59,47
24160,p12071,86,24
24162,p12072,41,7
24164,p12073,51,47
24167,p12074,52,41
24170,p12075,5,60
24173,p12076,98,16
24174,p12077,12,59
24176,p12078,17,90
24179,p12079,33,14
24181,p12080,87,31
24182,p12081,98,79
24183,p12082,32,6
24186,p12083,9,52
24189,p12084,49,71
24192,p12085,63,41
24194,p12086,3,74
24196,p12087,70,39
24199,p12088,81,7
24200,p12089,85,59
24201,p12090,28,58
24203,p12091,28,26
24205,p12092,80,24
24207,p12093,68,22
24210,p12094,54,20
24213,p12095,1,75
24216,p12096,20,70
24218,p12097,81,50
24220,p12098,80,86
24223,p12099,84,8
24224,p12100,92,12
24227,p12101,65,10
24228,p12102,60,79
24231,p12103,38,20
24233,p12104,12,32
24235,p12105,80,69
24237,p12106,42,99
24239,p12107,71,43
24241,p12108,18,88
24243,p12109,78,17
24246,p12110,83,95
24249,p12111,25,53
24252,p12112,40,38
24255,p12113,45,61
24256,p12114,20,2
24259,p12115,1,37
24262,p12116,85,64
24264,p12117,45,41
24267,p12118,81,34
24270,p12119,87,18
24273,p12120,24,8
24275,p12121,7,5
24278,p12122,28,53
24281,p12123,51,38
24282,p12124,71,78
24285,p12125,52,49
24287,p12126,61,100
24289,p12127,47,49
24292,p12128,78,29
24293,p12129,54,64
24295,p12130,61,17
24296,p12131,81,51
24297,p12132,88,99
24298,p12133,22,66
24300,p12134,45,65
24302,p12135,32,96
24304,p12136,98,56
24306,p12137,100,41
24307,p12138,99,30
24310,p12139,58,12
24311,p12140,99,22
24313,p12141,58,67
24315,p12142,10,48
24318,p12143,30,85
24320,p12144,23,35
24321,p12145,45,48
24323,p12146,78,2
24324,p12147,15,32
24327,p12148,31,49
24328,p12149,47,52
24329,p12150,80,81
24332,p12151,78,57
24335,p12152,54,15
24336,p12153,80,38
24337,p12154,93,63
24340,p12155,78,100
24343,p12156,37,26
24345,p12157,95,64
24347,p12158,98,81
24350,p12159,34,14
24352,p12160,71,69
24354,p12161,65,74
24357,p12162,67,48
24360,p12163,78,62
24363,p12164,32,78
24364,p12165,13,69
24365,p12166,31,9
24367,p12167,44,59
24369,p12168,47,35
24372,p12169,29,12
24374,p12170,67,56
24377,p12171,87,96
24378,p12172,65,84
24379,p12173,29,50
24382,p12174,34,83
24383,p12175,36,77
24385,p12176,95,57
24386,p12177,4,2
24388,p12178,89,28
24390,p12179,82,2
24393,p12180,40,25
24396,p12181,44,66
24397,p12182,17,26
24398,p12183,79,55
24400,p12184,65,76
24403,p12185,15,30
24405,p12186,99,22
24406,p12187,69,98
24409,p12188,96,54
24412,p12189,50,46
24415,p12190,21,85
24416,p12191,15,95
24419,p12192,98,38
24422,p12193,83,11
24423,p12194,77,38
24425,p12195,54,51
24426,p12196,92,32
24428,p12197,18,51
24429,p12198,52,54
24431,p12199,56,45
24432,p12200,29,68
24435,p12201,39,29
24437,p12202,91,97
24438,p12203,85,79
24441,p12204,84,98
24443,p12205,58,83
24446,p12206,1,28
24449,p12207,7,63
24450,p12208,31,44
24451,p12209,7,68
24453,p12210,16,30
24456,p12211,78,98
24457,p12212,1,76
24459,p12213,75,32
24461,p12214,81,23
24462,p12215,7,76
24464,p12216,7,69
24466,p12217,56,84
24467,p12218,55,28
24468,p12219,3,5
24469,p12220,7,31
24470,p12221,2,87
24473,p12222,41,53
24474,p12223,62,33
24477,p12224,75,71
24478,p12225,38,80
24481,p12226,49,43
24483,p12227,3,71
24486,p12228,38,88
24488,p12229,61,79
24490,p12230,39,86
24493,p12231,83,3
24495,p12232,54,59
24497,p12233,10,72
24498,p12234,60,32
24500,p12235,13,22
24501,p12236,63,25
24503,p12237,62,98
24504,p12238,5,75
24506,p12239,72,23
24509,p12240,33,66
24511,p12241,97,23
24513,p12242,49,77
24515,p12243,81,82
24518,p12244,70,23
24520,p12245,43,22
24522,p12246,15,98
24525,p12247,54,34
24526,p12248,46,66
24528,p12249,69,25
24530,p12250,87,29
24531,p12251,2,21
24534,p12252,39,97
24537,p12253,54,88
24538,p12254,65,67
24541,p12255,79,23
24542,p12256,6,32
24543,p12257,4,20
24544,p12258,45,85
24545,p12259,39,57
24546,p12260,23,61
24548,p12261,78,29
24551,p12262,41,49
24552,p12263,79,61
24554,p12264,52,54
24557,p12265,91,67
24558,p12266,74,96
24559,p12267,29,5
24561,p12268,58,6
24562,p12269,70,97
24564,p12270,67,44
24566,p12271,40,75
24567,p12272,84,60
24569,p12273,95,35
24570,p12274,64,44
24573,p12275,35,10
24576,p12276,99,49
24577,p12277,96,85
24578,p12278,17,13
24580,p12279,71,41
24583,p12280,55,84
24584,p12281,25,23
24587,p12282,9,8
24588,p12283,45,9
24590,p12284,57,61
24591,p12285,68,60
24592,p12286,99,42
24595,p12287,64,8
24596,p12288,51,11
24599,p12289,45,51
24601,p12290,49,55
24604,p12291,16,71
24606,p12292,59,99
24607,p12293,68,92
24609,p12294,44,26
24612,p12295,15,37
24615,p12296,97,33
24618,p12297,91,20
24621,p12298,80,92
24622,p12299,17,27
24625,p12300,47,79
24627,p12301,11,28
24630,p12302,29,36
24631,p12303,15,97
24634,p12304,58,54
24635,p12305,86,73
24637,p12306,7,27
24638,p12307,4,93
24641,p12308,29,63
24644,p12309,91,20
24646,p12310,72,70
24648,p12311,99,30
24651,p12312,5,17
24654,p12313,17,33
24657,p12314,54,12
24659,p12315,73,23
24662,p12316,75,53
24663,p12317,77,82
24664,p12318,72,39
24666,p12319,50,6
24667,p12320,65,68
24668,p12321,31,25
24670,p12322,82,61
24673,p12323,71,46
24675,p12324,11,27
24678,p12325,26,14
24680,p12326,62,18
24681,p12327,75,40
24682,p12328,30,31
24684,p12329,5,75
24685,p12330,94,53
24688,p12331,51,29
24689,p12332,10,1
24691,p12333,19,73
24693,p12334,64,21
24695,p12335,7,5
24696,p12336,60,37
24699,p12337,1,16
24701,p12338,76,59
24703,p12339,98,24
24706,p12340,66,73
24707,p12341,52,34
24708,p12342,78,44
24711,p12343,19,75
24714,p12344,11,46
24715,p12345,47,37
24717,p12346,43,36
24720,p12347,71,83
24722,p12348,42,50
24723,p12349,66,19
24726,p12350,78,70
24729,p12351,84,57
24730,p12352,15,87
24731,p12353,54,15
24734,p12354,72,10
24735,p12355,28,70
24737,p12356,28,19
24739,p12357,6,37
24741,p12358,31,80
24743,p12359,71,58
24746,p12360,88,80
24748,p12361,21,49
24750,p12362,65,20
24753,p12363,79,65
24755,p12364,98,9
24758,p12365,2,15
24760,p12366,54,64
24763,p12367,83,86
24765,p12368,36,50
24767,p12369,70,62
24770,p12370,61,62
24772,p12371,72,73
24773,p12372,42,83
24774,p12373,93,3
24777,p12374,44,55
24778,p12375,49,10
24780,p12376,76,4
24783,p12377,67,61
24784,p12378,37,88
24785,p12379,10,18
24786,p12380,29,71
24787,p12381,85,50
24788,p12382,1,47
24789,p12383,14,11
24791,p12384,30,72
24794,p12385,90,16
24796,p12386,39,35
24797,p12387,43,67
24799,p12388,17,71
24800,p12389,75,96
24802,p12390,5,43
24805,p12391,46,38
24807,p12392,53,40
24809,p12393,3,14
24811,p12394,76,22
24813,p12395,54,43
24816,p12396,27,79
24817,p12397,99,16
24820,p12398,93,35
24821,p12399,55,70
24822,p12400,49,100
24823,p12401,76,7
24824,p12402,93,32
24825,p12403,37,87
24828,p12404,48,23
24829,p12405,40,59
24831,p12406,90,66
24832,p12407,71,17
24834,p12408,43,84
24836,p12409,5,67
24837,p12410,73,53
24838,p12411,24,17
24840,p12412,10,24
24843,p12413,53,90
24844,p12414,24,82
24845,p12415,32,7
24846,p12416,86,24
24849,p12417,30,70
24851,p12418,3,17
24852,p12419,25,14
24853,p12420,68,79
24854,p12421,65,40
24856,p12422,5,7
24858,p12423,99,70
24861,p12424,57,83
24863,p12425,97,5
24864,p12426,39,72
24867,p12427,5,56
24868,p12428,25,52
24869,p12429,11,98
24870,p12430,65,100
24872,p12431,12,33
24874,p12432,58,19
24875,p12433,79,61
24877,p12434,35,54
24879,p12435,89,38
24882,p12436,57,78
24883,p12437,91,10
24885,p12438,34,45
24887,p12439,27,94
24888,p12440,54,31
24891,p12441,57,86
24893,p12442,99,63
24896,p12443,60,99
24898,p12444,97,5
24899,p12445,82,55
24901,p12446,79,41
24902,p12447,1,90
24903,p12448,14,72
24906,p12449,16,68
24907,p12450,69,18
24910,p12451,22,72
24911,p12452,21,28
24913,p12453,58,64
24914,p12454,41,67
24916,p12455,98,47
24919,p12456,41,63
24920,p12457,98,58
24923,p12458,100,76
24925,p12459,64,9
24927,p12460,34,44
24929,p12461,26,98
24932,p12462,16,81
24934,p12463,23,33
24935,p12464,27,37
24937,p12465,92,83
24940,p12466,54,70
24941,p12467,42,55
24944,p12468,15,100
24945,p12469,46,17
24946,p12470,74,66
24949,p12471,53,82
24951,p12472,92,85
24954,p12473,64,55
24955,p12474,84,20
24958,p12475,51,15
24960,p12476,49,55
24961,p12477,53,89
24963,p12478,44,56
24964,p12479,50,38
24967,p12480,4,93
24969,p12481,99,19
24970,p12482,53,85
24973,p12483,84,36
24974,p12484,13,68
24976,p12485,70,86
24979,p12486,91,81
24981,p12487,98,7
24984,p12488,33,78
24987,p12489,48,49
24988,p12490,100,36
24990,p12491,64,85
24993,p12492,30,54
24995,p12493,43,27
24996,p12494,70,94
24998,p12495,67,17
24999,p12496,80,93
25002,p12497,3,22
25003,p12498,61,25
25006,p12499,44,85
25008,p12500,71,56
25009,p12501,78,42
25011,p12502,48,74
25014,p12503,14,30
25017,p12504,98,77
25018,p12505,83,25
25019,p12506,25,12
25020,p12507,94,30
25023,p12508,76,92
25025,p12509,97,41
25026,p12510,77,45
25028,p12511,36,22
25030,p12512,57,74
25032,p12513,72,69
25035,p12514,81,96
25038,p12515,18,7
25040,p12516,1,89
25043,p12517,60,67
25045,p12518,74,96
25047,p12519,50,10
25050,p12520,22,3
25053,p12521,12,56
25054,p12522,100,55
25057,p12523,60,96
25060,p12524,84,78
25061,p12525,11,39
25062,p12526,6,16
25065,p12527,93,82
25067,p12528,94,29
25070,p12529,37,33
25073,p12530,44,94
25075,p12531,54,91
25076,p12532,52,66
25077,p12533,82,26
25078,p12534,39,69
25079,p12535,64,43
25081,p12536,22,60
25082,p12537,75,14
25083,p12538,84,62
25085,p12539,89,64
25087,p12540,29,21
25089,p12541,75,97
25091,p12542,23,75
25094,p12543,7,94
25095,p12544,56,67
25097,p12545,89,1
25098,p12546,46,30
25099,p12547,41,99
25102,p12548,11,50
25103,p12549,25,35
25104,p12550,47,5
25105,p12551,76,48
25107,p12552,78,58
25109,p12553,77,66
25112,p12554,69,82
25114,p12555,12,4
25117,p12556,94,47
25119,p12557,14,10
25122,p12558,70,21
25123,p12559,74,43
25125,p12560,62,28
25128,p12561,97,39
25129,p12562,16,59
25131,p12563,75,99
25133,p12564,80,82
25136,p12565,31,83
25139,p12566,80,44
25142,p12567,13,63
25145,p12568,1,37
25147,p12569,43,4
25149,p12570,40,79
25150,p12571,56,70
25153,p12572,35,64
25155,p12573,64,8
25156,p12574,97,58
25158,p12575,84,89
25161,p12576,37,61
25163,p12577,89,86
25165,p12578,52,56
25168,p12579,28,57
25169,p12580,61,96
25170,p12581,58,79
25172,p12582,97,67
25173,p12583,8,5
25176,p12584,24,7
25179,p12585,29,91
25182,p12586,1,64
25184,p12587,56,60
25187,p12588,73,46
25190,p12589,87,10
25193,p12590,81,69
25196,p12591,44,78
25198,p12592,86,74
25199,p12593,65,77
25200,p12594,34,82
25202,p12595,53,90
25203,p12596,100,99
25205,p12597,94,77
25206,p12598,51,92
25207,p12599,1,61
25208,p12600,37,67
25209,p12601,54,99
25210,p12602,55,100
25212,p12603,59,14
25215,p12604,50,35
25218,p12605,34,27
25221,p12606,62,98
25222,p12607,39,69
25225,p12608,6,89
25226,p12609,48,56
25227,p12610,8,12
25229,p12611,9,39
25232,p12612,59,75
25234,p12613,75,45
25236,p12614,97,14
25238,p12615,10,74
25240,p12616,50,48
25242,p12617,92,41
25243,p12618,34,21
25244,p12619,91,36
25247,p12620,49,55
25250,p12621,77,71
25253,p12622,3,64
25254,p12623,93,88
25257,p12624,70,23
25259,p12625,32,98
25260,p12626,13,3
25262,p12627,15,100
25263,p12628,28,77
25265,p12629,70,48
25266,p12630,51,85
25269,p12631,41,9
25272,p12632,32,63
25275,p12633,10,38
25276,p12634,9,17
25279,p12635,42,77
25281,p12636,88,42
25282,p12637,24,100
25285,p12638,57,46
25288,p12639,82,67
25291,p12640,53,48
25292,p12641,30,100
25294,p12642,70,80
25296,p12643,4,2
25297,p12644,10,29
25299,p12645,54,18
25302,p12646,71,87
25304,p12647,90,47
25306,p12648,25,5
25307,p12649,54,5
25308,p12650,31,75
25310,p12651,61,71
25313,p12652,10,18
25314,p12653,67,72
25316,p12654,1,38
25317,p12655,80,50
25319,p12656,24,75
25322,p12657,41,92
25324,p12658,83,1
25326,p12659,57,20
25329,p12660,72,52
25330,p12661,55,9
25331,p12662,4,12
25332,p12663,98,55
25335,p12664,47,81
25337,p12665,86,8
25338,p12666,70,86
25340,p12667,41,24
25342,p12668,9,98
25345,p12669,6,91
25348,p12670,57,85
25350,p12671,47,92
25352,p12672,33,31
25353,p12673,29,39
25355,p12674,94,5
25357,p12675,87,6
25358,p12676,20,78
25360,p12677,59,94
25363,p12678,35,42
25365,p12679,96,99
25367,p12680,87,81
25368,p12681,99,64
25371,p12682,80,76
25373,p12683,24,81
25375,p12684,52,3
25378,p12685,86,12
25380,p12686,2,14
25382,p12687,32,76
25383,p12688,71,34
25384,p12689,17,15
25385,p12690,2,72
25387,p12691,21,66
25390,p12692,10,45
25391,p12693,1,63
25393,p12694,88,75
25394,p12695,82,51
25396,p12696,69,37
25397,p12697,98,64
25400,p12698,20,44
25402,p12699,66,51
25403,p12700,33,72
25405,p12701,90,56
25408,p12702,46,75
25411,p12703,94,57
25414,p12704,87,5
25415,p12705,86,87
25417,p12706,54,50
25419,p12707,67,1
25422,p12708,76,50
25424,p12709,94,88
25426,p12710,69,68
25427,p12711,20,89
25428,p12712,10,86
25429,p12713,92,22
25431,p12714,8,26
25433,p12715,26,50
25436,p12716,33,24
25437,p12717,44,8
25439,p12718,9,54
25441,p12719,50,19
25444,p12720,19,67
25445,p12721,27,23
25446,p12722,2,20
25447,p12723,52,21
25449,p12724,86,94
25450,p12725,98,74
25452,p12726,24,82
25454,p12727,5,99
25457,p12728,28,18
25459,p12729,68,91
25461,p12730,42,86
25462,p12731,38,42
25463,p12732,87,15
25466,p12733,65,98
25467,p12734,92,87
25468,p12735,44,76
25470,p12736,17,30
25471,p12737,29,43
25472,p12738,54,34
25474,p12739,35,70
25475,p12740,6,42
25477,p12741,3,55
25479,p12742,22,97
25480,p12743,34,57
25483,p12744,40,42
25485,p12745,82,7
25487,p12746,76,14
25490,p12747,29,69
25493,p12748,36,42
25494,p12749,70,89
25497,p12750,44,94
25500,p12751,39,42
25503,p12752,71,2
25506,p12753,32,50
25507,p12754,28,50
25508,p12755,45,91
25510,p12756,51,64
25513,p12757,84,31
25515,p12758,97,66
25516,p12759,9,32
25517,p12760,3,78
25518,p12761,66,26
25520,p12762,69,25
25521,p12763,80,24
25524,p12764,45,25
25525,p12765,3,36
25528,p12766,34,68
25531,p12767,87,12
25534,p12768,25,17
25536,p12769,2,27
25537,p12770,48,22
25538,p12771,95,1
25541,p12772,62,47
25542,p12773,91,93
25545,p12774,49,70
25547,p12775,58,60
25549,p12776,66,28
25552,p12777,93,78
25553,p12778,84,6
25555,p12779,54,7
25558,p12780,61,93
25561,p12781,14,31
25562,p12782,100,5
25563,p12783,13,68
25564,p12784,62,61
25565,p12785,24,9
25566,p12786,99,1
25567,p12787,11,71
25570,p12788,13,24
25573,p12789,34,27
25575,p12790,53,54
25578,p12791,88,77
25581,p12792,3,95
25583,p12793,72,39
25586,p12794,23,77
25587,p12795,45,95
25589,p12796,91,84
25591,p12797,17,67
25594,p12798,36,27
25595,p12799,69,80
25596,p12800,70,68
25599,p12801,54,62
25602,p12802,92,39
25603,p12803,26,29
25606,p12804,1,95
25608,p12805,1,46
25611,p12806,56,18
25612,p12807,17,9
25613,p12808,25,93
25615,p12809,2,67
25617,p12810,57,21
25620,p12811,91,83
25621,p12812,58,87
25622,p12813,29,14
25623,p12814,81,63
25624,p12815,97,10
25627,p12816,94,82
25630,p12817,44,19
25633,p12818,86,56
25635,p12819,23,93
25636,p12820,61,3
25639,p12821,19,95
25640,p12822,24,70
25643,p12823,94,21
25644,p12824,100,96
25647,p12825,30,18
25649,p12826,18,59
25651,p12827,46,25
25654,p12828,80,74
25655,p12829,32,43
25658,p12830,42,75
25660,p12831,67,83
25663,p12832,15,20
25666,p12833,92,37
25668,p12834,39,76
25669,p12835,50,49
25671,p12836,53,35
25674,p12837,52,61
25676,p12838,28,91
25677,p12839,68,77
25680,p12840,50,42
25682,p12841,86,42
25683,p12842,76,83
25685,p12843,73,92
25687,p12844,42,18
25690,p12845,33,66
25692,p12846,87,8
25693,p12847,42,32
25694,p12848,32,92
25695,p12849,72,13
25696,p12850,6,94
25698,p12851,15,63
25699,p12852,25,62
25702,p12853,76,96
25705,p12854,56,14
25708,p12855,93,76
25711,p12856,83,15
25712,p12857,80,46
25714,p12858,55,84
25715,p12859,30,82
25717,p12860,92,64
25720,p12861,2,93
25723,p12862,10,48
25726,p12863,15,27
25727,p12864,59,92
25730,p12865,35,42
25731,p12866,82,69
25733,p12867,19,65
25735,p12868,12,6
25737,p12869,83,34
25739,p12870,1,93
25742,p12871,83,60
25744,p12872,56,17
25745,p12873,93,83
25747,p12874,18,11
25748,p12875,100,5
25751,p12876,86,35
25752,p12877,70,28
25754,p12878,60,61
25757,p12879,51,52
25760,p12880,60,39
25763,p12881,20,8
25764,p12882,88,17
25766,p12883,73,46
25767,p12884,92,59
25768,p12885,95,67
25771,p12886,42,32
25772,p12887,97,90
25773,p12888,95,26
25775,p12889,94,70
25777,p12890,62,21
25778,p12891,99,10
25779,p12892,3,88
25781,p12893,35,71
25783,p12894,75,32
25786,p12895,17,13
25789,p12896,13,55
25792,p12897,15,2
25794,p12898,65,21
25795,p12899,9,93
25798,p12900,57,79
25800,p12901,74,46
25802,p12902,49,55
25803,p12903,85,51
25804,p12904,37,88
25805,p12905,99,72
25808,p12906,76,46
25810,p12907,31,40
25812,p12908,9,39
25814,p12909,44,71
25817,p12910,74,5
25820,p12911,97,53
25823,p12912,98,60
25825,p12913,70,59
25828,p12914,26,61
25831,p12915,22,7
25833,p12916,28,69
25835,p12917,53,52
25837,p12918,68,12
25840,p12919,40,90
25842,p12920,94,91
25845,p12921,48,74
25847,p12922,68,47
25849,p12923,13,95
25850,p12924,47,25
25851,p12925,49,21
25854,p12926,6,46
25857,p12927,87,31
25860,p12928,26,43
25862,p12929,95,57
25865,p12930,11,43
25868,p12931,87,47
25871,p12932,91,9
25872,p12933,74,49
25875,p12934,78,79
25878,p12935,73,33
25880,p12936,71,52
25883,p12937,79,38
25886,p12938,91,39
25888,p12939,98,53
25891,p12940,3,45
25893,p12941,49,13
25894,p12942,10,100
25896,p12943,54,71
25899,p12944,75,50
25900,p12945,52,42
25903,p12946,24,49
25906,p12947,47,22
25907,p12948,31,37
25910,p12949,49,15
25912,p12950,100,22
25913,p12951,3,34
25916,p12952,31,51
25917,p12953,76,48
25920,p12954,86,74
25921,p12955,25,94
25924,p12956,40,62
25925,p12957,68,78
25927,p12958,12,40
25929,p12959,2,47
25931,p12960,96,71
25933,p12961,16,34
25935,p12962,79,71
25937,p12963,30,87
25939,p12964,58,28
25940,p12965,8,94
25943,p12966,54,33
25946,p12967,62,46
25947,p12968,59,2
25949,p12969,76,68
25951,p12970,67,41
25954,p12971,11,70
25956,p12972,63,2
25957,p12973,41,78
25958,p12974,63,17
25960,p12975,86,52
25961,p12976,36,11
25963,p12977,80,6
25966,p12978,15,18
25968,p12979,45,71
25969,p12980,75,62
25971,p12981,8,63
25974,p12982,3,9
25975,p12983,25,43
25976,p12984,36,45
25979,p12985,76,82
25982,p12986,29,61
25984,p12987,8,65
25987,p12988,81,4
25988,p12989,51,74
25991,p12990,76,41
25994,p12991,91,33
25997,p12992,31,67
26000,p12993,45,35
26003,p12994,12,98
26006,p12995,56,12
26009,p12996,74,19
26011,p12997,97,9
26013,p12998,72,57
26015,p12999,71,33
26016,p13000,15,67
26019,p13001,37,5
26022,p13002,89,59
26025,p13003,43,23
26026,p13004,78,83
26029,p13005,24,11
26032,p13006,20,74
26034,p13007,92,58
26035,p13008,81,40
26036,p13009,4,27
26039,p13010,40,7
26042,p13011,32,66
26044,p13012,10,63
26046,p13013,42,88
26049,p13014,89,41
26050,p13015,44,7
26052,p13016,45,80
26053,p13017,39,61
26056,p13018,24,7
26057,p13019,77,55
26058,p13020,1,65
26061,p13021,13,63
26062,p13022,72,74
26065,p13023,72,63
26067,p13024,68,85
26069,p13025,35,41
26070,p13026,58,45
26073,p13027,12,17
26074,p13028,1,96
26075,p13029,42,3
26076,p13030,66,26
26078,p13031,64,16
26079,p13032,48,25
26080,p13033,94,58
26082,p13034,69,98
26085,p13035,81,22
26088,p13036,57,99
26089,p13037,70,56
26091,p13038,5,13
26094,p13039,16,46
26096,p13040,11,83
26099,p13041,65,43
26100,p13042,18,13
26103,p13043,34,88
26106,p13044,85,6
26107,p13045,94,51
26109,p13046,81,5
26111,p13047,90,8
26112,p13048,60,76
26113,p13049,15,73
26115,p13050,74,31
26118,p13051,82,23
26119,p13052,99,100
26122,p13053,94,76
26124,p13054,89,17
26126,p13055,26,6
26127,p13056,86,84
26128,p13057,31,40
26130,p13058,79,11
26131,p13059,73,26
26134,p13060,43,72
26137,p13061,54,91
26139,p13062,56,42
26140,p13063,59,91
26142,p13064,88,35
26143,p13065,63,81
26146,p13066,17,62
26147,p13067,99,3
26150,p13068,87,76
26153,p13069,26,29
26154,p13070,100,66
26155,p13071,92,94
26156,p13072,85,70
26158,p13073,100,44
26161,p13074,44,7
26163,p13075,8,71
26164,p13076,12,90
26165,p13077,88,31
26168,p13078,8,5
26170,p13079,43,62
26171,p13080,14,11
26174,p13081,34,100
26176,p13082,75,14
26178,p13083,75,33
26179,p13084,36,10
26180,p13085,21,98
26181,p13086,35,55
26184,p13087,30,96
26187,p13088,75,10
26189,p13089,4,76
26191,p13090,25,88
26193,p13091,82,46
26196,p13092,75,34
26199,p13093,97,28
26201,p13094,5,46
26202,p13095,53,71
26204,p13096,7,85
26205,p13097,18,41
26206,p13098,84,20
26209,p13099,6,25
26211,p13100,39,78
26213,p13101,49,79
26216,p13102,76,16
26217,p13103,68,32
26219,p13104,90,5
26222,p13105,99,66
26225,p13106,65,89
26227,p13107,42,4
26230,p13108,66,18
26232,p13109,59,33
26234,p13110,33,27
26235,p13111,43,47
26237,p13112,37,22
26238,p13113,26,89
26240,p13114,55,79
26243,p13115,72,18
26244,p13116,70,34
26245,p13117,56,50
26246,p13118,48,6
26248,p13119,32,85
26249,p13120,10,96
26251,p13121,9,33
26252,p13122,17,76
26253,p13123,80,95
26254,p13124,10,31
26255,p13125,34,32
26256,p13126,54,52
26259,p13127,45,14
26260,p13128,93,36
26262,p13129,7,100
26263,p13130,70,85
26265,p13131,60,23
26267,p13132,15,70
26270,p13133,46,63
26273,p13134,59,9
26276,p13135,38,12
26277,p13136,85,26
26279,p13137,94,82
26280,p13138,71,30
26281,p13139,25,81
26284,p13140,38,58
26286,p13141,27,84
26289,p13142,100,26
26292,p13143,88,20
26293,p13144,39,93
26294,p13145,35,46
26296,p13146,32,20
26298,p13147,48,32
26301,p13148,34,37
26304,p13149,81,44
26305,p13150,57,48
26308,p13151,56,86
26309,p13152,44,95
26310,p13153,66,14
26311,p13154,55,64
26313,p13155,35,87
26314,p13156,12,98
26315,p13157,67,82
26317,p13158,94,100
26318,p13159,38,53
26319,p13160,51,95
26322,p13161,20,90
26324,p13162,67,11
26326,p13163,25,8
26328,p13164,43,3
26330,p13165,52,25
26331,p13166,90,13
26333,p13167,83,26
26336,p13168,49,94
26339,p13169,64,5
26340,p13170,26,51
26341,p13171,17,57
26344,p13172,26,5
26346,p13173,16,66
26348,p13174,51,61
26349,p13175,28,92
26352,p13176,9,53
26353,p13177,7,85
26354,p13178,35,34
26355,p13179,64,9
26357,p13180,75,52
26360,p13181,2,73
26363,p13182,4,39
26366,p13183,78,82
26369,p13184,63,64
26370,p13185,54,52
26371,p13186,28,99
26374,p13187,9,88
26377,p13188,57,25
26378,p13189,23,39
26380,p13190,61,18
26383,p13191,30,32
26384,p13192,55,82
26387,p13193,76,2
26388,p13194,36,15
26389,p13195,42,100
26392,p13196,84,85
26393,p13197,65,56
26396,p13198,77,32
26397,p13199,1,13
26398,p13200,9,2
26399,p13201,43,62
26400,p13202,12,22
26402,p13203,71,74
26404,p13204,18,17
26406,p13205,62,59
26409,p13206,74,63
26410,p13207,20,69
26412,p13208,67,42
26414,p13209,13,21
26416,p13210,85,55
26417,p13211,95,19
26419,p13212,50,52
26421,p13213,28,35
26423,p13214,33,63
26426,p13215,87,80
26427,p13216,57,89
26429,p13217,54,91
26430,p13218,52,35
26431,p13219,68,82
26434,p13220,39,38
26435,p13221,100,14
26438,p13222,36,88
26439,p13223,82,3
26440,p13224,63,39
26442,p13225,87,20
26443,p13226,20,86
26444,p13227,30,4
26447,p13228,70,48
26448,p13229,42,23
26451,p13230,83,84
26453,p13231,49,76
26456,p13232,18,81
26459,p13233,45,88
26461,p13234,1,45
26462,p13235,69,19
26463,p13236,45,56
26465,p13237,1,22
26467,p13238,57,80
26468,p13239,4,95
26471,p13240,4,71
26473,p13241,76,87
26476,p13242,67,46
26478,p13243,21,92
26481,p13244,84,86
26483,p13245,97,16
26484,p13246,99,87
26485,p13247,59,35
26487,p13248,31,47
26490,p13249,77,12
26492,p13250,78,21
26495,p13251,92,29
26496,p13252,72,49
26498,p13253,66,50
26500,p13254,71,82
26503,p13255,53,58
26504,p13256,95,98
26507,p13257,92,36
26508,p13258,30,25
26511,p13259,51,81
26514,p13260,83,42
26517,p13261,35,78
26519,p13262,15,93
26520,p13263,71,15
26523,p13264,67,96
26524,p13265,76,27
26527,p13266,23,69
26530,p13267,72,76
26533,p13268,50,71
26534,p13269,25,96
26535,p13270,68,40
26537,p13271,37,11
26540,p13272,96,80
26543,p13273,69,21
26545,p13274,98,62
26546,p13275,85,48
26547,p13276,27,81
26550,p13277,31,8
26553,p13278,68,51
26554,p13279,57,32
26555,p13280,91,19
26557,p13281,73,75
26558,p13282,38,11
26559,p13283,100,17
26562,p13284,70,31
26565,p13285,99,65
26566,p13286,49,24
26567,p13287,11,75
26568,p13288,56,49
26569,p13289,56,33
26570,p13290,41,74
26571,p13291,41,92
26574,p13292,43,59
26576,p13293,64,63
26578,p13294,75,79
26581,p13295,37,62
26584,p13296,82,26
26585,p13297,90,75
26586,p13298,18,50
26588,p13299,14,96
26590,p13300,89,22
26592,p13301,38,60
26593,p13302,34,12
26596,p13303,44,74
26597,p13304,2,65
26600,p13305,16,33
26602,p13306,16,73
26603,p13307,94,24
26606,p13308,26,18
26607,p13309,87,40
26609,p13310,21,32
26610,p13311,100,55
26612,p13312,45,2
26613,p13313,32,75
26616,p13314,74,35
26618,p13315,34,35
26620,p13316,42,10
26622,p13317,33,36
26625,p13318,64,95
26627,p13319,83,66
26628,p13320,7,29
26629,p13321,89,84
26631,p13322,50,80
26634,p13323,83,2
26635,p13324,29,45
26638,p13325,79,82
26639,p13326,30,7
26641,p13327,50,39
26644,p13328,10,76
26647,p13329,30,79
26649,p13330,56,53
26652,p13331,10,1
26653,p13332,2,26
26655,p13333,21,73
26657,p13334,80,44
26658,p13335,41,99
26659,p13336,13,1
26661,p13337,59,22
26663,p13338,43,42
26665,p13339,41,91
26666,p13340,61,40
26668,p13341,70,96
26670,p13342,72,82
26672,p13343,56,59
26675,p13344,29,83
26677,p13345,51,39
26678,p13346,59,23
26680,p13347,88,16
26682,p13348,56,61
26685,p13349,9,76
26686,p13350,37,74
26687,p13351,57,49
26688,p13352,73,88
26689,p13353,93,38
26691,p13354,64,48
26693,p13355,86,80
26695,p13356,49,26
26697,p13357,81,67
26700,p13358,41,42
26701,p13359,6,41
26703,p13360,90,50
26706,p13361,94,82
26709,p13362,24,71
26711,p13363,36,70
26712,p13364,29,73
26713,p13365,25,93
26715,p13366,46,78
26716,p13367,26,9
26717,p13368,68,37
26720,p13369,96,20
26721,p13370,92,24
26722,p13371,90,35
26724,p13372,87,56
26726,p13373,33,10
26729,p13374,98,52
26732,p13375,53,73
26735,p13376,25,44
26736,p13377,7,87
26737,p13378,75,6
26739,p13379,46,82
26742,p13380,48,1
26745,p13381,13,87
26748,p13382,6,92
26749,p13383,30,59
26752,p13384,16,93
26753,p13385,96,14
26755,p13386,11,49
26757,p13387,87,40
26760,p13388,99,84
26763,p13389,46,40
26765,p13390,15,49
26768,p13391,49,95
26771,p13392,93,71
26772,p13393,45,14
26774,p13394,85,51
26775,p13395,9,47
26776,p13396,44,19
26777,p13397,59,99
26778,p13398,34,98
26779,p13399,87,70
26780,p13400,22,49
26783,p13401,58,24
26786,p13402,60,98
26788,p13403,3,58
26789,p13404,12,24
26792,p13405,4,38
26795,p13406,6,89
26798,p13407,2,73
26799,p13408,45,34
26802,p13409,7,45
26804,p13410,50,24
26806,p13411,51,57
26808,p13412,82,62
26809,p13413,48,6
26812,p13414,89,47
26814,p13415,77,28
26817,p13416,73,16
26818,p13417,27,56
26819,p13418,13,11
26822,p13419,47,12
26824,p13420,84,22
26827,p13421,16,62
26829,p13422,5,74
26830,p13423,39,79
26833,p13424,94,59
26834,p13425,16,95
26835,p13426,31,35
26837,p13427,69,6
26840,p13428,17,26
26843,p13429,95,87
26845,p13430,20,11
26848,p13431,54,52
26849,p13432,57,73
26852,p13433,33,53
26853,p13434,84,11
26855,p13435,12,62
26857,p13436,8,28
26859,p13437,21,29
26862,p13438,70,44
26863,p13439,66,97
26866,p13440,25,66
26869,p13441,56,97
26872,p13442,52,75
26874,p13443,68,80
26875,p13444,12,7
26877,p13445,97,75
26879,p13446,14,13
26881,p13447,21,42
26882,p13448,78,29
26883,p13449,37,43
26885,p13450,28,52
26886,p13451,4,93
26887,p13452,8,99
26890,p13453,78,94
26893,p13454,31,79
26895,p13455,88,82
26897,p13456,45,24
26898,p13457,84,99
26899,p13458,100,40
26900,p13459,62,34
26901,p13460,39,22
26903,p13461,25,81
26904,p13462,57,83
26907,p13463,62,5
26909,p13464,71,72
26910,p13465,44,80
26912,p13466,73,9
26913,p13467,48,89
26914,p13468,39,32
26915,p13469,80,12
26917,p13470,28,80
26918,p13471,7,57
26919,p13472,84,33
26920,p13473,70,7
26923,p13474,23,74
26925,p13475,94,39
26926,p13476,89,11
26927,p13477,100,82
26929,p13478,38,24
26930,p13479,86,9
26932,p13480,68,47
26935,p13481,34,13
26936,p13482,66,31
26939,p13483,20,9
26941,p13484,65,76
26943,p13485,85,42
26945,p13486,14,1
26947,p13487,60,7
26948,p13488,51,16
26950,p13489,78,56
26951,p13490,73,67
26953,p13491,58,77
26954,p13492,46,30
26955,p13493,57,60
26957,p13494,4,89
26960,p13495,70,42
26963,p13496,34,5
26966,p13497,58,13
26967,p13498,55,42
26968,p13499,47,12
26969,p13500,16,81
26971,p13501,64,11
26974,p13502,91,55
26976,p13503,54,47
26977,p13504,37,1
26978,p13505,10,36
26980,p13506,64,30
26983,p13507,71,35
26984,p13508,72,7
26985,p13509,38,21
26988,p13510,27,84
26989,p13511,77,88
26990,p13512,61,31
26991,p13513,96,27
26994,p13514,93,45
26995,p13515,36,100
26996,p13516,58,30
26999,p13517,18,45
27001,p13518,35,86
27002,p13519,56,75
27005,p13520,67,10
27007,p13521,31,45
27010,p13522,30,44
27011,p13523,97,15
27012,p13524,53,13
27013,p13525,77,78
27015,p13526,84,44
27017,p13527,92,2
27018,p13528,83,20
27019,p13529,58,90
27022,p13530,8,27
27023,p13531,82,26
27026,p13532,13,39
27028,p13533,93,83
27029,p13534,42,96
27032,p13535,62,86
27033,p13536,16,61
27036,p13537,71,84
27038,p13538,99,41
27041,p13539,25,55
27042,p13540,75,57
27043,p13541,40,100
27044,p13542,10,63
27045,p13543,90,39
27048,p13544,98,99
27049,p13545,64,1
27050,p13546,74,37
27052,p13547,83,39
27053,p13548,38,74
27055,p13549,8,3
27058,p13550,29,73
27059,p13551,22,85
27060,p13552,54,68
27063,p13553,28,74
27066,p13554,23,20
27067,p13555,32,16
27070,p13556,10,69
27073,p13557,15,93
27076,p13558,51,49
27079,p13559,53,3
27080,p13560,74,48
27081,p13561,98,97
27083,p13562,19,16
27085,p13563,20,21
27087,p13564,49,58
27089,p13565,51,45
27091,p13566,90,82
27092,p13567,80,57
27095,p13568,35,30
27098,p13569,31,25
27099,p13570,10,5
27101,p13571,17,97
27102,p13572,56,22
27103,p13573,95,38
27106,p13574,99,37
27108,p13575,24,83
27111,p13576,25,30
27113,p13577,53,48
27114,p13578,28,59
27116,p13579,78,30
27118,p13580,53,40
27119,p13581,94,31
27122,p13582,32,15
27123,p13583,87,15
27124,p13584,44,23
27127,p13585,71,81
27130,p13586,95,73
27133,p13587,12,6
27136,p13588,51,37
27138,p13589,13,86
27140,p13590,100,44
27141,p13591,37,72
27142,p13592,29,79
27143,p13593,50,66
27146,p13594,79,25
27149,p13595,47,26
27150,p13596,65,44
27153,p13597,44,38
27156,p13598,25,20
27157,p13599,40,96
27158,p13600,8,37
27160,p13601,77,33
27163,p13602,32,14
27165,p13603,3,54
27166,p13604,62,58
27169,p13605,49,25
27170,p13606,7,17
27171,p13607,42,84
27173,p13608,32,86
27176,p13609,77,5
27178,p13610,61,95
27179,p13611,47,51
27182,p13612,54,49
27185,p13613,40,68
27188,p13614,77,48
27191,p13615,44,54
27192,p13616,51,56
27195,p13617,84,47
27198,p13618,5,90
27199,p13619,12,47
27202,p13620,25,28
27205,p13621,6,54
27208,p13622,37,28
27211,p13623,16,71
27212,p13624,34,68
27215,p13625,31,55
27216,p13626,45,22
27218,p13627,24,75
27221,p13628,38,9
27222,p13629,13,59
27223,p13630,35,16
27225,p13631,96,98
27226,p13632,72,90
27229,p13633,31,4
27232,p13634,99,67
27233,p13635,46,98
27234,p13636,13,95
27236,p13637,42,71
27237,p13638,51,8
27239,p13639,17,35
27242,p13640,32,49
27244,p13641,53,57
27247,p13642,52,42
27249,p13643,40,59
27252,p13644,59,2
27254,p13645,96,93
27256,p13646,85,15
27259,p13647,91,68
27261,p13648,18,89
27264,p13649,25,100
27267,p13650,52,100
27270,p13651,28,55
27272,p13652,81,38
27273,p13653,45,7
27275,p13654,93,41
27276,p13655,98,77
27279,p13656,86,12
27281,p13657,54,88
27283,p13658,11,10
27284,p13659,65,79
27287,p13660,16,76
27289,p13661,87,79
27290,p13662,51,58
27293,p13663,2,70
27294,p13664,43,48
27296,p13665,46,86
27299,p13666,88,94
27301,p13667,86,50
27304,p13668,40,76
27305,p13669,34,44
27308,p13670,27,12
27311,p13671,26,6
27312,p13672,51,33
27313,p13673,94,27
27314,p13674,76,12
27316,p13675,27,77
27319,p13676,98,45
27321,p13677,56,28
27322,p13678,32,35
27324,p13679,22,75
27325,p13680,96,43
27326,p13681,5,60
27328,p13682,89,3
27331,p13683,76,18
27334,p13684,44,71
27336,p13685,47,76
27338,p13686,73,42
27341,p13687,57,72
27343,p13688,8,57
27345,p13689,27,96
27347,p13690,50,45
27350,p13691,47,99
27351,p13692,61,89
27352,p13693,92,83
27355,p13694,42,50
27358,p13695,8,37
27360,p13696,68,75
27362,p13697,63,22
27364,p13698,41,44
27367,p13699,26,77
27370,p13700,79,20
27373,p13701,57,63
27375,p13702,17,67
27377,p13703,49,35
27378,p13704,64,66
27379,p13705,47,45
27380,p13706,40,10
27381,p13707,73,79
27382,p13708,55,4
27385,p13709,62,61
27386,p13710,50,48
27389,p13711,8,30
27391,p13712,74,25
27394,p13713,100,77
27397,p13714,28,73
27399,p13715,96,93
27402,p13716,3,94
27405,p13717,3,71
27408,p13718,42,58
27409,p13719,3,16
27411,p13720,11,95
27413,p13721,87,82
27414,p13722,62,40
27415,p13723,94,28
27416,p13724,95,41
27419,p13725,15,95
27420,p13726,7,40
27421,p13727,41,8
27422,p13728,77,16
27424,p13729,67,48
27426,p13730,76,74
27428,p13731,90,52
27429,p13732,81,50
27432,p13733,93,2
27435,p13734,24,61
27437,p13735,14,85
27440,p13736,51,43
27441,p13737,93,38
27444,p13738,30,28
27446,p13739,6,31
27449,p13740,91,21
27451,p13741,59,1
27453,p13742,91,54
27456,p13743,81,5
27457,p13744,100,92
27460,p13745,91,68
27463,p13746,55,17
27465,p13747,84,91
27468,p13748,39,10
27470,p13749,27,51
27471,p13750,79,58
27473,p13751,36,96
27474,p13752,59,65
27476,p13753,3,54
27478,p13754,22,49
27480,p13755,28,90
27482,p13756,92,53
27484,p13757,38,89
27486,p13758,13,98
27488,p13759,19,83
27489,p13760,55,8
27491,p13761,72,31
27494,p13762,25,52
27496,p13763,97,25
27498,p13764,60,29
27501,p13765,79,43
27502,p13766,27,60
27503,p13767,59,45
27506,p13768,22,36
27509,p13769,29,87
27511,p13770,38,1
27514,p13771,32,28
27517,p13772,53,8
27519,p13773,33,75
27522,p13774,97,15
27525,p13775,13,62
27528,p13776,70,98
27530,p13777,66,88
27533,p13778,67,15
27535,p13779,59,26
27537,p13780,33,61
27539,p13781,89,35
27542,p13782,48,59
27543,p13783,90,47
27545,p13784,3,6
27548,p13785,45,42
27550,p13786,5,56
27552,p13787,97,45
27553,p13788,41,99
27555,p13789,44,28
27556,p13790,77,42
27557,p13791,46,77
27560,p13792,79,44
27563,p13793,66,41
27565,p13794,49,11
27566,p13795,9,37
27567,p13796,1,90
27569,p13797,4,64
27572,p13798,34,74
27575,p13799,71,69
27577,p13800,5,4
27579,p13801,51,47
27582,p13802,100,51
27584,p13803,45,2
27586,p13804,75,16
27589,p13805,16,15
27590,p13806,82,30
27592,p13807,72,30
27594,p13808,61,4
27596,p13809,15,54
27598,p13810,66,88
27600,p13811,76,11
27603,p13812,91,1
27605,p13813,67,63
27608,p13814,78,22
27611,p13815,75,6
27613,p13816,51,24
27614,p13817,36,67
27617,p13818,68,58
27619,p13819,53,38
27622,p13820,36,35
27623,p13821,18,12
27625,p13822,98,23
27626,p13823,93,29
27629,p13824,45,19
27630,p13825,50,78
27631,p13826,70,48
27634,p13827,24,39
27637,p13828,42,39
27640,p13829,30,6
27641,p13830,87,29
27642,p13831,91,68
27643,p13832,56,68
27644,p13833,25,82
27647,p13834,16,52
27649,p13835,63,59
27650,p13836,32,54
27653,p13837,8,69
27654,p13838,7,84
27657,p13839,20,18
27660,p13840,50,41
27662,p13841,39,48
27665,p13842,2,65
27666,p13843,20,63
27669,p13844,29,97
27670,p13845,60,89
27671,p13846,8,88
27673,p13847,53,63
27676,p13848,28,9
27678,p13849,13,37
27679,p13850,23,91
27681,p13851,32,43
27684,p13852,49,89
27687,p13853,50,42
27688,p13854,93,21
27690,p13855,9,20
27691,p13856,77,38
27692,p13857,79,68
27694,p13858,4,99
27696,p13859,29,52
27698,p13860,55,95
27699,p13861,28,22
27701,p13862,40,63
27704,p13863,49,63
27706,p13864,86,96
27708,p13865,66,31
27709,p13866,62,91
27712,p13867,74,17
27713,p13868,60,37
27714,p13869,32,100
27716,p13870,58,19
27719,p13871,21,81
27722,p13872,22,94
27725,p13873,15,52
27728,p13874,49,34
27731,p13875,72,75
27734,p13876,42,8
27735,p13877,17,42
27737,p13878,19,86
27740,p13879,49,45
27743,p13880,48,73
27744,p13881,92,60
27747,p13882,25,31
27749,p13883,50,45
27752,p13884,76,46
27753,p13885,72,61
27754,p13886,7,94
27755,p13887,61,19
27757,p13888,36,4
27759,p13889,55,78
27761,p13890,90,39
27762,p13891,10,4
27765,p13892,75,6
27768,p13893,93,42
27771,p13894,21,100
27773,p13895,18,45
27775,p13896,40,14
27778,p13897,6,63
27780,p13898,48,58
27783,p13899,99,14
27785,p13900,31,81
27786,p13901,57,86
27787,p13902,18,43
27788,p13903,21,98
27789,p13904,83,17
27790,p13905,73,77
27792,p13906,65,23
27794,p13907,52,67
27797,p13908,34,17
27800,p13909,100,50
27803,p13910,38,93
27806,p13911,8,56
27807,p13912,73,97
27808,p13913,33,2
27811,p13914,85,32
27813,p13915,98,86
27814,p13916,83,49
27817,p13917,39,34
27819,p13918,56,46
27820,p13919,89,47
27821,p13920,71,17
27823,p13921,49,44
27824,p13922,91,100
27825,p13923,32,40
27826,p13924,90,96
27828,p13925,53,85
27831,p13926,86,37
27833,p13927,56,5
27836,p13928,38,49
27837,p13929,78,72
27839,p13930,63,47
27842,p13931,88,84
27845,p13932,91,99
27848,p13933,61,52
27851,p13934,65,59
27854,p13935,31,6
27856,p13936,100,54
27858,p13937,60,33
27861,p13938,83,57
27862,p13939,2,89
27865,p13940,40,77
27867,p13941,68,7
27868,p13942,34,23
27869,p13943,40,9
27870,p13944,40,87
27872,p13945,100,74
27873,p13946,4,47
27875,p13947,16,4
27877,p13948,28,76
27879,p13949,18,37
27880,p13950,67,53
27882,p13951,19,100
27883,p13952,10,31
27884,p13953,91,33
27885,p13954,31,88
27887,p13955,57,75
27888,p13956,30,79
27890,p13957,14,54
27891,p13958,55,42
27893,p13959,41,55
27895,p13960,80,58
27898,p13961,58,53
27900,p13962,23,90
27903,p13963,38,31
27905,p13964,72,91
27907,p13965,46,88
27909,p13966,13,54
27910,p13967,49,67
27911,p13968,62,10
27912,p13969,17,66
27913,p13970,18,85
27914,p13971,30,16
27917,p13972,99,54
27918,p13973,54,2
27919,p13974,78,69
27922,p13975,57,70
27924,p13976,57,28
27925,p13977,75,6
27926,p13978,6,55
27929,p13979,19,4
27932,p13980,86,15
27934,p13981,70,35
27936,p13982,42,22
27937,p13983,95,68
27939,p13984,96,36
27940,p13985,32,48
27941,p13986,46,8
27943,p13987,86,20
27946,p13988,53,28
27947,p13989,64,23
27949,p13990,52,34
27950,p13991,36,57
27951,p13992,94,35
27954,p13993,79,46
27956,p13994,60,82
27957,p13995,63,41
27960,p13996,1,66
27962,p13997,11,59
27964,p13998,7,21
27965,p13999,73,95
27967,p14000,54,11
27970,p14001,9,21
27972,p14002,85,6
27974,p14003,32,28
27975,p14004,51,43
27978,p14005,52,98
27981,p14006,97,56
27984,p14007,5,98
27985,p14008,34,44
27986,p14009,28,35
27987,p14010,50,62
27988,p14011,49,46
27990,p14012,63,98
27992,p14013,87,6
27993,p14014,3,84
27995,p14015,98,8
27996,p14016,28,87
27997,p14017,49,9
27998,p14018,20,59
27999,p14019,34,5
28000,p14020,8,54
28001,p14021,82,60
28002,p14022,5,8
28005,p14023,22,21
28008,p14024,100,32
28011,p14025,21,66
28012,p14026,94,96
28014,p14027,92,18
28015,p14028,73,89
28018,p14029,21,16
28021,p14030,60,55
28023,p14031,15,27
28026,p14032,1,22
28028,p14033,17,46
28030,p14034,44,94
28033,p14035,68,32
28036,p14036,40,46
28038,p14037,11,79
28040,p14038,1,95
28041,p14039,32,89
28044,p14040,48,81
28047,p14041,51,54
28050,p14042,36,87
28053,p14043,37,49
28056,p14044,48,85
28058,p14045,4,26
28060,p14046,100,21
28062,p14047,52,59
28065,p14048,97,57
28068,p14049,74,1
28069,p14050,13,79
28072,p14051,43,15
28073,p14052,99,49
28075,p14053,82,20
28078,p14054,55,95
28080,p14055,71,8
28081,p14056,94,62
28084,p14057,15,99
28085,p14058,53,31
28088,p14059,18,38
28090,p14060,88,14
28092,p14061,37,23
28093,p14062,90,74
28096,p14063,40,89
28097,p14064,44,92
28098,p14065,67,21
28101,p14066,93,17
28104,p14067,51,55
28106,p14068,38,66
28107,p14069,97,90
28108,p14070,97,71
28110,p14071,17,83
28112,p14072,48,19
28115,p14073,84,47
28118,p14074,32,19
28119,p14075,22,35
28122,p14076,44,10
28124,p14077,54,91
28126,p14078,38,47
28127,p14079,49,29
28128,p14080,44,1
28129,p14081,62,24
28131,p14082,55,15
28132,p14083,6,33
28133,p14084,23,76
28134,p14085,83,43
28137,p14086,62,67
28138,p14087,98,87
28139,p14088,31,29
28142,p14089,82,33
28144,p14090,48,44
28146,p14091,35,86
28148,p14092,97,77
28150,p14093,34,16
28153,p14094,50,62
28156,p14095,72,78
28158,p14096,69,52
28159,p14097,41,12
28162,p14098,5,14
28164,p14099,52,72
28165,p14100,29,100
28168,p14101,32,30
28171,p14102,62,31
28172,p14103,94,3
28173,p14104,32,23
28174,p14105,5,43
28177,p14106,81,73
28179,p14107,12,13
28181,p14108,90,20
28184,p14109,12,40
28187,p14110,53,17
28190,p14111,21,69
28192,p14112,78,84
28193,p14113,43,87
28196,p14114,65,31
28197,p14115,2,52
28199,p14116,33,49
28200,p14117,98,11
28201,p14118,25,16
28203,p14119,55,85
28205,p14120,3,67
28207,p14121,92,5
28208,p14122,6,48
28209,p14123,18,7
28210,p14124,8,20
28212,p14125,1,98
28213,p14126,24,8
28216,p14127,59,9
28217,p14128,66,99
28218,p14129,19,10
28221,p14130,29,59
28224,p14131,95,67
28225,p14132,14,36
28228,p14133,93,100
28231,p14134,90,58
28234,p14135,77,54
28235,p14136,80,58
28236,p14137,32,94
28238,p14138,58,7
28239,p14139,82,69
28240,p14140,13,32
28243,p14141,75,99
28246,p14142,73,66
28248,p14143,63,34
28250,p14144,19,23
28252,p14145,50,93
28255,p14146,44,10
28256,p14147,7,52
28258,p14148,68,21
28259,p14149,55,24
28262,p14150,45,43
28263,p14151,45,20
28264,p14152,84,4
28266,p14153,8,41
28268,p14154,72,93
28270,p14155,64,55
28271,p14156,34,41
28274,p14157,64,89
28276,p14158,54,97
28278,p14159,9,78
28279,p14160,45,76
28281,p14161,86,30
28282,p14162,92,95
28284,p14163,72,65
28286,p14164,44,20
28287,p14165,36,3
28288,p14166,14,8
28289,p14167,40,73
28290,p14168,92,87
28291,p14169,83,85
28292,p14170,57,62
28293,p14171,17,52
28296,p14172,75,11
28298,p14173,82,62
28301,p14174,35,87
28304,p14175,95,52
28305,p14176,36,76
28306,p14177,24,43
28307,p14178,34,33
28310,p14179,48,58
28313,p14180,39,15
28314,p14181,27,58
28317,p14182,32,12
28318,p14183,62,51
28319,p14184,81,26
28322,p14185,30,85
28325,p14186,26,90
28327,p14187,5,20
28330,p14188,52,30
28331,p14189,13,25
28334,p14190,55,16
28336,p14191,42,40
28337,p14192,64,90
28340,p14193,25,100
28341,p14194,18,11
28343,p14195,82,75
28344,p14196,75,41
28345,p14197,79,18
28348,p14198,8,14
28349,p14199,68,31
28350,p14200,97,76
28353,p14201,84,17
28354,p14202,75,22
28356,p14203,9,48
28357,p14204,71,23
28359,p14205,55,26
28362,p14206,77,87
28365,p14207,24,47
28368,p14208,77,97
28370,p14209,41,61
28372,p14210,33,27
28374,p14211,19,47
28376,p14212,76,24
28379,p14213,91,72
28380,p14214,74,75
28381,p14215,41,53
28384,p14216,90,43
28385,p14217,58,67
28386,p14218,32,38
28387,p14219,4,57
28388,p14220,47,43
28389,p14221,72,38
28390,p14222,57,42
28391,p14223,54,65
28392,p14224,57,94
28395,p14225,42,95
28398,p14226,89,8
28399,p14227,37,97
28402,p14228,84,32
28404,p14229,91,86
28405,p14230,20,74
28407,p14231,44,56
28409,p14232,43,3
28411,p14233,21,17
28413,p14234,38,51
28415,p14235,96,11
28418,p14236,64,37
28420,p14237,18,98
28422,p14238,59,52
28425,p14239,43,85
28426,p14240,19,94
28429,p14241,94,2
28430,p14242,24,10
28431,p14243,74,47
28432,p14244,76,88
28433,p14245,8,46
28434,p14246,78,94
28436,p14247,91,28
28437,p14248,67,99
28438,p14249,97,60
28439,p14250,25,33
28441,p14251,73,12
28442,p14252,2,67
28444,p14253,42,15
28447,p14254,65,86
28449,p14255,61,24
28450,p14256,54,17
28452,p14257,57,16
28453,p14258,3,60
28456,p14259,16,94
28459,p14260,67,70
28460,p14261,48,50
28462,p14262,43,73
28463,p14263,38,27
28464,p14264,22,20
28465,p14265,58,13
28468,p14266,95,66
28470,p14267,71,49
28471,p14268,92,53
28473,p14269,38,45
28475,p14270,12,32
28477,p14271,32,51
28479,p14272,85,29
28482,p14273,30,72
28484,p14274,72,62
28487,p14275,69,86
28490,p14276,34,11
28491,p14277,5,37
28494,p14278,32,67
28496,p14279,68,23
28497,p14280,57,99
28499,p14281,10,28
28502,p14282,3,35
28504,p14283,57,75
28507,p14284,39,43
28510,p14285,87,80
28512,p14286,51,18
28515,p14287,80,66
28516,p14288,100,54
28517,p14289,94,39
28518,p14290,50,18
28519,p14291,41,97
28520,p14292,95,25
28522,p14293,86,80
28525,p14294,1,70
28528,p14295,26,60
28530,p14296,18,71
28533,p14297,35,10
28535,p14298,81,66
28536,p14299,40,21
28537,p14300,12,27
28539,p14301,14,36
28542,p14302,53,31
28544,p14303,76,49
28545,p14304,11,72
28547,p14305,66,29
28549,p14306,85,24
28552,p14307,29,90
28555,p14308,80,96
28558,p14309,7,68
28559,p14310,13,23
28560,p14311,71,38
28563,p14312,62,60
28564,p14313,77,43
28567,p14314,97,34
28568,p14315,14,72
28571,p14316,74,71
28573,p14317,71,9
28576,p14318,79,58
28577,p14319,1,3
28578,p14320,27,83
28580,p14321,36,46
28581,p14322,82,73
28584,p14323,58,77
28587,p14324,18,10
28589,p14325,3,85
28592,p14326,1,63
28594,p14327,22,30
28595,p14328,65,46
28598,p14329,33,21
28600,p14330,89,49
28601,p14331,61,17
28602,p14332,10,3
28603,p14333,92,90
28604,p14334,99,26
28607,p14335,72,61
28609,p14336,2,38
28612,p14337,95,99
28614,p14338,10,30
28616,p14339,52,35
28618,p14340,18,89
28619,p14341,98,12
28622,p14342,23,22
28625,p14343,71,59
28626,p14344,15,2
28627,p14345,2,75
28629,p14346,24,83
28631,p14347,100,81
28632,p14348,100,31
28634,p14349,84,44
28637,p14350,53,83
28640,p14351,3,68
28643,p14352,22,16
28645,p14353,38,32
28646,p14354,33,87
28648,p14355,3,76
28651,p14356,91,84
28654,p14357,46,21
28656,p14358,61,24
28659,p14359,78,9
28662,p14360,15,27
28665,p14361,22,64
28668,p14362,85,5
28669,p14363,88,67
28671,p14364,41,91
28673,p14365,50,42
28676,p14366,50,48
28677,p14367,97,69
28678,p14368,5,15
28679,p14369,12,18
28680,p14370,56,85
28682,p14371,2,8
28683,p14372,76,12
28684,p14373,93,65
28687,p14374,48,26
28689,p14375,51,34
28690,p14376,73,17
28691,p14377,66,84
28692,p14378,8,37
28694,p14379,97,91
28697,p14380,52,6
28700,p14381,68,85
28702,p14382,92,29
28704,p14383,97,32
28706,p14384,24,96
28709,p14385,95,63
28712,p14386,35,5
28715,p14387,6,49
28716,p14388,37,36
28719,p14389,12,21
28721,p14390,28,82
28722,p14391,16,5
28724,p14392,96,37
28725,p14393,32,45
28726,p14394,54,64
28728,p14395,94,6
28731,p14396,79,5
28734,p14397,78,41
28736,p14398,10,78
28738,p14399,76,18
28740,p14400,16,68
28742,p14401,49,11
28743,p14402,63,57
28746,p14403,100,96
28748,p14404,1,27
28749,p14405,68,55
28752,p14406,64,15
28755,p14407,92,59
28757,p14408,11,77
28760,p14409,11,59
28763,p14410,48,18
28766,p14411,12,52
28767,p14412,33,67
28770,p14413,5,42
28771,p14414,67,3
28773,p14415,26,86
28774,p14416,42,2
28776,p14417,65,28
28779,p14418,66,99
28780,p14419,26,91
28781,p14420,37,42
28782,p14421,47,28
28783,p14422,34,41
28785,p14423,71,80
28788,p14424,91,78
28790,p14425,99,18
28791,p14426,37,58
28793,p14427,100,61
28796,p14428,2,85
28798,p14429,60,67
28800,p14430,41,84
28801,p14431,85,54
28802,p14432,28,12
28805,p14433,2,80
28807,p14434,60,84
28810,p14435,64,8
28813,p14436,68,78
28815,p14437,19,20
28818,p14438,94,25
28821,p14439,26,86
28822,p14440,20,34
28823,p14441,97,45
28824,p14442,17,60
28826,p14443,1,39
28827,p14444,56,76
28830,p14445,58,22
28832,p14446,10,48
28835,p14447,24,18
28837,p14448,83,61
28838,p14449,37,85
28840,p14450,23,46
28841,p14451,37,11
28844,p14452,91,51
28845,p14453,27,37
28847,p14454,70,38
28850,p14455,70,64
28853,p14456,99,63
28854,p14457,52,82
28857,p14458,82,96
28859,p14459,100,93
28860,p14460,100,45
28862,p14461,38,66
28863,p14462,97,60
28865,p14463,5,86
28867,p14464,61,4
28868,p14465,86,35
28870,p14466,54,95
28873,p14467,75,86
28874,p14468,28,79
28877,p14469,14,73
28879,p14470,21,54
28881,p14471,12,65
28883,p14472,56,49
28886,p14473,47,44
28888,p14474,25,81
28891,p14475,42,9
28894,p14476,82,46
28895,p14477,12,10
28898,p14478,64,68
28901,p14479,65,95
28903,p14480,27,67
28906,p14481,13,32
28909,p14482,43,78
28910,p14483,30,5
28913,p14484,75,79
28916,p14485,72,25
28917,p14486,78,23
28920,p14487,34,5
28923,p14488,31,48
28926,p14489,69,9
28927,p14490,63,74
28930,p14491,13,45
28933,p14492,27,72
28936,p14493,27,73
28938,p14494,74,21
28941,p14495,84,87
28942,p14496,91,9
28945,p14497,1,48
28947,p14498,4,29
28948,p14499,37,48
28949,p14500,15,55
28951,p14501,81,27
28952,p14502,87,62
28953,p14503,22,14
28956,p14504,58,35
28959,p14505,87,62
28961,p14506,1,58
28962,p14507,77,20
28963,p14508,32,78
28965,p14509,49,17
28968,p14510,14,82
28971,p14511,89,12
28972,p14512,52,66
28974,p14513,48,38
28975,p14514,72,2
28977,p14515,56,99
28979,p14516,64,88
28982,p14517,84,14
28985,p14518,21,8
28988,p14519,20,1
28989,p14520,48,97
28991,p14521,85,36
28994,p14522,23,53
28995,p14523,37,73
28997,p14524,48,85
28999,p14525,47,89
29002,p14526,93,63
29005,p14527,22,19
29007,p14528,62,47
29008,p14529,7,48
29011,p14530,38,4
29013,p14531,94,8
29016,p14532,19,59
29018,p14533,26,54
29021,p14534,2,63
29022,p14535,82,46
29025,p14536,83,52
29028,p14537,56,10
29030,p14538,11,97
29031,p14539,90,68
29032,p14540,19,88
29033,p14541,84,92
29036,p14542,45,87
29037,p14543,67,79
29039,p14544,59,26
29041,p14545,57,5
29043,p14546,11,40
29045,p14547,31,35
29048,p14548,11,44
29049,p14549,8,59
29052,p14550,43,77
29054,p14551,50,89
29057,p14552,2,34
29060,p14553,67,68
29062,p14554,84,16
29064,p14555,92,67
29066,p14556,70,39
29069,p14557,32,40
29072,p14558,88,65
29075,p14559,27,78
29078,p14560,46,8
29079,p14561,64,100
29082,p14562,51,79
29085,p14563,42,97
29086,p14564,55,54
29089,p14565,100,27
29091,p14566,10,94
29094,p14567,23,12
29096,p14568,93,94
29097,p14569,40,80
29098,p14570,94,92
29100,p14571,75,88
29102,p14572,7,91
29105,p14573,71,96
29106,p14574,51,54
29107,p14575,76,11
29110,p14576,75,87
29113,p14577,68,28
29116,p14578,76,19
29117,p14579,22,25
29119,p14580,94,68
29120,p14581,85,67
29123,p14582,66,75
29124,p14583,27,46
29127,p14584,29,5
29130,p14585,1,88
29132,p14586,60,45
29133,p14587,3,54
29134,p14588,59,6
29135,p14589,50,3
29137,p14590,15,56
29139,p14591,66,1
29141,p14592,80,69
29142,p14593,59,72
29143,p14594,66,48
29144,p14595,47,18
29146,p14596,61,18
29149,p14597,5,16
29151,p14598,22,49
29154,p14599,79,24
29155,p14600,73,22
29156,p14601,4,27
29158,p14602,33,43
29161,p14603,38,58
29164,p14604,49,48
29167,p14605,63,47
29169,p14606,74,48
29170,p14607,36,81
29172,p14608,32,15
29175,p14609,21,88
29176,p14610,88,31
29177,p14611,72,24
29178,p14612,40,70
29179,p14613,39,54
29181,p14614,55,74
29182,p14615,53,36
29184,p14616,64,99
29186,p14617,52,13
29187,p14618,35,78
29188,p14619,100,86
29191,p14620,28,95
29193,p14621,82,80
29196,p14622,27,41
29198,p14623,26,90
29199,p14624,31,52
29201,p14625,54,61
29204,p14626,5,27
29206,p14627,68,31
29207,p14628,41,9
29209,p14629,67,37
29212,p14630,99,92
29214,p14631,4,80
29216,p14632,70,36
29219,p14633,9,66
29220,p14634,61,76
29222,p14635,6,44
29223,p14636,47,42
29226,p14637,4,70
29228,p14638,16,75
29231,p14639,55,31
29233,p14640,55,5
29234,p14641,4,82
29235,p14642,16,82
29237,p14643,10,52
29238,p14644,78,33
29239,p14645,74,37
29242,p14646,95,8
29245,p14647,41,80
29246,p14648,54,91
29247,p14649,50,34
29250,p14650,43,12
29251,p14651,37,82
29254,p14652,28,74
29256,p14653,39,63
29257,p14654,7,54
29258,p14655,25,39
29259,p14656,44,61
29260,p14657,44,15
29262,p14658,55,5
29265,p14659,84,61
29268,p14660,46,71
29271,p14661,19,97
29273,p14662,35,68
29274,p14663,63,69
29277,p14664,18,2
29278,p14665,64,4
29279,p14666,44,34
29280,p14667,70,42
29282,p14668,22,79
29283,p14669,21,46
29284,p14670,36,62
29287,p14671,3,29
29289,p14672,43,5
29292,p14673,91,8
29293,p14674,36,18
29294,p14675,66,18
29296,p14676,90,97
29297,p14677,56,91
29299,p14678,31,78
29300,p14679,37,76
29302,p14680,58,51
29305,p14681,18,36
29306,p14682,92,58
29307,p14683,41,31
29309,p14684,8,5
29312,p14685,38,73
29314,p14686,94,15
29315,p14687,81,58
29318,p14688,74,71
29321,p14689,20,84
29323,p14690,85,81
29326,p14691,72,15
29327,p14692,71,63
29330,p14693,97,7
29333,p14694,68,31
29334,p14695,67,97
29337,p14696,56,28
29338,p14697,14,29
29340,p14698,51,63
29342,p14699,29,66
29344,p14700,1,68
29347,p14701,46,73
29349,p14702,53,19
29350,p14703,77,10
29351,p14704,22,21
29354,p14705,25,70
29357,p14706,68,5
29360,p14707,55,32
29361,p14708,8,84
29363,p14709,14,89
29365,p14710,41,63
29367,p14711,73,15
29368,p14712,13,21
29371,p14713,1,89
29372,p14714,32,81
29375,p14715,74,77
29377,p14716,14,30
29379,p14717,1,9
29381,p14718,47,65
29382,p14719,84,48
29384,p14720,1,13
29386,p14721,2,73
29389,p14722,100,98
29392,p14723,57,94
29394,p14724,77,56
29396,p14725,53,68
29399,p14726,16,23
29400,p14727,16,73
29402,p14728,41,3
29404,p14729,7,76
29406,p14730,16,67
29407,p14731,14,100
29409,p14732,21,1
29411,p14733,81,8
29414,p14734,59,48
29417,p14735,64,72
29420,p14736,49,76
29421,p14737,54,28
29423,p14738,71,43
29426,p14739,97,75
29429,p14740,34,21
29432,p14741,71,21
29433,p14742,21,51
29436,p14743,100,60
29437,p14744,73,87
29440,p14745,73,88
29442,p14746,85,62
29444,p14747,17,79
29445,p14748,65,12
29448,p14749,97,26
29450,p14750,42,36
29452,p14751,61,39
29453,p14752,88,69
29455,p14753,35,8
29457,p14754,24,36
29458,p14755,25,65
29460,p14756,22,84
29463,p14757,68,94
29464,p14758,5,68
29467,p14759,88,15
29468,p14760,12,13
29471,p14761,44,68
29472,p14762,36,55
29475,p14763,58,22
29476,p14764,74,49
29477,p14765,86,12
29478,p14766,77,34
29481,p14767,8,87
29482,p14768,85,17
29484,p14769,6,15
29486,p14770,33,18
29488,p14771,24,94
29489,p14772,30,35
29490,p14773,17,93
29493,p14774,45,97
29496,p14775,43,32
29499,p14776,99,52
29502,p14777,98,32
29505,p14778,70,63
29506,p14779,40,18
29508,p14780,64,85
29511,p14781,41,30
29512,p14782,41,23
29514,p14783,57,70
29515,p14784,8,64
29517,p14785,83,62
29519,p14786,57,51
29522,p14787,26,7
29525,p14788,20,33
29526,p14789,51,42
29529,p14790,91,62
29532,p14791,10,64
29535,p14792,72,26
29537,p14793,40,45
29538,p14794,34,85
29541,p14795,63,42
29543,p14796,95,36
29546,p14797,24,39
29547,p14798,18,30
29550,p14799,69,43
29551,p14800,85,19
29553,p14801,31,77
29554,p14802,15,13
29557,p14803,39,97
29560,p14804,63,52
29562,p14805,36,89
29565,p14806,93,66
29566,p14807,37,90
29567,p14808,27,30
29568,p14809,31,2
29569,p14810,40,46
29570,p14811,64,16
29572,p14812,87,60
29573,p14813,3,17
29576,p14814,48,15
29578,p14815,30,6
29580,p14816,16,90
29581,p14817,26,55
29583,p14818,28,54
29584,p14819,43,66
29586,p14820,10,66
29588,p14821,56,40
29591,p14822,82,55
29592,p14823,94,75
29593,p14824,47,22
29594,p14825,87,7
29595,p14826,14,59
29598,p14827,80,84
29599,p14828,81,14
29600,p14829,36,35
29603,p14830,94,87
29606,p14831,51,70
29608,p14832,82,46
29610,p14833,11,57
29613,p14834,29,18
29614,p14835,54,81
29616,p14836,96,17
29618,p14837,98,47
29620,p14838,54,77
29622,p14839,25,57
29623,p14840,28,74
29626,p14841,84,65
29629,p14842,81,61
29630,p14843,74,60
29631,p14844,11,98
29633,p14845,94,45
29634,p14846,31,91
29636,p14847,92,83
29637,p14848,88,62
29640,p14849,92,7
29643,p14850,37,80
29645,p14851,37,93
29648,p14852,47,43
29650,p14853,96,21
29653,p14854,27,96
29654,p14855,73,49
29657,p14856,46,36
29660,p14857,10,3
29662,p14858,40,9
29665,p14859,13,36
29666,p14860,27,18
29668,p14861,4,1
29671,p14862,18,44
29672,p14863,6,96
29673,p14864,30,3
29674,p14865,25,93
29676,p14866,27,26
29678,p14867,58,90
29681,p14868,51,67
29684,p14869,46,70
29687,p14870,24,21
29690,p14871,33,47
29691,p14872,46,95
29693,p14873,58,30
29694,p14874,36,81
29696,p14875,8,63
29699,p14876,80,83
29702,p14877,51,100
29703,p14878,44,30
29704,p14879,35,64
29706,p14880,3,47
29709,p14881,18,48
29712,p14882,56,50
29714,p14883,17,38
29716,p14884,19,65
29719,p14885,88,80
29721,p14886,66,61
29723,p14887,14,35
29724,p14888,3,33
29727,p14889,54,18
29730,p14890,29,52
29731,p14891,48,73
29734,p14892,10,55
29737,p14893,80,91
29738,p14894,1,54
29740,p14895,68,48
29742,p14896,24,29
29745,p14897,57,69
29747,p14898,36,14
29748,p14899,22,37
29750,p14900,75,97
29751,p14901,68,83
29754,p14902,38,22
29755,p14903,75,31
29758,p14904,35,78
29760,p14905,45,25
29763,p14906,2,26
29766,p14907,31,23
29768,p14908,55,65
29770,p14909,73,5
29771,p14910,18,81
29772,p14911,46,95
29774,p14912,91,9
29777,p14913,29,7
29778,p14914,26,100
29780,p14915,73,76
29781,p14916,86,13
29784,p14917,27,49
29786,p14918,16,59
29788,p14919,73,47
29789,p14920,40,91
29790,p14921,79,96
29792,p14922,37,17
29795,p14923,8,79
29796,p14924,37,11
29797,p14925,7,71
29800,p14926,43,5
29803,p14927,26,97
29805,p14928,60,89
29806,p14929,12,47
29807,p14930,86,61
29810,p14931,52,15
29811,p14932,99,41
29814,p14933,1,33
29816,p14934,84,33
29817,p14935,77,20
29819,p14936,61,99
29821,p14937,65,18
29823,p14938,39,81
29825,p14939,11,92
29828,p14940,90,63
29831,p14941,2,48
29834,p14942,5,23
29836,p14943,42,85
29837,p14944,40,81
29840,p14945,70,94
29843,p14946,70,94
29844,p14947,15,74
29847,p14948,87,75
29850,p14949,87,51
29853,p14950,14,38
29855,p14951,52,12
29857,p14952,72,3
29859,p14953,97,32
29861,p14954,87,74
29864,p14955,15,47
29865,p14956,73,49
29867,p14957,98,43
29870,p14958,30,28
29872,p14959,78,43
29873,p14960,41,46
29875,p14961,93,25
29877,p14962,55,49
29879,p14963,10,96
29881,p14964,41,91
29884,p14965,25,17
29885,p14966,7,45
29887,p14967,25,19
29890,p14968,79,36
29893,p14969,87,17
29895,p14970,53,45
29898,p14971,58,77
29901,p14972,35,14
29902,p14973,1,7
29905,p14974,80,15
29906,p14975,94,12
29907,p14976,54,51
29910,p14977,59,42
29913,p14978,37,36
29914,p14979,66,68
29917,p14980,30,25
29919,p14981,62,29
29922,p14982,78,80
29924,p14983,93,36
29927,p14984,20,66
29930,p14985,60,42
29932,p14986,61,13
29934,p14987,19,92
29937,p14988,46,38
29939,p14989,92,87
29941,p14990,42,86
29944,p14991,60,98
29946,p14992,68,7
29947,p14993,96,24
29948,p14994,84,71
29950,p14995,94,89
29951,p14996,56,17
29953,p14997,7,34
29956,p14998,50,76
29957,p14999,18,9
29960,p15000,6,86
29961,p15001,68,42
29964,p15002,18,54
29967,p15003,15,84
29968,p15004,79,54
29970,p15005,46,52
29972,p15006,28,44
29974,p15007,63,45
29976,p15008,53,41
29977,p15009,54,95
29978,p15010,65,33
29979,p15011,35,82
29980,p15012,21,6
29982,p15013,20,16
29983,p15014,16,57
29984,p15015,83,90
29987,p15016,61,52
29990,p15017,77,22
29991,p15018,92,29
29993,p15019,46,74
29995,p15020,92,77
29998,p15021,70,93
30001,p15022,29,52
30002,p15023,92,41
30005,p15024,67,64
30006,p15025,97,16
30007,p15026,54,34
30008,p15027,59,75
30011,p15028,51,67
30014,p15029,75,53
30016,p15030,12,27
30018,p15031,33,56
30019,p15032,100,64
30021,p15033,37,58
30022,p15034,2,73
30023,p15035,25,16
30026,p15036,76,27
30028,p15037,79,3
30030,p15038,61,79
30032,p15039,81,77
30034,p15040,1,98
30036,p15041,86,47
30039,p15042,10,9
30040,p15043,31,83
30042,p15044,20,94
30045,p15045,80,37
30047,p15046,95,37
30049,p15047,23,38
30052,p15048,52,74
30053,p15049,31,84
30055,p15050,8,83
30056,p15051,60,27
30058,p15052,78,46
30061,p15053,39,46
30062,p15054,58,70
30064,p15055,33,37
30066,p15056,19,94
30068,p15057,67,85
30071,p15058,27,97
30072,p15059,66,41
30073,p15060,60,46
30074,p15061,92,77
30077,p15062,60,8
30079,p15063,26,2
30082,p15064,55,24
30084,p15065,10,73
30085,p15066,33,81
30086,p15067,73,84
30087,p15068,42,11
30090,p15069,1,96
30092,p15070,67,96
30093,p15071,50,84
30096,p15072,13,4
30098,p15073,58,64
30101,p15074,21,75
30103,p15075,14,60
30106,p15076,37,31
30109,p15077,4,5
30111,p15078,99,80
30114,p15079,64,49
30117,p15080,23,33
30119,p15081,26,70
30122,p15082,68,85
30125,p15083,74,59
30128,p15084,41,52
30130,p15085,98,28
30131,p15086,7,53
30133,p15087,22,15
30136,p15088,87,34
30139,p15089,88,30
30142,p15090,75,69
30145,p15091,61,4
30147,p15092,32,60
30149,p15093,80,70
30151,p15094,25,48
30154,p15095,51,98
30155,p15096,80,1
30157,p15097,93,7
30159,p15098,84,69
30160,p15099,88,85
30163,p15100,17,73
30166,p15101,89,34
30169,p15102,70,8
30171,p15103,41,51
30172,p15104,95,66
30174,p15105,52,11
30175,p15106,57,23
30177,p15107,10,86
30180,p15108,31,96
30183,p15109,10,49
30186,p15110,100,7
30188,p15111,92,53
30190,p15112,88,86
30192,p15113,22,43
30194,p15114,83,6
30196,p15115,41,35
30198,p15116,44,54
30201,p15117,70,50
30204,p15118,93,38
30205,p15119,37,94
30208,p15120,28,46
30209,p15121,8,82
30212,p15122,6,23
30214,p15123,9,95
30215,p15124,74,33
30216,p15125,43,71
30218,p15126,93,26
30219,p15127,85,61
30222,p15128,45,5
30223,p15129,18,11
30225,p15130,63,65
30226,p15131,67,94
30229,p15132,42,73
30231,p15133,53,43
30234,p15134,39,100
30236,p15135,47,72
30238,p15136,14,4
30241,p15137,36,30
30243,p15138,39,46
30246,p15139,64,87
30248,p15140,12,62
30249,p15141,78,13
30252,p15142,75,95
30253,p15143,52,46
30256,p15144,40,77
30258,p15145,48,5
30261,p15146,39,36
30264,p15147,45,79
30265,p15148,43,70
30266,p15149,73,58
30269,p15150,24,79
30272,p15151,66,41
30275,p15152,10,23
30276,p15153,39,87
30278,p15154,67,49
30281,p15155,76,1
30284,p15156,17,61
30286,p15157,97,79
30289,p15158,45,88
30292,p15159,87,72
30294,p15160,28,20
30296,p15161,33,92
30298,p15162,8,48
30301,p15163,78,93
30303,p15164,27,28
30305,p15165,53,61
30306,p15166,26,83
30308,p15167,97,54
30310,p15168,69,11
30311,p15169,48,92
30312,p15170,76,25
30313,p15171,63,29
30315,p15172,53,52
30318,p15173,70,18
30320,p15174,81,41
30323,p15175,74,30
30324,p15176,63,22
30326,p15177,15,3
30329,p15178,80,34
30332,p15179,100,32
30334,p15180,44,75
30335,p15181,63,66
30336,p15182,35,64
30337,p15183,62,66
30338,p15184,25,24
30341,p15185,23,35
30342,p15186,55,81
30343,p15187,49,77
30345,p15188,87,75
30348,p15189,45,76
30349,p15190,57,52
30351,p15191,42,37
30354,p15192,16,13
30356,p15193,38,60
30359,p15194,55,39
30362,p15195,50,79
30363,p15196,16,7
30365,p15197,5,30
30368,p15198,2,44
30371,p15199,42,7
30373,p15200,65,76
30376,p15201,90,45
30379,p15202,90,74
30381,p15203,36,90
30382,p15204,92,20
30383,p15205,33,75
30385,p15206,75,11
30387,p15207,48,93
30389,p15208,6,7
30391,p15209,85,22
30392,p15210,24,97
30395,p15211,39,48
30397,p15212,41,62
30399,p15213,89,92
30400,p15214,50,88
30402,p15215,7,68
30403,p15216,80,34
30406,p15217,48,92
30409,p15218,78,26
30410,p15219,86,64
30412,p15220,61,4
30414,p15221,3,27
30415,p15222,86,55
30416,p15223,16,90
30417,p15224,94,82
30420,p15225,75,24
30421,p15226,44,46
30423,p15227,57,29
30424,p15228,43,68
30427,p15229,66,86
30429,p15230,80,34
30432,p15231,50,65
30434,p15232,78,100
30435,p15233,59,10
30436,p15234,82,78
30438,p15235,95,67
30439,p15236,49,83
30440,p15237,59,12
30442,p15238,35,88
30444,p15239,72,18
30446,p15240,100,71
30447,p15241,99,31
30449,p15242,96,24
30450,p15243,20,12
30452,p15244,77,99
30453,p15245,87,90
30455,p15246,49,58
30457,p15247,76,17
30459,p15248,24,19
30460,p15249,81,51
30461,p15250,89,40
30463,p15251,15,47
30466,p15252,46,54
30469,p15253,93,55
30472,p15254,100,95
30475,p15255,95,61
30476,p15256,45,26
30479,p15257,33,82
30481,p15258,37,16
30482,p15259,49,94
30484,p15260,44,24
30487,p15261,99,24
30488,p15262,93,94
30491,p15263,45,86
30492,p15264,85,93
30493,p15265,69,99
30494,p15266,3,56
30496,p15267,24,39
30499,p15268,37,52
30500,p15269,13,47
30501,p15270,77,24
30503,p15271,96,23
30506,p15272,24,71
30507,p15273,21,2
30510,p15274,39,90
30512,p15275,44,43
30514,p15276,61,31
30515,p15277,57,55
30516,p15278,45,27
30517,p15279,66,43
30520,p15280,87,2
30521,p15281,36,42
30523,p15282,68,53
30524,p15283,46,13
30527,p15284,27,77
30530,p15285,96,89
30533,p15286,67,50
30536,p15287,78,69
30538,p15288,36,63
30540,p15289,72,100
30543,p15290,52,46
30546,p15291,35,14
30548,p15292,22,53
30549,p15293,1,86
30550,p15294,61,16
30551,p15295,28,30
30552,p15296,55,9
30555,p15297,82,89
30557,p15298,75,32
30559,p15299,33,12
30561,p15300,34,95
30562,p15301,30,90
30565,p15302,76,62
30566,p15303,59,100
30568,p15304,89,17
30571,p15305,59,4
30574,p15306,50,89
30575,p15307,6,65
30577,p15308,76,55
30579,p15309,82,21
30580,p15310,86,70
30581,p15311,41,15
30582,p15312,72,23
30584,p15313,96,100
30586,p15314,45,18
30589,p15315,65,60
30591,p15316,53,10
30592,p15317,39,94
30593,p15318,15,51
30595,p15319,65,71
30598,p15320,56,51
30601,p15321,28,2
30602,p15322,96,40
30604,p15323,17,90
30605,p15324,54,96
30606,p15325,45,89
30607,p15326,98,67
30609,p15327,76,64
30611,p15328,64,70
30612,p15329,95,93
30614,p15330,92,15
30615,p15331,17,46
30618,p15332,50,30
30620,p15333,25,70
30622,p15334,57,33
30624,p15335,86,82
30627,p15336,12,21
30628,p15337,86,77
30631,p15338,45,22
30632,p15339,17,87
30635,p15340,86,3
30636,p15341,57,45
30637,p15342,43,56
30638,p15343,30,11
30641,p15344,68,77
30642,p15345,56,17
30643,p15346,1,95
30644,p15347,12,70
30646,p15348,80,67
30649,p15349,71,7
30652,p15350,62,96
30653,p15351,53,99
30654,p15352,16,25
30655,p15353,11,7
30656,p15354,97,19
30659,p15355,67,1
30661,p15356,41,68
30662,p15357,59,76
30663,p15358,79,87
30666,p15359,13,83
30667,p15360,62,68
30668,p15361,59,6
30669,p15362,16,26
30670,p15363,95,89
30671,p15364,76,19
30672,p15365,56,38
30675,p15366,34,15
30677,p15367,87,92
30679,p15368,78,89
30680,p15369,56,82
30683,p15370,44,34
30685,p15371,22,46
30686,p15372,61,78
30688,p15373,91,65
30690,p15374,37,96
30692,p15375,4,33
30693,p15376,31,72
30694,p15377,88,77
30696,p15378,83,87
30697,p15379,17,96
30699,p15380,31,89
30701,p15381,20,56
30704,p15382,23,99
30706,p15383,59,10
30707,p15384,51,43
30710,p15385,26,88
30712,p15386,6,76
30713,p15387,83,75
30714,p15388,54,32
30716,p15389,58,11
30717,p15390,4,81
30718,p15391,49,34
30721,p15392,29,43
30723,p15393,90,40
30726,p15394,92,41
30729,p15395,92,23
30732,p15396,38,23
30733,p15397,81,31
30735,p15398,76,46
30737,p15399,16,5
30738,p15400,15,59
30741,p15401,49,17
30742,p15402,99,98
30745,p15403,100,66
30747,p15404,46,12
30748,p15405,94,44
30751,p15406,10,89
30752,p15407,94,69
30754,p15408,61,84
30756,p15409,17,77
30759,p15410,13,99
30761,p15411,1,10
30764,p15412,70,58
30767,p15413,78,57
30769,p15414,89,8
30772,p15415,7,76
30774,p15416,27,59
30775,p15417,47,16
30777,p15418,48,1
30778,p15419,61,6
30781,p15420,14,34
30783,p15421,3,5
30785,p15422,79,4
30787,p15423,97,6
30788,p15424,73,36
30790,p15425,56,29
30792,p15426,97,6
30795,p15427,99,80
30797,p15428,74,6
30798,p15429,34,37
30801,p15430,17,39
30804,p15431,67,3
30806,p15432,95,35
30808,p15433,71,92
30810,p15434,71,31
30811,p15435,6,78
30814,p15436,57,14
30816,p15437,40,10
30817,p15438,29,51
30818,p15439,19,44
30819,p15440,88,58
30820,p15441,24,4
30823,p15442,33,27
30825,p15443,84,23
30826,p15444,10,74
30828,p15445,14,24
30830,p15446,16,25
30833,p15447,56,52
30836,p15448,75,87
30838,p15449,69,75
30839,p15450,36,24
30842,p15451,11,87
30844,p15452,99,43
30845,p15453,77,100
30848,p15454,22,51
30851,p15455,15,23
30852,p15456,21,32
30855,p15457,3,75
30856,p15458,56,15
30859,p15459,89,96
30862,p15460,60,69
30864,p15461,95,82
30866,p15462,1,35
30869,p15463,16,93
30870,p15464,83,9
30873,p15465,62,3
30874,p15466,84,95
30877,p15467,44,19
30879,p15468,88,70
30882,p15469,86,77
30884,p15470,93,66
30887,p15471,99,26
30889,p15472,60,54
30890,p15473,42,1
30891,p15474,71,58
30892,p15475,71,69
30894,p15476,50,56
30895,p15477,29,14
30898,p15478,74,75
30900,p15479,9,79
30903,p15480,94,21
30904,p15481,74,48
30906,p15482,39,26
30907,p15483,18,31
30909,p15484,47,93
30910,p15485,21,26
30912,p15486,77,29
30913,p15487,74,59
30914,p15488,59,78
30915,p15489,11,74
30917,p15490,90,26
30920,p15491,88,34
30922,p15492,38,51
30924,p15493,79,7
30925,p15494,7,80
30926,p15495,14,6
30928,p15496,31,95
30930,p15497,73,67
30932,p15498,43,84
30934,p15499,88,92
30935,p15500,78,7
30937,p15501,80,93
30939,p15502,1,88
30941,p15503,50,60
30943,p15504,52,15
30944,p15505,15,79
30945,p15506,72,13
30948,p15507,89,31
30951,p15508,71,16
30953,p15509,95,21
30955,p15510,14,97
30956,p15511,20,80
30958,p15512,19,89
30959,p15513,62,40
30962,p15514,32,59
30965,p15515,76,20
30967,p15516,61,59
30970,p15517,15,4
30971,p15518,52,92
30974,p15519,12,28
30976,p15520,72,45
30977,p15521,88,11
30980,p15522,85,36
30983,p15523,65,76
30985,p15524,81,85
30987,p15525,31,38
30990,p15526,94,1
30991,p15527,59,5
30993,p15528,75,8
30995,p15529,77,22
30998,p15530,53,91
31000,p15531,85,93
31003,p15532,39,91
31005,p15533,94,65
31008,p15534,20,37
31009,p15535,68,86
31010,p15536,11,97
31011,p15537,63,2
31012,p15538,38,35
31015,p15539,9,71
31017,p15540,96,78
31019,p15541,98,29
31022,p15542,93,96
31025,p15543,23,9
31027,p15544,39,100
31030,p15545,3,23
31033,p15546,97,34
31034,p15547,70,45
31036,p15548,30,5
31039,p15549,59,1
31040,p15550,53,5
31042,p15551,51,59
31043,p15552,39,64
31044,p15553,47,24
31046,p15554,39,7
31048,p15555,66,57
31051,p15556,18,41
31052,p15557,59,67
31055,p15558,77,79
31057,p15559,4,40
31059,p15560,69,71
31061,p15561,11,92
31064,p15562,100,30
31065,p15563,54,85
31067,p15564,5,68
31070,p15565,66,98
31073,p15566,96,80
31074,p15567,61,26
31077,p15568,38,62
31078,p15569,94,51
31080,p15570,44,84
31082,p15571,100,19
31085,p15572,93,49
31088,p15573,60,49
31091,p15574,37,8
31092,p15575,66,92
31095,p15576,85,54
31097,p15577,49,73
31100,p15578,75,37
31103,p15579,38,71
31106,p15580,58,49
31108,p15581,88,47
31109,p15582,5,43
31110,p15583,64,79
31113,p15584,62,17
31115,p15585,47,10
31116,p15586,34,93
31119,p15587,29,63
31122,p15588,83,44
31124,p15589,87,70
31127,p15590,2,25
31130,p15591,94,57
31131,p15592,90,50
31133,p15593,56,17
31134,p15594,76,52
31135,p15595,70,74
31136,p15596,49,7
31138,p15597,44,47
31139,p15598,60,10
31141,p15599,85,8
31143,p15600,81,1
31146,p15601,10,4
31147,p15602,72,56
31150,p15603,92,54
31152,p15604,70,87
31154,p15605,84,13
31156,p15606,7,92
31159,p15607,47,27
31162,p15608,53,37
31164,p15609,56,7
31166,p15610,43,8
31168,p15611,9,54
31171,p15612,35,12
31174,p15613,28,38
31177,p15614,14,88
31179,p15615,5,57
31181,p15616,66,3
31183,p15617,17,46
31185,p15618,71,10
31187,p15619,93,27
31189,p15620,53,76
31190,p15621,45,33
31193,p15622,57,93
31195,p15623,8,16
31196,p15624,7,18
31197,p15625,63,72
31199,p15626,39,47
31201,p15627,83,30
31204,p15628,10,85
31206,p15629,42,80
31207,p15630,73,48
31208,p15631,64,47
31210,p15632,45,40
31212,p15633,63,92
31214,p15634,64,74
31217,p15635,98,27
31219,p15636,4,56
31222,p15637,8,49
31223,p15638,27,68
31224,p15639,7,50
31225,p15640,80,2
31226,p15641,85,52
31228,p15642,64,14
31230,p15643,40,44
31231,p15644,96,42
31232,p15645,1,30
31233,p15646,52,21
31236,p15647,20,70
31238,p15648,15,76
31240,p15649,74,44
31242,p15650,62,37
31245,p15651,69,77
31247,p15652,98,58
31249,p15653,72,38
31250,p15654,18,54
31253,p15655,42,66
31255,p15656,62,100
31257,p15657,79,83
31258,p15658,63,70
31261,p15659,2,51
31262,p15660,86,64
31264,p15661,2,54
31265,p15662,94,57
31267,p15663,34,15
31268,p15664,70,6
31269,p15665,32,49
31272,p15666,14,18
31273,p15667,63,65
31274,p15668,19,29
31275,p15669,43,80
31277,p15670,66,35
31279,p15671,7,59
31282,p15672,24,63
31283,p15673,72,36
31284,p15674,49,39
31287,p15675,29,58
31288,p15676,85,58
31291,p15677,26,14
31293,p15678,41,69
31295,p15679,73,62
31296,p15680,96,95
31297,p15681,83,2
31300,p15682,90,71
31301,p15683,67,10
31303,p15684,34,74
31306,p15685,96,95
31308,p15686,56,84
31310,p15687,34,94
31311,p15688,2,84
31314,p15689,45,6
31316,p15690,47,50
31319,p15691,52,51
31322,p15692,95,71
31324,p15693,98,57
31327,p15694,91,73
31329,p15695,41,80
31330,p15696,70,10
31332,p15697,25,97
31335,p15698,68,16
31338,p15699,40,78
31340,p15700,27,60
31341,p15701,15,88
31342,p15702,18,63
31344,p15703,92,40
31347,p15704,74,28
31348,p15705,94,51
31351,p15706,53,7
31352,p15707,35,65
31355,p15708,23,86
31358,p15709,30,78
31361,p15710,1,35
31364,p15711,80,68
31365,p15712,26,85
31366,p15713,76,60
31368,p15714,46,10
31371,p15715,86,72
31372,p15716,87,9
31374,p15717,86,63
31377,p15718,54,36
31379,p15719,7,82
31380,p15720,89,65
31381,p15721,82,77
31382,p15722,54,68
31383,p15723,86,79
31384,p15724,90,37
31386,p15725,92,46
31388,p15726,57,7
31390,p15727,60,31
31393,p15728,26,10
31395,p15729,14,56
31397,p15730,96,19
31400,p15731,58,15
31403,p15732,18,59
31404,p15733,3,70
31406,p15734,3,52
31409,p15735,46,92
31411,p15736,70,54
31412,p15737,2,89
31413,p15738,73,48
31414,p15739,50,8
31415,p15740,19,51
31416,p15741,5,57
31417,p15742,87,43
31420,p15743,19,2
31422,p15744,62,81
31423,p15745,56,85
31425,p15746,30,56
31427,p15747,45,82
31428,p15748,86,8
31429,p15749,49,100
31430,p15750,25,10
31431,p15751,55,59
31432,p15752,56,46
31433,p15753,37,24
31434,p15754,24,93
31437,p15755,67,31
31438,p15756,65,57
31439,p15757,10,90
31441,p15758,96,83
31444,p15759,56,27
31445,p15760,65,5
31446,p15761,72,41
31449,p15762,62,89
31452,p15763,23,69
31454,p15764,75,50
31455,p15765,28,96
31458,p15766,17,34
31460,p15767,85,71
31462,p15768,2,27
31464,p15769,18,58
31467,p15770,9,86
31469,p15771,36,14
31472,p15772,75,39
31475,p15773,78,53
31477,p15774,69,9
31478,p15775,77,52
31479,p15776,43,39
31482,p15777,88,1
31483,p15778,17,40
31484,p15779,32,48
31486,p15780,32,55
31487,p15781,43,27
31490,p15782,56,76
31492,p15783,21,26
31493,p15784,26,15
31494,p15785,97,27
31496,p15786,97,79
31499,p15787,36,42
31500,p15788,100,95
31503,p15789,84,20
31505,p15790,6,20
31508,p15791,82,34
31510,p15792,64,38
31512,p15793,39,95
31515,p15794,9,11
31517,p15795,78,80
31519,p15796,46,91
31522,p15797,70,56
31524,p15798,52,96
31527,p15799,47,33
31528,p15800,90,70
31530,p15801,65,35
31532,p15802,10,33
31533,p15803,45,59
31536,p15804,87,29
31537,p15805,26,74
31540,p15806,38,46
31543,p15807,72,86
31544,p15808,2,100
31545,p15809,24,17
31546,p15810,55,15
31548,p15811,71,17
31550,p15812,95,12
31552,p15813,58,76
31553,p15814,15,24
31555,p15815,37,61
31558,p15816,100,75
31560,p15817,96,65
31562,p15818,49,36
31564,p15819,86,52
31567,p15820,81,68
31569,p15821,17,66
31571,p15822,1,34
31574,p15823,93,89
31577,p15824,84,80
31578,p15825,59,67
31580,p15826,13,4
31583,p15827,59,44
31586,p15828,82,25
31588,p15829,63,57
31591,p15830,95,94
31592,p15831,91,46
31593,p15832,76,31
31594,p15833,24,58
31597,p15834,86,64
31598,p15835,81,46
31600,p15836,72,47
31602,p15837,30,88
31603,p15838,91,50
31605,p15839,30,33
31606,p15840,83,82
31609,p15841,96,9
31612,p15842,75,43
31615,p15843,30,93
31617,p15844,14,68
31620,p15845,33,3
31622,p15846,76,55
31624,p15847,84,73
31627,p15848,39,15
31628,p15849,24,57
31631,p15850,29,42
31633,p15851,40,97
31634,p15852,85,4
31637,p15853,38,35
31639,p15854,33,30
31641,p15855,27,45
31643,p15856,54,58
31645,p15857,75,83
31648,p15858,41,46
31651,p15859,73,14
31654,p15860,81,47
31655,p15861,14,53
31657,p15862,2,86
31658,p15863,20,70
31659,p15864,44,85
31662,p15865,26,64
31665,p15866,11,75
31666,p15867,12,20
31668,p15868,48,58
31670,p15869,49,8
31672,p15870,66,33
31675,p15871,16,7
31678,p15872,58,19
31680,p15873,16,78
31683,p15874,28,3
31686,p15875,71,60
31687,p15876,52,17
31690,p15877,32,10
31691,p15878,84,37
31692,p15879,35,83
31694,p15880,65,89
31695,p15881,27,8
31697,p15882,58,68
31698,p15883,48,31
31701,p15884,100,2
31702,p15885,78,57
31703,p15886,20,41
31704,p15887,16,77
31707,p15888,35,33
31709,p15889,72,7
31712,p15890,63,46
31714,p15891,29,56
31715,p15892,69,95
31716,p15893,92,75
31717,p15894,61,2
31718,p15895,97,75
31719,p15896,84,13
31722,p15897,55,65
31723,p15898,11,55
31726,p15899,70,21
31729,p15900,66,14
31730,p15901,34,85
31732,p15902,31,59
31733,p15903,63,75
31734,p15904,36,18
31735,p15905,10,73
31738,p15906,17,11
31739,p15907,8,59
31741,p15908,61,44
31744,p15909,15,11
31745,p15910,45,78
31748,p15911,41,62
31751,p15912,51,44
31752,p15913,29,74
31753,p15914,87,71
31754,p15915,87,81
31757,p15916,72,14
31758,p15917,39,36
31761,p15918,100,84
31763,p15919,26,39
31766,p15920,88,75
31768,p15921,67,12
31770,p15922,1,32
31773,p15923,58,31
31774,p15924,95,7
31775,p15925,96,46
31778,p15926,39,79
31780,p15927,44,99
31782,p15928,99,7
31783,p15929,27,76
31785,p15930,71,77
31786,p15931,71,67
31789,p15932,54,55
31791,p15933,15,84
31792,p15934,13,55
31795,p15935,8,1
31798,p15936,11,87
31800,p15937,53,46
31802,p15938,55,54
31805,p15939,8,18
31806,p15940,51,9
31807,p15941,19,44
31808,p15942,47,44
31811,p15943,41,32
31814,p15944,4,14
31815,p15945,17,87
31816,p15946,77,80
31819,p15947,21,96
31820,p15948,67,8
31821,p15949,79,100
31822,p15950,21,84
31824,p15951,87,90
31827,p15952,27,1
31828,p15953,93,35
31830,p15954,50,36
31832,p15955,60,51
31834,p15956,82,71
31836,p15957,83,31
31837,p15958,84,60
31839,p15959,1,56
31840,p15960,82,71
31843,p15961,72,83
31845,p15962,28,1
31846,p15963,23,91
31848,p15964,82,35
31851,p15965,68,80
31854,p15966,52,11
31856,p15967,43,61
31857,p15968,67,4
31860,p15969,95,43
31863,p15970,23,85
31864,p15971,61,24
31865,p15972,9,13
31868,p15973,96,73
31871,p15974,5,75
31873,p15975,68,74
31876,p15976,5,82
31879,p15977,36,39
31881,p15978,98,9
31882,p15979,100,53
31884,p15980,3,60
31885,p15981,79,89
31886,p15982,22,21
31887,p15983,17,86
31888,p15984,68,66
31891,p15985,81,59
31894,p15986,83,26
31895,p15987,78,84
31896,p15988,78,24
31898,p15989,43,8
31899,p15990,40,47
31900,p15991,49,33
31903,p15992,5,81
31905,p15993,41,42
31907,p15994,96,59
31910,p15995,7,55
31911,p15996,40,73
31912,p15997,20,1
31915,p15998,33,99
31916,p15999,50,72
31917,p16000,19,41
31920,p16001,48,99
31921,p16002,61,6
31923,p16003,42,91
31925,p16004,47,88
31926,p16005,89,41
31929,p16006,66,15
31930,p16007,22,95
31932,p16008,78,64
31934,p16009,88,57
31935,p16010,64,14
31937,p16011,53,57
31939,p16012,80,75
31942,p16013,59,67
31943,p16014,90,33
31945,p16015,78,86
31946,p16016,96,65
31948,p16017,29,64
31949,p16018,27,30
31952,p16019,99,57
31955,p16020,34,71
31958,p16021,62,54
31960,p16022,85,91
31962,p16023,27,1
31965,p16024,67,74
31968,p16025,84,8
31971,p16026,97,38
31972,p16027,41,23
31973,p16028,70,71
31976,p16029,10,8
31979,p16030,14,11
31981,p16031,66,87
31982,p16032,23,11
31984,p16033,36,12
31987,p16034,69,26
31988,p16035,85,34
31991,p16036,57,92
31993,p16037,56,74
31996,p16038,30,100
31997,p16039,32,47
31998,p16040,85,40
32001,p16041,47,32
32002,p16042,95,31
32004,p16043,25,96
32005,p16044,7,86
32007,p16045,76,17
32008,p16046,83,9
32011,p16047,28,67
32012,p16048,86,49
32015,p16049,58,91
32016,p16050,50,49
32018,p16051,45,86
32019,p16052,19,93
32022,p16053,23,79
32023,p16054,78,57
32025,p16055,90,95
32028,p16056,86,87
32031,p16057,53,24
32034,p16058,39,44
32037,p16059,86,88
32039,p16060,4,70
32040,p16061,31,87
32041,p16062,60,53
32043,p16063,21,46
32044,p16064,29,76
32047,p16065,93,98
32048,p16066,23,41
32051,p16067,20,58
32054,p16068,57,91
32055,p16069,73,13
32056,p16070,29,84
32058,p16071,10,73
32059,p16072,56,67
32061,p16073,31,44
32063,p16074,73,79
32065,p16075,24,16
32067,p16076,24,88
32070,p16077,99,14
32072,p16078,53,89
32073,p16079,100,45
32074,p16080,9,35
32076,p16081,58,62
32078,p16082,62,81
32079,p16083,37,4
32082,p16084,6,96
32084,p16085,74,46
32087,p16086,66,36
32088,p16087,2,26
32091,p16088,42,8
32093,p16089,98,97
32096,p16090,96,52
32099,p16091,61,64
32102,p16092,85,82
32103,p16093,6,66
32105,p16094,23,39
32108,p16095,22,38
32110,p16096,33,39
32112,p16097,62,61
32115,p16098,41,58
32117,p16099,13,86
32120,p16100,6,22
32121,p16101,17,46
32122,p16102,85,84
32123,p16103,57,1
32125,p16104,14,54
32126,p16105,31,65
32128,p16106,63,77
32129,p16107,70,86
32132,p16108,52,95
32133,p16109,22,32
32134,p16110,84,37
32135,p16111,16,22
32138,p16112,80,2
32139,p16113,90,54
32140,p16114,40,75
32141,p16115,41,8
32143,p16116,93,70
32144,p16117,90,33
32147,p16118,71,80
32148,p16119,63,68
32151,p16120,64,3
32152,p16121,56,42
32154,p16122,82,32
32155,p16123,43,1
32156,p16124,1,26
32158,p16125,88,82
32159,p16126,40,63
32160,p16127,54,13
32161,p16128,53,80
32164,p16129,61,76
32165,p16130,89,82
32168,p16131,52,78
32170,p16132,13,52
32173,p16133,9,100
32175,p16134,32,82
32178,p16135,46,37
32181,p16136,19,34
32182,p16137,10,74
32185,p16138,7,62
32188,p16139,19,21
32191,p16140,15,60
32194,p16141,80,15
32195,p16142,90,95
32198,p16143,11,22
32200,p16144,50,45
32202,p16145,23,79
32204,p16146,78,33
32205,p16147,73,28
32206,p16148,27,56
32207,p16149,42,14
32210,p16150,15,66
32212,p16151,50,32
32214,p16152,43,35
32215,p16153,39,100
32218,p16154,74,48
32219,p16155,88,80
32220,p16156,17,67
32222,p16157,7,76
32224,p16158,45,18
32227,p16159,8,75
32229,p16160,62,55
32230,p16161,6,94
32232,p16162,13,3
32234,p16163,43,28
32235,p16164,99,11
32238,p16165,20,28
32240,p16166,52,10
32242,p16167,55,97
32244,p16168,67,60
32247,p16169,71,66
32248,p16170,60,89
32251,p16171,58,38
32254,p16172,45,71
32257,p16173,79,61
32258,p16174,72,99
32259,p16175,13,53
32262,p16176,42,7
32265,p16177,26,89
32266,p16178,22,26
32268,p16179,91,20
32270,p16180,57,3
32273,p16181,27,89
32276,p16182,76,17
32279,p16183,84,63
32281,p16184,53,2
32282,p16185,26,74
32284,p16186,1,26
32285,p16187,92,10
32288,p16188,44,99
32289,p16189,3,75
32292,p16190,10,71
32295,p16191,93,3
32298,p16192,98,27
32301,p16193,23,78
32304,p16194,28,51
32305,p16195,39,50
32307,p16196,86,52
32310,p16197,78,20
32312,p16198,3,83
32315,p16199,90,5
32317,p16200,78,30
32319,p16201,10,58
32320,p16202,81,80
32322,p16203,54,41
32323,p16204,23,14
32325,p16205,21,24
32328,p16206,87,76
32329,p16207,65,24
32332,p16208,66,87
32335,p16209,81,46
32338,p16210,53,75
32339,p16211,79,32
32342,p16212,90,94
32345,p16213,60,78
32348,p16214,90,57
32351,p16215,56,87
32354,p16216,49,63
32356,p16217,18,95
32357,p16218,1,55
32359,p16219,35,83
32361,p16220,89,62
32362,p16221,29,98
32364,p16222,99,96
32367,p16223,35,31
32370,p16224,92,67
32371,p16225,37,91
32372,p16226,29,53
32375,p16227,47,68
32376,p16228,10,29
32378,p16229,96,34
32381,p16230,55,1
32384,p16231,21,66
32385,p16232,2,20
32386,p16233,29,9
32389,p16234,97,44
32390,p16235,99,36
32392,p16236,5,96
32394,p16237,99,36
32395,p16238,43,56
32398,p16239,83,60
32399,p16240,53,63
32401,p16241,57,95
32404,p16242,57,53
32406,p16243,97,32
32408,p16244,38,3
32410,p16245,90,94
32411,p16246,41,21
32412,p16247,31,34
32413,p16248,71,35
32415,p16249,14,60
32417,p16250,50,88
32419,p16251,46,97
32422,p16252,37,10
32425,p16253,79,25
32427,p16254,57,43
32429,p16255,25,52
32431,p16256,73,77
32433,p16257,58,98
32434,p16258,15,44
32435,p16259,34,66
32436,p16260,68,73
32438,p16261,41,30
32439,p16262,83,23
32440,p16263,24,36
32441,p16264,96,22
32444,p16265,84,58
32445,p16266,26,98
32448,p16267,60,17
32450,p16268,92,22
32452,p16269,55,61
32455,p16270,64,15
32456,p16271,88,72
32458,p16272,80,64
32459,p16273,47,67
32461,p16274,24,52
32464,p16275,36,37
32467,p16276,100,75
32468,p16277,99,14
32470,p16278,92,17
32471,p16279,30,84
32473,p16280,29,11
32476,p16281,25,33
32479,p16282,67,33
32481,p16283,85,88
32484,p16284,6,45
32486,p16285,49,95
32488,p16286,21,47
32489,p16287,40,90
32492,p16288,38,48
32495,p16289,74,45
32496,p16290,8,17
32498,p16291,72,27
32500,p16292,25,58
32501,p16293,77,98
32502,p16294,97,59
32504,p16295,46,91
32505,p16296,36,56
32507,p16297,8,65
32509,p16298,76,77
32511,p16299,26,90
32512,p16300,47,56
32513,p16301,12,13
32516,p16302,92,64
32517,p16303,12,10
32520,p16304,65,41
32521,p16305,93,69
32524,p16306,45,14
32525,p16307,54,38
32526,p16308,65,47
32528,p16309,97,76
32529,p16310,25,64
32530,p16311,77,78
32531,p16312,72,17
32534,p16313,1,93
32537,p16314,34,88
32539,p16315,40,54
32540,p16316,98,84
32543,p16317,97,25
32544,p16318,41,90
32547,p16319,15,12
32550,p16320,76,72
32552,p16321,4,84
32554,p16322,40,98
32556,p16323,77,46
32559,p16324,98,10
32560,p16325,77,26
32563,p16326,4,63
32565,p16327,37,74
32566,p16328,90,57
32569,p16329,94,95
32572,p16330,59,70
32574,p16331,98,25
32577,p16332,79,87
32580,p16333,43,47
32582,p16334,32,11
32583,p16335,80,25
32585,p16336,70,59
32586,p16337,63,71
32587,p16338,94,72
32588,p16339,55,37
32589,p16340,4,51
32591,p16341,88,84
32593,p16342,23,6
32594,p16343,57,26
32596,p16344,27,39
32599,p16345,7,83
32601,p16346,43,23
32604,p16347,43,2
32605,p16348,66,3
32606,p16349,100,43
32607,p16350,37,77
32610,p16351,98,45
32612,p16352,13,70
32613,p16353,78,66
32616,p16354,11,40
32619,p16355,77,71
32620,p16356,42,50
32623,p16357,85,62
32626,p16358,8,60
32628,p16359,60,70
32631,p16360,15,16
32634,p16361,84,20
32636,p16362,9,15
32638,p16363,53,30
32641,p16364,54,18
32643,p16365,59,100
32644,p16366,12,71
32645,p16367,7,92
32648,p16368,43,26
32651,p16369,90,93
32653,p16370,69,16
32656,p16371,91,13
32658,p16372,82,72
32659,p16373,69,18
32662,p16374,13,18
32663,p16375,38,72
32665,p16376,74,77
32667,p16377,69,19
32669,p16378,20,44
32670,p16379,66,96
32673,p16380,73,42
32676,p16381,86,12
32677,p16382,33,3
32680,p16383,41,22
32682,p16384,20,90
32685,p16385,98,79
32686,p16386,53,87
32688,p16387,22,4
32691,p16388,34,13
32694,p16389,30,64
32697,p16390,52,61
32700,p16391,22,85
32701,p16392,71,68
32704,p16393,95,52
32705,p16394,38,21
32707,p16395,93,44
32710,p16396,22,76
32712,p16397,12,56
32714,p16398,77,8
32716,p16399,35,45
32719,p16400,43,4
32720,p16401,5,66
32722,p16402,86,84
32723,p16403,43,46
32726,p16404,78,70
32728,p16405,84,74
32730,p16406,21,49
32733,p16407,54,79
32736,p16408,8,91
32739,p16409,92,69
32740,p16410,41,71
32742,p16411,49,3
32743,p16412,67,16
32746,p16413,24,20
32747,p16414,85,96
32750,p16415,19,4
32751,p16416,40,30
32752,p16417,19,79
32753,p16418,64,88
32754,p16419,29,13
32756,p16420,22,8
32758,p16421,62,51
32760,p16422,53,83
32762,p16423,48,29
32763,p16424,57,99
32765,p16425,90,91
32768,p16426,37,41
32770,p16427,42,40
32773,p16428,5,32
32774,p16429,43,82
32776,p16430,71,37
32778,p16431,95,36
32780,p16432,42,84
32781,p16433,95,9
32784,p16434,73,4
32785,p16435,29,80
32788,p16436,59,53
32790,p16437,39,75
32791,p16438,85,8
32792,p16439,90,47
32793,p16440,53,8
32794,p16441,60,70
32796,p16442,93,31
32797,p16443,29,44
32799,p16444,27,62
32802,p16445,25,52
32803,p16446,91,58
32804,p16447,46,8
32807,p16448,23,100
32810,p16449,59,15
32813,p16450,86,33
32815,p16451,41,63
32818,p16452,100,32
32821,p16453,27,95
32823,p16454,89,85
32826,p16455,46,6
32828,p16456,95,18
32831,p16457,58,29
32834,p16458,99,89
32837,p16459,51,72
32839,p16460,53,19
32840,p16461,88,53
32842,p16462,23,19
32843,p16463,83,85
32845,p16464,98,86
32848,p16465,63,1
32849,p16466,41,99
32852,p16467,2,62
32855,p16468,43,7
32856,p16469,42,91
32858,p16470,70,66
32859,p16471,89,40
32862,p16472,71,88
32864,p16473,1,84
32866,p16474,51,7
32869,p16475,19,33
32872,p16476,53,90
32873,p16477,12,34
32876,p16478,82,77
32879,p16479,18,9
32882,p16480,52,1
32884,p16481,20,80
32886,p16482,71,35
32888,p16483,100,40
32890,p16484,85,28
32893,p16485,45,29
32895,p16486,8,74
32898,p16487,7,3
32900,p16488,7,43
32902,p16489,61,43
32903,p16490,20,80
32905,p16491,23,66
32906,p16492,46,47
32909,p16493,44,13
32910,p16494,31,29
32911,p16495,62,98
32914,p16496,91,96
32916,p16497,59,84
32919,p16498,57,19
32921,p16499,60,10
32922,p16500,38,93
32923,p16501,64,45
32926,p16502,43,19
32928,p16503,17,7
32929,p16504,63,27
32931,p16505,14,19
32932,p16506,85,60
32935,p16507,29,19
32937,p16508,3,31
32938,p16509,3,86
32939,p16510,16,58
32941,p16511,77,96
32942,p16512,16,100
32945,p16513,90,24
32948,p16514,8,95
32950,p16515,83,100
32952,p16516,80,64
32954,p16517,84,97
32957,p16518,39,76
32959,p16519,58,91
32960,p16520,42,93
32961,p16521,26,67
32964,p16522,83,8
32967,p16523,39,91
32969,p16524,83,84
32970,p16525,9,24
32971,p16526,98,99
32972,p16527,33,41
32974,p16528,32,66
32975,p16529,51,52
32977,p16530,33,98
32980,p16531,66,46
32981,p16532,32,97
32984,p16533,19,26
32986,p16534,78,88
32989,p16535,91,73
32990,p16536,73,18
32992,p16537,100,77
32995,p16538,79,23
32998,p16539,56,40
33001,p16540,56,62
33004,p16541,20,61
33007,p16542,13,54
33009,p16543,26,81
33012,p16544,20,21
33015,p16545,99,13
33018,p16546,24,56
33021,p16547,7,20
33024,p16548,9,3
33025,p16549,71,21
33028,p16550,22,50
33031,p16551,77,94
33034,p16552,38,19
33037,p16553,90,29
33038,p16554,73,61
33041,p16555,12,18
33044,p16556,23,45
33046,p16557,93,36
33048,p16558,44,27
33051,p16559,2,87
33054,p16560,24,84
33057,p16561,21,25
33058,p16562,11,1
33060,p16563,61,1
33061,p16564,13,57
33063,p16565,97,31
33064,p16566,83,70
33066,p16567,24,98
33069,p16568,37,47
33072,p16569,26,71
33074,p16570,85,7
33077,p16571,3,28
33079,p16572,36,52
33081,p16573,41,32
33082,p16574,26,90
33083,p16575,100,1
33086,p16576,38,37
33087,p16577,56,36
33090,p16578,29,15
33093,p16579,6,74
33095,p16580,25,7
33097,p16581,61,85
33100,p16582,31,3
33101,p16583,54,61
33104,p16584,17,86
33106,p16585,80,96
33109,p16586,12,92
33112,p16587,68,86
33114,p16588,54,63
33116,p16589,23,44
33119,p16590,72,89
33121,p16591,49,15
33124,p16592,84,54
33127,p16593,57,27
33128,p16594,78,34
33131,p16595,83,41
33132,p16596,53,70
33134,p16597,11,91
33137,p16598,76,55
33138,p16599,44,14
33141,p16600,20,14
33143,p16601,14,23
33146,p16602,73,81
33147,p16603,40,98
33149,p16604,31,16
33150,p16605,5,75
33153,p16606,100,70
33156,p16607,100,61
33159,p16608,98,10
33162,p16609,90,48
33164,p16610,67,36
33165,p16611,37,19
33167,p16612,31,1
33168,p16613,7,90
33171,p16614,58,17
33173,p16615,81,25
33174,p16616,93,52
33175,p16617,2,62
33176,p16618,94,33
33177,p16619,45,8
33180,p16620,58,87
33181,p16621,64,39
33182,p16622,49,4
33184,p16623,7,21
33186,p16624,74,42
33189,p16625,68,24
33190,p16626,57,29
33191,p16627,36,47
33194,p16628,21,91
33197,p16629,28,22
33200,p16630,71,38
33202,p16631,100,27
33204,p16632,75,87
33206,p16633,3,75
33209,p16634,65,79
33210,p16635,61,64
33212,p16636,25,47
33214,p16637,13,89
33216,p16638,82,20
33219,p16639,69,54
33220,p16640,86,60
33222,p16641,22,78
33225,p16642,23,71
33227,p16643,7,98
33230,p16644,41,71
33231,p16645,98,38
33234,p16646,21,40
33235,p16647,39,40
33238,p16648,67,73
33239,p16649,10,30
33240,p16650,63,36
33241,p16651,36,17
33244,p16652,54,80
33245,p16653,11,73
33248,p16654,87,68
33249,p16655,53,3
33250,p16656,78,76
33252,p16657,64,74
33254,p16658,51,21
33255,p16659,94,16
33256,p16660,89,66
33257,p16661,15,85
33259,p16662,64,27
33261,p16663,71,61
33264,p16664,60,4
33266,p16665,34,14
33267,p16666,89,40
33268,p16667,2,62
33270,p16668,82,83
33273,p16669,55,73
33274,p16670,40,56
33276,p16671,83,9
33279,p16672,55,19
33280,p16673,52,68
33281,p16674,50,87
33283,p16675,42,73
33286,p16676,30,24
33289,p16677,20,93
33290,p16678,70,21
33293,p16679,60,31
33296,p16680,13,47
33299,p16681,76,13
33300,p16682,44,6
33302,p16683,72,35
33305,p16684,12,38
33306,p16685,2,73
33307,p16686,99,89
33309,p16687,10,64
33312,p16688,90,49
33315,p16689,89,7
33318,p16690,30,19
33319,p16691,40,21
33322,p16692,71,31
33325,p16693,24,71
33328,p16694,5,95
33330,p16695,90,77
33332,p16696,70,16
33335,p16697,100,2
33336,p16698,27,55
33338,p16699,14,39
33339,p16700,87,76
33341,p16701,48,30
33342,p16702,62,39
33344,p16703,83,13
33347,p16704,4,58
33350,p16705,10,2
33352,p16706,4,20
33353,p16707,26,87
33356,p16708,68,54
33357,p16709,82,50
33360,p16710,57,51
33361,p16711,71,28
33363,p16712,58,40
33364,p16713,57,83
33365,p16714,30,89
33367,p16715,32,65
33369,p16716,57,95
33372,p16717,82,45
33373,p16718,84,30
33375,p16719,77,69
33376,p16720,4,57
33378,p16721,23,60
33379,p16722,76,44
33381,p16723,10,6
33384,p16724,68,99
33386,p16725,54,25
33387,p16726,62,36
33389,p16727,71,92
33392,p16728,86,45
33393,p16729,53,96
33396,p16730,58,31
33397,p16731,70,99
33400,p16732,78,2
33401,p16733,84,89
33404,p16734,90,84
33406,p16735,80,34
33408,p16736,90,34
33411,p16737,100,62
33414,p16738,54,69
33416,p16739,55,26
33419,p16740,14,66
33421,p16741,38,84
33423,p16742,88,68
33424,p16743,87,55
33427,p16744,15,11
33428,p16745,9,22
33429,p16746,88,8
33430,p16747,41,56
33431,p16748,26,11
33432,p16749,50,55
33435,p16750,90,57
33438,p16751,69,96
33439,p16752,97,98
33442,p16753,72,76
33444,p16754,12,89
33445,p16755,16,15
33448,p16756,60,19
33450,p16757,42,24
33452,p16758,54,79
33455,p16759,2,77
33457,p16760,5,6
33460,p16761,28,2
33461,p16762,13,41
33463,p16763,54,73
33464,p16764,2,39
33466,p16765,39,20
33469,p16766,49,29
33470,p16767,53,46
33473,p16768,11,7
33476,p16769,67,47
33478,p16770,61,22
33481,p16771,22,89
33483,p16772,87,59
33486,p16773,65,88
33487,p16774,46,33
33488,p16775,37,42
33491,p16776,19,25
33494,p16777,70,25
33497,p16778,64,94
33500,p16779,98,40
33501,p16780,100,16
33504,p16781,91,80
33507,p16782,51,59
33510,p16783,100,34
33513,p16784,62,46
33516,p16785,27,28
33517,p16786,76,28
33518,p16787,36,76
33521,p16788,28,59
33522,p16789,90,46
33524,p16790,89,59
33527,p16791,59,75
33528,p16792,74,43
33531,p16793,58,1
33534,p16794,36,86
33537,p16795,21,64
33540,p16796,13,14
33543,p16797,33,85
33544,p16798,39,53
33546,p16799,86,21
33547,p16800,26,52
33549,p16801,49,2
33551,p16802,32,88
33554,p16803,89,67
33555,p16804,81,85
33557,p16805,94,31
33559,p16806,55,74
33562,p16807,100,87
33564,p16808,55,13
33565,p16809,60,44
33568,p16810,23,58
33570,p16811,85,70
33573,p16812,86,98
33575,p16813,21,74
33577,p16814,3,9
33578,p16815,76,28
33580,p16816,77,45
33582,p16817,71,57
33584,p16818,80,56
33587,p16819,93,42
33588,p16820,16,57
33590,p16821,97,12
33592,p16822,30,57
33595,p16823,28,41
33598,p16824,63,84
33599,p16825,43,64
33600,p16826,81,35
33602,p16827,48,37
33604,p16828,15,60
33606,p16829,22,63
33608,p16830,83,25
33610,p16831,57,12
33611,p16832,82,10
33613,p16833,4,85
33615,p16834,96,80
33618,p16835,49,23
33620,p16836,52,55
33623,p16837,91,61
33624,p16838,32,46
33627,p16839,82,68
33629,p16840,26,4
33630,p16841,68,30
33633,p16842,4,41
33636,p16843,30,97
33638,p16844,7,89
33639,p16845,47,91
33641,p16846,50,16
33643,p16847,63,58
33646,p16848,40,12
33649,p16849,42,84
33650,p16850,65,91
33652,p16851,21,26
33654,p16852,19,60
33655,p16853,56,58
33658,p16854,15,63
33659,p16855,25,21
33661,p16856,19,73
33664,p16857,9,69
33667,p16858,21,51
33670,p16859,38,4
33673,p16860,80,28
33676,p16861,47,16
33678,p16862,11,70
33680,p16863,15,94
33681,p16864,65,68
33682,p16865,53,36
33685,p16866,87,24
33686,p16867,50,10
33689,p16868,85,49
33691,p16869,13,19
33694,p16870,41,22
33697,p16871,76,21
33698,p16872,30,58
33701,p16873,65,15
33703,p16874,92,67
33704,p16875,56,18
33705,p16876,60,67
33707,p16877,32,8
33708,p16878,52,49
33709,p16879,25,88
33710,p16880,74,100
33712,p16881,21,74
33715,p16882,77,16
33716,p16883,91,47
33719,p16884,20,3
33720,p16885,31,21
33723,p16886,53,39
33724,p16887,77,87
33726,p16888,68,81
33729,p16889,100,80
33732,p16890,56,21
33735,p16891,58,93
33736,p16892,12,90
33737,p16893,74,66
33740,p16894,10,89
33743,p16895,16,22
33744,p16896,4,92
33746,p16897,87,84
33747,p16898,88,14
33750,p16899,65,36
33753,p16900,10,8
33756,p16901,11,81
33758,p16902,53,24
33761,p16903,3,32
33763,p16904,37,71
33765,p16905,42,6
33768,p16906,13,2
33771,p16907,22,39
33773,p16908,72,71
33776,p16909,92,100
33779,p16910,10,7
33782,p16911,59,86
33785,p16912,19,61
33787,p16913,63,13
33790,p16914,77,97
33792,p16915,9,66
33795,p16916,38,51
33798,p16917,15,72
33800,p16918,21,70
33803,p16919,40,73
33805,p16920,56,35
33806,p16921,21,3
33809,p16922,8,32
33811,p16923,62,47
33812,p16924,13,80
33814,p16925,66,33
33817,p16926,18,45
33820,p16927,63,54
33822,p16928,13,4
33824,p16929,32,19
33827,p16930,42,5
33830,p16931,17,77
33831,p16932,55,75
33833,p16933,82,28
33835,p16934,86,69
33838,p16935,48,5
33839,p16936,50,74
33841,p16937,20,37
33844,p16938,10,30
33845,p16939,84,26
33848,p16940,49,48
33849,p16941,88,99
33851,p16942,93,74
33853,p16943,96,14
33856,p16944,98,22
33857,p16945,11,17
33858,p16946,72,8
33859,p16947,49,18
33860,p16948,99,83
33863,p16949,62,86
33866,p16950,97,18
33868,p16951,41,50
33871,p16952,30,24
33872,p16953,20,61
33873,p16954,30,1
33874,p16955,84,52
33876,p16956,47,15
33878,p16957,30,84
33879,p16958,6,18
33880,p16959,26,95
33883,p16960,69,86
33886,p16961,2,97
33888,p16962,6,61
33889,p16963,85,46
33891,p16964,51,17
33894,p16965,65,25
33895,p16966,82,36
33896,p16967,76,26
33897,p16968,23,48
33900,p16969,10,18
33903,p16970,67,35
33906,p16971,59,96
33909,p16972,13,66
33911,p16973,15,94
33912,p16974,27,9
33915,p16975,43,81
33918,p16976,14,19
33921,p16977,69,75
33924,p16978,23,16
33926,p16979,54,27
33927,p16980,81,33
33930,p16981,23,19
33931,p16982,64,20
33932,p16983,79,97
33935,p16984,18,9
33938,p16985,8,11
33941,p16986,1,43
33943,p16987,86,22
33945,p16988,19,98
33947,p16989,65,41
33948,p16990,30,56
33951,p16991,29,93
33954,p16992,50,55
33955,p16993,87,18
33958,p16994,15,57
33959,p16995,21,2
33960,p16996,51,13
33963,p16997,85,38
33965,p16998,76,68
33967,p16999,5,75
33969,p17000,68,78
33972,p17001,78,9
33975,p17002,34,11
33978,p17003,89,28
33979,p17004,7,56
33980,p17005,15,100
33981,p17006,30,5
33983,p17007,23,47
33984,p17008,82,74
33985,p17009,6,66
33988,p17010,88,19
33989,p17011,39,98
33992,p17012,17,90
33994,p17013,86,64
33997,p17014,25,42
34000,p17015,17,73
34001,p17016,37,53
34002,p17017,41,44
34003,p17018,19,58
34006,p17019,37,42
34007,p17020,42,31
34010,p17021,100,66
34013,p17022,4,26
34015,p17023,26,12
34018,p17024,34,73
34021,p17025,58,72
34024,p17026,77,52
34026,p17027,79,77
34028,p17028,18,76
34031,p17029,43,22
34033,p17030,40,48
34036,p17031,2,9
34037,p17032,59,41
34040,p17033,78,32
34042,p17034,21,9
34045,p17035,87,98
34048,p17036,59,45
34051,p17037,39,20
34052,p17038,65,13
34053,p17039,53,91
34056,p17040,69,41
34057,p17041,75,89
34060,p17042,40,48
34061,p17043,6,20
34063,p17044,74,49
34065,p17045,79,86
34068,p17046,80,63
34070,p17047,97,92
34071,p17048,80,18
34072,p17049,71,33
34073,p17050,81,96
34074,p17051,21,87
34077,p17052,24,61
34078,p17053,93,87
34081,p17054,3,96
34083,p17055,82,93
34084,p17056,30,72
34085,p17057,56,15
34088,p17058,40,37
34089,p17059,9,97
34092,p17060,54,85
34093,p17061,6,53
34094,p17062,40,71
34097,p17063,77,16
34099,p17064,8,96
34100,p17065,30,35
34103,p17066,9,40
34105,p17067,38,46
34107,p17068,22,91
34109,p17069,43,17
34112,p17070,19,85
34114,p17071,95,41
34117,p17072,93,79
34120,p17073,73,43
34122,p17074,56,93
34124,p17075,91,5
34127,p17076,19,92
34129,p17077,77,96
34130,p17078,3,65
34131,p17079,66,52
34133,p17080,49,20
34135,p17081,51,99
34137,p17082,27,96
34139,p17083,54,55
34140,p17084,20,25
34143,p17085,55,51
34146,p17086,73,94
34149,p17087,36,33
34151,p17088,91,5
34152,p17089,81,58
34154,p17090,88,38
34157,p17091,60,58
34159,p17092,58,67
34161,p17093,12,87
34162,p17094,19,26
34163,p17095,6,91
34165,p17096,89,83
34166,p17097,9,48
34169,p17098,26,69
34171,p17099,43,83
34173,p17100,59,84
34175,p17101,2,88
34178,p17102,54,13
34181,p17103,30,34
34182,p17104,92,69
34183,p17105,19,65
34185,p17106,98,68
34187,p17107,89,21
34190,p17108,26,80
34193,p17109,6,97
34196,p17110,86,15
34198,p17111,85,64
34200,p17112,70,6
34202,p17113,42,83
34205,p17114,82,89
34206,p17115,25,30
34208,p17116,12,63
34210,p17117,64,23
34212,p17118,39,81
34213,p17119,34,99
34214,p17120,100,76
34215,p17121,9,22
34217,p17122,51,71
34219,p17123,35,27
34220,p17124,88,66
34222,p17125,95,67
34223,p17126,77,17
34226,p17127,5,51
34228,p17128,3,33
34231,p17129,71,66
34232,p17130,15,45
34234,p17131,25,89
34237,p17132,38,19
34238,p17133,83,66
34240,p17134,8,74
34243,p17135,25,51
34244,p17136,87,40
34246,p17137,77,67
34249,p17138,72,19
34251,p17139,37,60
34254,p17140,74,68
34257,p17141,47,29
34260,p17142,32,34
34263,p17143,91,79
34264,p17144,7,3
34265,p17145,94,22
34266,p17146,39,82
34267,p17147,75,77
34269,p17148,45,22
34270,p17149,22,85
34272,p17150,89,36
34275,p17151,17,32
34278,p17152,4,14
34279,p17153,71,82
34281,p17154,16,64
34284,p17155,97,23
34287,p17156,75,3
34290,p17157,54,13
34291,p17158,36,20
34293,p17159,13,14
34295,p17160,40,4
34298,p17161,60,22
34301,p17162,29,10
34302,p17163,83,40
34303,p17164,66,68
34306,p17165,92,83
34309,p17166,14,99
34312,p17167,79,27
34313,p17168,47,69
34315,p17169,32,88
34318,p17170,60,83
34320,p17171,36,32
34322,p17172,27,44
34323,p17173,94,34
34326,p17174,6,37
34328,p17175,9,90
34329,p17176,87,99
34330,p17177,19,91
34332,p17178,91,45
34335,p17179,11,67
34336,p17180,40,69
34338,p17181,58,77
34340,p17182,67,44
34341,p17183,45,68
34342,p17184,83,60
34345,p17185,41,67
34348,p17186,82,10
34351,p17187,43,40
34353,p17188,100,72
34356,p17189,96,88
34359,p17190,34,27
34360,p17191,54,25
34363,p17192,2,37
34365,p17193,76,54
34368,p17194,64,42
34369,p17195,98,42
34371,p17196,23,37
34372,p17197,74,56
34373,p17198,47,56
34375,p17199,10,47
34378,p17200,8,3
34381,p17201,63,99
34382,p17202,9,56
34384,p17203,25,55
34386,p17204,44,2
34389,p17205,12,6
34391,p17206,97,72
34392,p17207,61,94
34395,p17208,27,14
34397,p17209,15,25
34400,p17210,5,90
34401,p17211,31,89
34404,p17212,99,80
34406,p17213,8,32
34409,p17214,9,18
34410,p17215,61,71
34412,p17216,83,6
34414,p17217,88,59
34415,p17218,83,8
34416,p17219,49,43
34419,p17220,53,91
34421,p17221,51,26
34424,p17222,45,71
34426,p17223,92,45
34428,p17224,85,43
34430,p17225,57,47
34433,p17226,73,40
34436,p17227,89,87
34438,p17228,24,65
34440,p17229,15,51
34441,p17230,71,77
34443,p17231,56,53
34446,p17232,48,79
34447,p17233,13,9
34448,p17234,17,13
34451,p17235,60,63
34454,p17236,64,40
34457,p17237,22,65
34459,p17238,56,99
34461,p17239,36,88
34463,p17240,57,83
34464,p17241,74,92
34467,p17242,30,63
34469,p17243,42,93
34471,p17244,45,28
34472,p17245,18,1
34473,p17246,38,20
34474,p17247,59,80
34476,p17248,37,81
34478,p17249,87,19
34479,p17250,65,48
34482,p17251,40,83
34485,p17252,97,14
34487,p17253,4,70
34490,p17254,13,1
34493,p17255,5,86
34494,p17256,64,4
34495,p17257,2,66
34497,p17258,87,26
34498,p17259,64,97
34499,p17260,40,95
34502,p17261,29,80
34505,p17262,38,40
34506,p17263,77,26
34509,p17264,83,46
34512,p17265,95,54
34515,p17266,92,67
34516,p17267,65,37
34519,p17268,38,51
34520,p17269,66,95
34521,p17270,22,38
34522,p17271,34,44
34524,p17272,68,7
34527,p17273,77,58
34528,p17274,1,4
34531,p17275,67,38
34532,p17276,40,34
34533,p17277,77,15
34535,p17278,61,53
34536,p17279,8,56
34537,p17280,82,12
34540,p17281,96,10
34543,p17282,57,58
34544,p17283,19,24
34545,p17284,23,37
34546,p17285,83,55
34547,p17286,43,14
34549,p17287,60,94
34550,p17288,83,91
34552,p17289,88,98
34555,p17290,12,19
34556,p17291,10,15
34559,p17292,40,21
34561,p17293,36,81
34563,p17294,35,10
34565,p17295,44,24
34566,p17296,50,10
34569,p17297,3,72
34571,p17298,72,51
34574,p17299,71,84
34575,p17300,16,33
34576,p17301,41,30
34578,p17302,88,48
34580,p17303,25,58
34581,p17304,100,6
34583,p17305,4,17
34584,p17306,47,27
34585,p17307,69,51
34587,p17308,70,45
34589,p17309,9,57
34591,p17310,71,28
34593,p17311,50,63
34594,p17312,25,59
34596,p17313,31,3
34597,p17314,94,20
34599,p17315,47,92
34601,p17316,71,100
34603,p17317,11,51
34606,p17318,22,24
34607,p17319,36,9
34608,p17320,61,1
34611,p17321,59,31
34614,p17322,4,62
34615,p17323,98,91
34616,p17324,14,17
34619,p17325,5,9
34622,p17326,27,34
34624,p17327,65,93
34626,p17328,69,72
34628,p17329,25,88
34631,p17330,69,51
34632,p17331,73,24
34633,p17332,36,92
34635,p17333,63,22
34638,p17334,99,24
34640,p17335,9,12
34642,p17336,89,99
34644,p17337,37,50
34647,p17338,69,50
34649,p17339,7,81
34652,p17340,50,69
34654,p17341,58,54
34656,p17342,83,24
34657,p17343,49,52
34658,p17344,39,45
34661,p17345,93,26
34662,p17346,19,9
34665,p17347,2,76
34667,p17348,11,25
34669,p17349,24,87
34670,p17350,30,28
34673,p17351,38,90
34674,p17352,89,55
34675,p17353,8,56
34678,p17354,42,74
34680,p17355,17,13
34683,p17356,28,38
34686,p17357,19,70
34687,p17358,41,92
34690,p17359,90,71
34691,p17360,82,46
34693,p17361,43,51
34694,p17362,54,67
34696,p17363,81,46
34698,p17364,92,1
34699,p17365,48,44
34702,p17366,63,9
34703,p17367,64,49
34704,p17368,49,94
34705,p17369,96,65
34708,p17370,20,90
34709,p17371,92,23
34710,p17372,47,23
34713,p17373,36,9
34714,p17374,15,76
34716,p17375,76,89
34718,p17376,39,76
34720,p17377,59,38
34722,p17378,19,35
34725,p17379,95,4
34728,p17380,32,83
34731,p17381,26,56
34734,p17382,13,45
34737,p17383,85,70
34738,p17384,34,85
34740,p17385,24,92
34741,p17386,47,23
34744,p17387,72,12
34746,p17388,32,10
34747,p17389,29,1
34750,p17390,61,49
34752,p17391,52,55
34753,p17392,26,80
34754,p17393,32,28
34756,p17394,97,46
34757,p17395,4,5
34758,p17396,70,67
34761,p17397,83,55
34764,p17398,84,48
34765,p17399,3,85
34767,p17400,87,25
34769,p17401,46,21
34772,p17402,92,31
34773,p17403,100,10
34776,p17404,71,85
34777,p17405,88,28
34778,p17406,79,8
34781,p17407,28,94
34782,p17408,36,60
34783,p17409,74,39
34784,p17410,39,87
34785,p17411,11,20
34786,p17412,44,29
34788,p17413,94,19
34790,p17414,11,63
34791,p17415,53,5
34792,p17416,63,28
34793,p17417,7,83
34794,p17418,62,56
34796,p17419,93,95
34797,p17420,89,45
34799,p17421,67,20
34802,p17422,42,84
34803,p17423,95,33
34806,p17424,62,69
34809,p17425,15,79
34811,p17426,15,93
34813,p17427,67,79
34815,p17428,1,38
34817,p17429,12,58
34818,p17430,47,58
34819,p17431,56,28
34820,p17432,2,23
34822,p17433,99,57
34825,p17434,82,18
34828,p17435,8,71
34831,p17436,96,32
34832,p17437,48,71
34833,p17438,16,68
34835,p17439,88,34
34838,p17440,61,12
34840,p17441,2,80
34841,p17442,67,40
34844,p17443,93,19
34847,p17444,63,47
34850,p17445,21,72
34852,p17446,53,68
34854,p17447,63,84
34855,p17448,73,92
34857,p17449,1,40
34860,p17450,30,84
34861,p17451,12,93
34862,p17452,69,34
34864,p17453,88,20
34866,p17454,33,53
34868,p17455,54,5
34870,p17456,31,96
34873,p17457,96,30
34874,p17458,56,48
34877,p17459,39,33
34879,p17460,92,28
34882,p17461,76,6
34884,p17462,76,97
34885,p17463,12,93
34886,p17464,56,93
34888,p17465,88,90
34889,p17466,84,20
34890,p17467,3,84
34892,p17468,47,75
34895,p17469,16,12
34898,p17470,44,91
34900,p17471,43,4
34902,p17472,38,57
34904,p17473,7,1
34906,p17474,9,62
34909,p17475,66,1
34912,p17476,45,40
34914,p17477,100,94
34915,p17478,25,46
34916,p17479,87,29
34919,p17480,42,34
34920,p17481,17,28
34923,p17482,54,56
34925,p17483,12,13
34927,p17484,97,57
34930,p17485,70,24
34931,p17486,79,66
34932,p17487,59,68
34934,p17488,20,25
34936,p17489,75,3
34938,p17490,63,81
34940,p17491,88,58
34942,p17492,84,100
34945,p17493,37,77
34947,p17494,81,19
34950,p17495,51,12
34953,p17496,10,34
34955,p17497,51,56
34958,p17498,97,9
34961,p17499,30,66
34962,p17500,67,83
34965,p17501,11,77
34966,p17502,75,66
34968,p17503,77,49
34971,p17504,48,51
34972,p17505,31,38
34975,p17506,51,29
34976,p17507,84,86
34977,p17508,50,58
34980,p17509,33,17
34983,p17510,21,27
34984,p17511,12,90
34986,p17512,20,21
34989,p17513,50,18
34992,p17514,20,26
34993,p17515,74,77
34994,p17516,71,5
34997,p17517,73,60
35000,p17518,85,35
35002,p17519,4,94
35005,p17520,10,82
35007,p17521,46,81
35008,p17522,17,85
35011,p17523,55,93
35014,p17524,49,4
35015,p17525,29,94
35017,p17526,68,37
35019,p17527,79,69
35021,p17528,58,17
35022,p17529,52,75
35025,p17530,89,84
35026,p17531,30,53
35029,p17532,6,1
35032,p17533,74,73
35034,p17534,5,22
35037,p17535,42,90
35040,p17536,47,91
35043,p17537,32,89
35044,p17538,56,63
35047,p17539,88,16
35050,p17540,19,28
35052,p17541,22,93
35055,p17542,58,25
35058,p17543,64,56
35060,p17544,89,27
35061,p17545,90,40
35063,p17546,86,98
35066,p17547,15,48
35069,p17548,14,96
35071,p17549,2,16
35072,p17550,98,46
35073,p17551,22,6
35076,p17552,48,22
35078,p17553,3,25
35080,p17554,80,27
35082,p17555,5,90
35084,p17556,72,96
35086,p17557,32,49
35088,p17558,15,41
35091,p17559,58,65
35094,p17560,64,44
35096,p17561,82,4
35098,p17562,36,17
35099,p17563,29,23
35100,p17564,57,42
35101,p17565,48,61
35103,p17566,82,63
35104,p17567,50,23
35107,p17568,38,79
35108,p17569,74,22
35109,p17570,48,93
35112,p17571,99,46
35113,p17572,84,20
35115,p17573,50,64
35116,p17574,55,16
35119,p17575,62,74
35120,p17576,60,15
35122,p17577,63,78
35124,p17578,96,42
35126,p17579,32,17
35128,p17580,54,35
35131,p17581,57,64
35134,p17582,95,7
35137,p17583,48,4
35140,p17584,10,16
35142,p17585,2,56
35145,p17586,4,55
35148,p17587,50,65
35151,p17588,90,15
35154,p17589,15,48
35156,p17590,18,64
35159,p17591,64,48
35161,p17592,97,38
35163,p17593,84,63
35165,p17594,33,25
35167,p17595,89,79
35170,p17596,100,11
35172,p17597,45,95
35175,p17598,59,5
35177,p17599,3,37
35178,p17600,69,65
35179,p17601,16,14
35182,p17602,47,54
35184,p17603,74,41
35185,p17604,95,40
35186,p17605,25,45
35188,p17606,7,25
35189,p17607,42,27
35191,p17608,10,68
35192,p17609,49,97
35193,p17610,30,2
35196,p17611,72,64
35197,p17612,56,96
35198,p17613,30,12
35201,p17614,45,51
35202,p17615,59,19
35205,p17616,24,73
35206,p17617,94,8
35208,p17618,75,25
35211,p17619,22,15
35212,p17620,6,58
35213,p17621,10,62
35216,p17622,71,4
35217,p17623,12,35
35219,p17624,63,85
35221,p17625,12,38
35223,p17626,77,96
35226,p17627,5,84
35229,p17628,95,85
35230,p17629,43,67
35231,p17630,41,57
35232,p17631,26,40
35235,p17632,25,69
35237,p17633,11,42
35239,p17634,73,6
35241,p17635,89,94
35244,p17636,35,57
35247,p17637,68,52
35250,p17638,8,10
35251,p17639,45,85
35253,p17640,98,8
35255,p17641,90,55
35257,p17642,11,35
35258,p17643,92,68
35261,p17644,37,95
35264,p17645,99,9
35267,p17646,88,33
35270,p17647,88,38
35272,p17648,8,55
35274,p17649,99,1
35276,p17650,40,37
35277,p17651,98,29
35278,p17652,99,12
35281,p17653,46,41
35284,p17654,66,70
35285,p17655,5,22
35288,p17656,84,39
35289,p17657,23,4
35292,p17658,24,33
35295,p17659,15,70
35298,p17660,6,9
35299,p17661,31,100
35301,p17662,87,29
35304,p17663,96,56
35307,p17664,37,39
35308,p17665,90,2
35309,p17666,42,50
35312,p17667,44,22
35315,p17668,50,22
35316,p17669,16,59
35317,p17670,82,63
35318,p17671,89,51
35320,p17672,78,50
35322,p17673,52,36
35323,p17674,70,20
35326,p17675,26,87
35327,p17676,15,38
35329,p17677,50,12
35330,p17678,36,33
35333,p17679,44,49
35335,p17680,2,57
35336,p17681,55,100
35337,p17682,67,28
35340,p17683,59,66
35341,p17684,46,61
35344,p17685,50,49
35346,p17686,23,55
35347,p17687,59,6
35350,p17688,89,46
35353,p17689,75,70
35356,p17690,88,44
35358,p17691,76,46
35360,p17692,45,23
35363,p17693,52,34
35364,p17694,91,100
35367,p17695,98,70
35370,p17696,50,77
35372,p17697,94,69
35375,p17698,64,41
35376,p17699,23,68
35377,p17700,86,100
35378,p17701,72,18
35380,p17702,47,4
35382,p17703,99,50
35383,p17704,42,20
35386,p17705,78,96
35389,p17706,81,36
35392,p17707,5,48
35393,p17708,64,97
35394,p17709,72,82
35395,p17710,28,58
35398,p17711,57,54
35400,p17712,44,69
35401,p17713,35,26
35403,p17714,73,56
35406,p17715,62,48
35408,p17716,79,28
35409,p17717,89,92
35412,p17718,9,13
35413,p17719,51,39
35415,p17720,65,24
35417,p17721,2,48
35419,p17722,75,30
35422,p17723,45,32
35424,p17724,71,43
35427,p17725,33,14
35430,p17726,71,20
35431,p17727,96,75
35432,p17728,51,99
35433,p17729,86,78
35436,p17730,13,41
35437,p17731,52,25
35440,p17732,43,51
35443,p17733,23,20
35444,p17734,57,16
35446,p17735,47,76
35449,p17736,73,45
35452,p17737,63,74
35454,p17738,59,11
35455,p17739,47,55
35457,p17740,83,87
35458,p17741,47,100
35461,p17742,48,97
35463,p17743,92,100
35465,p17744,59,92
35467,p17745,72,21
35469,p17746,2,21
35470,p17747,68,47
35472,p17748,82,5
35473,p17749,81,45
35475,p17750,75,21
35477,p17751,30,51
35479,p17752,7,19
35482,p17753,84,70
35483,p17754,57,32
35486,p17755,16,42
35489,p17756,71,99
35491,p17757,79,93
35493,p17758,67,71
35494,p17759,77,47
35496,p17760,60,37
35497,p17761,82,56
35498,p17762,57,5
35499,p17763,2,60
35502,p17764,41,73
35504,p17765,93,5
35505,p17766,28,89
35508,p17767,54,21
35511,p17768,55,100
35514,p17769,37,15
35516,p17770,67,85
35519,p17771,90,79
35520,p17772,16,23
35522,p17773,23,86
35524,p17774,49,15
35527,p17775,14,57
35529,p17776,19,96
35531,p17777,46,7
35534,p17778,68,63
35535,p17779,53,2
35537,p17780,71,59
35539,p17781,46,20
35540,p17782,19,72
35543,p17783,11,37
35544,p17784,54,5
35547,p17785,12,76
35548,p17786,53,14
35551,p17787,95,85
35552,p17788,43,51
35555,p17789,21,22
35557,p17790,40,33
35558,p17791,96,22
35560,p17792,76,69
35561,p17793,44,72
35563,p17794,59,31
35566,p17795,39,67
35569,p17796,2,3
35570,p17797,24,30
35571,p17798,97,70
35572,p17799,77,89
35575,p17800,44,32
35577,p17801,64,34
35579,p17802,26,44
35582,p17803,20,36
35584,p17804,92,87
35585,p17805,2,46
35587,p17806,80,28
35590,p17807,38,33
35592,p17808,37,88
35595,p17809,42,18
35597,p17810,51,53
35599,p17811,1,28
35602,p17812,67,66
35605,p17813,9,100
35607,p17814,93,47
35610,p17815,31,13
35613,p17816,62,64
35616,p17817,30,74
35619,p17818,61,97
35620,p17819,17,78
35622,p17820,90,33
35623,p17821,87,92
35624,p17822,2,12
35625,p17823,22,78
35627,p17824,98,84
35628,p17825,57,67
35629,p17826,60,68
35630,p17827,81,62
35631,p17828,87,99
35632,p17829,96,47
35633,p17830,23,66
35636,p17831,100,62
35637,p17832,90,45
35640,p17833,21,56
35641,p17834,99,62
35642,p17835,35,82
35643,p17836,94,52
35644,p17837,12,78
35647,p17838,17,73
35649,p17839,35,79
35650,p17840,96,79
35652,p17841,46,22
35653,p17842,23,92
35655,p17843,66,100
35658,p17844,6,90
35660,p17845,41,25
35662,p17846,51,2
35664,p17847,20,59
35666,p17848,93,68
35669,p17849,92,85
35671,p17850,46,24
35672,p17851,74,16
35674,p17852,78,4
35675,p17853,12,99
35676,p17854,89,36
35677,p17855,54,74
35679,p17856,19,1
35681,p17857,31,5
35682,p17858,21,56
35684,p17859,51,14
35686,p17860,85,88
35687,p17861,31,17
35688,p17862,6,3
35690,p17863,50,83
35693,p17864,83,13
35694,p17865,17,82
35696,p17866,45,33
35698,p17867,81,8
35700,p17868,47,73
35702,p17869,89,54
35703,p17870,36,57
35706,p17871,24,41
35707,p17872,2,92
35708,p17873,98,66
35711,p17874,89,84
35712,p17875,29,10
35713,p17876,22,67
35715,p17877,34,31
35717,p17878,83,98
35719,p17879,100,66
35721,p17880,94,65
35724,p17881,1,89
35726,p17882,85,40
35728,p17883,86,45
35730,p17884,1,97
35732,p17885,69,49
35735,p17886,21,15
35738,p17887,91,19
35739,p17888,96,35
35742,p17889,50,6
35743,p17890,43,20
35745,p17891,40,99
35748,p17892,17,61
35751,p17893,91,54
35753,p17894,46,74
35755,p17895,93,30
35756,p17896,37,81
35758,p17897,73,45
35759,p17898,66,77
35761,p17899,64,66
35762,p17900,12,93
35764,p17901,45,30
35766,p17902,74,40
35767,p17903,45,26
35769,p17904,20,47
35772,p17905,67,22
35774,p17906,40,91
35777,p17907,63,86
35780,p17908,64,7
35781,p17909,42,86
35784,p17910,24,29
35786,p17911,35,64
35788,p17912,67,90
35790,p17913,47,76
35793,p17914,62,46
35796,p17915,34,23
35799,p17916,39,92
35800,p17917,42,44
35803,p17918,2,6
35806,p17919,1,22
35809,p17920,24,42
35811,p17921,55,89
35812,p17922,44,96
35814,p17923,66,23
35816,p17924,52,80
35818,p17925,35,58
35821,p17926,41,40
35824,p17927,40,7
35825,p17928,72,63
35827,p17929,13,53
35828,p17930,7,68
35831,p17931,86,70
35832,p17932,59,13
35835,p17933,61,69
35838,p17934,1,72
35839,p17935,55,12
35840,p17936,18,87
35843,p17937,90,57
35845,p17938,39,31
35847,p17939,99,60
35849,p17940,63,80
35850,p17941,6,24
35852,p17942,66,100
35854,p17943,4,98
35855,p17944,3,76
35858,p17945,46,4
35860,p17946,1,39
35862,p17947,43,99
35864,p17948,16,10
35866,p17949,25,29
35869,p17950,72,15
35871,p17951,89,49
35874,p17952,48,55
35875,p17953,17,47
35877,p17954,50,81
35879,p17955,87,71
35880,p17956,45,62
35882,p17957,89,30
35885,p17958,24,92
35888,p17959,100,48
35890,p17960,61,98
35891,p17961,54,87
35894,p17962,22,13
35895,p17963,75,100
35897,p17964,4,39
35898,p17965,16,17
35899,p17966,67,31
35902,p17967,34,75
35904,p17968,58,11
35905,p17969,86,99
35906,p17970,77,29
35908,p17971,69,76
35910,p17972,15,16
35911,p17973,97,17
35912,p17974,44,67
35915,p17975,54,3
35918,p17976,28,19
35919,p17977,84,39
35922,p17978,5,3
35925,p17979,70,37
35928,p17980,51,11
35929,p17981,3,54
35932,p17982,21,90
35935,p17983,87,90
35937,p17984,83,34
35938,p17985,97,100
35940,p17986,80,45
35943,p17987,73,11
35945,p17988,88,50
35946,p17989,93,23
35947,p17990,62,4
35948,p17991,2,63
35949,p17992,33,90
35952,p17993,71,69
35954,p17994,88,74
35955,p17995,81,31
35958,p17996,78,92
35960,p17997,66,18
35962,p17998,71,77
35965,p17999,6,86
35967,p18000,68,13
35969,p18001,48,100
35970,p18002,14,76
35973,p18003,67,17
35976,p18004,73,98
35977,p18005,10,48
35980,p18006,77,30
35981,p18007,34,80
35982,p18008,88,72
35985,p18009,67,48
35988,p18010,43,53
35989,p18011,20,52
35991,p18012,5,38
35994,p18013,16,74
35997,p18014,70,66
35999,p18015,69,26
36002,p18016,7,20
36004,p18017,98,99
36005,p18018,20,19
36006,p18019,58,92
36009,p18020,46,94
36012,p18021,85,77
36015,p18022,8,78
36018,p18023,97,16
36021,p18024,78,68
36022,p18025,58,40
36024,p18026,55,49
36027,p18027,35,85
36028,p18028,71,44
36030,p18029,30,7
36032,p18030,14,83
36034,p18031,80,52
36036,p18032,62,89
36039,p18033,19,42
36041,p18034,23,17
36042,p18035,21,40
36045,p18036,43,57
36048,p18037,12,46
36049,p18038,69,53
36052,p18039,60,69
36055,p18040,24,85
36057,p18041,60,42
36060,p18042,90,67
36061,p18043,55,9
36064,p18044,36,82
36066,p18045,44,31
36067,p18046,13,54
36069,p18047,88,10
36071,p18048,57,85
36072,p18049,30,83
36073,p18050,86,89
36075,p18051,83,95
36076,p18052,58,11
36078,p18053,6,93
36079,p18054,3,49
36080,p18055,82,61
36081,p18056,73,53
36083,p18057,58,14
36085,p18058,22,65
36088,p18059,29,18
36089,p18060,4,27
36091,p18061,96,82
36092,p18062,20,79
36093,p18063,35,63
36096,p18064,71,8
36098,p18065,65,48
36100,p18066,12,21
36103,p18067,82,11
36106,p18068,52,24
36108,p18069,11,96
36111,p18070,43,97
36113,p18071,80,76
36116,p18072,94,4
36118,p18073,55,78
36119,p18074,20,18
36120,p18075,16,63
36122,p18076,94,20
36123,p18077,28,7
36126,p18078,62,14
36128,p18079,23,30
36129,p18080,74,37
36131,p18081,57,30
36134,p18082,49,65
36136,p18083,99,45
36137,p18084,44,77
36140,p18085,30,16
36141,p18086,28,1
36144,p18087,91,93
36147,p18088,58,79
36149,p18089,69,15
36151,p18090,57,100
36154,p18091,4,90
36155,p18092,67,91
36156,p18093,85,31
36158,p18094,71,60
36159,p18095,12,45
36162,p18096,91,10
36165,p18097,95,10
36167,p18098,89,40
36168,p18099,50,13
36171,p18100,58,5
36174,p18101,56,64
36177,p18102,66,49
36179,p18103,66,85
36180,p18104,4,59
36182,p18105,52,26
36183,p18106,35,97
36185,p18107,97,2
36187,p18108,9,22
36189,p18109,98,34
36191,p18110,16,9
36193,p18111,4,1
36195,p18112,62,65
36198,p18113,78,39
36201,p18114,90,67
36202,p18115,54,40
36204,p18116,92,51
36207,p18117,83,11
36208,p18118,46,80
36210,p18119,92,22
36211,p18120,77,1
36213,p18121,32,90
36215,p18122,83,60
36216,p18123,31,86
36218,p18124,89,40
36221,p18125,44,13
36223,p18126,6,65
36224,p18127,67,58
36226,p18128,31,59
36228,p18129,77,36
36231,p18130,58,27
36233,p18131,24,47
36236,p18132,49,72
36239,p18133,35,98
36240,p18134,88,90
36241,p18135,69,57
36243,p18136,51,60
36245,p18137,7,52
36247,p18138,32,17
36248,p18139,57,17
36249,p18140,34,98
36252,p18141,95,94
36254,p18142,10,84
36255,p18143,21,41
36256,p18144,12,83
36259,p18145,83,90
36261,p18146,81,47
36264,p18147,7,49
36266,p18148,93,22
36267,p18149,19,64
36268,p18150,35,84
36269,p18151,65,30
36271,p18152,25,80
36274,p18153,44,81
36275,p18154,19,23
36278,p18155,88,96
36279,p18156,1,10
36281,p18157,21,55
36284,p18158,99,46
36287,p18159,35,16
36289,p18160,9,55
36290,p18161,8,71
36293,p18162,72,32
36294,p18163,34,72
36295,p18164,17,75
36296,p18165,39,78
36297,p18166,55,65
36299,p18167,63,70
36302,p18168,38,31
36304,p18169,16,80
36307,p18170,63,18
36308,p18171,41,6
36309,p18172,78,72
36311,p18173,20,63
36312,p18174,4,14
36314,p18175,3,96
36316,p18176,27,39
36317,p18177,74,11
36320,p18178,67,86
36323,p18179,24,12
36326,p18180,20,9
36329,p18181,53,57
36330,p18182,49,47
36331,p18183,74,7
36334,p18184,63,1
36337,p18185,11,66
36338,p18186,45,94
36339,p18187,93,20
36341,p18188,11,22
36342,p18189,100,74
36344,p18190,94,6
36345,p18191,53,49
36348,p18192,58,42
36350,p18193,93,87
36352,p18194,42,28
36354,p18195,9,40
36355,p18196,73,8
36358,p18197,70,64
36361,p18198,22,98
36363,p18199,16,15
36365,p18200,7,96
36366,p18201,57,28
36367,p18202,73,74
36370,p18203,28,6
36371,p18204,72,8
36374,p18205,31,68
36377,p18206,95,47
36380,p18207,16,35
36382,p18208,31,52
36384,p18209,48,37
36386,p18210,5,34
36388,p18211,36,2
36391,p18212,82,32
36394,p18213,98,54
36396,p18214,79,73
36398,p18215,15,2
36401,p18216,53,86
36403,p18217,15,42
36405,p18218,37,26
36406,p18219,9,61
36408,p18220,25,49
36410,p18221,51,100
36412,p18222,81,15
36415,p18223,52,23
36416,p18224,39,67
36417,p18225,67,64
36419,p18226,25,13
36422,p18227,51,100
36424,p18228,33,50
36427,p18229,84,8
36429,p18230,32,66
36431,p18231,93,36
36432,p18232,31,35
36435,p18233,71,25
36438,p18234,64,68
36441,p18235,56,80
36442,p18236,5,11
36444,p18237,79,14
36445,p18238,40,41
36448,p18239,51,1
36451,p18240,54,42
36452,p18241,39,93
36453,p18242,64,91
36455,p18243,58,14
36457,p18244,40,59
36459,p18245,92,32
36462,p18246,16,49
36465,p18247,3,44
36466,p18248,33,54
36468,p18249,1,25
36471,p18250,1,25
36474,p18251,80,36
36476,p18252,20,94
36478,p18253,74,3
36479,p18254,3,21
36482,p18255,42,65
36483,p18256,29,28
36484,p18257,70,44
36487,p18258,40,77
36489,p18259,74,57
36492,p18260,19,10
36495,p18261,80,23
36497,p18262,91,25
36499,p18263,16,28
36501,p18264,94,35
36503,p18265,44,5
36504,p18266,46,100
36505,p18267,5,93
36508,p18268,24,62
36511,p18269,5,10
36513,p18270,47,2
36516,p18271,85,2
36518,p18272,37,39
36521,p18273,51,48
36524,p18274,5,91
36527,p18275,53,56
36528,p18276,58,42
36530,p18277,56,72
36533,p18278,94,41
36535,p18279,32,80
36538,p18280,82,64
36541,p18281,43,60
36543,p18282,48,66
36545,p18283,8,29
36547,p18284,36,25
36550,p18285,76,83
36553,p18286,49,50
36556,p18287,15,56
36557,p18288,87,6
36558,p18289,71,13
36560,p18290,89,26
36562,p18291,100,13
36565,p18292,51,80
36566,p18293,35,5
36569,p18294,59,7
36571,p18295,93,71
36572,p18296,82,85
36573,p18297,94,66
36575,p18298,68,88
36578,p18299,75,41
36580,p18300,36,54
36583,p18301,17,43
36585,p18302,57,73
36588,p18303,84,27
36589,p18304,79,30
36592,p18305,32,2
36593,p18306,63,49
36594,p18307,48,89
36596,p18308,65,47
36597,p18309,13,97
36599,p18310,93,35
36602,p18311,50,23
36603,p18312,31,29
36606,p18313,87,31
36607,p18314,19,44
36609,p18315,91,54
36612,p18316,45,6
36615,p18317,91,68
36616,p18318,33,19
36617,p18319,44,45
36620,p18320,38,76
36623,p18321,9,68
36624,p18322,80,93
36627,p18323,14,43
36629,p18324,99,69
36632,p18325,27,65
36635,p18326,26,38
36636,p18327,50,75
36637,p18328,21,84
36639,p18329,26,49
36641,p18330,8,66
36642,p18331,92,51
36645,p18332,89,77
36646,p18333,48,77
36648,p18334,28,6
36650,p18335,77,54
36652,p18336,18,40
36653,p18337,72,47
36654,p18338,41,9
36655,p18339,20,82
36656,p18340,22,41
36657,p18341,41,24
36658,p18342,32,49
36661,p18343,81,10
36663,p18344,78,59
36666,p18345,90,10
36668,p18346,52,91
36670,p18347,25,68
36671,p18348,87,99
36673,p18349,91,35
36676,p18350,91,86
36678,p18351,1,81
36679,p18352,35,1
36682,p18353,57,83
36684,p18354,57,53
36686,p18355,89,62
36688,p18356,49,39
36689,p18357,60,9
36692,p18358,2,27
36695,p18359,67,3
36698,p18360,37,54
36701,p18361,34,40
36704,p18362,60,91
36707,p18363,41,63
36708,p18364,30,48
36709,p18365,19,13
36711,p18366,75,73
36713,p18367,1,14
36714,p18368,71,27
36717,p18369,44,1
36718,p18370,97,32
36721,p18371,31,4
36722,p18372,94,61
36724,p18373,30,46
36725,p18374,73,69
36726,p18375,69,86
36729,p18376,74,23
36732,p18377,73,55
36735,p18378,31,55
36738,p18379,68,37
36740,p18380,84,100
36741,p18381,15,1
36743,p18382,89,38
36744,p18383,51,71
36747,p18384,61,64
36748,p18385,15,40
36751,p18386,47,27
36754,p18387,37,74
36755,p18388,99,82
36758,p18389,20,30
36760,p18390,72,61
36761,p18391,49,20
36764,p18392,73,8
36766,p18393,70,24
36769,p18394,53,42
36770,p18395,2,34
36773,p18396,51,34
36776,p18397,35,85
36779,p18398,37,19
36781,p18399,9,25
36783,p18400,60,35
36784,p18401,93,39
36787,p18402,39,73
36789,p18403,71,99
36790,p18404,13,25
36793,p18405,8,47
36796,p18406,47,25
36798,p18407,84,97
36799,p18408,7,54
36800,p18409,99,91
36803,p18410,34,67
36804,p18411,14,91
36805,p18412,89,70
36807,p18413,62,20
36808,p18414,96,13
36809,p18415,66,23
36812,p18416,100,95
36813,p18417,14,88
36815,p18418,47,26
36817,p18419,79,73
36819,p18420,57,56
36821,p18421,83,6
36823,p18422,63,49
36825,p18423,4,33
36827,p18424,39,88
36830,p18425,40,78
36833,p18426,56,99
36834,p18427,82,32
36837,p18428,67,94
36838,p18429,45,64
36841,p18430,56,69
36844,p18431,13,93
36847,p18432,51,89
36850,p18433,48,34
36851,p18434,99,51
36854,p18435,6,46
36855,p18436,65,60
36858,p18437,94,25
36861,p18438,19,26
36862,p18439,5,27
36864,p18440,32,67
36866,p18441,75,14
36867,p18442,63,96
36868,p18443,55,37
36871,p18444,25,81
36872,p18445,68,43
36874,p18446,82,7
36875,p18447,68,43
36877,p18448,16,4
36878,p18449,69,78
36881,p18450,89,32
36884,p18451,12,35
36886,p18452,50,13
36889,p18453,59,53
36890,p18454,82,26
36892,p18455,71,100
36895,p18456,50,26
36896,p18457,68,45
36897,p18458,72,67
36899,p18459,68,18
36901,p18460,71,29
36903,p18461,9,72
36904,p18462,57,15
36905,p18463,60,87
36908,p18464,9,72
36910,p18465,56,92
36911,p18466,29,45
36914,p18467,79,34
36916,p18468,20,45
36919,p18469,37,1
36921,p18470,5,72
36924,p18471,28,20
36925,p18472,89,2
36928,p18473,86,34
36930,p18474,81,77
36932,p18475,52,71
36935,p18476,55,1
36936,p18477,29,64
36938,p18478,2,35
36941,p18479,75,79
36943,p18480,87,20
36945,p18481,14,38
36948,p18482,35,41
36951,p18483,5,1
36953,p18484,13,39
36954,p18485,77,62
36956,p18486,5,74
36958,p18487,53,24
36959,p18488,53,23
36961,p18489,86,76
36964,p18490,100,38
36966,p18491,71,45
36969,p18492,10,11
36972,p18493,88,98
36973,p18494,16,9
36974,p18495,86,46
36975,p18496,40,3
36978,p18497,8,22
36979,p18498,64,39
36980,p18499,9,22
36981,p18500,87,96
36983,p18501,37,63
36986,p18502,81,93
36987,p18503,36,62
36988,p18504,26,97
36989,p18505,19,41
36992,p18506,30,34
36994,p18507,16,77
36996,p18508,18,68
36997,p18509,57,60
37000,p18510,88,22
37001,p18511,43,2
37002,p18512,79,28
37004,p18513,69,29
37005,p18514,39,18
37008,p18515,8,7
37009,p18516,29,43
37011,p18517,8,43
37013,p18518,55,75
37016,p18519,25,58
37018,p18520,97,61
37019,p18521,19,16
37021,p18522,14,1
37023,p18523,32,18
37025,p18524,73,72
37026,p18525,94,57
37028,p18526,62,49
37030,p18527,61,68
37031,p18528,97,41
37033,p18529,37,61
37034,p18530,97,22
37037,p18531,77,86
37038,p18532,22,37
37040,p18533,67,60
37043,p18534,89,47
37046,p18535,83,37
37047,p18536,88,56
37048,p18537,19,64
37051,p18538,17,86
37052,p18539,7,19
37054,p18540,6,96
37056,p18541,7,81
37059,p18542,71,76
37061,p18543,83,62
37063,p18544,81,46
37065,p18545,93,14
37066,p18546,60,100
37068,p18547,27,56
37071,p18548,45,51
37074,p18549,29,95
37076,p18550,50,93
37079,p18551,72,17
37080,p18552,52,48
37082,p18553,21,31
37085,p18554,23,34
37088,p18555,42,64
37091,p18556,95,86
37092,p18557,79,2
37093,p18558,57,44
37096,p18559,86,16
37099,p18560,10,7
37100,p18561,51,100
37103,p18562,32,34
37106,p18563,6,39
37108,p18564,30,64
37109,p18565,92,64
37110,p18566,62,16
37113,p18567,58,54
37116,p18568,81,4
37118,p18569,69,98
37120,p18570,97,32
37121,p18571,11,78
37122,p18572,41,85
37124,p18573,92,70
37127,p18574,82,40
37128,p18575,87,59
37129,p18576,68,22
37130,p18577,15,55
37133,p18578,3,43
37135,p18579,30,51
37137,p18580,94,77
37140,p18581,83,97
37141,p18582,85,80
37143,p18583,79,96
37145,p18584,79,22
37146,p18585,31,24
37148,p18586,98,97
37150,p18587,23,81
37153,p18588,79,30
37154,p18589,13,63
37155,p18590,41,21
37157,p18591,85,40
37158,p18592,35,79
37161,p18593,15,19
37164,p18594,8,34
37165,p18595,60,77
37166,p18596,52,8
37169,p18597,59,13
37172,p18598,56,65
37175,p18599,49,54
37178,p18600,64,4
37181,p18601,29,47
37183,p18602,57,29
37185,p18603,34,45
37188,p18604,53,24
37190,p18605,11,61
37191,p18606,77,20
37193,p18607,67,35
37195,p18608,34,19
37198,p18609,74,30
37199,p18610,51,25
37201,p18611,70,22
37202,p18612,34,53
37203,p18613,26,69
37205,p18614,80,15
37207,p18615,88,14
37208,p18616,75,71
37210,p18617,65,5
37212,p18618,62,18
37215,p18619,26,15
37216,p18620,52,45
37219,p18621,88,86
37222,p18622,78,61
37224,p18623,92,33
37225,p18624,76,49
37226,p18625,99,32
37227,p18626,32,42
37230,p18627,58,27
37232,p18628,5,34
37235,p18629,95,89
37237,p18630,78,35
37240,p18631,92,68
37243,p18632,51,79
37244,p18633,60,68
37246,p18634,32,76
37247,p18635,59,55
37249,p18636,59,93
37250,p18637,83,19
37251,p18638,17,30
37253,p18639,61,39
37256,p18640,7,4
37258,p18641,15,86
37259,p18642,40,75
37260,p18643,25,71
37261,p18644,82,80
37262,p18645,69,78
37263,p18646,48,88
37264,p18647,24,30
37266,p18648,67,40
37267,p18649,65,12
37269,p18650,82,51
37271,p18651,23,11
37273,p18652,70,36
37276,p18653,14,60
37278,p18654,39,15
37281,p18655,66,43
37284,p18656,10,40
37286,p18657,86,37
37288,p18658,43,97
37289,p18659,58,29
37291,p18660,83,5
37293,p18661,47,24
37296,p18662,81,84
37299,p18663,84,77
37302,p18664,61,50
37303,p18665,51,98
37305,p18666,66,64
37308,p18667,76,22
37310,p18668,71,16
37312,p18669,40,36
37315,p18670,84,20
37317,p18671,32,21
37319,p18672,4,17
37321,p18673,18,6
37322,p18674,16,62
37325,p18675,61,60
37328,p18676,36,4
37329,p18677,85,95
37331,p18678,2,82
37334,p18679,99,41
37335,p18680,31,38
37338,p18681,43,3
37341,p18682,56,44
37344,p18683,21,2
37345,p18684,15,74
37348,p18685,36,82
37351,p18686,74,61
37354,p18687,35,33
37355,p18688,78,38
37357,p18689,87,68
37358,p18690,98,80
37359,p18691,95,91
37361,p18692,8,68
37362,p18693,35,90
37364,p18694,23,32
37365,p18695,22,32
37367,p18696,28,59
37368,p18697,73,90
37369,p18698,62,25
37370,p18699,51,31
37373,p18700,34,15
37376,p18701,83,4
37377,p18702,24,63
37379,p18703,83,93
37382,p18704,59,73
37385,p18705,35,27
37386,p18706,33,40
37387,p18707,81,41
37388,p18708,13,29
37389,p18709,38,37
37390,p18710,44,40
37393,p18711,42,19
37396,p18712,22,63
37398,p18713,97,4
37400,p18714,55,50
37403,p18715,38,45
37404,p18716,50,86
37407,p18717,76,77
37409,p18718,96,37
37412,p18719,68,16
37415,p18720,21,25
37416,p18721,10,62
37419,p18722,80,64
37422,p18723,54,96
37423,p18724,1,59
37425,p18725,51,71
37426,p18726,25,3
37429,p18727,10,14
37432,p18728,27,65
37433,p18729,88,69
37434,p18730,7,52
37437,p18731,89,1
37438,p18732,17,88
37441,p18733,41,16
37444,p18734,64,73
37447,p18735,86,92
37450,p18736,18,6
37451,p18737,31,30
37454,p18738,92,84
37457,p18739,11,33
37459,p18740,5,42
37460,p18741,18,23
37461,p18742,20,26
37462,p18743,3,69
37464,p18744,21,25
37465,p18745,81,84
37468,p18746,8,17
37470,p18747,2,54
37472,p18748,62,58
37475,p18749,62,15
37477,p18750,63,50
37480,p18751,63,72
37483,p18752,66,65
37485,p18753,51,33
37488,p18754,20,31
37491,p18755,71,72
37494,p18756,21,86
37496,p18757,51,86
37497,p18758,61,78
37499,p18759,25,20
37502,p18760,98,29
37505,p18761,23,30
37506,p18762,68,37
37508,p18763,5,33
37509,p18764,90,56
37511,p18765,66,22
37513,p18766,59,66
37516,p18767,72,68
37517,p18768,31,51
37518,p18769,93,24
37519,p18770,46,66
37521,p18771,9,46
37522,p18772,94,24
37525,p18773,28,18
37527,p18774,27,16
37529,p18775,5,38
37530,p18776,60,31
37533,p18777,97,15
37534,p18778,89,30
37537,p18779,51,22
37540,p18780,86,52
37541,p18781,57,9
37543,p18782,61,32
37545,p18783,17,93
37546,p18784,93,73
37548,p18785,44,75
37550,p18786,95,93
37553,p18787,5,97
37555,p18788,96,61
37558,p18789,59,95
37560,p18790,3,75
37561,p18791,4,69
37563,p18792,25,96
37566,p18793,97,5
37569,p18794,54,77
37570,p18795,80,42
37573,p18796,94,83
37574,p18797,38,9
37575,p18798,65,83
37577,p18799,9,36
37578,p18800,88,38
37581,p18801,73,28
37583,p18802,85,96
37585,p18803,74,57
37587,p18804,55,29
37590,p18805,75,73
37592,p18806,88,54
37594,p18807,28,93
37597,p18808,31,59
37599,p18809,72,20
37601,p18810,18,22
37602,p18811,69,50
37605,p18812,22,28
37607,p18813,63,22
37610,p18814,91,50
37612,p18815,6,88
37613,p18816,66,51
37616,p18817,45,80
37617,p18818,95,50
37620,p18819,94,4
37622,p18820,49,97
37623,p18821,6,62
37626,p18822,52,34
37628,p18823,28,52
37631,p18824,3,38
37634,p18825,100,85
37637,p18826,8,37
37640,p18827,37,90
37642,p18828,97,22
37645,p18829,36,46
37646,p18830,45,33
37649,p18831,43,2
37652,p18832,82,58
37654,p18833,56,54
37657,p18834,62,4
37658,p18835,4,89
37660,p18836,26,49
37663,p18837,43,56
37665,p18838,61,46
37666,p18839,29,36
37669,p18840,5,31
37670,p18841,77,36
37673,p18842,20,30
37675,p18843,12,39
37677,p18844,62,5
37680,p18845,38,86
37681,p18846,25,63
37682,p18847,16,7
37683,p18848,95,96
37685,p18849,31,10
37686,p18850,18,23
37687,p18851,90,18
37690,p18852,7,84
37692,p18853,4,94
37694,p18854,72,67
37697,p18855,86,89
37700,p18856,56,2
37702,p18857,65,54
37705,p18858,64,53
37706,p18859,62,4
37708,p18860,76,33
37710,p18861,49,40
37712,p18862,85,83
37715,p18863,53,5
37718,p18864,70,95
37719,p18865,74,36
37721,p18866,38,46
37724,p18867,33,97
37725,p18868,66,18
37728,p18869,11,3
37729,p18870,47,8
37731,p18871,49,5
37734,p18872,14,96
37736,p18873,94,25
37739,p18874,34,43
37740,p18875,14,57
37742,p18876,92,61
37744,p18877,71,63
37747,p18878,76,12
37749,p18879,27,1
37750,p18880,14,18
37751,p18881,9,62
37752,p18882,92,99
37753,p18883,68,25
37756,p18884,14,79
37758,p18885,3,48
37759,p18886,87,90
37762,p18887,59,10
37764,p18888,26,96
37766,p18889,94,51
37768,p18890,85,83
37770,p18891,64,16
37772,p18892,95,19
37775,p18893,45,23
37776,p18894,72,13
37778,p18895,37,69
37780,p18896,87,20
37781,p18897,98,58
37784,p18898,67,14
37786,p18899,12,81
37787,p18900,74,67
37788,p18901,26,23
37791,p18902,58,59
37793,p18903,48,26
37794,p18904,34,79
37795,p18905,28,87
37796,p18906,91,4
37798,p18907,48,89
37799,p18908,50,27
37801,p18909,96,29
37802,p18910,52,79
37803,p18911,77,50
37806,p18912,37,63
37807,p18913,51,93
37808,p18914,4,63
37809,p18915,31,24
37812,p18916,74,13
37813,p18917,68,19
37815,p18918,22,50
37817,p18919,98,26
37820,p18920,19,55
37821,p18921,32,78
37822,p18922,27,36
37824,p18923,2,15
37825,p18924,37,10
37826,p18925,73,17
37827,p18926,46,16
37830,p18927,66,48
37833,p18928,46,45
37836,p18929,24,33
37838,p18930,16,90
37839,p18931,53,39
37840,p18932,41,2
37843,p18933,57,98
37844,p18934,84,30
37845,p18935,35,72
37846,p18936,16,59
37849,p18937,14,34
37850,p18938,34,12
37853,p18939,16,62
37856,p18940,11,51
37857,p18941,5,45
37860,p18942,27,24
37861,p18943,62,78
37863,p18944,1,98
37865,p18945,26,93
37867,p18946,99,12
37870,p18947,90,61
37872,p18948,87,70
37873,p18949,53,73
37874,p18950,23,15
37875,p18951,3,70
37878,p18952,29,33
37879,p18953,80,69
37880,p18954,37,64
37882,p18955,78,31
37884,p18956,25,3
37885,p18957,2,23
37888,p18958,34,23
37889,p18959,16,29
37890,p18960,100,5
37891,p18961,19,50
37893,p18962,52,30
37894,p18963,37,82
37897,p18964,11,75
37899,p18965,10,4
37902,p18966,28,79
37904,p18967,53,23
37906,p18968,42,57
37909,p18969,64,17
37910,p18970,97,3
37913,p18971,43,35
37915,p18972,65,26
37917,p18973,8,49
37920,p18974,47,26
37922,p18975,17,33
37925,p18976,97,59
37926,p18977,9,25
37928,p18978,95,29
37931,p18979,99,47
37932,p18980,83,63
37934,p18981,46,45
37936,p18982,23,46
37937,p18983,68,89
37940,p18984,28,53
37942,p18985,94,67
37945,p18986,80,66
37948,p18987,29,1
37950,p18988,93,41
37953,p18989,73,31
37954,p18990,6,53
37955,p18991,31,48
37958,p18992,20,38
37961,p18993,12,47
37962,p18994,37,82
37964,p18995,45,48
37967,p18996,17,4
37970,p18997,6,58
37971,p18998,63,14
37972,p18999,42,56
37973,p19000,59,27
37975,p19001,7,5
37976,p19002,93,18
37978,p19003,33,98
37979,p19004,29,48
37981,p19005,36,52
37983,p19006,56,99
37986,p19007,15,80
37987,p19008,92,41
37990,p19009,36,39
37993,p19010,57,16
37996,p19011,80,6
37997,p19012,47,50
37998,p19013,14,100
37999,p19014,52,19
38001,p19015,6,84
38003,p19016,18,67
38006,p19017,27,74
38007,p19018,95,63
38009,p19019,60,9
38010,p19020,64,54
38013,p19021,78,72
38014,p19022,48,17
38016,p19023,52,31
38019,p19024,98,78
38021,p19025,97,55
38023,p19026,44,43
38024,p19027,66,80
38025,p19028,48,16
38027,p19029,52,64
38030,p19030,1,75
38032,p19031,47,18
38033,p19032,2,60
38035,p19033,55,54
38038,p19034,42,27
38040,p19035,56,41
38042,p19036,2,33
38043,p19037,75,67
38045,p19038,60,59
38046,p19039,3,32
38048,p19040,32,67
38051,p19041,99,10
38054,p19042,88,99
38055,p19043,21,12
38056,p19044,41,71
38057,p19045,51,84
38060,p19046,99,66
38062,p19047,41,77
38063,p19048,80,4
38066,p19049,32,60
38067,p19050,46,66
38068,p19051,89,16
38070,p19052,93,75
38072,p19053,40,47
38075,p19054,70,79
38077,p19055,48,83
38080,p19056,32,51
38083,p19057,89,45
38086,p19058,19,66
38088,p19059,44,42
38090,p19060,8,98
38093,p19061,61,46
38096,p19062,40,70
38097,p19063,23,55
38099,p19064,49,8
38102,p19065,62,4
38103,p19066,67,60
38104,p19067,7,8
38106,p19068,56,29
38109,p19069,42,52
38112,p19070,24,92
38115,p19071,23,90
38117,p19072,51,74
38120,p19073,86,97
38121,p19074,89,1
38124,p19075,26,8
38126,p19076,56,90
38127,p19077,32,25
38129,p19078,42,63
38131,p19079,82,75
38134,p19080,80,14
38135,p19081,78,6
38138,p19082,66,88
38140,p19083,1,12
38141,p19084,74,10
38142,p19085,98,82
38144,p19086,92,12
38146,p19087,18,32
38147,p19088,29,27
38150,p19089,89,17
38152,p19090,97,71
38155,p19091,3,94
38158,p19092,25,74
38161,p19093,40,39
38163,p19094,28,53
38164,p19095,88,60
38166,p19096,7,59
38168,p19097,33,50
38170,p19098,60,10
38172,p19099,27,32
38175,p19100,29,48
38176,p19101,15,80
38178,p19102,78,34
38181,p19103,81,90
38183,p19104,58,83
38186,p19105,91,22
38188,p19106,35,82
38189,p19107,79,7
38192,p19108,2,98
38195,p19109,82,18
38198,p19110,34,24
38201,p19111,76,52
38204,p19112,96,94
38207,p19113,74,8
38208,p19114,52,49
38211,p19115,58,77
38214,p19116,30,67
38216,p19117,26,92
38218,p19118,42,65
38219,p19119,95,97
38220,p19120,81,17
38222,p19121,60,44
38225,p19122,5,97
38228,p19123,74,15
38231,p19124,100,55
38232,p19125,12,92
38234,p19126,72,14
38235,p19127,20,55
38236,p19128,10,24
38237,p19129,68,31
38239,p19130,27,69
38242,p19131,5,95
38243,p19132,70,38
38246,p19133,28,22
38248,p19134,82,6
38251,p19135,11,67
38254,p19136,54,8
38257,p19137,78,4
38260,p19138,29,25
38263,p19139,89,13
38264,p19140,91,78
38267,p19141,24,12
38270,p19142,77,82
38272,p19143,35,29
38275,p19144,17,40
38277,p19145,25,8
38280,p19146,85,7
38282,p19147,21,60
38284,p19148,64,31
38287,p19149,38,100
38289,p19150,91,74
38291,p19151,54,45
38292,p19152,42,40
38293,p19153,43,75
38294,p19154,74,1
38295,p19155,80,13
38297,p19156,27,77
38300,p19157,73,64
38301,p19158,34,86
38302,p19159,25,73
38304,p19160,27,84
38306,p19161,97,18
38307,p19162,53,95
38309,p19163,74,23
38310,p19164,89,86
38312,p19165,41,69
38315,p19166,86,2
38316,p19167,77,93
38319,p19168,52,40
38321,p19169,12,44
38324,p19170,26,86
38327,p19171,42,79
38329,p19172,4,72
38330,p19173,43,13
38333,p19174,76,38
38334,p19175,53,96
38337,p19176,73,15
38340,p19177,56,23
38342,p19178,63,28
38345,p19179,32,65
38348,p19180,44,32
38349,p19181,51,85
38351,p19182,26,6
38352,p19183,50,83
38355,p19184,50,31
38358,p19185,69,3
38360,p19186,27,44
38362,p19187,52,77
38364,p19188,68,83
38366,p19189,8,32
38367,p19190,33,20
38369,p19191,99,28
38371,p19192,82,13
38374,p19193,33,29
38375,p19194,96,7
38377,p19195,49,94
38379,p19196,22,42
38380,p19197,66,17
38381,p19198,31,14
38384,p19199,70,10
38386,p19200,82,81
38388,p19201,97,48
38391,p19202,6,88
38394,p19203,48,55
38396,p19204,76,24
38397,p19205,4,14
38399,p19206,49,66
38402,p19207,44,30
38403,p19208,78,95
38406,p19209,81,83
38409,p19210,93,83
38410,p19211,91,78
38412,p19212,67,94
38415,p19213,54,52
38417,p19214,35,61
38419,p19215,70,33
38420,p19216,91,19
38421,p19217,75,76
38423,p19218,8,27
38424,p19219,89,71
38426,p19220,54,50
38427,p19221,37,77
38428,p19222,11,34
38430,p19223,65,14
38431,p19224,95,34
38434,p19225,73,15
38435,p19226,92,95
38438,p19227,11,30
38439,p19228,41,23
38441,p19229,11,75
38444,p19230,77,6
38447,p19231,85,77
38448,p19232,74,92
38450,p19233,60,61
38453,p19234,70,86
38454,p19235,78,52
38457,p19236,58,65
38460,p19237,20,9
38463,p19238,52,74
38464,p19239,85,91
38466,p19240,57,37
38468,p19241,86,55
38470,p19242,78,58
38471,p19243,57,96
38473,p19244,63,79
38476,p19245,97,92
38477,p19246,83,94
38479,p19247,98,66
38482,p19248,10,57
38484,p19249,37,99
38485,p19250,63,70
38488,p19251,6,31
38489,p19252,45,51
38491,p19253,26,90
38493,p19254,66,83
38496,p19255,37,93
38498,p19256,31,37
38499,p19257,49,61
38500,p19258,13,22
38502,p19259,1,64
38503,p19260,28,14
38506,p19261,46,75
38509,p19262,25,41
38511,p19263,44,35
38513,p19264,75,83
38515,p19265,31,48
38517,p19266,91,49
38519,p19267,45,39
38521,p19268,20,88
38523,p19269,80,82
38524,p19270,33,74
38525,p19271,86,65
38527,p19272,53,20
38528,p19273,77,41
38531,p19274,54,65
38532,p19275,31,7
38535,p19276,96,11
38536,p19277,64,3
38539,p19278,27,16
38542,p19279,33,91
38544,p19280,10,88
38547,p19281,37,16
38549,p19282,62,16
38550,p19283,35,96
38552,p19284,75,23
38555,p19285,27,80
38557,p19286,65,36
38559,p19287,46,28
38560,p19288,42,50
38561,p19289,24,38
38562,p19290,58,26
38564,p19291,66,51
38567,p19292,86,49
38569,p19293,35,77
38572,p19294,81,100
38573,p19295,58,92
38574,p19296,47,64
38576,p19297,24,25
38578,p19298,98,76
38580,p19299,91,81
38582,p19300,17,56
38585,p19301,4,18
38587,p19302,91,13
38589,p19303,94,6
38591,p19304,76,82
38594,p19305,35,26
38596,p19306,60,28
38597,p19307,28,30
38599,p19308,77,21
38600,p19309,100,44
38603,p19310,35,17
38604,p19311,21,61
38606,p19312,1,10
38609,p19313,7,92
38611,p19314,11,45
38614,p19315,26,4
38616,p19316,90,95
38618,p19317,71,41
38620,p19318,88,28
38621,p19319,100,4
38624,p19320,65,39
38625,p19321,13,55
38626,p19322,59,80
38627,p19323,70,93
38630,p19324,7,82
38631,p19325,93,59
38633,p19326,39,71
38635,p19327,35,10
38636,p19328,40,57
38639,p19329,54,68
38642,p19330,25,20
38645,p19331,55,67
38648,p19332,21,89
38650,p19333,40,4
38651,p19334,20,21
38652,p19335,97,86
38653,p19336,33,91
38656,p19337,54,92
38658,p19338,62,56
38659,p19339,91,52
38660,p19340,71,44
38661,p19341,22,90
38662,p19342,32,40
38664,p19343,78,26
38667,p19344,75,95
38669,p19345,100,55
38672,p19346,8,83
38675,p19347,19,63
38678,p19348,34,42
38681,p19349,33,51
38684,p19350,81,36
38687,p19351,11,58
38689,p19352,43,21
38691,p19353,50,38
38694,p19354,60,72
38696,p19355,74,46
38698,p19356,64,20
38700,p19357,66,6
38701,p19358,58,32
38704,p19359,45,70
38707,p19360,89,44
38709,p19361,52,69
38710,p19362,23,84
38712,p19363,80,96
38715,p19364,97,59
38718,p19365,42,45
38719,p19366,31,76
38721,p19367,47,74
38722,p19368,20,7
38724,p19369,71,50
38726,p19370,24,26
38729,p19371,54,66
38730,p19372,14,49
38733,p19373,83,67
38735,p19374,22,75
38737,p19375,72,34
38740,p19376,35,78
38743,p19377,18,15
38745,p19378,96,9
38747,p19379,96,38
38749,p19380,60,13
38752,p19381,13,97
38754,p19382,25,92
38755,p19383,67,31
38756,p19384,16,49
38759,p19385,42,48
38762,p19386,61,22
38765,p19387,1,96
38768,p19388,81,30
38771,p19389,61,38
38772,p19390,51,26
38774,p19391,24,12
38776,p19392,88,6
38779,p19393,61,48
38780,p19394,8,49
38782,p19395,47,38
38785,p19396,26,68
38786,p19397,92,14
38787,p19398,96,23
38789,p19399,16,70
38791,p19400,68,77
38792,p19401,39,41
38794,p19402,14,59
38795,p19403,51,23
38798,p19404,49,66
38801,p19405,24,67
38804,p19406,63,87
38805,p19407,55,85
38806,p19408,43,94
38809,p19409,12,64
38811,p19410,43,90
38813,p19411,71,65
38814,p19412,4,95
38817,p19413,75,34
38818,p19414,90,78
38819,p19415,21,62
38821,p19416,49,53
38822,p19417,63,67
38823,p19418,93,97
38825,p19419,43,72
38827,p19420,96,84
38830,p19421,52,53
38832,p19422,23,75
38835,p19423,77,41
38837,p19424,58,24
38838,p19425,12,47
38839,p19426,37,40
38841,p19427,79,65
38844,p19428,13,7
38845,p19429,37,24
38848,p19430,87,28
38851,p19431,21,95
38852,p19432,9,6
38853,p19433,43,79
38855,p19434,3,49
38857,p19435,4,69
38860,p19436,7,6
38862,p19437,19,89
38863,p19438,96,31
38866,p19439,98,12
38868,p19440,11,86
38869,p19441,3,7
38872,p19442,2,99
38875,p19443,7,75
38877,p19444,91,2
38879,p19445,31,63
38882,p19446,40,2
38883,p19447,85,96
38885,p19448,72,51
38888,p19449,65,80
38890,p19450,96,65
38891,p19451,69,77
38892,p19452,50,42
38893,p19453,51,88
38894,p19454,26,57
38897,p19455,63,55
38898,p19456,36,44
38900,p19457,47,80
38902,p19458,36,93
38904,p19459,91,9
38907,p19460,83,31
38908,p19461,50,99
38909,p19462,76,86
38911,p19463,85,96
38914,p19464,36,4
38915,p19465,84,2
38917,p19466,50,32
38919,p19467,15,56
38922,p19468,74,63
38924,p19469,76,1
38926,p19470,68,44
38929,p19471,30,41
38932,p19472,40,71
38933,p19473,86,21
38936,p19474,84,8
38939,p19475,17,94
38942,p19476,70,83
38944,p19477,75,11
38946,p19478,16,57
38949,p19479,92,27
38950,p19480,83,51
38953,p19481,53,62
38956,p19482,54,44
38958,p19483,17,28
38959,p19484,78,56
38961,p19485,78,84
38964,p19486,56,98
38966,p19487,2,65
38967,p19488,32,74
38969,p19489,25,73
38970,p19490,72,87
38971,p19491,12,65
38972,p19492,5,70
38974,p19493,26,71
38976,p19494,77,57
38978,p19495,62,18
38981,p19496,44,8
38984,p19497,97,16
38985,p19498,100,32
38987,p19499,12,34
38990,p19500,51,62
38993,p19501,89,96
38994,p19502,26,85
38996,p19503,80,4
38997,p19504,55,13
38999,p19505,86,22
39000,p19506,41,91
39002,p19507,37,90
39005,p19508,72,19
39008,p19509,7,12
39009,p19510,34,14
39012,p19511,89,37
39015,p19512,49,67
39016,p19513,97,87
39017,p19514,20,1
39020,p19515,52,87
39022,p19516,44,58
39025,p19517,92,59
39026,p19518,93,24
39028,p19519,44,91
39031,p19520,41,80
39034,p19521,31,78
39035,p19522,25,87
39038,p19523,68,65
39039,p19524,57,9
39042,p19525,4,85
39043,p19526,56,9
39046,p19527,16,33
39048,p19528,96,35
39051,p19529,46,85
39054,p19530,97,69
39055,p19531,78,92
39057,p19532,77,28
39059,p19533,95,83
39061,p19534,15,65
39062,p19535,59,20
39064,p19536,97,5
39066,p19537,38,30
39068,p19538,25,72
39071,p19539,44,11
39073,p19540,2,21
39075,p19541,38,72
39077,p19542,24,8
39079,p19543,66,78
39081,p19544,99,22
39083,p19545,31,74
39086,p19546,48,90
39088,p19547,54,65
39090,p19548,9,84
39092,p19549,55,93
39093,p19550,90,69
39095,p19551,76,69
39098,p19552,33,14
39100,p19553,76,89
39101,p19554,16,80
39104,p19555,46,92
39106,p19556,62,69
39109,p19557,85,35
39112,p19558,7,50
39115,p19559,53,63
39117,p19560,62,97
39118,p19561,96,90
39120,p19562,84,62
39122,p19563,47,40
39123,p19564,51,49
39124,p19565,57,41
39126,p19566,51,54
39127,p19567,26,24
39128,p19568,67,82
39130,p19569,7,49
39133,p19570,1,91
39135,p19571,23,14
39138,p19572,88,18
39139,p19573,32,46
39142,p19574,99,78
39143,p19575,52,93
39146,p19576,9,71
39149,p19577,17,23
39150,p19578,3,88
39151,p19579,20,34
39153,p19580,28,54
39154,p19581,16,32
39155,p19582,98,16
39156,p19583,97,75
39158,p19584,67,73
39160,p19585,80,73
39161,p19586,43,34
39162,p19587,61,31
39164,p19588,46,68
39165,p19589,66,5
39168,p19590,33,95
39171,p19591,21,89
39172,p19592,56,78
39173,p19593,13,6
39174,p19594,97,33
39176,p19595,82,40
39178,p19596,2,64
39179,p19597,85,20
39181,p19598,71,50
39182,p19599,83,29
39183,p19600,65,12
39184,p19601,65,63
39187,p19602,11,79
39188,p19603,86,8
39189,p19604,41,80
39190,p19605,74,46
39191,p19606,16,47
39193,p19607,57,48
39195,p19608,25,93
39198,p19609,90,77
39200,p19610,36,42
39203,p19611,43,12
39206,p19612,70,21
39209,p19613,57,86
39210,p19614,36,7
39212,p19615,60,50
39214,p19616,71,90
39216,p19617,29,44
39219,p19618,93,41
39220,p19619,19,72
39222,p19620,8,48
39223,p19621,32,36
39224,p19622,4,8
39225,p19623,96,55
39228,p19624,57,53
39231,p19625,92,8
39232,p19626,55,21
39235,p19627,60,71
39237,p19628,33,4
39239,p19629,63,56
39241,p19630,32,56
39242,p19631,51,27
39245,p19632,30,90
39247,p19633,19,82
39248,p19634,36,33
39250,p19635,10,7
39253,p19636,59,57
39255,p19637,83,5
39257,p19638,66,15
39259,p19639,42,74
39261,p19640,66,67
39263,p19641,63,76
39266,p19642,31,63
39268,p19643,18,25
39270,p19644,18,34
39271,p19645,49,91
39272,p19646,47,99
39275,p19647,84,52
39278,p19648,100,25
39280,p19649,38,55
39283,p19650,98,27
39286,p19651,59,19
39287,p19652,23,56
39290,p19653,21,2
39291,p19654,40,85
39293,p19655,18,69
39296,p19656,10,4
39297,p19657,89,76
39300,p19658,53,18
39303,p19659,25,64
39306,p19660,35,46
39309,p19661,56,10
39312,p19662,97,79
39315,p19663,40,60
39317,p19664,69,26
39320,p19665,42,5
39323,p19666,77,52
39325,p19667,50,36
39328,p19668,48,24
39331,p19669,28,74
39334,p19670,42,89
39336,p19671,26,13
39339,p19672,18,60
39341,p19673,62,35
39344,p19674,45,17
39347,p19675,73,57
39349,p19676,99,41
39350,p19677,44,76
39351,p19678,57,60
39354,p19679,59,99
39356,p19680,77,62
39357,p19681,41,45
39359,p19682,85,95
39362,p19683,82,13
39365,p19684,63,40
39366,p19685,96,4
39368,p19686,56,24
39369,p19687,8,25
39370,p19688,30,14
39371,p19689,65,29
39373,p19690,34,60
39375,p19691,100,89
39378,p19692,8,98
39380,p19693,4,80
39382,p19694,71,11
39385,p19695,74,55
39388,p19696,57,75
39391,p19697,58,45
39394,p19698,74,100
39396,p19699,64,98
39397,p19700,13,75
39400,p19701,87,1
39402,p19702,65,29
39403,p19703,58,26
39405,p19704,100,9
39408,p19705,34,92
39409,p19706,74,26
39411,p19707,84,98
39413,p19708,81,70
39415,p19709,7,2
39418,p19710,34,8
39421,p19711,15,34
39423,p19712,93,43
39426,p19713,85,19
39429,p19714,30,77
39430,p19715,88,9
39432,p19716,67,20
39434,p19717,88,89
39435,p19718,57,3
39437,p19719,4,79
39439,p19720,59,55
39442,p19721,30,64
39444,p19722,50,87
39446,p19723,76,55
39448,p19724,20,46
39449,p19725,82,26
39451,p19726,55,17
39454,p19727,7,98
39457,p19728,45,93
39459,p19729,82,5
39462,p19730,79,33
39464,p19731,93,42
39466,p19732,26,68
39468,p19733,69,51
39470,p19734,93,75
39471,p19735,33,94
39474,p19736,22,59
39477,p19737,33,43
39478,p19738,99,52
39479,p19739,63,72
39482,p19740,78,1
39484,p19741,31,67
39485,p19742,73,9
39487,p19743,85,45
39489,p19744,100,91
39490,p19745,26,17
39492,p19746,88,37
39494,p19747,76,1
39496,p19748,99,36
39499,p19749,95,37
39502,p19750,91,25
39503,p19751,78,74
39506,p19752,36,42
39508,p19753,13,86
39511,p19754,76,92
39514,p19755,66,5
39516,p19756,64,51
39518,p19757,8,22
39520,p19758,5,45
39522,p19759,59,8
39523,p19760,43,55
39524,p19761,34,57
39527,p19762,93,52
39529,p19763,10,64
39532,p19764,84,54
39535,p19765,42,53
39538,p19766,70,5
39540,p19767,53,73
39543,p19768,77,6
39546,p19769,13,76
39549,p19770,43,94
39550,p19771,42,22
39551,p19772,51,50
39553,p19773,77,93
39555,p19774,59,75
39558,p19775,49,91
39559,p19776,52,6
39561,p19777,62,44
39564,p19778,17,57
39565,p19779,42,8
39566,p19780,77,66
39568,p19781,33,64
39570,p19782,57,17
39573,p19783,4,11
39574,p19784,67,36
39575,p19785,31,64
39577,p19786,50,63
39580,p19787,5,35
39583,p19788,38,82
39586,p19789,88,20
39588,p19790,62,38
39591,p19791,25,21
39593,p19792,65,16
39594,p19793,79,75
39595,p19794,56,43
39596,p19795,56,30
39598,p19796,50,2
39600,p19797,60,17
39603,p19798,36,92
39605,p19799,79,29
39607,p19800,84,10
39610,p19801,1,42
39612,p19802,37,85
39615,p19803,86,11
39616,p19804,68,37
39618,p19805,19,39
39620,p19806,85,51
39621,p19807,91,59
39624,p19808,18,46
39627,p19809,89,76
39629,p19810,37,10
39632,p19811,81,4
39635,p19812,84,60
39637,p19813,62,92
39640,p19814,32,97
39643,p19815,44,29
39646,p19816,30,63
39649,p19817,87,61
39650,p19818,25,73
39651,p19819,96,28
39653,p19820,65,94
39655,p19821,61,66
39658,p19822,33,81
39661,p19823,29,95
39663,p19824,38,34
39665,p19825,99,10
39666,p19826,56,71
39668,p19827,3,71
39669,p19828,47,98
39670,p19829,58,26
39673,p19830,80,47
39675,p19831,2,26
39678,p19832,57,15
39681,p19833,63,85
39683,p19834,49,85
39686,p19835,67,46
39687,p19836,58,42
39690,p19837,53,28
39691,p19838,43,93
39692,p19839,3,82
39693,p19840,13,69
39695,p19841,13,73
39697,p19842,22,77
39699,p19843,65,91
39701,p19844,53,93
39704,p19845,31,37
39706,p19846,29,77
39707,p19847,84,86
39709,p19848,9,13
39711,p19849,35,98
39714,p19850,1,16
39717,p19851,51,43
39720,p19852,21,26
39722,p19853,44,82
39725,p19854,51,100
39727,p19855,11,78
39729,p19856,5,82
39731,p19857,82,74
39732,p19858,95,57
39735,p19859,18,22
39737,p19860,51,80
39738,p19861,38,23
39740,p19862,43,10
39743,p19863,65,51
39746,p19864,30,39
39747,p19865,20,99
39748,p19866,80,83
39751,p19867,22,4
39752,p19868,16,59
39753,p19869,17,95
39754,p19870,95,61
39757,p19871,53,59
39758,p19872,71,87
39761,p19873,57,36
39763,p19874,50,76
39766,p19875,91,55
39769,p19876,9,33
39772,p19877,67,74
39774,p19878,31,40
39775,p19879,25,87
39777,p19880,48,42
39780,p19881,85,39
39781,p19882,99,88
39782,p19883,98,50
39784,p19884,49,100
39785,p19885,100,87
39787,p19886,25,81
39788,p19887,51,71
39790,p19888,33,37
39792,p19889,8,58
39795,p19890,73,99
39796,p19891,40,38
39799,p19892,27,32
39801,p19893,54,66
39804,p19894,21,31
39806,p19895,47,13
39808,p19896,13,46
39811,p19897,12,62
39812,p19898,68,60
39814,p19899,84,69
39817,p19900,66,55
39818,p19901,51,93
39820,p19902,21,6
39821,p19903,58,11
39823,p19904,73,31
39826,p19905,85,6
39828,p19906,68,73
39831,p19907,77,14
39834,p19908,74,7
39835,p19909,55,91
39838,p19910,24,1
39841,p19911,55,6
39843,p19912,87,45
39844,p19913,69,18
39846,p19914,36,25
39847,p19915,9,53
39848,p19916,4,35
39850,p19917,39,21
39852,p19918,55,13
39853,p19919,42,75
39854,p19920,11,52
39855,p19921,42,27
39858,p19922,75,83
39859,p19923,13,3
39861,p19924,36,43
39863,p19925,43,70
39864,p19926,74,58
39867,p19927,19,18
39870,p19928,10,86
39871,p19929,15,28
39874,p19930,37,59
39876,p19931,19,27
39878,p19932,56,41
39879,p19933,95,35
39881,p19934,74,86
39884,p19935,89,78
39885,p19936,73,12
39886,p19937,1,42
39888,p19938,100,25
39891,p19939,88,97
39892,p19940,48,28
39893,p19941,36,6
39894,p19942,2,7
39896,p19943,24,65
39898,p19944,28,67
39900,p19945,74,81
39902,p19946,89,23
39904,p19947,11,54
39905,p19948,71,84
39906,p19949,55,86
39909,p19950,97,56
39910,p19951,19,23
39911,p19952,34,36
39912,p19953,27,62
39913,p19954,57,91
39915,p19955,18,5
39916,p19956,57,49
39917,p19957,94,37
39919,p19958,31,10
39922,p19959,15,58
39924,p19960,41,53
39926,p19961,25,87
39928,p19962,30,87
39931,p19963,47,28
39932,p19964,50,14
39935,p19965,98,23
39938,p19966,96,33
39939,p19967,55,88
39942,p19968,34,38
39944,p19969,78,15
39947,p19970,34,68
39949,p19971,14,56
39951,p19972,56,3
39952,p19973,17,44
39954,p19974,98,64
39955,p19975,65,95
39957,p19976,92,68
39960,p19977,41,20
39962,p19978,29,64
39965,p19979,11,53
39968,p19980,70,44
39970,p19981,6,58
39973,p19982,30,11
39975,p19983,31,12
39978,p19984,73,30
39979,p19985,86,96
39982,p19986,55,3
39984,p19987,4,62
39987,p19988,76,7
39988,p19989,84,31
39989,p19990,46,14
39992,p19991,71,32
39993,p19992,3,98
39994,p19993,90,55
39996,p19994,94,95
39997,p19995,67,25
40000,p19996,67,71
40003,p19997,42,47
40006,p19998,68,37
40007,p19999,35,87
