time,id,source,dest
0,p0,61,77
0,p1,66,77
0,p2,78,41
0,p3,8,41
0,p4,35,97
0,p5,62,70
0,p6,90,6
0,p7,44,72
0,p8,90,39
0,p9,38,25
0,p10,17,53
0,p11,63,16
0,p12,81,1
0,p13,38,24
0,p14,91,92
0,p15,78,60
0,p16,21,3
0,p17,65,34
0,p18,10,100
0,p19,8,78
0,p20,44,48
0,p21,81,61
0,p22,43,28
0,p23,61,69
0,p24,59,10
0,p25,29,53
0,p26,69,60
0,p27,84,94
0,p28,36,19
0,p29,89,2
0,p30,73,28
0,p31,68,92
0,p32,50,28
0,p33,36,19
0,p34,45,99
0,p35,10,95
0,p36,10,57
0,p37,19,96
0,p38,31,15
0,p39,79,94
0,p40,6,33
0,p41,13,76
0,p42,13,74
0,p43,18,96
0,p44,46,27
0,p45,44,9
0,p46,51,77
0,p47,80,73
0,p48,95,5
0,p49,89,52
0,p50,29,53
0,p51,17,61
0,p52,16,8
0,p53,77,17
0,p54,57,25
0,p55,30,11
0,p56,12,4
0,p57,56,9
0,p58,48,78
0,p59,9,48
0,p60,41,94
0,p61,87,51
0,p62,9,63
0,p63,46,5
0,p64,14,6
0,p65,78,71
0,p66,63,98
0,p67,38,18
0,p68,15,13
0,p69,74,56
0,p70,72,27
0,p71,50,6
0,p72,47,81
0,p73,37,19
0,p74,49,79
0,p75,79,57
0,p76,60,73
0,p77,14,67
0,p78,4,26
0,p79,56,67
0,p80,16,79
0,p81,16,40
0,p82,3,31
0,p83,59,21
0,p84,3,20
0,p85,26,74
0,p86,48,53
0,p87,90,20
0,p88,9,49
0,p89,98,62
0,p90,24,55
0,p91,91,47
0,p92,68,77
0,p93,60,77
0,p94,90,89
0,p95,45,97
0,p96,27,5
0,p97,41,42
0,p98,80,46
0,p99,22,52
0,p100,93,83
0,p101,48,95
0,p102,61,45
0,p103,56,1
0,p104,80,78
0,p105,92,65
0,p106,20,60
0,p107,53,27
0,p108,44,11
0,p109,52,27
0,p110,2,100
0,p111,6,37
0,p112,14,24
0,p113,90,54
0,p114,91,17
0,p115,7,44
0,p116,96,38
0,p117,12,20
0,p118,44,96
0,p119,80,15
0,p120,57,83
0,p121,62,36
0,p122,96,39
0,p123,47,8
0,p124,34,13
0,p125,59,88
0,p126,89,76
0,p127,45,66
0,p128,27,58
0,p129,67,41
0,p130,55,38
0,p131,77,56
0,p132,2,88
0,p133,55,87
0,p134,70,78
0,p135,23,68
0,p136,10,14
0,p137,69,30
0,p138,53,16
0,p139,1,57
0,p140,24,70
0,p141,10,98
0,p142,90,49
0,p143,65,70
0,p144,44,56
0,p145,66,36
0,p146,41,75
0,p147,61,46
0,p148,49,20
0,p149,71,64
0,p150,48,54
0,p151,78,92
0,p152,31,2
0,p153,20,73
0,p154,33,14
0,p155,48,78
0,p156,23,27
0,p157,94,83
0,p158,33,29
0,p159,44,68
0,p160,8,69
0,p161,74,99
0,p162,1,90
0,p163,64,23
0,p164,8,55
0,p165,6,55
0,p166,44,15
0,p167,48,27
0,p168,66,53
0,p169,50,89
0,p170,95,94
0,p171,34,97
0,p172,11,66
0,p173,23,100
0,p174,64,36
0,p175,92,13
0,p176,55,72
0,p177,13,50
0,p178,31,46
0,p179,13,64
0,p180,42,46
0,p181,18,92
0,p182,8,82
0,p183,21,31
0,p184,68,88
0,p185,9,58
0,p186,42,35
0,p187,67,7
0,p188,63,4
0,p189,85,44
0,p190,16,55
0,p191,46,67
0,p192,43,78
0,p193,63,21
0,p194,9,64
0,p195,60,25
0,p196,86,32
0,p197,43,18
0,p198,94,59
0,p199,8,27
0,p200,85,44
0,p201,56,82
0,p202,59,16
0,p203,74,83
0,p204,34,25
0,p205,50,80
0,p206,45,62
0,p207,72,6
0,p208,9,14
0,p209,80,73
0,p210,73,74
0,p211,31,30
0,p212,55,26
0,p213,44,63
0,p214,28,90
0,p215,74,22
0,p216,17,33
0,p217,74,75
0,p218,7,70
0,p219,63,17
0,p220,38,69
0,p221,35,67
0,p222,34,54
0,p223,83,84
0,p224,57,37
0,p225,54,14
0,p226,89,53
0,p227,91,86
0,p228,63,61
0,p229,64,20
0,p230,56,99
0,p231,49,63
0,p232,5,10
0,p233,9,40
0,p234,55,14
0,p235,67,45
0,p236,96,47
0,p237,80,12
0,p238,33,28
0,p239,6,74
0,p240,39,4
0,p241,37,44
0,p242,12,2
0,p243,81,70
0,p244,65,79
0,p245,85,72
0,p246,64,61
0,p247,72,7
0,p248,18,90
0,p249,49,46
0,p250,94,60
0,p251,9,55
0,p252,13,12
0,p253,22,13
0,p254,5,80
0,p255,4,61
0,p256,75,90
0,p257,31,79
0,p258,55,23
0,p259,35,93
0,p260,60,43
0,p261,68,28
0,p262,90,69
0,p263,83,12
0,p264,62,7
0,p265,86,36
0,p266,32,95
0,p267,35,36
0,p268,2,87
0,p269,3,30
0,p270,33,45
0,p271,47,89
0,p272,46,67
0,p273,83,66
0,p274,74,78
0,p275,79,73
0,p276,23,17
0,p277,72,75
0,p278,69,13
0,p279,33,59
0,p280,20,84
0,p281,46,34
0,p282,25,66
0,p283,59,42
0,p284,49,41
0,p285,89,51
0,p286,15,99
0,p287,29,6
0,p288,30,67
0,p289,1,27
0,p290,42,75
0,p291,98,55
0,p292,58,66
0,p293,30,38
0,p294,79,47
0,p295,71,81
0,p296,41,75
0,p297,90,15
0,p298,3,36
0,p299,43,93
0,p300,44,54
0,p301,85,29
0,p302,6,99
0,p303,73,47
0,p304,67,58
0,p305,56,73
0,p306,25,8
0,p307,53,42
0,p308,25,33
0,p309,19,72
0,p310,34,22
0,p311,92,70
0,p312,70,22
0,p313,86,96
0,p314,73,11
0,p315,57,25
0,p316,100,52
0,p317,9,38
0,p318,19,11
0,p319,20,96
0,p320,95,89
0,p321,50,96
0,p322,76,71
0,p323,40,83
0,p324,11,35
0,p325,30,55
0,p326,53,30
0,p327,98,74
0,p328,19,81
0,p329,97,13
0,p330,62,40
0,p331,25,47
0,p332,49,70
0,p333,23,44
0,p334,58,14
0,p335,64,9
0,p336,57,72
0,p337,51,91
0,p338,84,33
0,p339,85,73
0,p340,75,3
0,p341,77,70
0,p342,40,26
0,p343,78,23
0,p344,84,16
0,p345,19,80
0,p346,65,85
0,p347,98,14
0,p348,91,23
0,p349,100,17
0,p350,84,12
0,p351,86,53
0,p352,65,62
0,p353,53,35
0,p354,38,81
0,p355,37,3
0,p356,49,29
0,p357,4,71
0,p358,74,79
0,p359,94,88
0,p360,31,9
0,p361,5,81
0,p362,85,88
0,p363,49,48
0,p364,55,80
0,p365,10,62
0,p366,38,6
0,p367,36,88
0,p368,39,76
0,p369,10,63
0,p370,65,3
0,p371,21,64
0,p372,94,99
0,p373,23,53
0,p374,73,57
0,p375,6,10
0,p376,56,61
0,p377,65,18
0,p378,79,70
0,p379,51,60
0,p380,98,39
0,p381,29,30
0,p382,37,34
0,p383,36,42
0,p384,13,69
0,p385,32,83
0,p386,40,13
0,p387,21,33
0,p388,41,54
0,p389,29,26
0,p390,13,30
0,p391,3,10
0,p392,70,78
0,p393,33,67
0,p394,67,1
0,p395,19,26
0,p396,4,65
0,p397,92,97
0,p398,19,80
0,p399,4,31
0,p400,34,31
0,p401,3,46
0,p402,87,74
0,p403,98,75
0,p404,17,95
0,p405,71,100
0,p406,100,38
0,p407,91,16
0,p408,5,57
0,p409,89,30
0,p410,10,85
0,p411,50,23
0,p412,93,4
0,p413,61,75
0,p414,61,25
0,p415,48,67
0,p416,43,22
0,p417,60,66
0,p418,83,73
0,p419,32,56
0,p420,92,61
0,p421,3,98
0,p422,83,42
0,p423,97,53
0,p424,38,58
0,p425,1,14
0,p426,89,44
0,p427,25,87
0,p428,41,34
0,p429,23,80
0,p430,32,99
0,p431,54,55
0,p432,34,11
0,p433,49,19
0,p434,100,31
0,p435,18,98
0,p436,98,55
0,p437,77,6
0,p438,34,70
0,p439,12,60
0,p440,94,87
0,p441,92,4
0,p442,6,86
0,p443,99,56
0,p444,54,43
0,p445,7,45
0,p446,13,54
0,p447,39,26
0,p448,71,7
0,p449,13,18
0,p450,93,80
0,p451,82,39
0,p452,53,41
0,p453,58,60
0,p454,86,92
0,p455,49,7
0,p456,48,25
0,p457,56,53
0,p458,16,9
0,p459,32,65
0,p460,31,92
0,p461,94,56
0,p462,25,4
0,p463,29,16
0,p464,96,58
0,p465,62,89
0,p466,41,62
0,p467,70,58
0,p468,13,51
0,p469,5,44
0,p470,90,75
0,p471,100,84
0,p472,72,17
0,p473,36,22
0,p474,4,82
0,p475,58,62
0,p476,79,18
0,p477,65,6
0,p478,35,4
0,p479,99,86
0,p480,39,55
0,p481,4,78
0,p482,53,46
0,p483,2,9
0,p484,25,34
0,p485,68,41
0,p486,13,49
0,p487,13,81
0,p488,23,50
0,p489,19,37
0,p490,4,8
0,p491,38,99
0,p492,99,66
0,p493,20,93
0,p494,34,55
0,p495,29,68
0,p496,22,34
0,p497,53,5
0,p498,97,48
0,p499,19,56
0,p500,11,82
0,p501,81,6
0,p502,13,64
0,p503,47,60
0,p504,94,22
0,p505,62,58
0,p506,21,67
0,p507,12,15
0,p508,85,78
0,p509,70,17
0,p510,47,38
0,p511,58,62
0,p512,44,99
0,p513,32,42
0,p514,3,23
0,p515,30,44
0,p516,79,98
0,p517,8,65
0,p518,79,26
0,p519,8,37
0,p520,7,37
0,p521,2,3
0,p522,1,24
0,p523,43,81
0,p524,14,57
0,p525,37,91
0,p526,73,18
0,p527,32,9
0,p528,28,32
0,p529,87,51
0,p530,62,90
0,p531,37,46
0,p532,8,62
0,p533,29,60
0,p534,18,20
0,p535,93,72
0,p536,73,52
0,p537,82,98
0,p538,39,33
0,p539,10,83
0,p540,58,22
0,p541,36,63
0,p542,46,37
0,p543,76,64
0,p544,12,52
0,p545,51,10
0,p546,65,13
0,p547,8,93
0,p548,16,69
0,p549,38,16
0,p550,95,96
0,p551,70,9
0,p552,29,49
0,p553,39,52
0,p554,45,37
0,p555,42,40
0,p556,87,13
0,p557,8,28
0,p558,27,5
0,p559,38,51
0,p560,23,74
0,p561,16,34
0,p562,22,9
0,p563,47,57
0,p564,40,78
0,p565,58,15
0,p566,37,22
0,p567,68,6
0,p568,27,46
0,p569,36,46
0,p570,23,45
0,p571,27,30
0,p572,33,89
0,p573,29,10
0,p574,72,71
0,p575,27,38
0,p576,79,97
0,p577,56,52
0,p578,72,27
0,p579,5,60
0,p580,29,63
0,p581,50,23
0,p582,73,10
0,p583,60,65
0,p584,61,59
0,p585,55,74
0,p586,8,32
0,p587,6,10
0,p588,31,52
0,p589,71,48
0,p590,93,81
0,p591,97,68
0,p592,84,1
0,p593,58,98
0,p594,69,26
0,p595,56,34
0,p596,99,20
0,p597,60,11
0,p598,31,76
0,p599,19,97
0,p600,91,36
0,p601,70,55
0,p602,20,10
0,p603,68,62
0,p604,39,78
0,p605,74,72
0,p606,69,82
0,p607,31,98
0,p608,63,75
0,p609,49,7
0,p610,19,99
0,p611,47,15
0,p612,67,8
0,p613,82,87
0,p614,17,19
0,p615,73,15
0,p616,9,69
0,p617,18,83
0,p618,88,46
0,p619,13,80
0,p620,100,80
0,p621,49,89
0,p622,100,92
0,p623,31,41
0,p624,18,14
0,p625,38,52
0,p626,62,46
0,p627,75,81
0,p628,86,27
0,p629,69,100
0,p630,25,37
0,p631,53,98
0,p632,12,11
0,p633,76,80
0,p634,41,1
0,p635,51,97
0,p636,81,55
0,p637,99,94
0,p638,21,29
0,p639,82,45
0,p640,73,100
0,p641,64,83
0,p642,98,97
0,p643,98,20
0,p644,87,57
0,p645,5,61
0,p646,77,62
0,p647,58,70
0,p648,22,16
0,p649,13,28
0,p650,62,2
0,p651,4,96
0,p652,25,27
0,p653,56,6
0,p654,100,92
0,p655,72,70
0,p656,93,44
0,p657,96,79
0,p658,37,59
0,p659,87,100
0,p660,80,23
0,p661,46,15
0,p662,58,13
0,p663,94,43
0,p664,24,41
0,p665,80,93
0,p666,65,93
0,p667,83,77
0,p668,66,51
0,p669,57,8
0,p670,18,47
0,p671,49,65
0,p672,64,72
0,p673,49,9
0,p674,12,54
0,p675,70,85
0,p676,86,27
0,p677,73,56
0,p678,50,9
0,p679,82,89
0,p680,99,51
0,p681,61,63
0,p682,45,86
0,p683,95,76
0,p684,24,50
0,p685,82,59
0,p686,14,75
0,p687,7,16
0,p688,57,29
0,p689,87,91
0,p690,55,87
0,p691,55,86
0,p692,78,88
0,p693,40,1
0,p694,42,39
0,p695,53,96
0,p696,96,60
0,p697,81,26
0,p698,30,57
0,p699,76,51
0,p700,88,44
0,p701,66,99
0,p702,73,26
0,p703,5,87
0,p704,14,41
0,p705,29,100
0,p706,65,85
0,p707,26,75
0,p708,21,93
0,p709,79,12
0,p710,37,81
0,p711,97,48
0,p712,92,99
0,p713,90,52
0,p714,37,5
0,p715,73,96
0,p716,27,26
0,p717,19,11
0,p718,4,52
0,p719,6,50
0,p720,35,57
0,p721,44,15
0,p722,37,45
0,p723,91,52
0,p724,28,7
0,p725,30,76
0,p726,17,64
0,p727,7,20
0,p728,72,81
0,p729,41,32
0,p730,11,89
0,p731,91,6
0,p732,63,80
0,p733,85,9
0,p734,4,1
0,p735,89,44
0,p736,16,100
0,p737,54,90
0,p738,18,49
0,p739,71,25
0,p740,95,77
0,p741,34,55
0,p742,70,65
0,p743,3,37
0,p744,16,1
0,p745,27,46
0,p746,52,89
0,p747,9,31
0,p748,85,86
0,p749,90,37
0,p750,56,45
0,p751,29,33
0,p752,94,72
0,p753,27,71
0,p754,88,65
0,p755,26,92
0,p756,16,93
0,p757,38,72
0,p758,54,35
0,p759,93,23
0,p760,30,29
0,p761,22,4
0,p762,33,95
0,p763,89,25
0,p764,80,57
0,p765,35,65
0,p766,57,45
0,p767,46,88
0,p768,52,1
0,p769,52,12
0,p770,85,84
0,p771,67,80
0,p772,6,91
0,p773,25,13
0,p774,15,41
0,p775,98,80
0,p776,51,89
0,p777,96,65
0,p778,64,44
0,p779,72,31
0,p780,44,93
0,p781,97,87
0,p782,53,67
0,p783,76,45
0,p784,7,4
0,p785,14,96
0,p786,95,89
0,p787,71,67
0,p788,14,78
0,p789,46,99
0,p790,72,9
0,p791,26,12
0,p792,58,90
0,p793,86,62
0,p794,63,11
0,p795,79,4
0,p796,77,28
0,p797,9,100
0,p798,91,81
0,p799,13,82
0,p800,35,53
0,p801,12,99
0,p802,76,23
0,p803,76,99
0,p804,91,22
0,p805,97,24
0,p806,35,66
0,p807,79,46
0,p808,88,43
0,p809,51,62
0,p810,87,41
0,p811,43,41
0,p812,4,72
0,p813,89,22
0,p814,40,38
0,p815,57,31
0,p816,10,22
0,p817,90,13
0,p818,10,31
0,p819,94,100
0,p820,29,81
0,p821,94,28
0,p822,41,55
0,p823,96,23
0,p824,65,98
0,p825,20,45
0,p826,98,46
0,p827,57,33
0,p828,85,67
0,p829,20,27
0,p830,76,78
0,p831,13,31
0,p832,65,34
0,p833,24,86
0,p834,75,73
0,p835,8,10
0,p836,62,10
0,p837,72,27
0,p838,12,90
0,p839,56,14
0,p840,16,8
0,p841,84,97
0,p842,48,89
0,p843,49,59
0,p844,15,80
0,p845,29,63
0,p846,55,75
0,p847,86,68
0,p848,19,42
0,p849,2,50
0,p850,99,11
0,p851,4,46
0,p852,33,84
0,p853,31,83
0,p854,75,40
0,p855,53,41
0,p856,92,4
0,p857,78,1
0,p858,9,94
0,p859,72,60
0,p860,91,2
0,p861,20,94
0,p862,59,87
0,p863,52,40
0,p864,49,87
0,p865,48,56
0,p866,17,27
0,p867,23,76
0,p868,61,62
0,p869,2,7
0,p870,55,35
0,p871,9,34
0,p872,87,32
0,p873,74,87
0,p874,47,14
0,p875,2,84
0,p876,83,88
0,p877,74,81
0,p878,75,82
0,p879,94,9
0,p880,49,32
0,p881,48,100
0,p882,10,28
0,p883,54,90
0,p884,6,67
0,p885,1,75
0,p886,68,47
0,p887,23,40
0,p888,88,61
0,p889,65,76
0,p890,84,7
0,p891,97,87
0,p892,76,26
0,p893,82,59
0,p894,98,47
0,p895,92,47
0,p896,24,35
0,p897,99,22
0,p898,26,16
0,p899,74,48
0,p900,43,48
0,p901,49,50
0,p902,60,15
0,p903,64,6
0,p904,97,80
0,p905,59,76
0,p906,81,80
0,p907,71,90
0,p908,28,29
0,p909,59,34
0,p910,64,23
0,p911,28,25
0,p912,73,12
0,p913,93,60
0,p914,38,34
0,p915,89,65
0,p916,49,70
0,p917,20,58
0,p918,1,76
0,p919,72,69
0,p920,83,76
0,p921,11,88
0,p922,98,36
0,p923,19,44
0,p924,63,5
0,p925,92,73
0,p926,21,80
0,p927,26,16
0,p928,83,71
0,p929,74,34
0,p930,73,85
0,p931,36,85
0,p932,17,88
0,p933,45,58
0,p934,17,79
0,p935,9,49
0,p936,73,99
0,p937,59,38
0,p938,21,52
0,p939,90,22
0,p940,76,25
0,p941,16,90
0,p942,13,78
0,p943,96,67
0,p944,59,43
0,p945,92,36
0,p946,17,90
0,p947,22,77
0,p948,4,93
0,p949,97,63
0,p950,11,74
0,p951,94,79
0,p952,89,46
0,p953,53,95
0,p954,85,81
0,p955,58,18
0,p956,29,75
0,p957,2,26
0,p958,11,18
0,p959,67,99
0,p960,10,20
0,p961,48,70
0,p962,75,5
0,p963,46,63
0,p964,14,94
0,p965,9,74
0,p966,47,79
0,p967,13,8
0,p968,10,95
0,p969,74,41
0,p970,12,2
0,p971,25,77
0,p972,89,75
0,p973,9,26
0,p974,43,45
0,p975,41,28
0,p976,80,40
0,p977,18,58
0,p978,67,3
0,p979,68,93
0,p980,65,42
0,p981,16,44
0,p982,42,46
0,p983,61,95
0,p984,80,92
0,p985,52,1
0,p986,83,98
0,p987,98,40
0,p988,46,55
0,p989,46,4
0,p990,73,9
0,p991,22,28
0,p992,99,76
0,p993,73,14
0,p994,64,13
0,p995,65,30
0,p996,96,21
0,p997,95,65
0,p998,27,73
0,p999,14,15
0,p1000,10,35
0,p1001,13,61
0,p1002,24,90
0,p1003,8,1
0,p1004,29,26
0,p1005,47,17
0,p1006,86,49
0,p1007,25,82
0,p1008,43,71
0,p1009,56,37
0,p1010,90,86
0,p1011,4,64
0,p1012,31,84
0,p1013,94,31
0,p1014,65,15
0,p1015,53,35
0,p1016,31,1
0,p1017,18,97
0,p1018,28,20
0,p1019,37,80
0,p1020,99,6
0,p1021,61,15
0,p1022,10,2
0,p1023,10,49
0,p1024,44,45
0,p1025,41,32
0,p1026,92,38
0,p1027,70,28
0,p1028,18,61
0,p1029,89,48
0,p1030,85,79
0,p1031,30,86
0,p1032,15,27
0,p1033,55,58
0,p1034,90,9
0,p1035,34,2
0,p1036,33,46
0,p1037,2,5
0,p1038,31,98
0,p1039,96,84
0,p1040,22,23
0,p1041,38,13
0,p1042,58,50
0,p1043,19,35
0,p1044,24,68
0,p1045,14,46
0,p1046,13,75
0,p1047,31,55
0,p1048,27,10
0,p1049,36,27
0,p1050,56,19
0,p1051,94,54
0,p1052,11,85
0,p1053,42,41
0,p1054,63,87
0,p1055,46,68
0,p1056,58,76
0,p1057,48,64
0,p1058,14,28
0,p1059,54,24
0,p1060,23,29
0,p1061,30,46
0,p1062,100,14
0,p1063,99,88
0,p1064,55,99
0,p1065,53,55
0,p1066,29,38
0,p1067,70,6
0,p1068,18,65
0,p1069,18,81
0,p1070,64,69
0,p1071,82,45
0,p1072,71,49
0,p1073,85,38
0,p1074,87,32
0,p1075,30,76
0,p1076,86,41
0,p1077,2,1
0,p1078,20,21
0,p1079,96,66
0,p1080,23,44
0,p1081,86,13
0,p1082,41,10
0,p1083,68,100
0,p1084,18,83
0,p1085,21,77
0,p1086,70,79
0,p1087,6,80
0,p1088,83,2
0,p1089,29,74
0,p1090,83,16
0,p1091,37,61
0,p1092,66,94
0,p1093,47,60
0,p1094,1,13
0,p1095,10,97
0,p1096,61,36
0,p1097,20,31
0,p1098,51,32
0,p1099,34,48
0,p1100,6,96
0,p1101,14,49
0,p1102,80,25
0,p1103,47,17
0,p1104,26,51
0,p1105,90,45
0,p1106,53,79
0,p1107,26,62
0,p1108,20,29
0,p1109,34,26
0,p1110,16,73
0,p1111,16,93
0,p1112,65,63
0,p1113,67,16
0,p1114,44,31
0,p1115,11,97
0,p1116,92,17
0,p1117,83,12
0,p1118,35,14
0,p1119,85,87
0,p1120,67,9
0,p1121,23,82
0,p1122,51,91
0,p1123,63,1
0,p1124,94,64
0,p1125,49,57
0,p1126,69,28
0,p1127,46,89
0,p1128,68,94
0,p1129,47,18
0,p1130,11,78
0,p1131,32,99
0,p1132,1,32
0,p1133,70,95
0,p1134,56,62
0,p1135,19,20
0,p1136,21,27
0,p1137,69,36
0,p1138,55,72
0,p1139,91,20
0,p1140,65,59
0,p1141,53,70
0,p1142,49,32
0,p1143,7,39
0,p1144,7,43
0,p1145,79,98
0,p1146,16,55
0,p1147,30,12
0,p1148,20,21
0,p1149,80,51
0,p1150,42,15
0,p1151,73,44
0,p1152,27,49
0,p1153,32,43
0,p1154,42,72
0,p1155,10,76
0,p1156,53,31
0,p1157,57,78
0,p1158,38,45
0,p1159,22,93
0,p1160,14,75
0,p1161,93,49
0,p1162,84,83
0,p1163,34,89
0,p1164,43,21
0,p1165,38,17
0,p1166,6,87
0,p1167,84,1
0,p1168,74,1
0,p1169,69,57
0,p1170,51,75
0,p1171,63,55
0,p1172,1,13
0,p1173,41,12
0,p1174,64,4
0,p1175,81,84
0,p1176,92,36
0,p1177,62,85
0,p1178,97,34
0,p1179,47,54
0,p1180,76,72
0,p1181,22,13
0,p1182,48,11
0,p1183,25,54
0,p1184,44,56
0,p1185,90,80
0,p1186,81,53
0,p1187,41,55
0,p1188,11,81
0,p1189,47,83
0,p1190,30,83
0,p1191,37,46
0,p1192,61,67
0,p1193,10,67
0,p1194,66,51
0,p1195,11,96
0,p1196,90,100
0,p1197,24,51
0,p1198,81,80
0,p1199,91,94
0,p1200,21,86
0,p1201,14,22
0,p1202,27,93
0,p1203,54,58
0,p1204,93,95
0,p1205,53,7
0,p1206,100,96
0,p1207,59,90
0,p1208,91,23
0,p1209,32,70
0,p1210,26,77
0,p1211,68,69
0,p1212,35,62
0,p1213,40,3
0,p1214,20,18
0,p1215,97,42
0,p1216,39,58
0,p1217,16,48
0,p1218,32,86
0,p1219,77,98
0,p1220,61,42
0,p1221,13,80
0,p1222,38,31
0,p1223,100,70
0,p1224,29,23
0,p1225,57,26
0,p1226,85,10
0,p1227,97,65
0,p1228,22,42
0,p1229,88,37
0,p1230,53,61
0,p1231,31,89
0,p1232,54,18
0,p1233,56,74
0,p1234,68,26
0,p1235,59,62
0,p1236,75,85
0,p1237,5,26
0,p1238,71,20
0,p1239,96,52
0,p1240,73,63
0,p1241,97,75
0,p1242,40,47
0,p1243,49,82
0,p1244,15,91
0,p1245,10,93
0,p1246,75,24
0,p1247,74,100
0,p1248,5,40
0,p1249,10,34
0,p1250,41,34
0,p1251,88,66
0,p1252,63,38
0,p1253,31,64
0,p1254,45,3
0,p1255,18,6
0,p1256,14,66
0,p1257,77,20
0,p1258,78,81
0,p1259,71,47
0,p1260,46,1
0,p1261,65,11
0,p1262,75,37
0,p1263,41,70
0,p1264,28,69
0,p1265,48,41
0,p1266,15,70
0,p1267,63,33
0,p1268,20,90
0,p1269,26,39
0,p1270,59,20
0,p1271,19,44
0,p1272,7,96
0,p1273,40,59
0,p1274,83,57
0,p1275,4,82
0,p1276,34,48
0,p1277,25,6
0,p1278,28,25
0,p1279,51,48
0,p1280,63,14
0,p1281,52,4
0,p1282,8,61
0,p1283,75,67
0,p1284,89,58
0,p1285,90,43
0,p1286,20,70
0,p1287,57,35
0,p1288,44,15
0,p1289,21,6
0,p1290,81,28
0,p1291,82,97
0,p1292,38,32
0,p1293,71,81
0,p1294,28,98
0,p1295,65,26
0,p1296,79,32
0,p1297,5,29
0,p1298,10,12
0,p1299,55,92
0,p1300,57,47
0,p1301,94,28
0,p1302,69,36
0,p1303,58,3
0,p1304,42,16
0,p1305,60,71
0,p1306,20,65
0,p1307,14,49
0,p1308,41,94
0,p1309,5,8
0,p1310,100,81
0,p1311,37,30
0,p1312,35,22
0,p1313,51,26
0,p1314,90,34
0,p1315,66,5
0,p1316,8,68
0,p1317,82,96
0,p1318,93,85
0,p1319,48,94
0,p1320,96,86
0,p1321,17,3
0,p1322,24,59
0,p1323,50,99
0,p1324,53,42
0,p1325,100,96
0,p1326,95,66
0,p1327,52,90
0,p1328,81,85
0,p1329,77,17
0,p1330,22,74
0,p1331,99,37
0,p1332,34,48
0,p1333,29,76
0,p1334,98,40
0,p1335,100,75
0,p1336,11,89
0,p1337,4,60
0,p1338,89,17
0,p1339,83,16
0,p1340,76,32
0,p1341,69,79
0,p1342,100,99
0,p1343,57,72
0,p1344,11,98
0,p1345,69,79
0,p1346,85,3
0,p1347,25,21
0,p1348,80,61
0,p1349,54,66
0,p1350,27,42
0,p1351,16,44
0,p1352,40,62
0,p1353,46,19
0,p1354,41,37
0,p1355,49,66
0,p1356,61,33
0,p1357,79,40
0,p1358,9,95
0,p1359,56,43
0,p1360,28,29
0,p1361,97,73
0,p1362,100,85
0,p1363,39,23
0,p1364,81,20
0,p1365,17,57
0,p1366,65,12
0,p1367,26,56
0,p1368,21,2
0,p1369,72,58
0,p1370,59,87
0,p1371,59,80
0,p1372,92,2
0,p1373,35,50
0,p1374,54,6
0,p1375,84,60
0,p1376,91,25
0,p1377,74,96
0,p1378,71,52
0,p1379,7,83
0,p1380,90,48
0,p1381,78,15
0,p1382,31,19
0,p1383,28,55
0,p1384,51,48
0,p1385,30,47
0,p1386,26,31
0,p1387,49,59
0,p1388,39,42
0,p1389,8,76
0,p1390,70,85
0,p1391,65,95
0,p1392,39,52
0,p1393,12,27
0,p1394,67,4
0,p1395,56,84
0,p1396,87,15
0,p1397,81,49
0,p1398,37,23
0,p1399,64,84
0,p1400,60,10
0,p1401,88,60
0,p1402,77,54
0,p1403,73,50
0,p1404,90,37
0,p1405,45,94
0,p1406,49,16
0,p1407,20,100
0,p1408,71,19
0,p1409,73,53
0,p1410,10,70
0,p1411,4,2
0,p1412,60,16
0,p1413,94,44
0,p1414,28,40
0,p1415,100,40
0,p1416,2,89
0,p1417,93,27
0,p1418,32,59
0,p1419,68,10
0,p1420,56,1
0,p1421,81,48
0,p1422,48,93
0,p1423,84,55
0,p1424,59,96
0,p1425,42,9
0,p1426,65,16
0,p1427,89,40
0,p1428,75,76
0,p1429,44,19
0,p1430,10,96
0,p1431,4,68
0,p1432,1,60
0,p1433,14,94
0,p1434,72,93
0,p1435,71,80
0,p1436,3,45
0,p1437,43,88
0,p1438,44,46
0,p1439,61,28
0,p1440,31,56
0,p1441,64,42
0,p1442,79,64
0,p1443,97,2
0,p1444,36,27
0,p1445,51,96
0,p1446,54,75
0,p1447,90,55
0,p1448,9,18
0,p1449,1,76
0,p1450,65,90
0,p1451,40,55
0,p1452,86,90
0,p1453,55,25
0,p1454,93,26
0,p1455,9,80
0,p1456,14,64
0,p1457,54,90
0,p1458,1,38
0,p1459,79,80
0,p1460,73,32
0,p1461,62,6
0,p1462,5,46
0,p1463,23,46
0,p1464,7,36
0,p1465,89,55
0,p1466,14,80
0,p1467,6,18
0,p1468,28,70
0,p1469,81,19
0,p1470,41,8
0,p1471,23,73
0,p1472,76,44
0,p1473,65,69
0,p1474,62,50
0,p1475,15,3
0,p1476,66,78
0,p1477,82,59
0,p1478,96,33
0,p1479,23,40
0,p1480,30,22
0,p1481,6,10
0,p1482,62,79
0,p1483,30,65
0,p1484,70,51
0,p1485,53,2
0,p1486,21,60
0,p1487,81,86
0,p1488,73,35
0,p1489,35,15
0,p1490,82,29
0,p1491,56,49
0,p1492,55,9
0,p1493,98,33
0,p1494,82,44
0,p1495,20,43
0,p1496,25,6
0,p1497,23,49
0,p1498,94,69
0,p1499,85,33
0,p1500,48,87
0,p1501,7,51
0,p1502,56,15
0,p1503,16,56
0,p1504,86,70
0,p1505,35,96
0,p1506,36,41
0,p1507,41,10
0,p1508,13,86
0,p1509,82,11
0,p1510,32,63
0,p1511,52,46
0,p1512,58,42
0,p1513,68,62
0,p1514,91,32
0,p1515,56,57
0,p1516,22,98
0,p1517,89,22
0,p1518,80,99
0,p1519,88,99
0,p1520,64,81
0,p1521,89,83
0,p1522,98,96
0,p1523,23,100
0,p1524,84,54
0,p1525,94,34
0,p1526,72,90
0,p1527,63,54
0,p1528,23,83
0,p1529,4,1
0,p1530,81,41
0,p1531,9,30
0,p1532,16,92
0,p1533,32,55
0,p1534,71,18
0,p1535,81,62
0,p1536,88,1
0,p1537,80,36
0,p1538,100,17
0,p1539,73,77
0,p1540,77,6
0,p1541,84,8
0,p1542,60,86
0,p1543,24,42
0,p1544,45,92
0,p1545,88,63
0,p1546,68,19
0,p1547,72,14
0,p1548,26,24
0,p1549,13,95
0,p1550,8,99
0,p1551,92,33
0,p1552,77,62
0,p1553,52,20
0,p1554,33,27
0,p1555,45,50
0,p1556,75,86
0,p1557,61,52
0,p1558,43,46
0,p1559,12,87
0,p1560,91,99
0,p1561,20,85
0,p1562,67,97
0,p1563,29,92
0,p1564,10,88
0,p1565,95,55
0,p1566,9,14
0,p1567,85,92
0,p1568,35,22
0,p1569,2,50
0,p1570,20,19
0,p1571,28,94
0,p1572,98,99
0,p1573,65,84
0,p1574,84,18
0,p1575,5,21
0,p1576,37,25
0,p1577,10,44
0,p1578,16,64
0,p1579,31,60
0,p1580,5,33
0,p1581,43,31
0,p1582,95,36
0,p1583,96,84
0,p1584,92,55
0,p1585,43,68
0,p1586,62,14
0,p1587,66,27
0,p1588,88,67
0,p1589,20,81
0,p1590,42,83
0,p1591,74,9
0,p1592,69,22
0,p1593,3,41
0,p1594,78,86
0,p1595,39,43
0,p1596,94,22
0,p1597,85,91
0,p1598,14,39
0,p1599,76,32
0,p1600,37,18
0,p1601,74,64
0,p1602,86,6
0,p1603,8,33
0,p1604,94,98
0,p1605,19,94
0,p1606,44,64
0,p1607,44,65
0,p1608,41,88
0,p1609,33,45
0,p1610,2,40
0,p1611,22,73
0,p1612,57,35
0,p1613,51,86
0,p1614,2,71
0,p1615,71,25
0,p1616,18,62
0,p1617,4,66
0,p1618,99,91
0,p1619,66,60
0,p1620,92,35
0,p1621,93,52
0,p1622,23,55
0,p1623,34,25
0,p1624,42,90
0,p1625,36,53
0,p1626,16,80
0,p1627,42,91
0,p1628,49,80
0,p1629,74,14
0,p1630,36,94
0,p1631,57,69
0,p1632,26,35
0,p1633,68,20
0,p1634,82,65
0,p1635,15,62
0,p1636,2,17
0,p1637,27,75
0,p1638,49,95
0,p1639,48,55
0,p1640,1,73
0,p1641,76,27
0,p1642,25,43
0,p1643,9,64
0,p1644,52,51
0,p1645,15,95
0,p1646,88,56
0,p1647,85,22
0,p1648,30,28
0,p1649,28,12
0,p1650,64,47
0,p1651,38,54
0,p1652,34,98
0,p1653,55,58
0,p1654,28,71
0,p1655,22,84
0,p1656,69,81
0,p1657,40,25
0,p1658,88,41
0,p1659,64,25
0,p1660,93,1
0,p1661,7,20
0,p1662,8,43
0,p1663,60,96
0,p1664,51,16
0,p1665,63,100
0,p1666,84,87
0,p1667,25,74
0,p1668,58,39
0,p1669,7,2
0,p1670,58,53
0,p1671,74,30
0,p1672,73,98
0,p1673,20,41
0,p1674,50,39
0,p1675,21,88
0,p1676,62,91
0,p1677,68,26
0,p1678,87,97
0,p1679,76,98
0,p1680,82,24
0,p1681,14,51
0,p1682,27,47
0,p1683,32,58
0,p1684,24,65
0,p1685,46,55
0,p1686,36,7
0,p1687,33,2
0,p1688,8,12
0,p1689,80,12
0,p1690,48,54
0,p1691,77,94
0,p1692,42,44
0,p1693,93,95
0,p1694,32,53
0,p1695,100,57
0,p1696,61,85
0,p1697,4,19
0,p1698,24,13
0,p1699,9,11
0,p1700,80,9
0,p1701,74,26
0,p1702,46,2
0,p1703,72,35
0,p1704,96,17
0,p1705,4,81
0,p1706,66,98
0,p1707,88,37
0,p1708,78,51
0,p1709,88,48
0,p1710,7,27
0,p1711,67,20
0,p1712,97,67
0,p1713,62,83
0,p1714,64,66
0,p1715,71,22
0,p1716,99,35
0,p1717,38,21
0,p1718,84,5
0,p1719,16,92
0,p1720,66,71
0,p1721,9,93
0,p1722,83,68
0,p1723,85,18
0,p1724,22,46
0,p1725,56,38
0,p1726,90,37
0,p1727,9,13
0,p1728,62,32
0,p1729,15,82
0,p1730,32,29
0,p1731,38,57
0,p1732,94,5
0,p1733,21,41
0,p1734,10,81
0,p1735,36,17
0,p1736,69,16
0,p1737,15,16
0,p1738,86,11
0,p1739,68,21
0,p1740,43,34
0,p1741,27,9
0,p1742,57,2
0,p1743,93,10
0,p1744,37,39
0,p1745,56,69
0,p1746,84,80
0,p1747,3,35
0,p1748,93,66
0,p1749,78,21
0,p1750,24,26
0,p1751,28,64
0,p1752,5,88
0,p1753,71,90
0,p1754,62,82
0,p1755,52,17
0,p1756,53,93
0,p1757,55,45
0,p1758,47,24
0,p1759,95,55
0,p1760,49,85
0,p1761,29,100
0,p1762,62,35
0,p1763,73,3
0,p1764,74,42
0,p1765,10,47
0,p1766,73,57
0,p1767,84,7
0,p1768,37,7
0,p1769,5,89
0,p1770,55,73
0,p1771,84,68
0,p1772,45,82
0,p1773,80,75
0,p1774,75,89
0,p1775,15,44
0,p1776,47,80
0,p1777,34,52
0,p1778,85,87
0,p1779,26,91
0,p1780,25,35
0,p1781,92,21
0,p1782,26,51
0,p1783,90,11
0,p1784,72,47
0,p1785,45,63
0,p1786,47,16
0,p1787,82,93
0,p1788,96,77
0,p1789,83,34
0,p1790,63,65
0,p1791,20,18
0,p1792,98,88
0,p1793,92,61
0,p1794,38,30
0,p1795,61,32
0,p1796,70,72
0,p1797,31,64
0,p1798,88,95
0,p1799,10,95
0,p1800,84,91
0,p1801,25,11
0,p1802,98,70
0,p1803,79,54
0,p1804,6,29
0,p1805,91,25
0,p1806,16,72
0,p1807,93,73
0,p1808,60,94
0,p1809,36,44
0,p1810,63,10
0,p1811,71,30
0,p1812,31,33
0,p1813,18,65
0,p1814,8,55
0,p1815,84,95
0,p1816,52,33
0,p1817,4,99
0,p1818,8,51
0,p1819,34,12
0,p1820,99,55
0,p1821,46,91
0,p1822,69,65
0,p1823,59,82
0,p1824,83,62
0,p1825,95,94
0,p1826,22,4
0,p1827,41,56
0,p1828,12,51
0,p1829,53,67
0,p1830,8,44
0,p1831,38,9
0,p1832,67,31
0,p1833,91,46
0,p1834,29,20
0,p1835,98,4
0,p1836,37,92
0,p1837,81,47
0,p1838,63,59
0,p1839,46,80
0,p1840,23,9
0,p1841,10,12
0,p1842,31,89
0,p1843,16,59
0,p1844,100,30
0,p1845,49,64
0,p1846,7,99
0,p1847,69,86
0,p1848,9,17
0,p1849,31,26
0,p1850,73,89
0,p1851,11,19
0,p1852,87,32
0,p1853,16,81
0,p1854,90,97
0,p1855,12,66
0,p1856,11,80
0,p1857,96,92
0,p1858,54,70
0,p1859,80,95
0,p1860,82,93
0,p1861,68,44
0,p1862,23,56
0,p1863,6,26
0,p1864,93,27
0,p1865,53,26
0,p1866,34,53
0,p1867,57,50
0,p1868,40,95
0,p1869,44,3
0,p1870,17,69
0,p1871,81,13
0,p1872,37,91
0,p1873,37,65
0,p1874,27,96
0,p1875,72,9
0,p1876,79,9
0,p1877,53,25
0,p1878,89,31
0,p1879,12,16
0,p1880,55,81
0,p1881,81,64
0,p1882,22,59
0,p1883,85,26
0,p1884,13,42
0,p1885,76,21
0,p1886,80,14
0,p1887,86,84
0,p1888,93,39
0,p1889,20,42
0,p1890,20,89
0,p1891,33,31
0,p1892,97,36
0,p1893,62,3
0,p1894,80,36
0,p1895,77,51
0,p1896,8,38
0,p1897,28,70
0,p1898,72,27
0,p1899,46,37
0,p1900,45,54
0,p1901,17,72
0,p1902,65,54
0,p1903,91,41
0,p1904,90,49
0,p1905,33,37
0,p1906,68,89
0,p1907,16,76
0,p1908,34,21
0,p1909,24,67
0,p1910,96,33
0,p1911,54,61
0,p1912,55,1
0,p1913,99,35
0,p1914,36,91
0,p1915,60,22
0,p1916,77,70
0,p1917,39,11
0,p1918,14,19
0,p1919,71,7
0,p1920,34,59
0,p1921,67,44
0,p1922,85,44
0,p1923,43,42
0,p1924,70,77
0,p1925,89,48
0,p1926,42,88
0,p1927,30,54
0,p1928,67,8
0,p1929,27,9
0,p1930,20,52
0,p1931,100,38
0,p1932,56,47
0,p1933,20,95
0,p1934,95,60
0,p1935,5,21
0,p1936,65,16
0,p1937,96,38
0,p1938,8,31
0,p1939,68,77
0,p1940,82,36
0,p1941,90,86
0,p1942,73,80
0,p1943,75,19
0,p1944,65,91
0,p1945,79,53
0,p1946,45,57
0,p1947,36,4
0,p1948,67,44
0,p1949,46,12
0,p1950,26,96
0,p1951,29,44
0,p1952,38,15
0,p1953,68,95
0,p1954,32,45
0,p1955,7,40
0,p1956,37,75
0,p1957,49,67
0,p1958,10,31
0,p1959,84,77
0,p1960,40,76
0,p1961,80,84
0,p1962,10,99
0,p1963,41,72
0,p1964,87,95
0,p1965,62,82
0,p1966,81,50
0,p1967,97,3
0,p1968,25,79
0,p1969,86,96
0,p1970,63,47
0,p1971,40,4
0,p1972,56,42
0,p1973,89,8
0,p1974,6,33
0,p1975,34,52
0,p1976,79,81
0,p1977,96,35
0,p1978,58,97
0,p1979,59,30
0,p1980,75,23
0,p1981,2,95
0,p1982,61,73
0,p1983,40,44
0,p1984,72,53
0,p1985,20,69
0,p1986,82,20
0,p1987,65,67
0,p1988,80,67
0,p1989,84,24
0,p1990,78,26
0,p1991,40,34
0,p1992,80,39
0,p1993,68,85
0,p1994,25,59
0,p1995,54,79
0,p1996,35,7
0,p1997,92,4
0,p1998,18,69
0,p1999,61,69
0,p2000,33,82
0,p2001,94,83
0,p2002,17,47
0,p2003,67,81
0,p2004,97,36
0,p2005,6,54
0,p2006,4,66
0,p2007,91,32
0,p2008,27,66
0,p2009,35,83
0,p2010,49,81
0,p2011,42,38
0,p2012,10,78
0,p2013,4,73
0,p2014,39,8
0,p2015,84,94
0,p2016,91,59
0,p2017,62,66
0,p2018,15,91
0,p2019,31,96
0,p2020,62,18
0,p2021,4,17
0,p2022,43,51
0,p2023,18,12
0,p2024,46,96
0,p2025,30,31
0,p2026,28,30
0,p2027,95,20
0,p2028,10,6
0,p2029,90,16
0,p2030,12,84
0,p2031,77,91
0,p2032,68,14
0,p2033,98,14
0,p2034,94,89
0,p2035,23,2
0,p2036,89,20
0,p2037,87,63
0,p2038,60,61
0,p2039,83,35
0,p2040,95,87
0,p2041,82,32
0,p2042,53,63
0,p2043,24,81
0,p2044,65,91
0,p2045,17,31
0,p2046,47,37
0,p2047,57,67
0,p2048,92,75
0,p2049,89,52
0,p2050,50,52
0,p2051,86,10
0,p2052,79,39
0,p2053,33,25
0,p2054,19,98
0,p2055,96,10
0,p2056,58,14
0,p2057,2,26
0,p2058,16,81
0,p2059,77,22
0,p2060,27,94
0,p2061,69,21
0,p2062,96,53
0,p2063,29,75
0,p2064,81,5
0,p2065,85,2
0,p2066,63,76
0,p2067,69,9
0,p2068,7,77
0,p2069,82,25
0,p2070,18,82
0,p2071,56,40
0,p2072,100,29
0,p2073,71,45
0,p2074,3,82
0,p2075,2,31
0,p2076,82,7
0,p2077,23,62
0,p2078,25,4
0,p2079,59,31
0,p2080,88,77
0,p2081,59,70
0,p2082,41,16
0,p2083,57,77
0,p2084,59,74
0,p2085,44,20
0,p2086,88,8
0,p2087,35,69
0,p2088,38,59
0,p2089,57,30
0,p2090,40,66
0,p2091,71,33
0,p2092,44,4
0,p2093,54,39
0,p2094,78,57
0,p2095,69,100
0,p2096,73,2
0,p2097,53,56
0,p2098,40,28
0,p2099,75,12
0,p2100,57,3
0,p2101,13,84
0,p2102,47,88
0,p2103,8,12
0,p2104,65,7
0,p2105,30,100
0,p2106,20,74
0,p2107,46,99
0,p2108,3,73
0,p2109,77,71
0,p2110,13,85
0,p2111,42,40
0,p2112,47,75
0,p2113,10,75
0,p2114,99,50
0,p2115,45,92
0,p2116,65,72
0,p2117,82,72
0,p2118,22,77
0,p2119,65,77
0,p2120,8,27
0,p2121,73,94
0,p2122,81,66
0,p2123,77,19
0,p2124,96,92
0,p2125,69,26
0,p2126,49,44
0,p2127,89,47
0,p2128,22,20
0,p2129,83,2
0,p2130,56,87
0,p2131,83,98
0,p2132,47,6
0,p2133,75,86
0,p2134,58,26
0,p2135,15,50
0,p2136,80,66
0,p2137,24,12
0,p2138,73,99
0,p2139,17,56
0,p2140,36,29
0,p2141,18,62
0,p2142,83,46
0,p2143,58,16
0,p2144,85,13
0,p2145,94,30
0,p2146,21,66
0,p2147,37,86
0,p2148,36,77
0,p2149,94,83
0,p2150,19,67
0,p2151,77,49
0,p2152,16,66
0,p2153,20,44
0,p2154,43,14
0,p2155,55,3
0,p2156,98,2
0,p2157,1,35
0,p2158,52,59
0,p2159,65,61
0,p2160,43,59
0,p2161,62,26
0,p2162,93,57
0,p2163,15,46
0,p2164,73,25
0,p2165,17,28
0,p2166,13,22
0,p2167,14,33
0,p2168,1,7
0,p2169,63,35
0,p2170,8,71
0,p2171,94,19
0,p2172,85,34
0,p2173,29,66
0,p2174,19,17
0,p2175,32,83
0,p2176,64,68
0,p2177,66,8
0,p2178,20,46
0,p2179,45,59
0,p2180,54,16
0,p2181,29,91
0,p2182,76,82
0,p2183,76,33
0,p2184,81,92
0,p2185,38,68
0,p2186,14,84
0,p2187,48,7
0,p2188,61,44
0,p2189,45,23
0,p2190,32,84
0,p2191,49,33
0,p2192,59,86
0,p2193,48,19
0,p2194,25,39
0,p2195,76,4
0,p2196,98,52
0,p2197,20,32
0,p2198,51,93
0,p2199,75,95
0,p2200,26,42
0,p2201,91,52
0,p2202,81,1
0,p2203,92,5
0,p2204,46,54
0,p2205,66,54
0,p2206,57,46
0,p2207,100,4
0,p2208,57,10
0,p2209,39,12
0,p2210,20,8
0,p2211,49,9
0,p2212,77,51
0,p2213,69,51
0,p2214,4,18
0,p2215,39,35
0,p2216,12,3
0,p2217,44,80
0,p2218,32,58
0,p2219,8,82
0,p2220,73,48
0,p2221,3,16
0,p2222,19,86
0,p2223,3,32
0,p2224,13,60
0,p2225,27,59
0,p2226,68,9
0,p2227,79,8
0,p2228,4,60
0,p2229,79,55
0,p2230,88,71
0,p2231,51,10
0,p2232,81,54
0,p2233,88,46
0,p2234,42,58
0,p2235,10,31
0,p2236,33,84
0,p2237,44,31
0,p2238,97,37
0,p2239,25,73
0,p2240,68,9
0,p2241,60,43
0,p2242,41,34
0,p2243,91,50
0,p2244,23,94
0,p2245,90,60
0,p2246,83,57
0,p2247,49,14
0,p2248,15,58
0,p2249,83,82
0,p2250,46,18
0,p2251,48,36
0,p2252,51,47
0,p2253,52,21
0,p2254,92,55
0,p2255,42,77
0,p2256,69,72
0,p2257,61,80
0,p2258,18,2
0,p2259,65,55
0,p2260,88,48
0,p2261,8,64
0,p2262,21,15
0,p2263,37,100
0,p2264,67,9
0,p2265,65,21
0,p2266,9,81
0,p2267,6,56
0,p2268,57,6
0,p2269,29,5
0,p2270,78,38
0,p2271,89,100
0,p2272,61,84
0,p2273,33,83
0,p2274,87,63
0,p2275,34,56
0,p2276,39,27
0,p2277,9,18
0,p2278,36,19
0,p2279,69,81
0,p2280,61,93
0,p2281,59,43
0,p2282,54,65
0,p2283,8,11
0,p2284,93,67
0,p2285,45,99
0,p2286,37,65
0,p2287,70,69
0,p2288,36,41
0,p2289,84,68
0,p2290,27,30
0,p2291,26,80
0,p2292,41,15
0,p2293,59,89
0,p2294,20,68
0,p2295,22,27
0,p2296,58,94
0,p2297,11,30
0,p2298,22,8
0,p2299,83,46
0,p2300,77,89
0,p2301,99,94
0,p2302,82,75
0,p2303,89,79
0,p2304,13,63
0,p2305,76,22
0,p2306,31,36
0,p2307,74,82
0,p2308,74,10
0,p2309,64,65
0,p2310,55,20
0,p2311,17,94
0,p2312,2,10
0,p2313,62,18
0,p2314,34,62
0,p2315,10,8
0,p2316,11,78
0,p2317,36,40
0,p2318,72,14
0,p2319,45,52
0,p2320,14,80
0,p2321,61,53
0,p2322,54,82
0,p2323,16,60
0,p2324,80,95
0,p2325,87,75
0,p2326,6,44
0,p2327,85,43
0,p2328,52,43
0,p2329,38,8
0,p2330,42,98
0,p2331,78,21
0,p2332,85,37
0,p2333,84,42
0,p2334,40,90
0,p2335,36,39
0,p2336,39,18
0,p2337,22,58
0,p2338,40,41
0,p2339,17,5
0,p2340,19,66
0,p2341,57,90
0,p2342,88,67
0,p2343,35,69
0,p2344,38,86
0,p2345,80,83
0,p2346,45,72
0,p2347,43,32
0,p2348,72,20
0,p2349,70,57
0,p2350,61,86
0,p2351,2,84
0,p2352,52,49
0,p2353,40,52
0,p2354,24,73
0,p2355,44,66
0,p2356,14,22
0,p2357,37,82
0,p2358,24,29
0,p2359,86,14
0,p2360,60,91
0,p2361,29,37
0,p2362,3,99
0,p2363,42,22
0,p2364,37,65
0,p2365,70,26
0,p2366,80,7
0,p2367,90,51
0,p2368,45,19
0,p2369,48,29
0,p2370,54,30
0,p2371,53,23
0,p2372,79,53
0,p2373,99,12
0,p2374,23,31
0,p2375,89,79
0,p2376,59,46
0,p2377,9,45
0,p2378,12,2
0,p2379,3,42
0,p2380,38,6
0,p2381,65,49
0,p2382,6,33
0,p2383,14,11
0,p2384,84,56
0,p2385,39,84
0,p2386,15,29
0,p2387,95,19
0,p2388,24,29
0,p2389,87,80
0,p2390,25,44
0,p2391,67,29
0,p2392,90,67
0,p2393,42,100
0,p2394,6,70
0,p2395,33,69
0,p2396,76,20
0,p2397,25,8
0,p2398,33,27
0,p2399,26,74
0,p2400,43,19
0,p2401,40,9
0,p2402,20,50
0,p2403,98,63
0,p2404,96,13
0,p2405,30,89
0,p2406,13,21
0,p2407,60,24
0,p2408,73,9
0,p2409,4,95
0,p2410,98,5
0,p2411,3,11
0,p2412,47,61
0,p2413,89,12
0,p2414,95,84
0,p2415,25,45
0,p2416,80,35
0,p2417,26,91
0,p2418,50,24
0,p2419,84,39
0,p2420,38,90
0,p2421,44,92
0,p2422,97,26
0,p2423,54,99
0,p2424,95,13
0,p2425,22,33
0,p2426,16,35
0,p2427,39,82
0,p2428,98,9
0,p2429,59,58
0,p2430,52,79
0,p2431,97,68
0,p2432,75,81
0,p2433,59,80
0,p2434,68,96
0,p2435,1,96
0,p2436,22,12
0,p2437,77,48
0,p2438,20,38
0,p2439,49,88
0,p2440,37,45
0,p2441,15,57
0,p2442,18,32
0,p2443,78,93
0,p2444,54,39
0,p2445,80,78
0,p2446,17,10
0,p2447,44,95
0,p2448,100,39
0,p2449,95,88
0,p2450,40,88
0,p2451,88,79
0,p2452,8,61
0,p2453,16,67
0,p2454,72,44
0,p2455,21,13
0,p2456,22,96
0,p2457,71,7
0,p2458,83,16
0,p2459,87,26
0,p2460,34,31
0,p2461,17,57
0,p2462,1,27
0,p2463,66,25
0,p2464,85,34
0,p2465,36,39
0,p2466,13,25
0,p2467,43,5
0,p2468,22,79
0,p2469,23,31
0,p2470,32,77
0,p2471,74,84
0,p2472,39,69
0,p2473,36,10
0,p2474,6,1
0,p2475,96,14
0,p2476,77,76
0,p2477,91,15
0,p2478,31,86
0,p2479,24,48
0,p2480,83,63
0,p2481,59,98
0,p2482,21,64
0,p2483,16,9
0,p2484,75,47
0,p2485,76,88
0,p2486,69,35
0,p2487,13,26
0,p2488,29,75
0,p2489,80,6
0,p2490,46,66
0,p2491,7,80
0,p2492,53,72
0,p2493,12,73
0,p2494,72,19
0,p2495,23,7
0,p2496,92,9
0,p2497,45,21
0,p2498,46,54
0,p2499,53,19
0,p2500,71,45
0,p2501,44,92
0,p2502,16,94
0,p2503,75,35
0,p2504,17,14
0,p2505,85,30
0,p2506,67,64
0,p2507,40,32
0,p2508,17,38
0,p2509,43,18
0,p2510,76,95
0,p2511,58,33
0,p2512,13,8
0,p2513,80,36
0,p2514,30,72
0,p2515,92,3
0,p2516,85,3
0,p2517,96,64
0,p2518,53,41
0,p2519,95,58
0,p2520,23,12
0,p2521,26,68
0,p2522,69,59
0,p2523,56,45
0,p2524,35,16
0,p2525,46,34
0,p2526,88,21
0,p2527,44,87
0,p2528,86,22
0,p2529,64,13
0,p2530,79,80
0,p2531,92,97
0,p2532,59,31
0,p2533,96,51
0,p2534,46,91
0,p2535,6,9
0,p2536,48,42
0,p2537,13,74
0,p2538,10,12
0,p2539,80,49
0,p2540,67,94
0,p2541,72,74
0,p2542,71,11
0,p2543,95,52
0,p2544,99,84
0,p2545,10,40
0,p2546,82,34
0,p2547,20,61
0,p2548,2,52
0,p2549,89,39
0,p2550,99,71
0,p2551,96,43
0,p2552,24,56
0,p2553,87,67
0,p2554,4,67
0,p2555,36,37
0,p2556,90,12
0,p2557,20,77
0,p2558,81,50
0,p2559,95,99
0,p2560,98,68
0,p2561,80,9
0,p2562,76,20
0,p2563,67,100
0,p2564,71,39
0,p2565,22,18
0,p2566,40,83
0,p2567,8,64
0,p2568,84,94
0,p2569,18,31
0,p2570,25,92
0,p2571,64,70
0,p2572,62,69
0,p2573,18,64
0,p2574,100,89
0,p2575,70,13
0,p2576,44,74
0,p2577,38,39
0,p2578,31,67
0,p2579,32,73
0,p2580,55,2
0,p2581,18,92
0,p2582,34,54
0,p2583,80,33
0,p2584,67,80
0,p2585,62,18
0,p2586,69,58
0,p2587,56,12
0,p2588,3,99
0,p2589,28,80
0,p2590,11,6
0,p2591,13,79
0,p2592,41,25
0,p2593,82,68
0,p2594,70,42
0,p2595,51,39
0,p2596,89,78
0,p2597,55,48
0,p2598,84,75
0,p2599,75,99
0,p2600,78,45
0,p2601,90,21
0,p2602,32,25
0,p2603,43,16
0,p2604,8,21
0,p2605,47,74
0,p2606,52,65
0,p2607,51,10
0,p2608,70,15
0,p2609,30,40
0,p2610,23,96
0,p2611,80,3
0,p2612,49,20
0,p2613,68,73
0,p2614,93,22
0,p2615,36,81
0,p2616,99,81
0,p2617,93,11
0,p2618,73,47
0,p2619,34,16
0,p2620,14,59
0,p2621,80,50
0,p2622,5,84
0,p2623,74,12
0,p2624,71,39
0,p2625,7,40
0,p2626,88,23
0,p2627,78,53
0,p2628,4,25
0,p2629,64,1
0,p2630,58,35
0,p2631,22,70
0,p2632,39,23
0,p2633,28,22
0,p2634,24,64
0,p2635,2,86
0,p2636,18,67
0,p2637,97,5
0,p2638,88,16
0,p2639,51,3
0,p2640,62,46
0,p2641,77,86
0,p2642,35,51
0,p2643,98,75
0,p2644,10,91
0,p2645,99,90
0,p2646,68,3
0,p2647,36,89
0,p2648,83,12
0,p2649,21,34
0,p2650,97,68
0,p2651,92,43
0,p2652,75,31
0,p2653,46,86
0,p2654,41,95
0,p2655,90,41
0,p2656,8,38
0,p2657,61,3
0,p2658,64,7
0,p2659,12,43
0,p2660,3,34
0,p2661,52,17
0,p2662,13,1
0,p2663,57,88
0,p2664,52,29
0,p2665,86,25
0,p2666,27,42
0,p2667,80,62
0,p2668,91,63
0,p2669,19,53
0,p2670,16,90
0,p2671,40,91
0,p2672,90,100
0,p2673,49,57
0,p2674,41,81
0,p2675,44,43
0,p2676,84,57
0,p2677,24,50
0,p2678,86,39
0,p2679,28,90
0,p2680,87,95
0,p2681,40,71
0,p2682,68,5
0,p2683,88,5
0,p2684,50,79
0,p2685,32,44
0,p2686,73,6
0,p2687,66,96
0,p2688,16,82
0,p2689,48,59
0,p2690,76,34
0,p2691,76,28
0,p2692,77,30
0,p2693,95,13
0,p2694,7,42
0,p2695,28,80
0,p2696,30,4
0,p2697,59,29
0,p2698,60,62
0,p2699,71,61
0,p2700,44,71
0,p2701,33,17
0,p2702,66,56
0,p2703,4,13
0,p2704,54,21
0,p2705,8,80
0,p2706,4,62
0,p2707,51,56
0,p2708,13,64
0,p2709,60,94
0,p2710,54,46
0,p2711,73,100
0,p2712,23,79
0,p2713,92,86
0,p2714,4,13
0,p2715,99,41
0,p2716,65,76
0,p2717,50,71
0,p2718,86,65
0,p2719,76,31
0,p2720,56,86
0,p2721,37,20
0,p2722,58,100
0,p2723,80,4
0,p2724,47,86
0,p2725,24,34
0,p2726,92,2
0,p2727,96,67
0,p2728,63,28
0,p2729,30,48
0,p2730,47,7
0,p2731,67,75
0,p2732,25,22
0,p2733,77,66
0,p2734,17,87
0,p2735,34,4
0,p2736,30,26
0,p2737,67,66
0,p2738,85,10
0,p2739,81,83
0,p2740,76,33
0,p2741,55,11
0,p2742,84,6
0,p2743,38,36
0,p2744,52,85
0,p2745,15,84
0,p2746,27,86
0,p2747,55,98
0,p2748,91,29
0,p2749,55,11
0,p2750,77,59
0,p2751,77,95
0,p2752,29,30
0,p2753,81,93
0,p2754,77,28
0,p2755,16,2
0,p2756,82,53
0,p2757,2,67
0,p2758,50,65
0,p2759,60,6
0,p2760,37,71
0,p2761,18,8
0,p2762,1,69
0,p2763,45,76
0,p2764,36,15
0,p2765,65,17
0,p2766,41,50
0,p2767,77,31
0,p2768,57,29
0,p2769,65,5
0,p2770,59,79
0,p2771,56,62
0,p2772,66,54
0,p2773,2,24
0,p2774,26,21
0,p2775,27,67
0,p2776,92,60
0,p2777,42,80
0,p2778,33,99
0,p2779,95,89
0,p2780,60,85
0,p2781,2,88
0,p2782,3,7
0,p2783,96,18
0,p2784,41,54
0,p2785,71,5
0,p2786,49,97
0,p2787,86,88
0,p2788,72,53
0,p2789,76,65
0,p2790,85,53
0,p2791,68,92
0,p2792,60,74
0,p2793,26,62
0,p2794,55,16
0,p2795,56,57
0,p2796,22,10
0,p2797,41,9
0,p2798,76,100
0,p2799,1,58
0,p2800,21,52
0,p2801,96,3
0,p2802,53,85
0,p2803,17,35
0,p2804,85,16
0,p2805,5,95
0,p2806,54,77
0,p2807,4,30
0,p2808,37,68
0,p2809,5,1
0,p2810,85,84
0,p2811,1,96
0,p2812,64,58
0,p2813,84,77
0,p2814,36,15
0,p2815,30,15
0,p2816,4,78
0,p2817,52,74
0,p2818,3,7
0,p2819,76,23
0,p2820,45,70
0,p2821,48,80
0,p2822,40,17
0,p2823,56,97
0,p2824,4,45
0,p2825,13,26
0,p2826,71,13
0,p2827,31,79
0,p2828,5,7
0,p2829,46,17
0,p2830,31,59
0,p2831,42,4
0,p2832,92,43
0,p2833,23,29
0,p2834,44,77
0,p2835,7,62
0,p2836,56,93
0,p2837,28,3
0,p2838,23,64
0,p2839,15,73
0,p2840,75,10
0,p2841,47,29
0,p2842,14,76
0,p2843,47,41
0,p2844,85,91
0,p2845,19,31
0,p2846,90,20
0,p2847,49,30
0,p2848,20,99
0,p2849,85,61
0,p2850,70,76
0,p2851,37,8
0,p2852,86,16
0,p2853,12,60
0,p2854,11,74
0,p2855,77,64
0,p2856,48,12
0,p2857,18,24
0,p2858,45,34
0,p2859,7,64
0,p2860,16,85
0,p2861,14,41
0,p2862,49,91
0,p2863,62,84
0,p2864,11,74
0,p2865,4,49
0,p2866,95,68
0,p2867,52,94
0,p2868,51,90
0,p2869,72,49
0,p2870,58,77
0,p2871,72,42
0,p2872,18,24
0,p2873,10,20
0,p2874,20,42
0,p2875,42,51
0,p2876,40,52
0,p2877,97,68
0,p2878,63,79
0,p2879,85,46
0,p2880,19,58
0,p2881,30,88
0,p2882,17,36
0,p2883,54,10
0,p2884,10,36
0,p2885,59,30
0,p2886,32,73
0,p2887,70,77
0,p2888,29,92
0,p2889,25,12
0,p2890,34,6
0,p2891,28,29
0,p2892,10,9
0,p2893,63,59
0,p2894,56,9
0,p2895,3,61
0,p2896,58,89
0,p2897,9,77
0,p2898,48,10
0,p2899,20,19
0,p2900,95,64
0,p2901,10,100
0,p2902,69,78
0,p2903,35,13
0,p2904,13,91
0,p2905,94,99
0,p2906,44,35
0,p2907,34,68
0,p2908,99,14
0,p2909,89,59
0,p2910,1,85
0,p2911,68,41
0,p2912,51,67
0,p2913,24,57
0,p2914,83,13
0,p2915,70,38
0,p2916,86,17
0,p2917,62,63
0,p2918,34,83
0,p2919,69,5
0,p2920,86,52
0,p2921,63,49
0,p2922,92,21
0,p2923,49,45
0,p2924,98,44
0,p2925,41,94
0,p2926,63,23
0,p2927,71,25
0,p2928,9,20
0,p2929,90,80
0,p2930,22,93
0,p2931,5,55
0,p2932,15,43
0,p2933,29,7
0,p2934,16,86
0,p2935,45,92
0,p2936,40,87
0,p2937,60,25
0,p2938,83,11
0,p2939,33,4
0,p2940,45,40
0,p2941,90,91
0,p2942,42,2
0,p2943,9,89
0,p2944,11,12
0,p2945,48,6
0,p2946,10,59
0,p2947,66,60
0,p2948,100,28
0,p2949,12,47
0,p2950,48,97
0,p2951,70,3
0,p2952,86,26
0,p2953,21,87
0,p2954,18,74
0,p2955,66,62
0,p2956,97,11
0,p2957,46,80
0,p2958,95,63
0,p2959,95,5
0,p2960,38,9
0,p2961,43,52
0,p2962,80,77
0,p2963,52,77
0,p2964,89,23
0,p2965,42,81
0,p2966,91,26
0,p2967,74,73
0,p2968,55,92
0,p2969,76,22
0,p2970,75,42
0,p2971,2,66
0,p2972,50,66
0,p2973,12,95
0,p2974,24,61
0,p2975,5,48
0,p2976,32,72
0,p2977,90,3
0,p2978,16,62
0,p2979,14,70
0,p2980,38,98
0,p2981,65,54
0,p2982,60,34
0,p2983,96,11
0,p2984,84,74
0,p2985,70,30
0,p2986,61,71
0,p2987,70,81
0,p2988,7,6
0,p2989,97,17
0,p2990,58,79
0,p2991,63,35
0,p2992,91,30
0,p2993,99,23
0,p2994,54,27
0,p2995,99,83
0,p2996,70,6
0,p2997,36,67
0,p2998,18,4
0,p2999,69,71
0,p3000,17,26
0,p3001,4,83
0,p3002,93,64
0,p3003,37,59
0,p3004,72,5
0,p3005,93,59
0,p3006,83,12
0,p3007,44,67
0,p3008,5,57
0,p3009,61,35
0,p3010,9,95
0,p3011,93,76
0,p3012,71,28
0,p3013,94,79
0,p3014,87,48
0,p3015,76,88
0,p3016,59,74
0,p3017,82,72
0,p3018,93,66
0,p3019,77,76
0,p3020,13,86
0,p3021,46,29
0,p3022,2,25
0,p3023,3,81
0,p3024,29,18
0,p3025,72,31
0,p3026,97,46
0,p3027,51,32
0,p3028,58,50
0,p3029,8,68
0,p3030,58,40
0,p3031,9,7
0,p3032,82,1
0,p3033,93,51
0,p3034,77,96
0,p3035,44,87
0,p3036,37,43
0,p3037,83,23
0,p3038,60,7
0,p3039,12,75
0,p3040,28,44
0,p3041,10,68
0,p3042,69,58
0,p3043,100,93
0,p3044,53,50
0,p3045,95,20
0,p3046,70,63
0,p3047,20,10
0,p3048,80,57
0,p3049,24,23
0,p3050,32,60
0,p3051,30,34
0,p3052,89,30
0,p3053,38,22
0,p3054,26,90
0,p3055,59,71
0,p3056,51,90
0,p3057,93,77
0,p3058,88,28
0,p3059,58,73
0,p3060,33,93
0,p3061,31,14
0,p3062,52,75
0,p3063,77,41
0,p3064,94,35
0,p3065,45,49
0,p3066,84,59
0,p3067,29,67
0,p3068,4,91
0,p3069,57,62
0,p3070,55,40
0,p3071,86,29
0,p3072,46,84
0,p3073,27,77
0,p3074,8,41
0,p3075,46,32
0,p3076,49,80
0,p3077,82,79
0,p3078,43,3
0,p3079,53,7
0,p3080,43,54
0,p3081,9,47
0,p3082,64,17
0,p3083,84,96
0,p3084,5,93
0,p3085,60,49
0,p3086,96,91
0,p3087,80,24
0,p3088,9,60
0,p3089,90,44
0,p3090,21,47
0,p3091,19,33
0,p3092,87,97
0,p3093,99,23
0,p3094,8,15
0,p3095,4,71
0,p3096,41,45
0,p3097,43,83
0,p3098,14,29
0,p3099,54,74
0,p3100,59,49
0,p3101,68,11
0,p3102,85,67
0,p3103,79,56
0,p3104,6,49
0,p3105,53,68
0,p3106,76,86
0,p3107,49,51
0,p3108,64,24
0,p3109,78,69
0,p3110,84,24
0,p3111,24,67
0,p3112,46,48
0,p3113,14,17
0,p3114,34,12
0,p3115,83,31
0,p3116,16,43
0,p3117,57,11
0,p3118,4,65
0,p3119,13,81
0,p3120,95,1
0,p3121,69,25
0,p3122,37,47
0,p3123,64,99
0,p3124,2,45
0,p3125,14,2
0,p3126,54,3
0,p3127,46,49
0,p3128,95,89
0,p3129,94,9
0,p3130,20,94
0,p3131,77,100
0,p3132,38,100
0,p3133,22,49
0,p3134,83,11
0,p3135,53,22
0,p3136,68,66
0,p3137,70,43
0,p3138,91,24
0,p3139,99,23
0,p3140,61,32
0,p3141,7,56
0,p3142,27,68
0,p3143,99,14
0,p3144,42,21
0,p3145,74,18
0,p3146,60,40
0,p3147,13,34
0,p3148,9,52
0,p3149,20,65
0,p3150,74,24
0,p3151,41,35
0,p3152,38,80
0,p3153,33,54
0,p3154,60,81
0,p3155,98,24
0,p3156,49,44
0,p3157,29,93
0,p3158,83,67
0,p3159,74,42
0,p3160,23,16
0,p3161,17,83
0,p3162,61,32
0,p3163,37,61
0,p3164,21,90
0,p3165,9,89
0,p3166,21,93
0,p3167,51,24
0,p3168,13,99
0,p3169,15,1
0,p3170,64,80
0,p3171,86,45
0,p3172,50,69
0,p3173,27,35
0,p3174,83,76
0,p3175,31,25
0,p3176,61,50
0,p3177,99,41
0,p3178,10,41
0,p3179,78,2
0,p3180,6,30
0,p3181,10,64
0,p3182,38,24
0,p3183,92,12
0,p3184,7,41
0,p3185,78,58
0,p3186,53,100
0,p3187,90,67
0,p3188,39,76
0,p3189,18,65
0,p3190,29,44
0,p3191,36,43
0,p3192,21,9
0,p3193,96,90
0,p3194,96,49
0,p3195,57,5
0,p3196,30,43
0,p3197,28,70
0,p3198,64,55
0,p3199,92,20
0,p3200,41,78
0,p3201,17,78
0,p3202,48,87
0,p3203,48,51
0,p3204,3,12
0,p3205,19,89
0,p3206,57,70
0,p3207,6,66
0,p3208,60,49
0,p3209,92,50
0,p3210,10,32
0,p3211,16,15
0,p3212,76,90
0,p3213,2,51
0,p3214,70,83
0,p3215,40,99
0,p3216,79,65
0,p3217,56,29
0,p3218,62,80
0,p3219,44,74
0,p3220,81,61
0,p3221,41,6
0,p3222,71,27
0,p3223,82,43
0,p3224,33,8
0,p3225,8,84
0,p3226,68,60
0,p3227,43,80
0,p3228,100,68
0,p3229,23,64
0,p3230,27,60
0,p3231,94,67
0,p3232,78,71
0,p3233,41,29
0,p3234,71,47
0,p3235,79,64
0,p3236,52,62
0,p3237,30,49
0,p3238,46,13
0,p3239,64,47
0,p3240,39,58
0,p3241,99,33
0,p3242,7,72
0,p3243,36,79
0,p3244,2,77
0,p3245,19,12
0,p3246,31,69
0,p3247,25,15
0,p3248,5,82
0,p3249,96,90
0,p3250,59,61
0,p3251,4,93
0,p3252,20,80
0,p3253,5,93
0,p3254,3,80
0,p3255,54,60
0,p3256,84,92
0,p3257,24,21
0,p3258,3,51
0,p3259,23,86
0,p3260,11,60
0,p3261,15,39
0,p3262,27,95
0,p3263,99,77
0,p3264,36,30
0,p3265,8,13
0,p3266,10,60
0,p3267,42,60
0,p3268,84,52
0,p3269,96,56
0,p3270,57,17
0,p3271,71,67
0,p3272,98,88
0,p3273,81,31
0,p3274,45,81
0,p3275,50,45
0,p3276,86,92
0,p3277,22,32
0,p3278,58,52
0,p3279,45,60
0,p3280,35,28
0,p3281,82,5
0,p3282,66,78
0,p3283,74,75
0,p3284,24,63
0,p3285,32,60
0,p3286,73,67
0,p3287,92,47
0,p3288,72,88
0,p3289,83,33
0,p3290,96,52
0,p3291,42,80
0,p3292,19,25
0,p3293,2,69
0,p3294,71,89
0,p3295,93,26
0,p3296,11,50
0,p3297,98,99
0,p3298,66,51
0,p3299,23,76
0,p3300,7,51
0,p3301,3,17
0,p3302,60,27
0,p3303,49,73
0,p3304,81,24
0,p3305,54,73
0,p3306,42,49
0,p3307,83,21
0,p3308,14,4
0,p3309,78,3
0,p3310,30,90
0,p3311,100,2
0,p3312,4,95
0,p3313,5,69
0,p3314,21,8
0,p3315,96,34
0,p3316,99,100
0,p3317,20,67
0,p3318,17,44
0,p3319,66,18
0,p3320,32,30
0,p3321,42,6
0,p3322,69,61
0,p3323,39,52
0,p3324,5,83
0,p3325,39,70
0,p3326,6,8
0,p3327,11,67
0,p3328,63,61
0,p3329,72,26
0,p3330,92,24
0,p3331,3,52
0,p3332,40,39
0,p3333,67,73
0,p3334,51,42
0,p3335,82,38
0,p3336,65,10
0,p3337,45,66
0,p3338,25,52
0,p3339,77,42
0,p3340,32,19
0,p3341,15,38
0,p3342,34,55
0,p3343,77,2
0,p3344,2,45
0,p3345,74,56
0,p3346,81,92
0,p3347,14,4
0,p3348,66,4
0,p3349,7,82
0,p3350,28,13
0,p3351,93,47
0,p3352,32,56
0,p3353,95,26
0,p3354,7,67
0,p3355,19,37
0,p3356,37,64
0,p3357,4,10
0,p3358,74,98
0,p3359,47,14
0,p3360,62,92
0,p3361,36,60
0,p3362,90,31
0,p3363,63,11
0,p3364,75,32
0,p3365,100,29
0,p3366,80,9
0,p3367,97,31
0,p3368,23,72
0,p3369,60,68
0,p3370,93,66
0,p3371,28,4
0,p3372,37,99
0,p3373,72,35
0,p3374,6,92
0,p3375,36,63
0,p3376,50,42
0,p3377,2,24
0,p3378,4,41
0,p3379,66,74
0,p3380,28,83
0,p3381,13,58
0,p3382,30,8
0,p3383,68,17
0,p3384,73,57
0,p3385,46,55
0,p3386,84,88
0,p3387,1,32
0,p3388,73,12
0,p3389,81,34
0,p3390,70,2
0,p3391,91,43
0,p3392,76,17
0,p3393,11,84
0,p3394,25,5
0,p3395,76,61
0,p3396,71,46
0,p3397,82,55
0,p3398,76,33
0,p3399,27,21
0,p3400,52,84
0,p3401,38,57
0,p3402,56,76
0,p3403,40,20
0,p3404,79,7
0,p3405,51,83
0,p3406,78,34
0,p3407,86,11
0,p3408,79,86
0,p3409,8,30
0,p3410,57,59
0,p3411,71,100
0,p3412,90,91
0,p3413,96,26
0,p3414,27,67
0,p3415,89,69
0,p3416,51,6
0,p3417,81,42
0,p3418,24,59
0,p3419,64,98
0,p3420,51,68
0,p3421,1,56
0,p3422,55,2
0,p3423,20,31
0,p3424,36,83
0,p3425,49,46
0,p3426,31,38
0,p3427,69,50
0,p3428,14,80
0,p3429,13,62
0,p3430,95,62
0,p3431,75,64
0,p3432,66,21
0,p3433,97,62
0,p3434,43,57
0,p3435,55,23
0,p3436,73,70
0,p3437,90,8
0,p3438,12,18
0,p3439,69,64
0,p3440,61,11
0,p3441,86,6
0,p3442,15,64
0,p3443,64,82
0,p3444,65,5
0,p3445,7,94
0,p3446,37,65
0,p3447,81,95
0,p3448,33,35
0,p3449,90,81
0,p3450,94,44
0,p3451,3,31
0,p3452,42,32
0,p3453,52,8
0,p3454,84,82
0,p3455,69,34
0,p3456,82,56
0,p3457,100,95
0,p3458,51,1
0,p3459,33,89
0,p3460,25,18
0,p3461,47,9
0,p3462,51,15
0,p3463,29,83
0,p3464,26,45
0,p3465,69,43
0,p3466,33,73
0,p3467,12,73
0,p3468,80,33
0,p3469,12,21
0,p3470,90,26
0,p3471,52,92
0,p3472,42,67
0,p3473,98,20
0,p3474,67,47
0,p3475,69,34
0,p3476,28,18
0,p3477,70,9
0,p3478,70,97
0,p3479,56,65
0,p3480,50,98
0,p3481,33,20
0,p3482,92,18
0,p3483,75,36
0,p3484,72,34
0,p3485,7,49
0,p3486,73,42
0,p3487,36,26
0,p3488,20,83
0,p3489,47,39
0,p3490,92,89
0,p3491,13,98
0,p3492,89,9
0,p3493,38,6
0,p3494,71,74
0,p3495,15,54
0,p3496,6,73
0,p3497,84,66
0,p3498,98,88
0,p3499,20,81
0,p3500,59,8
0,p3501,86,57
0,p3502,16,70
0,p3503,8,20
0,p3504,31,95
0,p3505,64,13
0,p3506,77,85
0,p3507,93,80
0,p3508,49,24
0,p3509,78,2
0,p3510,19,53
0,p3511,7,3
0,p3512,46,80
0,p3513,24,8
0,p3514,14,5
0,p3515,33,17
0,p3516,2,15
0,p3517,75,84
0,p3518,50,67
0,p3519,89,74
0,p3520,63,13
0,p3521,14,26
0,p3522,49,64
0,p3523,14,3
0,p3524,12,38
0,p3525,87,88
0,p3526,92,49
0,p3527,45,90
0,p3528,26,59
0,p3529,74,89
0,p3530,97,14
0,p3531,11,59
0,p3532,58,72
0,p3533,70,23
0,p3534,49,33
0,p3535,11,19
0,p3536,37,6
0,p3537,98,52
0,p3538,58,62
0,p3539,42,27
0,p3540,93,58
0,p3541,40,28
0,p3542,76,5
0,p3543,56,17
0,p3544,47,70
0,p3545,40,61
0,p3546,78,84
0,p3547,6,88
0,p3548,32,6
0,p3549,39,53
0,p3550,62,30
0,p3551,92,51
0,p3552,22,52
0,p3553,14,22
0,p3554,62,39
0,p3555,79,91
0,p3556,13,24
0,p3557,3,65
0,p3558,64,22
0,p3559,67,87
0,p3560,60,36
0,p3561,27,15
0,p3562,92,81
0,p3563,86,84
0,p3564,50,14
0,p3565,31,84
0,p3566,1,2
0,p3567,75,22
0,p3568,45,92
0,p3569,85,24
0,p3570,2,28
0,p3571,65,13
0,p3572,48,58
0,p3573,10,89
0,p3574,18,31
0,p3575,33,55
0,p3576,5,99
0,p3577,46,58
0,p3578,5,7
0,p3579,84,71
0,p3580,52,76
0,p3581,88,18
0,p3582,98,80
0,p3583,56,33
0,p3584,99,32
0,p3585,95,96
0,p3586,43,8
0,p3587,52,90
0,p3588,71,66
0,p3589,34,38
0,p3590,84,4
0,p3591,72,54
0,p3592,10,48
0,p3593,83,50
0,p3594,11,14
0,p3595,35,12
0,p3596,45,93
0,p3597,84,34
0,p3598,3,23
0,p3599,38,55
0,p3600,33,87
0,p3601,98,89
0,p3602,65,30
0,p3603,100,96
0,p3604,82,47
0,p3605,66,33
0,p3606,53,45
0,p3607,79,94
0,p3608,95,66
0,p3609,24,14
0,p3610,73,37
0,p3611,100,45
0,p3612,100,76
0,p3613,49,20
0,p3614,8,52
0,p3615,26,92
0,p3616,77,27
0,p3617,54,20
0,p3618,60,58
0,p3619,25,100
0,p3620,52,20
0,p3621,4,69
0,p3622,85,98
0,p3623,92,33
0,p3624,14,73
0,p3625,92,91
0,p3626,82,10
0,p3627,68,6
0,p3628,17,11
0,p3629,43,51
0,p3630,62,81
0,p3631,15,60
0,p3632,23,72
0,p3633,38,12
0,p3634,24,63
0,p3635,2,97
0,p3636,24,23
0,p3637,92,45
0,p3638,83,55
0,p3639,97,42
0,p3640,100,19
0,p3641,45,50
0,p3642,19,61
0,p3643,2,32
0,p3644,28,48
0,p3645,34,68
0,p3646,86,51
0,p3647,42,26
0,p3648,92,67
0,p3649,16,33
0,p3650,31,64
0,p3651,70,5
0,p3652,28,33
0,p3653,46,45
0,p3654,37,93
0,p3655,48,2
0,p3656,40,39
0,p3657,71,97
0,p3658,55,66
0,p3659,18,39
0,p3660,31,59
0,p3661,78,28
0,p3662,67,6
0,p3663,28,41
0,p3664,25,58
0,p3665,54,67
0,p3666,84,67
0,p3667,75,94
0,p3668,28,12
0,p3669,57,24
0,p3670,49,80
0,p3671,11,56
0,p3672,21,87
0,p3673,51,89
0,p3674,55,11
0,p3675,68,43
0,p3676,59,56
0,p3677,65,37
0,p3678,63,40
0,p3679,47,73
0,p3680,15,32
0,p3681,98,42
0,p3682,58,86
0,p3683,76,34
0,p3684,72,87
0,p3685,54,8
0,p3686,86,83
0,p3687,35,44
0,p3688,47,62
0,p3689,21,62
0,p3690,86,6
0,p3691,67,56
0,p3692,14,95
0,p3693,62,81
0,p3694,77,49
0,p3695,48,3
0,p3696,96,3
0,p3697,97,77
0,p3698,61,39
0,p3699,82,24
0,p3700,85,83
0,p3701,88,39
0,p3702,7,31
0,p3703,74,69
0,p3704,50,74
0,p3705,86,45
0,p3706,97,59
0,p3707,65,29
0,p3708,52,17
0,p3709,99,66
0,p3710,32,5
0,p3711,35,72
0,p3712,95,60
0,p3713,42,54
0,p3714,17,6
0,p3715,73,10
0,p3716,71,79
0,p3717,9,77
0,p3718,56,79
0,p3719,62,63
0,p3720,74,40
0,p3721,70,2
0,p3722,45,43
0,p3723,61,95
0,p3724,4,46
0,p3725,90,4
0,p3726,76,85
0,p3727,28,39
0,p3728,32,23
0,p3729,29,74
0,p3730,27,48
0,p3731,7,32
0,p3732,21,5
0,p3733,13,63
0,p3734,90,61
0,p3735,92,29
0,p3736,67,7
0,p3737,45,96
0,p3738,29,73
0,p3739,64,13
0,p3740,42,14
0,p3741,11,58
0,p3742,78,43
0,p3743,25,27
0,p3744,42,65
0,p3745,12,48
0,p3746,40,49
0,p3747,64,22
0,p3748,22,94
0,p3749,93,48
0,p3750,61,64
0,p3751,74,57
0,p3752,52,35
0,p3753,74,98
0,p3754,7,82
0,p3755,37,15
0,p3756,47,43
0,p3757,47,27
0,p3758,52,78
0,p3759,87,22
0,p3760,52,80
0,p3761,48,26
0,p3762,21,86
0,p3763,33,75
0,p3764,57,66
0,p3765,27,60
0,p3766,73,95
0,p3767,31,71
0,p3768,14,22
0,p3769,2,53
0,p3770,88,15
0,p3771,21,88
0,p3772,37,69
0,p3773,96,75
0,p3774,83,6
0,p3775,41,98
0,p3776,93,78
0,p3777,44,97
0,p3778,32,33
0,p3779,70,47
0,p3780,83,17
0,p3781,7,93
0,p3782,64,84
0,p3783,7,91
0,p3784,36,38
0,p3785,42,97
0,p3786,66,77
0,p3787,88,74
0,p3788,70,95
0,p3789,95,60
0,p3790,50,73
0,p3791,83,92
0,p3792,95,28
0,p3793,22,90
0,p3794,66,22
0,p3795,43,44
0,p3796,40,27
0,p3797,72,32
0,p3798,18,8
0,p3799,35,11
0,p3800,13,46
0,p3801,16,63
0,p3802,15,75
0,p3803,15,51
0,p3804,46,78
0,p3805,58,47
0,p3806,19,59
0,p3807,5,55
0,p3808,45,75
0,p3809,8,9
0,p3810,49,77
0,p3811,87,92
0,p3812,63,75
0,p3813,71,74
0,p3814,90,68
0,p3815,18,19
0,p3816,93,36
0,p3817,31,51
0,p3818,40,39
0,p3819,34,92
0,p3820,84,62
0,p3821,91,7
0,p3822,29,84
0,p3823,35,44
0,p3824,51,26
0,p3825,1,95
0,p3826,37,57
0,p3827,11,66
0,p3828,28,54
0,p3829,28,8
0,p3830,77,42
0,p3831,33,97
0,p3832,49,86
0,p3833,37,90
0,p3834,38,96
0,p3835,93,65
0,p3836,41,54
0,p3837,92,29
0,p3838,96,51
0,p3839,32,99
0,p3840,22,45
0,p3841,31,80
0,p3842,7,54
0,p3843,27,42
0,p3844,20,54
0,p3845,17,68
0,p3846,76,49
0,p3847,100,80
0,p3848,97,46
0,p3849,7,85
0,p3850,24,54
0,p3851,74,58
0,p3852,4,81
0,p3853,23,34
0,p3854,11,82
0,p3855,12,49
0,p3856,19,59
0,p3857,61,97
0,p3858,97,79
0,p3859,84,35
0,p3860,98,82
0,p3861,33,51
0,p3862,80,8
0,p3863,83,31
0,p3864,86,4
0,p3865,83,63
0,p3866,39,11
0,p3867,16,80
0,p3868,35,61
0,p3869,63,56
0,p3870,73,53
0,p3871,48,41
0,p3872,40,20
0,p3873,39,40
0,p3874,59,16
0,p3875,97,42
0,p3876,66,39
0,p3877,71,22
0,p3878,76,74
0,p3879,42,97
0,p3880,23,42
0,p3881,62,31
0,p3882,10,43
0,p3883,74,38
0,p3884,24,45
0,p3885,81,96
0,p3886,3,12
0,p3887,87,75
0,p3888,86,42
0,p3889,16,12
0,p3890,91,78
0,p3891,30,67
0,p3892,19,64
0,p3893,42,32
0,p3894,70,99
0,p3895,87,17
0,p3896,97,55
0,p3897,71,55
0,p3898,62,78
0,p3899,11,40
0,p3900,35,27
0,p3901,79,81
0,p3902,46,15
0,p3903,96,56
0,p3904,65,8
0,p3905,59,33
0,p3906,100,44
0,p3907,37,86
0,p3908,13,89
0,p3909,28,89
0,p3910,79,94
0,p3911,68,34
0,p3912,35,68
0,p3913,87,41
0,p3914,84,70
0,p3915,85,8
0,p3916,5,49
0,p3917,30,86
0,p3918,61,16
0,p3919,78,17
0,p3920,74,5
0,p3921,67,69
0,p3922,5,30
0,p3923,51,17
0,p3924,38,42
0,p3925,68,55
0,p3926,53,66
0,p3927,23,98
0,p3928,2,68
0,p3929,98,14
0,p3930,24,60
0,p3931,96,11
0,p3932,58,29
0,p3933,72,89
0,p3934,47,73
0,p3935,96,72
0,p3936,53,63
0,p3937,33,71
0,p3938,3,48
0,p3939,71,22
0,p3940,39,78
0,p3941,58,87
0,p3942,79,54
0,p3943,74,1
0,p3944,11,31
0,p3945,65,98
0,p3946,49,3
0,p3947,76,93
0,p3948,54,25
0,p3949,43,96
0,p3950,72,17
0,p3951,11,33
0,p3952,37,74
0,p3953,100,70
0,p3954,78,85
0,p3955,85,17
0,p3956,27,14
0,p3957,21,15
0,p3958,36,91
0,p3959,17,2
0,p3960,95,93
0,p3961,89,21
0,p3962,66,19
0,p3963,29,80
0,p3964,22,34
0,p3965,67,79
0,p3966,68,22
0,p3967,83,8
0,p3968,31,51
0,p3969,27,51
0,p3970,14,78
0,p3971,5,54
0,p3972,84,75
0,p3973,61,30
0,p3974,98,55
0,p3975,98,13
0,p3976,41,56
0,p3977,2,30
0,p3978,76,96
0,p3979,75,5
0,p3980,19,5
0,p3981,58,59
0,p3982,4,71
0,p3983,84,91
0,p3984,26,78
0,p3985,85,2
0,p3986,97,70
0,p3987,83,2
0,p3988,33,59
0,p3989,60,58
0,p3990,38,56
0,p3991,50,11
0,p3992,31,17
0,p3993,53,42
0,p3994,71,29
0,p3995,23,44
0,p3996,5,35
0,p3997,7,44
0,p3998,84,31
0,p3999,51,28
0,p4000,4,78
0,p4001,83,15
0,p4002,30,58
0,p4003,78,94
0,p4004,80,61
0,p4005,8,76
0,p4006,47,85
0,p4007,73,60
0,p4008,38,35
0,p4009,49,72
0,p4010,23,93
0,p4011,35,1
0,p4012,35,61
0,p4013,25,83
0,p4014,50,42
0,p4015,14,81
0,p4016,9,7
0,p4017,89,79
0,p4018,8,2
0,p4019,20,3
0,p4020,32,96
0,p4021,65,85
0,p4022,41,56
0,p4023,64,11
0,p4024,16,17
0,p4025,85,76
0,p4026,65,94
0,p4027,48,6
0,p4028,27,62
0,p4029,39,86
0,p4030,40,9
0,p4031,9,63
0,p4032,21,5
0,p4033,12,10
0,p4034,70,82
0,p4035,38,32
0,p4036,61,18
0,p4037,85,10
0,p4038,48,71
0,p4039,87,4
0,p4040,9,92
0,p4041,83,28
0,p4042,15,12
0,p4043,22,71
0,p4044,100,58
0,p4045,30,59
0,p4046,85,3
0,p4047,59,63
0,p4048,3,83
0,p4049,48,17
0,p4050,27,12
0,p4051,1,85
0,p4052,96,83
0,p4053,77,57
0,p4054,56,48
0,p4055,54,31
0,p4056,30,66
0,p4057,17,15
0,p4058,67,1
0,p4059,22,92
0,p4060,9,79
0,p4061,17,53
0,p4062,73,64
0,p4063,69,30
0,p4064,47,50
0,p4065,52,37
0,p4066,80,67
0,p4067,3,81
0,p4068,54,41
0,p4069,28,43
0,p4070,65,6
0,p4071,51,40
0,p4072,94,88
0,p4073,19,46
0,p4074,78,77
0,p4075,94,96
0,p4076,18,2
0,p4077,70,96
0,p4078,28,43
0,p4079,76,68
0,p4080,93,68
0,p4081,85,33
0,p4082,85,16
0,p4083,41,89
0,p4084,53,31
0,p4085,6,51
0,p4086,77,63
0,p4087,95,70
0,p4088,61,92
0,p4089,84,1
0,p4090,93,55
0,p4091,88,87
0,p4092,77,83
0,p4093,89,43
0,p4094,14,83
0,p4095,77,90
0,p4096,49,57
0,p4097,63,33
0,p4098,92,49
0,p4099,35,30
0,p4100,59,24
0,p4101,28,21
0,p4102,96,43
0,p4103,45,96
0,p4104,74,7
0,p4105,98,58
0,p4106,63,54
0,p4107,28,93
0,p4108,70,74
0,p4109,77,36
0,p4110,49,85
0,p4111,59,52
0,p4112,25,22
0,p4113,28,81
0,p4114,73,29
0,p4115,17,2
0,p4116,97,52
0,p4117,37,39
0,p4118,6,5
0,p4119,54,37
0,p4120,3,4
0,p4121,75,23
0,p4122,40,42
0,p4123,32,49
0,p4124,98,48
0,p4125,29,37
0,p4126,51,100
0,p4127,23,64
0,p4128,88,99
0,p4129,57,10
0,p4130,81,87
0,p4131,75,52
0,p4132,71,68
0,p4133,87,17
0,p4134,80,89
0,p4135,34,87
0,p4136,91,81
0,p4137,74,95
0,p4138,85,60
0,p4139,26,16
0,p4140,67,33
0,p4141,93,88
0,p4142,24,46
0,p4143,59,87
0,p4144,25,82
0,p4145,16,62
0,p4146,6,53
0,p4147,57,56
0,p4148,100,29
0,p4149,13,26
0,p4150,12,16
0,p4151,48,34
0,p4152,94,54
0,p4153,17,13
0,p4154,44,2
0,p4155,41,65
0,p4156,1,69
0,p4157,31,37
0,p4158,54,18
0,p4159,74,89
0,p4160,11,28
0,p4161,15,1
0,p4162,23,15
0,p4163,51,12
0,p4164,100,27
0,p4165,42,3
0,p4166,94,33
0,p4167,4,97
0,p4168,54,85
0,p4169,99,27
0,p4170,68,54
0,p4171,94,32
0,p4172,18,37
0,p4173,3,83
0,p4174,41,18
0,p4175,2,53
0,p4176,78,51
0,p4177,63,66
0,p4178,64,94
0,p4179,27,87
0,p4180,33,21
0,p4181,27,85
0,p4182,13,22
0,p4183,28,80
0,p4184,23,36
0,p4185,9,47
0,p4186,97,83
0,p4187,31,90
0,p4188,52,53
0,p4189,57,23
0,p4190,79,37
0,p4191,1,74
0,p4192,71,84
0,p4193,33,82
0,p4194,43,13
0,p4195,5,30
0,p4196,71,98
0,p4197,96,17
0,p4198,86,25
0,p4199,45,16
0,p4200,5,46
0,p4201,34,44
0,p4202,40,77
0,p4203,68,21
0,p4204,46,90
0,p4205,96,81
0,p4206,44,71
0,p4207,15,96
0,p4208,49,9
0,p4209,48,94
0,p4210,22,12
0,p4211,35,8
0,p4212,98,19
0,p4213,66,62
0,p4214,25,59
0,p4215,87,83
0,p4216,80,59
0,p4217,70,94
0,p4218,86,32
0,p4219,99,71
0,p4220,15,34
0,p4221,60,9
0,p4222,83,30
0,p4223,27,93
0,p4224,4,74
0,p4225,100,54
0,p4226,20,50
0,p4227,35,16
0,p4228,26,51
0,p4229,13,87
0,p4230,83,97
0,p4231,81,66
0,p4232,76,9
0,p4233,6,94
0,p4234,90,9
0,p4235,66,17
0,p4236,84,87
0,p4237,16,42
0,p4238,41,27
0,p4239,51,53
0,p4240,10,11
0,p4241,79,90
0,p4242,49,94
0,p4243,25,94
0,p4244,34,86
0,p4245,68,33
0,p4246,67,36
0,p4247,15,80
0,p4248,54,56
0,p4249,25,33
0,p4250,65,45
0,p4251,72,99
0,p4252,34,32
0,p4253,86,75
0,p4254,12,15
0,p4255,35,44
0,p4256,52,66
0,p4257,84,96
0,p4258,40,20
0,p4259,43,20
0,p4260,27,15
0,p4261,12,20
0,p4262,57,48
0,p4263,24,67
0,p4264,70,65
0,p4265,12,59
0,p4266,45,56
0,p4267,53,65
0,p4268,19,34
0,p4269,54,69
0,p4270,5,48
0,p4271,78,24
0,p4272,48,29
0,p4273,52,82
0,p4274,21,81
0,p4275,23,2
0,p4276,2,62
0,p4277,5,24
0,p4278,98,49
0,p4279,14,31
0,p4280,34,47
0,p4281,81,41
0,p4282,24,70
0,p4283,9,85
0,p4284,89,86
0,p4285,70,93
0,p4286,78,19
0,p4287,63,86
0,p4288,6,67
0,p4289,50,64
0,p4290,13,16
0,p4291,59,56
0,p4292,40,47
0,p4293,82,27
0,p4294,24,77
0,p4295,47,83
0,p4296,7,13
0,p4297,82,59
0,p4298,36,94
0,p4299,7,23
0,p4300,5,37
0,p4301,89,62
0,p4302,28,68
0,p4303,94,28
0,p4304,15,2
0,p4305,92,33
0,p4306,39,38
0,p4307,32,39
0,p4308,78,7
0,p4309,26,48
0,p4310,50,13
0,p4311,8,87
0,p4312,98,8
0,p4313,63,24
0,p4314,83,58
0,p4315,68,98
0,p4316,77,76
0,p4317,64,80
0,p4318,93,84
0,p4319,51,59
0,p4320,52,47
0,p4321,63,52
0,p4322,85,9
0,p4323,13,85
0,p4324,75,1
0,p4325,14,79
0,p4326,28,93
0,p4327,51,77
0,p4328,93,27
0,p4329,50,59
0,p4330,19,99
0,p4331,50,94
0,p4332,66,22
0,p4333,12,63
0,p4334,74,65
0,p4335,94,20
0,p4336,86,4
0,p4337,97,76
0,p4338,72,91
0,p4339,44,100
0,p4340,19,41
0,p4341,77,69
0,p4342,97,27
0,p4343,92,21
0,p4344,11,28
0,p4345,79,12
0,p4346,81,34
0,p4347,8,12
0,p4348,41,78
0,p4349,8,84
0,p4350,68,79
0,p4351,97,56
0,p4352,92,16
0,p4353,72,29
0,p4354,79,66
0,p4355,99,13
0,p4356,30,16
0,p4357,69,96
0,p4358,28,91
0,p4359,63,76
0,p4360,28,19
0,p4361,40,88
0,p4362,94,90
0,p4363,63,76
0,p4364,1,57
0,p4365,7,41
0,p4366,20,46
0,p4367,77,87
0,p4368,24,8
0,p4369,66,67
0,p4370,1,68
0,p4371,12,6
0,p4372,24,26
0,p4373,76,45
0,p4374,31,30
0,p4375,47,27
0,p4376,84,12
0,p4377,61,56
0,p4378,8,16
0,p4379,63,99
0,p4380,59,44
0,p4381,44,80
0,p4382,49,63
0,p4383,73,66
0,p4384,88,51
0,p4385,97,76
0,p4386,10,76
0,p4387,95,8
0,p4388,95,45
0,p4389,47,32
0,p4390,49,58
0,p4391,83,88
0,p4392,87,14
0,p4393,58,20
0,p4394,43,6
0,p4395,99,25
0,p4396,96,42
0,p4397,99,52
0,p4398,100,46
0,p4399,2,45
0,p4400,21,43
0,p4401,12,70
0,p4402,80,3
0,p4403,1,32
0,p4404,50,7
0,p4405,5,12
0,p4406,9,57
0,p4407,53,95
0,p4408,78,13
0,p4409,39,35
0,p4410,16,90
0,p4411,92,7
0,p4412,60,54
0,p4413,17,41
0,p4414,99,12
0,p4415,66,87
0,p4416,4,52
0,p4417,32,43
0,p4418,81,3
0,p4419,71,98
0,p4420,25,65
0,p4421,33,32
0,p4422,95,41
0,p4423,44,76
0,p4424,51,88
0,p4425,14,7
0,p4426,14,67
0,p4427,10,2
0,p4428,47,89
0,p4429,13,48
0,p4430,75,59
0,p4431,39,62
0,p4432,97,84
0,p4433,31,86
0,p4434,40,41
0,p4435,13,50
0,p4436,24,33
0,p4437,2,75
0,p4438,52,28
0,p4439,11,51
0,p4440,94,67
0,p4441,23,4
0,p4442,97,82
0,p4443,43,28
0,p4444,96,94
0,p4445,83,55
0,p4446,45,48
0,p4447,89,55
0,p4448,59,79
0,p4449,16,25
0,p4450,24,57
0,p4451,98,70
0,p4452,87,16
0,p4453,16,51
0,p4454,83,10
0,p4455,27,16
0,p4456,83,23
0,p4457,24,98
0,p4458,16,57
0,p4459,76,41
0,p4460,41,56
0,p4461,59,95
0,p4462,12,93
0,p4463,71,54
0,p4464,49,38
0,p4465,18,95
0,p4466,79,29
0,p4467,81,52
0,p4468,44,73
0,p4469,68,19
0,p4470,3,6
0,p4471,46,91
0,p4472,37,58
0,p4473,96,9
0,p4474,61,3
0,p4475,68,36
0,p4476,37,63
0,p4477,10,32
0,p4478,28,26
0,p4479,45,31
0,p4480,19,40
0,p4481,23,3
0,p4482,10,41
0,p4483,9,6
0,p4484,81,49
0,p4485,64,95
0,p4486,5,26
0,p4487,27,66
0,p4488,26,12
0,p4489,8,12
0,p4490,42,53
0,p4491,5,53
0,p4492,72,8
0,p4493,78,28
0,p4494,53,73
0,p4495,18,13
0,p4496,77,97
0,p4497,96,37
0,p4498,96,65
0,p4499,83,94
0,p4500,86,64
0,p4501,92,44
0,p4502,23,2
0,p4503,75,92
0,p4504,81,24
0,p4505,64,81
0,p4506,42,9
0,p4507,83,85
0,p4508,26,31
0,p4509,66,89
0,p4510,92,89
0,p4511,63,41
0,p4512,56,93
0,p4513,34,74
0,p4514,26,67
0,p4515,94,97
0,p4516,84,68
0,p4517,5,49
0,p4518,13,40
0,p4519,11,85
0,p4520,57,38
0,p4521,86,38
0,p4522,55,97
0,p4523,40,12
0,p4524,43,20
0,p4525,27,82
0,p4526,84,98
0,p4527,97,95
0,p4528,31,60
0,p4529,2,88
0,p4530,2,26
0,p4531,97,99
0,p4532,91,65
0,p4533,90,60
0,p4534,5,71
0,p4535,77,48
0,p4536,69,27
0,p4537,36,13
0,p4538,90,79
0,p4539,66,48
0,p4540,41,57
0,p4541,74,75
0,p4542,98,64
0,p4543,16,57
0,p4544,22,97
0,p4545,97,26
0,p4546,90,31
0,p4547,39,59
0,p4548,98,70
0,p4549,9,76
0,p4550,88,73
0,p4551,57,72
0,p4552,39,70
0,p4553,71,50
0,p4554,26,87
0,p4555,60,93
0,p4556,24,97
0,p4557,35,3
0,p4558,67,41
0,p4559,78,80
0,p4560,85,20
0,p4561,48,23
0,p4562,3,10
0,p4563,29,4
0,p4564,22,17
0,p4565,46,67
0,p4566,83,72
0,p4567,77,1
0,p4568,47,38
0,p4569,53,93
0,p4570,16,31
0,p4571,11,90
0,p4572,59,88
0,p4573,12,38
0,p4574,8,25
0,p4575,32,37
0,p4576,58,61
0,p4577,17,75
0,p4578,85,87
0,p4579,21,55
0,p4580,8,93
0,p4581,43,60
0,p4582,89,76
0,p4583,44,91
0,p4584,58,80
0,p4585,100,99
0,p4586,20,54
0,p4587,44,35
0,p4588,97,91
0,p4589,63,10
0,p4590,12,15
0,p4591,4,62
0,p4592,31,97
0,p4593,87,27
0,p4594,56,24
0,p4595,100,96
0,p4596,12,4
0,p4597,85,27
0,p4598,69,44
0,p4599,3,97
0,p4600,31,16
0,p4601,67,6
0,p4602,84,87
0,p4603,10,4
0,p4604,14,25
0,p4605,17,3
0,p4606,85,99
0,p4607,42,98
0,p4608,15,82
0,p4609,43,51
0,p4610,62,61
0,p4611,71,18
0,p4612,20,33
0,p4613,49,25
0,p4614,76,28
0,p4615,15,83
0,p4616,43,39
0,p4617,100,99
0,p4618,38,25
0,p4619,26,17
0,p4620,30,3
0,p4621,20,55
0,p4622,4,51
0,p4623,26,52
0,p4624,92,67
0,p4625,81,62
0,p4626,95,82
0,p4627,53,27
0,p4628,9,43
0,p4629,56,71
0,p4630,53,92
0,p4631,15,65
0,p4632,47,34
0,p4633,98,65
0,p4634,1,4
0,p4635,12,75
0,p4636,47,98
0,p4637,60,12
0,p4638,10,24
0,p4639,39,43
0,p4640,44,10
0,p4641,20,97
0,p4642,18,36
0,p4643,69,85
0,p4644,85,46
0,p4645,18,59
0,p4646,96,79
0,p4647,11,80
0,p4648,3,59
0,p4649,57,63
0,p4650,100,90
0,p4651,86,25
0,p4652,80,11
0,p4653,25,70
0,p4654,48,73
0,p4655,35,2
0,p4656,72,48
0,p4657,18,61
0,p4658,32,68
0,p4659,89,76
0,p4660,47,100
0,p4661,5,21
0,p4662,86,75
0,p4663,78,62
0,p4664,50,7
0,p4665,38,91
0,p4666,25,59
0,p4667,100,4
0,p4668,99,50
0,p4669,81,69
0,p4670,98,77
0,p4671,4,23
0,p4672,67,8
0,p4673,60,8
0,p4674,69,77
0,p4675,90,22
0,p4676,75,90
0,p4677,63,29
0,p4678,75,20
0,p4679,35,33
0,p4680,24,37
0,p4681,82,2
0,p4682,90,74
0,p4683,7,31
0,p4684,75,72
0,p4685,59,37
0,p4686,50,80
0,p4687,74,21
0,p4688,78,33
0,p4689,14,65
0,p4690,8,59
0,p4691,71,54
0,p4692,80,89
0,p4693,85,48
0,p4694,65,41
0,p4695,71,41
0,p4696,38,86
0,p4697,53,28
0,p4698,32,60
0,p4699,89,54
0,p4700,18,43
0,p4701,31,83
0,p4702,44,76
0,p4703,87,36
0,p4704,43,73
0,p4705,78,76
0,p4706,3,20
0,p4707,89,84
0,p4708,43,5
0,p4709,14,66
0,p4710,4,46
0,p4711,38,85
0,p4712,77,79
0,p4713,64,13
0,p4714,31,58
0,p4715,60,75
0,p4716,97,89
0,p4717,16,9
0,p4718,19,87
0,p4719,67,88
0,p4720,62,86
0,p4721,30,74
0,p4722,64,23
0,p4723,84,25
0,p4724,36,97
0,p4725,8,83
0,p4726,61,8
0,p4727,1,94
0,p4728,16,48
0,p4729,60,42
0,p4730,10,78
0,p4731,32,58
0,p4732,22,62
0,p4733,65,20
0,p4734,68,42
0,p4735,6,43
0,p4736,30,2
0,p4737,43,40
0,p4738,49,90
0,p4739,57,49
0,p4740,47,81
0,p4741,36,94
0,p4742,75,73
0,p4743,48,99
0,p4744,53,9
0,p4745,5,7
0,p4746,29,58
0,p4747,7,73
0,p4748,37,18
0,p4749,20,41
0,p4750,13,48
0,p4751,35,44
0,p4752,30,13
0,p4753,75,81
0,p4754,13,51
0,p4755,40,98
0,p4756,5,8
0,p4757,4,9
0,p4758,67,25
0,p4759,57,70
0,p4760,16,3
0,p4761,78,76
0,p4762,54,98
0,p4763,49,32
0,p4764,15,57
0,p4765,79,20
0,p4766,6,98
0,p4767,89,10
0,p4768,42,65
0,p4769,40,27
0,p4770,58,87
0,p4771,23,49
0,p4772,45,73
0,p4773,59,77
0,p4774,59,78
0,p4775,62,37
0,p4776,29,27
0,p4777,19,49
0,p4778,100,46
0,p4779,9,80
0,p4780,56,67
0,p4781,50,25
0,p4782,73,96
0,p4783,65,31
0,p4784,6,67
0,p4785,20,92
0,p4786,17,15
0,p4787,82,41
0,p4788,32,2
0,p4789,68,74
0,p4790,42,14
0,p4791,62,81
0,p4792,62,73
0,p4793,62,39
0,p4794,52,78
0,p4795,40,3
0,p4796,59,94
0,p4797,9,40
0,p4798,87,22
0,p4799,14,45
0,p4800,31,28
0,p4801,13,94
0,p4802,37,90
0,p4803,90,81
0,p4804,16,94
0,p4805,32,56
0,p4806,53,11
0,p4807,65,82
0,p4808,13,60
0,p4809,89,97
0,p4810,24,8
0,p4811,60,32
0,p4812,67,4
0,p4813,75,48
0,p4814,97,37
0,p4815,94,10
0,p4816,84,17
0,p4817,73,1
0,p4818,76,47
0,p4819,8,6
0,p4820,41,46
0,p4821,35,23
0,p4822,28,91
0,p4823,49,36
0,p4824,78,28
0,p4825,71,50
0,p4826,45,44
0,p4827,10,59
0,p4828,96,89
0,p4829,64,79
0,p4830,31,55
0,p4831,34,5
0,p4832,4,78
0,p4833,7,12
0,p4834,88,34
0,p4835,48,3
0,p4836,77,62
0,p4837,80,60
0,p4838,77,33
0,p4839,29,1
0,p4840,66,87
0,p4841,60,46
0,p4842,67,94
0,p4843,47,42
0,p4844,54,43
0,p4845,44,1
0,p4846,80,82
0,p4847,38,8
0,p4848,30,42
0,p4849,96,20
0,p4850,28,89
0,p4851,77,29
0,p4852,89,8
0,p4853,24,48
0,p4854,39,31
0,p4855,10,68
0,p4856,76,7
0,p4857,1,27
0,p4858,84,15
0,p4859,76,71
0,p4860,74,70
0,p4861,49,15
0,p4862,47,16
0,p4863,92,18
0,p4864,49,15
0,p4865,41,3
0,p4866,63,27
0,p4867,6,59
0,p4868,34,59
0,p4869,56,30
0,p4870,78,68
0,p4871,75,87
0,p4872,32,53
0,p4873,51,7
0,p4874,9,81
0,p4875,16,32
0,p4876,61,47
0,p4877,25,58
0,p4878,35,2
0,p4879,46,47
0,p4880,69,68
0,p4881,32,67
0,p4882,89,92
0,p4883,62,53
0,p4884,23,60
0,p4885,41,32
0,p4886,21,59
0,p4887,92,26
0,p4888,47,56
0,p4889,76,63
0,p4890,46,96
0,p4891,30,11
0,p4892,25,34
0,p4893,62,37
0,p4894,94,51
0,p4895,28,35
0,p4896,66,24
0,p4897,83,30
0,p4898,66,48
0,p4899,52,84
0,p4900,51,60
0,p4901,100,12
0,p4902,96,92
0,p4903,15,76
0,p4904,71,57
0,p4905,53,23
0,p4906,50,92
0,p4907,27,8
0,p4908,68,38
0,p4909,15,62
0,p4910,24,96
0,p4911,23,6
0,p4912,87,96
0,p4913,23,97
0,p4914,23,13
0,p4915,17,5
0,p4916,62,19
0,p4917,69,24
0,p4918,80,47
0,p4919,25,95
0,p4920,8,7
0,p4921,77,33
0,p4922,58,52
0,p4923,64,12
0,p4924,43,33
0,p4925,98,19
0,p4926,84,23
0,p4927,19,21
0,p4928,66,44
0,p4929,83,91
0,p4930,34,63
0,p4931,58,16
0,p4932,55,52
0,p4933,22,51
0,p4934,86,51
0,p4935,27,13
0,p4936,36,94
0,p4937,56,85
0,p4938,68,45
0,p4939,21,7
0,p4940,98,69
0,p4941,4,84
0,p4942,19,95
0,p4943,49,18
0,p4944,17,97
0,p4945,65,71
0,p4946,94,59
0,p4947,59,86
0,p4948,66,86
0,p4949,35,85
0,p4950,75,46
0,p4951,31,60
0,p4952,93,13
0,p4953,27,23
0,p4954,6,52
0,p4955,2,86
0,p4956,74,63
0,p4957,97,21
0,p4958,82,61
0,p4959,48,16
0,p4960,10,16
0,p4961,58,71
0,p4962,21,99
0,p4963,65,85
0,p4964,17,22
0,p4965,86,13
0,p4966,41,93
0,p4967,47,72
0,p4968,82,15
0,p4969,69,53
0,p4970,43,14
0,p4971,56,99
0,p4972,55,24
0,p4973,64,91
0,p4974,85,4
0,p4975,2,33
0,p4976,21,91
0,p4977,43,91
0,p4978,67,35
0,p4979,100,12
0,p4980,56,76
0,p4981,93,29
0,p4982,56,33
0,p4983,30,52
0,p4984,68,82
0,p4985,56,73
0,p4986,22,17
0,p4987,17,77
0,p4988,78,31
0,p4989,37,16
0,p4990,55,94
0,p4991,100,97
0,p4992,19,17
0,p4993,68,46
0,p4994,83,88
0,p4995,46,51
0,p4996,7,80
0,p4997,30,18
0,p4998,76,26
0,p4999,3,34
0,p5000,15,5
0,p5001,6,55
0,p5002,94,38
0,p5003,90,22
0,p5004,69,34
0,p5005,22,64
0,p5006,29,73
0,p5007,3,99
0,p5008,38,93
0,p5009,35,70
0,p5010,98,84
0,p5011,84,86
0,p5012,52,41
0,p5013,61,27
0,p5014,72,50
0,p5015,36,52
0,p5016,3,26
0,p5017,78,54
0,p5018,80,43
0,p5019,68,87
0,p5020,7,55
0,p5021,39,1
0,p5022,20,39
0,p5023,9,7
0,p5024,23,91
0,p5025,34,65
0,p5026,6,24
0,p5027,2,82
0,p5028,69,87
0,p5029,69,23
0,p5030,25,40
0,p5031,21,48
0,p5032,5,66
0,p5033,73,86
0,p5034,28,27
0,p5035,71,57
0,p5036,95,77
0,p5037,59,41
0,p5038,34,28
0,p5039,74,39
0,p5040,61,35
0,p5041,77,68
0,p5042,72,83
0,p5043,18,51
0,p5044,62,11
0,p5045,13,24
0,p5046,86,74
0,p5047,11,88
0,p5048,10,99
0,p5049,85,86
0,p5050,41,90
0,p5051,69,84
0,p5052,22,88
0,p5053,2,75
0,p5054,13,44
0,p5055,25,75
0,p5056,67,78
0,p5057,52,64
0,p5058,43,38
0,p5059,76,88
0,p5060,60,22
0,p5061,42,48
0,p5062,28,96
0,p5063,75,33
0,p5064,65,32
0,p5065,46,78
0,p5066,31,85
0,p5067,76,68
0,p5068,32,45
0,p5069,83,84
0,p5070,65,85
0,p5071,64,10
0,p5072,60,8
0,p5073,1,41
0,p5074,38,15
0,p5075,50,16
0,p5076,100,76
0,p5077,81,91
0,p5078,24,68
0,p5079,60,89
0,p5080,35,78
0,p5081,68,40
0,p5082,29,24
0,p5083,58,44
0,p5084,73,31
0,p5085,94,95
0,p5086,90,20
0,p5087,12,79
0,p5088,25,68
0,p5089,27,50
0,p5090,31,89
0,p5091,61,83
0,p5092,77,54
0,p5093,7,77
0,p5094,69,41
0,p5095,76,78
0,p5096,38,96
0,p5097,74,11
0,p5098,84,23
0,p5099,95,47
0,p5100,5,72
0,p5101,44,23
0,p5102,8,93
0,p5103,65,1
0,p5104,59,8
0,p5105,5,90
0,p5106,74,14
0,p5107,19,99
0,p5108,93,8
0,p5109,76,57
0,p5110,42,65
0,p5111,95,59
0,p5112,9,17
0,p5113,86,87
0,p5114,69,60
0,p5115,98,91
0,p5116,30,7
0,p5117,53,62
0,p5118,43,82
0,p5119,16,32
0,p5120,67,76
0,p5121,71,58
0,p5122,8,47
0,p5123,36,32
0,p5124,68,16
0,p5125,5,1
0,p5126,38,5
0,p5127,98,80
0,p5128,33,4
0,p5129,97,11
0,p5130,99,15
0,p5131,40,75
0,p5132,44,74
0,p5133,68,55
0,p5134,44,97
0,p5135,98,93
0,p5136,73,84
0,p5137,69,64
0,p5138,78,56
0,p5139,57,47
0,p5140,12,49
0,p5141,67,53
0,p5142,27,98
0,p5143,74,75
0,p5144,46,31
0,p5145,64,46
0,p5146,83,81
0,p5147,37,46
0,p5148,63,87
0,p5149,3,69
0,p5150,46,28
0,p5151,22,47
0,p5152,15,1
0,p5153,99,88
0,p5154,34,85
0,p5155,67,100
0,p5156,12,21
0,p5157,39,35
0,p5158,28,53
0,p5159,60,37
0,p5160,86,66
0,p5161,38,69
0,p5162,84,59
0,p5163,72,85
0,p5164,85,93
0,p5165,71,47
0,p5166,44,1
0,p5167,43,48
0,p5168,57,98
0,p5169,75,77
0,p5170,42,1
0,p5171,10,79
0,p5172,98,82
0,p5173,6,13
0,p5174,77,58
0,p5175,83,96
0,p5176,34,50
0,p5177,17,89
0,p5178,65,77
0,p5179,32,67
0,p5180,83,14
0,p5181,23,91
0,p5182,17,16
0,p5183,49,4
0,p5184,22,85
0,p5185,96,69
0,p5186,84,14
0,p5187,41,90
0,p5188,31,73
0,p5189,26,41
0,p5190,100,47
0,p5191,57,97
0,p5192,88,31
0,p5193,30,88
0,p5194,43,14
0,p5195,17,83
0,p5196,68,58
0,p5197,93,56
0,p5198,88,75
0,p5199,35,90
0,p5200,1,72
0,p5201,77,47
0,p5202,60,33
0,p5203,92,49
0,p5204,52,32
0,p5205,45,18
0,p5206,98,22
0,p5207,10,33
0,p5208,65,20
0,p5209,26,80
0,p5210,54,3
0,p5211,26,100
0,p5212,81,30
0,p5213,3,69
0,p5214,3,29
0,p5215,64,48
0,p5216,42,66
0,p5217,9,38
0,p5218,25,99
0,p5219,40,1
0,p5220,87,70
0,p5221,5,66
0,p5222,77,85
0,p5223,21,79
0,p5224,72,11
0,p5225,7,99
0,p5226,71,99
0,p5227,16,73
0,p5228,82,54
0,p5229,70,18
0,p5230,69,50
0,p5231,94,88
0,p5232,83,89
0,p5233,98,100
0,p5234,11,70
0,p5235,13,38
0,p5236,58,56
0,p5237,87,36
0,p5238,70,40
0,p5239,60,15
0,p5240,57,80
0,p5241,43,33
0,p5242,12,68
0,p5243,38,41
0,p5244,75,10
0,p5245,83,48
0,p5246,51,59
0,p5247,67,45
0,p5248,16,53
0,p5249,41,72
0,p5250,21,96
0,p5251,88,93
0,p5252,8,69
0,p5253,39,18
0,p5254,65,57
0,p5255,22,36
0,p5256,2,47
0,p5257,64,49
0,p5258,31,54
0,p5259,24,46
0,p5260,62,54
0,p5261,4,88
0,p5262,33,77
0,p5263,28,87
0,p5264,84,72
0,p5265,53,70
0,p5266,94,40
0,p5267,57,9
0,p5268,85,74
0,p5269,81,84
0,p5270,68,57
0,p5271,5,92
0,p5272,50,48
0,p5273,42,69
0,p5274,42,5
0,p5275,71,54
0,p5276,40,96
0,p5277,14,21
0,p5278,13,3
0,p5279,29,44
0,p5280,31,1
0,p5281,84,31
0,p5282,63,73
0,p5283,99,50
0,p5284,91,57
0,p5285,70,37
0,p5286,36,100
0,p5287,41,82
0,p5288,39,72
0,p5289,16,22
0,p5290,17,42
0,p5291,53,95
0,p5292,12,89
0,p5293,39,50
0,p5294,79,12
0,p5295,97,77
0,p5296,97,9
0,p5297,85,13
0,p5298,56,23
0,p5299,11,40
0,p5300,54,62
0,p5301,92,40
0,p5302,66,21
0,p5303,23,4
0,p5304,62,55
0,p5305,4,70
0,p5306,27,77
0,p5307,95,67
0,p5308,24,5
0,p5309,15,86
0,p5310,96,22
0,p5311,30,99
0,p5312,39,27
0,p5313,78,19
0,p5314,71,38
0,p5315,21,91
0,p5316,9,99
0,p5317,56,7
0,p5318,67,85
0,p5319,97,40
0,p5320,42,50
0,p5321,50,40
0,p5322,41,77
0,p5323,24,68
0,p5324,53,34
0,p5325,66,26
0,p5326,22,51
0,p5327,15,35
0,p5328,19,86
0,p5329,67,21
0,p5330,28,2
0,p5331,92,76
0,p5332,65,91
0,p5333,54,11
0,p5334,12,50
0,p5335,15,49
0,p5336,51,17
0,p5337,87,36
0,p5338,53,70
0,p5339,24,40
0,p5340,74,75
0,p5341,66,91
0,p5342,70,73
0,p5343,97,71
0,p5344,10,73
0,p5345,98,99
0,p5346,17,42
0,p5347,16,42
0,p5348,24,11
0,p5349,4,54
0,p5350,89,31
0,p5351,63,26
0,p5352,15,73
0,p5353,61,38
0,p5354,56,8
0,p5355,26,8
0,p5356,37,1
0,p5357,83,19
0,p5358,16,62
0,p5359,40,51
0,p5360,23,3
0,p5361,88,32
0,p5362,91,100
0,p5363,47,6
0,p5364,1,36
0,p5365,26,29
0,p5366,71,46
0,p5367,88,36
0,p5368,42,43
0,p5369,15,14
0,p5370,79,14
0,p5371,10,20
0,p5372,1,99
0,p5373,46,6
0,p5374,78,46
0,p5375,19,24
0,p5376,75,91
0,p5377,34,23
0,p5378,64,36
0,p5379,49,74
0,p5380,87,42
0,p5381,78,98
0,p5382,73,82
0,p5383,54,9
0,p5384,38,42
0,p5385,64,30
0,p5386,4,23
0,p5387,75,24
0,p5388,24,97
0,p5389,16,98
0,p5390,46,29
0,p5391,14,92
0,p5392,88,36
0,p5393,57,42
0,p5394,74,83
0,p5395,3,26
0,p5396,90,44
0,p5397,58,29
0,p5398,57,75
0,p5399,70,15
0,p5400,74,2
0,p5401,64,34
0,p5402,12,15
0,p5403,62,89
0,p5404,38,74
0,p5405,32,91
0,p5406,5,58
0,p5407,16,79
0,p5408,87,12
0,p5409,16,21
0,p5410,91,29
0,p5411,54,7
0,p5412,43,30
0,p5413,49,30
0,p5414,10,61
0,p5415,48,18
0,p5416,46,22
0,p5417,9,6
0,p5418,51,92
0,p5419,94,46
0,p5420,41,100
0,p5421,54,41
0,p5422,41,24
0,p5423,58,80
0,p5424,88,30
0,p5425,50,81
0,p5426,35,71
0,p5427,92,54
0,p5428,38,42
0,p5429,58,80
0,p5430,78,69
0,p5431,40,39
0,p5432,99,10
0,p5433,64,48
0,p5434,3,26
0,p5435,46,13
0,p5436,26,87
0,p5437,74,72
0,p5438,64,45
0,p5439,67,34
0,p5440,62,44
0,p5441,87,46
0,p5442,44,94
0,p5443,70,21
0,p5444,28,72
0,p5445,33,23
0,p5446,25,92
0,p5447,25,91
0,p5448,88,65
0,p5449,54,60
0,p5450,41,68
0,p5451,8,89
0,p5452,48,33
0,p5453,31,60
0,p5454,53,77
0,p5455,30,66
0,p5456,97,68
0,p5457,11,76
0,p5458,5,26
0,p5459,68,92
0,p5460,70,38
0,p5461,73,61
0,p5462,68,36
0,p5463,17,53
0,p5464,46,14
0,p5465,72,47
0,p5466,66,25
0,p5467,51,59
0,p5468,24,8
0,p5469,28,50
0,p5470,33,2
0,p5471,72,23
0,p5472,11,2
0,p5473,16,41
0,p5474,25,10
0,p5475,53,79
0,p5476,36,57
0,p5477,26,82
0,p5478,49,94
0,p5479,83,80
0,p5480,85,50
0,p5481,53,46
0,p5482,53,8
0,p5483,29,31
0,p5484,8,57
0,p5485,35,68
0,p5486,87,79
0,p5487,4,18
0,p5488,51,22
0,p5489,52,73
0,p5490,41,64
0,p5491,55,56
0,p5492,32,23
0,p5493,38,82
0,p5494,43,12
0,p5495,59,18
0,p5496,36,67
0,p5497,5,18
0,p5498,18,3
0,p5499,85,8
0,p5500,13,84
0,p5501,4,42
0,p5502,64,81
0,p5503,32,33
0,p5504,12,85
0,p5505,5,71
0,p5506,94,20
0,p5507,74,30
0,p5508,7,66
0,p5509,51,27
0,p5510,90,97
0,p5511,71,100
0,p5512,99,53
0,p5513,47,60
0,p5514,62,92
0,p5515,38,48
0,p5516,3,34
0,p5517,9,44
0,p5518,50,78
0,p5519,32,39
0,p5520,62,74
0,p5521,58,49
0,p5522,95,46
0,p5523,55,88
0,p5524,86,35
0,p5525,32,8
0,p5526,19,69
0,p5527,81,9
0,p5528,18,14
0,p5529,20,64
0,p5530,20,43
0,p5531,92,41
0,p5532,52,50
0,p5533,2,22
0,p5534,2,52
0,p5535,48,39
0,p5536,55,73
0,p5537,19,76
0,p5538,70,68
0,p5539,11,6
0,p5540,98,27
0,p5541,88,89
0,p5542,85,40
0,p5543,24,74
0,p5544,62,91
0,p5545,64,96
0,p5546,83,50
0,p5547,78,66
0,p5548,20,26
0,p5549,52,68
0,p5550,73,41
0,p5551,8,97
0,p5552,43,62
0,p5553,19,62
0,p5554,8,31
0,p5555,83,61
0,p5556,89,59
0,p5557,51,77
0,p5558,49,82
0,p5559,58,39
0,p5560,66,53
0,p5561,93,6
0,p5562,3,60
0,p5563,93,31
0,p5564,58,88
0,p5565,32,17
0,p5566,63,95
0,p5567,98,51
0,p5568,26,16
0,p5569,46,21
0,p5570,18,70
0,p5571,65,1
0,p5572,62,7
0,p5573,73,2
0,p5574,26,34
0,p5575,19,43
0,p5576,55,100
0,p5577,60,11
0,p5578,12,44
0,p5579,35,56
0,p5580,99,11
0,p5581,50,76
0,p5582,46,64
0,p5583,26,85
0,p5584,53,52
0,p5585,65,72
0,p5586,27,3
0,p5587,57,98
0,p5588,65,71
0,p5589,96,86
0,p5590,12,3
0,p5591,83,67
0,p5592,88,40
0,p5593,74,25
0,p5594,35,38
0,p5595,70,7
0,p5596,100,57
0,p5597,44,50
0,p5598,41,17
0,p5599,3,23
0,p5600,39,17
0,p5601,73,44
0,p5602,16,91
0,p5603,32,12
0,p5604,3,91
0,p5605,81,50
0,p5606,28,69
0,p5607,20,13
0,p5608,36,4
0,p5609,69,39
0,p5610,73,44
0,p5611,83,61
0,p5612,84,27
0,p5613,36,10
0,p5614,65,75
0,p5615,51,56
0,p5616,9,53
0,p5617,2,65
0,p5618,23,77
0,p5619,84,48
0,p5620,3,27
0,p5621,73,27
0,p5622,4,60
0,p5623,64,8
0,p5624,58,31
0,p5625,28,86
0,p5626,29,16
0,p5627,51,17
0,p5628,44,42
0,p5629,39,37
0,p5630,75,44
0,p5631,19,62
0,p5632,85,62
0,p5633,80,73
0,p5634,83,27
0,p5635,68,70
0,p5636,77,57
0,p5637,84,22
0,p5638,28,47
0,p5639,13,56
0,p5640,57,64
0,p5641,76,54
0,p5642,93,12
0,p5643,52,38
0,p5644,99,55
0,p5645,47,69
0,p5646,71,4
0,p5647,57,13
0,p5648,100,45
0,p5649,28,1
0,p5650,72,91
0,p5651,35,44
0,p5652,2,26
0,p5653,64,20
0,p5654,18,7
0,p5655,51,63
0,p5656,30,54
0,p5657,90,40
0,p5658,50,94
0,p5659,54,46
0,p5660,93,86
0,p5661,8,82
0,p5662,69,92
0,p5663,86,78
0,p5664,25,97
0,p5665,85,78
0,p5666,99,91
0,p5667,50,96
0,p5668,79,28
0,p5669,11,72
0,p5670,87,46
0,p5671,91,90
0,p5672,7,30
0,p5673,59,30
0,p5674,41,75
0,p5675,90,41
0,p5676,36,85
0,p5677,18,72
0,p5678,49,36
0,p5679,99,52
0,p5680,70,14
0,p5681,72,34
0,p5682,46,78
0,p5683,55,2
0,p5684,88,2
0,p5685,33,17
0,p5686,81,4
0,p5687,19,84
0,p5688,77,69
0,p5689,4,15
0,p5690,87,89
0,p5691,98,85
0,p5692,5,54
0,p5693,50,55
0,p5694,8,6
0,p5695,48,63
0,p5696,23,35
0,p5697,64,30
0,p5698,42,17
0,p5699,3,16
0,p5700,47,58
0,p5701,25,82
0,p5702,22,32
0,p5703,10,62
0,p5704,31,50
0,p5705,18,20
0,p5706,97,76
0,p5707,45,56
0,p5708,41,28
0,p5709,60,4
0,p5710,25,30
0,p5711,30,89
0,p5712,11,6
0,p5713,56,65
0,p5714,84,29
0,p5715,71,52
0,p5716,84,4
0,p5717,37,50
0,p5718,69,59
0,p5719,90,22
0,p5720,26,15
0,p5721,74,82
0,p5722,22,4
0,p5723,35,12
0,p5724,29,40
0,p5725,98,32
0,p5726,99,13
0,p5727,83,84
0,p5728,60,71
0,p5729,2,87
0,p5730,8,87
0,p5731,10,8
0,p5732,12,77
0,p5733,100,10
0,p5734,90,14
0,p5735,70,99
0,p5736,26,88
0,p5737,31,71
0,p5738,82,13
0,p5739,64,70
0,p5740,88,11
0,p5741,49,87
0,p5742,75,35
0,p5743,65,67
0,p5744,69,2
0,p5745,37,6
0,p5746,27,81
0,p5747,97,66
0,p5748,78,97
0,p5749,79,2
0,p5750,30,29
0,p5751,49,50
0,p5752,35,73
0,p5753,57,48
0,p5754,73,26
0,p5755,32,37
0,p5756,55,25
0,p5757,73,31
0,p5758,29,6
0,p5759,42,82
0,p5760,89,36
0,p5761,75,68
0,p5762,86,90
0,p5763,59,31
0,p5764,93,52
0,p5765,68,43
0,p5766,15,52
0,p5767,36,13
0,p5768,72,39
0,p5769,5,83
0,p5770,32,22
0,p5771,47,79
0,p5772,19,23
0,p5773,47,63
0,p5774,32,77
0,p5775,64,66
0,p5776,41,55
0,p5777,73,74
0,p5778,13,26
0,p5779,28,69
0,p5780,45,3
0,p5781,43,29
0,p5782,48,23
0,p5783,76,11
0,p5784,3,33
0,p5785,48,51
0,p5786,17,66
0,p5787,8,99
0,p5788,47,54
0,p5789,18,22
0,p5790,30,28
0,p5791,1,29
0,p5792,26,43
0,p5793,53,32
0,p5794,52,67
0,p5795,43,84
0,p5796,49,94
0,p5797,30,35
0,p5798,35,20
0,p5799,62,56
0,p5800,32,16
0,p5801,30,23
0,p5802,87,1
0,p5803,86,39
0,p5804,31,95
0,p5805,35,82
0,p5806,4,40
0,p5807,70,10
0,p5808,78,62
0,p5809,11,91
0,p5810,17,83
0,p5811,61,10
0,p5812,83,34
0,p5813,26,21
0,p5814,57,38
0,p5815,31,44
0,p5816,70,3
0,p5817,66,100
0,p5818,44,63
0,p5819,96,75
0,p5820,78,52
0,p5821,67,14
0,p5822,100,77
0,p5823,13,22
0,p5824,69,99
0,p5825,66,59
0,p5826,86,90
0,p5827,75,66
0,p5828,75,68
0,p5829,18,29
0,p5830,13,25
0,p5831,15,93
0,p5832,75,56
0,p5833,34,78
0,p5834,32,11
0,p5835,23,61
0,p5836,44,43
0,p5837,29,46
0,p5838,86,99
0,p5839,98,17
0,p5840,53,6
0,p5841,28,7
0,p5842,91,5
0,p5843,21,42
0,p5844,8,33
0,p5845,61,22
0,p5846,80,55
0,p5847,94,9
0,p5848,54,7
0,p5849,47,56
0,p5850,66,78
0,p5851,34,99
0,p5852,77,27
0,p5853,63,74
0,p5854,12,28
0,p5855,14,22
0,p5856,20,83
0,p5857,48,22
0,p5858,36,66
0,p5859,58,35
0,p5860,2,6
0,p5861,24,9
0,p5862,39,78
0,p5863,12,56
0,p5864,57,31
0,p5865,95,36
0,p5866,31,57
0,p5867,72,50
0,p5868,90,78
0,p5869,83,70
0,p5870,11,32
0,p5871,97,52
0,p5872,4,99
0,p5873,89,18
0,p5874,94,16
0,p5875,75,32
0,p5876,53,83
0,p5877,56,11
0,p5878,34,32
0,p5879,17,79
0,p5880,6,100
0,p5881,92,68
0,p5882,26,80
0,p5883,70,2
0,p5884,30,7
0,p5885,61,46
0,p5886,52,81
0,p5887,34,55
0,p5888,20,72
0,p5889,15,55
0,p5890,97,70
0,p5891,36,48
0,p5892,60,20
0,p5893,90,88
0,p5894,62,21
0,p5895,25,29
0,p5896,26,67
0,p5897,14,85
0,p5898,94,75
0,p5899,29,19
0,p5900,30,28
0,p5901,96,33
0,p5902,5,47
0,p5903,79,28
0,p5904,9,75
0,p5905,75,89
0,p5906,18,49
0,p5907,80,74
0,p5908,20,45
0,p5909,18,63
0,p5910,78,85
0,p5911,24,90
0,p5912,72,81
0,p5913,6,42
0,p5914,17,31
0,p5915,2,24
0,p5916,88,38
0,p5917,82,35
0,p5918,26,74
0,p5919,92,82
0,p5920,22,71
0,p5921,59,3
0,p5922,21,31
0,p5923,66,82
0,p5924,81,49
0,p5925,11,25
0,p5926,75,48
0,p5927,48,20
0,p5928,87,73
0,p5929,8,97
0,p5930,15,12
0,p5931,39,15
0,p5932,79,89
0,p5933,83,37
0,p5934,29,10
0,p5935,17,64
0,p5936,41,16
0,p5937,4,99
0,p5938,82,83
0,p5939,39,47
0,p5940,20,68
0,p5941,98,8
0,p5942,42,20
0,p5943,89,10
0,p5944,45,49
0,p5945,69,39
0,p5946,20,50
0,p5947,64,97
0,p5948,77,42
0,p5949,80,34
0,p5950,94,93
0,p5951,98,68
0,p5952,83,16
0,p5953,17,75
0,p5954,60,48
0,p5955,40,67
0,p5956,20,69
0,p5957,15,57
0,p5958,48,58
0,p5959,48,91
0,p5960,10,44
0,p5961,60,51
0,p5962,39,62
0,p5963,37,24
0,p5964,63,70
0,p5965,84,40
0,p5966,37,9
0,p5967,90,65
0,p5968,88,4
0,p5969,21,26
0,p5970,49,5
0,p5971,74,22
0,p5972,37,68
0,p5973,55,28
0,p5974,81,86
0,p5975,98,39
0,p5976,57,50
0,p5977,34,57
0,p5978,14,70
0,p5979,29,21
0,p5980,9,18
0,p5981,33,60
0,p5982,27,3
0,p5983,99,55
0,p5984,62,51
0,p5985,99,8
0,p5986,27,77
0,p5987,85,15
0,p5988,64,87
0,p5989,69,97
0,p5990,68,60
0,p5991,58,62
0,p5992,49,99
0,p5993,20,76
0,p5994,54,21
0,p5995,91,27
0,p5996,47,50
0,p5997,35,7
0,p5998,79,38
0,p5999,58,92
0,p6000,44,22
0,p6001,94,73
0,p6002,48,64
0,p6003,84,81
0,p6004,8,64
0,p6005,9,13
0,p6006,19,8
0,p6007,4,25
0,p6008,66,38
0,p6009,7,83
0,p6010,21,4
0,p6011,25,68
0,p6012,88,68
0,p6013,87,69
0,p6014,74,91
0,p6015,87,90
0,p6016,67,80
0,p6017,23,6
0,p6018,20,44
0,p6019,53,87
0,p6020,34,7
0,p6021,90,10
0,p6022,36,72
0,p6023,84,35
0,p6024,22,25
0,p6025,83,91
0,p6026,13,43
0,p6027,71,81
0,p6028,68,67
0,p6029,58,18
0,p6030,49,59
0,p6031,32,90
0,p6032,35,34
0,p6033,41,46
0,p6034,24,66
0,p6035,54,36
0,p6036,21,79
0,p6037,7,48
0,p6038,71,48
0,p6039,50,37
0,p6040,47,13
0,p6041,68,57
0,p6042,92,83
0,p6043,26,34
0,p6044,57,45
0,p6045,77,99
0,p6046,8,1
0,p6047,10,74
0,p6048,74,72
0,p6049,20,67
0,p6050,98,28
0,p6051,33,3
0,p6052,63,61
0,p6053,74,28
0,p6054,18,83
0,p6055,82,39
0,p6056,19,98
0,p6057,14,95
0,p6058,42,76
0,p6059,73,14
0,p6060,64,15
0,p6061,38,16
0,p6062,89,48
0,p6063,41,23
0,p6064,32,20
0,p6065,45,47
0,p6066,23,79
0,p6067,57,39
0,p6068,68,16
0,p6069,45,86
0,p6070,55,50
0,p6071,19,48
0,p6072,94,13
0,p6073,18,37
0,p6074,50,87
0,p6075,42,31
0,p6076,89,23
0,p6077,51,7
0,p6078,53,97
0,p6079,3,16
0,p6080,32,25
0,p6081,33,28
0,p6082,60,47
0,p6083,21,82
0,p6084,51,15
0,p6085,10,73
0,p6086,73,17
0,p6087,82,3
0,p6088,71,92
0,p6089,91,13
0,p6090,31,58
0,p6091,8,68
0,p6092,7,81
0,p6093,25,58
0,p6094,40,5
0,p6095,61,10
0,p6096,35,58
0,p6097,15,72
0,p6098,26,51
0,p6099,77,50
0,p6100,9,4
0,p6101,28,19
0,p6102,48,67
0,p6103,93,33
0,p6104,91,92
0,p6105,3,6
0,p6106,83,33
0,p6107,39,70
0,p6108,31,89
0,p6109,2,9
0,p6110,67,38
0,p6111,64,98
0,p6112,63,97
0,p6113,4,35
0,p6114,57,12
0,p6115,12,40
0,p6116,88,89
0,p6117,25,20
0,p6118,48,90
0,p6119,56,30
0,p6120,69,63
0,p6121,68,52
0,p6122,97,94
0,p6123,36,74
0,p6124,30,35
0,p6125,60,13
0,p6126,85,62
0,p6127,58,41
0,p6128,34,36
0,p6129,4,60
0,p6130,8,76
0,p6131,34,85
0,p6132,56,12
0,p6133,92,100
0,p6134,45,95
0,p6135,52,80
0,p6136,38,12
0,p6137,28,57
0,p6138,83,59
0,p6139,72,85
0,p6140,26,14
0,p6141,12,75
0,p6142,68,66
0,p6143,23,8
0,p6144,39,69
0,p6145,31,39
0,p6146,90,65
0,p6147,47,83
0,p6148,48,53
0,p6149,16,99
0,p6150,97,84
0,p6151,90,50
0,p6152,58,19
0,p6153,9,55
0,p6154,52,8
0,p6155,9,55
0,p6156,23,98
0,p6157,17,26
0,p6158,44,25
0,p6159,47,71
0,p6160,46,65
0,p6161,68,47
0,p6162,33,28
0,p6163,25,53
0,p6164,5,6
0,p6165,52,26
0,p6166,77,29
0,p6167,5,20
0,p6168,58,88
0,p6169,100,80
0,p6170,98,35
0,p6171,7,24
0,p6172,80,64
0,p6173,28,79
0,p6174,25,70
0,p6175,85,7
0,p6176,39,35
0,p6177,53,66
0,p6178,96,15
0,p6179,92,84
0,p6180,99,11
0,p6181,86,64
0,p6182,30,71
0,p6183,31,98
0,p6184,43,39
0,p6185,92,8
0,p6186,46,72
0,p6187,23,16
0,p6188,73,91
0,p6189,65,30
0,p6190,24,62
0,p6191,72,46
0,p6192,28,59
0,p6193,63,30
0,p6194,29,18
0,p6195,85,68
0,p6196,66,58
0,p6197,36,2
0,p6198,36,64
0,p6199,24,39
0,p6200,22,65
0,p6201,67,43
0,p6202,37,47
0,p6203,89,23
0,p6204,99,27
0,p6205,31,38
0,p6206,24,72
0,p6207,7,70
0,p6208,75,28
0,p6209,19,11
0,p6210,18,8
0,p6211,73,15
0,p6212,79,62
0,p6213,67,34
0,p6214,68,20
0,p6215,55,14
0,p6216,33,88
0,p6217,91,30
0,p6218,98,53
0,p6219,29,27
0,p6220,39,27
0,p6221,64,26
0,p6222,74,93
0,p6223,67,36
0,p6224,40,43
0,p6225,23,40
0,p6226,25,98
0,p6227,26,69
0,p6228,23,81
0,p6229,39,62
0,p6230,83,70
0,p6231,22,83
0,p6232,7,100
0,p6233,71,97
0,p6234,61,74
0,p6235,41,98
0,p6236,44,68
0,p6237,84,28
0,p6238,99,29
0,p6239,79,58
0,p6240,65,50
0,p6241,16,42
0,p6242,16,94
0,p6243,25,57
0,p6244,84,90
0,p6245,2,79
0,p6246,55,10
0,p6247,36,93
0,p6248,79,69
0,p6249,97,49
0,p6250,29,53
0,p6251,86,82
0,p6252,39,59
0,p6253,77,71
0,p6254,71,86
0,p6255,79,13
0,p6256,38,69
0,p6257,41,87
0,p6258,24,69
0,p6259,56,35
0,p6260,79,21
0,p6261,26,68
0,p6262,78,84
0,p6263,3,85
0,p6264,29,14
0,p6265,3,86
0,p6266,34,13
0,p6267,10,27
0,p6268,32,59
0,p6269,70,78
0,p6270,23,98
0,p6271,72,12
0,p6272,48,10
0,p6273,41,17
0,p6274,1,4
0,p6275,36,90
0,p6276,71,51
0,p6277,93,7
0,p6278,94,84
0,p6279,51,85
0,p6280,30,15
0,p6281,38,34
0,p6282,59,49
0,p6283,52,50
0,p6284,12,20
0,p6285,40,21
0,p6286,37,34
0,p6287,63,48
0,p6288,69,47
0,p6289,10,41
0,p6290,16,31
0,p6291,43,4
0,p6292,62,63
0,p6293,25,55
0,p6294,49,70
0,p6295,94,47
0,p6296,86,65
0,p6297,97,99
0,p6298,61,45
0,p6299,40,78
0,p6300,64,73
0,p6301,93,69
0,p6302,15,59
0,p6303,26,61
0,p6304,8,31
0,p6305,51,57
0,p6306,67,97
0,p6307,13,73
0,p6308,61,48
0,p6309,78,49
0,p6310,85,71
0,p6311,16,33
0,p6312,63,47
0,p6313,33,27
0,p6314,71,73
0,p6315,46,99
0,p6316,52,38
0,p6317,33,40
0,p6318,17,67
0,p6319,1,80
0,p6320,99,63
0,p6321,59,22
0,p6322,92,78
0,p6323,73,52
0,p6324,52,12
0,p6325,77,13
0,p6326,32,23
0,p6327,23,2
0,p6328,47,54
0,p6329,15,98
0,p6330,79,92
0,p6331,17,66
0,p6332,66,40
0,p6333,95,1
0,p6334,65,32
0,p6335,24,18
0,p6336,61,69
0,p6337,61,85
0,p6338,90,57
0,p6339,8,94
0,p6340,96,5
0,p6341,66,69
0,p6342,13,54
0,p6343,67,11
0,p6344,80,100
0,p6345,74,62
0,p6346,10,40
0,p6347,11,87
0,p6348,35,84
0,p6349,81,28
0,p6350,81,56
0,p6351,12,39
0,p6352,61,82
0,p6353,20,43
0,p6354,52,57
0,p6355,31,76
0,p6356,65,16
0,p6357,14,42
0,p6358,65,68
0,p6359,40,8
0,p6360,19,5
0,p6361,42,73
0,p6362,5,56
0,p6363,38,82
0,p6364,16,18
0,p6365,88,14
0,p6366,29,77
0,p6367,24,7
0,p6368,21,15
0,p6369,65,91
0,p6370,59,79
0,p6371,85,28
0,p6372,86,63
0,p6373,4,69
0,p6374,12,22
0,p6375,64,84
0,p6376,85,24
0,p6377,35,2
0,p6378,1,33
0,p6379,71,45
0,p6380,81,51
0,p6381,65,64
0,p6382,87,90
0,p6383,91,4
0,p6384,40,62
0,p6385,44,95
0,p6386,99,35
0,p6387,31,82
0,p6388,96,40
0,p6389,22,96
0,p6390,37,99
0,p6391,83,55
0,p6392,66,25
0,p6393,90,72
0,p6394,67,74
0,p6395,43,44
0,p6396,45,17
0,p6397,61,10
0,p6398,85,31
0,p6399,32,92
0,p6400,96,27
0,p6401,21,18
0,p6402,8,10
0,p6403,27,21
0,p6404,30,75
0,p6405,91,62
0,p6406,7,9
0,p6407,19,14
0,p6408,21,65
0,p6409,87,98
0,p6410,43,20
0,p6411,70,60
0,p6412,50,87
0,p6413,96,90
0,p6414,23,61
0,p6415,85,69
0,p6416,37,70
0,p6417,44,2
0,p6418,35,30
0,p6419,45,19
0,p6420,99,95
0,p6421,92,86
0,p6422,93,49
0,p6423,83,47
0,p6424,99,78
0,p6425,68,19
0,p6426,100,63
0,p6427,36,48
0,p6428,24,40
0,p6429,52,65
0,p6430,37,18
0,p6431,90,18
0,p6432,79,24
0,p6433,78,30
0,p6434,86,9
0,p6435,16,47
0,p6436,41,36
0,p6437,91,10
0,p6438,80,14
0,p6439,75,34
0,p6440,70,100
0,p6441,21,68
0,p6442,25,33
0,p6443,45,76
0,p6444,29,4
0,p6445,18,88
0,p6446,48,78
0,p6447,37,6
0,p6448,78,58
0,p6449,37,17
0,p6450,42,62
0,p6451,73,90
0,p6452,68,25
0,p6453,69,49
0,p6454,40,52
0,p6455,67,88
0,p6456,14,79
0,p6457,44,70
0,p6458,66,16
0,p6459,21,64
0,p6460,42,54
0,p6461,13,49
0,p6462,9,38
0,p6463,71,54
0,p6464,52,77
0,p6465,23,89
0,p6466,9,45
0,p6467,8,25
0,p6468,84,56
0,p6469,50,11
0,p6470,74,11
0,p6471,1,41
0,p6472,35,88
0,p6473,52,33
0,p6474,12,88
0,p6475,5,30
0,p6476,24,32
0,p6477,79,5
0,p6478,53,92
0,p6479,64,49
0,p6480,60,91
0,p6481,36,51
0,p6482,25,6
0,p6483,51,64
0,p6484,77,5
0,p6485,30,60
0,p6486,98,44
0,p6487,53,99
0,p6488,22,58
0,p6489,15,94
0,p6490,81,52
0,p6491,38,56
0,p6492,7,49
0,p6493,39,91
0,p6494,33,29
0,p6495,72,30
0,p6496,87,36
0,p6497,99,23
0,p6498,55,34
0,p6499,85,32
0,p6500,14,5
0,p6501,44,76
0,p6502,53,50
0,p6503,85,100
0,p6504,42,31
0,p6505,61,30
0,p6506,58,75
0,p6507,28,16
0,p6508,80,21
0,p6509,27,15
0,p6510,95,30
0,p6511,76,12
0,p6512,18,9
0,p6513,3,19
0,p6514,71,70
0,p6515,53,91
0,p6516,24,30
0,p6517,48,75
0,p6518,52,34
0,p6519,44,42
0,p6520,86,55
0,p6521,66,49
0,p6522,80,40
0,p6523,8,7
0,p6524,56,8
0,p6525,15,76
0,p6526,2,80
0,p6527,65,79
0,p6528,5,76
0,p6529,28,61
0,p6530,3,57
0,p6531,36,26
0,p6532,5,75
0,p6533,34,9
0,p6534,58,42
0,p6535,50,90
0,p6536,59,71
0,p6537,27,91
0,p6538,6,40
0,p6539,73,82
0,p6540,95,1
0,p6541,100,49
0,p6542,66,47
0,p6543,94,40
0,p6544,92,42
0,p6545,17,50
0,p6546,63,36
0,p6547,83,69
0,p6548,20,31
0,p6549,62,23
0,p6550,71,36
0,p6551,31,81
0,p6552,89,23
0,p6553,49,68
0,p6554,37,95
0,p6555,68,40
0,p6556,53,92
0,p6557,61,6
0,p6558,63,55
0,p6559,36,48
0,p6560,82,30
0,p6561,49,60
0,p6562,22,68
0,p6563,92,78
0,p6564,73,71
0,p6565,16,39
0,p6566,34,32
0,p6567,57,78
0,p6568,55,98
0,p6569,19,37
0,p6570,29,24
0,p6571,32,53
0,p6572,77,35
0,p6573,95,87
0,p6574,87,11
0,p6575,39,93
0,p6576,34,70
0,p6577,33,27
0,p6578,38,53
0,p6579,30,86
0,p6580,83,55
0,p6581,79,8
0,p6582,73,18
0,p6583,66,68
0,p6584,74,28
0,p6585,17,83
0,p6586,97,23
0,p6587,21,4
0,p6588,23,8
0,p6589,15,47
0,p6590,79,67
0,p6591,58,49
0,p6592,43,84
0,p6593,50,59
0,p6594,1,18
0,p6595,76,95
0,p6596,32,69
0,p6597,20,27
0,p6598,3,45
0,p6599,8,45
0,p6600,68,61
0,p6601,84,70
0,p6602,26,65
0,p6603,84,22
0,p6604,62,95
0,p6605,93,75
0,p6606,64,95
0,p6607,8,23
0,p6608,77,55
0,p6609,100,81
0,p6610,38,10
0,p6611,7,33
0,p6612,42,63
0,p6613,60,99
0,p6614,77,55
0,p6615,83,29
0,p6616,12,19
0,p6617,4,31
0,p6618,80,46
0,p6619,92,88
0,p6620,67,95
0,p6621,41,35
0,p6622,98,43
0,p6623,14,59
0,p6624,5,4
0,p6625,93,86
0,p6626,12,99
0,p6627,47,79
0,p6628,75,94
0,p6629,34,57
0,p6630,9,97
0,p6631,72,85
0,p6632,63,66
0,p6633,80,85
0,p6634,2,60
0,p6635,90,4
0,p6636,27,30
0,p6637,35,84
0,p6638,57,51
0,p6639,6,78
0,p6640,33,45
0,p6641,19,93
0,p6642,64,70
0,p6643,78,42
0,p6644,17,41
0,p6645,74,94
0,p6646,6,66
0,p6647,12,9
0,p6648,29,71
0,p6649,55,22
0,p6650,66,2
0,p6651,3,84
0,p6652,14,5
0,p6653,50,41
0,p6654,45,35
0,p6655,16,56
0,p6656,48,9
0,p6657,60,25
0,p6658,48,58
0,p6659,92,55
0,p6660,93,98
0,p6661,65,57
0,p6662,47,94
0,p6663,26,92
0,p6664,2,13
0,p6665,84,25
0,p6666,11,68
0,p6667,29,33
0,p6668,87,86
0,p6669,46,100
0,p6670,58,39
0,p6671,10,51
0,p6672,37,29
0,p6673,5,94
0,p6674,30,73
0,p6675,53,86
0,p6676,10,29
0,p6677,21,99
0,p6678,23,5
0,p6679,12,44
0,p6680,13,49
0,p6681,40,92
0,p6682,14,22
0,p6683,34,77
0,p6684,15,91
0,p6685,45,93
0,p6686,9,86
0,p6687,98,26
0,p6688,45,7
0,p6689,43,97
0,p6690,25,58
0,p6691,51,58
0,p6692,17,62
0,p6693,43,68
0,p6694,64,5
0,p6695,66,70
0,p6696,43,19
0,p6697,73,61
0,p6698,91,13
0,p6699,33,16
0,p6700,15,79
0,p6701,73,58
0,p6702,99,45
0,p6703,72,34
0,p6704,69,9
0,p6705,71,46
0,p6706,88,51
0,p6707,46,56
0,p6708,88,43
0,p6709,46,52
0,p6710,61,11
0,p6711,70,12
0,p6712,82,20
0,p6713,4,58
0,p6714,86,56
0,p6715,2,49
0,p6716,9,64
0,p6717,64,36
0,p6718,94,25
0,p6719,16,34
0,p6720,100,17
0,p6721,76,87
0,p6722,67,92
0,p6723,85,28
0,p6724,62,5
0,p6725,70,38
0,p6726,77,53
0,p6727,65,25
0,p6728,89,22
0,p6729,91,31
0,p6730,72,88
0,p6731,39,54
0,p6732,86,92
0,p6733,4,25
0,p6734,8,92
0,p6735,62,52
0,p6736,3,39
0,p6737,51,71
0,p6738,75,25
0,p6739,86,95
0,p6740,44,41
0,p6741,85,82
0,p6742,27,29
0,p6743,15,90
0,p6744,69,21
0,p6745,53,25
0,p6746,89,12
0,p6747,86,13
0,p6748,61,86
0,p6749,34,36
0,p6750,72,10
0,p6751,75,88
0,p6752,22,77
0,p6753,37,96
0,p6754,96,17
0,p6755,15,56
0,p6756,78,53
0,p6757,83,53
0,p6758,26,29
0,p6759,98,59
0,p6760,20,52
0,p6761,27,28
0,p6762,49,96
0,p6763,49,59
0,p6764,37,78
0,p6765,17,88
0,p6766,68,1
0,p6767,95,12
0,p6768,62,90
0,p6769,11,85
0,p6770,4,87
0,p6771,81,2
0,p6772,38,78
0,p6773,61,40
0,p6774,95,1
0,p6775,11,65
0,p6776,90,25
0,p6777,88,37
0,p6778,80,5
0,p6779,68,52
0,p6780,52,12
0,p6781,68,48
0,p6782,76,44
0,p6783,77,46
0,p6784,46,55
0,p6785,62,92
0,p6786,20,77
0,p6787,13,8
0,p6788,33,23
0,p6789,80,84
0,p6790,66,37
0,p6791,74,66
0,p6792,82,60
0,p6793,43,61
0,p6794,15,54
0,p6795,45,90
0,p6796,53,64
0,p6797,10,4
0,p6798,9,76
0,p6799,19,59
0,p6800,35,13
0,p6801,11,18
0,p6802,17,80
0,p6803,5,69
0,p6804,17,51
0,p6805,11,69
0,p6806,32,95
0,p6807,40,93
0,p6808,83,81
0,p6809,22,66
0,p6810,22,59
0,p6811,89,85
0,p6812,20,71
0,p6813,39,75
0,p6814,67,88
0,p6815,64,98
0,p6816,30,9
0,p6817,27,28
0,p6818,5,90
0,p6819,97,30
0,p6820,40,41
0,p6821,53,7
0,p6822,26,34
0,p6823,51,48
0,p6824,94,91
0,p6825,13,85
0,p6826,98,84
0,p6827,4,52
0,p6828,85,19
0,p6829,76,68
0,p6830,53,17
0,p6831,28,80
0,p6832,6,26
0,p6833,73,55
0,p6834,87,35
0,p6835,75,73
0,p6836,83,89
0,p6837,94,83
0,p6838,62,8
0,p6839,41,61
0,p6840,71,3
0,p6841,64,22
0,p6842,62,9
0,p6843,6,4
0,p6844,83,24
0,p6845,2,97
0,p6846,18,21
0,p6847,28,23
0,p6848,21,85
0,p6849,74,87
0,p6850,21,85
0,p6851,68,42
0,p6852,44,65
0,p6853,41,80
0,p6854,94,29
0,p6855,21,27
0,p6856,96,2
0,p6857,50,46
0,p6858,100,68
0,p6859,72,74
0,p6860,44,36
0,p6861,41,24
0,p6862,81,3
0,p6863,66,55
0,p6864,49,8
0,p6865,46,40
0,p6866,66,61
0,p6867,81,44
0,p6868,62,75
0,p6869,53,9
0,p6870,97,55
0,p6871,64,20
0,p6872,99,98
0,p6873,49,97
0,p6874,84,46
0,p6875,87,73
0,p6876,50,14
0,p6877,7,89
0,p6878,72,23
0,p6879,31,82
0,p6880,26,73
0,p6881,80,27
0,p6882,69,74
0,p6883,11,93
0,p6884,4,25
0,p6885,83,61
0,p6886,33,95
0,p6887,79,14
0,p6888,10,63
0,p6889,6,21
0,p6890,68,79
0,p6891,75,38
0,p6892,84,77
0,p6893,26,25
0,p6894,77,76
0,p6895,86,59
0,p6896,65,9
0,p6897,41,63
0,p6898,46,97
0,p6899,56,46
0,p6900,86,69
0,p6901,42,13
0,p6902,25,81
0,p6903,50,58
0,p6904,75,15
0,p6905,80,12
0,p6906,95,51
0,p6907,5,71
0,p6908,78,70
0,p6909,97,3
0,p6910,69,62
0,p6911,28,80
0,p6912,2,26
0,p6913,12,83
0,p6914,65,69
0,p6915,58,23
0,p6916,100,69
0,p6917,81,14
0,p6918,24,61
0,p6919,66,41
0,p6920,14,71
0,p6921,43,89
0,p6922,28,50
0,p6923,51,15
0,p6924,25,30
0,p6925,69,8
0,p6926,38,4
0,p6927,83,30
0,p6928,94,44
0,p6929,35,31
0,p6930,78,27
0,p6931,73,8
0,p6932,79,34
0,p6933,11,56
0,p6934,54,39
0,p6935,3,4
0,p6936,99,88
0,p6937,8,91
0,p6938,3,6
0,p6939,66,57
0,p6940,21,74
0,p6941,96,7
0,p6942,58,73
0,p6943,25,66
0,p6944,5,82
0,p6945,29,34
0,p6946,82,52
0,p6947,34,86
0,p6948,79,37
0,p6949,16,72
0,p6950,54,78
0,p6951,54,100
0,p6952,82,17
0,p6953,55,58
0,p6954,9,7
0,p6955,85,30
0,p6956,89,98
0,p6957,35,1
0,p6958,71,52
0,p6959,58,91
0,p6960,46,88
0,p6961,39,92
0,p6962,96,81
0,p6963,48,26
0,p6964,77,25
0,p6965,97,2
0,p6966,92,1
0,p6967,2,92
0,p6968,19,84
0,p6969,70,7
0,p6970,92,67
0,p6971,90,82
0,p6972,76,83
0,p6973,95,52
0,p6974,37,41
0,p6975,99,39
0,p6976,78,69
0,p6977,44,62
0,p6978,53,33
0,p6979,61,16
0,p6980,46,20
0,p6981,92,29
0,p6982,34,24
0,p6983,83,93
0,p6984,2,34
0,p6985,13,60
0,p6986,80,41
0,p6987,21,37
0,p6988,68,52
0,p6989,93,8
0,p6990,52,85
0,p6991,21,24
0,p6992,75,59
0,p6993,68,20
0,p6994,3,15
0,p6995,77,30
0,p6996,3,63
0,p6997,83,15
0,p6998,79,36
0,p6999,75,11
0,p7000,22,53
0,p7001,61,49
0,p7002,64,96
0,p7003,5,16
0,p7004,49,6
0,p7005,18,66
0,p7006,43,36
0,p7007,26,80
0,p7008,88,68
0,p7009,30,94
0,p7010,26,15
0,p7011,76,61
0,p7012,68,25
0,p7013,43,45
0,p7014,43,15
0,p7015,84,20
0,p7016,8,69
0,p7017,48,25
0,p7018,69,3
0,p7019,28,74
0,p7020,50,75
0,p7021,22,83
0,p7022,61,17
0,p7023,40,81
0,p7024,89,73
0,p7025,33,58
0,p7026,11,27
0,p7027,44,90
0,p7028,47,56
0,p7029,18,17
0,p7030,80,44
0,p7031,69,74
0,p7032,96,17
0,p7033,64,92
0,p7034,71,55
0,p7035,95,23
0,p7036,58,8
0,p7037,89,32
0,p7038,9,98
0,p7039,66,94
0,p7040,20,80
0,p7041,4,30
0,p7042,52,5
0,p7043,31,33
0,p7044,25,78
0,p7045,83,30
0,p7046,27,29
0,p7047,21,79
0,p7048,9,96
0,p7049,87,62
0,p7050,10,29
0,p7051,53,3
0,p7052,31,85
0,p7053,5,40
0,p7054,77,97
0,p7055,33,50
0,p7056,35,11
0,p7057,54,37
0,p7058,25,69
0,p7059,3,56
0,p7060,75,26
0,p7061,72,61
0,p7062,91,57
0,p7063,72,63
0,p7064,100,34
0,p7065,9,33
0,p7066,91,58
0,p7067,57,72
0,p7068,8,2
0,p7069,87,23
0,p7070,83,49
0,p7071,36,76
0,p7072,46,84
0,p7073,3,88
0,p7074,97,70
0,p7075,11,6
0,p7076,18,28
0,p7077,29,33
0,p7078,75,56
0,p7079,97,16
0,p7080,82,9
0,p7081,75,2
0,p7082,64,48
0,p7083,28,11
0,p7084,6,27
0,p7085,19,28
0,p7086,25,7
0,p7087,18,5
0,p7088,30,1
0,p7089,29,66
0,p7090,13,19
0,p7091,39,51
0,p7092,71,95
0,p7093,80,5
0,p7094,51,55
0,p7095,83,10
0,p7096,99,74
0,p7097,57,80
0,p7098,15,59
0,p7099,44,28
0,p7100,63,2
0,p7101,53,98
0,p7102,87,74
0,p7103,77,80
0,p7104,40,38
0,p7105,30,80
0,p7106,49,88
0,p7107,33,55
0,p7108,34,3
0,p7109,3,84
0,p7110,8,66
0,p7111,22,19
0,p7112,17,82
0,p7113,24,34
0,p7114,60,46
0,p7115,30,54
0,p7116,63,35
0,p7117,63,21
0,p7118,34,12
0,p7119,21,55
0,p7120,93,70
0,p7121,37,99
0,p7122,6,2
0,p7123,98,58
0,p7124,86,29
0,p7125,38,98
0,p7126,12,42
0,p7127,26,68
0,p7128,73,54
0,p7129,21,58
0,p7130,52,78
0,p7131,33,97
0,p7132,79,43
0,p7133,62,66
0,p7134,79,12
0,p7135,26,63
0,p7136,60,29
0,p7137,42,4
0,p7138,7,6
0,p7139,4,51
0,p7140,64,49
0,p7141,97,76
0,p7142,42,52
0,p7143,69,61
0,p7144,15,16
0,p7145,84,46
0,p7146,41,14
0,p7147,69,55
0,p7148,69,62
0,p7149,99,78
0,p7150,63,30
0,p7151,12,8
0,p7152,90,58
0,p7153,41,58
0,p7154,36,77
0,p7155,27,92
0,p7156,2,18
0,p7157,4,93
0,p7158,57,80
0,p7159,63,4
0,p7160,58,47
0,p7161,49,15
0,p7162,99,56
0,p7163,19,72
0,p7164,20,48
0,p7165,21,46
0,p7166,42,13
0,p7167,42,48
0,p7168,27,45
0,p7169,3,33
0,p7170,72,91
0,p7171,95,84
0,p7172,60,42
0,p7173,6,44
0,p7174,43,53
0,p7175,57,87
0,p7176,16,80
0,p7177,13,68
0,p7178,28,44
0,p7179,95,65
0,p7180,24,74
0,p7181,91,19
0,p7182,45,46
0,p7183,41,18
0,p7184,69,81
0,p7185,65,8
0,p7186,65,23
0,p7187,65,55
0,p7188,81,34
0,p7189,96,33
0,p7190,2,64
0,p7191,79,52
0,p7192,1,15
0,p7193,49,79
0,p7194,18,5
0,p7195,4,80
0,p7196,41,73
0,p7197,1,14
0,p7198,84,49
0,p7199,90,55
0,p7200,17,69
0,p7201,98,10
0,p7202,11,56
0,p7203,11,27
0,p7204,9,20
0,p7205,66,68
0,p7206,17,50
0,p7207,67,39
0,p7208,44,58
0,p7209,47,31
0,p7210,100,52
0,p7211,57,74
0,p7212,35,43
0,p7213,78,33
0,p7214,11,96
0,p7215,22,78
0,p7216,99,87
0,p7217,42,62
0,p7218,69,21
0,p7219,17,53
0,p7220,35,27
0,p7221,96,2
0,p7222,38,31
0,p7223,95,29
0,p7224,31,24
0,p7225,71,50
0,p7226,63,97
0,p7227,62,6
0,p7228,39,93
0,p7229,79,51
0,p7230,53,57
0,p7231,57,14
0,p7232,37,61
0,p7233,12,13
0,p7234,69,62
0,p7235,81,36
0,p7236,33,68
0,p7237,30,42
0,p7238,74,78
0,p7239,2,100
0,p7240,44,87
0,p7241,87,49
0,p7242,34,68
0,p7243,52,75
0,p7244,88,56
0,p7245,88,44
0,p7246,100,83
0,p7247,87,36
0,p7248,58,98
0,p7249,11,13
0,p7250,59,74
0,p7251,92,56
0,p7252,93,8
0,p7253,14,23
0,p7254,56,36
0,p7255,19,78
0,p7256,17,100
0,p7257,28,66
0,p7258,100,92
0,p7259,63,82
0,p7260,2,89
0,p7261,24,94
0,p7262,25,39
0,p7263,100,84
0,p7264,55,91
0,p7265,60,65
0,p7266,49,96
0,p7267,24,58
0,p7268,71,74
0,p7269,32,8
0,p7270,8,17
0,p7271,71,10
0,p7272,76,58
0,p7273,2,8
0,p7274,78,60
0,p7275,62,19
0,p7276,56,73
0,p7277,99,38
0,p7278,71,27
0,p7279,78,10
0,p7280,43,90
0,p7281,79,94
0,p7282,4,22
0,p7283,32,82
0,p7284,51,53
0,p7285,37,29
0,p7286,34,22
0,p7287,7,36
0,p7288,41,34
0,p7289,48,37
0,p7290,43,41
0,p7291,1,48
0,p7292,29,72
0,p7293,91,38
0,p7294,4,65
0,p7295,48,23
0,p7296,42,50
0,p7297,89,48
0,p7298,36,51
0,p7299,17,62
0,p7300,28,35
0,p7301,26,77
0,p7302,89,91
0,p7303,22,88
0,p7304,45,39
0,p7305,7,24
0,p7306,98,69
0,p7307,86,80
0,p7308,71,91
0,p7309,85,70
0,p7310,50,17
0,p7311,14,27
0,p7312,48,63
0,p7313,76,4
0,p7314,68,2
0,p7315,56,27
0,p7316,15,3
0,p7317,95,4
0,p7318,92,56
0,p7319,51,18
0,p7320,55,1
0,p7321,30,31
0,p7322,54,67
0,p7323,72,91
0,p7324,34,100
0,p7325,29,24
0,p7326,4,19
0,p7327,66,5
0,p7328,59,68
0,p7329,33,30
0,p7330,77,22
0,p7331,19,70
0,p7332,85,79
0,p7333,20,88
0,p7334,16,92
0,p7335,13,46
0,p7336,51,86
0,p7337,85,91
0,p7338,8,45
0,p7339,2,94
0,p7340,50,12
0,p7341,36,66
0,p7342,56,37
0,p7343,34,24
0,p7344,89,74
0,p7345,25,52
0,p7346,81,59
0,p7347,46,51
0,p7348,35,92
0,p7349,18,55
0,p7350,12,80
0,p7351,50,7
0,p7352,91,27
0,p7353,58,13
0,p7354,70,15
0,p7355,96,1
0,p7356,8,77
0,p7357,44,52
0,p7358,9,17
0,p7359,94,73
0,p7360,10,61
0,p7361,50,73
0,p7362,37,27
0,p7363,71,54
0,p7364,75,81
0,p7365,52,65
0,p7366,61,67
0,p7367,48,67
0,p7368,96,53
0,p7369,90,88
0,p7370,44,15
0,p7371,11,96
0,p7372,13,57
0,p7373,4,90
0,p7374,73,54
0,p7375,54,79
0,p7376,32,68
0,p7377,82,26
0,p7378,91,58
0,p7379,93,46
0,p7380,51,100
0,p7381,2,52
0,p7382,60,98
0,p7383,45,19
0,p7384,12,92
0,p7385,42,56
0,p7386,45,56
0,p7387,27,93
0,p7388,46,81
0,p7389,79,94
0,p7390,94,32
0,p7391,98,45
0,p7392,30,63
0,p7393,92,63
0,p7394,12,11
0,p7395,7,60
0,p7396,79,84
0,p7397,55,68
0,p7398,53,91
0,p7399,35,4
0,p7400,90,37
0,p7401,1,98
0,p7402,35,90
0,p7403,91,9
0,p7404,76,91
0,p7405,71,38
0,p7406,57,4
0,p7407,21,2
0,p7408,83,55
0,p7409,92,68
0,p7410,40,1
0,p7411,94,54
0,p7412,9,58
0,p7413,28,78
0,p7414,80,15
0,p7415,15,36
0,p7416,29,97
0,p7417,80,74
0,p7418,30,88
0,p7419,16,28
0,p7420,96,83
0,p7421,93,73
0,p7422,98,48
0,p7423,32,13
0,p7424,13,54
0,p7425,3,99
0,p7426,11,49
0,p7427,76,88
0,p7428,91,92
0,p7429,42,24
0,p7430,93,44
0,p7431,27,39
0,p7432,39,8
0,p7433,74,21
0,p7434,55,62
0,p7435,3,70
0,p7436,27,20
0,p7437,50,96
0,p7438,13,50
0,p7439,23,43
0,p7440,75,96
0,p7441,21,87
0,p7442,19,92
0,p7443,1,56
0,p7444,37,55
0,p7445,15,23
0,p7446,35,11
0,p7447,51,10
0,p7448,31,26
0,p7449,29,37
0,p7450,66,77
0,p7451,34,31
0,p7452,86,17
0,p7453,68,45
0,p7454,10,46
0,p7455,58,60
0,p7456,93,54
0,p7457,84,18
0,p7458,2,66
0,p7459,82,81
0,p7460,39,91
0,p7461,24,17
0,p7462,75,49
0,p7463,65,23
0,p7464,85,21
0,p7465,84,74
0,p7466,84,31
0,p7467,14,56
0,p7468,53,40
0,p7469,74,69
0,p7470,42,26
0,p7471,26,45
0,p7472,29,58
0,p7473,79,50
0,p7474,1,99
0,p7475,10,24
0,p7476,2,39
0,p7477,25,94
0,p7478,60,69
0,p7479,76,96
0,p7480,29,69
0,p7481,65,9
0,p7482,86,25
0,p7483,7,6
0,p7484,44,81
0,p7485,78,1
0,p7486,75,42
0,p7487,6,8
0,p7488,83,17
0,p7489,96,32
0,p7490,54,30
0,p7491,62,74
0,p7492,13,4
0,p7493,69,47
0,p7494,12,85
0,p7495,35,61
0,p7496,10,7
0,p7497,47,33
0,p7498,2,50
0,p7499,91,79
0,p7500,22,74
0,p7501,25,35
0,p7502,14,3
0,p7503,88,82
0,p7504,91,61
0,p7505,84,15
0,p7506,31,29
0,p7507,24,67
0,p7508,68,92
0,p7509,11,25
0,p7510,12,95
0,p7511,14,12
0,p7512,43,100
0,p7513,73,62
0,p7514,86,81
0,p7515,55,67
0,p7516,60,13
0,p7517,39,83
0,p7518,81,43
0,p7519,4,19
0,p7520,83,71
0,p7521,77,75
0,p7522,78,8
0,p7523,14,69
0,p7524,59,99
0,p7525,75,54
0,p7526,11,89
0,p7527,20,16
0,p7528,37,29
0,p7529,79,11
0,p7530,47,98
0,p7531,20,70
0,p7532,32,61
0,p7533,10,93
0,p7534,51,49
0,p7535,73,60
0,p7536,43,60
0,p7537,92,50
0,p7538,41,94
0,p7539,34,40
0,p7540,78,34
0,p7541,19,14
0,p7542,75,89
0,p7543,48,23
0,p7544,3,82
0,p7545,28,19
0,p7546,75,62
0,p7547,38,75
0,p7548,88,39
0,p7549,12,58
0,p7550,9,57
0,p7551,70,30
0,p7552,68,78
0,p7553,54,92
0,p7554,2,40
0,p7555,33,82
0,p7556,90,63
0,p7557,39,76
0,p7558,51,78
0,p7559,43,16
0,p7560,19,36
0,p7561,35,8
0,p7562,32,33
0,p7563,95,40
0,p7564,96,62
0,p7565,59,36
0,p7566,15,42
0,p7567,21,90
0,p7568,77,57
0,p7569,54,46
0,p7570,38,79
0,p7571,73,55
0,p7572,11,2
0,p7573,73,89
0,p7574,63,8
0,p7575,71,42
0,p7576,36,26
0,p7577,37,83
0,p7578,60,30
0,p7579,98,37
0,p7580,13,94
0,p7581,94,16
0,p7582,96,84
0,p7583,42,37
0,p7584,26,20
0,p7585,23,37
0,p7586,72,90
0,p7587,4,81
0,p7588,18,39
0,p7589,24,72
0,p7590,24,63
0,p7591,54,89
0,p7592,24,64
0,p7593,38,23
0,p7594,90,57
0,p7595,78,79
0,p7596,91,32
0,p7597,100,34
0,p7598,36,59
0,p7599,32,79
0,p7600,40,46
0,p7601,52,69
0,p7602,69,77
0,p7603,33,45
0,p7604,66,38
0,p7605,37,93
0,p7606,89,1
0,p7607,74,43
0,p7608,59,98
0,p7609,16,69
0,p7610,85,19
0,p7611,95,96
0,p7612,94,10
0,p7613,26,56
0,p7614,60,62
0,p7615,72,81
0,p7616,10,61
0,p7617,8,71
0,p7618,42,64
0,p7619,34,73
0,p7620,59,89
0,p7621,28,72
0,p7622,68,39
0,p7623,30,37
0,p7624,47,59
0,p7625,72,17
0,p7626,58,100
0,p7627,24,38
0,p7628,89,14
0,p7629,91,81
0,p7630,61,78
0,p7631,8,77
0,p7632,49,100
0,p7633,9,45
0,p7634,68,55
0,p7635,35,18
0,p7636,86,85
0,p7637,34,43
0,p7638,89,56
0,p7639,4,80
0,p7640,49,15
0,p7641,2,1
0,p7642,94,12
0,p7643,13,2
0,p7644,61,60
0,p7645,64,58
0,p7646,42,82
0,p7647,34,32
0,p7648,33,99
0,p7649,91,8
0,p7650,90,52
0,p7651,96,52
0,p7652,46,37
0,p7653,11,9
0,p7654,13,95
0,p7655,63,66
0,p7656,96,98
0,p7657,7,77
0,p7658,98,45
0,p7659,55,21
0,p7660,90,13
0,p7661,3,98
0,p7662,46,19
0,p7663,63,97
0,p7664,29,19
0,p7665,53,99
0,p7666,70,37
0,p7667,9,82
0,p7668,71,85
0,p7669,39,85
0,p7670,66,43
0,p7671,57,84
0,p7672,63,96
0,p7673,34,43
0,p7674,74,59
0,p7675,84,33
0,p7676,46,38
0,p7677,59,57
0,p7678,24,40
0,p7679,21,15
0,p7680,64,38
0,p7681,2,11
0,p7682,32,59
0,p7683,48,76
0,p7684,87,20
0,p7685,40,84
0,p7686,59,93
0,p7687,8,71
0,p7688,71,9
0,p7689,75,100
0,p7690,82,59
0,p7691,17,43
0,p7692,73,74
0,p7693,28,27
0,p7694,30,81
0,p7695,54,25
0,p7696,48,68
0,p7697,26,77
0,p7698,45,37
0,p7699,79,63
0,p7700,35,55
0,p7701,40,75
0,p7702,64,53
0,p7703,26,84
0,p7704,74,38
0,p7705,91,32
0,p7706,78,57
0,p7707,25,100
0,p7708,62,78
0,p7709,93,24
0,p7710,28,84
0,p7711,63,2
0,p7712,75,64
0,p7713,41,3
0,p7714,48,71
0,p7715,41,10
0,p7716,82,30
0,p7717,40,28
0,p7718,51,80
0,p7719,70,16
0,p7720,65,29
0,p7721,44,82
0,p7722,80,63
0,p7723,65,72
0,p7724,25,36
0,p7725,23,39
0,p7726,84,92
0,p7727,89,99
0,p7728,13,41
0,p7729,65,50
0,p7730,76,20
0,p7731,19,62
0,p7732,41,37
0,p7733,1,62
0,p7734,36,12
0,p7735,85,27
0,p7736,9,13
0,p7737,5,74
0,p7738,96,30
0,p7739,1,15
0,p7740,79,60
0,p7741,91,63
0,p7742,59,13
0,p7743,67,11
0,p7744,93,36
0,p7745,21,35
0,p7746,80,38
0,p7747,37,19
0,p7748,21,82
0,p7749,70,12
0,p7750,79,21
0,p7751,61,24
0,p7752,42,74
0,p7753,80,17
0,p7754,52,60
0,p7755,92,84
0,p7756,6,23
0,p7757,69,66
0,p7758,46,27
0,p7759,91,51
0,p7760,18,48
0,p7761,28,22
0,p7762,69,20
0,p7763,62,4
0,p7764,4,10
0,p7765,9,70
0,p7766,70,39
0,p7767,77,86
0,p7768,100,81
0,p7769,44,95
0,p7770,96,86
0,p7771,62,26
0,p7772,64,75
0,p7773,45,21
0,p7774,89,96
0,p7775,35,51
0,p7776,56,50
0,p7777,52,21
0,p7778,85,73
0,p7779,86,25
0,p7780,86,18
0,p7781,64,21
0,p7782,67,19
0,p7783,88,34
0,p7784,61,36
0,p7785,44,13
0,p7786,89,70
0,p7787,50,92
0,p7788,18,24
0,p7789,85,6
0,p7790,93,86
0,p7791,75,84
0,p7792,10,68
0,p7793,78,2
0,p7794,72,34
0,p7795,2,43
0,p7796,34,94
0,p7797,58,93
0,p7798,22,51
0,p7799,18,11
0,p7800,76,61
0,p7801,92,50
0,p7802,53,5
0,p7803,83,34
0,p7804,56,98
0,p7805,88,82
0,p7806,63,53
0,p7807,55,61
0,p7808,11,3
0,p7809,23,2
0,p7810,9,32
0,p7811,92,89
0,p7812,56,24
0,p7813,93,9
0,p7814,92,59
0,p7815,30,13
0,p7816,83,89
0,p7817,32,81
0,p7818,41,78
0,p7819,31,7
0,p7820,23,81
0,p7821,7,65
0,p7822,73,52
0,p7823,100,53
0,p7824,67,5
0,p7825,18,36
0,p7826,5,53
0,p7827,1,13
0,p7828,17,41
0,p7829,12,21
0,p7830,71,41
0,p7831,71,33
0,p7832,92,87
0,p7833,63,33
0,p7834,41,76
0,p7835,51,55
0,p7836,4,10
0,p7837,44,78
0,p7838,95,62
0,p7839,64,84
0,p7840,96,49
0,p7841,92,55
0,p7842,84,12
0,p7843,35,86
0,p7844,100,98
0,p7845,59,68
0,p7846,12,6
0,p7847,19,15
0,p7848,100,14
0,p7849,39,24
0,p7850,2,5
0,p7851,34,98
0,p7852,62,90
0,p7853,64,57
0,p7854,97,24
0,p7855,3,6
0,p7856,75,28
0,p7857,74,15
0,p7858,36,77
0,p7859,89,18
0,p7860,84,64
0,p7861,13,55
0,p7862,82,78
0,p7863,90,64
0,p7864,87,39
0,p7865,63,54
0,p7866,45,30
0,p7867,6,63
0,p7868,88,23
0,p7869,63,34
0,p7870,33,23
0,p7871,54,5
0,p7872,25,12
0,p7873,80,22
0,p7874,31,48
0,p7875,71,35
0,p7876,57,12
0,p7877,89,87
0,p7878,10,80
0,p7879,69,4
0,p7880,16,66
0,p7881,75,73
0,p7882,95,97
0,p7883,67,79
0,p7884,57,100
0,p7885,29,100
0,p7886,84,4
0,p7887,61,39
0,p7888,79,75
0,p7889,69,12
0,p7890,42,31
0,p7891,93,67
0,p7892,40,78
0,p7893,54,72
0,p7894,86,85
0,p7895,83,24
0,p7896,55,20
0,p7897,33,2
0,p7898,3,19
0,p7899,68,29
0,p7900,44,32
0,p7901,35,72
0,p7902,22,35
0,p7903,34,89
0,p7904,75,89
0,p7905,73,93
0,p7906,68,28
0,p7907,94,51
0,p7908,30,32
0,p7909,19,8
0,p7910,28,5
0,p7911,88,83
0,p7912,3,12
0,p7913,10,88
0,p7914,84,23
0,p7915,4,25
0,p7916,60,13
0,p7917,38,12
0,p7918,20,21
0,p7919,85,49
0,p7920,20,23
0,p7921,89,66
0,p7922,42,55
0,p7923,77,20
0,p7924,41,39
0,p7925,27,34
0,p7926,57,18
0,p7927,10,9
0,p7928,60,27
0,p7929,98,33
0,p7930,81,50
0,p7931,69,38
0,p7932,42,15
0,p7933,4,80
0,p7934,90,57
0,p7935,97,34
0,p7936,40,23
0,p7937,66,62
0,p7938,12,36
0,p7939,43,4
0,p7940,76,84
0,p7941,24,46
0,p7942,48,54
0,p7943,8,4
0,p7944,43,10
0,p7945,99,69
0,p7946,19,52
0,p7947,83,37
0,p7948,82,88
0,p7949,57,48
0,p7950,77,73
0,p7951,9,27
0,p7952,22,99
0,p7953,30,41
0,p7954,53,89
0,p7955,24,19
0,p7956,49,30
0,p7957,59,25
0,p7958,31,2
0,p7959,20,59
0,p7960,15,76
0,p7961,96,13
0,p7962,46,33
0,p7963,93,92
0,p7964,94,67
0,p7965,86,21
0,p7966,58,44
0,p7967,80,50
0,p7968,84,91
0,p7969,55,37
0,p7970,2,30
0,p7971,30,24
0,p7972,60,13
0,p7973,41,69
0,p7974,71,87
0,p7975,26,31
0,p7976,47,55
0,p7977,20,90
0,p7978,88,36
0,p7979,29,56
0,p7980,3,52
0,p7981,75,37
0,p7982,76,95
0,p7983,66,20
0,p7984,5,3
0,p7985,46,33
0,p7986,93,8
0,p7987,54,74
0,p7988,77,25
0,p7989,100,33
0,p7990,16,74
0,p7991,58,53
0,p7992,86,34
0,p7993,32,23
0,p7994,46,31
0,p7995,93,37
0,p7996,73,27
0,p7997,33,3
0,p7998,69,20
0,p7999,42,62
0,p8000,6,21
0,p8001,1,25
0,p8002,69,7
0,p8003,31,79
0,p8004,40,50
0,p8005,84,45
0,p8006,39,24
0,p8007,15,57
0,p8008,30,37
0,p8009,45,93
0,p8010,37,52
0,p8011,82,27
0,p8012,27,49
0,p8013,27,45
0,p8014,47,15
0,p8015,75,85
0,p8016,84,50
0,p8017,100,17
0,p8018,29,87
0,p8019,42,17
0,p8020,98,75
0,p8021,71,14
0,p8022,57,61
0,p8023,34,20
0,p8024,7,36
0,p8025,1,16
0,p8026,93,47
0,p8027,40,93
0,p8028,67,95
0,p8029,66,1
0,p8030,27,23
0,p8031,35,13
0,p8032,26,66
0,p8033,29,73
0,p8034,62,99
0,p8035,15,39
0,p8036,63,53
0,p8037,38,98
0,p8038,6,3
0,p8039,97,38
0,p8040,79,15
0,p8041,59,43
0,p8042,54,61
0,p8043,5,49
0,p8044,61,38
0,p8045,7,83
0,p8046,65,84
0,p8047,75,31
0,p8048,17,25
0,p8049,18,40
0,p8050,50,24
0,p8051,48,91
0,p8052,55,88
0,p8053,30,87
0,p8054,97,5
0,p8055,25,50
0,p8056,63,65
0,p8057,18,36
0,p8058,42,91
0,p8059,38,75
0,p8060,79,49
0,p8061,61,26
0,p8062,86,67
0,p8063,22,13
0,p8064,25,18
0,p8065,35,96
0,p8066,21,69
0,p8067,18,74
0,p8068,90,82
0,p8069,18,84
0,p8070,91,66
0,p8071,94,70
0,p8072,51,97
0,p8073,75,92
0,p8074,91,32
0,p8075,81,80
0,p8076,50,5
0,p8077,27,62
0,p8078,43,56
0,p8079,93,74
0,p8080,93,26
0,p8081,25,9
0,p8082,53,22
0,p8083,50,97
0,p8084,47,68
0,p8085,11,20
0,p8086,14,40
0,p8087,51,70
0,p8088,15,17
0,p8089,82,26
0,p8090,10,8
0,p8091,37,83
0,p8092,46,35
0,p8093,26,33
0,p8094,83,45
0,p8095,71,13
0,p8096,91,50
0,p8097,14,60
0,p8098,53,79
0,p8099,78,59
0,p8100,43,22
0,p8101,17,71
0,p8102,65,43
0,p8103,52,77
0,p8104,64,59
0,p8105,18,9
0,p8106,20,74
0,p8107,68,31
0,p8108,33,20
0,p8109,4,68
0,p8110,64,5
0,p8111,77,36
0,p8112,40,24
0,p8113,10,52
0,p8114,43,50
0,p8115,31,70
0,p8116,89,50
0,p8117,90,99
0,p8118,33,94
0,p8119,93,27
0,p8120,2,76
0,p8121,47,60
0,p8122,54,84
0,p8123,55,29
0,p8124,57,89
0,p8125,96,69
0,p8126,51,13
0,p8127,16,53
0,p8128,26,88
0,p8129,21,72
0,p8130,100,66
0,p8131,8,60
0,p8132,11,47
0,p8133,76,55
0,p8134,65,58
0,p8135,29,86
0,p8136,58,68
0,p8137,17,69
0,p8138,70,86
0,p8139,96,7
0,p8140,16,79
0,p8141,67,22
0,p8142,83,58
0,p8143,69,21
0,p8144,29,64
0,p8145,41,81
0,p8146,7,3
0,p8147,61,78
0,p8148,22,60
0,p8149,87,77
0,p8150,59,69
0,p8151,88,76
0,p8152,98,17
0,p8153,17,21
0,p8154,39,24
0,p8155,77,40
0,p8156,21,22
0,p8157,43,19
0,p8158,51,8
0,p8159,9,76
0,p8160,89,13
0,p8161,6,8
0,p8162,8,82
0,p8163,66,42
0,p8164,6,67
0,p8165,32,69
0,p8166,52,60
0,p8167,71,27
0,p8168,18,44
0,p8169,93,27
0,p8170,22,32
0,p8171,93,44
0,p8172,74,17
0,p8173,68,48
0,p8174,65,48
0,p8175,76,31
0,p8176,88,53
0,p8177,6,44
0,p8178,67,21
0,p8179,75,62
0,p8180,100,83
0,p8181,65,72
0,p8182,18,37
0,p8183,51,66
0,p8184,52,23
0,p8185,93,89
0,p8186,29,19
0,p8187,93,79
0,p8188,44,8
0,p8189,32,7
0,p8190,94,73
0,p8191,20,70
0,p8192,53,50
0,p8193,3,56
0,p8194,52,16
0,p8195,90,1
0,p8196,35,70
0,p8197,30,91
0,p8198,42,94
0,p8199,28,59
0,p8200,20,90
0,p8201,27,82
0,p8202,10,79
0,p8203,10,50
0,p8204,88,23
0,p8205,100,33
0,p8206,95,82
0,p8207,52,63
0,p8208,99,60
0,p8209,69,11
0,p8210,45,1
0,p8211,42,69
0,p8212,29,51
0,p8213,42,100
0,p8214,64,79
0,p8215,40,51
0,p8216,12,45
0,p8217,92,89
0,p8218,87,81
0,p8219,58,35
0,p8220,26,4
0,p8221,81,19
0,p8222,81,24
0,p8223,26,64
0,p8224,20,56
0,p8225,84,18
0,p8226,36,100
0,p8227,70,63
0,p8228,3,36
0,p8229,67,54
0,p8230,47,36
0,p8231,77,79
0,p8232,8,97
0,p8233,20,45
0,p8234,47,38
0,p8235,90,48
0,p8236,28,30
0,p8237,71,68
0,p8238,27,8
0,p8239,36,58
0,p8240,88,96
0,p8241,94,52
0,p8242,78,62
0,p8243,49,81
0,p8244,7,17
0,p8245,40,38
0,p8246,94,79
0,p8247,24,46
0,p8248,10,62
0,p8249,38,24
0,p8250,39,9
0,p8251,10,96
0,p8252,13,91
0,p8253,32,91
0,p8254,1,88
0,p8255,68,98
0,p8256,83,57
0,p8257,43,57
0,p8258,39,27
0,p8259,91,48
0,p8260,39,97
0,p8261,54,39
0,p8262,21,26
0,p8263,15,83
0,p8264,60,5
0,p8265,9,43
0,p8266,6,29
0,p8267,68,77
0,p8268,77,30
0,p8269,20,33
0,p8270,63,34
0,p8271,28,89
0,p8272,50,95
0,p8273,94,57
0,p8274,41,70
0,p8275,28,29
0,p8276,4,48
0,p8277,25,58
0,p8278,93,96
0,p8279,66,24
0,p8280,99,17
0,p8281,74,60
0,p8282,75,33
0,p8283,62,41
0,p8284,33,48
0,p8285,81,18
0,p8286,82,30
0,p8287,91,1
0,p8288,80,23
0,p8289,54,53
0,p8290,12,39
0,p8291,3,64
0,p8292,63,85
0,p8293,48,5
0,p8294,51,98
0,p8295,24,79
0,p8296,42,88
0,p8297,96,3
0,p8298,79,47
0,p8299,45,67
0,p8300,13,25
0,p8301,77,40
0,p8302,53,95
0,p8303,92,34
0,p8304,47,59
0,p8305,75,21
0,p8306,33,5
0,p8307,37,51
0,p8308,36,6
0,p8309,36,11
0,p8310,68,64
0,p8311,15,83
0,p8312,42,73
0,p8313,4,43
0,p8314,27,55
0,p8315,55,25
0,p8316,73,55
0,p8317,92,60
0,p8318,42,18
0,p8319,57,100
0,p8320,73,47
0,p8321,1,44
0,p8322,92,5
0,p8323,56,98
0,p8324,53,22
0,p8325,32,23
0,p8326,3,53
0,p8327,61,79
0,p8328,8,21
0,p8329,83,7
0,p8330,99,39
0,p8331,22,10
0,p8332,19,24
0,p8333,72,39
0,p8334,95,22
0,p8335,51,48
0,p8336,35,30
0,p8337,31,86
0,p8338,63,78
0,p8339,10,69
0,p8340,3,9
0,p8341,72,3
0,p8342,45,66
0,p8343,67,36
0,p8344,45,84
0,p8345,22,5
0,p8346,5,78
0,p8347,33,28
0,p8348,91,58
0,p8349,58,57
0,p8350,34,8
0,p8351,55,49
0,p8352,6,7
0,p8353,24,100
0,p8354,38,15
0,p8355,38,8
0,p8356,39,24
0,p8357,14,25
0,p8358,4,17
0,p8359,83,22
0,p8360,4,3
0,p8361,58,77
0,p8362,8,39
0,p8363,60,50
0,p8364,71,72
0,p8365,53,15
0,p8366,16,17
0,p8367,6,59
0,p8368,40,90
0,p8369,51,72
0,p8370,64,75
0,p8371,39,83
0,p8372,79,2
0,p8373,91,36
0,p8374,50,24
0,p8375,78,10
0,p8376,90,47
0,p8377,32,51
0,p8378,59,20
0,p8379,52,89
0,p8380,62,53
0,p8381,44,80
0,p8382,21,1
0,p8383,62,84
0,p8384,68,65
0,p8385,20,13
0,p8386,4,18
0,p8387,72,18
0,p8388,45,97
0,p8389,26,25
0,p8390,9,75
0,p8391,77,54
0,p8392,60,14
0,p8393,92,72
0,p8394,93,14
0,p8395,27,87
0,p8396,20,75
0,p8397,7,41
0,p8398,13,86
0,p8399,11,25
0,p8400,84,58
0,p8401,95,84
0,p8402,17,52
0,p8403,2,28
0,p8404,3,52
0,p8405,100,32
0,p8406,43,35
0,p8407,84,73
0,p8408,85,88
0,p8409,92,3
0,p8410,2,55
0,p8411,36,11
0,p8412,5,60
0,p8413,18,29
0,p8414,33,8
0,p8415,47,82
0,p8416,55,10
0,p8417,7,43
0,p8418,74,77
0,p8419,40,12
0,p8420,95,71
0,p8421,1,85
0,p8422,96,41
0,p8423,74,33
0,p8424,63,93
0,p8425,66,86
0,p8426,29,80
0,p8427,15,1
0,p8428,10,35
0,p8429,84,11
0,p8430,97,69
0,p8431,67,98
0,p8432,44,86
0,p8433,22,67
0,p8434,70,82
0,p8435,26,98
0,p8436,11,29
0,p8437,56,52
0,p8438,14,34
0,p8439,32,55
0,p8440,19,43
0,p8441,11,34
0,p8442,67,30
0,p8443,6,89
0,p8444,52,86
0,p8445,80,65
0,p8446,90,94
0,p8447,37,83
0,p8448,13,75
0,p8449,15,74
0,p8450,93,30
0,p8451,62,15
0,p8452,2,34
0,p8453,58,41
0,p8454,61,21
0,p8455,25,39
0,p8456,31,22
0,p8457,88,84
0,p8458,36,2
0,p8459,34,46
0,p8460,19,87
0,p8461,17,98
0,p8462,88,69
0,p8463,79,6
0,p8464,26,31
0,p8465,30,59
0,p8466,60,40
0,p8467,89,41
0,p8468,2,14
0,p8469,96,36
0,p8470,25,29
0,p8471,45,76
0,p8472,48,17
0,p8473,72,10
0,p8474,14,67
0,p8475,16,69
0,p8476,75,94
0,p8477,4,95
0,p8478,19,66
0,p8479,98,59
0,p8480,21,57
0,p8481,87,12
0,p8482,12,35
0,p8483,92,97
0,p8484,61,16
0,p8485,70,94
0,p8486,83,27
0,p8487,72,80
0,p8488,26,70
0,p8489,87,80
0,p8490,95,17
0,p8491,29,43
0,p8492,39,3
0,p8493,4,65
0,p8494,96,33
0,p8495,96,56
0,p8496,13,90
0,p8497,12,37
0,p8498,1,9
0,p8499,91,55
0,p8500,28,30
0,p8501,49,63
0,p8502,18,34
0,p8503,75,25
0,p8504,49,69
0,p8505,6,35
0,p8506,87,72
0,p8507,36,79
0,p8508,87,54
0,p8509,11,50
0,p8510,66,35
0,p8511,15,77
0,p8512,2,19
0,p8513,66,48
0,p8514,1,97
0,p8515,9,25
0,p8516,26,16
0,p8517,91,96
0,p8518,22,28
0,p8519,6,34
0,p8520,70,47
0,p8521,1,84
0,p8522,91,85
0,p8523,95,20
0,p8524,1,88
0,p8525,82,13
0,p8526,71,43
0,p8527,15,5
0,p8528,90,35
0,p8529,32,16
0,p8530,30,52
0,p8531,83,69
0,p8532,22,6
0,p8533,6,94
0,p8534,94,36
0,p8535,82,35
0,p8536,51,79
0,p8537,35,89
0,p8538,31,92
0,p8539,11,74
0,p8540,100,88
0,p8541,4,67
0,p8542,42,96
0,p8543,48,1
0,p8544,50,62
0,p8545,39,82
0,p8546,42,4
0,p8547,95,44
0,p8548,22,55
0,p8549,78,26
0,p8550,54,52
0,p8551,86,79
0,p8552,51,1
0,p8553,65,83
0,p8554,79,46
0,p8555,87,14
0,p8556,63,84
0,p8557,68,32
0,p8558,86,46
0,p8559,97,35
0,p8560,62,34
0,p8561,10,92
0,p8562,34,37
0,p8563,73,17
0,p8564,75,76
0,p8565,82,49
0,p8566,4,30
0,p8567,85,82
0,p8568,23,55
0,p8569,78,67
0,p8570,23,38
0,p8571,66,77
0,p8572,24,15
0,p8573,77,70
0,p8574,25,20
0,p8575,52,14
0,p8576,45,11
0,p8577,24,39
0,p8578,100,78
0,p8579,59,98
0,p8580,50,51
0,p8581,59,23
0,p8582,80,78
0,p8583,74,97
0,p8584,20,70
0,p8585,63,10
0,p8586,92,71
0,p8587,55,36
0,p8588,75,14
0,p8589,54,35
0,p8590,33,83
0,p8591,26,41
0,p8592,67,31
0,p8593,52,56
0,p8594,82,8
0,p8595,21,14
0,p8596,72,24
0,p8597,34,61
0,p8598,72,59
0,p8599,31,65
0,p8600,53,93
0,p8601,43,5
0,p8602,91,99
0,p8603,47,36
0,p8604,97,68
0,p8605,10,37
0,p8606,33,73
0,p8607,100,3
0,p8608,55,98
0,p8609,50,51
0,p8610,10,6
0,p8611,72,91
0,p8612,63,46
0,p8613,10,85
0,p8614,27,10
0,p8615,22,15
0,p8616,78,77
0,p8617,93,15
0,p8618,69,92
0,p8619,5,70
0,p8620,10,55
0,p8621,24,34
0,p8622,13,38
0,p8623,48,66
0,p8624,30,53
0,p8625,4,52
0,p8626,62,1
0,p8627,40,18
0,p8628,5,58
0,p8629,67,75
0,p8630,52,30
0,p8631,45,87
0,p8632,98,43
0,p8633,97,76
0,p8634,57,29
0,p8635,20,11
0,p8636,3,1
0,p8637,63,75
0,p8638,48,86
0,p8639,81,48
0,p8640,50,30
0,p8641,5,55
0,p8642,63,79
0,p8643,61,87
0,p8644,66,96
0,p8645,38,80
0,p8646,75,82
0,p8647,86,17
0,p8648,14,100
0,p8649,44,3
0,p8650,47,91
0,p8651,9,70
0,p8652,80,9
0,p8653,8,90
0,p8654,25,10
0,p8655,33,81
0,p8656,45,3
0,p8657,87,12
0,p8658,14,78
0,p8659,54,65
0,p8660,22,18
0,p8661,80,74
0,p8662,17,12
0,p8663,9,27
0,p8664,91,80
0,p8665,41,42
0,p8666,58,52
0,p8667,72,42
0,p8668,55,66
0,p8669,23,24
0,p8670,12,61
0,p8671,47,89
0,p8672,9,83
0,p8673,59,71
0,p8674,94,61
0,p8675,4,66
0,p8676,55,42
0,p8677,80,8
0,p8678,60,32
0,p8679,24,51
0,p8680,22,43
0,p8681,35,27
0,p8682,66,10
0,p8683,28,59
0,p8684,65,88
0,p8685,34,62
0,p8686,97,83
0,p8687,20,68
0,p8688,2,83
0,p8689,18,46
0,p8690,23,70
0,p8691,19,27
0,p8692,15,6
0,p8693,66,97
0,p8694,54,36
0,p8695,43,99
0,p8696,98,18
0,p8697,89,39
0,p8698,49,58
0,p8699,39,22
0,p8700,17,26
0,p8701,29,69
0,p8702,45,39
0,p8703,7,6
0,p8704,67,88
0,p8705,7,78
0,p8706,66,93
0,p8707,72,91
0,p8708,2,98
0,p8709,87,71
0,p8710,41,29
0,p8711,57,72
0,p8712,66,7
0,p8713,28,60
0,p8714,97,91
0,p8715,36,42
0,p8716,61,85
0,p8717,27,78
0,p8718,77,53
0,p8719,36,31
0,p8720,38,89
0,p8721,12,51
0,p8722,60,77
0,p8723,64,41
0,p8724,88,51
0,p8725,62,45
0,p8726,39,56
0,p8727,3,98
0,p8728,37,67
0,p8729,95,75
0,p8730,45,31
0,p8731,87,67
0,p8732,69,79
0,p8733,49,30
0,p8734,70,83
0,p8735,84,71
0,p8736,13,72
0,p8737,91,80
0,p8738,56,68
0,p8739,22,77
0,p8740,59,12
0,p8741,7,43
0,p8742,88,20
0,p8743,42,37
0,p8744,68,53
0,p8745,20,12
0,p8746,7,28
0,p8747,21,88
0,p8748,93,82
0,p8749,13,36
0,p8750,6,5
0,p8751,40,96
0,p8752,84,62
0,p8753,88,87
0,p8754,3,21
0,p8755,93,37
0,p8756,7,88
0,p8757,80,47
0,p8758,48,72
0,p8759,31,38
0,p8760,80,60
0,p8761,89,1
0,p8762,100,59
0,p8763,70,72
0,p8764,13,25
0,p8765,71,70
0,p8766,39,68
0,p8767,68,3
0,p8768,38,32
0,p8769,80,61
0,p8770,8,97
0,p8771,35,29
0,p8772,47,90
0,p8773,97,80
0,p8774,6,26
0,p8775,57,13
0,p8776,34,61
0,p8777,41,11
0,p8778,73,94
0,p8779,54,3
0,p8780,97,41
0,p8781,31,41
0,p8782,92,89
0,p8783,63,51
0,p8784,77,81
0,p8785,53,79
0,p8786,55,85
0,p8787,59,43
0,p8788,69,26
0,p8789,10,91
0,p8790,71,76
0,p8791,62,68
0,p8792,8,68
0,p8793,40,52
0,p8794,41,76
0,p8795,11,89
0,p8796,17,96
0,p8797,97,23
0,p8798,3,43
0,p8799,55,3
0,p8800,65,17
0,p8801,71,54
0,p8802,29,63
0,p8803,38,97
0,p8804,65,94
0,p8805,80,97
0,p8806,15,36
0,p8807,42,57
0,p8808,45,49
0,p8809,12,91
0,p8810,5,98
0,p8811,11,46
0,p8812,46,54
0,p8813,40,45
0,p8814,94,48
0,p8815,50,31
0,p8816,23,57
0,p8817,55,72
0,p8818,29,4
0,p8819,37,42
0,p8820,65,79
0,p8821,33,90
0,p8822,26,29
0,p8823,100,92
0,p8824,60,79
0,p8825,39,32
0,p8826,57,4
0,p8827,57,93
0,p8828,77,26
0,p8829,56,96
0,p8830,93,81
0,p8831,49,18
0,p8832,27,96
0,p8833,55,68
0,p8834,14,55
0,p8835,24,16
0,p8836,48,42
0,p8837,63,58
0,p8838,89,38
0,p8839,6,73
0,p8840,40,96
0,p8841,93,55
0,p8842,39,63
0,p8843,53,12
0,p8844,48,41
0,p8845,87,14
0,p8846,17,99
0,p8847,11,59
0,p8848,59,1
0,p8849,89,53
0,p8850,78,10
0,p8851,100,19
0,p8852,82,73
0,p8853,89,3
0,p8854,14,46
0,p8855,1,13
0,p8856,67,29
0,p8857,7,86
0,p8858,100,5
0,p8859,65,40
0,p8860,11,61
0,p8861,26,17
0,p8862,66,64
0,p8863,71,16
0,p8864,61,1
0,p8865,77,62
0,p8866,85,52
0,p8867,58,36
0,p8868,84,93
0,p8869,21,33
0,p8870,100,60
0,p8871,33,48
0,p8872,81,14
0,p8873,26,86
0,p8874,49,63
0,p8875,43,44
0,p8876,15,39
0,p8877,22,21
0,p8878,23,17
0,p8879,53,93
0,p8880,30,9
0,p8881,87,34
0,p8882,78,9
0,p8883,9,82
0,p8884,15,79
0,p8885,76,16
0,p8886,27,66
0,p8887,54,58
0,p8888,25,67
0,p8889,2,7
0,p8890,82,2
0,p8891,13,58
0,p8892,35,5
0,p8893,7,74
0,p8894,72,52
0,p8895,6,9
0,p8896,44,82
0,p8897,32,23
0,p8898,40,55
0,p8899,63,82
0,p8900,38,79
0,p8901,24,26
0,p8902,55,56
0,p8903,39,42
0,p8904,10,17
0,p8905,46,67
0,p8906,41,27
0,p8907,10,74
0,p8908,14,51
0,p8909,32,16
0,p8910,70,43
0,p8911,39,5
0,p8912,55,11
0,p8913,52,81
0,p8914,23,87
0,p8915,61,90
0,p8916,7,39
0,p8917,27,6
0,p8918,22,2
0,p8919,97,15
0,p8920,80,32
0,p8921,10,57
0,p8922,55,75
0,p8923,13,31
0,p8924,90,31
0,p8925,35,36
0,p8926,65,68
0,p8927,93,94
0,p8928,23,63
0,p8929,10,14
0,p8930,33,18
0,p8931,36,31
0,p8932,41,15
0,p8933,88,60
0,p8934,3,33
0,p8935,55,4
0,p8936,85,56
0,p8937,54,97
0,p8938,37,43
0,p8939,15,28
0,p8940,28,86
0,p8941,76,9
0,p8942,2,59
0,p8943,40,44
0,p8944,74,16
0,p8945,77,26
0,p8946,30,93
0,p8947,37,68
0,p8948,95,90
0,p8949,29,43
0,p8950,9,56
0,p8951,92,4
0,p8952,47,84
0,p8953,16,75
0,p8954,27,46
0,p8955,71,63
0,p8956,86,94
0,p8957,57,72
0,p8958,80,41
0,p8959,52,30
0,p8960,89,93
0,p8961,69,67
0,p8962,44,23
0,p8963,30,80
0,p8964,30,39
0,p8965,52,59
0,p8966,39,57
0,p8967,87,16
0,p8968,95,78
0,p8969,49,81
0,p8970,3,21
0,p8971,90,33
0,p8972,77,93
0,p8973,20,89
0,p8974,64,99
0,p8975,2,33
0,p8976,29,87
0,p8977,83,88
0,p8978,18,57
0,p8979,38,19
0,p8980,51,40
0,p8981,89,57
0,p8982,61,60
0,p8983,58,94
0,p8984,59,32
0,p8985,28,12
0,p8986,33,30
0,p8987,60,74
0,p8988,10,33
0,p8989,38,19
0,p8990,86,44
0,p8991,90,91
0,p8992,21,61
0,p8993,64,70
0,p8994,30,29
0,p8995,27,59
0,p8996,55,33
0,p8997,48,67
0,p8998,80,55
0,p8999,14,77
0,p9000,19,17
0,p9001,100,99
0,p9002,55,67
0,p9003,91,39
0,p9004,10,25
0,p9005,38,40
0,p9006,22,68
0,p9007,63,8
0,p9008,46,60
0,p9009,36,5
0,p9010,1,57
0,p9011,95,5
0,p9012,100,92
0,p9013,21,59
0,p9014,77,50
0,p9015,65,35
0,p9016,40,73
0,p9017,80,71
0,p9018,6,59
0,p9019,63,80
0,p9020,7,27
0,p9021,6,26
0,p9022,76,14
0,p9023,95,76
0,p9024,94,8
0,p9025,67,33
0,p9026,80,18
0,p9027,25,87
0,p9028,35,49
0,p9029,9,77
0,p9030,58,45
0,p9031,72,6
0,p9032,50,29
0,p9033,88,34
0,p9034,94,67
0,p9035,83,55
0,p9036,90,15
0,p9037,65,51
0,p9038,48,91
0,p9039,45,86
0,p9040,7,65
0,p9041,42,30
0,p9042,35,34
0,p9043,92,95
0,p9044,61,11
0,p9045,36,30
0,p9046,45,100
0,p9047,29,56
0,p9048,85,57
0,p9049,58,54
0,p9050,83,26
0,p9051,65,58
0,p9052,79,83
0,p9053,91,77
0,p9054,91,47
0,p9055,59,98
0,p9056,80,3
0,p9057,70,92
0,p9058,10,93
0,p9059,50,47
0,p9060,90,44
0,p9061,99,62
0,p9062,64,90
0,p9063,38,54
0,p9064,63,54
0,p9065,12,91
0,p9066,92,7
0,p9067,25,74
0,p9068,60,9
0,p9069,73,16
0,p9070,15,41
0,p9071,6,42
0,p9072,72,48
0,p9073,96,67
0,p9074,79,68
0,p9075,21,31
0,p9076,47,19
0,p9077,87,52
0,p9078,100,3
0,p9079,17,53
0,p9080,42,49
0,p9081,90,72
0,p9082,37,38
0,p9083,48,17
0,p9084,15,83
0,p9085,82,13
0,p9086,50,21
0,p9087,2,59
0,p9088,49,54
0,p9089,86,10
0,p9090,33,17
0,p9091,34,100
0,p9092,69,96
0,p9093,23,94
0,p9094,47,80
0,p9095,27,35
0,p9096,43,79
0,p9097,93,78
0,p9098,39,15
0,p9099,36,15
0,p9100,18,6
0,p9101,91,84
0,p9102,36,64
0,p9103,50,60
0,p9104,19,21
0,p9105,19,30
0,p9106,51,52
0,p9107,45,77
0,p9108,40,63
0,p9109,77,1
0,p9110,77,23
0,p9111,21,71
0,p9112,7,37
0,p9113,91,63
0,p9114,17,27
0,p9115,62,53
0,p9116,55,58
0,p9117,82,58
0,p9118,97,52
0,p9119,30,91
0,p9120,38,26
0,p9121,8,76
0,p9122,24,82
0,p9123,68,85
0,p9124,90,59
0,p9125,66,22
0,p9126,80,67
0,p9127,26,95
0,p9128,94,1
0,p9129,24,53
0,p9130,88,65
0,p9131,90,42
0,p9132,49,36
0,p9133,21,56
0,p9134,78,92
0,p9135,31,65
0,p9136,66,21
0,p9137,100,85
0,p9138,6,76
0,p9139,38,100
0,p9140,92,56
0,p9141,96,97
0,p9142,2,49
0,p9143,37,11
0,p9144,53,84
0,p9145,87,9
0,p9146,22,94
0,p9147,97,35
0,p9148,36,60
0,p9149,18,32
0,p9150,50,95
0,p9151,18,27
0,p9152,34,32
0,p9153,63,33
0,p9154,63,27
0,p9155,25,45
0,p9156,13,44
0,p9157,34,72
0,p9158,28,44
0,p9159,22,69
0,p9160,44,12
0,p9161,57,96
0,p9162,18,54
0,p9163,97,84
0,p9164,57,51
0,p9165,75,39
0,p9166,68,86
0,p9167,18,47
0,p9168,74,48
0,p9169,77,10
0,p9170,29,78
0,p9171,2,35
0,p9172,16,67
0,p9173,36,27
0,p9174,24,49
0,p9175,33,47
0,p9176,69,79
0,p9177,93,39
0,p9178,47,67
0,p9179,57,51
0,p9180,96,24
0,p9181,38,92
0,p9182,14,68
0,p9183,91,31
0,p9184,23,21
0,p9185,30,60
0,p9186,9,37
0,p9187,78,84
0,p9188,68,67
0,p9189,6,26
0,p9190,62,67
0,p9191,55,82
0,p9192,64,68
0,p9193,19,60
0,p9194,90,10
0,p9195,79,47
0,p9196,17,18
0,p9197,96,13
0,p9198,43,45
0,p9199,79,97
0,p9200,35,6
0,p9201,3,58
0,p9202,63,60
0,p9203,31,75
0,p9204,64,91
0,p9205,77,62
0,p9206,85,36
0,p9207,96,93
0,p9208,55,65
0,p9209,74,13
0,p9210,51,48
0,p9211,3,6
0,p9212,79,60
0,p9213,1,56
0,p9214,98,78
0,p9215,100,34
0,p9216,25,26
0,p9217,66,59
0,p9218,98,83
0,p9219,71,89
0,p9220,90,13
0,p9221,89,50
0,p9222,10,73
0,p9223,91,3
0,p9224,50,39
0,p9225,92,9
0,p9226,52,70
0,p9227,65,100
0,p9228,15,3
0,p9229,56,38
0,p9230,71,56
0,p9231,76,2
0,p9232,76,44
0,p9233,81,75
0,p9234,32,16
0,p9235,96,9
0,p9236,79,29
0,p9237,45,67
0,p9238,3,84
0,p9239,28,41
0,p9240,19,98
0,p9241,16,5
0,p9242,79,86
0,p9243,76,86
0,p9244,52,69
0,p9245,99,96
0,p9246,8,57
0,p9247,93,88
0,p9248,68,49
0,p9249,29,66
0,p9250,71,83
0,p9251,20,60
0,p9252,92,61
0,p9253,4,24
0,p9254,29,83
0,p9255,51,67
0,p9256,40,90
0,p9257,36,14
0,p9258,33,38
0,p9259,52,81
0,p9260,97,45
0,p9261,35,59
0,p9262,60,85
0,p9263,75,83
0,p9264,63,8
0,p9265,100,54
0,p9266,78,83
0,p9267,75,51
0,p9268,16,27
0,p9269,14,41
0,p9270,56,45
0,p9271,96,65
0,p9272,74,89
0,p9273,26,5
0,p9274,51,60
0,p9275,60,52
0,p9276,79,100
0,p9277,81,88
0,p9278,20,41
0,p9279,16,75
0,p9280,64,32
0,p9281,60,83
0,p9282,83,44
0,p9283,89,62
0,p9284,83,37
0,p9285,34,50
0,p9286,58,35
0,p9287,76,36
0,p9288,91,61
0,p9289,44,26
0,p9290,74,82
0,p9291,89,57
0,p9292,89,61
0,p9293,48,58
0,p9294,88,36
0,p9295,79,50
0,p9296,82,62
0,p9297,11,23
0,p9298,57,41
0,p9299,10,7
0,p9300,6,14
0,p9301,51,59
0,p9302,29,19
0,p9303,59,12
0,p9304,85,2
0,p9305,81,67
0,p9306,87,57
0,p9307,96,78
0,p9308,10,69
0,p9309,72,88
0,p9310,97,20
0,p9311,28,100
0,p9312,46,61
0,p9313,53,39
0,p9314,25,20
0,p9315,38,21
0,p9316,56,7
0,p9317,83,93
0,p9318,31,46
0,p9319,5,69
0,p9320,19,24
0,p9321,82,30
0,p9322,15,79
0,p9323,25,9
0,p9324,39,78
0,p9325,86,81
0,p9326,98,64
0,p9327,54,28
0,p9328,82,68
0,p9329,78,86
0,p9330,47,15
0,p9331,49,79
0,p9332,74,59
0,p9333,17,26
0,p9334,38,6
0,p9335,8,72
0,p9336,72,18
0,p9337,81,3
0,p9338,48,72
0,p9339,89,90
0,p9340,70,40
0,p9341,16,93
0,p9342,66,98
0,p9343,39,79
0,p9344,77,36
0,p9345,53,43
0,p9346,93,3
0,p9347,30,49
0,p9348,66,47
0,p9349,59,10
0,p9350,13,58
0,p9351,68,14
0,p9352,63,62
0,p9353,96,41
0,p9354,34,33
0,p9355,91,72
0,p9356,30,55
0,p9357,43,72
0,p9358,29,24
0,p9359,48,63
0,p9360,66,88
0,p9361,65,85
0,p9362,1,60
0,p9363,13,86
0,p9364,43,87
0,p9365,29,9
0,p9366,29,77
0,p9367,56,94
0,p9368,84,66
0,p9369,17,81
0,p9370,70,14
0,p9371,66,69
0,p9372,6,77
0,p9373,30,27
0,p9374,35,51
0,p9375,47,27
0,p9376,7,38
0,p9377,92,35
0,p9378,56,65
0,p9379,17,6
0,p9380,87,23
0,p9381,97,64
0,p9382,7,88
0,p9383,5,53
0,p9384,58,73
0,p9385,4,76
0,p9386,61,30
0,p9387,49,66
0,p9388,2,22
0,p9389,46,80
0,p9390,22,10
0,p9391,35,4
0,p9392,70,71
0,p9393,29,47
0,p9394,87,46
0,p9395,90,26
0,p9396,15,53
0,p9397,37,28
0,p9398,88,80
0,p9399,17,55
0,p9400,23,54
0,p9401,50,56
0,p9402,6,83
0,p9403,55,56
0,p9404,98,81
0,p9405,9,85
0,p9406,72,63
0,p9407,83,58
0,p9408,54,86
0,p9409,82,54
0,p9410,79,39
0,p9411,56,65
0,p9412,4,9
0,p9413,67,89
0,p9414,21,73
0,p9415,58,49
0,p9416,92,85
0,p9417,38,37
0,p9418,41,39
0,p9419,40,99
0,p9420,58,26
0,p9421,54,24
0,p9422,33,50
0,p9423,85,16
0,p9424,36,69
0,p9425,55,88
0,p9426,36,4
0,p9427,62,14
0,p9428,10,93
0,p9429,8,48
0,p9430,35,91
0,p9431,11,98
0,p9432,63,44
0,p9433,56,79
0,p9434,43,13
0,p9435,46,44
0,p9436,1,60
0,p9437,99,28
0,p9438,88,97
0,p9439,10,55
0,p9440,13,68
0,p9441,12,59
0,p9442,32,52
0,p9443,97,22
0,p9444,49,78
0,p9445,27,48
0,p9446,64,7
0,p9447,53,52
0,p9448,32,34
0,p9449,89,74
0,p9450,14,62
0,p9451,65,21
0,p9452,90,39
0,p9453,52,21
0,p9454,60,91
0,p9455,33,38
0,p9456,64,28
0,p9457,10,58
0,p9458,83,5
0,p9459,37,53
0,p9460,92,3
0,p9461,85,73
0,p9462,23,14
0,p9463,5,86
0,p9464,57,48
0,p9465,56,82
0,p9466,83,69
0,p9467,59,69
0,p9468,49,57
0,p9469,77,3
0,p9470,13,78
0,p9471,59,11
0,p9472,21,91
0,p9473,65,79
0,p9474,17,6
0,p9475,92,13
0,p9476,64,89
0,p9477,28,84
0,p9478,3,42
0,p9479,34,51
0,p9480,27,49
0,p9481,60,84
0,p9482,32,73
0,p9483,67,8
0,p9484,58,87
0,p9485,85,2
0,p9486,17,37
0,p9487,11,19
0,p9488,31,89
0,p9489,1,43
0,p9490,58,4
0,p9491,22,76
0,p9492,40,33
0,p9493,46,21
0,p9494,61,23
0,p9495,60,24
0,p9496,17,29
0,p9497,92,38
0,p9498,81,50
0,p9499,76,62
0,p9500,44,14
0,p9501,43,50
0,p9502,19,1
0,p9503,8,75
0,p9504,56,42
0,p9505,55,9
0,p9506,63,29
0,p9507,81,94
0,p9508,2,74
0,p9509,11,5
0,p9510,96,99
0,p9511,60,77
0,p9512,69,31
0,p9513,39,37
0,p9514,72,35
0,p9515,100,41
0,p9516,6,34
0,p9517,98,14
0,p9518,31,6
0,p9519,82,89
0,p9520,48,58
0,p9521,90,46
0,p9522,29,16
0,p9523,56,76
0,p9524,99,2
0,p9525,18,40
0,p9526,46,27
0,p9527,78,94
0,p9528,37,61
0,p9529,100,21
0,p9530,17,19
0,p9531,73,98
0,p9532,15,25
0,p9533,85,54
0,p9534,82,73
0,p9535,13,93
0,p9536,28,46
0,p9537,42,35
0,p9538,38,94
0,p9539,46,72
0,p9540,69,6
0,p9541,47,90
0,p9542,12,22
0,p9543,95,78
0,p9544,98,16
0,p9545,80,96
0,p9546,66,100
0,p9547,83,29
0,p9548,18,41
0,p9549,59,5
0,p9550,54,67
0,p9551,63,97
0,p9552,96,38
0,p9553,26,18
0,p9554,76,19
0,p9555,3,4
0,p9556,94,100
0,p9557,53,78
0,p9558,14,22
0,p9559,80,49
0,p9560,74,93
0,p9561,19,5
0,p9562,91,40
0,p9563,31,58
0,p9564,33,67
0,p9565,62,95
0,p9566,36,23
0,p9567,100,57
0,p9568,37,88
0,p9569,53,12
0,p9570,22,25
0,p9571,87,57
0,p9572,23,77
0,p9573,40,10
0,p9574,52,8
0,p9575,62,59
0,p9576,86,29
0,p9577,84,62
0,p9578,60,69
0,p9579,9,92
0,p9580,17,31
0,p9581,70,95
0,p9582,51,79
0,p9583,40,71
0,p9584,26,75
0,p9585,85,68
0,p9586,95,76
0,p9587,99,98
0,p9588,63,70
0,p9589,61,83
0,p9590,20,74
0,p9591,12,2
0,p9592,64,69
0,p9593,18,23
0,p9594,71,56
0,p9595,76,43
0,p9596,32,34
0,p9597,76,28
0,p9598,51,86
0,p9599,94,27
0,p9600,8,94
0,p9601,54,15
0,p9602,35,26
0,p9603,71,13
0,p9604,93,53
0,p9605,73,57
0,p9606,5,64
0,p9607,52,50
0,p9608,53,79
0,p9609,100,88
0,p9610,81,95
0,p9611,44,73
0,p9612,32,20
0,p9613,38,13
0,p9614,85,62
0,p9615,87,52
0,p9616,68,79
0,p9617,42,77
0,p9618,1,35
0,p9619,82,64
0,p9620,76,11
0,p9621,43,37
0,p9622,68,19
0,p9623,63,19
0,p9624,87,64
0,p9625,79,46
0,p9626,70,45
0,p9627,67,41
0,p9628,86,29
0,p9629,31,50
0,p9630,47,44
0,p9631,26,73
0,p9632,96,44
0,p9633,18,17
0,p9634,33,16
0,p9635,61,24
0,p9636,37,17
0,p9637,42,20
0,p9638,10,82
0,p9639,80,12
0,p9640,41,45
0,p9641,75,44
0,p9642,88,99
0,p9643,67,31
0,p9644,79,27
0,p9645,93,88
0,p9646,94,31
0,p9647,7,54
0,p9648,80,8
0,p9649,5,62
0,p9650,65,9
0,p9651,16,14
0,p9652,19,56
0,p9653,82,74
0,p9654,47,18
0,p9655,46,11
0,p9656,46,45
0,p9657,42,22
0,p9658,40,50
0,p9659,58,55
0,p9660,44,59
0,p9661,97,92
0,p9662,54,6
0,p9663,81,24
0,p9664,66,72
0,p9665,98,50
0,p9666,59,79
0,p9667,69,48
0,p9668,82,54
0,p9669,25,26
0,p9670,27,50
0,p9671,20,19
0,p9672,4,37
0,p9673,41,96
0,p9674,68,75
0,p9675,49,10
0,p9676,78,53
0,p9677,88,42
0,p9678,87,32
0,p9679,22,31
0,p9680,6,9
0,p9681,96,18
0,p9682,13,32
0,p9683,69,70
0,p9684,94,78
0,p9685,70,69
0,p9686,36,40
0,p9687,40,89
0,p9688,1,21
0,p9689,1,98
0,p9690,90,22
0,p9691,49,82
0,p9692,16,89
0,p9693,27,77
0,p9694,91,65
0,p9695,37,33
0,p9696,68,87
0,p9697,57,59
0,p9698,13,12
0,p9699,50,64
0,p9700,41,69
0,p9701,17,15
0,p9702,30,91
0,p9703,91,97
0,p9704,98,1
0,p9705,26,84
0,p9706,18,28
0,p9707,29,23
0,p9708,62,13
0,p9709,76,56
0,p9710,95,10
0,p9711,69,83
0,p9712,70,96
0,p9713,30,91
0,p9714,30,66
0,p9715,91,83
0,p9716,21,4
0,p9717,4,25
0,p9718,92,98
0,p9719,46,12
0,p9720,69,83
0,p9721,42,51
0,p9722,56,87
0,p9723,8,1
0,p9724,74,8
0,p9725,10,70
0,p9726,48,5
0,p9727,1,83
0,p9728,97,90
0,p9729,65,61
0,p9730,42,15
0,p9731,16,91
0,p9732,1,33
0,p9733,92,86
0,p9734,60,63
0,p9735,100,72
0,p9736,84,1
0,p9737,66,64
0,p9738,14,43
0,p9739,92,15
0,p9740,32,96
0,p9741,32,10
0,p9742,2,50
0,p9743,45,40
0,p9744,51,94
0,p9745,36,40
0,p9746,10,71
0,p9747,76,48
0,p9748,20,89
0,p9749,75,53
0,p9750,85,60
0,p9751,47,30
0,p9752,55,88
0,p9753,49,92
0,p9754,40,83
0,p9755,55,33
0,p9756,20,55
0,p9757,83,96
0,p9758,27,10
0,p9759,54,90
0,p9760,46,13
0,p9761,83,78
0,p9762,98,99
0,p9763,47,86
0,p9764,37,67
0,p9765,86,8
0,p9766,88,41
0,p9767,66,44
0,p9768,63,5
0,p9769,70,55
0,p9770,54,58
0,p9771,99,58
0,p9772,34,43
0,p9773,36,3
0,p9774,37,13
0,p9775,1,97
0,p9776,94,86
0,p9777,76,58
0,p9778,28,63
0,p9779,76,48
0,p9780,53,49
0,p9781,23,94
0,p9782,38,89
0,p9783,26,17
0,p9784,97,52
0,p9785,44,2
0,p9786,7,53
0,p9787,84,4
0,p9788,97,63
0,p9789,69,40
0,p9790,77,79
0,p9791,86,80
0,p9792,39,64
0,p9793,50,53
0,p9794,38,55
0,p9795,25,51
0,p9796,78,11
0,p9797,88,81
0,p9798,19,50
0,p9799,11,30
0,p9800,24,19
0,p9801,29,67
0,p9802,26,87
0,p9803,16,83
0,p9804,51,67
0,p9805,62,4
0,p9806,23,14
0,p9807,53,27
0,p9808,57,48
0,p9809,28,3
0,p9810,21,65
0,p9811,69,68
0,p9812,83,59
0,p9813,15,95
0,p9814,64,86
0,p9815,63,100
0,p9816,66,32
0,p9817,11,82
0,p9818,12,37
0,p9819,57,98
0,p9820,55,29
0,p9821,71,89
0,p9822,50,9
0,p9823,62,91
0,p9824,75,2
0,p9825,3,4
0,p9826,81,46
0,p9827,60,6
0,p9828,10,35
0,p9829,57,1
0,p9830,77,8
0,p9831,44,93
0,p9832,99,61
0,p9833,63,47
0,p9834,1,6
0,p9835,2,94
0,p9836,36,12
0,p9837,38,69
0,p9838,15,89
0,p9839,49,36
0,p9840,56,41
0,p9841,26,96
0,p9842,52,32
0,p9843,77,39
0,p9844,9,48
0,p9845,55,9
0,p9846,56,21
0,p9847,7,100
0,p9848,85,4
0,p9849,67,6
0,p9850,98,85
0,p9851,92,34
0,p9852,22,21
0,p9853,28,67
0,p9854,26,43
0,p9855,82,98
0,p9856,25,17
0,p9857,63,58
0,p9858,61,21
0,p9859,86,4
0,p9860,33,12
0,p9861,52,55
0,p9862,37,50
0,p9863,95,64
0,p9864,66,33
0,p9865,56,60
0,p9866,39,2
0,p9867,23,78
0,p9868,60,16
0,p9869,55,13
0,p9870,47,29
0,p9871,96,81
0,p9872,51,21
0,p9873,13,14
0,p9874,18,22
0,p9875,42,10
0,p9876,77,32
0,p9877,4,28
0,p9878,78,8
0,p9879,6,7
0,p9880,63,29
0,p9881,16,80
0,p9882,63,28
0,p9883,30,80
0,p9884,66,48
0,p9885,88,44
0,p9886,5,34
0,p9887,40,48
0,p9888,56,83
0,p9889,58,98
0,p9890,95,36
0,p9891,37,90
0,p9892,82,99
0,p9893,28,96
0,p9894,43,54
0,p9895,79,37
0,p9896,88,83
0,p9897,87,59
0,p9898,74,60
0,p9899,48,93
0,p9900,47,33
0,p9901,65,76
0,p9902,2,16
0,p9903,89,71
0,p9904,14,24
0,p9905,89,22
0,p9906,95,75
0,p9907,63,54
0,p9908,84,41
0,p9909,91,90
0,p9910,48,57
0,p9911,71,13
0,p9912,92,50
0,p9913,64,96
0,p9914,70,80
0,p9915,81,3
0,p9916,77,17
0,p9917,98,41
0,p9918,27,55
0,p9919,97,7
0,p9920,78,60
0,p9921,27,26
0,p9922,13,48
0,p9923,28,47
0,p9924,3,32
0,p9925,21,68
0,p9926,94,27
0,p9927,23,24
0,p9928,1,66
0,p9929,82,35
0,p9930,28,4
0,p9931,4,73
0,p9932,52,40
0,p9933,87,91
0,p9934,94,88
0,p9935,93,47
0,p9936,82,84
0,p9937,19,82
0,p9938,70,86
0,p9939,20,85
0,p9940,38,67
0,p9941,41,13
0,p9942,41,90
0,p9943,15,9
0,p9944,60,74
0,p9945,28,68
0,p9946,70,86
0,p9947,52,75
0,p9948,87,92
0,p9949,68,19
0,p9950,77,11
0,p9951,8,75
0,p9952,52,38
0,p9953,62,58
0,p9954,32,56
0,p9955,97,62
0,p9956,20,88
0,p9957,26,99
0,p9958,12,72
0,p9959,69,49
0,p9960,25,37
0,p9961,12,39
0,p9962,44,59
0,p9963,48,38
0,p9964,60,85
0,p9965,26,99
0,p9966,94,9
0,p9967,75,45
0,p9968,98,37
0,p9969,84,4
0,p9970,22,80
0,p9971,58,27
0,p9972,39,23
0,p9973,51,100
0,p9974,61,79
0,p9975,9,15
0,p9976,93,85
0,p9977,66,54
0,p9978,33,20
0,p9979,59,11
0,p9980,72,81
0,p9981,83,82
0,p9982,27,31
0,p9983,36,47
0,p9984,88,94
0,p9985,3,95
0,p9986,43,20
0,p9987,23,34
0,p9988,58,33
0,p9989,53,49
0,p9990,90,6
0,p9991,46,63
0,p9992,25,75
0,p9993,20,44
0,p9994,66,7
0,p9995,1,28
0,p9996,79,15
0,p9997,16,52
0,p9998,91,84
0,p9999,36,23
