time,id,source,dest
0,p0,66,22
0,p1,47,78
0,p2,31,97
0,p3,18,37
0,p4,57,99
0,p5,9,96
0,p6,90,68
0,p7,87,47
0,p8,8,79
0,p9,38,98
0,p10,85,66
0,p11,75,82
0,p12,18,19
0,p13,63,25
0,p14,88,63
0,p15,80,92
0,p16,33,82
0,p17,44,90
0,p18,28,45
0,p19,49,91
0,p20,57,50
0,p21,17,11
0,p22,78,34
0,p23,30,83
0,p24,69,26
0,p25,1,64
0,p26,22,20
0,p27,35,29
0,p28,52,83
0,p29,52,29
0,p30,8,70
0,p31,100,49
0,p32,71,38
0,p33,43,79
0,p34,79,100
0,p35,74,86
0,p36,55,90
0,p37,50,1
0,p38,85,36
0,p39,46,67
0,p40,16,87
0,p41,1,24
0,p42,26,1
0,p43,22,71
0,p44,8,98
0,p45,5,10
0,p46,19,54
0,p47,13,48
0,p48,3,5
0,p49,95,62
0,p50,35,86
0,p51,61,58
0,p52,64,15
0,p53,27,33
0,p54,44,33
0,p55,54,85
0,p56,8,17
0,p57,62,44
0,p58,58,27
0,p59,40,66
0,p60,7,25
0,p61,80,55
0,p62,30,1
0,p63,36,65
0,p64,40,65
0,p65,61,31
0,p66,45,97
0,p67,10,90
0,p68,13,10
0,p69,83,11
0,p70,69,94
0,p71,23,95
0,p72,72,44
0,p73,38,33
0,p74,16,84
0,p75,42,38
0,p76,92,16
0,p77,70,33
0,p78,56,89
0,p79,50,16
0,p80,37,66
0,p81,58,46
0,p82,9,8
0,p83,43,74
0,p84,68,43
0,p85,71,1
0,p86,21,53
0,p87,51,60
0,p88,91,5
0,p89,88,9
0,p90,58,56
0,p91,95,79
0,p92,33,83
0,p93,85,91
0,p94,71,72
0,p95,12,95
0,p96,11,44
0,p97,77,94
0,p98,74,100
0,p99,65,2
0,p100,9,44
0,p101,3,39
0,p102,74,12
0,p103,38,65
0,p104,36,3
0,p105,53,79
0,p106,57,81
0,p107,3,66
0,p108,65,51
0,p109,37,45
0,p110,15,98
0,p111,92,23
0,p112,16,65
0,p113,50,73
0,p114,42,68
0,p115,48,93
0,p116,9,92
0,p117,63,69
0,p118,66,59
0,p119,21,89
0,p120,56,24
0,p121,36,64
0,p122,100,50
0,p123,3,31
0,p124,97,75
0,p125,97,50
0,p126,26,47
0,p127,28,95
0,p128,65,84
0,p129,47,37
0,p130,79,29
0,p131,83,38
0,p132,93,76
0,p133,39,44
0,p134,1,88
0,p135,62,65
0,p136,8,32
0,p137,85,15
0,p138,20,34
0,p139,82,28
0,p140,79,33
0,p141,2,85
0,p142,77,82
0,p143,13,81
0,p144,58,45
0,p145,93,51
0,p146,97,8
0,p147,48,29
0,p148,38,74
0,p149,95,80
0,p150,81,70
0,p151,52,75
0,p152,54,18
0,p153,74,15
0,p154,65,68
0,p155,74,86
0,p156,19,4
0,p157,32,100
0,p158,12,69
0,p159,8,69
0,p160,32,40
0,p161,79,65
0,p162,56,39
0,p163,77,95
0,p164,38,36
0,p165,71,31
0,p166,38,94
0,p167,50,94
0,p168,30,52
0,p169,46,15
0,p170,10,24
0,p171,88,3
0,p172,84,22
0,p173,33,16
0,p174,59,94
0,p175,36,96
0,p176,31,55
0,p177,97,55
0,p178,53,24
0,p179,20,94
0,p180,24,73
0,p181,93,17
0,p182,5,16
0,p183,56,70
0,p184,6,60
0,p185,94,47
0,p186,27,92
0,p187,27,86
0,p188,39,47
0,p189,85,4
0,p190,54,100
0,p191,89,33
0,p192,10,97
0,p193,27,77
0,p194,3,11
0,p195,90,85
0,p196,23,48
0,p197,52,95
0,p198,32,24
0,p199,67,31
0,p200,94,48
0,p201,97,75
0,p202,18,69
0,p203,68,13
0,p204,25,21
0,p205,55,50
0,p206,88,32
0,p207,89,86
0,p208,20,17
0,p209,64,92
0,p210,29,84
0,p211,29,73
0,p212,27,44
0,p213,87,67
0,p214,9,33
0,p215,39,63
0,p216,33,50
0,p217,33,61
0,p218,15,36
0,p219,10,47
0,p220,11,12
0,p221,36,67
0,p222,98,96
0,p223,66,92
0,p224,1,2
0,p225,65,43
0,p226,19,48
0,p227,47,28
0,p228,99,85
0,p229,69,85
0,p230,6,46
0,p231,60,49
0,p232,94,1
0,p233,35,78
0,p234,51,9
0,p235,96,80
0,p236,16,43
0,p237,3,26
0,p238,56,3
0,p239,30,86
0,p240,56,16
0,p241,47,31
0,p242,76,58
0,p243,70,33
0,p244,56,90
0,p245,44,99
0,p246,93,18
0,p247,85,17
0,p248,19,57
0,p249,24,26
0,p250,46,33
0,p251,24,92
0,p252,91,4
0,p253,6,26
0,p254,52,30
0,p255,19,65
0,p256,93,41
0,p257,17,53
0,p258,75,57
0,p259,49,85
0,p260,58,80
0,p261,46,70
0,p262,34,2
0,p263,2,1
0,p264,4,18
0,p265,58,34
0,p266,47,87
0,p267,91,94
0,p268,39,8
0,p269,80,55
0,p270,16,34
0,p271,40,29
0,p272,49,25
0,p273,39,33
0,p274,6,69
0,p275,51,22
0,p276,71,72
0,p277,94,74
0,p278,92,33
0,p279,93,81
0,p280,1,3
0,p281,100,44
0,p282,87,26
0,p283,90,1
0,p284,71,44
0,p285,9,100
0,p286,9,22
0,p287,91,44
0,p288,39,17
0,p289,58,27
0,p290,56,7
0,p291,68,43
0,p292,12,88
0,p293,29,89
0,p294,28,39
0,p295,22,24
0,p296,3,93
0,p297,66,36
0,p298,44,26
0,p299,10,53
0,p300,50,51
0,p301,48,69
0,p302,74,80
0,p303,91,28
0,p304,47,28
0,p305,37,40
0,p306,82,86
0,p307,59,68
0,p308,92,19
0,p309,21,63
0,p310,14,28
0,p311,54,4
0,p312,74,60
0,p313,11,36
0,p314,41,86
0,p315,9,11
0,p316,72,1
0,p317,40,73
0,p318,41,95
0,p319,32,20
0,p320,58,57
0,p321,86,49
0,p322,46,39
0,p323,96,36
0,p324,83,67
0,p325,62,15
0,p326,48,78
0,p327,12,40
0,p328,58,83
0,p329,60,82
0,p330,40,46
0,p331,94,80
0,p332,32,14
0,p333,64,75
0,p334,73,85
0,p335,46,38
0,p336,25,13
0,p337,67,63
0,p338,62,4
0,p339,78,48
0,p340,38,79
0,p341,14,70
0,p342,86,4
0,p343,83,49
0,p344,60,54
0,p345,46,35
0,p346,23,96
0,p347,65,45
0,p348,80,35
0,p349,94,56
0,p350,10,12
0,p351,77,68
0,p352,2,75
0,p353,33,63
0,p354,38,18
0,p355,8,91
0,p356,49,16
0,p357,99,69
0,p358,85,4
0,p359,58,94
0,p360,18,26
0,p361,31,81
0,p362,76,58
0,p363,73,76
0,p364,92,53
0,p365,96,50
0,p366,96,99
0,p367,9,70
0,p368,61,77
0,p369,73,43
0,p370,51,98
0,p371,4,29
0,p372,17,8
0,p373,9,48
0,p374,23,96
0,p375,56,7
0,p376,47,4
0,p377,93,67
0,p378,19,45
0,p379,35,87
0,p380,70,97
0,p381,55,57
0,p382,42,25
0,p383,42,13
0,p384,44,100
0,p385,76,31
0,p386,24,57
0,p387,78,50
0,p388,17,49
0,p389,21,15
0,p390,13,100
0,p391,55,49
0,p392,23,20
0,p393,64,70
0,p394,6,9
0,p395,37,74
0,p396,54,5
0,p397,65,14
0,p398,74,64
0,p399,75,53
0,p400,81,73
0,p401,64,55
0,p402,84,54
0,p403,20,23
0,p404,15,23
0,p405,16,36
0,p406,41,99
0,p407,40,23
0,p408,25,64
0,p409,38,21
0,p410,24,5
0,p411,37,36
0,p412,91,62
0,p413,23,21
0,p414,98,78
0,p415,38,59
0,p416,60,52
0,p417,79,77
0,p418,93,73
0,p419,41,24
0,p420,67,42
0,p421,69,37
0,p422,95,90
0,p423,21,62
0,p424,35,96
0,p425,97,73
0,p426,47,6
0,p427,82,92
0,p428,2,69
0,p429,15,75
0,p430,23,31
0,p431,48,72
0,p432,39,56
0,p433,74,48
0,p434,36,50
0,p435,71,70
0,p436,86,36
0,p437,27,96
0,p438,21,43
0,p439,34,65
0,p440,79,92
0,p441,41,45
0,p442,87,94
0,p443,43,39
0,p444,51,74
0,p445,33,2
0,p446,58,34
0,p447,33,81
0,p448,54,44
0,p449,9,91
0,p450,65,79
0,p451,60,9
0,p452,54,29
0,p453,63,59
0,p454,81,57
0,p455,56,65
0,p456,34,23
0,p457,61,72
0,p458,9,92
0,p459,100,73
0,p460,22,98
0,p461,52,2
0,p462,92,53
0,p463,55,35
0,p464,57,64
0,p465,5,63
0,p466,71,27
0,p467,50,57
0,p468,5,34
0,p469,35,11
0,p470,74,5
0,p471,55,49
0,p472,57,32
0,p473,53,29
0,p474,35,76
0,p475,30,55
0,p476,93,63
0,p477,66,4
0,p478,65,63
0,p479,2,68
0,p480,75,44
0,p481,18,34
0,p482,72,38
0,p483,70,99
0,p484,100,65
0,p485,2,76
0,p486,40,61
0,p487,94,10
0,p488,43,13
0,p489,96,63
0,p490,90,33
0,p491,46,7
0,p492,52,19
0,p493,38,26
0,p494,35,90
0,p495,44,65
0,p496,1,97
0,p497,28,81
0,p498,96,80
0,p499,32,42
0,p500,40,16
0,p501,96,75
0,p502,6,60
0,p503,55,93
0,p504,22,61
0,p505,20,68
0,p506,79,81
0,p507,9,59
0,p508,33,54
0,p509,58,75
0,p510,91,33
0,p511,37,19
0,p512,58,36
0,p513,45,95
0,p514,50,30
0,p515,50,10
0,p516,16,82
0,p517,65,26
0,p518,45,71
0,p519,14,24
0,p520,53,100
0,p521,35,46
0,p522,62,77
0,p523,97,14
0,p524,1,26
0,p525,22,33
0,p526,72,76
0,p527,54,68
0,p528,81,86
0,p529,85,41
0,p530,16,32
0,p531,74,6
0,p532,95,13
0,p533,71,66
0,p534,74,2
0,p535,96,63
0,p536,41,27
0,p537,16,66
0,p538,37,1
0,p539,63,77
0,p540,50,6
0,p541,24,40
0,p542,96,28
0,p543,66,65
0,p544,10,18
0,p545,74,75
0,p546,74,18
0,p547,3,22
0,p548,42,72
0,p549,64,47
0,p550,43,63
0,p551,63,46
0,p552,55,10
0,p553,99,14
0,p554,2,23
0,p555,16,30
0,p556,40,85
0,p557,32,20
0,p558,37,19
0,p559,96,87
0,p560,31,72
0,p561,96,50
0,p562,20,13
0,p563,98,10
0,p564,99,45
0,p565,58,54
0,p566,1,65
0,p567,95,47
0,p568,68,62
0,p569,7,4
0,p570,72,12
0,p571,62,83
0,p572,94,35
0,p573,74,33
0,p574,28,62
0,p575,96,88
0,p576,79,78
0,p577,96,51
0,p578,3,91
0,p579,81,6
0,p580,76,22
0,p581,40,57
0,p582,42,24
0,p583,82,17
0,p584,76,85
0,p585,87,96
0,p586,76,85
0,p587,83,40
0,p588,97,71
0,p589,82,29
0,p590,94,97
0,p591,27,40
0,p592,25,91
0,p593,35,25
0,p594,63,89
0,p595,2,92
0,p596,5,79
0,p597,6,25
0,p598,10,5
0,p599,42,38
0,p600,92,74
0,p601,67,49
0,p602,20,8
0,p603,16,85
0,p604,74,88
0,p605,19,11
0,p606,99,31
0,p607,93,35
0,p608,65,78
0,p609,64,80
0,p610,6,93
0,p611,17,57
0,p612,46,14
0,p613,16,56
0,p614,1,91
0,p615,21,25
0,p616,68,60
0,p617,27,14
0,p618,26,61
0,p619,44,69
0,p620,15,68
0,p621,7,53
0,p622,65,69
0,p623,84,35
0,p624,27,40
0,p625,64,46
0,p626,14,48
0,p627,97,52
0,p628,12,81
0,p629,20,59
0,p630,25,96
0,p631,46,99
0,p632,40,31
0,p633,6,17
0,p634,29,1
0,p635,10,77
0,p636,16,24
0,p637,48,87
0,p638,66,33
0,p639,96,82
0,p640,10,99
0,p641,4,1
0,p642,35,11
0,p643,93,35
0,p644,39,79
0,p645,44,92
0,p646,56,40
0,p647,63,52
0,p648,34,25
0,p649,78,27
0,p650,68,24
0,p651,31,86
0,p652,52,23
0,p653,90,86
0,p654,35,80
0,p655,98,65
0,p656,10,98
0,p657,99,4
0,p658,87,79
0,p659,37,58
0,p660,88,4
0,p661,71,87
0,p662,16,84
0,p663,17,94
0,p664,73,47
0,p665,58,40
0,p666,81,44
0,p667,73,36
0,p668,72,98
0,p669,24,69
0,p670,48,29
0,p671,31,45
0,p672,39,52
0,p673,76,91
0,p674,72,96
0,p675,63,42
0,p676,56,100
0,p677,24,68
0,p678,39,92
0,p679,73,34
0,p680,78,74
0,p681,54,9
0,p682,91,77
0,p683,29,36
0,p684,25,17
0,p685,87,29
0,p686,62,57
0,p687,22,5
0,p688,60,47
0,p689,10,83
0,p690,18,2
0,p691,25,60
0,p692,68,20
0,p693,11,90
0,p694,73,43
0,p695,37,95
0,p696,72,88
0,p697,76,58
0,p698,28,59
0,p699,47,23
0,p700,12,79
0,p701,52,59
0,p702,88,86
0,p703,89,82
0,p704,8,77
0,p705,85,100
0,p706,81,11
0,p707,7,65
0,p708,34,46
0,p709,73,65
0,p710,86,29
0,p711,38,73
0,p712,42,58
0,p713,56,85
0,p714,55,42
0,p715,10,48
0,p716,35,20
0,p717,56,78
0,p718,94,82
0,p719,42,63
0,p720,64,21
0,p721,16,61
0,p722,10,21
0,p723,75,92
0,p724,42,18
0,p725,58,13
0,p726,79,12
0,p727,36,71
0,p728,78,99
0,p729,28,9
0,p730,20,3
0,p731,23,91
0,p732,36,57
0,p733,12,84
0,p734,52,32
0,p735,34,17
0,p736,23,5
0,p737,7,78
0,p738,88,71
0,p739,13,50
0,p740,66,72
0,p741,82,87
0,p742,25,16
0,p743,8,16
0,p744,43,4
0,p745,30,28
0,p746,12,43
0,p747,35,67
0,p748,6,37
0,p749,42,36
0,p750,5,98
0,p751,36,32
0,p752,25,9
0,p753,16,33
0,p754,82,67
0,p755,38,80
0,p756,88,35
0,p757,96,18
0,p758,24,82
0,p759,77,7
0,p760,21,79
0,p761,39,70
0,p762,27,10
0,p763,9,96
0,p764,36,53
0,p765,77,91
0,p766,41,27
0,p767,92,38
0,p768,37,40
0,p769,3,71
0,p770,30,69
0,p771,58,62
0,p772,29,90
0,p773,31,34
0,p774,36,28
0,p775,35,14
0,p776,9,16
0,p777,18,8
0,p778,79,52
0,p779,54,83
0,p780,49,37
0,p781,20,32
0,p782,66,1
0,p783,33,35
0,p784,99,52
0,p785,26,4
0,p786,83,99
0,p787,98,70
0,p788,25,35
0,p789,99,59
0,p790,51,77
0,p791,53,58
0,p792,33,64
0,p793,84,100
0,p794,70,62
0,p795,82,50
0,p796,55,37
0,p797,16,74
0,p798,1,61
0,p799,2,17
0,p800,61,94
0,p801,77,23
0,p802,55,72
0,p803,17,99
0,p804,50,63
0,p805,45,9
0,p806,22,94
0,p807,87,25
0,p808,66,78
0,p809,19,1
0,p810,36,63
0,p811,71,32
0,p812,41,87
0,p813,98,8
0,p814,100,40
0,p815,27,12
0,p816,99,53
0,p817,47,90
0,p818,96,53
0,p819,15,81
0,p820,84,94
0,p821,33,60
0,p822,26,94
0,p823,30,39
0,p824,91,55
0,p825,13,22
0,p826,27,3
0,p827,31,91
0,p828,18,67
0,p829,5,39
0,p830,90,53
0,p831,69,48
0,p832,93,98
0,p833,9,38
0,p834,7,32
0,p835,52,76
0,p836,12,44
0,p837,94,9
0,p838,4,9
0,p839,91,87
0,p840,65,22
0,p841,64,38
0,p842,3,14
0,p843,76,11
0,p844,89,35
0,p845,65,86
0,p846,8,70
0,p847,15,73
0,p848,47,30
0,p849,47,60
0,p850,92,53
0,p851,46,10
0,p852,16,60
0,p853,59,41
0,p854,81,84
0,p855,94,6
0,p856,73,60
0,p857,40,65
0,p858,41,67
0,p859,11,57
0,p860,22,32
0,p861,72,74
0,p862,7,2
0,p863,15,12
0,p864,26,45
0,p865,18,24
0,p866,33,98
0,p867,21,36
0,p868,55,28
0,p869,50,44
0,p870,49,71
0,p871,66,42
0,p872,95,78
0,p873,88,18
0,p874,95,17
0,p875,37,62
0,p876,39,90
0,p877,77,87
0,p878,45,20
0,p879,4,87
0,p880,80,57
0,p881,26,35
0,p882,46,51
0,p883,4,9
0,p884,41,96
0,p885,66,71
0,p886,77,68
0,p887,33,53
0,p888,81,58
0,p889,15,99
0,p890,98,10
0,p891,34,80
0,p892,77,90
0,p893,33,13
0,p894,87,13
0,p895,11,41
0,p896,14,30
0,p897,53,95
0,p898,44,51
0,p899,1,6
0,p900,4,37
0,p901,23,4
0,p902,19,30
0,p903,61,5
0,p904,44,68
0,p905,21,49
0,p906,66,45
0,p907,100,74
0,p908,31,23
0,p909,71,98
0,p910,53,92
0,p911,59,83
0,p912,83,79
0,p913,43,66
0,p914,7,94
0,p915,17,54
0,p916,59,29
0,p917,94,88
0,p918,20,10
0,p919,68,9
0,p920,85,96
0,p921,77,68
0,p922,6,55
0,p923,8,79
0,p924,18,83
0,p925,59,48
0,p926,90,16
0,p927,51,18
0,p928,57,79
0,p929,48,92
0,p930,58,69
0,p931,7,3
0,p932,75,74
0,p933,25,27
0,p934,65,28
0,p935,56,8
0,p936,42,74
0,p937,65,86
0,p938,61,20
0,p939,28,9
0,p940,37,62
0,p941,35,22
0,p942,57,10
0,p943,9,66
0,p944,20,73
0,p945,12,95
0,p946,66,44
0,p947,41,83
0,p948,44,47
0,p949,72,89
0,p950,21,79
0,p951,6,29
0,p952,52,80
0,p953,44,61
0,p954,35,8
0,p955,85,92
0,p956,62,2
0,p957,68,62
0,p958,37,60
0,p959,60,85
0,p960,50,87
0,p961,94,85
0,p962,48,22
0,p963,70,51
0,p964,33,31
0,p965,27,17
0,p966,3,57
0,p967,58,5
0,p968,87,49
0,p969,2,11
0,p970,90,26
0,p971,82,53
0,p972,56,2
0,p973,14,57
0,p974,39,53
0,p975,84,80
0,p976,66,20
0,p977,60,92
0,p978,84,97
0,p979,98,72
0,p980,80,62
0,p981,59,87
0,p982,7,11
0,p983,55,66
0,p984,66,13
0,p985,42,26
0,p986,1,32
0,p987,72,67
0,p988,15,38
0,p989,74,31
0,p990,54,70
0,p991,27,63
0,p992,17,81
0,p993,41,3
0,p994,90,55
0,p995,49,48
0,p996,18,67
0,p997,99,30
0,p998,72,40
0,p999,23,25
0,p1000,71,49
0,p1001,51,6
0,p1002,32,44
0,p1003,39,9
0,p1004,81,58
0,p1005,23,27
0,p1006,56,10
0,p1007,53,23
0,p1008,81,21
0,p1009,1,24
0,p1010,49,88
0,p1011,85,91
0,p1012,52,93
0,p1013,98,3
0,p1014,49,83
0,p1015,74,100
0,p1016,26,69
0,p1017,77,55
0,p1018,1,14
0,p1019,26,44
0,p1020,41,74
0,p1021,38,44
0,p1022,67,77
0,p1023,63,4
0,p1024,9,40
0,p1025,91,17
0,p1026,53,67
0,p1027,11,74
0,p1028,52,70
0,p1029,39,35
0,p1030,33,26
0,p1031,18,92
0,p1032,20,18
0,p1033,98,59
0,p1034,21,24
0,p1035,18,5
0,p1036,95,85
0,p1037,60,48
0,p1038,50,35
0,p1039,63,32
0,p1040,29,31
0,p1041,93,22
0,p1042,52,8
0,p1043,40,75
0,p1044,85,91
0,p1045,28,52
0,p1046,35,13
0,p1047,54,39
0,p1048,33,92
0,p1049,48,25
0,p1050,51,62
0,p1051,75,35
0,p1052,90,23
0,p1053,6,11
0,p1054,10,69
0,p1055,44,28
0,p1056,96,89
0,p1057,8,90
0,p1058,44,61
0,p1059,32,25
0,p1060,97,38
0,p1061,13,72
0,p1062,70,69
0,p1063,58,65
0,p1064,76,93
0,p1065,62,52
0,p1066,58,34
0,p1067,4,12
0,p1068,31,91
0,p1069,36,60
0,p1070,89,39
0,p1071,59,81
0,p1072,87,80
0,p1073,15,80
0,p1074,10,4
0,p1075,69,65
0,p1076,49,47
0,p1077,1,26
0,p1078,9,47
0,p1079,52,24
0,p1080,11,92
0,p1081,46,40
0,p1082,8,34
0,p1083,85,99
0,p1084,57,55
0,p1085,46,58
0,p1086,52,67
0,p1087,36,6
0,p1088,16,92
0,p1089,58,29
0,p1090,14,56
0,p1091,95,91
0,p1092,69,70
0,p1093,99,40
0,p1094,88,6
0,p1095,48,96
0,p1096,20,11
0,p1097,60,9
0,p1098,58,1
0,p1099,42,1
0,p1100,70,36
0,p1101,44,67
0,p1102,4,38
0,p1103,62,94
0,p1104,25,26
0,p1105,62,90
0,p1106,14,77
0,p1107,21,25
0,p1108,85,78
0,p1109,7,6
0,p1110,73,74
0,p1111,94,85
0,p1112,58,28
0,p1113,66,90
0,p1114,65,91
0,p1115,33,94
0,p1116,84,24
0,p1117,70,20
0,p1118,26,92
0,p1119,45,97
0,p1120,83,18
0,p1121,34,2
0,p1122,16,99
0,p1123,10,72
0,p1124,72,47
0,p1125,76,64
0,p1126,76,40
0,p1127,2,30
0,p1128,12,61
0,p1129,91,45
0,p1130,15,30
0,p1131,88,95
0,p1132,85,54
0,p1133,80,47
0,p1134,59,33
0,p1135,4,74
0,p1136,95,34
0,p1137,51,98
0,p1138,54,7
0,p1139,27,39
0,p1140,62,99
0,p1141,7,50
0,p1142,17,34
0,p1143,63,84
0,p1144,98,10
0,p1145,36,33
0,p1146,18,55
0,p1147,3,32
0,p1148,9,3
0,p1149,67,37
0,p1150,52,34
0,p1151,3,27
0,p1152,29,100
0,p1153,79,17
0,p1154,57,38
0,p1155,71,44
0,p1156,98,73
0,p1157,23,15
0,p1158,40,56
0,p1159,59,62
0,p1160,32,87
0,p1161,72,55
0,p1162,44,35
0,p1163,87,48
0,p1164,44,51
0,p1165,53,15
0,p1166,24,26
0,p1167,76,40
0,p1168,11,48
0,p1169,47,73
0,p1170,39,78
0,p1171,65,56
0,p1172,90,95
0,p1173,59,93
0,p1174,21,43
0,p1175,90,3
0,p1176,93,92
0,p1177,98,67
0,p1178,80,48
0,p1179,4,94
0,p1180,36,71
0,p1181,84,24
0,p1182,53,41
0,p1183,14,87
0,p1184,46,72
0,p1185,43,8
0,p1186,80,40
0,p1187,68,67
0,p1188,67,43
0,p1189,69,60
0,p1190,46,13
0,p1191,27,99
0,p1192,61,90
0,p1193,13,27
0,p1194,19,27
0,p1195,3,71
0,p1196,77,60
0,p1197,48,60
0,p1198,43,34
0,p1199,64,16
0,p1200,36,59
0,p1201,3,73
0,p1202,21,68
0,p1203,78,2
0,p1204,30,96
0,p1205,80,54
0,p1206,35,56
0,p1207,24,54
0,p1208,5,40
0,p1209,17,32
0,p1210,84,62
0,p1211,90,3
0,p1212,78,87
0,p1213,66,2
0,p1214,24,95
0,p1215,68,83
0,p1216,21,28
0,p1217,57,16
0,p1218,74,31
0,p1219,72,75
0,p1220,67,43
0,p1221,95,11
0,p1222,65,71
0,p1223,16,25
0,p1224,3,14
0,p1225,92,24
0,p1226,30,62
0,p1227,55,99
0,p1228,70,82
0,p1229,79,51
0,p1230,84,90
0,p1231,26,3
0,p1232,63,68
0,p1233,44,7
0,p1234,12,76
0,p1235,59,28
0,p1236,65,67
0,p1237,29,63
0,p1238,26,88
0,p1239,31,56
0,p1240,60,74
0,p1241,51,35
0,p1242,65,47
0,p1243,97,82
0,p1244,9,18
0,p1245,92,27
0,p1246,33,44
0,p1247,85,48
0,p1248,72,24
0,p1249,16,6
0,p1250,31,73
0,p1251,81,55
0,p1252,86,45
0,p1253,26,19
0,p1254,42,85
0,p1255,22,29
0,p1256,26,17
0,p1257,32,24
0,p1258,42,44
0,p1259,13,77
0,p1260,93,17
0,p1261,79,26
0,p1262,65,13
0,p1263,39,95
0,p1264,44,20
0,p1265,76,88
0,p1266,40,11
0,p1267,41,73
0,p1268,38,86
0,p1269,62,28
0,p1270,36,13
0,p1271,41,73
0,p1272,17,49
0,p1273,71,23
0,p1274,63,41
0,p1275,42,59
0,p1276,66,21
0,p1277,60,54
0,p1278,72,87
0,p1279,24,90
0,p1280,42,95
0,p1281,47,97
0,p1282,43,57
0,p1283,10,19
0,p1284,53,7
0,p1285,28,31
0,p1286,81,84
0,p1287,39,43
0,p1288,22,52
0,p1289,54,47
0,p1290,20,95
0,p1291,100,84
0,p1292,46,95
0,p1293,91,67
0,p1294,16,47
0,p1295,1,94
0,p1296,25,100
0,p1297,3,28
0,p1298,53,68
0,p1299,94,71
0,p1300,63,11
0,p1301,69,84
0,p1302,69,51
0,p1303,99,58
0,p1304,40,57
0,p1305,77,16
0,p1306,4,58
0,p1307,31,81
0,p1308,40,90
0,p1309,81,36
0,p1310,30,42
0,p1311,18,39
0,p1312,59,74
0,p1313,9,54
0,p1314,1,32
0,p1315,98,21
0,p1316,72,98
0,p1317,54,46
0,p1318,44,53
0,p1319,84,75
0,p1320,44,48
0,p1321,3,20
0,p1322,88,70
0,p1323,23,86
0,p1324,2,4
0,p1325,42,69
0,p1326,31,100
0,p1327,65,15
0,p1328,34,9
0,p1329,50,74
0,p1330,38,80
0,p1331,96,40
0,p1332,70,46
0,p1333,6,79
0,p1334,87,50
0,p1335,34,100
0,p1336,17,20
0,p1337,2,84
0,p1338,56,13
0,p1339,42,99
0,p1340,92,37
0,p1341,64,85
0,p1342,76,39
0,p1343,52,81
0,p1344,85,51
0,p1345,88,77
0,p1346,76,97
0,p1347,97,14
0,p1348,100,1
0,p1349,54,62
0,p1350,15,17
0,p1351,85,22
0,p1352,43,15
0,p1353,52,38
0,p1354,61,96
0,p1355,33,63
0,p1356,99,83
0,p1357,100,55
0,p1358,48,63
0,p1359,4,52
0,p1360,32,15
0,p1361,34,20
0,p1362,17,98
0,p1363,95,6
0,p1364,50,89
0,p1365,7,36
0,p1366,49,80
0,p1367,27,7
0,p1368,44,16
0,p1369,56,71
0,p1370,38,42
0,p1371,49,8
0,p1372,82,70
0,p1373,45,40
0,p1374,56,75
0,p1375,4,30
0,p1376,16,45
0,p1377,11,27
0,p1378,52,15
0,p1379,8,75
0,p1380,18,12
0,p1381,71,72
0,p1382,64,29
0,p1383,88,55
0,p1384,37,21
0,p1385,25,89
0,p1386,41,77
0,p1387,20,65
0,p1388,42,82
0,p1389,69,88
0,p1390,54,43
0,p1391,91,61
0,p1392,1,87
0,p1393,45,73
0,p1394,95,90
0,p1395,43,53
0,p1396,80,65
0,p1397,46,75
0,p1398,74,69
0,p1399,38,93
0,p1400,7,87
0,p1401,94,76
0,p1402,11,66
0,p1403,87,3
0,p1404,20,59
0,p1405,64,39
0,p1406,57,99
0,p1407,15,64
0,p1408,59,8
0,p1409,70,65
0,p1410,43,46
0,p1411,29,16
0,p1412,81,49
0,p1413,44,75
0,p1414,7,85
0,p1415,13,6
0,p1416,25,22
0,p1417,54,42
0,p1418,52,5
0,p1419,3,34
0,p1420,21,33
0,p1421,70,19
0,p1422,21,24
0,p1423,100,70
0,p1424,69,58
0,p1425,3,30
0,p1426,77,34
0,p1427,80,45
0,p1428,8,72
0,p1429,95,77
0,p1430,3,62
0,p1431,69,57
0,p1432,3,29
0,p1433,14,4
0,p1434,27,74
0,p1435,85,8
0,p1436,9,80
0,p1437,68,78
0,p1438,16,86
0,p1439,35,3
0,p1440,95,61
0,p1441,45,38
0,p1442,75,88
0,p1443,17,42
0,p1444,59,71
0,p1445,98,61
0,p1446,80,61
0,p1447,66,9
0,p1448,88,13
0,p1449,51,48
0,p1450,47,29
0,p1451,40,54
0,p1452,99,34
0,p1453,7,97
0,p1454,82,23
0,p1455,83,75
0,p1456,45,55
0,p1457,66,85
0,p1458,70,21
0,p1459,52,63
0,p1460,5,13
0,p1461,21,3
0,p1462,97,45
0,p1463,92,39
0,p1464,64,84
0,p1465,38,63
0,p1466,83,85
0,p1467,24,93
0,p1468,56,62
0,p1469,78,95
0,p1470,38,3
0,p1471,67,1
0,p1472,41,75
0,p1473,88,70
0,p1474,75,2
0,p1475,20,66
0,p1476,46,60
0,p1477,52,42
0,p1478,19,73
0,p1479,22,92
0,p1480,79,77
0,p1481,8,39
0,p1482,62,18
0,p1483,81,29
0,p1484,67,47
0,p1485,51,89
0,p1486,51,19
0,p1487,7,44
0,p1488,55,96
0,p1489,75,16
0,p1490,51,67
0,p1491,69,76
0,p1492,41,77
0,p1493,53,84
0,p1494,78,13
0,p1495,91,57
0,p1496,34,1
0,p1497,59,37
0,p1498,10,74
0,p1499,31,97
0,p1500,87,77
0,p1501,49,22
0,p1502,65,19
0,p1503,40,7
0,p1504,47,50
0,p1505,14,76
0,p1506,59,8
0,p1507,28,58
0,p1508,59,57
0,p1509,98,50
0,p1510,14,27
0,p1511,38,23
0,p1512,42,99
0,p1513,36,37
0,p1514,89,85
0,p1515,50,90
0,p1516,25,32
0,p1517,47,28
0,p1518,57,87
0,p1519,90,3
0,p1520,33,79
0,p1521,19,78
0,p1522,99,77
0,p1523,89,27
0,p1524,91,100
0,p1525,2,34
0,p1526,25,88
0,p1527,60,5
0,p1528,49,48
0,p1529,27,90
0,p1530,42,24
0,p1531,42,14
0,p1532,46,79
0,p1533,39,55
0,p1534,58,21
0,p1535,25,87
0,p1536,27,67
0,p1537,38,96
0,p1538,86,9
0,p1539,80,64
0,p1540,74,66
0,p1541,49,76
0,p1542,41,98
0,p1543,40,73
0,p1544,10,43
0,p1545,60,86
0,p1546,30,37
0,p1547,50,33
0,p1548,10,40
0,p1549,10,84
0,p1550,32,80
0,p1551,24,88
0,p1552,70,83
0,p1553,8,49
0,p1554,83,64
0,p1555,31,49
0,p1556,39,64
0,p1557,28,44
0,p1558,43,62
0,p1559,54,52
0,p1560,81,20
0,p1561,54,50
0,p1562,78,92
0,p1563,79,53
0,p1564,99,20
0,p1565,57,42
0,p1566,19,31
0,p1567,79,59
0,p1568,91,4
0,p1569,63,32
0,p1570,10,95
0,p1571,63,6
0,p1572,36,89
0,p1573,6,19
0,p1574,51,53
0,p1575,88,12
0,p1576,74,49
0,p1577,24,17
0,p1578,80,57
0,p1579,1,5
0,p1580,53,19
0,p1581,13,95
0,p1582,9,33
0,p1583,6,67
0,p1584,70,7
0,p1585,8,99
0,p1586,14,18
0,p1587,46,59
0,p1588,28,42
0,p1589,98,21
0,p1590,62,20
0,p1591,47,53
0,p1592,80,45
0,p1593,82,30
0,p1594,96,75
0,p1595,40,85
0,p1596,30,4
0,p1597,24,48
0,p1598,89,45
0,p1599,61,18
0,p1600,23,22
0,p1601,6,23
0,p1602,56,96
0,p1603,45,55
0,p1604,85,82
0,p1605,5,54
0,p1606,14,1
0,p1607,72,13
0,p1608,46,7
0,p1609,61,64
0,p1610,20,51
0,p1611,21,67
0,p1612,56,60
0,p1613,87,20
0,p1614,53,45
0,p1615,3,48
0,p1616,99,39
0,p1617,65,28
0,p1618,59,92
0,p1619,59,31
0,p1620,2,8
0,p1621,48,11
0,p1622,98,38
0,p1623,23,93
0,p1624,1,61
0,p1625,52,2
0,p1626,63,79
0,p1627,27,49
0,p1628,78,32
0,p1629,40,28
0,p1630,52,36
0,p1631,60,27
0,p1632,65,5
0,p1633,13,83
0,p1634,86,36
0,p1635,87,15
0,p1636,28,86
0,p1637,43,72
0,p1638,86,91
0,p1639,21,28
0,p1640,100,17
0,p1641,3,53
0,p1642,6,26
0,p1643,66,76
0,p1644,22,86
0,p1645,46,88
0,p1646,90,87
0,p1647,22,17
0,p1648,17,63
0,p1649,40,95
0,p1650,10,89
0,p1651,69,50
0,p1652,93,24
0,p1653,48,84
0,p1654,66,99
0,p1655,25,29
0,p1656,75,22
0,p1657,44,83
0,p1658,69,70
0,p1659,83,6
0,p1660,44,3
0,p1661,39,94
0,p1662,61,95
0,p1663,43,71
0,p1664,56,45
0,p1665,22,30
0,p1666,53,69
0,p1667,77,54
0,p1668,73,69
0,p1669,9,2
0,p1670,63,65
0,p1671,67,36
0,p1672,66,16
0,p1673,92,14
0,p1674,62,77
0,p1675,62,94
0,p1676,63,62
0,p1677,41,34
0,p1678,72,40
0,p1679,87,11
0,p1680,22,89
0,p1681,27,7
0,p1682,11,90
0,p1683,100,41
0,p1684,45,15
0,p1685,6,46
0,p1686,52,95
0,p1687,63,61
0,p1688,29,94
0,p1689,59,55
0,p1690,91,24
0,p1691,35,23
0,p1692,72,41
0,p1693,96,66
0,p1694,56,65
0,p1695,93,50
0,p1696,65,84
0,p1697,86,13
0,p1698,50,67
0,p1699,56,99
0,p1700,98,19
0,p1701,49,69
0,p1702,40,74
0,p1703,23,38
0,p1704,59,41
0,p1705,40,13
0,p1706,67,36
0,p1707,38,42
0,p1708,91,50
0,p1709,21,50
0,p1710,28,71
0,p1711,100,90
0,p1712,37,58
0,p1713,42,15
0,p1714,34,71
0,p1715,22,76
0,p1716,20,99
0,p1717,93,67
0,p1718,66,9
0,p1719,96,35
0,p1720,13,71
0,p1721,60,23
0,p1722,56,100
0,p1723,34,83
0,p1724,52,18
0,p1725,76,97
0,p1726,66,25
0,p1727,11,36
0,p1728,67,83
0,p1729,25,38
0,p1730,80,22
0,p1731,96,97
0,p1732,91,100
0,p1733,12,42
0,p1734,77,47
0,p1735,12,85
0,p1736,17,48
0,p1737,85,71
0,p1738,95,15
0,p1739,11,8
0,p1740,47,29
0,p1741,98,84
0,p1742,10,88
0,p1743,64,77
0,p1744,93,9
0,p1745,38,6
0,p1746,87,38
0,p1747,26,65
0,p1748,51,36
0,p1749,16,24
0,p1750,45,56
0,p1751,72,36
0,p1752,80,87
0,p1753,78,28
0,p1754,5,18
0,p1755,34,61
0,p1756,24,9
0,p1757,100,16
0,p1758,20,94
0,p1759,22,28
0,p1760,98,60
0,p1761,37,21
0,p1762,63,71
0,p1763,16,21
0,p1764,96,20
0,p1765,79,33
0,p1766,13,67
0,p1767,96,85
0,p1768,88,42
0,p1769,57,8
0,p1770,39,27
0,p1771,47,15
0,p1772,90,95
0,p1773,81,93
0,p1774,44,9
0,p1775,33,23
0,p1776,37,96
0,p1777,67,51
0,p1778,4,66
0,p1779,28,40
0,p1780,70,10
0,p1781,78,76
0,p1782,27,48
0,p1783,2,66
0,p1784,95,7
0,p1785,38,12
0,p1786,71,27
0,p1787,52,3
0,p1788,92,97
0,p1789,99,31
0,p1790,46,54
0,p1791,68,96
0,p1792,11,15
0,p1793,11,13
0,p1794,30,82
0,p1795,9,99
0,p1796,69,45
0,p1797,19,11
0,p1798,5,99
0,p1799,29,96
0,p1800,72,5
0,p1801,99,45
0,p1802,53,66
0,p1803,36,94
0,p1804,47,67
0,p1805,68,100
0,p1806,42,10
0,p1807,13,9
0,p1808,53,74
0,p1809,58,78
0,p1810,74,69
0,p1811,66,85
0,p1812,19,9
0,p1813,87,51
0,p1814,36,39
0,p1815,51,35
0,p1816,74,24
0,p1817,91,40
0,p1818,62,97
0,p1819,64,25
0,p1820,8,94
0,p1821,37,62
0,p1822,58,50
0,p1823,22,27
0,p1824,93,20
0,p1825,61,100
0,p1826,22,97
0,p1827,17,90
0,p1828,87,76
0,p1829,2,23
0,p1830,2,99
0,p1831,41,19
0,p1832,32,80
0,p1833,37,34
0,p1834,63,31
0,p1835,60,19
0,p1836,28,66
0,p1837,20,1
0,p1838,26,54
0,p1839,8,76
0,p1840,1,9
0,p1841,54,69
0,p1842,11,61
0,p1843,15,23
0,p1844,55,51
0,p1845,2,84
0,p1846,57,81
0,p1847,67,73
0,p1848,81,35
0,p1849,21,57
0,p1850,51,90
0,p1851,13,30
0,p1852,71,69
0,p1853,72,34
0,p1854,88,48
0,p1855,76,82
0,p1856,57,71
0,p1857,12,52
0,p1858,67,94
0,p1859,99,68
0,p1860,54,30
0,p1861,52,87
0,p1862,37,5
0,p1863,27,57
0,p1864,95,13
0,p1865,50,100
0,p1866,54,33
0,p1867,53,36
0,p1868,37,59
0,p1869,75,71
0,p1870,43,54
0,p1871,64,30
0,p1872,48,79
0,p1873,44,77
0,p1874,18,100
0,p1875,2,17
0,p1876,69,63
0,p1877,94,99
0,p1878,99,77
0,p1879,65,63
0,p1880,96,54
0,p1881,13,82
0,p1882,22,72
0,p1883,2,16
0,p1884,48,26
0,p1885,50,3
0,p1886,25,58
0,p1887,77,13
0,p1888,62,8
0,p1889,22,86
0,p1890,78,99
0,p1891,84,50
0,p1892,1,60
0,p1893,44,96
0,p1894,15,73
0,p1895,62,38
0,p1896,12,13
0,p1897,24,26
0,p1898,38,75
0,p1899,3,79
0,p1900,58,32
0,p1901,57,92
0,p1902,34,13
0,p1903,95,63
0,p1904,98,39
0,p1905,77,79
0,p1906,62,41
0,p1907,70,2
0,p1908,58,15
0,p1909,93,46
0,p1910,50,25
0,p1911,53,89
0,p1912,80,24
0,p1913,62,15
0,p1914,28,45
0,p1915,34,15
0,p1916,74,22
0,p1917,42,1
0,p1918,97,51
0,p1919,37,68
0,p1920,9,49
0,p1921,93,65
0,p1922,45,66
0,p1923,61,10
0,p1924,23,27
0,p1925,84,5
0,p1926,20,30
0,p1927,81,80
0,p1928,49,87
0,p1929,92,12
0,p1930,67,42
0,p1931,88,80
0,p1932,56,36
0,p1933,72,93
0,p1934,5,10
0,p1935,83,82
0,p1936,16,94
0,p1937,40,16
0,p1938,97,66
0,p1939,85,45
0,p1940,64,18
0,p1941,82,27
0,p1942,28,26
0,p1943,35,96
0,p1944,24,40
0,p1945,77,59
0,p1946,82,22
0,p1947,91,42
0,p1948,8,80
0,p1949,26,99
0,p1950,17,58
0,p1951,64,9
0,p1952,63,29
0,p1953,69,40
0,p1954,74,79
0,p1955,69,1
0,p1956,81,2
0,p1957,25,40
0,p1958,35,25
0,p1959,37,86
0,p1960,80,18
0,p1961,93,14
0,p1962,53,69
0,p1963,47,58
0,p1964,33,10
0,p1965,76,43
0,p1966,52,16
0,p1967,64,87
0,p1968,98,72
0,p1969,63,99
0,p1970,41,78
0,p1971,31,56
0,p1972,7,79
0,p1973,91,3
0,p1974,49,10
0,p1975,55,78
0,p1976,69,72
0,p1977,84,33
0,p1978,28,24
0,p1979,9,40
0,p1980,100,79
0,p1981,66,45
0,p1982,40,21
0,p1983,7,77
0,p1984,97,89
0,p1985,94,16
0,p1986,41,40
0,p1987,17,67
0,p1988,57,46
0,p1989,72,65
0,p1990,24,89
0,p1991,27,79
0,p1992,10,35
0,p1993,55,49
0,p1994,80,95
0,p1995,12,45
0,p1996,32,7
0,p1997,98,90
0,p1998,16,53
0,p1999,5,36
0,p2000,65,33
0,p2001,66,48
0,p2002,67,39
0,p2003,41,1
0,p2004,10,54
0,p2005,44,41
0,p2006,20,80
0,p2007,94,76
0,p2008,89,53
0,p2009,67,33
0,p2010,55,52
0,p2011,22,79
0,p2012,91,18
0,p2013,94,30
0,p2014,97,78
0,p2015,17,69
0,p2016,74,91
0,p2017,49,83
0,p2018,43,75
0,p2019,96,98
0,p2020,95,82
0,p2021,84,4
0,p2022,68,92
0,p2023,75,49
0,p2024,8,93
0,p2025,23,24
0,p2026,61,34
0,p2027,80,17
0,p2028,98,7
0,p2029,57,53
0,p2030,79,21
0,p2031,91,65
0,p2032,5,74
0,p2033,1,35
0,p2034,14,9
0,p2035,87,59
0,p2036,25,60
0,p2037,6,98
0,p2038,85,38
0,p2039,67,59
0,p2040,17,94
0,p2041,83,46
0,p2042,40,91
0,p2043,76,25
0,p2044,1,75
0,p2045,23,6
0,p2046,88,26
0,p2047,31,59
0,p2048,50,54
0,p2049,64,77
0,p2050,36,89
0,p2051,44,78
0,p2052,88,5
0,p2053,53,41
0,p2054,68,20
0,p2055,82,71
0,p2056,89,8
0,p2057,100,72
0,p2058,78,31
0,p2059,98,7
0,p2060,25,99
0,p2061,14,39
0,p2062,99,17
0,p2063,47,81
0,p2064,55,64
0,p2065,25,36
0,p2066,45,63
0,p2067,75,40
0,p2068,88,84
0,p2069,13,12
0,p2070,73,18
0,p2071,25,57
0,p2072,30,22
0,p2073,88,63
0,p2074,23,37
0,p2075,72,44
0,p2076,72,78
0,p2077,9,47
0,p2078,5,15
0,p2079,55,13
0,p2080,44,73
0,p2081,39,17
0,p2082,72,83
0,p2083,3,63
0,p2084,49,16
0,p2085,45,24
0,p2086,64,14
0,p2087,66,44
0,p2088,63,20
0,p2089,100,63
0,p2090,74,86
0,p2091,60,94
0,p2092,8,55
0,p2093,76,17
0,p2094,48,1
0,p2095,26,15
0,p2096,98,38
0,p2097,54,8
0,p2098,92,90
0,p2099,43,32
0,p2100,81,87
0,p2101,98,36
0,p2102,70,16
0,p2103,30,21
0,p2104,85,62
0,p2105,35,95
0,p2106,53,36
0,p2107,53,74
0,p2108,47,32
0,p2109,33,49
0,p2110,47,16
0,p2111,13,71
0,p2112,37,34
0,p2113,38,46
0,p2114,32,75
0,p2115,55,58
0,p2116,15,68
0,p2117,28,32
0,p2118,73,44
0,p2119,97,83
0,p2120,7,23
0,p2121,56,98
0,p2122,64,57
0,p2123,63,26
0,p2124,58,39
0,p2125,84,54
0,p2126,40,78
0,p2127,41,86
0,p2128,41,9
0,p2129,39,55
0,p2130,88,65
0,p2131,10,28
0,p2132,1,26
0,p2133,38,75
0,p2134,7,63
0,p2135,82,5
0,p2136,5,75
0,p2137,58,91
0,p2138,29,13
0,p2139,13,34
0,p2140,74,63
0,p2141,24,90
0,p2142,63,55
0,p2143,79,46
0,p2144,74,93
0,p2145,33,84
0,p2146,50,64
0,p2147,55,64
0,p2148,4,84
0,p2149,42,12
0,p2150,64,21
0,p2151,92,29
0,p2152,99,7
0,p2153,27,5
0,p2154,39,15
0,p2155,32,57
0,p2156,98,51
0,p2157,2,18
0,p2158,8,72
0,p2159,58,72
0,p2160,94,18
0,p2161,99,27
0,p2162,85,94
0,p2163,74,99
0,p2164,39,33
0,p2165,60,35
0,p2166,55,70
0,p2167,16,73
0,p2168,72,65
0,p2169,56,58
0,p2170,36,7
0,p2171,23,50
0,p2172,89,13
0,p2173,26,92
0,p2174,90,89
0,p2175,68,29
0,p2176,79,50
0,p2177,19,44
0,p2178,68,77
0,p2179,97,46
0,p2180,62,57
0,p2181,30,31
0,p2182,47,95
0,p2183,13,92
0,p2184,64,63
0,p2185,6,21
0,p2186,35,10
0,p2187,75,83
0,p2188,68,47
0,p2189,1,21
0,p2190,67,26
0,p2191,28,31
0,p2192,67,24
0,p2193,63,92
0,p2194,56,99
0,p2195,12,70
0,p2196,62,48
0,p2197,62,67
0,p2198,64,48
0,p2199,8,5
0,p2200,1,35
0,p2201,32,40
0,p2202,25,68
0,p2203,2,75
0,p2204,36,4
0,p2205,73,27
0,p2206,41,81
0,p2207,40,68
0,p2208,75,45
0,p2209,95,80
0,p2210,55,8
0,p2211,40,28
0,p2212,8,4
0,p2213,89,57
0,p2214,86,89
0,p2215,59,54
0,p2216,17,24
0,p2217,14,39
0,p2218,21,49
0,p2219,62,59
0,p2220,48,23
0,p2221,63,82
0,p2222,40,3
0,p2223,26,28
0,p2224,77,14
0,p2225,91,73
0,p2226,37,69
0,p2227,48,33
0,p2228,10,37
0,p2229,40,76
0,p2230,67,97
0,p2231,36,47
0,p2232,70,10
0,p2233,78,96
0,p2234,2,66
0,p2235,75,21
0,p2236,53,76
0,p2237,22,12
0,p2238,62,64
0,p2239,71,48
0,p2240,44,53
0,p2241,78,42
0,p2242,37,87
0,p2243,93,97
0,p2244,60,54
0,p2245,41,26
0,p2246,86,12
0,p2247,77,88
0,p2248,24,43
0,p2249,34,64
0,p2250,71,88
0,p2251,26,42
0,p2252,75,23
0,p2253,50,10
0,p2254,47,19
0,p2255,43,33
0,p2256,81,24
0,p2257,90,75
0,p2258,17,48
0,p2259,12,88
0,p2260,79,36
0,p2261,68,75
0,p2262,16,97
0,p2263,74,75
0,p2264,97,83
0,p2265,11,26
0,p2266,33,78
0,p2267,22,2
0,p2268,42,16
0,p2269,68,79
0,p2270,56,94
0,p2271,98,15
0,p2272,91,62
0,p2273,10,7
0,p2274,30,35
0,p2275,58,56
0,p2276,82,16
0,p2277,7,60
0,p2278,98,3
0,p2279,84,94
0,p2280,40,78
0,p2281,21,7
0,p2282,48,45
0,p2283,35,3
0,p2284,17,84
0,p2285,18,85
0,p2286,17,76
0,p2287,34,89
0,p2288,51,89
0,p2289,84,3
0,p2290,53,100
0,p2291,69,78
0,p2292,34,50
0,p2293,79,93
0,p2294,59,38
0,p2295,91,8
0,p2296,30,89
0,p2297,77,9
0,p2298,44,84
0,p2299,13,55
0,p2300,91,40
0,p2301,46,32
0,p2302,13,27
0,p2303,64,93
0,p2304,23,59
0,p2305,44,72
0,p2306,68,41
0,p2307,36,42
0,p2308,80,100
0,p2309,70,83
0,p2310,65,40
0,p2311,95,16
0,p2312,53,26
0,p2313,96,93
0,p2314,98,13
0,p2315,55,99
0,p2316,73,69
0,p2317,69,91
0,p2318,9,32
0,p2319,79,56
0,p2320,65,12
0,p2321,75,3
0,p2322,6,97
0,p2323,81,52
0,p2324,69,36
0,p2325,15,36
0,p2326,28,61
0,p2327,24,66
0,p2328,82,1
0,p2329,34,48
0,p2330,42,5
0,p2331,22,24
0,p2332,42,22
0,p2333,73,35
0,p2334,91,48
0,p2335,79,99
0,p2336,3,72
0,p2337,57,16
0,p2338,20,48
0,p2339,100,60
0,p2340,84,89
0,p2341,21,50
0,p2342,29,66
0,p2343,36,48
0,p2344,44,76
0,p2345,16,67
0,p2346,78,6
0,p2347,4,95
0,p2348,36,28
0,p2349,94,77
0,p2350,74,56
0,p2351,13,88
0,p2352,64,47
0,p2353,56,62
0,p2354,52,69
0,p2355,41,69
0,p2356,30,59
0,p2357,70,57
0,p2358,52,64
0,p2359,62,50
0,p2360,14,46
0,p2361,53,13
0,p2362,45,59
0,p2363,26,1
0,p2364,98,15
0,p2365,91,68
0,p2366,54,20
0,p2367,76,96
0,p2368,98,65
0,p2369,75,46
0,p2370,21,74
0,p2371,91,34
0,p2372,50,77
0,p2373,60,10
0,p2374,97,50
0,p2375,89,71
0,p2376,5,50
0,p2377,52,37
0,p2378,59,6
0,p2379,50,25
0,p2380,32,97
0,p2381,6,90
0,p2382,95,50
0,p2383,32,85
0,p2384,94,12
0,p2385,70,86
0,p2386,84,86
0,p2387,38,89
0,p2388,41,60
0,p2389,23,88
0,p2390,21,48
0,p2391,26,30
0,p2392,33,28
0,p2393,68,23
0,p2394,14,54
0,p2395,35,8
0,p2396,41,12
0,p2397,50,72
0,p2398,2,46
0,p2399,32,49
0,p2400,19,42
0,p2401,15,86
0,p2402,56,73
0,p2403,2,85
0,p2404,87,60
0,p2405,90,52
0,p2406,32,68
0,p2407,19,31
0,p2408,63,30
0,p2409,40,34
0,p2410,76,84
0,p2411,37,49
0,p2412,42,19
0,p2413,86,67
0,p2414,88,54
0,p2415,92,64
0,p2416,56,2
0,p2417,97,49
0,p2418,18,90
0,p2419,1,17
0,p2420,72,69
0,p2421,64,62
0,p2422,73,4
0,p2423,5,88
0,p2424,48,25
0,p2425,67,32
0,p2426,17,98
0,p2427,41,9
0,p2428,55,93
0,p2429,59,94
0,p2430,61,26
0,p2431,6,90
0,p2432,82,6
0,p2433,52,60
0,p2434,57,37
0,p2435,26,24
0,p2436,63,69
0,p2437,36,63
0,p2438,54,35
0,p2439,44,25
0,p2440,46,54
0,p2441,36,95
0,p2442,40,24
0,p2443,17,86
0,p2444,17,61
0,p2445,74,41
0,p2446,36,5
0,p2447,22,54
0,p2448,44,97
0,p2449,81,4
0,p2450,11,30
0,p2451,29,15
0,p2452,20,5
0,p2453,70,56
0,p2454,23,79
0,p2455,73,49
0,p2456,18,94
0,p2457,4,73
0,p2458,28,72
0,p2459,4,42
0,p2460,21,40
0,p2461,43,54
0,p2462,2,46
0,p2463,91,53
0,p2464,11,37
0,p2465,23,11
0,p2466,87,67
0,p2467,29,22
0,p2468,40,69
0,p2469,66,56
0,p2470,30,63
0,p2471,2,82
0,p2472,77,43
0,p2473,87,64
0,p2474,31,72
0,p2475,10,35
0,p2476,54,3
0,p2477,56,1
0,p2478,97,79
0,p2479,13,83
0,p2480,14,51
0,p2481,82,45
0,p2482,49,69
0,p2483,78,55
0,p2484,66,30
0,p2485,46,58
0,p2486,23,55
0,p2487,37,62
0,p2488,81,28
0,p2489,21,51
0,p2490,91,37
0,p2491,54,35
0,p2492,64,81
0,p2493,23,36
0,p2494,60,20
0,p2495,69,95
0,p2496,47,82
0,p2497,87,37
0,p2498,3,81
0,p2499,45,28
0,p2500,42,36
0,p2501,65,46
0,p2502,70,56
0,p2503,91,56
0,p2504,85,69
0,p2505,91,48
0,p2506,98,4
0,p2507,32,66
0,p2508,40,39
0,p2509,41,14
0,p2510,50,53
0,p2511,92,78
0,p2512,35,56
0,p2513,55,38
0,p2514,14,46
0,p2515,97,85
0,p2516,38,70
0,p2517,49,22
0,p2518,88,78
0,p2519,32,6
0,p2520,82,45
0,p2521,30,79
0,p2522,4,50
0,p2523,47,11
0,p2524,19,48
0,p2525,94,20
0,p2526,74,61
0,p2527,19,52
0,p2528,6,78
0,p2529,28,44
0,p2530,11,32
0,p2531,6,92
0,p2532,26,62
0,p2533,59,22
0,p2534,93,9
0,p2535,34,18
0,p2536,86,37
0,p2537,89,8
0,p2538,66,47
0,p2539,61,40
0,p2540,19,74
0,p2541,81,77
0,p2542,78,91
0,p2543,35,82
0,p2544,5,4
0,p2545,96,73
0,p2546,96,44
0,p2547,81,41
0,p2548,87,13
0,p2549,12,21
0,p2550,82,59
0,p2551,39,49
0,p2552,70,53
0,p2553,36,98
0,p2554,47,12
0,p2555,16,84
0,p2556,90,59
0,p2557,80,59
0,p2558,43,52
0,p2559,66,97
0,p2560,37,23
0,p2561,14,22
0,p2562,76,7
0,p2563,53,63
0,p2564,62,86
0,p2565,72,12
0,p2566,42,46
0,p2567,24,69
0,p2568,88,41
0,p2569,72,13
0,p2570,27,3
0,p2571,70,89
0,p2572,81,3
0,p2573,84,77
0,p2574,51,66
0,p2575,44,50
0,p2576,45,87
0,p2577,87,4
0,p2578,61,45
0,p2579,99,69
0,p2580,6,73
0,p2581,26,21
0,p2582,4,45
0,p2583,63,64
0,p2584,97,28
0,p2585,85,98
0,p2586,5,6
0,p2587,88,38
0,p2588,87,2
0,p2589,58,96
0,p2590,61,29
0,p2591,94,63
0,p2592,77,88
0,p2593,78,18
0,p2594,38,27
0,p2595,27,45
0,p2596,48,73
0,p2597,78,18
0,p2598,86,38
0,p2599,58,49
0,p2600,85,46
0,p2601,74,96
0,p2602,70,91
0,p2603,36,20
0,p2604,32,29
0,p2605,35,70
0,p2606,15,18
0,p2607,74,41
0,p2608,18,9
0,p2609,67,22
0,p2610,84,50
0,p2611,11,51
0,p2612,83,92
0,p2613,3,68
0,p2614,2,18
0,p2615,6,8
0,p2616,54,13
0,p2617,89,88
0,p2618,45,80
0,p2619,89,23
0,p2620,3,58
0,p2621,20,58
0,p2622,20,79
0,p2623,11,39
0,p2624,17,71
0,p2625,13,52
0,p2626,8,55
0,p2627,86,7
0,p2628,24,6
0,p2629,21,10
0,p2630,90,36
0,p2631,45,18
0,p2632,74,96
0,p2633,15,5
0,p2634,6,57
0,p2635,52,36
0,p2636,22,66
0,p2637,13,84
0,p2638,78,98
0,p2639,68,81
0,p2640,96,56
0,p2641,24,43
0,p2642,10,52
0,p2643,89,99
0,p2644,79,56
0,p2645,44,20
0,p2646,42,73
0,p2647,55,67
0,p2648,60,55
0,p2649,96,2
0,p2650,84,78
0,p2651,71,76
0,p2652,84,12
0,p2653,35,9
0,p2654,99,73
0,p2655,22,25
0,p2656,78,88
0,p2657,76,48
0,p2658,23,38
0,p2659,44,95
0,p2660,12,96
0,p2661,23,49
0,p2662,54,23
0,p2663,7,51
0,p2664,39,37
0,p2665,30,86
0,p2666,90,62
0,p2667,3,7
0,p2668,35,73
0,p2669,11,74
0,p2670,89,78
0,p2671,49,62
0,p2672,16,84
0,p2673,88,73
0,p2674,19,68
0,p2675,33,58
0,p2676,40,45
0,p2677,95,51
0,p2678,95,89
0,p2679,52,46
0,p2680,90,48
0,p2681,75,55
0,p2682,100,45
0,p2683,5,3
0,p2684,55,35
0,p2685,24,58
0,p2686,59,40
0,p2687,18,43
0,p2688,40,76
0,p2689,82,14
0,p2690,47,82
0,p2691,69,67
0,p2692,46,43
0,p2693,87,80
0,p2694,48,25
0,p2695,12,19
0,p2696,39,79
0,p2697,55,8
0,p2698,24,66
0,p2699,73,6
0,p2700,6,16
0,p2701,6,80
0,p2702,25,29
0,p2703,27,29
0,p2704,3,88
0,p2705,31,80
0,p2706,83,100
0,p2707,66,37
0,p2708,71,44
0,p2709,71,28
0,p2710,47,41
0,p2711,86,34
0,p2712,40,11
0,p2713,36,79
0,p2714,80,19
0,p2715,78,4
0,p2716,6,100
0,p2717,68,77
0,p2718,30,41
0,p2719,22,20
0,p2720,86,36
0,p2721,3,27
0,p2722,51,82
0,p2723,20,64
0,p2724,57,99
0,p2725,15,24
0,p2726,94,18
0,p2727,55,84
0,p2728,31,1
0,p2729,76,62
0,p2730,98,9
0,p2731,39,38
0,p2732,42,82
0,p2733,87,97
0,p2734,100,37
0,p2735,59,79
0,p2736,58,37
0,p2737,6,4
0,p2738,47,68
0,p2739,80,49
0,p2740,65,93
0,p2741,73,77
0,p2742,11,33
0,p2743,64,35
0,p2744,10,90
0,p2745,10,54
0,p2746,76,19
0,p2747,73,32
0,p2748,5,89
0,p2749,59,93
0,p2750,13,21
0,p2751,8,78
0,p2752,36,15
0,p2753,11,38
0,p2754,29,69
0,p2755,10,20
0,p2756,39,26
0,p2757,10,63
0,p2758,40,84
0,p2759,92,38
0,p2760,95,37
0,p2761,98,86
0,p2762,93,71
0,p2763,48,25
0,p2764,14,81
0,p2765,41,78
0,p2766,36,96
0,p2767,36,62
0,p2768,31,61
0,p2769,22,55
0,p2770,43,30
0,p2771,34,49
0,p2772,74,6
0,p2773,22,95
0,p2774,39,84
0,p2775,82,58
0,p2776,39,25
0,p2777,87,55
0,p2778,56,93
0,p2779,76,51
0,p2780,64,3
0,p2781,87,39
0,p2782,34,37
0,p2783,73,6
0,p2784,11,74
0,p2785,7,51
0,p2786,81,4
0,p2787,62,91
0,p2788,25,32
0,p2789,65,92
0,p2790,54,60
0,p2791,58,74
0,p2792,96,70
0,p2793,4,51
0,p2794,71,95
0,p2795,96,55
0,p2796,84,98
0,p2797,28,97
0,p2798,72,36
0,p2799,69,52
0,p2800,33,10
0,p2801,13,72
0,p2802,60,79
0,p2803,57,4
0,p2804,21,2
0,p2805,48,19
0,p2806,54,85
0,p2807,82,15
0,p2808,8,32
0,p2809,28,95
0,p2810,43,93
0,p2811,60,31
0,p2812,52,8
0,p2813,72,33
0,p2814,76,16
0,p2815,30,84
0,p2816,57,45
0,p2817,7,73
0,p2818,71,1
0,p2819,58,22
0,p2820,61,73
0,p2821,15,74
0,p2822,66,74
0,p2823,42,50
0,p2824,99,79
0,p2825,59,14
0,p2826,24,4
0,p2827,14,21
0,p2828,12,23
0,p2829,15,43
0,p2830,43,30
0,p2831,1,22
0,p2832,70,63
0,p2833,9,22
0,p2834,89,22
0,p2835,47,9
0,p2836,61,20
0,p2837,4,79
0,p2838,48,72
0,p2839,19,94
0,p2840,14,83
0,p2841,81,88
0,p2842,45,19
0,p2843,97,12
0,p2844,28,63
0,p2845,60,54
0,p2846,51,21
0,p2847,97,82
0,p2848,41,37
0,p2849,36,58
0,p2850,10,98
0,p2851,54,31
0,p2852,95,44
0,p2853,82,45
0,p2854,58,38
0,p2855,70,28
0,p2856,98,27
0,p2857,97,13
0,p2858,74,76
0,p2859,13,14
0,p2860,57,21
0,p2861,5,68
0,p2862,49,72
0,p2863,85,15
0,p2864,57,79
0,p2865,83,73
0,p2866,13,5
0,p2867,7,91
0,p2868,3,50
0,p2869,9,42
0,p2870,23,83
0,p2871,83,50
0,p2872,28,5
0,p2873,71,75
0,p2874,69,2
0,p2875,51,24
0,p2876,12,68
0,p2877,92,49
0,p2878,13,69
0,p2879,25,89
0,p2880,87,54
0,p2881,97,66
0,p2882,7,60
0,p2883,5,23
0,p2884,35,58
0,p2885,87,37
0,p2886,84,44
0,p2887,89,46
0,p2888,20,70
0,p2889,31,43
0,p2890,11,54
0,p2891,46,90
0,p2892,86,1
0,p2893,57,17
0,p2894,46,42
0,p2895,11,80
0,p2896,55,26
0,p2897,94,23
0,p2898,100,59
0,p2899,23,12
0,p2900,26,84
0,p2901,38,95
0,p2902,59,4
0,p2903,31,8
0,p2904,96,45
0,p2905,83,17
0,p2906,23,98
0,p2907,83,66
0,p2908,49,36
0,p2909,35,94
0,p2910,100,55
0,p2911,14,20
0,p2912,56,48
0,p2913,1,13
0,p2914,54,20
0,p2915,69,84
0,p2916,68,86
0,p2917,96,4
0,p2918,2,60
0,p2919,25,76
0,p2920,53,18
0,p2921,66,10
0,p2922,27,82
0,p2923,95,74
0,p2924,64,100
0,p2925,82,56
0,p2926,98,67
0,p2927,23,75
0,p2928,86,65
0,p2929,97,37
0,p2930,97,14
0,p2931,18,33
0,p2932,77,23
0,p2933,4,16
0,p2934,64,59
0,p2935,13,26
0,p2936,60,30
0,p2937,63,30
0,p2938,18,16
0,p2939,8,36
0,p2940,71,69
0,p2941,70,6
0,p2942,73,30
0,p2943,75,11
0,p2944,16,88
0,p2945,35,56
0,p2946,53,99
0,p2947,92,45
0,p2948,6,13
0,p2949,34,79
0,p2950,21,94
0,p2951,81,52
0,p2952,90,18
0,p2953,52,49
0,p2954,35,99
0,p2955,91,2
0,p2956,64,63
0,p2957,24,60
0,p2958,21,28
0,p2959,66,39
0,p2960,98,41
0,p2961,74,48
0,p2962,98,12
0,p2963,24,75
0,p2964,10,43
0,p2965,96,53
0,p2966,42,51
0,p2967,85,47
0,p2968,23,83
0,p2969,91,10
0,p2970,51,31
0,p2971,1,50
0,p2972,15,64
0,p2973,95,14
0,p2974,86,81
0,p2975,35,72
0,p2976,100,26
0,p2977,43,10
0,p2978,30,40
0,p2979,51,12
0,p2980,94,31
0,p2981,24,44
0,p2982,26,19
0,p2983,73,86
0,p2984,72,25
0,p2985,35,86
0,p2986,92,34
0,p2987,39,36
0,p2988,56,31
0,p2989,22,92
0,p2990,72,46
0,p2991,85,33
0,p2992,72,28
0,p2993,58,62
0,p2994,11,74
0,p2995,93,36
0,p2996,50,7
0,p2997,15,4
0,p2998,57,88
0,p2999,64,92
0,p3000,82,42
0,p3001,70,5
0,p3002,51,81
0,p3003,54,70
0,p3004,91,83
0,p3005,4,94
0,p3006,66,87
0,p3007,42,77
0,p3008,95,73
0,p3009,84,16
0,p3010,70,88
0,p3011,22,27
0,p3012,48,70
0,p3013,6,57
0,p3014,38,59
0,p3015,31,60
0,p3016,17,62
0,p3017,42,58
0,p3018,2,74
0,p3019,73,96
0,p3020,14,40
0,p3021,58,52
0,p3022,44,5
0,p3023,75,35
0,p3024,51,62
0,p3025,83,38
0,p3026,95,50
0,p3027,9,56
0,p3028,22,20
0,p3029,2,57
0,p3030,29,90
0,p3031,96,62
0,p3032,73,63
0,p3033,71,50
0,p3034,19,56
0,p3035,41,60
0,p3036,35,32
0,p3037,51,81
0,p3038,42,69
0,p3039,66,19
0,p3040,43,24
0,p3041,75,23
0,p3042,27,23
0,p3043,33,32
0,p3044,10,89
0,p3045,25,76
0,p3046,41,52
0,p3047,48,44
0,p3048,40,65
0,p3049,56,24
0,p3050,48,70
0,p3051,22,29
0,p3052,46,48
0,p3053,11,1
0,p3054,76,23
0,p3055,86,52
0,p3056,68,55
0,p3057,93,4
0,p3058,35,74
0,p3059,29,11
0,p3060,41,54
0,p3061,57,82
0,p3062,98,41
0,p3063,35,97
0,p3064,5,59
0,p3065,11,97
0,p3066,4,69
0,p3067,94,60
0,p3068,24,89
0,p3069,85,39
0,p3070,54,68
0,p3071,29,15
0,p3072,35,54
0,p3073,71,84
0,p3074,48,96
0,p3075,21,28
0,p3076,98,42
0,p3077,66,2
0,p3078,92,45
0,p3079,42,95
0,p3080,75,25
0,p3081,6,95
0,p3082,8,85
0,p3083,67,28
0,p3084,78,11
0,p3085,52,33
0,p3086,28,33
0,p3087,20,79
0,p3088,56,67
0,p3089,38,68
0,p3090,68,16
0,p3091,10,67
0,p3092,70,53
0,p3093,58,70
0,p3094,64,86
0,p3095,21,11
0,p3096,22,75
0,p3097,46,21
0,p3098,74,49
0,p3099,47,72
0,p3100,8,31
0,p3101,14,62
0,p3102,64,88
0,p3103,30,37
0,p3104,85,35
0,p3105,10,91
0,p3106,13,97
0,p3107,48,10
0,p3108,55,95
0,p3109,62,69
0,p3110,31,18
0,p3111,65,41
0,p3112,17,79
0,p3113,59,90
0,p3114,59,49
0,p3115,65,39
0,p3116,51,70
0,p3117,77,6
0,p3118,89,39
0,p3119,47,32
0,p3120,27,46
0,p3121,94,38
0,p3122,78,45
0,p3123,41,99
0,p3124,28,39
0,p3125,37,38
0,p3126,58,2
0,p3127,99,7
0,p3128,44,33
0,p3129,15,85
0,p3130,98,25
0,p3131,14,75
0,p3132,86,7
0,p3133,88,87
0,p3134,61,78
0,p3135,98,32
0,p3136,28,59
0,p3137,46,28
0,p3138,52,71
0,p3139,64,30
0,p3140,75,95
0,p3141,23,5
0,p3142,80,10
0,p3143,48,16
0,p3144,64,6
0,p3145,5,9
0,p3146,8,5
0,p3147,66,49
0,p3148,44,16
0,p3149,35,52
0,p3150,92,38
0,p3151,20,93
0,p3152,30,87
0,p3153,47,96
0,p3154,73,4
0,p3155,96,97
0,p3156,52,98
0,p3157,42,34
0,p3158,14,49
0,p3159,80,87
0,p3160,23,6
0,p3161,65,53
0,p3162,17,47
0,p3163,88,69
0,p3164,99,6
0,p3165,3,57
0,p3166,83,85
0,p3167,48,58
0,p3168,43,41
0,p3169,11,59
0,p3170,67,76
0,p3171,82,83
0,p3172,46,7
0,p3173,96,29
0,p3174,69,64
0,p3175,46,42
0,p3176,100,33
0,p3177,78,75
0,p3178,9,93
0,p3179,34,62
0,p3180,54,19
0,p3181,30,86
0,p3182,76,82
0,p3183,45,28
0,p3184,56,48
0,p3185,64,25
0,p3186,32,63
0,p3187,21,40
0,p3188,25,5
0,p3189,51,88
0,p3190,49,12
0,p3191,25,33
0,p3192,15,62
0,p3193,75,86
0,p3194,99,36
0,p3195,21,5
0,p3196,25,72
0,p3197,40,6
0,p3198,90,6
0,p3199,65,19
0,p3200,61,100
0,p3201,4,21
0,p3202,100,84
0,p3203,1,96
0,p3204,60,98
0,p3205,79,31
0,p3206,25,66
0,p3207,32,42
0,p3208,83,71
0,p3209,94,11
0,p3210,34,94
0,p3211,57,74
0,p3212,70,7
0,p3213,5,90
0,p3214,52,74
0,p3215,21,75
0,p3216,24,97
0,p3217,10,34
0,p3218,28,78
0,p3219,1,26
0,p3220,46,58
0,p3221,63,94
0,p3222,1,9
0,p3223,71,96
0,p3224,26,64
0,p3225,65,37
0,p3226,93,68
0,p3227,17,63
0,p3228,15,99
0,p3229,21,69
0,p3230,54,86
0,p3231,37,56
0,p3232,18,31
0,p3233,40,50
0,p3234,31,49
0,p3235,22,15
0,p3236,52,97
0,p3237,14,65
0,p3238,91,78
0,p3239,91,30
0,p3240,73,20
0,p3241,86,87
0,p3242,46,39
0,p3243,3,24
0,p3244,19,66
0,p3245,94,74
0,p3246,43,59
0,p3247,8,30
0,p3248,92,45
0,p3249,78,16
0,p3250,46,30
0,p3251,9,64
0,p3252,41,30
0,p3253,93,26
0,p3254,74,92
0,p3255,87,10
0,p3256,42,59
0,p3257,3,32
0,p3258,45,69
0,p3259,70,32
0,p3260,34,37
0,p3261,3,75
0,p3262,15,36
0,p3263,17,98
0,p3264,64,4
0,p3265,64,1
0,p3266,49,64
0,p3267,25,22
0,p3268,72,4
0,p3269,25,47
0,p3270,21,27
0,p3271,20,83
0,p3272,30,33
0,p3273,51,84
0,p3274,8,20
0,p3275,53,35
0,p3276,66,39
0,p3277,83,90
0,p3278,97,6
0,p3279,36,1
0,p3280,55,49
0,p3281,20,14
0,p3282,25,34
0,p3283,71,28
0,p3284,98,56
0,p3285,29,58
0,p3286,74,6
0,p3287,55,32
0,p3288,3,89
0,p3289,47,48
0,p3290,60,38
0,p3291,29,22
0,p3292,79,94
0,p3293,53,44
0,p3294,37,13
0,p3295,41,59
0,p3296,32,61
0,p3297,74,37
0,p3298,28,44
0,p3299,69,1
0,p3300,8,61
0,p3301,1,60
0,p3302,94,87
0,p3303,95,70
0,p3304,53,16
0,p3305,98,93
0,p3306,14,59
0,p3307,50,69
0,p3308,15,52
0,p3309,37,83
0,p3310,43,49
0,p3311,56,98
0,p3312,4,19
0,p3313,79,80
0,p3314,53,56
0,p3315,63,55
0,p3316,41,23
0,p3317,34,25
0,p3318,87,70
0,p3319,4,57
0,p3320,1,63
0,p3321,65,87
0,p3322,26,16
0,p3323,98,57
0,p3324,69,19
0,p3325,61,88
0,p3326,83,34
0,p3327,98,26
0,p3328,50,37
0,p3329,66,4
0,p3330,98,54
0,p3331,43,5
0,p3332,88,47
0,p3333,19,29
0,p3334,85,73
0,p3335,79,39
0,p3336,53,79
0,p3337,21,77
0,p3338,13,15
0,p3339,37,77
0,p3340,7,44
0,p3341,6,92
0,p3342,92,42
0,p3343,51,46
0,p3344,58,82
0,p3345,75,56
0,p3346,16,55
0,p3347,15,7
0,p3348,52,55
0,p3349,50,31
0,p3350,3,32
0,p3351,99,93
0,p3352,45,91
0,p3353,85,87
0,p3354,72,51
0,p3355,12,79
0,p3356,44,51
0,p3357,9,34
0,p3358,62,32
0,p3359,35,54
0,p3360,83,40
0,p3361,70,41
0,p3362,28,70
0,p3363,99,45
0,p3364,11,19
0,p3365,86,84
0,p3366,44,42
0,p3367,39,20
0,p3368,48,68
0,p3369,85,41
0,p3370,54,37
0,p3371,79,65
0,p3372,56,62
0,p3373,42,70
0,p3374,18,34
0,p3375,74,78
0,p3376,45,18
0,p3377,8,58
0,p3378,2,73
0,p3379,16,94
0,p3380,7,26
0,p3381,16,13
0,p3382,89,53
0,p3383,80,33
0,p3384,100,59
0,p3385,7,66
0,p3386,99,87
0,p3387,70,86
0,p3388,45,89
0,p3389,27,19
0,p3390,61,71
0,p3391,8,79
0,p3392,54,50
0,p3393,6,79
0,p3394,87,5
0,p3395,91,60
0,p3396,55,38
0,p3397,86,95
0,p3398,26,31
0,p3399,98,53
0,p3400,65,97
0,p3401,30,70
0,p3402,34,10
0,p3403,23,29
0,p3404,40,90
0,p3405,52,57
0,p3406,84,81
0,p3407,68,72
0,p3408,46,37
0,p3409,52,30
0,p3410,2,30
0,p3411,17,28
0,p3412,26,22
0,p3413,24,89
0,p3414,84,70
0,p3415,83,39
0,p3416,68,26
0,p3417,92,22
0,p3418,11,88
0,p3419,77,37
0,p3420,26,49
0,p3421,28,4
0,p3422,80,90
0,p3423,7,89
0,p3424,75,62
0,p3425,88,80
0,p3426,59,52
0,p3427,90,10
0,p3428,22,97
0,p3429,39,70
0,p3430,33,89
0,p3431,80,35
0,p3432,8,29
0,p3433,92,29
0,p3434,1,19
0,p3435,27,100
0,p3436,80,5
0,p3437,23,56
0,p3438,63,19
0,p3439,4,81
0,p3440,52,78
0,p3441,34,4
0,p3442,88,64
0,p3443,35,7
0,p3444,57,95
0,p3445,55,46
0,p3446,8,93
0,p3447,99,87
0,p3448,55,79
0,p3449,8,17
0,p3450,71,53
0,p3451,9,14
0,p3452,53,87
0,p3453,27,34
0,p3454,7,81
0,p3455,4,19
0,p3456,28,93
0,p3457,73,35
0,p3458,26,29
0,p3459,50,31
0,p3460,2,90
0,p3461,71,74
0,p3462,97,75
0,p3463,28,69
0,p3464,47,54
0,p3465,86,54
0,p3466,63,21
0,p3467,11,8
0,p3468,87,16
0,p3469,24,69
0,p3470,32,5
0,p3471,32,7
0,p3472,69,60
0,p3473,91,22
0,p3474,66,71
0,p3475,98,77
0,p3476,89,78
0,p3477,99,43
0,p3478,39,23
0,p3479,19,18
0,p3480,39,89
0,p3481,32,6
0,p3482,46,11
0,p3483,39,23
0,p3484,41,19
0,p3485,71,13
0,p3486,50,29
0,p3487,40,93
0,p3488,76,47
0,p3489,6,8
0,p3490,11,47
0,p3491,19,5
0,p3492,37,11
0,p3493,72,62
0,p3494,27,58
0,p3495,13,34
0,p3496,82,60
0,p3497,88,71
0,p3498,95,1
0,p3499,28,91
0,p3500,43,10
0,p3501,39,71
0,p3502,67,79
0,p3503,27,33
0,p3504,50,84
0,p3505,43,86
0,p3506,25,73
0,p3507,44,7
0,p3508,60,42
0,p3509,48,88
0,p3510,95,12
0,p3511,83,37
0,p3512,61,64
0,p3513,58,79
0,p3514,93,56
0,p3515,60,73
0,p3516,8,31
0,p3517,62,36
0,p3518,88,54
0,p3519,2,66
0,p3520,31,89
0,p3521,66,17
0,p3522,10,45
0,p3523,14,82
0,p3524,29,18
0,p3525,36,90
0,p3526,86,50
0,p3527,42,48
0,p3528,84,43
0,p3529,89,36
0,p3530,68,44
0,p3531,75,40
0,p3532,73,85
0,p3533,44,100
0,p3534,46,18
0,p3535,37,64
0,p3536,46,10
0,p3537,57,97
0,p3538,32,48
0,p3539,76,29
0,p3540,7,9
0,p3541,28,88
0,p3542,87,73
0,p3543,10,38
0,p3544,32,20
0,p3545,73,52
0,p3546,8,18
0,p3547,44,50
0,p3548,52,39
0,p3549,42,62
0,p3550,55,32
0,p3551,69,49
0,p3552,62,4
0,p3553,16,31
0,p3554,72,60
0,p3555,62,96
0,p3556,84,85
0,p3557,61,26
0,p3558,82,49
0,p3559,73,50
0,p3560,22,79
0,p3561,77,43
0,p3562,90,80
0,p3563,23,12
0,p3564,5,98
0,p3565,56,60
0,p3566,79,71
0,p3567,84,63
0,p3568,11,38
0,p3569,81,52
0,p3570,50,25
0,p3571,33,54
0,p3572,5,83
0,p3573,65,77
0,p3574,80,9
0,p3575,90,52
0,p3576,33,29
0,p3577,40,39
0,p3578,55,18
0,p3579,45,25
0,p3580,48,26
0,p3581,58,97
0,p3582,29,99
0,p3583,33,78
0,p3584,12,54
0,p3585,57,96
0,p3586,44,81
0,p3587,22,27
0,p3588,89,84
0,p3589,14,30
0,p3590,1,61
0,p3591,81,88
0,p3592,29,37
0,p3593,70,83
0,p3594,4,22
0,p3595,71,24
0,p3596,8,97
0,p3597,44,5
0,p3598,76,75
0,p3599,40,1
0,p3600,43,39
0,p3601,68,81
0,p3602,72,83
0,p3603,75,51
0,p3604,46,3
0,p3605,31,39
0,p3606,97,57
0,p3607,61,13
0,p3608,86,74
0,p3609,27,100
0,p3610,89,88
0,p3611,93,40
0,p3612,18,77
0,p3613,58,31
0,p3614,92,88
0,p3615,18,90
0,p3616,25,82
0,p3617,54,98
0,p3618,40,37
0,p3619,37,12
0,p3620,14,75
0,p3621,32,100
0,p3622,62,98
0,p3623,76,48
0,p3624,12,65
0,p3625,84,64
0,p3626,51,80
0,p3627,52,37
0,p3628,51,29
0,p3629,19,98
0,p3630,76,89
0,p3631,24,71
0,p3632,63,71
0,p3633,13,36
0,p3634,63,64
0,p3635,92,55
0,p3636,32,73
0,p3637,83,94
0,p3638,35,88
0,p3639,90,10
0,p3640,22,59
0,p3641,3,90
0,p3642,7,71
0,p3643,17,23
0,p3644,100,42
0,p3645,9,79
0,p3646,63,100
0,p3647,29,43
0,p3648,57,12
0,p3649,97,38
0,p3650,97,3
0,p3651,68,90
0,p3652,96,27
0,p3653,15,78
0,p3654,23,95
0,p3655,5,29
0,p3656,35,84
0,p3657,27,51
0,p3658,23,19
0,p3659,10,65
0,p3660,70,60
0,p3661,6,13
0,p3662,64,47
0,p3663,76,63
0,p3664,63,75
0,p3665,19,20
0,p3666,95,82
0,p3667,41,20
0,p3668,5,60
0,p3669,86,40
0,p3670,25,63
0,p3671,80,35
0,p3672,39,83
0,p3673,32,58
0,p3674,27,36
0,p3675,70,80
0,p3676,14,8
0,p3677,12,16
0,p3678,7,88
0,p3679,32,13
0,p3680,26,35
0,p3681,85,96
0,p3682,100,58
0,p3683,29,27
0,p3684,88,83
0,p3685,86,26
0,p3686,46,34
0,p3687,9,28
0,p3688,39,67
0,p3689,68,49
0,p3690,28,8
0,p3691,47,18
0,p3692,16,94
0,p3693,9,8
0,p3694,83,66
0,p3695,7,23
0,p3696,32,96
0,p3697,94,32
0,p3698,97,48
0,p3699,43,34
0,p3700,35,26
0,p3701,49,85
0,p3702,27,35
0,p3703,2,100
0,p3704,66,47
0,p3705,98,2
0,p3706,74,24
0,p3707,72,25
0,p3708,54,63
0,p3709,32,17
0,p3710,80,19
0,p3711,33,26
0,p3712,46,44
0,p3713,43,76
0,p3714,12,6
0,p3715,17,83
0,p3716,29,32
0,p3717,28,23
0,p3718,9,36
0,p3719,58,37
0,p3720,72,59
0,p3721,41,34
0,p3722,90,7
0,p3723,36,18
0,p3724,19,13
0,p3725,57,12
0,p3726,74,97
0,p3727,85,54
0,p3728,24,50
0,p3729,81,12
0,p3730,21,53
0,p3731,98,84
0,p3732,74,92
0,p3733,62,39
0,p3734,25,91
0,p3735,84,61
0,p3736,15,9
0,p3737,16,66
0,p3738,12,55
0,p3739,97,79
0,p3740,50,24
0,p3741,37,54
0,p3742,59,86
0,p3743,18,84
0,p3744,9,42
0,p3745,24,73
0,p3746,40,69
0,p3747,30,90
0,p3748,40,64
0,p3749,53,18
0,p3750,91,32
0,p3751,62,94
0,p3752,95,39
0,p3753,99,50
0,p3754,85,12
0,p3755,99,82
0,p3756,99,80
0,p3757,94,40
0,p3758,12,72
0,p3759,14,1
0,p3760,39,67
0,p3761,18,25
0,p3762,73,21
0,p3763,68,32
0,p3764,78,50
0,p3765,45,10
0,p3766,8,89
0,p3767,45,57
0,p3768,7,55
0,p3769,91,94
0,p3770,3,98
0,p3771,58,41
0,p3772,74,51
0,p3773,100,16
0,p3774,85,81
0,p3775,81,85
0,p3776,7,30
0,p3777,26,94
0,p3778,52,49
0,p3779,68,58
0,p3780,33,72
0,p3781,31,100
0,p3782,34,75
0,p3783,67,30
0,p3784,91,26
0,p3785,93,19
0,p3786,66,25
0,p3787,62,46
0,p3788,10,15
0,p3789,33,62
0,p3790,25,63
0,p3791,38,60
0,p3792,6,45
0,p3793,4,8
0,p3794,8,83
0,p3795,47,78
0,p3796,60,26
0,p3797,93,30
0,p3798,81,50
0,p3799,56,28
0,p3800,63,42
0,p3801,65,26
0,p3802,22,80
0,p3803,37,66
0,p3804,15,13
0,p3805,33,49
0,p3806,65,24
0,p3807,14,82
0,p3808,84,21
0,p3809,45,49
0,p3810,47,88
0,p3811,80,46
0,p3812,5,49
0,p3813,6,36
0,p3814,4,15
0,p3815,56,4
0,p3816,66,62
0,p3817,91,99
0,p3818,92,34
0,p3819,34,98
0,p3820,68,85
0,p3821,47,33
0,p3822,81,30
0,p3823,10,28
0,p3824,15,19
0,p3825,100,30
0,p3826,33,6
0,p3827,34,87
0,p3828,54,87
0,p3829,34,21
0,p3830,45,41
0,p3831,35,71
0,p3832,28,20
0,p3833,78,48
0,p3834,17,2
0,p3835,41,73
0,p3836,67,74
0,p3837,4,30
0,p3838,39,47
0,p3839,85,32
0,p3840,5,100
0,p3841,80,45
0,p3842,12,81
0,p3843,28,41
0,p3844,26,31
0,p3845,29,63
0,p3846,71,88
0,p3847,13,77
0,p3848,34,53
0,p3849,2,63
0,p3850,51,50
0,p3851,22,40
0,p3852,9,43
0,p3853,61,62
0,p3854,27,7
0,p3855,35,3
0,p3856,14,92
0,p3857,30,18
0,p3858,15,67
0,p3859,8,3
0,p3860,19,28
0,p3861,59,76
0,p3862,18,57
0,p3863,89,3
0,p3864,64,83
0,p3865,95,59
0,p3866,36,84
0,p3867,73,56
0,p3868,63,69
0,p3869,39,4
0,p3870,2,21
0,p3871,62,77
0,p3872,38,59
0,p3873,96,37
0,p3874,35,18
0,p3875,3,79
0,p3876,98,65
0,p3877,44,39
0,p3878,70,47
0,p3879,93,14
0,p3880,95,55
0,p3881,35,74
0,p3882,41,37
0,p3883,13,45
0,p3884,29,92
0,p3885,30,78
0,p3886,74,61
0,p3887,9,66
0,p3888,53,43
0,p3889,40,57
0,p3890,49,86
0,p3891,26,79
0,p3892,77,57
0,p3893,94,87
0,p3894,13,38
0,p3895,41,40
0,p3896,82,41
0,p3897,86,18
0,p3898,85,33
0,p3899,62,75
0,p3900,72,16
0,p3901,77,73
0,p3902,46,40
0,p3903,75,32
0,p3904,26,93
0,p3905,14,31
0,p3906,32,36
0,p3907,76,85
0,p3908,21,87
0,p3909,32,15
0,p3910,80,27
0,p3911,52,29
0,p3912,72,68
0,p3913,2,51
0,p3914,65,19
0,p3915,18,35
0,p3916,92,45
0,p3917,13,1
0,p3918,4,92
0,p3919,67,15
0,p3920,23,19
0,p3921,60,68
0,p3922,40,89
0,p3923,28,85
0,p3924,18,36
0,p3925,14,3
0,p3926,75,88
0,p3927,100,94
0,p3928,37,98
0,p3929,75,83
0,p3930,36,18
0,p3931,44,99
0,p3932,48,61
0,p3933,33,7
0,p3934,44,55
0,p3935,15,6
0,p3936,22,57
0,p3937,73,96
0,p3938,95,34
0,p3939,93,68
0,p3940,12,67
0,p3941,28,8
0,p3942,67,45
0,p3943,93,94
0,p3944,9,82
0,p3945,5,47
0,p3946,74,6
0,p3947,90,92
0,p3948,98,75
0,p3949,24,69
0,p3950,7,20
0,p3951,37,96
0,p3952,89,44
0,p3953,54,28
0,p3954,98,73
0,p3955,45,93
0,p3956,80,51
0,p3957,67,86
0,p3958,63,16
0,p3959,75,66
0,p3960,20,71
0,p3961,16,46
0,p3962,83,70
0,p3963,57,16
0,p3964,91,19
0,p3965,10,91
0,p3966,30,41
0,p3967,21,90
0,p3968,99,16
0,p3969,91,67
0,p3970,4,86
0,p3971,26,40
0,p3972,78,65
0,p3973,42,89
0,p3974,10,8
0,p3975,99,11
0,p3976,94,38
0,p3977,43,61
0,p3978,40,89
0,p3979,41,9
0,p3980,67,39
0,p3981,1,89
0,p3982,100,90
0,p3983,99,10
0,p3984,10,92
0,p3985,91,5
0,p3986,28,61
0,p3987,31,30
0,p3988,56,77
0,p3989,51,11
0,p3990,55,21
0,p3991,10,11
0,p3992,77,30
0,p3993,75,46
0,p3994,27,71
0,p3995,51,14
0,p3996,86,80
0,p3997,54,90
0,p3998,96,100
0,p3999,73,4
0,p4000,98,69
0,p4001,11,42
0,p4002,78,97
0,p4003,35,49
0,p4004,25,80
0,p4005,2,81
0,p4006,41,55
0,p4007,86,54
0,p4008,42,40
0,p4009,23,64
0,p4010,59,55
0,p4011,57,17
0,p4012,83,67
0,p4013,12,89
0,p4014,46,87
0,p4015,80,14
0,p4016,61,96
0,p4017,68,88
0,p4018,94,16
0,p4019,71,15
0,p4020,82,89
0,p4021,60,33
0,p4022,32,16
0,p4023,70,74
0,p4024,80,84
0,p4025,64,53
0,p4026,1,97
0,p4027,20,15
0,p4028,53,56
0,p4029,85,4
0,p4030,99,21
0,p4031,69,66
0,p4032,69,61
0,p4033,15,67
0,p4034,65,38
0,p4035,26,64
0,p4036,79,44
0,p4037,51,64
0,p4038,79,61
0,p4039,19,77
0,p4040,25,66
0,p4041,88,63
0,p4042,88,23
0,p4043,79,10
0,p4044,34,59
0,p4045,48,2
0,p4046,10,6
0,p4047,89,26
0,p4048,95,60
0,p4049,94,31
0,p4050,60,39
0,p4051,82,13
0,p4052,37,15
0,p4053,64,52
0,p4054,65,36
0,p4055,54,79
0,p4056,71,29
0,p4057,93,12
0,p4058,49,23
0,p4059,99,22
0,p4060,30,43
0,p4061,61,94
0,p4062,74,2
0,p4063,80,46
0,p4064,11,66
0,p4065,9,30
0,p4066,30,51
0,p4067,8,25
0,p4068,83,47
0,p4069,75,91
0,p4070,54,59
0,p4071,75,100
0,p4072,64,54
0,p4073,66,40
0,p4074,44,83
0,p4075,82,1
0,p4076,75,11
0,p4077,27,31
0,p4078,89,48
0,p4079,75,56
0,p4080,77,56
0,p4081,77,97
0,p4082,33,37
0,p4083,44,47
0,p4084,15,70
0,p4085,20,61
0,p4086,13,100
0,p4087,11,89
0,p4088,14,76
0,p4089,35,31
0,p4090,98,91
0,p4091,92,9
0,p4092,48,65
0,p4093,85,3
0,p4094,73,87
0,p4095,18,93
0,p4096,82,68
0,p4097,53,80
0,p4098,67,7
0,p4099,39,14
0,p4100,37,28
0,p4101,28,40
0,p4102,45,90
0,p4103,80,7
0,p4104,42,87
0,p4105,72,52
0,p4106,57,50
0,p4107,17,57
0,p4108,14,90
0,p4109,24,99
0,p4110,74,75
0,p4111,39,22
0,p4112,14,15
0,p4113,87,96
0,p4114,59,4
0,p4115,70,16
0,p4116,26,5
0,p4117,16,100
0,p4118,79,33
0,p4119,84,37
0,p4120,33,81
0,p4121,60,76
0,p4122,85,50
0,p4123,40,58
0,p4124,80,94
0,p4125,86,24
0,p4126,94,23
0,p4127,26,8
0,p4128,20,5
0,p4129,79,21
0,p4130,45,44
0,p4131,78,71
0,p4132,67,90
0,p4133,50,82
0,p4134,66,89
0,p4135,69,53
0,p4136,23,43
0,p4137,31,29
0,p4138,73,99
0,p4139,16,36
0,p4140,59,21
0,p4141,35,12
0,p4142,14,39
0,p4143,87,81
0,p4144,57,98
0,p4145,88,28
0,p4146,9,62
0,p4147,72,81
0,p4148,44,32
0,p4149,65,68
0,p4150,7,49
0,p4151,34,72
0,p4152,47,30
0,p4153,64,87
0,p4154,7,85
0,p4155,39,77
0,p4156,8,53
0,p4157,66,65
0,p4158,64,9
0,p4159,13,12
0,p4160,46,98
0,p4161,15,46
0,p4162,23,20
0,p4163,91,71
0,p4164,41,15
0,p4165,46,23
0,p4166,79,37
0,p4167,72,82
0,p4168,65,46
0,p4169,56,51
0,p4170,40,53
0,p4171,52,98
0,p4172,42,61
0,p4173,67,97
0,p4174,20,23
0,p4175,100,97
0,p4176,46,29
0,p4177,92,5
0,p4178,94,23
0,p4179,18,72
0,p4180,84,40
0,p4181,75,83
0,p4182,41,4
0,p4183,39,1
0,p4184,76,24
0,p4185,86,14
0,p4186,71,41
0,p4187,76,99
0,p4188,56,60
0,p4189,9,32
0,p4190,82,50
0,p4191,94,88
0,p4192,17,56
0,p4193,65,67
0,p4194,1,17
0,p4195,58,70
0,p4196,87,70
0,p4197,23,43
0,p4198,31,93
0,p4199,8,36
0,p4200,83,10
0,p4201,94,28
0,p4202,2,6
0,p4203,88,4
0,p4204,78,49
0,p4205,60,86
0,p4206,14,8
0,p4207,28,1
0,p4208,49,30
0,p4209,19,90
0,p4210,80,55
0,p4211,53,61
0,p4212,43,42
0,p4213,97,44
0,p4214,73,22
0,p4215,77,26
0,p4216,8,78
0,p4217,54,52
0,p4218,23,54
0,p4219,90,87
0,p4220,78,55
0,p4221,23,31
0,p4222,16,95
0,p4223,99,33
0,p4224,2,36
0,p4225,28,60
0,p4226,97,34
0,p4227,84,69
0,p4228,10,68
0,p4229,87,100
0,p4230,54,56
0,p4231,46,73
0,p4232,72,14
0,p4233,11,25
0,p4234,60,49
0,p4235,76,28
0,p4236,82,93
0,p4237,6,79
0,p4238,3,57
0,p4239,5,38
0,p4240,50,27
0,p4241,85,31
0,p4242,51,14
0,p4243,69,90
0,p4244,68,74
0,p4245,52,4
0,p4246,19,92
0,p4247,93,59
0,p4248,100,25
0,p4249,53,70
0,p4250,99,19
0,p4251,70,7
0,p4252,100,42
0,p4253,3,9
0,p4254,2,83
0,p4255,42,99
0,p4256,45,76
0,p4257,13,81
0,p4258,7,21
0,p4259,100,80
0,p4260,62,24
0,p4261,10,93
0,p4262,25,63
0,p4263,55,41
0,p4264,44,54
0,p4265,74,71
0,p4266,95,41
0,p4267,4,89
0,p4268,39,24
0,p4269,100,25
0,p4270,86,1
0,p4271,94,9
0,p4272,61,97
0,p4273,83,94
0,p4274,13,73
0,p4275,33,85
0,p4276,42,70
0,p4277,67,82
0,p4278,19,42
0,p4279,74,76
0,p4280,3,95
0,p4281,49,31
0,p4282,23,60
0,p4283,42,72
0,p4284,63,70
0,p4285,88,33
0,p4286,54,71
0,p4287,74,76
0,p4288,90,93
0,p4289,45,27
0,p4290,27,6
0,p4291,96,88
0,p4292,6,4
0,p4293,75,19
0,p4294,82,59
0,p4295,46,56
0,p4296,46,16
0,p4297,31,69
0,p4298,36,21
0,p4299,45,26
0,p4300,66,53
0,p4301,46,22
0,p4302,42,16
0,p4303,25,44
0,p4304,19,4
0,p4305,52,70
0,p4306,59,91
0,p4307,21,52
0,p4308,58,35
0,p4309,72,69
0,p4310,83,68
0,p4311,17,4
0,p4312,53,25
0,p4313,57,100
0,p4314,95,41
0,p4315,89,77
0,p4316,11,1
0,p4317,44,53
0,p4318,32,21
0,p4319,26,25
0,p4320,59,83
0,p4321,46,71
0,p4322,5,34
0,p4323,60,59
0,p4324,82,55
0,p4325,37,27
0,p4326,39,40
0,p4327,89,73
0,p4328,60,95
0,p4329,66,25
0,p4330,79,82
0,p4331,6,84
0,p4332,72,6
0,p4333,11,37
0,p4334,5,21
0,p4335,61,70
0,p4336,9,59
0,p4337,51,83
0,p4338,15,65
0,p4339,75,3
0,p4340,63,77
0,p4341,33,67
0,p4342,49,60
0,p4343,96,42
0,p4344,80,100
0,p4345,78,84
0,p4346,89,53
0,p4347,3,19
0,p4348,34,97
0,p4349,93,82
0,p4350,99,54
0,p4351,9,28
0,p4352,90,23
0,p4353,48,92
0,p4354,91,94
0,p4355,98,49
0,p4356,79,64
0,p4357,59,73
0,p4358,8,20
0,p4359,37,31
0,p4360,48,100
0,p4361,52,2
0,p4362,31,89
0,p4363,63,50
0,p4364,73,79
0,p4365,47,18
0,p4366,37,69
0,p4367,65,6
0,p4368,84,80
0,p4369,22,69
0,p4370,54,85
0,p4371,2,58
0,p4372,35,26
0,p4373,38,83
0,p4374,31,66
0,p4375,94,23
0,p4376,72,33
0,p4377,72,39
0,p4378,16,45
0,p4379,60,39
0,p4380,99,34
0,p4381,46,81
0,p4382,12,40
0,p4383,6,17
0,p4384,34,55
0,p4385,76,98
0,p4386,95,94
0,p4387,78,99
0,p4388,63,84
0,p4389,6,18
0,p4390,87,82
0,p4391,24,100
0,p4392,56,76
0,p4393,1,29
0,p4394,12,83
0,p4395,57,44
0,p4396,84,13
0,p4397,9,86
0,p4398,98,42
0,p4399,84,49
0,p4400,1,8
0,p4401,62,2
0,p4402,27,34
0,p4403,82,76
0,p4404,69,60
0,p4405,86,71
0,p4406,65,8
0,p4407,83,62
0,p4408,87,62
0,p4409,5,46
0,p4410,52,33
0,p4411,62,30
0,p4412,13,11
0,p4413,34,43
0,p4414,21,66
0,p4415,14,29
0,p4416,31,59
0,p4417,20,93
0,p4418,11,71
0,p4419,72,61
0,p4420,86,45
0,p4421,91,75
0,p4422,15,51
0,p4423,31,92
0,p4424,66,22
0,p4425,76,69
0,p4426,39,51
0,p4427,30,93
0,p4428,4,15
0,p4429,86,4
0,p4430,48,22
0,p4431,57,31
0,p4432,75,64
0,p4433,45,84
0,p4434,44,25
0,p4435,17,24
0,p4436,2,71
0,p4437,5,6
0,p4438,46,98
0,p4439,57,63
0,p4440,27,98
0,p4441,99,52
0,p4442,56,75
0,p4443,31,12
0,p4444,61,55
0,p4445,90,78
0,p4446,98,57
0,p4447,3,47
0,p4448,51,47
0,p4449,88,42
0,p4450,37,55
0,p4451,89,77
0,p4452,31,66
0,p4453,75,50
0,p4454,59,18
0,p4455,22,38
0,p4456,60,22
0,p4457,28,100
0,p4458,17,43
0,p4459,57,7
0,p4460,64,13
0,p4461,93,28
0,p4462,66,82
0,p4463,100,64
0,p4464,27,70
0,p4465,84,14
0,p4466,22,39
0,p4467,69,67
0,p4468,99,8
0,p4469,49,74
0,p4470,35,24
0,p4471,59,26
0,p4472,59,42
0,p4473,13,77
0,p4474,47,19
0,p4475,4,25
0,p4476,21,32
0,p4477,81,82
0,p4478,65,38
0,p4479,70,81
0,p4480,10,15
0,p4481,40,31
0,p4482,7,4
0,p4483,33,29
0,p4484,82,58
0,p4485,19,15
0,p4486,59,20
0,p4487,10,73
0,p4488,96,92
0,p4489,76,97
0,p4490,58,36
0,p4491,62,41
0,p4492,18,60
0,p4493,44,43
0,p4494,95,80
0,p4495,16,32
0,p4496,71,21
0,p4497,83,77
0,p4498,55,50
0,p4499,62,81
0,p4500,77,92
0,p4501,37,85
0,p4502,6,11
0,p4503,50,37
0,p4504,73,82
0,p4505,7,62
0,p4506,21,83
0,p4507,63,12
0,p4508,92,63
0,p4509,47,6
0,p4510,69,15
0,p4511,97,80
0,p4512,96,43
0,p4513,73,1
0,p4514,72,34
0,p4515,89,85
0,p4516,40,89
0,p4517,9,49
0,p4518,8,27
0,p4519,16,18
0,p4520,26,76
0,p4521,42,28
0,p4522,48,77
0,p4523,100,31
0,p4524,40,86
0,p4525,5,76
0,p4526,89,39
0,p4527,61,57
0,p4528,20,34
0,p4529,75,33
0,p4530,4,19
0,p4531,100,66
0,p4532,46,52
0,p4533,66,21
0,p4534,64,51
0,p4535,100,66
0,p4536,1,88
0,p4537,53,13
0,p4538,77,34
0,p4539,95,31
0,p4540,58,82
0,p4541,49,24
0,p4542,70,67
0,p4543,5,68
0,p4544,100,30
0,p4545,82,23
0,p4546,18,72
0,p4547,1,11
0,p4548,12,48
0,p4549,22,46
0,p4550,19,1
0,p4551,47,51
0,p4552,72,98
0,p4553,45,10
0,p4554,9,11
0,p4555,44,14
0,p4556,76,100
0,p4557,84,39
0,p4558,84,76
0,p4559,81,23
0,p4560,7,2
0,p4561,81,69
0,p4562,42,65
0,p4563,10,44
0,p4564,89,38
0,p4565,74,44
0,p4566,55,39
0,p4567,97,24
0,p4568,77,88
0,p4569,81,77
0,p4570,10,42
0,p4571,63,39
0,p4572,74,29
0,p4573,82,10
0,p4574,58,91
0,p4575,23,90
0,p4576,37,46
0,p4577,37,4
0,p4578,33,20
0,p4579,4,68
0,p4580,60,11
0,p4581,44,94
0,p4582,7,22
0,p4583,53,24
0,p4584,2,57
0,p4585,49,64
0,p4586,66,91
0,p4587,62,16
0,p4588,38,25
0,p4589,20,85
0,p4590,33,83
0,p4591,32,75
0,p4592,98,44
0,p4593,82,40
0,p4594,95,70
0,p4595,44,68
0,p4596,42,93
0,p4597,70,25
0,p4598,55,14
0,p4599,21,75
0,p4600,8,49
0,p4601,44,33
0,p4602,79,34
0,p4603,30,49
0,p4604,31,49
0,p4605,99,37
0,p4606,77,2
0,p4607,79,30
0,p4608,10,5
0,p4609,12,77
0,p4610,69,5
0,p4611,62,39
0,p4612,37,43
0,p4613,90,25
0,p4614,64,11
0,p4615,83,98
0,p4616,41,36
0,p4617,6,81
0,p4618,16,73
0,p4619,95,19
0,p4620,36,33
0,p4621,73,37
0,p4622,4,83
0,p4623,81,71
0,p4624,25,42
0,p4625,25,86
0,p4626,12,73
0,p4627,50,32
0,p4628,6,16
0,p4629,86,80
0,p4630,93,46
0,p4631,63,18
0,p4632,40,49
0,p4633,88,25
0,p4634,32,90
0,p4635,83,41
0,p4636,34,7
0,p4637,29,51
0,p4638,48,98
0,p4639,85,3
0,p4640,97,50
0,p4641,42,28
0,p4642,18,61
0,p4643,65,14
0,p4644,29,49
0,p4645,77,54
0,p4646,96,85
0,p4647,70,73
0,p4648,17,63
0,p4649,31,74
0,p4650,91,32
0,p4651,8,52
0,p4652,92,46
0,p4653,84,80
0,p4654,100,33
0,p4655,6,28
0,p4656,67,65
0,p4657,4,11
0,p4658,7,41
0,p4659,6,38
0,p4660,17,29
0,p4661,89,53
0,p4662,58,78
0,p4663,66,15
0,p4664,64,1
0,p4665,33,78
0,p4666,32,65
0,p4667,90,21
0,p4668,65,43
0,p4669,81,11
0,p4670,44,95
0,p4671,67,13
0,p4672,50,1
0,p4673,49,35
0,p4674,7,79
0,p4675,97,62
0,p4676,31,82
0,p4677,74,58
0,p4678,90,95
0,p4679,17,22
0,p4680,53,95
0,p4681,33,81
0,p4682,97,83
0,p4683,77,48
0,p4684,86,100
0,p4685,37,93
0,p4686,35,24
0,p4687,11,24
0,p4688,1,52
0,p4689,21,39
0,p4690,58,56
0,p4691,55,26
0,p4692,5,36
0,p4693,60,54
0,p4694,79,16
0,p4695,71,36
0,p4696,79,19
0,p4697,19,84
0,p4698,23,49
0,p4699,53,87
0,p4700,89,33
0,p4701,6,20
0,p4702,46,20
0,p4703,44,40
0,p4704,13,96
0,p4705,17,69
0,p4706,9,19
0,p4707,98,99
0,p4708,23,43
0,p4709,24,79
0,p4710,79,29
0,p4711,51,19
0,p4712,52,50
0,p4713,95,23
0,p4714,94,66
0,p4715,48,62
0,p4716,49,16
0,p4717,26,52
0,p4718,5,74
0,p4719,47,71
0,p4720,75,84
0,p4721,47,12
0,p4722,17,13
0,p4723,97,87
0,p4724,33,40
0,p4725,88,33
0,p4726,69,53
0,p4727,59,41
0,p4728,61,27
0,p4729,26,57
0,p4730,32,27
0,p4731,81,2
0,p4732,43,91
0,p4733,59,30
0,p4734,72,45
0,p4735,15,21
0,p4736,82,60
0,p4737,51,18
0,p4738,12,84
0,p4739,96,65
0,p4740,96,54
0,p4741,77,96
0,p4742,70,78
0,p4743,30,38
0,p4744,16,58
0,p4745,5,54
0,p4746,67,94
0,p4747,60,61
0,p4748,9,20
0,p4749,92,70
0,p4750,15,26
0,p4751,36,74
0,p4752,31,23
0,p4753,84,42
0,p4754,71,97
0,p4755,100,37
0,p4756,49,41
0,p4757,75,31
0,p4758,32,83
0,p4759,74,65
0,p4760,68,67
0,p4761,96,69
0,p4762,62,79
0,p4763,53,74
0,p4764,19,47
0,p4765,96,85
0,p4766,80,31
0,p4767,82,78
0,p4768,95,87
0,p4769,44,78
0,p4770,63,27
0,p4771,66,39
0,p4772,9,36
0,p4773,78,29
0,p4774,35,7
0,p4775,96,1
0,p4776,6,60
0,p4777,50,67
0,p4778,27,82
0,p4779,85,50
0,p4780,38,54
0,p4781,32,84
0,p4782,38,86
0,p4783,31,51
0,p4784,25,30
0,p4785,90,92
0,p4786,11,48
0,p4787,27,78
0,p4788,90,81
0,p4789,53,33
0,p4790,58,36
0,p4791,2,45
0,p4792,6,94
0,p4793,34,95
0,p4794,95,56
0,p4795,66,56
0,p4796,47,89
0,p4797,37,95
0,p4798,54,33
0,p4799,37,25
0,p4800,18,5
0,p4801,46,60
0,p4802,12,93
0,p4803,73,92
0,p4804,15,6
0,p4805,97,47
0,p4806,58,72
0,p4807,65,54
0,p4808,63,74
0,p4809,12,45
0,p4810,3,84
0,p4811,2,96
0,p4812,48,76
0,p4813,21,100
0,p4814,10,8
0,p4815,59,11
0,p4816,91,48
0,p4817,35,56
0,p4818,94,18
0,p4819,61,26
0,p4820,33,6
0,p4821,78,47
0,p4822,67,83
0,p4823,9,18
0,p4824,86,21
0,p4825,92,36
0,p4826,47,63
0,p4827,78,25
0,p4828,24,69
0,p4829,95,24
0,p4830,100,10
0,p4831,95,56
0,p4832,76,50
0,p4833,59,36
0,p4834,23,69
0,p4835,84,28
0,p4836,50,94
0,p4837,98,59
0,p4838,53,28
0,p4839,89,59
0,p4840,76,67
0,p4841,44,92
0,p4842,34,35
0,p4843,72,52
0,p4844,84,87
0,p4845,100,20
0,p4846,83,15
0,p4847,79,51
0,p4848,52,3
0,p4849,65,68
0,p4850,55,47
0,p4851,59,56
0,p4852,49,2
0,p4853,61,58
0,p4854,95,76
0,p4855,5,43
0,p4856,55,10
0,p4857,78,9
0,p4858,91,33
0,p4859,54,79
0,p4860,62,15
0,p4861,48,79
0,p4862,53,92
0,p4863,7,52
0,p4864,34,48
0,p4865,50,49
0,p4866,40,6
0,p4867,29,34
0,p4868,65,80
0,p4869,37,54
0,p4870,59,25
0,p4871,24,10
0,p4872,26,76
0,p4873,89,15
0,p4874,6,12
0,p4875,25,94
0,p4876,59,70
0,p4877,21,79
0,p4878,82,57
0,p4879,45,62
0,p4880,50,24
0,p4881,13,94
0,p4882,44,98
0,p4883,45,22
0,p4884,55,65
0,p4885,68,87
0,p4886,66,95
0,p4887,75,66
0,p4888,15,45
0,p4889,64,93
0,p4890,46,37
0,p4891,56,89
0,p4892,63,32
0,p4893,67,37
0,p4894,78,91
0,p4895,82,1
0,p4896,15,56
0,p4897,100,88
0,p4898,11,37
0,p4899,77,100
0,p4900,14,82
0,p4901,16,15
0,p4902,31,92
0,p4903,36,64
0,p4904,24,94
0,p4905,71,97
0,p4906,21,76
0,p4907,45,80
0,p4908,71,14
0,p4909,13,25
0,p4910,52,83
0,p4911,53,16
0,p4912,54,28
0,p4913,37,24
0,p4914,18,50
0,p4915,82,76
0,p4916,69,37
0,p4917,18,8
0,p4918,16,92
0,p4919,85,24
0,p4920,72,88
0,p4921,66,29
0,p4922,33,69
0,p4923,68,54
0,p4924,21,94
0,p4925,97,88
0,p4926,28,47
0,p4927,63,22
0,p4928,46,71
0,p4929,21,37
0,p4930,82,47
0,p4931,56,48
0,p4932,1,65
0,p4933,17,61
0,p4934,58,42
0,p4935,16,89
0,p4936,85,2
0,p4937,87,38
0,p4938,95,12
0,p4939,34,46
0,p4940,52,34
0,p4941,26,55
0,p4942,49,14
0,p4943,77,7
0,p4944,32,81
0,p4945,76,29
0,p4946,94,88
0,p4947,5,70
0,p4948,12,35
0,p4949,65,46
0,p4950,4,62
0,p4951,20,59
0,p4952,75,94
0,p4953,99,63
0,p4954,45,76
0,p4955,80,82
0,p4956,84,50
0,p4957,20,2
0,p4958,85,63
0,p4959,76,29
0,p4960,6,21
0,p4961,70,57
0,p4962,72,39
0,p4963,55,42
0,p4964,69,25
0,p4965,11,68
0,p4966,29,18
0,p4967,88,14
0,p4968,19,31
0,p4969,12,72
0,p4970,45,86
0,p4971,51,3
0,p4972,3,40
0,p4973,15,98
0,p4974,21,16
0,p4975,91,79
0,p4976,70,38
0,p4977,17,71
0,p4978,69,28
0,p4979,78,98
0,p4980,80,5
0,p4981,69,77
0,p4982,71,74
0,p4983,1,84
0,p4984,30,7
0,p4985,58,52
0,p4986,27,83
0,p4987,99,27
0,p4988,22,34
0,p4989,88,92
0,p4990,7,84
0,p4991,61,12
0,p4992,41,11
0,p4993,29,15
0,p4994,75,38
0,p4995,90,63
0,p4996,6,96
0,p4997,44,29
0,p4998,48,97
0,p4999,37,76
0,p5000,86,8
0,p5001,81,26
0,p5002,25,61
0,p5003,49,89
0,p5004,30,26
0,p5005,15,58
0,p5006,13,52
0,p5007,15,33
0,p5008,52,100
0,p5009,5,39
0,p5010,22,55
0,p5011,63,15
0,p5012,61,35
0,p5013,66,46
0,p5014,18,75
0,p5015,96,90
0,p5016,50,99
0,p5017,18,33
0,p5018,46,75
0,p5019,6,49
0,p5020,52,15
0,p5021,97,1
0,p5022,20,83
0,p5023,88,76
0,p5024,39,30
0,p5025,16,64
0,p5026,5,62
0,p5027,92,46
0,p5028,15,37
0,p5029,86,37
0,p5030,78,84
0,p5031,57,14
0,p5032,46,16
0,p5033,9,45
0,p5034,29,65
0,p5035,58,47
0,p5036,10,97
0,p5037,58,91
0,p5038,67,43
0,p5039,98,15
0,p5040,3,27
0,p5041,26,13
0,p5042,36,58
0,p5043,71,51
0,p5044,5,8
0,p5045,18,16
0,p5046,43,30
0,p5047,62,96
0,p5048,56,50
0,p5049,93,44
0,p5050,96,5
0,p5051,32,40
0,p5052,73,60
0,p5053,65,90
0,p5054,99,90
0,p5055,98,100
0,p5056,30,5
0,p5057,50,96
0,p5058,90,3
0,p5059,27,37
0,p5060,29,52
0,p5061,4,85
0,p5062,93,24
0,p5063,62,78
0,p5064,44,50
0,p5065,33,61
0,p5066,74,99
0,p5067,9,57
0,p5068,49,81
0,p5069,52,28
0,p5070,51,86
0,p5071,77,30
0,p5072,15,100
0,p5073,19,24
0,p5074,25,32
0,p5075,39,21
0,p5076,21,88
0,p5077,67,13
0,p5078,48,11
0,p5079,36,3
0,p5080,43,72
0,p5081,73,23
0,p5082,69,99
0,p5083,41,40
0,p5084,26,5
0,p5085,51,43
0,p5086,21,72
0,p5087,47,100
0,p5088,9,45
0,p5089,44,17
0,p5090,7,20
0,p5091,14,39
0,p5092,72,59
0,p5093,56,78
0,p5094,41,70
0,p5095,45,36
0,p5096,16,70
0,p5097,41,63
0,p5098,85,76
0,p5099,55,78
0,p5100,58,50
0,p5101,14,81
0,p5102,24,78
0,p5103,93,91
0,p5104,61,45
0,p5105,54,21
0,p5106,26,1
0,p5107,89,59
0,p5108,82,60
0,p5109,72,50
0,p5110,61,77
0,p5111,26,50
0,p5112,6,57
0,p5113,11,27
0,p5114,57,36
0,p5115,43,67
0,p5116,28,63
0,p5117,19,44
0,p5118,46,78
0,p5119,69,49
0,p5120,38,31
0,p5121,4,90
0,p5122,20,35
0,p5123,67,19
0,p5124,39,62
0,p5125,36,72
0,p5126,33,8
0,p5127,61,7
0,p5128,36,54
0,p5129,2,81
0,p5130,13,1
0,p5131,53,28
0,p5132,35,74
0,p5133,67,10
0,p5134,31,9
0,p5135,34,29
0,p5136,75,7
0,p5137,37,27
0,p5138,84,89
0,p5139,96,43
0,p5140,97,73
0,p5141,94,41
0,p5142,4,91
0,p5143,29,2
0,p5144,54,28
0,p5145,29,7
0,p5146,79,63
0,p5147,24,46
0,p5148,46,21
0,p5149,3,14
0,p5150,26,57
0,p5151,35,12
0,p5152,68,75
0,p5153,53,27
0,p5154,98,60
0,p5155,31,81
0,p5156,23,30
0,p5157,31,88
0,p5158,27,16
0,p5159,41,97
0,p5160,9,90
0,p5161,71,27
0,p5162,32,63
0,p5163,14,48
0,p5164,96,41
0,p5165,81,61
0,p5166,81,9
0,p5167,92,24
0,p5168,4,59
0,p5169,24,23
0,p5170,15,92
0,p5171,41,47
0,p5172,88,9
0,p5173,38,41
0,p5174,40,18
0,p5175,98,37
0,p5176,6,71
0,p5177,72,35
0,p5178,38,77
0,p5179,38,98
0,p5180,26,33
0,p5181,43,36
0,p5182,47,17
0,p5183,72,98
0,p5184,84,95
0,p5185,7,25
0,p5186,40,73
0,p5187,89,70
0,p5188,22,25
0,p5189,82,94
0,p5190,95,32
0,p5191,97,14
0,p5192,66,71
0,p5193,73,91
0,p5194,37,25
0,p5195,71,58
0,p5196,58,65
0,p5197,51,89
0,p5198,81,95
0,p5199,45,62
0,p5200,25,41
0,p5201,42,22
0,p5202,69,67
0,p5203,26,61
0,p5204,72,91
0,p5205,22,30
0,p5206,75,20
0,p5207,92,31
0,p5208,60,36
0,p5209,5,83
0,p5210,72,96
0,p5211,50,41
0,p5212,15,87
0,p5213,66,69
0,p5214,66,21
0,p5215,31,90
0,p5216,59,80
0,p5217,1,26
0,p5218,91,90
0,p5219,50,82
0,p5220,46,30
0,p5221,53,4
0,p5222,56,58
0,p5223,88,25
0,p5224,59,79
0,p5225,1,90
0,p5226,57,85
0,p5227,54,39
0,p5228,64,59
0,p5229,59,22
0,p5230,37,73
0,p5231,30,99
0,p5232,45,89
0,p5233,63,98
0,p5234,33,12
0,p5235,24,32
0,p5236,12,55
0,p5237,64,71
0,p5238,91,81
0,p5239,82,12
0,p5240,88,31
0,p5241,11,81
0,p5242,19,26
0,p5243,21,42
0,p5244,42,67
0,p5245,48,63
0,p5246,44,41
0,p5247,84,24
0,p5248,86,30
0,p5249,34,72
0,p5250,87,73
0,p5251,68,89
0,p5252,73,36
0,p5253,63,14
0,p5254,96,34
0,p5255,66,67
0,p5256,74,12
0,p5257,79,17
0,p5258,66,99
0,p5259,16,68
0,p5260,86,97
0,p5261,62,82
0,p5262,54,6
0,p5263,91,89
0,p5264,7,33
0,p5265,60,48
0,p5266,50,85
0,p5267,86,56
0,p5268,62,18
0,p5269,95,63
0,p5270,59,57
0,p5271,44,6
0,p5272,11,76
0,p5273,37,99
0,p5274,37,32
0,p5275,69,72
0,p5276,86,71
0,p5277,4,25
0,p5278,41,43
0,p5279,21,36
0,p5280,12,73
0,p5281,8,70
0,p5282,55,90
0,p5283,73,82
0,p5284,90,58
0,p5285,3,90
0,p5286,38,88
0,p5287,59,62
0,p5288,4,45
0,p5289,20,9
0,p5290,45,88
0,p5291,74,94
0,p5292,49,47
0,p5293,19,45
0,p5294,90,60
0,p5295,67,34
0,p5296,25,42
0,p5297,45,27
0,p5298,48,71
0,p5299,70,85
0,p5300,39,9
0,p5301,55,53
0,p5302,58,69
0,p5303,84,81
0,p5304,1,94
0,p5305,14,54
0,p5306,22,44
0,p5307,83,25
0,p5308,9,27
0,p5309,46,34
0,p5310,91,59
0,p5311,25,20
0,p5312,11,12
0,p5313,96,94
0,p5314,37,33
0,p5315,51,88
0,p5316,60,68
0,p5317,4,94
0,p5318,32,65
0,p5319,44,78
0,p5320,28,48
0,p5321,6,67
0,p5322,58,83
0,p5323,39,10
0,p5324,50,6
0,p5325,20,13
0,p5326,25,58
0,p5327,95,42
0,p5328,22,80
0,p5329,95,36
0,p5330,5,86
0,p5331,56,30
0,p5332,92,14
0,p5333,96,87
0,p5334,43,30
0,p5335,97,80
0,p5336,65,2
0,p5337,34,32
0,p5338,46,25
0,p5339,17,94
0,p5340,84,46
0,p5341,88,69
0,p5342,28,11
0,p5343,70,65
0,p5344,62,19
0,p5345,77,34
0,p5346,100,73
0,p5347,82,76
0,p5348,79,99
0,p5349,42,85
0,p5350,40,29
0,p5351,19,49
0,p5352,80,39
0,p5353,48,6
0,p5354,45,8
0,p5355,21,12
0,p5356,6,81
0,p5357,11,12
0,p5358,83,89
0,p5359,87,44
0,p5360,89,8
0,p5361,89,79
0,p5362,16,27
0,p5363,84,65
0,p5364,19,71
0,p5365,51,86
0,p5366,98,59
0,p5367,99,65
0,p5368,6,89
0,p5369,49,77
0,p5370,26,55
0,p5371,38,68
0,p5372,14,82
0,p5373,68,38
0,p5374,65,83
0,p5375,21,98
0,p5376,74,16
0,p5377,68,91
0,p5378,17,1
0,p5379,55,69
0,p5380,2,95
0,p5381,35,42
0,p5382,19,1
0,p5383,54,65
0,p5384,60,14
0,p5385,55,78
0,p5386,17,76
0,p5387,25,13
0,p5388,14,93
0,p5389,84,64
0,p5390,13,4
0,p5391,40,94
0,p5392,51,22
0,p5393,44,39
0,p5394,53,74
0,p5395,33,100
0,p5396,69,19
0,p5397,96,63
0,p5398,9,23
0,p5399,14,46
0,p5400,54,94
0,p5401,33,88
0,p5402,58,9
0,p5403,18,67
0,p5404,25,38
0,p5405,3,5
0,p5406,65,18
0,p5407,61,92
0,p5408,45,48
0,p5409,1,71
0,p5410,91,93
0,p5411,85,43
0,p5412,91,81
0,p5413,76,1
0,p5414,4,87
0,p5415,53,2
0,p5416,79,28
0,p5417,100,46
0,p5418,41,4
0,p5419,60,29
0,p5420,37,1
0,p5421,96,69
0,p5422,16,98
0,p5423,78,79
0,p5424,30,2
0,p5425,7,22
0,p5426,10,15
0,p5427,7,32
0,p5428,60,34
0,p5429,94,32
0,p5430,56,69
0,p5431,76,8
0,p5432,46,28
0,p5433,52,39
0,p5434,54,21
0,p5435,93,65
0,p5436,33,7
0,p5437,74,42
0,p5438,33,4
0,p5439,63,67
0,p5440,71,23
0,p5441,26,65
0,p5442,93,18
0,p5443,53,35
0,p5444,3,56
0,p5445,47,26
0,p5446,74,43
0,p5447,69,1
0,p5448,47,86
0,p5449,50,8
0,p5450,17,57
0,p5451,3,62
0,p5452,94,53
0,p5453,24,65
0,p5454,53,96
0,p5455,14,35
0,p5456,11,89
0,p5457,45,69
0,p5458,4,86
0,p5459,99,41
0,p5460,88,32
0,p5461,88,38
0,p5462,92,88
0,p5463,17,6
0,p5464,13,14
0,p5465,12,22
0,p5466,72,96
0,p5467,87,22
0,p5468,56,89
0,p5469,33,7
0,p5470,63,10
0,p5471,42,93
0,p5472,3,62
0,p5473,96,56
0,p5474,89,64
0,p5475,29,27
0,p5476,57,65
0,p5477,68,55
0,p5478,52,1
0,p5479,24,41
0,p5480,23,80
0,p5481,30,24
0,p5482,86,36
0,p5483,61,57
0,p5484,98,46
0,p5485,43,92
0,p5486,35,53
0,p5487,30,14
0,p5488,1,20
0,p5489,98,40
0,p5490,85,28
0,p5491,22,51
0,p5492,22,50
0,p5493,86,90
0,p5494,82,6
0,p5495,77,41
0,p5496,66,96
0,p5497,10,97
0,p5498,93,95
0,p5499,60,19
0,p5500,58,87
0,p5501,54,43
0,p5502,87,33
0,p5503,12,19
0,p5504,64,37
0,p5505,47,74
0,p5506,69,2
0,p5507,85,97
0,p5508,8,40
0,p5509,74,82
0,p5510,62,42
0,p5511,33,14
0,p5512,27,12
0,p5513,35,78
0,p5514,57,48
0,p5515,87,75
0,p5516,14,26
0,p5517,11,46
0,p5518,21,6
0,p5519,30,43
0,p5520,56,55
0,p5521,76,81
0,p5522,49,42
0,p5523,60,4
0,p5524,82,1
0,p5525,37,70
0,p5526,24,63
0,p5527,79,27
0,p5528,54,39
0,p5529,69,5
0,p5530,4,99
0,p5531,77,55
0,p5532,74,7
0,p5533,9,49
0,p5534,21,66
0,p5535,31,71
0,p5536,80,74
0,p5537,67,53
0,p5538,3,34
0,p5539,88,30
0,p5540,68,46
0,p5541,81,26
0,p5542,71,87
0,p5543,73,55
0,p5544,4,80
0,p5545,18,59
0,p5546,89,36
0,p5547,32,91
0,p5548,53,61
0,p5549,91,82
0,p5550,47,43
0,p5551,88,63
0,p5552,70,92
0,p5553,6,47
0,p5554,23,63
0,p5555,59,76
0,p5556,2,50
0,p5557,48,62
0,p5558,75,34
0,p5559,43,19
0,p5560,88,23
0,p5561,96,55
0,p5562,21,23
0,p5563,56,58
0,p5564,63,17
0,p5565,31,94
0,p5566,87,30
0,p5567,60,46
0,p5568,97,17
0,p5569,75,67
0,p5570,92,62
0,p5571,71,32
0,p5572,35,71
0,p5573,67,41
0,p5574,6,73
0,p5575,54,53
0,p5576,15,29
0,p5577,41,56
0,p5578,26,16
0,p5579,21,97
0,p5580,90,86
0,p5581,51,24
0,p5582,96,25
0,p5583,40,81
0,p5584,2,14
0,p5585,81,64
0,p5586,76,63
0,p5587,29,36
0,p5588,11,77
0,p5589,71,21
0,p5590,22,98
0,p5591,15,63
0,p5592,26,79
0,p5593,20,60
0,p5594,24,77
0,p5595,39,12
0,p5596,71,63
0,p5597,88,40
0,p5598,81,28
0,p5599,3,97
0,p5600,69,55
0,p5601,30,54
0,p5602,71,20
0,p5603,81,74
0,p5604,44,28
0,p5605,55,37
0,p5606,46,3
0,p5607,55,4
0,p5608,100,54
0,p5609,25,62
0,p5610,6,83
0,p5611,9,35
0,p5612,58,23
0,p5613,27,93
0,p5614,33,21
0,p5615,34,68
0,p5616,84,73
0,p5617,21,16
0,p5618,40,73
0,p5619,90,22
0,p5620,4,50
0,p5621,49,50
0,p5622,63,5
0,p5623,53,10
0,p5624,81,90
0,p5625,17,64
0,p5626,47,56
0,p5627,6,95
0,p5628,9,76
0,p5629,5,6
0,p5630,18,35
0,p5631,49,77
0,p5632,86,6
0,p5633,53,20
0,p5634,80,54
0,p5635,62,44
0,p5636,62,93
0,p5637,100,50
0,p5638,31,27
0,p5639,80,15
0,p5640,74,40
0,p5641,87,96
0,p5642,18,90
0,p5643,11,75
0,p5644,42,56
0,p5645,33,65
0,p5646,28,33
0,p5647,9,68
0,p5648,35,58
0,p5649,95,60
0,p5650,78,100
0,p5651,55,44
0,p5652,77,64
0,p5653,95,48
0,p5654,87,93
0,p5655,13,31
0,p5656,100,31
0,p5657,88,30
0,p5658,66,73
0,p5659,75,81
0,p5660,76,57
0,p5661,55,66
0,p5662,80,65
0,p5663,36,30
0,p5664,55,73
0,p5665,48,79
0,p5666,28,90
0,p5667,84,6
0,p5668,60,72
0,p5669,27,64
0,p5670,35,14
0,p5671,70,64
0,p5672,29,19
0,p5673,58,9
0,p5674,74,2
0,p5675,84,33
0,p5676,46,55
0,p5677,74,52
0,p5678,71,48
0,p5679,66,14
0,p5680,50,1
0,p5681,60,51
0,p5682,65,22
0,p5683,53,66
0,p5684,11,54
0,p5685,90,88
0,p5686,3,45
0,p5687,16,98
0,p5688,81,14
0,p5689,66,38
0,p5690,48,96
0,p5691,98,32
0,p5692,63,32
0,p5693,76,60
0,p5694,3,91
0,p5695,18,94
0,p5696,12,59
0,p5697,55,41
0,p5698,47,58
0,p5699,63,29
0,p5700,25,70
0,p5701,81,53
0,p5702,63,90
0,p5703,8,30
0,p5704,31,43
0,p5705,64,48
0,p5706,30,38
0,p5707,89,87
0,p5708,95,9
0,p5709,78,71
0,p5710,26,45
0,p5711,40,48
0,p5712,46,78
0,p5713,94,19
0,p5714,83,31
0,p5715,74,87
0,p5716,91,36
0,p5717,38,95
0,p5718,91,46
0,p5719,47,32
0,p5720,92,76
0,p5721,15,50
0,p5722,59,5
0,p5723,100,84
0,p5724,19,61
0,p5725,6,43
0,p5726,37,60
0,p5727,35,42
0,p5728,91,31
0,p5729,87,17
0,p5730,46,31
0,p5731,56,3
0,p5732,33,70
0,p5733,55,68
0,p5734,19,46
0,p5735,5,58
0,p5736,59,56
0,p5737,85,9
0,p5738,56,64
0,p5739,76,26
0,p5740,69,84
0,p5741,22,99
0,p5742,17,23
0,p5743,19,8
0,p5744,34,23
0,p5745,91,28
0,p5746,8,83
0,p5747,96,43
0,p5748,64,59
0,p5749,15,79
0,p5750,42,45
0,p5751,80,43
0,p5752,37,94
0,p5753,17,8
0,p5754,34,94
0,p5755,81,30
0,p5756,41,93
0,p5757,27,54
0,p5758,28,85
0,p5759,82,85
0,p5760,87,95
0,p5761,31,38
0,p5762,64,65
0,p5763,40,49
0,p5764,40,24
0,p5765,46,2
0,p5766,3,92
0,p5767,18,61
0,p5768,50,66
0,p5769,77,52
0,p5770,70,87
0,p5771,83,15
0,p5772,95,13
0,p5773,91,3
0,p5774,37,57
0,p5775,27,54
0,p5776,11,15
0,p5777,63,91
0,p5778,69,96
0,p5779,6,5
0,p5780,75,50
0,p5781,33,94
0,p5782,14,75
0,p5783,41,9
0,p5784,57,38
0,p5785,93,44
0,p5786,9,18
0,p5787,90,54
0,p5788,7,49
0,p5789,68,98
0,p5790,70,35
0,p5791,22,44
0,p5792,82,99
0,p5793,84,45
0,p5794,3,69
0,p5795,100,38
0,p5796,26,32
0,p5797,87,82
0,p5798,87,17
0,p5799,75,29
0,p5800,44,52
0,p5801,63,58
0,p5802,76,44
0,p5803,7,19
0,p5804,23,82
0,p5805,80,61
0,p5806,84,99
0,p5807,65,76
0,p5808,41,48
0,p5809,30,63
0,p5810,42,43
0,p5811,99,58
0,p5812,18,21
0,p5813,45,14
0,p5814,61,47
0,p5815,94,19
0,p5816,38,49
0,p5817,5,65
0,p5818,6,45
0,p5819,47,60
0,p5820,76,23
0,p5821,26,67
0,p5822,98,75
0,p5823,44,20
0,p5824,96,11
0,p5825,30,96
0,p5826,15,25
0,p5827,80,55
0,p5828,61,95
0,p5829,91,31
0,p5830,77,2
0,p5831,89,50
0,p5832,2,48
0,p5833,23,79
0,p5834,7,57
0,p5835,65,91
0,p5836,83,77
0,p5837,58,98
0,p5838,14,58
0,p5839,45,56
0,p5840,23,45
0,p5841,94,53
0,p5842,70,72
0,p5843,60,75
0,p5844,59,15
0,p5845,55,32
0,p5846,52,8
0,p5847,71,10
0,p5848,30,13
0,p5849,54,1
0,p5850,72,4
0,p5851,24,72
0,p5852,60,72
0,p5853,6,57
0,p5854,59,88
0,p5855,20,71
0,p5856,32,58
0,p5857,57,10
0,p5858,58,87
0,p5859,1,71
0,p5860,17,97
0,p5861,36,72
0,p5862,3,30
0,p5863,57,80
0,p5864,84,64
0,p5865,34,14
0,p5866,77,95
0,p5867,57,78
0,p5868,28,59
0,p5869,99,8
0,p5870,65,15
0,p5871,89,19
0,p5872,13,19
0,p5873,43,100
0,p5874,11,72
0,p5875,95,100
0,p5876,58,66
0,p5877,31,3
0,p5878,84,28
0,p5879,45,64
0,p5880,42,52
0,p5881,92,12
0,p5882,4,2
0,p5883,98,44
0,p5884,75,62
0,p5885,56,16
0,p5886,36,47
0,p5887,4,68
0,p5888,72,50
0,p5889,83,11
0,p5890,45,3
0,p5891,60,53
0,p5892,24,20
0,p5893,88,83
0,p5894,94,26
0,p5895,10,3
0,p5896,47,72
0,p5897,97,1
0,p5898,60,50
0,p5899,68,98
0,p5900,74,11
0,p5901,41,72
0,p5902,30,21
0,p5903,87,64
0,p5904,81,93
0,p5905,90,61
0,p5906,6,36
0,p5907,92,77
0,p5908,80,91
0,p5909,68,21
0,p5910,60,28
0,p5911,49,47
0,p5912,60,49
0,p5913,26,38
0,p5914,59,84
0,p5915,100,76
0,p5916,20,91
0,p5917,45,93
0,p5918,72,64
0,p5919,99,85
0,p5920,1,60
0,p5921,19,12
0,p5922,17,16
0,p5923,97,3
0,p5924,91,17
0,p5925,43,78
0,p5926,78,20
0,p5927,96,22
0,p5928,8,47
0,p5929,17,3
0,p5930,37,71
0,p5931,91,81
0,p5932,89,93
0,p5933,45,38
0,p5934,98,71
0,p5935,67,61
0,p5936,80,43
0,p5937,40,42
0,p5938,51,26
0,p5939,56,31
0,p5940,90,71
0,p5941,6,90
0,p5942,64,5
0,p5943,76,34
0,p5944,71,32
0,p5945,71,55
0,p5946,94,46
0,p5947,48,7
0,p5948,18,46
0,p5949,37,91
0,p5950,45,58
0,p5951,13,71
0,p5952,4,72
0,p5953,52,46
0,p5954,67,10
0,p5955,63,15
0,p5956,34,23
0,p5957,87,15
0,p5958,4,84
0,p5959,41,84
0,p5960,44,34
0,p5961,94,75
0,p5962,71,14
0,p5963,40,81
0,p5964,87,13
0,p5965,83,50
0,p5966,42,88
0,p5967,55,93
0,p5968,28,37
0,p5969,1,58
0,p5970,77,15
0,p5971,55,25
0,p5972,33,50
0,p5973,74,72
0,p5974,14,58
0,p5975,13,46
0,p5976,1,55
0,p5977,89,27
0,p5978,91,56
0,p5979,1,68
0,p5980,89,34
0,p5981,1,13
0,p5982,65,34
0,p5983,47,54
0,p5984,2,80
0,p5985,80,36
0,p5986,19,52
0,p5987,53,94
0,p5988,60,5
0,p5989,94,56
0,p5990,55,66
0,p5991,29,17
0,p5992,92,73
0,p5993,84,68
0,p5994,32,69
0,p5995,94,5
0,p5996,65,28
0,p5997,66,63
0,p5998,91,21
0,p5999,28,54
0,p6000,12,60
0,p6001,30,19
0,p6002,36,82
0,p6003,28,71
0,p6004,12,51
0,p6005,94,87
0,p6006,69,48
0,p6007,88,84
0,p6008,98,4
0,p6009,45,82
0,p6010,32,46
0,p6011,35,49
0,p6012,24,20
0,p6013,64,2
0,p6014,10,88
0,p6015,82,54
0,p6016,22,75
0,p6017,94,100
0,p6018,76,18
0,p6019,40,31
0,p6020,64,90
0,p6021,23,71
0,p6022,87,80
0,p6023,1,75
0,p6024,7,99
0,p6025,7,65
0,p6026,92,45
0,p6027,83,99
0,p6028,3,73
0,p6029,23,66
0,p6030,19,72
0,p6031,98,84
0,p6032,25,13
0,p6033,97,28
0,p6034,43,39
0,p6035,61,100
0,p6036,41,31
0,p6037,69,57
0,p6038,27,51
0,p6039,19,79
0,p6040,20,52
0,p6041,6,60
0,p6042,85,93
0,p6043,98,29
0,p6044,44,99
0,p6045,94,2
0,p6046,31,8
0,p6047,27,24
0,p6048,26,8
0,p6049,16,81
0,p6050,13,11
0,p6051,85,100
0,p6052,97,55
0,p6053,95,23
0,p6054,94,25
0,p6055,85,3
0,p6056,85,33
0,p6057,88,41
0,p6058,49,87
0,p6059,29,13
0,p6060,78,45
0,p6061,56,4
0,p6062,91,83
0,p6063,83,5
0,p6064,36,60
0,p6065,80,70
0,p6066,49,57
0,p6067,36,73
0,p6068,3,47
0,p6069,80,72
0,p6070,70,9
0,p6071,53,11
0,p6072,97,98
0,p6073,31,94
0,p6074,94,18
0,p6075,58,67
0,p6076,3,84
0,p6077,92,60
0,p6078,18,37
0,p6079,57,72
0,p6080,44,77
0,p6081,64,65
0,p6082,66,82
0,p6083,32,95
0,p6084,83,25
0,p6085,88,39
0,p6086,79,74
0,p6087,100,2
0,p6088,65,89
0,p6089,37,22
0,p6090,88,36
0,p6091,75,19
0,p6092,92,3
0,p6093,80,7
0,p6094,42,33
0,p6095,93,67
0,p6096,45,56
0,p6097,21,36
0,p6098,29,93
0,p6099,16,98
0,p6100,68,35
0,p6101,76,51
0,p6102,83,4
0,p6103,90,26
0,p6104,74,59
0,p6105,88,58
0,p6106,57,33
0,p6107,42,77
0,p6108,99,43
0,p6109,34,32
0,p6110,41,92
0,p6111,75,58
0,p6112,8,40
0,p6113,34,6
0,p6114,67,72
0,p6115,5,6
0,p6116,22,7
0,p6117,80,24
0,p6118,29,92
0,p6119,31,81
0,p6120,11,67
0,p6121,81,8
0,p6122,32,84
0,p6123,41,96
0,p6124,1,68
0,p6125,16,59
0,p6126,69,42
0,p6127,22,2
0,p6128,11,12
0,p6129,77,89
0,p6130,48,66
0,p6131,82,20
0,p6132,19,38
0,p6133,89,88
0,p6134,30,12
0,p6135,90,65
0,p6136,3,90
0,p6137,71,34
0,p6138,3,72
0,p6139,23,53
0,p6140,99,86
0,p6141,67,19
0,p6142,21,85
0,p6143,4,37
0,p6144,34,1
0,p6145,100,11
0,p6146,18,93
0,p6147,49,55
0,p6148,79,97
0,p6149,23,87
0,p6150,15,57
0,p6151,12,96
0,p6152,83,27
0,p6153,42,77
0,p6154,22,41
0,p6155,10,29
0,p6156,12,22
0,p6157,32,82
0,p6158,83,12
0,p6159,95,84
0,p6160,51,44
0,p6161,7,45
0,p6162,42,78
0,p6163,62,1
0,p6164,49,90
0,p6165,12,32
0,p6166,61,21
0,p6167,52,53
0,p6168,86,34
0,p6169,12,7
0,p6170,5,58
0,p6171,81,85
0,p6172,79,56
0,p6173,96,15
0,p6174,83,95
0,p6175,95,58
0,p6176,50,27
0,p6177,23,66
0,p6178,76,51
0,p6179,84,20
0,p6180,79,10
0,p6181,95,42
0,p6182,33,94
0,p6183,50,14
0,p6184,59,14
0,p6185,83,43
0,p6186,35,16
0,p6187,5,2
0,p6188,71,91
0,p6189,64,63
0,p6190,62,78
0,p6191,36,65
0,p6192,33,82
0,p6193,55,12
0,p6194,57,17
0,p6195,15,65
0,p6196,59,34
0,p6197,91,63
0,p6198,86,73
0,p6199,55,67
0,p6200,76,87
0,p6201,45,6
0,p6202,91,20
0,p6203,47,51
0,p6204,43,77
0,p6205,98,91
0,p6206,60,53
0,p6207,86,18
0,p6208,28,3
0,p6209,10,28
0,p6210,61,42
0,p6211,21,3
0,p6212,41,28
0,p6213,6,88
0,p6214,26,81
0,p6215,97,41
0,p6216,95,97
0,p6217,90,74
0,p6218,24,96
0,p6219,16,67
0,p6220,63,32
0,p6221,14,77
0,p6222,71,56
0,p6223,37,2
0,p6224,32,88
0,p6225,51,96
0,p6226,85,15
0,p6227,7,67
0,p6228,28,95
0,p6229,4,88
0,p6230,37,15
0,p6231,53,75
0,p6232,94,9
0,p6233,37,17
0,p6234,54,14
0,p6235,63,51
0,p6236,31,94
0,p6237,100,79
0,p6238,5,84
0,p6239,37,57
0,p6240,25,58
0,p6241,24,15
0,p6242,35,8
0,p6243,25,77
0,p6244,97,92
0,p6245,100,30
0,p6246,7,34
0,p6247,25,43
0,p6248,92,21
0,p6249,81,75
0,p6250,20,26
0,p6251,87,10
0,p6252,35,93
0,p6253,67,28
0,p6254,61,21
0,p6255,27,45
0,p6256,99,27
0,p6257,71,67
0,p6258,72,12
0,p6259,93,72
0,p6260,63,57
0,p6261,44,71
0,p6262,53,9
0,p6263,18,97
0,p6264,64,22
0,p6265,27,48
0,p6266,6,34
0,p6267,12,35
0,p6268,26,42
0,p6269,2,25
0,p6270,78,86
0,p6271,39,93
0,p6272,27,68
0,p6273,89,75
0,p6274,55,96
0,p6275,88,72
0,p6276,52,3
0,p6277,78,22
0,p6278,33,36
0,p6279,54,65
0,p6280,78,52
0,p6281,89,72
0,p6282,69,29
0,p6283,18,85
0,p6284,41,62
0,p6285,87,70
0,p6286,27,81
0,p6287,93,75
0,p6288,56,75
0,p6289,65,91
0,p6290,11,81
0,p6291,25,12
0,p6292,17,100
0,p6293,15,78
0,p6294,37,17
0,p6295,17,97
0,p6296,56,8
0,p6297,50,32
0,p6298,14,49
0,p6299,49,27
0,p6300,58,54
0,p6301,37,42
0,p6302,92,52
0,p6303,84,7
0,p6304,85,5
0,p6305,59,14
0,p6306,14,83
0,p6307,10,12
0,p6308,40,70
0,p6309,59,7
0,p6310,72,71
0,p6311,15,8
0,p6312,68,58
0,p6313,48,85
0,p6314,13,4
0,p6315,31,94
0,p6316,78,100
0,p6317,1,22
0,p6318,56,77
0,p6319,84,47
0,p6320,55,39
0,p6321,32,51
0,p6322,4,6
0,p6323,64,47
0,p6324,71,29
0,p6325,39,53
0,p6326,83,98
0,p6327,63,4
0,p6328,74,68
0,p6329,55,80
0,p6330,85,63
0,p6331,26,29
0,p6332,13,52
0,p6333,54,26
0,p6334,34,10
0,p6335,10,46
0,p6336,92,36
0,p6337,78,100
0,p6338,35,9
0,p6339,75,7
0,p6340,27,96
0,p6341,31,9
0,p6342,41,71
0,p6343,66,24
0,p6344,37,99
0,p6345,81,15
0,p6346,46,68
0,p6347,55,100
0,p6348,8,77
0,p6349,1,88
0,p6350,71,4
0,p6351,97,39
0,p6352,2,21
0,p6353,66,4
0,p6354,26,75
0,p6355,65,60
0,p6356,99,79
0,p6357,34,100
0,p6358,43,94
0,p6359,63,56
0,p6360,41,13
0,p6361,34,86
0,p6362,68,60
0,p6363,56,1
0,p6364,44,100
0,p6365,60,61
0,p6366,97,100
0,p6367,70,60
0,p6368,42,17
0,p6369,9,81
0,p6370,75,51
0,p6371,13,10
0,p6372,77,53
0,p6373,18,77
0,p6374,91,68
0,p6375,42,36
0,p6376,85,100
0,p6377,45,23
0,p6378,74,40
0,p6379,17,61
0,p6380,26,32
0,p6381,48,20
0,p6382,82,66
0,p6383,87,92
0,p6384,1,84
0,p6385,77,40
0,p6386,89,87
0,p6387,75,49
0,p6388,94,3
0,p6389,72,91
0,p6390,62,24
0,p6391,64,3
0,p6392,22,31
0,p6393,74,58
0,p6394,86,100
0,p6395,52,59
0,p6396,26,8
0,p6397,5,69
0,p6398,93,70
0,p6399,33,70
0,p6400,43,75
0,p6401,58,19
0,p6402,57,11
0,p6403,94,22
0,p6404,81,48
0,p6405,56,38
0,p6406,92,58
0,p6407,65,72
0,p6408,48,59
0,p6409,13,63
0,p6410,43,88
0,p6411,49,29
0,p6412,84,51
0,p6413,17,26
0,p6414,87,7
0,p6415,51,82
0,p6416,96,29
0,p6417,23,24
0,p6418,31,9
0,p6419,9,71
0,p6420,83,90
0,p6421,33,17
0,p6422,74,3
0,p6423,37,47
0,p6424,68,99
0,p6425,24,61
0,p6426,68,41
0,p6427,69,50
0,p6428,73,2
0,p6429,68,32
0,p6430,46,59
0,p6431,85,35
0,p6432,51,15
0,p6433,82,49
0,p6434,90,37
0,p6435,47,64
0,p6436,8,27
0,p6437,29,93
0,p6438,83,68
0,p6439,19,84
0,p6440,63,9
0,p6441,2,66
0,p6442,99,86
0,p6443,13,33
0,p6444,20,72
0,p6445,69,29
0,p6446,80,46
0,p6447,97,38
0,p6448,34,69
0,p6449,92,77
0,p6450,45,21
0,p6451,37,100
0,p6452,57,32
0,p6453,65,11
0,p6454,73,57
0,p6455,76,35
0,p6456,58,82
0,p6457,73,88
0,p6458,92,77
0,p6459,19,7
0,p6460,70,20
0,p6461,62,98
0,p6462,12,21
0,p6463,10,40
0,p6464,23,75
0,p6465,83,85
0,p6466,36,78
0,p6467,6,81
0,p6468,49,17
0,p6469,61,56
0,p6470,33,76
0,p6471,75,2
0,p6472,29,96
0,p6473,85,88
0,p6474,53,90
0,p6475,73,6
0,p6476,41,64
0,p6477,73,76
0,p6478,61,94
0,p6479,64,81
0,p6480,31,6
0,p6481,36,72
0,p6482,47,7
0,p6483,60,91
0,p6484,41,86
0,p6485,85,40
0,p6486,89,100
0,p6487,70,81
0,p6488,54,2
0,p6489,96,85
0,p6490,98,79
0,p6491,30,66
0,p6492,55,78
0,p6493,23,84
0,p6494,31,100
0,p6495,73,93
0,p6496,11,83
0,p6497,25,12
0,p6498,44,83
0,p6499,98,5
0,p6500,44,74
0,p6501,29,47
0,p6502,65,68
0,p6503,97,49
0,p6504,29,90
0,p6505,52,59
0,p6506,88,51
0,p6507,6,65
0,p6508,24,67
0,p6509,10,90
0,p6510,63,71
0,p6511,4,6
0,p6512,69,2
0,p6513,75,64
0,p6514,99,24
0,p6515,60,84
0,p6516,90,31
0,p6517,25,11
0,p6518,35,12
0,p6519,76,75
0,p6520,27,95
0,p6521,44,72
0,p6522,94,16
0,p6523,89,8
0,p6524,50,80
0,p6525,85,42
0,p6526,12,31
0,p6527,74,40
0,p6528,83,8
0,p6529,2,12
0,p6530,40,18
0,p6531,63,9
0,p6532,54,24
0,p6533,99,30
0,p6534,73,59
0,p6535,56,15
0,p6536,100,32
0,p6537,36,71
0,p6538,69,11
0,p6539,49,66
0,p6540,9,31
0,p6541,17,63
0,p6542,23,52
0,p6543,84,25
0,p6544,51,95
0,p6545,73,10
0,p6546,13,78
0,p6547,41,1
0,p6548,95,80
0,p6549,100,55
0,p6550,97,81
0,p6551,15,90
0,p6552,30,14
0,p6553,6,66
0,p6554,37,77
0,p6555,42,17
0,p6556,75,99
0,p6557,37,15
0,p6558,40,58
0,p6559,17,56
0,p6560,53,44
0,p6561,94,39
0,p6562,44,1
0,p6563,87,46
0,p6564,69,11
0,p6565,26,41
0,p6566,3,17
0,p6567,35,7
0,p6568,87,36
0,p6569,89,83
0,p6570,92,37
0,p6571,62,85
0,p6572,72,40
0,p6573,45,22
0,p6574,68,46
0,p6575,66,41
0,p6576,15,32
0,p6577,13,53
0,p6578,70,26
0,p6579,96,26
0,p6580,76,3
0,p6581,11,15
0,p6582,70,42
0,p6583,24,97
0,p6584,79,28
0,p6585,46,96
0,p6586,49,14
0,p6587,68,14
0,p6588,78,85
0,p6589,26,45
0,p6590,99,6
0,p6591,99,61
0,p6592,91,31
0,p6593,91,19
0,p6594,6,72
0,p6595,74,26
0,p6596,35,58
0,p6597,22,24
0,p6598,48,71
0,p6599,55,43
0,p6600,70,2
0,p6601,60,65
0,p6602,2,61
0,p6603,51,40
0,p6604,73,17
0,p6605,5,72
0,p6606,29,43
0,p6607,54,77
0,p6608,16,72
0,p6609,3,51
0,p6610,65,100
0,p6611,46,42
0,p6612,49,100
0,p6613,51,19
0,p6614,93,38
0,p6615,3,22
0,p6616,75,9
0,p6617,97,59
0,p6618,94,22
0,p6619,75,40
0,p6620,3,25
0,p6621,45,70
0,p6622,67,15
0,p6623,41,46
0,p6624,51,89
0,p6625,9,52
0,p6626,100,7
0,p6627,60,85
0,p6628,73,63
0,p6629,30,83
0,p6630,66,18
0,p6631,71,72
0,p6632,2,6
0,p6633,16,65
0,p6634,86,76
0,p6635,51,6
0,p6636,22,92
0,p6637,69,51
0,p6638,90,93
0,p6639,97,26
0,p6640,65,18
0,p6641,46,10
0,p6642,38,65
0,p6643,32,47
0,p6644,8,81
0,p6645,83,20
0,p6646,72,18
0,p6647,20,100
0,p6648,68,77
0,p6649,20,90
0,p6650,75,16
0,p6651,61,98
0,p6652,3,23
0,p6653,4,74
0,p6654,94,21
0,p6655,56,55
0,p6656,50,55
0,p6657,64,40
0,p6658,47,77
0,p6659,24,79
0,p6660,41,18
0,p6661,44,84
0,p6662,97,99
0,p6663,100,74
0,p6664,44,20
0,p6665,12,24
0,p6666,26,73
0,p6667,25,93
0,p6668,47,44
0,p6669,51,84
0,p6670,75,8
0,p6671,32,52
0,p6672,92,12
0,p6673,22,54
0,p6674,49,84
0,p6675,24,27
0,p6676,20,77
0,p6677,18,29
0,p6678,57,2
0,p6679,83,33
0,p6680,82,73
0,p6681,84,70
0,p6682,30,81
0,p6683,60,89
0,p6684,73,68
0,p6685,22,8
0,p6686,67,99
0,p6687,2,51
0,p6688,78,99
0,p6689,25,85
0,p6690,43,86
0,p6691,33,83
0,p6692,5,47
0,p6693,3,21
0,p6694,34,40
0,p6695,57,51
0,p6696,29,87
0,p6697,7,4
0,p6698,100,68
0,p6699,16,66
0,p6700,72,43
0,p6701,99,94
0,p6702,49,48
0,p6703,97,87
0,p6704,53,35
0,p6705,79,5
0,p6706,52,89
0,p6707,8,41
0,p6708,83,71
0,p6709,92,97
0,p6710,4,86
0,p6711,34,20
0,p6712,12,18
0,p6713,37,89
0,p6714,48,11
0,p6715,11,7
0,p6716,49,48
0,p6717,68,32
0,p6718,25,49
0,p6719,84,15
0,p6720,37,47
0,p6721,95,25
0,p6722,82,25
0,p6723,95,44
0,p6724,52,19
0,p6725,56,61
0,p6726,40,72
0,p6727,24,17
0,p6728,83,40
0,p6729,26,63
0,p6730,11,42
0,p6731,56,86
0,p6732,100,56
0,p6733,52,21
0,p6734,25,88
0,p6735,38,72
0,p6736,77,4
0,p6737,73,50
0,p6738,59,49
0,p6739,71,29
0,p6740,79,87
0,p6741,70,7
0,p6742,25,74
0,p6743,3,93
0,p6744,17,96
0,p6745,32,80
0,p6746,71,33
0,p6747,51,69
0,p6748,2,99
0,p6749,80,68
0,p6750,95,97
0,p6751,34,62
0,p6752,76,83
0,p6753,40,75
0,p6754,12,48
0,p6755,30,16
0,p6756,48,57
0,p6757,45,87
0,p6758,6,62
0,p6759,25,72
0,p6760,62,67
0,p6761,96,40
0,p6762,19,80
0,p6763,69,54
0,p6764,77,72
0,p6765,91,94
0,p6766,45,77
0,p6767,29,50
0,p6768,30,23
0,p6769,59,29
0,p6770,9,33
0,p6771,42,61
0,p6772,99,87
0,p6773,53,71
0,p6774,17,40
0,p6775,36,47
0,p6776,90,9
0,p6777,42,88
0,p6778,86,17
0,p6779,87,70
0,p6780,95,41
0,p6781,1,65
0,p6782,29,19
0,p6783,64,28
0,p6784,67,48
0,p6785,85,99
0,p6786,89,43
0,p6787,93,98
0,p6788,5,83
0,p6789,38,49
0,p6790,37,82
0,p6791,2,40
0,p6792,29,91
0,p6793,24,94
0,p6794,42,92
0,p6795,48,20
0,p6796,98,50
0,p6797,59,84
0,p6798,4,79
0,p6799,13,84
0,p6800,7,94
0,p6801,66,43
0,p6802,33,52
0,p6803,34,79
0,p6804,97,99
0,p6805,26,22
0,p6806,83,33
0,p6807,65,46
0,p6808,73,49
0,p6809,39,75
0,p6810,73,58
0,p6811,94,15
0,p6812,98,68
0,p6813,64,2
0,p6814,85,21
0,p6815,57,22
0,p6816,3,79
0,p6817,70,17
0,p6818,92,86
0,p6819,9,12
0,p6820,90,89
0,p6821,12,58
0,p6822,12,87
0,p6823,83,52
0,p6824,59,16
0,p6825,19,51
0,p6826,11,82
0,p6827,3,27
0,p6828,84,5
0,p6829,23,57
0,p6830,2,58
0,p6831,21,56
0,p6832,38,10
0,p6833,88,20
0,p6834,36,55
0,p6835,99,40
0,p6836,42,51
0,p6837,89,38
0,p6838,66,86
0,p6839,94,71
0,p6840,39,60
0,p6841,3,1
0,p6842,6,84
0,p6843,83,76
0,p6844,32,61
0,p6845,2,87
0,p6846,51,33
0,p6847,67,44
0,p6848,71,46
0,p6849,69,47
0,p6850,65,8
0,p6851,11,82
0,p6852,30,65
0,p6853,34,3
0,p6854,84,66
0,p6855,41,82
0,p6856,31,64
0,p6857,25,62
0,p6858,27,51
0,p6859,75,57
0,p6860,23,97
0,p6861,73,52
0,p6862,20,62
0,p6863,48,61
0,p6864,84,71
0,p6865,23,29
0,p6866,40,62
0,p6867,93,59
0,p6868,51,21
0,p6869,40,7
0,p6870,90,17
0,p6871,36,69
0,p6872,61,10
0,p6873,76,95
0,p6874,75,20
0,p6875,35,73
0,p6876,45,7
0,p6877,54,83
0,p6878,31,85
0,p6879,92,1
0,p6880,91,87
0,p6881,68,4
0,p6882,79,67
0,p6883,90,39
0,p6884,87,41
0,p6885,86,21
0,p6886,23,70
0,p6887,8,4
0,p6888,17,48
0,p6889,66,78
0,p6890,2,54
0,p6891,7,94
0,p6892,12,71
0,p6893,35,44
0,p6894,45,68
0,p6895,90,86
0,p6896,92,44
0,p6897,6,93
0,p6898,92,91
0,p6899,76,28
0,p6900,96,37
0,p6901,28,54
0,p6902,89,87
0,p6903,49,35
0,p6904,10,73
0,p6905,30,98
0,p6906,6,90
0,p6907,46,91
0,p6908,59,83
0,p6909,44,78
0,p6910,9,89
0,p6911,60,27
0,p6912,69,55
0,p6913,11,98
0,p6914,34,18
0,p6915,57,99
0,p6916,98,79
0,p6917,35,26
0,p6918,22,66
0,p6919,98,32
0,p6920,29,64
0,p6921,66,28
0,p6922,71,94
0,p6923,23,27
0,p6924,15,36
0,p6925,17,33
0,p6926,78,30
0,p6927,92,13
0,p6928,78,4
0,p6929,59,99
0,p6930,1,85
0,p6931,35,6
0,p6932,51,77
0,p6933,54,9
0,p6934,77,36
0,p6935,19,65
0,p6936,78,15
0,p6937,5,85
0,p6938,26,62
0,p6939,75,9
0,p6940,47,23
0,p6941,25,65
0,p6942,31,25
0,p6943,26,29
0,p6944,3,20
0,p6945,13,44
0,p6946,26,76
0,p6947,53,13
0,p6948,25,74
0,p6949,90,93
0,p6950,43,71
0,p6951,84,26
0,p6952,30,49
0,p6953,64,17
0,p6954,69,78
0,p6955,20,23
0,p6956,98,51
0,p6957,61,82
0,p6958,82,30
0,p6959,64,1
0,p6960,10,8
0,p6961,77,63
0,p6962,7,6
0,p6963,87,7
0,p6964,24,4
0,p6965,72,77
0,p6966,44,16
0,p6967,55,53
0,p6968,89,25
0,p6969,5,68
0,p6970,19,29
0,p6971,23,31
0,p6972,13,16
0,p6973,34,3
0,p6974,41,82
0,p6975,22,75
0,p6976,79,7
0,p6977,10,31
0,p6978,58,6
0,p6979,64,68
0,p6980,26,49
0,p6981,23,30
0,p6982,86,45
0,p6983,94,66
0,p6984,7,91
0,p6985,24,15
0,p6986,63,72
0,p6987,24,62
0,p6988,42,67
0,p6989,29,26
0,p6990,88,8
0,p6991,2,97
0,p6992,85,78
0,p6993,67,36
0,p6994,76,90
0,p6995,81,86
0,p6996,37,23
0,p6997,94,68
0,p6998,28,13
0,p6999,32,38
0,p7000,37,26
0,p7001,93,86
0,p7002,88,20
0,p7003,25,23
0,p7004,32,27
0,p7005,56,21
0,p7006,27,77
0,p7007,18,86
0,p7008,55,64
0,p7009,1,68
0,p7010,5,62
0,p7011,33,34
0,p7012,17,47
0,p7013,85,100
0,p7014,86,99
0,p7015,47,68
0,p7016,10,25
0,p7017,51,99
0,p7018,74,5
0,p7019,79,71
0,p7020,27,90
0,p7021,67,36
0,p7022,21,92
0,p7023,96,21
0,p7024,72,45
0,p7025,14,98
0,p7026,74,8
0,p7027,18,85
0,p7028,40,95
0,p7029,54,12
0,p7030,93,88
0,p7031,98,50
0,p7032,25,86
0,p7033,11,99
0,p7034,61,36
0,p7035,5,47
0,p7036,78,23
0,p7037,77,86
0,p7038,96,69
0,p7039,25,68
0,p7040,89,78
0,p7041,18,29
0,p7042,39,30
0,p7043,20,19
0,p7044,85,69
0,p7045,96,42
0,p7046,63,8
0,p7047,81,75
0,p7048,13,56
0,p7049,15,88
0,p7050,98,53
0,p7051,74,22
0,p7052,37,79
0,p7053,45,12
0,p7054,21,26
0,p7055,21,75
0,p7056,25,8
0,p7057,81,14
0,p7058,79,6
0,p7059,76,19
0,p7060,36,11
0,p7061,2,13
0,p7062,50,36
0,p7063,86,76
0,p7064,54,55
0,p7065,25,8
0,p7066,95,88
0,p7067,77,35
0,p7068,96,25
0,p7069,76,36
0,p7070,21,29
0,p7071,4,81
0,p7072,67,48
0,p7073,74,18
0,p7074,23,2
0,p7075,67,36
0,p7076,90,26
0,p7077,57,21
0,p7078,32,50
0,p7079,82,74
0,p7080,1,69
0,p7081,56,26
0,p7082,35,82
0,p7083,98,81
0,p7084,100,4
0,p7085,94,28
0,p7086,2,12
0,p7087,87,9
0,p7088,82,56
0,p7089,85,26
0,p7090,90,84
0,p7091,63,42
0,p7092,98,14
0,p7093,66,44
0,p7094,78,89
0,p7095,96,76
0,p7096,10,93
0,p7097,15,7
0,p7098,6,47
0,p7099,99,54
0,p7100,16,45
0,p7101,96,69
0,p7102,14,24
0,p7103,42,24
0,p7104,28,62
0,p7105,6,16
0,p7106,57,66
0,p7107,31,39
0,p7108,6,56
0,p7109,57,92
0,p7110,21,35
0,p7111,27,10
0,p7112,62,28
0,p7113,68,96
0,p7114,26,60
0,p7115,76,25
0,p7116,67,42
0,p7117,17,98
0,p7118,3,49
0,p7119,65,27
0,p7120,82,27
0,p7121,99,12
0,p7122,61,51
0,p7123,25,14
0,p7124,33,16
0,p7125,13,70
0,p7126,16,17
0,p7127,62,37
0,p7128,40,67
0,p7129,25,87
0,p7130,43,95
0,p7131,77,40
0,p7132,17,54
0,p7133,92,5
0,p7134,3,43
0,p7135,12,24
0,p7136,52,85
0,p7137,10,43
0,p7138,42,53
0,p7139,10,6
0,p7140,36,50
0,p7141,19,17
0,p7142,70,23
0,p7143,75,49
0,p7144,71,53
0,p7145,90,95
0,p7146,96,30
0,p7147,67,35
0,p7148,97,58
0,p7149,36,34
0,p7150,7,99
0,p7151,1,19
0,p7152,69,94
0,p7153,4,54
0,p7154,34,36
0,p7155,7,64
0,p7156,78,1
0,p7157,78,26
0,p7158,44,31
0,p7159,99,84
0,p7160,29,72
0,p7161,63,44
0,p7162,55,85
0,p7163,96,62
0,p7164,49,9
0,p7165,41,64
0,p7166,60,84
0,p7167,62,5
0,p7168,16,35
0,p7169,30,70
0,p7170,48,76
0,p7171,31,55
0,p7172,10,84
0,p7173,60,29
0,p7174,98,21
0,p7175,95,16
0,p7176,16,54
0,p7177,35,84
0,p7178,39,11
0,p7179,24,38
0,p7180,11,78
0,p7181,10,22
0,p7182,26,22
0,p7183,35,54
0,p7184,50,29
0,p7185,36,41
0,p7186,96,43
0,p7187,22,10
0,p7188,54,55
0,p7189,45,59
0,p7190,27,17
0,p7191,88,1
0,p7192,83,28
0,p7193,42,2
0,p7194,61,45
0,p7195,41,10
0,p7196,36,65
0,p7197,46,33
0,p7198,27,56
0,p7199,1,60
0,p7200,16,80
0,p7201,45,36
0,p7202,16,22
0,p7203,28,51
0,p7204,67,64
0,p7205,12,99
0,p7206,65,25
0,p7207,13,54
0,p7208,12,64
0,p7209,18,94
0,p7210,58,73
0,p7211,84,65
0,p7212,95,91
0,p7213,72,93
0,p7214,61,32
0,p7215,58,32
0,p7216,23,68
0,p7217,60,45
0,p7218,90,15
0,p7219,49,71
0,p7220,93,61
0,p7221,14,61
0,p7222,55,22
0,p7223,83,16
0,p7224,25,61
0,p7225,63,90
0,p7226,14,98
0,p7227,78,16
0,p7228,63,67
0,p7229,70,35
0,p7230,51,38
0,p7231,41,91
0,p7232,85,20
0,p7233,9,79
0,p7234,84,95
0,p7235,67,53
0,p7236,49,16
0,p7237,64,2
0,p7238,13,69
0,p7239,59,66
0,p7240,56,18
0,p7241,86,87
0,p7242,28,32
0,p7243,33,15
0,p7244,51,95
0,p7245,46,90
0,p7246,42,5
0,p7247,42,41
0,p7248,22,50
0,p7249,31,53
0,p7250,42,12
0,p7251,94,2
0,p7252,33,42
0,p7253,35,83
0,p7254,59,3
0,p7255,66,48
0,p7256,88,43
0,p7257,88,39
0,p7258,12,68
0,p7259,54,15
0,p7260,2,91
0,p7261,68,30
0,p7262,39,85
0,p7263,25,61
0,p7264,78,84
0,p7265,12,36
0,p7266,68,24
0,p7267,11,94
0,p7268,78,38
0,p7269,94,35
0,p7270,20,54
0,p7271,38,71
0,p7272,64,72
0,p7273,97,93
0,p7274,22,26
0,p7275,93,48
0,p7276,73,24
0,p7277,28,100
0,p7278,61,40
0,p7279,85,55
0,p7280,28,90
0,p7281,73,65
0,p7282,31,69
0,p7283,56,23
0,p7284,76,12
0,p7285,85,7
0,p7286,35,13
0,p7287,81,78
0,p7288,40,53
0,p7289,82,19
0,p7290,59,33
0,p7291,89,49
0,p7292,48,49
0,p7293,70,40
0,p7294,2,91
0,p7295,69,75
0,p7296,37,51
0,p7297,43,34
0,p7298,31,79
0,p7299,86,88
0,p7300,93,61
0,p7301,20,15
0,p7302,28,87
0,p7303,89,16
0,p7304,56,11
0,p7305,74,47
0,p7306,88,9
0,p7307,69,85
0,p7308,11,65
0,p7309,83,34
0,p7310,72,46
0,p7311,65,41
0,p7312,82,85
0,p7313,24,63
0,p7314,45,28
0,p7315,14,56
0,p7316,40,94
0,p7317,84,85
0,p7318,13,10
0,p7319,18,29
0,p7320,11,82
0,p7321,7,63
0,p7322,47,96
0,p7323,21,9
0,p7324,57,76
0,p7325,70,14
0,p7326,56,51
0,p7327,30,11
0,p7328,48,37
0,p7329,39,25
0,p7330,35,26
0,p7331,72,83
0,p7332,39,42
0,p7333,12,59
0,p7334,7,53
0,p7335,4,65
0,p7336,14,70
0,p7337,73,2
0,p7338,20,28
0,p7339,8,54
0,p7340,99,33
0,p7341,89,17
0,p7342,100,81
0,p7343,56,50
0,p7344,24,63
0,p7345,59,51
0,p7346,41,86
0,p7347,41,26
0,p7348,11,85
0,p7349,81,30
0,p7350,86,94
0,p7351,84,99
0,p7352,43,34
0,p7353,78,83
0,p7354,41,57
0,p7355,59,23
0,p7356,3,54
0,p7357,7,15
0,p7358,72,47
0,p7359,58,62
0,p7360,98,60
0,p7361,7,65
0,p7362,16,42
0,p7363,58,18
0,p7364,53,81
0,p7365,70,79
0,p7366,72,35
0,p7367,21,98
0,p7368,18,16
0,p7369,22,42
0,p7370,88,51
0,p7371,66,79
0,p7372,82,31
0,p7373,100,83
0,p7374,98,2
0,p7375,19,74
0,p7376,96,13
0,p7377,75,20
0,p7378,63,41
0,p7379,63,18
0,p7380,10,93
0,p7381,57,89
0,p7382,51,6
0,p7383,45,36
0,p7384,63,51
0,p7385,89,57
0,p7386,93,25
0,p7387,78,35
0,p7388,88,30
0,p7389,67,24
0,p7390,91,96
0,p7391,43,70
0,p7392,99,100
0,p7393,80,59
0,p7394,27,63
0,p7395,6,50
0,p7396,13,50
0,p7397,45,99
0,p7398,82,32
0,p7399,25,78
0,p7400,47,8
0,p7401,15,21
0,p7402,25,18
0,p7403,32,3
0,p7404,14,8
0,p7405,72,62
0,p7406,88,61
0,p7407,50,85
0,p7408,91,71
0,p7409,74,81
0,p7410,64,15
0,p7411,99,23
0,p7412,8,41
0,p7413,78,5
0,p7414,88,47
0,p7415,21,57
0,p7416,98,43
0,p7417,9,75
0,p7418,15,37
0,p7419,49,33
0,p7420,81,25
0,p7421,30,9
0,p7422,1,96
0,p7423,94,43
0,p7424,76,7
0,p7425,96,61
0,p7426,63,79
0,p7427,35,96
0,p7428,21,90
0,p7429,57,95
0,p7430,40,23
0,p7431,23,11
0,p7432,56,76
0,p7433,47,1
0,p7434,21,17
0,p7435,87,78
0,p7436,20,40
0,p7437,24,96
0,p7438,21,93
0,p7439,12,60
0,p7440,82,3
0,p7441,84,73
0,p7442,54,50
0,p7443,98,87
0,p7444,29,64
0,p7445,18,93
0,p7446,55,70
0,p7447,80,91
0,p7448,5,16
0,p7449,7,22
0,p7450,49,33
0,p7451,21,7
0,p7452,72,20
0,p7453,3,44
0,p7454,2,82
0,p7455,87,34
0,p7456,90,53
0,p7457,60,59
0,p7458,76,47
0,p7459,82,24
0,p7460,90,32
0,p7461,92,68
0,p7462,76,39
0,p7463,57,66
0,p7464,41,73
0,p7465,11,35
0,p7466,59,87
0,p7467,20,97
0,p7468,12,22
0,p7469,59,62
0,p7470,39,13
0,p7471,39,48
0,p7472,100,42
0,p7473,40,81
0,p7474,30,64
0,p7475,29,95
0,p7476,22,83
0,p7477,92,73
0,p7478,6,2
0,p7479,91,56
0,p7480,69,62
0,p7481,13,52
0,p7482,76,78
0,p7483,28,83
0,p7484,75,32
0,p7485,58,9
0,p7486,36,95
0,p7487,14,30
0,p7488,55,22
0,p7489,55,61
0,p7490,41,24
0,p7491,74,88
0,p7492,92,33
0,p7493,50,89
0,p7494,59,91
0,p7495,20,82
0,p7496,67,9
0,p7497,43,38
0,p7498,1,41
0,p7499,87,22
0,p7500,87,48
0,p7501,19,77
0,p7502,17,16
0,p7503,100,95
0,p7504,7,1
0,p7505,44,59
0,p7506,34,41
0,p7507,57,11
0,p7508,90,83
0,p7509,57,27
0,p7510,92,19
0,p7511,26,31
0,p7512,17,1
0,p7513,18,39
0,p7514,90,32
0,p7515,23,34
0,p7516,14,91
0,p7517,50,16
0,p7518,8,12
0,p7519,92,67
0,p7520,36,81
0,p7521,20,16
0,p7522,41,81
0,p7523,91,78
0,p7524,79,9
0,p7525,26,67
0,p7526,72,69
0,p7527,9,13
0,p7528,57,100
0,p7529,22,82
0,p7530,56,62
0,p7531,63,7
0,p7532,93,14
0,p7533,26,97
0,p7534,24,34
0,p7535,44,67
0,p7536,18,22
0,p7537,27,57
0,p7538,32,52
0,p7539,81,34
0,p7540,10,11
0,p7541,86,64
0,p7542,94,11
0,p7543,70,49
0,p7544,65,97
0,p7545,71,98
0,p7546,45,21
0,p7547,22,2
0,p7548,46,61
0,p7549,76,32
0,p7550,74,1
0,p7551,34,69
0,p7552,13,41
0,p7553,53,45
0,p7554,11,33
0,p7555,28,92
0,p7556,19,1
0,p7557,84,99
0,p7558,48,29
0,p7559,14,47
0,p7560,70,11
0,p7561,33,98
0,p7562,25,58
0,p7563,49,61
0,p7564,15,91
0,p7565,94,20
0,p7566,48,64
0,p7567,45,42
0,p7568,5,44
0,p7569,60,47
0,p7570,76,39
0,p7571,98,13
0,p7572,79,30
0,p7573,1,99
0,p7574,10,92
0,p7575,51,43
0,p7576,88,21
0,p7577,90,72
0,p7578,99,47
0,p7579,34,64
0,p7580,27,60
0,p7581,15,85
0,p7582,70,95
0,p7583,30,12
0,p7584,85,66
0,p7585,51,31
0,p7586,38,29
0,p7587,23,87
0,p7588,79,47
0,p7589,60,19
0,p7590,37,93
0,p7591,100,82
0,p7592,21,1
0,p7593,75,9
0,p7594,24,48
0,p7595,72,80
0,p7596,54,61
0,p7597,23,78
0,p7598,71,61
0,p7599,70,91
0,p7600,89,97
0,p7601,61,19
0,p7602,35,32
0,p7603,72,52
0,p7604,76,79
0,p7605,35,93
0,p7606,23,89
0,p7607,16,92
0,p7608,73,29
0,p7609,13,67
0,p7610,43,95
0,p7611,22,38
0,p7612,100,37
0,p7613,98,7
0,p7614,52,18
0,p7615,97,16
0,p7616,94,2
0,p7617,15,29
0,p7618,49,73
0,p7619,97,58
0,p7620,58,67
0,p7621,24,88
0,p7622,87,32
0,p7623,54,97
0,p7624,53,19
0,p7625,49,11
0,p7626,16,67
0,p7627,39,77
0,p7628,23,86
0,p7629,10,76
0,p7630,50,12
0,p7631,28,1
0,p7632,31,2
0,p7633,52,30
0,p7634,78,2
0,p7635,43,10
0,p7636,36,61
0,p7637,52,81
0,p7638,25,31
0,p7639,16,29
0,p7640,65,23
0,p7641,97,72
0,p7642,5,34
0,p7643,74,28
0,p7644,74,39
0,p7645,67,51
0,p7646,3,100
0,p7647,72,40
0,p7648,85,82
0,p7649,70,4
0,p7650,97,58
0,p7651,50,96
0,p7652,9,88
0,p7653,49,7
0,p7654,50,75
0,p7655,60,67
0,p7656,49,71
0,p7657,31,75
0,p7658,58,85
0,p7659,10,29
0,p7660,52,8
0,p7661,93,29
0,p7662,64,17
0,p7663,78,79
0,p7664,93,96
0,p7665,75,26
0,p7666,95,96
0,p7667,36,12
0,p7668,1,86
0,p7669,54,81
0,p7670,38,11
0,p7671,76,97
0,p7672,75,73
0,p7673,8,12
0,p7674,63,97
0,p7675,92,19
0,p7676,62,2
0,p7677,50,33
0,p7678,77,45
0,p7679,23,81
0,p7680,67,100
0,p7681,85,70
0,p7682,85,75
0,p7683,74,89
0,p7684,71,59
0,p7685,73,91
0,p7686,9,19
0,p7687,85,79
0,p7688,18,48
0,p7689,34,65
0,p7690,28,55
0,p7691,5,58
0,p7692,70,98
0,p7693,87,21
0,p7694,93,13
0,p7695,35,73
0,p7696,72,69
0,p7697,8,41
0,p7698,100,93
0,p7699,19,55
0,p7700,52,53
0,p7701,70,40
0,p7702,88,14
0,p7703,60,50
0,p7704,16,6
0,p7705,77,20
0,p7706,24,36
0,p7707,7,63
0,p7708,53,89
0,p7709,11,31
0,p7710,69,35
0,p7711,83,39
0,p7712,32,77
0,p7713,34,96
0,p7714,69,51
0,p7715,15,27
0,p7716,72,26
0,p7717,65,48
0,p7718,10,18
0,p7719,50,64
0,p7720,50,42
0,p7721,76,50
0,p7722,64,56
0,p7723,10,12
0,p7724,73,88
0,p7725,100,1
0,p7726,79,82
0,p7727,25,89
0,p7728,53,84
0,p7729,20,29
0,p7730,17,88
0,p7731,27,37
0,p7732,41,65
0,p7733,97,4
0,p7734,92,23
0,p7735,82,26
0,p7736,57,20
0,p7737,36,18
0,p7738,57,42
0,p7739,37,15
0,p7740,35,47
0,p7741,29,81
0,p7742,11,90
0,p7743,40,6
0,p7744,33,67
0,p7745,97,24
0,p7746,95,84
0,p7747,92,17
0,p7748,77,2
0,p7749,38,63
0,p7750,65,43
0,p7751,18,68
0,p7752,89,74
0,p7753,51,63
0,p7754,100,44
0,p7755,80,99
0,p7756,88,63
0,p7757,76,47
0,p7758,57,23
0,p7759,19,70
0,p7760,72,42
0,p7761,98,6
0,p7762,5,92
0,p7763,23,5
0,p7764,37,8
0,p7765,12,5
0,p7766,51,7
0,p7767,62,6
0,p7768,89,64
0,p7769,10,11
0,p7770,21,27
0,p7771,47,61
0,p7772,7,24
0,p7773,24,7
0,p7774,54,84
0,p7775,48,97
0,p7776,25,21
0,p7777,8,73
0,p7778,77,48
0,p7779,94,91
0,p7780,81,70
0,p7781,38,43
0,p7782,25,4
0,p7783,63,7
0,p7784,11,20
0,p7785,70,38
0,p7786,35,30
0,p7787,31,83
0,p7788,50,88
0,p7789,86,79
0,p7790,54,7
0,p7791,85,63
0,p7792,85,28
0,p7793,7,22
0,p7794,46,67
0,p7795,26,10
0,p7796,40,14
0,p7797,74,21
0,p7798,10,5
0,p7799,96,44
0,p7800,57,99
0,p7801,23,65
0,p7802,45,26
0,p7803,86,66
0,p7804,49,86
0,p7805,50,19
0,p7806,78,70
0,p7807,90,32
0,p7808,16,70
0,p7809,25,83
0,p7810,1,80
0,p7811,43,1
0,p7812,71,83
0,p7813,37,42
0,p7814,66,39
0,p7815,58,100
0,p7816,92,15
0,p7817,8,65
0,p7818,39,88
0,p7819,48,50
0,p7820,39,62
0,p7821,65,43
0,p7822,59,17
0,p7823,13,64
0,p7824,37,96
0,p7825,79,54
0,p7826,44,25
0,p7827,59,28
0,p7828,3,65
0,p7829,34,15
0,p7830,57,23
0,p7831,53,19
0,p7832,54,24
0,p7833,33,48
0,p7834,68,97
0,p7835,95,41
0,p7836,72,41
0,p7837,58,21
0,p7838,42,13
0,p7839,89,47
0,p7840,68,54
0,p7841,94,31
0,p7842,42,41
0,p7843,88,64
0,p7844,48,90
0,p7845,49,90
0,p7846,69,98
0,p7847,37,14
0,p7848,28,42
0,p7849,4,48
0,p7850,100,23
0,p7851,54,13
0,p7852,92,21
0,p7853,27,2
0,p7854,9,100
0,p7855,73,68
0,p7856,67,95
0,p7857,82,17
0,p7858,13,95
0,p7859,82,78
0,p7860,39,86
0,p7861,70,77
0,p7862,49,97
0,p7863,29,31
0,p7864,39,76
0,p7865,4,25
0,p7866,75,43
0,p7867,58,17
0,p7868,57,28
0,p7869,81,27
0,p7870,90,69
0,p7871,57,63
0,p7872,56,19
0,p7873,85,84
0,p7874,47,11
0,p7875,91,25
0,p7876,68,22
0,p7877,54,100
0,p7878,21,93
0,p7879,50,12
0,p7880,82,22
0,p7881,10,27
0,p7882,37,78
0,p7883,94,59
0,p7884,80,79
0,p7885,29,76
0,p7886,17,63
0,p7887,73,3
0,p7888,73,50
0,p7889,86,40
0,p7890,2,31
0,p7891,57,89
0,p7892,46,67
0,p7893,96,80
0,p7894,17,37
0,p7895,52,78
0,p7896,23,79
0,p7897,70,87
0,p7898,25,11
0,p7899,80,18
0,p7900,71,47
0,p7901,81,18
0,p7902,65,22
0,p7903,59,2
0,p7904,96,62
0,p7905,45,75
0,p7906,42,31
0,p7907,92,93
0,p7908,91,20
0,p7909,1,79
0,p7910,30,9
0,p7911,4,64
0,p7912,76,52
0,p7913,73,61
0,p7914,69,19
0,p7915,96,28
0,p7916,7,14
0,p7917,88,55
0,p7918,14,72
0,p7919,50,93
0,p7920,1,16
0,p7921,1,54
0,p7922,96,47
0,p7923,74,44
0,p7924,17,23
0,p7925,23,78
0,p7926,75,21
0,p7927,97,28
0,p7928,67,9
0,p7929,22,80
0,p7930,1,27
0,p7931,62,4
0,p7932,74,19
0,p7933,78,85
0,p7934,38,15
0,p7935,27,36
0,p7936,40,75
0,p7937,96,26
0,p7938,57,18
0,p7939,7,72
0,p7940,60,21
0,p7941,35,68
0,p7942,26,96
0,p7943,98,50
0,p7944,43,87
0,p7945,53,100
0,p7946,52,31
0,p7947,23,47
0,p7948,20,91
0,p7949,10,82
0,p7950,51,97
0,p7951,36,2
0,p7952,85,76
0,p7953,55,44
0,p7954,6,92
0,p7955,49,30
0,p7956,75,8
0,p7957,66,17
0,p7958,36,18
0,p7959,63,58
0,p7960,3,49
0,p7961,66,61
0,p7962,100,46
0,p7963,45,73
0,p7964,71,10
0,p7965,62,38
0,p7966,70,48
0,p7967,52,37
0,p7968,73,9
0,p7969,26,32
0,p7970,83,69
0,p7971,86,1
0,p7972,50,30
0,p7973,60,88
0,p7974,87,60
0,p7975,81,100
0,p7976,16,79
0,p7977,23,97
0,p7978,77,99
0,p7979,93,30
0,p7980,47,92
0,p7981,29,76
0,p7982,84,35
0,p7983,14,34
0,p7984,11,57
0,p7985,37,35
0,p7986,66,20
0,p7987,60,62
0,p7988,32,12
0,p7989,64,34
0,p7990,87,16
0,p7991,21,2
0,p7992,78,37
0,p7993,96,92
0,p7994,98,45
0,p7995,38,88
0,p7996,1,73
0,p7997,23,19
0,p7998,75,76
0,p7999,10,100
0,p8000,17,28
0,p8001,62,33
0,p8002,41,54
0,p8003,31,26
0,p8004,81,87
0,p8005,77,88
0,p8006,64,24
0,p8007,7,98
0,p8008,28,49
0,p8009,76,23
0,p8010,59,1
0,p8011,61,28
0,p8012,26,2
0,p8013,25,82
0,p8014,53,79
0,p8015,46,67
0,p8016,16,100
0,p8017,40,47
0,p8018,98,15
0,p8019,57,14
0,p8020,69,31
0,p8021,24,36
0,p8022,94,17
0,p8023,30,19
0,p8024,63,12
0,p8025,57,17
0,p8026,4,97
0,p8027,77,57
0,p8028,79,26
0,p8029,57,61
0,p8030,15,7
0,p8031,5,4
0,p8032,14,50
0,p8033,54,77
0,p8034,42,28
0,p8035,42,86
0,p8036,22,14
0,p8037,44,19
0,p8038,35,52
0,p8039,84,31
0,p8040,41,87
0,p8041,75,69
0,p8042,73,77
0,p8043,1,20
0,p8044,99,78
0,p8045,76,14
0,p8046,39,99
0,p8047,63,78
0,p8048,45,75
0,p8049,41,13
0,p8050,90,99
0,p8051,93,9
0,p8052,82,27
0,p8053,40,46
0,p8054,18,38
0,p8055,85,62
0,p8056,92,37
0,p8057,16,93
0,p8058,65,84
0,p8059,80,17
0,p8060,5,83
0,p8061,62,55
0,p8062,32,25
0,p8063,15,64
0,p8064,37,15
0,p8065,63,7
0,p8066,10,19
0,p8067,32,28
0,p8068,37,35
0,p8069,71,13
0,p8070,93,74
0,p8071,45,20
0,p8072,68,45
0,p8073,34,90
0,p8074,82,90
0,p8075,69,76
0,p8076,20,84
0,p8077,67,41
0,p8078,65,33
0,p8079,3,35
0,p8080,35,90
0,p8081,22,53
0,p8082,24,62
0,p8083,4,44
0,p8084,5,46
0,p8085,14,91
0,p8086,39,53
0,p8087,89,87
0,p8088,56,35
0,p8089,8,45
0,p8090,35,43
0,p8091,23,70
0,p8092,53,86
0,p8093,58,90
0,p8094,57,45
0,p8095,58,47
0,p8096,72,61
0,p8097,55,54
0,p8098,98,53
0,p8099,20,78
0,p8100,15,60
0,p8101,95,93
0,p8102,25,26
0,p8103,5,13
0,p8104,59,41
0,p8105,99,35
0,p8106,81,65
0,p8107,66,40
0,p8108,62,3
0,p8109,40,79
0,p8110,91,57
0,p8111,85,55
0,p8112,44,63
0,p8113,37,86
0,p8114,14,5
0,p8115,48,36
0,p8116,55,90
0,p8117,16,41
0,p8118,30,68
0,p8119,29,17
0,p8120,55,39
0,p8121,86,34
0,p8122,14,90
0,p8123,71,37
0,p8124,82,49
0,p8125,80,34
0,p8126,22,17
0,p8127,84,55
0,p8128,15,89
0,p8129,98,49
0,p8130,54,91
0,p8131,13,91
0,p8132,11,50
0,p8133,20,76
0,p8134,99,53
0,p8135,45,73
0,p8136,77,24
0,p8137,40,88
0,p8138,13,5
0,p8139,36,39
0,p8140,24,52
0,p8141,56,71
0,p8142,55,90
0,p8143,7,63
0,p8144,47,54
0,p8145,85,96
0,p8146,42,91
0,p8147,98,81
0,p8148,24,10
0,p8149,25,18
0,p8150,65,81
0,p8151,47,93
0,p8152,96,54
0,p8153,62,63
0,p8154,78,67
0,p8155,99,92
0,p8156,96,72
0,p8157,71,82
0,p8158,94,27
0,p8159,22,19
0,p8160,41,64
0,p8161,90,7
0,p8162,32,63
0,p8163,38,36
0,p8164,94,87
0,p8165,67,32
0,p8166,22,31
0,p8167,65,51
0,p8168,25,84
0,p8169,95,20
0,p8170,59,93
0,p8171,2,51
0,p8172,2,99
0,p8173,79,45
0,p8174,69,33
0,p8175,82,74
0,p8176,31,76
0,p8177,8,61
0,p8178,20,58
0,p8179,74,11
0,p8180,24,69
0,p8181,81,56
0,p8182,38,37
0,p8183,17,57
0,p8184,20,6
0,p8185,89,57
0,p8186,72,93
0,p8187,49,55
0,p8188,87,65
0,p8189,67,19
0,p8190,15,34
0,p8191,96,75
0,p8192,15,7
0,p8193,26,32
0,p8194,5,11
0,p8195,9,1
0,p8196,46,83
0,p8197,84,36
0,p8198,99,14
0,p8199,17,34
0,p8200,94,10
0,p8201,76,37
0,p8202,50,67
0,p8203,27,43
0,p8204,75,81
0,p8205,34,27
0,p8206,4,80
0,p8207,66,26
0,p8208,53,70
0,p8209,61,46
0,p8210,80,81
0,p8211,34,22
0,p8212,22,35
0,p8213,53,39
0,p8214,86,15
0,p8215,87,20
0,p8216,77,87
0,p8217,23,18
0,p8218,36,3
0,p8219,9,1
0,p8220,70,2
0,p8221,83,89
0,p8222,23,99
0,p8223,77,45
0,p8224,56,88
0,p8225,47,62
0,p8226,11,73
0,p8227,57,83
0,p8228,59,46
0,p8229,87,59
0,p8230,5,60
0,p8231,40,18
0,p8232,63,97
0,p8233,29,80
0,p8234,94,44
0,p8235,33,81
0,p8236,70,63
0,p8237,74,11
0,p8238,13,58
0,p8239,97,91
0,p8240,79,33
0,p8241,41,49
0,p8242,92,84
0,p8243,19,45
0,p8244,2,92
0,p8245,91,26
0,p8246,18,12
0,p8247,73,23
0,p8248,54,48
0,p8249,99,97
0,p8250,62,51
0,p8251,52,70
0,p8252,98,58
0,p8253,3,50
0,p8254,84,89
0,p8255,53,57
0,p8256,10,31
0,p8257,79,36
0,p8258,88,90
0,p8259,75,39
0,p8260,36,55
0,p8261,56,60
0,p8262,3,63
0,p8263,50,85
0,p8264,58,5
0,p8265,5,66
0,p8266,79,13
0,p8267,65,57
0,p8268,14,18
0,p8269,11,37
0,p8270,45,31
0,p8271,39,61
0,p8272,98,50
0,p8273,100,42
0,p8274,16,92
0,p8275,24,13
0,p8276,78,22
0,p8277,78,52
0,p8278,1,41
0,p8279,94,60
0,p8280,3,16
0,p8281,66,79
0,p8282,17,29
0,p8283,69,15
0,p8284,49,40
0,p8285,71,36
0,p8286,54,44
0,p8287,92,65
0,p8288,83,94
0,p8289,16,85
0,p8290,87,58
0,p8291,61,1
0,p8292,19,96
0,p8293,73,59
0,p8294,34,31
0,p8295,24,61
0,p8296,47,50
0,p8297,37,10
0,p8298,43,42
0,p8299,61,38
0,p8300,10,97
0,p8301,20,6
0,p8302,86,78
0,p8303,41,32
0,p8304,19,33
0,p8305,23,33
0,p8306,95,23
0,p8307,22,19
0,p8308,71,38
0,p8309,9,66
0,p8310,71,50
0,p8311,48,67
0,p8312,33,45
0,p8313,53,87
0,p8314,40,95
0,p8315,8,25
0,p8316,17,53
0,p8317,32,46
0,p8318,18,45
0,p8319,57,44
0,p8320,5,3
0,p8321,83,71
0,p8322,47,38
0,p8323,76,12
0,p8324,73,86
0,p8325,28,23
0,p8326,73,84
0,p8327,57,95
0,p8328,77,16
0,p8329,37,2
0,p8330,12,28
0,p8331,71,60
0,p8332,13,72
0,p8333,66,76
0,p8334,70,1
0,p8335,53,55
0,p8336,69,55
0,p8337,49,42
0,p8338,72,81
0,p8339,3,58
0,p8340,72,39
0,p8341,68,24
0,p8342,9,100
0,p8343,72,69
0,p8344,8,24
0,p8345,64,50
0,p8346,7,73
0,p8347,79,51
0,p8348,84,52
0,p8349,95,11
0,p8350,90,81
0,p8351,94,46
0,p8352,25,98
0,p8353,33,8
0,p8354,87,88
0,p8355,74,66
0,p8356,6,19
0,p8357,45,36
0,p8358,17,36
0,p8359,24,6
0,p8360,92,44
0,p8361,92,22
0,p8362,77,20
0,p8363,11,33
0,p8364,22,15
0,p8365,54,99
0,p8366,17,91
0,p8367,1,46
0,p8368,43,19
0,p8369,15,55
0,p8370,7,75
0,p8371,33,52
0,p8372,12,91
0,p8373,80,25
0,p8374,31,80
0,p8375,68,22
0,p8376,27,18
0,p8377,11,78
0,p8378,73,35
0,p8379,69,50
0,p8380,62,88
0,p8381,86,14
0,p8382,15,4
0,p8383,36,25
0,p8384,27,48
0,p8385,79,74
0,p8386,2,30
0,p8387,71,79
0,p8388,75,15
0,p8389,32,17
0,p8390,1,24
0,p8391,48,61
0,p8392,34,52
0,p8393,31,78
0,p8394,7,100
0,p8395,78,93
0,p8396,10,47
0,p8397,69,95
0,p8398,86,89
0,p8399,12,26
0,p8400,61,6
0,p8401,51,90
0,p8402,25,37
0,p8403,22,92
0,p8404,78,35
0,p8405,55,60
0,p8406,89,31
0,p8407,5,94
0,p8408,37,13
0,p8409,46,99
0,p8410,63,8
0,p8411,59,74
0,p8412,39,58
0,p8413,77,72
0,p8414,78,82
0,p8415,74,41
0,p8416,44,100
0,p8417,30,45
0,p8418,53,33
0,p8419,65,89
0,p8420,12,20
0,p8421,43,66
0,p8422,51,53
0,p8423,62,1
0,p8424,84,13
0,p8425,27,81
0,p8426,67,87
0,p8427,71,41
0,p8428,51,73
0,p8429,26,61
0,p8430,41,38
0,p8431,52,71
0,p8432,8,72
0,p8433,55,7
0,p8434,11,5
0,p8435,46,76
0,p8436,33,92
0,p8437,80,34
0,p8438,83,8
0,p8439,21,54
0,p8440,94,44
0,p8441,39,94
0,p8442,28,46
0,p8443,99,9
0,p8444,68,29
0,p8445,82,50
0,p8446,78,96
0,p8447,67,79
0,p8448,33,70
0,p8449,8,42
0,p8450,16,21
0,p8451,67,5
0,p8452,20,12
0,p8453,54,77
0,p8454,35,37
0,p8455,91,48
0,p8456,75,44
0,p8457,36,23
0,p8458,79,62
0,p8459,50,16
0,p8460,36,80
0,p8461,69,6
0,p8462,92,35
0,p8463,75,97
0,p8464,12,66
0,p8465,65,42
0,p8466,31,52
0,p8467,99,79
0,p8468,53,98
0,p8469,9,3
0,p8470,30,45
0,p8471,2,92
0,p8472,15,93
0,p8473,86,28
0,p8474,91,1
0,p8475,17,13
0,p8476,87,51
0,p8477,63,50
0,p8478,18,60
0,p8479,56,39
0,p8480,40,80
0,p8481,71,35
0,p8482,75,14
0,p8483,70,74
0,p8484,68,46
0,p8485,49,98
0,p8486,40,89
0,p8487,49,51
0,p8488,69,35
0,p8489,4,99
0,p8490,23,9
0,p8491,39,62
0,p8492,40,76
0,p8493,3,74
0,p8494,16,65
0,p8495,52,81
0,p8496,84,99
0,p8497,41,23
0,p8498,50,56
0,p8499,97,60
0,p8500,54,42
0,p8501,24,89
0,p8502,49,59
0,p8503,49,17
0,p8504,56,45
0,p8505,92,57
0,p8506,84,28
0,p8507,1,91
0,p8508,38,71
0,p8509,2,61
0,p8510,35,31
0,p8511,91,86
0,p8512,44,3
0,p8513,94,65
0,p8514,38,44
0,p8515,3,77
0,p8516,35,99
0,p8517,95,90
0,p8518,44,63
0,p8519,5,41
0,p8520,38,81
0,p8521,91,2
0,p8522,14,87
0,p8523,73,7
0,p8524,47,27
0,p8525,50,1
0,p8526,37,95
0,p8527,29,89
0,p8528,66,75
0,p8529,97,71
0,p8530,52,20
0,p8531,52,19
0,p8532,12,25
0,p8533,17,90
0,p8534,29,30
0,p8535,14,49
0,p8536,59,53
0,p8537,16,5
0,p8538,64,53
0,p8539,8,55
0,p8540,55,83
0,p8541,46,84
0,p8542,49,16
0,p8543,65,8
0,p8544,55,28
0,p8545,98,54
0,p8546,66,77
0,p8547,92,64
0,p8548,68,25
0,p8549,28,79
0,p8550,2,18
0,p8551,18,81
0,p8552,12,34
0,p8553,64,85
0,p8554,48,13
0,p8555,46,68
0,p8556,99,77
0,p8557,98,60
0,p8558,66,36
0,p8559,84,99
0,p8560,2,19
0,p8561,31,53
0,p8562,97,47
0,p8563,44,93
0,p8564,51,71
0,p8565,7,57
0,p8566,13,64
0,p8567,82,71
0,p8568,54,18
0,p8569,88,69
0,p8570,33,46
0,p8571,24,44
0,p8572,70,16
0,p8573,12,66
0,p8574,75,32
0,p8575,15,1
0,p8576,26,35
0,p8577,100,26
0,p8578,90,52
0,p8579,55,86
0,p8580,98,29
0,p8581,97,15
0,p8582,81,65
0,p8583,58,76
0,p8584,46,70
0,p8585,6,95
0,p8586,58,70
0,p8587,23,89
0,p8588,7,60
0,p8589,59,58
0,p8590,5,2
0,p8591,12,47
0,p8592,56,75
0,p8593,64,19
0,p8594,94,41
0,p8595,50,62
0,p8596,48,75
0,p8597,51,83
0,p8598,11,73
0,p8599,86,48
0,p8600,73,44
0,p8601,83,1
0,p8602,33,62
0,p8603,70,12
0,p8604,61,35
0,p8605,68,14
0,p8606,7,94
0,p8607,75,45
0,p8608,38,69
0,p8609,100,78
0,p8610,23,95
0,p8611,56,79
0,p8612,71,44
0,p8613,7,31
0,p8614,79,45
0,p8615,18,92
0,p8616,25,43
0,p8617,38,72
0,p8618,14,71
0,p8619,21,31
0,p8620,4,25
0,p8621,35,96
0,p8622,17,76
0,p8623,76,63
0,p8624,2,54
0,p8625,5,15
0,p8626,1,43
0,p8627,27,10
0,p8628,73,40
0,p8629,13,39
0,p8630,14,8
0,p8631,53,35
0,p8632,27,83
0,p8633,39,96
0,p8634,35,75
0,p8635,62,36
0,p8636,92,83
0,p8637,70,56
0,p8638,48,9
0,p8639,50,31
0,p8640,62,26
0,p8641,9,85
0,p8642,41,12
0,p8643,75,13
0,p8644,62,46
0,p8645,46,85
0,p8646,24,50
0,p8647,47,94
0,p8648,59,5
0,p8649,60,33
0,p8650,96,77
0,p8651,70,80
0,p8652,95,22
0,p8653,58,36
0,p8654,64,94
0,p8655,24,53
0,p8656,81,29
0,p8657,94,60
0,p8658,37,30
0,p8659,54,18
0,p8660,72,71
0,p8661,77,3
0,p8662,44,3
0,p8663,58,87
0,p8664,48,6
0,p8665,94,51
0,p8666,38,90
0,p8667,25,39
0,p8668,3,49
0,p8669,1,25
0,p8670,91,84
0,p8671,31,76
0,p8672,53,23
0,p8673,75,74
0,p8674,7,8
0,p8675,69,26
0,p8676,37,12
0,p8677,27,75
0,p8678,16,72
0,p8679,15,55
0,p8680,2,8
0,p8681,15,72
0,p8682,74,58
0,p8683,55,97
0,p8684,16,68
0,p8685,61,78
0,p8686,15,28
0,p8687,20,16
0,p8688,21,89
0,p8689,15,6
0,p8690,76,15
0,p8691,3,26
0,p8692,48,7
0,p8693,95,18
0,p8694,65,39
0,p8695,69,77
0,p8696,4,66
0,p8697,76,23
0,p8698,5,88
0,p8699,78,94
0,p8700,18,78
0,p8701,18,28
0,p8702,55,15
0,p8703,7,13
0,p8704,82,89
0,p8705,65,9
0,p8706,75,23
0,p8707,16,49
0,p8708,87,73
0,p8709,3,40
0,p8710,5,45
0,p8711,48,17
0,p8712,50,15
0,p8713,93,22
0,p8714,74,98
0,p8715,11,78
0,p8716,87,96
0,p8717,13,8
0,p8718,30,39
0,p8719,69,16
0,p8720,41,89
0,p8721,100,49
0,p8722,25,72
0,p8723,96,3
0,p8724,53,82
0,p8725,14,3
0,p8726,89,32
0,p8727,64,59
0,p8728,54,87
0,p8729,55,54
0,p8730,95,38
0,p8731,53,9
0,p8732,100,37
0,p8733,19,54
0,p8734,6,81
0,p8735,17,61
0,p8736,89,16
0,p8737,100,83
0,p8738,50,51
0,p8739,89,78
0,p8740,93,42
0,p8741,27,86
0,p8742,76,81
0,p8743,62,91
0,p8744,20,21
0,p8745,38,75
0,p8746,8,36
0,p8747,61,32
0,p8748,4,51
0,p8749,32,12
0,p8750,31,92
0,p8751,45,10
0,p8752,92,89
0,p8753,90,96
0,p8754,1,67
0,p8755,49,34
0,p8756,51,26
0,p8757,91,71
0,p8758,55,2
0,p8759,87,36
0,p8760,100,18
0,p8761,39,90
0,p8762,92,58
0,p8763,60,70
0,p8764,5,90
0,p8765,11,99
0,p8766,77,42
0,p8767,52,45
0,p8768,71,2
0,p8769,23,55
0,p8770,63,93
0,p8771,86,19
0,p8772,18,94
0,p8773,84,96
0,p8774,44,23
0,p8775,4,75
0,p8776,6,88
0,p8777,79,42
0,p8778,59,52
0,p8779,47,36
0,p8780,48,46
0,p8781,3,69
0,p8782,52,30
0,p8783,66,14
0,p8784,81,21
0,p8785,67,96
0,p8786,6,61
0,p8787,83,4
0,p8788,16,89
0,p8789,71,72
0,p8790,79,21
0,p8791,17,78
0,p8792,89,75
0,p8793,55,89
0,p8794,66,72
0,p8795,85,82
0,p8796,22,74
0,p8797,14,47
0,p8798,67,78
0,p8799,4,12
0,p8800,38,88
0,p8801,91,33
0,p8802,30,65
0,p8803,32,45
0,p8804,64,44
0,p8805,16,15
0,p8806,34,36
0,p8807,58,44
0,p8808,44,21
0,p8809,40,70
0,p8810,19,60
0,p8811,64,8
0,p8812,40,45
0,p8813,2,82
0,p8814,51,6
0,p8815,78,21
0,p8816,63,71
0,p8817,94,56
0,p8818,55,32
0,p8819,13,22
0,p8820,32,52
0,p8821,5,66
0,p8822,81,78
0,p8823,19,55
0,p8824,99,66
0,p8825,35,17
0,p8826,6,42
0,p8827,98,34
0,p8828,57,21
0,p8829,48,85
0,p8830,84,43
0,p8831,5,4
0,p8832,56,43
0,p8833,83,18
0,p8834,4,95
0,p8835,3,25
0,p8836,37,79
0,p8837,43,16
0,p8838,5,27
0,p8839,61,16
0,p8840,34,88
0,p8841,27,76
0,p8842,12,50
0,p8843,18,94
0,p8844,70,53
0,p8845,28,100
0,p8846,15,76
0,p8847,45,36
0,p8848,32,58
0,p8849,54,35
0,p8850,27,17
0,p8851,52,23
0,p8852,93,38
0,p8853,35,59
0,p8854,84,10
0,p8855,86,58
0,p8856,57,76
0,p8857,92,100
0,p8858,80,59
0,p8859,29,11
0,p8860,93,31
0,p8861,43,9
0,p8862,53,41
0,p8863,12,35
0,p8864,34,1
0,p8865,7,38
0,p8866,55,24
0,p8867,87,36
0,p8868,78,26
0,p8869,81,3
0,p8870,78,33
0,p8871,29,58
0,p8872,42,70
0,p8873,68,89
0,p8874,75,18
0,p8875,20,38
0,p8876,16,42
0,p8877,25,12
0,p8878,91,35
0,p8879,18,26
0,p8880,15,35
0,p8881,30,23
0,p8882,1,77
0,p8883,38,90
0,p8884,19,2
0,p8885,61,48
0,p8886,44,37
0,p8887,39,23
0,p8888,26,64
0,p8889,56,19
0,p8890,31,15
0,p8891,29,11
0,p8892,71,26
0,p8893,21,14
0,p8894,23,87
0,p8895,44,4
0,p8896,64,88
0,p8897,86,91
0,p8898,56,10
0,p8899,53,43
0,p8900,48,6
0,p8901,73,59
0,p8902,24,98
0,p8903,12,1
0,p8904,17,11
0,p8905,99,67
0,p8906,63,42
0,p8907,31,1
0,p8908,57,95
0,p8909,6,35
0,p8910,32,1
0,p8911,73,93
0,p8912,35,6
0,p8913,58,85
0,p8914,20,54
0,p8915,99,66
0,p8916,57,76
0,p8917,26,56
0,p8918,90,57
0,p8919,89,53
0,p8920,21,70
0,p8921,99,97
0,p8922,58,43
0,p8923,93,20
0,p8924,10,37
0,p8925,15,27
0,p8926,60,43
0,p8927,86,53
0,p8928,2,8
0,p8929,23,66
0,p8930,61,18
0,p8931,80,36
0,p8932,7,51
0,p8933,66,36
0,p8934,55,26
0,p8935,62,36
0,p8936,91,93
0,p8937,66,38
0,p8938,57,50
0,p8939,74,16
0,p8940,48,23
0,p8941,47,11
0,p8942,57,70
0,p8943,84,26
0,p8944,57,31
0,p8945,93,46
0,p8946,26,24
0,p8947,19,26
0,p8948,86,28
0,p8949,61,37
0,p8950,20,82
0,p8951,26,52
0,p8952,77,48
0,p8953,35,48
0,p8954,65,43
0,p8955,81,57
0,p8956,78,42
0,p8957,27,6
0,p8958,50,99
0,p8959,11,22
0,p8960,5,22
0,p8961,94,25
0,p8962,73,67
0,p8963,1,56
0,p8964,51,31
0,p8965,88,8
0,p8966,5,52
0,p8967,43,26
0,p8968,37,4
0,p8969,61,80
0,p8970,53,85
0,p8971,57,55
0,p8972,65,34
0,p8973,79,70
0,p8974,49,25
0,p8975,56,68
0,p8976,18,73
0,p8977,100,39
0,p8978,41,85
0,p8979,27,85
0,p8980,4,64
0,p8981,72,76
0,p8982,23,1
0,p8983,29,45
0,p8984,6,90
0,p8985,97,9
0,p8986,75,71
0,p8987,2,75
0,p8988,71,63
0,p8989,7,36
0,p8990,28,8
0,p8991,39,69
0,p8992,64,95
0,p8993,18,91
0,p8994,47,78
0,p8995,88,35
0,p8996,17,1
0,p8997,17,74
0,p8998,23,43
0,p8999,20,14
0,p9000,6,65
0,p9001,1,70
0,p9002,46,84
0,p9003,38,14
0,p9004,85,76
0,p9005,47,3
0,p9006,67,75
0,p9007,65,20
0,p9008,42,86
0,p9009,82,61
0,p9010,70,4
0,p9011,34,32
0,p9012,41,3
0,p9013,63,19
0,p9014,52,48
0,p9015,82,89
0,p9016,48,50
0,p9017,81,86
0,p9018,89,35
0,p9019,77,37
0,p9020,7,55
0,p9021,7,14
0,p9022,82,99
0,p9023,8,6
0,p9024,49,19
0,p9025,88,21
0,p9026,8,18
0,p9027,11,53
0,p9028,65,32
0,p9029,73,46
0,p9030,49,11
0,p9031,21,19
0,p9032,77,49
0,p9033,48,88
0,p9034,73,41
0,p9035,43,81
0,p9036,18,50
0,p9037,35,73
0,p9038,32,10
0,p9039,4,33
0,p9040,50,7
0,p9041,64,100
0,p9042,39,14
0,p9043,66,71
0,p9044,76,26
0,p9045,72,6
0,p9046,32,83
0,p9047,58,98
0,p9048,95,75
0,p9049,27,80
0,p9050,19,33
0,p9051,64,11
0,p9052,34,72
0,p9053,17,14
0,p9054,56,54
0,p9055,14,36
0,p9056,34,75
0,p9057,6,76
0,p9058,58,29
0,p9059,61,29
0,p9060,14,6
0,p9061,17,44
0,p9062,38,20
0,p9063,57,90
0,p9064,12,86
0,p9065,35,23
0,p9066,43,91
0,p9067,65,85
0,p9068,71,76
0,p9069,3,51
0,p9070,70,51
0,p9071,70,88
0,p9072,58,59
0,p9073,23,20
0,p9074,72,31
0,p9075,6,73
0,p9076,96,67
0,p9077,83,59
0,p9078,91,78
0,p9079,55,79
0,p9080,28,5
0,p9081,87,81
0,p9082,67,79
0,p9083,31,56
0,p9084,32,6
0,p9085,54,60
0,p9086,8,61
0,p9087,14,62
0,p9088,1,2
0,p9089,11,53
0,p9090,64,85
0,p9091,27,70
0,p9092,44,36
0,p9093,1,72
0,p9094,16,30
0,p9095,4,90
0,p9096,38,33
0,p9097,91,68
0,p9098,88,52
0,p9099,74,100
0,p9100,18,15
0,p9101,23,32
0,p9102,93,37
0,p9103,71,41
0,p9104,26,97
0,p9105,62,20
0,p9106,63,59
0,p9107,75,74
0,p9108,19,60
0,p9109,82,83
0,p9110,61,94
0,p9111,61,30
0,p9112,39,38
0,p9113,16,60
0,p9114,62,95
0,p9115,69,97
0,p9116,21,15
0,p9117,91,16
0,p9118,23,30
0,p9119,64,13
0,p9120,59,24
0,p9121,90,35
0,p9122,53,77
0,p9123,63,88
0,p9124,56,35
0,p9125,33,92
0,p9126,50,95
0,p9127,53,26
0,p9128,7,63
0,p9129,72,73
0,p9130,30,40
0,p9131,27,57
0,p9132,82,2
0,p9133,58,99
0,p9134,56,23
0,p9135,20,13
0,p9136,75,5
0,p9137,4,57
0,p9138,30,26
0,p9139,39,22
0,p9140,53,89
0,p9141,62,73
0,p9142,50,71
0,p9143,25,10
0,p9144,71,26
0,p9145,3,65
0,p9146,97,57
0,p9147,25,41
0,p9148,13,37
0,p9149,82,97
0,p9150,91,98
0,p9151,71,51
0,p9152,34,19
0,p9153,45,31
0,p9154,44,2
0,p9155,42,35
0,p9156,50,67
0,p9157,99,71
0,p9158,2,85
0,p9159,49,32
0,p9160,75,74
0,p9161,75,31
0,p9162,51,83
0,p9163,1,29
0,p9164,61,93
0,p9165,71,93
0,p9166,30,95
0,p9167,7,86
0,p9168,89,48
0,p9169,42,2
0,p9170,100,63
0,p9171,49,36
0,p9172,93,98
0,p9173,74,18
0,p9174,19,69
0,p9175,91,46
0,p9176,81,60
0,p9177,58,98
0,p9178,87,13
0,p9179,75,29
0,p9180,35,44
0,p9181,34,7
0,p9182,41,64
0,p9183,71,45
0,p9184,1,62
0,p9185,65,61
0,p9186,50,51
0,p9187,84,30
0,p9188,44,100
0,p9189,12,71
0,p9190,18,74
0,p9191,83,27
0,p9192,26,86
0,p9193,45,25
0,p9194,72,36
0,p9195,13,45
0,p9196,40,92
0,p9197,54,5
0,p9198,48,53
0,p9199,63,6
0,p9200,8,70
0,p9201,76,66
0,p9202,66,47
0,p9203,10,3
0,p9204,64,86
0,p9205,81,93
0,p9206,17,53
0,p9207,33,91
0,p9208,90,100
0,p9209,40,47
0,p9210,21,59
0,p9211,66,9
0,p9212,89,96
0,p9213,55,34
0,p9214,83,7
0,p9215,3,94
0,p9216,17,20
0,p9217,55,88
0,p9218,16,20
0,p9219,77,24
0,p9220,75,69
0,p9221,17,79
0,p9222,24,28
0,p9223,47,81
0,p9224,10,22
0,p9225,88,100
0,p9226,11,61
0,p9227,5,9
0,p9228,52,87
0,p9229,47,42
0,p9230,48,91
0,p9231,98,25
0,p9232,38,65
0,p9233,9,28
0,p9234,71,4
0,p9235,43,52
0,p9236,94,76
0,p9237,53,59
0,p9238,70,53
0,p9239,30,54
0,p9240,87,58
0,p9241,68,96
0,p9242,77,69
0,p9243,15,69
0,p9244,6,11
0,p9245,6,51
0,p9246,8,86
0,p9247,15,87
0,p9248,31,46
0,p9249,8,35
0,p9250,64,40
0,p9251,73,33
0,p9252,96,83
0,p9253,96,22
0,p9254,72,44
0,p9255,39,63
0,p9256,17,44
0,p9257,97,44
0,p9258,61,74
0,p9259,32,4
0,p9260,64,93
0,p9261,93,55
0,p9262,49,98
0,p9263,9,62
0,p9264,57,78
0,p9265,37,71
0,p9266,42,47
0,p9267,20,1
0,p9268,60,50
0,p9269,57,18
0,p9270,6,56
0,p9271,28,41
0,p9272,38,35
0,p9273,28,78
0,p9274,13,21
0,p9275,54,15
0,p9276,90,84
0,p9277,48,33
0,p9278,28,16
0,p9279,33,40
0,p9280,20,65
0,p9281,99,37
0,p9282,84,28
0,p9283,34,97
0,p9284,42,51
0,p9285,21,53
0,p9286,62,18
0,p9287,72,66
0,p9288,15,52
0,p9289,32,45
0,p9290,12,73
0,p9291,16,10
0,p9292,11,60
0,p9293,6,71
0,p9294,34,56
0,p9295,3,53
0,p9296,33,99
0,p9297,29,84
0,p9298,45,50
0,p9299,23,44
0,p9300,45,88
0,p9301,20,96
0,p9302,3,4
0,p9303,5,4
0,p9304,7,30
0,p9305,86,78
0,p9306,60,61
0,p9307,12,5
0,p9308,57,19
0,p9309,73,80
0,p9310,100,8
0,p9311,45,60
0,p9312,54,24
0,p9313,65,19
0,p9314,3,31
0,p9315,79,6
0,p9316,31,47
0,p9317,5,74
0,p9318,44,77
0,p9319,89,10
0,p9320,23,14
0,p9321,40,58
0,p9322,87,85
0,p9323,41,29
0,p9324,32,52
0,p9325,82,22
0,p9326,4,86
0,p9327,58,48
0,p9328,30,90
0,p9329,74,32
0,p9330,100,66
0,p9331,84,18
0,p9332,53,45
0,p9333,97,51
0,p9334,66,85
0,p9335,94,15
0,p9336,45,12
0,p9337,36,70
0,p9338,55,68
0,p9339,73,74
0,p9340,24,99
0,p9341,66,72
0,p9342,51,10
0,p9343,23,52
0,p9344,66,31
0,p9345,85,53
0,p9346,31,30
0,p9347,90,74
0,p9348,61,98
0,p9349,96,32
0,p9350,85,37
0,p9351,21,86
0,p9352,52,42
0,p9353,95,38
0,p9354,36,19
0,p9355,59,51
0,p9356,85,46
0,p9357,49,48
0,p9358,94,69
0,p9359,28,53
0,p9360,48,46
0,p9361,22,84
0,p9362,81,100
0,p9363,32,63
0,p9364,77,53
0,p9365,77,25
0,p9366,61,28
0,p9367,21,70
0,p9368,16,44
0,p9369,37,72
0,p9370,15,81
0,p9371,87,19
0,p9372,63,97
0,p9373,84,19
0,p9374,10,17
0,p9375,94,8
0,p9376,74,68
0,p9377,64,76
0,p9378,35,11
0,p9379,97,11
0,p9380,81,24
0,p9381,61,10
0,p9382,17,29
0,p9383,17,21
0,p9384,34,52
0,p9385,16,92
0,p9386,65,21
0,p9387,47,46
0,p9388,38,53
0,p9389,10,58
0,p9390,71,60
0,p9391,39,100
0,p9392,81,25
0,p9393,52,68
0,p9394,64,31
0,p9395,39,81
0,p9396,34,9
0,p9397,3,91
0,p9398,5,99
0,p9399,27,86
0,p9400,67,11
0,p9401,14,76
0,p9402,88,49
0,p9403,48,2
0,p9404,58,53
0,p9405,59,35
0,p9406,31,22
0,p9407,64,97
0,p9408,65,67
0,p9409,67,6
0,p9410,23,15
0,p9411,95,48
0,p9412,68,2
0,p9413,5,63
0,p9414,95,24
0,p9415,71,89
0,p9416,93,9
0,p9417,81,87
0,p9418,76,65
0,p9419,47,67
0,p9420,49,39
0,p9421,80,59
0,p9422,99,44
0,p9423,5,39
0,p9424,73,28
0,p9425,19,14
0,p9426,18,44
0,p9427,31,2
0,p9428,72,36
0,p9429,69,28
0,p9430,12,50
0,p9431,65,31
0,p9432,35,22
0,p9433,82,28
0,p9434,15,69
0,p9435,38,65
0,p9436,73,97
0,p9437,10,54
0,p9438,47,31
0,p9439,86,88
0,p9440,42,8
0,p9441,21,9
0,p9442,25,93
0,p9443,13,24
0,p9444,100,1
0,p9445,35,93
0,p9446,74,47
0,p9447,94,85
0,p9448,55,94
0,p9449,34,68
0,p9450,41,3
0,p9451,14,68
0,p9452,72,80
0,p9453,38,67
0,p9454,24,97
0,p9455,30,96
0,p9456,94,72
0,p9457,83,52
0,p9458,13,11
0,p9459,61,21
0,p9460,75,69
0,p9461,22,77
0,p9462,15,60
0,p9463,20,50
0,p9464,62,53
0,p9465,33,53
0,p9466,99,29
0,p9467,30,99
0,p9468,74,20
0,p9469,78,65
0,p9470,13,60
0,p9471,70,66
0,p9472,60,26
0,p9473,51,14
0,p9474,95,10
0,p9475,16,80
0,p9476,71,39
0,p9477,11,26
0,p9478,51,23
0,p9479,74,26
0,p9480,67,56
0,p9481,93,98
0,p9482,66,34
0,p9483,14,89
0,p9484,11,89
0,p9485,11,47
0,p9486,61,19
0,p9487,95,65
0,p9488,63,38
0,p9489,95,24
0,p9490,60,18
0,p9491,42,88
0,p9492,41,69
0,p9493,7,72
0,p9494,37,93
0,p9495,64,7
0,p9496,22,37
0,p9497,65,59
0,p9498,95,30
0,p9499,96,57
0,p9500,36,16
0,p9501,60,53
0,p9502,96,59
0,p9503,90,91
0,p9504,3,60
0,p9505,93,79
0,p9506,46,21
0,p9507,94,69
0,p9508,58,72
0,p9509,82,66
0,p9510,3,22
0,p9511,30,1
0,p9512,65,31
0,p9513,32,46
0,p9514,68,82
0,p9515,10,2
0,p9516,85,93
0,p9517,83,70
0,p9518,79,30
0,p9519,14,15
0,p9520,68,69
0,p9521,63,30
0,p9522,58,6
0,p9523,80,22
0,p9524,23,96
0,p9525,4,70
0,p9526,46,1
0,p9527,48,100
0,p9528,35,48
0,p9529,7,72
0,p9530,70,45
0,p9531,64,21
0,p9532,68,77
0,p9533,48,4
0,p9534,90,18
0,p9535,85,5
0,p9536,99,29
0,p9537,84,43
0,p9538,24,87
0,p9539,62,13
0,p9540,45,70
0,p9541,92,61
0,p9542,85,81
0,p9543,62,58
0,p9544,100,77
0,p9545,99,64
0,p9546,61,66
0,p9547,62,9
0,p9548,99,92
0,p9549,53,91
0,p9550,13,89
0,p9551,69,4
0,p9552,6,53
0,p9553,14,61
0,p9554,87,56
0,p9555,74,46
0,p9556,76,21
0,p9557,89,26
0,p9558,45,63
0,p9559,6,90
0,p9560,47,76
0,p9561,33,27
0,p9562,66,45
0,p9563,72,38
0,p9564,28,41
0,p9565,51,82
0,p9566,15,42
0,p9567,25,75
0,p9568,30,82
0,p9569,63,26
0,p9570,91,48
0,p9571,2,46
0,p9572,51,96
0,p9573,80,40
0,p9574,92,68
0,p9575,88,94
0,p9576,10,11
0,p9577,84,18
0,p9578,95,70
0,p9579,80,14
0,p9580,93,75
0,p9581,15,78
0,p9582,42,47
0,p9583,73,97
0,p9584,39,85
0,p9585,12,1
0,p9586,19,11
0,p9587,98,69
0,p9588,80,87
0,p9589,25,69
0,p9590,100,60
0,p9591,94,78
0,p9592,26,99
0,p9593,23,17
0,p9594,76,49
0,p9595,47,13
0,p9596,4,29
0,p9597,26,69
0,p9598,13,97
0,p9599,10,73
0,p9600,14,8
0,p9601,96,31
0,p9602,82,37
0,p9603,8,48
0,p9604,8,17
0,p9605,38,48
0,p9606,85,59
0,p9607,24,39
0,p9608,30,46
0,p9609,44,64
0,p9610,72,100
0,p9611,45,14
0,p9612,35,14
0,p9613,17,54
0,p9614,36,87
0,p9615,85,43
0,p9616,49,58
0,p9617,50,15
0,p9618,30,73
0,p9619,8,74
0,p9620,30,85
0,p9621,26,87
0,p9622,31,42
0,p9623,71,19
0,p9624,59,68
0,p9625,27,41
0,p9626,100,70
0,p9627,58,55
0,p9628,38,27
0,p9629,34,93
0,p9630,86,41
0,p9631,16,69
0,p9632,71,98
0,p9633,65,77
0,p9634,89,82
0,p9635,47,96
0,p9636,11,26
0,p9637,34,63
0,p9638,3,43
0,p9639,32,97
0,p9640,57,67
0,p9641,89,100
0,p9642,29,14
0,p9643,47,49
0,p9644,83,61
0,p9645,7,70
0,p9646,89,46
0,p9647,7,8
0,p9648,79,74
0,p9649,21,15
0,p9650,34,36
0,p9651,17,92
0,p9652,16,61
0,p9653,60,97
0,p9654,37,85
0,p9655,80,55
0,p9656,36,43
0,p9657,55,24
0,p9658,79,82
0,p9659,23,35
0,p9660,49,68
0,p9661,50,33
0,p9662,81,77
0,p9663,72,28
0,p9664,35,32
0,p9665,47,43
0,p9666,14,45
0,p9667,21,29
0,p9668,69,34
0,p9669,86,40
0,p9670,81,62
0,p9671,6,43
0,p9672,77,31
0,p9673,34,94
0,p9674,28,78
0,p9675,62,100
0,p9676,28,51
0,p9677,13,99
0,p9678,30,10
0,p9679,97,77
0,p9680,74,32
0,p9681,63,36
0,p9682,53,86
0,p9683,21,89
0,p9684,96,59
0,p9685,80,63
0,p9686,93,63
0,p9687,55,82
0,p9688,81,99
0,p9689,27,75
0,p9690,2,48
0,p9691,78,41
0,p9692,37,76
0,p9693,22,96
0,p9694,20,71
0,p9695,92,67
0,p9696,81,86
0,p9697,66,18
0,p9698,98,37
0,p9699,84,22
0,p9700,35,9
0,p9701,4,39
0,p9702,32,63
0,p9703,59,79
0,p9704,22,11
0,p9705,99,62
0,p9706,20,100
0,p9707,32,64
0,p9708,16,84
0,p9709,38,96
0,p9710,9,29
0,p9711,2,54
0,p9712,92,73
0,p9713,79,39
0,p9714,9,1
0,p9715,98,42
0,p9716,42,99
0,p9717,4,85
0,p9718,94,76
0,p9719,85,58
0,p9720,49,36
0,p9721,51,87
0,p9722,100,51
0,p9723,22,44
0,p9724,31,85
0,p9725,56,66
0,p9726,1,97
0,p9727,36,53
0,p9728,32,82
0,p9729,11,88
0,p9730,40,82
0,p9731,76,95
0,p9732,21,17
0,p9733,75,38
0,p9734,61,90
0,p9735,90,79
0,p9736,25,19
0,p9737,86,88
0,p9738,89,63
0,p9739,82,40
0,p9740,35,95
0,p9741,18,66
0,p9742,57,44
0,p9743,71,9
0,p9744,80,7
0,p9745,96,66
0,p9746,5,29
0,p9747,36,11
0,p9748,50,78
0,p9749,99,75
0,p9750,98,35
0,p9751,45,16
0,p9752,39,89
0,p9753,20,1
0,p9754,40,83
0,p9755,60,32
0,p9756,14,3
0,p9757,72,44
0,p9758,21,54
0,p9759,36,95
0,p9760,36,75
0,p9761,20,79
0,p9762,97,22
0,p9763,83,16
0,p9764,49,12
0,p9765,13,45
0,p9766,18,12
0,p9767,29,98
0,p9768,64,29
0,p9769,52,78
0,p9770,77,23
0,p9771,18,72
0,p9772,61,84
0,p9773,70,44
0,p9774,44,76
0,p9775,68,79
0,p9776,29,72
0,p9777,91,6
0,p9778,74,77
0,p9779,31,82
0,p9780,52,58
0,p9781,61,30
0,p9782,8,62
0,p9783,27,55
0,p9784,95,9
0,p9785,8,36
0,p9786,17,65
0,p9787,64,71
0,p9788,50,77
0,p9789,89,92
0,p9790,63,17
0,p9791,38,31
0,p9792,96,6
0,p9793,38,46
0,p9794,29,2
0,p9795,17,58
0,p9796,44,4
0,p9797,55,90
0,p9798,67,65
0,p9799,60,85
0,p9800,80,55
0,p9801,29,40
0,p9802,100,66
0,p9803,23,5
0,p9804,1,24
0,p9805,26,35
0,p9806,16,57
0,p9807,86,73
0,p9808,49,88
0,p9809,71,34
0,p9810,30,96
0,p9811,13,79
0,p9812,80,58
0,p9813,55,38
0,p9814,33,46
0,p9815,69,9
0,p9816,66,87
0,p9817,94,77
0,p9818,7,92
0,p9819,64,70
0,p9820,3,38
0,p9821,98,86
0,p9822,19,54
0,p9823,9,2
0,p9824,32,86
0,p9825,84,25
0,p9826,11,26
0,p9827,55,22
0,p9828,66,54
0,p9829,62,85
0,p9830,47,87
0,p9831,5,28
0,p9832,49,55
0,p9833,59,40
0,p9834,79,88
0,p9835,36,85
0,p9836,27,65
0,p9837,5,9
0,p9838,2,1
0,p9839,51,25
0,p9840,63,44
0,p9841,55,30
0,p9842,40,58
0,p9843,96,70
0,p9844,29,24
0,p9845,7,94
0,p9846,73,77
0,p9847,77,88
0,p9848,80,30
0,p9849,72,66
0,p9850,12,28
0,p9851,54,70
0,p9852,90,88
0,p9853,26,14
0,p9854,84,92
0,p9855,95,63
0,p9856,68,88
0,p9857,43,78
0,p9858,10,47
0,p9859,43,29
0,p9860,58,67
0,p9861,36,40
0,p9862,4,7
0,p9863,74,73
0,p9864,98,44
0,p9865,74,94
0,p9866,26,94
0,p9867,22,9
0,p9868,100,70
0,p9869,8,65
0,p9870,30,91
0,p9871,96,26
0,p9872,11,83
0,p9873,2,91
0,p9874,63,98
0,p9875,94,48
0,p9876,42,16
0,p9877,99,95
0,p9878,10,30
0,p9879,72,75
0,p9880,96,18
0,p9881,70,90
0,p9882,12,100
0,p9883,31,26
0,p9884,61,67
0,p9885,79,44
0,p9886,91,87
0,p9887,58,90
0,p9888,17,78
0,p9889,85,75
0,p9890,43,93
0,p9891,36,40
0,p9892,99,2
0,p9893,78,14
0,p9894,86,26
0,p9895,74,40
0,p9896,57,46
0,p9897,27,95
0,p9898,85,78
0,p9899,21,52
0,p9900,84,83
0,p9901,76,47
0,p9902,46,90
0,p9903,7,96
0,p9904,88,33
0,p9905,19,53
0,p9906,44,94
0,p9907,10,1
0,p9908,27,9
0,p9909,43,87
0,p9910,27,95
0,p9911,49,72
0,p9912,48,9
0,p9913,68,16
0,p9914,81,90
0,p9915,9,30
0,p9916,71,32
0,p9917,78,2
0,p9918,23,67
0,p9919,42,75
0,p9920,79,100
0,p9921,75,15
0,p9922,18,96
0,p9923,9,38
0,p9924,9,87
0,p9925,58,35
0,p9926,12,85
0,p9927,64,39
0,p9928,57,35
0,p9929,50,71
0,p9930,32,71
0,p9931,70,1
0,p9932,86,71
0,p9933,7,71
0,p9934,74,60
0,p9935,10,26
0,p9936,54,27
0,p9937,58,49
0,p9938,86,50
0,p9939,73,83
0,p9940,14,7
0,p9941,18,65
0,p9942,69,61
0,p9943,42,18
0,p9944,100,16
0,p9945,29,30
0,p9946,84,68
0,p9947,3,96
0,p9948,43,55
0,p9949,98,75
0,p9950,99,28
0,p9951,78,98
0,p9952,41,75
0,p9953,26,36
0,p9954,28,35
0,p9955,11,61
0,p9956,62,18
0,p9957,70,63
0,p9958,48,26
0,p9959,90,18
0,p9960,38,36
0,p9961,69,84
0,p9962,76,42
0,p9963,13,54
0,p9964,69,40
0,p9965,81,46
0,p9966,73,68
0,p9967,81,10
0,p9968,2,79
0,p9969,79,19
0,p9970,73,100
0,p9971,51,11
0,p9972,99,98
0,p9973,72,23
0,p9974,71,42
0,p9975,61,60
0,p9976,69,82
0,p9977,41,35
0,p9978,22,98
0,p9979,51,31
0,p9980,16,35
0,p9981,32,46
0,p9982,28,12
0,p9983,4,66
0,p9984,18,19
0,p9985,4,63
0,p9986,51,26
0,p9987,24,45
0,p9988,44,98
0,p9989,25,9
0,p9990,23,54
0,p9991,15,47
0,p9992,80,72
0,p9993,90,31
0,p9994,49,72
0,p9995,13,97
0,p9996,30,68
0,p9997,18,13
0,p9998,66,96
0,p9999,1,51
0,p10000,22,27
0,p10001,96,22
0,p10002,24,84
0,p10003,16,45
0,p10004,42,30
0,p10005,21,18
0,p10006,44,33
0,p10007,78,5
0,p10008,75,41
0,p10009,79,8
0,p10010,19,87
0,p10011,36,20
0,p10012,21,6
0,p10013,12,37
0,p10014,29,48
0,p10015,63,24
0,p10016,62,4
0,p10017,90,68
0,p10018,37,5
0,p10019,70,9
0,p10020,58,22
0,p10021,27,54
0,p10022,33,13
0,p10023,27,61
0,p10024,93,48
0,p10025,70,84
0,p10026,16,87
0,p10027,56,17
0,p10028,70,92
0,p10029,37,46
0,p10030,96,30
0,p10031,62,67
0,p10032,20,57
0,p10033,34,91
0,p10034,23,83
0,p10035,50,6
0,p10036,42,56
0,p10037,31,26
0,p10038,80,23
0,p10039,15,16
0,p10040,26,70
0,p10041,45,1
0,p10042,42,86
0,p10043,51,34
0,p10044,13,56
0,p10045,72,57
0,p10046,54,33
0,p10047,12,79
0,p10048,57,73
0,p10049,9,40
0,p10050,14,22
0,p10051,98,59
0,p10052,56,6
0,p10053,69,34
0,p10054,65,42
0,p10055,95,100
0,p10056,15,69
0,p10057,40,88
0,p10058,84,62
0,p10059,65,49
0,p10060,89,39
0,p10061,56,71
0,p10062,34,21
0,p10063,57,74
0,p10064,67,41
0,p10065,17,75
0,p10066,79,68
0,p10067,40,25
0,p10068,82,91
0,p10069,14,73
0,p10070,65,33
0,p10071,80,53
0,p10072,97,22
0,p10073,15,18
0,p10074,38,10
0,p10075,70,77
0,p10076,30,12
0,p10077,53,25
0,p10078,85,73
0,p10079,87,73
0,p10080,33,11
0,p10081,82,80
0,p10082,74,93
0,p10083,9,32
0,p10084,3,2
0,p10085,13,49
0,p10086,60,86
0,p10087,80,95
0,p10088,24,72
0,p10089,7,88
0,p10090,13,15
0,p10091,78,43
0,p10092,48,83
0,p10093,44,19
0,p10094,98,35
0,p10095,45,46
0,p10096,15,66
0,p10097,96,23
0,p10098,77,3
0,p10099,90,22
0,p10100,54,74
0,p10101,14,68
0,p10102,93,60
0,p10103,46,21
0,p10104,16,33
0,p10105,68,27
0,p10106,91,86
0,p10107,89,67
0,p10108,68,17
0,p10109,45,86
0,p10110,35,17
0,p10111,66,12
0,p10112,59,12
0,p10113,23,56
0,p10114,85,7
0,p10115,11,69
0,p10116,99,20
0,p10117,80,49
0,p10118,48,59
0,p10119,40,96
0,p10120,65,89
0,p10121,61,99
0,p10122,3,29
0,p10123,67,61
0,p10124,52,60
0,p10125,9,37
0,p10126,61,15
0,p10127,18,22
0,p10128,80,96
0,p10129,54,47
0,p10130,64,96
0,p10131,73,17
0,p10132,93,91
0,p10133,34,17
0,p10134,32,31
0,p10135,30,6
0,p10136,50,41
0,p10137,69,73
0,p10138,76,50
0,p10139,19,85
0,p10140,56,76
0,p10141,71,4
0,p10142,90,62
0,p10143,4,10
0,p10144,53,13
0,p10145,61,36
0,p10146,8,79
0,p10147,25,81
0,p10148,60,71
0,p10149,2,21
0,p10150,26,16
0,p10151,76,41
0,p10152,33,74
0,p10153,92,39
0,p10154,26,7
0,p10155,37,16
0,p10156,47,19
0,p10157,20,82
0,p10158,27,38
0,p10159,5,72
0,p10160,17,26
0,p10161,99,91
0,p10162,76,46
0,p10163,17,4
0,p10164,57,27
0,p10165,38,100
0,p10166,23,71
0,p10167,6,52
0,p10168,58,66
0,p10169,16,43
0,p10170,56,80
0,p10171,42,47
0,p10172,15,61
0,p10173,47,85
0,p10174,88,98
0,p10175,30,14
0,p10176,27,72
0,p10177,2,18
0,p10178,18,41
0,p10179,69,35
0,p10180,53,12
0,p10181,8,79
0,p10182,69,42
0,p10183,84,39
0,p10184,1,8
0,p10185,1,34
0,p10186,19,86
0,p10187,19,35
0,p10188,6,59
0,p10189,44,30
0,p10190,16,96
0,p10191,74,57
0,p10192,69,6
0,p10193,1,14
0,p10194,25,17
0,p10195,60,61
0,p10196,32,41
0,p10197,71,99
0,p10198,33,69
0,p10199,45,94
0,p10200,98,15
0,p10201,88,81
0,p10202,60,44
0,p10203,77,34
0,p10204,62,83
0,p10205,83,12
0,p10206,65,52
0,p10207,41,55
0,p10208,1,19
0,p10209,99,38
0,p10210,13,49
0,p10211,50,7
0,p10212,68,67
0,p10213,11,70
0,p10214,25,45
0,p10215,15,39
0,p10216,58,59
0,p10217,43,45
0,p10218,78,49
0,p10219,91,61
0,p10220,1,20
0,p10221,41,28
0,p10222,17,62
0,p10223,17,75
0,p10224,23,4
0,p10225,27,42
0,p10226,26,22
0,p10227,85,66
0,p10228,57,59
0,p10229,40,32
0,p10230,82,20
0,p10231,52,75
0,p10232,12,65
0,p10233,25,76
0,p10234,24,96
0,p10235,28,73
0,p10236,50,28
0,p10237,89,45
0,p10238,15,62
0,p10239,28,29
0,p10240,42,27
0,p10241,62,99
0,p10242,68,88
0,p10243,97,65
0,p10244,75,8
0,p10245,41,73
0,p10246,13,12
0,p10247,96,99
0,p10248,45,30
0,p10249,84,41
0,p10250,4,88
0,p10251,69,34
0,p10252,48,82
0,p10253,53,11
0,p10254,83,96
0,p10255,6,89
0,p10256,13,6
0,p10257,37,88
0,p10258,3,56
0,p10259,85,62
0,p10260,52,30
0,p10261,46,17
0,p10262,74,57
0,p10263,26,85
0,p10264,19,37
0,p10265,25,55
0,p10266,72,64
0,p10267,69,75
0,p10268,77,57
0,p10269,5,52
0,p10270,45,31
0,p10271,44,51
0,p10272,80,6
0,p10273,19,39
0,p10274,25,5
0,p10275,36,50
0,p10276,86,66
0,p10277,13,18
0,p10278,45,41
0,p10279,74,86
0,p10280,15,64
0,p10281,71,40
0,p10282,1,99
0,p10283,53,9
0,p10284,29,9
0,p10285,8,90
0,p10286,39,49
0,p10287,17,5
0,p10288,95,7
0,p10289,84,99
0,p10290,39,68
0,p10291,83,8
0,p10292,27,13
0,p10293,98,76
0,p10294,45,81
0,p10295,78,57
0,p10296,75,35
0,p10297,34,88
0,p10298,52,57
0,p10299,26,66
0,p10300,6,47
0,p10301,96,8
0,p10302,22,53
0,p10303,59,85
0,p10304,53,80
0,p10305,27,60
0,p10306,42,18
0,p10307,92,39
0,p10308,53,91
0,p10309,28,44
0,p10310,1,87
0,p10311,22,6
0,p10312,39,48
0,p10313,16,12
0,p10314,37,90
0,p10315,32,89
0,p10316,33,44
0,p10317,23,100
0,p10318,31,38
0,p10319,23,95
0,p10320,34,87
0,p10321,69,63
0,p10322,18,72
0,p10323,7,15
0,p10324,94,42
0,p10325,63,13
0,p10326,2,36
0,p10327,23,74
0,p10328,61,28
0,p10329,93,36
0,p10330,15,17
0,p10331,94,51
0,p10332,44,82
0,p10333,43,26
0,p10334,70,26
0,p10335,73,39
0,p10336,61,93
0,p10337,12,95
0,p10338,7,65
0,p10339,65,44
0,p10340,30,46
0,p10341,37,59
0,p10342,76,89
0,p10343,72,41
0,p10344,84,29
0,p10345,59,97
0,p10346,58,42
0,p10347,10,98
0,p10348,31,55
0,p10349,45,57
0,p10350,42,34
0,p10351,36,48
0,p10352,94,33
0,p10353,45,63
0,p10354,34,61
0,p10355,44,67
0,p10356,35,40
0,p10357,84,81
0,p10358,44,22
0,p10359,64,35
0,p10360,74,79
0,p10361,35,94
0,p10362,39,23
0,p10363,55,25
0,p10364,34,94
0,p10365,13,60
0,p10366,51,23
0,p10367,59,41
0,p10368,27,32
0,p10369,11,13
0,p10370,82,22
0,p10371,56,60
0,p10372,98,52
0,p10373,58,24
0,p10374,13,39
0,p10375,41,61
0,p10376,85,61
0,p10377,80,79
0,p10378,52,49
0,p10379,98,60
0,p10380,30,24
0,p10381,82,47
0,p10382,54,44
0,p10383,29,57
0,p10384,92,75
0,p10385,89,91
0,p10386,33,96
0,p10387,82,39
0,p10388,44,13
0,p10389,20,10
0,p10390,71,72
0,p10391,57,22
0,p10392,55,83
0,p10393,20,43
0,p10394,87,46
0,p10395,10,17
0,p10396,36,39
0,p10397,4,46
0,p10398,65,75
0,p10399,40,69
0,p10400,76,40
0,p10401,22,72
0,p10402,82,45
0,p10403,43,3
0,p10404,47,75
0,p10405,82,29
0,p10406,1,65
0,p10407,19,84
0,p10408,36,67
0,p10409,80,16
0,p10410,73,84
0,p10411,60,30
0,p10412,12,81
0,p10413,59,3
0,p10414,63,13
0,p10415,50,52
0,p10416,39,90
0,p10417,18,19
0,p10418,4,1
0,p10419,3,1
0,p10420,40,80
0,p10421,69,32
0,p10422,23,1
0,p10423,45,73
0,p10424,40,64
0,p10425,34,47
0,p10426,78,46
0,p10427,33,20
0,p10428,60,81
0,p10429,17,65
0,p10430,85,20
0,p10431,35,95
0,p10432,91,73
0,p10433,90,48
0,p10434,65,96
0,p10435,29,97
0,p10436,67,64
0,p10437,46,74
0,p10438,97,63
0,p10439,61,100
0,p10440,16,76
0,p10441,58,44
0,p10442,33,49
0,p10443,65,73
0,p10444,84,96
0,p10445,85,24
0,p10446,9,12
0,p10447,48,13
0,p10448,90,100
0,p10449,59,7
0,p10450,94,57
0,p10451,72,23
0,p10452,30,19
0,p10453,17,89
0,p10454,6,36
0,p10455,64,100
0,p10456,66,75
0,p10457,43,56
0,p10458,57,98
0,p10459,22,71
0,p10460,66,4
0,p10461,11,28
0,p10462,55,26
0,p10463,40,75
0,p10464,25,23
0,p10465,98,54
0,p10466,61,92
0,p10467,27,49
0,p10468,25,61
0,p10469,20,91
0,p10470,58,61
0,p10471,77,25
0,p10472,3,97
0,p10473,53,54
0,p10474,67,44
0,p10475,59,36
0,p10476,28,46
0,p10477,68,2
0,p10478,62,14
0,p10479,36,12
0,p10480,25,27
0,p10481,84,99
0,p10482,7,10
0,p10483,37,85
0,p10484,84,11
0,p10485,91,22
0,p10486,18,70
0,p10487,34,11
0,p10488,77,99
0,p10489,33,41
0,p10490,44,62
0,p10491,11,42
0,p10492,75,38
0,p10493,28,7
0,p10494,69,17
0,p10495,78,13
0,p10496,35,87
0,p10497,36,93
0,p10498,58,75
0,p10499,20,97
0,p10500,13,38
0,p10501,87,52
0,p10502,36,73
0,p10503,54,20
0,p10504,35,63
0,p10505,21,38
0,p10506,16,19
0,p10507,94,46
0,p10508,41,75
0,p10509,50,100
0,p10510,9,48
0,p10511,100,1
0,p10512,82,19
0,p10513,74,61
0,p10514,85,3
0,p10515,74,51
0,p10516,66,19
0,p10517,19,32
0,p10518,4,24
0,p10519,19,95
0,p10520,33,74
0,p10521,33,99
0,p10522,73,21
0,p10523,56,65
0,p10524,72,8
0,p10525,51,52
0,p10526,54,70
0,p10527,54,72
0,p10528,51,60
0,p10529,29,10
0,p10530,61,62
0,p10531,14,9
0,p10532,45,16
0,p10533,37,82
0,p10534,73,82
0,p10535,68,59
0,p10536,32,46
0,p10537,41,91
0,p10538,10,51
0,p10539,25,39
0,p10540,56,97
0,p10541,19,84
0,p10542,98,40
0,p10543,35,61
0,p10544,2,26
0,p10545,7,38
0,p10546,20,7
0,p10547,12,55
0,p10548,90,40
0,p10549,60,44
0,p10550,17,35
0,p10551,73,42
0,p10552,34,89
0,p10553,32,3
0,p10554,16,74
0,p10555,30,29
0,p10556,35,95
0,p10557,6,89
0,p10558,38,19
0,p10559,54,44
0,p10560,82,90
0,p10561,99,100
0,p10562,89,47
0,p10563,85,66
0,p10564,64,75
0,p10565,39,99
0,p10566,39,22
0,p10567,10,36
0,p10568,71,32
0,p10569,38,1
0,p10570,81,66
0,p10571,37,32
0,p10572,5,83
0,p10573,79,7
0,p10574,82,88
0,p10575,68,78
0,p10576,44,18
0,p10577,85,17
0,p10578,28,19
0,p10579,55,15
0,p10580,62,30
0,p10581,12,18
0,p10582,95,91
0,p10583,14,17
0,p10584,30,89
0,p10585,58,11
0,p10586,83,62
0,p10587,50,75
0,p10588,40,8
0,p10589,66,93
0,p10590,62,71
0,p10591,82,26
0,p10592,35,3
0,p10593,12,43
0,p10594,6,16
0,p10595,52,20
0,p10596,73,59
0,p10597,58,30
0,p10598,36,58
0,p10599,47,39
0,p10600,53,26
0,p10601,50,21
0,p10602,74,23
0,p10603,79,66
0,p10604,39,83
0,p10605,89,78
0,p10606,27,62
0,p10607,47,24
0,p10608,98,71
0,p10609,67,97
0,p10610,5,81
0,p10611,86,12
0,p10612,63,92
0,p10613,80,40
0,p10614,40,31
0,p10615,29,69
0,p10616,60,7
0,p10617,7,69
0,p10618,51,83
0,p10619,72,9
0,p10620,8,29
0,p10621,31,3
0,p10622,47,69
0,p10623,20,50
0,p10624,7,57
0,p10625,31,32
0,p10626,90,8
0,p10627,91,17
0,p10628,47,81
0,p10629,34,16
0,p10630,83,86
0,p10631,80,42
0,p10632,89,74
0,p10633,40,20
0,p10634,60,5
0,p10635,75,23
0,p10636,80,30
0,p10637,93,8
0,p10638,61,94
0,p10639,66,58
0,p10640,11,51
0,p10641,23,18
0,p10642,60,77
0,p10643,31,66
0,p10644,11,71
0,p10645,30,2
0,p10646,3,73
0,p10647,77,56
0,p10648,52,95
0,p10649,36,43
0,p10650,68,13
0,p10651,66,10
0,p10652,10,27
0,p10653,62,52
0,p10654,45,22
0,p10655,96,16
0,p10656,48,54
0,p10657,13,45
0,p10658,16,92
0,p10659,41,86
0,p10660,19,99
0,p10661,16,77
0,p10662,88,6
0,p10663,26,83
0,p10664,30,22
0,p10665,37,15
0,p10666,64,79
0,p10667,39,31
0,p10668,8,81
0,p10669,68,86
0,p10670,54,11
0,p10671,13,83
0,p10672,77,64
0,p10673,75,85
0,p10674,4,74
0,p10675,94,51
0,p10676,24,23
0,p10677,17,41
0,p10678,59,65
0,p10679,85,27
0,p10680,12,46
0,p10681,96,82
0,p10682,59,73
0,p10683,69,64
0,p10684,6,35
0,p10685,20,17
0,p10686,90,17
0,p10687,31,58
0,p10688,32,61
0,p10689,17,26
0,p10690,50,88
0,p10691,25,6
0,p10692,81,9
0,p10693,41,84
0,p10694,23,87
0,p10695,4,78
0,p10696,41,54
0,p10697,93,19
0,p10698,36,66
0,p10699,15,6
0,p10700,23,78
0,p10701,9,67
0,p10702,59,1
0,p10703,30,16
0,p10704,91,74
0,p10705,93,27
0,p10706,27,91
0,p10707,21,38
0,p10708,66,80
0,p10709,38,2
0,p10710,79,43
0,p10711,40,98
0,p10712,34,78
0,p10713,71,74
0,p10714,97,37
0,p10715,91,65
0,p10716,12,7
0,p10717,17,64
0,p10718,1,73
0,p10719,71,22
0,p10720,5,38
0,p10721,69,77
0,p10722,63,88
0,p10723,66,81
0,p10724,51,99
0,p10725,56,47
0,p10726,29,83
0,p10727,85,59
0,p10728,16,27
0,p10729,62,74
0,p10730,31,68
0,p10731,4,58
0,p10732,13,31
0,p10733,61,60
0,p10734,99,57
0,p10735,40,100
0,p10736,100,86
0,p10737,97,85
0,p10738,82,39
0,p10739,74,40
0,p10740,45,6
0,p10741,67,59
0,p10742,40,3
0,p10743,90,49
0,p10744,22,75
0,p10745,89,5
0,p10746,31,60
0,p10747,94,38
0,p10748,44,65
0,p10749,44,76
0,p10750,13,98
0,p10751,79,34
0,p10752,29,11
0,p10753,39,30
0,p10754,25,6
0,p10755,42,13
0,p10756,50,70
0,p10757,73,55
0,p10758,75,31
0,p10759,85,21
0,p10760,33,97
0,p10761,89,66
0,p10762,17,54
0,p10763,35,30
0,p10764,89,100
0,p10765,56,32
0,p10766,34,58
0,p10767,11,61
0,p10768,85,12
0,p10769,48,5
0,p10770,23,81
0,p10771,98,83
0,p10772,66,47
0,p10773,100,63
0,p10774,23,88
0,p10775,30,88
0,p10776,70,12
0,p10777,100,42
0,p10778,66,81
0,p10779,11,43
0,p10780,94,47
0,p10781,10,90
0,p10782,22,16
0,p10783,98,69
0,p10784,97,27
0,p10785,64,72
0,p10786,85,6
0,p10787,67,39
0,p10788,90,59
0,p10789,26,33
0,p10790,49,67
0,p10791,48,99
0,p10792,19,88
0,p10793,100,86
0,p10794,45,66
0,p10795,62,67
0,p10796,98,69
0,p10797,88,35
0,p10798,15,64
0,p10799,56,23
0,p10800,16,86
0,p10801,60,59
0,p10802,60,95
0,p10803,99,2
0,p10804,76,45
0,p10805,94,56
0,p10806,82,74
0,p10807,63,91
0,p10808,69,49
0,p10809,98,41
0,p10810,43,24
0,p10811,14,10
0,p10812,41,46
0,p10813,42,78
0,p10814,58,6
0,p10815,92,95
0,p10816,96,14
0,p10817,1,45
0,p10818,78,15
0,p10819,10,79
0,p10820,90,56
0,p10821,88,24
0,p10822,31,5
0,p10823,40,11
0,p10824,53,25
0,p10825,81,74
0,p10826,27,66
0,p10827,15,62
0,p10828,1,10
0,p10829,75,61
0,p10830,13,48
0,p10831,71,67
0,p10832,5,7
0,p10833,79,22
0,p10834,61,66
0,p10835,35,63
0,p10836,89,80
0,p10837,63,62
0,p10838,70,34
0,p10839,5,7
0,p10840,86,56
0,p10841,32,8
0,p10842,94,42
0,p10843,25,17
0,p10844,86,28
0,p10845,33,60
0,p10846,13,99
0,p10847,68,64
0,p10848,64,79
0,p10849,23,85
0,p10850,14,77
0,p10851,53,80
0,p10852,90,65
0,p10853,15,30
0,p10854,79,38
0,p10855,24,33
0,p10856,34,8
0,p10857,5,100
0,p10858,59,52
0,p10859,5,84
0,p10860,84,68
0,p10861,89,74
0,p10862,1,50
0,p10863,16,45
0,p10864,19,39
0,p10865,32,82
0,p10866,49,2
0,p10867,71,9
0,p10868,36,98
0,p10869,83,15
0,p10870,67,78
0,p10871,14,75
0,p10872,66,36
0,p10873,96,44
0,p10874,21,24
0,p10875,34,46
0,p10876,36,80
0,p10877,7,25
0,p10878,84,83
0,p10879,57,11
0,p10880,65,7
0,p10881,3,24
0,p10882,7,85
0,p10883,93,64
0,p10884,69,42
0,p10885,96,12
0,p10886,28,30
0,p10887,79,85
0,p10888,63,80
0,p10889,38,97
0,p10890,26,57
0,p10891,34,55
0,p10892,58,97
0,p10893,68,58
0,p10894,53,20
0,p10895,42,26
0,p10896,30,25
0,p10897,83,74
0,p10898,94,51
0,p10899,65,50
0,p10900,35,53
0,p10901,63,34
0,p10902,18,70
0,p10903,7,24
0,p10904,69,90
0,p10905,88,43
0,p10906,3,13
0,p10907,86,41
0,p10908,30,16
0,p10909,44,92
0,p10910,42,73
0,p10911,46,90
0,p10912,58,48
0,p10913,16,41
0,p10914,90,58
0,p10915,65,47
0,p10916,13,60
0,p10917,86,95
0,p10918,7,88
0,p10919,78,21
0,p10920,66,21
0,p10921,59,34
0,p10922,72,24
0,p10923,46,6
0,p10924,31,83
0,p10925,59,11
0,p10926,92,46
0,p10927,37,99
0,p10928,79,22
0,p10929,2,91
0,p10930,74,34
0,p10931,28,6
0,p10932,80,32
0,p10933,52,9
0,p10934,91,15
0,p10935,85,92
0,p10936,69,23
0,p10937,100,87
0,p10938,55,86
0,p10939,86,79
0,p10940,17,47
0,p10941,39,3
0,p10942,36,16
0,p10943,43,67
0,p10944,74,55
0,p10945,60,5
0,p10946,28,32
0,p10947,69,62
0,p10948,4,65
0,p10949,85,50
0,p10950,13,88
0,p10951,77,99
0,p10952,62,41
0,p10953,77,96
0,p10954,80,37
0,p10955,2,33
0,p10956,53,85
0,p10957,71,55
0,p10958,17,37
0,p10959,96,62
0,p10960,92,34
0,p10961,27,58
0,p10962,24,80
0,p10963,10,27
0,p10964,95,64
0,p10965,98,2
0,p10966,13,39
0,p10967,61,23
0,p10968,64,68
0,p10969,92,58
0,p10970,47,16
0,p10971,47,59
0,p10972,7,85
0,p10973,77,8
0,p10974,66,29
0,p10975,8,6
0,p10976,99,60
0,p10977,3,97
0,p10978,86,87
0,p10979,54,24
0,p10980,61,18
0,p10981,57,78
0,p10982,90,6
0,p10983,88,30
0,p10984,13,68
0,p10985,46,88
0,p10986,3,71
0,p10987,42,49
0,p10988,16,56
0,p10989,5,47
0,p10990,56,16
0,p10991,71,42
0,p10992,9,70
0,p10993,48,93
0,p10994,100,89
0,p10995,8,87
0,p10996,58,10
0,p10997,17,100
0,p10998,95,51
0,p10999,87,4
0,p11000,9,58
0,p11001,21,96
0,p11002,59,40
0,p11003,78,48
0,p11004,24,59
0,p11005,69,47
0,p11006,98,87
0,p11007,29,96
0,p11008,74,2
0,p11009,35,63
0,p11010,17,93
0,p11011,36,51
0,p11012,74,6
0,p11013,97,87
0,p11014,52,88
0,p11015,98,20
0,p11016,16,39
0,p11017,30,31
0,p11018,47,88
0,p11019,95,35
0,p11020,77,29
0,p11021,79,64
0,p11022,70,31
0,p11023,95,45
0,p11024,68,22
0,p11025,73,16
0,p11026,83,32
0,p11027,53,61
0,p11028,7,8
0,p11029,91,3
0,p11030,62,7
0,p11031,43,56
0,p11032,10,94
0,p11033,68,87
0,p11034,52,88
0,p11035,58,36
0,p11036,22,76
0,p11037,51,72
0,p11038,96,34
0,p11039,10,72
0,p11040,90,62
0,p11041,17,49
0,p11042,59,53
0,p11043,41,99
0,p11044,28,43
0,p11045,32,4
0,p11046,48,59
0,p11047,72,36
0,p11048,97,64
0,p11049,61,11
0,p11050,91,40
0,p11051,16,90
0,p11052,53,41
0,p11053,49,11
0,p11054,22,88
0,p11055,11,23
0,p11056,68,45
0,p11057,6,97
0,p11058,79,43
0,p11059,51,41
0,p11060,65,24
0,p11061,88,69
0,p11062,23,80
0,p11063,12,25
0,p11064,8,50
0,p11065,12,54
0,p11066,77,82
0,p11067,56,94
0,p11068,33,98
0,p11069,58,64
0,p11070,80,37
0,p11071,2,53
0,p11072,33,30
0,p11073,76,16
0,p11074,24,10
0,p11075,34,76
0,p11076,97,80
0,p11077,26,50
0,p11078,40,37
0,p11079,31,11
0,p11080,43,18
0,p11081,44,63
0,p11082,43,30
0,p11083,74,73
0,p11084,50,15
0,p11085,69,38
0,p11086,20,83
0,p11087,34,18
0,p11088,72,11
0,p11089,92,27
0,p11090,14,46
0,p11091,1,67
0,p11092,54,45
0,p11093,6,8
0,p11094,19,93
0,p11095,59,90
0,p11096,56,23
0,p11097,44,32
0,p11098,2,10
0,p11099,91,87
0,p11100,94,63
0,p11101,100,28
0,p11102,4,99
0,p11103,56,48
0,p11104,53,38
0,p11105,8,61
0,p11106,15,62
0,p11107,48,64
0,p11108,39,91
0,p11109,44,5
0,p11110,47,98
0,p11111,76,22
0,p11112,14,79
0,p11113,34,7
0,p11114,68,27
0,p11115,50,57
0,p11116,84,46
0,p11117,58,7
0,p11118,83,37
0,p11119,49,16
0,p11120,87,46
0,p11121,5,12
0,p11122,85,31
0,p11123,51,16
0,p11124,5,97
0,p11125,71,44
0,p11126,100,63
0,p11127,53,1
0,p11128,63,70
0,p11129,67,75
0,p11130,29,6
0,p11131,66,47
0,p11132,25,35
0,p11133,40,30
0,p11134,92,89
0,p11135,39,35
0,p11136,45,94
0,p11137,87,26
0,p11138,74,30
0,p11139,31,82
0,p11140,8,41
0,p11141,92,46
0,p11142,49,12
0,p11143,12,13
0,p11144,76,52
0,p11145,80,6
0,p11146,53,69
0,p11147,15,76
0,p11148,23,11
0,p11149,99,37
0,p11150,16,48
0,p11151,13,77
0,p11152,62,11
0,p11153,15,12
0,p11154,39,3
0,p11155,50,43
0,p11156,46,88
0,p11157,15,8
0,p11158,34,38
0,p11159,20,96
0,p11160,16,6
0,p11161,43,51
0,p11162,5,26
0,p11163,16,98
0,p11164,91,88
0,p11165,55,100
0,p11166,6,20
0,p11167,99,73
0,p11168,79,47
0,p11169,33,48
0,p11170,37,55
0,p11171,4,6
0,p11172,27,92
0,p11173,74,95
0,p11174,72,81
0,p11175,14,63
0,p11176,33,76
0,p11177,82,31
0,p11178,37,79
0,p11179,1,21
0,p11180,71,28
0,p11181,69,28
0,p11182,17,91
0,p11183,45,52
0,p11184,41,50
0,p11185,89,14
0,p11186,82,12
0,p11187,67,52
0,p11188,4,94
0,p11189,91,74
0,p11190,45,43
0,p11191,63,6
0,p11192,91,77
0,p11193,66,77
0,p11194,97,16
0,p11195,65,76
0,p11196,44,23
0,p11197,95,58
0,p11198,66,94
0,p11199,61,10
0,p11200,80,8
0,p11201,96,87
0,p11202,29,77
0,p11203,42,73
0,p11204,71,41
0,p11205,58,38
0,p11206,18,95
0,p11207,86,80
0,p11208,14,61
0,p11209,74,13
0,p11210,87,70
0,p11211,83,30
0,p11212,22,65
0,p11213,30,35
0,p11214,85,83
0,p11215,3,57
0,p11216,34,68
0,p11217,35,70
0,p11218,56,39
0,p11219,5,69
0,p11220,50,24
0,p11221,50,31
0,p11222,15,45
0,p11223,63,50
0,p11224,85,92
0,p11225,18,37
0,p11226,41,58
0,p11227,80,98
0,p11228,60,47
0,p11229,71,88
0,p11230,84,45
0,p11231,91,81
0,p11232,39,16
0,p11233,75,54
0,p11234,87,12
0,p11235,98,90
0,p11236,56,87
0,p11237,40,100
0,p11238,43,92
0,p11239,69,19
0,p11240,75,20
0,p11241,100,42
0,p11242,50,57
0,p11243,55,16
0,p11244,81,82
0,p11245,89,96
0,p11246,80,68
0,p11247,4,74
0,p11248,93,85
0,p11249,46,26
0,p11250,32,92
0,p11251,21,81
0,p11252,8,56
0,p11253,49,63
0,p11254,61,91
0,p11255,65,71
0,p11256,34,82
0,p11257,40,5
0,p11258,7,80
0,p11259,100,37
0,p11260,1,27
0,p11261,69,42
0,p11262,47,97
0,p11263,47,65
0,p11264,48,95
0,p11265,31,100
0,p11266,48,12
0,p11267,42,25
0,p11268,85,31
0,p11269,21,83
0,p11270,30,80
0,p11271,39,72
0,p11272,26,63
0,p11273,5,39
0,p11274,65,16
0,p11275,85,84
0,p11276,93,66
0,p11277,42,45
0,p11278,24,76
0,p11279,54,17
0,p11280,23,3
0,p11281,21,55
0,p11282,28,12
0,p11283,31,9
0,p11284,22,86
0,p11285,82,64
0,p11286,80,20
0,p11287,24,12
0,p11288,62,92
0,p11289,81,66
0,p11290,69,100
0,p11291,2,83
0,p11292,13,41
0,p11293,29,31
0,p11294,55,33
0,p11295,42,17
0,p11296,63,78
0,p11297,97,81
0,p11298,36,20
0,p11299,91,37
0,p11300,88,64
0,p11301,46,47
0,p11302,77,27
0,p11303,60,57
0,p11304,50,94
0,p11305,3,39
0,p11306,63,87
0,p11307,88,44
0,p11308,18,24
0,p11309,6,86
0,p11310,93,12
0,p11311,74,3
0,p11312,83,100
0,p11313,37,32
0,p11314,20,30
0,p11315,44,57
0,p11316,73,72
0,p11317,29,11
0,p11318,45,100
0,p11319,10,73
0,p11320,83,8
0,p11321,13,16
0,p11322,86,97
0,p11323,41,74
0,p11324,42,91
0,p11325,80,8
0,p11326,28,44
0,p11327,77,32
0,p11328,98,82
0,p11329,55,8
0,p11330,68,45
0,p11331,64,76
0,p11332,59,40
0,p11333,75,73
0,p11334,45,51
0,p11335,61,52
0,p11336,85,97
0,p11337,51,28
0,p11338,77,57
0,p11339,15,47
0,p11340,80,67
0,p11341,23,33
0,p11342,75,8
0,p11343,97,57
0,p11344,62,29
0,p11345,87,83
0,p11346,9,56
0,p11347,13,59
0,p11348,23,50
0,p11349,13,3
0,p11350,49,44
0,p11351,60,59
0,p11352,97,53
0,p11353,38,92
0,p11354,3,23
0,p11355,64,49
0,p11356,3,10
0,p11357,16,56
0,p11358,51,11
0,p11359,98,52
0,p11360,13,84
0,p11361,82,66
0,p11362,54,63
0,p11363,46,21
0,p11364,97,50
0,p11365,26,83
0,p11366,16,31
0,p11367,12,64
0,p11368,94,91
0,p11369,22,77
0,p11370,11,47
0,p11371,46,62
0,p11372,34,15
0,p11373,54,87
0,p11374,10,98
0,p11375,37,72
0,p11376,20,77
0,p11377,60,84
0,p11378,97,17
0,p11379,47,21
0,p11380,90,2
0,p11381,92,53
0,p11382,55,16
0,p11383,87,13
0,p11384,61,12
0,p11385,84,27
0,p11386,34,26
0,p11387,76,27
0,p11388,97,90
0,p11389,75,37
0,p11390,3,88
0,p11391,84,65
0,p11392,97,45
0,p11393,82,96
0,p11394,81,58
0,p11395,77,9
0,p11396,5,74
0,p11397,99,64
0,p11398,53,73
0,p11399,56,45
0,p11400,49,21
0,p11401,36,13
0,p11402,8,66
0,p11403,48,40
0,p11404,8,18
0,p11405,74,37
0,p11406,34,27
0,p11407,76,6
0,p11408,13,65
0,p11409,11,66
0,p11410,4,44
0,p11411,94,51
0,p11412,8,97
0,p11413,4,7
0,p11414,95,96
0,p11415,28,12
0,p11416,42,17
0,p11417,55,32
0,p11418,74,48
0,p11419,74,75
0,p11420,17,14
0,p11421,35,38
0,p11422,58,22
0,p11423,52,95
0,p11424,51,4
0,p11425,77,87
0,p11426,66,42
0,p11427,63,64
0,p11428,25,84
0,p11429,50,82
0,p11430,29,1
0,p11431,22,31
0,p11432,20,66
0,p11433,24,53
0,p11434,85,66
0,p11435,56,90
0,p11436,1,2
0,p11437,75,27
0,p11438,1,50
0,p11439,99,71
0,p11440,50,43
0,p11441,39,90
0,p11442,82,5
0,p11443,45,94
0,p11444,21,3
0,p11445,45,54
0,p11446,2,57
0,p11447,29,3
0,p11448,3,79
0,p11449,86,53
0,p11450,26,85
0,p11451,24,15
0,p11452,3,30
0,p11453,33,84
0,p11454,91,69
0,p11455,31,56
0,p11456,77,53
0,p11457,21,89
0,p11458,25,43
0,p11459,59,2
0,p11460,15,61
0,p11461,27,61
0,p11462,51,4
0,p11463,29,87
0,p11464,79,22
0,p11465,83,17
0,p11466,92,65
0,p11467,78,91
0,p11468,78,48
0,p11469,82,53
0,p11470,81,12
0,p11471,13,3
0,p11472,64,8
0,p11473,44,68
0,p11474,90,56
0,p11475,38,33
0,p11476,99,87
0,p11477,31,43
0,p11478,34,20
0,p11479,5,85
0,p11480,100,49
0,p11481,82,85
0,p11482,37,100
0,p11483,92,18
0,p11484,34,22
0,p11485,87,96
0,p11486,93,86
0,p11487,86,71
0,p11488,69,5
0,p11489,28,10
0,p11490,80,97
0,p11491,15,11
0,p11492,49,16
0,p11493,53,72
0,p11494,88,92
0,p11495,87,24
0,p11496,55,45
0,p11497,15,23
0,p11498,15,8
0,p11499,19,10
0,p11500,27,99
0,p11501,55,29
0,p11502,37,42
0,p11503,29,58
0,p11504,19,52
0,p11505,89,22
0,p11506,86,31
0,p11507,24,57
0,p11508,46,87
0,p11509,1,96
0,p11510,79,62
0,p11511,25,72
0,p11512,17,64
0,p11513,45,32
0,p11514,98,28
0,p11515,3,78
0,p11516,11,84
0,p11517,23,66
0,p11518,46,65
0,p11519,1,11
0,p11520,39,50
0,p11521,58,60
0,p11522,19,95
0,p11523,86,18
0,p11524,88,46
0,p11525,81,67
0,p11526,26,9
0,p11527,13,65
0,p11528,51,55
0,p11529,73,41
0,p11530,86,44
0,p11531,61,13
0,p11532,47,71
0,p11533,69,49
0,p11534,41,63
0,p11535,98,77
0,p11536,31,7
0,p11537,7,92
0,p11538,49,39
0,p11539,21,2
0,p11540,10,6
0,p11541,38,64
0,p11542,31,96
0,p11543,25,6
0,p11544,51,50
0,p11545,68,53
0,p11546,61,92
0,p11547,39,55
0,p11548,84,20
0,p11549,19,73
0,p11550,75,20
0,p11551,46,49
0,p11552,67,59
0,p11553,40,60
0,p11554,58,29
0,p11555,53,61
0,p11556,51,63
0,p11557,3,87
0,p11558,87,6
0,p11559,13,100
0,p11560,47,19
0,p11561,29,75
0,p11562,17,99
0,p11563,37,81
0,p11564,43,2
0,p11565,84,43
0,p11566,99,67
0,p11567,51,74
0,p11568,12,64
0,p11569,42,41
0,p11570,88,10
0,p11571,12,50
0,p11572,38,81
0,p11573,2,17
0,p11574,52,20
0,p11575,28,90
0,p11576,24,15
0,p11577,39,46
0,p11578,90,73
0,p11579,64,8
0,p11580,70,62
0,p11581,97,26
0,p11582,15,1
0,p11583,32,98
0,p11584,62,88
0,p11585,39,71
0,p11586,87,78
0,p11587,21,60
0,p11588,96,31
0,p11589,30,61
0,p11590,82,81
0,p11591,96,48
0,p11592,79,73
0,p11593,25,74
0,p11594,27,50
0,p11595,22,20
0,p11596,80,29
0,p11597,14,38
0,p11598,50,95
0,p11599,63,81
0,p11600,44,68
0,p11601,72,77
0,p11602,27,94
0,p11603,24,89
0,p11604,75,31
0,p11605,58,99
0,p11606,32,72
0,p11607,2,1
0,p11608,37,19
0,p11609,93,2
0,p11610,57,7
0,p11611,73,84
0,p11612,91,8
0,p11613,19,57
0,p11614,2,89
0,p11615,52,71
0,p11616,13,10
0,p11617,66,69
0,p11618,5,83
0,p11619,86,44
0,p11620,18,100
0,p11621,90,30
0,p11622,82,49
0,p11623,98,97
0,p11624,29,13
0,p11625,30,41
0,p11626,98,74
0,p11627,50,9
0,p11628,50,46
0,p11629,67,47
0,p11630,69,10
0,p11631,14,46
0,p11632,99,11
0,p11633,58,52
0,p11634,54,88
0,p11635,57,77
0,p11636,69,52
0,p11637,17,99
0,p11638,20,18
0,p11639,16,69
0,p11640,89,56
0,p11641,94,52
0,p11642,24,98
0,p11643,1,71
0,p11644,22,56
0,p11645,23,64
0,p11646,91,41
0,p11647,50,94
0,p11648,10,40
0,p11649,84,40
0,p11650,65,72
0,p11651,71,51
0,p11652,80,76
0,p11653,56,28
0,p11654,51,62
0,p11655,48,54
0,p11656,66,44
0,p11657,20,13
0,p11658,53,96
0,p11659,97,23
0,p11660,63,18
0,p11661,30,94
0,p11662,45,82
0,p11663,69,8
0,p11664,84,22
0,p11665,77,53
0,p11666,80,43
0,p11667,77,61
0,p11668,18,74
0,p11669,31,73
0,p11670,93,20
0,p11671,49,41
0,p11672,41,4
0,p11673,74,73
0,p11674,41,1
0,p11675,58,36
0,p11676,74,37
0,p11677,34,22
0,p11678,48,21
0,p11679,48,92
0,p11680,44,14
0,p11681,53,92
0,p11682,78,46
0,p11683,25,60
0,p11684,65,77
0,p11685,43,2
0,p11686,58,7
0,p11687,9,22
0,p11688,96,25
0,p11689,6,13
0,p11690,58,66
0,p11691,38,34
0,p11692,13,82
0,p11693,82,34
0,p11694,22,80
0,p11695,56,91
0,p11696,82,60
0,p11697,90,72
0,p11698,9,99
0,p11699,8,3
0,p11700,19,32
0,p11701,53,21
0,p11702,86,36
0,p11703,5,67
0,p11704,46,99
0,p11705,38,49
0,p11706,22,55
0,p11707,9,29
0,p11708,7,87
0,p11709,99,58
0,p11710,52,18
0,p11711,71,81
0,p11712,23,48
0,p11713,47,53
0,p11714,4,60
0,p11715,14,59
0,p11716,97,20
0,p11717,35,1
0,p11718,61,93
0,p11719,3,53
0,p11720,43,86
0,p11721,55,93
0,p11722,65,74
0,p11723,43,63
0,p11724,70,6
0,p11725,72,29
0,p11726,73,35
0,p11727,95,52
0,p11728,79,66
0,p11729,32,15
0,p11730,34,45
0,p11731,66,72
0,p11732,16,88
0,p11733,92,58
0,p11734,16,75
0,p11735,61,32
0,p11736,20,80
0,p11737,24,81
0,p11738,72,90
0,p11739,38,45
0,p11740,87,27
0,p11741,30,80
0,p11742,15,9
0,p11743,18,86
0,p11744,47,78
0,p11745,61,17
0,p11746,69,22
0,p11747,24,72
0,p11748,25,11
0,p11749,62,30
0,p11750,61,17
0,p11751,74,75
0,p11752,91,49
0,p11753,73,80
0,p11754,72,14
0,p11755,63,20
0,p11756,33,30
0,p11757,99,70
0,p11758,20,21
0,p11759,87,56
0,p11760,79,56
0,p11761,10,16
0,p11762,49,33
0,p11763,66,75
0,p11764,90,51
0,p11765,36,25
0,p11766,62,70
0,p11767,88,98
0,p11768,60,43
0,p11769,57,35
0,p11770,23,93
0,p11771,6,11
0,p11772,26,43
0,p11773,84,100
0,p11774,6,70
0,p11775,21,71
0,p11776,79,19
0,p11777,40,71
0,p11778,3,54
0,p11779,66,39
0,p11780,14,16
0,p11781,52,2
0,p11782,63,62
0,p11783,29,42
0,p11784,6,54
0,p11785,21,66
0,p11786,56,72
0,p11787,86,1
0,p11788,93,87
0,p11789,11,33
0,p11790,67,96
0,p11791,10,98
0,p11792,12,51
0,p11793,35,32
0,p11794,87,16
0,p11795,72,62
0,p11796,56,3
0,p11797,88,85
0,p11798,83,88
0,p11799,7,46
0,p11800,93,54
0,p11801,76,39
0,p11802,60,6
0,p11803,28,36
0,p11804,76,79
0,p11805,8,81
0,p11806,28,29
0,p11807,89,71
0,p11808,60,57
0,p11809,13,27
0,p11810,97,86
0,p11811,15,74
0,p11812,66,35
0,p11813,5,99
0,p11814,23,18
0,p11815,87,65
0,p11816,17,90
0,p11817,71,28
0,p11818,21,12
0,p11819,79,69
0,p11820,52,47
0,p11821,100,76
0,p11822,85,86
0,p11823,32,37
0,p11824,57,7
0,p11825,85,49
0,p11826,53,91
0,p11827,15,32
0,p11828,62,90
0,p11829,61,17
0,p11830,98,26
0,p11831,14,88
0,p11832,99,40
0,p11833,7,72
0,p11834,65,42
0,p11835,95,22
0,p11836,18,83
0,p11837,77,93
0,p11838,6,4
0,p11839,74,97
0,p11840,47,2
0,p11841,97,87
0,p11842,33,34
0,p11843,76,35
0,p11844,61,84
0,p11845,61,22
0,p11846,99,68
0,p11847,13,12
0,p11848,71,50
0,p11849,8,86
0,p11850,55,44
0,p11851,91,7
0,p11852,39,76
0,p11853,10,4
0,p11854,88,56
0,p11855,65,43
0,p11856,73,96
0,p11857,84,28
0,p11858,47,91
0,p11859,37,5
0,p11860,56,1
0,p11861,88,87
0,p11862,94,56
0,p11863,64,20
0,p11864,39,26
0,p11865,73,13
0,p11866,92,57
0,p11867,28,23
0,p11868,86,92
0,p11869,43,60
0,p11870,36,12
0,p11871,47,49
0,p11872,47,42
0,p11873,86,68
0,p11874,39,8
0,p11875,94,52
0,p11876,53,98
0,p11877,49,34
0,p11878,80,9
0,p11879,70,69
0,p11880,22,8
0,p11881,70,36
0,p11882,90,24
0,p11883,85,36
0,p11884,28,12
0,p11885,49,81
0,p11886,1,14
0,p11887,17,41
0,p11888,62,36
0,p11889,95,12
0,p11890,3,60
0,p11891,36,95
0,p11892,99,67
0,p11893,25,23
0,p11894,17,95
0,p11895,52,19
0,p11896,72,24
0,p11897,18,75
0,p11898,40,11
0,p11899,98,28
0,p11900,3,59
0,p11901,18,33
0,p11902,67,35
0,p11903,36,91
0,p11904,27,52
0,p11905,72,73
0,p11906,55,38
0,p11907,77,57
0,p11908,92,80
0,p11909,43,30
0,p11910,64,80
0,p11911,74,55
0,p11912,61,27
0,p11913,51,43
0,p11914,49,91
0,p11915,94,62
0,p11916,49,61
0,p11917,28,79
0,p11918,95,13
0,p11919,19,9
0,p11920,32,68
0,p11921,78,82
0,p11922,59,93
0,p11923,52,100
0,p11924,80,47
0,p11925,23,52
0,p11926,32,88
0,p11927,63,21
0,p11928,19,60
0,p11929,92,64
0,p11930,13,59
0,p11931,41,55
0,p11932,86,28
0,p11933,28,26
0,p11934,98,13
0,p11935,89,59
0,p11936,85,88
0,p11937,39,77
0,p11938,95,18
0,p11939,17,71
0,p11940,54,89
0,p11941,24,38
0,p11942,4,91
0,p11943,28,27
0,p11944,34,91
0,p11945,24,18
0,p11946,12,45
0,p11947,28,14
0,p11948,99,93
0,p11949,56,84
0,p11950,93,3
0,p11951,44,23
0,p11952,97,83
0,p11953,2,22
0,p11954,96,45
0,p11955,2,96
0,p11956,54,82
0,p11957,5,31
0,p11958,52,49
0,p11959,54,56
0,p11960,5,32
0,p11961,91,9
0,p11962,8,22
0,p11963,77,48
0,p11964,27,98
0,p11965,14,16
0,p11966,43,82
0,p11967,85,30
0,p11968,92,49
0,p11969,79,93
0,p11970,17,100
0,p11971,2,63
0,p11972,49,22
0,p11973,85,18
0,p11974,22,47
0,p11975,15,21
0,p11976,69,7
0,p11977,65,48
0,p11978,35,74
0,p11979,27,80
0,p11980,80,17
0,p11981,96,47
0,p11982,12,95
0,p11983,91,41
0,p11984,52,66
0,p11985,65,38
0,p11986,39,75
0,p11987,90,99
0,p11988,11,80
0,p11989,60,17
0,p11990,46,86
0,p11991,28,64
0,p11992,8,77
0,p11993,43,48
0,p11994,10,22
0,p11995,94,8
0,p11996,31,26
0,p11997,19,15
0,p11998,3,55
0,p11999,22,86
0,p12000,92,82
0,p12001,21,7
0,p12002,60,9
0,p12003,68,75
0,p12004,51,88
0,p12005,49,74
0,p12006,45,38
0,p12007,56,89
0,p12008,81,91
0,p12009,48,54
0,p12010,11,95
0,p12011,7,75
0,p12012,5,78
0,p12013,94,68
0,p12014,15,77
0,p12015,46,74
0,p12016,35,56
0,p12017,49,31
0,p12018,88,87
0,p12019,10,43
0,p12020,71,56
0,p12021,29,75
0,p12022,83,68
0,p12023,29,21
0,p12024,24,28
0,p12025,37,60
0,p12026,97,72
0,p12027,64,61
0,p12028,65,94
0,p12029,7,96
0,p12030,40,1
0,p12031,82,49
0,p12032,81,24
0,p12033,94,16
0,p12034,63,93
0,p12035,10,98
0,p12036,56,79
0,p12037,25,57
0,p12038,76,13
0,p12039,85,44
0,p12040,70,8
0,p12041,30,47
0,p12042,80,83
0,p12043,88,60
0,p12044,7,24
0,p12045,62,88
0,p12046,20,38
0,p12047,28,19
0,p12048,21,67
0,p12049,76,36
0,p12050,35,88
0,p12051,30,57
0,p12052,78,92
0,p12053,8,79
0,p12054,66,21
0,p12055,45,25
0,p12056,46,6
0,p12057,75,88
0,p12058,74,93
0,p12059,61,7
0,p12060,91,92
0,p12061,1,87
0,p12062,90,97
0,p12063,73,61
0,p12064,71,100
0,p12065,12,85
0,p12066,26,78
0,p12067,35,40
0,p12068,10,27
0,p12069,97,39
0,p12070,66,22
0,p12071,2,69
0,p12072,42,38
0,p12073,98,100
0,p12074,76,33
0,p12075,86,45
0,p12076,83,9
0,p12077,82,52
0,p12078,27,21
0,p12079,91,59
0,p12080,90,68
0,p12081,3,46
0,p12082,95,82
0,p12083,54,65
0,p12084,56,8
0,p12085,76,57
0,p12086,88,68
0,p12087,59,99
0,p12088,93,1
0,p12089,86,57
0,p12090,34,98
0,p12091,4,52
0,p12092,59,2
0,p12093,99,21
0,p12094,92,72
0,p12095,45,66
0,p12096,15,52
0,p12097,31,75
0,p12098,28,17
0,p12099,23,61
0,p12100,32,72
0,p12101,39,79
0,p12102,33,18
0,p12103,9,93
0,p12104,24,12
0,p12105,14,92
0,p12106,43,71
0,p12107,88,100
0,p12108,34,7
0,p12109,20,44
0,p12110,96,6
0,p12111,76,5
0,p12112,45,69
0,p12113,35,28
0,p12114,98,35
0,p12115,53,69
0,p12116,31,69
0,p12117,55,82
0,p12118,62,68
0,p12119,99,8
0,p12120,10,27
0,p12121,38,52
0,p12122,31,22
0,p12123,58,18
0,p12124,60,66
0,p12125,23,10
0,p12126,66,91
0,p12127,16,72
0,p12128,30,36
0,p12129,47,16
0,p12130,49,63
0,p12131,72,48
0,p12132,88,33
0,p12133,77,26
0,p12134,27,8
0,p12135,31,38
0,p12136,78,65
0,p12137,89,71
0,p12138,14,99
0,p12139,34,15
0,p12140,31,69
0,p12141,42,39
0,p12142,75,17
0,p12143,83,70
0,p12144,41,63
0,p12145,66,37
0,p12146,56,86
0,p12147,22,74
0,p12148,94,92
0,p12149,9,21
0,p12150,31,4
0,p12151,35,22
0,p12152,64,89
0,p12153,18,99
0,p12154,8,29
0,p12155,13,31
0,p12156,14,36
0,p12157,3,87
0,p12158,22,42
0,p12159,5,41
0,p12160,35,59
0,p12161,14,19
0,p12162,66,41
0,p12163,52,78
0,p12164,80,52
0,p12165,58,92
0,p12166,75,46
0,p12167,65,67
0,p12168,12,16
0,p12169,58,100
0,p12170,93,7
0,p12171,17,77
0,p12172,39,76
0,p12173,16,20
0,p12174,7,1
0,p12175,32,3
0,p12176,19,77
0,p12177,98,59
0,p12178,63,2
0,p12179,73,77
0,p12180,7,47
0,p12181,72,45
0,p12182,91,47
0,p12183,24,93
0,p12184,79,78
0,p12185,13,100
0,p12186,88,19
0,p12187,41,12
0,p12188,83,4
0,p12189,81,42
0,p12190,90,43
0,p12191,56,14
0,p12192,34,57
0,p12193,31,22
0,p12194,79,90
0,p12195,96,65
0,p12196,70,63
0,p12197,91,65
0,p12198,19,100
0,p12199,93,94
0,p12200,62,25
0,p12201,61,27
0,p12202,37,16
0,p12203,52,32
0,p12204,83,26
0,p12205,41,65
0,p12206,8,24
0,p12207,44,8
0,p12208,11,29
0,p12209,13,68
0,p12210,29,50
0,p12211,85,45
0,p12212,45,11
0,p12213,51,1
0,p12214,9,53
0,p12215,87,22
0,p12216,24,4
0,p12217,100,49
0,p12218,49,70
0,p12219,27,24
0,p12220,15,81
0,p12221,86,80
0,p12222,23,64
0,p12223,89,100
0,p12224,26,33
0,p12225,47,100
0,p12226,86,21
0,p12227,76,4
0,p12228,91,84
0,p12229,40,25
0,p12230,36,94
0,p12231,41,95
0,p12232,42,68
0,p12233,98,56
0,p12234,5,88
0,p12235,96,54
0,p12236,48,80
0,p12237,94,52
0,p12238,93,25
0,p12239,7,13
0,p12240,92,2
0,p12241,8,35
0,p12242,19,74
0,p12243,23,16
0,p12244,54,1
0,p12245,73,4
0,p12246,44,64
0,p12247,71,39
0,p12248,64,74
0,p12249,57,40
0,p12250,20,28
0,p12251,37,31
0,p12252,58,47
0,p12253,14,90
0,p12254,46,77
0,p12255,64,20
0,p12256,75,39
0,p12257,25,14
0,p12258,82,58
0,p12259,72,7
0,p12260,95,92
0,p12261,73,35
0,p12262,53,98
0,p12263,17,9
0,p12264,90,9
0,p12265,57,13
0,p12266,39,66
0,p12267,60,3
0,p12268,89,6
0,p12269,34,8
0,p12270,90,44
0,p12271,6,43
0,p12272,55,47
0,p12273,35,69
0,p12274,81,74
0,p12275,69,74
0,p12276,98,53
0,p12277,22,25
0,p12278,62,2
0,p12279,94,23
0,p12280,66,74
0,p12281,28,45
0,p12282,99,41
0,p12283,53,54
0,p12284,12,48
0,p12285,91,30
0,p12286,43,31
0,p12287,66,99
0,p12288,30,82
0,p12289,18,52
0,p12290,67,14
0,p12291,82,70
0,p12292,36,89
0,p12293,9,77
0,p12294,70,9
0,p12295,7,42
0,p12296,55,53
0,p12297,6,55
0,p12298,92,1
0,p12299,70,90
0,p12300,28,99
0,p12301,51,40
0,p12302,26,39
0,p12303,47,8
0,p12304,69,73
0,p12305,84,57
0,p12306,68,91
0,p12307,76,78
0,p12308,17,19
0,p12309,14,30
0,p12310,44,37
0,p12311,51,73
0,p12312,79,93
0,p12313,66,73
0,p12314,63,78
0,p12315,50,67
0,p12316,65,52
0,p12317,91,72
0,p12318,97,45
0,p12319,48,69
0,p12320,17,81
0,p12321,60,72
0,p12322,10,26
0,p12323,89,73
0,p12324,69,31
0,p12325,36,68
0,p12326,15,35
0,p12327,56,87
0,p12328,58,27
0,p12329,92,87
0,p12330,47,92
0,p12331,56,13
0,p12332,32,65
0,p12333,55,84
0,p12334,99,42
0,p12335,58,82
0,p12336,8,41
0,p12337,57,90
0,p12338,20,56
0,p12339,57,64
0,p12340,37,80
0,p12341,73,82
0,p12342,10,62
0,p12343,50,96
0,p12344,100,72
0,p12345,94,82
0,p12346,39,51
0,p12347,88,95
0,p12348,87,1
0,p12349,10,92
0,p12350,55,26
0,p12351,81,65
0,p12352,5,13
0,p12353,56,84
0,p12354,69,45
0,p12355,84,22
0,p12356,90,54
0,p12357,38,97
0,p12358,66,29
0,p12359,44,15
0,p12360,14,49
0,p12361,54,84
0,p12362,79,86
0,p12363,84,63
0,p12364,55,12
0,p12365,96,19
0,p12366,15,94
0,p12367,31,54
0,p12368,69,20
0,p12369,39,64
0,p12370,99,46
0,p12371,77,9
0,p12372,90,92
0,p12373,25,89
0,p12374,44,60
0,p12375,88,55
0,p12376,36,24
0,p12377,9,29
0,p12378,41,25
0,p12379,69,75
0,p12380,73,30
0,p12381,95,20
0,p12382,63,50
0,p12383,77,65
0,p12384,48,59
0,p12385,28,61
0,p12386,9,49
0,p12387,70,4
0,p12388,36,17
0,p12389,10,30
0,p12390,1,43
0,p12391,69,7
0,p12392,14,85
0,p12393,6,91
0,p12394,75,9
0,p12395,48,58
0,p12396,39,85
0,p12397,76,70
0,p12398,65,100
0,p12399,36,52
0,p12400,36,22
0,p12401,87,11
0,p12402,90,27
0,p12403,79,27
0,p12404,14,43
0,p12405,72,27
0,p12406,70,20
0,p12407,90,30
0,p12408,32,87
0,p12409,18,87
0,p12410,64,86
0,p12411,94,14
0,p12412,32,92
0,p12413,21,12
0,p12414,30,1
0,p12415,22,66
0,p12416,54,1
0,p12417,40,53
0,p12418,75,34
0,p12419,92,98
0,p12420,23,70
0,p12421,61,63
0,p12422,17,89
0,p12423,29,68
0,p12424,94,47
0,p12425,17,97
0,p12426,74,56
0,p12427,20,86
0,p12428,19,45
0,p12429,3,81
0,p12430,71,61
0,p12431,52,100
0,p12432,34,32
0,p12433,91,69
0,p12434,53,31
0,p12435,83,84
0,p12436,21,17
0,p12437,99,74
0,p12438,18,97
0,p12439,37,15
0,p12440,82,28
0,p12441,34,51
0,p12442,45,27
0,p12443,20,43
0,p12444,87,98
0,p12445,40,74
0,p12446,19,100
0,p12447,16,37
0,p12448,93,17
0,p12449,62,27
0,p12450,19,52
0,p12451,16,79
0,p12452,96,38
0,p12453,68,1
0,p12454,89,40
0,p12455,72,93
0,p12456,55,65
0,p12457,54,31
0,p12458,47,65
0,p12459,42,87
0,p12460,87,97
0,p12461,75,63
0,p12462,83,98
0,p12463,56,41
0,p12464,84,24
0,p12465,72,85
0,p12466,87,72
0,p12467,77,48
0,p12468,10,48
0,p12469,19,97
0,p12470,47,80
0,p12471,40,91
0,p12472,54,46
0,p12473,47,83
0,p12474,42,75
0,p12475,74,23
0,p12476,91,4
0,p12477,7,31
0,p12478,22,75
0,p12479,73,19
0,p12480,64,12
0,p12481,95,57
0,p12482,38,96
0,p12483,69,95
0,p12484,8,13
0,p12485,32,28
0,p12486,85,8
0,p12487,39,29
0,p12488,100,24
0,p12489,43,42
0,p12490,28,19
0,p12491,46,57
0,p12492,16,80
0,p12493,13,71
0,p12494,63,43
0,p12495,41,25
0,p12496,2,77
0,p12497,92,77
0,p12498,17,78
0,p12499,84,53
0,p12500,27,14
0,p12501,70,8
0,p12502,12,53
0,p12503,87,59
0,p12504,53,48
0,p12505,50,65
0,p12506,44,83
0,p12507,45,52
0,p12508,25,51
0,p12509,99,6
0,p12510,39,77
0,p12511,43,26
0,p12512,66,3
0,p12513,62,17
0,p12514,39,9
0,p12515,84,69
0,p12516,24,17
0,p12517,99,62
0,p12518,19,9
0,p12519,83,6
0,p12520,52,2
0,p12521,53,34
0,p12522,84,32
0,p12523,33,80
0,p12524,97,50
0,p12525,25,56
0,p12526,89,37
0,p12527,12,28
0,p12528,67,78
0,p12529,36,92
0,p12530,74,35
0,p12531,59,43
0,p12532,15,59
0,p12533,27,7
0,p12534,23,53
0,p12535,74,22
0,p12536,11,95
0,p12537,27,58
0,p12538,95,92
0,p12539,37,95
0,p12540,56,89
0,p12541,2,71
0,p12542,38,22
0,p12543,4,63
0,p12544,44,39
0,p12545,59,22
0,p12546,20,48
0,p12547,40,64
0,p12548,93,58
0,p12549,69,7
0,p12550,45,83
0,p12551,28,76
0,p12552,91,60
0,p12553,62,14
0,p12554,10,55
0,p12555,71,78
0,p12556,64,99
0,p12557,49,94
0,p12558,50,96
0,p12559,63,82
0,p12560,7,57
0,p12561,63,96
0,p12562,60,73
0,p12563,67,88
0,p12564,23,72
0,p12565,49,76
0,p12566,69,22
0,p12567,23,79
0,p12568,88,50
0,p12569,18,88
0,p12570,85,93
0,p12571,7,53
0,p12572,41,56
0,p12573,100,72
0,p12574,38,8
0,p12575,75,86
0,p12576,11,79
0,p12577,76,1
0,p12578,80,74
0,p12579,81,70
0,p12580,97,79
0,p12581,4,18
0,p12582,43,12
0,p12583,61,92
0,p12584,69,83
0,p12585,35,54
0,p12586,27,49
0,p12587,25,38
0,p12588,81,63
0,p12589,70,82
0,p12590,56,48
0,p12591,57,28
0,p12592,27,13
0,p12593,23,91
0,p12594,45,29
0,p12595,98,45
0,p12596,31,80
0,p12597,22,90
0,p12598,76,11
0,p12599,87,38
0,p12600,24,2
0,p12601,85,3
0,p12602,51,58
0,p12603,67,34
0,p12604,43,54
0,p12605,6,90
0,p12606,20,88
0,p12607,36,3
0,p12608,88,40
0,p12609,18,82
0,p12610,82,4
0,p12611,47,53
0,p12612,91,84
0,p12613,90,80
0,p12614,89,33
0,p12615,26,76
0,p12616,97,20
0,p12617,56,96
0,p12618,67,53
0,p12619,45,76
0,p12620,61,58
0,p12621,87,79
0,p12622,47,22
0,p12623,73,5
0,p12624,50,57
0,p12625,34,57
0,p12626,14,4
0,p12627,51,9
0,p12628,65,40
0,p12629,20,66
0,p12630,40,37
0,p12631,95,8
0,p12632,84,30
0,p12633,68,89
0,p12634,68,75
0,p12635,68,80
0,p12636,46,100
0,p12637,47,18
0,p12638,10,96
0,p12639,66,60
0,p12640,51,64
0,p12641,51,82
0,p12642,14,11
0,p12643,1,22
0,p12644,84,87
0,p12645,59,8
0,p12646,47,92
0,p12647,16,54
0,p12648,21,28
0,p12649,15,64
0,p12650,37,89
0,p12651,37,60
0,p12652,37,66
0,p12653,38,87
0,p12654,53,70
0,p12655,24,12
0,p12656,30,61
0,p12657,59,5
0,p12658,9,62
0,p12659,22,36
0,p12660,47,92
0,p12661,98,64
0,p12662,59,54
0,p12663,85,69
0,p12664,100,68
0,p12665,55,20
0,p12666,37,4
0,p12667,6,27
0,p12668,34,29
0,p12669,80,4
0,p12670,3,36
0,p12671,61,70
0,p12672,100,80
0,p12673,22,97
0,p12674,17,10
0,p12675,74,14
0,p12676,18,87
0,p12677,44,22
0,p12678,19,10
0,p12679,79,10
0,p12680,57,86
0,p12681,94,69
0,p12682,2,30
0,p12683,62,51
0,p12684,70,9
0,p12685,12,5
0,p12686,34,84
0,p12687,4,59
0,p12688,83,97
0,p12689,58,91
0,p12690,51,37
0,p12691,64,11
0,p12692,61,70
0,p12693,49,18
0,p12694,95,88
0,p12695,47,66
0,p12696,14,51
0,p12697,32,99
0,p12698,76,27
0,p12699,49,55
0,p12700,29,34
0,p12701,9,95
0,p12702,70,20
0,p12703,46,83
0,p12704,15,77
0,p12705,39,84
0,p12706,58,17
0,p12707,66,12
0,p12708,90,79
0,p12709,56,28
0,p12710,86,59
0,p12711,43,76
0,p12712,42,69
0,p12713,81,94
0,p12714,89,79
0,p12715,29,40
0,p12716,47,8
0,p12717,42,95
0,p12718,74,73
0,p12719,19,16
0,p12720,90,13
0,p12721,98,7
0,p12722,61,32
0,p12723,94,13
0,p12724,60,16
0,p12725,100,3
0,p12726,45,83
0,p12727,11,18
0,p12728,12,24
0,p12729,93,12
0,p12730,44,81
0,p12731,11,66
0,p12732,90,79
0,p12733,89,35
0,p12734,97,68
0,p12735,15,70
0,p12736,54,28
0,p12737,7,13
0,p12738,48,82
0,p12739,53,32
0,p12740,13,45
0,p12741,23,29
0,p12742,9,1
0,p12743,61,62
0,p12744,50,1
0,p12745,6,30
0,p12746,24,46
0,p12747,41,32
0,p12748,44,21
0,p12749,50,63
0,p12750,37,48
0,p12751,53,57
0,p12752,39,48
0,p12753,55,64
0,p12754,56,21
0,p12755,46,44
0,p12756,82,58
0,p12757,70,36
0,p12758,82,86
0,p12759,45,67
0,p12760,68,51
0,p12761,50,47
0,p12762,27,5
0,p12763,66,40
0,p12764,20,80
0,p12765,37,70
0,p12766,17,58
0,p12767,55,71
0,p12768,27,81
0,p12769,41,34
0,p12770,23,76
0,p12771,30,25
0,p12772,67,22
0,p12773,91,87
0,p12774,91,50
0,p12775,36,94
0,p12776,66,60
0,p12777,80,57
0,p12778,4,74
0,p12779,73,83
0,p12780,14,47
0,p12781,21,89
0,p12782,16,1
0,p12783,11,90
0,p12784,89,70
0,p12785,60,49
0,p12786,52,83
0,p12787,98,44
0,p12788,6,38
0,p12789,67,61
0,p12790,87,45
0,p12791,80,99
0,p12792,19,71
0,p12793,54,59
0,p12794,48,76
0,p12795,15,100
0,p12796,50,72
0,p12797,3,51
0,p12798,91,87
0,p12799,88,24
0,p12800,95,78
0,p12801,97,24
0,p12802,49,69
0,p12803,87,84
0,p12804,99,85
0,p12805,4,58
0,p12806,13,76
0,p12807,90,14
0,p12808,65,61
0,p12809,31,53
0,p12810,31,27
0,p12811,35,1
0,p12812,19,8
0,p12813,78,12
0,p12814,7,84
0,p12815,66,71
0,p12816,68,63
0,p12817,100,38
0,p12818,7,41
0,p12819,26,30
0,p12820,2,19
0,p12821,94,96
0,p12822,80,43
0,p12823,36,10
0,p12824,3,23
0,p12825,15,14
0,p12826,63,4
0,p12827,9,12
0,p12828,62,55
0,p12829,26,99
0,p12830,23,85
0,p12831,4,14
0,p12832,86,91
0,p12833,25,45
0,p12834,46,14
0,p12835,28,57
0,p12836,59,51
0,p12837,31,82
0,p12838,10,100
0,p12839,46,2
0,p12840,74,6
0,p12841,97,71
0,p12842,11,97
0,p12843,37,7
0,p12844,9,92
0,p12845,13,25
0,p12846,9,73
0,p12847,15,79
0,p12848,97,79
0,p12849,24,99
0,p12850,68,28
0,p12851,8,41
0,p12852,47,61
0,p12853,46,27
0,p12854,62,44
0,p12855,80,21
0,p12856,87,47
0,p12857,80,58
0,p12858,70,57
0,p12859,13,5
0,p12860,48,99
0,p12861,27,18
0,p12862,100,76
0,p12863,78,15
0,p12864,72,78
0,p12865,79,5
0,p12866,53,45
0,p12867,60,97
0,p12868,20,43
0,p12869,3,23
0,p12870,21,23
0,p12871,34,7
0,p12872,83,36
0,p12873,32,81
0,p12874,74,97
0,p12875,10,100
0,p12876,88,38
0,p12877,83,43
0,p12878,70,1
0,p12879,71,66
0,p12880,79,10
0,p12881,5,35
0,p12882,89,53
0,p12883,27,20
0,p12884,83,31
0,p12885,56,40
0,p12886,52,92
0,p12887,34,80
0,p12888,19,59
0,p12889,35,12
0,p12890,70,32
0,p12891,88,91
0,p12892,15,34
0,p12893,25,56
0,p12894,40,52
0,p12895,14,98
0,p12896,13,94
0,p12897,40,36
0,p12898,50,13
0,p12899,96,14
0,p12900,5,24
0,p12901,21,45
0,p12902,35,77
0,p12903,41,71
0,p12904,61,54
0,p12905,99,23
0,p12906,76,88
0,p12907,59,5
0,p12908,71,44
0,p12909,79,77
0,p12910,27,16
0,p12911,39,94
0,p12912,28,50
0,p12913,10,71
0,p12914,43,92
0,p12915,53,67
0,p12916,86,5
0,p12917,13,72
0,p12918,37,43
0,p12919,35,51
0,p12920,90,98
0,p12921,49,96
0,p12922,31,38
0,p12923,82,90
0,p12924,61,81
0,p12925,32,96
0,p12926,93,95
0,p12927,89,52
0,p12928,68,24
0,p12929,90,14
0,p12930,10,88
0,p12931,46,94
0,p12932,58,87
0,p12933,63,16
0,p12934,57,31
0,p12935,31,76
0,p12936,1,22
0,p12937,23,56
0,p12938,84,95
0,p12939,71,44
0,p12940,3,28
0,p12941,6,89
0,p12942,16,8
0,p12943,51,28
0,p12944,11,72
0,p12945,30,41
0,p12946,38,89
0,p12947,37,66
0,p12948,8,87
0,p12949,52,45
0,p12950,44,79
0,p12951,23,66
0,p12952,52,12
0,p12953,49,84
0,p12954,78,19
0,p12955,97,91
0,p12956,78,34
0,p12957,64,31
0,p12958,98,8
0,p12959,72,70
0,p12960,69,77
0,p12961,94,56
0,p12962,38,36
0,p12963,62,11
0,p12964,96,47
0,p12965,17,85
0,p12966,42,83
0,p12967,12,74
0,p12968,83,100
0,p12969,92,100
0,p12970,22,15
0,p12971,74,85
0,p12972,3,38
0,p12973,84,99
0,p12974,1,56
0,p12975,96,55
0,p12976,9,62
0,p12977,47,17
0,p12978,38,68
0,p12979,91,19
0,p12980,48,25
0,p12981,48,39
0,p12982,10,70
0,p12983,83,42
0,p12984,71,5
0,p12985,83,2
0,p12986,6,82
0,p12987,3,97
0,p12988,68,83
0,p12989,22,94
0,p12990,57,63
0,p12991,61,65
0,p12992,24,57
0,p12993,37,38
0,p12994,43,7
0,p12995,67,97
0,p12996,61,68
0,p12997,38,90
0,p12998,24,59
0,p12999,95,44
0,p13000,25,36
0,p13001,59,70
0,p13002,41,9
0,p13003,82,62
0,p13004,2,27
0,p13005,7,36
0,p13006,12,25
0,p13007,100,24
0,p13008,74,83
0,p13009,49,51
0,p13010,38,79
0,p13011,56,58
0,p13012,4,8
0,p13013,45,33
0,p13014,20,52
0,p13015,98,7
0,p13016,9,14
0,p13017,61,8
0,p13018,53,91
0,p13019,51,44
0,p13020,16,81
0,p13021,40,6
0,p13022,41,45
0,p13023,26,30
0,p13024,90,93
0,p13025,4,38
0,p13026,65,100
0,p13027,3,2
0,p13028,95,27
0,p13029,64,80
0,p13030,43,47
0,p13031,18,47
0,p13032,8,39
0,p13033,44,74
0,p13034,69,8
0,p13035,82,83
0,p13036,39,90
0,p13037,53,100
0,p13038,48,31
0,p13039,95,30
0,p13040,52,69
0,p13041,60,8
0,p13042,58,76
0,p13043,48,28
0,p13044,18,43
0,p13045,40,60
0,p13046,45,3
0,p13047,71,44
0,p13048,5,73
0,p13049,2,40
0,p13050,66,34
0,p13051,16,9
0,p13052,42,78
0,p13053,77,17
0,p13054,44,33
0,p13055,49,69
0,p13056,64,84
0,p13057,22,19
0,p13058,25,48
0,p13059,19,96
0,p13060,12,11
0,p13061,38,100
0,p13062,37,61
0,p13063,88,65
0,p13064,53,18
0,p13065,56,11
0,p13066,93,51
0,p13067,37,53
0,p13068,76,93
0,p13069,14,96
0,p13070,56,45
0,p13071,11,37
0,p13072,66,46
0,p13073,90,39
0,p13074,45,49
0,p13075,15,73
0,p13076,96,36
0,p13077,27,81
0,p13078,59,76
0,p13079,50,56
0,p13080,35,15
0,p13081,25,100
0,p13082,43,24
0,p13083,71,51
0,p13084,90,9
0,p13085,63,11
0,p13086,21,8
0,p13087,15,58
0,p13088,60,76
0,p13089,24,97
0,p13090,61,38
0,p13091,67,11
0,p13092,40,56
0,p13093,27,71
0,p13094,93,54
0,p13095,88,24
0,p13096,73,12
0,p13097,14,18
0,p13098,79,93
0,p13099,25,26
0,p13100,70,24
0,p13101,58,36
0,p13102,36,49
0,p13103,5,15
0,p13104,3,8
0,p13105,9,59
0,p13106,1,93
0,p13107,66,41
0,p13108,65,95
0,p13109,74,28
0,p13110,3,86
0,p13111,93,75
0,p13112,33,68
0,p13113,63,15
0,p13114,45,76
0,p13115,89,70
0,p13116,94,65
0,p13117,47,40
0,p13118,57,62
0,p13119,11,55
0,p13120,3,25
0,p13121,51,40
0,p13122,98,65
0,p13123,31,97
0,p13124,56,71
0,p13125,24,35
0,p13126,41,99
0,p13127,23,72
0,p13128,68,51
0,p13129,74,71
0,p13130,55,80
0,p13131,28,43
0,p13132,42,15
0,p13133,8,41
0,p13134,19,3
0,p13135,90,15
0,p13136,20,28
0,p13137,35,53
0,p13138,83,65
0,p13139,84,96
0,p13140,56,92
0,p13141,82,5
0,p13142,10,88
0,p13143,24,87
0,p13144,43,59
0,p13145,9,49
0,p13146,91,45
0,p13147,87,17
0,p13148,23,92
0,p13149,38,85
0,p13150,63,74
0,p13151,73,85
0,p13152,71,18
0,p13153,22,6
0,p13154,18,61
0,p13155,28,90
0,p13156,10,90
0,p13157,42,50
0,p13158,29,94
0,p13159,40,64
0,p13160,89,82
0,p13161,30,83
0,p13162,86,3
0,p13163,82,93
0,p13164,20,45
0,p13165,94,33
0,p13166,18,100
0,p13167,68,82
0,p13168,56,19
0,p13169,10,88
0,p13170,79,50
0,p13171,10,14
0,p13172,97,34
0,p13173,73,24
0,p13174,84,41
0,p13175,93,18
0,p13176,53,41
0,p13177,81,43
0,p13178,49,85
0,p13179,39,92
0,p13180,36,29
0,p13181,15,43
0,p13182,81,13
0,p13183,37,62
0,p13184,17,73
0,p13185,78,73
0,p13186,84,44
0,p13187,92,43
0,p13188,9,56
0,p13189,3,24
0,p13190,76,73
0,p13191,6,48
0,p13192,63,35
0,p13193,16,26
0,p13194,47,99
0,p13195,76,47
0,p13196,84,80
0,p13197,76,84
0,p13198,50,24
0,p13199,69,59
0,p13200,39,17
0,p13201,95,66
0,p13202,33,36
0,p13203,15,93
0,p13204,25,23
0,p13205,91,50
0,p13206,26,3
0,p13207,72,79
0,p13208,13,45
0,p13209,71,51
0,p13210,14,61
0,p13211,40,24
0,p13212,14,24
0,p13213,8,20
0,p13214,33,19
0,p13215,53,37
0,p13216,26,47
0,p13217,100,14
0,p13218,12,90
0,p13219,7,16
0,p13220,36,97
0,p13221,18,2
0,p13222,13,89
0,p13223,15,47
0,p13224,97,84
0,p13225,63,47
0,p13226,100,6
0,p13227,77,52
0,p13228,80,94
0,p13229,30,48
0,p13230,62,82
0,p13231,45,7
0,p13232,94,26
0,p13233,39,22
0,p13234,92,66
0,p13235,78,36
0,p13236,9,38
0,p13237,47,32
0,p13238,94,35
0,p13239,40,78
0,p13240,83,37
0,p13241,17,75
0,p13242,10,20
0,p13243,75,65
0,p13244,94,80
0,p13245,17,86
0,p13246,35,90
0,p13247,3,99
0,p13248,30,74
0,p13249,77,73
0,p13250,23,71
0,p13251,28,1
0,p13252,36,58
0,p13253,32,15
0,p13254,29,95
0,p13255,61,17
0,p13256,31,97
0,p13257,44,26
0,p13258,21,50
0,p13259,97,44
0,p13260,77,56
0,p13261,90,82
0,p13262,88,31
0,p13263,48,82
0,p13264,54,28
0,p13265,74,27
0,p13266,55,57
0,p13267,8,13
0,p13268,78,10
0,p13269,24,23
0,p13270,87,82
0,p13271,96,43
0,p13272,39,91
0,p13273,95,63
0,p13274,9,77
0,p13275,89,20
0,p13276,47,19
0,p13277,12,11
0,p13278,34,19
0,p13279,42,70
0,p13280,43,4
0,p13281,88,59
0,p13282,38,83
0,p13283,74,20
0,p13284,79,70
0,p13285,1,35
0,p13286,85,76
0,p13287,47,1
0,p13288,18,4
0,p13289,34,13
0,p13290,18,94
0,p13291,80,49
0,p13292,25,34
0,p13293,43,90
0,p13294,8,93
0,p13295,56,31
0,p13296,37,89
0,p13297,23,18
0,p13298,63,90
0,p13299,62,5
0,p13300,54,45
0,p13301,54,28
0,p13302,86,68
0,p13303,42,65
0,p13304,73,66
0,p13305,39,99
0,p13306,13,64
0,p13307,29,56
0,p13308,75,58
0,p13309,81,25
0,p13310,60,58
0,p13311,85,56
0,p13312,42,43
0,p13313,64,62
0,p13314,70,79
0,p13315,2,14
0,p13316,53,85
0,p13317,23,42
0,p13318,38,17
0,p13319,70,72
0,p13320,95,1
0,p13321,61,9
0,p13322,45,58
0,p13323,61,10
0,p13324,67,15
0,p13325,86,25
0,p13326,61,68
0,p13327,86,31
0,p13328,48,63
0,p13329,24,74
0,p13330,5,63
0,p13331,3,79
0,p13332,66,8
0,p13333,12,28
0,p13334,13,2
0,p13335,96,19
0,p13336,36,29
0,p13337,8,67
0,p13338,51,2
0,p13339,56,80
0,p13340,58,8
0,p13341,79,92
0,p13342,79,60
0,p13343,33,14
0,p13344,51,39
0,p13345,69,56
0,p13346,17,97
0,p13347,69,17
0,p13348,63,20
0,p13349,1,49
0,p13350,94,66
0,p13351,21,24
0,p13352,51,11
0,p13353,11,19
0,p13354,97,56
0,p13355,66,57
0,p13356,94,59
0,p13357,90,52
0,p13358,71,87
0,p13359,30,8
0,p13360,27,2
0,p13361,1,37
0,p13362,91,25
0,p13363,11,16
0,p13364,23,51
0,p13365,84,11
0,p13366,14,65
0,p13367,83,58
0,p13368,10,53
0,p13369,5,7
0,p13370,48,14
0,p13371,24,37
0,p13372,94,77
0,p13373,41,42
0,p13374,90,17
0,p13375,8,10
0,p13376,18,29
0,p13377,56,2
0,p13378,52,27
0,p13379,86,89
0,p13380,74,47
0,p13381,42,8
0,p13382,93,33
0,p13383,91,100
0,p13384,11,9
0,p13385,63,74
0,p13386,71,89
0,p13387,71,88
0,p13388,71,25
0,p13389,78,70
0,p13390,75,19
0,p13391,16,65
0,p13392,44,100
0,p13393,95,2
0,p13394,87,10
0,p13395,90,10
0,p13396,75,8
0,p13397,23,42
0,p13398,75,52
0,p13399,29,31
0,p13400,64,6
0,p13401,13,53
0,p13402,37,28
0,p13403,65,57
0,p13404,23,96
0,p13405,10,59
0,p13406,9,58
0,p13407,83,13
0,p13408,38,54
0,p13409,77,34
0,p13410,28,33
0,p13411,43,26
0,p13412,70,80
0,p13413,28,60
0,p13414,71,24
0,p13415,4,23
0,p13416,6,72
0,p13417,11,96
0,p13418,64,12
0,p13419,13,64
0,p13420,21,18
0,p13421,46,54
0,p13422,15,17
0,p13423,11,79
0,p13424,68,27
0,p13425,89,24
0,p13426,86,10
0,p13427,80,44
0,p13428,100,74
0,p13429,42,70
0,p13430,8,21
0,p13431,61,7
0,p13432,95,24
0,p13433,40,49
0,p13434,100,12
0,p13435,31,50
0,p13436,79,13
0,p13437,43,55
0,p13438,19,64
0,p13439,14,26
0,p13440,28,94
0,p13441,97,25
0,p13442,17,67
0,p13443,11,39
0,p13444,93,87
0,p13445,23,17
0,p13446,84,15
0,p13447,91,73
0,p13448,36,100
0,p13449,2,71
0,p13450,30,36
0,p13451,33,74
0,p13452,41,75
0,p13453,61,83
0,p13454,42,56
0,p13455,27,14
0,p13456,8,36
0,p13457,73,8
0,p13458,75,9
0,p13459,18,66
0,p13460,76,75
0,p13461,40,83
0,p13462,14,47
0,p13463,18,95
0,p13464,91,4
0,p13465,9,40
0,p13466,6,37
0,p13467,59,34
0,p13468,3,30
0,p13469,41,37
0,p13470,61,8
0,p13471,47,11
0,p13472,32,50
0,p13473,77,70
0,p13474,54,70
0,p13475,18,46
0,p13476,42,69
0,p13477,81,35
0,p13478,75,35
0,p13479,52,19
0,p13480,13,25
0,p13481,27,37
0,p13482,61,14
0,p13483,48,10
0,p13484,82,67
0,p13485,84,34
0,p13486,32,26
0,p13487,84,50
0,p13488,46,76
0,p13489,70,55
0,p13490,79,38
0,p13491,23,24
0,p13492,98,25
0,p13493,21,28
0,p13494,68,9
0,p13495,15,99
0,p13496,12,79
0,p13497,37,75
0,p13498,55,2
0,p13499,10,82
0,p13500,75,80
0,p13501,6,62
0,p13502,62,87
0,p13503,60,95
0,p13504,41,5
0,p13505,81,76
0,p13506,24,25
0,p13507,74,89
0,p13508,39,2
0,p13509,12,76
0,p13510,95,40
0,p13511,99,96
0,p13512,72,16
0,p13513,27,79
0,p13514,33,34
0,p13515,84,95
0,p13516,79,78
0,p13517,16,45
0,p13518,10,75
0,p13519,100,62
0,p13520,5,10
0,p13521,32,83
0,p13522,18,83
0,p13523,59,25
0,p13524,69,19
0,p13525,93,77
0,p13526,74,90
0,p13527,36,7
0,p13528,65,69
0,p13529,22,27
0,p13530,56,45
0,p13531,26,92
0,p13532,47,73
0,p13533,93,45
0,p13534,87,28
0,p13535,88,75
0,p13536,94,56
0,p13537,93,5
0,p13538,56,51
0,p13539,29,26
0,p13540,63,33
0,p13541,69,24
0,p13542,41,42
0,p13543,62,3
0,p13544,99,48
0,p13545,57,84
0,p13546,24,30
0,p13547,9,20
0,p13548,28,42
0,p13549,7,55
0,p13550,62,91
0,p13551,23,35
0,p13552,89,100
0,p13553,80,28
0,p13554,52,1
0,p13555,83,82
0,p13556,30,15
0,p13557,27,32
0,p13558,69,25
0,p13559,66,11
0,p13560,25,56
0,p13561,23,26
0,p13562,84,97
0,p13563,19,22
0,p13564,45,32
0,p13565,54,44
0,p13566,34,90
0,p13567,33,55
0,p13568,32,78
0,p13569,52,80
0,p13570,90,78
0,p13571,60,12
0,p13572,34,91
0,p13573,30,41
0,p13574,67,59
0,p13575,61,33
0,p13576,74,98
0,p13577,65,55
0,p13578,87,26
0,p13579,77,92
0,p13580,75,4
0,p13581,36,76
0,p13582,27,45
0,p13583,25,16
0,p13584,76,94
0,p13585,50,32
0,p13586,57,72
0,p13587,70,34
0,p13588,72,45
0,p13589,62,46
0,p13590,83,47
0,p13591,23,32
0,p13592,51,62
0,p13593,11,34
0,p13594,64,28
0,p13595,44,2
0,p13596,73,87
0,p13597,57,69
0,p13598,9,90
0,p13599,57,50
0,p13600,90,56
0,p13601,58,89
0,p13602,36,62
0,p13603,29,89
0,p13604,64,30
0,p13605,41,34
0,p13606,42,76
0,p13607,67,96
0,p13608,60,78
0,p13609,44,60
0,p13610,42,16
0,p13611,54,75
0,p13612,93,33
0,p13613,84,30
0,p13614,57,93
0,p13615,30,70
0,p13616,86,59
0,p13617,86,8
0,p13618,65,86
0,p13619,7,16
0,p13620,94,69
0,p13621,49,96
0,p13622,91,88
0,p13623,92,34
0,p13624,35,23
0,p13625,44,3
0,p13626,76,39
0,p13627,14,76
0,p13628,59,1
0,p13629,21,46
0,p13630,7,60
0,p13631,13,36
0,p13632,99,9
0,p13633,75,92
0,p13634,85,64
0,p13635,49,65
0,p13636,74,40
0,p13637,25,40
0,p13638,83,3
0,p13639,33,77
0,p13640,10,34
0,p13641,80,40
0,p13642,39,56
0,p13643,13,53
0,p13644,41,64
0,p13645,82,23
0,p13646,91,7
0,p13647,11,88
0,p13648,65,74
0,p13649,44,42
0,p13650,100,64
0,p13651,92,25
0,p13652,95,88
0,p13653,11,27
0,p13654,2,100
0,p13655,77,76
0,p13656,78,94
0,p13657,23,96
0,p13658,37,95
0,p13659,23,63
0,p13660,97,10
0,p13661,6,48
0,p13662,67,42
0,p13663,90,42
0,p13664,75,90
0,p13665,83,16
0,p13666,56,84
0,p13667,59,93
0,p13668,13,85
0,p13669,36,99
0,p13670,95,71
0,p13671,11,57
0,p13672,56,94
0,p13673,69,1
0,p13674,93,10
0,p13675,75,63
0,p13676,36,37
0,p13677,96,51
0,p13678,69,51
0,p13679,28,87
0,p13680,47,25
0,p13681,32,69
0,p13682,82,1
0,p13683,75,37
0,p13684,95,65
0,p13685,55,96
0,p13686,69,9
0,p13687,6,72
0,p13688,18,7
0,p13689,79,54
0,p13690,51,54
0,p13691,78,70
0,p13692,71,69
0,p13693,47,31
0,p13694,42,41
0,p13695,80,86
0,p13696,82,49
0,p13697,20,100
0,p13698,99,86
0,p13699,67,1
0,p13700,6,12
0,p13701,68,37
0,p13702,56,3
0,p13703,27,16
0,p13704,40,73
0,p13705,32,80
0,p13706,77,58
0,p13707,92,67
0,p13708,97,36
0,p13709,31,7
0,p13710,19,48
0,p13711,79,47
0,p13712,24,83
0,p13713,4,62
0,p13714,20,36
0,p13715,72,6
0,p13716,8,81
0,p13717,45,97
0,p13718,73,29
0,p13719,94,69
0,p13720,29,21
0,p13721,90,66
0,p13722,96,66
0,p13723,27,44
0,p13724,30,100
0,p13725,35,78
0,p13726,60,34
0,p13727,64,95
0,p13728,17,43
0,p13729,77,81
0,p13730,74,78
0,p13731,30,28
0,p13732,55,8
0,p13733,45,61
0,p13734,73,39
0,p13735,69,55
0,p13736,17,62
0,p13737,90,67
0,p13738,50,26
0,p13739,20,61
0,p13740,99,53
0,p13741,24,92
0,p13742,71,12
0,p13743,54,57
0,p13744,75,53
0,p13745,24,75
0,p13746,53,95
0,p13747,23,64
0,p13748,57,53
0,p13749,26,34
0,p13750,37,73
0,p13751,6,15
0,p13752,83,32
0,p13753,47,57
0,p13754,43,9
0,p13755,78,23
0,p13756,21,81
0,p13757,12,24
0,p13758,81,100
0,p13759,88,11
0,p13760,59,90
0,p13761,47,77
0,p13762,72,80
0,p13763,9,43
0,p13764,5,27
0,p13765,87,14
0,p13766,72,2
0,p13767,16,33
0,p13768,45,79
0,p13769,83,93
0,p13770,49,2
0,p13771,42,59
0,p13772,89,27
0,p13773,34,11
0,p13774,38,89
0,p13775,65,5
0,p13776,88,94
0,p13777,57,99
0,p13778,54,91
0,p13779,43,44
0,p13780,73,42
0,p13781,87,67
0,p13782,61,82
0,p13783,54,35
0,p13784,56,4
0,p13785,46,17
0,p13786,25,91
0,p13787,86,15
0,p13788,42,78
0,p13789,74,28
0,p13790,76,43
0,p13791,91,47
0,p13792,87,96
0,p13793,83,24
0,p13794,68,92
0,p13795,18,55
0,p13796,35,19
0,p13797,26,63
0,p13798,47,13
0,p13799,7,80
0,p13800,18,74
0,p13801,78,41
0,p13802,59,53
0,p13803,61,13
0,p13804,77,84
0,p13805,36,78
0,p13806,13,38
0,p13807,84,67
0,p13808,13,65
0,p13809,27,66
0,p13810,37,19
0,p13811,18,32
0,p13812,40,34
0,p13813,50,47
0,p13814,50,10
0,p13815,33,32
0,p13816,90,20
0,p13817,22,9
0,p13818,61,43
0,p13819,2,47
0,p13820,9,26
0,p13821,33,38
0,p13822,85,37
0,p13823,55,45
0,p13824,67,89
0,p13825,50,1
0,p13826,65,79
0,p13827,35,65
0,p13828,44,3
0,p13829,75,65
0,p13830,71,61
0,p13831,51,72
0,p13832,41,26
0,p13833,56,95
0,p13834,59,65
0,p13835,17,6
0,p13836,81,31
0,p13837,32,51
0,p13838,53,7
0,p13839,69,60
0,p13840,65,33
0,p13841,31,76
0,p13842,87,10
0,p13843,10,64
0,p13844,18,68
0,p13845,35,54
0,p13846,36,97
0,p13847,30,37
0,p13848,34,3
0,p13849,6,43
0,p13850,92,36
0,p13851,68,89
0,p13852,64,3
0,p13853,75,92
0,p13854,70,76
0,p13855,94,57
0,p13856,76,98
0,p13857,9,18
0,p13858,41,84
0,p13859,82,56
0,p13860,42,69
0,p13861,5,14
0,p13862,62,78
0,p13863,8,79
0,p13864,57,56
0,p13865,83,71
0,p13866,45,17
0,p13867,50,34
0,p13868,41,30
0,p13869,87,12
0,p13870,48,59
0,p13871,94,9
0,p13872,100,63
0,p13873,45,21
0,p13874,27,23
0,p13875,62,73
0,p13876,22,1
0,p13877,24,84
0,p13878,20,34
0,p13879,82,9
0,p13880,16,2
0,p13881,66,9
0,p13882,23,28
0,p13883,16,91
0,p13884,95,78
0,p13885,9,80
0,p13886,60,57
0,p13887,39,89
0,p13888,4,33
0,p13889,52,79
0,p13890,84,88
0,p13891,15,26
0,p13892,89,77
0,p13893,60,71
0,p13894,89,87
0,p13895,97,74
0,p13896,100,60
0,p13897,26,71
0,p13898,25,16
0,p13899,88,19
0,p13900,20,51
0,p13901,26,20
0,p13902,22,76
0,p13903,29,25
0,p13904,18,23
0,p13905,42,77
0,p13906,17,48
0,p13907,91,18
0,p13908,90,43
0,p13909,2,55
0,p13910,45,58
0,p13911,33,15
0,p13912,47,17
0,p13913,55,21
0,p13914,50,26
0,p13915,48,13
0,p13916,36,81
0,p13917,86,97
0,p13918,91,13
0,p13919,92,89
0,p13920,73,47
0,p13921,7,11
0,p13922,70,36
0,p13923,9,87
0,p13924,99,38
0,p13925,28,76
0,p13926,71,37
0,p13927,1,40
0,p13928,83,35
0,p13929,45,92
0,p13930,50,37
0,p13931,95,6
0,p13932,48,82
0,p13933,72,70
0,p13934,96,33
0,p13935,28,59
0,p13936,68,46
0,p13937,87,14
0,p13938,77,99
0,p13939,13,18
0,p13940,85,70
0,p13941,9,47
0,p13942,87,20
0,p13943,19,27
0,p13944,88,53
0,p13945,4,95
0,p13946,80,7
0,p13947,58,3
0,p13948,30,59
0,p13949,56,42
0,p13950,29,73
0,p13951,9,43
0,p13952,98,80
0,p13953,50,87
0,p13954,47,24
0,p13955,13,56
0,p13956,76,32
0,p13957,44,57
0,p13958,45,65
0,p13959,69,15
0,p13960,59,23
0,p13961,36,30
0,p13962,74,5
0,p13963,8,34
0,p13964,65,89
0,p13965,77,6
0,p13966,91,64
0,p13967,88,32
0,p13968,66,15
0,p13969,41,39
0,p13970,18,59
0,p13971,38,51
0,p13972,42,32
0,p13973,58,18
0,p13974,67,62
0,p13975,50,85
0,p13976,73,49
0,p13977,35,74
0,p13978,64,97
0,p13979,21,45
0,p13980,89,26
0,p13981,81,63
0,p13982,20,11
0,p13983,41,49
0,p13984,50,44
0,p13985,85,62
0,p13986,93,15
0,p13987,83,60
0,p13988,77,31
0,p13989,53,75
0,p13990,9,95
0,p13991,80,68
0,p13992,25,74
0,p13993,98,91
0,p13994,80,61
0,p13995,29,30
0,p13996,37,82
0,p13997,4,91
0,p13998,84,27
0,p13999,65,6
0,p14000,8,12
0,p14001,24,29
0,p14002,92,68
0,p14003,21,48
0,p14004,55,60
0,p14005,49,7
0,p14006,99,10
0,p14007,69,40
0,p14008,6,40
0,p14009,58,17
0,p14010,54,8
0,p14011,45,60
0,p14012,69,89
0,p14013,84,100
0,p14014,44,27
0,p14015,17,18
0,p14016,52,56
0,p14017,91,68
0,p14018,66,83
0,p14019,73,91
0,p14020,40,82
0,p14021,75,37
0,p14022,46,69
0,p14023,62,15
0,p14024,45,68
0,p14025,55,48
0,p14026,46,92
0,p14027,96,94
0,p14028,10,3
0,p14029,87,57
0,p14030,81,96
0,p14031,13,89
0,p14032,40,48
0,p14033,81,45
0,p14034,1,8
0,p14035,48,36
0,p14036,50,47
0,p14037,60,24
0,p14038,48,76
0,p14039,61,13
0,p14040,44,58
0,p14041,7,47
0,p14042,31,40
0,p14043,24,40
0,p14044,31,25
0,p14045,83,18
0,p14046,13,68
0,p14047,22,5
0,p14048,66,75
0,p14049,29,56
0,p14050,94,18
0,p14051,59,6
0,p14052,23,87
0,p14053,8,9
0,p14054,62,50
0,p14055,86,92
0,p14056,84,35
0,p14057,2,91
0,p14058,55,44
0,p14059,73,45
0,p14060,40,81
0,p14061,16,61
0,p14062,83,22
0,p14063,83,97
0,p14064,61,51
0,p14065,35,65
0,p14066,4,100
0,p14067,100,9
0,p14068,95,98
0,p14069,93,27
0,p14070,1,38
0,p14071,15,31
0,p14072,80,37
0,p14073,80,24
0,p14074,30,51
0,p14075,97,80
0,p14076,87,91
0,p14077,54,55
0,p14078,94,95
0,p14079,91,19
0,p14080,45,8
0,p14081,87,17
0,p14082,23,35
0,p14083,47,63
0,p14084,99,1
0,p14085,73,72
0,p14086,29,45
0,p14087,47,12
0,p14088,93,60
0,p14089,40,36
0,p14090,51,11
0,p14091,69,33
0,p14092,83,74
0,p14093,31,95
0,p14094,5,23
0,p14095,55,96
0,p14096,27,42
0,p14097,76,20
0,p14098,63,49
0,p14099,77,95
0,p14100,12,34
0,p14101,58,88
0,p14102,97,17
0,p14103,29,59
0,p14104,60,62
0,p14105,16,3
0,p14106,69,3
0,p14107,52,67
0,p14108,73,76
0,p14109,1,5
0,p14110,85,27
0,p14111,49,80
0,p14112,66,71
0,p14113,74,91
0,p14114,14,17
0,p14115,100,80
0,p14116,30,55
0,p14117,73,68
0,p14118,4,91
0,p14119,100,18
0,p14120,23,54
0,p14121,34,10
0,p14122,52,21
0,p14123,82,38
0,p14124,25,12
0,p14125,66,69
0,p14126,77,12
0,p14127,72,73
0,p14128,40,37
0,p14129,91,46
0,p14130,8,95
0,p14131,80,25
0,p14132,74,88
0,p14133,29,91
0,p14134,53,5
0,p14135,68,57
0,p14136,86,25
0,p14137,83,24
0,p14138,83,99
0,p14139,45,86
0,p14140,51,72
0,p14141,99,46
0,p14142,8,48
0,p14143,87,42
0,p14144,78,59
0,p14145,34,51
0,p14146,69,15
0,p14147,3,39
0,p14148,89,42
0,p14149,68,28
0,p14150,42,57
0,p14151,100,88
0,p14152,11,36
0,p14153,70,61
0,p14154,76,28
0,p14155,82,1
0,p14156,15,50
0,p14157,3,50
0,p14158,6,94
0,p14159,25,12
0,p14160,7,85
0,p14161,29,58
0,p14162,60,9
0,p14163,91,51
0,p14164,88,51
0,p14165,46,27
0,p14166,93,81
0,p14167,86,7
0,p14168,98,14
0,p14169,13,16
0,p14170,20,8
0,p14171,39,70
0,p14172,38,77
0,p14173,41,69
0,p14174,57,98
0,p14175,35,90
0,p14176,31,89
0,p14177,88,87
0,p14178,55,38
0,p14179,100,34
0,p14180,93,96
0,p14181,80,63
0,p14182,70,2
0,p14183,91,93
0,p14184,52,39
0,p14185,24,5
0,p14186,96,38
0,p14187,100,22
0,p14188,16,25
0,p14189,100,16
0,p14190,29,67
0,p14191,34,64
0,p14192,61,47
0,p14193,57,66
0,p14194,2,28
0,p14195,72,53
0,p14196,68,24
0,p14197,90,62
0,p14198,90,92
0,p14199,2,20
0,p14200,31,84
0,p14201,24,16
0,p14202,10,4
0,p14203,28,77
0,p14204,32,18
0,p14205,17,73
0,p14206,84,82
0,p14207,56,93
0,p14208,79,8
0,p14209,48,45
0,p14210,60,25
0,p14211,11,19
0,p14212,69,73
0,p14213,95,24
0,p14214,84,65
0,p14215,8,25
0,p14216,70,12
0,p14217,50,11
0,p14218,8,24
0,p14219,21,28
0,p14220,27,29
0,p14221,36,1
0,p14222,57,62
0,p14223,65,99
0,p14224,27,75
0,p14225,29,98
0,p14226,4,66
0,p14227,8,47
0,p14228,27,7
0,p14229,54,93
0,p14230,51,39
0,p14231,35,53
0,p14232,52,80
0,p14233,51,38
0,p14234,16,27
0,p14235,11,17
0,p14236,89,71
0,p14237,24,47
0,p14238,31,38
0,p14239,47,13
0,p14240,46,80
0,p14241,24,99
0,p14242,16,92
0,p14243,79,21
0,p14244,9,94
0,p14245,50,11
0,p14246,84,46
0,p14247,18,32
0,p14248,69,42
0,p14249,15,60
0,p14250,74,21
0,p14251,100,12
0,p14252,59,9
0,p14253,54,43
0,p14254,39,35
0,p14255,99,47
0,p14256,44,85
0,p14257,34,12
0,p14258,27,80
0,p14259,70,47
0,p14260,25,90
0,p14261,10,84
0,p14262,5,99
0,p14263,36,19
0,p14264,68,53
0,p14265,34,19
0,p14266,70,66
0,p14267,1,45
0,p14268,53,70
0,p14269,96,52
0,p14270,73,21
0,p14271,54,91
0,p14272,50,91
0,p14273,29,22
0,p14274,57,90
0,p14275,55,93
0,p14276,67,70
0,p14277,16,6
0,p14278,37,90
0,p14279,93,84
0,p14280,40,92
0,p14281,86,76
0,p14282,1,48
0,p14283,42,71
0,p14284,52,61
0,p14285,82,14
0,p14286,95,62
0,p14287,35,38
0,p14288,44,42
0,p14289,68,69
0,p14290,93,40
0,p14291,31,21
0,p14292,91,99
0,p14293,52,100
0,p14294,83,69
0,p14295,4,78
0,p14296,25,97
0,p14297,20,98
0,p14298,82,92
0,p14299,58,79
0,p14300,27,47
0,p14301,19,89
0,p14302,68,8
0,p14303,3,26
0,p14304,59,30
0,p14305,86,30
0,p14306,97,1
0,p14307,85,44
0,p14308,46,63
0,p14309,72,42
0,p14310,79,96
0,p14311,6,67
0,p14312,82,80
0,p14313,42,58
0,p14314,94,16
0,p14315,79,26
0,p14316,62,27
0,p14317,9,27
0,p14318,31,4
0,p14319,86,72
0,p14320,56,88
0,p14321,30,23
0,p14322,82,14
0,p14323,61,86
0,p14324,69,32
0,p14325,8,96
0,p14326,27,44
0,p14327,33,36
0,p14328,35,27
0,p14329,56,71
0,p14330,68,29
0,p14331,67,89
0,p14332,94,10
0,p14333,74,63
0,p14334,41,53
0,p14335,61,84
0,p14336,31,14
0,p14337,96,67
0,p14338,64,1
0,p14339,68,85
0,p14340,70,33
0,p14341,61,41
0,p14342,49,58
0,p14343,16,78
0,p14344,86,63
0,p14345,82,23
0,p14346,28,92
0,p14347,21,1
0,p14348,12,62
0,p14349,8,46
0,p14350,70,91
0,p14351,26,28
0,p14352,86,80
0,p14353,7,88
0,p14354,89,73
0,p14355,95,72
0,p14356,31,30
0,p14357,71,99
0,p14358,61,20
0,p14359,82,34
0,p14360,36,100
0,p14361,84,43
0,p14362,92,50
0,p14363,80,66
0,p14364,9,75
0,p14365,38,54
0,p14366,70,56
0,p14367,41,19
0,p14368,31,24
0,p14369,36,55
0,p14370,57,48
0,p14371,88,93
0,p14372,7,29
0,p14373,42,82
0,p14374,35,50
0,p14375,81,25
0,p14376,84,2
0,p14377,81,37
0,p14378,69,80
0,p14379,78,21
0,p14380,51,41
0,p14381,3,95
0,p14382,81,31
0,p14383,36,56
0,p14384,31,91
0,p14385,66,56
0,p14386,70,76
0,p14387,96,89
0,p14388,28,82
0,p14389,14,47
0,p14390,98,95
0,p14391,15,6
0,p14392,50,59
0,p14393,51,84
0,p14394,49,65
0,p14395,83,81
0,p14396,57,38
0,p14397,49,58
0,p14398,7,57
0,p14399,73,14
0,p14400,48,73
0,p14401,2,35
0,p14402,90,56
0,p14403,32,40
0,p14404,100,20
0,p14405,12,35
0,p14406,36,58
0,p14407,54,68
0,p14408,73,95
0,p14409,99,59
0,p14410,9,50
0,p14411,26,2
0,p14412,16,71
0,p14413,2,93
0,p14414,46,32
0,p14415,24,96
0,p14416,29,79
0,p14417,48,9
0,p14418,91,46
0,p14419,26,12
0,p14420,36,61
0,p14421,49,85
0,p14422,56,8
0,p14423,95,24
0,p14424,60,81
0,p14425,16,50
0,p14426,18,70
0,p14427,28,47
0,p14428,45,44
0,p14429,89,54
0,p14430,7,30
0,p14431,60,75
0,p14432,70,73
0,p14433,73,60
0,p14434,7,98
0,p14435,57,11
0,p14436,63,4
0,p14437,26,14
0,p14438,83,90
0,p14439,9,12
0,p14440,74,96
0,p14441,24,63
0,p14442,47,13
0,p14443,30,68
0,p14444,21,37
0,p14445,77,52
0,p14446,50,5
0,p14447,59,79
0,p14448,95,62
0,p14449,8,19
0,p14450,54,61
0,p14451,54,69
0,p14452,47,55
0,p14453,19,7
0,p14454,76,71
0,p14455,50,91
0,p14456,83,68
0,p14457,64,78
0,p14458,78,59
0,p14459,19,38
0,p14460,83,100
0,p14461,61,29
0,p14462,3,26
0,p14463,92,12
0,p14464,96,50
0,p14465,78,93
0,p14466,21,67
0,p14467,60,44
0,p14468,63,83
0,p14469,28,85
0,p14470,87,16
0,p14471,18,24
0,p14472,75,48
0,p14473,97,2
0,p14474,14,7
0,p14475,64,97
0,p14476,81,34
0,p14477,40,25
0,p14478,62,17
0,p14479,96,15
0,p14480,76,51
0,p14481,95,31
0,p14482,92,68
0,p14483,19,26
0,p14484,16,27
0,p14485,71,11
0,p14486,47,80
0,p14487,17,8
0,p14488,48,28
0,p14489,53,36
0,p14490,65,13
0,p14491,45,67
0,p14492,32,63
0,p14493,94,32
0,p14494,44,12
0,p14495,87,44
0,p14496,19,9
0,p14497,82,94
0,p14498,31,65
0,p14499,80,41
0,p14500,93,2
0,p14501,20,4
0,p14502,97,28
0,p14503,77,47
0,p14504,21,65
0,p14505,88,58
0,p14506,7,72
0,p14507,61,9
0,p14508,52,10
0,p14509,23,48
0,p14510,74,77
0,p14511,99,75
0,p14512,4,64
0,p14513,41,28
0,p14514,90,72
0,p14515,13,89
0,p14516,64,26
0,p14517,60,57
0,p14518,88,39
0,p14519,50,45
0,p14520,19,83
0,p14521,41,93
0,p14522,32,73
0,p14523,72,40
0,p14524,3,69
0,p14525,3,51
0,p14526,74,38
0,p14527,72,16
0,p14528,97,28
0,p14529,61,42
0,p14530,43,4
0,p14531,13,54
0,p14532,82,79
0,p14533,41,68
0,p14534,42,69
0,p14535,45,41
0,p14536,16,66
0,p14537,32,50
0,p14538,19,62
0,p14539,61,90
0,p14540,41,14
0,p14541,15,9
0,p14542,98,11
0,p14543,84,81
0,p14544,71,82
0,p14545,84,79
0,p14546,49,39
0,p14547,83,92
0,p14548,92,66
0,p14549,39,4
0,p14550,97,53
0,p14551,36,27
0,p14552,1,88
0,p14553,37,8
0,p14554,8,68
0,p14555,98,100
0,p14556,83,7
0,p14557,1,45
0,p14558,16,35
0,p14559,17,75
0,p14560,75,43
0,p14561,49,17
0,p14562,91,53
0,p14563,5,47
0,p14564,82,59
0,p14565,94,41
0,p14566,87,86
0,p14567,63,19
0,p14568,13,11
0,p14569,1,34
0,p14570,69,2
0,p14571,72,78
0,p14572,58,2
0,p14573,6,70
0,p14574,53,23
0,p14575,26,60
0,p14576,2,58
0,p14577,96,70
0,p14578,43,32
0,p14579,40,71
0,p14580,76,59
0,p14581,94,88
0,p14582,51,90
0,p14583,8,64
0,p14584,36,54
0,p14585,27,31
0,p14586,4,77
0,p14587,32,56
0,p14588,81,57
0,p14589,45,59
0,p14590,89,86
0,p14591,25,7
0,p14592,32,96
0,p14593,88,78
0,p14594,3,47
0,p14595,78,6
0,p14596,59,8
0,p14597,24,89
0,p14598,26,13
0,p14599,60,51
0,p14600,89,84
0,p14601,64,42
0,p14602,53,84
0,p14603,34,15
0,p14604,64,8
0,p14605,93,25
0,p14606,5,63
0,p14607,39,38
0,p14608,2,29
0,p14609,84,22
0,p14610,91,86
0,p14611,71,6
0,p14612,30,94
0,p14613,74,21
0,p14614,86,2
0,p14615,75,72
0,p14616,97,7
0,p14617,24,32
0,p14618,4,71
0,p14619,48,14
0,p14620,14,64
0,p14621,33,78
0,p14622,78,89
0,p14623,88,7
0,p14624,1,16
0,p14625,62,86
0,p14626,86,1
0,p14627,88,35
0,p14628,79,67
0,p14629,52,53
0,p14630,36,77
0,p14631,100,33
0,p14632,94,86
0,p14633,88,57
0,p14634,51,15
0,p14635,59,19
0,p14636,70,45
0,p14637,31,85
0,p14638,70,12
0,p14639,89,78
0,p14640,35,91
0,p14641,10,5
0,p14642,2,20
0,p14643,17,64
0,p14644,96,71
0,p14645,68,9
0,p14646,20,25
0,p14647,92,55
0,p14648,83,92
0,p14649,86,72
0,p14650,76,75
0,p14651,48,52
0,p14652,41,98
0,p14653,22,52
0,p14654,47,74
0,p14655,89,64
0,p14656,16,57
0,p14657,82,14
0,p14658,63,69
0,p14659,100,39
0,p14660,8,99
0,p14661,15,51
0,p14662,82,58
0,p14663,57,52
0,p14664,25,11
0,p14665,48,57
0,p14666,41,69
0,p14667,92,61
0,p14668,34,66
0,p14669,6,12
0,p14670,13,40
0,p14671,68,60
0,p14672,3,31
0,p14673,47,79
0,p14674,14,32
0,p14675,77,33
0,p14676,39,21
0,p14677,21,74
0,p14678,75,76
0,p14679,49,80
0,p14680,6,24
0,p14681,92,15
0,p14682,62,95
0,p14683,77,79
0,p14684,73,74
0,p14685,1,68
0,p14686,33,59
0,p14687,36,61
0,p14688,96,92
0,p14689,58,65
0,p14690,100,28
0,p14691,12,84
0,p14692,49,36
0,p14693,45,34
0,p14694,24,86
0,p14695,37,36
0,p14696,62,71
0,p14697,30,74
0,p14698,2,78
0,p14699,82,61
0,p14700,47,83
0,p14701,32,17
0,p14702,14,45
0,p14703,45,33
0,p14704,92,62
0,p14705,57,92
0,p14706,57,73
0,p14707,46,82
0,p14708,19,83
0,p14709,7,92
0,p14710,40,48
0,p14711,46,41
0,p14712,46,23
0,p14713,44,22
0,p14714,27,99
0,p14715,27,88
0,p14716,72,49
0,p14717,64,42
0,p14718,41,45
0,p14719,86,50
0,p14720,89,29
0,p14721,88,65
0,p14722,17,69
0,p14723,26,78
0,p14724,45,73
0,p14725,69,11
0,p14726,9,75
0,p14727,17,77
0,p14728,59,51
0,p14729,92,4
0,p14730,25,82
0,p14731,86,95
0,p14732,18,68
0,p14733,42,69
0,p14734,84,35
0,p14735,99,97
0,p14736,1,73
0,p14737,37,44
0,p14738,16,21
0,p14739,14,84
0,p14740,84,91
0,p14741,28,55
0,p14742,98,51
0,p14743,92,32
0,p14744,100,51
0,p14745,65,32
0,p14746,9,50
0,p14747,60,52
0,p14748,56,73
0,p14749,74,94
0,p14750,91,53
0,p14751,48,82
0,p14752,27,83
0,p14753,31,44
0,p14754,41,79
0,p14755,48,4
0,p14756,68,77
0,p14757,43,30
0,p14758,66,3
0,p14759,68,1
0,p14760,60,23
0,p14761,79,63
0,p14762,76,68
0,p14763,42,38
0,p14764,100,70
0,p14765,72,66
0,p14766,44,46
0,p14767,75,83
0,p14768,10,70
0,p14769,29,10
0,p14770,7,38
0,p14771,89,10
0,p14772,59,45
0,p14773,5,58
0,p14774,100,58
0,p14775,21,48
0,p14776,3,21
0,p14777,13,27
0,p14778,15,2
0,p14779,71,19
0,p14780,90,38
0,p14781,31,3
0,p14782,17,10
0,p14783,95,26
0,p14784,90,49
0,p14785,17,5
0,p14786,6,2
0,p14787,43,31
0,p14788,91,71
0,p14789,20,14
0,p14790,19,77
0,p14791,5,67
0,p14792,21,2
0,p14793,89,27
0,p14794,60,62
0,p14795,45,68
0,p14796,20,98
0,p14797,10,34
0,p14798,97,74
0,p14799,45,9
0,p14800,39,34
0,p14801,3,78
0,p14802,62,86
0,p14803,90,64
0,p14804,43,55
0,p14805,54,18
0,p14806,70,24
0,p14807,33,3
0,p14808,75,37
0,p14809,19,75
0,p14810,52,86
0,p14811,38,25
0,p14812,94,60
0,p14813,17,30
0,p14814,9,21
0,p14815,89,40
0,p14816,42,8
0,p14817,75,68
0,p14818,15,64
0,p14819,34,22
0,p14820,34,63
0,p14821,72,23
0,p14822,19,79
0,p14823,77,54
0,p14824,7,48
0,p14825,43,17
0,p14826,25,92
0,p14827,15,55
0,p14828,21,1
0,p14829,26,85
0,p14830,61,20
0,p14831,69,36
0,p14832,79,66
0,p14833,8,44
0,p14834,70,41
0,p14835,89,67
0,p14836,77,13
0,p14837,56,58
0,p14838,23,75
0,p14839,7,34
0,p14840,77,43
0,p14841,38,3
0,p14842,49,20
0,p14843,58,68
0,p14844,55,72
0,p14845,10,64
0,p14846,75,23
0,p14847,57,18
0,p14848,85,49
0,p14849,31,66
0,p14850,62,54
0,p14851,78,53
0,p14852,26,43
0,p14853,25,93
0,p14854,94,71
0,p14855,39,6
0,p14856,53,95
0,p14857,63,100
0,p14858,80,49
0,p14859,31,50
0,p14860,76,22
0,p14861,85,1
0,p14862,89,39
0,p14863,28,91
0,p14864,50,86
0,p14865,87,24
0,p14866,63,42
0,p14867,68,50
0,p14868,58,15
0,p14869,90,31
0,p14870,13,43
0,p14871,53,17
0,p14872,74,90
0,p14873,76,14
0,p14874,19,74
0,p14875,40,93
0,p14876,12,64
0,p14877,72,25
0,p14878,2,89
0,p14879,55,91
0,p14880,99,58
0,p14881,38,31
0,p14882,20,83
0,p14883,27,49
0,p14884,74,73
0,p14885,91,35
0,p14886,40,14
0,p14887,51,28
0,p14888,4,42
0,p14889,55,34
0,p14890,3,53
0,p14891,41,44
0,p14892,79,75
0,p14893,93,44
0,p14894,25,15
0,p14895,99,85
0,p14896,52,2
0,p14897,69,5
0,p14898,28,69
0,p14899,7,21
0,p14900,84,86
0,p14901,1,85
0,p14902,13,24
0,p14903,73,25
0,p14904,50,31
0,p14905,25,59
0,p14906,32,91
0,p14907,4,58
0,p14908,73,95
0,p14909,45,44
0,p14910,26,51
0,p14911,79,58
0,p14912,99,38
0,p14913,53,4
0,p14914,73,62
0,p14915,29,5
0,p14916,49,88
0,p14917,6,94
0,p14918,27,32
0,p14919,92,51
0,p14920,99,5
0,p14921,70,7
0,p14922,5,9
0,p14923,34,31
0,p14924,56,84
0,p14925,22,4
0,p14926,35,46
0,p14927,39,9
0,p14928,61,45
0,p14929,47,75
0,p14930,81,34
0,p14931,62,4
0,p14932,82,51
0,p14933,90,47
0,p14934,16,43
0,p14935,91,79
0,p14936,52,29
0,p14937,96,91
0,p14938,65,50
0,p14939,54,78
0,p14940,33,51
0,p14941,46,35
0,p14942,63,70
0,p14943,26,1
0,p14944,30,78
0,p14945,13,46
0,p14946,35,26
0,p14947,22,86
0,p14948,47,10
0,p14949,100,79
0,p14950,25,37
0,p14951,10,44
0,p14952,7,79
0,p14953,23,15
0,p14954,66,28
0,p14955,98,71
0,p14956,98,12
0,p14957,67,5
0,p14958,100,8
0,p14959,46,86
0,p14960,74,86
0,p14961,100,63
0,p14962,54,28
0,p14963,99,1
0,p14964,84,94
0,p14965,36,2
0,p14966,21,72
0,p14967,94,52
0,p14968,75,49
0,p14969,18,3
0,p14970,42,62
0,p14971,67,27
0,p14972,2,55
0,p14973,6,39
0,p14974,6,29
0,p14975,10,82
0,p14976,57,10
0,p14977,26,94
0,p14978,2,48
0,p14979,79,23
0,p14980,3,40
0,p14981,14,41
0,p14982,44,94
0,p14983,71,73
0,p14984,44,16
0,p14985,18,57
0,p14986,52,54
0,p14987,96,7
0,p14988,27,70
0,p14989,58,97
0,p14990,92,55
0,p14991,23,36
0,p14992,48,9
0,p14993,83,88
0,p14994,22,6
0,p14995,91,58
0,p14996,50,31
0,p14997,3,17
0,p14998,52,38
0,p14999,69,14
0,p15000,17,40
0,p15001,72,36
0,p15002,63,14
0,p15003,7,87
0,p15004,2,55
0,p15005,20,83
0,p15006,98,15
0,p15007,13,23
0,p15008,8,80
0,p15009,75,26
0,p15010,27,9
0,p15011,77,35
0,p15012,46,100
0,p15013,100,56
0,p15014,28,32
0,p15015,69,19
0,p15016,38,18
0,p15017,14,26
0,p15018,96,70
0,p15019,73,83
0,p15020,39,43
0,p15021,91,44
0,p15022,42,79
0,p15023,95,76
0,p15024,25,29
0,p15025,12,85
0,p15026,87,11
0,p15027,50,32
0,p15028,27,49
0,p15029,41,84
0,p15030,100,74
0,p15031,17,56
0,p15032,89,79
0,p15033,73,89
0,p15034,88,69
0,p15035,91,45
0,p15036,45,79
0,p15037,4,84
0,p15038,7,64
0,p15039,33,63
0,p15040,73,76
0,p15041,58,4
0,p15042,45,38
0,p15043,38,40
0,p15044,3,73
0,p15045,19,54
0,p15046,67,87
0,p15047,13,75
0,p15048,97,35
0,p15049,78,16
0,p15050,7,74
0,p15051,3,86
0,p15052,92,74
0,p15053,8,91
0,p15054,93,48
0,p15055,96,22
0,p15056,77,54
0,p15057,77,14
0,p15058,79,14
0,p15059,46,42
0,p15060,81,72
0,p15061,22,97
0,p15062,54,56
0,p15063,41,10
0,p15064,58,10
0,p15065,94,41
0,p15066,50,42
0,p15067,41,56
0,p15068,84,78
0,p15069,7,2
0,p15070,16,41
0,p15071,12,75
0,p15072,50,6
0,p15073,19,46
0,p15074,81,24
0,p15075,65,48
0,p15076,37,65
0,p15077,74,55
0,p15078,57,96
0,p15079,42,32
0,p15080,92,71
0,p15081,19,18
0,p15082,58,75
0,p15083,26,10
0,p15084,79,81
0,p15085,5,21
0,p15086,3,34
0,p15087,40,37
0,p15088,49,9
0,p15089,82,86
0,p15090,89,57
0,p15091,76,81
0,p15092,26,61
0,p15093,59,37
0,p15094,98,37
0,p15095,48,85
0,p15096,62,94
0,p15097,7,72
0,p15098,67,45
0,p15099,11,72
0,p15100,37,9
0,p15101,28,53
0,p15102,86,69
0,p15103,42,8
0,p15104,92,60
0,p15105,87,31
0,p15106,5,18
0,p15107,19,80
0,p15108,29,45
0,p15109,30,47
0,p15110,68,98
0,p15111,6,92
0,p15112,21,13
0,p15113,61,51
0,p15114,29,54
0,p15115,76,29
0,p15116,24,29
0,p15117,87,29
0,p15118,6,60
0,p15119,100,53
0,p15120,8,76
0,p15121,61,74
0,p15122,33,97
0,p15123,36,39
0,p15124,30,91
0,p15125,34,19
0,p15126,87,10
0,p15127,14,68
0,p15128,14,63
0,p15129,8,72
0,p15130,53,90
0,p15131,93,52
0,p15132,20,32
0,p15133,71,73
0,p15134,5,66
0,p15135,63,48
0,p15136,37,47
0,p15137,20,98
0,p15138,55,90
0,p15139,31,12
0,p15140,20,39
0,p15141,35,1
0,p15142,49,41
0,p15143,60,38
0,p15144,5,9
0,p15145,95,11
0,p15146,100,12
0,p15147,55,82
0,p15148,10,32
0,p15149,22,87
0,p15150,84,54
0,p15151,62,92
0,p15152,2,95
0,p15153,81,17
0,p15154,83,54
0,p15155,63,92
0,p15156,6,73
0,p15157,66,69
0,p15158,84,33
0,p15159,45,61
0,p15160,51,32
0,p15161,73,94
0,p15162,6,49
0,p15163,81,32
0,p15164,18,14
0,p15165,69,99
0,p15166,15,75
0,p15167,43,98
0,p15168,11,30
0,p15169,42,90
0,p15170,56,53
0,p15171,4,80
0,p15172,78,9
0,p15173,26,77
0,p15174,29,57
0,p15175,39,58
0,p15176,15,14
0,p15177,70,92
0,p15178,63,78
0,p15179,52,2
0,p15180,15,3
0,p15181,59,65
0,p15182,59,96
0,p15183,41,50
0,p15184,44,84
0,p15185,7,79
0,p15186,25,68
0,p15187,11,35
0,p15188,60,37
0,p15189,2,11
0,p15190,50,69
0,p15191,55,78
0,p15192,21,59
0,p15193,43,26
0,p15194,82,39
0,p15195,37,3
0,p15196,81,54
0,p15197,51,46
0,p15198,2,92
0,p15199,41,33
0,p15200,37,63
0,p15201,13,55
0,p15202,28,62
0,p15203,60,83
0,p15204,80,22
0,p15205,31,28
0,p15206,80,68
0,p15207,77,25
0,p15208,64,29
0,p15209,77,93
0,p15210,13,38
0,p15211,21,46
0,p15212,5,15
0,p15213,89,95
0,p15214,8,27
0,p15215,11,2
0,p15216,33,72
0,p15217,87,16
0,p15218,91,60
0,p15219,86,19
0,p15220,99,38
0,p15221,85,68
0,p15222,69,21
0,p15223,10,48
0,p15224,96,91
0,p15225,99,1
0,p15226,56,29
0,p15227,16,64
0,p15228,12,44
0,p15229,30,96
0,p15230,49,14
0,p15231,33,42
0,p15232,37,90
0,p15233,51,98
0,p15234,29,13
0,p15235,30,53
0,p15236,80,28
0,p15237,55,7
0,p15238,56,80
0,p15239,91,71
0,p15240,30,75
0,p15241,39,24
0,p15242,93,72
0,p15243,93,44
0,p15244,90,18
0,p15245,15,98
0,p15246,49,96
0,p15247,97,58
0,p15248,38,8
0,p15249,14,35
0,p15250,61,6
0,p15251,14,97
0,p15252,35,8
0,p15253,32,39
0,p15254,78,35
0,p15255,47,15
0,p15256,76,26
0,p15257,78,73
0,p15258,98,27
0,p15259,2,96
0,p15260,61,58
0,p15261,86,91
0,p15262,71,61
0,p15263,6,46
0,p15264,91,64
0,p15265,45,78
0,p15266,70,55
0,p15267,10,59
0,p15268,77,85
0,p15269,10,74
0,p15270,63,19
0,p15271,27,1
0,p15272,72,89
0,p15273,24,71
0,p15274,65,18
0,p15275,2,75
0,p15276,58,69
0,p15277,6,66
0,p15278,69,50
0,p15279,11,42
0,p15280,57,97
0,p15281,82,90
0,p15282,78,16
0,p15283,100,28
0,p15284,68,83
0,p15285,42,17
0,p15286,2,41
0,p15287,48,91
0,p15288,53,68
0,p15289,38,35
0,p15290,4,67
0,p15291,34,5
0,p15292,58,79
0,p15293,89,14
0,p15294,30,88
0,p15295,69,63
0,p15296,85,31
0,p15297,27,64
0,p15298,31,60
0,p15299,72,69
0,p15300,39,57
0,p15301,2,33
0,p15302,97,59
0,p15303,95,34
0,p15304,58,32
0,p15305,100,17
0,p15306,35,12
0,p15307,86,28
0,p15308,89,87
0,p15309,62,64
0,p15310,97,32
0,p15311,41,79
0,p15312,29,86
0,p15313,9,37
0,p15314,37,6
0,p15315,61,46
0,p15316,62,85
0,p15317,57,66
0,p15318,40,54
0,p15319,87,21
0,p15320,67,20
0,p15321,59,72
0,p15322,61,30
0,p15323,66,37
0,p15324,78,84
0,p15325,40,100
0,p15326,44,91
0,p15327,14,16
0,p15328,49,81
0,p15329,97,15
0,p15330,36,25
0,p15331,39,34
0,p15332,94,17
0,p15333,48,39
0,p15334,68,27
0,p15335,7,48
0,p15336,57,75
0,p15337,38,49
0,p15338,64,36
0,p15339,35,66
0,p15340,57,2
0,p15341,77,24
0,p15342,34,37
0,p15343,36,9
0,p15344,54,97
0,p15345,70,55
0,p15346,38,57
0,p15347,5,55
0,p15348,19,67
0,p15349,43,38
0,p15350,77,68
0,p15351,47,92
0,p15352,11,74
0,p15353,46,20
0,p15354,70,13
0,p15355,31,29
0,p15356,55,16
0,p15357,76,41
0,p15358,14,60
0,p15359,37,27
0,p15360,47,18
0,p15361,50,42
0,p15362,81,98
0,p15363,93,70
0,p15364,87,43
0,p15365,78,93
0,p15366,100,13
0,p15367,9,18
0,p15368,71,28
0,p15369,62,61
0,p15370,89,26
0,p15371,57,32
0,p15372,69,24
0,p15373,88,70
0,p15374,97,72
0,p15375,11,29
0,p15376,94,60
0,p15377,82,43
0,p15378,27,98
0,p15379,69,93
0,p15380,79,24
0,p15381,70,99
0,p15382,75,65
0,p15383,90,29
0,p15384,84,36
0,p15385,15,40
0,p15386,6,59
0,p15387,6,48
0,p15388,68,16
0,p15389,45,75
0,p15390,48,95
0,p15391,61,6
0,p15392,25,32
0,p15393,39,77
0,p15394,41,27
0,p15395,62,83
0,p15396,9,37
0,p15397,21,77
0,p15398,51,16
0,p15399,96,86
0,p15400,31,91
0,p15401,2,75
0,p15402,67,91
0,p15403,69,43
0,p15404,89,65
0,p15405,67,83
0,p15406,61,64
0,p15407,33,4
0,p15408,51,25
0,p15409,53,57
0,p15410,76,67
0,p15411,87,35
0,p15412,55,70
0,p15413,60,32
0,p15414,68,5
0,p15415,50,73
0,p15416,31,53
0,p15417,23,18
0,p15418,39,96
0,p15419,19,37
0,p15420,23,77
0,p15421,92,95
0,p15422,20,68
0,p15423,94,25
0,p15424,90,69
0,p15425,92,65
0,p15426,32,59
0,p15427,83,37
0,p15428,21,10
0,p15429,65,66
0,p15430,15,19
0,p15431,19,55
0,p15432,92,52
0,p15433,88,29
0,p15434,62,56
0,p15435,19,83
0,p15436,71,6
0,p15437,4,90
0,p15438,30,5
0,p15439,36,58
0,p15440,88,38
0,p15441,1,97
0,p15442,51,20
0,p15443,25,12
0,p15444,7,77
0,p15445,62,71
0,p15446,13,52
0,p15447,37,23
0,p15448,62,14
0,p15449,75,76
0,p15450,53,68
0,p15451,11,81
0,p15452,89,28
0,p15453,4,86
0,p15454,52,99
0,p15455,56,33
0,p15456,85,70
0,p15457,61,70
0,p15458,49,81
0,p15459,28,30
0,p15460,87,22
0,p15461,9,41
0,p15462,6,85
0,p15463,21,23
0,p15464,34,31
0,p15465,6,83
0,p15466,81,44
0,p15467,17,38
0,p15468,31,14
0,p15469,28,27
0,p15470,91,63
0,p15471,50,31
0,p15472,55,81
0,p15473,94,83
0,p15474,100,78
0,p15475,57,92
0,p15476,75,57
0,p15477,90,3
0,p15478,27,67
0,p15479,73,69
0,p15480,49,26
0,p15481,74,86
0,p15482,38,51
0,p15483,11,7
0,p15484,95,11
0,p15485,73,90
0,p15486,65,32
0,p15487,92,75
0,p15488,50,73
0,p15489,65,95
0,p15490,9,41
0,p15491,4,71
0,p15492,28,54
0,p15493,54,28
0,p15494,41,90
0,p15495,50,70
0,p15496,15,23
0,p15497,95,60
0,p15498,98,16
0,p15499,11,27
0,p15500,25,97
0,p15501,48,23
0,p15502,84,86
0,p15503,59,73
0,p15504,29,8
0,p15505,35,74
0,p15506,68,92
0,p15507,38,77
0,p15508,68,64
0,p15509,30,89
0,p15510,73,7
0,p15511,27,74
0,p15512,10,94
0,p15513,7,85
0,p15514,40,13
0,p15515,96,16
0,p15516,74,99
0,p15517,99,51
0,p15518,88,19
0,p15519,77,42
0,p15520,45,95
0,p15521,10,52
0,p15522,95,7
0,p15523,31,81
0,p15524,73,15
0,p15525,43,60
0,p15526,38,6
0,p15527,6,21
0,p15528,58,8
0,p15529,45,31
0,p15530,26,76
0,p15531,79,40
0,p15532,59,97
0,p15533,81,6
0,p15534,50,74
0,p15535,81,39
0,p15536,68,55
0,p15537,21,30
0,p15538,90,56
0,p15539,5,45
0,p15540,61,72
0,p15541,32,75
0,p15542,59,90
0,p15543,91,64
0,p15544,39,42
0,p15545,93,90
0,p15546,68,57
0,p15547,44,19
0,p15548,84,33
0,p15549,55,25
0,p15550,28,63
0,p15551,37,26
0,p15552,16,10
0,p15553,4,11
0,p15554,1,51
0,p15555,64,45
0,p15556,72,94
0,p15557,6,12
0,p15558,62,11
0,p15559,56,78
0,p15560,5,21
0,p15561,86,63
0,p15562,19,89
0,p15563,9,45
0,p15564,41,12
0,p15565,50,31
0,p15566,69,35
0,p15567,87,83
0,p15568,55,92
0,p15569,17,94
0,p15570,44,56
0,p15571,3,15
0,p15572,42,34
0,p15573,89,85
0,p15574,33,39
0,p15575,99,62
0,p15576,78,26
0,p15577,53,33
0,p15578,90,40
0,p15579,62,41
0,p15580,39,70
0,p15581,88,5
0,p15582,90,88
0,p15583,70,96
0,p15584,51,48
0,p15585,77,65
0,p15586,59,8
0,p15587,70,21
0,p15588,96,38
0,p15589,54,62
0,p15590,27,53
0,p15591,19,100
0,p15592,66,78
0,p15593,39,49
0,p15594,30,37
0,p15595,67,41
0,p15596,96,27
0,p15597,97,88
0,p15598,33,42
0,p15599,40,91
0,p15600,49,52
0,p15601,43,80
0,p15602,51,34
0,p15603,25,31
0,p15604,23,37
0,p15605,50,30
0,p15606,18,80
0,p15607,67,57
0,p15608,52,11
0,p15609,11,49
0,p15610,85,58
0,p15611,51,49
0,p15612,41,13
0,p15613,34,81
0,p15614,86,73
0,p15615,46,39
0,p15616,92,53
0,p15617,38,48
0,p15618,53,11
0,p15619,51,13
0,p15620,63,49
0,p15621,23,60
0,p15622,21,57
0,p15623,9,46
0,p15624,87,100
0,p15625,47,1
0,p15626,82,65
0,p15627,94,12
0,p15628,25,97
0,p15629,6,83
0,p15630,13,24
0,p15631,24,59
0,p15632,51,94
0,p15633,57,67
0,p15634,59,4
0,p15635,78,12
0,p15636,32,81
0,p15637,89,1
0,p15638,62,33
0,p15639,77,54
0,p15640,92,61
0,p15641,79,78
0,p15642,29,54
0,p15643,80,15
0,p15644,95,100
0,p15645,51,32
0,p15646,45,36
0,p15647,47,3
0,p15648,13,18
0,p15649,80,85
0,p15650,32,36
0,p15651,11,97
0,p15652,97,57
0,p15653,98,5
0,p15654,83,89
0,p15655,14,42
0,p15656,58,80
0,p15657,33,62
0,p15658,26,88
0,p15659,21,27
0,p15660,87,9
0,p15661,39,33
0,p15662,3,81
0,p15663,15,13
0,p15664,78,54
0,p15665,86,26
0,p15666,42,61
0,p15667,11,87
0,p15668,20,72
0,p15669,75,53
0,p15670,89,25
0,p15671,53,40
0,p15672,65,59
0,p15673,16,18
0,p15674,4,28
0,p15675,24,64
0,p15676,31,44
0,p15677,69,4
0,p15678,4,73
0,p15679,20,95
0,p15680,11,30
0,p15681,29,38
0,p15682,43,59
0,p15683,83,58
0,p15684,58,45
0,p15685,64,83
0,p15686,71,1
0,p15687,31,69
0,p15688,92,91
0,p15689,97,70
0,p15690,39,97
0,p15691,7,49
0,p15692,71,1
0,p15693,8,53
0,p15694,88,93
0,p15695,88,60
0,p15696,47,64
0,p15697,48,70
0,p15698,83,30
0,p15699,88,36
0,p15700,76,57
0,p15701,46,54
0,p15702,19,75
0,p15703,29,91
0,p15704,72,68
0,p15705,34,86
0,p15706,99,80
0,p15707,71,67
0,p15708,47,5
0,p15709,80,2
0,p15710,22,6
0,p15711,62,97
0,p15712,63,54
0,p15713,48,1
0,p15714,88,40
0,p15715,73,43
0,p15716,74,88
0,p15717,86,40
0,p15718,77,86
0,p15719,22,70
0,p15720,66,18
0,p15721,11,6
0,p15722,58,91
0,p15723,11,33
0,p15724,78,98
0,p15725,87,2
0,p15726,29,40
0,p15727,43,58
0,p15728,23,48
0,p15729,38,32
0,p15730,26,43
0,p15731,97,65
0,p15732,44,74
0,p15733,55,52
0,p15734,61,68
0,p15735,1,92
0,p15736,19,10
0,p15737,30,63
0,p15738,37,70
0,p15739,32,7
0,p15740,50,16
0,p15741,78,26
0,p15742,3,53
0,p15743,61,19
0,p15744,38,59
0,p15745,60,97
0,p15746,50,67
0,p15747,10,45
0,p15748,40,86
0,p15749,36,21
0,p15750,65,92
0,p15751,62,4
0,p15752,13,61
0,p15753,1,98
0,p15754,62,76
0,p15755,60,93
0,p15756,28,75
0,p15757,23,50
0,p15758,66,89
0,p15759,14,92
0,p15760,34,50
0,p15761,27,20
0,p15762,71,79
0,p15763,21,23
0,p15764,92,29
0,p15765,37,31
0,p15766,6,63
0,p15767,39,72
0,p15768,83,73
0,p15769,24,70
0,p15770,11,16
0,p15771,91,2
0,p15772,58,43
0,p15773,35,64
0,p15774,38,58
0,p15775,81,74
0,p15776,53,25
0,p15777,92,28
0,p15778,91,53
0,p15779,20,43
0,p15780,41,81
0,p15781,84,2
0,p15782,34,33
0,p15783,10,23
0,p15784,89,18
0,p15785,44,18
0,p15786,100,61
0,p15787,32,70
0,p15788,56,38
0,p15789,6,80
0,p15790,98,99
0,p15791,48,14
0,p15792,21,91
0,p15793,25,31
0,p15794,85,92
0,p15795,62,28
0,p15796,7,92
0,p15797,94,73
0,p15798,2,52
0,p15799,25,51
0,p15800,11,25
0,p15801,79,48
0,p15802,40,25
0,p15803,90,2
0,p15804,85,100
0,p15805,22,85
0,p15806,14,94
0,p15807,32,24
0,p15808,70,9
0,p15809,63,46
0,p15810,10,87
0,p15811,14,38
0,p15812,78,21
0,p15813,27,19
0,p15814,14,54
0,p15815,72,69
0,p15816,2,16
0,p15817,97,67
0,p15818,68,21
0,p15819,48,50
0,p15820,46,92
0,p15821,81,68
0,p15822,13,61
0,p15823,72,86
0,p15824,40,94
0,p15825,37,34
0,p15826,66,5
0,p15827,11,70
0,p15828,92,61
0,p15829,5,79
0,p15830,70,31
0,p15831,38,24
0,p15832,44,80
0,p15833,18,40
0,p15834,73,3
0,p15835,13,24
0,p15836,59,84
0,p15837,85,58
0,p15838,91,68
0,p15839,15,82
0,p15840,52,58
0,p15841,33,79
0,p15842,35,92
0,p15843,92,54
0,p15844,75,1
0,p15845,5,13
0,p15846,11,84
0,p15847,8,2
0,p15848,5,59
0,p15849,82,81
0,p15850,91,44
0,p15851,83,9
0,p15852,77,52
0,p15853,40,80
0,p15854,21,29
0,p15855,54,24
0,p15856,38,57
0,p15857,1,78
0,p15858,61,4
0,p15859,3,92
0,p15860,41,47
0,p15861,93,2
0,p15862,16,50
0,p15863,25,32
0,p15864,94,7
0,p15865,99,15
0,p15866,93,72
0,p15867,4,35
0,p15868,62,71
0,p15869,97,12
0,p15870,70,77
0,p15871,53,28
0,p15872,32,59
0,p15873,12,42
0,p15874,46,11
0,p15875,18,9
0,p15876,34,41
0,p15877,85,67
0,p15878,23,82
0,p15879,18,60
0,p15880,41,67
0,p15881,48,4
0,p15882,95,66
0,p15883,89,34
0,p15884,70,54
0,p15885,67,59
0,p15886,42,48
0,p15887,65,3
0,p15888,49,33
0,p15889,23,70
0,p15890,41,56
0,p15891,44,75
0,p15892,95,52
0,p15893,32,7
0,p15894,22,79
0,p15895,29,7
0,p15896,47,52
0,p15897,30,98
0,p15898,36,72
0,p15899,98,49
0,p15900,34,91
0,p15901,80,11
0,p15902,93,57
0,p15903,20,82
0,p15904,88,22
0,p15905,88,47
0,p15906,94,88
0,p15907,85,84
0,p15908,84,19
0,p15909,49,93
0,p15910,92,59
0,p15911,53,92
0,p15912,43,55
0,p15913,97,90
0,p15914,16,45
0,p15915,87,92
0,p15916,40,59
0,p15917,93,81
0,p15918,68,83
0,p15919,38,72
0,p15920,97,1
0,p15921,54,90
0,p15922,18,20
0,p15923,61,42
0,p15924,59,92
0,p15925,40,99
0,p15926,85,22
0,p15927,48,63
0,p15928,44,61
0,p15929,13,76
0,p15930,3,52
0,p15931,9,33
0,p15932,1,39
0,p15933,67,72
0,p15934,95,48
0,p15935,100,44
0,p15936,69,75
0,p15937,98,56
0,p15938,57,77
0,p15939,12,76
0,p15940,8,65
0,p15941,93,37
0,p15942,36,71
0,p15943,80,23
0,p15944,84,67
0,p15945,2,78
0,p15946,86,41
0,p15947,10,60
0,p15948,50,93
0,p15949,85,48
0,p15950,41,80
0,p15951,76,40
0,p15952,68,96
0,p15953,20,90
0,p15954,73,33
0,p15955,8,40
0,p15956,4,93
0,p15957,83,4
0,p15958,40,91
0,p15959,82,27
0,p15960,74,67
0,p15961,23,52
0,p15962,10,46
0,p15963,83,9
0,p15964,36,10
0,p15965,66,48
0,p15966,48,54
0,p15967,30,100
0,p15968,65,26
0,p15969,78,77
0,p15970,50,53
0,p15971,14,100
0,p15972,23,8
0,p15973,44,83
0,p15974,33,94
0,p15975,51,58
0,p15976,72,77
0,p15977,94,51
0,p15978,56,74
0,p15979,96,76
0,p15980,69,5
0,p15981,22,84
0,p15982,79,5
0,p15983,54,86
0,p15984,22,24
0,p15985,60,1
0,p15986,64,89
0,p15987,85,10
0,p15988,80,39
0,p15989,52,38
0,p15990,20,34
0,p15991,56,47
0,p15992,62,37
0,p15993,75,13
0,p15994,66,77
0,p15995,41,34
0,p15996,76,96
0,p15997,34,75
0,p15998,43,66
0,p15999,95,10
0,p16000,65,15
0,p16001,60,88
0,p16002,72,34
0,p16003,5,43
0,p16004,14,69
0,p16005,15,94
0,p16006,45,17
0,p16007,20,47
0,p16008,63,30
0,p16009,45,88
0,p16010,81,43
0,p16011,38,96
0,p16012,48,21
0,p16013,91,61
0,p16014,28,69
0,p16015,23,34
0,p16016,39,60
0,p16017,98,78
0,p16018,90,17
0,p16019,49,48
0,p16020,60,84
0,p16021,7,38
0,p16022,10,62
0,p16023,72,75
0,p16024,74,85
0,p16025,48,25
0,p16026,32,88
0,p16027,30,57
0,p16028,35,72
0,p16029,16,90
0,p16030,66,57
0,p16031,74,53
0,p16032,3,19
0,p16033,26,41
0,p16034,19,88
0,p16035,26,49
0,p16036,77,67
0,p16037,15,100
0,p16038,88,86
0,p16039,52,89
0,p16040,35,42
0,p16041,84,67
0,p16042,31,46
0,p16043,99,58
0,p16044,86,64
0,p16045,23,81
0,p16046,30,28
0,p16047,37,33
0,p16048,55,68
0,p16049,9,79
0,p16050,21,14
0,p16051,36,19
0,p16052,71,61
0,p16053,14,3
0,p16054,40,94
0,p16055,1,97
0,p16056,42,80
0,p16057,100,28
0,p16058,86,61
0,p16059,19,91
0,p16060,53,6
0,p16061,91,89
0,p16062,37,65
0,p16063,30,16
0,p16064,88,70
0,p16065,87,3
0,p16066,4,54
0,p16067,37,29
0,p16068,93,92
0,p16069,36,45
0,p16070,78,83
0,p16071,87,72
0,p16072,5,59
0,p16073,61,44
0,p16074,66,12
0,p16075,92,62
0,p16076,57,68
0,p16077,34,90
0,p16078,56,35
0,p16079,85,31
0,p16080,62,29
0,p16081,63,76
0,p16082,86,29
0,p16083,2,22
0,p16084,28,7
0,p16085,59,4
0,p16086,48,44
0,p16087,2,45
0,p16088,62,1
0,p16089,59,79
0,p16090,11,58
0,p16091,7,9
0,p16092,72,28
0,p16093,87,13
0,p16094,5,87
0,p16095,38,9
0,p16096,18,65
0,p16097,44,59
0,p16098,41,66
0,p16099,94,46
0,p16100,43,61
0,p16101,68,13
0,p16102,92,60
0,p16103,3,68
0,p16104,33,93
0,p16105,95,55
0,p16106,60,23
0,p16107,32,95
0,p16108,40,84
0,p16109,34,54
0,p16110,53,98
0,p16111,6,83
0,p16112,19,84
0,p16113,63,98
0,p16114,42,78
0,p16115,8,30
0,p16116,6,25
0,p16117,25,86
0,p16118,95,91
0,p16119,98,23
0,p16120,45,97
0,p16121,20,87
0,p16122,35,5
0,p16123,28,90
0,p16124,76,28
0,p16125,40,76
0,p16126,42,78
0,p16127,72,6
0,p16128,29,90
0,p16129,16,45
0,p16130,77,99
0,p16131,89,90
0,p16132,11,12
0,p16133,23,67
0,p16134,87,100
0,p16135,48,22
0,p16136,30,42
0,p16137,2,56
0,p16138,82,64
0,p16139,15,16
0,p16140,18,91
0,p16141,52,59
0,p16142,75,2
0,p16143,78,56
0,p16144,64,90
0,p16145,53,38
0,p16146,70,92
0,p16147,37,81
0,p16148,1,93
0,p16149,69,40
0,p16150,66,72
0,p16151,97,14
0,p16152,52,11
0,p16153,87,67
0,p16154,17,87
0,p16155,35,86
0,p16156,32,90
0,p16157,47,100
0,p16158,82,24
0,p16159,92,75
0,p16160,95,27
0,p16161,43,39
0,p16162,37,79
0,p16163,53,64
0,p16164,37,50
0,p16165,2,83
0,p16166,70,2
0,p16167,74,42
0,p16168,55,17
0,p16169,29,28
0,p16170,42,61
0,p16171,48,37
0,p16172,61,100
0,p16173,33,29
0,p16174,83,32
0,p16175,98,39
0,p16176,92,63
0,p16177,95,11
0,p16178,32,17
0,p16179,15,51
0,p16180,20,49
0,p16181,66,72
0,p16182,61,65
0,p16183,20,8
0,p16184,68,87
0,p16185,70,72
0,p16186,72,92
0,p16187,6,98
0,p16188,85,26
0,p16189,59,48
0,p16190,25,41
0,p16191,26,99
0,p16192,18,85
0,p16193,9,91
0,p16194,48,96
0,p16195,27,69
0,p16196,2,9
0,p16197,74,62
0,p16198,1,11
0,p16199,6,95
0,p16200,100,79
0,p16201,45,2
0,p16202,85,82
0,p16203,17,95
0,p16204,68,92
0,p16205,5,70
0,p16206,99,73
0,p16207,90,79
0,p16208,25,71
0,p16209,3,8
0,p16210,55,43
0,p16211,18,72
0,p16212,33,80
0,p16213,23,53
0,p16214,60,1
0,p16215,16,51
0,p16216,2,36
0,p16217,84,9
0,p16218,79,81
0,p16219,99,91
0,p16220,60,100
0,p16221,87,48
0,p16222,87,29
0,p16223,21,70
0,p16224,48,75
0,p16225,10,33
0,p16226,73,55
0,p16227,12,58
0,p16228,55,54
0,p16229,26,23
0,p16230,67,10
0,p16231,26,68
0,p16232,26,60
0,p16233,43,83
0,p16234,2,44
0,p16235,41,2
0,p16236,26,100
0,p16237,50,85
0,p16238,66,2
0,p16239,67,58
0,p16240,65,38
0,p16241,41,44
0,p16242,52,98
0,p16243,39,98
0,p16244,96,53
0,p16245,53,66
0,p16246,20,86
0,p16247,3,74
0,p16248,11,91
0,p16249,1,29
0,p16250,38,18
0,p16251,69,24
0,p16252,98,6
0,p16253,94,48
0,p16254,84,88
0,p16255,67,58
0,p16256,56,80
0,p16257,57,21
0,p16258,63,67
0,p16259,13,9
0,p16260,28,70
0,p16261,28,13
0,p16262,38,99
0,p16263,9,45
0,p16264,30,95
0,p16265,54,30
0,p16266,8,87
0,p16267,76,26
0,p16268,32,51
0,p16269,29,53
0,p16270,7,71
0,p16271,49,81
0,p16272,60,62
0,p16273,15,98
0,p16274,85,19
0,p16275,78,99
0,p16276,83,89
0,p16277,80,16
0,p16278,88,11
0,p16279,100,12
0,p16280,68,56
0,p16281,41,29
0,p16282,64,93
0,p16283,49,83
0,p16284,43,4
0,p16285,94,93
0,p16286,3,55
0,p16287,69,29
0,p16288,45,35
0,p16289,10,54
0,p16290,13,2
0,p16291,85,49
0,p16292,20,32
0,p16293,11,22
0,p16294,43,47
0,p16295,77,90
0,p16296,24,93
0,p16297,51,66
0,p16298,31,98
0,p16299,100,49
0,p16300,46,3
0,p16301,89,88
0,p16302,42,52
0,p16303,84,21
0,p16304,48,24
0,p16305,92,10
0,p16306,81,24
0,p16307,45,76
0,p16308,55,32
0,p16309,12,86
0,p16310,88,71
0,p16311,30,76
0,p16312,34,98
0,p16313,30,72
0,p16314,32,81
0,p16315,28,85
0,p16316,39,46
0,p16317,24,76
0,p16318,12,9
0,p16319,39,77
0,p16320,31,35
0,p16321,99,95
0,p16322,53,74
0,p16323,41,56
0,p16324,98,6
0,p16325,68,80
0,p16326,44,45
0,p16327,60,93
0,p16328,34,21
0,p16329,35,16
0,p16330,28,3
0,p16331,43,9
0,p16332,68,29
0,p16333,37,55
0,p16334,4,77
0,p16335,13,61
0,p16336,18,61
0,p16337,11,6
0,p16338,71,88
0,p16339,41,14
0,p16340,50,36
0,p16341,9,74
0,p16342,83,78
0,p16343,82,73
0,p16344,24,80
0,p16345,59,26
0,p16346,11,2
0,p16347,11,9
0,p16348,53,52
0,p16349,55,74
0,p16350,32,95
0,p16351,72,86
0,p16352,7,52
0,p16353,77,86
0,p16354,41,88
0,p16355,1,18
0,p16356,77,91
0,p16357,55,99
0,p16358,52,16
0,p16359,58,45
0,p16360,75,6
0,p16361,94,10
0,p16362,58,51
0,p16363,40,90
0,p16364,3,81
0,p16365,98,48
0,p16366,100,43
0,p16367,96,23
0,p16368,44,94
0,p16369,57,60
0,p16370,83,58
0,p16371,70,80
0,p16372,97,55
0,p16373,95,57
0,p16374,59,65
0,p16375,83,3
0,p16376,49,56
0,p16377,39,32
0,p16378,9,38
0,p16379,30,65
0,p16380,62,35
0,p16381,63,51
0,p16382,8,10
0,p16383,18,76
0,p16384,33,94
0,p16385,58,78
0,p16386,1,32
0,p16387,75,49
0,p16388,53,4
0,p16389,39,1
0,p16390,100,59
0,p16391,31,53
0,p16392,3,23
0,p16393,73,80
0,p16394,1,21
0,p16395,59,42
0,p16396,93,34
0,p16397,81,21
0,p16398,45,78
0,p16399,12,42
0,p16400,3,54
0,p16401,59,65
0,p16402,60,24
0,p16403,98,37
0,p16404,68,3
0,p16405,37,93
0,p16406,73,86
0,p16407,28,24
0,p16408,30,22
0,p16409,33,61
0,p16410,13,76
0,p16411,83,1
0,p16412,69,79
0,p16413,82,48
0,p16414,67,63
0,p16415,92,61
0,p16416,14,74
0,p16417,80,12
0,p16418,92,42
0,p16419,84,21
0,p16420,63,94
0,p16421,92,100
0,p16422,82,51
0,p16423,4,44
0,p16424,96,89
0,p16425,38,79
0,p16426,39,53
0,p16427,31,14
0,p16428,22,4
0,p16429,48,73
0,p16430,5,6
0,p16431,38,79
0,p16432,64,48
0,p16433,92,71
0,p16434,78,95
0,p16435,92,17
0,p16436,75,17
0,p16437,41,2
0,p16438,43,33
0,p16439,10,71
0,p16440,17,37
0,p16441,90,95
0,p16442,35,54
0,p16443,82,71
0,p16444,1,84
0,p16445,96,45
0,p16446,21,63
0,p16447,98,36
0,p16448,58,18
0,p16449,88,74
0,p16450,69,95
0,p16451,84,29
0,p16452,62,89
0,p16453,37,18
0,p16454,60,61
0,p16455,88,100
0,p16456,63,36
0,p16457,88,33
0,p16458,83,71
0,p16459,48,46
0,p16460,85,78
0,p16461,17,29
0,p16462,94,91
0,p16463,79,89
0,p16464,70,44
0,p16465,63,30
0,p16466,8,34
0,p16467,97,78
0,p16468,35,55
0,p16469,8,35
0,p16470,5,40
0,p16471,29,100
0,p16472,71,78
0,p16473,93,90
0,p16474,66,87
0,p16475,52,48
0,p16476,33,57
0,p16477,27,60
0,p16478,43,42
0,p16479,2,16
0,p16480,21,97
0,p16481,98,97
0,p16482,31,34
0,p16483,91,86
0,p16484,61,99
0,p16485,76,21
0,p16486,96,2
0,p16487,34,20
0,p16488,89,84
0,p16489,53,5
0,p16490,47,41
0,p16491,14,43
0,p16492,45,57
0,p16493,13,93
0,p16494,58,47
0,p16495,79,35
0,p16496,21,26
0,p16497,62,74
0,p16498,71,77
0,p16499,4,5
0,p16500,87,44
0,p16501,79,32
0,p16502,29,41
0,p16503,82,13
0,p16504,100,5
0,p16505,64,59
0,p16506,58,9
0,p16507,88,39
0,p16508,39,55
0,p16509,95,24
0,p16510,16,26
0,p16511,98,66
0,p16512,3,46
0,p16513,25,38
0,p16514,44,76
0,p16515,44,20
0,p16516,59,41
0,p16517,16,22
0,p16518,58,78
0,p16519,57,40
0,p16520,26,56
0,p16521,28,40
0,p16522,97,70
0,p16523,77,53
0,p16524,82,51
0,p16525,10,20
0,p16526,90,26
0,p16527,26,62
0,p16528,77,13
0,p16529,24,36
0,p16530,78,19
0,p16531,1,18
0,p16532,13,69
0,p16533,91,64
0,p16534,9,68
0,p16535,1,85
0,p16536,75,78
0,p16537,89,80
0,p16538,26,90
0,p16539,33,79
0,p16540,22,46
0,p16541,53,19
0,p16542,8,56
0,p16543,80,73
0,p16544,37,13
0,p16545,8,45
0,p16546,5,71
0,p16547,87,54
0,p16548,36,23
0,p16549,44,90
0,p16550,37,63
0,p16551,45,43
0,p16552,90,47
0,p16553,88,39
0,p16554,20,60
0,p16555,65,40
0,p16556,27,3
0,p16557,97,58
0,p16558,23,43
0,p16559,17,35
0,p16560,22,81
0,p16561,53,82
0,p16562,73,35
0,p16563,2,91
0,p16564,63,81
0,p16565,9,100
0,p16566,19,55
0,p16567,58,52
0,p16568,63,80
0,p16569,12,93
0,p16570,52,79
0,p16571,6,99
0,p16572,91,9
0,p16573,71,42
0,p16574,75,42
0,p16575,31,29
0,p16576,88,52
0,p16577,6,16
0,p16578,6,21
0,p16579,26,76
0,p16580,81,87
0,p16581,15,80
0,p16582,16,14
0,p16583,55,30
0,p16584,50,63
0,p16585,77,24
0,p16586,76,74
0,p16587,42,62
0,p16588,85,28
0,p16589,22,58
0,p16590,10,87
0,p16591,89,80
0,p16592,7,62
0,p16593,77,98
0,p16594,48,27
0,p16595,39,45
0,p16596,93,44
0,p16597,68,27
0,p16598,20,52
0,p16599,1,12
0,p16600,30,84
0,p16601,54,48
0,p16602,14,25
0,p16603,44,81
0,p16604,82,69
0,p16605,67,68
0,p16606,52,41
0,p16607,78,84
0,p16608,6,56
0,p16609,31,6
0,p16610,66,60
0,p16611,4,96
0,p16612,24,71
0,p16613,5,18
0,p16614,79,2
0,p16615,32,24
0,p16616,16,77
0,p16617,22,64
0,p16618,30,74
0,p16619,40,37
0,p16620,11,2
0,p16621,97,80
0,p16622,6,77
0,p16623,52,79
0,p16624,30,29
0,p16625,96,68
0,p16626,69,89
0,p16627,84,80
0,p16628,50,48
0,p16629,46,98
0,p16630,7,72
0,p16631,87,94
0,p16632,84,27
0,p16633,47,33
0,p16634,74,37
0,p16635,7,69
0,p16636,67,32
0,p16637,84,54
0,p16638,32,83
0,p16639,44,53
0,p16640,55,24
0,p16641,84,35
0,p16642,27,52
0,p16643,18,55
0,p16644,47,90
0,p16645,62,4
0,p16646,62,12
0,p16647,8,45
0,p16648,10,76
0,p16649,8,3
0,p16650,80,41
0,p16651,50,12
0,p16652,55,53
0,p16653,56,26
0,p16654,88,42
0,p16655,80,73
0,p16656,45,52
0,p16657,23,76
0,p16658,72,60
0,p16659,20,31
0,p16660,51,82
0,p16661,27,85
0,p16662,37,12
0,p16663,68,94
0,p16664,13,78
0,p16665,20,71
0,p16666,28,15
0,p16667,84,14
0,p16668,47,7
0,p16669,67,38
0,p16670,86,11
0,p16671,6,38
0,p16672,63,79
0,p16673,48,67
0,p16674,48,89
0,p16675,96,43
0,p16676,64,22
0,p16677,73,90
0,p16678,9,7
0,p16679,72,59
0,p16680,50,19
0,p16681,53,57
0,p16682,67,31
0,p16683,78,99
0,p16684,12,17
0,p16685,7,40
0,p16686,2,81
0,p16687,61,42
0,p16688,59,60
0,p16689,73,93
0,p16690,100,49
0,p16691,51,1
0,p16692,1,89
0,p16693,73,5
0,p16694,5,91
0,p16695,26,44
0,p16696,13,41
0,p16697,94,25
0,p16698,66,5
0,p16699,10,27
0,p16700,44,95
0,p16701,98,67
0,p16702,91,96
0,p16703,35,52
0,p16704,60,7
0,p16705,69,44
0,p16706,93,9
0,p16707,61,46
0,p16708,16,50
0,p16709,60,20
0,p16710,85,91
0,p16711,53,27
0,p16712,82,8
0,p16713,85,24
0,p16714,78,34
0,p16715,65,7
0,p16716,13,21
0,p16717,28,47
0,p16718,25,70
0,p16719,29,64
0,p16720,91,8
0,p16721,53,22
0,p16722,64,17
0,p16723,1,17
0,p16724,81,57
0,p16725,52,1
0,p16726,88,89
0,p16727,40,31
0,p16728,45,53
0,p16729,68,9
0,p16730,13,29
0,p16731,45,84
0,p16732,95,22
0,p16733,53,86
0,p16734,99,96
0,p16735,95,83
0,p16736,22,59
0,p16737,21,10
0,p16738,11,74
0,p16739,91,24
0,p16740,18,34
0,p16741,77,83
0,p16742,67,23
0,p16743,39,50
0,p16744,67,10
0,p16745,27,55
0,p16746,2,56
0,p16747,46,89
0,p16748,23,75
0,p16749,15,1
0,p16750,70,83
0,p16751,75,25
0,p16752,90,1
0,p16753,48,43
0,p16754,60,52
0,p16755,37,18
0,p16756,2,38
0,p16757,40,39
0,p16758,26,32
0,p16759,11,45
0,p16760,48,49
0,p16761,75,49
0,p16762,53,69
0,p16763,10,68
0,p16764,65,57
0,p16765,74,36
0,p16766,91,72
0,p16767,10,79
0,p16768,88,45
0,p16769,25,54
0,p16770,14,78
0,p16771,53,79
0,p16772,2,55
0,p16773,98,8
0,p16774,52,87
0,p16775,38,88
0,p16776,29,44
0,p16777,61,50
0,p16778,78,91
0,p16779,37,59
0,p16780,36,11
0,p16781,80,82
0,p16782,98,45
0,p16783,12,100
0,p16784,72,94
0,p16785,80,9
0,p16786,16,88
0,p16787,88,66
0,p16788,64,77
0,p16789,64,23
0,p16790,84,94
0,p16791,30,64
0,p16792,52,81
0,p16793,61,98
0,p16794,78,39
0,p16795,46,52
0,p16796,98,34
0,p16797,97,31
0,p16798,51,58
0,p16799,28,83
0,p16800,97,84
0,p16801,31,5
0,p16802,72,84
0,p16803,82,89
0,p16804,53,71
0,p16805,58,45
0,p16806,71,88
0,p16807,22,14
0,p16808,81,74
0,p16809,49,91
0,p16810,69,20
0,p16811,71,97
0,p16812,24,11
0,p16813,14,3
0,p16814,9,92
0,p16815,35,91
0,p16816,30,20
0,p16817,35,89
0,p16818,31,86
0,p16819,12,14
0,p16820,26,64
0,p16821,28,73
0,p16822,45,34
0,p16823,69,21
0,p16824,49,86
0,p16825,80,35
0,p16826,21,47
0,p16827,42,82
0,p16828,44,30
0,p16829,15,14
0,p16830,3,70
0,p16831,37,48
0,p16832,89,24
0,p16833,40,99
0,p16834,99,43
0,p16835,80,77
0,p16836,75,85
0,p16837,23,51
0,p16838,69,38
0,p16839,16,13
0,p16840,37,60
0,p16841,51,41
0,p16842,8,62
0,p16843,42,62
0,p16844,56,10
0,p16845,2,43
0,p16846,41,95
0,p16847,81,18
0,p16848,20,48
0,p16849,91,29
0,p16850,72,86
0,p16851,42,28
0,p16852,43,62
0,p16853,77,99
0,p16854,13,96
0,p16855,21,24
0,p16856,53,57
0,p16857,79,70
0,p16858,17,58
0,p16859,12,43
0,p16860,96,34
0,p16861,18,86
0,p16862,70,31
0,p16863,93,21
0,p16864,60,68
0,p16865,64,88
0,p16866,97,70
0,p16867,39,44
0,p16868,75,15
0,p16869,83,64
0,p16870,28,21
0,p16871,100,53
0,p16872,47,22
0,p16873,92,33
0,p16874,41,85
0,p16875,28,48
0,p16876,17,81
0,p16877,67,97
0,p16878,43,76
0,p16879,48,82
0,p16880,41,23
0,p16881,63,65
0,p16882,64,91
0,p16883,43,97
0,p16884,64,98
0,p16885,3,29
0,p16886,25,72
0,p16887,70,87
0,p16888,83,22
0,p16889,66,49
0,p16890,3,60
0,p16891,26,95
0,p16892,57,5
0,p16893,86,41
0,p16894,10,55
0,p16895,93,72
0,p16896,74,97
0,p16897,15,8
0,p16898,39,16
0,p16899,44,34
0,p16900,1,11
0,p16901,23,68
0,p16902,17,15
0,p16903,65,74
0,p16904,36,3
0,p16905,19,70
0,p16906,43,99
0,p16907,74,62
0,p16908,71,60
0,p16909,45,26
0,p16910,98,88
0,p16911,66,10
0,p16912,46,15
0,p16913,4,35
0,p16914,70,34
0,p16915,4,95
0,p16916,48,84
0,p16917,50,47
0,p16918,39,25
0,p16919,27,85
0,p16920,57,28
0,p16921,37,16
0,p16922,11,45
0,p16923,50,93
0,p16924,72,46
0,p16925,50,93
0,p16926,71,15
0,p16927,64,37
0,p16928,86,11
0,p16929,69,62
0,p16930,63,70
0,p16931,50,89
0,p16932,82,66
0,p16933,21,55
0,p16934,3,41
0,p16935,25,100
0,p16936,17,69
0,p16937,84,87
0,p16938,56,97
0,p16939,52,32
0,p16940,83,36
0,p16941,27,14
0,p16942,22,4
0,p16943,15,11
0,p16944,97,100
0,p16945,60,50
0,p16946,68,5
0,p16947,92,42
0,p16948,13,95
0,p16949,65,39
0,p16950,28,75
0,p16951,47,35
0,p16952,76,77
0,p16953,61,68
0,p16954,52,85
0,p16955,32,51
0,p16956,69,21
0,p16957,41,73
0,p16958,100,11
0,p16959,77,17
0,p16960,44,35
0,p16961,20,58
0,p16962,54,50
0,p16963,84,66
0,p16964,31,74
0,p16965,51,67
0,p16966,86,51
0,p16967,6,77
0,p16968,34,3
0,p16969,19,74
0,p16970,2,85
0,p16971,83,4
0,p16972,47,68
0,p16973,53,52
0,p16974,4,28
0,p16975,12,42
0,p16976,35,19
0,p16977,8,17
0,p16978,23,64
0,p16979,67,96
0,p16980,18,53
0,p16981,99,29
0,p16982,8,55
0,p16983,85,38
0,p16984,81,59
0,p16985,100,29
0,p16986,42,55
0,p16987,77,71
0,p16988,63,41
0,p16989,22,81
0,p16990,32,70
0,p16991,95,91
0,p16992,42,75
0,p16993,45,22
0,p16994,26,14
0,p16995,9,78
0,p16996,61,73
0,p16997,85,63
0,p16998,23,92
0,p16999,25,88
0,p17000,85,44
0,p17001,95,46
0,p17002,92,89
0,p17003,54,83
0,p17004,14,51
0,p17005,80,93
0,p17006,44,84
0,p17007,28,57
0,p17008,72,87
0,p17009,12,5
0,p17010,99,88
0,p17011,60,68
0,p17012,24,81
0,p17013,15,81
0,p17014,86,8
0,p17015,98,3
0,p17016,96,70
0,p17017,100,98
0,p17018,6,62
0,p17019,23,99
0,p17020,13,41
0,p17021,80,63
0,p17022,52,15
0,p17023,72,5
0,p17024,11,89
0,p17025,80,98
0,p17026,28,36
0,p17027,46,64
0,p17028,16,57
0,p17029,77,40
0,p17030,82,7
0,p17031,56,99
0,p17032,99,50
0,p17033,52,26
0,p17034,52,58
0,p17035,29,73
0,p17036,77,80
0,p17037,45,94
0,p17038,87,77
0,p17039,99,100
0,p17040,2,84
0,p17041,85,3
0,p17042,75,19
0,p17043,48,27
0,p17044,27,72
0,p17045,28,20
0,p17046,1,54
0,p17047,58,46
0,p17048,91,94
0,p17049,30,77
0,p17050,80,45
0,p17051,87,77
0,p17052,85,6
0,p17053,38,23
0,p17054,10,2
0,p17055,12,83
0,p17056,28,61
0,p17057,19,3
0,p17058,6,49
0,p17059,35,46
0,p17060,94,55
0,p17061,65,53
0,p17062,15,12
0,p17063,65,9
0,p17064,11,53
0,p17065,45,60
0,p17066,62,16
0,p17067,43,11
0,p17068,6,63
0,p17069,41,10
0,p17070,81,85
0,p17071,9,19
0,p17072,12,3
0,p17073,60,46
0,p17074,95,64
0,p17075,50,36
0,p17076,88,55
0,p17077,51,25
0,p17078,58,44
0,p17079,18,28
0,p17080,14,63
0,p17081,57,2
0,p17082,28,30
0,p17083,13,91
0,p17084,38,11
0,p17085,64,98
0,p17086,42,9
0,p17087,81,58
0,p17088,51,34
0,p17089,23,29
0,p17090,28,93
0,p17091,28,3
0,p17092,1,59
0,p17093,77,8
0,p17094,91,71
0,p17095,16,11
0,p17096,52,30
0,p17097,25,7
0,p17098,37,71
0,p17099,41,68
0,p17100,66,21
0,p17101,88,40
0,p17102,42,81
0,p17103,99,70
0,p17104,95,1
0,p17105,72,57
0,p17106,88,49
0,p17107,4,18
0,p17108,6,41
0,p17109,51,46
0,p17110,86,48
0,p17111,51,70
0,p17112,75,88
0,p17113,48,11
0,p17114,15,27
0,p17115,38,12
0,p17116,25,9
0,p17117,21,86
0,p17118,83,8
0,p17119,96,91
0,p17120,11,31
0,p17121,61,13
0,p17122,27,88
0,p17123,47,41
0,p17124,64,92
0,p17125,19,35
0,p17126,93,79
0,p17127,67,76
0,p17128,13,85
0,p17129,43,95
0,p17130,5,69
0,p17131,67,78
0,p17132,87,58
0,p17133,27,37
0,p17134,61,71
0,p17135,2,66
0,p17136,45,70
0,p17137,45,63
0,p17138,52,3
0,p17139,53,75
0,p17140,76,40
0,p17141,85,26
0,p17142,81,63
0,p17143,76,97
0,p17144,32,62
0,p17145,44,64
0,p17146,91,100
0,p17147,87,6
0,p17148,54,85
0,p17149,8,43
0,p17150,49,62
0,p17151,63,55
0,p17152,30,81
0,p17153,27,62
0,p17154,99,98
0,p17155,34,4
0,p17156,59,75
0,p17157,44,64
0,p17158,32,100
0,p17159,84,25
0,p17160,47,17
0,p17161,39,94
0,p17162,1,88
0,p17163,29,56
0,p17164,54,62
0,p17165,13,59
0,p17166,35,60
0,p17167,73,62
0,p17168,31,40
0,p17169,88,71
0,p17170,76,5
0,p17171,31,61
0,p17172,20,93
0,p17173,38,82
0,p17174,63,68
0,p17175,44,2
0,p17176,88,41
0,p17177,74,51
0,p17178,36,13
0,p17179,11,99
0,p17180,63,79
0,p17181,94,25
0,p17182,85,53
0,p17183,77,78
0,p17184,1,25
0,p17185,57,56
0,p17186,77,1
0,p17187,57,68
0,p17188,26,66
0,p17189,14,24
0,p17190,85,27
0,p17191,6,63
0,p17192,46,74
0,p17193,32,25
0,p17194,17,29
0,p17195,13,46
0,p17196,48,65
0,p17197,86,12
0,p17198,16,74
0,p17199,26,66
0,p17200,47,23
0,p17201,77,87
0,p17202,66,29
0,p17203,1,4
0,p17204,92,42
0,p17205,70,7
0,p17206,42,94
0,p17207,71,96
0,p17208,11,87
0,p17209,44,57
0,p17210,61,27
0,p17211,97,8
0,p17212,92,22
0,p17213,33,65
0,p17214,87,5
0,p17215,94,74
0,p17216,41,39
0,p17217,28,69
0,p17218,28,88
0,p17219,98,17
0,p17220,62,30
0,p17221,35,1
0,p17222,41,74
0,p17223,80,38
0,p17224,60,75
0,p17225,99,42
0,p17226,38,24
0,p17227,40,65
0,p17228,12,13
0,p17229,31,65
0,p17230,21,67
0,p17231,23,54
0,p17232,73,31
0,p17233,90,82
0,p17234,74,90
0,p17235,92,60
0,p17236,27,63
0,p17237,78,3
0,p17238,37,31
0,p17239,27,78
0,p17240,66,8
0,p17241,45,12
0,p17242,38,70
0,p17243,56,91
0,p17244,17,70
0,p17245,49,70
0,p17246,30,22
0,p17247,37,13
0,p17248,38,76
0,p17249,14,76
0,p17250,95,39
0,p17251,23,59
0,p17252,36,74
0,p17253,26,100
0,p17254,97,77
0,p17255,39,66
0,p17256,41,93
0,p17257,66,87
0,p17258,77,63
0,p17259,42,67
0,p17260,10,54
0,p17261,48,21
0,p17262,53,71
0,p17263,43,32
0,p17264,68,9
0,p17265,72,51
0,p17266,13,41
0,p17267,32,18
0,p17268,3,4
0,p17269,2,96
0,p17270,57,93
0,p17271,9,54
0,p17272,20,59
0,p17273,50,6
0,p17274,21,61
0,p17275,86,37
0,p17276,62,93
0,p17277,62,94
0,p17278,19,55
0,p17279,34,68
0,p17280,88,1
0,p17281,38,68
0,p17282,69,10
0,p17283,87,14
0,p17284,60,95
0,p17285,10,91
0,p17286,28,95
0,p17287,35,6
0,p17288,66,76
0,p17289,5,42
0,p17290,65,24
0,p17291,82,8
0,p17292,34,68
0,p17293,71,9
0,p17294,77,90
0,p17295,46,76
0,p17296,33,70
0,p17297,13,98
0,p17298,29,36
0,p17299,75,32
0,p17300,29,66
0,p17301,38,31
0,p17302,86,49
0,p17303,98,44
0,p17304,78,17
0,p17305,20,85
0,p17306,45,57
0,p17307,93,31
0,p17308,14,54
0,p17309,37,35
0,p17310,87,43
0,p17311,81,11
0,p17312,61,89
0,p17313,28,63
0,p17314,91,1
0,p17315,65,18
0,p17316,64,1
0,p17317,62,59
0,p17318,29,12
0,p17319,25,62
0,p17320,9,6
0,p17321,56,94
0,p17322,44,41
0,p17323,16,71
0,p17324,51,90
0,p17325,76,73
0,p17326,91,18
0,p17327,19,33
0,p17328,60,100
0,p17329,59,8
0,p17330,31,13
0,p17331,78,53
0,p17332,28,44
0,p17333,37,68
0,p17334,54,2
0,p17335,41,49
0,p17336,58,44
0,p17337,13,12
0,p17338,95,97
0,p17339,36,2
0,p17340,23,76
0,p17341,61,20
0,p17342,95,27
0,p17343,58,3
0,p17344,13,69
0,p17345,17,44
0,p17346,87,1
0,p17347,38,82
0,p17348,50,78
0,p17349,66,11
0,p17350,12,47
0,p17351,51,89
0,p17352,32,18
0,p17353,89,13
0,p17354,70,94
0,p17355,32,78
0,p17356,67,61
0,p17357,10,40
0,p17358,60,11
0,p17359,45,60
0,p17360,27,80
0,p17361,94,90
0,p17362,52,42
0,p17363,52,35
0,p17364,38,42
0,p17365,1,18
0,p17366,72,37
0,p17367,54,58
0,p17368,48,46
0,p17369,70,40
0,p17370,75,81
0,p17371,13,42
0,p17372,65,46
0,p17373,27,78
0,p17374,94,69
0,p17375,40,66
0,p17376,78,33
0,p17377,93,95
0,p17378,58,77
0,p17379,5,60
0,p17380,70,73
0,p17381,49,75
0,p17382,52,94
0,p17383,36,64
0,p17384,99,3
0,p17385,31,70
0,p17386,14,75
0,p17387,14,58
0,p17388,91,1
0,p17389,49,6
0,p17390,27,29
0,p17391,33,63
0,p17392,7,38
0,p17393,98,92
0,p17394,82,29
0,p17395,31,46
0,p17396,76,71
0,p17397,95,36
0,p17398,16,65
0,p17399,48,42
0,p17400,88,66
0,p17401,46,95
0,p17402,52,8
0,p17403,34,74
0,p17404,26,12
0,p17405,74,34
0,p17406,100,76
0,p17407,96,63
0,p17408,90,33
0,p17409,75,72
0,p17410,7,62
0,p17411,63,49
0,p17412,41,85
0,p17413,28,4
0,p17414,91,75
0,p17415,78,42
0,p17416,19,94
0,p17417,75,44
0,p17418,7,23
0,p17419,56,83
0,p17420,38,4
0,p17421,22,32
0,p17422,92,46
0,p17423,98,72
0,p17424,78,31
0,p17425,36,16
0,p17426,16,9
0,p17427,81,91
0,p17428,44,98
0,p17429,33,87
0,p17430,96,27
0,p17431,49,47
0,p17432,31,98
0,p17433,32,33
0,p17434,50,76
0,p17435,2,66
0,p17436,38,77
0,p17437,52,67
0,p17438,44,96
0,p17439,43,39
0,p17440,78,11
0,p17441,94,9
0,p17442,71,33
0,p17443,88,71
0,p17444,78,87
0,p17445,95,48
0,p17446,35,93
0,p17447,18,66
0,p17448,31,26
0,p17449,20,35
0,p17450,57,35
0,p17451,1,39
0,p17452,9,21
0,p17453,16,13
0,p17454,2,63
0,p17455,96,92
0,p17456,78,32
0,p17457,42,85
0,p17458,5,78
0,p17459,43,1
0,p17460,10,37
0,p17461,24,46
0,p17462,24,18
0,p17463,27,22
0,p17464,22,20
0,p17465,56,10
0,p17466,67,50
0,p17467,22,63
0,p17468,85,12
0,p17469,38,79
0,p17470,13,6
0,p17471,74,88
0,p17472,79,94
0,p17473,22,83
0,p17474,47,88
0,p17475,64,95
0,p17476,17,8
0,p17477,39,4
0,p17478,96,65
0,p17479,93,65
0,p17480,9,91
0,p17481,4,98
0,p17482,16,59
0,p17483,8,91
0,p17484,26,99
0,p17485,34,45
0,p17486,5,10
0,p17487,40,82
0,p17488,43,31
0,p17489,23,70
0,p17490,79,78
0,p17491,79,98
0,p17492,19,85
0,p17493,77,25
0,p17494,58,89
0,p17495,90,16
0,p17496,13,33
0,p17497,99,1
0,p17498,94,6
0,p17499,81,93
0,p17500,24,40
0,p17501,71,57
0,p17502,10,75
0,p17503,70,95
0,p17504,66,57
0,p17505,96,70
0,p17506,100,14
0,p17507,8,97
0,p17508,70,34
0,p17509,81,10
0,p17510,57,17
0,p17511,70,91
0,p17512,85,66
0,p17513,21,19
0,p17514,19,46
0,p17515,24,14
0,p17516,25,67
0,p17517,59,3
0,p17518,67,81
0,p17519,81,66
0,p17520,48,29
0,p17521,96,79
0,p17522,69,54
0,p17523,58,68
0,p17524,13,20
0,p17525,87,8
0,p17526,70,50
0,p17527,3,41
0,p17528,72,59
0,p17529,18,78
0,p17530,60,24
0,p17531,77,66
0,p17532,79,1
0,p17533,16,69
0,p17534,95,20
0,p17535,40,39
0,p17536,69,87
0,p17537,91,15
0,p17538,17,96
0,p17539,24,70
0,p17540,8,23
0,p17541,55,54
0,p17542,28,75
0,p17543,17,99
0,p17544,70,30
0,p17545,55,70
0,p17546,51,54
0,p17547,69,83
0,p17548,29,58
0,p17549,69,32
0,p17550,69,79
0,p17551,99,88
0,p17552,87,70
0,p17553,7,30
0,p17554,9,55
0,p17555,53,45
0,p17556,15,48
0,p17557,38,66
0,p17558,85,56
0,p17559,42,29
0,p17560,35,86
0,p17561,69,99
0,p17562,6,81
0,p17563,71,39
0,p17564,81,75
0,p17565,85,34
0,p17566,55,36
0,p17567,35,49
0,p17568,1,6
0,p17569,46,76
0,p17570,92,88
0,p17571,48,36
0,p17572,50,57
0,p17573,85,13
0,p17574,55,38
0,p17575,34,83
0,p17576,15,14
0,p17577,77,20
0,p17578,81,99
0,p17579,10,94
0,p17580,64,52
0,p17581,7,41
0,p17582,42,80
0,p17583,8,52
0,p17584,46,58
0,p17585,98,20
0,p17586,37,31
0,p17587,98,56
0,p17588,36,86
0,p17589,23,20
0,p17590,76,33
0,p17591,25,69
0,p17592,39,24
0,p17593,67,61
0,p17594,17,1
0,p17595,44,94
0,p17596,77,1
0,p17597,84,91
0,p17598,69,56
0,p17599,84,39
0,p17600,99,64
0,p17601,85,66
0,p17602,52,74
0,p17603,70,90
0,p17604,94,65
0,p17605,13,14
0,p17606,89,57
0,p17607,78,23
0,p17608,97,20
0,p17609,19,56
0,p17610,26,97
0,p17611,83,48
0,p17612,43,14
0,p17613,32,13
0,p17614,97,49
0,p17615,23,67
0,p17616,69,6
0,p17617,61,97
0,p17618,31,8
0,p17619,23,58
0,p17620,79,14
0,p17621,94,77
0,p17622,29,36
0,p17623,99,88
0,p17624,30,11
0,p17625,88,87
0,p17626,2,75
0,p17627,78,1
0,p17628,92,40
0,p17629,40,77
0,p17630,96,97
0,p17631,49,64
0,p17632,79,32
0,p17633,27,85
0,p17634,1,32
0,p17635,94,71
0,p17636,5,62
0,p17637,61,93
0,p17638,39,79
0,p17639,73,90
0,p17640,18,27
0,p17641,93,62
0,p17642,84,94
0,p17643,85,50
0,p17644,57,95
0,p17645,59,64
0,p17646,41,19
0,p17647,59,92
0,p17648,96,49
0,p17649,40,52
0,p17650,92,78
0,p17651,42,45
0,p17652,40,25
0,p17653,99,1
0,p17654,1,96
0,p17655,87,86
0,p17656,27,77
0,p17657,4,56
0,p17658,17,93
0,p17659,39,81
0,p17660,70,30
0,p17661,83,30
0,p17662,19,78
0,p17663,39,97
0,p17664,17,45
0,p17665,100,40
0,p17666,44,53
0,p17667,31,76
0,p17668,94,30
0,p17669,92,51
0,p17670,78,5
0,p17671,34,90
0,p17672,24,50
0,p17673,64,19
0,p17674,42,54
0,p17675,35,65
0,p17676,21,99
0,p17677,79,54
0,p17678,28,56
0,p17679,69,53
0,p17680,7,33
0,p17681,2,45
0,p17682,7,36
0,p17683,47,71
0,p17684,20,41
0,p17685,90,55
0,p17686,33,36
0,p17687,3,85
0,p17688,60,93
0,p17689,4,60
0,p17690,96,82
0,p17691,59,1
0,p17692,84,17
0,p17693,41,80
0,p17694,16,80
0,p17695,19,4
0,p17696,52,42
0,p17697,70,10
0,p17698,74,28
0,p17699,84,65
0,p17700,95,43
0,p17701,11,33
0,p17702,74,56
0,p17703,20,90
0,p17704,94,100
0,p17705,21,85
0,p17706,47,90
0,p17707,70,74
0,p17708,25,73
0,p17709,91,78
0,p17710,64,62
0,p17711,14,58
0,p17712,92,88
0,p17713,45,33
0,p17714,76,35
0,p17715,43,28
0,p17716,2,48
0,p17717,3,90
0,p17718,94,38
0,p17719,29,50
0,p17720,88,5
0,p17721,18,74
0,p17722,68,8
0,p17723,95,71
0,p17724,31,20
0,p17725,52,67
0,p17726,95,49
0,p17727,30,29
0,p17728,59,26
0,p17729,31,32
0,p17730,31,22
0,p17731,74,16
0,p17732,100,41
0,p17733,22,91
0,p17734,28,58
0,p17735,1,74
0,p17736,46,100
0,p17737,33,56
0,p17738,92,99
0,p17739,46,23
0,p17740,29,75
0,p17741,41,85
0,p17742,44,53
0,p17743,98,48
0,p17744,78,77
0,p17745,81,38
0,p17746,97,19
0,p17747,49,91
0,p17748,44,11
0,p17749,95,21
0,p17750,62,94
0,p17751,6,17
0,p17752,36,93
0,p17753,100,18
0,p17754,86,99
0,p17755,13,93
0,p17756,83,33
0,p17757,46,80
0,p17758,7,10
0,p17759,78,55
0,p17760,31,29
0,p17761,6,47
0,p17762,3,2
0,p17763,29,25
0,p17764,61,26
0,p17765,5,32
0,p17766,34,3
0,p17767,95,2
0,p17768,1,15
0,p17769,87,85
0,p17770,99,28
0,p17771,33,100
0,p17772,86,91
0,p17773,41,16
0,p17774,12,41
0,p17775,50,55
0,p17776,70,96
0,p17777,24,42
0,p17778,80,60
0,p17779,47,55
0,p17780,69,33
0,p17781,43,42
0,p17782,44,66
0,p17783,90,22
0,p17784,69,4
0,p17785,73,8
0,p17786,83,70
0,p17787,14,83
0,p17788,18,71
0,p17789,59,2
0,p17790,9,47
0,p17791,48,62
0,p17792,49,79
0,p17793,59,45
0,p17794,98,44
0,p17795,83,84
0,p17796,8,7
0,p17797,69,83
0,p17798,38,45
0,p17799,19,85
0,p17800,11,40
0,p17801,58,68
0,p17802,93,53
0,p17803,29,9
0,p17804,41,87
0,p17805,24,74
0,p17806,58,69
0,p17807,39,51
0,p17808,69,27
0,p17809,6,99
0,p17810,22,29
0,p17811,41,16
0,p17812,31,43
0,p17813,12,41
0,p17814,42,60
0,p17815,30,61
0,p17816,86,85
0,p17817,30,93
0,p17818,64,76
0,p17819,61,36
0,p17820,11,35
0,p17821,17,39
0,p17822,75,100
0,p17823,63,32
0,p17824,44,65
0,p17825,86,17
0,p17826,62,2
0,p17827,47,65
0,p17828,45,37
0,p17829,27,22
0,p17830,84,53
0,p17831,68,32
0,p17832,74,36
0,p17833,78,2
0,p17834,40,69
0,p17835,23,90
0,p17836,99,12
0,p17837,54,11
0,p17838,92,77
0,p17839,7,16
0,p17840,7,3
0,p17841,88,49
0,p17842,76,98
0,p17843,76,80
0,p17844,37,25
0,p17845,28,15
0,p17846,41,24
0,p17847,88,97
0,p17848,10,97
0,p17849,20,54
0,p17850,27,80
0,p17851,45,53
0,p17852,97,43
0,p17853,61,33
0,p17854,1,42
0,p17855,15,9
0,p17856,71,26
0,p17857,78,60
0,p17858,38,3
0,p17859,92,88
0,p17860,53,9
0,p17861,20,15
0,p17862,22,7
0,p17863,39,1
0,p17864,9,90
0,p17865,61,34
0,p17866,24,23
0,p17867,80,83
0,p17868,25,70
0,p17869,1,71
0,p17870,90,19
0,p17871,57,41
0,p17872,9,84
0,p17873,37,2
0,p17874,59,37
0,p17875,99,6
0,p17876,79,76
0,p17877,60,5
0,p17878,79,52
0,p17879,93,22
0,p17880,64,82
0,p17881,42,22
0,p17882,90,23
0,p17883,3,64
0,p17884,62,11
0,p17885,54,100
0,p17886,82,18
0,p17887,24,54
0,p17888,13,99
0,p17889,86,57
0,p17890,4,9
0,p17891,45,7
0,p17892,9,11
0,p17893,26,99
0,p17894,23,87
0,p17895,48,39
0,p17896,90,81
0,p17897,43,28
0,p17898,14,95
0,p17899,60,52
0,p17900,16,58
0,p17901,33,81
0,p17902,90,76
0,p17903,29,81
0,p17904,93,4
0,p17905,32,60
0,p17906,53,37
0,p17907,18,12
0,p17908,83,19
0,p17909,31,5
0,p17910,61,11
0,p17911,9,100
0,p17912,20,1
0,p17913,39,55
0,p17914,83,68
0,p17915,95,21
0,p17916,3,45
0,p17917,47,100
0,p17918,68,17
0,p17919,53,28
0,p17920,54,57
0,p17921,77,96
0,p17922,16,2
0,p17923,8,77
0,p17924,34,53
0,p17925,63,75
0,p17926,57,43
0,p17927,31,4
0,p17928,12,62
0,p17929,100,83
0,p17930,22,11
0,p17931,7,10
0,p17932,37,96
0,p17933,33,14
0,p17934,91,80
0,p17935,6,11
0,p17936,30,69
0,p17937,7,29
0,p17938,89,44
0,p17939,39,50
0,p17940,17,79
0,p17941,7,10
0,p17942,80,94
0,p17943,51,19
0,p17944,100,8
0,p17945,11,89
0,p17946,81,94
0,p17947,37,63
0,p17948,74,87
0,p17949,31,32
0,p17950,26,61
0,p17951,71,72
0,p17952,10,5
0,p17953,93,95
0,p17954,98,19
0,p17955,28,27
0,p17956,24,70
0,p17957,12,1
0,p17958,70,45
0,p17959,11,82
0,p17960,27,92
0,p17961,31,27
0,p17962,42,95
0,p17963,71,69
0,p17964,40,82
0,p17965,90,23
0,p17966,84,85
0,p17967,23,29
0,p17968,8,65
0,p17969,69,88
0,p17970,97,64
0,p17971,83,60
0,p17972,75,92
0,p17973,57,14
0,p17974,17,48
0,p17975,95,80
0,p17976,84,8
0,p17977,74,46
0,p17978,11,27
0,p17979,45,35
0,p17980,44,70
0,p17981,21,42
0,p17982,18,92
0,p17983,97,8
0,p17984,80,67
0,p17985,93,66
0,p17986,56,92
0,p17987,22,50
0,p17988,74,37
0,p17989,31,59
0,p17990,98,88
0,p17991,16,8
0,p17992,93,68
0,p17993,49,40
0,p17994,1,44
0,p17995,86,41
0,p17996,80,38
0,p17997,18,31
0,p17998,91,37
0,p17999,97,41
0,p18000,87,88
0,p18001,93,76
0,p18002,82,12
0,p18003,6,34
0,p18004,90,91
0,p18005,46,63
0,p18006,48,42
0,p18007,33,82
0,p18008,58,64
0,p18009,41,81
0,p18010,61,25
0,p18011,36,84
0,p18012,60,46
0,p18013,84,28
0,p18014,86,52
0,p18015,45,82
0,p18016,47,38
0,p18017,68,97
0,p18018,15,50
0,p18019,26,42
0,p18020,32,66
0,p18021,95,96
0,p18022,2,75
0,p18023,13,22
0,p18024,13,91
0,p18025,57,53
0,p18026,70,78
0,p18027,68,91
0,p18028,15,64
0,p18029,53,62
0,p18030,65,70
0,p18031,71,95
0,p18032,16,17
0,p18033,34,67
0,p18034,62,79
0,p18035,67,24
0,p18036,32,20
0,p18037,48,52
0,p18038,59,86
0,p18039,63,88
0,p18040,4,100
0,p18041,51,42
0,p18042,58,45
0,p18043,28,88
0,p18044,43,55
0,p18045,56,94
0,p18046,51,92
0,p18047,91,56
0,p18048,16,25
0,p18049,62,52
0,p18050,85,64
0,p18051,62,17
0,p18052,25,91
0,p18053,53,100
0,p18054,79,29
0,p18055,42,41
0,p18056,82,23
0,p18057,40,10
0,p18058,54,49
0,p18059,10,3
0,p18060,86,44
0,p18061,47,1
0,p18062,67,27
0,p18063,86,16
0,p18064,37,77
0,p18065,92,23
0,p18066,21,74
0,p18067,37,72
0,p18068,12,24
0,p18069,57,77
0,p18070,53,25
0,p18071,18,67
0,p18072,37,69
0,p18073,42,44
0,p18074,57,84
0,p18075,59,49
0,p18076,53,47
0,p18077,90,13
0,p18078,14,40
0,p18079,11,36
0,p18080,80,53
0,p18081,58,68
0,p18082,50,28
0,p18083,100,75
0,p18084,10,78
0,p18085,46,4
0,p18086,43,13
0,p18087,31,12
0,p18088,58,94
0,p18089,80,29
0,p18090,16,73
0,p18091,26,34
0,p18092,85,9
0,p18093,2,68
0,p18094,15,50
0,p18095,57,16
0,p18096,74,4
0,p18097,73,24
0,p18098,99,48
0,p18099,60,19
0,p18100,3,77
0,p18101,40,43
0,p18102,82,31
0,p18103,9,37
0,p18104,42,1
0,p18105,69,86
0,p18106,15,40
0,p18107,12,90
0,p18108,37,98
0,p18109,61,18
0,p18110,78,90
0,p18111,96,14
0,p18112,57,63
0,p18113,15,33
0,p18114,49,4
0,p18115,14,81
0,p18116,18,32
0,p18117,98,61
0,p18118,45,30
0,p18119,41,82
0,p18120,27,79
0,p18121,91,64
0,p18122,2,80
0,p18123,58,15
0,p18124,64,47
0,p18125,33,97
0,p18126,34,93
0,p18127,96,88
0,p18128,84,68
0,p18129,59,90
0,p18130,1,73
0,p18131,15,30
0,p18132,70,79
0,p18133,82,62
0,p18134,31,35
0,p18135,23,29
0,p18136,32,76
0,p18137,21,26
0,p18138,70,9
0,p18139,45,50
0,p18140,38,43
0,p18141,53,6
0,p18142,4,99
0,p18143,79,94
0,p18144,57,13
0,p18145,47,96
0,p18146,84,1
0,p18147,52,99
0,p18148,5,27
0,p18149,97,51
0,p18150,25,36
0,p18151,21,66
0,p18152,37,44
0,p18153,49,17
0,p18154,67,73
0,p18155,24,93
0,p18156,4,58
0,p18157,71,77
0,p18158,9,31
0,p18159,40,67
0,p18160,50,96
0,p18161,97,30
0,p18162,23,94
0,p18163,13,14
0,p18164,43,89
0,p18165,42,40
0,p18166,99,72
0,p18167,38,52
0,p18168,81,61
0,p18169,47,33
0,p18170,32,89
0,p18171,19,87
0,p18172,91,17
0,p18173,49,80
0,p18174,65,2
0,p18175,13,28
0,p18176,52,59
0,p18177,7,80
0,p18178,81,21
0,p18179,50,91
0,p18180,22,93
0,p18181,81,99
0,p18182,75,94
0,p18183,25,71
0,p18184,26,14
0,p18185,75,58
0,p18186,23,80
0,p18187,46,41
0,p18188,73,33
0,p18189,35,79
0,p18190,69,44
0,p18191,28,36
0,p18192,18,15
0,p18193,54,64
0,p18194,6,39
0,p18195,27,19
0,p18196,14,100
0,p18197,31,62
0,p18198,22,84
0,p18199,93,58
0,p18200,56,90
0,p18201,38,37
0,p18202,62,100
0,p18203,67,93
0,p18204,57,54
0,p18205,92,85
0,p18206,10,21
0,p18207,11,79
0,p18208,17,30
0,p18209,74,27
0,p18210,10,32
0,p18211,80,83
0,p18212,14,73
0,p18213,61,51
0,p18214,46,35
0,p18215,72,63
0,p18216,13,71
0,p18217,68,33
0,p18218,91,88
0,p18219,74,69
0,p18220,67,58
0,p18221,11,62
0,p18222,69,39
0,p18223,49,71
0,p18224,50,84
0,p18225,37,8
0,p18226,71,95
0,p18227,39,10
0,p18228,57,26
0,p18229,89,33
0,p18230,76,17
0,p18231,59,64
0,p18232,93,24
0,p18233,23,16
0,p18234,85,24
0,p18235,34,97
0,p18236,70,82
0,p18237,8,66
0,p18238,88,71
0,p18239,100,4
0,p18240,48,73
0,p18241,38,39
0,p18242,89,34
0,p18243,57,86
0,p18244,96,28
0,p18245,62,1
0,p18246,49,72
0,p18247,87,68
0,p18248,74,1
0,p18249,79,55
0,p18250,31,27
0,p18251,23,11
0,p18252,17,22
0,p18253,48,11
0,p18254,32,98
0,p18255,3,98
0,p18256,33,50
0,p18257,5,93
0,p18258,22,41
0,p18259,7,96
0,p18260,53,14
0,p18261,17,10
0,p18262,48,1
0,p18263,60,99
0,p18264,69,37
0,p18265,44,18
0,p18266,70,77
0,p18267,64,61
0,p18268,53,60
0,p18269,9,23
0,p18270,50,10
0,p18271,92,46
0,p18272,78,39
0,p18273,84,29
0,p18274,100,88
0,p18275,8,47
0,p18276,38,17
0,p18277,94,62
0,p18278,78,6
0,p18279,62,92
0,p18280,75,42
0,p18281,24,82
0,p18282,21,5
0,p18283,61,96
0,p18284,61,63
0,p18285,5,56
0,p18286,6,50
0,p18287,96,36
0,p18288,46,72
0,p18289,36,41
0,p18290,57,8
0,p18291,97,61
0,p18292,58,89
0,p18293,51,19
0,p18294,13,73
0,p18295,89,23
0,p18296,13,14
0,p18297,3,29
0,p18298,12,55
0,p18299,26,75
0,p18300,23,76
0,p18301,35,7
0,p18302,89,6
0,p18303,17,3
0,p18304,31,10
0,p18305,57,46
0,p18306,8,65
0,p18307,91,79
0,p18308,73,24
0,p18309,23,5
0,p18310,96,67
0,p18311,53,62
0,p18312,23,14
0,p18313,61,76
0,p18314,23,72
0,p18315,95,65
0,p18316,46,61
0,p18317,75,48
0,p18318,52,58
0,p18319,99,7
0,p18320,57,67
0,p18321,84,15
0,p18322,97,92
0,p18323,86,24
0,p18324,20,37
0,p18325,83,95
0,p18326,37,77
0,p18327,97,89
0,p18328,53,6
0,p18329,25,21
0,p18330,34,10
0,p18331,43,2
0,p18332,71,68
0,p18333,52,60
0,p18334,64,93
0,p18335,67,2
0,p18336,15,85
0,p18337,85,96
0,p18338,27,75
0,p18339,51,15
0,p18340,48,47
0,p18341,65,89
0,p18342,11,61
0,p18343,61,94
0,p18344,72,97
0,p18345,74,98
0,p18346,49,43
0,p18347,19,2
0,p18348,39,27
0,p18349,6,37
0,p18350,64,37
0,p18351,42,72
0,p18352,19,11
0,p18353,14,21
0,p18354,91,74
0,p18355,80,21
0,p18356,100,51
0,p18357,54,41
0,p18358,46,59
0,p18359,32,51
0,p18360,2,37
0,p18361,6,80
0,p18362,98,40
0,p18363,67,76
0,p18364,46,87
0,p18365,20,86
0,p18366,12,61
0,p18367,68,71
0,p18368,71,95
0,p18369,17,81
0,p18370,59,3
0,p18371,15,12
0,p18372,83,51
0,p18373,2,27
0,p18374,25,98
0,p18375,90,63
0,p18376,30,92
0,p18377,83,38
0,p18378,86,38
0,p18379,47,52
0,p18380,36,17
0,p18381,91,44
0,p18382,82,57
0,p18383,81,16
0,p18384,47,59
0,p18385,76,20
0,p18386,68,74
0,p18387,61,10
0,p18388,71,27
0,p18389,20,94
0,p18390,9,34
0,p18391,46,74
0,p18392,93,82
0,p18393,84,30
0,p18394,9,49
0,p18395,56,72
0,p18396,42,93
0,p18397,54,65
0,p18398,41,35
0,p18399,63,83
0,p18400,55,24
0,p18401,88,2
0,p18402,16,13
0,p18403,39,33
0,p18404,97,30
0,p18405,6,76
0,p18406,64,94
0,p18407,39,59
0,p18408,50,92
0,p18409,33,74
0,p18410,63,29
0,p18411,48,28
0,p18412,59,48
0,p18413,59,79
0,p18414,48,41
0,p18415,50,58
0,p18416,52,97
0,p18417,87,98
0,p18418,20,35
0,p18419,24,96
0,p18420,78,72
0,p18421,17,90
0,p18422,43,82
0,p18423,55,25
0,p18424,70,39
0,p18425,52,45
0,p18426,14,91
0,p18427,5,46
0,p18428,88,41
0,p18429,89,72
0,p18430,72,20
0,p18431,7,80
0,p18432,12,55
0,p18433,91,96
0,p18434,39,86
0,p18435,9,77
0,p18436,33,81
0,p18437,87,48
0,p18438,2,35
0,p18439,28,89
0,p18440,45,29
0,p18441,29,46
0,p18442,47,62
0,p18443,52,90
0,p18444,85,33
0,p18445,91,69
0,p18446,64,11
0,p18447,54,79
0,p18448,49,66
0,p18449,35,37
0,p18450,47,20
0,p18451,47,14
0,p18452,74,29
0,p18453,61,73
0,p18454,62,72
0,p18455,69,28
0,p18456,51,6
0,p18457,67,40
0,p18458,26,22
0,p18459,19,94
0,p18460,25,12
0,p18461,16,6
0,p18462,11,49
0,p18463,13,1
0,p18464,10,64
0,p18465,54,3
0,p18466,89,81
0,p18467,48,46
0,p18468,40,98
0,p18469,8,1
0,p18470,19,31
0,p18471,50,69
0,p18472,11,75
0,p18473,100,63
0,p18474,66,23
0,p18475,3,20
0,p18476,96,78
0,p18477,27,35
0,p18478,53,74
0,p18479,10,59
0,p18480,54,35
0,p18481,59,73
0,p18482,41,35
0,p18483,5,59
0,p18484,9,70
0,p18485,85,54
0,p18486,41,32
0,p18487,24,73
0,p18488,94,14
0,p18489,36,39
0,p18490,53,82
0,p18491,11,88
0,p18492,1,46
0,p18493,77,40
0,p18494,69,73
0,p18495,47,30
0,p18496,58,19
0,p18497,34,82
0,p18498,37,63
0,p18499,35,40
0,p18500,11,85
0,p18501,6,64
0,p18502,79,39
0,p18503,43,17
0,p18504,2,30
0,p18505,62,5
0,p18506,15,73
0,p18507,20,4
0,p18508,46,18
0,p18509,66,67
0,p18510,80,67
0,p18511,47,11
0,p18512,27,66
0,p18513,84,86
0,p18514,44,70
0,p18515,32,95
0,p18516,77,57
0,p18517,12,50
0,p18518,69,7
0,p18519,26,25
0,p18520,30,25
0,p18521,49,5
0,p18522,54,35
0,p18523,28,94
0,p18524,39,29
0,p18525,64,62
0,p18526,5,86
0,p18527,73,58
0,p18528,17,8
0,p18529,51,58
0,p18530,87,4
0,p18531,100,50
0,p18532,4,34
0,p18533,25,17
0,p18534,4,61
0,p18535,26,25
0,p18536,82,26
0,p18537,12,22
0,p18538,76,84
0,p18539,28,81
0,p18540,47,31
0,p18541,34,11
0,p18542,44,39
0,p18543,7,28
0,p18544,39,7
0,p18545,30,94
0,p18546,59,63
0,p18547,75,50
0,p18548,55,35
0,p18549,96,62
0,p18550,35,86
0,p18551,19,11
0,p18552,69,57
0,p18553,15,91
0,p18554,39,4
0,p18555,43,94
0,p18556,98,99
0,p18557,82,71
0,p18558,47,89
0,p18559,69,83
0,p18560,17,90
0,p18561,41,16
0,p18562,51,11
0,p18563,50,10
0,p18564,51,76
0,p18565,99,27
0,p18566,28,93
0,p18567,33,98
0,p18568,23,64
0,p18569,85,96
0,p18570,44,6
0,p18571,31,40
0,p18572,94,57
0,p18573,3,85
0,p18574,70,49
0,p18575,91,21
0,p18576,83,90
0,p18577,99,17
0,p18578,62,53
0,p18579,91,19
0,p18580,29,58
0,p18581,49,55
0,p18582,4,52
0,p18583,70,47
0,p18584,42,8
0,p18585,73,94
0,p18586,28,81
0,p18587,53,96
0,p18588,28,60
0,p18589,11,15
0,p18590,47,46
0,p18591,23,16
0,p18592,53,98
0,p18593,44,58
0,p18594,11,69
0,p18595,42,25
0,p18596,77,4
0,p18597,76,33
0,p18598,89,45
0,p18599,73,28
0,p18600,96,25
0,p18601,5,94
0,p18602,90,98
0,p18603,13,78
0,p18604,13,57
0,p18605,77,37
0,p18606,4,58
0,p18607,70,77
0,p18608,91,85
0,p18609,83,39
0,p18610,80,95
0,p18611,6,10
0,p18612,72,27
0,p18613,91,1
0,p18614,2,47
0,p18615,9,16
0,p18616,61,36
0,p18617,51,25
0,p18618,91,55
0,p18619,57,29
0,p18620,98,20
0,p18621,2,94
0,p18622,47,20
0,p18623,100,18
0,p18624,46,55
0,p18625,76,43
0,p18626,15,47
0,p18627,21,34
0,p18628,27,33
0,p18629,71,100
0,p18630,2,62
0,p18631,35,36
0,p18632,83,67
0,p18633,73,6
0,p18634,4,36
0,p18635,67,58
0,p18636,67,95
0,p18637,37,47
0,p18638,84,32
0,p18639,54,57
0,p18640,14,28
0,p18641,74,76
0,p18642,48,51
0,p18643,73,15
0,p18644,29,73
0,p18645,83,97
0,p18646,91,58
0,p18647,26,97
0,p18648,18,24
0,p18649,98,16
0,p18650,14,22
0,p18651,35,68
0,p18652,29,60
0,p18653,37,54
0,p18654,70,16
0,p18655,68,39
0,p18656,88,29
0,p18657,50,87
0,p18658,42,22
0,p18659,14,45
0,p18660,97,58
0,p18661,75,6
0,p18662,15,42
0,p18663,7,94
0,p18664,48,98
0,p18665,70,24
0,p18666,97,31
0,p18667,94,70
0,p18668,69,29
0,p18669,21,74
0,p18670,92,63
0,p18671,13,79
0,p18672,37,3
0,p18673,34,84
0,p18674,57,72
0,p18675,43,32
0,p18676,76,19
0,p18677,1,85
0,p18678,7,67
0,p18679,14,62
0,p18680,96,43
0,p18681,12,43
0,p18682,83,93
0,p18683,36,18
0,p18684,61,75
0,p18685,26,70
0,p18686,44,94
0,p18687,74,66
0,p18688,88,40
0,p18689,54,84
0,p18690,96,5
0,p18691,93,92
0,p18692,90,25
0,p18693,69,29
0,p18694,13,62
0,p18695,57,35
0,p18696,72,20
0,p18697,34,67
0,p18698,77,26
0,p18699,39,32
0,p18700,7,58
0,p18701,35,85
0,p18702,90,11
0,p18703,47,78
0,p18704,6,19
0,p18705,22,60
0,p18706,24,93
0,p18707,64,10
0,p18708,66,24
0,p18709,58,23
0,p18710,46,21
0,p18711,45,55
0,p18712,58,53
0,p18713,31,41
0,p18714,70,16
0,p18715,20,83
0,p18716,79,73
0,p18717,75,84
0,p18718,100,17
0,p18719,62,61
0,p18720,7,90
0,p18721,97,48
0,p18722,13,90
0,p18723,35,59
0,p18724,31,43
0,p18725,73,47
0,p18726,90,91
0,p18727,66,35
0,p18728,22,44
0,p18729,94,8
0,p18730,36,89
0,p18731,79,56
0,p18732,60,10
0,p18733,24,78
0,p18734,26,37
0,p18735,85,78
0,p18736,52,46
0,p18737,80,3
0,p18738,64,32
0,p18739,68,85
0,p18740,40,18
0,p18741,76,14
0,p18742,43,70
0,p18743,9,22
0,p18744,2,10
0,p18745,80,6
0,p18746,5,34
0,p18747,23,97
0,p18748,86,21
0,p18749,71,29
0,p18750,33,89
0,p18751,26,59
0,p18752,78,59
0,p18753,21,2
0,p18754,32,41
0,p18755,71,26
0,p18756,23,10
0,p18757,66,30
0,p18758,96,34
0,p18759,39,29
0,p18760,53,100
0,p18761,18,1
0,p18762,57,59
0,p18763,96,97
0,p18764,99,90
0,p18765,90,52
0,p18766,73,78
0,p18767,30,71
0,p18768,58,69
0,p18769,63,98
0,p18770,2,31
0,p18771,41,31
0,p18772,16,64
0,p18773,23,36
0,p18774,3,6
0,p18775,33,20
0,p18776,62,87
0,p18777,48,56
0,p18778,47,50
0,p18779,43,9
0,p18780,22,35
0,p18781,67,52
0,p18782,100,13
0,p18783,68,10
0,p18784,38,16
0,p18785,12,49
0,p18786,82,11
0,p18787,23,49
0,p18788,55,64
0,p18789,71,78
0,p18790,24,21
0,p18791,71,33
0,p18792,54,9
0,p18793,21,55
0,p18794,43,44
0,p18795,81,76
0,p18796,79,39
0,p18797,85,20
0,p18798,80,87
0,p18799,76,97
0,p18800,9,25
0,p18801,24,47
0,p18802,76,34
0,p18803,65,19
0,p18804,98,77
0,p18805,43,48
0,p18806,79,82
0,p18807,75,77
0,p18808,98,46
0,p18809,17,82
0,p18810,31,13
0,p18811,49,28
0,p18812,60,57
0,p18813,63,92
0,p18814,75,54
0,p18815,73,16
0,p18816,89,92
0,p18817,26,41
0,p18818,35,26
0,p18819,43,7
0,p18820,20,1
0,p18821,62,94
0,p18822,17,88
0,p18823,99,75
0,p18824,66,20
0,p18825,56,46
0,p18826,37,41
0,p18827,19,85
0,p18828,2,32
0,p18829,61,48
0,p18830,3,74
0,p18831,33,46
0,p18832,20,16
0,p18833,43,60
0,p18834,93,94
0,p18835,68,43
0,p18836,45,22
0,p18837,27,84
0,p18838,75,41
0,p18839,18,14
0,p18840,87,23
0,p18841,6,14
0,p18842,2,16
0,p18843,16,88
0,p18844,37,33
0,p18845,83,77
0,p18846,39,30
0,p18847,43,7
0,p18848,35,96
0,p18849,42,49
0,p18850,63,32
0,p18851,9,70
0,p18852,72,4
0,p18853,54,63
0,p18854,72,65
0,p18855,20,48
0,p18856,22,24
0,p18857,34,27
0,p18858,40,88
0,p18859,30,14
0,p18860,26,98
0,p18861,57,99
0,p18862,79,67
0,p18863,87,71
0,p18864,82,98
0,p18865,93,35
0,p18866,28,96
0,p18867,86,81
0,p18868,94,18
0,p18869,11,60
0,p18870,14,49
0,p18871,8,17
0,p18872,3,76
0,p18873,68,74
0,p18874,95,28
0,p18875,97,28
0,p18876,33,23
0,p18877,97,35
0,p18878,29,33
0,p18879,98,29
0,p18880,37,64
0,p18881,80,62
0,p18882,28,38
0,p18883,50,36
0,p18884,58,57
0,p18885,79,97
0,p18886,82,85
0,p18887,69,52
0,p18888,11,16
0,p18889,63,26
0,p18890,98,56
0,p18891,75,43
0,p18892,21,26
0,p18893,4,82
0,p18894,23,38
0,p18895,75,63
0,p18896,80,66
0,p18897,92,6
0,p18898,10,48
0,p18899,31,20
0,p18900,84,26
0,p18901,41,32
0,p18902,22,51
0,p18903,12,90
0,p18904,59,51
0,p18905,66,7
0,p18906,97,33
0,p18907,14,26
0,p18908,53,90
0,p18909,11,15
0,p18910,22,75
0,p18911,63,25
0,p18912,6,29
0,p18913,64,63
0,p18914,99,11
0,p18915,48,20
0,p18916,44,64
0,p18917,22,84
0,p18918,35,57
0,p18919,48,65
0,p18920,80,20
0,p18921,13,79
0,p18922,37,16
0,p18923,88,7
0,p18924,4,67
0,p18925,52,68
0,p18926,75,81
0,p18927,85,27
0,p18928,60,92
0,p18929,75,46
0,p18930,43,27
0,p18931,15,55
0,p18932,37,20
0,p18933,38,28
0,p18934,87,59
0,p18935,51,82
0,p18936,13,92
0,p18937,80,75
0,p18938,88,82
0,p18939,32,48
0,p18940,60,47
0,p18941,80,3
0,p18942,15,13
0,p18943,6,90
0,p18944,56,6
0,p18945,22,41
0,p18946,70,72
0,p18947,95,87
0,p18948,3,73
0,p18949,20,13
0,p18950,16,26
0,p18951,84,83
0,p18952,28,6
0,p18953,18,3
0,p18954,51,88
0,p18955,2,97
0,p18956,60,61
0,p18957,7,85
0,p18958,43,46
0,p18959,50,40
0,p18960,52,92
0,p18961,3,42
0,p18962,49,79
0,p18963,12,38
0,p18964,10,51
0,p18965,95,10
0,p18966,80,41
0,p18967,82,46
0,p18968,20,30
0,p18969,33,28
0,p18970,9,94
0,p18971,24,75
0,p18972,93,26
0,p18973,18,86
0,p18974,80,45
0,p18975,53,61
0,p18976,62,52
0,p18977,4,53
0,p18978,46,22
0,p18979,82,53
0,p18980,22,100
0,p18981,94,37
0,p18982,47,64
0,p18983,20,44
0,p18984,56,34
0,p18985,32,64
0,p18986,70,72
0,p18987,71,24
0,p18988,6,95
0,p18989,78,7
0,p18990,20,66
0,p18991,14,77
0,p18992,36,94
0,p18993,1,10
0,p18994,61,66
0,p18995,26,82
0,p18996,62,89
0,p18997,86,52
0,p18998,59,61
0,p18999,89,98
0,p19000,98,69
0,p19001,45,47
0,p19002,45,87
0,p19003,94,62
0,p19004,5,33
0,p19005,38,48
0,p19006,28,38
0,p19007,82,57
0,p19008,7,3
0,p19009,100,84
0,p19010,36,53
0,p19011,3,46
0,p19012,10,89
0,p19013,64,13
0,p19014,61,73
0,p19015,33,88
0,p19016,8,49
0,p19017,51,58
0,p19018,34,65
0,p19019,56,54
0,p19020,88,83
0,p19021,41,31
0,p19022,50,7
0,p19023,79,94
0,p19024,51,100
0,p19025,84,48
0,p19026,22,12
0,p19027,57,26
0,p19028,21,30
0,p19029,88,57
0,p19030,23,40
0,p19031,45,84
0,p19032,97,82
0,p19033,4,66
0,p19034,1,8
0,p19035,7,76
0,p19036,93,91
0,p19037,41,90
0,p19038,5,96
0,p19039,71,60
0,p19040,86,84
0,p19041,68,1
0,p19042,34,92
0,p19043,28,12
0,p19044,95,77
0,p19045,41,44
0,p19046,80,35
0,p19047,91,92
0,p19048,61,78
0,p19049,53,43
0,p19050,64,56
0,p19051,4,98
0,p19052,36,23
0,p19053,21,77
0,p19054,85,100
0,p19055,23,7
0,p19056,10,30
0,p19057,22,8
0,p19058,27,83
0,p19059,28,4
0,p19060,70,86
0,p19061,81,41
0,p19062,56,50
0,p19063,58,18
0,p19064,71,94
0,p19065,5,94
0,p19066,87,38
0,p19067,4,71
0,p19068,51,4
0,p19069,73,70
0,p19070,24,38
0,p19071,62,36
0,p19072,69,26
0,p19073,69,98
0,p19074,95,78
0,p19075,27,100
0,p19076,16,21
0,p19077,56,96
0,p19078,73,7
0,p19079,47,44
0,p19080,38,42
0,p19081,88,87
0,p19082,75,54
0,p19083,47,70
0,p19084,28,95
0,p19085,25,76
0,p19086,6,86
0,p19087,47,100
0,p19088,32,63
0,p19089,48,11
0,p19090,75,47
0,p19091,75,58
0,p19092,74,76
0,p19093,15,35
0,p19094,6,61
0,p19095,69,23
0,p19096,16,84
0,p19097,20,40
0,p19098,78,86
0,p19099,55,36
0,p19100,92,67
0,p19101,47,70
0,p19102,79,78
0,p19103,56,9
0,p19104,96,59
0,p19105,84,71
0,p19106,49,54
0,p19107,10,28
0,p19108,100,80
0,p19109,53,85
0,p19110,71,23
0,p19111,76,12
0,p19112,32,90
0,p19113,61,93
0,p19114,90,40
0,p19115,70,81
0,p19116,79,58
0,p19117,83,39
0,p19118,23,24
0,p19119,39,77
0,p19120,91,29
0,p19121,74,71
0,p19122,77,90
0,p19123,31,84
0,p19124,99,54
0,p19125,88,77
0,p19126,11,17
0,p19127,100,3
0,p19128,45,3
0,p19129,66,61
0,p19130,79,6
0,p19131,30,75
0,p19132,82,26
0,p19133,14,79
0,p19134,51,14
0,p19135,30,35
0,p19136,28,81
0,p19137,77,79
0,p19138,48,46
0,p19139,29,53
0,p19140,71,34
0,p19141,87,59
0,p19142,80,11
0,p19143,61,41
0,p19144,85,84
0,p19145,76,51
0,p19146,56,9
0,p19147,63,80
0,p19148,28,67
0,p19149,85,89
0,p19150,80,27
0,p19151,99,93
0,p19152,56,45
0,p19153,72,99
0,p19154,39,9
0,p19155,68,78
0,p19156,88,83
0,p19157,5,52
0,p19158,37,35
0,p19159,17,83
0,p19160,45,8
0,p19161,79,45
0,p19162,20,80
0,p19163,51,3
0,p19164,33,58
0,p19165,100,88
0,p19166,60,72
0,p19167,35,37
0,p19168,50,37
0,p19169,66,29
0,p19170,75,53
0,p19171,45,36
0,p19172,42,5
0,p19173,40,24
0,p19174,91,100
0,p19175,49,91
0,p19176,13,11
0,p19177,60,47
0,p19178,80,6
0,p19179,65,26
0,p19180,17,12
0,p19181,90,84
0,p19182,87,57
0,p19183,90,73
0,p19184,44,20
0,p19185,92,33
0,p19186,37,28
0,p19187,77,55
0,p19188,15,41
0,p19189,18,32
0,p19190,1,46
0,p19191,99,75
0,p19192,35,7
0,p19193,78,56
0,p19194,45,69
0,p19195,70,78
0,p19196,94,60
0,p19197,45,12
0,p19198,13,75
0,p19199,1,33
0,p19200,16,37
0,p19201,64,83
0,p19202,25,59
0,p19203,41,53
0,p19204,16,1
0,p19205,79,81
0,p19206,57,53
0,p19207,59,86
0,p19208,20,86
0,p19209,80,1
0,p19210,9,11
0,p19211,11,18
0,p19212,75,8
0,p19213,83,84
0,p19214,61,67
0,p19215,32,17
0,p19216,92,40
0,p19217,85,51
0,p19218,75,18
0,p19219,3,18
0,p19220,24,93
0,p19221,54,16
0,p19222,18,9
0,p19223,40,10
0,p19224,98,51
0,p19225,36,39
0,p19226,47,15
0,p19227,38,67
0,p19228,47,50
0,p19229,25,54
0,p19230,79,39
0,p19231,85,2
0,p19232,21,48
0,p19233,100,48
0,p19234,37,42
0,p19235,87,70
0,p19236,47,32
0,p19237,37,87
0,p19238,5,62
0,p19239,24,71
0,p19240,99,4
0,p19241,34,67
0,p19242,18,55
0,p19243,3,33
0,p19244,13,61
0,p19245,6,61
0,p19246,69,91
0,p19247,61,29
0,p19248,67,9
0,p19249,43,18
0,p19250,45,20
0,p19251,92,36
0,p19252,58,11
0,p19253,78,99
0,p19254,17,55
0,p19255,44,95
0,p19256,15,27
0,p19257,49,6
0,p19258,41,89
0,p19259,7,10
0,p19260,47,19
0,p19261,90,9
0,p19262,13,47
0,p19263,22,43
0,p19264,14,44
0,p19265,97,67
0,p19266,72,35
0,p19267,33,89
0,p19268,92,84
0,p19269,31,17
0,p19270,3,81
0,p19271,17,82
0,p19272,95,61
0,p19273,47,5
0,p19274,42,92
0,p19275,67,24
0,p19276,42,27
0,p19277,72,62
0,p19278,3,5
0,p19279,53,95
0,p19280,98,16
0,p19281,11,60
0,p19282,44,8
0,p19283,48,28
0,p19284,59,29
0,p19285,12,43
0,p19286,87,70
0,p19287,66,50
0,p19288,71,91
0,p19289,25,71
0,p19290,69,77
0,p19291,20,26
0,p19292,50,86
0,p19293,49,23
0,p19294,12,2
0,p19295,53,49
0,p19296,100,21
0,p19297,12,69
0,p19298,26,61
0,p19299,77,32
0,p19300,30,74
0,p19301,1,61
0,p19302,62,90
0,p19303,95,93
0,p19304,77,81
0,p19305,81,3
0,p19306,77,75
0,p19307,1,99
0,p19308,74,27
0,p19309,11,12
0,p19310,57,47
0,p19311,76,23
0,p19312,5,75
0,p19313,37,89
0,p19314,48,85
0,p19315,81,14
0,p19316,18,19
0,p19317,35,90
0,p19318,53,50
0,p19319,25,24
0,p19320,72,29
0,p19321,44,69
0,p19322,14,1
0,p19323,92,16
0,p19324,49,28
0,p19325,16,56
0,p19326,75,17
0,p19327,57,13
0,p19328,85,20
0,p19329,21,59
0,p19330,12,67
0,p19331,69,36
0,p19332,52,100
0,p19333,18,29
0,p19334,12,47
0,p19335,12,26
0,p19336,66,59
0,p19337,97,25
0,p19338,59,58
0,p19339,33,5
0,p19340,89,35
0,p19341,61,41
0,p19342,49,18
0,p19343,99,10
0,p19344,92,30
0,p19345,62,2
0,p19346,100,66
0,p19347,60,90
0,p19348,85,80
0,p19349,94,46
0,p19350,39,53
0,p19351,51,21
0,p19352,9,15
0,p19353,61,65
0,p19354,23,70
0,p19355,91,1
0,p19356,30,45
0,p19357,80,7
0,p19358,26,91
0,p19359,82,52
0,p19360,48,14
0,p19361,68,85
0,p19362,43,88
0,p19363,28,11
0,p19364,96,37
0,p19365,97,53
0,p19366,15,6
0,p19367,30,86
0,p19368,47,91
0,p19369,46,99
0,p19370,98,63
0,p19371,6,62
0,p19372,8,68
0,p19373,23,34
0,p19374,20,70
0,p19375,71,35
0,p19376,62,51
0,p19377,62,79
0,p19378,45,41
0,p19379,44,99
0,p19380,17,15
0,p19381,1,63
0,p19382,51,38
0,p19383,79,12
0,p19384,95,55
0,p19385,44,6
0,p19386,49,83
0,p19387,44,61
0,p19388,80,12
0,p19389,81,80
0,p19390,22,100
0,p19391,78,87
0,p19392,34,96
0,p19393,14,46
0,p19394,72,17
0,p19395,23,88
0,p19396,96,21
0,p19397,70,67
0,p19398,86,52
0,p19399,40,12
0,p19400,84,67
0,p19401,58,72
0,p19402,97,76
0,p19403,2,5
0,p19404,3,27
0,p19405,55,9
0,p19406,7,77
0,p19407,71,20
0,p19408,80,32
0,p19409,21,12
0,p19410,41,57
0,p19411,67,41
0,p19412,2,28
0,p19413,5,82
0,p19414,70,58
0,p19415,46,93
0,p19416,8,75
0,p19417,66,89
0,p19418,100,76
0,p19419,95,61
0,p19420,55,66
0,p19421,73,62
0,p19422,67,94
0,p19423,62,90
0,p19424,27,43
0,p19425,3,21
0,p19426,93,6
0,p19427,64,78
0,p19428,89,43
0,p19429,27,34
0,p19430,69,79
0,p19431,12,50
0,p19432,38,85
0,p19433,57,9
0,p19434,17,20
0,p19435,58,13
0,p19436,27,82
0,p19437,73,37
0,p19438,45,96
0,p19439,73,91
0,p19440,44,63
0,p19441,45,51
0,p19442,95,11
0,p19443,47,90
0,p19444,71,34
0,p19445,56,12
0,p19446,92,45
0,p19447,87,7
0,p19448,84,45
0,p19449,52,54
0,p19450,23,13
0,p19451,70,55
0,p19452,11,54
0,p19453,14,84
0,p19454,53,48
0,p19455,87,67
0,p19456,42,31
0,p19457,45,18
0,p19458,3,19
0,p19459,94,14
0,p19460,97,39
0,p19461,97,74
0,p19462,70,63
0,p19463,56,22
0,p19464,92,72
0,p19465,59,39
0,p19466,11,73
0,p19467,30,35
0,p19468,89,15
0,p19469,82,19
0,p19470,47,58
0,p19471,4,99
0,p19472,88,29
0,p19473,3,21
0,p19474,21,70
0,p19475,1,100
0,p19476,69,97
0,p19477,39,41
0,p19478,11,86
0,p19479,30,13
0,p19480,45,38
0,p19481,5,30
0,p19482,84,61
0,p19483,46,65
0,p19484,90,49
0,p19485,92,12
0,p19486,24,1
0,p19487,53,65
0,p19488,8,34
0,p19489,90,38
0,p19490,54,51
0,p19491,55,25
0,p19492,77,81
0,p19493,94,37
0,p19494,88,62
0,p19495,75,52
0,p19496,5,2
0,p19497,78,21
0,p19498,8,9
0,p19499,38,42
0,p19500,42,96
0,p19501,9,57
0,p19502,79,34
0,p19503,67,50
0,p19504,11,32
0,p19505,22,21
0,p19506,70,16
0,p19507,66,64
0,p19508,53,25
0,p19509,75,49
0,p19510,22,37
0,p19511,75,77
0,p19512,43,11
0,p19513,96,92
0,p19514,41,35
0,p19515,23,7
0,p19516,19,75
0,p19517,97,14
0,p19518,73,1
0,p19519,69,7
0,p19520,80,47
0,p19521,3,7
0,p19522,32,72
0,p19523,61,82
0,p19524,27,1
0,p19525,27,31
0,p19526,14,47
0,p19527,20,64
0,p19528,32,100
0,p19529,80,96
0,p19530,73,65
0,p19531,78,53
0,p19532,60,50
0,p19533,100,88
0,p19534,37,99
0,p19535,67,81
0,p19536,21,78
0,p19537,97,60
0,p19538,78,79
0,p19539,50,86
0,p19540,76,44
0,p19541,73,19
0,p19542,66,76
0,p19543,39,11
0,p19544,55,47
0,p19545,32,38
0,p19546,39,60
0,p19547,72,89
0,p19548,28,32
0,p19549,7,91
0,p19550,100,40
0,p19551,62,27
0,p19552,12,34
0,p19553,76,85
0,p19554,78,60
0,p19555,45,25
0,p19556,12,79
0,p19557,83,34
0,p19558,72,88
0,p19559,82,40
0,p19560,78,73
0,p19561,35,80
0,p19562,1,27
0,p19563,90,59
0,p19564,26,62
0,p19565,42,100
0,p19566,13,1
0,p19567,71,33
0,p19568,47,97
0,p19569,47,53
0,p19570,39,72
0,p19571,16,4
0,p19572,69,97
0,p19573,24,8
0,p19574,17,75
0,p19575,59,46
0,p19576,62,83
0,p19577,83,4
0,p19578,52,19
0,p19579,61,6
0,p19580,49,100
0,p19581,77,54
0,p19582,44,75
0,p19583,49,31
0,p19584,98,70
0,p19585,49,2
0,p19586,36,76
0,p19587,8,48
0,p19588,46,55
0,p19589,15,84
0,p19590,70,95
0,p19591,28,78
0,p19592,37,59
0,p19593,84,63
0,p19594,89,52
0,p19595,11,66
0,p19596,95,65
0,p19597,28,18
0,p19598,45,60
0,p19599,20,14
0,p19600,48,83
0,p19601,1,19
0,p19602,75,76
0,p19603,66,89
0,p19604,33,97
0,p19605,47,65
0,p19606,49,29
0,p19607,8,69
0,p19608,11,74
0,p19609,22,23
0,p19610,37,34
0,p19611,71,12
0,p19612,97,71
0,p19613,80,52
0,p19614,55,17
0,p19615,40,82
0,p19616,63,35
0,p19617,9,60
0,p19618,50,68
0,p19619,45,46
0,p19620,65,6
0,p19621,87,21
0,p19622,10,56
0,p19623,82,65
0,p19624,7,28
0,p19625,19,28
0,p19626,33,69
0,p19627,20,21
0,p19628,38,1
0,p19629,75,77
0,p19630,4,9
0,p19631,37,61
0,p19632,88,9
0,p19633,95,8
0,p19634,39,97
0,p19635,65,89
0,p19636,3,53
0,p19637,21,24
0,p19638,4,60
0,p19639,99,45
0,p19640,24,31
0,p19641,60,40
0,p19642,68,72
0,p19643,4,59
0,p19644,47,42
0,p19645,29,36
0,p19646,33,18
0,p19647,91,100
0,p19648,71,83
0,p19649,50,2
0,p19650,38,72
0,p19651,67,7
0,p19652,71,23
0,p19653,95,50
0,p19654,71,52
0,p19655,9,53
0,p19656,17,58
0,p19657,29,52
0,p19658,57,31
0,p19659,50,21
0,p19660,11,92
0,p19661,70,69
0,p19662,6,9
0,p19663,5,22
0,p19664,4,95
0,p19665,69,61
0,p19666,52,34
0,p19667,48,75
0,p19668,47,89
0,p19669,65,39
0,p19670,63,68
0,p19671,64,43
0,p19672,42,4
0,p19673,55,22
0,p19674,18,67
0,p19675,35,31
0,p19676,73,38
0,p19677,16,91
0,p19678,82,56
0,p19679,5,1
0,p19680,65,97
0,p19681,90,26
0,p19682,86,3
0,p19683,58,16
0,p19684,97,76
0,p19685,85,38
0,p19686,40,35
0,p19687,95,48
0,p19688,7,40
0,p19689,77,72
0,p19690,94,7
0,p19691,62,90
0,p19692,85,25
0,p19693,71,86
0,p19694,72,96
0,p19695,80,17
0,p19696,7,83
0,p19697,55,48
0,p19698,52,92
0,p19699,58,67
0,p19700,79,87
0,p19701,85,37
0,p19702,10,85
0,p19703,6,84
0,p19704,56,17
0,p19705,22,97
0,p19706,14,72
0,p19707,79,26
0,p19708,2,24
0,p19709,19,28
0,p19710,14,59
0,p19711,41,26
0,p19712,24,25
0,p19713,12,60
0,p19714,10,66
0,p19715,1,62
0,p19716,44,58
0,p19717,38,84
0,p19718,40,16
0,p19719,80,1
0,p19720,82,22
0,p19721,6,77
0,p19722,7,39
0,p19723,17,88
0,p19724,66,11
0,p19725,98,51
0,p19726,57,77
0,p19727,57,69
0,p19728,95,57
0,p19729,99,74
0,p19730,6,46
0,p19731,62,65
0,p19732,64,75
0,p19733,95,72
0,p19734,58,62
0,p19735,34,84
0,p19736,31,64
0,p19737,76,2
0,p19738,35,7
0,p19739,85,31
0,p19740,44,74
0,p19741,35,39
0,p19742,63,37
0,p19743,49,31
0,p19744,25,1
0,p19745,35,97
0,p19746,24,84
0,p19747,27,9
0,p19748,61,21
0,p19749,34,100
0,p19750,72,12
0,p19751,62,44
0,p19752,26,73
0,p19753,94,93
0,p19754,52,36
0,p19755,43,21
0,p19756,69,11
0,p19757,13,61
0,p19758,60,68
0,p19759,23,46
0,p19760,30,84
0,p19761,57,76
0,p19762,7,71
0,p19763,94,65
0,p19764,59,94
0,p19765,58,63
0,p19766,7,67
0,p19767,91,40
0,p19768,12,84
0,p19769,7,47
0,p19770,87,78
0,p19771,63,45
0,p19772,63,98
0,p19773,100,79
0,p19774,40,42
0,p19775,4,75
0,p19776,56,16
0,p19777,65,41
0,p19778,2,4
0,p19779,39,50
0,p19780,39,77
0,p19781,14,20
0,p19782,39,61
0,p19783,5,85
0,p19784,90,59
0,p19785,100,85
0,p19786,33,78
0,p19787,22,88
0,p19788,11,97
0,p19789,84,28
0,p19790,62,97
0,p19791,58,22
0,p19792,21,93
0,p19793,20,35
0,p19794,99,72
0,p19795,35,20
0,p19796,91,56
0,p19797,48,85
0,p19798,73,80
0,p19799,79,54
0,p19800,68,25
0,p19801,34,74
0,p19802,45,6
0,p19803,52,64
0,p19804,81,55
0,p19805,83,98
0,p19806,13,97
0,p19807,49,79
0,p19808,99,84
0,p19809,92,8
0,p19810,75,78
0,p19811,33,62
0,p19812,45,94
0,p19813,26,81
0,p19814,30,31
0,p19815,81,1
0,p19816,29,37
0,p19817,36,85
0,p19818,79,91
0,p19819,21,7
0,p19820,52,95
0,p19821,62,66
0,p19822,69,48
0,p19823,46,81
0,p19824,92,94
0,p19825,30,46
0,p19826,100,47
0,p19827,42,5
0,p19828,2,39
0,p19829,99,27
0,p19830,6,36
0,p19831,22,51
0,p19832,54,59
0,p19833,86,37
0,p19834,70,3
0,p19835,35,5
0,p19836,86,33
0,p19837,57,8
0,p19838,38,98
0,p19839,62,45
0,p19840,73,6
0,p19841,93,4
0,p19842,1,71
0,p19843,45,37
0,p19844,55,45
0,p19845,5,35
0,p19846,48,91
0,p19847,13,69
0,p19848,54,30
0,p19849,63,39
0,p19850,59,53
0,p19851,84,48
0,p19852,40,8
0,p19853,17,54
0,p19854,12,1
0,p19855,54,85
0,p19856,12,96
0,p19857,24,22
0,p19858,12,15
0,p19859,80,9
0,p19860,54,42
0,p19861,12,24
0,p19862,33,5
0,p19863,84,12
0,p19864,59,16
0,p19865,1,94
0,p19866,87,60
0,p19867,18,6
0,p19868,5,61
0,p19869,7,31
0,p19870,10,54
0,p19871,97,5
0,p19872,15,86
0,p19873,39,43
0,p19874,4,87
0,p19875,28,49
0,p19876,10,91
0,p19877,2,26
0,p19878,51,24
0,p19879,12,16
0,p19880,69,4
0,p19881,72,65
0,p19882,25,15
0,p19883,4,3
0,p19884,85,55
0,p19885,66,62
0,p19886,13,65
0,p19887,60,81
0,p19888,86,51
0,p19889,42,9
0,p19890,9,84
0,p19891,49,50
0,p19892,31,49
0,p19893,28,22
0,p19894,13,45
0,p19895,36,11
0,p19896,100,3
0,p19897,43,68
0,p19898,64,96
0,p19899,72,19
0,p19900,59,61
0,p19901,72,26
0,p19902,16,18
0,p19903,56,97
0,p19904,35,92
0,p19905,60,21
0,p19906,73,20
0,p19907,22,54
0,p19908,20,8
0,p19909,69,24
0,p19910,97,54
0,p19911,1,79
0,p19912,8,89
0,p19913,83,52
0,p19914,16,43
0,p19915,91,13
0,p19916,1,17
0,p19917,95,9
0,p19918,50,86
0,p19919,3,2
0,p19920,4,1
0,p19921,17,60
0,p19922,3,19
0,p19923,23,27
0,p19924,11,94
0,p19925,81,35
0,p19926,95,74
0,p19927,21,60
0,p19928,14,88
0,p19929,47,51
0,p19930,75,93
0,p19931,63,7
0,p19932,32,31
0,p19933,38,98
0,p19934,47,14
0,p19935,87,41
0,p19936,37,79
0,p19937,95,67
0,p19938,75,17
0,p19939,35,31
0,p19940,88,8
0,p19941,84,22
0,p19942,32,2
0,p19943,48,7
0,p19944,8,34
0,p19945,86,38
0,p19946,34,59
0,p19947,37,21
0,p19948,3,13
0,p19949,87,95
0,p19950,94,32
0,p19951,41,68
0,p19952,1,12
0,p19953,10,50
0,p19954,14,64
0,p19955,48,29
0,p19956,43,1
0,p19957,40,13
0,p19958,79,73
0,p19959,95,26
0,p19960,97,52
0,p19961,55,96
0,p19962,4,36
0,p19963,12,54
0,p19964,35,58
0,p19965,25,86
0,p19966,71,28
0,p19967,77,89
0,p19968,54,60
0,p19969,68,53
0,p19970,94,16
0,p19971,73,69
0,p19972,23,80
0,p19973,12,64
0,p19974,16,35
0,p19975,95,1
0,p19976,19,29
0,p19977,88,5
0,p19978,88,46
0,p19979,10,44
0,p19980,84,11
0,p19981,53,72
0,p19982,41,25
0,p19983,96,4
0,p19984,58,31
0,p19985,79,65
0,p19986,91,71
0,p19987,68,52
0,p19988,30,79
0,p19989,21,2
0,p19990,62,17
0,p19991,50,99
0,p19992,70,89
0,p19993,51,93
0,p19994,52,42
0,p19995,76,64
0,p19996,81,78
0,p19997,79,92
0,p19998,24,36
0,p19999,38,65
