time,id,source,dest
0,p0,47,16
2,p1,26,82
3,p2,73,20
5,p3,65,54
7,p4,20,31
9,p5,15,1
11,p6,89,55
12,p7,69,2
15,p8,85,49
17,p9,79,21
19,p10,79,10
22,p11,69,12
25,p12,87,46
27,p13,29,48
29,p14,47,52
31,p15,52,1
34,p16,8,74
37,p17,37,42
40,p18,40,82
43,p19,78,34
46,p20,91,7
49,p21,29,26
51,p22,98,53
52,p23,42,5
54,p24,79,44
55,p25,82,68
56,p26,20,78
59,p27,74,25
60,p28,34,52
61,p29,61,81
62,p30,38,24
63,p31,16,75
66,p32,49,91
67,p33,80,58
69,p34,84,9
71,p35,46,13
74,p36,16,19
75,p37,45,82
77,p38,76,92
80,p39,73,11
83,p40,21,5
86,p41,38,18
87,p42,43,33
88,p43,81,95
91,p44,23,22
94,p45,52,24
96,p46,18,40
99,p47,6,68
100,p48,88,93
101,p49,63,55
104,p50,14,2
105,p51,54,28
108,p52,20,16
111,p53,22,39
112,p54,94,12
115,p55,11,2
117,p56,42,15
118,p57,60,65
121,p58,11,41
122,p59,59,67
123,p60,91,32
126,p61,11,42
128,p62,100,77
129,p63,47,68
130,p64,76,43
131,p65,32,92
132,p66,3,81
133,p67,19,3
136,p68,96,52
139,p69,2,23
142,p70,65,100
144,p71,44,39
145,p72,92,83
146,p73,40,70
148,p74,11,95
150,p75,78,5
151,p76,36,67
153,p77,4,24
156,p78,78,60
158,p79,72,100
161,p80,59,10
163,p81,67,17
166,p82,45,51
167,p83,49,77
168,p84,39,93
170,p85,99,27
172,p86,45,25
174,p87,22,60
176,p88,97,3
178,p89,24,28
180,p90,17,11
181,p91,48,96
182,p92,85,28
184,p93,32,41
186,p94,17,24
187,p95,49,6
188,p96,9,48
191,p97,95,56
192,p98,61,57
194,p99,10,49
195,p100,5,11
197,p101,17,3
199,p102,33,49
201,p103,36,71
202,p104,75,70
205,p105,30,37
207,p106,5,74
208,p107,1,76
210,p108,1,99
212,p109,17,19
214,p110,98,97
217,p111,23,16
219,p112,5,55
221,p113,15,3
223,p114,30,48
225,p115,68,96
227,p116,15,19
229,p117,71,13
231,p118,91,61
232,p119,1,91
235,p120,26,58
236,p121,95,29
239,p122,5,27
240,p123,54,72
241,p124,9,21
244,p125,44,56
246,p126,1,49
247,p127,7,2
249,p128,11,68
251,p129,88,77
252,p130,89,42
254,p131,19,33
256,p132,52,7
259,p133,75,83
262,p134,39,64
263,p135,25,78
264,p136,98,2
265,p137,100,64
266,p138,4,85
267,p139,46,18
270,p140,55,85
273,p141,77,97
276,p142,59,66
278,p143,52,18
279,p144,76,81
281,p145,17,92
284,p146,75,80
285,p147,24,11
288,p148,8,39
289,p149,90,2
291,p150,8,64
292,p151,67,43
293,p152,4,27
296,p153,46,22
297,p154,42,64
298,p155,1,93
300,p156,30,66
303,p157,82,29
305,p158,27,16
307,p159,80,90
310,p160,62,51
311,p161,10,15
314,p162,11,21
315,p163,86,100
317,p164,9,74
320,p165,84,60
321,p166,29,98
322,p167,64,35
323,p168,50,92
326,p169,44,31
328,p170,40,13
330,p171,82,76
333,p172,42,3
334,p173,36,13
335,p174,64,9
338,p175,48,54
339,p176,42,52
340,p177,100,81
341,p178,54,94
344,p179,87,23
347,p180,8,95
349,p181,66,29
350,p182,79,50
351,p183,11,76
352,p184,48,70
355,p185,64,70
358,p186,67,71
359,p187,2,37
361,p188,59,55
362,p189,39,58
365,p190,79,100
367,p191,50,36
370,p192,87,67
373,p193,48,49
376,p194,38,9
379,p195,53,11
381,p196,36,43
384,p197,49,35
387,p198,3,38
390,p199,6,10
391,p200,24,91
392,p201,84,65
393,p202,46,30
395,p203,23,73
396,p204,51,80
397,p205,97,59
398,p206,98,66
400,p207,28,90
403,p208,71,58
406,p209,67,91
407,p210,97,21
409,p211,3,58
410,p212,50,70
411,p213,74,91
413,p214,82,67
414,p215,22,13
415,p216,48,37
416,p217,9,48
417,p218,82,44
418,p219,10,86
420,p220,60,20
423,p221,92,40
425,p222,64,6
427,p223,11,20
428,p224,20,98
431,p225,5,87
433,p226,64,72
435,p227,27,94
438,p228,25,42
441,p229,47,80
443,p230,25,100
445,p231,66,6
446,p232,65,70
447,p233,69,19
449,p234,57,97
451,p235,70,55
454,p236,39,59
457,p237,54,31
460,p238,52,84
462,p239,55,40
464,p240,23,85
467,p241,3,77
469,p242,26,92
470,p243,51,27
473,p244,51,50
476,p245,93,48
478,p246,5,30
481,p247,63,67
484,p248,30,84
487,p249,35,39
490,p250,92,72
493,p251,81,96
494,p252,89,90
497,p253,62,17
500,p254,54,81
503,p255,67,50
506,p256,3,52
509,p257,22,39
510,p258,22,59
511,p259,12,90
513,p260,19,11
516,p261,45,17
519,p262,44,74
520,p263,82,49
522,p264,39,12
525,p265,43,31
528,p266,5,98
529,p267,10,82
530,p268,36,63
531,p269,13,8
533,p270,54,55
534,p271,27,20
537,p272,23,19
540,p273,46,43
542,p274,16,68
543,p275,11,40
546,p276,75,78
548,p277,4,85
549,p278,74,45
551,p279,52,61
553,p280,3,14
555,p281,15,17
556,p282,42,79
559,p283,41,7
560,p284,20,30
563,p285,90,13
565,p286,13,91
566,p287,47,48
569,p288,97,33
570,p289,38,40
571,p290,70,47
572,p291,75,43
575,p292,71,18
576,p293,53,97
579,p294,52,20
581,p295,66,13
582,p296,7,81
584,p297,65,73
586,p298,75,3
587,p299,75,23
589,p300,97,46
591,p301,71,68
593,p302,89,87
594,p303,59,68
597,p304,64,98
600,p305,36,54
603,p306,96,72
606,p307,62,73
609,p308,93,12
610,p309,89,7
612,p310,82,52
613,p311,70,43
614,p312,75,26
616,p313,49,94
617,p314,1,31
618,p315,20,50
620,p316,46,20
621,p317,89,24
624,p318,10,70
625,p319,63,53
626,p320,45,11
628,p321,53,65
630,p322,30,87
632,p323,54,94
634,p324,5,12
635,p325,23,97
638,p326,9,79
639,p327,44,41
642,p328,33,39
643,p329,65,10
646,p330,88,18
649,p331,6,50
650,p332,45,88
651,p333,95,34
652,p334,33,100
654,p335,21,13
656,p336,62,57
659,p337,73,20
661,p338,87,65
662,p339,7,58
665,p340,51,26
668,p341,66,2
670,p342,65,89
673,p343,88,55
676,p344,12,56
678,p345,76,70
680,p346,17,42
683,p347,17,97
685,p348,97,41
687,p349,26,68
689,p350,67,58
692,p351,27,84
693,p352,33,43
694,p353,68,56
697,p354,17,96
698,p355,15,62
700,p356,96,14
701,p357,66,38
704,p358,45,66
705,p359,26,48
707,p360,30,99
708,p361,18,92
710,p362,84,56
711,p363,43,61
714,p364,69,49
716,p365,2,28
717,p366,77,99
720,p367,71,92
723,p368,29,67
724,p369,81,47
726,p370,6,54
727,p371,57,25
728,p372,72,3
729,p373,2,86
732,p374,86,95
733,p375,32,54
735,p376,70,87
736,p377,91,4
738,p378,15,49
739,p379,5,80
740,p380,27,44
742,p381,71,62
744,p382,12,31
745,p383,30,41
747,p384,71,72
750,p385,33,99
752,p386,72,9
755,p387,27,97
758,p388,67,76
759,p389,29,13
760,p390,8,57
761,p391,60,63
764,p392,17,76
766,p393,38,17
767,p394,70,31
769,p395,80,74
770,p396,3,99
773,p397,96,38
775,p398,62,38
776,p399,1,88
779,p400,17,6
780,p401,85,48
782,p402,79,24
784,p403,100,19
785,p404,84,8
786,p405,93,76
789,p406,2,26
792,p407,89,65
794,p408,77,82
796,p409,63,92
799,p410,8,10
802,p411,70,71
804,p412,30,67
805,p413,34,79
806,p414,70,19
807,p415,41,10
808,p416,43,68
810,p417,42,3
813,p418,10,73
814,p419,6,60
817,p420,53,36
818,p421,17,39
821,p422,54,75
824,p423,27,51
826,p424,87,95
828,p425,83,93
830,p426,60,14
832,p427,18,37
835,p428,14,9
838,p429,61,84
839,p430,80,97
840,p431,45,86
842,p432,5,42
844,p433,44,41
846,p434,16,40
848,p435,62,98
850,p436,61,59
852,p437,25,74
855,p438,92,98
857,p439,94,93
860,p440,64,63
862,p441,49,1
863,p442,22,81
866,p443,3,79
867,p444,5,53
869,p445,44,64
870,p446,73,57
871,p447,38,3
873,p448,57,55
876,p449,44,80
879,p450,48,8
882,p451,83,1
885,p452,81,40
887,p453,72,39
889,p454,39,51
890,p455,30,83
891,p456,39,95
894,p457,94,99
895,p458,92,26
897,p459,34,77
900,p460,77,78
903,p461,5,2
905,p462,10,17
906,p463,6,20
907,p464,32,100
910,p465,2,78
912,p466,8,89
913,p467,21,81
914,p468,14,54
915,p469,29,77
918,p470,26,13
920,p471,79,20
923,p472,40,25
925,p473,47,80
927,p474,87,76
928,p475,80,72
930,p476,62,18
933,p477,100,28
934,p478,30,95
935,p479,64,35
937,p480,70,73
938,p481,13,6
939,p482,19,70
942,p483,77,20
945,p484,78,91
946,p485,42,48
947,p486,4,34
950,p487,85,79
952,p488,36,58
954,p489,31,75
956,p490,30,90
959,p491,25,6
961,p492,84,80
963,p493,7,17
966,p494,70,36
969,p495,61,74
971,p496,32,72
973,p497,76,68
974,p498,36,79
976,p499,5,44
978,p500,22,36
979,p501,23,3
982,p502,35,89
985,p503,47,72
986,p504,68,40
988,p505,22,33
991,p506,43,37
992,p507,97,81
995,p508,17,97
998,p509,3,41
999,p510,89,77
1001,p511,90,51
1004,p512,57,8
1005,p513,10,6
1007,p514,12,70
1008,p515,90,85
1009,p516,9,64
1010,p517,1,56
1012,p518,83,96
1013,p519,87,52
1015,p520,59,63
1016,p521,13,39
1018,p522,81,40
1021,p523,23,77
1023,p524,67,54
1026,p525,94,10
1027,p526,96,33
1029,p527,51,85
1030,p528,35,26
1032,p529,19,81
1035,p530,27,76
1036,p531,27,62
1038,p532,11,54
1039,p533,15,93
1040,p534,62,74
1041,p535,69,57
1042,p536,62,21
1045,p537,55,9
1048,p538,92,62
1049,p539,8,52
1052,p540,79,57
1053,p541,43,77
1055,p542,97,30
1057,p543,48,53
1058,p544,46,22
1061,p545,21,60
1064,p546,86,11
1066,p547,55,90
1067,p548,33,80
1069,p549,85,72
1070,p550,2,32
1073,p551,68,82
1074,p552,100,34
1077,p553,40,6
1080,p554,83,72
1082,p555,50,75
1084,p556,89,33
1086,p557,80,30
1089,p558,41,15
1090,p559,23,24
1092,p560,94,4
1094,p561,11,27
1096,p562,44,87
1099,p563,46,92
1101,p564,83,63
1102,p565,54,98
1104,p566,34,63
1107,p567,84,61
1110,p568,83,95
1111,p569,88,20
1112,p570,20,23
1114,p571,72,21
1117,p572,9,33
1118,p573,80,42
1120,p574,41,94
1123,p575,19,44
1126,p576,70,77
1128,p577,17,59
1129,p578,86,64
1130,p579,63,86
1132,p580,31,70
1135,p581,85,82
1138,p582,19,76
1141,p583,93,14
1143,p584,88,70
1145,p585,17,98
1147,p586,50,75
1148,p587,7,57
1149,p588,24,94
1150,p589,17,53
1153,p590,35,84
1154,p591,19,23
1157,p592,36,21
1158,p593,52,41
1159,p594,94,45
1161,p595,72,90
1164,p596,71,78
1166,p597,9,33
1168,p598,45,10
1170,p599,10,27
1173,p600,28,51
1175,p601,33,80
1178,p602,2,83
1179,p603,27,65
1181,p604,24,63
1184,p605,4,59
1187,p606,85,13
1190,p607,51,94
1192,p608,88,1
1195,p609,37,62
1196,p610,72,35
1197,p611,66,58
1198,p612,15,56
1200,p613,54,93
1203,p614,8,76
1206,p615,31,7
1208,p616,80,22
1210,p617,83,20
1211,p618,80,50
1214,p619,70,68
1217,p620,69,81
1219,p621,5,21
1221,p622,90,68
1222,p623,92,47
1223,p624,50,1
1226,p625,22,17
1227,p626,71,84
1228,p627,59,98
1230,p628,36,91
1231,p629,54,49
1233,p630,17,40
1236,p631,27,19
1237,p632,27,70
1238,p633,73,71
1240,p634,25,66
1242,p635,78,87
1243,p636,45,23
1244,p637,71,51
1247,p638,35,85
1249,p639,32,15
1251,p640,47,24
1252,p641,25,39
1254,p642,17,42
1257,p643,51,99
1258,p644,83,66
1259,p645,3,88
1262,p646,71,59
1263,p647,46,1
1265,p648,5,50
1266,p649,10,93
1267,p650,30,37
1269,p651,85,26
1272,p652,6,30
1275,p653,53,10
1276,p654,20,84
1279,p655,13,42
1280,p656,46,98
1281,p657,16,71
1284,p658,25,65
1285,p659,98,43
1287,p660,39,82
1289,p661,36,30
1292,p662,8,74
1293,p663,97,51
1294,p664,97,28
1295,p665,78,83
1297,p666,68,30
1300,p667,31,33
1301,p668,3,1
1302,p669,56,31
1303,p670,32,9
1305,p671,96,67
1307,p672,76,66
1308,p673,6,3
1310,p674,68,20
1311,p675,64,7
1313,p676,73,43
1314,p677,92,79
1316,p678,58,81
1318,p679,23,77
1319,p680,6,33
1321,p681,95,11
1323,p682,97,70
1326,p683,74,13
1329,p684,44,88
1332,p685,70,84
1333,p686,77,49
1334,p687,28,42
1335,p688,95,75
1338,p689,83,7
1341,p690,94,66
1343,p691,17,66
1346,p692,48,43
1347,p693,65,80
1348,p694,31,18
1349,p695,73,65
1352,p696,22,33
1354,p697,86,20
1357,p698,91,82
1358,p699,83,18
1360,p700,68,99
1363,p701,58,60
1365,p702,64,87
1367,p703,28,71
1369,p704,49,13
1370,p705,42,18
1371,p706,11,77
1372,p707,53,19
1374,p708,30,76
1377,p709,93,57
1380,p710,71,76
1381,p711,86,84
1382,p712,85,93
1384,p713,91,56
1386,p714,91,54
1387,p715,58,68
1388,p716,81,57
1389,p717,8,12
1390,p718,89,51
1393,p719,60,97
1396,p720,46,25
1399,p721,100,10
1401,p722,59,22
1404,p723,15,80
1407,p724,97,12
1409,p725,12,96
1411,p726,37,1
1412,p727,69,42
1413,p728,81,13
1416,p729,17,87
1418,p730,46,6
1421,p731,35,3
1424,p732,87,96
1425,p733,43,88
1426,p734,91,85
1428,p735,21,88
1431,p736,78,17
1434,p737,19,13
1437,p738,88,2
1439,p739,67,27
1442,p740,8,66
1444,p741,77,81
1446,p742,23,9
1449,p743,96,23
1450,p744,61,99
1452,p745,12,91
1455,p746,25,4
1458,p747,69,96
1461,p748,72,2
1462,p749,67,83
1465,p750,86,5
1466,p751,22,21
1467,p752,31,80
1469,p753,19,36
1472,p754,40,35
1473,p755,91,72
1476,p756,70,39
1479,p757,83,3
1480,p758,32,76
1481,p759,44,72
1484,p760,53,91
1486,p761,86,78
1489,p762,86,10
1490,p763,38,87
1491,p764,66,68
1492,p765,78,13
1493,p766,17,43
1496,p767,41,55
1499,p768,100,87
1502,p769,23,57
1505,p770,88,65
1508,p771,9,15
1509,p772,81,57
1511,p773,82,49
1514,p774,81,29
1517,p775,95,42
1520,p776,29,49
1521,p777,59,38
1522,p778,93,79
1525,p779,20,66
1527,p780,23,45
1528,p781,95,58
1530,p782,52,6
1533,p783,50,80
1534,p784,84,77
1537,p785,76,48
1540,p786,45,13
1543,p787,47,64
1544,p788,1,39
1546,p789,60,20
1549,p790,29,20
1551,p791,98,8
1554,p792,72,17
1556,p793,25,34
1558,p794,37,82
1559,p795,82,5
1560,p796,45,97
1562,p797,9,30
1564,p798,2,56
1566,p799,74,93
1569,p800,28,12
1570,p801,43,21
1573,p802,86,23
1576,p803,90,71
1579,p804,60,98
1581,p805,49,47
1584,p806,100,91
1587,p807,82,25
1588,p808,74,66
1590,p809,18,100
1592,p810,22,69
1594,p811,30,79
1596,p812,24,30
1598,p813,49,21
1601,p814,12,44
1602,p815,69,6
1605,p816,51,34
1607,p817,29,93
1608,p818,63,8
1609,p819,70,89
1610,p820,61,22
1613,p821,80,64
1615,p822,61,77
1618,p823,78,11
1621,p824,25,91
1622,p825,74,7
1625,p826,32,78
1627,p827,14,12
1630,p828,2,88
1631,p829,69,84
1632,p830,10,82
1635,p831,12,49
1638,p832,2,60
1640,p833,29,5
1642,p834,24,99
1645,p835,32,54
1647,p836,61,42
1649,p837,11,64
1652,p838,56,57
1654,p839,58,87
1656,p840,72,9
1658,p841,48,35
1661,p842,44,82
1662,p843,75,48
1665,p844,84,64
1666,p845,62,71
1668,p846,18,12
1669,p847,70,60
1672,p848,81,74
1673,p849,20,30
1674,p850,70,48
1677,p851,5,100
1680,p852,90,76
1681,p853,95,86
1682,p854,95,90
1683,p855,72,67
1685,p856,21,78
1686,p857,56,86
1687,p858,88,58
1690,p859,19,26
1692,p860,58,56
1695,p861,44,2
1698,p862,19,7
1699,p863,63,67
1700,p864,44,38
1701,p865,47,9
1704,p866,42,59
1705,p867,72,86
1706,p868,64,55
1708,p869,39,27
1709,p870,52,25
1711,p871,28,41
1712,p872,86,25
1713,p873,1,40
1714,p874,43,85
1717,p875,86,81
1720,p876,7,77
1722,p877,54,13
1724,p878,79,5
1727,p879,75,39
1730,p880,73,50
1733,p881,85,91
1735,p882,41,2
1736,p883,77,98
1737,p884,44,70
1738,p885,55,20
1739,p886,50,49
1742,p887,93,80
1744,p888,44,20
1746,p889,68,13
1747,p890,57,67
1749,p891,58,12
1752,p892,9,49
1754,p893,56,48
1755,p894,23,72
1757,p895,99,52
1760,p896,35,88
1761,p897,99,11
1764,p898,56,7
1767,p899,84,86
1768,p900,44,9
1769,p901,72,84
1771,p902,51,21
1772,p903,84,18
1774,p904,45,15
1777,p905,31,21
1780,p906,23,11
1783,p907,12,62
1785,p908,61,79
1787,p909,56,35
1790,p910,100,45
1793,p911,22,6
1794,p912,98,36
1796,p913,4,85
1797,p914,25,20
1800,p915,86,52
1802,p916,95,42
1803,p917,69,74
1805,p918,32,93
1808,p919,99,67
1811,p920,31,7
1812,p921,39,71
1814,p922,8,64
1817,p923,88,21
1818,p924,83,51
1819,p925,79,65
1820,p926,17,76
1821,p927,48,90
1823,p928,86,2
1824,p929,47,27
1827,p930,65,86
1829,p931,24,52
1830,p932,61,73
1832,p933,72,80
1834,p934,65,26
1835,p935,14,92
1838,p936,84,98
1841,p937,98,37
1843,p938,42,55
1845,p939,57,84
1847,p940,39,62
1849,p941,25,48
1850,p942,48,22
1852,p943,63,92
1855,p944,78,52
1857,p945,38,66
1859,p946,73,78
1861,p947,54,9
1863,p948,9,3
1865,p949,62,86
1868,p950,30,16
1870,p951,100,83
1871,p952,47,64
1872,p953,1,30
1874,p954,40,22
1877,p955,67,7
1878,p956,76,37
1881,p957,5,69
1883,p958,74,60
1885,p959,16,72
1888,p960,37,8
1891,p961,56,25
1893,p962,59,33
1896,p963,72,5
1898,p964,31,78
1900,p965,27,92
1902,p966,31,47
1904,p967,15,53
1905,p968,89,73
1906,p969,58,66
1909,p970,62,63
1910,p971,81,6
1911,p972,41,24
1912,p973,92,64
1915,p974,4,49
1917,p975,67,95
1920,p976,68,7
1923,p977,57,85
1926,p978,3,100
1927,p979,17,88
1929,p980,79,76
1932,p981,38,18
1935,p982,48,12
1937,p983,75,54
1940,p984,61,78
1942,p985,89,48
1945,p986,18,62
1947,p987,24,1
1948,p988,11,85
1951,p989,89,69
1952,p990,22,25
1953,p991,2,5
1955,p992,19,82
1956,p993,4,13
1957,p994,51,7
1960,p995,43,40
1961,p996,70,37
1963,p997,45,53
1965,p998,31,4
1967,p999,61,98
1970,p1000,55,84
1972,p1001,37,41
1975,p1002,3,65
1978,p1003,96,17
1980,p1004,6,68
1983,p1005,49,30
1986,p1006,33,64
1988,p1007,55,15
1990,p1008,74,70
1993,p1009,44,30
1996,p1010,43,19
1997,p1011,37,64
2000,p1012,7,75
2001,p1013,53,96
2003,p1014,81,82
2005,p1015,99,80
2008,p1016,64,56
2010,p1017,20,8
2011,p1018,89,2
2014,p1019,32,86
2017,p1020,37,55
2019,p1021,14,37
2021,p1022,5,7
2022,p1023,88,41
2023,p1024,28,8
2025,p1025,66,51
2026,p1026,63,27
2029,p1027,96,15
2030,p1028,40,88
2033,p1029,45,15
2035,p1030,82,93
2036,p1031,86,11
2039,p1032,28,60
2042,p1033,49,50
2044,p1034,39,14
2046,p1035,92,84
2047,p1036,78,24
2050,p1037,48,90
2053,p1038,57,84
2055,p1039,80,26
2056,p1040,31,40
2057,p1041,94,24
2058,p1042,65,70
2060,p1043,13,71
2062,p1044,64,80
2065,p1045,23,93
2066,p1046,99,90
2067,p1047,97,34
2068,p1048,12,40
2069,p1049,66,1
2070,p1050,39,45
2071,p1051,34,20
2074,p1052,97,5
2076,p1053,18,3
2079,p1054,13,62
2080,p1055,78,8
2082,p1056,40,29
2083,p1057,37,55
2084,p1058,46,79
2085,p1059,66,3
2087,p1060,70,48
2090,p1061,92,72
2092,p1062,15,68
2094,p1063,52,40
2096,p1064,93,15
2097,p1065,54,63
2098,p1066,52,80
2101,p1067,67,23
2103,p1068,68,94
2104,p1069,85,72
2106,p1070,51,73
2107,p1071,98,97
2108,p1072,3,42
2110,p1073,98,74
2112,p1074,24,30
2113,p1075,88,69
2115,p1076,76,49
2118,p1077,26,20
2120,p1078,86,46
2121,p1079,85,49
2122,p1080,39,21
2123,p1081,79,4
2124,p1082,98,78
2126,p1083,49,12
2129,p1084,34,67
2131,p1085,58,19
2133,p1086,9,25
2135,p1087,100,31
2136,p1088,44,63
2138,p1089,97,20
2140,p1090,88,25
2142,p1091,53,61
2143,p1092,13,20
2145,p1093,59,17
2147,p1094,93,85
2150,p1095,45,83
2152,p1096,27,15
2153,p1097,96,91
2156,p1098,55,98
2159,p1099,53,87
2162,p1100,89,19
2165,p1101,46,60
2167,p1102,61,52
2169,p1103,75,43
2172,p1104,89,67
2175,p1105,7,55
2176,p1106,17,98
2179,p1107,38,31
2180,p1108,5,84
2181,p1109,22,37
2182,p1110,98,44
2184,p1111,98,100
2186,p1112,10,35
2188,p1113,5,12
2191,p1114,42,61
2194,p1115,100,35
2196,p1116,69,85
2197,p1117,22,97
2199,p1118,20,68
2202,p1119,33,47
2203,p1120,71,48
2205,p1121,58,75
2207,p1122,39,30
2208,p1123,98,71
2209,p1124,84,19
2212,p1125,87,79
2215,p1126,53,86
2218,p1127,38,46
2220,p1128,83,57
2221,p1129,4,42
2222,p1130,15,64
2224,p1131,33,69
2226,p1132,41,14
2227,p1133,93,16
2230,p1134,61,44
2233,p1135,28,65
2236,p1136,45,74
2238,p1137,76,11
2241,p1138,23,53
2244,p1139,51,6
2245,p1140,21,87
2246,p1141,69,57
2249,p1142,86,58
2251,p1143,41,60
2253,p1144,34,87
2256,p1145,29,48
2258,p1146,30,70
2260,p1147,30,25
2261,p1148,96,90
2263,p1149,52,93
2264,p1150,77,86
2265,p1151,26,23
2266,p1152,89,94
2267,p1153,17,70
2269,p1154,19,62
2270,p1155,55,98
2271,p1156,84,33
2274,p1157,56,10
2277,p1158,59,35
2278,p1159,70,4
2280,p1160,90,71
2283,p1161,68,7
2284,p1162,58,83
2287,p1163,72,98
2290,p1164,89,63
2291,p1165,84,64
2292,p1166,34,67
2295,p1167,66,89
2298,p1168,61,47
2299,p1169,3,25
2301,p1170,84,73
2303,p1171,51,53
2305,p1172,34,81
2306,p1173,91,37
2309,p1174,58,8
2312,p1175,40,87
2313,p1176,22,60
2315,p1177,82,62
2318,p1178,87,40
2321,p1179,35,40
2323,p1180,16,69
2325,p1181,99,74
2326,p1182,21,47
2329,p1183,84,33
2331,p1184,57,66
2333,p1185,92,39
2334,p1186,78,86
2335,p1187,100,11
2338,p1188,38,31
2341,p1189,44,68
2343,p1190,59,22
2345,p1191,40,64
2347,p1192,23,57
2348,p1193,49,24
2349,p1194,31,78
2351,p1195,49,9
2354,p1196,15,41
2355,p1197,74,10
2357,p1198,33,13
2359,p1199,94,89
2361,p1200,26,7
2363,p1201,80,98
2364,p1202,89,80
2366,p1203,49,42
2369,p1204,67,33
2371,p1205,11,1
2374,p1206,20,88
2377,p1207,50,85
2380,p1208,89,48
2381,p1209,99,81
2382,p1210,76,81
2385,p1211,60,53
2386,p1212,78,37
2387,p1213,50,89
2388,p1214,6,37
2390,p1215,68,72
2393,p1216,73,32
2395,p1217,60,76
2397,p1218,1,71
2398,p1219,39,82
2399,p1220,23,86
2402,p1221,78,57
2404,p1222,90,69
2407,p1223,28,69
2410,p1224,88,93
2412,p1225,11,85
2414,p1226,50,64
2417,p1227,26,58
2419,p1228,17,83
2420,p1229,23,51
2421,p1230,48,62
2424,p1231,47,57
2427,p1232,4,10
2429,p1233,87,9
2432,p1234,99,20
2434,p1235,85,39
2435,p1236,57,92
2437,p1237,16,45
2438,p1238,33,88
2439,p1239,78,56
2442,p1240,18,17
2445,p1241,71,15
2446,p1242,37,11
2449,p1243,33,92
2452,p1244,13,92
2454,p1245,33,95
2456,p1246,26,68
2459,p1247,81,8
2460,p1248,25,54
2463,p1249,67,80
2464,p1250,63,38
2465,p1251,97,74
2467,p1252,40,98
2469,p1253,54,9
2470,p1254,11,89
2473,p1255,72,81
2476,p1256,20,30
2479,p1257,76,77
2480,p1258,57,37
2481,p1259,87,35
2482,p1260,41,52
2484,p1261,7,44
2486,p1262,4,49
2487,p1263,94,67
2490,p1264,72,74
2492,p1265,17,73
2493,p1266,54,10
2496,p1267,76,81
2497,p1268,39,76
2500,p1269,100,16
2502,p1270,43,56
2505,p1271,67,17
2506,p1272,9,65
2507,p1273,97,92
2509,p1274,91,49
2511,p1275,32,63
2514,p1276,53,99
2517,p1277,55,2
2520,p1278,24,50
2523,p1279,2,81
2526,p1280,43,9
2527,p1281,90,21
2529,p1282,42,22
2531,p1283,14,26
2532,p1284,82,98
2533,p1285,50,1
2534,p1286,56,85
2535,p1287,31,53
2537,p1288,34,81
2538,p1289,79,39
2539,p1290,55,84
2542,p1291,47,6
2543,p1292,87,7
2544,p1293,62,59
2546,p1294,71,98
2549,p1295,46,27
2551,p1296,78,73
2552,p1297,63,73
2553,p1298,63,76
2556,p1299,14,44
2559,p1300,36,97
2560,p1301,43,20
2562,p1302,48,91
2563,p1303,69,7
2564,p1304,23,52
2565,p1305,10,94
2566,p1306,34,63
2569,p1307,84,37
2571,p1308,41,44
2573,p1309,89,88
2574,p1310,33,17
2577,p1311,7,11
2578,p1312,100,45
2581,p1313,99,62
2582,p1314,8,9
2585,p1315,62,41
2586,p1316,43,22
2588,p1317,69,57
2590,p1318,33,24
2593,p1319,46,62
2596,p1320,26,84
2597,p1321,1,9
2600,p1322,54,96
2603,p1323,6,24
2604,p1324,22,61
2606,p1325,32,13
2609,p1326,15,1
2610,p1327,42,28
2612,p1328,10,6
2613,p1329,67,89
2614,p1330,23,83
2616,p1331,100,76
2618,p1332,64,71
2619,p1333,3,32
2622,p1334,38,44
2624,p1335,55,89
2627,p1336,100,11
2629,p1337,53,48
2632,p1338,79,54
2635,p1339,24,84
2638,p1340,78,36
2639,p1341,43,99
2642,p1342,46,96
2644,p1343,65,37
2646,p1344,70,45
2647,p1345,45,96
2650,p1346,76,100
2651,p1347,98,71
2654,p1348,40,74
2657,p1349,29,83
2658,p1350,100,14
2660,p1351,34,89
2662,p1352,49,70
2665,p1353,82,35
2666,p1354,55,51
2669,p1355,72,81
2672,p1356,90,31
2673,p1357,16,98
2674,p1358,26,41
2677,p1359,77,26
2680,p1360,96,59
2681,p1361,84,62
2683,p1362,59,65
2686,p1363,85,18
2687,p1364,97,87
2688,p1365,58,26
2690,p1366,92,98
2691,p1367,63,46
2694,p1368,20,35
2696,p1369,76,56
2699,p1370,67,54
2702,p1371,20,52
2703,p1372,68,96
2706,p1373,68,30
2707,p1374,57,73
2710,p1375,9,94
2712,p1376,35,95
2713,p1377,3,91
2715,p1378,82,77
2716,p1379,60,3
2719,p1380,63,45
2721,p1381,37,59
2723,p1382,60,10
2724,p1383,15,3
2727,p1384,88,83
2728,p1385,65,91
2731,p1386,44,35
2733,p1387,41,52
2735,p1388,49,41
2738,p1389,37,22
2740,p1390,39,50
2743,p1391,87,88
2745,p1392,80,5
2746,p1393,42,63
2749,p1394,17,24
2751,p1395,79,22
2752,p1396,59,58
2753,p1397,56,44
2755,p1398,88,74
2756,p1399,45,83
2759,p1400,35,83
2760,p1401,26,59
2761,p1402,78,91
2762,p1403,66,23
2764,p1404,9,11
2765,p1405,66,3
2766,p1406,61,33
2768,p1407,41,18
2769,p1408,74,16
2772,p1409,86,60
2774,p1410,38,14
2775,p1411,66,56
2777,p1412,43,46
2779,p1413,15,99
2782,p1414,28,20
2784,p1415,48,32
2785,p1416,94,38
2788,p1417,75,35
2790,p1418,22,6
2792,p1419,47,79
2793,p1420,65,96
2795,p1421,52,90
2796,p1422,29,38
2799,p1423,42,98
2800,p1424,88,78
2802,p1425,41,46
2805,p1426,70,32
2806,p1427,46,98
2808,p1428,24,95
2811,p1429,38,29
2813,p1430,16,99
2815,p1431,4,78
2817,p1432,55,35
2818,p1433,64,78
2821,p1434,81,45
2822,p1435,84,80
2823,p1436,6,27
2826,p1437,4,97
2827,p1438,80,42
2828,p1439,86,47
2829,p1440,17,96
2831,p1441,25,19
2833,p1442,82,63
2834,p1443,55,36
2836,p1444,49,39
2838,p1445,2,21
2839,p1446,84,90
2841,p1447,50,92
2843,p1448,12,59
2845,p1449,74,51
2847,p1450,18,25
2848,p1451,23,94
2849,p1452,25,72
2852,p1453,14,55
2854,p1454,4,20
2857,p1455,1,55
2859,p1456,4,98
2862,p1457,62,84
2863,p1458,63,95
2866,p1459,98,96
2867,p1460,14,33
2870,p1461,21,85
2871,p1462,51,87
2872,p1463,8,94
2873,p1464,47,80
2876,p1465,65,27
2878,p1466,37,2
2879,p1467,44,27
2880,p1468,44,58
2882,p1469,49,91
2884,p1470,65,77
2887,p1471,36,51
2889,p1472,48,96
2890,p1473,48,93
2892,p1474,22,3
2893,p1475,89,54
2894,p1476,65,66
2897,p1477,40,54
2898,p1478,46,11
2899,p1479,21,11
2900,p1480,63,11
2902,p1481,29,91
2904,p1482,37,34
2906,p1483,16,78
2908,p1484,52,41
2910,p1485,32,44
2912,p1486,8,93
2914,p1487,72,85
2917,p1488,93,84
2919,p1489,39,36
2921,p1490,18,63
2924,p1491,50,17
2925,p1492,56,48
2926,p1493,22,30
2928,p1494,7,48
2929,p1495,95,4
2931,p1496,31,68
2932,p1497,84,29
2934,p1498,50,14
2937,p1499,1,34
2939,p1500,9,25
2941,p1501,79,44
2942,p1502,65,38
2945,p1503,35,85
2948,p1504,20,14
2950,p1505,60,45
2952,p1506,69,1
2953,p1507,51,23
2954,p1508,48,55
2956,p1509,27,33
2958,p1510,99,18
2961,p1511,1,23
2964,p1512,99,10
2966,p1513,3,66
2967,p1514,67,30
2969,p1515,4,79
2971,p1516,48,88
2974,p1517,48,12
2975,p1518,82,38
2977,p1519,25,71
2980,p1520,50,68
2981,p1521,66,90
2983,p1522,21,64
2986,p1523,15,96
2988,p1524,1,59
2990,p1525,58,56
2993,p1526,85,22
2995,p1527,87,80
2998,p1528,69,74
3000,p1529,76,89
3003,p1530,54,87
3005,p1531,52,64
3006,p1532,92,21
3009,p1533,55,51
3011,p1534,40,42
3014,p1535,39,12
3016,p1536,24,4
3019,p1537,59,93
3020,p1538,48,69
3023,p1539,40,38
3025,p1540,49,25
3027,p1541,3,43
3029,p1542,43,7
3030,p1543,30,36
3032,p1544,17,66
3035,p1545,48,34
3036,p1546,71,84
3039,p1547,13,73
3040,p1548,69,56
3043,p1549,55,74
3045,p1550,80,2
3046,p1551,78,37
3048,p1552,32,93
3050,p1553,32,52
3053,p1554,75,24
3056,p1555,61,11
3058,p1556,78,57
3059,p1557,25,79
3062,p1558,16,13
3063,p1559,84,29
3064,p1560,54,38
3067,p1561,85,70
3068,p1562,66,49
3070,p1563,82,32
3073,p1564,17,6
3076,p1565,42,60
3077,p1566,81,47
3079,p1567,95,25
3082,p1568,63,100
3085,p1569,10,20
3088,p1570,96,1
3089,p1571,38,62
3090,p1572,12,91
3092,p1573,94,22
3093,p1574,81,7
3095,p1575,97,47
3097,p1576,63,48
3099,p1577,37,83
3100,p1578,27,91
3101,p1579,7,81
3103,p1580,7,78
3105,p1581,19,46
3108,p1582,47,67
3111,p1583,54,61
3114,p1584,89,25
3116,p1585,18,64
3117,p1586,12,24
3119,p1587,93,21
3121,p1588,74,12
3124,p1589,35,9
3127,p1590,6,76
3130,p1591,16,84
3132,p1592,12,58
3134,p1593,33,46
3136,p1594,29,23
3138,p1595,24,3
3140,p1596,11,59
3142,p1597,72,62
3145,p1598,40,49
3148,p1599,72,98
3149,p1600,63,55
3151,p1601,44,29
3153,p1602,61,66
3155,p1603,99,46
3157,p1604,86,89
3159,p1605,34,14
3161,p1606,86,95
3162,p1607,71,55
3165,p1608,95,60
3166,p1609,72,55
3167,p1610,87,74
3170,p1611,39,69
3173,p1612,82,6
3176,p1613,24,69
3177,p1614,27,9
3178,p1615,69,79
3181,p1616,87,37
3182,p1617,64,29
3184,p1618,27,15
3185,p1619,17,30
3186,p1620,53,78
3188,p1621,56,43
3190,p1622,41,24
3191,p1623,96,5
3193,p1624,32,76
3195,p1625,23,45
3197,p1626,49,14
3199,p1627,71,35
3200,p1628,60,95
3202,p1629,48,71
3204,p1630,69,95
3206,p1631,49,6
3207,p1632,90,86
3210,p1633,16,41
3211,p1634,41,98
3214,p1635,30,63
3215,p1636,53,34
3218,p1637,93,88
3221,p1638,60,96
3224,p1639,15,75
3226,p1640,69,84
3228,p1641,50,23
3229,p1642,78,58
3231,p1643,1,92
3232,p1644,75,74
3233,p1645,29,57
3235,p1646,4,8
3238,p1647,72,50
3240,p1648,86,46
3243,p1649,39,68
3246,p1650,4,78
3247,p1651,44,17
3250,p1652,87,13
3251,p1653,9,88
3252,p1654,45,35
3254,p1655,68,70
3255,p1656,90,91
3257,p1657,73,59
3260,p1658,98,20
3263,p1659,6,84
3264,p1660,40,94
3266,p1661,82,55
3268,p1662,82,72
3271,p1663,47,38
3274,p1664,10,30
3275,p1665,44,56
3277,p1666,99,82
3278,p1667,65,80
3279,p1668,25,49
3280,p1669,20,27
3281,p1670,52,41
3283,p1671,44,33
3285,p1672,41,50
3288,p1673,76,33
3291,p1674,37,3
3294,p1675,22,34
3295,p1676,95,12
3296,p1677,89,37
3299,p1678,1,72
3302,p1679,65,78
3303,p1680,91,21
3306,p1681,81,88
3307,p1682,90,78
3308,p1683,18,47
3309,p1684,55,16
3311,p1685,44,95
3313,p1686,38,28
3314,p1687,97,10
3317,p1688,47,79
3318,p1689,15,98
3321,p1690,25,77
3322,p1691,97,71
3323,p1692,87,4
3326,p1693,74,86
3327,p1694,74,59
3330,p1695,64,9
3331,p1696,39,97
3334,p1697,47,36
3336,p1698,68,88
3339,p1699,87,91
3340,p1700,35,95
3341,p1701,33,58
3343,p1702,34,89
3344,p1703,39,30
3346,p1704,78,100
3347,p1705,42,90
3348,p1706,98,82
3351,p1707,44,10
3352,p1708,57,41
3355,p1709,22,25
3356,p1710,64,87
3357,p1711,42,86
3358,p1712,71,72
3359,p1713,76,54
3361,p1714,12,95
3364,p1715,72,97
3367,p1716,41,32
3369,p1717,37,96
3370,p1718,50,62
3373,p1719,95,76
3376,p1720,20,97
3377,p1721,53,49
3378,p1722,17,34
3381,p1723,28,82
3384,p1724,11,49
3387,p1725,79,32
3389,p1726,41,1
3390,p1727,35,93
3391,p1728,60,79
3393,p1729,98,93
3395,p1730,5,8
3396,p1731,26,50
3398,p1732,84,70
3401,p1733,19,29
3402,p1734,79,44
3405,p1735,85,80
3408,p1736,71,50
3411,p1737,55,79
3413,p1738,30,10
3415,p1739,10,16
3417,p1740,90,30
3419,p1741,15,16
3422,p1742,17,59
3424,p1743,63,17
3427,p1744,49,51
3430,p1745,60,30
3433,p1746,81,65
3435,p1747,20,56
3437,p1748,5,91
3438,p1749,55,25
3441,p1750,57,92
3443,p1751,72,5
3446,p1752,15,88
3447,p1753,15,85
3450,p1754,97,28
3452,p1755,97,8
3453,p1756,58,94
3455,p1757,22,30
3458,p1758,12,59
3459,p1759,96,45
3462,p1760,53,2
3465,p1761,39,87
3468,p1762,87,77
3471,p1763,64,88
3473,p1764,77,4
3476,p1765,18,30
3479,p1766,67,81
3481,p1767,21,96
3483,p1768,40,68
3484,p1769,60,41
3487,p1770,89,98
3489,p1771,17,64
3492,p1772,57,62
3494,p1773,44,68
3497,p1774,26,77
3498,p1775,27,91
3500,p1776,26,53
3503,p1777,62,67
3504,p1778,55,22
3507,p1779,95,22
3508,p1780,16,80
3511,p1781,29,61
3512,p1782,68,32
3515,p1783,37,66
3517,p1784,42,61
3518,p1785,62,87
3520,p1786,11,23
3521,p1787,23,79
3523,p1788,57,77
3526,p1789,18,89
3529,p1790,71,81
3530,p1791,86,15
3532,p1792,90,57
3535,p1793,85,55
3537,p1794,65,79
3539,p1795,41,40
3541,p1796,5,30
3543,p1797,91,44
3545,p1798,42,60
3546,p1799,77,27
3548,p1800,60,56
3551,p1801,28,93
3552,p1802,32,5
3553,p1803,40,60
3555,p1804,52,25
3557,p1805,11,92
3558,p1806,66,9
3560,p1807,88,6
3561,p1808,17,90
3562,p1809,43,54
3564,p1810,73,84
3567,p1811,79,8
3568,p1812,26,56
3569,p1813,77,93
3570,p1814,44,36
3572,p1815,37,1
3575,p1816,9,22
3578,p1817,84,13
3579,p1818,10,43
3581,p1819,85,100
3582,p1820,55,15
3585,p1821,91,58
3586,p1822,81,72
3588,p1823,95,10
3589,p1824,74,11
3592,p1825,43,94
3594,p1826,36,22
3597,p1827,33,89
3598,p1828,16,43
3600,p1829,74,15
3603,p1830,5,57
3605,p1831,11,40
3606,p1832,95,20
3609,p1833,53,26
3610,p1834,40,77
3613,p1835,49,44
3615,p1836,53,78
3617,p1837,14,7
3619,p1838,69,48
3620,p1839,92,90
3623,p1840,22,52
3625,p1841,67,65
3626,p1842,85,86
3627,p1843,4,17
3629,p1844,31,99
3631,p1845,86,35
3634,p1846,23,98
3637,p1847,68,10
3638,p1848,10,95
3640,p1849,29,39
3642,p1850,27,69
3645,p1851,53,89
3648,p1852,37,91
3649,p1853,92,73
3651,p1854,89,14
3653,p1855,79,39
3655,p1856,3,33
3656,p1857,76,85
3657,p1858,9,21
3658,p1859,75,65
3659,p1860,94,65
3660,p1861,72,96
3661,p1862,45,18
3663,p1863,11,6
3666,p1864,62,84
3667,p1865,46,53
3669,p1866,31,36
3671,p1867,47,97
3672,p1868,87,28
3673,p1869,43,30
3676,p1870,2,53
3679,p1871,36,28
3682,p1872,97,68
3684,p1873,21,30
3685,p1874,43,73
3688,p1875,37,49
3690,p1876,45,96
3692,p1877,46,37
3694,p1878,52,68
3695,p1879,14,97
3698,p1880,38,84
3701,p1881,89,5
3703,p1882,15,53
3706,p1883,46,83
3707,p1884,15,60
3708,p1885,13,18
3709,p1886,27,72
3712,p1887,32,4
3713,p1888,82,43
3714,p1889,91,40
3715,p1890,15,57
3718,p1891,21,96
3719,p1892,44,65
3722,p1893,43,67
3724,p1894,72,35
3727,p1895,3,21
3729,p1896,23,51
3732,p1897,75,89
3735,p1898,68,84
3737,p1899,53,9
3740,p1900,33,21
3741,p1901,82,94
3743,p1902,12,29
3745,p1903,67,78
3746,p1904,22,29
3747,p1905,12,71
3749,p1906,51,58
3752,p1907,29,10
3755,p1908,45,76
3756,p1909,86,6
3759,p1910,22,44
3760,p1911,52,11
3763,p1912,26,42
3764,p1913,62,52
3766,p1914,4,77
3767,p1915,11,68
3770,p1916,10,66
3773,p1917,70,40
3776,p1918,35,57
3779,p1919,15,59
3782,p1920,50,36
3784,p1921,14,48
3786,p1922,69,38
3788,p1923,12,25
3791,p1924,36,17
3794,p1925,45,54
3797,p1926,42,79
3799,p1927,18,58
3802,p1928,3,90
3805,p1929,95,39
3806,p1930,35,81
3807,p1931,40,67
3809,p1932,71,90
3811,p1933,65,66
3813,p1934,88,50
3816,p1935,32,56
3818,p1936,49,77
3821,p1937,38,82
3822,p1938,80,92
3823,p1939,33,29
3825,p1940,15,73
3828,p1941,76,39
3830,p1942,5,36
3832,p1943,67,49
3833,p1944,1,70
3834,p1945,64,11
3835,p1946,77,54
3838,p1947,4,29
3840,p1948,88,3
3841,p1949,14,66
3843,p1950,9,41
3844,p1951,9,99
3846,p1952,44,40
3847,p1953,79,23
3848,p1954,40,65
3851,p1955,17,87
3853,p1956,43,19
3856,p1957,44,85
3858,p1958,28,81
3861,p1959,84,61
3863,p1960,73,81
3866,p1961,47,7
3869,p1962,18,88
3870,p1963,94,33
3871,p1964,82,1
3872,p1965,48,20
3873,p1966,100,61
3876,p1967,93,59
3879,p1968,27,31
3880,p1969,76,50
3883,p1970,63,30
3884,p1971,35,38
3886,p1972,17,72
3888,p1973,11,53
3891,p1974,51,6
3894,p1975,13,7
3897,p1976,25,83
3898,p1977,57,61
3900,p1978,10,1
3902,p1979,12,54
3905,p1980,56,88
3906,p1981,17,64
3908,p1982,86,27
3910,p1983,34,77
3912,p1984,63,51
3913,p1985,42,17
3915,p1986,78,32
3918,p1987,84,41
3919,p1988,97,7
3920,p1989,56,69
3921,p1990,81,43
3924,p1991,9,84
3926,p1992,16,31
3928,p1993,70,9
3930,p1994,94,1
3931,p1995,8,2
3933,p1996,49,47
3935,p1997,93,30
3938,p1998,22,14
3939,p1999,25,33
3940,p2000,14,95
3943,p2001,48,9
3944,p2002,39,96
3947,p2003,92,69
3949,p2004,76,4
3950,p2005,99,11
3953,p2006,55,40
3954,p2007,9,84
3956,p2008,74,25
3959,p2009,93,74
3962,p2010,58,88
3965,p2011,7,97
3966,p2012,21,78
3968,p2013,67,9
3969,p2014,16,41
3972,p2015,27,77
3975,p2016,95,64
3976,p2017,1,97
3979,p2018,72,97
3980,p2019,48,97
3982,p2020,70,88
3983,p2021,77,37
3986,p2022,95,5
3987,p2023,68,42
3989,p2024,34,91
3990,p2025,48,66
3993,p2026,3,23
3996,p2027,67,25
3997,p2028,71,51
4000,p2029,45,44
4002,p2030,65,32
4004,p2031,79,75
4005,p2032,1,63
4008,p2033,33,87
4011,p2034,76,85
4012,p2035,33,57
4015,p2036,45,1
4018,p2037,5,69
4021,p2038,14,86
4022,p2039,2,89
4024,p2040,80,94
4026,p2041,35,100
4029,p2042,86,95
4030,p2043,30,96
4031,p2044,86,91
4033,p2045,66,35
4036,p2046,82,6
4037,p2047,1,39
4039,p2048,40,48
4040,p2049,55,82
4042,p2050,41,47
4044,p2051,42,49
4047,p2052,86,6
4050,p2053,48,99
4051,p2054,92,31
4052,p2055,7,72
4053,p2056,100,35
4055,p2057,49,89
4057,p2058,91,31
4059,p2059,95,60
4062,p2060,90,79
4065,p2061,17,46
4066,p2062,20,12
4068,p2063,4,62
4071,p2064,41,95
4074,p2065,21,86
4075,p2066,73,2
4078,p2067,21,70
4081,p2068,10,71
4082,p2069,56,14
4083,p2070,75,74
4084,p2071,15,40
4085,p2072,90,64
4087,p2073,70,54
4088,p2074,1,21
4090,p2075,35,82
4093,p2076,33,37
4094,p2077,24,21
4095,p2078,46,53
4096,p2079,82,59
4098,p2080,44,73
4099,p2081,2,10
4101,p2082,82,5
4103,p2083,57,82
4105,p2084,44,26
4106,p2085,79,43
4108,p2086,30,18
4109,p2087,40,99
4112,p2088,68,96
4115,p2089,30,65
4116,p2090,15,56
4118,p2091,84,59
4120,p2092,74,8
4123,p2093,55,32
4125,p2094,42,41
4127,p2095,38,76
4130,p2096,38,64
4132,p2097,46,59
4135,p2098,12,5
4137,p2099,79,36
4140,p2100,33,83
4142,p2101,62,42
4144,p2102,34,30
4147,p2103,76,5
4150,p2104,66,50
4151,p2105,64,86
4152,p2106,74,47
4154,p2107,1,13
4156,p2108,35,17
4159,p2109,75,46
4161,p2110,88,41
4164,p2111,36,84
4167,p2112,10,39
4168,p2113,67,87
4169,p2114,70,67
4170,p2115,53,62
4173,p2116,53,30
4174,p2117,20,100
4177,p2118,58,95
4178,p2119,52,34
4180,p2120,24,57
4182,p2121,16,62
4183,p2122,72,81
4184,p2123,52,55
4186,p2124,95,40
4187,p2125,74,73
4189,p2126,39,41
4190,p2127,49,93
4192,p2128,67,60
4194,p2129,20,58
4195,p2130,49,82
4197,p2131,69,86
4200,p2132,88,22
4201,p2133,100,48
4204,p2134,81,3
4205,p2135,58,95
4208,p2136,49,79
4210,p2137,28,93
4212,p2138,53,33
4213,p2139,49,46
4216,p2140,61,77
4219,p2141,22,100
4220,p2142,71,67
4222,p2143,99,1
4224,p2144,23,8
4227,p2145,71,32
4228,p2146,88,59
4229,p2147,29,57
4231,p2148,11,41
4232,p2149,67,45
4234,p2150,16,1
4236,p2151,66,28
4237,p2152,82,97
4238,p2153,41,53
4241,p2154,1,25
4242,p2155,97,68
4245,p2156,32,41
4246,p2157,85,36
4247,p2158,93,99
4248,p2159,89,38
4251,p2160,26,55
4253,p2161,52,79
4256,p2162,68,84
4257,p2163,60,66
4259,p2164,30,52
4261,p2165,10,70
4262,p2166,30,27
4264,p2167,25,3
4266,p2168,99,39
4267,p2169,9,54
4270,p2170,22,41
4271,p2171,88,84
4274,p2172,40,26
4275,p2173,19,65
4277,p2174,12,69
4278,p2175,32,13
4280,p2176,48,6
4282,p2177,12,36
4284,p2178,94,35
4285,p2179,38,5
4286,p2180,51,71
4288,p2181,99,87
4290,p2182,76,16
4291,p2183,36,67
4293,p2184,8,56
4294,p2185,9,53
4295,p2186,97,14
4297,p2187,35,98
4299,p2188,66,43
4300,p2189,67,100
4302,p2190,89,76
4305,p2191,30,65
4307,p2192,15,58
4310,p2193,29,93
4311,p2194,20,61
4313,p2195,52,75
4314,p2196,64,47
4317,p2197,33,22
4319,p2198,72,2
4322,p2199,44,27
4325,p2200,93,21
4327,p2201,78,9
4329,p2202,17,71
4331,p2203,72,60
4334,p2204,79,69
4337,p2205,35,97
4339,p2206,57,81
4342,p2207,62,100
4345,p2208,89,100
4348,p2209,52,42
4349,p2210,33,52
4351,p2211,96,53
4354,p2212,6,39
4355,p2213,13,66
4357,p2214,86,30
4359,p2215,63,58
4360,p2216,94,20
4362,p2217,49,36
4365,p2218,15,48
4367,p2219,47,73
4370,p2220,19,48
4373,p2221,8,83
4375,p2222,65,56
4377,p2223,41,27
4379,p2224,28,50
4381,p2225,32,40
4384,p2226,64,7
4387,p2227,75,65
4389,p2228,44,54
4390,p2229,16,74
4391,p2230,69,68
4392,p2231,72,100
4393,p2232,22,85
4394,p2233,59,70
4397,p2234,19,26
4399,p2235,79,93
4401,p2236,31,62
4402,p2237,29,63
4404,p2238,18,76
4407,p2239,56,53
4410,p2240,89,74
4412,p2241,5,94
4415,p2242,76,92
4418,p2243,14,74
4421,p2244,62,41
4423,p2245,99,8
4425,p2246,70,88
4427,p2247,91,30
4430,p2248,87,18
4431,p2249,71,82
4432,p2250,95,37
4435,p2251,97,28
4436,p2252,91,75
4438,p2253,60,41
4439,p2254,65,85
4441,p2255,15,90
4442,p2256,33,70
4445,p2257,99,85
4447,p2258,89,80
4448,p2259,37,82
4451,p2260,54,29
4452,p2261,8,93
4454,p2262,87,67
4455,p2263,53,33
4458,p2264,79,24
4461,p2265,21,34
4463,p2266,37,96
4465,p2267,26,65
4466,p2268,46,54
4467,p2269,35,99
4469,p2270,33,81
4472,p2271,68,90
4475,p2272,90,95
4476,p2273,53,91
4477,p2274,78,81
4478,p2275,96,36
4479,p2276,61,56
4480,p2277,89,29
4483,p2278,92,71
4486,p2279,17,42
4487,p2280,3,19
4488,p2281,23,82
4489,p2282,37,78
4491,p2283,51,31
4494,p2284,4,41
4495,p2285,70,6
4497,p2286,33,49
4498,p2287,100,51
4499,p2288,57,43
4502,p2289,58,86
4505,p2290,38,26
4506,p2291,47,63
4509,p2292,70,53
4511,p2293,32,44
4513,p2294,76,25
4514,p2295,31,24
4517,p2296,40,83
4518,p2297,60,89
4519,p2298,78,40
4520,p2299,15,5
4521,p2300,100,38
4524,p2301,31,15
4526,p2302,34,25
4528,p2303,35,45
4531,p2304,32,55
4532,p2305,14,21
4534,p2306,27,70
4536,p2307,62,26
4537,p2308,42,5
4540,p2309,51,42
4541,p2310,38,85
4542,p2311,31,58
4544,p2312,15,52
4547,p2313,20,33
4549,p2314,20,98
4551,p2315,97,92
4553,p2316,16,26
4554,p2317,56,95
4556,p2318,17,76
4557,p2319,75,65
4558,p2320,60,36
4559,p2321,49,10
4561,p2322,29,39
4562,p2323,17,34
4565,p2324,23,77
4566,p2325,21,30
4568,p2326,64,68
4571,p2327,19,69
4574,p2328,76,53
4576,p2329,87,22
4579,p2330,64,84
4581,p2331,75,80
4583,p2332,8,68
4584,p2333,48,38
4586,p2334,39,10
4588,p2335,3,82
4589,p2336,49,85
4592,p2337,89,83
4593,p2338,94,35
4595,p2339,53,27
4598,p2340,13,23
4600,p2341,32,10
4601,p2342,30,43
4604,p2343,67,16
4605,p2344,92,83
4606,p2345,89,97
4607,p2346,47,53
4609,p2347,17,70
4612,p2348,76,42
4614,p2349,14,37
4617,p2350,67,1
4618,p2351,18,43
4621,p2352,19,54
4622,p2353,67,40
4623,p2354,53,85
4626,p2355,7,19
4629,p2356,3,12
4630,p2357,99,56
4631,p2358,61,16
4633,p2359,8,28
4636,p2360,5,98
4638,p2361,60,54
4641,p2362,23,85
4643,p2363,29,27
4645,p2364,62,70
4646,p2365,12,94
4649,p2366,4,44
4651,p2367,11,90
4653,p2368,26,36
4654,p2369,92,57
4655,p2370,23,41
4656,p2371,55,67
4657,p2372,14,79
4660,p2373,81,78
4661,p2374,84,92
4664,p2375,22,48
4665,p2376,72,36
4667,p2377,75,36
4669,p2378,89,87
4672,p2379,42,26
4673,p2380,60,81
4675,p2381,55,99
4676,p2382,9,43
4679,p2383,85,94
4680,p2384,57,93
4681,p2385,51,8
4683,p2386,70,48
4684,p2387,8,26
4686,p2388,90,1
4689,p2389,49,34
4692,p2390,70,60
4695,p2391,75,1
4696,p2392,81,44
4698,p2393,16,28
4701,p2394,82,57
4703,p2395,13,81
4705,p2396,86,80
4706,p2397,23,89
4707,p2398,11,78
4709,p2399,98,82
4711,p2400,84,21
4713,p2401,100,50
4714,p2402,13,9
4716,p2403,18,17
4719,p2404,61,32
4720,p2405,29,50
4722,p2406,95,88
4724,p2407,48,87
4727,p2408,26,32
4729,p2409,61,40
4731,p2410,88,22
4734,p2411,42,49
4737,p2412,60,41
4738,p2413,8,42
4740,p2414,10,46
4741,p2415,51,96
4744,p2416,29,16
4747,p2417,94,62
4748,p2418,81,34
4750,p2419,56,16
4753,p2420,5,83
4755,p2421,71,78
4757,p2422,69,90
4760,p2423,16,64
4762,p2424,33,99
4765,p2425,18,45
4767,p2426,28,20
4770,p2427,85,64
4772,p2428,59,72
4775,p2429,85,100
4777,p2430,44,41
4778,p2431,50,6
4779,p2432,1,70
4781,p2433,18,84
4782,p2434,80,58
4785,p2435,62,41
4788,p2436,80,60
4789,p2437,30,42
4791,p2438,20,78
4792,p2439,50,44
4794,p2440,45,60
4797,p2441,74,37
4800,p2442,94,33
4803,p2443,89,57
4806,p2444,79,92
4807,p2445,52,45
4809,p2446,22,19
4811,p2447,39,54
4812,p2448,97,16
4814,p2449,92,42
4816,p2450,85,54
4818,p2451,85,8
4819,p2452,57,15
4822,p2453,90,11
4823,p2454,39,68
4825,p2455,99,44
4828,p2456,68,95
4831,p2457,40,28
4834,p2458,9,38
4837,p2459,85,62
4839,p2460,53,38
4842,p2461,71,12
4844,p2462,74,56
4845,p2463,98,92
4846,p2464,21,71
4848,p2465,38,28
4850,p2466,80,74
4851,p2467,62,41
4852,p2468,79,84
4854,p2469,9,85
4855,p2470,71,56
4857,p2471,48,33
4858,p2472,8,66
4861,p2473,57,27
4864,p2474,59,40
4866,p2475,7,30
4868,p2476,67,46
4869,p2477,80,2
4872,p2478,53,94
4874,p2479,70,31
4877,p2480,30,95
4879,p2481,2,35
4881,p2482,87,37
4883,p2483,17,86
4885,p2484,21,78
4888,p2485,32,91
4891,p2486,3,77
4893,p2487,11,44
4896,p2488,12,82
4898,p2489,13,53
4899,p2490,50,1
4901,p2491,47,29
4902,p2492,85,13
4903,p2493,30,82
4906,p2494,6,35
4908,p2495,30,69
4909,p2496,92,2
4910,p2497,54,40
4913,p2498,96,81
4915,p2499,69,94
4916,p2500,37,12
4919,p2501,38,6
4920,p2502,10,60
4922,p2503,8,14
4923,p2504,28,45
4924,p2505,90,2
4925,p2506,2,38
4927,p2507,12,72
4928,p2508,2,9
4931,p2509,54,16
4932,p2510,42,52
4933,p2511,33,91
4936,p2512,23,51
4938,p2513,41,62
4940,p2514,62,67
4942,p2515,54,9
4944,p2516,47,30
4946,p2517,26,2
4948,p2518,1,84
4950,p2519,1,91
4951,p2520,30,47
4952,p2521,89,21
4955,p2522,24,10
4958,p2523,63,74
4961,p2524,7,5
4963,p2525,61,25
4965,p2526,64,40
4967,p2527,76,42
4968,p2528,94,23
4970,p2529,83,9
4972,p2530,76,68
4975,p2531,96,43
4976,p2532,85,22
4977,p2533,60,98
4978,p2534,45,48
4979,p2535,32,34
4981,p2536,74,22
4983,p2537,49,95
4984,p2538,15,98
4987,p2539,58,35
4988,p2540,81,45
4991,p2541,92,42
4992,p2542,13,28
4993,p2543,35,45
4996,p2544,68,18
4999,p2545,87,59
5002,p2546,93,73
5004,p2547,32,28
5005,p2548,81,49
5007,p2549,28,55
5010,p2550,64,46
5012,p2551,41,56
5013,p2552,70,28
5016,p2553,49,69
5018,p2554,65,26
5020,p2555,7,32
5022,p2556,51,72
5024,p2557,93,86
5025,p2558,28,94
5028,p2559,100,16
5029,p2560,47,53
5031,p2561,17,20
5034,p2562,23,54
5037,p2563,65,94
5039,p2564,50,48
5042,p2565,93,22
5044,p2566,59,16
5046,p2567,19,37
5047,p2568,82,72
5048,p2569,81,7
5051,p2570,25,26
5052,p2571,19,15
5053,p2572,31,37
5056,p2573,81,69
5059,p2574,58,8
5061,p2575,49,91
5062,p2576,20,80
5063,p2577,52,40
5065,p2578,42,13
5067,p2579,78,61
5068,p2580,15,61
5071,p2581,23,11
5072,p2582,25,54
5073,p2583,16,47
5074,p2584,51,1
5077,p2585,14,27
5080,p2586,19,95
5083,p2587,10,51
5084,p2588,28,26
5085,p2589,55,91
5087,p2590,87,77
5089,p2591,62,82
5092,p2592,20,93
5095,p2593,33,80
5098,p2594,2,67
5100,p2595,35,32
5101,p2596,69,28
5102,p2597,22,24
5105,p2598,36,24
5108,p2599,12,29
5110,p2600,67,52
5112,p2601,24,85
5113,p2602,23,39
5115,p2603,97,3
5117,p2604,89,47
5118,p2605,98,40
5121,p2606,68,1
5122,p2607,10,93
5124,p2608,68,34
5125,p2609,55,98
5126,p2610,74,16
5129,p2611,8,88
5130,p2612,86,57
5132,p2613,69,12
5135,p2614,52,62
5138,p2615,24,96
5139,p2616,61,95
5141,p2617,43,95
5142,p2618,61,32
5144,p2619,54,34
5147,p2620,98,85
5149,p2621,50,88
5151,p2622,10,8
5153,p2623,48,59
5156,p2624,66,93
5157,p2625,67,13
5160,p2626,75,19
5163,p2627,77,65
5164,p2628,49,75
5167,p2629,90,65
5168,p2630,62,97
5169,p2631,76,39
5172,p2632,71,37
5174,p2633,6,60
5177,p2634,55,80
5180,p2635,2,15
5183,p2636,81,10
5185,p2637,67,87
5186,p2638,38,12
5187,p2639,36,68
5189,p2640,25,57
5192,p2641,4,7
5193,p2642,36,12
5194,p2643,94,93
5195,p2644,25,71
5197,p2645,45,48
5198,p2646,80,92
5201,p2647,89,68
5202,p2648,52,6
5204,p2649,91,79
5206,p2650,33,50
5208,p2651,34,1
5211,p2652,88,22
5213,p2653,25,58
5214,p2654,53,15
5217,p2655,65,21
5219,p2656,27,30
5220,p2657,45,40
5221,p2658,87,1
5223,p2659,38,17
5226,p2660,70,26
5229,p2661,91,26
5232,p2662,4,9
5234,p2663,48,55
5235,p2664,24,1
5237,p2665,3,53
5240,p2666,26,14
5243,p2667,46,98
5245,p2668,70,89
5247,p2669,84,23
5249,p2670,61,22
5251,p2671,5,83
5254,p2672,99,18
5257,p2673,34,33
5260,p2674,2,30
5263,p2675,88,52
5266,p2676,20,47
5268,p2677,3,91
5269,p2678,37,89
5272,p2679,73,67
5273,p2680,88,58
5275,p2681,63,31
5277,p2682,26,64
5280,p2683,67,29
5281,p2684,76,88
5282,p2685,51,54
5284,p2686,68,88
5285,p2687,65,40
5286,p2688,62,58
5287,p2689,58,67
5288,p2690,29,8
5291,p2691,3,5
5292,p2692,61,52
5295,p2693,7,95
5298,p2694,52,34
5299,p2695,41,37
5302,p2696,35,36
5304,p2697,4,22
5306,p2698,55,31
5308,p2699,75,47
5310,p2700,42,4
5312,p2701,6,5
5313,p2702,73,30
5316,p2703,12,55
5319,p2704,7,99
5320,p2705,85,9
5322,p2706,32,13
5325,p2707,18,24
5326,p2708,31,25
5329,p2709,93,70
5332,p2710,53,33
5333,p2711,8,14
5335,p2712,28,49
5337,p2713,30,66
5338,p2714,94,79
5341,p2715,40,73
5344,p2716,34,31
5346,p2717,68,93
5347,p2718,94,19
5349,p2719,60,37
5350,p2720,85,36
5353,p2721,3,51
5356,p2722,73,46
5359,p2723,33,14
5362,p2724,68,80
5365,p2725,6,27
5368,p2726,66,93
5369,p2727,96,55
5370,p2728,28,40
5373,p2729,11,57
5376,p2730,53,61
5378,p2731,20,15
5381,p2732,21,25
5382,p2733,26,71
5383,p2734,92,3
5386,p2735,88,66
5388,p2736,37,53
5390,p2737,71,20
5393,p2738,56,52
5396,p2739,81,15
5398,p2740,73,36
5401,p2741,48,2
5402,p2742,97,64
5403,p2743,96,6
5405,p2744,35,86
5407,p2745,18,65
5408,p2746,81,18
5409,p2747,53,45
5411,p2748,55,74
5412,p2749,49,37
5415,p2750,90,73
5416,p2751,10,38
5419,p2752,95,23
5420,p2753,77,59
5421,p2754,56,12
5422,p2755,97,51
5425,p2756,91,61
5426,p2757,22,25
5428,p2758,1,59
5430,p2759,48,58
5432,p2760,96,34
5435,p2761,42,74
5437,p2762,43,9
5440,p2763,73,93
5441,p2764,44,77
5444,p2765,82,59
5445,p2766,70,71
5447,p2767,13,3
5448,p2768,79,65
5450,p2769,52,23
5453,p2770,30,24
5456,p2771,54,66
5457,p2772,3,29
5460,p2773,23,85
5461,p2774,50,57
5463,p2775,42,100
5464,p2776,28,96
5466,p2777,21,14
5469,p2778,25,1
5472,p2779,47,8
5475,p2780,53,32
5477,p2781,53,51
5478,p2782,60,35
5480,p2783,17,84
5482,p2784,73,65
5483,p2785,60,86
5486,p2786,67,29
5488,p2787,82,39
5490,p2788,1,66
5492,p2789,16,52
5494,p2790,14,28
5497,p2791,14,84
5500,p2792,48,29
5503,p2793,80,22
5506,p2794,94,93
5507,p2795,50,35
5510,p2796,54,84
5513,p2797,91,4
5514,p2798,73,97
5517,p2799,17,5
5518,p2800,63,88
5521,p2801,82,2
5523,p2802,58,55
5524,p2803,44,99
5525,p2804,14,15
5528,p2805,88,37
5530,p2806,38,35
5533,p2807,13,96
5536,p2808,6,31
5539,p2809,56,46
5540,p2810,82,56
5543,p2811,29,82
5544,p2812,50,68
5547,p2813,49,23
5549,p2814,64,65
5550,p2815,83,66
5552,p2816,5,92
5553,p2817,57,83
5555,p2818,2,38
5557,p2819,11,63
5559,p2820,54,96
5560,p2821,26,65
5562,p2822,3,55
5563,p2823,78,80
5564,p2824,99,52
5565,p2825,100,82
5568,p2826,49,67
5569,p2827,57,31
5572,p2828,99,52
5574,p2829,78,10
5577,p2830,10,22
5578,p2831,11,9
5580,p2832,82,66
5582,p2833,17,28
5585,p2834,81,50
5586,p2835,24,32
5587,p2836,65,99
5589,p2837,64,73
5591,p2838,14,21
5594,p2839,76,56
5596,p2840,40,4
5597,p2841,90,65
5600,p2842,97,25
5602,p2843,68,18
5604,p2844,98,100
5606,p2845,88,26
5607,p2846,75,59
5609,p2847,9,80
5612,p2848,67,72
5614,p2849,36,49
5617,p2850,48,27
5618,p2851,57,24
5621,p2852,57,19
5623,p2853,81,62
5624,p2854,40,34
5625,p2855,5,33
5627,p2856,7,33
5628,p2857,49,64
5629,p2858,37,33
5631,p2859,92,27
5634,p2860,25,67
5636,p2861,14,59
5637,p2862,91,96
5638,p2863,27,41
5639,p2864,57,50
5640,p2865,91,93
5643,p2866,42,87
5645,p2867,30,84
5646,p2868,91,87
5647,p2869,34,40
5650,p2870,88,94
5652,p2871,13,32
5655,p2872,3,59
5657,p2873,31,90
5659,p2874,99,40
5660,p2875,36,60
5662,p2876,48,22
5663,p2877,34,30
5665,p2878,94,73
5666,p2879,7,45
5667,p2880,9,24
5668,p2881,71,87
5670,p2882,15,3
5672,p2883,65,34
5675,p2884,90,84
5677,p2885,36,51
5680,p2886,34,44
5681,p2887,60,95
5683,p2888,61,69
5684,p2889,4,43
5687,p2890,29,55
5689,p2891,22,46
5690,p2892,64,34
5692,p2893,54,35
5693,p2894,28,44
5696,p2895,83,36
5697,p2896,95,56
5699,p2897,81,63
5701,p2898,86,9
5704,p2899,87,42
5705,p2900,14,83
5707,p2901,68,87
5708,p2902,45,48
5709,p2903,26,69
5711,p2904,56,8
5713,p2905,78,89
5715,p2906,2,100
5718,p2907,51,1
5721,p2908,41,78
5722,p2909,6,86
5724,p2910,27,95
5726,p2911,87,11
5728,p2912,46,39
5731,p2913,76,59
5733,p2914,24,59
5736,p2915,44,50
5738,p2916,66,91
5739,p2917,19,69
5742,p2918,75,66
5743,p2919,97,98
5744,p2920,2,21
5747,p2921,27,31
5749,p2922,23,3
5752,p2923,38,86
5753,p2924,88,94
5756,p2925,38,71
5759,p2926,49,90
5761,p2927,95,78
5762,p2928,75,55
5764,p2929,57,55
5765,p2930,28,1
5768,p2931,33,69
5769,p2932,38,74
5772,p2933,47,92
5775,p2934,47,75
5778,p2935,5,97
5781,p2936,97,39
5782,p2937,72,36
5784,p2938,88,45
5785,p2939,42,44
5787,p2940,48,31
5788,p2941,11,29
5790,p2942,64,89
5791,p2943,40,59
5792,p2944,13,27
5795,p2945,4,98
5796,p2946,80,55
5799,p2947,100,93
5802,p2948,37,96
5804,p2949,62,1
5807,p2950,66,82
5808,p2951,36,13
5811,p2952,42,62
5814,p2953,79,75
5815,p2954,68,97
5816,p2955,57,92
5819,p2956,28,27
5820,p2957,11,96
5822,p2958,3,62
5823,p2959,72,56
5824,p2960,54,38
5827,p2961,50,11
5828,p2962,84,97
5831,p2963,65,3
5832,p2964,41,72
5835,p2965,42,69
5838,p2966,21,9
5839,p2967,94,73
5840,p2968,40,82
5842,p2969,100,91
5845,p2970,63,71
5847,p2971,67,10
5848,p2972,79,61
5850,p2973,9,30
5853,p2974,90,25
5854,p2975,25,31
5856,p2976,9,32
5858,p2977,33,94
5861,p2978,51,37
5862,p2979,57,49
5863,p2980,47,54
5865,p2981,35,43
5868,p2982,9,40
5869,p2983,83,99
5870,p2984,59,56
5873,p2985,54,70
5876,p2986,25,70
5878,p2987,81,31
5879,p2988,8,4
5881,p2989,97,98
5884,p2990,54,53
5886,p2991,86,42
5889,p2992,18,7
5891,p2993,69,7
5893,p2994,10,37
5895,p2995,23,89
5896,p2996,89,53
5897,p2997,1,84
5900,p2998,21,15
5902,p2999,16,46
5903,p3000,58,17
5905,p3001,46,48
5906,p3002,77,24
5909,p3003,13,32
5912,p3004,45,38
5913,p3005,68,49
5916,p3006,65,49
5918,p3007,88,34
5920,p3008,72,11
5921,p3009,100,34
5924,p3010,16,64
5925,p3011,48,31
5926,p3012,72,89
5929,p3013,76,56
5930,p3014,11,54
5933,p3015,21,99
5935,p3016,64,91
5936,p3017,91,52
5937,p3018,35,21
5940,p3019,25,15
5942,p3020,54,48
5945,p3021,92,33
5947,p3022,98,18
5949,p3023,56,75
5951,p3024,78,99
5952,p3025,86,30
5953,p3026,72,44
5956,p3027,82,55
5959,p3028,76,49
5962,p3029,68,58
5963,p3030,90,7
5964,p3031,30,51
5967,p3032,65,68
5969,p3033,55,87
5972,p3034,10,72
5973,p3035,40,68
5976,p3036,18,41
5978,p3037,99,98
5981,p3038,57,72
5983,p3039,37,25
5984,p3040,12,43
5987,p3041,7,76
5989,p3042,97,35
5990,p3043,62,1
5992,p3044,64,22
5994,p3045,67,48
5997,p3046,33,86
5999,p3047,79,48
6001,p3048,67,96
6004,p3049,45,41
6007,p3050,39,53
6010,p3051,13,78
6013,p3052,31,29
6016,p3053,90,17
6018,p3054,14,47
6019,p3055,42,93
6020,p3056,92,86
6023,p3057,90,76
6024,p3058,23,54
6026,p3059,27,13
6028,p3060,44,50
6030,p3061,75,90
6031,p3062,48,32
6033,p3063,41,58
6036,p3064,35,80
6037,p3065,99,27
6040,p3066,88,23
6041,p3067,68,69
6042,p3068,67,61
6045,p3069,58,80
6047,p3070,49,27
6049,p3071,34,6
6051,p3072,6,17
6054,p3073,28,74
6056,p3074,54,4
6057,p3075,17,94
6058,p3076,13,10
6060,p3077,23,5
6061,p3078,47,18
6064,p3079,38,9
6066,p3080,74,2
6069,p3081,39,64
6071,p3082,48,51
6072,p3083,25,77
6075,p3084,39,10
6077,p3085,42,51
6080,p3086,37,61
6083,p3087,81,13
6086,p3088,32,90
6087,p3089,48,42
6088,p3090,12,20
6089,p3091,97,24
6091,p3092,1,9
6094,p3093,5,99
6095,p3094,100,20
6097,p3095,92,40
6098,p3096,82,38
6100,p3097,69,13
6101,p3098,36,70
6104,p3099,23,32
6106,p3100,16,57
6109,p3101,50,26
6112,p3102,16,9
6115,p3103,14,27
6118,p3104,36,7
6121,p3105,2,8
6124,p3106,30,59
6125,p3107,5,94
6126,p3108,3,50
6128,p3109,59,39
6131,p3110,38,91
6133,p3111,74,19
6136,p3112,25,90
6137,p3113,23,6
6139,p3114,92,80
6141,p3115,37,64
6144,p3116,13,22
6146,p3117,84,97
6149,p3118,60,68
6151,p3119,10,99
6154,p3120,78,44
6157,p3121,46,88
6158,p3122,96,86
6160,p3123,28,40
6161,p3124,77,81
6163,p3125,45,38
6166,p3126,54,72
6167,p3127,75,31
6168,p3128,88,50
6171,p3129,29,38
6172,p3130,49,5
6173,p3131,61,69
6175,p3132,17,62
6176,p3133,47,74
6179,p3134,51,38
6181,p3135,6,45
6183,p3136,23,28
6185,p3137,8,36
6186,p3138,88,86
6187,p3139,30,32
6190,p3140,54,30
6191,p3141,56,83
6192,p3142,96,40
6195,p3143,11,31
6197,p3144,66,78
6198,p3145,58,39
6199,p3146,18,51
6202,p3147,98,34
6204,p3148,29,44
6206,p3149,27,33
6209,p3150,63,29
6211,p3151,64,99
6214,p3152,80,19
6216,p3153,20,47
6217,p3154,5,72
6218,p3155,69,13
6219,p3156,60,54
6220,p3157,51,54
6222,p3158,4,73
6224,p3159,72,54
6225,p3160,85,10
6228,p3161,35,58
6230,p3162,17,48
6231,p3163,42,7
6233,p3164,75,77
6235,p3165,51,82
6236,p3166,72,13
6237,p3167,71,54
6238,p3168,31,40
6239,p3169,27,47
6241,p3170,61,9
6244,p3171,5,74
6246,p3172,56,49
6248,p3173,63,93
6250,p3174,63,54
6251,p3175,3,30
6254,p3176,53,61
6256,p3177,15,4
6259,p3178,92,89
6261,p3179,42,41
6263,p3180,35,55
6265,p3181,85,44
6266,p3182,81,58
6267,p3183,76,97
6270,p3184,5,60
6273,p3185,32,23
6274,p3186,53,91
6275,p3187,23,86
6277,p3188,58,49
6280,p3189,64,53
6283,p3190,18,77
6284,p3191,58,7
6286,p3192,22,74
6287,p3193,27,63
6289,p3194,47,43
6292,p3195,6,93
6295,p3196,52,10
6298,p3197,100,90
6300,p3198,20,32
6301,p3199,44,77
6302,p3200,91,61
6304,p3201,8,42
6305,p3202,26,87
6306,p3203,24,2
6309,p3204,67,39
6312,p3205,11,24
6315,p3206,43,63
6316,p3207,25,11
6318,p3208,70,69
6321,p3209,72,10
6323,p3210,97,57
6324,p3211,53,13
6327,p3212,63,33
6328,p3213,26,76
6331,p3214,4,46
6332,p3215,84,43
6333,p3216,29,72
6336,p3217,98,28
6339,p3218,45,57
6340,p3219,51,7
6342,p3220,62,76
6343,p3221,52,56
6344,p3222,3,1
6347,p3223,19,28
6350,p3224,62,59
6351,p3225,91,38
6352,p3226,33,30
6353,p3227,24,1
6355,p3228,18,98
6356,p3229,48,65
6359,p3230,57,68
6361,p3231,59,49
6363,p3232,82,66
6364,p3233,94,34
6365,p3234,24,2
6366,p3235,71,42
6367,p3236,54,31
6368,p3237,81,97
6371,p3238,57,27
6372,p3239,87,65
6374,p3240,15,16
6376,p3241,70,19
6378,p3242,1,8
6379,p3243,22,97
6382,p3244,68,4
6383,p3245,60,90
6385,p3246,22,76
6386,p3247,70,9
6387,p3248,56,11
6390,p3249,63,74
6392,p3250,71,4
6395,p3251,1,31
6398,p3252,86,88
6401,p3253,52,93
6402,p3254,96,36
6405,p3255,50,55
6407,p3256,66,84
6410,p3257,27,82
6412,p3258,73,34
6414,p3259,58,21
6416,p3260,58,35
6419,p3261,80,29
6420,p3262,4,55
6421,p3263,83,35
6422,p3264,64,62
6423,p3265,64,24
6425,p3266,67,48
6426,p3267,4,1
6427,p3268,93,24
6428,p3269,48,18
6431,p3270,65,92
6434,p3271,51,26
6435,p3272,37,17
6436,p3273,26,4
6438,p3274,63,2
6441,p3275,84,20
6443,p3276,20,61
6446,p3277,70,99
6448,p3278,12,16
6449,p3279,63,17
6452,p3280,63,28
6453,p3281,71,40
6455,p3282,61,71
6456,p3283,13,29
6458,p3284,61,1
6461,p3285,60,41
6464,p3286,10,59
6466,p3287,60,61
6469,p3288,74,55
6471,p3289,61,89
6474,p3290,20,39
6477,p3291,65,46
6480,p3292,8,24
6483,p3293,78,75
6484,p3294,13,82
6486,p3295,93,95
6488,p3296,35,59
6489,p3297,31,70
6492,p3298,45,79
6493,p3299,79,25
6495,p3300,1,88
6498,p3301,29,88
6501,p3302,90,92
6504,p3303,43,97
6505,p3304,26,63
6507,p3305,83,16
6508,p3306,10,77
6511,p3307,82,37
6512,p3308,53,24
6515,p3309,67,50
6517,p3310,55,68
6520,p3311,68,48
6521,p3312,12,67
6523,p3313,97,92
6526,p3314,10,24
6527,p3315,68,48
6529,p3316,61,24
6530,p3317,10,8
6532,p3318,68,50
6534,p3319,38,53
6536,p3320,71,82
6537,p3321,40,67
6540,p3322,61,74
6541,p3323,64,92
6543,p3324,21,17
6544,p3325,41,98
6547,p3326,12,78
6550,p3327,3,4
6551,p3328,69,9
6552,p3329,59,35
6554,p3330,50,41
6555,p3331,1,58
6558,p3332,56,82
6561,p3333,100,54
6564,p3334,87,38
6565,p3335,68,27
6567,p3336,40,66
6569,p3337,47,13
6570,p3338,32,62
6571,p3339,69,1
6574,p3340,25,98
6577,p3341,93,5
6580,p3342,79,55
6583,p3343,53,12
6585,p3344,49,95
6588,p3345,78,13
6589,p3346,98,46
6591,p3347,31,63
6593,p3348,54,58
6595,p3349,80,66
6597,p3350,4,24
6599,p3351,62,77
6600,p3352,46,56
6602,p3353,1,58
6603,p3354,23,72
6605,p3355,84,27
6608,p3356,92,19
6611,p3357,88,55
6613,p3358,43,41
6615,p3359,21,7
6618,p3360,86,79
6620,p3361,55,13
6623,p3362,31,27
6625,p3363,88,7
6628,p3364,24,68
6630,p3365,48,64
6632,p3366,45,6
6634,p3367,73,66
6636,p3368,4,28
6637,p3369,35,93
6638,p3370,65,16
6641,p3371,70,26
6642,p3372,99,90
6643,p3373,27,55
6645,p3374,11,44
6646,p3375,91,76
6647,p3376,26,47
6650,p3377,89,51
6651,p3378,25,58
6654,p3379,44,96
6655,p3380,92,42
6658,p3381,11,84
6661,p3382,41,69
6663,p3383,59,83
6665,p3384,68,12
6667,p3385,40,65
6670,p3386,27,6
6673,p3387,56,95
6674,p3388,93,79
6676,p3389,33,8
6678,p3390,37,44
6681,p3391,73,91
6684,p3392,69,71
6685,p3393,58,43
6688,p3394,98,46
6689,p3395,99,28
6690,p3396,15,18
6693,p3397,78,80
6694,p3398,40,16
6696,p3399,32,45
6697,p3400,23,47
6699,p3401,62,87
6702,p3402,84,100
6703,p3403,21,69
6705,p3404,77,57
6707,p3405,47,76
6710,p3406,70,33
6712,p3407,17,78
6713,p3408,74,21
6716,p3409,37,19
6719,p3410,63,21
6721,p3411,95,90
6724,p3412,98,81
6727,p3413,90,57
6729,p3414,70,42
6732,p3415,88,58
6733,p3416,78,98
6734,p3417,44,12
6736,p3418,39,71
6738,p3419,34,47
6741,p3420,9,1
6744,p3421,90,97
6747,p3422,91,94
6749,p3423,67,54
6752,p3424,46,37
6754,p3425,13,84
6755,p3426,71,12
6756,p3427,76,38
6757,p3428,21,86
6760,p3429,10,42
6761,p3430,86,79
6764,p3431,52,97
6765,p3432,79,46
6767,p3433,96,15
6769,p3434,4,11
6772,p3435,35,53
6774,p3436,100,44
6775,p3437,60,7
6776,p3438,23,34
6779,p3439,61,92
6782,p3440,46,82
6783,p3441,23,32
6786,p3442,2,38
6789,p3443,47,60
6792,p3444,39,25
6794,p3445,15,20
6796,p3446,11,10
6798,p3447,36,81
6800,p3448,3,53
6801,p3449,19,70
6802,p3450,53,2
6803,p3451,87,37
6806,p3452,84,89
6809,p3453,1,52
6811,p3454,68,17
6812,p3455,55,45
6815,p3456,39,19
6817,p3457,59,22
6819,p3458,37,53
6820,p3459,52,18
6823,p3460,79,85
6824,p3461,13,48
6826,p3462,25,42
6827,p3463,32,50
6828,p3464,72,58
6830,p3465,40,52
6833,p3466,79,24
6835,p3467,47,32
6836,p3468,52,74
6839,p3469,72,73
6840,p3470,36,31
6841,p3471,59,55
6842,p3472,46,99
6845,p3473,53,65
6847,p3474,25,47
6848,p3475,58,39
6849,p3476,84,58
6851,p3477,73,94
6854,p3478,14,19
6856,p3479,14,78
6857,p3480,56,45
6860,p3481,73,5
6863,p3482,94,95
6865,p3483,12,6
6867,p3484,34,83
6869,p3485,95,46
6872,p3486,11,65
6873,p3487,94,38
6874,p3488,44,50
6876,p3489,57,23
6879,p3490,8,63
6882,p3491,16,93
6884,p3492,46,62
6885,p3493,65,37
6887,p3494,41,72
6888,p3495,9,11
6891,p3496,29,7
6893,p3497,26,64
6894,p3498,37,58
6897,p3499,46,57
6900,p3500,33,18
6902,p3501,45,9
6905,p3502,30,94
6906,p3503,54,58
6908,p3504,51,96
6910,p3505,79,31
6911,p3506,94,98
6913,p3507,44,54
6914,p3508,26,6
6916,p3509,95,10
6918,p3510,17,76
6920,p3511,5,76
6922,p3512,33,65
6925,p3513,74,53
6926,p3514,42,96
6929,p3515,13,38
6930,p3516,38,26
6931,p3517,19,11
6932,p3518,51,29
6934,p3519,28,75
6937,p3520,92,64
6939,p3521,6,73
6941,p3522,82,98
6942,p3523,39,55
6944,p3524,24,61
6947,p3525,43,33
6949,p3526,87,13
6951,p3527,50,40
6953,p3528,20,25
6956,p3529,47,69
6959,p3530,39,84
6960,p3531,65,55
6961,p3532,45,65
6964,p3533,52,89
6965,p3534,18,22
6968,p3535,34,92
6970,p3536,53,19
6973,p3537,4,97
6976,p3538,38,22
6979,p3539,89,14
6980,p3540,48,53
6982,p3541,23,30
6985,p3542,33,20
6986,p3543,9,4
6987,p3544,81,2
6989,p3545,28,99
6991,p3546,59,87
6992,p3547,6,27
6995,p3548,78,89
6996,p3549,6,41
6997,p3550,95,65
7000,p3551,41,54
7002,p3552,49,7
7003,p3553,18,72
7005,p3554,65,44
7007,p3555,89,8
7009,p3556,8,34
7011,p3557,54,53
7012,p3558,77,65
7013,p3559,1,94
7015,p3560,30,8
7017,p3561,41,24
7019,p3562,27,25
7021,p3563,89,85
7022,p3564,4,96
7023,p3565,76,38
7025,p3566,8,75
7027,p3567,56,85
7028,p3568,39,65
7029,p3569,14,41
7031,p3570,17,51
7034,p3571,49,78
7035,p3572,76,91
7037,p3573,12,57
7039,p3574,74,19
7041,p3575,57,69
7044,p3576,94,12
7047,p3577,88,79
7049,p3578,81,46
7052,p3579,10,27
7055,p3580,16,59
7056,p3581,19,58
7058,p3582,15,6
7061,p3583,77,21
7064,p3584,12,45
7066,p3585,100,87
7068,p3586,24,95
7071,p3587,6,67
7072,p3588,59,99
7073,p3589,60,88
7075,p3590,81,25
7076,p3591,98,17
7078,p3592,51,87
7080,p3593,90,93
7083,p3594,24,99
7084,p3595,28,56
7085,p3596,95,54
7087,p3597,66,52
7088,p3598,92,77
7089,p3599,92,11
7092,p3600,55,1
7093,p3601,6,9
7094,p3602,69,6
7097,p3603,95,24
7100,p3604,9,55
7101,p3605,34,58
7103,p3606,19,39
7105,p3607,77,38
7108,p3608,98,93
7109,p3609,94,53
7111,p3610,98,72
7113,p3611,34,74
7114,p3612,47,13
7115,p3613,31,1
7118,p3614,61,63
7119,p3615,55,13
7122,p3616,71,14
7124,p3617,94,97
7127,p3618,84,68
7130,p3619,63,37
7133,p3620,68,83
7134,p3621,19,83
7137,p3622,46,52
7139,p3623,29,48
7141,p3624,67,19
7144,p3625,27,36
7145,p3626,3,61
7147,p3627,53,85
7149,p3628,7,83
7150,p3629,35,87
7151,p3630,73,21
7152,p3631,25,31
7153,p3632,39,80
7155,p3633,43,84
7158,p3634,7,59
7161,p3635,67,42
7163,p3636,48,9
7166,p3637,89,71
7167,p3638,4,19
7168,p3639,57,26
7171,p3640,71,51
7174,p3641,65,54
7175,p3642,4,53
7176,p3643,63,76
7177,p3644,75,38
7178,p3645,50,29
7179,p3646,70,98
7182,p3647,75,8
7184,p3648,30,95
7185,p3649,6,27
7188,p3650,56,86
7190,p3651,88,70
7193,p3652,17,61
7194,p3653,70,26
7195,p3654,80,24
7198,p3655,90,2
7201,p3656,92,42
7204,p3657,60,80
7206,p3658,14,15
7209,p3659,45,10
7212,p3660,24,90
7213,p3661,88,63
7215,p3662,20,92
7216,p3663,28,14
7217,p3664,25,51
7219,p3665,35,24
7222,p3666,93,95
7224,p3667,82,25
7226,p3668,100,79
7227,p3669,92,37
7228,p3670,8,38
7231,p3671,20,35
7232,p3672,70,78
7233,p3673,31,46
7236,p3674,49,97
7237,p3675,19,29
7238,p3676,10,52
7240,p3677,1,40
7242,p3678,65,46
7243,p3679,46,31
7245,p3680,57,61
7248,p3681,17,80
7249,p3682,94,97
7251,p3683,46,44
7253,p3684,21,66
7254,p3685,39,54
7257,p3686,46,27
7259,p3687,3,37
7260,p3688,71,27
7263,p3689,61,97
7264,p3690,52,45
7267,p3691,37,52
7269,p3692,16,90
7271,p3693,36,41
7273,p3694,91,37
7276,p3695,3,10
7277,p3696,6,53
7280,p3697,86,32
7282,p3698,15,43
7284,p3699,37,63
7287,p3700,51,65
7288,p3701,53,18
7291,p3702,96,54
7292,p3703,46,100
7294,p3704,35,73
7295,p3705,45,88
7297,p3706,50,85
7298,p3707,70,17
7301,p3708,46,60
7303,p3709,23,33
7304,p3710,94,45
7305,p3711,36,46
7306,p3712,32,43
7307,p3713,35,29
7309,p3714,86,82
7310,p3715,50,21
7313,p3716,21,2
7314,p3717,76,91
7315,p3718,32,25
7317,p3719,92,98
7320,p3720,12,15
7321,p3721,34,45
7322,p3722,62,80
7324,p3723,37,23
7326,p3724,77,34
7328,p3725,92,19
7331,p3726,55,59
7334,p3727,24,82
7336,p3728,36,64
7337,p3729,66,47
7339,p3730,24,75
7340,p3731,92,91
7341,p3732,96,52
7343,p3733,12,59
7346,p3734,70,40
7347,p3735,27,89
7348,p3736,2,71
7350,p3737,95,18
7351,p3738,14,51
7353,p3739,49,76
7355,p3740,64,89
7357,p3741,11,2
7360,p3742,61,79
7363,p3743,79,34
7366,p3744,1,87
7367,p3745,97,51
7369,p3746,65,98
7372,p3747,90,92
7374,p3748,51,21
7377,p3749,56,76
7380,p3750,97,13
7381,p3751,22,59
7384,p3752,50,15
7386,p3753,29,31
7389,p3754,62,100
7391,p3755,59,54
7394,p3756,5,28
7396,p3757,73,19
7397,p3758,95,67
7398,p3759,72,54
7399,p3760,52,99
7402,p3761,51,42
7405,p3762,16,84
7408,p3763,69,7
7409,p3764,75,79
7412,p3765,54,65
7413,p3766,24,65
7416,p3767,85,45
7417,p3768,91,67
7418,p3769,90,53
7419,p3770,65,59
7421,p3771,11,74
7424,p3772,13,29
7426,p3773,90,42
7429,p3774,11,1
7432,p3775,35,90
7434,p3776,79,18
7437,p3777,23,97
7440,p3778,87,26
7443,p3779,1,55
7446,p3780,58,3
7448,p3781,54,34
7451,p3782,84,53
7453,p3783,40,91
7455,p3784,55,65
7457,p3785,21,69
7459,p3786,97,1
7460,p3787,56,34
7461,p3788,28,67
7463,p3789,19,70
7465,p3790,98,67
7468,p3791,42,8
7469,p3792,73,2
7471,p3793,78,75
7474,p3794,92,53
7476,p3795,95,78
7477,p3796,56,17
7478,p3797,76,96
7480,p3798,80,97
7482,p3799,38,22
7485,p3800,83,54
7487,p3801,65,55
7489,p3802,37,6
7490,p3803,81,76
7492,p3804,18,41
7493,p3805,10,80
7496,p3806,72,49
7497,p3807,91,79
7500,p3808,73,40
7502,p3809,44,41
7503,p3810,33,100
7506,p3811,19,33
7508,p3812,83,47
7510,p3813,50,92
7511,p3814,1,25
7514,p3815,81,46
7516,p3816,71,4
7518,p3817,97,13
7521,p3818,95,79
7523,p3819,97,95
7524,p3820,59,7
7527,p3821,54,12
7529,p3822,3,76
7530,p3823,36,53
7531,p3824,24,28
7532,p3825,20,14
7533,p3826,82,71
7536,p3827,66,37
7537,p3828,14,64
7540,p3829,71,96
7541,p3830,64,73
7542,p3831,53,42
7545,p3832,96,45
7546,p3833,6,28
7547,p3834,35,26
7549,p3835,65,62
7551,p3836,43,42
7553,p3837,49,100
7556,p3838,75,23
7557,p3839,46,76
7558,p3840,6,73
7560,p3841,79,25
7561,p3842,94,86
7562,p3843,18,65
7564,p3844,5,42
7567,p3845,43,15
7570,p3846,65,62
7571,p3847,98,34
7573,p3848,16,34
7575,p3849,99,72
7576,p3850,33,1
7578,p3851,24,97
7581,p3852,15,5
7584,p3853,22,72
7587,p3854,8,58
7590,p3855,95,51
7591,p3856,16,37
7593,p3857,39,96
7595,p3858,42,79
7597,p3859,30,73
7599,p3860,83,58
7602,p3861,92,67
7603,p3862,88,58
7605,p3863,58,67
7607,p3864,95,64
7609,p3865,7,21
7610,p3866,49,12
7611,p3867,57,4
7612,p3868,58,18
7614,p3869,68,92
7616,p3870,95,62
7619,p3871,67,34
7622,p3872,87,51
7624,p3873,1,41
7625,p3874,15,18
7628,p3875,82,63
7629,p3876,99,89
7631,p3877,63,11
7633,p3878,74,7
7634,p3879,16,99
7637,p3880,36,93
7638,p3881,83,13
7639,p3882,87,73
7641,p3883,97,91
7643,p3884,77,18
7646,p3885,36,86
7649,p3886,63,22
7651,p3887,20,24
7654,p3888,78,70
7655,p3889,21,84
7656,p3890,54,10
7658,p3891,87,58
7659,p3892,25,63
7662,p3893,73,76
7664,p3894,28,17
7667,p3895,69,62
7669,p3896,41,96
7671,p3897,80,99
7674,p3898,64,99
7676,p3899,63,77
7677,p3900,64,35
7679,p3901,52,93
7680,p3902,66,30
7681,p3903,95,79
7682,p3904,88,25
7684,p3905,18,88
7685,p3906,61,100
7687,p3907,81,72
7690,p3908,16,32
7692,p3909,97,74
7694,p3910,36,33
7697,p3911,95,73
7699,p3912,81,92
7700,p3913,2,46
7703,p3914,38,66
7704,p3915,16,28
7705,p3916,100,2
7707,p3917,52,90
7709,p3918,31,76
7711,p3919,51,4
7713,p3920,54,44
7715,p3921,80,32
7718,p3922,4,52
7719,p3923,24,7
7720,p3924,16,15
7721,p3925,89,58
7724,p3926,68,84
7727,p3927,3,74
7730,p3928,55,78
7733,p3929,57,14
7736,p3930,70,36
7739,p3931,42,76
7741,p3932,78,12
7742,p3933,61,43
7745,p3934,52,58
7747,p3935,91,74
7750,p3936,88,94
7752,p3937,54,66
7755,p3938,59,30
7758,p3939,84,69
7759,p3940,72,93
7760,p3941,57,42
7762,p3942,79,15
7764,p3943,58,40
7767,p3944,17,64
7770,p3945,75,85
7773,p3946,59,48
7775,p3947,48,43
7776,p3948,15,85
7779,p3949,86,42
7781,p3950,8,86
7784,p3951,33,70
7787,p3952,89,73
7788,p3953,59,21
7789,p3954,2,30
7790,p3955,38,57
7793,p3956,64,69
7795,p3957,98,75
7796,p3958,66,19
7799,p3959,69,99
7800,p3960,21,69
7803,p3961,26,7
7806,p3962,50,72
7808,p3963,95,13
7810,p3964,38,62
7811,p3965,85,51
7814,p3966,91,88
7816,p3967,19,9
7817,p3968,19,24
7820,p3969,49,25
7823,p3970,59,16
7825,p3971,83,22
7827,p3972,94,36
7829,p3973,65,8
7832,p3974,38,75
7833,p3975,84,99
7836,p3976,27,93
7838,p3977,78,11
7840,p3978,94,77
7843,p3979,79,39
7845,p3980,88,10
7846,p3981,41,73
7847,p3982,55,30
7850,p3983,48,58
7851,p3984,85,96
7852,p3985,22,92
7854,p3986,7,2
7856,p3987,2,72
7859,p3988,27,1
7862,p3989,95,90
7863,p3990,19,31
7864,p3991,5,97
7867,p3992,78,6
7869,p3993,75,33
7871,p3994,13,91
7872,p3995,32,21
7875,p3996,12,95
7877,p3997,80,39
7880,p3998,17,20
7881,p3999,9,79
7882,p4000,56,15
7883,p4001,70,3
7886,p4002,95,96
7888,p4003,76,98
7891,p4004,95,9
7893,p4005,24,30
7896,p4006,35,18
7899,p4007,62,12
7902,p4008,32,37
7905,p4009,4,69
7906,p4010,51,89
7907,p4011,50,35
7910,p4012,87,13
7912,p4013,39,42
7913,p4014,82,75
7916,p4015,45,12
7919,p4016,57,55
7921,p4017,32,62
7924,p4018,15,7
7925,p4019,95,38
7927,p4020,59,2
7928,p4021,51,28
7930,p4022,6,63
7932,p4023,87,92
7934,p4024,76,8
7936,p4025,72,67
7937,p4026,65,96
7938,p4027,41,100
7939,p4028,89,1
7940,p4029,56,1
7941,p4030,69,54
7943,p4031,87,33
7944,p4032,75,20
7947,p4033,26,24
7950,p4034,74,68
7953,p4035,29,8
7954,p4036,29,1
7957,p4037,49,93
7959,p4038,69,62
7960,p4039,41,66
7961,p4040,16,44
7964,p4041,98,50
7967,p4042,36,12
7970,p4043,81,100
7973,p4044,23,40
7974,p4045,79,53
7975,p4046,89,25
7977,p4047,92,25
7979,p4048,57,97
7981,p4049,74,13
7983,p4050,88,42
7984,p4051,16,99
7987,p4052,59,11
7989,p4053,97,76
7990,p4054,9,24
7991,p4055,77,10
7994,p4056,75,91
7996,p4057,79,2
7997,p4058,31,57
7999,p4059,42,30
8002,p4060,32,25
8005,p4061,60,3
8007,p4062,62,55
8010,p4063,59,21
8013,p4064,54,58
8014,p4065,20,52
8015,p4066,48,77
8018,p4067,12,80
8019,p4068,25,29
8020,p4069,80,45
8023,p4070,25,55
8025,p4071,74,25
8027,p4072,14,8
8030,p4073,83,54
8033,p4074,97,6
8035,p4075,81,72
8038,p4076,50,52
8039,p4077,1,100
8040,p4078,74,38
8041,p4079,22,92
8043,p4080,6,44
8044,p4081,48,19
8045,p4082,48,33
8048,p4083,97,25
8051,p4084,93,33
8053,p4085,62,72
8055,p4086,7,76
8058,p4087,2,58
8061,p4088,5,71
8063,p4089,6,69
8066,p4090,9,1
8068,p4091,85,100
8071,p4092,27,26
8073,p4093,27,12
8076,p4094,16,100
8078,p4095,49,92
8081,p4096,25,34
8084,p4097,90,6
8085,p4098,50,68
8087,p4099,31,75
8089,p4100,26,94
8091,p4101,74,99
8092,p4102,41,28
8095,p4103,77,41
8096,p4104,83,35
8098,p4105,14,58
8100,p4106,72,32
8101,p4107,57,37
8102,p4108,63,18
8103,p4109,56,28
8104,p4110,82,17
8106,p4111,75,55
8107,p4112,73,12
8110,p4113,1,74
8111,p4114,94,90
8112,p4115,83,63
8115,p4116,18,92
8117,p4117,54,91
8119,p4118,46,91
8121,p4119,60,78
8123,p4120,89,90
8125,p4121,99,15
8127,p4122,77,12
8128,p4123,65,97
8130,p4124,66,59
8132,p4125,57,72
8134,p4126,65,74
8136,p4127,40,59
8139,p4128,10,27
8142,p4129,75,53
8143,p4130,61,29
8144,p4131,88,84
8147,p4132,75,39
8150,p4133,94,23
8151,p4134,24,89
8152,p4135,7,26
8153,p4136,59,70
8156,p4137,9,33
8159,p4138,86,83
8162,p4139,38,11
8165,p4140,78,98
8166,p4141,100,80
8168,p4142,98,93
8169,p4143,2,59
8170,p4144,23,52
8172,p4145,77,52
8174,p4146,33,1
8176,p4147,89,60
8178,p4148,20,25
8180,p4149,63,68
8183,p4150,47,60
8185,p4151,85,63
8187,p4152,64,15
8189,p4153,81,92
8192,p4154,90,98
8194,p4155,22,49
8195,p4156,96,10
8198,p4157,95,11
8201,p4158,61,20
8204,p4159,23,94
8206,p4160,16,12
8207,p4161,69,39
8209,p4162,51,76
8211,p4163,95,10
8212,p4164,7,98
8213,p4165,60,81
8215,p4166,51,49
8218,p4167,37,90
8220,p4168,62,36
8223,p4169,44,63
8226,p4170,11,28
8228,p4171,33,64
8231,p4172,5,77
8232,p4173,93,75
8234,p4174,10,51
8235,p4175,38,14
8237,p4176,27,99
8239,p4177,48,52
8241,p4178,77,74
8243,p4179,22,72
8246,p4180,51,49
8247,p4181,4,46
8249,p4182,51,47
8250,p4183,49,26
8253,p4184,67,68
8255,p4185,27,57
8257,p4186,28,76
8259,p4187,42,60
8261,p4188,25,40
8262,p4189,98,18
8265,p4190,72,86
8266,p4191,52,87
8269,p4192,56,99
8270,p4193,26,61
8271,p4194,60,21
8272,p4195,4,7
8274,p4196,48,44
8277,p4197,40,64
8279,p4198,91,67
8281,p4199,36,68
8282,p4200,64,32
8283,p4201,71,29
8286,p4202,56,74
8287,p4203,41,70
8289,p4204,68,30
8290,p4205,18,96
8293,p4206,86,62
8296,p4207,21,31
8297,p4208,77,6
8300,p4209,98,39
8301,p4210,50,95
8304,p4211,36,57
8307,p4212,84,62
8308,p4213,35,78
8311,p4214,10,54
8313,p4215,53,43
8315,p4216,98,41
8317,p4217,49,23
8320,p4218,74,43
8322,p4219,18,63
8324,p4220,73,42
8327,p4221,20,70
8329,p4222,37,12
8331,p4223,62,82
8333,p4224,10,26
8336,p4225,24,30
8337,p4226,58,13
8340,p4227,99,54
8342,p4228,62,91
8344,p4229,26,72
8347,p4230,73,79
8349,p4231,39,52
8352,p4232,30,76
8354,p4233,65,55
8355,p4234,99,26
8358,p4235,57,13
8360,p4236,7,24
8361,p4237,53,83
8363,p4238,45,27
8366,p4239,34,58
8367,p4240,100,1
8368,p4241,1,77
8369,p4242,1,56
8370,p4243,13,6
8373,p4244,75,25
8375,p4245,96,88
8378,p4246,42,85
8380,p4247,27,72
8381,p4248,9,31
8383,p4249,77,6
8386,p4250,77,61
8389,p4251,14,33
8391,p4252,92,39
8392,p4253,65,60
8393,p4254,59,44
8394,p4255,1,19
8395,p4256,74,22
8396,p4257,49,30
8398,p4258,14,33
8399,p4259,18,26
8400,p4260,96,5
8403,p4261,4,7
8405,p4262,28,2
8406,p4263,95,52
8409,p4264,47,84
8411,p4265,44,89
8414,p4266,75,46
8416,p4267,28,42
8419,p4268,60,65
8420,p4269,37,62
8423,p4270,68,75
8425,p4271,55,71
8428,p4272,92,24
8431,p4273,27,57
8434,p4274,67,85
8435,p4275,8,18
8437,p4276,26,6
8438,p4277,28,8
8440,p4278,37,51
8441,p4279,59,72
8442,p4280,66,41
8444,p4281,42,70
8445,p4282,15,30
8446,p4283,60,87
8447,p4284,60,41
8448,p4285,72,46
8451,p4286,31,80
8453,p4287,28,63
8456,p4288,29,25
8458,p4289,90,47
8459,p4290,90,7
8460,p4291,79,26
8461,p4292,51,84
8463,p4293,96,46
8464,p4294,84,49
8467,p4295,42,92
8469,p4296,48,1
8470,p4297,95,69
8473,p4298,13,42
8474,p4299,56,66
8477,p4300,66,98
8479,p4301,58,27
8481,p4302,39,35
8483,p4303,51,5
8486,p4304,37,41
8489,p4305,93,83
8490,p4306,90,74
8492,p4307,69,58
8493,p4308,82,87
8495,p4309,61,92
8497,p4310,71,37
8500,p4311,24,67
8503,p4312,97,29
8506,p4313,66,34
8507,p4314,92,77
8508,p4315,44,95
8510,p4316,69,94
8512,p4317,20,99
8515,p4318,85,65
8517,p4319,41,77
8518,p4320,15,4
8520,p4321,75,49
8521,p4322,98,30
8524,p4323,44,68
8527,p4324,82,22
8528,p4325,85,94
8530,p4326,32,12
8531,p4327,52,59
8532,p4328,84,20
8535,p4329,81,97
8537,p4330,71,22
8539,p4331,55,36
8540,p4332,13,63
8542,p4333,40,99
8545,p4334,14,65
8547,p4335,3,94
8550,p4336,56,48
8552,p4337,41,57
8555,p4338,82,75
8557,p4339,70,65
8559,p4340,44,71
8560,p4341,29,71
8562,p4342,12,94
8564,p4343,66,75
8567,p4344,71,63
8570,p4345,36,6
8572,p4346,3,34
8575,p4347,29,49
8577,p4348,36,74
8578,p4349,64,63
8580,p4350,76,85
8581,p4351,9,67
8584,p4352,20,75
8586,p4353,59,2
8589,p4354,38,27
8591,p4355,15,63
8593,p4356,50,28
8594,p4357,72,47
8596,p4358,18,16
8599,p4359,15,16
8601,p4360,96,21
8602,p4361,100,21
8603,p4362,65,26
8604,p4363,10,50
8606,p4364,50,51
8608,p4365,36,7
8611,p4366,87,28
8613,p4367,2,57
8614,p4368,98,33
8615,p4369,63,32
8616,p4370,6,15
8618,p4371,88,92
8620,p4372,98,95
8623,p4373,75,16
8626,p4374,25,69
8628,p4375,88,63
8631,p4376,20,36
8634,p4377,97,23
8635,p4378,60,83
8638,p4379,36,16
8640,p4380,81,61
8643,p4381,90,40
8645,p4382,67,68
8647,p4383,41,54
8648,p4384,90,16
8650,p4385,20,47
8653,p4386,28,48
8655,p4387,76,33
8656,p4388,59,49
8657,p4389,45,33
8658,p4390,69,64
8660,p4391,85,58
8663,p4392,65,64
8666,p4393,35,87
8667,p4394,40,26
8670,p4395,55,30
8673,p4396,7,17
8675,p4397,66,85
8677,p4398,4,48
8678,p4399,82,1
8681,p4400,59,32
8682,p4401,6,2
8685,p4402,40,65
8687,p4403,80,31
8690,p4404,24,27
8692,p4405,46,18
8694,p4406,54,36
8697,p4407,76,3
8699,p4408,45,13
8701,p4409,39,42
8702,p4410,7,38
8705,p4411,12,78
8707,p4412,71,2
8710,p4413,57,23
8711,p4414,17,89
8714,p4415,37,95
8717,p4416,50,95
8718,p4417,45,72
8720,p4418,60,67
8722,p4419,35,6
8725,p4420,63,34
8728,p4421,50,22
8730,p4422,42,52
8731,p4423,20,68
8733,p4424,94,31
8736,p4425,60,74
8739,p4426,89,43
8742,p4427,28,68
8744,p4428,91,75
8746,p4429,78,72
8747,p4430,81,7
8748,p4431,83,16
8749,p4432,85,55
8752,p4433,76,75
8753,p4434,66,77
8755,p4435,70,42
8756,p4436,38,24
8757,p4437,76,70
8760,p4438,53,70
8763,p4439,12,57
8764,p4440,73,97
8767,p4441,90,13
8768,p4442,3,69
8769,p4443,21,34
8771,p4444,82,80
8774,p4445,47,30
8775,p4446,49,67
8778,p4447,27,34
8780,p4448,82,43
8783,p4449,73,30
8786,p4450,23,84
8788,p4451,48,81
8791,p4452,24,79
8794,p4453,18,69
8795,p4454,79,6
8797,p4455,48,5
8799,p4456,64,39
8801,p4457,27,92
8802,p4458,79,13
8804,p4459,62,84
8805,p4460,37,15
8808,p4461,86,95
8810,p4462,81,31
8813,p4463,89,34
8814,p4464,53,22
8816,p4465,41,30
8817,p4466,91,22
8819,p4467,13,94
8822,p4468,73,35
8824,p4469,39,91
8826,p4470,40,71
8827,p4471,2,29
8829,p4472,33,30
8832,p4473,66,1
8835,p4474,28,81
8836,p4475,17,62
8837,p4476,32,1
8838,p4477,13,51
8839,p4478,18,33
8840,p4479,57,83
8843,p4480,54,38
8846,p4481,99,96
8849,p4482,90,32
8852,p4483,38,21
8854,p4484,66,42
8855,p4485,93,77
8857,p4486,78,73
8860,p4487,71,42
8861,p4488,82,95
8863,p4489,41,6
8865,p4490,6,19
8867,p4491,76,13
8870,p4492,10,33
8872,p4493,27,85
8875,p4494,47,16
8877,p4495,90,43
8880,p4496,43,51
8882,p4497,85,22
8885,p4498,93,13
8887,p4499,74,100
8889,p4500,93,33
8892,p4501,18,93
8895,p4502,60,12
8897,p4503,20,23
8900,p4504,29,52
8903,p4505,34,80
8904,p4506,46,95
8905,p4507,95,67
8907,p4508,2,56
8909,p4509,37,58
8911,p4510,55,92
8913,p4511,1,67
8916,p4512,67,3
8918,p4513,76,21
8919,p4514,91,14
8920,p4515,18,93
8921,p4516,17,49
8923,p4517,35,14
8925,p4518,89,69
8927,p4519,64,25
8930,p4520,26,10
8932,p4521,65,55
8935,p4522,71,69
8936,p4523,78,80
8937,p4524,37,88
8940,p4525,70,31
8942,p4526,89,14
8944,p4527,83,29
8947,p4528,100,7
8950,p4529,8,72
8953,p4530,89,85
8954,p4531,61,72
8955,p4532,2,82
8958,p4533,62,32
8960,p4534,62,59
8963,p4535,74,43
8966,p4536,73,36
8967,p4537,74,57
8970,p4538,23,25
8973,p4539,16,21
8975,p4540,76,75
8976,p4541,14,19
8979,p4542,77,88
8980,p4543,27,16
8983,p4544,58,57
8984,p4545,3,26
8987,p4546,14,32
8988,p4547,58,94
8991,p4548,100,36
8992,p4549,33,69
8993,p4550,61,13
8994,p4551,35,69
8995,p4552,22,41
8996,p4553,46,74
8999,p4554,21,20
9002,p4555,82,56
9003,p4556,72,7
9006,p4557,27,37
9008,p4558,30,19
9010,p4559,22,33
9012,p4560,21,99
9014,p4561,51,66
9015,p4562,93,26
9016,p4563,7,75
9019,p4564,14,27
9022,p4565,93,42
9023,p4566,82,12
9024,p4567,65,17
9026,p4568,60,76
9027,p4569,92,6
9030,p4570,31,34
9032,p4571,56,51
9033,p4572,22,70
9036,p4573,78,2
9037,p4574,8,47
9038,p4575,100,98
9040,p4576,33,46
9042,p4577,3,45
9045,p4578,91,56
9048,p4579,68,51
9049,p4580,64,12
9050,p4581,24,46
9053,p4582,100,68
9055,p4583,27,45
9057,p4584,68,49
9059,p4585,4,38
9062,p4586,91,62
9063,p4587,32,43
9064,p4588,2,32
9065,p4589,28,94
9068,p4590,36,73
9069,p4591,1,46
9071,p4592,58,52
9073,p4593,2,41
9076,p4594,90,52
9077,p4595,33,83
9080,p4596,41,16
9083,p4597,31,97
9086,p4598,58,9
9088,p4599,49,63
9089,p4600,79,28
9092,p4601,77,74
9095,p4602,94,16
9096,p4603,5,30
9098,p4604,7,4
9101,p4605,15,27
9102,p4606,7,14
9103,p4607,23,60
9106,p4608,3,42
9107,p4609,30,73
9109,p4610,19,84
9110,p4611,68,91
9111,p4612,37,26
9112,p4613,3,51
9115,p4614,79,15
9117,p4615,19,67
9120,p4616,18,84
9121,p4617,23,21
9122,p4618,92,48
9123,p4619,86,70
9124,p4620,95,83
9126,p4621,66,7
9128,p4622,53,26
9130,p4623,85,59
9132,p4624,91,61
9133,p4625,82,59
9136,p4626,85,7
9139,p4627,47,22
9140,p4628,26,62
9142,p4629,91,24
9144,p4630,84,59
9147,p4631,81,24
9148,p4632,79,12
9150,p4633,22,68
9152,p4634,24,98
9153,p4635,90,58
9155,p4636,42,58
9157,p4637,72,87
9160,p4638,64,42
9163,p4639,94,91
9165,p4640,48,51
9167,p4641,52,20
9170,p4642,48,89
9171,p4643,35,9
9172,p4644,35,6
9175,p4645,41,50
9178,p4646,58,85
9179,p4647,9,15
9181,p4648,78,10
9184,p4649,97,71
9187,p4650,49,18
9188,p4651,33,79
9189,p4652,89,65
9191,p4653,78,77
9194,p4654,44,39
9195,p4655,71,21
9196,p4656,85,62
9199,p4657,80,92
9200,p4658,30,34
9202,p4659,81,91
9204,p4660,58,72
9207,p4661,83,97
9208,p4662,93,53
9210,p4663,58,32
9212,p4664,92,16
9214,p4665,4,18
9216,p4666,71,44
9218,p4667,65,80
9221,p4668,51,26
9224,p4669,32,35
9227,p4670,38,4
9230,p4671,80,58
9233,p4672,31,8
9235,p4673,6,91
9236,p4674,59,15
9239,p4675,64,35
9241,p4676,10,81
9242,p4677,5,100
9245,p4678,95,52
9247,p4679,55,20
9248,p4680,100,73
9250,p4681,52,4
9253,p4682,95,31
9255,p4683,32,43
9257,p4684,42,98
9259,p4685,21,85
9261,p4686,5,18
9264,p4687,83,70
9266,p4688,64,55
9267,p4689,90,55
9270,p4690,18,29
9272,p4691,44,95
9274,p4692,38,91
9277,p4693,85,89
9278,p4694,37,28
9280,p4695,7,45
9282,p4696,75,81
9283,p4697,96,92
9284,p4698,57,9
9286,p4699,94,8
9288,p4700,47,17
9290,p4701,6,32
9292,p4702,59,61
9295,p4703,86,19
9296,p4704,91,39
9297,p4705,4,84
9299,p4706,68,99
9302,p4707,90,2
9304,p4708,98,88
9306,p4709,3,60
9309,p4710,19,14
9311,p4711,92,96
9312,p4712,1,9
9313,p4713,27,44
9316,p4714,79,4
9318,p4715,89,81
9321,p4716,17,36
9322,p4717,82,5
9324,p4718,17,21
9325,p4719,54,46
9326,p4720,12,43
9327,p4721,86,78
9330,p4722,19,91
9333,p4723,82,96
9334,p4724,49,2
9337,p4725,28,67
9340,p4726,82,32
9341,p4727,29,17
9343,p4728,91,59
9346,p4729,40,95
9348,p4730,38,45
9351,p4731,24,8
9354,p4732,58,26
9356,p4733,92,86
9358,p4734,84,15
9360,p4735,52,46
9361,p4736,1,54
9363,p4737,84,69
9366,p4738,71,2
9369,p4739,64,46
9370,p4740,57,43
9372,p4741,43,34
9375,p4742,58,78
9378,p4743,89,26
9379,p4744,18,80
9381,p4745,32,13
9382,p4746,50,80
9385,p4747,58,100
9386,p4748,37,28
9388,p4749,74,79
9389,p4750,13,63
9391,p4751,89,1
9394,p4752,50,31
9395,p4753,19,99
9397,p4754,32,19
9399,p4755,48,34
9400,p4756,13,46
9402,p4757,79,28
9404,p4758,31,49
9405,p4759,89,72
9406,p4760,63,62
9409,p4761,44,93
9410,p4762,57,6
9413,p4763,55,94
9415,p4764,71,33
9416,p4765,44,32
9419,p4766,67,23
9421,p4767,58,57
9422,p4768,28,96
9424,p4769,94,98
9426,p4770,83,77
9427,p4771,95,93
9429,p4772,56,72
9432,p4773,14,34
9434,p4774,70,8
9437,p4775,37,23
9439,p4776,87,57
9442,p4777,25,59
9443,p4778,65,12
9445,p4779,95,31
9446,p4780,86,82
9448,p4781,27,9
9451,p4782,24,6
9454,p4783,5,27
9455,p4784,94,77
9456,p4785,39,62
9458,p4786,25,28
9459,p4787,16,30
9462,p4788,58,29
9463,p4789,78,27
9464,p4790,97,14
9467,p4791,25,23
9468,p4792,17,39
9469,p4793,30,9
9472,p4794,75,2
9473,p4795,53,2
9474,p4796,23,4
9477,p4797,72,57
9478,p4798,22,84
9480,p4799,30,81
9481,p4800,63,55
9483,p4801,27,74
9485,p4802,32,23
9487,p4803,92,21
9490,p4804,46,75
9492,p4805,35,34
9493,p4806,34,17
9495,p4807,65,90
9498,p4808,32,39
9499,p4809,42,4
9501,p4810,50,70
9504,p4811,25,38
9507,p4812,40,84
9508,p4813,44,16
9510,p4814,41,59
9513,p4815,54,21
9515,p4816,63,40
9517,p4817,45,89
9518,p4818,17,14
9519,p4819,24,45
9521,p4820,43,71
9522,p4821,87,60
9525,p4822,36,85
9526,p4823,67,42
9528,p4824,83,85
9531,p4825,85,69
9532,p4826,2,89
9534,p4827,84,90
9536,p4828,15,28
9538,p4829,99,44
9539,p4830,66,21
9541,p4831,66,51
9543,p4832,27,59
9546,p4833,20,85
9549,p4834,45,48
9551,p4835,29,51
9552,p4836,30,32
9555,p4837,41,93
9557,p4838,62,21
9558,p4839,43,7
9561,p4840,20,35
9563,p4841,45,44
9564,p4842,19,58
9565,p4843,39,45
9566,p4844,98,55
9568,p4845,6,56
9569,p4846,23,55
9572,p4847,90,25
9575,p4848,38,81
9577,p4849,73,29
9578,p4850,78,51
9580,p4851,91,94
9581,p4852,73,37
9583,p4853,80,46
9586,p4854,50,1
9587,p4855,17,71
9589,p4856,49,23
9590,p4857,64,81
9591,p4858,84,22
9593,p4859,82,35
9594,p4860,43,87
9596,p4861,10,52
9597,p4862,34,39
9599,p4863,24,38
9602,p4864,22,16
9604,p4865,79,82
9605,p4866,64,37
9606,p4867,48,58
9607,p4868,83,81
9608,p4869,71,29
9609,p4870,60,89
9612,p4871,82,57
9615,p4872,93,8
9618,p4873,91,61
9619,p4874,70,6
9622,p4875,68,10
9623,p4876,90,18
9624,p4877,38,6
9625,p4878,74,59
9626,p4879,49,26
9628,p4880,95,87
9629,p4881,84,7
9630,p4882,58,54
9632,p4883,92,40
9633,p4884,23,36
9635,p4885,30,75
9636,p4886,61,17
9637,p4887,11,46
9640,p4888,71,75
9641,p4889,58,40
9644,p4890,52,68
9646,p4891,97,51
9648,p4892,20,25
9649,p4893,1,63
9651,p4894,10,18
9654,p4895,52,4
9655,p4896,7,83
9656,p4897,52,92
9659,p4898,12,59
9662,p4899,21,56
9664,p4900,39,47
9665,p4901,19,44
9667,p4902,47,46
9668,p4903,44,1
9670,p4904,74,53
9673,p4905,66,2
9675,p4906,47,93
9678,p4907,82,94
9679,p4908,17,72
9680,p4909,66,6
9681,p4910,4,19
9682,p4911,62,93
9684,p4912,3,32
9687,p4913,91,31
9689,p4914,1,28
9692,p4915,47,65
9694,p4916,56,47
9696,p4917,40,87
9697,p4918,43,13
9700,p4919,37,20
9702,p4920,16,36
9704,p4921,70,43
9707,p4922,2,54
9709,p4923,31,79
9712,p4924,86,65
9713,p4925,18,82
9716,p4926,31,66
9717,p4927,44,20
9718,p4928,86,99
9719,p4929,55,10
9720,p4930,36,78
9723,p4931,22,18
9724,p4932,90,26
9725,p4933,27,97
9726,p4934,12,96
9727,p4935,2,34
9728,p4936,9,1
9730,p4937,97,26
9732,p4938,59,84
9734,p4939,85,56
9735,p4940,89,48
9737,p4941,62,95
9739,p4942,60,17
9741,p4943,81,15
9743,p4944,21,39
9744,p4945,11,57
9745,p4946,86,83
9748,p4947,39,47
9750,p4948,11,21
9751,p4949,53,67
9754,p4950,96,97
9757,p4951,68,3
9758,p4952,39,23
9761,p4953,38,3
9763,p4954,65,31
9765,p4955,22,62
9766,p4956,93,50
9767,p4957,36,86
9768,p4958,66,44
9771,p4959,100,75
9774,p4960,85,17
9776,p4961,33,26
9779,p4962,33,28
9781,p4963,11,83
9782,p4964,30,22
9785,p4965,85,45
9788,p4966,65,73
9789,p4967,89,18
9792,p4968,92,17
9795,p4969,69,79
9798,p4970,42,82
9799,p4971,87,88
9800,p4972,39,5
9802,p4973,4,19
9804,p4974,17,15
9805,p4975,37,100
9806,p4976,60,31
9808,p4977,70,99
9810,p4978,46,40
9811,p4979,7,99
9812,p4980,63,45
9815,p4981,43,30
9816,p4982,31,40
9817,p4983,90,75
9820,p4984,67,90
9821,p4985,26,53
9822,p4986,64,34
9824,p4987,9,47
9825,p4988,1,6
9827,p4989,38,63
9830,p4990,5,27
9833,p4991,32,14
9834,p4992,35,66
9837,p4993,76,91
9840,p4994,41,17
9842,p4995,45,55
9844,p4996,32,22
9845,p4997,42,11
9848,p4998,80,20
9850,p4999,73,90
9853,p5000,65,41
9856,p5001,59,60
9857,p5002,47,62
9858,p5003,61,44
9861,p5004,99,91
9862,p5005,82,2
9865,p5006,60,51
9866,p5007,61,64
9867,p5008,5,24
9870,p5009,19,62
9872,p5010,46,100
9874,p5011,41,7
9877,p5012,78,6
9880,p5013,97,69
9883,p5014,50,28
9885,p5015,5,85
9888,p5016,91,18
9890,p5017,97,90
9893,p5018,56,45
9894,p5019,3,91
9895,p5020,100,95
9897,p5021,60,6
9898,p5022,18,10
9900,p5023,100,49
9903,p5024,37,69
9906,p5025,69,7
9908,p5026,12,50
9910,p5027,99,47
9911,p5028,10,4
9913,p5029,30,98
9914,p5030,45,11
9916,p5031,30,80
9918,p5032,51,24
9919,p5033,95,88
9921,p5034,80,28
9924,p5035,66,39
9926,p5036,14,96
9929,p5037,69,83
9932,p5038,81,84
9934,p5039,39,24
9937,p5040,93,5
9938,p5041,47,48
9940,p5042,97,49
9943,p5043,25,77
9944,p5044,95,54
9947,p5045,35,33
9950,p5046,88,50
9951,p5047,15,32
9953,p5048,94,82
9955,p5049,68,28
9956,p5050,5,70
9958,p5051,12,50
9959,p5052,48,71
9962,p5053,41,63
9963,p5054,11,84
9964,p5055,9,65
9967,p5056,29,79
9969,p5057,46,58
9970,p5058,16,23
9973,p5059,44,26
9975,p5060,80,87
9977,p5061,71,56
9979,p5062,87,14
9981,p5063,39,56
9984,p5064,55,40
9986,p5065,86,21
9988,p5066,40,67
9990,p5067,68,26
9991,p5068,20,54
9992,p5069,29,44
9994,p5070,62,1
9995,p5071,47,96
9998,p5072,1,30
10000,p5073,64,23
10001,p5074,34,19
10002,p5075,73,67
10003,p5076,35,26
10004,p5077,20,40
10005,p5078,61,86
10007,p5079,23,65
10010,p5080,20,68
10013,p5081,92,84
10014,p5082,37,9
10017,p5083,19,73
10018,p5084,38,61
10020,p5085,42,48
10022,p5086,49,55
10024,p5087,33,65
10027,p5088,77,55
10029,p5089,64,21
10030,p5090,93,94
10031,p5091,11,79
10034,p5092,77,7
10036,p5093,9,43
10039,p5094,67,40
10042,p5095,77,57
10043,p5096,29,68
10046,p5097,5,97
10047,p5098,77,36
10048,p5099,86,6
10049,p5100,3,53
10050,p5101,53,90
10051,p5102,71,13
10052,p5103,84,43
10054,p5104,32,74
10057,p5105,15,62
10058,p5106,41,49
10059,p5107,2,84
10062,p5108,69,26
10063,p5109,45,83
10065,p5110,35,50
10066,p5111,74,97
10069,p5112,76,82
10072,p5113,76,15
10075,p5114,83,94
10076,p5115,81,21
10078,p5116,83,7
10081,p5117,2,92
10082,p5118,52,64
10085,p5119,89,69
10087,p5120,42,93
10089,p5121,9,27
10091,p5122,61,39
10094,p5123,64,44
10096,p5124,10,68
10099,p5125,81,74
10101,p5126,99,63
10102,p5127,27,59
10103,p5128,28,36
10104,p5129,67,72
10105,p5130,78,20
10107,p5131,37,43
10109,p5132,98,84
10110,p5133,71,25
10113,p5134,93,89
10115,p5135,29,13
10117,p5136,67,46
10119,p5137,8,72
10120,p5138,63,31
10121,p5139,59,83
10123,p5140,98,4
10125,p5141,69,58
10126,p5142,88,51
10127,p5143,11,100
10128,p5144,38,18
10129,p5145,37,79
10131,p5146,39,100
10134,p5147,26,41
10136,p5148,17,56
10137,p5149,100,67
10139,p5150,59,56
10140,p5151,68,31
10141,p5152,55,100
10143,p5153,75,62
10146,p5154,22,30
10148,p5155,99,46
10149,p5156,30,87
10150,p5157,24,83
10153,p5158,20,62
10155,p5159,17,9
10157,p5160,87,98
10158,p5161,27,11
10159,p5162,4,3
10160,p5163,22,73
10163,p5164,73,100
10165,p5165,62,61
10166,p5166,43,89
10167,p5167,55,56
10169,p5168,85,16
10172,p5169,15,6
10173,p5170,75,61
10174,p5171,47,20
10177,p5172,32,57
10180,p5173,16,10
10181,p5174,62,40
10184,p5175,32,36
10187,p5176,38,77
10190,p5177,1,50
10193,p5178,94,22
10195,p5179,31,40
10198,p5180,25,43
10199,p5181,95,21
10200,p5182,2,83
10201,p5183,83,71
10204,p5184,7,95
10207,p5185,61,2
10209,p5186,50,22
10210,p5187,97,49
10213,p5188,98,11
10216,p5189,62,9
10219,p5190,9,49
10220,p5191,49,100
10221,p5192,43,26
10224,p5193,60,29
10225,p5194,85,56
10226,p5195,93,12
10229,p5196,77,95
10230,p5197,12,82
10231,p5198,94,42
10232,p5199,71,30
10235,p5200,57,35
10237,p5201,23,38
10240,p5202,10,50
10243,p5203,90,87
10246,p5204,63,98
10249,p5205,11,40
10251,p5206,62,64
10252,p5207,7,52
10255,p5208,46,61
10257,p5209,84,9
10260,p5210,36,30
10263,p5211,8,68
10266,p5212,9,99
10267,p5213,72,71
10268,p5214,76,71
10269,p5215,87,66
10270,p5216,17,39
10271,p5217,89,65
10273,p5218,8,27
10274,p5219,57,20
10275,p5220,88,60
10277,p5221,66,9
10280,p5222,42,5
10282,p5223,99,21
10284,p5224,71,88
10286,p5225,22,2
10287,p5226,44,87
10288,p5227,51,46
10289,p5228,73,64
10291,p5229,87,43
10293,p5230,3,18
10296,p5231,89,80
10298,p5232,54,30
10301,p5233,95,68
10303,p5234,97,26
10305,p5235,41,19
10307,p5236,36,76
10308,p5237,55,25
10310,p5238,41,95
10313,p5239,80,47
10315,p5240,14,21
10317,p5241,80,90
10318,p5242,94,77
10320,p5243,13,75
10323,p5244,27,68
10325,p5245,55,65
10328,p5246,63,29
10330,p5247,18,2
10331,p5248,92,11
10334,p5249,70,88
10336,p5250,87,7
10338,p5251,78,23
10339,p5252,60,70
10342,p5253,71,57
10343,p5254,12,34
10344,p5255,88,16
10346,p5256,73,26
10348,p5257,41,89
10349,p5258,37,35
10352,p5259,45,77
10355,p5260,96,13
10357,p5261,8,73
10359,p5262,49,62
10360,p5263,17,2
10363,p5264,12,54
10366,p5265,91,97
10369,p5266,42,53
10371,p5267,12,37
10372,p5268,43,70
10374,p5269,90,80
10376,p5270,49,83
10379,p5271,10,56
10382,p5272,12,65
10385,p5273,62,13
10386,p5274,76,42
10388,p5275,88,43
10390,p5276,88,22
10393,p5277,93,54
10395,p5278,68,2
10397,p5279,85,26
10398,p5280,37,5
10400,p5281,96,95
10401,p5282,39,96
10402,p5283,50,70
10404,p5284,80,59
10407,p5285,45,86
10409,p5286,55,43
10412,p5287,23,2
10414,p5288,22,3
10415,p5289,79,53
10418,p5290,89,98
10419,p5291,10,33
10420,p5292,50,20
10423,p5293,61,78
10426,p5294,77,83
10429,p5295,99,8
10432,p5296,38,54
10434,p5297,85,18
10436,p5298,85,59
10439,p5299,21,36
10440,p5300,55,65
10441,p5301,7,77
10442,p5302,82,42
10443,p5303,83,42
10445,p5304,63,57
10448,p5305,13,58
10450,p5306,45,86
10453,p5307,36,40
10454,p5308,81,8
10455,p5309,7,48
10458,p5310,78,15
10459,p5311,8,78
10460,p5312,73,60
10462,p5313,52,16
10463,p5314,86,89
10464,p5315,74,11
10465,p5316,68,53
10467,p5317,44,17
10468,p5318,25,66
10470,p5319,9,6
10472,p5320,37,4
10473,p5321,19,32
10475,p5322,25,96
10476,p5323,66,52
10477,p5324,27,98
10479,p5325,29,82
10481,p5326,46,25
10483,p5327,33,80
10486,p5328,14,63
10489,p5329,91,23
10491,p5330,11,32
10494,p5331,70,34
10496,p5332,86,49
10498,p5333,42,7
10500,p5334,80,5
10503,p5335,80,4
10504,p5336,33,24
10505,p5337,58,4
10506,p5338,4,98
10508,p5339,41,66
10511,p5340,18,6
10513,p5341,71,100
10516,p5342,33,67
10519,p5343,64,66
10521,p5344,64,15
10524,p5345,72,39
10525,p5346,38,43
10528,p5347,29,79
10530,p5348,33,25
10531,p5349,24,98
10533,p5350,23,36
10536,p5351,43,98
10537,p5352,88,85
10539,p5353,21,67
10540,p5354,97,20
10541,p5355,84,30
10543,p5356,91,66
10546,p5357,86,26
10547,p5358,76,33
10548,p5359,29,17
10550,p5360,62,95
10551,p5361,43,49
10554,p5362,89,9
10555,p5363,88,65
10557,p5364,37,58
10560,p5365,77,81
10562,p5366,83,36
10563,p5367,17,10
10566,p5368,91,38
10568,p5369,16,10
10570,p5370,91,2
10573,p5371,79,18
10575,p5372,32,18
10578,p5373,95,84
10579,p5374,86,84
10580,p5375,93,98
10583,p5376,55,81
10586,p5377,100,48
10589,p5378,93,23
10592,p5379,63,4
10595,p5380,28,25
10598,p5381,84,55
10601,p5382,50,70
10604,p5383,31,100
10605,p5384,24,55
10606,p5385,25,45
10608,p5386,46,66
10611,p5387,7,17
10614,p5388,43,59
10615,p5389,88,10
10616,p5390,23,12
10619,p5391,97,62
10620,p5392,73,89
10623,p5393,51,45
10626,p5394,96,9
10627,p5395,54,1
10630,p5396,59,27
10632,p5397,3,72
10635,p5398,83,42
10637,p5399,88,51
10638,p5400,67,23
10639,p5401,11,20
10641,p5402,75,62
10642,p5403,67,40
10645,p5404,41,33
10646,p5405,40,13
10647,p5406,14,67
10650,p5407,20,29
10653,p5408,27,35
10654,p5409,75,92
10655,p5410,80,12
10656,p5411,9,62
10657,p5412,22,87
10659,p5413,24,21
10660,p5414,91,36
10661,p5415,30,44
10664,p5416,90,92
10665,p5417,99,48
10668,p5418,25,43
10670,p5419,49,74
10671,p5420,26,77
10674,p5421,54,85
10676,p5422,50,57
10678,p5423,35,98
10679,p5424,50,37
10680,p5425,67,48
10681,p5426,57,89
10683,p5427,6,72
10685,p5428,67,50
10686,p5429,38,9
10689,p5430,10,64
10691,p5431,37,18
10692,p5432,15,67
10693,p5433,70,99
10696,p5434,22,98
10697,p5435,77,80
10698,p5436,83,5
10700,p5437,25,27
10703,p5438,11,30
10706,p5439,99,16
10707,p5440,35,73
10709,p5441,2,55
10710,p5442,66,58
10713,p5443,39,45
10714,p5444,72,5
10717,p5445,33,34
10719,p5446,10,91
10720,p5447,10,64
10723,p5448,23,66
10725,p5449,90,80
10728,p5450,80,90
10729,p5451,50,14
10732,p5452,2,24
10735,p5453,1,43
10737,p5454,32,27
10740,p5455,48,83
10742,p5456,53,4
10743,p5457,14,20
10745,p5458,64,35
10746,p5459,14,98
10749,p5460,85,23
10752,p5461,23,22
10754,p5462,18,17
10757,p5463,17,99
10758,p5464,19,48
10759,p5465,51,41
10762,p5466,39,14
10765,p5467,30,56
10766,p5468,84,27
10769,p5469,97,96
10770,p5470,97,75
10771,p5471,55,31
10773,p5472,26,38
10774,p5473,40,23
10775,p5474,17,89
10777,p5475,48,84
10779,p5476,35,95
10782,p5477,10,85
10785,p5478,33,6
10788,p5479,23,29
10791,p5480,49,6
10792,p5481,4,99
10794,p5482,77,15
10795,p5483,29,42
10797,p5484,80,77
10799,p5485,74,15
10800,p5486,5,71
10802,p5487,59,91
10803,p5488,10,1
10804,p5489,33,32
10806,p5490,23,63
10807,p5491,84,20
10809,p5492,4,47
10810,p5493,17,3
10813,p5494,32,45
10815,p5495,5,62
10816,p5496,16,7
10817,p5497,85,100
10819,p5498,100,79
10820,p5499,5,15
10823,p5500,98,7
10824,p5501,91,53
10825,p5502,3,29
10828,p5503,69,53
10831,p5504,34,63
10834,p5505,51,34
10836,p5506,88,15
10837,p5507,74,31
10840,p5508,22,52
10842,p5509,91,78
10843,p5510,28,43
10845,p5511,1,76
10848,p5512,85,76
10849,p5513,75,67
10850,p5514,63,44
10852,p5515,25,79
10855,p5516,92,47
10857,p5517,100,88
10860,p5518,58,100
10861,p5519,96,98
10863,p5520,72,11
10864,p5521,14,92
10865,p5522,86,37
10867,p5523,77,66
10869,p5524,64,55
10870,p5525,88,100
10873,p5526,57,71
10874,p5527,97,69
10875,p5528,44,47
10876,p5529,13,58
10878,p5530,81,80
10879,p5531,63,5
10881,p5532,74,96
10882,p5533,55,83
10884,p5534,11,32
10885,p5535,18,85
10888,p5536,29,15
10891,p5537,25,13
10893,p5538,2,6
10896,p5539,72,48
10899,p5540,10,47
10901,p5541,87,17
10903,p5542,49,38
10904,p5543,26,94
10907,p5544,84,95
10910,p5545,85,29
10912,p5546,50,25
10913,p5547,45,22
10916,p5548,31,29
10918,p5549,91,65
10921,p5550,65,87
10922,p5551,66,81
10923,p5552,58,54
10926,p5553,81,94
10929,p5554,72,16
10930,p5555,79,54
10931,p5556,63,43
10933,p5557,58,50
10936,p5558,100,38
10939,p5559,91,46
10940,p5560,43,12
10942,p5561,81,78
10944,p5562,39,89
10945,p5563,82,97
10947,p5564,90,7
10950,p5565,94,97
10952,p5566,80,55
10955,p5567,1,34
10956,p5568,30,33
10957,p5569,20,63
10960,p5570,97,58
10961,p5571,92,51
10963,p5572,49,54
10965,p5573,76,43
10967,p5574,26,61
10968,p5575,11,33
10970,p5576,95,57
10971,p5577,53,52
10974,p5578,45,20
10977,p5579,36,92
10980,p5580,45,90
10983,p5581,51,18
10986,p5582,23,58
10988,p5583,11,9
10991,p5584,17,40
10992,p5585,11,40
10993,p5586,75,19
10995,p5587,30,15
10998,p5588,2,4
10999,p5589,28,57
11001,p5590,91,8
11003,p5591,31,6
11005,p5592,91,32
11006,p5593,15,47
11007,p5594,18,73
11010,p5595,55,3
11011,p5596,63,95
11014,p5597,74,66
11017,p5598,74,70
11019,p5599,41,39
11022,p5600,69,30
11025,p5601,16,6
11027,p5602,55,15
11029,p5603,73,56
11032,p5604,86,18
11034,p5605,18,32
11035,p5606,58,17
11036,p5607,91,70
11039,p5608,55,30
11041,p5609,73,87
11044,p5610,100,64
11045,p5611,65,76
11046,p5612,89,95
11049,p5613,18,24
11050,p5614,77,75
11053,p5615,4,8
11056,p5616,6,28
11058,p5617,81,56
11060,p5618,18,37
11062,p5619,54,40
11065,p5620,15,74
11067,p5621,21,83
11070,p5622,39,28
11072,p5623,73,89
11073,p5624,44,61
11076,p5625,7,60
11078,p5626,89,9
11081,p5627,63,61
11083,p5628,90,69
11086,p5629,23,48
11089,p5630,15,82
11092,p5631,72,99
11094,p5632,46,68
11097,p5633,51,19
11098,p5634,43,40
11099,p5635,54,37
11102,p5636,30,63
11104,p5637,35,2
11105,p5638,43,74
11108,p5639,29,67
11109,p5640,88,41
11110,p5641,62,64
11113,p5642,3,97
11115,p5643,44,27
11117,p5644,6,30
11119,p5645,95,98
11121,p5646,86,12
11123,p5647,79,27
11126,p5648,4,54
11127,p5649,53,13
11130,p5650,83,94
11133,p5651,95,36
11134,p5652,53,86
11137,p5653,98,55
11138,p5654,85,49
11139,p5655,93,19
11140,p5656,4,54
11141,p5657,52,48
11143,p5658,71,17
11145,p5659,83,26
11146,p5660,30,32
11149,p5661,44,16
11152,p5662,46,14
11154,p5663,18,9
11156,p5664,48,25
11158,p5665,87,98
11160,p5666,4,8
11161,p5667,52,19
11164,p5668,31,89
11166,p5669,18,91
11167,p5670,47,56
11169,p5671,39,14
11170,p5672,50,100
11172,p5673,94,33
11174,p5674,83,6
11175,p5675,11,63
11178,p5676,63,26
11179,p5677,66,45
11181,p5678,98,45
11182,p5679,3,57
11183,p5680,74,97
11185,p5681,76,89
11186,p5682,50,34
11188,p5683,25,60
11191,p5684,16,20
11192,p5685,33,90
11194,p5686,30,65
11196,p5687,22,19
11198,p5688,76,8
11200,p5689,80,62
11201,p5690,88,70
11202,p5691,97,7
11205,p5692,72,83
11206,p5693,89,37
11209,p5694,84,86
11211,p5695,44,48
11213,p5696,95,8
11215,p5697,47,24
11216,p5698,84,22
11219,p5699,26,39
11221,p5700,26,91
11224,p5701,28,17
11227,p5702,66,26
11228,p5703,2,42
11229,p5704,60,32
11230,p5705,90,28
11231,p5706,62,42
11233,p5707,78,93
11235,p5708,19,59
11238,p5709,80,42
11240,p5710,43,37
11242,p5711,100,19
11245,p5712,71,57
11247,p5713,74,34
11250,p5714,1,51
11252,p5715,67,69
11253,p5716,59,50
11254,p5717,47,88
11257,p5718,32,6
11260,p5719,56,44
11261,p5720,89,18
11263,p5721,21,41
11264,p5722,63,64
11267,p5723,35,69
11269,p5724,14,34
11272,p5725,64,54
11274,p5726,14,65
11277,p5727,89,30
11278,p5728,74,48
11281,p5729,41,94
11283,p5730,58,35
11284,p5731,64,62
11286,p5732,62,46
11288,p5733,75,46
11291,p5734,50,26
11294,p5735,66,50
11297,p5736,54,50
11300,p5737,1,27
11302,p5738,3,69
11304,p5739,12,8
11306,p5740,30,22
11307,p5741,84,67
11310,p5742,71,21
11312,p5743,43,77
11315,p5744,80,69
11318,p5745,23,5
11320,p5746,9,79
11322,p5747,33,27
11324,p5748,51,3
11326,p5749,55,59
11329,p5750,54,37
11331,p5751,55,69
11332,p5752,97,78
11334,p5753,22,2
11335,p5754,91,70
11338,p5755,76,47
11339,p5756,78,6
11342,p5757,54,93
11344,p5758,42,70
11345,p5759,13,46
11347,p5760,32,68
11348,p5761,1,85
11350,p5762,52,81
11351,p5763,84,24
11353,p5764,84,15
11356,p5765,87,94
11359,p5766,22,78
11360,p5767,58,96
11363,p5768,76,38
11364,p5769,20,93
11365,p5770,25,16
11367,p5771,88,26
11369,p5772,11,30
11370,p5773,70,41
11371,p5774,79,99
11373,p5775,91,14
11374,p5776,70,92
11375,p5777,81,56
11376,p5778,34,1
11377,p5779,67,22
11379,p5780,88,22
11380,p5781,94,22
11381,p5782,48,63
11383,p5783,19,57
11385,p5784,1,43
11388,p5785,7,45
11391,p5786,33,100
11393,p5787,8,76
11394,p5788,84,7
11397,p5789,2,89
11398,p5790,71,69
11399,p5791,46,40
11401,p5792,92,29
11403,p5793,17,28
11405,p5794,26,8
11406,p5795,29,94
11407,p5796,2,23
11409,p5797,10,12
11410,p5798,100,92
11412,p5799,31,49
11414,p5800,55,61
11415,p5801,73,29
11417,p5802,75,100
11418,p5803,7,67
11421,p5804,71,19
11424,p5805,55,7
11425,p5806,97,63
11426,p5807,45,86
11427,p5808,22,50
11429,p5809,11,50
11430,p5810,4,74
11432,p5811,93,78
11433,p5812,71,28
11434,p5813,49,60
11437,p5814,67,40
11440,p5815,51,26
11443,p5816,3,23
11445,p5817,12,43
11446,p5818,51,87
11449,p5819,65,77
11450,p5820,75,7
11452,p5821,90,30
11455,p5822,57,44
11456,p5823,72,100
11459,p5824,44,45
11462,p5825,5,84
11464,p5826,70,65
11465,p5827,31,66
11466,p5828,81,34
11469,p5829,58,16
11472,p5830,53,97
11475,p5831,19,4
11476,p5832,67,44
11477,p5833,51,48
11479,p5834,5,7
11481,p5835,48,50
11484,p5836,33,50
11486,p5837,73,86
11488,p5838,3,32
11491,p5839,64,58
11493,p5840,90,3
11495,p5841,18,28
11498,p5842,63,91
11499,p5843,77,70
11500,p5844,30,56
11503,p5845,51,6
11504,p5846,86,61
11507,p5847,92,16
11509,p5848,62,41
11512,p5849,96,42
11513,p5850,100,74
11515,p5851,55,69
11517,p5852,69,83
11520,p5853,26,37
11522,p5854,82,89
11524,p5855,13,85
11526,p5856,17,99
11528,p5857,19,10
11530,p5858,40,99
11533,p5859,73,38
11534,p5860,33,37
11537,p5861,8,59
11539,p5862,12,45
11541,p5863,90,10
11542,p5864,4,57
11543,p5865,76,62
11546,p5866,8,48
11549,p5867,47,59
11552,p5868,77,86
11554,p5869,55,53
11556,p5870,67,4
11558,p5871,69,100
11560,p5872,85,23
11561,p5873,30,88
11563,p5874,9,92
11565,p5875,7,24
11567,p5876,75,17
11570,p5877,11,83
11573,p5878,56,33
11576,p5879,53,70
11577,p5880,85,77
11580,p5881,100,75
11582,p5882,80,1
11585,p5883,98,46
11588,p5884,19,79
11589,p5885,27,87
11591,p5886,18,16
11594,p5887,95,4
11596,p5888,91,70
11599,p5889,14,75
11602,p5890,69,52
11603,p5891,93,54
11604,p5892,61,54
11606,p5893,59,50
11608,p5894,33,49
11609,p5895,95,20
11612,p5896,24,22
11615,p5897,44,62
11616,p5898,15,33
11619,p5899,57,41
11621,p5900,13,83
11622,p5901,92,86
11623,p5902,90,62
11626,p5903,33,29
11628,p5904,83,29
11630,p5905,7,13
11633,p5906,87,76
11634,p5907,60,4
11637,p5908,33,79
11639,p5909,74,24
11642,p5910,35,34
11643,p5911,69,70
11644,p5912,95,91
11645,p5913,27,14
11646,p5914,10,82
11647,p5915,20,3
11649,p5916,11,16
11651,p5917,59,70
11654,p5918,1,69
11656,p5919,52,79
11659,p5920,43,23
11662,p5921,65,48
11663,p5922,86,76
11666,p5923,11,62
11668,p5924,40,60
11670,p5925,9,56
11671,p5926,75,52
11674,p5927,52,25
11677,p5928,51,24
11679,p5929,89,74
11681,p5930,37,87
11682,p5931,60,1
11685,p5932,40,12
11686,p5933,60,31
11689,p5934,97,28
11690,p5935,60,8
11692,p5936,5,15
11693,p5937,31,21
11694,p5938,44,11
11697,p5939,71,14
11700,p5940,77,96
11703,p5941,97,64
11704,p5942,41,32
11706,p5943,40,77
11709,p5944,97,82
11711,p5945,32,94
11713,p5946,14,97
11714,p5947,96,15
11717,p5948,72,36
11718,p5949,3,32
11719,p5950,59,79
11720,p5951,10,33
11721,p5952,54,18
11724,p5953,1,96
11726,p5954,52,2
11729,p5955,6,38
11731,p5956,58,56
11734,p5957,94,86
11737,p5958,29,99
11739,p5959,20,1
11741,p5960,28,54
11744,p5961,4,15
11746,p5962,84,33
11749,p5963,45,29
11752,p5964,17,75
11754,p5965,20,11
11756,p5966,16,55
11759,p5967,79,8
11760,p5968,20,1
11762,p5969,53,10
11763,p5970,69,65
11764,p5971,58,93
11766,p5972,50,7
11769,p5973,10,70
11771,p5974,31,24
11772,p5975,80,26
11774,p5976,84,38
11775,p5977,46,43
11776,p5978,14,52
11778,p5979,91,40
11780,p5980,60,52
11782,p5981,60,50
11783,p5982,42,20
11784,p5983,100,41
11787,p5984,31,63
11789,p5985,30,98
11792,p5986,31,38
11793,p5987,13,28
11795,p5988,24,70
11796,p5989,10,61
11799,p5990,90,87
11802,p5991,7,41
11803,p5992,40,2
11804,p5993,18,74
11806,p5994,73,79
11808,p5995,29,97
11810,p5996,68,21
11811,p5997,37,15
11812,p5998,80,17
11813,p5999,92,90
11814,p6000,96,68
11816,p6001,65,62
11818,p6002,82,13
11821,p6003,2,28
11822,p6004,5,76
11825,p6005,81,46
11826,p6006,92,14
11829,p6007,26,30
11831,p6008,20,73
11834,p6009,16,46
11837,p6010,73,46
11840,p6011,88,16
11843,p6012,21,80
11844,p6013,68,39
11846,p6014,13,3
11848,p6015,3,43
11851,p6016,81,63
11852,p6017,74,20
11854,p6018,92,96
11855,p6019,22,34
11856,p6020,21,89
11857,p6021,8,74
11858,p6022,80,97
11859,p6023,74,80
11861,p6024,93,43
11863,p6025,33,55
11866,p6026,10,95
11867,p6027,74,45
11868,p6028,16,68
11869,p6029,88,39
11870,p6030,55,92
11872,p6031,80,29
11874,p6032,87,42
11877,p6033,94,66
11880,p6034,26,51
11883,p6035,66,43
11886,p6036,51,88
11888,p6037,41,95
11889,p6038,46,82
11890,p6039,76,14
11891,p6040,80,50
11894,p6041,72,46
11896,p6042,1,21
11898,p6043,100,76
11899,p6044,38,1
11901,p6045,4,56
11902,p6046,15,51
11905,p6047,7,28
11908,p6048,8,61
11910,p6049,4,44
11912,p6050,100,29
11913,p6051,9,22
11916,p6052,38,13
11917,p6053,72,86
11918,p6054,96,91
11919,p6055,5,45
11921,p6056,20,63
11922,p6057,55,43
11924,p6058,31,48
11925,p6059,46,45
11928,p6060,14,9
11930,p6061,96,4
11931,p6062,77,14
11932,p6063,81,33
11933,p6064,90,36
11935,p6065,26,72
11938,p6066,26,40
11939,p6067,44,96
11941,p6068,84,26
11942,p6069,90,39
11944,p6070,49,57
11947,p6071,68,78
11950,p6072,35,15
11951,p6073,70,53
11954,p6074,40,54
11955,p6075,13,82
11956,p6076,85,63
11959,p6077,48,24
11961,p6078,56,42
11963,p6079,97,83
11966,p6080,67,61
11967,p6081,10,70
11969,p6082,10,66
11972,p6083,95,57
11975,p6084,16,79
11976,p6085,95,59
11977,p6086,57,79
11979,p6087,29,92
11980,p6088,79,90
11982,p6089,52,79
11984,p6090,13,32
11985,p6091,55,28
11986,p6092,70,5
11987,p6093,22,96
11989,p6094,40,27
11990,p6095,64,33
11993,p6096,33,63
11996,p6097,78,35
11999,p6098,15,49
12000,p6099,96,43
12002,p6100,76,44
12003,p6101,34,26
12005,p6102,69,10
12007,p6103,94,83
12009,p6104,62,32
12010,p6105,33,28
12013,p6106,59,20
12016,p6107,34,27
12017,p6108,37,70
12018,p6109,58,57
12021,p6110,29,36
12022,p6111,100,14
12025,p6112,5,42
12027,p6113,100,23
12029,p6114,38,30
12031,p6115,37,48
12034,p6116,5,7
12037,p6117,12,89
12039,p6118,100,5
12040,p6119,90,31
12042,p6120,37,71
12045,p6121,96,100
12046,p6122,20,72
12049,p6123,7,89
12050,p6124,89,66
12053,p6125,79,28
12055,p6126,51,76
12056,p6127,1,57
12057,p6128,88,99
12060,p6129,92,45
12061,p6130,60,50
12062,p6131,44,5
12065,p6132,23,27
12068,p6133,3,78
12071,p6134,60,15
12072,p6135,63,10
12074,p6136,30,96
12076,p6137,2,94
12077,p6138,25,47
12079,p6139,36,9
12082,p6140,22,43
12084,p6141,55,25
12085,p6142,77,74
12087,p6143,69,22
12089,p6144,63,66
12091,p6145,60,78
12092,p6146,6,61
12094,p6147,52,64
12095,p6148,48,80
12098,p6149,23,69
12100,p6150,86,82
12101,p6151,57,78
12103,p6152,25,18
12105,p6153,89,18
12107,p6154,61,53
12109,p6155,97,64
12112,p6156,77,62
12114,p6157,52,58
12116,p6158,73,32
12119,p6159,64,24
12120,p6160,37,97
12122,p6161,51,95
12123,p6162,51,93
12126,p6163,81,87
12129,p6164,54,57
12130,p6165,78,40
12132,p6166,54,71
12134,p6167,100,98
12135,p6168,55,88
12138,p6169,92,51
12141,p6170,51,76
12143,p6171,77,65
12144,p6172,69,25
12146,p6173,91,8
12148,p6174,18,39
12149,p6175,4,90
12152,p6176,66,18
12153,p6177,99,52
12154,p6178,89,86
12156,p6179,6,99
12158,p6180,35,57
12160,p6181,71,42
12161,p6182,53,20
12163,p6183,78,48
12166,p6184,52,36
12167,p6185,74,39
12170,p6186,75,97
12173,p6187,52,61
12174,p6188,100,19
12175,p6189,2,97
12176,p6190,34,15
12179,p6191,45,30
12180,p6192,12,34
12181,p6193,72,91
12183,p6194,4,81
12184,p6195,82,74
12186,p6196,79,73
12188,p6197,9,54
12189,p6198,6,7
12190,p6199,12,38
12193,p6200,36,90
12195,p6201,34,23
12198,p6202,19,77
12201,p6203,18,99
12202,p6204,53,4
12203,p6205,34,24
12205,p6206,56,26
12206,p6207,27,93
12209,p6208,36,8
12210,p6209,4,44
12213,p6210,97,93
12216,p6211,23,25
12217,p6212,54,15
12218,p6213,100,19
12219,p6214,72,23
12221,p6215,18,11
12224,p6216,21,32
12225,p6217,26,68
12226,p6218,49,33
12228,p6219,43,30
12230,p6220,6,44
12233,p6221,16,46
12236,p6222,84,67
12238,p6223,44,68
12240,p6224,69,89
12242,p6225,56,3
12243,p6226,38,23
12245,p6227,38,11
12246,p6228,92,30
12248,p6229,34,31
12249,p6230,12,37
12251,p6231,71,49
12252,p6232,95,66
12255,p6233,15,74
12257,p6234,77,56
12260,p6235,17,82
12262,p6236,6,2
12265,p6237,67,52
12268,p6238,62,28
12269,p6239,46,66
12270,p6240,5,4
12271,p6241,51,44
12274,p6242,83,78
12275,p6243,70,50
12277,p6244,26,41
12279,p6245,60,88
12280,p6246,27,85
12282,p6247,96,58
12284,p6248,43,64
12287,p6249,9,13
12290,p6250,28,99
12293,p6251,4,51
12295,p6252,13,16
12298,p6253,10,36
12300,p6254,21,9
12301,p6255,34,48
12303,p6256,43,91
12305,p6257,31,41
12307,p6258,40,80
12309,p6259,5,45
12312,p6260,45,15
12315,p6261,48,53
12316,p6262,36,21
12318,p6263,68,50
12321,p6264,58,13
12323,p6265,78,86
12325,p6266,64,14
12326,p6267,85,57
12329,p6268,61,31
12332,p6269,47,26
12333,p6270,28,92
12335,p6271,11,3
12338,p6272,72,68
12339,p6273,87,51
12341,p6274,40,81
12343,p6275,98,83
12346,p6276,58,83
12348,p6277,93,2
12349,p6278,78,40
12352,p6279,41,19
12353,p6280,60,12
12354,p6281,53,31
12355,p6282,10,23
12357,p6283,12,35
12359,p6284,81,13
12362,p6285,46,26
12364,p6286,68,65
12367,p6287,42,14
12369,p6288,27,21
12372,p6289,53,22
12373,p6290,46,47
12376,p6291,34,6
12379,p6292,63,88
12382,p6293,55,95
12385,p6294,45,4
12388,p6295,91,49
12391,p6296,33,21
12392,p6297,41,9
12394,p6298,45,84
12396,p6299,40,14
12398,p6300,62,13
12399,p6301,40,49
12401,p6302,54,39
12402,p6303,79,45
12404,p6304,59,58
12407,p6305,5,36
12410,p6306,96,11
12412,p6307,87,42
12415,p6308,72,78
12417,p6309,65,10
12419,p6310,29,51
12420,p6311,54,61
12421,p6312,79,72
12423,p6313,84,55
12426,p6314,1,49
12427,p6315,76,6
12429,p6316,33,95
12431,p6317,57,1
12433,p6318,29,82
12436,p6319,34,76
12439,p6320,39,45
12440,p6321,42,100
12441,p6322,13,54
12443,p6323,3,71
12444,p6324,93,21
12445,p6325,31,56
12448,p6326,70,50
12450,p6327,90,63
12453,p6328,93,71
12454,p6329,28,74
12457,p6330,94,6
12458,p6331,89,59
12459,p6332,30,61
12460,p6333,79,61
12463,p6334,71,53
12466,p6335,6,3
12467,p6336,89,69
12470,p6337,64,83
12472,p6338,95,63
12475,p6339,13,45
12478,p6340,95,42
12479,p6341,48,63
12482,p6342,12,43
12483,p6343,3,74
12486,p6344,91,83
12487,p6345,65,100
12488,p6346,43,92
12489,p6347,22,56
12492,p6348,83,43
12494,p6349,97,83
12497,p6350,69,8
12498,p6351,86,38
12499,p6352,6,58
12500,p6353,68,36
12503,p6354,71,62
12506,p6355,26,14
12509,p6356,16,8
12511,p6357,11,90
12513,p6358,52,39
12515,p6359,76,20
12518,p6360,99,77
12519,p6361,68,10
12522,p6362,69,14
12523,p6363,90,95
12524,p6364,90,6
12525,p6365,43,40
12527,p6366,44,30
12528,p6367,87,30
12529,p6368,76,92
12530,p6369,67,58
12533,p6370,98,5
12535,p6371,88,73
12537,p6372,78,62
12539,p6373,87,38
12540,p6374,97,13
12542,p6375,72,71
12545,p6376,78,69
12547,p6377,3,83
12549,p6378,62,18
12551,p6379,24,51
12554,p6380,64,97
12557,p6381,8,3
12559,p6382,45,71
12560,p6383,89,79
12563,p6384,100,93
12565,p6385,95,13
12567,p6386,55,88
12570,p6387,71,22
12572,p6388,69,46
12573,p6389,100,20
12575,p6390,87,91
12576,p6391,29,16
12579,p6392,62,36
12582,p6393,91,68
12584,p6394,87,83
12586,p6395,16,92
12588,p6396,52,8
12591,p6397,58,52
12592,p6398,28,29
12594,p6399,69,80
12597,p6400,28,9
12600,p6401,95,47
12601,p6402,66,78
12602,p6403,69,37
12604,p6404,42,79
12605,p6405,19,50
12607,p6406,68,28
12610,p6407,37,49
12613,p6408,84,25
12614,p6409,43,93
12616,p6410,51,80
12619,p6411,90,85
12622,p6412,8,69
12624,p6413,52,94
12625,p6414,19,69
12628,p6415,94,30
12631,p6416,94,39
12633,p6417,82,66
12634,p6418,32,79
12636,p6419,54,61
12638,p6420,62,90
12641,p6421,40,69
12644,p6422,39,16
12647,p6423,85,45
12650,p6424,21,38
12653,p6425,94,47
12656,p6426,59,52
12658,p6427,96,95
12660,p6428,47,72
12662,p6429,90,21
12665,p6430,86,56
12668,p6431,38,50
12670,p6432,26,14
12671,p6433,37,94
12672,p6434,57,98
12673,p6435,25,13
12674,p6436,54,80
12677,p6437,61,58
12679,p6438,86,49
12680,p6439,97,99
12681,p6440,91,40
12684,p6441,36,63
12687,p6442,32,23
12689,p6443,67,7
12691,p6444,50,85
12692,p6445,27,2
12695,p6446,30,83
12697,p6447,91,47
12698,p6448,39,6
12700,p6449,72,98
12701,p6450,46,26
12703,p6451,32,29
12704,p6452,28,37
12707,p6453,49,85
12708,p6454,54,2
12709,p6455,4,56
12710,p6456,50,41
12712,p6457,97,91
12715,p6458,70,4
12717,p6459,95,31
12719,p6460,68,37
12722,p6461,58,51
12723,p6462,22,3
12724,p6463,89,92
12727,p6464,62,97
12729,p6465,61,29
12732,p6466,30,71
12733,p6467,31,91
12735,p6468,60,79
12736,p6469,6,46
12738,p6470,54,89
12740,p6471,22,50
12742,p6472,89,36
12744,p6473,93,39
12745,p6474,74,54
12748,p6475,25,34
12751,p6476,40,90
12754,p6477,72,65
12757,p6478,7,70
12760,p6479,16,21
12761,p6480,1,91
12762,p6481,53,82
12763,p6482,12,82
12765,p6483,5,94
12766,p6484,6,38
12768,p6485,5,99
12771,p6486,65,43
12774,p6487,66,15
12777,p6488,67,60
12779,p6489,16,63
12781,p6490,36,92
12782,p6491,16,42
12785,p6492,81,1
12786,p6493,91,85
12788,p6494,23,9
12790,p6495,28,12
12792,p6496,18,34
12793,p6497,82,100
12795,p6498,87,11
12797,p6499,63,61
12799,p6500,46,63
12800,p6501,70,92
12801,p6502,59,45
12804,p6503,88,69
12805,p6504,57,24
12807,p6505,27,60
12808,p6506,68,85
12811,p6507,34,27
12814,p6508,55,38
12815,p6509,76,60
12818,p6510,38,14
12819,p6511,97,87
12822,p6512,71,12
12823,p6513,94,44
12826,p6514,84,60
12828,p6515,31,19
12829,p6516,94,14
12831,p6517,8,41
12832,p6518,64,63
12835,p6519,16,66
12838,p6520,13,4
12840,p6521,94,62
12843,p6522,39,71
12844,p6523,27,94
12847,p6524,62,100
12850,p6525,45,90
12853,p6526,36,16
12854,p6527,48,60
12855,p6528,21,74
12857,p6529,68,86
12859,p6530,77,57
12862,p6531,36,65
12864,p6532,43,93
12867,p6533,73,16
12869,p6534,38,96
12872,p6535,90,12
12874,p6536,42,58
12877,p6537,71,1
12878,p6538,69,85
12881,p6539,85,26
12882,p6540,37,52
12883,p6541,51,22
12886,p6542,13,25
12889,p6543,62,57
12890,p6544,100,5
12892,p6545,20,79
12893,p6546,82,76
12894,p6547,88,65
12895,p6548,3,67
12896,p6549,7,95
12899,p6550,41,17
12900,p6551,83,54
12903,p6552,62,35
12904,p6553,71,85
12906,p6554,40,30
12909,p6555,6,90
12910,p6556,58,89
12911,p6557,57,37
12914,p6558,10,35
12916,p6559,10,24
12918,p6560,39,15
12920,p6561,81,26
12921,p6562,4,49
12923,p6563,90,8
12926,p6564,20,74
12928,p6565,16,11
12929,p6566,29,84
12931,p6567,93,22
12933,p6568,33,18
12934,p6569,99,28
12935,p6570,49,93
12937,p6571,21,67
12938,p6572,4,94
12941,p6573,51,77
12944,p6574,79,90
12947,p6575,8,83
12948,p6576,84,30
12951,p6577,98,25
12954,p6578,29,27
12956,p6579,57,64
12958,p6580,6,61
12960,p6581,33,6
12961,p6582,57,47
12963,p6583,93,23
12966,p6584,80,33
12969,p6585,4,7
12971,p6586,38,77
12974,p6587,67,58
12977,p6588,7,91
12978,p6589,23,4
12979,p6590,80,38
12980,p6591,94,72
12981,p6592,96,79
12982,p6593,72,90
12984,p6594,72,20
12985,p6595,32,85
12987,p6596,36,95
12990,p6597,26,81
12992,p6598,8,55
12995,p6599,3,14
12996,p6600,23,34
12998,p6601,42,34
13000,p6602,95,73
13001,p6603,10,30
13003,p6604,37,7
13005,p6605,3,83
13008,p6606,54,79
13010,p6607,21,35
13013,p6608,21,86
13015,p6609,12,8
13017,p6610,81,96
13020,p6611,68,55
13022,p6612,58,39
13025,p6613,68,47
13027,p6614,100,17
13029,p6615,43,58
13031,p6616,10,29
13034,p6617,75,49
13035,p6618,6,48
13038,p6619,84,100
13040,p6620,49,67
13041,p6621,88,13
13042,p6622,46,17
13043,p6623,2,35
13045,p6624,94,17
13047,p6625,34,44
13050,p6626,64,25
13051,p6627,36,11
13054,p6628,94,98
13056,p6629,85,7
13058,p6630,65,95
13060,p6631,9,52
13062,p6632,41,53
13063,p6633,62,52
13066,p6634,57,89
13068,p6635,26,96
13071,p6636,75,57
13073,p6637,10,59
13075,p6638,42,32
13077,p6639,98,42
13080,p6640,8,72
13081,p6641,44,14
13082,p6642,10,96
13084,p6643,41,31
13085,p6644,42,84
13086,p6645,39,28
13089,p6646,9,99
13090,p6647,100,28
13093,p6648,85,28
13094,p6649,92,64
13095,p6650,39,9
13098,p6651,76,40
13100,p6652,2,68
13101,p6653,43,26
13103,p6654,93,95
13105,p6655,100,23
13107,p6656,3,79
13108,p6657,90,86
13109,p6658,54,39
13112,p6659,10,23
13113,p6660,78,80
13116,p6661,98,27
13118,p6662,33,32
13119,p6663,11,72
13120,p6664,25,2
13123,p6665,86,58
13124,p6666,93,89
13127,p6667,59,89
13130,p6668,46,85
13132,p6669,41,77
13133,p6670,79,88
13135,p6671,20,100
13137,p6672,96,74
13138,p6673,7,62
13141,p6674,32,96
13143,p6675,34,17
13144,p6676,78,70
13147,p6677,88,55
13148,p6678,94,16
13149,p6679,88,76
13150,p6680,80,82
13152,p6681,55,48
13155,p6682,19,62
13158,p6683,58,16
13161,p6684,1,89
13164,p6685,35,71
13166,p6686,85,27
13169,p6687,1,81
13170,p6688,75,60
13172,p6689,21,97
13174,p6690,88,49
13175,p6691,10,57
13176,p6692,10,73
13179,p6693,83,21
13181,p6694,71,1
13182,p6695,76,81
13184,p6696,19,66
13187,p6697,97,53
13188,p6698,75,98
13190,p6699,27,100
13191,p6700,97,13
13192,p6701,80,31
13195,p6702,37,84
13197,p6703,88,80
13200,p6704,37,67
13202,p6705,25,7
13205,p6706,11,75
13208,p6707,59,89
13210,p6708,32,75
13211,p6709,42,66
13214,p6710,45,54
13216,p6711,10,68
13218,p6712,60,94
13219,p6713,61,63
13222,p6714,10,94
13224,p6715,40,19
13227,p6716,47,11
13229,p6717,20,76
13232,p6718,62,16
13233,p6719,16,85
13234,p6720,66,6
13235,p6721,50,76
13238,p6722,98,82
13240,p6723,2,27
13242,p6724,59,91
13245,p6725,7,83
13247,p6726,41,42
13250,p6727,80,96
13251,p6728,48,70
13252,p6729,84,52
13253,p6730,21,76
13254,p6731,29,88
13256,p6732,78,81
13257,p6733,18,93
13258,p6734,5,32
13259,p6735,11,97
13260,p6736,9,66
13262,p6737,39,55
13264,p6738,28,85
13266,p6739,4,9
13269,p6740,22,92
13272,p6741,75,7
13274,p6742,12,91
13275,p6743,84,100
13278,p6744,61,58
13280,p6745,96,54
13281,p6746,44,87
13284,p6747,16,94
13285,p6748,66,90
13287,p6749,32,60
13290,p6750,15,20
13293,p6751,87,42
13294,p6752,80,29
13297,p6753,80,82
13299,p6754,43,80
13302,p6755,52,80
13303,p6756,42,52
13304,p6757,35,84
13307,p6758,31,32
13309,p6759,84,81
13311,p6760,59,17
13314,p6761,15,87
13316,p6762,18,92
13317,p6763,53,61
13320,p6764,33,3
13322,p6765,79,14
13324,p6766,98,81
13326,p6767,73,60
13328,p6768,7,93
13329,p6769,12,65
13331,p6770,15,88
13332,p6771,38,8
13334,p6772,34,76
13335,p6773,12,86
13337,p6774,46,14
13339,p6775,47,61
13342,p6776,6,96
13343,p6777,43,36
13345,p6778,36,87
13347,p6779,24,35
13348,p6780,70,43
13351,p6781,70,59
13353,p6782,22,37
13354,p6783,38,14
13355,p6784,55,85
13356,p6785,17,3
13359,p6786,53,58
13362,p6787,56,34
13365,p6788,1,54
13368,p6789,100,48
13371,p6790,29,33
13372,p6791,39,45
13375,p6792,43,20
13377,p6793,64,15
13379,p6794,3,99
13382,p6795,73,36
13385,p6796,29,67
13387,p6797,36,67
13389,p6798,60,6
13391,p6799,63,56
13393,p6800,100,87
13396,p6801,18,56
13398,p6802,95,89
13400,p6803,52,22
13403,p6804,15,58
13406,p6805,65,18
13408,p6806,93,7
13411,p6807,12,37
13414,p6808,7,83
13417,p6809,97,22
13419,p6810,1,18
13420,p6811,82,59
13422,p6812,3,38
13425,p6813,32,74
13426,p6814,43,73
13428,p6815,53,59
13430,p6816,8,6
13433,p6817,65,91
13436,p6818,82,91
13439,p6819,65,36
13442,p6820,53,96
13445,p6821,13,25
13447,p6822,19,89
13450,p6823,36,77
13451,p6824,30,46
13454,p6825,55,8
13455,p6826,31,85
13458,p6827,26,66
13460,p6828,81,83
13461,p6829,11,40
13464,p6830,93,58
13465,p6831,95,64
13468,p6832,5,63
13471,p6833,18,88
13473,p6834,73,55
13474,p6835,45,60
13477,p6836,73,42
13480,p6837,75,13
13481,p6838,45,75
13483,p6839,38,39
13486,p6840,95,64
13488,p6841,98,39
13491,p6842,50,35
13492,p6843,64,31
13493,p6844,100,35
13494,p6845,32,91
13495,p6846,95,36
13496,p6847,38,46
13497,p6848,74,33
13500,p6849,16,71
13502,p6850,49,24
13504,p6851,60,10
13506,p6852,81,19
13507,p6853,9,75
13508,p6854,5,23
13510,p6855,47,48
13513,p6856,85,87
13516,p6857,79,93
13519,p6858,76,24
13520,p6859,50,47
13521,p6860,78,7
13524,p6861,12,83
13526,p6862,23,94
13527,p6863,71,29
13530,p6864,84,2
13533,p6865,2,44
13536,p6866,6,25
13537,p6867,99,91
13539,p6868,100,83
13541,p6869,67,4
13542,p6870,86,18
13544,p6871,87,89
13546,p6872,55,24
13547,p6873,7,97
13549,p6874,86,52
13550,p6875,45,83
13553,p6876,37,24
13556,p6877,18,10
13557,p6878,39,87
13560,p6879,67,81
13562,p6880,30,26
13565,p6881,86,76
13568,p6882,45,93
13571,p6883,55,63
13573,p6884,92,90
13574,p6885,11,35
13576,p6886,59,66
13579,p6887,99,84
13582,p6888,6,9
13585,p6889,75,100
13587,p6890,33,56
13589,p6891,92,55
13592,p6892,7,88
13593,p6893,41,19
13594,p6894,14,73
13597,p6895,81,74
13599,p6896,57,27
13600,p6897,93,48
13602,p6898,97,64
13605,p6899,86,90
13608,p6900,49,88
13609,p6901,81,21
13612,p6902,34,36
13614,p6903,48,3
13617,p6904,19,38
13618,p6905,73,24
13621,p6906,91,24
13624,p6907,90,25
13626,p6908,91,50
13628,p6909,16,70
13630,p6910,73,97
13631,p6911,8,23
13633,p6912,2,12
13635,p6913,9,49
13638,p6914,91,39
13639,p6915,10,49
13640,p6916,50,2
13642,p6917,37,63
13645,p6918,93,86
13648,p6919,43,2
13651,p6920,29,81
13653,p6921,46,54
13654,p6922,18,33
13657,p6923,15,85
13660,p6924,17,67
13663,p6925,88,11
13665,p6926,83,97
13668,p6927,85,90
13669,p6928,22,47
13670,p6929,84,57
13673,p6930,48,42
13676,p6931,51,42
13677,p6932,76,11
13680,p6933,97,20
13682,p6934,64,66
13685,p6935,69,16
13688,p6936,62,44
13689,p6937,5,15
13691,p6938,43,5
13693,p6939,32,59
13694,p6940,98,83
13697,p6941,58,6
13699,p6942,78,3
13701,p6943,57,65
13704,p6944,73,21
13705,p6945,78,39
13708,p6946,74,88
13710,p6947,79,34
13713,p6948,58,22
13715,p6949,83,37
13717,p6950,20,96
13718,p6951,91,27
13721,p6952,2,70
13724,p6953,41,20
13727,p6954,74,20
13730,p6955,28,40
13731,p6956,31,25
13733,p6957,36,73
13734,p6958,68,46
13736,p6959,15,12
13738,p6960,95,98
13741,p6961,59,44
13742,p6962,93,32
13744,p6963,75,92
13745,p6964,38,83
13747,p6965,40,70
13748,p6966,93,84
13749,p6967,91,47
13751,p6968,99,93
13752,p6969,57,77
13753,p6970,93,24
13755,p6971,4,72
13756,p6972,9,31
13758,p6973,80,42
13761,p6974,70,42
13762,p6975,96,22
13763,p6976,26,63
13766,p6977,90,63
13768,p6978,77,88
13771,p6979,85,30
13772,p6980,88,33
13773,p6981,16,68
13774,p6982,39,68
13777,p6983,86,93
13779,p6984,18,99
13782,p6985,88,16
13784,p6986,11,80
13787,p6987,76,9
13788,p6988,51,31
13790,p6989,61,62
13793,p6990,69,11
13795,p6991,34,60
13798,p6992,79,90
13800,p6993,15,88
13803,p6994,67,58
13804,p6995,99,10
13805,p6996,97,18
13806,p6997,47,94
13808,p6998,55,11
13811,p6999,10,27
13812,p7000,44,24
13815,p7001,45,43
13816,p7002,2,59
13818,p7003,41,88
13821,p7004,95,22
13823,p7005,86,21
13824,p7006,97,69
13826,p7007,43,59
13829,p7008,42,61
13831,p7009,69,85
13832,p7010,82,16
13833,p7011,38,19
13835,p7012,20,55
13836,p7013,43,44
13838,p7014,87,97
13840,p7015,54,28
13843,p7016,80,44
13845,p7017,89,36
13846,p7018,34,37
13848,p7019,30,5
13849,p7020,98,5
13850,p7021,76,12
13852,p7022,91,22
13854,p7023,52,47
13857,p7024,87,90
13858,p7025,8,85
13859,p7026,80,31
13862,p7027,87,35
13864,p7028,52,43
13866,p7029,80,85
13869,p7030,96,94
13872,p7031,86,34
13873,p7032,67,78
13876,p7033,7,14
13879,p7034,88,89
13880,p7035,11,27
13883,p7036,71,59
13884,p7037,23,33
13885,p7038,55,57
13887,p7039,94,18
13890,p7040,45,80
13891,p7041,75,15
13894,p7042,39,63
13895,p7043,11,58
13897,p7044,38,20
13898,p7045,83,41
13900,p7046,97,62
13902,p7047,33,27
13903,p7048,63,81
13905,p7049,81,90
13906,p7050,100,89
13908,p7051,51,81
13911,p7052,66,36
13914,p7053,42,83
13916,p7054,92,24
13918,p7055,35,22
13920,p7056,86,30
13923,p7057,65,64
13924,p7058,99,55
13926,p7059,34,53
13929,p7060,51,66
13930,p7061,31,34
13932,p7062,45,42
13933,p7063,100,40
13934,p7064,59,71
13935,p7065,84,49
13936,p7066,18,19
13938,p7067,36,74
13939,p7068,75,66
13941,p7069,14,66
13943,p7070,28,62
13946,p7071,4,37
13948,p7072,90,78
13950,p7073,35,82
13952,p7074,5,99
13954,p7075,19,43
13955,p7076,60,14
13958,p7077,15,74
13959,p7078,59,24
13962,p7079,90,93
13965,p7080,58,6
13966,p7081,48,16
13969,p7082,25,95
13972,p7083,51,24
13975,p7084,8,97
13977,p7085,47,91
13979,p7086,76,36
13981,p7087,11,47
13982,p7088,43,59
13984,p7089,39,8
13986,p7090,58,99
13988,p7091,88,63
13990,p7092,33,19
13992,p7093,74,53
13993,p7094,78,25
13994,p7095,33,9
13996,p7096,36,24
13999,p7097,31,48
14001,p7098,99,42
14002,p7099,40,16
14004,p7100,72,55
14006,p7101,30,25
14007,p7102,13,97
14008,p7103,22,49
14010,p7104,14,1
14011,p7105,59,70
14012,p7106,38,4
14013,p7107,41,88
14014,p7108,59,87
14015,p7109,69,18
14018,p7110,54,12
14021,p7111,88,19
14024,p7112,48,67
14025,p7113,72,57
14026,p7114,68,8
14029,p7115,33,95
14031,p7116,72,54
14032,p7117,94,32
14033,p7118,27,8
14034,p7119,27,92
14035,p7120,49,48
14038,p7121,87,26
14041,p7122,13,10
14043,p7123,66,83
14046,p7124,34,32
14048,p7125,21,50
14050,p7126,59,14
14052,p7127,33,96
14054,p7128,85,9
14055,p7129,11,18
14058,p7130,62,69
14059,p7131,61,83
14061,p7132,4,64
14063,p7133,16,64
14066,p7134,61,82
14069,p7135,38,9
14071,p7136,77,87
14074,p7137,55,16
14076,p7138,34,29
14078,p7139,96,44
14081,p7140,24,96
14083,p7141,87,18
14084,p7142,48,66
14086,p7143,36,18
14088,p7144,92,94
14089,p7145,97,42
14091,p7146,8,67
14093,p7147,14,15
14096,p7148,88,81
14097,p7149,57,4
14099,p7150,72,40
14101,p7151,25,11
14103,p7152,35,62
14105,p7153,42,37
14108,p7154,66,88
14110,p7155,50,72
14112,p7156,10,3
14114,p7157,41,23
14115,p7158,47,22
14118,p7159,60,89
14120,p7160,92,90
14121,p7161,21,92
14122,p7162,70,46
14123,p7163,56,83
14126,p7164,81,69
14128,p7165,95,80
14129,p7166,73,11
14132,p7167,25,96
14133,p7168,8,65
14136,p7169,11,55
14139,p7170,37,86
14142,p7171,74,84
14145,p7172,29,16
14148,p7173,79,64
14150,p7174,31,28
14153,p7175,19,52
14154,p7176,26,49
14157,p7177,22,82
14160,p7178,2,8
14163,p7179,95,65
14164,p7180,32,92
14167,p7181,7,100
14170,p7182,88,55
14171,p7183,41,40
14173,p7184,10,67
14174,p7185,27,10
14175,p7186,88,34
14176,p7187,72,61
14177,p7188,10,30
14180,p7189,29,33
14183,p7190,31,10
14184,p7191,24,48
14185,p7192,9,87
14187,p7193,32,85
14190,p7194,2,24
14191,p7195,5,43
14194,p7196,36,61
14197,p7197,5,13
14198,p7198,79,73
14200,p7199,44,48
14203,p7200,36,26
14204,p7201,1,83
14207,p7202,66,21
14209,p7203,28,78
14210,p7204,63,60
14211,p7205,95,4
14214,p7206,28,42
14216,p7207,73,54
14219,p7208,39,29
14222,p7209,41,20
14224,p7210,5,22
14227,p7211,41,78
14229,p7212,71,20
14231,p7213,76,98
14232,p7214,100,18
14233,p7215,44,15
14234,p7216,73,23
14235,p7217,17,88
14238,p7218,85,32
14239,p7219,45,54
14242,p7220,22,20
14244,p7221,97,52
14247,p7222,95,61
14249,p7223,74,66
14251,p7224,10,71
14253,p7225,90,30
14255,p7226,86,87
14258,p7227,43,84
14260,p7228,81,84
14262,p7229,1,63
14265,p7230,33,95
14266,p7231,63,70
14269,p7232,75,25
14272,p7233,25,61
14275,p7234,77,15
14278,p7235,28,86
14279,p7236,91,68
14280,p7237,92,90
14281,p7238,97,66
14284,p7239,32,92
14286,p7240,39,52
14287,p7241,36,51
14289,p7242,43,93
14292,p7243,4,97
14293,p7244,71,45
14295,p7245,9,4
14296,p7246,29,8
14299,p7247,69,28
14302,p7248,85,23
14303,p7249,1,17
14305,p7250,34,90
14308,p7251,46,57
14310,p7252,28,86
14313,p7253,51,100
14314,p7254,24,16
14316,p7255,53,30
14317,p7256,81,64
14318,p7257,29,67
14319,p7258,25,16
14321,p7259,76,23
14323,p7260,29,1
14324,p7261,6,72
14326,p7262,79,39
14329,p7263,23,80
14332,p7264,33,66
14333,p7265,79,6
14334,p7266,23,2
14335,p7267,30,52
14338,p7268,59,53
14340,p7269,7,44
14343,p7270,78,4
14346,p7271,39,55
14347,p7272,47,71
14348,p7273,80,25
14349,p7274,65,49
14350,p7275,57,4
14352,p7276,54,62
14354,p7277,25,47
14355,p7278,99,59
14356,p7279,12,7
14359,p7280,63,62
14362,p7281,6,42
14365,p7282,99,53
14367,p7283,26,70
14370,p7284,21,81
14372,p7285,47,53
14375,p7286,53,46
14377,p7287,24,43
14378,p7288,84,52
14379,p7289,81,47
14380,p7290,85,42
14383,p7291,74,98
14385,p7292,83,6
14387,p7293,76,43
14389,p7294,71,24
14390,p7295,31,44
14393,p7296,24,74
14394,p7297,61,16
14395,p7298,99,11
14398,p7299,54,8
14401,p7300,48,36
14402,p7301,7,16
14405,p7302,41,43
14407,p7303,3,91
14408,p7304,15,28
14409,p7305,13,32
14410,p7306,100,95
14412,p7307,57,60
14414,p7308,98,30
14415,p7309,57,51
14416,p7310,38,73
14418,p7311,87,57
14420,p7312,49,12
14423,p7313,99,22
14426,p7314,43,24
14427,p7315,43,8
14430,p7316,41,12
14432,p7317,49,83
14434,p7318,81,63
14436,p7319,98,9
14437,p7320,18,88
14438,p7321,52,8
14439,p7322,94,81
14442,p7323,62,8
14444,p7324,21,93
14447,p7325,6,36
14450,p7326,32,46
14453,p7327,76,88
14455,p7328,13,29
14458,p7329,43,3
14459,p7330,90,44
14462,p7331,32,15
14464,p7332,68,100
14467,p7333,69,58
14469,p7334,70,74
14472,p7335,17,32
14475,p7336,69,78
14476,p7337,63,5
14477,p7338,9,58
14478,p7339,8,38
14479,p7340,16,60
14482,p7341,36,96
14485,p7342,37,39
14488,p7343,100,52
14489,p7344,8,86
14490,p7345,98,43
14492,p7346,21,39
14493,p7347,60,54
14495,p7348,77,100
14496,p7349,48,12
14498,p7350,32,12
14501,p7351,1,41
14502,p7352,19,56
14503,p7353,99,82
14504,p7354,37,23
14507,p7355,80,22
14508,p7356,38,77
14510,p7357,67,29
14511,p7358,22,25
14514,p7359,54,80
14517,p7360,71,37
14518,p7361,1,14
14519,p7362,17,25
14521,p7363,51,22
14524,p7364,94,39
14527,p7365,28,99
14529,p7366,90,54
14532,p7367,92,78
14534,p7368,12,85
14536,p7369,61,12
14539,p7370,55,26
14540,p7371,31,27
14541,p7372,62,78
14543,p7373,20,66
14545,p7374,18,91
14548,p7375,84,40
14550,p7376,46,10
14552,p7377,97,36
14553,p7378,95,48
14555,p7379,58,74
14557,p7380,9,49
14559,p7381,31,95
14561,p7382,57,9
14563,p7383,11,65
14565,p7384,97,83
14567,p7385,16,68
14568,p7386,86,76
14571,p7387,89,23
14574,p7388,24,72
14577,p7389,1,72
14579,p7390,53,11
14582,p7391,69,70
14584,p7392,9,69
14585,p7393,35,59
14586,p7394,35,52
14587,p7395,26,55
14589,p7396,91,65
14590,p7397,79,90
14593,p7398,34,50
14595,p7399,31,37
14596,p7400,4,37
14598,p7401,40,49
14599,p7402,75,12
14601,p7403,46,23
14604,p7404,34,29
14607,p7405,49,74
14610,p7406,49,7
14612,p7407,24,28
14614,p7408,63,70
14616,p7409,36,48
14617,p7410,63,92
14618,p7411,13,48
14619,p7412,26,48
14622,p7413,86,20
14625,p7414,70,17
14626,p7415,2,73
14627,p7416,49,12
14628,p7417,24,76
14630,p7418,49,75
14631,p7419,60,7
14633,p7420,35,88
14635,p7421,26,80
14636,p7422,83,8
14639,p7423,93,18
14641,p7424,21,34
14642,p7425,29,93
14644,p7426,38,76
14645,p7427,43,28
14647,p7428,72,70
14648,p7429,41,21
14649,p7430,24,69
14652,p7431,4,91
14653,p7432,93,32
14655,p7433,79,74
14656,p7434,67,29
14658,p7435,7,79
14660,p7436,4,86
14663,p7437,99,70
14665,p7438,6,20
14666,p7439,72,85
14669,p7440,62,73
14671,p7441,67,17
14672,p7442,94,34
14673,p7443,8,94
14676,p7444,9,40
14679,p7445,59,92
14680,p7446,74,8
14683,p7447,86,34
14686,p7448,59,37
14687,p7449,34,23
14689,p7450,52,93
14692,p7451,15,66
14693,p7452,15,76
14696,p7453,44,81
14699,p7454,52,49
14702,p7455,3,67
14703,p7456,11,27
14704,p7457,18,27
14705,p7458,18,6
14708,p7459,60,38
14710,p7460,42,24
14711,p7461,85,56
14714,p7462,54,91
14717,p7463,54,49
14719,p7464,100,90
14722,p7465,30,51
14725,p7466,94,4
14727,p7467,15,12
14728,p7468,83,49
14731,p7469,92,66
14733,p7470,90,36
14735,p7471,4,52
14736,p7472,79,60
14737,p7473,42,9
14739,p7474,57,45
14742,p7475,68,30
14744,p7476,2,31
14745,p7477,69,84
14746,p7478,61,9
14747,p7479,25,6
14748,p7480,99,45
14749,p7481,73,95
14752,p7482,68,70
14755,p7483,58,19
14757,p7484,95,99
14759,p7485,17,54
14762,p7486,60,88
14763,p7487,59,11
14764,p7488,75,32
14766,p7489,76,1
14768,p7490,30,5
14770,p7491,92,30
14773,p7492,74,35
14775,p7493,73,4
14778,p7494,39,50
14779,p7495,19,92
14782,p7496,80,23
14784,p7497,20,62
14785,p7498,71,55
14786,p7499,40,61
14788,p7500,70,95
14789,p7501,46,12
14792,p7502,48,74
14793,p7503,32,40
14795,p7504,73,9
14798,p7505,16,73
14800,p7506,60,73
14801,p7507,10,79
14802,p7508,90,64
14804,p7509,5,37
14807,p7510,49,5
14809,p7511,19,63
14812,p7512,46,57
14813,p7513,97,13
14816,p7514,27,5
14819,p7515,96,57
14821,p7516,52,20
14822,p7517,52,56
14825,p7518,69,48
14828,p7519,59,70
14829,p7520,58,66
14832,p7521,73,7
14833,p7522,81,74
14834,p7523,67,12
14836,p7524,57,97
14838,p7525,20,97
14840,p7526,63,73
14842,p7527,11,30
14844,p7528,42,99
14846,p7529,94,28
14848,p7530,63,51
14850,p7531,59,21
14851,p7532,62,5
14853,p7533,77,97
14854,p7534,36,75
14857,p7535,30,47
14858,p7536,36,83
14860,p7537,81,39
14861,p7538,21,81
14864,p7539,23,76
14867,p7540,57,2
14870,p7541,75,26
14873,p7542,71,37
14875,p7543,10,16
14877,p7544,63,47
14880,p7545,35,91
14881,p7546,67,19
14882,p7547,85,22
14883,p7548,52,27
14885,p7549,28,53
14887,p7550,85,92
14888,p7551,68,67
14891,p7552,21,22
14894,p7553,44,79
14896,p7554,16,20
14898,p7555,72,55
14899,p7556,68,41
14900,p7557,2,6
14903,p7558,48,40
14904,p7559,47,98
14907,p7560,66,18
14909,p7561,56,70
14912,p7562,16,77
14913,p7563,6,15
14916,p7564,8,9
14918,p7565,61,50
14921,p7566,26,77
14922,p7567,56,46
14924,p7568,99,89
14925,p7569,29,10
14926,p7570,88,85
14928,p7571,79,86
14929,p7572,36,85
14930,p7573,90,83
14932,p7574,13,39
14935,p7575,61,93
14936,p7576,39,86
14939,p7577,76,61
14941,p7578,28,73
14944,p7579,11,50
14946,p7580,1,30
14947,p7581,37,100
14949,p7582,43,64
14952,p7583,94,67
14954,p7584,7,98
14957,p7585,25,77
14960,p7586,61,76
14961,p7587,41,72
14964,p7588,17,20
14966,p7589,9,35
14968,p7590,76,82
14971,p7591,61,79
14973,p7592,60,40
14974,p7593,86,76
14977,p7594,87,61
14978,p7595,30,19
14981,p7596,100,36
14982,p7597,62,89
14983,p7598,25,76
14985,p7599,5,100
14988,p7600,57,54
14990,p7601,10,73
14992,p7602,81,79
14995,p7603,3,10
14998,p7604,34,63
15000,p7605,60,24
15002,p7606,36,91
15005,p7607,9,89
15007,p7608,55,10
15008,p7609,64,57
15011,p7610,24,59
15012,p7611,33,36
15015,p7612,84,11
15016,p7613,68,54
15017,p7614,23,6
15020,p7615,1,46
15021,p7616,52,81
15024,p7617,68,79
15027,p7618,72,76
15029,p7619,16,17
15031,p7620,3,44
15033,p7621,68,53
15034,p7622,26,86
15036,p7623,97,68
15038,p7624,71,16
15040,p7625,86,83
15041,p7626,8,32
15043,p7627,27,26
15044,p7628,97,57
15047,p7629,70,47
15049,p7630,71,34
15052,p7631,93,14
15053,p7632,46,22
15054,p7633,71,11
15056,p7634,53,39
15058,p7635,61,96
15059,p7636,44,22
15061,p7637,1,76
15062,p7638,57,10
15063,p7639,98,54
15064,p7640,13,80
15067,p7641,56,23
15070,p7642,6,20
15071,p7643,97,13
15073,p7644,59,49
15074,p7645,56,39
15075,p7646,67,24
15077,p7647,94,54
15080,p7648,67,78
15083,p7649,49,27
15086,p7650,31,43
15089,p7651,32,51
15090,p7652,32,91
15091,p7653,33,2
15093,p7654,42,79
15094,p7655,93,41
15096,p7656,44,41
15097,p7657,71,35
15100,p7658,31,14
15101,p7659,76,19
15103,p7660,99,16
15106,p7661,58,64
15108,p7662,4,72
15110,p7663,90,93
15112,p7664,98,23
15115,p7665,98,58
15118,p7666,84,6
15119,p7667,96,65
15120,p7668,36,77
15121,p7669,11,98
15123,p7670,82,68
15126,p7671,17,38
15129,p7672,76,69
15132,p7673,59,86
15135,p7674,29,18
15136,p7675,49,68
15137,p7676,22,78
15140,p7677,17,72
15143,p7678,17,42
15144,p7679,97,72
15145,p7680,30,79
15146,p7681,65,32
15149,p7682,90,19
15152,p7683,78,38
15155,p7684,81,41
15156,p7685,76,12
15157,p7686,79,65
15160,p7687,89,17
15162,p7688,28,65
15164,p7689,4,2
15165,p7690,81,19
15168,p7691,14,8
15169,p7692,70,66
15172,p7693,74,62
15173,p7694,86,16
15174,p7695,85,49
15176,p7696,37,50
15179,p7697,32,10
15182,p7698,58,88
15185,p7699,59,58
15187,p7700,94,59
15188,p7701,95,89
15190,p7702,8,80
15191,p7703,72,70
15192,p7704,7,27
15193,p7705,48,3
15195,p7706,11,76
15197,p7707,79,30
15199,p7708,70,83
15201,p7709,72,43
15203,p7710,41,13
15205,p7711,96,53
15207,p7712,63,32
15210,p7713,32,21
15213,p7714,17,76
15216,p7715,77,41
15219,p7716,1,81
15222,p7717,37,93
15223,p7718,98,29
15225,p7719,13,10
15227,p7720,86,26
15228,p7721,69,33
15230,p7722,41,82
15232,p7723,8,69
15234,p7724,49,35
15236,p7725,4,35
15239,p7726,96,41
15242,p7727,2,58
15243,p7728,40,30
15244,p7729,62,18
15245,p7730,71,43
15246,p7731,44,86
15247,p7732,57,34
15250,p7733,80,78
15253,p7734,43,44
15254,p7735,59,49
15257,p7736,96,4
15260,p7737,98,70
15262,p7738,36,52
15265,p7739,34,96
15267,p7740,52,66
15269,p7741,22,1
15272,p7742,16,43
15275,p7743,25,74
15277,p7744,23,25
15279,p7745,4,78
15280,p7746,32,83
15283,p7747,85,98
15286,p7748,77,33
15287,p7749,43,77
15288,p7750,6,38
15291,p7751,25,37
15292,p7752,60,28
15295,p7753,60,8
15296,p7754,14,60
15299,p7755,3,81
15301,p7756,42,38
15303,p7757,9,48
15305,p7758,91,45
15306,p7759,65,27
15309,p7760,67,6
15311,p7761,93,90
15312,p7762,18,41
15313,p7763,33,3
15315,p7764,52,8
15318,p7765,12,84
15319,p7766,37,57
15322,p7767,85,10
15324,p7768,86,32
15325,p7769,62,28
15328,p7770,7,46
15331,p7771,27,21
15333,p7772,93,16
15336,p7773,19,28
15338,p7774,9,27
15340,p7775,76,23
15341,p7776,46,82
15343,p7777,13,93
15345,p7778,26,42
15346,p7779,46,48
15347,p7780,28,12
15349,p7781,45,1
15352,p7782,69,2
15355,p7783,60,28
15356,p7784,39,43
15359,p7785,46,93
15361,p7786,47,34
15364,p7787,63,9
15365,p7788,53,9
15368,p7789,79,74
15371,p7790,68,75
15372,p7791,22,48
15373,p7792,31,1
15374,p7793,59,55
15375,p7794,87,46
15376,p7795,20,44
15379,p7796,74,49
15380,p7797,57,83
15383,p7798,25,31
15385,p7799,40,5
15388,p7800,33,50
15390,p7801,82,62
15392,p7802,69,17
15395,p7803,15,51
15397,p7804,6,89
15398,p7805,3,8
15401,p7806,33,24
15404,p7807,30,81
15406,p7808,57,52
15407,p7809,60,59
15410,p7810,45,34
15411,p7811,78,23
15414,p7812,58,98
15415,p7813,69,86
15418,p7814,7,6
15420,p7815,9,30
15422,p7816,30,84
15423,p7817,100,38
15425,p7818,59,68
15427,p7819,76,95
15428,p7820,69,19
15431,p7821,6,84
15434,p7822,20,2
15437,p7823,62,91
15439,p7824,64,73
15440,p7825,100,77
15441,p7826,93,79
15444,p7827,20,3
15446,p7828,91,26
15447,p7829,16,5
15449,p7830,72,34
15452,p7831,18,53
15455,p7832,55,38
15458,p7833,88,99
15460,p7834,2,95
15462,p7835,87,80
15465,p7836,70,71
15468,p7837,97,78
15471,p7838,33,56
15474,p7839,52,85
15477,p7840,41,80
15480,p7841,3,83
15482,p7842,44,81
15483,p7843,55,30
15486,p7844,5,96
15489,p7845,52,54
15490,p7846,14,79
15491,p7847,98,35
15492,p7848,49,51
15493,p7849,60,94
15496,p7850,97,91
15499,p7851,93,80
15502,p7852,58,18
15505,p7853,43,79
15506,p7854,50,85
15507,p7855,24,31
15510,p7856,8,68
15511,p7857,33,39
15512,p7858,17,9
15514,p7859,4,37
15516,p7860,32,34
15519,p7861,73,90
15522,p7862,29,49
15523,p7863,79,34
15525,p7864,66,36
15526,p7865,30,27
15528,p7866,9,76
15529,p7867,69,95
15531,p7868,73,27
15534,p7869,99,97
15535,p7870,2,1
15537,p7871,91,12
15539,p7872,37,32
15542,p7873,73,56
15545,p7874,98,91
15546,p7875,38,77
15549,p7876,37,94
15551,p7877,47,29
15554,p7878,41,32
15557,p7879,13,34
15560,p7880,37,100
15563,p7881,10,56
15564,p7882,49,90
15565,p7883,83,93
15566,p7884,97,16
15569,p7885,45,49
15571,p7886,51,14
15573,p7887,9,2
15575,p7888,15,93
15578,p7889,13,4
15581,p7890,47,97
15584,p7891,42,46
15585,p7892,36,89
15587,p7893,22,73
15588,p7894,13,15
15590,p7895,65,28
15591,p7896,14,59
15592,p7897,86,95
15593,p7898,94,68
15596,p7899,53,38
15599,p7900,56,49
15600,p7901,23,42
15601,p7902,54,32
15602,p7903,95,79
15604,p7904,27,17
15606,p7905,91,68
15609,p7906,51,60
15612,p7907,26,89
15614,p7908,16,18
15616,p7909,40,3
15618,p7910,100,14
15621,p7911,5,92
15622,p7912,72,25
15624,p7913,71,39
15626,p7914,9,1
15628,p7915,83,93
15630,p7916,67,33
15631,p7917,89,42
15634,p7918,65,92
15636,p7919,31,48
15637,p7920,34,49
15640,p7921,41,65
15642,p7922,55,44
15645,p7923,62,75
15648,p7924,91,29
15651,p7925,23,57
15653,p7926,70,52
15654,p7927,28,98
15656,p7928,13,66
15659,p7929,50,84
15662,p7930,88,98
15664,p7931,92,24
15667,p7932,98,67
15668,p7933,89,50
15671,p7934,47,22
15674,p7935,53,7
15676,p7936,87,49
15679,p7937,67,35
15681,p7938,10,82
15683,p7939,4,69
15686,p7940,97,84
15688,p7941,22,63
15691,p7942,19,98
15694,p7943,64,89
15696,p7944,25,81
15697,p7945,36,19
15698,p7946,95,12
15700,p7947,57,4
15702,p7948,27,64
15704,p7949,77,11
15706,p7950,98,30
15709,p7951,11,73
15711,p7952,36,29
15713,p7953,31,81
15714,p7954,91,89
15716,p7955,28,82
15717,p7956,42,15
15719,p7957,48,42
15721,p7958,59,39
15722,p7959,35,80
15723,p7960,99,80
15726,p7961,22,51
15728,p7962,9,47
15729,p7963,75,40
15732,p7964,95,38
15734,p7965,85,24
15735,p7966,76,34
15738,p7967,89,61
15739,p7968,92,66
15741,p7969,74,51
15742,p7970,42,76
15744,p7971,34,86
15747,p7972,36,32
15750,p7973,64,20
15753,p7974,19,46
15754,p7975,17,37
15756,p7976,7,98
15758,p7977,72,31
15759,p7978,53,6
15760,p7979,17,41
15763,p7980,7,8
15765,p7981,63,67
15766,p7982,59,94
15768,p7983,64,90
15771,p7984,9,5
15772,p7985,31,82
15773,p7986,49,47
15775,p7987,95,65
15777,p7988,70,17
15780,p7989,27,68
15782,p7990,54,96
15784,p7991,66,89
15785,p7992,30,27
15787,p7993,43,72
15790,p7994,13,48
15793,p7995,44,32
15795,p7996,91,49
15798,p7997,17,100
15800,p7998,85,19
15801,p7999,87,41
15802,p8000,12,14
15803,p8001,55,94
15806,p8002,51,45
15809,p8003,4,24
15812,p8004,84,22
15815,p8005,25,1
15817,p8006,75,70
15820,p8007,29,82
15823,p8008,94,1
15824,p8009,91,71
15827,p8010,53,60
15830,p8011,13,82
15833,p8012,17,16
15834,p8013,58,93
15836,p8014,89,48
15838,p8015,85,86
15840,p8016,83,47
15843,p8017,36,57
15846,p8018,9,92
15848,p8019,78,91
15850,p8020,55,45
15852,p8021,97,48
15853,p8022,100,79
15856,p8023,31,99
15859,p8024,81,60
15860,p8025,65,5
15862,p8026,6,66
15863,p8027,82,29
15865,p8028,6,27
15866,p8029,2,76
15867,p8030,22,79
15869,p8031,37,38
15871,p8032,53,89
15872,p8033,79,88
15873,p8034,41,52
15876,p8035,90,50
15878,p8036,86,1
15879,p8037,30,99
15880,p8038,93,69
15883,p8039,88,64
15885,p8040,16,95
15887,p8041,70,35
15888,p8042,100,83
15891,p8043,6,1
15893,p8044,61,42
15896,p8045,66,91
15898,p8046,55,8
15899,p8047,51,42
15900,p8048,85,26
15903,p8049,96,95
15906,p8050,12,22
15909,p8051,97,36
15911,p8052,26,71
15914,p8053,35,18
15916,p8054,49,60
15918,p8055,9,17
15919,p8056,21,96
15922,p8057,59,58
15923,p8058,22,48
15924,p8059,45,81
15926,p8060,92,86
15927,p8061,2,81
15929,p8062,21,35
15930,p8063,86,78
15933,p8064,5,14
15934,p8065,78,54
15936,p8066,48,61
15937,p8067,50,100
15939,p8068,92,52
15941,p8069,18,65
15942,p8070,71,48
15945,p8071,28,24
15948,p8072,2,18
15951,p8073,41,27
15954,p8074,67,5
15955,p8075,10,66
15957,p8076,85,1
15960,p8077,12,57
15961,p8078,87,15
15964,p8079,46,88
15966,p8080,16,64
15969,p8081,74,29
15970,p8082,44,97
15973,p8083,65,61
15974,p8084,51,43
15977,p8085,34,99
15978,p8086,65,68
15979,p8087,73,29
15982,p8088,24,42
15983,p8089,35,30
15984,p8090,35,87
15985,p8091,76,92
15986,p8092,58,77
15987,p8093,37,17
15990,p8094,26,34
15991,p8095,21,85
15992,p8096,81,48
15995,p8097,17,2
15997,p8098,7,44
16000,p8099,97,87
16001,p8100,25,94
16003,p8101,30,80
16006,p8102,41,1
16008,p8103,62,85
16010,p8104,30,75
16012,p8105,62,90
16013,p8106,13,42
16015,p8107,21,86
16016,p8108,73,30
16019,p8109,64,52
16020,p8110,5,62
16023,p8111,49,24
16024,p8112,72,41
16025,p8113,60,81
16026,p8114,22,66
16028,p8115,2,92
16029,p8116,30,83
16031,p8117,37,33
16032,p8118,45,1
16033,p8119,57,26
16036,p8120,15,79
16037,p8121,54,88
16038,p8122,57,4
16041,p8123,93,3
16044,p8124,11,59
16046,p8125,60,57
16048,p8126,40,72
16050,p8127,42,21
16053,p8128,20,94
16056,p8129,86,64
16058,p8130,14,42
16059,p8131,57,25
16062,p8132,97,80
16064,p8133,34,97
16066,p8134,26,87
16069,p8135,47,43
16070,p8136,52,55
16071,p8137,44,42
16074,p8138,74,99
16075,p8139,13,99
16078,p8140,92,59
16081,p8141,94,5
16082,p8142,35,27
16085,p8143,87,63
16088,p8144,67,7
16090,p8145,84,66
16093,p8146,43,95
16094,p8147,49,91
16097,p8148,56,88
16099,p8149,62,80
16102,p8150,53,10
16105,p8151,45,95
16106,p8152,56,40
16107,p8153,75,96
16108,p8154,3,59
16110,p8155,98,64
16111,p8156,36,65
16113,p8157,57,23
16116,p8158,31,77
16119,p8159,17,64
16121,p8160,62,92
16124,p8161,99,51
16125,p8162,81,91
16126,p8163,13,14
16127,p8164,48,96
16128,p8165,91,21
16130,p8166,66,33
16133,p8167,95,68
16136,p8168,99,15
16139,p8169,93,47
16140,p8170,69,63
16143,p8171,89,47
16145,p8172,91,60
16148,p8173,11,5
16150,p8174,23,81
16151,p8175,49,96
16153,p8176,61,88
16156,p8177,69,57
16157,p8178,41,33
16158,p8179,72,93
16161,p8180,34,19
16163,p8181,41,79
16166,p8182,4,10
16167,p8183,64,55
16168,p8184,87,7
16171,p8185,89,35
16174,p8186,1,41
16177,p8187,14,3
16178,p8188,33,40
16180,p8189,39,54
16182,p8190,90,22
16183,p8191,40,49
16185,p8192,13,32
16188,p8193,53,74
16191,p8194,40,98
16192,p8195,3,24
16195,p8196,32,20
16197,p8197,93,77
16198,p8198,55,75
16199,p8199,27,60
16202,p8200,79,57
16205,p8201,90,22
16207,p8202,16,8
16209,p8203,48,49
16212,p8204,50,39
16213,p8205,14,62
16214,p8206,87,28
16215,p8207,19,76
16216,p8208,56,94
16219,p8209,58,8
16221,p8210,4,65
16222,p8211,38,13
16224,p8212,23,38
16225,p8213,27,71
16228,p8214,65,43
16231,p8215,83,24
16232,p8216,2,10
16234,p8217,48,2
16236,p8218,47,66
16237,p8219,43,25
16238,p8220,33,37
16239,p8221,79,100
16242,p8222,76,23
16243,p8223,68,97
16246,p8224,77,96
16249,p8225,40,63
16250,p8226,68,13
16253,p8227,13,90
16255,p8228,94,1
16257,p8229,90,17
16258,p8230,45,11
16260,p8231,76,36
16263,p8232,58,83
16264,p8233,78,93
16267,p8234,59,47
16268,p8235,19,39
16271,p8236,3,90
16273,p8237,25,97
16275,p8238,44,42
16277,p8239,88,14
16279,p8240,99,89
16280,p8241,14,88
16281,p8242,8,29
16284,p8243,88,19
16286,p8244,96,73
16288,p8245,39,98
16289,p8246,79,70
16291,p8247,13,95
16292,p8248,66,76
16295,p8249,92,85
16296,p8250,22,39
16297,p8251,61,40
16298,p8252,80,30
16300,p8253,48,2
16302,p8254,79,55
16304,p8255,12,23
16306,p8256,69,70
16309,p8257,57,91
16311,p8258,1,55
16312,p8259,24,99
16314,p8260,7,38
16316,p8261,16,97
16317,p8262,37,42
16319,p8263,28,40
16321,p8264,60,4
16322,p8265,6,8
16323,p8266,30,91
16326,p8267,26,7
16327,p8268,32,77
16330,p8269,19,83
16333,p8270,63,98
16335,p8271,36,19
16337,p8272,100,66
16338,p8273,92,42
16339,p8274,7,49
16341,p8275,94,66
16344,p8276,26,74
16346,p8277,48,26
16349,p8278,19,92
16350,p8279,35,66
16352,p8280,51,81
16355,p8281,49,73
16358,p8282,9,94
16361,p8283,50,67
16364,p8284,73,48
16366,p8285,84,95
16369,p8286,50,75
16371,p8287,72,71
16372,p8288,52,18
16373,p8289,47,78
16375,p8290,93,74
16376,p8291,41,43
16378,p8292,31,55
16379,p8293,5,57
16382,p8294,5,100
16384,p8295,62,55
16387,p8296,5,77
16390,p8297,30,87
16391,p8298,70,10
16392,p8299,24,11
16394,p8300,14,48
16397,p8301,21,44
16400,p8302,14,52
16401,p8303,92,11
16402,p8304,89,76
16404,p8305,24,4
16406,p8306,45,7
16408,p8307,91,93
16410,p8308,41,54
16413,p8309,84,7
16415,p8310,39,90
16418,p8311,57,2
16421,p8312,65,46
16424,p8313,81,4
16427,p8314,8,67
16428,p8315,25,48
16429,p8316,26,43
16432,p8317,73,88
16435,p8318,39,81
16436,p8319,8,76
16438,p8320,54,17
16441,p8321,11,39
16443,p8322,56,16
16444,p8323,36,4
16446,p8324,25,22
16447,p8325,71,3
16450,p8326,56,32
16451,p8327,28,66
16453,p8328,57,73
16454,p8329,93,52
16456,p8330,93,99
16457,p8331,15,67
16458,p8332,12,59
16460,p8333,18,96
16462,p8334,3,17
16465,p8335,4,55
16466,p8336,66,44
16468,p8337,2,71
16471,p8338,15,64
16472,p8339,23,22
16474,p8340,47,87
16477,p8341,23,96
16480,p8342,65,81
16481,p8343,68,15
16484,p8344,74,65
16486,p8345,95,70
16487,p8346,100,74
16488,p8347,64,77
16491,p8348,16,86
16493,p8349,4,69
16496,p8350,61,88
16499,p8351,12,14
16501,p8352,1,47
16503,p8353,98,26
16504,p8354,17,19
16506,p8355,19,58
16509,p8356,82,14
16511,p8357,100,90
16514,p8358,3,91
16517,p8359,24,95
16520,p8360,33,42
16523,p8361,17,7
16524,p8362,89,93
16527,p8363,56,59
16529,p8364,19,47
16532,p8365,99,80
16534,p8366,62,48
16535,p8367,99,69
16536,p8368,78,99
16537,p8369,99,53
16539,p8370,70,91
16541,p8371,28,55
16542,p8372,87,22
16544,p8373,73,51
16547,p8374,92,28
16548,p8375,20,9
16550,p8376,56,29
16551,p8377,43,83
16554,p8378,28,72
16556,p8379,66,49
16557,p8380,58,54
16560,p8381,57,63
16563,p8382,48,55
16566,p8383,80,4
16568,p8384,24,46
16569,p8385,14,3
16571,p8386,77,19
16572,p8387,50,31
16574,p8388,57,75
16577,p8389,62,50
16578,p8390,6,1
16581,p8391,88,48
16583,p8392,13,5
16586,p8393,78,37
16587,p8394,63,14
16590,p8395,28,52
16592,p8396,23,8
16595,p8397,29,23
16597,p8398,34,41
16600,p8399,52,26
16601,p8400,62,91
16602,p8401,32,2
16603,p8402,46,4
16604,p8403,12,23
16607,p8404,71,36
16609,p8405,66,33
16611,p8406,52,95
16614,p8407,29,87
16615,p8408,72,33
16617,p8409,53,57
16618,p8410,54,61
16620,p8411,4,3
16621,p8412,33,31
16622,p8413,52,59
16625,p8414,84,83
16628,p8415,75,87
16631,p8416,1,77
16632,p8417,19,47
16635,p8418,53,18
16636,p8419,47,39
16637,p8420,7,70
16640,p8421,99,56
16643,p8422,87,30
16645,p8423,12,59
16646,p8424,32,66
16647,p8425,94,47
16648,p8426,32,82
16650,p8427,68,55
16651,p8428,66,21
16652,p8429,32,63
16654,p8430,50,1
16655,p8431,85,98
16656,p8432,61,31
16657,p8433,3,63
16658,p8434,56,51
16660,p8435,18,56
16661,p8436,40,18
16663,p8437,90,93
16665,p8438,77,68
16667,p8439,80,18
16668,p8440,58,22
16671,p8441,41,89
16674,p8442,30,39
16676,p8443,11,23
16678,p8444,60,84
16681,p8445,49,91
16682,p8446,3,4
16685,p8447,29,38
16687,p8448,78,84
16690,p8449,23,81
16691,p8450,12,97
16693,p8451,67,80
16694,p8452,94,54
16695,p8453,72,14
16698,p8454,38,56
16701,p8455,31,26
16704,p8456,42,89
16705,p8457,19,75
16707,p8458,98,62
16709,p8459,73,59
16712,p8460,74,61
16713,p8461,61,86
16714,p8462,30,22
16717,p8463,39,77
16719,p8464,45,19
16722,p8465,84,7
16723,p8466,34,57
16724,p8467,19,25
16725,p8468,46,40
16728,p8469,69,16
16731,p8470,39,79
16733,p8471,61,94
16734,p8472,28,19
16736,p8473,92,96
16739,p8474,25,97
16742,p8475,56,99
16745,p8476,89,69
16747,p8477,10,95
16750,p8478,78,27
16753,p8479,9,48
16754,p8480,99,42
16756,p8481,52,53
16759,p8482,76,7
16762,p8483,17,99
16764,p8484,31,98
16765,p8485,89,2
16766,p8486,76,36
16768,p8487,76,43
16771,p8488,16,63
16774,p8489,52,27
16775,p8490,32,89
16778,p8491,16,35
16779,p8492,10,78
16781,p8493,15,54
16784,p8494,89,84
16785,p8495,53,36
16788,p8496,77,25
16790,p8497,88,18
16793,p8498,17,14
16794,p8499,82,15
16797,p8500,60,49
16798,p8501,15,16
16799,p8502,38,22
16801,p8503,54,12
16804,p8504,30,83
16805,p8505,59,64
16808,p8506,63,8
16811,p8507,3,29
16812,p8508,22,87
16813,p8509,81,86
16814,p8510,83,57
16815,p8511,100,92
16817,p8512,62,26
16818,p8513,51,35
16819,p8514,1,30
16821,p8515,3,69
16823,p8516,35,19
16824,p8517,24,32
16826,p8518,85,48
16829,p8519,66,47
16830,p8520,6,89
16831,p8521,40,99
16833,p8522,21,11
16834,p8523,11,27
16835,p8524,100,98
16836,p8525,53,52
16838,p8526,71,82
16839,p8527,62,72
16841,p8528,68,31
16844,p8529,50,31
16845,p8530,4,85
16847,p8531,40,39
16849,p8532,2,54
16852,p8533,51,45
16855,p8534,87,54
16858,p8535,51,28
16859,p8536,80,71
16861,p8537,80,51
16864,p8538,56,60
16867,p8539,43,64
16869,p8540,16,61
16871,p8541,19,79
16872,p8542,24,41
16875,p8543,47,24
16877,p8544,6,44
16880,p8545,78,26
16881,p8546,39,98
16882,p8547,84,98
16884,p8548,87,5
16887,p8549,77,3
16890,p8550,53,4
16893,p8551,41,33
16895,p8552,22,16
16897,p8553,38,99
16899,p8554,29,50
16901,p8555,62,11
16902,p8556,74,24
16905,p8557,82,12
16908,p8558,63,40
16910,p8559,94,21
16911,p8560,11,77
16914,p8561,22,67
16915,p8562,38,81
16917,p8563,27,12
16920,p8564,34,38
16922,p8565,57,88
16923,p8566,55,59
16925,p8567,22,27
16926,p8568,51,69
16929,p8569,61,46
16931,p8570,3,4
16933,p8571,58,25
16935,p8572,82,73
16936,p8573,82,29
16939,p8574,33,48
16942,p8575,17,91
16945,p8576,8,83
16947,p8577,43,26
16950,p8578,64,54
16952,p8579,30,48
16955,p8580,23,53
16958,p8581,4,47
16959,p8582,52,7
16962,p8583,30,92
16965,p8584,13,57
16968,p8585,26,2
16969,p8586,95,79
16970,p8587,100,70
16973,p8588,14,59
16975,p8589,8,20
16977,p8590,75,82
16979,p8591,46,30
16981,p8592,3,30
16983,p8593,95,10
16986,p8594,6,75
16989,p8595,6,90
16991,p8596,9,60
16994,p8597,42,28
16995,p8598,26,46
16997,p8599,72,63
16998,p8600,27,18
16999,p8601,11,35
17000,p8602,72,34
17001,p8603,54,17
17004,p8604,20,42
17006,p8605,75,24
17008,p8606,96,25
17011,p8607,28,72
17014,p8608,13,21
17017,p8609,39,57
17020,p8610,68,23
17022,p8611,57,27
17024,p8612,77,90
17026,p8613,21,73
17028,p8614,32,35
17031,p8615,73,95
17034,p8616,63,89
17037,p8617,30,64
17040,p8618,31,53
17041,p8619,32,59
17042,p8620,88,12
17043,p8621,35,93
17046,p8622,1,9
17047,p8623,47,90
17048,p8624,68,37
17049,p8625,57,27
17051,p8626,20,50
17053,p8627,17,26
17054,p8628,82,29
17056,p8629,73,11
17058,p8630,87,7
17061,p8631,79,60
17063,p8632,18,48
17065,p8633,91,25
17068,p8634,47,86
17071,p8635,49,29
17072,p8636,99,87
17074,p8637,82,60
17075,p8638,66,87
17078,p8639,80,15
17080,p8640,95,6
17081,p8641,44,23
17082,p8642,50,13
17083,p8643,30,50
17086,p8644,55,25
17088,p8645,91,93
17089,p8646,72,85
17092,p8647,4,36
17094,p8648,74,62
17095,p8649,58,6
17098,p8650,50,21
17099,p8651,91,19
17102,p8652,77,27
17104,p8653,96,13
17105,p8654,98,45
17107,p8655,90,92
17108,p8656,51,8
17110,p8657,79,60
17112,p8658,79,90
17114,p8659,9,12
17116,p8660,11,28
17117,p8661,85,57
17118,p8662,56,13
17119,p8663,15,61
17120,p8664,74,43
17122,p8665,93,91
17124,p8666,27,24
17126,p8667,38,11
17128,p8668,29,51
17129,p8669,41,100
17130,p8670,56,15
17131,p8671,48,70
17133,p8672,69,10
17136,p8673,16,65
17139,p8674,14,72
17140,p8675,70,53
17143,p8676,28,1
17146,p8677,43,8
17148,p8678,99,18
17150,p8679,93,60
17153,p8680,1,65
17156,p8681,27,62
17157,p8682,64,57
17158,p8683,48,45
17161,p8684,61,50
17163,p8685,69,71
17165,p8686,41,98
17167,p8687,22,78
17170,p8688,18,55
17172,p8689,54,38
17173,p8690,42,24
17175,p8691,58,49
17177,p8692,49,65
17178,p8693,75,55
17179,p8694,12,32
17182,p8695,43,75
17185,p8696,67,4
17187,p8697,74,24
17189,p8698,52,13
17191,p8699,60,57
17194,p8700,16,83
17196,p8701,33,54
17198,p8702,88,13
17199,p8703,89,68
17202,p8704,67,50
17203,p8705,79,36
17205,p8706,80,73
17208,p8707,98,92
17211,p8708,91,26
17213,p8709,45,95
17216,p8710,77,30
17217,p8711,5,81
17220,p8712,48,32
17221,p8713,16,2
17224,p8714,90,70
17226,p8715,41,95
17228,p8716,94,10
17229,p8717,21,69
17232,p8718,58,76
17235,p8719,28,17
17238,p8720,26,80
17239,p8721,42,1
17242,p8722,28,95
17243,p8723,16,72
17244,p8724,29,38
17247,p8725,24,51
17248,p8726,84,96
17250,p8727,80,90
17251,p8728,26,100
17252,p8729,7,30
17253,p8730,84,96
17254,p8731,38,59
17257,p8732,93,9
17258,p8733,23,61
17261,p8734,82,46
17262,p8735,44,18
17263,p8736,58,99
17264,p8737,65,56
17266,p8738,86,37
17267,p8739,74,81
17268,p8740,22,74
17270,p8741,51,68
17272,p8742,5,43
17273,p8743,72,21
17274,p8744,73,59
17277,p8745,95,91
17278,p8746,66,90
17279,p8747,60,48
17282,p8748,19,87
17285,p8749,89,95
17287,p8750,54,78
17288,p8751,2,89
17291,p8752,84,27
17293,p8753,4,35
17295,p8754,77,15
17297,p8755,7,100
17298,p8756,60,73
17301,p8757,84,68
17304,p8758,70,88
17307,p8759,46,55
17308,p8760,29,13
17309,p8761,73,31
17311,p8762,62,49
17314,p8763,79,75
17315,p8764,85,89
17316,p8765,18,60
17319,p8766,83,51
17320,p8767,87,47
17322,p8768,85,60
17323,p8769,31,61
17324,p8770,4,94
17327,p8771,15,31
17330,p8772,43,91
17333,p8773,67,17
17335,p8774,5,14
17337,p8775,37,78
17338,p8776,92,18
17341,p8777,35,19
17344,p8778,88,22
17347,p8779,62,98
17348,p8780,87,24
17350,p8781,97,20
17353,p8782,71,61
17354,p8783,87,59
17356,p8784,26,2
17357,p8785,77,58
17360,p8786,23,7
17363,p8787,53,64
17364,p8788,29,55
17366,p8789,93,80
17367,p8790,33,45
17369,p8791,68,3
17372,p8792,89,86
17375,p8793,65,20
17377,p8794,49,84
17378,p8795,78,42
17381,p8796,63,97
17384,p8797,35,95
17386,p8798,54,44
17388,p8799,64,30
17390,p8800,12,80
17392,p8801,82,73
17394,p8802,100,85
17396,p8803,52,34
17399,p8804,8,72
17402,p8805,84,77
17404,p8806,92,46
17407,p8807,39,87
17408,p8808,25,74
17409,p8809,41,99
17412,p8810,71,79
17415,p8811,42,100
17418,p8812,14,55
17421,p8813,34,94
17423,p8814,70,99
17425,p8815,30,18
17426,p8816,80,16
17429,p8817,34,15
17431,p8818,76,88
17434,p8819,78,34
17435,p8820,94,65
17436,p8821,94,73
17439,p8822,74,81
17441,p8823,55,45
17442,p8824,59,38
17443,p8825,25,46
17446,p8826,82,29
17448,p8827,81,66
17449,p8828,85,63
17450,p8829,74,26
17451,p8830,98,29
17454,p8831,92,54
17457,p8832,95,100
17460,p8833,40,83
17461,p8834,6,22
17463,p8835,63,18
17466,p8836,37,93
17468,p8837,26,73
17471,p8838,8,58
17472,p8839,96,4
17474,p8840,63,62
17477,p8841,58,50
17480,p8842,45,23
17482,p8843,74,73
17485,p8844,42,13
17487,p8845,70,92
17490,p8846,32,74
17492,p8847,73,37
17495,p8848,55,48
17498,p8849,63,81
17501,p8850,48,4
17502,p8851,13,45
17504,p8852,93,87
17505,p8853,33,11
17508,p8854,85,55
17509,p8855,4,62
17512,p8856,62,92
17515,p8857,39,19
17516,p8858,98,69
17518,p8859,14,31
17519,p8860,28,72
17521,p8861,53,90
17523,p8862,32,92
17526,p8863,19,93
17529,p8864,78,23
17530,p8865,52,29
17531,p8866,78,12
17534,p8867,65,82
17537,p8868,64,61
17538,p8869,26,15
17540,p8870,66,81
17541,p8871,10,50
17543,p8872,73,23
17546,p8873,33,53
17548,p8874,20,11
17549,p8875,67,73
17550,p8876,28,32
17551,p8877,29,97
17552,p8878,66,82
17554,p8879,40,54
17556,p8880,96,29
17557,p8881,72,60
17558,p8882,89,36
17559,p8883,74,35
17560,p8884,12,77
17561,p8885,37,71
17564,p8886,75,3
17566,p8887,57,1
17567,p8888,95,35
17569,p8889,39,73
17570,p8890,12,77
17571,p8891,58,78
17572,p8892,71,39
17574,p8893,38,21
17576,p8894,99,72
17578,p8895,15,74
17580,p8896,75,31
17583,p8897,84,50
17586,p8898,59,67
17588,p8899,59,24
17590,p8900,22,9
17592,p8901,9,79
17594,p8902,46,42
17597,p8903,17,44
17598,p8904,67,50
17599,p8905,86,6
17602,p8906,7,82
17604,p8907,14,94
17607,p8908,65,24
17609,p8909,35,54
17611,p8910,18,60
17614,p8911,45,36
17617,p8912,6,92
17618,p8913,10,59
17619,p8914,34,86
17620,p8915,21,73
17622,p8916,23,31
17623,p8917,60,2
17625,p8918,94,79
17628,p8919,32,95
17630,p8920,66,23
17631,p8921,3,5
17634,p8922,49,81
17637,p8923,67,31
17639,p8924,90,28
17641,p8925,50,29
17643,p8926,97,82
17644,p8927,33,21
17645,p8928,41,45
17648,p8929,81,84
17649,p8930,19,29
17650,p8931,81,67
17653,p8932,75,56
17655,p8933,72,27
17657,p8934,8,1
17659,p8935,64,84
17661,p8936,69,47
17662,p8937,78,24
17665,p8938,55,95
17666,p8939,39,40
17669,p8940,68,43
17671,p8941,79,99
17673,p8942,88,70
17674,p8943,23,3
17676,p8944,89,18
17679,p8945,73,84
17682,p8946,83,32
17685,p8947,32,56
17686,p8948,15,69
17689,p8949,6,1
17690,p8950,12,97
17693,p8951,93,42
17696,p8952,99,26
17697,p8953,56,73
17699,p8954,89,98
17702,p8955,80,90
17704,p8956,42,95
17705,p8957,34,33
17706,p8958,39,19
17709,p8959,87,5
17711,p8960,43,99
17712,p8961,58,72
17713,p8962,67,72
17716,p8963,32,12
17719,p8964,20,79
17721,p8965,32,5
17722,p8966,33,75
17723,p8967,92,68
17725,p8968,45,62
17728,p8969,95,21
17729,p8970,62,13
17732,p8971,96,79
17733,p8972,85,4
17736,p8973,13,10
17739,p8974,57,39
17741,p8975,74,94
17742,p8976,43,17
17744,p8977,51,3
17746,p8978,46,70
17748,p8979,10,83
17750,p8980,40,27
17752,p8981,95,9
17753,p8982,44,63
17754,p8983,82,6
17756,p8984,47,20
17757,p8985,5,68
17760,p8986,12,94
17761,p8987,48,74
17764,p8988,41,67
17767,p8989,49,6
17768,p8990,18,61
17771,p8991,28,71
17774,p8992,30,67
17777,p8993,47,75
17778,p8994,90,4
17781,p8995,53,10
17783,p8996,35,48
17786,p8997,48,93
17788,p8998,61,46
17789,p8999,83,23
17792,p9000,6,5
17795,p9001,23,87
17798,p9002,84,36
17801,p9003,49,83
17802,p9004,34,65
17804,p9005,79,88
17807,p9006,59,54
17808,p9007,26,46
17809,p9008,58,57
17812,p9009,42,77
17815,p9010,78,58
17816,p9011,99,18
17817,p9012,68,42
17819,p9013,72,81
17821,p9014,55,31
17823,p9015,26,33
17825,p9016,54,34
17826,p9017,77,60
17829,p9018,72,34
17831,p9019,88,22
17832,p9020,84,11
17834,p9021,14,50
17836,p9022,94,92
17839,p9023,49,50
17841,p9024,25,94
17843,p9025,4,95
17844,p9026,52,47
17845,p9027,15,5
17846,p9028,30,26
17847,p9029,50,14
17848,p9030,14,11
17849,p9031,83,39
17852,p9032,47,13
17854,p9033,32,43
17855,p9034,18,59
17858,p9035,28,35
17859,p9036,6,38
17861,p9037,65,72
17862,p9038,94,45
17865,p9039,59,32
17868,p9040,87,59
17871,p9041,22,34
17874,p9042,88,80
17877,p9043,88,9
17879,p9044,68,50
17881,p9045,29,16
17884,p9046,62,82
17885,p9047,59,2
17887,p9048,16,21
17888,p9049,58,22
17891,p9050,17,46
17892,p9051,17,68
17895,p9052,59,21
17896,p9053,83,4
17897,p9054,82,71
17899,p9055,85,30
17900,p9056,59,96
17903,p9057,94,85
17905,p9058,73,70
17908,p9059,76,5
17911,p9060,2,29
17912,p9061,98,25
17915,p9062,23,89
17917,p9063,24,26
17918,p9064,61,97
17919,p9065,75,27
17921,p9066,89,98
17923,p9067,25,15
17924,p9068,98,41
17925,p9069,98,18
17928,p9070,79,13
17930,p9071,38,56
17932,p9072,14,57
17935,p9073,20,2
17936,p9074,26,73
17937,p9075,32,58
17938,p9076,81,70
17939,p9077,63,21
17940,p9078,81,8
17943,p9079,45,71
17946,p9080,74,48
17949,p9081,89,100
17950,p9082,2,86
17953,p9083,21,9
17954,p9084,76,6
17956,p9085,69,39
17958,p9086,86,35
17960,p9087,62,65
17963,p9088,61,9
17965,p9089,58,12
17967,p9090,88,13
17968,p9091,43,41
17970,p9092,93,47
17973,p9093,85,64
17976,p9094,98,35
17977,p9095,31,32
17979,p9096,52,94
17982,p9097,57,63
17984,p9098,45,65
17985,p9099,72,18
17987,p9100,52,96
17990,p9101,35,29
17992,p9102,60,49
17993,p9103,80,88
17996,p9104,44,82
17998,p9105,92,24
18001,p9106,39,99
18003,p9107,51,16
18005,p9108,34,27
18007,p9109,71,34
18010,p9110,51,27
18011,p9111,47,82
18012,p9112,85,45
18015,p9113,64,81
18018,p9114,32,51
18019,p9115,69,62
18020,p9116,83,96
18021,p9117,38,79
18022,p9118,52,30
18025,p9119,39,22
18028,p9120,76,36
18031,p9121,64,79
18034,p9122,21,20
18035,p9123,98,16
18036,p9124,7,44
18038,p9125,67,12
18041,p9126,96,51
18043,p9127,97,96
18046,p9128,30,88
18048,p9129,12,48
18051,p9130,1,75
18054,p9131,67,8
18057,p9132,29,24
18060,p9133,30,63
18063,p9134,66,96
18066,p9135,16,9
18067,p9136,28,11
18068,p9137,2,77
18071,p9138,3,4
18074,p9139,32,81
18077,p9140,77,53
18080,p9141,97,57
18083,p9142,76,98
18086,p9143,16,32
18089,p9144,90,17
18092,p9145,23,63
18095,p9146,64,48
18097,p9147,33,82
18098,p9148,23,24
18101,p9149,13,33
18102,p9150,93,43
18103,p9151,15,85
18106,p9152,65,40
18107,p9153,1,17
18108,p9154,98,51
18111,p9155,1,34
18114,p9156,17,24
18116,p9157,73,52
18119,p9158,16,50
18122,p9159,51,29
18123,p9160,22,63
18126,p9161,95,6
18127,p9162,12,46
18129,p9163,43,49
18131,p9164,3,10
18133,p9165,20,47
18136,p9166,3,84
18139,p9167,60,36
18140,p9168,96,42
18143,p9169,65,70
18144,p9170,23,56
18147,p9171,20,90
18150,p9172,23,81
18151,p9173,99,73
18154,p9174,59,92
18156,p9175,91,64
18158,p9176,89,19
18159,p9177,18,66
18160,p9178,34,10
18161,p9179,96,47
18163,p9180,71,45
18165,p9181,79,91
18167,p9182,26,99
18168,p9183,23,41
18171,p9184,18,73
18174,p9185,92,4
18177,p9186,96,8
18178,p9187,29,72
18181,p9188,4,61
18183,p9189,82,56
18184,p9190,42,17
18185,p9191,42,9
18187,p9192,21,56
18188,p9193,63,46
18190,p9194,27,54
18191,p9195,24,54
18193,p9196,49,39
18195,p9197,11,65
18196,p9198,11,41
18197,p9199,3,54
18199,p9200,37,35
18201,p9201,41,94
18202,p9202,94,50
18204,p9203,73,69
18205,p9204,35,81
18208,p9205,8,50
18210,p9206,5,16
18211,p9207,81,92
18213,p9208,51,37
18215,p9209,23,65
18218,p9210,89,67
18220,p9211,92,38
18222,p9212,90,47
18225,p9213,19,59
18228,p9214,91,12
18231,p9215,31,78
18233,p9216,3,47
18234,p9217,95,50
18237,p9218,19,6
18239,p9219,36,12
18240,p9220,54,57
18243,p9221,78,33
18246,p9222,59,73
18247,p9223,98,3
18249,p9224,95,73
18252,p9225,83,80
18253,p9226,79,29
18255,p9227,6,64
18257,p9228,49,20
18258,p9229,61,67
18259,p9230,12,20
18261,p9231,72,45
18262,p9232,56,69
18265,p9233,98,14
18266,p9234,68,59
18267,p9235,75,81
18269,p9236,4,22
18272,p9237,58,8
18273,p9238,17,41
18274,p9239,10,56
18277,p9240,100,2
18279,p9241,21,40
18281,p9242,2,93
18283,p9243,90,98
18286,p9244,34,30
18289,p9245,45,23
18291,p9246,51,47
18292,p9247,42,28
18295,p9248,100,87
18296,p9249,4,18
18298,p9250,68,100
18300,p9251,35,59
18303,p9252,79,2
18304,p9253,51,24
18305,p9254,51,81
18306,p9255,19,81
18307,p9256,29,1
18310,p9257,48,85
18311,p9258,28,18
18313,p9259,76,13
18316,p9260,89,96
18318,p9261,67,14
18320,p9262,63,54
18322,p9263,29,62
18324,p9264,38,58
18325,p9265,46,88
18326,p9266,66,41
18329,p9267,6,86
18330,p9268,58,85
18332,p9269,68,93
18335,p9270,95,65
18336,p9271,55,27
18339,p9272,30,26
18341,p9273,57,37
18342,p9274,88,20
18344,p9275,54,58
18347,p9276,45,66
18349,p9277,94,12
18350,p9278,100,27
18353,p9279,46,22
18354,p9280,75,80
18355,p9281,94,21
18358,p9282,92,56
18360,p9283,32,56
18361,p9284,61,63
18364,p9285,53,47
18367,p9286,32,59
18370,p9287,22,75
18371,p9288,14,40
18372,p9289,37,81
18374,p9290,68,17
18375,p9291,45,31
18376,p9292,68,82
18378,p9293,71,19
18380,p9294,85,20
18382,p9295,72,24
18384,p9296,43,97
18387,p9297,67,90
18390,p9298,79,4
18393,p9299,13,92
18396,p9300,73,46
18399,p9301,44,43
18400,p9302,24,4
18402,p9303,70,53
18403,p9304,65,52
18405,p9305,89,6
18406,p9306,75,38
18407,p9307,31,50
18409,p9308,25,93
18411,p9309,70,5
18413,p9310,76,66
18415,p9311,20,46
18416,p9312,84,73
18419,p9313,61,2
18421,p9314,95,11
18422,p9315,10,71
18423,p9316,9,32
18424,p9317,71,79
18427,p9318,2,91
18430,p9319,29,46
18431,p9320,52,78
18432,p9321,100,60
18434,p9322,50,61
18436,p9323,11,28
18437,p9324,73,94
18438,p9325,79,63
18441,p9326,97,65
18443,p9327,61,38
18444,p9328,11,58
18445,p9329,37,39
18446,p9330,34,1
18449,p9331,90,32
18451,p9332,70,38
18454,p9333,14,52
18456,p9334,74,12
18459,p9335,89,60
18460,p9336,22,64
18463,p9337,20,72
18464,p9338,15,22
18465,p9339,17,45
18467,p9340,74,51
18470,p9341,14,99
18473,p9342,30,59
18474,p9343,3,55
18475,p9344,46,14
18476,p9345,24,42
18479,p9346,50,96
18482,p9347,83,45
18484,p9348,5,80
18487,p9349,18,41
18489,p9350,97,93
18490,p9351,25,20
18493,p9352,71,15
18496,p9353,43,71
18498,p9354,79,6
18500,p9355,17,81
18503,p9356,36,67
18504,p9357,72,38
18507,p9358,32,28
18508,p9359,80,57
18509,p9360,98,47
18510,p9361,22,36
18512,p9362,56,11
18514,p9363,10,36
18517,p9364,23,52
18520,p9365,87,60
18523,p9366,4,28
18524,p9367,40,16
18525,p9368,91,88
18526,p9369,21,2
18529,p9370,92,1
18532,p9371,78,44
18533,p9372,24,79
18536,p9373,4,76
18537,p9374,94,20
18539,p9375,58,57
18540,p9376,89,11
18541,p9377,7,57
18544,p9378,44,70
18547,p9379,13,44
18548,p9380,25,56
18549,p9381,85,29
18550,p9382,23,43
18551,p9383,43,52
18554,p9384,2,9
18556,p9385,4,78
18559,p9386,64,8
18560,p9387,89,19
18562,p9388,72,37
18565,p9389,13,21
18567,p9390,47,97
18568,p9391,15,91
18569,p9392,16,71
18570,p9393,2,8
18571,p9394,28,15
18573,p9395,18,70
18575,p9396,66,98
18578,p9397,96,39
18579,p9398,67,92
18582,p9399,46,68
18584,p9400,74,68
18585,p9401,23,13
18588,p9402,90,57
18591,p9403,49,86
18594,p9404,62,96
18597,p9405,92,33
18599,p9406,93,57
18601,p9407,45,66
18604,p9408,15,22
18607,p9409,23,3
18610,p9410,77,19
18611,p9411,86,16
18612,p9412,75,24
18614,p9413,1,56
18617,p9414,20,53
18620,p9415,7,35
18621,p9416,48,2
18622,p9417,74,43
18623,p9418,95,4
18624,p9419,81,82
18626,p9420,97,91
18628,p9421,28,65
18631,p9422,20,4
18632,p9423,37,58
18633,p9424,38,50
18636,p9425,6,14
18637,p9426,67,63
18640,p9427,19,11
18642,p9428,27,49
18645,p9429,87,13
18647,p9430,32,68
18649,p9431,68,17
18652,p9432,91,96
18654,p9433,9,41
18656,p9434,13,69
18659,p9435,53,82
18661,p9436,71,9
18664,p9437,83,81
18665,p9438,87,60
18668,p9439,96,26
18671,p9440,52,17
18674,p9441,16,38
18676,p9442,95,60
18678,p9443,23,94
18681,p9444,81,38
18683,p9445,70,33
18686,p9446,8,53
18688,p9447,61,33
18689,p9448,39,7
18692,p9449,36,69
18695,p9450,4,98
18697,p9451,43,51
18699,p9452,38,72
18701,p9453,96,81
18702,p9454,47,81
18704,p9455,45,7
18707,p9456,34,59
18710,p9457,43,57
18713,p9458,55,66
18714,p9459,60,68
18717,p9460,23,10
18720,p9461,47,19
18722,p9462,51,64
18723,p9463,47,31
18724,p9464,59,66
18727,p9465,38,91
18728,p9466,82,1
18731,p9467,43,52
18734,p9468,13,53
18736,p9469,99,51
18739,p9470,27,23
18741,p9471,16,12
18744,p9472,77,88
18746,p9473,75,18
18749,p9474,2,84
18750,p9475,99,18
18752,p9476,43,80
18755,p9477,83,12
18757,p9478,5,83
18759,p9479,90,60
18761,p9480,56,89
18762,p9481,11,29
18763,p9482,39,99
18764,p9483,50,10
18766,p9484,11,17
18768,p9485,60,83
18769,p9486,95,85
18770,p9487,77,99
18773,p9488,29,40
18774,p9489,43,59
18777,p9490,62,42
18780,p9491,34,31
18782,p9492,17,27
18783,p9493,92,25
18786,p9494,14,21
18789,p9495,43,10
18792,p9496,25,94
18793,p9497,85,8
18795,p9498,34,6
18797,p9499,4,18
18799,p9500,37,11
18802,p9501,26,22
18803,p9502,64,5
18806,p9503,70,82
18807,p9504,35,6
18810,p9505,9,93
18811,p9506,20,69
18813,p9507,62,7
18816,p9508,98,21
18817,p9509,32,91
18820,p9510,98,30
18823,p9511,57,33
18825,p9512,51,59
18828,p9513,23,95
18829,p9514,23,92
18830,p9515,99,73
18831,p9516,27,87
18832,p9517,19,14
18835,p9518,5,71
18836,p9519,13,10
18837,p9520,95,48
18840,p9521,20,17
18843,p9522,27,47
18845,p9523,91,28
18847,p9524,92,59
18849,p9525,83,35
18851,p9526,15,71
18853,p9527,23,2
18856,p9528,42,6
18857,p9529,87,22
18860,p9530,76,55
18863,p9531,73,97
18864,p9532,15,40
18866,p9533,54,91
18869,p9534,75,40
18872,p9535,5,37
18875,p9536,95,79
18878,p9537,26,75
18880,p9538,28,39
18881,p9539,2,76
18883,p9540,59,80
18884,p9541,48,17
18885,p9542,14,65
18887,p9543,80,21
18890,p9544,84,48
18892,p9545,34,55
18895,p9546,14,42
18898,p9547,61,5
18899,p9548,77,84
18900,p9549,78,47
18901,p9550,54,77
18902,p9551,55,93
18903,p9552,72,71
18904,p9553,44,16
18907,p9554,66,74
18908,p9555,86,98
18910,p9556,9,76
18912,p9557,26,18
18913,p9558,85,6
18914,p9559,84,81
18916,p9560,17,69
18919,p9561,6,94
18920,p9562,32,93
18922,p9563,42,72
18925,p9564,19,82
18926,p9565,39,8
18929,p9566,9,2
18931,p9567,17,90
18933,p9568,79,33
18936,p9569,62,8
18938,p9570,88,83
18939,p9571,32,97
18940,p9572,79,63
18942,p9573,52,55
18944,p9574,27,47
18947,p9575,96,30
18948,p9576,62,4
18949,p9577,22,32
18952,p9578,6,43
18954,p9579,19,48
18956,p9580,20,87
18958,p9581,61,97
18961,p9582,77,89
18963,p9583,1,56
18966,p9584,21,56
18969,p9585,40,75
18972,p9586,13,14
18974,p9587,53,12
18975,p9588,95,39
18977,p9589,78,75
18978,p9590,28,65
18979,p9591,39,71
18980,p9592,70,49
18983,p9593,63,16
18986,p9594,28,14
18988,p9595,54,2
18989,p9596,44,93
18992,p9597,45,22
18993,p9598,44,46
18995,p9599,43,4
18998,p9600,87,29
19001,p9601,51,41
19002,p9602,38,7
19004,p9603,51,100
19006,p9604,41,80
19008,p9605,4,90
19009,p9606,31,10
19011,p9607,11,26
19013,p9608,4,31
19016,p9609,25,41
19017,p9610,89,78
19019,p9611,48,4
19021,p9612,15,28
19024,p9613,29,45
19025,p9614,25,9
19028,p9615,26,92
19030,p9616,98,65
19033,p9617,2,17
19035,p9618,23,26
19037,p9619,31,14
19039,p9620,6,67
19042,p9621,77,64
19045,p9622,79,35
19046,p9623,87,39
19048,p9624,90,68
19050,p9625,52,77
19052,p9626,46,38
19053,p9627,16,97
19056,p9628,91,13
19057,p9629,67,59
19059,p9630,89,71
19060,p9631,65,32
19063,p9632,36,10
19064,p9633,7,49
19065,p9634,91,80
19067,p9635,61,99
19070,p9636,96,8
19071,p9637,9,57
19073,p9638,21,31
19075,p9639,78,33
19076,p9640,37,41
19077,p9641,42,16
19078,p9642,64,1
19079,p9643,83,49
19082,p9644,65,97
19084,p9645,87,17
19087,p9646,7,68
19088,p9647,7,3
19091,p9648,58,10
19093,p9649,7,80
19096,p9650,74,8
19098,p9651,42,7
19101,p9652,27,70
19104,p9653,96,80
19106,p9654,75,6
19107,p9655,50,65
19110,p9656,99,36
19113,p9657,79,18
19116,p9658,19,95
19117,p9659,72,91
19118,p9660,84,89
19120,p9661,27,39
19123,p9662,26,46
19126,p9663,79,60
19127,p9664,50,40
19128,p9665,57,72
19129,p9666,40,39
19130,p9667,8,57
19131,p9668,52,13
19133,p9669,94,72
19134,p9670,94,46
19136,p9671,30,82
19137,p9672,16,13
19140,p9673,71,58
19141,p9674,13,72
19144,p9675,56,99
19146,p9676,56,3
19147,p9677,23,99
19150,p9678,56,73
19152,p9679,16,86
19153,p9680,18,80
19156,p9681,32,91
19159,p9682,1,6
19161,p9683,100,61
19162,p9684,14,91
19164,p9685,5,48
19165,p9686,4,70
19168,p9687,23,91
19171,p9688,76,23
19173,p9689,79,77
19174,p9690,15,37
19175,p9691,58,29
19178,p9692,74,61
19180,p9693,63,31
19182,p9694,11,24
19185,p9695,12,69
19187,p9696,18,61
19190,p9697,56,76
19191,p9698,92,12
19193,p9699,55,53
19196,p9700,15,33
19197,p9701,31,76
19200,p9702,12,66
19202,p9703,22,1
19204,p9704,34,56
19206,p9705,28,98
19209,p9706,95,29
19210,p9707,89,45
19213,p9708,43,47
19216,p9709,68,29
19217,p9710,70,90
19218,p9711,15,66
19221,p9712,11,45
19223,p9713,75,44
19226,p9714,93,4
19227,p9715,78,99
19228,p9716,52,92
19231,p9717,48,77
19234,p9718,89,33
19236,p9719,38,51
19237,p9720,73,31
19240,p9721,88,92
19243,p9722,55,12
19245,p9723,24,82
19247,p9724,11,32
19248,p9725,52,19
19251,p9726,81,72
19253,p9727,32,66
19256,p9728,19,39
19258,p9729,92,33
19260,p9730,72,28
19262,p9731,36,71
19264,p9732,76,31
19266,p9733,54,29
19268,p9734,13,39
19271,p9735,24,76
19274,p9736,56,95
19276,p9737,58,55
19277,p9738,24,14
19278,p9739,20,25
19281,p9740,70,62
19283,p9741,73,41
19286,p9742,13,33
19289,p9743,57,31
19292,p9744,84,38
19294,p9745,94,13
19296,p9746,37,72
19299,p9747,58,32
19300,p9748,1,98
19302,p9749,72,47
19303,p9750,13,15
19304,p9751,34,35
19306,p9752,12,85
19308,p9753,19,9
19311,p9754,81,88
19312,p9755,17,44
19315,p9756,86,31
19317,p9757,10,22
19318,p9758,11,69
19320,p9759,32,83
19323,p9760,8,62
19325,p9761,90,43
19327,p9762,61,79
19329,p9763,46,75
19332,p9764,4,37
19334,p9765,85,18
19337,p9766,82,98
19340,p9767,66,49
19341,p9768,58,98
19342,p9769,69,24
19345,p9770,27,52
19347,p9771,23,73
19348,p9772,83,61
19350,p9773,39,37
19352,p9774,66,71
19354,p9775,58,20
19357,p9776,94,24
19360,p9777,97,26
19362,p9778,89,42
19363,p9779,14,97
19364,p9780,6,24
19367,p9781,31,38
19368,p9782,23,57
19371,p9783,39,23
19373,p9784,52,84
19374,p9785,18,56
19376,p9786,29,34
19377,p9787,92,39
19380,p9788,84,60
19383,p9789,93,70
19385,p9790,22,25
19387,p9791,96,62
19390,p9792,17,94
19393,p9793,55,25
19396,p9794,39,46
19398,p9795,74,18
19399,p9796,37,78
19402,p9797,52,85
19405,p9798,37,86
19406,p9799,85,88
19409,p9800,63,94
19412,p9801,92,75
19415,p9802,37,2
19416,p9803,87,99
19419,p9804,65,10
19421,p9805,68,12
19423,p9806,64,88
19424,p9807,59,48
19426,p9808,27,38
19427,p9809,48,34
19430,p9810,34,90
19431,p9811,30,29
19432,p9812,65,32
19435,p9813,92,46
19438,p9814,75,88
19439,p9815,32,3
19442,p9816,7,93
19443,p9817,17,47
19445,p9818,4,56
19446,p9819,8,41
19447,p9820,53,100
19448,p9821,31,73
19450,p9822,84,5
19451,p9823,97,53
19452,p9824,47,33
19453,p9825,100,94
19454,p9826,15,85
19455,p9827,27,87
19458,p9828,9,12
19461,p9829,69,68
19463,p9830,50,21
19465,p9831,94,78
19468,p9832,99,28
19469,p9833,20,6
19472,p9834,100,48
19475,p9835,40,43
19477,p9836,23,49
19480,p9837,66,11
19482,p9838,1,23
19485,p9839,30,19
19486,p9840,54,58
19488,p9841,56,45
19491,p9842,15,47
19493,p9843,25,99
19495,p9844,29,71
19498,p9845,27,42
19501,p9846,90,52
19502,p9847,89,92
19504,p9848,58,99
19507,p9849,42,45
19509,p9850,9,28
19511,p9851,27,59
19513,p9852,44,43
19516,p9853,74,40
19518,p9854,55,29
19520,p9855,36,98
19523,p9856,94,23
19524,p9857,56,20
19525,p9858,63,73
19527,p9859,38,99
19528,p9860,77,75
19531,p9861,59,17
19534,p9862,64,55
19536,p9863,2,6
19539,p9864,60,50
19540,p9865,84,81
19541,p9866,1,33
19544,p9867,60,34
19547,p9868,93,70
19550,p9869,87,74
19552,p9870,96,8
19555,p9871,70,75
19557,p9872,82,89
19558,p9873,3,56
19560,p9874,41,24
19563,p9875,55,23
19566,p9876,8,83
19569,p9877,9,74
19570,p9878,26,25
19572,p9879,85,18
19573,p9880,13,81
19575,p9881,23,34
19578,p9882,44,43
19579,p9883,70,27
19581,p9884,94,73
19583,p9885,80,48
19585,p9886,56,2
19586,p9887,78,52
19588,p9888,38,48
19590,p9889,25,96
19592,p9890,61,77
19595,p9891,44,56
19596,p9892,96,13
19599,p9893,35,27
19602,p9894,96,80
19605,p9895,100,67
19607,p9896,2,83
19610,p9897,95,65
19612,p9898,68,87
19613,p9899,91,55
19616,p9900,13,22
19618,p9901,90,5
19620,p9902,4,25
19622,p9903,39,80
19624,p9904,93,71
19625,p9905,67,34
19626,p9906,39,1
19628,p9907,67,8
19629,p9908,78,59
19632,p9909,62,7
19635,p9910,3,40
19638,p9911,17,49
19641,p9912,94,46
19644,p9913,82,11
19645,p9914,82,74
19646,p9915,7,71
19649,p9916,30,96
19651,p9917,99,1
19652,p9918,25,98
19653,p9919,48,74
19654,p9920,73,41
19655,p9921,27,45
19658,p9922,62,47
19659,p9923,35,42
19662,p9924,85,4
19663,p9925,38,90
19666,p9926,4,70
19668,p9927,32,96
19670,p9928,35,97
19673,p9929,96,47
19675,p9930,2,59
19677,p9931,48,42
19680,p9932,92,31
19681,p9933,98,52
19682,p9934,31,37
19685,p9935,23,13
19688,p9936,10,36
19689,p9937,21,77
19690,p9938,13,50
19691,p9939,61,73
19692,p9940,13,78
19693,p9941,51,61
19694,p9942,1,58
19696,p9943,49,28
19698,p9944,73,70
19701,p9945,3,22
19702,p9946,44,47
19704,p9947,29,91
19706,p9948,31,90
19707,p9949,58,60
19709,p9950,69,26
19711,p9951,36,51
19712,p9952,7,43
19713,p9953,63,18
19716,p9954,60,92
19718,p9955,94,36
19721,p9956,12,49
19723,p9957,32,65
19724,p9958,82,29
19726,p9959,85,6
19729,p9960,46,100
19732,p9961,67,52
19734,p9962,77,14
19736,p9963,85,34
19739,p9964,56,27
19740,p9965,63,83
19742,p9966,84,45
19743,p9967,44,12
19744,p9968,8,29
19745,p9969,40,90
19746,p9970,10,84
19747,p9971,87,46
19750,p9972,27,64
19751,p9973,19,73
19754,p9974,16,93
19755,p9975,27,21
19757,p9976,95,92
19758,p9977,55,97
19760,p9978,17,22
19762,p9979,45,32
19763,p9980,2,71
19765,p9981,52,11
19766,p9982,16,30
19769,p9983,25,27
19770,p9984,52,85
19772,p9985,58,29
19775,p9986,99,35
19777,p9987,30,95
19780,p9988,97,10
19783,p9989,76,72
19786,p9990,78,3
19789,p9991,25,82
19791,p9992,52,28
19793,p9993,37,84
19795,p9994,36,12
19796,p9995,45,85
19798,p9996,19,97
19799,p9997,4,5
19800,p9998,70,59
19803,p9999,7,86
