time,id,source,dest
0,p0,37,24
2,p1,46,80
3,p2,53,45
5,p3,37,24
8,p4,9,1
11,p5,71,1
13,p6,65,82
16,p7,55,78
19,p8,1,86
21,p9,1,6
24,p10,11,62
26,p11,47,1
28,p12,38,14
29,p13,1,43
31,p14,100,1
32,p15,14,57
33,p16,33,1
35,p17,31,1
36,p18,1,71
38,p19,98,5
41,p20,65,12
42,p21,46,1
45,p22,1,77
46,p23,96,1
48,p24,43,1
51,p25,65,2
52,p26,1,50
53,p27,92,65
56,p28,41,1
57,p29,45,1
60,p30,1,88
61,p31,1,46
63,p32,1,53
65,p33,61,1
68,p34,1,74
70,p35,34,1
71,p36,1,73
72,p37,1,66
75,p38,1,57
78,p39,20,1
79,p40,79,61
82,p41,69,1
84,p42,1,85
86,p43,67,1
89,p44,1,76
91,p45,19,1
94,p46,4,1
97,p47,1,12
99,p48,11,23
100,p49,57,45
102,p50,14,1
103,p51,20,1
105,p52,1,17
106,p53,3,1
108,p54,46,40
111,p55,1,84
113,p56,11,1
115,p57,1,88
118,p58,1,81
120,p59,61,21
123,p60,1,2
124,p61,1,10
125,p62,11,1
128,p63,79,1
130,p64,67,1
133,p65,8,1
134,p66,1,90
136,p67,70,23
137,p68,83,1
139,p69,100,63
142,p70,11,16
145,p71,81,62
148,p72,87,31
150,p73,1,8
152,p74,88,1
153,p75,44,1
154,p76,86,1
156,p77,59,44
159,p78,24,1
162,p79,18,9
165,p80,21,94
167,p81,1,80
170,p82,88,4
171,p83,1,56
173,p84,84,1
176,p85,45,35
177,p86,99,78
180,p87,74,17
182,p88,25,63
183,p89,84,1
184,p90,22,9
185,p91,1,28
186,p92,40,35
188,p93,64,32
189,p94,89,1
190,p95,1,77
193,p96,1,45
195,p97,7,1
196,p98,94,81
197,p99,69,1
200,p100,16,1
203,p101,1,35
204,p102,31,1
205,p103,15,1
207,p104,80,22
209,p105,1,2
210,p106,1,42
213,p107,1,55
214,p108,46,1
215,p109,1,74
217,p110,1,16
218,p111,97,77
221,p112,84,1
223,p113,1,7
226,p114,8,23
227,p115,1,100
228,p116,1,7
230,p117,67,1
233,p118,44,1
236,p119,42,1
239,p120,1,78
242,p121,1,58
245,p122,24,76
247,p123,1,81
248,p124,71,1
249,p125,1,19
250,p126,1,21
253,p127,1,59
255,p128,97,1
257,p129,29,1
259,p130,1,40
262,p131,1,66
263,p132,24,1
264,p133,1,79
267,p134,58,1
269,p135,94,22
270,p136,1,92
272,p137,4,1
274,p138,57,1
275,p139,93,61
278,p140,40,29
281,p141,1,82
282,p142,42,16
283,p143,78,1
284,p144,1,64
285,p145,1,29
288,p146,58,95
290,p147,1,73
291,p148,100,1
293,p149,5,71
295,p150,1,75
297,p151,1,20
299,p152,5,94
302,p153,23,1
305,p154,72,1
306,p155,39,1
309,p156,25,48
311,p157,33,1
313,p158,1,87
315,p159,89,12
316,p160,1,28
319,p161,59,37
321,p162,51,1
323,p163,1,54
326,p164,43,54
328,p165,1,9
330,p166,1,94
333,p167,1,75
335,p168,48,1
337,p169,20,1
338,p170,80,47
339,p171,1,44
340,p172,37,65
341,p173,16,43
343,p174,1,20
346,p175,1,4
349,p176,16,1
350,p177,28,1
351,p178,1,90
354,p179,1,97
357,p180,1,81
360,p181,24,1
361,p182,1,11
362,p183,25,1
365,p184,47,1
366,p185,24,22
368,p186,1,26
371,p187,58,77
373,p188,1,99
374,p189,1,87
375,p190,1,97
376,p191,40,1
377,p192,46,1
380,p193,34,51
381,p194,75,51
383,p195,1,32
386,p196,1,30
388,p197,1,66
390,p198,1,96
391,p199,1,90
393,p200,63,1
396,p201,1,25
397,p202,49,71
400,p203,34,31
403,p204,1,24
405,p205,82,71
408,p206,89,56
409,p207,35,1
412,p208,17,67
415,p209,75,91
417,p210,63,5
419,p211,1,68
421,p212,1,76
422,p213,1,78
423,p214,1,54
426,p215,35,67
429,p216,1,84
431,p217,1,77
433,p218,86,1
435,p219,1,73
438,p220,1,85
439,p221,94,1
441,p222,45,71
442,p223,1,43
444,p224,18,83
445,p225,1,86
446,p226,1,26
447,p227,74,1
449,p228,80,33
451,p229,1,29
454,p230,1,72
457,p231,16,3
459,p232,1,7
460,p233,37,34
461,p234,63,1
462,p235,11,56
463,p236,9,1
465,p237,26,36
468,p238,84,1
470,p239,96,1
473,p240,7,65
474,p241,1,43
475,p242,64,1
477,p243,96,1
480,p244,98,1
481,p245,1,51
483,p246,1,94
484,p247,51,1
485,p248,1,34
487,p249,81,15
490,p250,1,68
493,p251,1,51
495,p252,60,1
498,p253,58,1
501,p254,44,1
503,p255,90,1
505,p256,1,50
506,p257,97,41
509,p258,10,1
510,p259,1,23
513,p260,1,100
516,p261,31,82
517,p262,1,17
520,p263,62,1
521,p264,97,54
523,p265,1,77
526,p266,68,1
527,p267,36,17
530,p268,1,59
531,p269,4,10
534,p270,16,1
535,p271,3,1
538,p272,82,1
541,p273,7,1
542,p274,80,1
543,p275,23,40
545,p276,72,9
548,p277,6,1
549,p278,1,18
551,p279,86,1
554,p280,88,31
556,p281,43,94
558,p282,50,46
560,p283,1,68
562,p284,61,1
563,p285,1,13
564,p286,77,1
567,p287,33,86
568,p288,10,49
571,p289,49,1
572,p290,75,1
575,p291,1,11
576,p292,35,57
578,p293,1,57
581,p294,48,32
584,p295,99,1
586,p296,1,75
588,p297,1,85
589,p298,3,1
590,p299,51,85
593,p300,98,33
596,p301,85,9
598,p302,56,1
600,p303,47,1
603,p304,59,3
606,p305,79,1
607,p306,95,54
609,p307,39,1
610,p308,1,94
611,p309,1,100
614,p310,35,11
616,p311,38,12
619,p312,97,1
621,p313,1,4
622,p314,1,35
624,p315,1,73
626,p316,71,32
629,p317,73,1
630,p318,96,1
633,p319,44,1
636,p320,48,1
637,p321,51,1
640,p322,1,54
641,p323,6,67
642,p324,11,40
645,p325,1,31
647,p326,72,2
648,p327,55,83
650,p328,1,97
652,p329,96,10
655,p330,26,36
657,p331,67,73
660,p332,75,97
661,p333,95,49
662,p334,53,1
665,p335,23,1
667,p336,1,58
670,p337,1,50
671,p338,94,1
672,p339,15,1
675,p340,1,67
677,p341,38,76
679,p342,13,26
681,p343,96,1
684,p344,45,1
687,p345,4,83
688,p346,1,57
691,p347,17,1
692,p348,1,24
693,p349,92,1
696,p350,24,35
697,p351,42,1
698,p352,19,31
701,p353,1,15
703,p354,63,1
706,p355,7,1
707,p356,1,44
710,p357,93,1
711,p358,1,86
712,p359,54,14
713,p360,85,62
716,p361,31,1
718,p362,97,1
719,p363,85,1
720,p364,1,90
721,p365,95,1
723,p366,9,1
725,p367,1,54
728,p368,40,1
731,p369,1,24
734,p370,51,1
737,p371,1,66
739,p372,61,1
740,p373,99,40
743,p374,1,25
745,p375,32,1
748,p376,1,53
751,p377,86,1
754,p378,39,65
757,p379,51,1
759,p380,30,1
760,p381,22,1
763,p382,1,39
765,p383,75,55
766,p384,98,1
768,p385,77,36
769,p386,10,1
770,p387,32,1
772,p388,1,52
775,p389,60,13
778,p390,32,17
781,p391,81,54
783,p392,1,99
786,p393,1,100
787,p394,1,89
788,p395,1,84
790,p396,1,76
793,p397,1,27
795,p398,93,1
798,p399,3,47
800,p400,93,1
803,p401,1,70
805,p402,20,8
808,p403,1,57
809,p404,1,23
812,p405,11,30
814,p406,1,32
815,p407,65,43
816,p408,1,76
819,p409,66,1
822,p410,49,1
823,p411,50,52
826,p412,52,1
827,p413,57,1
829,p414,1,2
832,p415,33,1
834,p416,55,1
836,p417,62,1
838,p418,62,42
840,p419,45,1
842,p420,90,1
843,p421,85,1
846,p422,1,36
849,p423,1,48
851,p424,23,16
854,p425,1,35
856,p426,35,1
859,p427,57,1
860,p428,93,3
862,p429,94,35
863,p430,1,58
866,p431,12,1
867,p432,38,1
869,p433,5,70
872,p434,91,99
875,p435,1,18
876,p436,96,1
879,p437,60,1
880,p438,1,38
882,p439,91,1
883,p440,1,66
886,p441,1,50
888,p442,31,1
891,p443,1,29
894,p444,14,53
897,p445,64,1
900,p446,35,1
901,p447,30,33
904,p448,1,63
905,p449,1,22
907,p450,1,82
908,p451,80,1
909,p452,56,1
910,p453,60,1
911,p454,35,1
914,p455,71,1
916,p456,67,1
919,p457,35,87
921,p458,51,38
923,p459,1,2
924,p460,13,23
926,p461,21,1
927,p462,57,38
930,p463,1,76
933,p464,63,10
936,p465,1,52
938,p466,1,7
941,p467,24,1
942,p468,65,1
945,p469,18,1
947,p470,63,18
950,p471,15,45
953,p472,77,1
955,p473,1,80
957,p474,1,81
960,p475,71,1
962,p476,57,64
964,p477,98,1
965,p478,1,51
967,p479,67,1
970,p480,1,35
971,p481,24,90
974,p482,59,1
976,p483,1,70
977,p484,1,34
980,p485,50,1
983,p486,1,12
985,p487,3,1
987,p488,1,87
990,p489,1,100
992,p490,1,42
993,p491,50,1
996,p492,94,1
999,p493,3,38
1000,p494,74,1
1002,p495,48,1
1003,p496,95,75
1006,p497,82,1
1007,p498,35,1
1008,p499,1,9
1009,p500,41,1
1010,p501,16,90
1013,p502,96,95
1016,p503,14,46
1018,p504,1,34
1020,p505,60,1
1022,p506,86,44
1025,p507,61,59
1027,p508,20,1
1030,p509,1,15
1033,p510,20,57
1036,p511,7,92
1039,p512,75,60
1041,p513,49,16
1044,p514,24,65
1047,p515,1,10
1048,p516,1,20
1051,p517,77,95
1054,p518,95,1
1055,p519,81,10
1057,p520,70,23
1058,p521,25,81
1059,p522,90,5
1061,p523,69,18
1064,p524,94,32
1065,p525,96,1
1068,p526,99,1
1070,p527,86,10
1073,p528,1,35
1076,p529,60,1
1079,p530,1,72
1081,p531,4,1
1084,p532,37,1
1086,p533,67,1
1087,p534,48,26
1090,p535,48,1
1093,p536,5,1
1096,p537,1,35
1097,p538,96,90
1098,p539,1,5
1100,p540,19,34
1103,p541,1,56
1106,p542,60,100
1107,p543,1,5
1109,p544,1,89
1112,p545,97,1
1113,p546,1,81
1115,p547,7,1
1117,p548,30,52
1118,p549,23,87
1121,p550,1,100
1123,p551,1,10
1125,p552,4,1
1128,p553,82,10
1130,p554,1,14
1132,p555,31,6
1135,p556,41,73
1137,p557,92,1
1139,p558,1,19
1140,p559,1,35
1141,p560,99,12
1142,p561,93,29
1144,p562,95,86
1146,p563,1,49
1148,p564,53,1
1151,p565,1,75
1153,p566,32,63
1154,p567,1,49
1157,p568,22,30
1160,p569,1,56
1162,p570,91,1
1165,p571,1,29
1167,p572,1,67
1169,p573,1,15
1170,p574,41,1
1171,p575,69,1
1174,p576,51,1
1177,p577,31,1
1179,p578,1,42
1180,p579,1,75
1181,p580,67,28
1183,p581,1,38
1184,p582,13,1
1187,p583,50,1
1188,p584,37,1
1191,p585,32,25
1194,p586,70,54
1196,p587,97,1
1198,p588,1,86
1201,p589,1,19
1204,p590,16,1
1206,p591,45,73
1207,p592,41,1
1209,p593,1,25
1212,p594,27,85
1215,p595,6,1
1218,p596,1,96
1221,p597,21,47
1222,p598,1,73
1224,p599,81,9
1227,p600,65,1
1229,p601,86,1
1230,p602,96,1
1233,p603,45,20
1236,p604,73,1
1239,p605,52,1
1242,p606,22,1
1245,p607,1,64
1246,p608,1,93
1249,p609,1,24
1251,p610,73,84
1252,p611,63,1
1255,p612,32,15
1257,p613,1,19
1260,p614,93,1
1262,p615,25,33
1264,p616,62,1
1265,p617,100,12
1266,p618,1,98
1269,p619,82,1
1271,p620,97,18
1274,p621,53,78
1277,p622,1,11
1279,p623,34,28
1280,p624,6,1
1281,p625,1,70
1282,p626,32,68
1285,p627,1,89
1286,p628,22,100
1288,p629,1,6
1291,p630,66,33
1294,p631,79,27
1296,p632,20,1
1298,p633,1,3
1301,p634,1,64
1303,p635,1,22
1306,p636,72,14
1308,p637,99,77
1311,p638,1,20
1313,p639,15,58
1316,p640,20,1
1317,p641,40,1
1320,p642,10,67
1322,p643,10,1
1324,p644,83,4
1327,p645,90,1
1329,p646,87,1
1331,p647,1,94
1332,p648,25,1
1334,p649,1,20
1335,p650,86,1
1336,p651,8,100
1339,p652,1,52
1341,p653,19,1
1343,p654,58,1
1345,p655,13,1
1347,p656,1,12
1350,p657,23,1
1352,p658,1,49
1355,p659,11,91
1357,p660,78,98
1359,p661,1,68
1360,p662,95,71
1362,p663,28,1
1363,p664,67,88
1366,p665,75,1
1368,p666,1,12
1369,p667,1,55
1370,p668,1,80
1371,p669,86,74
1374,p670,1,68
1375,p671,1,16
1378,p672,1,89
1381,p673,1,14
1384,p674,2,1
1386,p675,52,51
1387,p676,1,38
1390,p677,1,58
1393,p678,1,5
1394,p679,1,71
1397,p680,67,91
1400,p681,26,1
1402,p682,80,1
1404,p683,73,1
1405,p684,41,1
1408,p685,22,1
1410,p686,6,14
1411,p687,35,1
1412,p688,97,94
1415,p689,61,1
1416,p690,72,1
1417,p691,85,14
1418,p692,86,1
1419,p693,1,42
1421,p694,1,62
1423,p695,63,100
1426,p696,1,59
1427,p697,1,6
1428,p698,43,1
1429,p699,72,84
1431,p700,76,1
1434,p701,70,1
1436,p702,1,94
1438,p703,54,1
1441,p704,1,23
1443,p705,1,63
1446,p706,84,1
1448,p707,48,1
1451,p708,1,15
1452,p709,37,60
1453,p710,1,36
1455,p711,1,9
1457,p712,35,90
1460,p713,36,45
1462,p714,1,25
1464,p715,75,100
1465,p716,27,87
1468,p717,41,74
1469,p718,25,61
1470,p719,18,82
1471,p720,20,1
1473,p721,46,1
1474,p722,48,19
1477,p723,45,1
1478,p724,1,55
1480,p725,21,87
1483,p726,70,1
1486,p727,58,6
1488,p728,10,51
1489,p729,1,16
1492,p730,100,21
1495,p731,77,1
1498,p732,72,70
1500,p733,1,70
1503,p734,61,51
1506,p735,1,14
1509,p736,1,32
1510,p737,63,22
1511,p738,1,88
1513,p739,93,1
1515,p740,9,49
1517,p741,61,79
1518,p742,1,86
1520,p743,62,1
1522,p744,14,57
1525,p745,1,95
1528,p746,74,15
1530,p747,31,1
1533,p748,50,1
1534,p749,25,95
1537,p750,65,1
1539,p751,41,40
1541,p752,1,68
1544,p753,1,23
1547,p754,1,73
1548,p755,62,1
1549,p756,1,83
1550,p757,29,1
1552,p758,62,1
1554,p759,10,24
1557,p760,99,1
1560,p761,87,1
1562,p762,30,1
1565,p763,94,1
1566,p764,28,33
1568,p765,1,22
1569,p766,27,99
1571,p767,29,7
1574,p768,18,1
1577,p769,92,1
1578,p770,8,1
1580,p771,1,36
1582,p772,3,58
1583,p773,1,48
1585,p774,72,44
1588,p775,1,41
1589,p776,73,1
1591,p777,12,1
1592,p778,39,81
1594,p779,47,16
1597,p780,18,17
1599,p781,61,1
1602,p782,50,66
1603,p783,31,23
1606,p784,46,35
1608,p785,60,1
1610,p786,16,50
1611,p787,72,66
1612,p788,28,1
1613,p789,38,93
1614,p790,1,32
1616,p791,1,93
1617,p792,86,1
1618,p793,94,1
1621,p794,35,16
1623,p795,63,34
1625,p796,75,1
1626,p797,1,5
1628,p798,1,78
1629,p799,57,1
1632,p800,3,65
1633,p801,44,18
1636,p802,1,23
1638,p803,21,1
1640,p804,74,35
1641,p805,1,57
1643,p806,2,17
1644,p807,12,1
1645,p808,34,42
1647,p809,1,14
1649,p810,1,19
1650,p811,35,87
1652,p812,1,99
1654,p813,35,82
1657,p814,22,1
1660,p815,67,38
1663,p816,5,99
1666,p817,89,1
1667,p818,1,33
1669,p819,18,66
1672,p820,91,92
1675,p821,99,39
1677,p822,1,17
1679,p823,14,1
1682,p824,92,41
1684,p825,43,62
1686,p826,1,67
1688,p827,59,1
1689,p828,78,1
1692,p829,36,72
1694,p830,83,1
1696,p831,72,79
1699,p832,1,100
1700,p833,1,68
1703,p834,1,20
1705,p835,76,55
1708,p836,1,67
1710,p837,40,97
1712,p838,44,57
1714,p839,34,90
1717,p840,35,1
1720,p841,78,8
1721,p842,1,48
1722,p843,7,49
1725,p844,25,1
1727,p845,79,1
1730,p846,33,27
1733,p847,1,21
1735,p848,9,8
1738,p849,1,37
1741,p850,1,44
1742,p851,93,88
1743,p852,8,1
1744,p853,1,57
1747,p854,4,18
1749,p855,5,1
1752,p856,71,1
1753,p857,1,76
1755,p858,79,2
1758,p859,31,1
1760,p860,30,1
1763,p861,52,36
1765,p862,27,57
1767,p863,86,1
1768,p864,27,74
1769,p865,78,1
1770,p866,4,1
1772,p867,1,78
1774,p868,1,44
1776,p869,63,1
1777,p870,1,28
1780,p871,12,13
1782,p872,76,68
1784,p873,1,56
1785,p874,58,1
1786,p875,96,1
1788,p876,1,65
1789,p877,1,8
1792,p878,1,22
1795,p879,16,61
1797,p880,60,92
1799,p881,47,94
1800,p882,1,31
1802,p883,57,95
1804,p884,76,1
1806,p885,77,1
1807,p886,63,1
1810,p887,54,1
1812,p888,1,54
1813,p889,1,66
1814,p890,20,1
1817,p891,56,94
1818,p892,1,12
1821,p893,1,27
1822,p894,1,5
1823,p895,62,83
1826,p896,1,94
1828,p897,48,1
1830,p898,97,80
1831,p899,44,1
1834,p900,61,7
1837,p901,11,1
1840,p902,1,32
1843,p903,1,65
1846,p904,33,87
1847,p905,82,34
1849,p906,1,46
1851,p907,1,88
1852,p908,79,1
1854,p909,42,1
1857,p910,83,69
1859,p911,84,36
1862,p912,12,1
1863,p913,89,1
1864,p914,1,21
1865,p915,1,69
1867,p916,1,32
1869,p917,1,23
1870,p918,49,1
1872,p919,20,1
1873,p920,70,1
1876,p921,1,51
1879,p922,1,93
1882,p923,83,68
1884,p924,39,43
1885,p925,73,1
1888,p926,13,34
1891,p927,1,99
1892,p928,29,1
1893,p929,44,86
1894,p930,36,1
1895,p931,1,27
1898,p932,37,1
1901,p933,8,1
1904,p934,1,91
1905,p935,12,78
1906,p936,99,55
1907,p937,75,1
1910,p938,1,98
1912,p939,1,63
1913,p940,45,1
1916,p941,10,1
1918,p942,60,1
1920,p943,73,1
1923,p944,1,95
1926,p945,83,1
1928,p946,1,89
1931,p947,16,23
1934,p948,70,78
1935,p949,1,18
1937,p950,15,1
1940,p951,1,2
1943,p952,1,15
1945,p953,1,44
1946,p954,21,1
1948,p955,1,51
1949,p956,41,1
1951,p957,69,1
1953,p958,1,26
1955,p959,1,73
1958,p960,30,1
1961,p961,21,57
1962,p962,34,1
1965,p963,87,99
1968,p964,1,63
1970,p965,1,86
1973,p966,1,69
1975,p967,16,1
1977,p968,1,98
1979,p969,1,39
1982,p970,1,73
1985,p971,82,65
1987,p972,31,78
1989,p973,20,1
1990,p974,56,1
1992,p975,48,97
1993,p976,29,1
1995,p977,61,1
1997,p978,49,86
1998,p979,16,5
1999,p980,32,1
2002,p981,1,63
2003,p982,1,40
2005,p983,10,53
2008,p984,87,1
2009,p985,46,1
2011,p986,1,61
2012,p987,1,74
2013,p988,85,1
2014,p989,1,16
2016,p990,74,1
2017,p991,1,14
2018,p992,1,3
2021,p993,85,1
2023,p994,94,21
2024,p995,1,83
2025,p996,52,1
2026,p997,35,1
2028,p998,83,1
2029,p999,38,1
2030,p1000,5,58
2033,p1001,24,1
2035,p1002,66,1
2036,p1003,2,85
2039,p1004,97,100
2042,p1005,47,1
2043,p1006,93,57
2046,p1007,93,11
2049,p1008,55,1
2050,p1009,1,94
2051,p1010,1,22
2054,p1011,31,1
2056,p1012,50,45
2059,p1013,1,37
2062,p1014,54,1
2065,p1015,1,94
2067,p1016,1,87
2068,p1017,10,1
2069,p1018,67,1
2072,p1019,86,1
2073,p1020,1,60
2075,p1021,96,12
2077,p1022,1,52
2079,p1023,27,90
2082,p1024,1,88
2085,p1025,1,65
2086,p1026,1,49
2088,p1027,1,69
2090,p1028,71,1
2093,p1029,62,1
2094,p1030,9,76
2096,p1031,31,1
2099,p1032,1,86
2102,p1033,64,67
2104,p1034,1,49
2105,p1035,65,1
2107,p1036,1,4
2109,p1037,30,63
2112,p1038,1,63
2114,p1039,63,1
2115,p1040,1,65
2116,p1041,47,1
2119,p1042,1,22
2121,p1043,1,33
2123,p1044,49,96
2125,p1045,10,60
2127,p1046,1,97
2129,p1047,1,63
2130,p1048,2,1
2133,p1049,51,75
2135,p1050,16,1
2138,p1051,1,87
2139,p1052,45,67
2141,p1053,85,84
2144,p1054,11,1
2146,p1055,37,39
2149,p1056,80,1
2151,p1057,36,1
2153,p1058,30,5
2154,p1059,1,58
2156,p1060,37,79
2159,p1061,70,1
2162,p1062,1,58
2164,p1063,1,63
2166,p1064,1,61
2167,p1065,80,50
2169,p1066,1,55
2171,p1067,98,17
2173,p1068,85,8
2175,p1069,36,42
2177,p1070,1,63
2180,p1071,1,59
2181,p1072,51,1
2183,p1073,89,58
2185,p1074,1,94
2186,p1075,43,27
2188,p1076,1,39
2189,p1077,21,44
2191,p1078,82,1
2192,p1079,81,38
2194,p1080,20,1
2197,p1081,64,1
2198,p1082,1,79
2200,p1083,42,1
2203,p1084,94,18
2205,p1085,59,51
2208,p1086,37,1
2209,p1087,1,4
2210,p1088,1,68
2212,p1089,96,36
2214,p1090,1,60
2216,p1091,72,1
2217,p1092,1,49
2219,p1093,31,1
2221,p1094,1,46
2224,p1095,1,100
2226,p1096,8,26
2227,p1097,42,1
2229,p1098,3,9
2232,p1099,1,32
2235,p1100,1,100
2236,p1101,1,100
2237,p1102,33,1
2239,p1103,40,2
2241,p1104,92,24
2243,p1105,1,44
2245,p1106,76,1
2248,p1107,44,1
2250,p1108,47,34
2252,p1109,71,1
2254,p1110,85,30
2257,p1111,86,100
2259,p1112,17,1
2262,p1113,1,86
2265,p1114,76,1
2266,p1115,1,95
2267,p1116,36,1
2268,p1117,1,78
2269,p1118,84,41
2270,p1119,1,95
2272,p1120,1,71
2275,p1121,78,1
2276,p1122,1,69
2277,p1123,74,1
2279,p1124,1,46
2282,p1125,1,76
2283,p1126,65,1
2286,p1127,38,1
2289,p1128,1,79
2290,p1129,97,26
2293,p1130,27,1
2295,p1131,91,1
2296,p1132,86,1
2298,p1133,1,60
2300,p1134,1,25
2302,p1135,3,1
2304,p1136,1,38
2307,p1137,57,17
2309,p1138,28,70
2311,p1139,14,1
2314,p1140,1,78
2317,p1141,19,1
2318,p1142,74,98
2321,p1143,1,59
2323,p1144,1,23
2326,p1145,91,1
2327,p1146,80,34
2330,p1147,30,1
2332,p1148,1,94
2333,p1149,3,1
2336,p1150,14,1
2338,p1151,78,1
2340,p1152,1,44
2343,p1153,67,25
2345,p1154,67,1
2347,p1155,83,1
2348,p1156,1,42
2349,p1157,21,96
2351,p1158,75,96
2353,p1159,57,1
2354,p1160,1,31
2357,p1161,1,82
2358,p1162,1,25
2361,p1163,86,16
2363,p1164,1,18
2364,p1165,14,1
2366,p1166,86,1
2368,p1167,96,43
2369,p1168,1,82
2371,p1169,1,44
2374,p1170,36,1
2377,p1171,91,1
2378,p1172,11,93
2379,p1173,88,97
2380,p1174,26,1
2381,p1175,1,90
2382,p1176,5,12
2385,p1177,30,58
2387,p1178,47,1
2388,p1179,1,84
2389,p1180,1,96
2392,p1181,1,79
2395,p1182,84,1
2397,p1183,1,30
2399,p1184,1,77
2401,p1185,5,70
2404,p1186,6,1
2406,p1187,90,1
2407,p1188,34,1
2408,p1189,79,39
2411,p1190,74,89
2414,p1191,45,34
2417,p1192,6,1
2420,p1193,48,81
2423,p1194,67,1
2425,p1195,1,39
2428,p1196,1,3
2429,p1197,46,22
2432,p1198,98,1
2434,p1199,1,81
2436,p1200,1,65
2439,p1201,88,1
2441,p1202,43,1
2444,p1203,8,1
2446,p1204,53,1
2447,p1205,1,8
2448,p1206,90,81
2449,p1207,64,1
2452,p1208,23,5
2454,p1209,100,1
2457,p1210,1,38
2460,p1211,1,64
2463,p1212,79,82
2464,p1213,1,56
2465,p1214,72,91
2468,p1215,1,14
2470,p1216,7,96
2473,p1217,78,1
2475,p1218,1,86
2476,p1219,70,1
2477,p1220,96,1
2480,p1221,37,1
2482,p1222,1,89
2485,p1223,1,48
2486,p1224,12,1
2487,p1225,73,29
2489,p1226,45,1
2490,p1227,1,94
2493,p1228,82,1
2494,p1229,1,94
2495,p1230,1,94
2498,p1231,76,23
2501,p1232,27,99
2503,p1233,64,74
2505,p1234,42,1
2508,p1235,75,1
2509,p1236,1,4
2510,p1237,41,1
2512,p1238,16,1
2515,p1239,1,38
2516,p1240,1,76
2519,p1241,14,1
2522,p1242,4,1
2525,p1243,91,1
2526,p1244,53,1
2528,p1245,1,71
2531,p1246,94,1
2532,p1247,1,75
2535,p1248,1,71
2537,p1249,1,60
2540,p1250,1,63
2542,p1251,7,1
2543,p1252,58,70
2544,p1253,1,27
2545,p1254,1,36
2548,p1255,49,63
2551,p1256,54,1
2553,p1257,1,7
2554,p1258,51,1
2557,p1259,1,22
2560,p1260,1,96
2561,p1261,31,1
2564,p1262,1,81
2567,p1263,66,1
2570,p1264,76,1
2572,p1265,67,1
2574,p1266,82,51
2576,p1267,80,1
2578,p1268,8,1
2580,p1269,73,49
2581,p1270,69,1
2582,p1271,27,88
2583,p1272,40,1
2585,p1273,45,28
2588,p1274,14,89
2589,p1275,1,6
2591,p1276,63,40
2594,p1277,1,82
2597,p1278,73,19
2598,p1279,86,99
2600,p1280,1,57
2602,p1281,1,52
2604,p1282,77,1
2605,p1283,6,20
2606,p1284,1,17
2609,p1285,38,1
2610,p1286,8,73
2611,p1287,1,95
2614,p1288,70,92
2615,p1289,1,58
2617,p1290,1,48
2619,p1291,24,1
2621,p1292,83,19
2622,p1293,1,63
2624,p1294,32,1
2627,p1295,5,78
2629,p1296,17,56
2631,p1297,1,68
2634,p1298,76,84
2637,p1299,66,24
2640,p1300,39,1
2642,p1301,29,1
2645,p1302,1,63
2647,p1303,48,1
2650,p1304,1,36
2653,p1305,1,19
2655,p1306,74,52
2658,p1307,30,7
2660,p1308,23,65
2661,p1309,1,81
2662,p1310,33,1
2665,p1311,1,63
2668,p1312,77,76
2670,p1313,11,1
2671,p1314,4,97
2673,p1315,82,59
2676,p1316,20,1
2678,p1317,9,1
2681,p1318,14,1
2684,p1319,25,1
2687,p1320,96,41
2689,p1321,6,94
2691,p1322,18,60
2694,p1323,77,63
2696,p1324,5,26
2697,p1325,88,1
2699,p1326,1,77
2701,p1327,82,1
2703,p1328,73,1
2704,p1329,50,1
2706,p1330,1,2
2708,p1331,4,34
2709,p1332,94,66
2710,p1333,13,1
2712,p1334,1,49
2714,p1335,1,12
2716,p1336,100,1
2719,p1337,1,83
2722,p1338,8,27
2724,p1339,55,60
2726,p1340,1,99
2729,p1341,1,65
2730,p1342,1,78
2732,p1343,1,58
2733,p1344,44,9
2736,p1345,11,61
2737,p1346,1,100
2738,p1347,74,4
2739,p1348,1,89
2741,p1349,72,1
2742,p1350,1,6
2744,p1351,1,47
2747,p1352,1,32
2749,p1353,2,1
2752,p1354,1,43
2755,p1355,1,39
2757,p1356,93,1
2759,p1357,36,29
2761,p1358,73,41
2763,p1359,7,63
2765,p1360,37,1
2767,p1361,95,1
2769,p1362,67,1
2772,p1363,1,89
2774,p1364,1,87
2775,p1365,4,1
2777,p1366,1,61
2779,p1367,58,1
2780,p1368,11,1
2783,p1369,38,100
2784,p1370,25,1
2785,p1371,1,76
2787,p1372,1,23
2789,p1373,5,92
2792,p1374,56,5
2793,p1375,1,58
2795,p1376,99,60
2798,p1377,23,1
2801,p1378,92,1
2803,p1379,63,67
2805,p1380,1,3
2807,p1381,1,76
2810,p1382,86,70
2811,p1383,1,83
2814,p1384,1,67
2816,p1385,55,76
2817,p1386,34,1
2819,p1387,1,83
2820,p1388,20,1
2822,p1389,87,96
2825,p1390,63,1
2828,p1391,1,33
2829,p1392,37,21
2831,p1393,1,39
2833,p1394,1,56
2835,p1395,15,8
2836,p1396,93,44
2837,p1397,1,61
2838,p1398,1,67
2841,p1399,1,8
2843,p1400,64,47
2845,p1401,21,1
2848,p1402,15,33
2849,p1403,57,44
2850,p1404,7,1
2851,p1405,25,100
2854,p1406,3,18
2855,p1407,70,89
2857,p1408,1,9
2858,p1409,1,68
2861,p1410,93,1
2862,p1411,1,76
2865,p1412,4,1
2867,p1413,1,39
2869,p1414,22,1
2870,p1415,61,92
2871,p1416,6,53
2872,p1417,80,1
2875,p1418,72,1
2877,p1419,90,96
2879,p1420,1,65
2882,p1421,17,93
2884,p1422,1,27
2886,p1423,11,56
2889,p1424,1,57
2891,p1425,83,86
2893,p1426,23,3
2896,p1427,1,63
2899,p1428,83,16
2902,p1429,76,61
2905,p1430,1,82
2907,p1431,21,1
2908,p1432,49,1
2910,p1433,27,91
2913,p1434,75,89
2914,p1435,51,1
2916,p1436,54,1
2917,p1437,88,1
2920,p1438,1,78
2922,p1439,70,1
2925,p1440,74,68
2926,p1441,59,1
2929,p1442,1,96
2931,p1443,1,57
2933,p1444,95,1
2936,p1445,82,1
2937,p1446,52,1
2939,p1447,42,63
2942,p1448,65,1
2944,p1449,7,1
2946,p1450,1,83
2947,p1451,37,53
2949,p1452,5,1
2950,p1453,19,17
2951,p1454,1,43
2953,p1455,59,72
2955,p1456,53,85
2957,p1457,24,58
2960,p1458,29,37
2962,p1459,89,1
2963,p1460,56,1
2966,p1461,1,60
2967,p1462,1,95
2969,p1463,1,46
2970,p1464,52,2
2973,p1465,24,1
2976,p1466,97,1
2979,p1467,1,73
2980,p1468,35,42
2981,p1469,78,31
2984,p1470,38,1
2987,p1471,84,16
2989,p1472,25,1
2990,p1473,22,85
2991,p1474,37,1
2994,p1475,38,1
2997,p1476,4,15
2999,p1477,1,80
3001,p1478,59,1
3004,p1479,71,83
3006,p1480,92,1
3009,p1481,1,93
3010,p1482,1,28
3012,p1483,77,1
3013,p1484,17,1
3016,p1485,1,9
3018,p1486,73,1
3020,p1487,100,1
3023,p1488,87,100
3024,p1489,50,1
3027,p1490,35,1
3029,p1491,100,1
3032,p1492,14,1
3034,p1493,52,45
3036,p1494,99,87
3038,p1495,16,96
3040,p1496,61,44
3042,p1497,1,30
3044,p1498,1,67
3047,p1499,1,50
3049,p1500,45,1
3052,p1501,81,45
3053,p1502,67,11
3056,p1503,57,36
3058,p1504,1,32
3059,p1505,82,1
3062,p1506,33,1
3064,p1507,78,94
3065,p1508,1,90
3066,p1509,25,1
3069,p1510,11,1
3072,p1511,1,74
3074,p1512,61,97
3076,p1513,11,49
3079,p1514,16,28
3080,p1515,16,2
3083,p1516,34,26
3085,p1517,31,88
3086,p1518,63,6
3087,p1519,1,80
3088,p1520,1,59
3091,p1521,45,1
3094,p1522,1,77
3097,p1523,8,41
3098,p1524,1,92
3101,p1525,87,1
3102,p1526,26,1
3103,p1527,31,15
3106,p1528,1,56
3108,p1529,11,4
3111,p1530,1,98
3114,p1531,1,32
3115,p1532,3,69
3116,p1533,26,29
3118,p1534,1,7
3121,p1535,1,82
3123,p1536,46,1
3126,p1537,46,100
3129,p1538,13,1
3132,p1539,44,96
3135,p1540,1,28
3136,p1541,53,1
3137,p1542,1,10
3140,p1543,1,81
3142,p1544,5,7
3145,p1545,1,20
3146,p1546,78,1
3148,p1547,1,29
3149,p1548,47,80
3150,p1549,22,1
3153,p1550,1,96
3156,p1551,1,82
3159,p1552,1,15
3160,p1553,20,1
3163,p1554,38,1
3166,p1555,79,1
3169,p1556,28,1
3172,p1557,1,94
3173,p1558,72,1
3174,p1559,42,1
3175,p1560,1,25
3176,p1561,1,52
3179,p1562,100,1
3181,p1563,27,1
3183,p1564,1,93
3186,p1565,42,85
3189,p1566,59,78
3191,p1567,9,1
3193,p1568,1,63
3196,p1569,1,39
3199,p1570,3,1
3200,p1571,1,68
3203,p1572,43,66
3204,p1573,46,1
3207,p1574,1,93
3209,p1575,8,33
3210,p1576,96,30
3211,p1577,81,1
3214,p1578,87,1
3217,p1579,8,59
3219,p1580,19,53
3222,p1581,46,94
3225,p1582,72,93
3228,p1583,52,1
3230,p1584,75,1
3233,p1585,14,1
3235,p1586,1,54
3236,p1587,1,6
3237,p1588,66,56
3240,p1589,1,90
3243,p1590,82,90
3246,p1591,15,1
3247,p1592,1,81
3250,p1593,28,1
3251,p1594,82,29
3252,p1595,52,33
3253,p1596,58,14
3255,p1597,90,45
3257,p1598,1,4
3258,p1599,1,23
3259,p1600,91,12
3260,p1601,2,14
3262,p1602,16,79
3265,p1603,5,1
3266,p1604,1,14
3267,p1605,97,46
3269,p1606,84,1
3271,p1607,8,1
3272,p1608,49,1
3273,p1609,72,56
3275,p1610,14,1
3278,p1611,1,36
3280,p1612,1,13
3281,p1613,86,41
3284,p1614,1,47
3285,p1615,6,1
3288,p1616,73,91
3290,p1617,62,1
3291,p1618,1,29
3293,p1619,1,6
3294,p1620,18,11
3296,p1621,13,1
3299,p1622,1,11
3300,p1623,1,83
3303,p1624,1,94
3304,p1625,59,83
3305,p1626,56,1
3306,p1627,78,1
3307,p1628,33,18
3310,p1629,52,69
3313,p1630,1,20
3316,p1631,83,19
3318,p1632,55,4
3319,p1633,1,94
3321,p1634,12,69
3322,p1635,40,1
3324,p1636,1,30
3327,p1637,36,87
3329,p1638,1,28
3331,p1639,6,70
3333,p1640,100,1
3336,p1641,100,18
3338,p1642,79,1
3341,p1643,1,35
3344,p1644,1,96
3347,p1645,1,18
3348,p1646,38,9
3350,p1647,32,1
3351,p1648,1,91
3354,p1649,15,26
3357,p1650,1,83
3359,p1651,63,90
3361,p1652,35,1
3362,p1653,29,1
3365,p1654,5,74
3367,p1655,97,1
3369,p1656,1,94
3371,p1657,3,33
3373,p1658,1,90
3376,p1659,19,1
3378,p1660,1,36
3381,p1661,1,5
3382,p1662,17,1
3383,p1663,1,42
3385,p1664,1,58
3387,p1665,1,61
3389,p1666,39,20
3391,p1667,47,1
3392,p1668,48,69
3393,p1669,61,50
3396,p1670,3,57
3397,p1671,23,39
3399,p1672,75,64
3402,p1673,1,56
3403,p1674,1,48
3404,p1675,98,1
3406,p1676,20,1
3408,p1677,94,1
3411,p1678,1,8
3412,p1679,60,1
3414,p1680,41,1
3417,p1681,40,1
3419,p1682,1,92
3421,p1683,1,78
3423,p1684,54,67
3424,p1685,52,1
3425,p1686,51,1
3426,p1687,77,66
3428,p1688,1,95
3431,p1689,87,1
3434,p1690,1,15
3437,p1691,67,1
3438,p1692,1,86
3441,p1693,8,1
3444,p1694,47,1
3446,p1695,35,1
3447,p1696,28,20
3448,p1697,16,97
3449,p1698,97,91
3451,p1699,1,27
3454,p1700,1,45
3457,p1701,16,18
3458,p1702,1,2
3460,p1703,1,64
3463,p1704,1,53
3464,p1705,1,92
3466,p1706,57,78
3468,p1707,1,97
3470,p1708,84,66
3471,p1709,60,31
3472,p1710,97,1
3473,p1711,1,19
3474,p1712,1,96
3476,p1713,23,1
3477,p1714,22,1
3480,p1715,1,50
3481,p1716,1,38
3484,p1717,1,90
3485,p1718,43,20
3486,p1719,82,8
3489,p1720,1,9
3490,p1721,27,1
3491,p1722,22,40
3494,p1723,48,1
3496,p1724,67,80
3498,p1725,36,1
3501,p1726,1,26
3503,p1727,62,97
3505,p1728,54,94
3506,p1729,1,16
3509,p1730,63,88
3510,p1731,56,1
3513,p1732,66,1
3516,p1733,1,75
3518,p1734,33,1
3520,p1735,95,1
3522,p1736,99,74
3525,p1737,52,40
3528,p1738,1,96
3530,p1739,1,3
3531,p1740,1,77
3534,p1741,1,13
3537,p1742,1,74
3539,p1743,15,1
3541,p1744,83,28
3544,p1745,28,1
3546,p1746,15,2
3548,p1747,1,18
3551,p1748,1,76
3554,p1749,1,30
3556,p1750,47,1
3559,p1751,95,1
3561,p1752,60,72
3562,p1753,34,52
3564,p1754,65,1
3566,p1755,1,15
3567,p1756,1,31
3570,p1757,47,24
3571,p1758,8,1
3574,p1759,87,1
3575,p1760,45,48
3576,p1761,24,64
3577,p1762,90,1
3579,p1763,95,1
3582,p1764,38,89
3584,p1765,65,93
3585,p1766,1,75
3587,p1767,80,6
3588,p1768,68,32
3591,p1769,47,100
3594,p1770,1,9
3595,p1771,1,86
3597,p1772,61,1
3600,p1773,29,79
3603,p1774,34,29
3606,p1775,1,93
3608,p1776,11,1
3610,p1777,1,65
3613,p1778,1,69
3615,p1779,1,89
3618,p1780,2,1
3621,p1781,25,62
3622,p1782,93,1
3624,p1783,68,1
3626,p1784,9,82
3629,p1785,36,1
3630,p1786,94,1
3632,p1787,92,1
3633,p1788,1,31
3635,p1789,50,2
3638,p1790,30,44
3640,p1791,1,80
3642,p1792,1,22
3643,p1793,1,29
3644,p1794,37,1
3647,p1795,70,88
3648,p1796,70,1
3650,p1797,1,8
3651,p1798,30,90
3653,p1799,23,1
3655,p1800,22,1
3656,p1801,88,4
3657,p1802,77,1
3660,p1803,1,63
3661,p1804,1,12
3662,p1805,11,1
3664,p1806,1,5
3666,p1807,7,31
3667,p1808,26,86
3669,p1809,1,74
3670,p1810,90,76
3673,p1811,19,1
3675,p1812,94,1
3676,p1813,54,1
3678,p1814,1,39
3679,p1815,1,69
3682,p1816,1,35
3684,p1817,13,1
3685,p1818,75,1
3686,p1819,75,32
3689,p1820,1,71
3691,p1821,5,86
3692,p1822,77,73
3693,p1823,19,1
3694,p1824,16,1
3696,p1825,1,36
3699,p1826,74,1
3700,p1827,24,46
3702,p1828,14,48
3704,p1829,6,1
3707,p1830,74,1
3710,p1831,33,85
3713,p1832,1,76
3716,p1833,79,22
3717,p1834,1,30
3719,p1835,1,14
3721,p1836,100,1
3722,p1837,22,1
3724,p1838,56,32
3727,p1839,1,94
3729,p1840,20,76
3732,p1841,1,45
3733,p1842,1,20
3736,p1843,60,59
3739,p1844,1,70
3740,p1845,1,59
3742,p1846,1,89
3745,p1847,40,1
3746,p1848,7,20
3748,p1849,82,68
3750,p1850,45,32
3753,p1851,1,53
3755,p1852,57,95
3756,p1853,68,1
3759,p1854,57,1
3762,p1855,92,1
3765,p1856,1,28
3768,p1857,1,51
3769,p1858,47,1
3771,p1859,1,86
3773,p1860,3,1
3776,p1861,1,69
3778,p1862,1,97
3780,p1863,33,32
3782,p1864,25,55
3783,p1865,72,1
3785,p1866,1,78
3788,p1867,76,56
3789,p1868,1,90
3791,p1869,85,84
3792,p1870,4,1
3793,p1871,1,37
3796,p1872,63,85
3798,p1873,94,1
3800,p1874,79,1
3802,p1875,20,1
3804,p1876,12,1
3806,p1877,54,1
3808,p1878,1,59
3811,p1879,84,3
3812,p1880,49,1
3813,p1881,44,24
3815,p1882,92,10
3817,p1883,39,21
3819,p1884,1,48
3822,p1885,8,86
3825,p1886,1,69
3828,p1887,1,39
3831,p1888,68,1
3832,p1889,1,45
3833,p1890,1,68
3836,p1891,1,97
3838,p1892,36,1
3841,p1893,57,50
3844,p1894,1,67
3845,p1895,14,27
3846,p1896,1,38
3847,p1897,11,60
3850,p1898,30,1
3851,p1899,20,1
3853,p1900,87,1
3854,p1901,52,1
3856,p1902,20,31
3858,p1903,98,15
3861,p1904,36,1
3863,p1905,17,41
3866,p1906,58,1
3868,p1907,35,1
3871,p1908,1,89
3874,p1909,1,26
3877,p1910,1,51
3880,p1911,73,66
3883,p1912,28,22
3886,p1913,73,43
3887,p1914,83,1
3888,p1915,51,14
3891,p1916,51,1
3893,p1917,1,61
3895,p1918,57,1
3898,p1919,2,1
3899,p1920,39,1
3902,p1921,63,18
3903,p1922,80,24
3904,p1923,1,60
3907,p1924,1,28
3908,p1925,98,1
3911,p1926,92,1
3912,p1927,26,1
3914,p1928,1,52
3915,p1929,1,75
3917,p1930,1,56
3918,p1931,60,1
3920,p1932,1,41
3923,p1933,27,24
3924,p1934,64,1
3925,p1935,6,83
3926,p1936,62,1
3927,p1937,84,1
3928,p1938,9,79
3929,p1939,93,35
3930,p1940,65,1
3933,p1941,78,34
3936,p1942,70,1
3939,p1943,20,1
3942,p1944,1,100
3944,p1945,100,1
3947,p1946,79,1
3949,p1947,89,62
3952,p1948,78,1
3955,p1949,1,92
3956,p1950,16,1
3959,p1951,29,30
3961,p1952,23,1
3962,p1953,20,34
3965,p1954,100,1
3968,p1955,19,43
3971,p1956,73,100
3974,p1957,1,100
3975,p1958,32,38
3977,p1959,1,68
3979,p1960,84,1
3981,p1961,32,1
3982,p1962,92,1
3985,p1963,64,1
3987,p1964,48,1
3989,p1965,1,91
3992,p1966,33,1
3995,p1967,70,68
3996,p1968,54,26
3999,p1969,1,36
4001,p1970,1,38
4004,p1971,58,17
4007,p1972,35,10
4008,p1973,96,1
4011,p1974,8,53
4012,p1975,71,45
4014,p1976,63,20
4017,p1977,12,1
4020,p1978,1,52
4023,p1979,8,1
4026,p1980,1,96
4029,p1981,1,74
4031,p1982,23,30
4032,p1983,10,1
4035,p1984,49,1
4037,p1985,1,72
4040,p1986,100,1
4041,p1987,54,98
4042,p1988,1,48
4043,p1989,96,1
4046,p1990,41,1
4049,p1991,26,94
4050,p1992,81,5
4053,p1993,80,1
4056,p1994,1,50
4058,p1995,1,55
4059,p1996,15,12
4060,p1997,1,47
4062,p1998,1,67
4063,p1999,1,4
4064,p2000,22,1
4066,p2001,15,1
4068,p2002,64,63
4070,p2003,2,1
4072,p2004,42,1
4075,p2005,1,20
4078,p2006,59,57
4081,p2007,92,1
4083,p2008,1,85
4085,p2009,63,1
4086,p2010,10,75
4087,p2011,82,65
4088,p2012,1,22
4090,p2013,58,5
4093,p2014,23,1
4096,p2015,50,1
4097,p2016,1,3
4098,p2017,64,98
4101,p2018,38,1
4104,p2019,80,57
4106,p2020,1,65
4107,p2021,1,69
4108,p2022,23,19
4111,p2023,83,1
4114,p2024,1,5
4116,p2025,31,1
4118,p2026,61,1
4121,p2027,1,34
4123,p2028,1,27
4125,p2029,20,37
4128,p2030,62,37
4130,p2031,14,1
4132,p2032,79,1
4133,p2033,65,1
4135,p2034,32,30
4138,p2035,46,20
4139,p2036,69,56
4140,p2037,5,89
4143,p2038,63,47
4144,p2039,1,53
4145,p2040,64,13
4146,p2041,63,1
4148,p2042,17,96
4151,p2043,1,26
4153,p2044,1,63
4156,p2045,14,57
4157,p2046,28,1
4160,p2047,1,24
4161,p2048,28,1
4162,p2049,86,76
4163,p2050,1,13
4166,p2051,25,1
4168,p2052,2,1
4171,p2053,26,94
4173,p2054,20,52
4174,p2055,66,1
4177,p2056,86,28
4178,p2057,51,1
4179,p2058,90,76
4181,p2059,21,1
4182,p2060,1,37
4185,p2061,1,59
4187,p2062,4,64
4189,p2063,15,68
4191,p2064,81,30
4192,p2065,93,21
4193,p2066,15,1
4194,p2067,95,29
4196,p2068,12,73
4198,p2069,1,72
4199,p2070,1,25
4202,p2071,1,98
4203,p2072,41,22
4206,p2073,49,33
4208,p2074,2,1
4209,p2075,23,89
4212,p2076,15,1
4213,p2077,1,60
4215,p2078,71,34
4216,p2079,44,1
4219,p2080,68,69
4221,p2081,27,1
4222,p2082,34,1
4224,p2083,36,1
4227,p2084,1,31
4229,p2085,1,80
4232,p2086,1,35
4235,p2087,75,1
4236,p2088,62,83
4239,p2089,32,1
4240,p2090,76,1
4243,p2091,19,1
4246,p2092,1,92
4249,p2093,1,2
4250,p2094,18,99
4251,p2095,49,94
4252,p2096,1,79
4255,p2097,8,52
4258,p2098,1,49
4261,p2099,1,69
4263,p2100,1,42
4264,p2101,19,1
4266,p2102,32,22
4269,p2103,1,89
4272,p2104,1,84
4275,p2105,82,6
4276,p2106,28,24
4277,p2107,1,29
4280,p2108,1,72
4281,p2109,93,1
4283,p2110,1,98
4284,p2111,1,70
4285,p2112,1,17
4288,p2113,1,66
4289,p2114,67,1
4291,p2115,2,1
4293,p2116,1,56
4294,p2117,1,94
4297,p2118,12,91
4300,p2119,1,42
4303,p2120,78,1
4305,p2121,1,18
4307,p2122,55,60
4310,p2123,1,55
4312,p2124,1,97
4315,p2125,58,35
4316,p2126,1,77
4319,p2127,70,9
4322,p2128,1,10
4324,p2129,45,12
4325,p2130,1,96
4328,p2131,86,54
4329,p2132,65,95
4332,p2133,82,1
4333,p2134,6,1
4334,p2135,67,1
4336,p2136,79,1
4339,p2137,1,65
4340,p2138,1,39
4343,p2139,59,1
4345,p2140,1,32
4347,p2141,9,1
4349,p2142,1,2
4350,p2143,1,44
4353,p2144,1,61
4355,p2145,78,46
4356,p2146,1,33
4358,p2147,33,1
4359,p2148,38,95
4361,p2149,58,1
4363,p2150,1,64
4366,p2151,59,1
4367,p2152,1,87
4368,p2153,51,1
4370,p2154,95,6
4371,p2155,42,71
4374,p2156,70,1
4377,p2157,78,92
4380,p2158,1,96
4383,p2159,81,2
4386,p2160,33,1
4389,p2161,16,1
4390,p2162,1,47
4392,p2163,1,13
4394,p2164,62,66
4395,p2165,77,1
4397,p2166,1,99
4400,p2167,1,44
4402,p2168,1,44
4404,p2169,1,92
4407,p2170,10,1
4409,p2171,23,1
4412,p2172,84,1
4413,p2173,62,1
4414,p2174,1,50
4415,p2175,41,1
4418,p2176,1,15
4420,p2177,1,23
4421,p2178,36,51
4422,p2179,1,64
4424,p2180,1,18
4427,p2181,1,68
4428,p2182,69,59
4430,p2183,1,61
4431,p2184,89,56
4434,p2185,1,15
4437,p2186,1,7
4438,p2187,6,47
4440,p2188,4,1
4442,p2189,1,23
4444,p2190,1,84
4447,p2191,44,1
4449,p2192,1,16
4451,p2193,87,1
4454,p2194,88,80
4457,p2195,9,1
4460,p2196,1,2
4461,p2197,74,1
4462,p2198,80,45
4465,p2199,41,1
4468,p2200,9,1
4470,p2201,29,81
4473,p2202,9,1
4474,p2203,1,80
4477,p2204,1,51
4479,p2205,1,48
4481,p2206,1,73
4483,p2207,59,1
4486,p2208,36,100
4489,p2209,20,1
4492,p2210,45,87
4493,p2211,51,92
4496,p2212,23,92
4497,p2213,79,1
4499,p2214,13,1
4500,p2215,64,59
4501,p2216,88,41
4502,p2217,56,1
4503,p2218,70,13
4506,p2219,70,1
4507,p2220,1,95
4509,p2221,15,1
4511,p2222,78,83
4514,p2223,26,56
4515,p2224,1,95
4517,p2225,10,85
4519,p2226,10,1
4520,p2227,1,87
4523,p2228,1,22
4526,p2229,12,1
4529,p2230,1,49
4532,p2231,1,21
4534,p2232,2,28
4536,p2233,1,98
4538,p2234,6,29
4540,p2235,51,1
4542,p2236,43,59
4544,p2237,13,36
4547,p2238,27,1
4548,p2239,52,2
4550,p2240,59,97
4551,p2241,1,48
4554,p2242,100,1
4556,p2243,95,83
4559,p2244,57,46
4561,p2245,16,1
4564,p2246,1,43
4567,p2247,47,1
4569,p2248,25,21
4572,p2249,3,1
4573,p2250,1,33
4576,p2251,100,1
4579,p2252,2,50
4580,p2253,1,49
4582,p2254,77,35
4583,p2255,1,12
4586,p2256,70,1
4589,p2257,56,6
4592,p2258,1,43
4595,p2259,80,1
4597,p2260,85,56
4598,p2261,81,1
4601,p2262,99,20
4604,p2263,1,49
4607,p2264,95,50
4609,p2265,1,89
4612,p2266,1,56
4613,p2267,1,28
4615,p2268,16,27
4617,p2269,71,1
4618,p2270,66,48
4620,p2271,57,58
4622,p2272,38,24
4625,p2273,1,27
4626,p2274,94,1
4627,p2275,36,1
4629,p2276,24,66
4630,p2277,51,1
4632,p2278,1,19
4634,p2279,1,19
4636,p2280,1,47
4637,p2281,1,5
4640,p2282,45,67
4641,p2283,1,47
4642,p2284,1,23
4645,p2285,1,77
4648,p2286,1,22
4650,p2287,29,1
4651,p2288,1,76
4653,p2289,1,56
4656,p2290,1,63
4657,p2291,32,51
4659,p2292,1,43
4662,p2293,90,22
4663,p2294,1,59
4666,p2295,17,1
4668,p2296,53,1
4671,p2297,1,7
4674,p2298,85,1
4675,p2299,1,7
4676,p2300,26,74
4679,p2301,1,61
4681,p2302,1,37
4682,p2303,1,80
4684,p2304,66,23
4685,p2305,93,1
4686,p2306,79,1
4689,p2307,1,21
4691,p2308,1,23
4694,p2309,1,77
4697,p2310,46,98
4698,p2311,1,90
4700,p2312,14,19
4702,p2313,84,1
4703,p2314,67,1
4705,p2315,73,87
4706,p2316,1,38
4709,p2317,1,81
4711,p2318,1,23
4713,p2319,1,75
4715,p2320,1,73
4716,p2321,91,24
4718,p2322,9,73
4721,p2323,25,1
4723,p2324,92,1
4725,p2325,1,53
4727,p2326,1,35
4729,p2327,25,45
4732,p2328,63,35
4733,p2329,55,1
4736,p2330,96,1
4737,p2331,6,85
4740,p2332,65,87
4741,p2333,1,56
4744,p2334,60,1
4746,p2335,1,79
4748,p2336,89,58
4750,p2337,55,72
4752,p2338,1,63
4754,p2339,75,1
4756,p2340,1,17
4759,p2341,1,77
4760,p2342,64,70
4763,p2343,99,1
4766,p2344,47,1
4769,p2345,20,1
4770,p2346,1,77
4771,p2347,1,67
4772,p2348,70,1
4775,p2349,1,31
4776,p2350,63,1
4779,p2351,33,64
4782,p2352,50,10
4784,p2353,80,93
4785,p2354,5,1
4788,p2355,40,20
4790,p2356,1,39
4792,p2357,1,52
4795,p2358,35,1
4797,p2359,1,87
4798,p2360,36,1
4799,p2361,69,83
4800,p2362,30,1
4802,p2363,67,1
4804,p2364,97,1
4807,p2365,1,9
4809,p2366,66,78
4812,p2367,60,1
4813,p2368,93,49
4816,p2369,4,1
4818,p2370,38,65
4820,p2371,18,1
4821,p2372,21,49
4824,p2373,8,1
4826,p2374,76,1
4829,p2375,1,73
4831,p2376,33,1
4833,p2377,99,1
4834,p2378,2,75
4835,p2379,24,3
4837,p2380,57,66
4838,p2381,1,77
4839,p2382,98,85
4840,p2383,1,58
4842,p2384,22,1
4843,p2385,87,92
4844,p2386,1,76
4845,p2387,1,49
4848,p2388,19,1
4849,p2389,89,1
4850,p2390,1,70
4851,p2391,2,1
4853,p2392,1,33
4855,p2393,1,50
4858,p2394,1,65
4859,p2395,1,16
4862,p2396,97,1
4863,p2397,5,1
4865,p2398,62,1
4868,p2399,25,93
4871,p2400,86,49
4873,p2401,1,7
4874,p2402,3,41
4876,p2403,1,22
4877,p2404,67,8
4880,p2405,8,1
4882,p2406,1,74
4883,p2407,32,1
4884,p2408,1,30
4885,p2409,1,49
4886,p2410,1,24
4889,p2411,60,98
4892,p2412,1,46
4894,p2413,94,53
4897,p2414,1,4
4900,p2415,1,96
4901,p2416,68,1
4904,p2417,40,1
4905,p2418,66,54
4908,p2419,97,1
4910,p2420,67,57
4913,p2421,30,1
4914,p2422,1,75
4916,p2423,94,88
4919,p2424,95,45
4921,p2425,46,27
4923,p2426,41,93
4924,p2427,65,7
4925,p2428,1,29
4926,p2429,1,55
4929,p2430,1,67
4932,p2431,1,98
4933,p2432,1,29
4935,p2433,1,54
4938,p2434,1,44
4941,p2435,1,20
4942,p2436,1,17
4943,p2437,56,1
4944,p2438,73,78
4946,p2439,87,80
4949,p2440,18,8
4952,p2441,1,75
4954,p2442,88,1
4955,p2443,32,18
4956,p2444,1,80
4959,p2445,51,68
4960,p2446,1,69
4963,p2447,14,9
4966,p2448,1,35
4967,p2449,67,15
4968,p2450,68,1
4970,p2451,1,7
4973,p2452,57,38
4974,p2453,56,81
4975,p2454,19,1
4976,p2455,1,61
4979,p2456,1,78
4981,p2457,86,1
4982,p2458,89,1
4984,p2459,46,1
4986,p2460,8,1
4988,p2461,78,1
4991,p2462,8,1
4993,p2463,51,1
4994,p2464,15,35
4996,p2465,9,35
4998,p2466,1,66
4999,p2467,56,50
5002,p2468,59,58
5003,p2469,1,7
5004,p2470,61,4
5006,p2471,26,1
5007,p2472,1,82
5010,p2473,1,49
5013,p2474,30,1
5016,p2475,1,38
5018,p2476,100,1
5019,p2477,1,62
5022,p2478,79,53
5025,p2479,1,81
5026,p2480,1,33
5028,p2481,14,87
5031,p2482,49,1
5032,p2483,14,1
5034,p2484,1,18
5036,p2485,1,12
5039,p2486,72,7
5040,p2487,30,71
5041,p2488,63,26
5042,p2489,54,1
5045,p2490,1,94
5046,p2491,24,1
5049,p2492,1,67
5050,p2493,44,1
5052,p2494,24,5
5053,p2495,1,12
5054,p2496,17,1
5057,p2497,1,62
5059,p2498,1,8
5062,p2499,48,32
5063,p2500,67,79
5065,p2501,62,49
5068,p2502,28,71
5070,p2503,84,11
5072,p2504,1,92
5073,p2505,1,62
5075,p2506,1,44
5076,p2507,93,69
5079,p2508,37,23
5082,p2509,1,97
5083,p2510,84,34
5085,p2511,73,33
5088,p2512,45,1
5091,p2513,1,89
5092,p2514,1,76
5093,p2515,74,41
5094,p2516,89,29
5095,p2517,3,1
5098,p2518,3,1
5101,p2519,44,1
5103,p2520,47,78
5106,p2521,1,43
5109,p2522,6,26
5110,p2523,84,14
5111,p2524,73,1
5114,p2525,25,89
5115,p2526,1,27
5118,p2527,31,1
5119,p2528,77,1
5121,p2529,12,1
5124,p2530,65,1
5127,p2531,49,38
5129,p2532,1,55
5132,p2533,1,96
5133,p2534,16,1
5135,p2535,13,69
5136,p2536,93,1
5138,p2537,62,89
5139,p2538,1,84
5141,p2539,53,1
5142,p2540,100,1
5143,p2541,71,90
5144,p2542,47,76
5145,p2543,91,1
5146,p2544,37,51
5148,p2545,1,84
5150,p2546,1,90
5152,p2547,1,33
5155,p2548,1,12
5157,p2549,33,23
5158,p2550,46,1
5159,p2551,98,1
5160,p2552,14,36
5162,p2553,45,81
5164,p2554,65,1
5165,p2555,1,52
5167,p2556,65,1
5168,p2557,3,18
5169,p2558,53,1
5170,p2559,53,1
5172,p2560,1,27
5174,p2561,1,84
5176,p2562,79,1
5177,p2563,17,2
5179,p2564,1,100
5181,p2565,29,83
5183,p2566,32,1
5186,p2567,1,10
5188,p2568,1,64
5191,p2569,1,64
5193,p2570,41,1
5194,p2571,45,1
5197,p2572,5,1
5199,p2573,1,95
5202,p2574,18,1
5203,p2575,35,17
5204,p2576,80,1
5207,p2577,27,7
5209,p2578,61,69
5211,p2579,22,1
5212,p2580,49,1
5215,p2581,1,20
5216,p2582,95,47
5219,p2583,27,29
5220,p2584,1,99
5222,p2585,20,55
5223,p2586,62,32
5224,p2587,73,55
5227,p2588,41,1
5230,p2589,1,6
5232,p2590,1,95
5234,p2591,39,55
5235,p2592,94,7
5236,p2593,1,10
5238,p2594,1,70
5239,p2595,96,48
5242,p2596,13,46
5243,p2597,8,1
5244,p2598,1,51
5245,p2599,1,50
5247,p2600,1,98
5248,p2601,53,1
5250,p2602,44,1
5251,p2603,6,1
5252,p2604,1,90
5255,p2605,1,15
5258,p2606,77,1
5259,p2607,100,18
5262,p2608,22,1
5264,p2609,29,1
5265,p2610,56,24
5268,p2611,44,100
5270,p2612,1,46
5271,p2613,1,71
5274,p2614,89,67
5276,p2615,1,41
5277,p2616,9,33
5279,p2617,1,35
5281,p2618,75,1
5283,p2619,34,4
5285,p2620,25,1
5288,p2621,47,1
5291,p2622,16,1
5294,p2623,47,1
5296,p2624,6,80
5298,p2625,1,69
5300,p2626,1,28
5302,p2627,71,15
5305,p2628,72,21
5307,p2629,1,72
5309,p2630,41,1
5312,p2631,34,1
5313,p2632,1,16
5314,p2633,9,1
5316,p2634,1,71
5319,p2635,80,1
5320,p2636,49,1
5321,p2637,25,1
5324,p2638,47,1
5325,p2639,73,1
5327,p2640,85,51
5328,p2641,1,47
5329,p2642,46,10
5332,p2643,3,1
5334,p2644,1,2
5336,p2645,1,50
5338,p2646,34,86
5339,p2647,1,36
5342,p2648,15,1
5345,p2649,1,69
5346,p2650,58,1
5349,p2651,24,86
5352,p2652,1,3
5354,p2653,82,1
5357,p2654,1,71
5359,p2655,1,94
5361,p2656,97,1
5363,p2657,63,91
5365,p2658,1,9
5367,p2659,1,32
5370,p2660,99,63
5373,p2661,49,20
5375,p2662,1,93
5376,p2663,46,55
5379,p2664,9,1
5381,p2665,1,32
5383,p2666,1,95
5384,p2667,96,42
5387,p2668,82,1
5388,p2669,1,48
5390,p2670,96,71
5391,p2671,75,1
5393,p2672,1,61
5394,p2673,33,69
5397,p2674,1,84
5399,p2675,1,59
5401,p2676,1,5
5402,p2677,29,32
5403,p2678,36,3
5406,p2679,70,46
5408,p2680,1,39
5411,p2681,81,31
5413,p2682,29,1
5416,p2683,26,1
5418,p2684,14,53
5420,p2685,1,94
5423,p2686,31,64
5424,p2687,1,20
5427,p2688,42,87
5429,p2689,69,94
5430,p2690,18,42
5431,p2691,59,93
5433,p2692,75,93
5434,p2693,57,48
5435,p2694,69,1
5438,p2695,28,86
5440,p2696,15,19
5441,p2697,4,1
5444,p2698,83,44
5445,p2699,1,12
5446,p2700,27,1
5449,p2701,14,84
5450,p2702,91,1
5452,p2703,5,1
5453,p2704,79,1
5454,p2705,29,13
5457,p2706,99,2
5460,p2707,73,37
5463,p2708,1,94
5464,p2709,1,68
5465,p2710,40,1
5468,p2711,1,91
5469,p2712,73,3
5472,p2713,94,17
5473,p2714,64,1
5476,p2715,58,10
5477,p2716,17,81
5478,p2717,31,1
5481,p2718,75,1
5483,p2719,1,72
5484,p2720,37,1
5487,p2721,76,1
5490,p2722,35,1
5492,p2723,22,1
5495,p2724,87,1
5496,p2725,1,69
5499,p2726,1,25
5502,p2727,30,55
5505,p2728,94,9
5507,p2729,65,68
5509,p2730,93,1
5510,p2731,36,1
5513,p2732,13,52
5516,p2733,77,6
5518,p2734,80,1
5521,p2735,1,55
5522,p2736,65,13
5524,p2737,55,37
5527,p2738,1,69
5530,p2739,23,1
5532,p2740,24,1
5535,p2741,1,76
5536,p2742,70,1
5538,p2743,37,1
5541,p2744,1,49
5542,p2745,32,10
5545,p2746,63,2
5546,p2747,1,14
5548,p2748,1,31
5549,p2749,1,32
5550,p2750,1,10
5553,p2751,1,23
5554,p2752,17,1
5556,p2753,21,1
5559,p2754,4,1
5560,p2755,43,1
5563,p2756,66,9
5565,p2757,1,21
5568,p2758,1,55
5571,p2759,1,34
5572,p2760,1,45
5573,p2761,70,1
5574,p2762,89,91
5577,p2763,43,1
5578,p2764,100,38
5579,p2765,41,1
5582,p2766,90,1
5583,p2767,6,28
5585,p2768,1,96
5587,p2769,1,44
5589,p2770,1,91
5590,p2771,68,11
5593,p2772,34,1
5595,p2773,45,66
5598,p2774,95,14
5601,p2775,96,1
5603,p2776,67,80
5605,p2777,91,64
5607,p2778,79,3
5609,p2779,71,1
5611,p2780,1,2
5614,p2781,1,38
5617,p2782,61,1
5620,p2783,1,33
5622,p2784,41,1
5624,p2785,1,49
5625,p2786,1,88
5628,p2787,81,89
5630,p2788,46,1
5631,p2789,85,1
5634,p2790,1,60
5636,p2791,81,1
5637,p2792,40,62
5639,p2793,4,1
5640,p2794,34,31
5643,p2795,81,1
5646,p2796,1,85
5648,p2797,53,74
5650,p2798,1,100
5652,p2799,45,1
5653,p2800,1,51
5654,p2801,1,93
5655,p2802,1,52
5656,p2803,1,88
5659,p2804,1,27
5660,p2805,1,6
5663,p2806,1,67
5665,p2807,8,1
5666,p2808,67,1
5667,p2809,1,62
5668,p2810,78,1
5670,p2811,40,18
5673,p2812,1,19
5676,p2813,50,21
5677,p2814,78,1
5678,p2815,34,1
5680,p2816,82,1
5681,p2817,1,83
5683,p2818,99,14
5685,p2819,18,24
5688,p2820,1,36
5689,p2821,70,1
5691,p2822,42,1
5694,p2823,74,7
5697,p2824,1,87
5698,p2825,29,43
5699,p2826,34,65
5700,p2827,51,96
5703,p2828,69,1
5706,p2829,57,1
5709,p2830,1,74
5712,p2831,1,58
5713,p2832,43,96
5714,p2833,1,85
5715,p2834,25,1
5716,p2835,24,64
5719,p2836,1,75
5720,p2837,56,1
5722,p2838,84,20
5724,p2839,30,82
5725,p2840,55,2
5728,p2841,10,1
5731,p2842,1,95
5734,p2843,55,63
5737,p2844,45,1
5740,p2845,51,1
5743,p2846,32,1
5744,p2847,61,1
5746,p2848,1,57
5747,p2849,48,90
5750,p2850,79,98
5752,p2851,26,1
5754,p2852,1,94
5755,p2853,1,69
5757,p2854,56,98
5758,p2855,49,93
5760,p2856,58,88
5763,p2857,1,62
5766,p2858,83,37
5767,p2859,21,37
5769,p2860,1,66
5771,p2861,81,55
5774,p2862,48,52
5775,p2863,6,1
5778,p2864,1,28
5780,p2865,1,50
5782,p2866,1,49
5784,p2867,80,1
5787,p2868,58,89
5789,p2869,1,25
5790,p2870,1,100
5792,p2871,61,1
5795,p2872,38,1
5797,p2873,65,1
5799,p2874,1,10
5801,p2875,83,1
5803,p2876,1,16
5806,p2877,47,94
5808,p2878,31,1
5810,p2879,1,58
5813,p2880,1,24
5814,p2881,43,25
5817,p2882,31,1
5818,p2883,21,1
5820,p2884,63,1
5822,p2885,99,50
5823,p2886,33,64
5824,p2887,72,64
5827,p2888,7,91
5828,p2889,1,93
5830,p2890,1,88
5831,p2891,33,66
5834,p2892,1,100
5837,p2893,77,1
5839,p2894,52,31
5842,p2895,4,1
5844,p2896,31,1
5847,p2897,25,1
5848,p2898,1,92
5851,p2899,1,33
5852,p2900,1,54
5854,p2901,78,48
5855,p2902,62,1
5857,p2903,1,15
5858,p2904,1,26
5860,p2905,66,63
5863,p2906,25,1
5864,p2907,11,1
5865,p2908,11,1
5868,p2909,14,81
5869,p2910,80,72
5870,p2911,87,1
5873,p2912,76,1
5875,p2913,69,35
5876,p2914,1,79
5877,p2915,92,1
5879,p2916,49,1
5880,p2917,85,67
5882,p2918,1,7
5884,p2919,87,1
5887,p2920,7,58
5889,p2921,4,1
5892,p2922,74,29
5895,p2923,31,1
5897,p2924,95,1
5899,p2925,27,41
5900,p2926,12,1
5902,p2927,86,2
5904,p2928,31,69
5907,p2929,5,52
5910,p2930,17,1
5913,p2931,25,1
5915,p2932,53,1
5917,p2933,52,88
5918,p2934,3,1
5921,p2935,1,83
5922,p2936,50,1
5925,p2937,79,1
5928,p2938,22,1
5930,p2939,36,1
5933,p2940,1,11
5935,p2941,100,1
5938,p2942,53,77
5941,p2943,1,91
5944,p2944,37,1
5947,p2945,1,97
5950,p2946,58,24
5953,p2947,1,98
5956,p2948,48,1
5958,p2949,1,4
5961,p2950,84,63
5962,p2951,1,54
5965,p2952,95,1
5967,p2953,73,1
5969,p2954,49,1
5970,p2955,48,1
5971,p2956,1,91
5973,p2957,10,40
5975,p2958,52,64
5977,p2959,98,72
5978,p2960,64,1
5979,p2961,1,67
5981,p2962,23,1
5984,p2963,14,15
5985,p2964,59,83
5988,p2965,48,9
5990,p2966,79,1
5992,p2967,68,30
5993,p2968,1,77
5994,p2969,77,1
5995,p2970,29,1
5998,p2971,1,60
6001,p2972,1,7
6004,p2973,1,23
6006,p2974,1,43
6009,p2975,15,1
6012,p2976,1,55
6015,p2977,45,1
6018,p2978,95,68
6019,p2979,89,12
6021,p2980,59,1
6024,p2981,78,18
6027,p2982,29,22
6028,p2983,1,82
6030,p2984,1,35
6032,p2985,1,65
6033,p2986,1,46
6034,p2987,39,1
6035,p2988,1,97
6037,p2989,1,84
6040,p2990,60,50
6042,p2991,1,4
6044,p2992,91,72
6046,p2993,37,30
6049,p2994,37,5
6051,p2995,10,28
6053,p2996,22,1
6054,p2997,30,1
6056,p2998,67,30
6058,p2999,25,1
6060,p3000,1,63
6061,p3001,4,1
6063,p3002,46,1
6064,p3003,10,12
6067,p3004,28,1
6068,p3005,13,1
6071,p3006,36,49
6074,p3007,1,96
6076,p3008,88,21
6078,p3009,83,18
6079,p3010,1,93
6080,p3011,9,100
6082,p3012,1,32
6083,p3013,50,53
6084,p3014,1,74
6087,p3015,1,28
6089,p3016,1,13
6092,p3017,31,1
6093,p3018,36,1
6095,p3019,1,48
6096,p3020,88,1
6099,p3021,1,58
6100,p3022,88,21
6103,p3023,9,49
6106,p3024,60,1
6107,p3025,64,1
6110,p3026,1,13
6113,p3027,14,8
6115,p3028,78,1
6118,p3029,33,1
6119,p3030,18,1
6120,p3031,54,58
6121,p3032,66,59
6124,p3033,64,1
6125,p3034,14,1
6126,p3035,34,80
6128,p3036,50,1
6129,p3037,1,15
6132,p3038,1,59
6133,p3039,1,42
6135,p3040,1,42
6137,p3041,98,38
6138,p3042,1,100
6139,p3043,36,99
6142,p3044,1,58
6143,p3045,56,1
6146,p3046,2,1
6148,p3047,1,87
6151,p3048,83,1
6152,p3049,2,99
6155,p3050,59,1
6156,p3051,47,73
6157,p3052,1,79
6159,p3053,32,20
6161,p3054,1,38
6162,p3055,1,7
6164,p3056,14,1
6167,p3057,1,98
6168,p3058,24,1
6169,p3059,62,98
6171,p3060,75,42
6174,p3061,57,1
6177,p3062,36,1
6179,p3063,1,19
6182,p3064,1,11
6184,p3065,1,27
6187,p3066,57,1
6190,p3067,80,1
6192,p3068,57,1
6193,p3069,1,83
6194,p3070,1,61
6196,p3071,16,1
6199,p3072,60,1
6200,p3073,48,81
6202,p3074,1,25
6204,p3075,8,1
6206,p3076,20,1
6207,p3077,74,1
6209,p3078,48,1
6212,p3079,70,38
6215,p3080,27,1
6216,p3081,36,1
6218,p3082,1,74
6221,p3083,1,75
6224,p3084,99,90
6225,p3085,1,36
6226,p3086,71,55
6229,p3087,1,27
6232,p3088,89,32
6234,p3089,45,1
6235,p3090,60,59
6238,p3091,35,1
6240,p3092,42,95
6242,p3093,85,2
6243,p3094,1,69
6244,p3095,1,77
6246,p3096,68,1
6247,p3097,1,32
6249,p3098,97,1
6251,p3099,49,1
6254,p3100,1,97
6255,p3101,82,98
6258,p3102,18,1
6261,p3103,66,88
6264,p3104,88,53
6267,p3105,1,92
6268,p3106,61,1
6270,p3107,44,1
6271,p3108,66,30
6274,p3109,1,2
6275,p3110,1,97
6278,p3111,1,3
6280,p3112,12,1
6281,p3113,93,96
6284,p3114,44,1
6286,p3115,45,1
6287,p3116,53,1
6290,p3117,1,31
6291,p3118,33,1
6294,p3119,49,1
6297,p3120,35,1
6299,p3121,16,86
6301,p3122,1,3
6302,p3123,1,32
6305,p3124,1,36
6308,p3125,1,30
6309,p3126,54,5
6310,p3127,1,8
6313,p3128,43,1
6314,p3129,40,85
6315,p3130,1,74
6318,p3131,92,69
6321,p3132,1,58
6323,p3133,66,1
6326,p3134,1,35
6327,p3135,44,79
6330,p3136,1,5
6333,p3137,1,11
6336,p3138,1,88
6339,p3139,43,1
6342,p3140,61,1
6343,p3141,1,62
6345,p3142,83,1
6346,p3143,50,1
6347,p3144,75,89
6349,p3145,1,45
6352,p3146,1,75
6353,p3147,49,39
6356,p3148,1,39
6357,p3149,49,1
6358,p3150,29,31
6359,p3151,15,1
6362,p3152,15,12
6363,p3153,14,82
6365,p3154,27,92
6367,p3155,29,1
6370,p3156,46,1
6371,p3157,1,22
6372,p3158,55,1
6375,p3159,26,1
6376,p3160,1,42
6377,p3161,1,57
6380,p3162,1,21
6383,p3163,79,61
6385,p3164,31,65
6386,p3165,1,43
6389,p3166,10,70
6390,p3167,88,1
6393,p3168,1,29
6395,p3169,32,1
6397,p3170,45,1
6400,p3171,4,1
6401,p3172,84,1
6403,p3173,77,1
6404,p3174,84,1
6406,p3175,81,36
6408,p3176,7,91
6410,p3177,32,1
6411,p3178,62,1
6412,p3179,24,1
6414,p3180,5,1
6417,p3181,1,9
6420,p3182,1,29
6421,p3183,13,1
6424,p3184,71,38
6427,p3185,87,10
6430,p3186,1,33
6431,p3187,1,46
6434,p3188,13,99
6436,p3189,45,9
6437,p3190,27,1
6440,p3191,60,1
6441,p3192,1,2
6442,p3193,1,23
6445,p3194,97,3
6446,p3195,70,21
6449,p3196,82,63
6450,p3197,1,32
6452,p3198,1,47
6454,p3199,1,2
6456,p3200,1,10
6457,p3201,1,62
6459,p3202,1,62
6461,p3203,1,82
6463,p3204,1,92
6465,p3205,64,1
6466,p3206,35,93
6468,p3207,1,4
6470,p3208,5,14
6473,p3209,58,37
6476,p3210,1,35
6477,p3211,97,1
6480,p3212,97,23
6481,p3213,18,34
6483,p3214,83,1
6485,p3215,1,79
6487,p3216,66,83
6490,p3217,1,36
6491,p3218,1,93
6493,p3219,78,89
6494,p3220,1,73
6496,p3221,66,59
6499,p3222,82,71
6501,p3223,1,58
6504,p3224,1,38
6505,p3225,1,68
6508,p3226,21,1
6509,p3227,27,4
6511,p3228,9,1
6512,p3229,48,29
6513,p3230,32,1
6514,p3231,1,96
6516,p3232,66,1
6517,p3233,37,1
6520,p3234,36,15
6523,p3235,92,1
6525,p3236,1,72
6526,p3237,48,19
6529,p3238,1,38
6531,p3239,14,52
6533,p3240,86,80
6536,p3241,39,1
6538,p3242,1,28
6540,p3243,7,1
6543,p3244,41,44
6546,p3245,1,55
6548,p3246,69,45
6551,p3247,1,49
6553,p3248,1,6
6554,p3249,1,50
6557,p3250,97,1
6558,p3251,82,27
6559,p3252,84,34
6561,p3253,1,14
6564,p3254,1,31
6567,p3255,60,18
6568,p3256,43,1
6570,p3257,2,11
6571,p3258,82,92
6573,p3259,21,1
6574,p3260,1,93
6575,p3261,1,100
6578,p3262,8,1
6579,p3263,77,1
6580,p3264,25,5
6582,p3265,40,1
6583,p3266,34,62
6586,p3267,17,1
6589,p3268,92,73
6591,p3269,35,1
6593,p3270,1,28
6594,p3271,82,1
6597,p3272,1,48
6600,p3273,61,63
6602,p3274,1,35
6604,p3275,9,1
6605,p3276,20,9
6607,p3277,1,72
6610,p3278,9,1
6611,p3279,60,81
6612,p3280,1,62
6614,p3281,1,63
6617,p3282,69,83
6620,p3283,1,95
6621,p3284,1,56
6622,p3285,79,5
6623,p3286,94,1
6624,p3287,1,65
6627,p3288,25,84
6628,p3289,1,22
6629,p3290,22,5
6631,p3291,52,1
6632,p3292,1,10
6633,p3293,1,73
6636,p3294,1,43
6637,p3295,94,1
6638,p3296,75,1
6641,p3297,1,20
6644,p3298,1,13
6645,p3299,1,93
6647,p3300,56,6
6650,p3301,1,62
6652,p3302,6,1
6655,p3303,1,94
6657,p3304,8,65
6660,p3305,1,89
6662,p3306,1,47
6665,p3307,1,60
6666,p3308,81,1
6667,p3309,30,1
6669,p3310,56,10
6671,p3311,96,53
6674,p3312,2,1
6677,p3313,63,1
6678,p3314,95,1
6680,p3315,1,80
6683,p3316,1,23
6686,p3317,1,87
6687,p3318,9,1
6690,p3319,52,11
6692,p3320,21,1
6693,p3321,69,59
6696,p3322,27,23
6699,p3323,37,1
6702,p3324,96,1
6704,p3325,30,59
6705,p3326,94,7
6707,p3327,1,3
6709,p3328,15,1
6710,p3329,13,1
6712,p3330,1,13
6713,p3331,59,1
6716,p3332,1,21
6717,p3333,34,2
6718,p3334,1,76
6719,p3335,63,60
6721,p3336,42,1
6723,p3337,61,5
6725,p3338,30,1
6726,p3339,90,1
6729,p3340,1,12
6731,p3341,11,1
6732,p3342,58,68
6733,p3343,85,47
6736,p3344,58,66
6738,p3345,59,1
6739,p3346,1,57
6740,p3347,1,70
6743,p3348,88,87
6744,p3349,1,45
6747,p3350,98,29
6749,p3351,1,55
6751,p3352,48,62
6754,p3353,47,79
6755,p3354,98,14
6757,p3355,1,8
6758,p3356,1,41
6759,p3357,1,61
6761,p3358,63,73
6764,p3359,1,88
6766,p3360,1,29
6768,p3361,1,20
6770,p3362,73,1
6771,p3363,1,65
6772,p3364,13,31
6775,p3365,22,99
6778,p3366,1,56
6780,p3367,44,1
6781,p3368,88,32
6782,p3369,1,19
6783,p3370,1,76
6784,p3371,3,19
6787,p3372,96,40
6790,p3373,10,1
6792,p3374,1,33
6794,p3375,1,95
6796,p3376,1,19
6797,p3377,28,57
6798,p3378,2,23
6799,p3379,47,37
6802,p3380,82,1
6804,p3381,40,1
6805,p3382,1,33
6807,p3383,69,1
6808,p3384,1,40
6809,p3385,44,1
6812,p3386,55,64
6813,p3387,2,89
6814,p3388,71,1
6817,p3389,83,16
6820,p3390,75,1
6821,p3391,59,8
6823,p3392,4,1
6825,p3393,5,1
6827,p3394,56,1
6828,p3395,1,27
6830,p3396,10,15
6833,p3397,82,1
6834,p3398,69,1
6835,p3399,83,43
6837,p3400,1,84
6838,p3401,68,96
6840,p3402,37,1
6841,p3403,24,7
6844,p3404,12,32
6845,p3405,58,1
6847,p3406,81,1
6849,p3407,1,52
6851,p3408,94,84
6854,p3409,1,5
6855,p3410,67,8
6856,p3411,83,88
6858,p3412,67,100
6859,p3413,95,69
6860,p3414,1,84
6862,p3415,14,33
6864,p3416,87,1
6865,p3417,74,1
6868,p3418,12,57
6871,p3419,20,1
6874,p3420,1,65
6876,p3421,1,23
6878,p3422,1,13
6880,p3423,58,1
6881,p3424,36,1
6883,p3425,8,1
6886,p3426,1,91
6887,p3427,55,31
6888,p3428,82,1
6890,p3429,1,11
6892,p3430,1,24
6894,p3431,81,1
6895,p3432,1,38
6897,p3433,81,94
6900,p3434,1,86
6902,p3435,100,60
6905,p3436,1,64
6907,p3437,1,100
6910,p3438,45,1
6913,p3439,3,85
6915,p3440,1,5
6918,p3441,72,78
6921,p3442,1,53
6923,p3443,42,1
6924,p3444,18,3
6927,p3445,36,1
6930,p3446,1,83
6933,p3447,60,1
6936,p3448,88,41
6937,p3449,1,22
6939,p3450,1,78
6942,p3451,6,56
6943,p3452,34,1
6945,p3453,78,1
6948,p3454,44,38
6951,p3455,74,13
6952,p3456,86,1
6953,p3457,16,36
6955,p3458,4,1
6957,p3459,68,1
6960,p3460,1,87
6963,p3461,78,1
6964,p3462,41,1
6966,p3463,1,86
6967,p3464,1,77
6969,p3465,1,100
6972,p3466,37,1
6974,p3467,1,5
6976,p3468,34,1
6978,p3469,79,28
6981,p3470,27,25
6983,p3471,83,1
6985,p3472,1,46
6987,p3473,1,42
6990,p3474,54,1
6992,p3475,47,18
6994,p3476,59,1
6995,p3477,1,17
6996,p3478,1,39
6997,p3479,36,1
6999,p3480,41,1
7001,p3481,29,9
7003,p3482,24,42
7005,p3483,42,17
7007,p3484,4,91
7010,p3485,1,8
7013,p3486,1,91
7015,p3487,1,85
7016,p3488,1,23
7017,p3489,1,31
7020,p3490,88,1
7022,p3491,30,50
7023,p3492,1,56
7024,p3493,1,20
7027,p3494,1,6
7030,p3495,1,30
7032,p3496,9,70
7033,p3497,10,75
7035,p3498,1,37
7038,p3499,9,1
7040,p3500,1,39
7042,p3501,44,1
7043,p3502,8,1
7044,p3503,45,62
7045,p3504,10,1
7046,p3505,64,1
7048,p3506,1,63
7050,p3507,27,1
7051,p3508,1,62
7052,p3509,67,1
7054,p3510,1,73
7056,p3511,2,71
7057,p3512,27,1
7059,p3513,1,59
7060,p3514,82,78
7063,p3515,13,36
7065,p3516,29,15
7067,p3517,45,2
7069,p3518,80,87
7072,p3519,90,19
7075,p3520,86,1
7078,p3521,30,96
7079,p3522,25,1
7081,p3523,97,1
7082,p3524,1,90
7085,p3525,1,47
7086,p3526,1,82
7089,p3527,34,8
7092,p3528,4,1
7095,p3529,88,1
7097,p3530,94,52
7098,p3531,38,88
7101,p3532,33,5
7103,p3533,8,1
7106,p3534,1,91
7107,p3535,1,52
7110,p3536,63,1
7112,p3537,1,38
7113,p3538,93,47
7114,p3539,1,13
7115,p3540,64,1
7117,p3541,54,1
7119,p3542,51,96
7121,p3543,54,28
7124,p3544,1,83
7126,p3545,69,1
7129,p3546,26,1
7130,p3547,37,73
7132,p3548,1,2
7133,p3549,29,8
7134,p3550,95,1
7136,p3551,68,1
7139,p3552,65,1
7141,p3553,15,30
7142,p3554,12,81
7145,p3555,8,1
7146,p3556,15,44
7149,p3557,13,68
7151,p3558,1,72
7152,p3559,1,4
7154,p3560,30,43
7157,p3561,13,1
7158,p3562,83,50
7160,p3563,55,1
7162,p3564,98,1
7165,p3565,65,1
7166,p3566,45,88
7168,p3567,25,1
7170,p3568,1,33
7173,p3569,1,6
7175,p3570,51,50
7177,p3571,1,86
7179,p3572,1,39
7182,p3573,44,1
7185,p3574,1,74
7187,p3575,45,86
7188,p3576,88,77
7189,p3577,1,91
7190,p3578,15,1
7192,p3579,1,9
7195,p3580,1,75
7196,p3581,1,88
7198,p3582,2,35
7201,p3583,96,40
7202,p3584,1,29
7205,p3585,50,1
7208,p3586,21,1
7209,p3587,32,34
7211,p3588,83,1
7213,p3589,1,90
7215,p3590,1,13
7218,p3591,1,80
7220,p3592,93,31
7221,p3593,83,1
7224,p3594,70,1
7227,p3595,79,1
7230,p3596,67,2
7233,p3597,17,15
7236,p3598,57,60
7237,p3599,79,1
7240,p3600,43,1
7243,p3601,99,1
7245,p3602,1,35
7247,p3603,70,1
7248,p3604,1,71
7249,p3605,57,1
7252,p3606,89,1
7253,p3607,33,1
7254,p3608,3,93
7255,p3609,32,40
7256,p3610,23,1
7258,p3611,67,68
7259,p3612,26,31
7262,p3613,1,43
7263,p3614,14,40
7265,p3615,77,1
7267,p3616,1,99
7270,p3617,80,49
7271,p3618,2,22
7273,p3619,39,6
7275,p3620,2,81
7277,p3621,49,1
7278,p3622,40,1
7281,p3623,70,1
7284,p3624,15,1
7287,p3625,1,64
7289,p3626,10,1
7291,p3627,1,97
7292,p3628,5,1
7294,p3629,25,1
7297,p3630,48,73
7300,p3631,26,1
7301,p3632,86,8
7302,p3633,77,1
7304,p3634,63,1
7305,p3635,27,1
7307,p3636,89,91
7308,p3637,1,84
7309,p3638,60,1
7312,p3639,43,67
7315,p3640,1,30
7318,p3641,20,1
7320,p3642,63,26
7321,p3643,44,1
7322,p3644,1,49
7323,p3645,38,52
7325,p3646,11,1
7327,p3647,1,71
7329,p3648,4,1
7332,p3649,1,22
7334,p3650,87,2
7337,p3651,44,1
7340,p3652,99,2
7342,p3653,1,97
7345,p3654,1,93
7348,p3655,99,1
7350,p3656,1,13
7351,p3657,75,28
7354,p3658,47,79
7355,p3659,1,25
7356,p3660,97,1
7357,p3661,85,6
7360,p3662,35,1
7361,p3663,78,61
7363,p3664,1,81
7365,p3665,46,74
7368,p3666,1,16
7369,p3667,1,53
7372,p3668,29,19
7374,p3669,77,1
7375,p3670,1,91
7376,p3671,71,89
7377,p3672,70,76
7380,p3673,46,30
7381,p3674,88,47
7382,p3675,63,1
7383,p3676,1,62
7386,p3677,1,80
7389,p3678,26,1
7392,p3679,50,79
7395,p3680,72,1
7396,p3681,67,51
7399,p3682,3,27
7401,p3683,87,63
7403,p3684,44,1
7405,p3685,96,1
7407,p3686,98,85
7408,p3687,1,73
7409,p3688,73,88
7411,p3689,39,1
7414,p3690,1,13
7415,p3691,12,1
7416,p3692,17,1
7417,p3693,1,55
7419,p3694,85,1
7422,p3695,8,45
7423,p3696,1,71
7426,p3697,1,9
7429,p3698,1,14
7432,p3699,1,54
7435,p3700,21,1
7437,p3701,1,43
7440,p3702,34,97
7442,p3703,71,1
7444,p3704,39,1
7445,p3705,1,68
7447,p3706,31,88
7449,p3707,96,1
7451,p3708,1,73
7454,p3709,55,43
7456,p3710,87,73
7458,p3711,88,1
7460,p3712,4,74
7463,p3713,1,57
7465,p3714,30,1
7468,p3715,62,1
7469,p3716,15,52
7472,p3717,48,92
7473,p3718,1,24
7474,p3719,1,20
7477,p3720,24,59
7480,p3721,1,76
7481,p3722,16,1
7484,p3723,93,45
7485,p3724,30,1
7486,p3725,100,1
7488,p3726,22,1
7491,p3727,46,1
7494,p3728,38,65
7496,p3729,60,1
7498,p3730,91,1
7499,p3731,1,95
7500,p3732,73,1
7503,p3733,59,93
7506,p3734,26,1
7509,p3735,39,1
7511,p3736,63,1
7513,p3737,85,52
7516,p3738,25,1
7518,p3739,1,62
7519,p3740,16,94
7522,p3741,70,42
7524,p3742,19,1
7527,p3743,16,1
7530,p3744,1,91
7531,p3745,31,59
7534,p3746,64,1
7537,p3747,71,61
7540,p3748,1,87
7541,p3749,1,66
7542,p3750,28,1
7543,p3751,1,4
7544,p3752,84,26
7546,p3753,28,92
7547,p3754,39,1
7549,p3755,26,70
7550,p3756,1,8
7553,p3757,100,10
7555,p3758,90,1
7558,p3759,1,24
7559,p3760,1,88
7561,p3761,36,1
7562,p3762,21,1
7564,p3763,2,29
7567,p3764,87,2
7568,p3765,55,1
7569,p3766,1,67
7572,p3767,27,45
7575,p3768,1,28
7576,p3769,67,1
7577,p3770,1,10
7579,p3771,72,48
7580,p3772,1,84
7581,p3773,14,1
7584,p3774,1,87
7587,p3775,18,37
7590,p3776,68,1
7591,p3777,80,1
7593,p3778,67,1
7594,p3779,37,50
7596,p3780,29,1
7597,p3781,37,36
7600,p3782,81,1
7601,p3783,1,87
7603,p3784,5,1
7604,p3785,3,23
7605,p3786,1,71
7607,p3787,66,1
7608,p3788,1,34
7609,p3789,1,39
7610,p3790,61,1
7612,p3791,87,1
7615,p3792,72,1
7618,p3793,1,99
7620,p3794,7,48
7623,p3795,27,21
7625,p3796,1,22
7628,p3797,8,1
7631,p3798,1,11
7633,p3799,1,93
7635,p3800,58,14
7637,p3801,78,1
7638,p3802,7,1
7639,p3803,60,1
7642,p3804,1,92
7645,p3805,1,48
7646,p3806,1,33
7647,p3807,18,1
7649,p3808,73,82
7652,p3809,17,1
7655,p3810,2,1
7657,p3811,29,27
7660,p3812,45,1
7662,p3813,18,20
7665,p3814,45,1
7667,p3815,3,25
7668,p3816,31,1
7671,p3817,1,51
7672,p3818,63,90
7674,p3819,1,67
7675,p3820,1,49
7676,p3821,96,1
7678,p3822,1,70
7679,p3823,1,52
7680,p3824,1,92
7681,p3825,1,44
7683,p3826,1,19
7685,p3827,6,1
7688,p3828,1,73
7689,p3829,1,65
7691,p3830,1,85
7692,p3831,17,28
7694,p3832,76,94
7695,p3833,1,91
7697,p3834,38,1
7699,p3835,31,1
7700,p3836,95,97
7702,p3837,85,12
7703,p3838,86,1
7704,p3839,88,81
7707,p3840,1,6
7710,p3841,1,12
7713,p3842,7,48
7714,p3843,11,1
7715,p3844,81,27
7717,p3845,18,22
7719,p3846,1,52
7722,p3847,40,94
7723,p3848,31,70
7726,p3849,74,1
7727,p3850,64,1
7728,p3851,44,1
7730,p3852,73,1
7732,p3853,35,38
7733,p3854,1,47
7734,p3855,67,12
7736,p3856,48,1
7737,p3857,28,84
7738,p3858,34,1
7739,p3859,21,7
7742,p3860,57,5
7745,p3861,1,26
7747,p3862,4,78
7750,p3863,22,87
7752,p3864,79,1
7753,p3865,1,32
7754,p3866,96,80
7757,p3867,1,86
7758,p3868,30,1
7759,p3869,86,1
7760,p3870,65,1
7763,p3871,1,35
7764,p3872,1,19
7766,p3873,24,1
7767,p3874,46,1
7770,p3875,76,1
7773,p3876,85,3
7774,p3877,1,29
7776,p3878,92,54
7779,p3879,1,16
7781,p3880,73,63
7782,p3881,66,1
7783,p3882,49,64
7785,p3883,25,54
7786,p3884,12,57
7787,p3885,1,29
7789,p3886,1,56
7790,p3887,1,85
7792,p3888,40,27
7794,p3889,1,67
7796,p3890,66,1
7799,p3891,40,62
7802,p3892,15,1
7805,p3893,1,59
7806,p3894,67,29
7809,p3895,81,88
7810,p3896,57,34
7812,p3897,1,55
7814,p3898,50,45
7815,p3899,55,76
7817,p3900,1,11
7820,p3901,46,86
7822,p3902,6,1
7824,p3903,40,1
7826,p3904,5,1
7828,p3905,1,94
7830,p3906,99,1
7831,p3907,2,6
7832,p3908,70,1
7833,p3909,92,47
7835,p3910,1,74
7836,p3911,31,1
7838,p3912,62,39
7839,p3913,34,81
7840,p3914,8,1
7842,p3915,83,1
7845,p3916,79,1
7846,p3917,72,1
7847,p3918,1,79
7849,p3919,1,13
7851,p3920,8,91
7852,p3921,4,1
7855,p3922,94,1
7858,p3923,62,54
7860,p3924,1,25
7863,p3925,1,58
7865,p3926,74,52
7868,p3927,49,1
7871,p3928,5,83
7873,p3929,78,83
7876,p3930,71,99
7879,p3931,59,60
7881,p3932,28,1
7882,p3933,1,76
7885,p3934,75,38
7888,p3935,76,1
7889,p3936,56,52
7892,p3937,60,1
7895,p3938,17,67
7896,p3939,17,1
7898,p3940,1,82
7901,p3941,1,22
7903,p3942,35,1
7904,p3943,13,89
7907,p3944,16,1
7909,p3945,55,1
7911,p3946,6,32
7914,p3947,28,90
7916,p3948,32,1
7917,p3949,98,1
7919,p3950,64,1
7922,p3951,1,58
7924,p3952,1,35
7925,p3953,84,32
7926,p3954,1,19
7929,p3955,1,31
7932,p3956,20,1
7934,p3957,68,1
7937,p3958,40,30
7939,p3959,1,7
7941,p3960,23,1
7942,p3961,23,76
7943,p3962,14,26
7944,p3963,49,26
7947,p3964,87,1
7948,p3965,79,71
7949,p3966,1,97
7950,p3967,1,27
7951,p3968,51,34
7954,p3969,65,1
7956,p3970,26,90
7957,p3971,1,7
7959,p3972,38,43
7961,p3973,41,1
7963,p3974,8,89
7965,p3975,69,1
7967,p3976,57,1
7969,p3977,1,82
7970,p3978,1,53
7973,p3979,83,84
7974,p3980,1,79
7976,p3981,22,1
7977,p3982,29,1
7980,p3983,30,1
7983,p3984,1,51
7986,p3985,1,37
7987,p3986,44,91
7990,p3987,1,12
7993,p3988,1,50
7996,p3989,74,81
7999,p3990,33,1
8000,p3991,12,26
8002,p3992,22,1
8005,p3993,72,1
8007,p3994,1,47
8008,p3995,89,25
8010,p3996,1,61
8011,p3997,46,1
8013,p3998,1,66
8016,p3999,1,25
8017,p4000,13,1
8019,p4001,89,1
8022,p4002,1,61
8023,p4003,78,1
8024,p4004,60,77
8027,p4005,42,1
8030,p4006,67,1
8032,p4007,1,81
8035,p4008,1,51
8036,p4009,84,65
8039,p4010,1,67
8040,p4011,36,45
8043,p4012,23,2
8045,p4013,99,1
8047,p4014,17,1
8049,p4015,87,99
8051,p4016,1,91
8054,p4017,43,98
8056,p4018,1,12
8058,p4019,36,91
8059,p4020,55,1
8062,p4021,39,1
8063,p4022,10,46
8065,p4023,98,1
8067,p4024,16,1
8070,p4025,1,42
8072,p4026,93,8
8074,p4027,33,45
8075,p4028,90,70
8076,p4029,16,10
8079,p4030,57,80
8081,p4031,40,27
8082,p4032,72,1
8085,p4033,87,1
8087,p4034,19,42
8088,p4035,84,1
8091,p4036,14,65
8092,p4037,1,30
8095,p4038,19,51
8098,p4039,65,1
8099,p4040,20,1
8100,p4041,1,99
8103,p4042,1,34
8104,p4043,1,8
8106,p4044,95,1
8109,p4045,25,20
8112,p4046,1,50
8115,p4047,62,1
8118,p4048,57,1
8119,p4049,35,1
8122,p4050,1,62
8123,p4051,57,1
8126,p4052,14,63
8129,p4053,96,77
8130,p4054,53,35
8133,p4055,1,4
8134,p4056,65,1
8135,p4057,1,10
8138,p4058,67,1
8141,p4059,31,80
8142,p4060,49,6
8144,p4061,1,73
8145,p4062,57,1
8148,p4063,25,1
8151,p4064,100,1
8154,p4065,1,22
8157,p4066,54,43
8160,p4067,31,1
8162,p4068,1,18
8165,p4069,1,33
8167,p4070,70,18
8168,p4071,41,1
8171,p4072,1,41
8173,p4073,99,1
8174,p4074,84,60
8177,p4075,1,33
8180,p4076,45,55
8182,p4077,90,1
8185,p4078,1,81
8187,p4079,40,45
8190,p4080,43,48
8192,p4081,1,13
8194,p4082,75,48
8197,p4083,1,28
8200,p4084,22,1
8202,p4085,60,1
8203,p4086,98,57
8204,p4087,1,41
8206,p4088,1,9
8208,p4089,39,76
8211,p4090,100,1
8212,p4091,21,37
8215,p4092,13,1
8216,p4093,52,1
8219,p4094,9,1
8221,p4095,1,52
8223,p4096,8,19
8226,p4097,65,74
8229,p4098,1,14
8231,p4099,12,64
8233,p4100,71,87
8236,p4101,26,35
8239,p4102,83,1
8242,p4103,43,1
8244,p4104,35,1
8246,p4105,86,1
8249,p4106,60,89
8251,p4107,1,33
8252,p4108,49,1
8254,p4109,48,1
8257,p4110,99,1
8258,p4111,5,1
8261,p4112,60,1
8264,p4113,74,41
8267,p4114,12,92
8268,p4115,1,69
8269,p4116,13,1
8271,p4117,27,1
8274,p4118,71,1
8275,p4119,29,43
8278,p4120,42,1
8279,p4121,16,58
8280,p4122,1,88
8283,p4123,31,1
8284,p4124,10,1
8286,p4125,1,23
8289,p4126,58,20
8291,p4127,1,58
8294,p4128,1,32
8295,p4129,71,45
8297,p4130,64,31
8300,p4131,1,39
8302,p4132,59,1
8303,p4133,88,1
8304,p4134,45,1
8306,p4135,1,92
8307,p4136,12,20
8309,p4137,5,1
8312,p4138,1,62
8314,p4139,1,55
8316,p4140,98,48
8319,p4141,1,98
8321,p4142,97,47
8324,p4143,91,1
8327,p4144,51,41
8330,p4145,13,1
8331,p4146,1,73
8334,p4147,96,1
8337,p4148,67,82
8340,p4149,30,1
8341,p4150,1,51
8342,p4151,95,49
8345,p4152,1,13
8348,p4153,23,21
8351,p4154,51,44
8353,p4155,57,1
8355,p4156,51,25
8357,p4157,1,14
8359,p4158,1,25
8361,p4159,1,21
8362,p4160,25,72
8363,p4161,4,1
8364,p4162,1,21
8365,p4163,69,88
8367,p4164,1,16
8370,p4165,1,67
8373,p4166,64,30
8375,p4167,1,26
8376,p4168,63,40
8378,p4169,35,31
8380,p4170,1,18
8382,p4171,88,24
8383,p4172,1,39
8385,p4173,32,92
8386,p4174,9,88
8388,p4175,19,1
8391,p4176,1,38
8392,p4177,10,1
8393,p4178,5,1
8394,p4179,42,1
8397,p4180,46,23
8399,p4181,72,1
8401,p4182,13,96
8403,p4183,79,1
8405,p4184,52,7
8407,p4185,1,20
8410,p4186,93,35
8411,p4187,1,64
8414,p4188,29,1
8415,p4189,75,69
8417,p4190,1,21
8419,p4191,83,1
8422,p4192,58,1
8425,p4193,54,1
8426,p4194,74,1
8427,p4195,1,65
8429,p4196,1,86
8430,p4197,1,52
8431,p4198,44,54
8432,p4199,98,71
8434,p4200,56,70
8436,p4201,80,1
8437,p4202,42,30
8438,p4203,1,68
8440,p4204,1,4
8443,p4205,98,62
8444,p4206,35,97
8447,p4207,1,67
8448,p4208,1,74
8451,p4209,83,1
8452,p4210,1,91
8455,p4211,53,1
8458,p4212,1,27
8461,p4213,1,98
8464,p4214,1,38
8465,p4215,3,1
8468,p4216,1,14
8470,p4217,1,4
8471,p4218,99,1
8474,p4219,19,40
8477,p4220,80,1
8478,p4221,52,1
8480,p4222,90,1
8481,p4223,73,42
8484,p4224,1,63
8485,p4225,7,1
8487,p4226,22,98
8489,p4227,8,17
8492,p4228,1,51
8495,p4229,43,79
8497,p4230,1,96
8500,p4231,1,12
8501,p4232,98,1
8502,p4233,55,42
8503,p4234,33,4
8504,p4235,100,1
8506,p4236,1,29
8508,p4237,4,1
8509,p4238,27,1
8512,p4239,13,75
8513,p4240,45,37
8514,p4241,55,83
8516,p4242,1,63
8517,p4243,97,79
8518,p4244,74,66
8520,p4245,64,36
8523,p4246,71,17
8524,p4247,92,13
8527,p4248,1,18
8529,p4249,55,1
8531,p4250,51,30
8532,p4251,1,30
8533,p4252,18,28
8536,p4253,17,1
8537,p4254,96,1
8540,p4255,1,90
8543,p4256,1,98
8544,p4257,60,1
8546,p4258,41,6
8547,p4259,1,9
8549,p4260,1,9
8550,p4261,31,1
8551,p4262,1,70
8554,p4263,84,39
8555,p4264,1,89
8558,p4265,73,39
8560,p4266,95,47
8561,p4267,1,16
8563,p4268,1,92
8565,p4269,3,78
8568,p4270,1,22
8571,p4271,94,79
8573,p4272,1,4
8576,p4273,1,64
8578,p4274,47,51
8581,p4275,55,89
8583,p4276,40,27
8585,p4277,26,81
8588,p4278,74,1
8591,p4279,33,36
8593,p4280,1,80
8596,p4281,1,94
8597,p4282,1,52
8599,p4283,1,85
8600,p4284,90,9
8602,p4285,3,90
8605,p4286,49,88
8606,p4287,22,51
8608,p4288,51,1
8610,p4289,1,12
8611,p4290,61,99
8613,p4291,81,1
8615,p4292,66,1
8618,p4293,9,56
8619,p4294,3,13
8620,p4295,56,10
8622,p4296,73,1
8624,p4297,16,1
8625,p4298,91,26
8627,p4299,1,38
8629,p4300,9,23
8631,p4301,51,1
8632,p4302,90,50
8634,p4303,20,61
8635,p4304,33,77
8636,p4305,10,58
8637,p4306,1,88
8638,p4307,1,64
8641,p4308,10,38
8642,p4309,9,1
8644,p4310,98,12
8647,p4311,1,57
8648,p4312,73,1
8651,p4313,1,24
8654,p4314,95,37
8657,p4315,71,53
8660,p4316,1,17
8663,p4317,1,10
8664,p4318,47,45
8667,p4319,1,70
8668,p4320,69,1
8670,p4321,60,25
8671,p4322,77,16
8673,p4323,64,86
8674,p4324,85,51
8677,p4325,67,1
8678,p4326,1,86
8681,p4327,1,35
8684,p4328,91,86
8685,p4329,55,1
8688,p4330,51,15
8689,p4331,47,23
8691,p4332,39,70
8692,p4333,96,1
8693,p4334,93,1
8696,p4335,1,22
8699,p4336,1,54
8700,p4337,1,68
8702,p4338,77,1
8705,p4339,83,1
8707,p4340,98,45
8709,p4341,1,67
8712,p4342,87,1
8714,p4343,52,1
8716,p4344,1,57
8719,p4345,1,75
8720,p4346,43,17
8723,p4347,76,20
8726,p4348,26,1
8729,p4349,1,12
8730,p4350,18,40
8733,p4351,1,34
8736,p4352,4,6
8739,p4353,65,68
8742,p4354,11,1
8744,p4355,1,38
8746,p4356,1,94
8749,p4357,12,56
8752,p4358,76,1
8753,p4359,6,92
8756,p4360,87,89
8759,p4361,27,1
8762,p4362,1,76
8765,p4363,40,19
8766,p4364,83,84
8768,p4365,46,1
8770,p4366,27,16
8773,p4367,1,45
8775,p4368,6,2
8776,p4369,3,1
8777,p4370,82,56
8779,p4371,1,87
8781,p4372,9,1
8784,p4373,1,95
8785,p4374,13,26
8787,p4375,74,26
8788,p4376,39,1
8791,p4377,5,1
8794,p4378,60,1
8797,p4379,56,1
8799,p4380,97,1
8801,p4381,1,50
8803,p4382,65,1
8804,p4383,36,1
8805,p4384,1,23
8808,p4385,83,29
8810,p4386,1,11
8811,p4387,46,1
8812,p4388,1,70
8815,p4389,1,16
8817,p4390,31,84
8819,p4391,94,5
8820,p4392,50,76
8821,p4393,18,1
8823,p4394,25,78
8824,p4395,16,1
8826,p4396,1,61
8829,p4397,8,13
8830,p4398,84,1
8833,p4399,1,70
8835,p4400,78,1
8838,p4401,1,79
8839,p4402,88,41
8840,p4403,39,1
8843,p4404,46,73
8846,p4405,43,1
8849,p4406,73,53
8852,p4407,1,94
8853,p4408,33,1
8855,p4409,1,90
8856,p4410,27,79
8857,p4411,67,1
8860,p4412,1,58
8862,p4413,69,1
8864,p4414,36,1
8867,p4415,17,31
8868,p4416,3,83
8871,p4417,70,1
8873,p4418,89,1
8874,p4419,1,5
8875,p4420,76,66
8878,p4421,82,6
8879,p4422,83,10
8882,p4423,77,1
8883,p4424,43,1
8885,p4425,60,1
8887,p4426,96,62
8890,p4427,1,27
8893,p4428,1,87
8895,p4429,66,1
8897,p4430,60,1
8900,p4431,73,77
8901,p4432,1,86
8904,p4433,16,78
8907,p4434,15,23
8910,p4435,89,1
8913,p4436,45,1
8915,p4437,1,44
8917,p4438,27,24
8920,p4439,34,1
8922,p4440,28,1
8924,p4441,57,1
8927,p4442,1,68
8928,p4443,37,38
8930,p4444,89,40
8932,p4445,34,48
8935,p4446,91,14
8937,p4447,45,79
8938,p4448,76,1
8941,p4449,17,54
8943,p4450,86,39
8946,p4451,1,18
8947,p4452,1,33
8948,p4453,36,67
8949,p4454,87,98
8952,p4455,1,5
8953,p4456,100,1
8956,p4457,44,11
8957,p4458,21,1
8960,p4459,50,1
8961,p4460,62,1
8962,p4461,38,1
8964,p4462,1,88
8967,p4463,46,1
8969,p4464,1,14
8971,p4465,1,73
8972,p4466,1,36
8974,p4467,86,1
8975,p4468,1,50
8977,p4469,33,1
8978,p4470,15,1
8981,p4471,29,1
8984,p4472,70,71
8986,p4473,1,78
8987,p4474,71,1
8988,p4475,63,80
8991,p4476,1,15
8992,p4477,53,1
8994,p4478,70,39
8995,p4479,22,68
8997,p4480,33,76
8999,p4481,66,1
9001,p4482,1,81
9002,p4483,1,91
9004,p4484,1,41
9005,p4485,1,66
9007,p4486,1,52
9008,p4487,1,71
9011,p4488,99,1
9013,p4489,23,46
9015,p4490,1,4
9016,p4491,7,28
9019,p4492,9,62
9021,p4493,1,67
9023,p4494,1,32
9026,p4495,89,1
9027,p4496,82,29
9029,p4497,70,1
9030,p4498,56,57
9031,p4499,1,19
9034,p4500,11,1
9037,p4501,50,1
9038,p4502,87,1
9040,p4503,82,1
9043,p4504,1,50
9044,p4505,62,1
9047,p4506,58,52
9050,p4507,43,1
9052,p4508,66,1
9054,p4509,15,17
9055,p4510,10,69
9058,p4511,44,1
9061,p4512,66,42
9063,p4513,69,1
9066,p4514,1,27
9069,p4515,15,34
9070,p4516,56,98
9072,p4517,84,1
9074,p4518,80,96
9076,p4519,1,7
9078,p4520,1,70
9080,p4521,1,94
9083,p4522,43,85
9084,p4523,25,28
9086,p4524,32,11
9088,p4525,1,93
9091,p4526,1,96
9092,p4527,31,83
9093,p4528,68,42
9095,p4529,97,1
9098,p4530,20,27
9101,p4531,14,1
9103,p4532,60,1
9105,p4533,37,29
9106,p4534,1,84
9107,p4535,56,32
9110,p4536,1,71
9111,p4537,16,1
9113,p4538,6,14
9116,p4539,45,1
9119,p4540,78,1
9121,p4541,74,1
9123,p4542,4,19
9124,p4543,35,93
9126,p4544,46,43
9127,p4545,78,1
9129,p4546,1,35
9131,p4547,1,96
9132,p4548,33,1
9134,p4549,25,83
9135,p4550,1,62
9136,p4551,1,37
9137,p4552,90,30
9139,p4553,1,17
9142,p4554,1,51
9143,p4555,18,1
9144,p4556,8,1
9146,p4557,1,47
9148,p4558,87,26
9149,p4559,27,1
9150,p4560,7,63
9151,p4561,1,84
9154,p4562,30,1
9157,p4563,64,13
9158,p4564,97,36
9159,p4565,20,46
9161,p4566,1,100
9162,p4567,1,97
9163,p4568,1,56
9164,p4569,69,78
9166,p4570,1,44
9168,p4571,32,65
9170,p4572,28,44
9172,p4573,1,81
9175,p4574,1,9
9177,p4575,19,23
9178,p4576,88,1
9179,p4577,97,39
9182,p4578,1,89
9185,p4579,1,14
9187,p4580,18,1
9189,p4581,1,6
9192,p4582,1,5
9195,p4583,29,41
9197,p4584,9,1
9198,p4585,1,77
9201,p4586,76,72
9202,p4587,1,62
9203,p4588,1,79
9205,p4589,1,61
9206,p4590,11,90
9208,p4591,1,66
9210,p4592,75,1
9212,p4593,1,100
9215,p4594,58,52
9218,p4595,96,86
9221,p4596,36,1
9224,p4597,1,60
9227,p4598,27,21
9229,p4599,90,1
9232,p4600,97,31
9234,p4601,1,60
9235,p4602,51,1
9236,p4603,31,1
9239,p4604,48,100
9242,p4605,1,71
9245,p4606,1,73
9248,p4607,1,87
9249,p4608,1,78
9251,p4609,27,1
9254,p4610,76,1
9257,p4611,1,92
9260,p4612,65,1
9262,p4613,1,51
9263,p4614,1,8
9265,p4615,56,74
9267,p4616,65,1
9269,p4617,19,1
9270,p4618,9,1
9273,p4619,1,27
9275,p4620,74,1
9276,p4621,4,98
9277,p4622,54,11
9279,p4623,63,16
9280,p4624,73,1
9282,p4625,90,1
9284,p4626,85,1
9286,p4627,85,87
9287,p4628,75,72
9290,p4629,99,1
9291,p4630,94,6
9293,p4631,83,1
9295,p4632,57,1
9298,p4633,47,9
9301,p4634,1,2
9303,p4635,85,49
9304,p4636,88,1
9305,p4637,1,19
9307,p4638,41,20
9310,p4639,65,1
9311,p4640,62,1
9312,p4641,50,1
9314,p4642,91,1
9317,p4643,28,1
9319,p4644,59,31
9321,p4645,1,72
9322,p4646,1,80
9324,p4647,1,82
9326,p4648,31,1
9329,p4649,57,95
9332,p4650,9,1
9335,p4651,57,1
9337,p4652,25,95
9338,p4653,61,1
9341,p4654,95,1
9342,p4655,40,1
9343,p4656,86,26
9344,p4657,12,1
9346,p4658,85,1
9349,p4659,76,45
9352,p4660,44,46
9354,p4661,21,54
9356,p4662,40,85
9357,p4663,36,37
9360,p4664,78,72
9361,p4665,1,6
9364,p4666,1,70
9366,p4667,5,19
9369,p4668,17,85
9370,p4669,71,1
9373,p4670,48,10
9375,p4671,31,1
9377,p4672,35,1
9378,p4673,68,27
9380,p4674,61,81
9383,p4675,41,27
9385,p4676,25,59
9387,p4677,60,1
9390,p4678,87,1
9393,p4679,24,1
9395,p4680,38,1
9396,p4681,55,16
9397,p4682,1,83
9400,p4683,11,1
9403,p4684,19,1
9406,p4685,1,27
9407,p4686,1,78
9408,p4687,1,73
9409,p4688,42,5
9411,p4689,82,21
9412,p4690,88,1
9415,p4691,1,4
9418,p4692,37,1
9421,p4693,23,66
9423,p4694,1,23
9424,p4695,57,52
9426,p4696,48,1
9428,p4697,68,1
9431,p4698,1,88
9433,p4699,51,16
9436,p4700,70,1
9438,p4701,3,1
9439,p4702,36,2
9440,p4703,1,33
9443,p4704,2,1
9444,p4705,80,33
9446,p4706,27,83
9449,p4707,71,1
9450,p4708,96,1
9451,p4709,94,1
9453,p4710,39,1
9454,p4711,93,1
9457,p4712,100,8
9458,p4713,88,74
9460,p4714,83,48
9462,p4715,4,57
9463,p4716,75,90
9465,p4717,1,25
9467,p4718,40,30
9469,p4719,1,69
9470,p4720,22,56
9472,p4721,45,1
9473,p4722,1,98
9476,p4723,50,46
9478,p4724,1,59
9481,p4725,35,69
9484,p4726,95,1
9486,p4727,20,31
9489,p4728,71,1
9490,p4729,76,11
9491,p4730,40,50
9492,p4731,21,5
9493,p4732,57,73
9496,p4733,56,99
9497,p4734,37,1
9500,p4735,1,7
9503,p4736,1,5
9504,p4737,34,1
9507,p4738,1,52
9510,p4739,24,71
9512,p4740,77,36
9513,p4741,16,1
9516,p4742,1,48
9518,p4743,1,19
9521,p4744,11,1
9523,p4745,1,22
9524,p4746,58,1
9526,p4747,78,1
9528,p4748,37,68
9530,p4749,32,55
9533,p4750,1,90
9534,p4751,1,38
9535,p4752,35,1
9536,p4753,1,72
9537,p4754,45,1
9539,p4755,52,58
9541,p4756,18,89
9544,p4757,79,1
9545,p4758,22,50
9547,p4759,84,1
9548,p4760,79,61
9551,p4761,7,40
9553,p4762,44,19
9555,p4763,51,1
9556,p4764,39,1
9559,p4765,78,47
9560,p4766,1,30
9562,p4767,1,40
9565,p4768,3,66
9567,p4769,1,95
9569,p4770,57,4
9571,p4771,1,21
9574,p4772,37,56
9577,p4773,53,36
9580,p4774,45,1
9581,p4775,50,1
9583,p4776,29,1
9585,p4777,44,1
9586,p4778,1,36
9588,p4779,1,37
9591,p4780,1,60
9594,p4781,2,99
9596,p4782,3,4
9599,p4783,36,80
9601,p4784,3,79
9604,p4785,1,2
9607,p4786,79,10
9610,p4787,22,85
9613,p4788,14,24
9615,p4789,37,1
9617,p4790,68,69
9620,p4791,22,76
9622,p4792,1,54
9624,p4793,1,44
9625,p4794,48,1
9627,p4795,58,20
9630,p4796,1,38
9631,p4797,72,26
9633,p4798,78,1
9634,p4799,37,1
9637,p4800,79,69
9639,p4801,1,35
9642,p4802,1,69
9645,p4803,9,1
9647,p4804,51,1
9648,p4805,1,24
9651,p4806,87,48
9653,p4807,34,1
9654,p4808,83,1
9656,p4809,64,1
9657,p4810,1,42
9660,p4811,81,1
9661,p4812,1,94
9662,p4813,42,1
9663,p4814,57,1
9664,p4815,1,100
9666,p4816,79,1
9668,p4817,1,8
9670,p4818,1,70
9672,p4819,60,1
9674,p4820,70,1
9675,p4821,31,59
9677,p4822,96,1
9680,p4823,86,1
9682,p4824,89,64
9685,p4825,6,97
9687,p4826,11,5
9690,p4827,54,1
9693,p4828,56,67
9696,p4829,7,1
9698,p4830,22,23
9700,p4831,1,44
9701,p4832,28,1
9704,p4833,84,53
9705,p4834,2,1
9708,p4835,1,45
9711,p4836,78,1
9714,p4837,73,27
9716,p4838,34,38
9719,p4839,1,65
9720,p4840,1,92
9722,p4841,4,99
9723,p4842,1,54
9724,p4843,1,31
9726,p4844,1,32
9729,p4845,1,21
9730,p4846,1,15
9733,p4847,58,24
9735,p4848,5,1
9736,p4849,1,53
9738,p4850,1,64
9739,p4851,1,67
9741,p4852,45,1
9742,p4853,74,1
9745,p4854,85,1
9746,p4855,1,63
9748,p4856,1,6
9750,p4857,1,96
9751,p4858,1,10
9754,p4859,44,93
9757,p4860,85,1
9758,p4861,23,1
9761,p4862,1,90
9762,p4863,83,1
9765,p4864,90,72
9767,p4865,96,26
9769,p4866,11,1
9771,p4867,51,100
9772,p4868,4,46
9775,p4869,61,70
9778,p4870,86,72
9779,p4871,61,1
9782,p4872,1,26
9785,p4873,79,66
9787,p4874,1,35
9790,p4875,72,1
9792,p4876,89,28
9795,p4877,1,58
9798,p4878,1,8
9800,p4879,20,48
9801,p4880,12,1
9802,p4881,1,19
9803,p4882,42,1
9805,p4883,26,1
9807,p4884,37,66
9808,p4885,1,56
9811,p4886,92,28
9814,p4887,1,53
9817,p4888,94,1
9820,p4889,98,1
9822,p4890,33,1
9825,p4891,1,13
9827,p4892,1,53
9828,p4893,1,55
9829,p4894,17,92
9832,p4895,40,1
9833,p4896,1,35
9835,p4897,50,71
9837,p4898,61,1
9839,p4899,81,1
9842,p4900,1,89
9844,p4901,19,84
9845,p4902,49,1
9846,p4903,1,69
9848,p4904,8,1
9850,p4905,1,84
9851,p4906,55,27
9854,p4907,33,1
9857,p4908,78,1
9860,p4909,1,90
9863,p4910,20,91
9865,p4911,80,1
9867,p4912,82,1
9868,p4913,1,44
9871,p4914,1,90
9873,p4915,20,1
9876,p4916,49,27
9879,p4917,1,12
9880,p4918,95,42
9882,p4919,38,43
9884,p4920,68,74
9886,p4921,76,67
9887,p4922,1,91
9890,p4923,7,31
9893,p4924,52,30
9896,p4925,57,12
9897,p4926,1,79
9899,p4927,35,1
9900,p4928,1,49
9901,p4929,51,36
9903,p4930,91,1
9905,p4931,50,1
9907,p4932,52,17
9909,p4933,1,39
9912,p4934,1,62
9915,p4935,1,94
9917,p4936,69,1
9918,p4937,1,96
9921,p4938,1,93
9922,p4939,95,1
9924,p4940,9,84
9926,p4941,68,94
9927,p4942,93,1
9929,p4943,12,16
9931,p4944,1,29
9932,p4945,63,1
9934,p4946,8,1
9935,p4947,4,90
9938,p4948,86,1
9940,p4949,1,86
9943,p4950,44,1
9944,p4951,100,10
9945,p4952,1,38
9947,p4953,30,1
9948,p4954,42,1
9951,p4955,10,1
9954,p4956,25,88
9956,p4957,41,6
9957,p4958,18,1
9959,p4959,99,25
9960,p4960,1,64
9962,p4961,93,1
9965,p4962,89,43
9968,p4963,65,1
9971,p4964,45,73
9974,p4965,38,1
9977,p4966,20,68
9979,p4967,1,35
9980,p4968,69,1
9981,p4969,1,55
9982,p4970,1,54
9984,p4971,49,1
9987,p4972,32,98
9989,p4973,99,29
9990,p4974,83,31
9992,p4975,46,1
9993,p4976,1,90
9994,p4977,15,6
9997,p4978,78,1
10000,p4979,95,1
10001,p4980,1,22
10003,p4981,60,1
10006,p4982,53,1
10008,p4983,11,93
10010,p4984,97,17
10013,p4985,71,1
10014,p4986,56,1
10015,p4987,16,1
10017,p4988,7,1
10018,p4989,27,18
10019,p4990,74,80
10022,p4991,50,16
10023,p4992,32,1
10025,p4993,87,1
10028,p4994,94,1
10030,p4995,92,1
10033,p4996,1,44
10036,p4997,5,1
10037,p4998,1,67
10038,p4999,1,91
10041,p5000,1,99
10042,p5001,78,77
10043,p5002,93,1
10046,p5003,48,59
10047,p5004,22,2
10048,p5005,1,35
10051,p5006,3,1
10054,p5007,23,1
10056,p5008,1,55
10059,p5009,53,21
10061,p5010,1,52
10064,p5011,1,96
10065,p5012,40,86
10068,p5013,1,83
10069,p5014,32,1
10070,p5015,49,1
10072,p5016,47,1
10075,p5017,1,36
10077,p5018,1,9
10080,p5019,23,1
10082,p5020,62,7
10085,p5021,1,63
10086,p5022,1,46
10087,p5023,97,1
10089,p5024,47,90
10091,p5025,1,10
10092,p5026,98,1
10095,p5027,1,33
10097,p5028,74,51
10100,p5029,1,69
10102,p5030,79,100
10103,p5031,1,64
10105,p5032,28,1
10108,p5033,1,13
10110,p5034,100,19
10113,p5035,1,53
10116,p5036,84,96
10118,p5037,95,1
10120,p5038,20,1
10121,p5039,1,80
10124,p5040,33,55
10125,p5041,53,1
10128,p5042,6,55
10131,p5043,22,1
10132,p5044,11,1
10135,p5045,66,1
10136,p5046,20,10
10138,p5047,33,1
10139,p5048,27,33
10141,p5049,98,1
10142,p5050,1,40
10143,p5051,7,54
10144,p5052,1,37
10146,p5053,1,52
10149,p5054,54,1
10152,p5055,1,26
10155,p5056,57,1
10157,p5057,73,17
10158,p5058,22,93
10160,p5059,71,60
10162,p5060,1,40
10164,p5061,1,86
10167,p5062,1,4
10170,p5063,1,82
10171,p5064,29,1
10173,p5065,13,73
10175,p5066,1,58
10178,p5067,21,53
10181,p5068,37,1
10182,p5069,39,46
10183,p5070,1,82
10186,p5071,1,23
10189,p5072,56,80
10192,p5073,1,89
10194,p5074,1,85
10196,p5075,1,51
10199,p5076,83,1
10201,p5077,1,23
10202,p5078,1,3
10203,p5079,88,1
10204,p5080,18,3
10206,p5081,1,54
10207,p5082,24,1
10210,p5083,55,57
10212,p5084,44,1
10214,p5085,15,27
10215,p5086,91,1
10218,p5087,1,23
10221,p5088,61,1
10222,p5089,1,61
10224,p5090,1,20
10225,p5091,1,91
10226,p5092,53,88
10229,p5093,9,1
10231,p5094,1,100
10232,p5095,8,1
10234,p5096,84,1
10237,p5097,17,1
10239,p5098,25,28
10241,p5099,10,1
10243,p5100,26,1
10245,p5101,83,35
10247,p5102,1,51
10248,p5103,81,1
10249,p5104,1,29
10251,p5105,34,1
10254,p5106,1,50
10256,p5107,82,1
10257,p5108,30,85
10258,p5109,29,80
10261,p5110,1,25
10263,p5111,1,6
10265,p5112,1,71
10266,p5113,1,90
10267,p5114,32,27
10269,p5115,1,82
10271,p5116,1,8
10272,p5117,1,51
10274,p5118,1,53
10275,p5119,1,28
10278,p5120,53,1
10281,p5121,57,97
10284,p5122,1,67
10287,p5123,37,45
10288,p5124,78,1
10291,p5125,11,12
10292,p5126,1,100
10295,p5127,87,58
10297,p5128,9,1
10299,p5129,83,58
10300,p5130,48,1
10301,p5131,57,27
10303,p5132,17,1
10304,p5133,1,72
10306,p5134,1,100
10307,p5135,12,1
10310,p5136,6,1
10312,p5137,17,15
10313,p5138,1,9
10316,p5139,1,21
10317,p5140,1,83
10318,p5141,82,1
10320,p5142,58,52
10323,p5143,1,20
10324,p5144,6,43
10326,p5145,47,1
10327,p5146,5,1
10330,p5147,8,38
10331,p5148,1,74
10333,p5149,1,32
10335,p5150,35,76
10337,p5151,1,65
10338,p5152,90,1
10340,p5153,11,63
10342,p5154,1,21
10343,p5155,26,1
10346,p5156,27,1
10349,p5157,45,1
10352,p5158,1,26
10353,p5159,89,75
10355,p5160,1,97
10357,p5161,28,1
10358,p5162,81,1
10361,p5163,12,1
10362,p5164,48,15
10365,p5165,25,1
10367,p5166,12,68
10370,p5167,12,1
10372,p5168,1,31
10373,p5169,56,1
10376,p5170,50,81
10377,p5171,1,32
10379,p5172,42,8
10380,p5173,22,1
10381,p5174,1,91
10382,p5175,1,58
10384,p5176,5,16
10385,p5177,43,11
10387,p5178,64,71
10390,p5179,87,1
10393,p5180,59,85
10395,p5181,1,11
10398,p5182,46,1
10401,p5183,1,60
10404,p5184,1,17
10406,p5185,52,2
10409,p5186,1,50
10412,p5187,56,1
10414,p5188,1,96
10416,p5189,63,1
10418,p5190,94,22
10421,p5191,1,20
10423,p5192,59,1
10424,p5193,89,22
10427,p5194,63,81
10429,p5195,45,1
10430,p5196,26,78
10432,p5197,35,1
10433,p5198,28,100
10434,p5199,57,75
10436,p5200,35,1
10439,p5201,1,57
10442,p5202,44,1
10443,p5203,40,3
10445,p5204,1,20
10448,p5205,23,1
10449,p5206,28,8
10450,p5207,1,93
10452,p5208,1,53
10455,p5209,1,8
10456,p5210,28,1
10458,p5211,69,1
10461,p5212,39,1
10462,p5213,76,1
10463,p5214,42,1
10464,p5215,1,54
10465,p5216,40,4
10466,p5217,91,100
10469,p5218,78,1
10471,p5219,1,24
10474,p5220,1,4
10475,p5221,1,18
10478,p5222,12,72
10480,p5223,79,1
10481,p5224,34,72
10482,p5225,1,47
10485,p5226,79,14
10486,p5227,1,12
10488,p5228,25,1
10491,p5229,1,78
10494,p5230,79,1
10497,p5231,18,1
10498,p5232,8,3
10499,p5233,1,83
10502,p5234,14,1
10505,p5235,86,1
10507,p5236,51,56
10508,p5237,2,68
10509,p5238,85,1
10512,p5239,3,1
10513,p5240,1,74
10514,p5241,1,5
10516,p5242,41,42
10517,p5243,1,56
10519,p5244,1,75
10520,p5245,45,1
10523,p5246,57,1
10526,p5247,1,95
10528,p5248,1,46
10530,p5249,86,9
10533,p5250,1,53
10534,p5251,1,23
10537,p5252,12,1
10538,p5253,1,68
10541,p5254,79,1
10544,p5255,75,1
10545,p5256,66,1
10547,p5257,1,27
10549,p5258,24,64
10552,p5259,1,92
10555,p5260,1,19
10557,p5261,63,1
10559,p5262,91,1
10561,p5263,1,44
10563,p5264,1,71
10564,p5265,19,57
10566,p5266,87,5
10569,p5267,11,92
10570,p5268,13,66
10573,p5269,90,53
10576,p5270,74,82
10579,p5271,1,4
10580,p5272,83,56
10582,p5273,93,90
10585,p5274,61,1
10586,p5275,60,98
10587,p5276,86,35
10588,p5277,18,28
10591,p5278,77,1
10592,p5279,68,1
10593,p5280,1,24
10596,p5281,43,98
10598,p5282,29,1
10599,p5283,99,100
10600,p5284,1,78
10603,p5285,63,87
10606,p5286,50,1
10609,p5287,1,79
10610,p5288,1,91
10611,p5289,12,18
10613,p5290,61,1
10616,p5291,1,57
10617,p5292,75,43
10618,p5293,1,92
10621,p5294,1,12
10622,p5295,1,27
10623,p5296,1,99
10624,p5297,40,1
10625,p5298,45,1
10627,p5299,1,43
10628,p5300,93,53
10630,p5301,21,10
10632,p5302,1,22
10634,p5303,1,42
10637,p5304,83,59
10639,p5305,14,35
10641,p5306,44,92
10644,p5307,1,12
10646,p5308,98,78
10647,p5309,82,1
10648,p5310,15,1
10649,p5311,64,78
10652,p5312,94,32
10654,p5313,1,82
10657,p5314,41,67
10659,p5315,54,27
10660,p5316,41,5
10661,p5317,1,5
10664,p5318,1,19
10666,p5319,39,1
10667,p5320,54,13
10670,p5321,45,1
10672,p5322,68,1
10675,p5323,86,1
10678,p5324,35,49
10679,p5325,1,6
10680,p5326,1,10
10682,p5327,97,38
10685,p5328,22,71
10687,p5329,1,24
10689,p5330,1,23
10690,p5331,23,1
10691,p5332,74,98
10694,p5333,79,66
10695,p5334,1,17
10697,p5335,1,69
10700,p5336,72,62
10701,p5337,10,1
10704,p5338,34,27
10706,p5339,82,1
10708,p5340,45,1
10710,p5341,1,6
10712,p5342,8,1
10714,p5343,60,81
10716,p5344,38,8
10718,p5345,34,76
10721,p5346,41,1
10722,p5347,81,1
10723,p5348,89,11
10726,p5349,1,32
10728,p5350,15,1
10731,p5351,1,61
10732,p5352,10,1
10734,p5353,31,16
10735,p5354,11,9
10737,p5355,49,26
10738,p5356,1,53
10740,p5357,1,8
10743,p5358,17,1
10746,p5359,29,61
10748,p5360,53,9
10751,p5361,12,87
10752,p5362,75,26
10755,p5363,60,38
10758,p5364,49,65
10759,p5365,34,12
10762,p5366,48,1
10764,p5367,8,1
10766,p5368,1,70
10769,p5369,1,36
10770,p5370,1,13
10772,p5371,63,1
10774,p5372,62,1
10777,p5373,42,1
10779,p5374,89,97
10782,p5375,1,75
10784,p5376,4,6
10787,p5377,1,78
10789,p5378,30,1
10791,p5379,20,1
10792,p5380,33,1
10793,p5381,23,1
10794,p5382,71,4
10796,p5383,1,48
10798,p5384,1,91
10801,p5385,86,1
10804,p5386,1,62
10806,p5387,1,64
10807,p5388,62,1
10809,p5389,73,100
10810,p5390,1,15
10811,p5391,1,28
10813,p5392,1,71
10814,p5393,37,1
10817,p5394,24,1
10819,p5395,10,88
10822,p5396,1,93
10825,p5397,71,3
10826,p5398,11,1
10829,p5399,1,45
10831,p5400,84,37
10832,p5401,1,53
10834,p5402,1,28
10836,p5403,74,94
10838,p5404,1,24
10839,p5405,64,41
10842,p5406,1,93
10844,p5407,96,1
10847,p5408,1,21
10849,p5409,1,57
10851,p5410,26,64
10854,p5411,1,69
10856,p5412,66,6
10859,p5413,76,77
10860,p5414,55,1
10862,p5415,1,63
10863,p5416,2,39
10866,p5417,1,90
10868,p5418,50,1
10870,p5419,74,1
10871,p5420,1,8
10872,p5421,1,68
10873,p5422,72,51
10876,p5423,67,1
10877,p5424,43,1
10879,p5425,11,1
10880,p5426,35,33
10881,p5427,100,1
10884,p5428,58,1
10887,p5429,71,1
10890,p5430,1,71
10892,p5431,80,1
10893,p5432,92,58
10894,p5433,20,2
10896,p5434,1,54
10897,p5435,53,7
10900,p5436,55,1
10903,p5437,61,1
10904,p5438,1,12
10907,p5439,3,63
10909,p5440,93,58
10912,p5441,46,1
10915,p5442,23,1
10918,p5443,17,1
10919,p5444,68,1
10922,p5445,6,1
10923,p5446,58,1
10924,p5447,1,7
10925,p5448,21,1
10928,p5449,1,12
10931,p5450,4,1
10932,p5451,7,1
10934,p5452,9,1
10936,p5453,14,48
10938,p5454,1,32
10940,p5455,81,90
10943,p5456,26,84
10945,p5457,44,1
10947,p5458,1,11
10948,p5459,1,17
10951,p5460,1,30
10952,p5461,1,19
10953,p5462,93,1
10955,p5463,6,26
10956,p5464,1,93
10959,p5465,48,47
10961,p5466,59,96
10963,p5467,39,1
10964,p5468,20,1
10967,p5469,42,90
10970,p5470,64,1
10972,p5471,7,69
10973,p5472,84,62
10975,p5473,46,1
10976,p5474,43,1
10977,p5475,84,74
10979,p5476,26,87
10981,p5477,1,25
10983,p5478,97,1
10986,p5479,61,1
10987,p5480,90,1
10990,p5481,41,1
10992,p5482,47,1
10994,p5483,23,77
10996,p5484,57,99
10997,p5485,68,92
11000,p5486,94,1
11002,p5487,82,57
11005,p5488,36,1
11007,p5489,49,1
11009,p5490,1,70
11011,p5491,1,79
11012,p5492,1,40
11013,p5493,1,75
11016,p5494,26,95
11017,p5495,22,47
11018,p5496,50,53
11020,p5497,61,1
11023,p5498,1,83
11024,p5499,9,71
11027,p5500,88,40
11028,p5501,1,81
11030,p5502,20,90
11033,p5503,1,64
11035,p5504,1,64
11037,p5505,1,70
11039,p5506,93,15
11042,p5507,7,1
11043,p5508,1,86
11046,p5509,1,56
11047,p5510,60,1
11050,p5511,9,1
11051,p5512,63,1
11052,p5513,1,21
11053,p5514,70,1
11055,p5515,1,14
11058,p5516,14,1
11059,p5517,45,92
11061,p5518,90,89
11062,p5519,1,29
11064,p5520,17,86
11067,p5521,29,1
11068,p5522,65,99
11071,p5523,68,1
11074,p5524,61,1
11076,p5525,69,1
11078,p5526,7,89
11080,p5527,37,1
11081,p5528,1,96
11083,p5529,82,33
11086,p5530,1,21
11088,p5531,79,100
11091,p5532,36,1
11093,p5533,59,97
11096,p5534,44,57
11098,p5535,1,78
11099,p5536,83,30
11101,p5537,19,1
11102,p5538,6,45
11105,p5539,99,1
11106,p5540,30,24
11109,p5541,1,47
11110,p5542,1,84
11111,p5543,3,90
11114,p5544,46,1
11115,p5545,38,74
11116,p5546,64,67
11118,p5547,3,33
11121,p5548,82,75
11122,p5549,74,1
11123,p5550,69,93
11126,p5551,68,60
11129,p5552,40,1
11132,p5553,1,5
11134,p5554,11,1
11135,p5555,5,32
11138,p5556,80,21
11140,p5557,66,1
11141,p5558,37,1
11142,p5559,1,83
11144,p5560,4,1
11146,p5561,1,100
11147,p5562,1,11
11150,p5563,1,7
11151,p5564,1,77
11152,p5565,1,54
11155,p5566,48,1
11157,p5567,1,12
11159,p5568,60,66
11161,p5569,1,53
11163,p5570,1,33
11165,p5571,1,6
11166,p5572,1,84
11168,p5573,73,1
11169,p5574,1,38
11171,p5575,1,98
11172,p5576,29,49
11173,p5577,1,47
11174,p5578,1,99
11176,p5579,96,1
11177,p5580,99,1
11180,p5581,73,1
11181,p5582,59,1
11182,p5583,9,58
11185,p5584,18,1
11187,p5585,78,1
11188,p5586,1,52
11191,p5587,59,1
11193,p5588,1,28
11195,p5589,52,50
11197,p5590,1,75
11198,p5591,92,1
11201,p5592,100,88
11203,p5593,46,69
11206,p5594,17,1
11209,p5595,71,1
11210,p5596,89,87
11211,p5597,1,63
11212,p5598,27,1
11214,p5599,1,67
11217,p5600,26,71
11218,p5601,42,1
11221,p5602,30,99
11224,p5603,1,94
11226,p5604,67,88
11228,p5605,1,99
11231,p5606,1,98
11233,p5607,70,1
11234,p5608,1,87
11236,p5609,82,1
11238,p5610,19,38
11241,p5611,73,66
11244,p5612,1,97
11246,p5613,1,49
11248,p5614,43,1
11250,p5615,1,92
11253,p5616,61,1
11256,p5617,86,1
11257,p5618,1,61
11259,p5619,55,59
11261,p5620,94,1
11264,p5621,1,33
11267,p5622,59,1
11269,p5623,1,58
11271,p5624,81,32
11272,p5625,1,66
11274,p5626,77,1
11276,p5627,68,1
11279,p5628,1,57
11282,p5629,88,29
11285,p5630,1,3
11288,p5631,1,83
11289,p5632,68,78
11291,p5633,99,4
11292,p5634,34,8
11295,p5635,1,69
11297,p5636,1,84
11300,p5637,1,52
11301,p5638,63,1
11303,p5639,1,14
11305,p5640,33,18
11307,p5641,23,26
11310,p5642,1,75
11312,p5643,1,41
11313,p5644,1,56
11316,p5645,87,1
11318,p5646,1,46
11320,p5647,24,1
11322,p5648,1,79
11323,p5649,28,1
11326,p5650,24,32
11328,p5651,6,96
11329,p5652,24,98
11330,p5653,85,1
11333,p5654,1,5
11336,p5655,1,28
11339,p5656,1,23
11341,p5657,50,1
11343,p5658,1,77
11346,p5659,6,65
11348,p5660,4,36
11351,p5661,1,65
11352,p5662,1,12
11353,p5663,71,1
11356,p5664,55,1
11357,p5665,1,74
11358,p5666,1,94
11360,p5667,2,1
11363,p5668,1,61
11364,p5669,1,60
11365,p5670,96,44
11366,p5671,10,82
11369,p5672,1,31
11370,p5673,1,56
11371,p5674,42,48
11374,p5675,98,1
11376,p5676,1,36
11379,p5677,1,43
11380,p5678,79,63
11382,p5679,1,30
11383,p5680,1,82
11385,p5681,43,1
11386,p5682,51,43
11389,p5683,1,39
11391,p5684,96,89
11392,p5685,69,1
11393,p5686,73,1
11396,p5687,1,99
11397,p5688,1,62
11400,p5689,1,22
11401,p5690,45,26
11402,p5691,1,39
11403,p5692,1,14
11406,p5693,8,47
11408,p5694,44,69
11410,p5695,1,94
11413,p5696,1,75
11415,p5697,65,1
11418,p5698,1,18
11419,p5699,82,62
11421,p5700,1,70
11424,p5701,78,1
11426,p5702,76,1
11427,p5703,1,5
11430,p5704,16,12
11433,p5705,5,23
11434,p5706,1,37
11437,p5707,37,77
11440,p5708,46,66
11441,p5709,1,72
11442,p5710,50,25
11445,p5711,1,82
11448,p5712,11,1
11449,p5713,39,1
11452,p5714,50,65
11453,p5715,47,1
11455,p5716,1,36
11456,p5717,77,1
11457,p5718,1,69
11459,p5719,78,1
11461,p5720,87,1
11463,p5721,1,32
11466,p5722,1,92
11467,p5723,1,17
11468,p5724,1,12
11471,p5725,1,75
11473,p5726,13,16
11475,p5727,63,1
11478,p5728,1,97
11479,p5729,1,58
11480,p5730,91,59
11483,p5731,35,95
11485,p5732,89,72
11486,p5733,1,36
11489,p5734,86,1
11492,p5735,1,65
11493,p5736,1,21
11496,p5737,17,100
11499,p5738,1,76
11500,p5739,6,57
11502,p5740,23,1
11504,p5741,48,87
11506,p5742,41,79
11507,p5743,68,1
11510,p5744,1,74
11512,p5745,11,94
11514,p5746,1,47
11516,p5747,66,30
11519,p5748,1,66
11521,p5749,1,89
11522,p5750,88,1
11524,p5751,83,70
11526,p5752,38,82
11528,p5753,1,54
11530,p5754,55,10
11531,p5755,88,1
11533,p5756,31,34
11536,p5757,89,59
11537,p5758,1,96
11540,p5759,1,58
11542,p5760,35,1
11544,p5761,41,47
11545,p5762,1,11
11546,p5763,54,1
11548,p5764,1,42
11551,p5765,31,48
11552,p5766,70,81
11554,p5767,1,10
11556,p5768,39,82
11559,p5769,82,1
11561,p5770,87,1
11562,p5771,1,69
11565,p5772,8,5
11567,p5773,39,1
11568,p5774,53,75
11570,p5775,11,40
11572,p5776,1,23
11573,p5777,1,70
11574,p5778,51,1
11575,p5779,49,1
11577,p5780,1,2
11580,p5781,1,89
11581,p5782,39,1
11584,p5783,92,75
11586,p5784,74,1
11588,p5785,28,62
11590,p5786,1,55
11591,p5787,90,1
11593,p5788,69,1
11595,p5789,46,1
11597,p5790,28,56
11599,p5791,65,17
11602,p5792,1,96
11604,p5793,45,1
11606,p5794,1,16
11609,p5795,1,32
11610,p5796,83,1
11612,p5797,41,1
11615,p5798,45,75
11617,p5799,1,62
11620,p5800,1,91
11623,p5801,1,31
11626,p5802,93,1
11629,p5803,4,1
11631,p5804,70,60
11633,p5805,1,95
11635,p5806,32,1
11636,p5807,83,1
11639,p5808,1,28
11642,p5809,1,98
11643,p5810,4,35
11645,p5811,1,13
11648,p5812,57,1
11650,p5813,33,1
11651,p5814,64,1
11652,p5815,25,40
11653,p5816,1,20
11655,p5817,39,1
11656,p5818,1,43
11658,p5819,1,96
11660,p5820,32,1
11662,p5821,33,83
11664,p5822,25,1
11666,p5823,1,71
11669,p5824,13,1
11672,p5825,21,64
11673,p5826,100,12
11676,p5827,100,1
11679,p5828,12,100
11682,p5829,1,35
11684,p5830,85,75
11685,p5831,91,87
11688,p5832,14,99
11691,p5833,2,40
11692,p5834,61,12
11695,p5835,1,37
11696,p5836,5,30
11699,p5837,8,1
11701,p5838,40,1
11703,p5839,14,37
11706,p5840,56,12
11707,p5841,76,1
11708,p5842,19,29
11710,p5843,65,1
11712,p5844,28,1
11714,p5845,1,5
11715,p5846,2,1
11718,p5847,99,1
11720,p5848,55,40
11723,p5849,88,1
11726,p5850,81,1
11727,p5851,46,1
11728,p5852,70,1
11729,p5853,40,51
11732,p5854,25,1
11733,p5855,1,63
11734,p5856,54,1
11737,p5857,1,11
11740,p5858,40,48
11742,p5859,7,1
11743,p5860,24,75
11746,p5861,53,89
11747,p5862,55,70
11750,p5863,98,1
11753,p5864,1,16
11755,p5865,43,1
11756,p5866,52,65
11758,p5867,40,75
11759,p5868,38,1
11761,p5869,94,91
11762,p5870,1,76
11765,p5871,1,74
11766,p5872,32,55
11769,p5873,29,97
11771,p5874,84,93
11773,p5875,94,23
11776,p5876,15,92
11778,p5877,51,87
11780,p5878,35,57
11781,p5879,87,24
11782,p5880,38,1
11784,p5881,28,1
11786,p5882,1,31
11788,p5883,94,41
11789,p5884,7,1
11792,p5885,41,1
11795,p5886,76,62
11797,p5887,1,6
11799,p5888,1,13
11801,p5889,59,1
11802,p5890,1,40
11803,p5891,58,1
11805,p5892,1,67
11807,p5893,1,67
11810,p5894,78,57
11813,p5895,81,39
11816,p5896,1,27
11819,p5897,20,73
11822,p5898,1,24
11823,p5899,44,78
11825,p5900,77,61
11827,p5901,24,1
11828,p5902,1,59
11831,p5903,58,43
11834,p5904,53,37
11837,p5905,61,36
11839,p5906,88,1
11842,p5907,17,52
11844,p5908,14,1
11845,p5909,1,27
11848,p5910,1,45
11849,p5911,1,76
11850,p5912,45,1
11852,p5913,58,1
11854,p5914,19,1
11857,p5915,1,59
11859,p5916,80,1
11860,p5917,43,1
11861,p5918,75,1
11862,p5919,1,57
11863,p5920,57,1
11865,p5921,1,91
11867,p5922,44,1
11869,p5923,1,26
11870,p5924,17,8
11873,p5925,84,12
11875,p5926,63,1
11876,p5927,16,89
11878,p5928,63,80
11881,p5929,72,1
11882,p5930,1,32
11885,p5931,48,1
11887,p5932,76,1
11888,p5933,24,45
11891,p5934,73,1
11894,p5935,1,98
11896,p5936,24,23
11899,p5937,1,26
11901,p5938,29,23
11903,p5939,63,69
11905,p5940,78,1
11906,p5941,1,74
11909,p5942,42,1
11912,p5943,1,26
11915,p5944,1,52
11916,p5945,31,1
11919,p5946,1,93
11921,p5947,69,1
11924,p5948,1,20
11926,p5949,9,66
11927,p5950,1,74
11928,p5951,1,14
11929,p5952,21,1
11931,p5953,40,1
11932,p5954,1,90
11935,p5955,1,66
11938,p5956,1,98
11940,p5957,1,96
11941,p5958,90,57
11942,p5959,62,1
11945,p5960,70,25
11946,p5961,58,41
11947,p5962,60,82
11949,p5963,11,50
11951,p5964,25,1
11954,p5965,36,1
11957,p5966,1,53
11960,p5967,1,94
11963,p5968,92,65
11966,p5969,1,41
11968,p5970,69,80
11970,p5971,23,1
11973,p5972,1,58
11975,p5973,84,54
11977,p5974,96,1
11980,p5975,1,61
11983,p5976,1,12
11986,p5977,64,9
11989,p5978,1,33
11991,p5979,98,1
11992,p5980,1,79
11995,p5981,60,77
11997,p5982,16,1
12000,p5983,39,1
12001,p5984,1,40
12003,p5985,1,93
12004,p5986,28,1
12005,p5987,26,52
12008,p5988,41,1
12009,p5989,4,90
12011,p5990,1,62
12013,p5991,84,85
12016,p5992,51,1
12017,p5993,1,21
12020,p5994,1,18
12023,p5995,33,76
12026,p5996,1,98
12027,p5997,1,28
12030,p5998,85,1
12031,p5999,1,23
12034,p6000,28,1
12037,p6001,79,73
12040,p6002,34,87
12041,p6003,1,12
12042,p6004,82,24
12044,p6005,98,95
12045,p6006,1,81
12047,p6007,61,1
12048,p6008,89,1
12051,p6009,31,1
12052,p6010,41,1
12055,p6011,2,9
12057,p6012,1,21
12060,p6013,5,86
12063,p6014,67,99
12065,p6015,48,81
12067,p6016,49,36
12069,p6017,17,1
12072,p6018,42,1
12075,p6019,75,57
12076,p6020,13,1
12078,p6021,61,94
12079,p6022,1,25
12082,p6023,55,77
12084,p6024,1,5
12087,p6025,1,81
12089,p6026,1,30
12091,p6027,37,1
12092,p6028,1,99
12093,p6029,48,1
12095,p6030,99,35
12097,p6031,63,1
12100,p6032,4,1
12102,p6033,19,1
12103,p6034,69,61
12106,p6035,16,54
12107,p6036,33,1
12109,p6037,1,81
12110,p6038,1,34
12112,p6039,75,89
12113,p6040,1,53
12115,p6041,62,1
12118,p6042,1,30
12120,p6043,1,63
12123,p6044,1,60
12126,p6045,1,99
12127,p6046,39,1
12129,p6047,9,14
12130,p6048,73,57
12131,p6049,30,1
12134,p6050,1,55
12137,p6051,71,5
12138,p6052,3,92
12139,p6053,79,45
12140,p6054,37,97
12142,p6055,97,53
12145,p6056,39,1
12146,p6057,4,62
12149,p6058,1,13
12150,p6059,1,64
12153,p6060,94,83
12156,p6061,1,38
12158,p6062,66,86
12160,p6063,1,7
12161,p6064,1,20
12162,p6065,70,79
12164,p6066,32,60
12167,p6067,41,34
12169,p6068,1,3
12172,p6069,52,1
12174,p6070,1,46
12175,p6071,92,36
12178,p6072,66,82
12181,p6073,1,27
12184,p6074,35,2
12185,p6075,6,1
12188,p6076,1,8
12191,p6077,53,31
12194,p6078,1,67
12195,p6079,58,55
12198,p6080,1,27
12201,p6081,4,1
12202,p6082,67,87
12204,p6083,64,1
12206,p6084,39,1
12207,p6085,2,26
12209,p6086,1,68
12212,p6087,1,99
12214,p6088,41,36
12216,p6089,2,1
12217,p6090,15,1
12220,p6091,26,30
12223,p6092,1,54
12224,p6093,1,40
12226,p6094,34,51
12228,p6095,37,82
12229,p6096,92,94
12230,p6097,21,1
12233,p6098,1,10
12234,p6099,62,6
12236,p6100,1,28
12238,p6101,60,1
12240,p6102,52,1
12242,p6103,71,21
12245,p6104,1,55
12247,p6105,3,1
12248,p6106,83,38
12251,p6107,1,90
12253,p6108,1,26
12254,p6109,98,1
12257,p6110,1,18
12259,p6111,1,10
12262,p6112,70,1
12264,p6113,12,77
12265,p6114,66,1
12268,p6115,1,62
12271,p6116,3,1
12274,p6117,1,88
12275,p6118,25,26
12277,p6119,14,1
12280,p6120,30,1
12283,p6121,63,9
12286,p6122,1,68
12288,p6123,1,91
12289,p6124,1,62
12291,p6125,1,43
12294,p6126,88,1
12297,p6127,16,58
12299,p6128,45,1
12300,p6129,94,6
12302,p6130,1,56
12305,p6131,47,1
12307,p6132,96,46
12309,p6133,1,31
12311,p6134,1,16
12314,p6135,1,91
12316,p6136,74,64
12317,p6137,50,59
12318,p6138,1,61
12321,p6139,62,1
12322,p6140,53,1
12324,p6141,1,8
12327,p6142,17,1
12329,p6143,68,1
12332,p6144,98,1
12335,p6145,1,15
12336,p6146,62,1
12339,p6147,48,1
12342,p6148,92,1
12344,p6149,78,38
12345,p6150,1,92
12348,p6151,1,25
12351,p6152,74,16
12353,p6153,66,46
12354,p6154,23,65
12355,p6155,1,21
12356,p6156,82,1
12357,p6157,1,69
12358,p6158,8,1
12359,p6159,81,89
12360,p6160,37,22
12362,p6161,49,54
12364,p6162,1,6
12366,p6163,1,85
12369,p6164,89,35
12372,p6165,9,1
12375,p6166,1,63
12377,p6167,93,1
12380,p6168,40,78
12381,p6169,1,42
12384,p6170,1,33
12385,p6171,55,1
12387,p6172,1,77
12388,p6173,38,47
12389,p6174,1,58
12392,p6175,86,1
12394,p6176,87,55
12396,p6177,82,54
12398,p6178,57,25
12401,p6179,1,94
12404,p6180,1,4
12406,p6181,57,1
12407,p6182,60,28
12409,p6183,80,1
12411,p6184,100,1
12414,p6185,99,5
12417,p6186,27,38
12418,p6187,86,1
12421,p6188,60,10
12423,p6189,16,1
12424,p6190,1,19
12427,p6191,83,1
12428,p6192,1,10
12430,p6193,23,1
12431,p6194,34,20
12433,p6195,91,76
12434,p6196,60,1
12436,p6197,12,11
12439,p6198,96,1
12442,p6199,1,44
12445,p6200,1,3
12447,p6201,38,34
12450,p6202,1,13
12452,p6203,1,45
12454,p6204,65,1
12455,p6205,21,1
12458,p6206,98,59
12461,p6207,1,52
12462,p6208,76,68
12463,p6209,58,1
12464,p6210,20,10
12465,p6211,1,23
12468,p6212,1,33
12471,p6213,10,1
12474,p6214,1,78
12477,p6215,1,59
12478,p6216,78,1
12481,p6217,73,1
12482,p6218,1,33
12483,p6219,52,100
12485,p6220,1,4
12488,p6221,31,2
12489,p6222,25,1
12492,p6223,1,27
12494,p6224,62,1
12496,p6225,64,7
12498,p6226,10,1
12500,p6227,45,57
12502,p6228,27,55
12503,p6229,51,22
12506,p6230,27,1
12508,p6231,44,1
12511,p6232,97,1
12514,p6233,1,46
12515,p6234,46,75
12517,p6235,41,91
12518,p6236,64,52
12520,p6237,64,84
12521,p6238,1,34
12523,p6239,26,15
12524,p6240,1,44
12526,p6241,1,43
12529,p6242,1,66
12531,p6243,1,85
12534,p6244,1,22
12535,p6245,34,52
12537,p6246,34,1
12540,p6247,34,1
12543,p6248,63,35
12544,p6249,1,80
12546,p6250,1,35
12549,p6251,70,1
12550,p6252,48,1
12551,p6253,1,85
12554,p6254,91,1
12556,p6255,1,95
12557,p6256,45,1
12558,p6257,1,8
12560,p6258,1,13
12561,p6259,1,26
12564,p6260,86,1
12565,p6261,2,80
12566,p6262,1,16
12569,p6263,1,79
12570,p6264,1,7
12573,p6265,90,100
12576,p6266,1,66
12577,p6267,1,81
12578,p6268,1,41
12579,p6269,1,14
12581,p6270,38,1
12584,p6271,1,19
12586,p6272,1,64
12589,p6273,81,1
12592,p6274,1,2
12594,p6275,59,85
12596,p6276,92,1
12597,p6277,28,1
12599,p6278,1,8
12601,p6279,1,33
12603,p6280,100,15
12605,p6281,3,1
12606,p6282,25,48
12608,p6283,1,4
12609,p6284,42,1
12610,p6285,20,40
12611,p6286,67,25
12613,p6287,1,41
12616,p6288,33,1
12617,p6289,1,77
12618,p6290,28,1
12619,p6291,97,1
12622,p6292,91,1
12624,p6293,5,1
12625,p6294,1,96
12627,p6295,71,12
12629,p6296,76,1
12631,p6297,78,1
12633,p6298,88,51
12636,p6299,80,1
12638,p6300,52,83
12640,p6301,1,4
12643,p6302,4,62
12646,p6303,45,48
12647,p6304,1,47
12650,p6305,1,33
12651,p6306,1,72
12653,p6307,22,7
12654,p6308,1,39
12655,p6309,33,1
12656,p6310,17,40
12657,p6311,1,50
12660,p6312,51,77
12663,p6313,1,21
12665,p6314,23,1
12666,p6315,1,15
12669,p6316,60,1
12671,p6317,1,35
12673,p6318,1,31
12675,p6319,2,1
12678,p6320,1,52
12681,p6321,82,1
12682,p6322,15,45
12684,p6323,1,74
12686,p6324,59,1
12688,p6325,11,1
12689,p6326,1,7
12692,p6327,23,27
12694,p6328,36,47
12697,p6329,34,27
12700,p6330,92,1
12703,p6331,1,77
12705,p6332,1,79
12707,p6333,55,1
12710,p6334,67,30
12712,p6335,1,31
12713,p6336,1,97
12716,p6337,71,1
12717,p6338,17,58
12718,p6339,15,37
12719,p6340,52,57
12721,p6341,88,91
12724,p6342,60,1
12726,p6343,95,52
12727,p6344,86,1
12728,p6345,99,69
12731,p6346,76,39
12732,p6347,1,64
12734,p6348,1,49
12737,p6349,43,3
12738,p6350,88,1
12741,p6351,18,1
12743,p6352,31,1
12744,p6353,8,62
12746,p6354,28,79
12748,p6355,17,35
12749,p6356,56,1
12751,p6357,5,1
12753,p6358,3,25
12756,p6359,37,1
12757,p6360,1,42
12758,p6361,1,24
12761,p6362,1,7
12763,p6363,32,1
12766,p6364,1,3
12769,p6365,1,56
12771,p6366,1,22
12774,p6367,76,1
12776,p6368,83,1
12779,p6369,87,33
12781,p6370,41,44
12784,p6371,1,19
12786,p6372,1,51
12789,p6373,1,25
12790,p6374,1,51
12793,p6375,1,94
12794,p6376,57,1
12797,p6377,3,81
12800,p6378,40,1
12801,p6379,1,68
12803,p6380,40,1
12806,p6381,55,1
12809,p6382,73,1
12811,p6383,1,88
12812,p6384,1,42
12813,p6385,9,1
12816,p6386,5,21
12818,p6387,24,25
12819,p6388,35,67
12822,p6389,66,73
12824,p6390,1,95
12825,p6391,62,1
12828,p6392,62,8
12829,p6393,16,1
12831,p6394,20,36
12832,p6395,1,34
12833,p6396,39,87
12836,p6397,11,12
12837,p6398,72,7
12840,p6399,1,99
12843,p6400,1,88
12844,p6401,1,26
12846,p6402,11,1
12847,p6403,5,71
12848,p6404,1,94
12851,p6405,10,74
12853,p6406,95,67
12855,p6407,1,99
12857,p6408,94,1
12858,p6409,83,19
12859,p6410,18,59
12861,p6411,85,13
12863,p6412,23,1
12866,p6413,84,1
12869,p6414,84,24
12871,p6415,99,57
12872,p6416,1,34
12874,p6417,87,91
12875,p6418,2,39
12877,p6419,33,88
12878,p6420,91,89
12881,p6421,32,1
12884,p6422,48,1
12887,p6423,88,23
12889,p6424,1,37
12892,p6425,86,39
12894,p6426,1,12
12895,p6427,70,1
12897,p6428,1,75
12899,p6429,68,1
12900,p6430,66,62
12902,p6431,73,1
12905,p6432,91,75
12908,p6433,17,1
12911,p6434,81,68
12912,p6435,54,1
12913,p6436,1,38
12914,p6437,100,97
12915,p6438,40,70
12918,p6439,78,84
12921,p6440,1,57
12923,p6441,1,85
12926,p6442,22,77
12928,p6443,1,86
12931,p6444,10,30
12932,p6445,63,52
12934,p6446,19,81
12936,p6447,7,12
12937,p6448,82,1
12938,p6449,43,1
12940,p6450,80,1
12943,p6451,66,59
12946,p6452,25,1
12947,p6453,1,48
12948,p6454,1,80
12950,p6455,1,56
12952,p6456,1,84
12954,p6457,4,28
12956,p6458,93,1
12957,p6459,1,11
12960,p6460,36,1
12961,p6461,1,51
12964,p6462,1,27
12966,p6463,1,21
12969,p6464,79,72
12971,p6465,1,5
12973,p6466,68,97
12974,p6467,58,1
12976,p6468,1,43
12979,p6469,73,1
12980,p6470,33,20
12982,p6471,1,70
12984,p6472,1,65
12987,p6473,1,26
12988,p6474,1,37
12990,p6475,1,80
12992,p6476,72,76
12993,p6477,22,1
12995,p6478,56,1
12998,p6479,1,99
13000,p6480,67,1
13001,p6481,81,92
13003,p6482,1,73
13004,p6483,29,82
13005,p6484,57,1
13006,p6485,9,70
13008,p6486,7,50
13010,p6487,1,88
13013,p6488,88,1
13014,p6489,60,1
13017,p6490,21,1
13018,p6491,1,91
13019,p6492,82,51
13021,p6493,1,35
13024,p6494,49,1
13027,p6495,1,5
13029,p6496,93,1
13031,p6497,1,87
13033,p6498,7,8
13036,p6499,87,1
13039,p6500,1,61
13040,p6501,1,72
13042,p6502,82,1
13045,p6503,42,74
13046,p6504,40,1
13047,p6505,93,33
13050,p6506,64,21
13052,p6507,1,16
13054,p6508,24,72
13057,p6509,1,89
13059,p6510,1,36
13061,p6511,1,12
13064,p6512,83,1
13065,p6513,93,85
13066,p6514,68,17
13068,p6515,84,96
13070,p6516,1,99
13072,p6517,1,17
13073,p6518,28,1
13076,p6519,20,12
13078,p6520,1,43
13080,p6521,82,69
13082,p6522,1,27
13083,p6523,62,1
13084,p6524,6,1
13086,p6525,9,32
13087,p6526,2,98
13090,p6527,68,1
13091,p6528,44,1
13092,p6529,62,1
13095,p6530,1,80
13098,p6531,54,1
13101,p6532,1,44
13103,p6533,38,91
13105,p6534,1,80
13107,p6535,49,11
13109,p6536,1,6
13112,p6537,1,12
13115,p6538,45,1
13117,p6539,67,1
13119,p6540,70,83
13120,p6541,49,1
13121,p6542,1,36
13123,p6543,64,1
13124,p6544,1,84
13125,p6545,99,1
13126,p6546,1,52
13127,p6547,24,50
13128,p6548,1,48
13130,p6549,76,1
13131,p6550,37,1
13132,p6551,88,1
13133,p6552,1,14
13135,p6553,27,61
13136,p6554,1,69
13137,p6555,91,1
13138,p6556,88,1
13140,p6557,4,1
13141,p6558,43,15
13143,p6559,85,79
13145,p6560,1,66
13148,p6561,1,39
13151,p6562,92,62
13154,p6563,75,1
13156,p6564,37,81
13157,p6565,14,21
13158,p6566,1,75
13161,p6567,1,85
13163,p6568,2,22
13165,p6569,47,1
13166,p6570,2,1
13168,p6571,1,37
13169,p6572,1,15
13170,p6573,37,1
13172,p6574,46,1
13173,p6575,5,1
13176,p6576,1,84
13179,p6577,1,46
13182,p6578,59,1
13184,p6579,1,6
13187,p6580,68,86
13189,p6581,53,79
13190,p6582,1,99
13193,p6583,4,100
13194,p6584,23,53
13197,p6585,65,80
13200,p6586,1,66
13203,p6587,1,54
13205,p6588,56,50
13206,p6589,20,1
13208,p6590,1,27
13211,p6591,29,24
13214,p6592,1,5
13216,p6593,20,58
13219,p6594,1,19
13221,p6595,1,61
13224,p6596,68,57
13227,p6597,11,86
13230,p6598,1,39
13232,p6599,17,33
13233,p6600,80,1
13234,p6601,1,59
13236,p6602,28,51
13239,p6603,1,46
13240,p6604,57,61
13241,p6605,1,7
13243,p6606,97,46
13246,p6607,1,25
13248,p6608,57,1
13249,p6609,52,1
13250,p6610,1,35
13252,p6611,56,64
13254,p6612,46,66
13257,p6613,65,92
13258,p6614,77,8
13260,p6615,94,41
13262,p6616,1,82
13264,p6617,1,12
13265,p6618,38,99
13267,p6619,29,1
13270,p6620,90,1
13271,p6621,1,79
13274,p6622,79,80
13276,p6623,46,1
13277,p6624,36,8
13279,p6625,1,56
13281,p6626,2,1
13283,p6627,46,1
13286,p6628,82,1
13288,p6629,91,1
13290,p6630,1,33
13293,p6631,45,1
13294,p6632,1,82
13297,p6633,1,94
13299,p6634,1,55
13302,p6635,92,1
13305,p6636,1,90
13308,p6637,63,67
13311,p6638,16,1
13314,p6639,93,1
13317,p6640,1,11
13318,p6641,51,1
13321,p6642,1,91
13323,p6643,1,63
13326,p6644,39,1
13329,p6645,74,1
13330,p6646,70,1
13333,p6647,2,56
13334,p6648,43,77
13337,p6649,40,1
13339,p6650,1,95
13342,p6651,1,70
13344,p6652,1,30
13346,p6653,9,1
13347,p6654,57,1
13350,p6655,33,1
13353,p6656,34,1
13354,p6657,1,91
13357,p6658,100,71
13359,p6659,1,68
13360,p6660,1,57
13363,p6661,1,81
13364,p6662,57,73
13366,p6663,78,1
13369,p6664,29,1
13372,p6665,1,85
13374,p6666,50,98
13376,p6667,1,34
13377,p6668,79,1
13379,p6669,83,1
13380,p6670,26,65
13383,p6671,4,26
13386,p6672,47,1
13388,p6673,1,60
13390,p6674,1,60
13393,p6675,61,1
13394,p6676,1,67
13395,p6677,1,3
13398,p6678,64,1
13401,p6679,94,1
13404,p6680,14,1
13405,p6681,1,90
13406,p6682,60,1
13408,p6683,48,1
13409,p6684,1,45
13410,p6685,1,5
13412,p6686,1,38
13414,p6687,49,1
13417,p6688,1,15
13418,p6689,62,2
13421,p6690,57,94
13424,p6691,79,41
13425,p6692,30,1
13427,p6693,70,1
13430,p6694,98,2
13431,p6695,1,78
13433,p6696,60,81
13436,p6697,58,1
13438,p6698,80,1
13440,p6699,35,1
13442,p6700,1,17
13445,p6701,91,60
13446,p6702,28,48
13448,p6703,1,39
13451,p6704,53,1
13452,p6705,1,75
13455,p6706,76,1
13456,p6707,9,1
13458,p6708,95,1
13459,p6709,1,74
13460,p6710,5,1
13461,p6711,15,1
13464,p6712,82,51
13465,p6713,90,8
13466,p6714,1,72
13469,p6715,1,66
13471,p6716,69,54
13474,p6717,2,28
13477,p6718,17,1
13479,p6719,61,77
13481,p6720,71,1
13484,p6721,37,1
13487,p6722,1,19
13490,p6723,57,1
13491,p6724,43,26
13493,p6725,1,76
13494,p6726,3,1
13495,p6727,1,81
13496,p6728,63,1
13498,p6729,59,78
13499,p6730,20,1
13502,p6731,45,1
13505,p6732,70,1
13507,p6733,51,1
13510,p6734,1,72
13513,p6735,1,30
13514,p6736,72,1
13516,p6737,58,86
13519,p6738,36,46
13521,p6739,20,1
13522,p6740,1,17
13525,p6741,69,71
13526,p6742,1,78
13529,p6743,1,97
13530,p6744,72,1
13532,p6745,58,69
13535,p6746,1,59
13537,p6747,35,1
13538,p6748,87,1
13540,p6749,1,88
13541,p6750,89,58
13544,p6751,48,85
13547,p6752,49,1
13549,p6753,10,1
13551,p6754,1,87
13552,p6755,65,1
13553,p6756,1,29
13554,p6757,100,1
13557,p6758,1,12
13559,p6759,41,1
13560,p6760,1,69
13562,p6761,1,60
13563,p6762,1,17
13564,p6763,85,1
13565,p6764,73,78
13567,p6765,91,1
13569,p6766,22,17
13571,p6767,1,47
13574,p6768,65,1
13577,p6769,1,71
13579,p6770,56,1
13580,p6771,1,13
13583,p6772,1,72
13585,p6773,87,1
13587,p6774,1,25
13588,p6775,91,1
13590,p6776,43,1
13591,p6777,72,70
13593,p6778,86,1
13596,p6779,1,96
13598,p6780,1,68
13599,p6781,83,93
13601,p6782,25,8
13602,p6783,24,35
13604,p6784,4,30
13607,p6785,1,95
13608,p6786,1,75
13610,p6787,1,17
13611,p6788,1,72
13614,p6789,2,45
13615,p6790,49,82
13616,p6791,1,87
13617,p6792,20,1
13620,p6793,45,69
13623,p6794,73,44
13624,p6795,1,25
13625,p6796,1,56
13626,p6797,1,6
13628,p6798,1,85
13629,p6799,1,79
13630,p6800,26,81
13632,p6801,12,1
13633,p6802,11,84
13636,p6803,36,1
13639,p6804,1,16
13642,p6805,1,34
13644,p6806,100,1
13645,p6807,1,37
13647,p6808,1,76
13649,p6809,86,2
13652,p6810,42,1
13655,p6811,21,87
13658,p6812,59,1
13659,p6813,1,59
13661,p6814,89,1
13664,p6815,29,1
13667,p6816,1,99
13669,p6817,60,87
13670,p6818,16,1
13672,p6819,1,45
13673,p6820,1,89
13674,p6821,25,1
13677,p6822,47,1
13679,p6823,1,58
13682,p6824,20,1
13685,p6825,70,53
13688,p6826,17,50
13689,p6827,46,1
13690,p6828,1,84
13693,p6829,47,71
13696,p6830,32,1
13697,p6831,85,1
13698,p6832,10,58
13700,p6833,33,1
13702,p6834,12,39
13705,p6835,100,1
13707,p6836,1,30
13709,p6837,1,5
13710,p6838,63,1
13713,p6839,1,78
13716,p6840,1,60
13717,p6841,5,1
13720,p6842,40,1
13723,p6843,74,7
13725,p6844,61,57
13727,p6845,1,34
13728,p6846,1,36
13731,p6847,97,32
13732,p6848,60,1
13735,p6849,1,73
13737,p6850,37,94
13740,p6851,86,1
13741,p6852,1,37
13744,p6853,1,52
13746,p6854,1,26
13747,p6855,1,57
13749,p6856,1,41
13750,p6857,1,74
13752,p6858,5,1
13755,p6859,27,28
13757,p6860,1,85
13759,p6861,85,40
13762,p6862,86,1
13765,p6863,1,47
13766,p6864,1,19
13769,p6865,12,72
13771,p6866,49,65
13772,p6867,1,72
13774,p6868,100,1
13777,p6869,79,1
13778,p6870,83,63
13779,p6871,1,72
13780,p6872,1,46
13782,p6873,29,13
13785,p6874,1,97
13788,p6875,1,71
13789,p6876,34,76
13792,p6877,17,1
13793,p6878,17,10
13796,p6879,1,57
13799,p6880,1,35
13802,p6881,35,1
13805,p6882,98,1
13808,p6883,96,1
13809,p6884,1,3
13811,p6885,1,47
13814,p6886,27,1
13815,p6887,20,1
13816,p6888,22,17
13817,p6889,1,90
13819,p6890,38,93
13821,p6891,88,79
13823,p6892,69,26
13825,p6893,1,59
13827,p6894,1,23
13830,p6895,25,34
13831,p6896,26,1
13833,p6897,2,1
13835,p6898,81,96
13836,p6899,54,24
13837,p6900,89,1
13838,p6901,25,56
13839,p6902,1,72
13840,p6903,1,8
13841,p6904,1,97
13844,p6905,89,92
13845,p6906,88,1
13846,p6907,30,95
13847,p6908,56,81
13850,p6909,39,6
13852,p6910,1,14
13854,p6911,69,1
13855,p6912,51,23
13857,p6913,6,79
13859,p6914,94,1
13860,p6915,8,98
13861,p6916,58,1
13862,p6917,49,1
13864,p6918,1,56
13866,p6919,1,34
13867,p6920,58,13
13870,p6921,91,46
13871,p6922,1,51
13873,p6923,85,60
13874,p6924,93,1
13876,p6925,19,97
13879,p6926,72,1
13881,p6927,1,4
13882,p6928,1,37
13885,p6929,47,39
13886,p6930,1,6
13887,p6931,90,1
13888,p6932,1,62
13891,p6933,44,57
13894,p6934,88,1
13896,p6935,1,27
13898,p6936,54,36
13899,p6937,61,1
13900,p6938,1,3
13901,p6939,18,1
13902,p6940,81,25
13904,p6941,62,1
13906,p6942,13,53
13909,p6943,1,38
13912,p6944,1,93
13913,p6945,88,25
13915,p6946,1,8
13916,p6947,44,90
13918,p6948,55,1
13919,p6949,1,25
13920,p6950,56,1
13921,p6951,1,55
13923,p6952,1,53
13924,p6953,59,82
13927,p6954,1,98
13929,p6955,32,41
13932,p6956,1,24
13934,p6957,13,6
13936,p6958,56,1
13938,p6959,48,1
13940,p6960,1,15
13943,p6961,60,1
13946,p6962,1,59
13947,p6963,1,4
13949,p6964,96,1
13951,p6965,1,27
13953,p6966,29,35
13955,p6967,1,42
13958,p6968,3,32
13959,p6969,82,1
13960,p6970,8,12
13961,p6971,1,64
13962,p6972,1,48
13964,p6973,68,75
13966,p6974,65,1
13968,p6975,60,1
13970,p6976,26,1
13972,p6977,1,78
13973,p6978,93,1
13975,p6979,100,1
13977,p6980,10,43
13978,p6981,98,1
13979,p6982,87,1
13981,p6983,57,18
13982,p6984,83,1
13984,p6985,32,1
13985,p6986,1,34
13986,p6987,1,6
13989,p6988,56,1
13990,p6989,45,1
13993,p6990,59,10
13994,p6991,56,1
13997,p6992,82,13
14000,p6993,1,5
14001,p6994,1,70
14003,p6995,15,1
14004,p6996,74,87
14007,p6997,98,1
14010,p6998,14,1
14011,p6999,1,57
14014,p7000,81,1
14016,p7001,50,1
14019,p7002,86,16
14020,p7003,83,1
14022,p7004,12,75
14024,p7005,36,55
14025,p7006,1,19
14027,p7007,76,100
14029,p7008,90,1
14030,p7009,94,1
14033,p7010,64,46
14034,p7011,1,20
14036,p7012,60,15
14038,p7013,42,1
14039,p7014,63,1
14041,p7015,5,1
14043,p7016,1,83
14046,p7017,79,25
14049,p7018,55,82
14050,p7019,100,85
14051,p7020,1,93
14052,p7021,1,76
14054,p7022,33,16
14056,p7023,46,1
14057,p7024,45,1
14059,p7025,1,4
14061,p7026,1,44
14063,p7027,1,46
14066,p7028,40,1
14068,p7029,1,11
14069,p7030,1,66
14071,p7031,53,38
14074,p7032,4,31
14076,p7033,47,1
14077,p7034,1,53
14078,p7035,78,69
14079,p7036,97,42
14081,p7037,1,75
14082,p7038,1,97
14085,p7039,45,33
14087,p7040,1,92
14089,p7041,61,1
14092,p7042,50,1
14093,p7043,11,87
14095,p7044,71,97
14098,p7045,92,29
14099,p7046,2,1
14100,p7047,92,64
14102,p7048,1,2
14104,p7049,1,31
14106,p7050,55,85
14109,p7051,1,68
14111,p7052,35,1
14112,p7053,30,66
14113,p7054,22,1
14115,p7055,96,32
14118,p7056,39,31
14119,p7057,1,44
14121,p7058,71,1
14123,p7059,19,45
14125,p7060,51,3
14126,p7061,4,14
14127,p7062,72,1
14130,p7063,1,34
14132,p7064,1,92
14134,p7065,1,46
14136,p7066,1,37
14139,p7067,19,57
14140,p7068,95,1
14143,p7069,1,19
14145,p7070,54,1
14146,p7071,77,1
14149,p7072,54,80
14150,p7073,1,27
14153,p7074,91,6
14154,p7075,6,1
14157,p7076,1,16
14159,p7077,1,15
14160,p7078,85,1
14162,p7079,88,13
14163,p7080,1,13
14164,p7081,65,64
14165,p7082,4,1
14167,p7083,1,87
14168,p7084,1,35
14170,p7085,6,53
14171,p7086,1,43
14173,p7087,12,1
14174,p7088,40,47
14177,p7089,1,40
14179,p7090,82,1
14180,p7091,1,3
14181,p7092,4,22
14183,p7093,36,1
14186,p7094,1,44
14188,p7095,17,1
14190,p7096,1,87
14193,p7097,62,16
14196,p7098,13,1
14198,p7099,20,1
14199,p7100,74,1
14201,p7101,58,93
14204,p7102,1,62
14206,p7103,1,31
14209,p7104,57,9
14210,p7105,90,28
14211,p7106,1,40
14212,p7107,61,26
14215,p7108,44,1
14216,p7109,94,95
14217,p7110,1,5
14219,p7111,72,89
14221,p7112,1,52
14224,p7113,62,1
14227,p7114,11,32
14229,p7115,4,1
14230,p7116,98,56
14233,p7117,92,87
14234,p7118,1,80
14235,p7119,1,67
14238,p7120,81,29
14241,p7121,1,81
14242,p7122,1,28
14245,p7123,86,1
14248,p7124,1,31
14250,p7125,65,1
14252,p7126,11,39
14254,p7127,1,93
14255,p7128,72,2
14257,p7129,1,24
14258,p7130,66,1
14261,p7131,19,1
14263,p7132,81,71
14265,p7133,46,1
14267,p7134,1,43
14269,p7135,1,56
14272,p7136,44,31
14273,p7137,1,29
14274,p7138,1,45
14275,p7139,12,1
14276,p7140,39,44
14278,p7141,55,1
14280,p7142,95,37
14282,p7143,37,1
14283,p7144,92,1
14284,p7145,18,1
14286,p7146,12,1
14289,p7147,37,48
14292,p7148,11,83
14294,p7149,99,1
14295,p7150,54,22
14297,p7151,1,44
14298,p7152,85,92
14300,p7153,79,91
14301,p7154,46,30
14302,p7155,1,43
14305,p7156,1,46
14307,p7157,1,34
14308,p7158,60,81
14311,p7159,98,1
14314,p7160,73,1
14316,p7161,65,90
14319,p7162,43,27
14321,p7163,1,74
14324,p7164,80,1
14325,p7165,1,99
14328,p7166,3,68
14330,p7167,50,1
14332,p7168,92,1
14333,p7169,81,52
14336,p7170,1,96
14339,p7171,57,56
14342,p7172,87,66
14343,p7173,37,82
14345,p7174,19,1
14347,p7175,70,25
14348,p7176,79,1
14351,p7177,1,22
14354,p7178,66,42
14356,p7179,22,1
14359,p7180,43,86
14362,p7181,1,78
14363,p7182,1,93
14366,p7183,4,57
14367,p7184,26,1
14370,p7185,1,82
14371,p7186,1,54
14372,p7187,20,1
14373,p7188,37,51
14376,p7189,64,3
14377,p7190,25,1
14380,p7191,62,86
14383,p7192,1,74
14386,p7193,1,70
14387,p7194,44,100
14390,p7195,96,15
14392,p7196,97,13
14395,p7197,1,36
14398,p7198,70,1
14401,p7199,31,1
14403,p7200,1,60
14406,p7201,1,64
14407,p7202,82,1
14410,p7203,98,14
14413,p7204,1,79
14415,p7205,1,41
14416,p7206,75,1
14419,p7207,1,66
14421,p7208,32,52
14424,p7209,57,1
14427,p7210,1,55
14430,p7211,37,1
14431,p7212,1,79
14433,p7213,70,1
14436,p7214,1,89
14437,p7215,54,1
14439,p7216,46,68
14442,p7217,60,1
14444,p7218,1,88
14447,p7219,23,1
14449,p7220,44,1
14450,p7221,1,46
14451,p7222,94,73
14454,p7223,5,39
14457,p7224,76,26
14460,p7225,8,1
14462,p7226,1,69
14464,p7227,1,59
14467,p7228,36,1
14470,p7229,26,1
14472,p7230,38,1
14475,p7231,41,1
14477,p7232,1,85
14480,p7233,70,1
14481,p7234,28,1
14482,p7235,1,63
14485,p7236,69,1
14488,p7237,1,14
14491,p7238,1,63
14492,p7239,85,12
14495,p7240,59,1
14497,p7241,4,1
14499,p7242,69,93
14501,p7243,1,15
14504,p7244,1,86
14507,p7245,1,19
14508,p7246,21,1
14509,p7247,17,1
14510,p7248,1,56
14511,p7249,27,66
14514,p7250,1,13
14516,p7251,73,1
14519,p7252,41,1
14521,p7253,8,1
14523,p7254,91,18
14524,p7255,89,1
14525,p7256,4,97
14526,p7257,1,79
14528,p7258,1,58
14531,p7259,20,1
14532,p7260,46,13
14533,p7261,12,30
14536,p7262,43,4
14538,p7263,27,61
14539,p7264,84,1
14542,p7265,14,22
14543,p7266,1,86
14544,p7267,39,1
14547,p7268,1,93
14550,p7269,67,1
14552,p7270,21,4
14555,p7271,18,1
14556,p7272,1,14
14557,p7273,58,82
14558,p7274,59,1
14561,p7275,7,1
14564,p7276,61,1
14567,p7277,1,57
14568,p7278,1,56
14570,p7279,86,1
14573,p7280,1,31
14574,p7281,1,92
14575,p7282,98,1
14577,p7283,82,22
14578,p7284,79,1
14581,p7285,36,1
14583,p7286,7,1
14586,p7287,36,1
14588,p7288,7,65
14590,p7289,1,60
14593,p7290,47,93
14596,p7291,47,1
14597,p7292,100,1
14598,p7293,45,81
14601,p7294,78,1
14604,p7295,1,100
14607,p7296,1,68
14609,p7297,16,1
14610,p7298,74,1
14612,p7299,3,34
14614,p7300,52,1
14617,p7301,1,37
14619,p7302,78,39
14620,p7303,89,1
14621,p7304,41,1
14624,p7305,76,1
14625,p7306,4,1
14626,p7307,40,93
14627,p7308,60,1
14628,p7309,1,4
14631,p7310,62,17
14632,p7311,1,29
14635,p7312,47,1
14637,p7313,35,2
14638,p7314,1,31
14641,p7315,1,25
14644,p7316,19,1
14646,p7317,1,95
14649,p7318,1,55
14651,p7319,95,54
14653,p7320,34,1
14655,p7321,29,79
14657,p7322,1,25
14659,p7323,79,1
14661,p7324,47,1
14664,p7325,1,86
14666,p7326,1,62
14667,p7327,1,9
14670,p7328,67,1
14672,p7329,1,86
14675,p7330,38,1
14677,p7331,1,81
14679,p7332,90,6
14681,p7333,69,1
14682,p7334,74,1
14683,p7335,1,87
14684,p7336,1,53
14685,p7337,83,70
14686,p7338,22,1
14689,p7339,1,92
14692,p7340,7,1
14695,p7341,50,13
14696,p7342,74,1
14699,p7343,33,79
14701,p7344,60,44
14704,p7345,1,32
14706,p7346,83,97
14707,p7347,10,31
14709,p7348,1,73
14712,p7349,6,1
14714,p7350,1,41
14716,p7351,13,75
14717,p7352,1,47
14719,p7353,1,80
14722,p7354,1,64
14724,p7355,1,63
14725,p7356,1,80
14728,p7357,1,97
14731,p7358,10,22
14732,p7359,3,1
14734,p7360,38,14
14737,p7361,63,83
14739,p7362,1,2
14742,p7363,1,81
14745,p7364,40,1
14746,p7365,82,1
14749,p7366,43,16
14752,p7367,78,1
14754,p7368,1,5
14756,p7369,1,13
14757,p7370,60,77
14759,p7371,10,1
14760,p7372,1,69
14763,p7373,76,1
14765,p7374,89,98
14766,p7375,1,89
14767,p7376,10,11
14770,p7377,45,1
14772,p7378,1,31
14774,p7379,21,1
14775,p7380,1,34
14778,p7381,81,1
14781,p7382,47,1
14784,p7383,1,48
14785,p7384,71,92
14786,p7385,69,28
14788,p7386,1,76
14791,p7387,32,1
14794,p7388,48,2
14797,p7389,1,50
14800,p7390,1,34
14802,p7391,50,65
14804,p7392,94,1
14807,p7393,80,77
14808,p7394,78,1
14810,p7395,31,1
14812,p7396,1,77
14815,p7397,86,83
14816,p7398,9,75
14818,p7399,78,86
14821,p7400,1,65
14822,p7401,91,93
14823,p7402,1,30
14824,p7403,8,1
14826,p7404,89,1
14828,p7405,1,99
14831,p7406,1,89
14832,p7407,67,1
14833,p7408,1,100
14836,p7409,27,99
14837,p7410,17,1
14839,p7411,21,75
14841,p7412,14,20
14844,p7413,1,77
14847,p7414,47,79
14849,p7415,98,13
14851,p7416,1,45
14853,p7417,42,1
14855,p7418,36,61
14856,p7419,1,79
14858,p7420,1,70
14861,p7421,2,81
14863,p7422,43,36
14865,p7423,1,70
14866,p7424,93,1
14869,p7425,18,1
14870,p7426,1,8
14873,p7427,88,1
14875,p7428,84,1
14877,p7429,79,1
14878,p7430,7,1
14881,p7431,81,86
14884,p7432,13,59
14887,p7433,89,1
14889,p7434,62,33
14892,p7435,28,88
14894,p7436,94,18
14896,p7437,5,1
14898,p7438,28,1
14899,p7439,67,19
14900,p7440,1,34
14901,p7441,1,61
14902,p7442,47,1
14905,p7443,82,1
14906,p7444,88,1
14907,p7445,29,1
14909,p7446,96,5
14912,p7447,1,71
14913,p7448,1,11
14914,p7449,64,93
14917,p7450,69,53
14919,p7451,1,99
14920,p7452,93,37
14923,p7453,39,89
14924,p7454,70,40
14926,p7455,74,1
14927,p7456,22,30
14928,p7457,1,16
14931,p7458,3,1
14932,p7459,1,41
14933,p7460,1,57
14935,p7461,15,87
14937,p7462,40,1
14939,p7463,29,1
14941,p7464,100,24
14944,p7465,1,3
14946,p7466,20,33
14949,p7467,1,26
14952,p7468,50,1
14953,p7469,14,74
14956,p7470,16,60
14959,p7471,77,49
14962,p7472,63,65
14965,p7473,46,84
14966,p7474,1,92
14969,p7475,17,1
14970,p7476,94,1
14971,p7477,3,59
14973,p7478,1,17
14976,p7479,76,1
14977,p7480,1,97
14979,p7481,56,60
14980,p7482,25,1
14981,p7483,1,5
14983,p7484,3,1
14986,p7485,13,20
14988,p7486,88,1
14991,p7487,18,1
14993,p7488,1,98
14994,p7489,1,92
14997,p7490,99,81
14998,p7491,94,1
14999,p7492,1,25
15001,p7493,1,71
15004,p7494,2,1
15006,p7495,35,1
15007,p7496,1,22
15009,p7497,90,50
15010,p7498,91,13
15011,p7499,6,1
15013,p7500,1,55
15015,p7501,17,1
15017,p7502,1,46
15020,p7503,7,1
15022,p7504,68,88
15025,p7505,82,31
15027,p7506,82,1
15029,p7507,24,43
15031,p7508,1,68
15032,p7509,5,32
15035,p7510,91,96
15036,p7511,50,95
15039,p7512,33,1
15042,p7513,28,52
15044,p7514,52,1
15045,p7515,73,1
15047,p7516,1,59
15050,p7517,70,14
15052,p7518,1,52
15054,p7519,56,23
15056,p7520,90,1
15058,p7521,54,21
15060,p7522,36,1
15061,p7523,27,42
15064,p7524,60,1
15065,p7525,14,84
15068,p7526,28,20
15071,p7527,49,1
15072,p7528,84,48
15075,p7529,3,12
15077,p7530,1,30
15078,p7531,1,7
15079,p7532,84,1
15082,p7533,10,1
15083,p7534,6,1
15084,p7535,74,1
15085,p7536,1,83
15088,p7537,39,1
15089,p7538,1,85
15091,p7539,88,1
15093,p7540,1,27
15095,p7541,95,48
15096,p7542,35,83
15099,p7543,2,1
15102,p7544,1,31
15103,p7545,31,1
15105,p7546,1,94
15107,p7547,1,73
15110,p7548,1,55
15112,p7549,1,72
15115,p7550,54,75
15118,p7551,38,1
15120,p7552,48,1
15121,p7553,21,1
15122,p7554,1,85
15125,p7555,33,81
15126,p7556,96,1
15129,p7557,62,1
15131,p7558,17,81
15133,p7559,1,15
15136,p7560,83,84
15138,p7561,1,67
15141,p7562,1,60
15144,p7563,1,36
15145,p7564,72,1
15146,p7565,1,55
15147,p7566,78,1
15150,p7567,3,1
15153,p7568,53,1
15156,p7569,30,92
15159,p7570,89,14
15162,p7571,53,9
15165,p7572,37,1
15167,p7573,83,90
15168,p7574,17,1
15169,p7575,1,22
15172,p7576,12,14
15174,p7577,45,100
15175,p7578,33,62
15176,p7579,1,52
15178,p7580,1,11
15181,p7581,95,1
15184,p7582,84,1
15187,p7583,1,43
15190,p7584,13,37
15191,p7585,1,25
15194,p7586,1,30
15195,p7587,6,41
15198,p7588,52,1
15199,p7589,93,1
15200,p7590,1,48
15202,p7591,74,48
15205,p7592,18,16
15207,p7593,85,8
15210,p7594,45,1
15213,p7595,72,1
15215,p7596,1,75
15218,p7597,9,1
15221,p7598,73,100
15224,p7599,65,15
15225,p7600,1,83
15227,p7601,26,1
15229,p7602,1,81
15232,p7603,48,1
15233,p7604,1,57
15236,p7605,1,48
15238,p7606,86,81
15241,p7607,49,29
15244,p7608,4,97
15246,p7609,4,20
15248,p7610,65,1
15251,p7611,52,5
15254,p7612,91,28
15257,p7613,36,1
15258,p7614,1,74
15260,p7615,1,81
15263,p7616,29,1
15265,p7617,1,85
15268,p7618,60,88
15269,p7619,24,1
15270,p7620,1,5
15272,p7621,31,1
15274,p7622,16,90
15275,p7623,85,1
15277,p7624,51,1
15279,p7625,1,7
15281,p7626,1,9
15282,p7627,66,89
15283,p7628,63,7
15284,p7629,80,28
15287,p7630,37,10
15290,p7631,23,78
15292,p7632,5,1
15295,p7633,90,35
15298,p7634,24,1
15300,p7635,34,37
15301,p7636,22,1
15302,p7637,48,55
15303,p7638,63,1
15306,p7639,26,1
15309,p7640,1,90
15312,p7641,1,72
15314,p7642,92,1
15317,p7643,5,1
15318,p7644,82,1
15320,p7645,33,1
15321,p7646,46,49
15324,p7647,74,1
15325,p7648,1,82
15328,p7649,16,24
15331,p7650,69,1
15334,p7651,49,1
15335,p7652,8,1
15337,p7653,89,1
15339,p7654,62,90
15342,p7655,1,88
15344,p7656,26,10
15345,p7657,1,11
15348,p7658,1,64
15350,p7659,1,58
15353,p7660,92,39
15354,p7661,76,41
15357,p7662,45,91
15360,p7663,94,1
15362,p7664,42,1
15365,p7665,6,17
15368,p7666,1,18
15369,p7667,49,1
15371,p7668,44,1
15372,p7669,100,1
15373,p7670,1,11
15375,p7671,1,9
15377,p7672,43,75
15379,p7673,51,57
15382,p7674,85,1
15383,p7675,2,1
15385,p7676,44,70
15388,p7677,1,81
15391,p7678,36,1
15393,p7679,88,1
15396,p7680,1,42
15398,p7681,72,1
15399,p7682,36,1
15401,p7683,15,1
15404,p7684,1,81
15406,p7685,63,49
15408,p7686,85,1
15411,p7687,1,43
15414,p7688,1,43
15415,p7689,1,40
15417,p7690,1,64
15419,p7691,28,64
15421,p7692,95,32
15423,p7693,98,1
15425,p7694,1,74
15428,p7695,88,73
15430,p7696,21,7
15431,p7697,1,19
15432,p7698,68,27
15434,p7699,74,19
15436,p7700,1,35
15438,p7701,94,1
15441,p7702,99,5
15443,p7703,1,83
15444,p7704,1,100
15447,p7705,86,23
15450,p7706,1,25
15453,p7707,1,50
15455,p7708,86,4
15457,p7709,12,1
15460,p7710,1,33
15461,p7711,1,27
15463,p7712,87,11
15464,p7713,32,1
15467,p7714,11,67
15469,p7715,62,71
15472,p7716,45,1
15475,p7717,1,56
15477,p7718,48,86
15480,p7719,51,43
15483,p7720,57,50
15485,p7721,55,51
15486,p7722,1,78
15488,p7723,78,12
15489,p7724,19,1
15490,p7725,1,59
15491,p7726,53,44
15492,p7727,65,1
15494,p7728,83,77
15497,p7729,27,16
15500,p7730,46,43
15501,p7731,82,1
15503,p7732,99,1
15506,p7733,63,27
15507,p7734,98,68
15510,p7735,87,1
15512,p7736,77,51
15514,p7737,89,1
15515,p7738,37,1
15518,p7739,49,36
15519,p7740,25,1
15521,p7741,81,32
15522,p7742,51,21
15523,p7743,100,1
15526,p7744,23,61
15527,p7745,32,52
15528,p7746,78,1
15530,p7747,10,29
15533,p7748,86,1
15536,p7749,52,67
15539,p7750,11,35
15541,p7751,19,1
15543,p7752,15,4
15544,p7753,96,1
15545,p7754,1,82
15546,p7755,67,1
15549,p7756,62,35
15552,p7757,1,68
15554,p7758,1,87
15555,p7759,53,30
15558,p7760,1,75
15559,p7761,1,32
15562,p7762,86,1
15565,p7763,60,1
15568,p7764,45,1
15569,p7765,35,1
15571,p7766,1,8
15572,p7767,1,26
15575,p7768,59,99
15578,p7769,29,96
15580,p7770,87,43
15581,p7771,51,86
15582,p7772,78,97
15583,p7773,1,9
15584,p7774,13,1
15587,p7775,59,1
15588,p7776,28,1
15590,p7777,8,1
15593,p7778,1,22
15596,p7779,53,1
15597,p7780,81,24
15598,p7781,35,15
15601,p7782,65,45
15602,p7783,1,26
15603,p7784,1,19
15605,p7785,1,59
15606,p7786,95,1
15607,p7787,22,34
15609,p7788,3,1
15612,p7789,1,74
15614,p7790,55,1
15617,p7791,43,97
15620,p7792,11,1
15622,p7793,1,97
15625,p7794,1,20
15628,p7795,37,73
15629,p7796,67,23
15630,p7797,67,1
15633,p7798,12,1
15634,p7799,3,5
15635,p7800,26,33
15638,p7801,9,54
15641,p7802,1,77
15642,p7803,26,1
15645,p7804,1,65
15646,p7805,68,45
15648,p7806,19,1
15651,p7807,1,32
15652,p7808,77,1
15655,p7809,6,1
15658,p7810,64,1
15661,p7811,59,37
15662,p7812,47,20
15665,p7813,50,1
15666,p7814,1,39
15669,p7815,70,1
15670,p7816,1,41
15671,p7817,1,26
15672,p7818,1,74
15675,p7819,28,1
15678,p7820,85,1
15681,p7821,52,1
15683,p7822,4,24
15684,p7823,1,3
15685,p7824,21,20
15687,p7825,1,22
15688,p7826,31,21
15690,p7827,1,47
15693,p7828,1,90
15694,p7829,31,1
15697,p7830,56,1
15700,p7831,1,64
15701,p7832,1,8
15704,p7833,20,9
15705,p7834,39,1
15707,p7835,1,62
15708,p7836,16,1
15710,p7837,1,2
15712,p7838,10,1
15714,p7839,12,1
15715,p7840,57,1
15717,p7841,46,18
15719,p7842,92,1
15722,p7843,1,52
15725,p7844,14,16
15728,p7845,1,90
15731,p7846,1,34
15733,p7847,59,1
15735,p7848,57,1
15738,p7849,71,1
15741,p7850,97,1
15742,p7851,78,5
15744,p7852,80,1
15746,p7853,1,69
15749,p7854,8,1
15750,p7855,1,46
15751,p7856,11,71
15754,p7857,17,1
15757,p7858,1,27
15758,p7859,17,1
15761,p7860,4,1
15763,p7861,63,1
15765,p7862,1,74
15767,p7863,1,95
15769,p7864,37,94
15772,p7865,1,30
15774,p7866,26,1
15776,p7867,37,1
15779,p7868,99,66
15780,p7869,50,82
15781,p7870,1,57
15784,p7871,1,84
15787,p7872,92,1
15790,p7873,24,50
15793,p7874,18,1
15796,p7875,72,56
15798,p7876,1,53
15800,p7877,1,24
15801,p7878,1,93
15803,p7879,89,1
15806,p7880,79,1
15809,p7881,1,26
15810,p7882,65,1
15813,p7883,1,91
15815,p7884,18,1
15818,p7885,58,8
15820,p7886,54,1
15822,p7887,9,1
15824,p7888,52,48
15826,p7889,32,1
15827,p7890,61,1
15829,p7891,24,1
15832,p7892,1,90
15835,p7893,48,31
15837,p7894,1,27
15839,p7895,1,15
15840,p7896,22,94
15841,p7897,71,1
15843,p7898,96,1
15845,p7899,1,45
15848,p7900,40,86
15851,p7901,48,1
15853,p7902,21,78
15855,p7903,37,1
15857,p7904,1,81
15859,p7905,26,1
15862,p7906,99,27
15865,p7907,34,32
15868,p7908,3,85
15870,p7909,86,85
15872,p7910,92,1
15873,p7911,28,1
15874,p7912,1,98
15876,p7913,80,82
15877,p7914,1,45
15878,p7915,76,11
15880,p7916,92,1
15881,p7917,57,1
15882,p7918,13,20
15884,p7919,67,36
15886,p7920,42,1
15887,p7921,29,1
15890,p7922,1,95
15893,p7923,5,1
15895,p7924,2,50
15898,p7925,1,59
15900,p7926,1,99
15901,p7927,59,74
15902,p7928,1,57
15905,p7929,99,92
15908,p7930,94,48
15911,p7931,84,34
15912,p7932,64,1
15914,p7933,45,13
15917,p7934,67,78
15918,p7935,1,41
15921,p7936,1,34
15923,p7937,15,30
15926,p7938,21,1
15929,p7939,1,96
15932,p7940,30,36
15933,p7941,9,1
15935,p7942,36,1
15937,p7943,1,86
15940,p7944,87,28
15943,p7945,4,76
15946,p7946,82,1
15947,p7947,58,1
15948,p7948,36,90
15950,p7949,1,55
15952,p7950,95,1
15954,p7951,88,1
15957,p7952,1,88
15960,p7953,1,47
15963,p7954,1,14
15964,p7955,80,79
15966,p7956,1,5
15969,p7957,44,1
15972,p7958,50,20
15974,p7959,14,1
15975,p7960,67,1
15976,p7961,1,75
15978,p7962,5,1
15980,p7963,33,1
15981,p7964,85,16
15983,p7965,1,93
15985,p7966,1,53
15988,p7967,23,1
15989,p7968,82,77
15992,p7969,1,19
15994,p7970,100,1
15997,p7971,25,1
16000,p7972,1,17
16003,p7973,30,93
16004,p7974,1,11
16007,p7975,1,18
16008,p7976,19,1
16009,p7977,1,48
16011,p7978,84,1
16014,p7979,88,74
16017,p7980,46,1
16019,p7981,5,61
16022,p7982,1,76
16025,p7983,1,22
16026,p7984,88,1
16027,p7985,1,62
16028,p7986,1,74
16030,p7987,30,4
16033,p7988,44,65
16036,p7989,71,1
16038,p7990,28,98
16040,p7991,1,23
16041,p7992,81,1
16042,p7993,53,1
16045,p7994,64,85
16046,p7995,1,94
16048,p7996,1,10
16050,p7997,100,1
16052,p7998,95,1
16055,p7999,96,43
16057,p8000,62,1
16059,p8001,18,90
16061,p8002,1,91
16062,p8003,1,58
16065,p8004,62,1
16068,p8005,56,100
16069,p8006,32,59
16072,p8007,41,33
16073,p8008,88,1
16074,p8009,55,1
16077,p8010,43,1
16080,p8011,56,12
16081,p8012,1,56
16083,p8013,1,76
16085,p8014,1,96
16087,p8015,10,8
16088,p8016,1,52
16091,p8017,56,1
16094,p8018,1,34
16097,p8019,89,64
16099,p8020,98,38
16100,p8021,1,27
16103,p8022,57,1
16104,p8023,48,59
16105,p8024,38,100
16108,p8025,92,1
16110,p8026,30,1
16111,p8027,77,1
16113,p8028,55,1
16115,p8029,37,1
16116,p8030,25,1
16117,p8031,54,1
16118,p8032,45,50
16121,p8033,91,1
16124,p8034,42,1
16126,p8035,1,8
16127,p8036,80,87
16128,p8037,1,63
16130,p8038,1,83
16132,p8039,14,75
16133,p8040,73,1
16135,p8041,36,40
16138,p8042,43,2
16141,p8043,75,22
16144,p8044,88,1
16145,p8045,1,9
16148,p8046,57,6
16151,p8047,4,1
16152,p8048,66,26
16153,p8049,62,1
16154,p8050,1,4
16155,p8051,44,1
16156,p8052,81,1
16157,p8053,59,1
16159,p8054,54,1
16160,p8055,49,15
16162,p8056,59,41
16163,p8057,90,1
16166,p8058,1,64
16168,p8059,1,80
16170,p8060,2,92
16171,p8061,78,1
16174,p8062,1,26
16177,p8063,1,78
16178,p8064,1,41
16180,p8065,38,79
16183,p8066,72,1
16185,p8067,88,1
16187,p8068,38,40
16189,p8069,1,94
16192,p8070,26,1
16194,p8071,19,14
16196,p8072,45,80
16197,p8073,42,1
16198,p8074,1,19
16200,p8075,91,1
16201,p8076,1,65
16203,p8077,19,73
16206,p8078,97,21
16208,p8079,64,1
16211,p8080,24,65
16214,p8081,1,56
16215,p8082,58,19
16217,p8083,14,2
16220,p8084,81,51
16221,p8085,96,28
16224,p8086,25,1
16226,p8087,1,25
16229,p8088,44,1
16231,p8089,71,1
16233,p8090,28,1
16234,p8091,65,66
16237,p8092,1,24
16238,p8093,57,1
16239,p8094,98,86
16242,p8095,85,1
16244,p8096,1,67
16246,p8097,39,74
16249,p8098,51,16
16251,p8099,1,52
16253,p8100,30,1
16254,p8101,90,1
16257,p8102,60,1
16258,p8103,1,55
16260,p8104,83,76
16261,p8105,91,68
16263,p8106,81,1
16265,p8107,1,31
16268,p8108,50,21
16270,p8109,1,49
16273,p8110,91,1
16276,p8111,22,1
16279,p8112,45,7
16280,p8113,65,19
16281,p8114,14,1
16284,p8115,1,10
16287,p8116,1,43
16290,p8117,32,1
16293,p8118,1,37
16294,p8119,25,1
16295,p8120,1,85
16297,p8121,40,72
16299,p8122,1,55
16301,p8123,21,1
16304,p8124,1,72
16307,p8125,1,38
16308,p8126,45,51
16309,p8127,1,18
16310,p8128,92,13
16311,p8129,87,1
16312,p8130,72,83
16314,p8131,1,26
16317,p8132,97,1
16319,p8133,94,1
16321,p8134,71,21
16323,p8135,1,42
16324,p8136,1,48
16327,p8137,1,86
16329,p8138,31,74
16330,p8139,1,34
16332,p8140,68,50
16335,p8141,83,28
16337,p8142,6,68
16338,p8143,1,91
16340,p8144,86,1
16341,p8145,64,58
16342,p8146,96,45
16344,p8147,1,35
16345,p8148,97,70
16346,p8149,58,1
16349,p8150,85,63
16350,p8151,28,1
16351,p8152,21,1
16353,p8153,76,1
16354,p8154,1,48
16356,p8155,1,47
16357,p8156,1,32
16359,p8157,46,89
16362,p8158,57,1
16363,p8159,1,76
16366,p8160,92,13
16368,p8161,1,50
16370,p8162,79,1
16373,p8163,65,1
16374,p8164,1,91
16376,p8165,1,61
16378,p8166,83,9
16381,p8167,1,55
16384,p8168,23,92
16386,p8169,1,56
16388,p8170,96,1
16391,p8171,1,22
16393,p8172,25,55
16396,p8173,93,1
16399,p8174,49,66
16402,p8175,76,1
16405,p8176,59,1
16408,p8177,73,49
16410,p8178,32,6
16413,p8179,78,13
16415,p8180,1,22
16417,p8181,57,47
16418,p8182,1,13
16421,p8183,1,22
16423,p8184,92,61
16424,p8185,1,30
16427,p8186,11,6
16430,p8187,23,1
16432,p8188,89,67
16434,p8189,1,16
16435,p8190,26,72
16436,p8191,36,44
16439,p8192,1,25
16440,p8193,58,45
16441,p8194,1,97
16442,p8195,16,34
16445,p8196,94,1
16447,p8197,77,40
16450,p8198,1,99
16451,p8199,1,76
16452,p8200,35,67
16454,p8201,44,15
16455,p8202,1,9
16457,p8203,60,66
16460,p8204,1,73
16461,p8205,1,9
16464,p8206,1,54
16466,p8207,1,11
16469,p8208,1,35
16472,p8209,66,1
16474,p8210,99,80
16475,p8211,1,96
16477,p8212,1,98
16478,p8213,77,82
16481,p8214,94,6
16483,p8215,14,1
16485,p8216,56,99
16488,p8217,4,1
16491,p8218,91,37
16493,p8219,9,5
16496,p8220,1,26
16497,p8221,1,73
16500,p8222,1,78
16503,p8223,1,8
16505,p8224,14,7
16507,p8225,32,1
16510,p8226,81,1
16513,p8227,67,49
16515,p8228,24,1
16517,p8229,91,1
16518,p8230,1,86
16519,p8231,16,1
16520,p8232,74,32
16522,p8233,64,1
16524,p8234,1,72
16527,p8235,1,6
16528,p8236,47,37
16530,p8237,1,99
16532,p8238,45,1
16535,p8239,91,1
16538,p8240,1,99
16541,p8241,9,48
16544,p8242,1,95
16546,p8243,52,73
16549,p8244,1,5
16552,p8245,44,1
16554,p8246,71,1
16555,p8247,83,1
16556,p8248,28,96
16558,p8249,1,48
16561,p8250,1,69
16562,p8251,1,84
16563,p8252,96,1
16565,p8253,92,62
16568,p8254,8,1
16570,p8255,1,64
16571,p8256,66,53
16573,p8257,1,46
16576,p8258,56,95
16579,p8259,1,26
16581,p8260,88,1
16584,p8261,49,51
16585,p8262,36,1
16587,p8263,1,99
16589,p8264,21,1
16592,p8265,3,1
16595,p8266,1,70
16596,p8267,45,1
16597,p8268,83,28
16598,p8269,1,96
16599,p8270,80,7
16600,p8271,1,90
16603,p8272,93,1
16606,p8273,1,58
16609,p8274,51,1
16610,p8275,42,57
16613,p8276,1,89
16614,p8277,34,1
16617,p8278,11,1
16619,p8279,5,45
16620,p8280,1,37
16622,p8281,21,1
16623,p8282,1,25
16625,p8283,90,1
16628,p8284,35,1
16630,p8285,1,21
16632,p8286,52,95
16633,p8287,1,92
16635,p8288,70,49
16638,p8289,1,5
16640,p8290,80,50
16643,p8291,81,1
16644,p8292,1,79
16645,p8293,58,78
16646,p8294,89,1
16649,p8295,82,95
16650,p8296,78,1
16651,p8297,1,38
16653,p8298,1,36
16654,p8299,24,1
16656,p8300,95,1
16658,p8301,92,16
16661,p8302,71,1
16663,p8303,70,1
16666,p8304,1,40
16668,p8305,1,63
16671,p8306,65,1
16672,p8307,43,51
16675,p8308,83,1
16677,p8309,62,1
16678,p8310,21,1
16681,p8311,26,1
16684,p8312,1,47
16687,p8313,1,3
16690,p8314,86,31
16691,p8315,1,86
16694,p8316,79,78
16695,p8317,17,99
16696,p8318,1,23
16698,p8319,21,40
16701,p8320,57,4
16702,p8321,11,78
16703,p8322,1,78
16705,p8323,39,1
16706,p8324,57,1
16707,p8325,30,1
16710,p8326,36,4
16711,p8327,2,49
16714,p8328,1,56
16715,p8329,1,10
16716,p8330,1,97
16717,p8331,1,53
16718,p8332,28,78
16721,p8333,54,1
16723,p8334,33,71
16724,p8335,1,25
16725,p8336,49,34
16728,p8337,31,88
16731,p8338,36,1
16732,p8339,36,72
16734,p8340,17,1
16737,p8341,1,61
16739,p8342,27,1
16740,p8343,1,67
16741,p8344,1,48
16743,p8345,1,54
16746,p8346,34,1
16747,p8347,1,98
16750,p8348,72,96
16751,p8349,1,25
16754,p8350,1,7
16757,p8351,1,96
16759,p8352,1,64
16762,p8353,21,1
16764,p8354,1,87
16767,p8355,87,1
16768,p8356,1,2
16771,p8357,1,97
16772,p8358,55,1
16775,p8359,1,12
16777,p8360,36,1
16780,p8361,93,80
16781,p8362,52,60
16784,p8363,87,1
16785,p8364,7,8
16786,p8365,61,63
16789,p8366,1,94
16790,p8367,17,28
16792,p8368,1,34
16793,p8369,98,1
16795,p8370,1,96
16796,p8371,1,51
16798,p8372,73,1
16799,p8373,33,79
16801,p8374,1,65
16802,p8375,79,1
16804,p8376,16,56
16807,p8377,1,37
16810,p8378,1,35
16812,p8379,1,89
16815,p8380,11,1
16817,p8381,1,22
16818,p8382,45,94
16819,p8383,57,52
16821,p8384,61,1
16823,p8385,64,69
16824,p8386,48,43
16827,p8387,52,22
16828,p8388,59,1
16830,p8389,73,89
16833,p8390,24,1
16834,p8391,55,1
16836,p8392,72,1
16839,p8393,49,1
16842,p8394,97,1
16843,p8395,6,1
16844,p8396,20,1
16846,p8397,1,94
16848,p8398,1,33
16850,p8399,16,1
16851,p8400,36,1
16854,p8401,1,13
16855,p8402,42,1
16858,p8403,1,33
16859,p8404,16,1
16860,p8405,86,21
16863,p8406,73,1
16865,p8407,1,7
16868,p8408,15,58
16871,p8409,1,89
16872,p8410,1,79
16875,p8411,38,32
16876,p8412,70,10
16877,p8413,26,78
16878,p8414,99,1
16879,p8415,1,43
16882,p8416,20,26
16883,p8417,42,13
16884,p8418,69,85
16887,p8419,1,9
16888,p8420,22,1
16890,p8421,23,1
16892,p8422,53,1
16894,p8423,1,2
16895,p8424,54,1
16898,p8425,60,1
16900,p8426,1,94
16903,p8427,84,1
16904,p8428,54,1
16906,p8429,13,38
16909,p8430,89,1
16910,p8431,66,23
16912,p8432,1,93
16914,p8433,30,1
16917,p8434,15,17
16920,p8435,70,45
16921,p8436,58,1
16924,p8437,28,1
16926,p8438,66,1
16929,p8439,89,1
16931,p8440,1,65
16932,p8441,1,29
16934,p8442,10,46
16937,p8443,100,87
16938,p8444,47,1
16939,p8445,88,1
16941,p8446,47,1
16942,p8447,27,62
16944,p8448,92,29
16945,p8449,1,81
16946,p8450,30,1
16947,p8451,1,28
16950,p8452,74,1
16951,p8453,1,34
16954,p8454,1,51
16956,p8455,1,25
16959,p8456,1,53
16962,p8457,11,1
16963,p8458,1,90
16966,p8459,56,48
16967,p8460,1,69
16969,p8461,1,62
16970,p8462,62,1
16973,p8463,76,63
16975,p8464,46,1
16978,p8465,1,11
16980,p8466,80,1
16982,p8467,67,99
16985,p8468,99,1
16988,p8469,1,84
16990,p8470,14,1
16993,p8471,1,13
16994,p8472,1,8
16995,p8473,10,1
16997,p8474,1,30
17000,p8475,42,1
17003,p8476,24,1
17006,p8477,23,1
17007,p8478,92,1
17010,p8479,6,1
17013,p8480,1,95
17016,p8481,38,24
17018,p8482,1,79
17021,p8483,1,15
17022,p8484,5,1
17023,p8485,1,41
17026,p8486,93,71
17027,p8487,86,37
17030,p8488,80,1
17032,p8489,1,32
17035,p8490,1,80
17036,p8491,17,8
17037,p8492,46,92
17039,p8493,42,1
17042,p8494,1,43
17043,p8495,1,26
17045,p8496,56,53
17047,p8497,1,79
17048,p8498,94,81
17050,p8499,91,90
17052,p8500,1,32
17054,p8501,31,1
17055,p8502,1,76
17058,p8503,1,67
17060,p8504,79,1
17063,p8505,37,1
17064,p8506,66,1
17067,p8507,58,80
17068,p8508,16,1
17070,p8509,36,34
17073,p8510,23,51
17076,p8511,98,74
17078,p8512,99,30
17079,p8513,1,48
17080,p8514,91,99
17082,p8515,66,27
17084,p8516,55,1
17087,p8517,61,1
17089,p8518,3,46
17091,p8519,1,42
17094,p8520,58,8
17096,p8521,27,13
17098,p8522,80,1
17100,p8523,93,1
17102,p8524,1,78
17105,p8525,1,27
17108,p8526,1,67
17110,p8527,19,4
17111,p8528,32,18
17112,p8529,1,61
17115,p8530,21,87
17117,p8531,2,1
17118,p8532,95,1
17121,p8533,77,1
17123,p8534,1,88
17124,p8535,79,1
17126,p8536,1,72
17127,p8537,12,1
17129,p8538,14,80
17131,p8539,7,1
17134,p8540,1,92
17137,p8541,31,1
17138,p8542,98,22
17139,p8543,1,6
17142,p8544,64,1
17145,p8545,29,1
17148,p8546,26,6
17150,p8547,24,1
17153,p8548,62,100
17156,p8549,26,7
17158,p8550,1,77
17160,p8551,1,88
17161,p8552,1,2
17163,p8553,13,1
17166,p8554,37,1
17167,p8555,5,97
17169,p8556,73,1
17172,p8557,97,1
17173,p8558,24,32
17176,p8559,51,1
17179,p8560,11,1
17182,p8561,58,29
17185,p8562,73,82
17188,p8563,52,1
17191,p8564,1,40
17193,p8565,68,84
17195,p8566,1,21
17197,p8567,1,16
17199,p8568,1,8
17202,p8569,99,92
17205,p8570,1,56
17207,p8571,1,42
17208,p8572,85,99
17210,p8573,18,1
17212,p8574,33,1
17215,p8575,72,86
17218,p8576,31,1
17221,p8577,1,100
17224,p8578,56,1
17226,p8579,1,46
17227,p8580,98,1
17230,p8581,49,75
17231,p8582,55,1
17234,p8583,1,19
17236,p8584,1,15
17238,p8585,1,31
17240,p8586,87,12
17242,p8587,51,1
17244,p8588,54,1
17245,p8589,16,65
17247,p8590,25,1
17248,p8591,52,30
17250,p8592,73,1
17253,p8593,30,1
17256,p8594,1,61
17258,p8595,1,26
17260,p8596,1,4
17262,p8597,2,35
17265,p8598,94,22
17268,p8599,40,1
17270,p8600,1,29
17271,p8601,81,1
17272,p8602,23,74
17273,p8603,19,37
17275,p8604,51,81
17276,p8605,76,23
17278,p8606,3,99
17279,p8607,67,1
17282,p8608,1,9
17285,p8609,1,78
17287,p8610,37,68
17289,p8611,1,21
17290,p8612,1,30
17292,p8613,17,21
17293,p8614,46,47
17295,p8615,1,2
17298,p8616,2,1
17301,p8617,71,74
17304,p8618,19,1
17306,p8619,78,26
17308,p8620,97,1
17310,p8621,15,1
17312,p8622,14,38
17313,p8623,1,59
17316,p8624,1,63
17319,p8625,1,54
17321,p8626,40,1
17323,p8627,1,24
17325,p8628,6,1
17327,p8629,1,24
17329,p8630,88,1
17331,p8631,54,31
17334,p8632,53,38
17336,p8633,99,17
17337,p8634,49,1
17340,p8635,88,65
17343,p8636,89,75
17344,p8637,82,93
17346,p8638,21,34
17349,p8639,92,53
17350,p8640,39,1
17353,p8641,12,1
17355,p8642,1,98
17356,p8643,1,54
17359,p8644,1,63
17362,p8645,64,1
17365,p8646,1,17
17366,p8647,1,68
17367,p8648,1,13
17369,p8649,76,1
17371,p8650,15,1
17373,p8651,5,1
17374,p8652,79,1
17375,p8653,88,75
17377,p8654,81,1
17378,p8655,75,67
17380,p8656,1,34
17382,p8657,1,98
17384,p8658,7,21
17385,p8659,20,1
17388,p8660,98,50
17391,p8661,82,92
17394,p8662,1,10
17395,p8663,73,16
17397,p8664,1,61
17399,p8665,38,80
17401,p8666,1,76
17402,p8667,1,75
17405,p8668,16,1
17406,p8669,1,74
17408,p8670,22,1
17409,p8671,13,9
17412,p8672,1,63
17414,p8673,48,1
17417,p8674,43,69
17420,p8675,95,1
17421,p8676,63,97
17423,p8677,61,40
17424,p8678,24,1
17425,p8679,39,1
17428,p8680,70,98
17430,p8681,17,1
17431,p8682,1,82
17433,p8683,1,39
17434,p8684,36,69
17437,p8685,74,95
17440,p8686,77,1
17442,p8687,23,31
17443,p8688,60,1
17446,p8689,1,76
17447,p8690,65,1
17449,p8691,69,1
17451,p8692,1,78
17454,p8693,63,8
17457,p8694,99,19
17459,p8695,45,52
17462,p8696,53,1
17464,p8697,54,1
17466,p8698,91,1
17468,p8699,100,3
17469,p8700,76,1
17470,p8701,35,65
17472,p8702,82,22
17473,p8703,30,6
17475,p8704,68,1
17478,p8705,27,15
17479,p8706,1,73
17480,p8707,1,61
17481,p8708,51,16
17484,p8709,48,65
17485,p8710,44,59
17487,p8711,1,54
17488,p8712,22,71
17491,p8713,14,1
17493,p8714,14,1
17496,p8715,1,4
17497,p8716,1,21
17498,p8717,28,44
17501,p8718,1,69
17502,p8719,49,25
17503,p8720,64,1
17504,p8721,7,1
17506,p8722,69,37
17509,p8723,1,99
17511,p8724,54,1
17514,p8725,26,1
17515,p8726,20,33
17516,p8727,92,17
17519,p8728,45,1
17522,p8729,1,44
17525,p8730,68,1
17528,p8731,86,1
17530,p8732,1,19
17533,p8733,57,92
17535,p8734,23,1
17536,p8735,1,31
17537,p8736,1,34
17540,p8737,12,32
17543,p8738,8,81
17545,p8739,41,35
17547,p8740,46,1
17549,p8741,63,1
17550,p8742,1,89
17553,p8743,1,32
17556,p8744,39,1
17557,p8745,98,18
17558,p8746,15,10
17561,p8747,1,94
17563,p8748,2,1
17566,p8749,26,44
17567,p8750,35,63
17569,p8751,83,63
17572,p8752,58,1
17575,p8753,75,1
17578,p8754,62,1
17579,p8755,1,79
17582,p8756,34,1
17585,p8757,58,1
17587,p8758,39,31
17589,p8759,1,76
17591,p8760,1,76
17593,p8761,75,41
17595,p8762,1,55
17596,p8763,70,1
17598,p8764,1,36
17599,p8765,45,60
17602,p8766,26,63
17603,p8767,29,46
17604,p8768,59,63
17607,p8769,82,1
17609,p8770,82,1
17611,p8771,1,54
17614,p8772,1,66
17616,p8773,1,7
17619,p8774,87,1
17621,p8775,83,1
17623,p8776,78,1
17624,p8777,91,1
17625,p8778,9,2
17626,p8779,40,1
17629,p8780,14,1
17632,p8781,20,54
17633,p8782,98,67
17634,p8783,94,1
17635,p8784,1,50
17637,p8785,8,1
17638,p8786,8,55
17641,p8787,100,1
17643,p8788,58,77
17644,p8789,69,36
17647,p8790,59,56
17649,p8791,81,78
17652,p8792,39,1
17653,p8793,1,83
17655,p8794,32,1
17657,p8795,68,1
17658,p8796,10,1
17660,p8797,77,1
17662,p8798,1,77
17665,p8799,89,1
17668,p8800,6,1
17670,p8801,1,61
17673,p8802,45,1
17676,p8803,1,96
17678,p8804,1,58
17679,p8805,74,1
17680,p8806,31,1
17682,p8807,94,4
17684,p8808,82,90
17685,p8809,1,45
17686,p8810,73,59
17689,p8811,64,1
17692,p8812,94,1
17693,p8813,1,66
17694,p8814,1,40
17696,p8815,97,1
17698,p8816,63,1
17699,p8817,100,23
17700,p8818,1,91
17703,p8819,1,68
17705,p8820,1,15
17706,p8821,1,4
17709,p8822,1,67
17710,p8823,4,88
17711,p8824,56,1
17713,p8825,53,41
17715,p8826,57,20
17716,p8827,17,84
17717,p8828,73,1
17718,p8829,85,91
17719,p8830,60,56
17721,p8831,28,1
17722,p8832,98,1
17724,p8833,13,100
17727,p8834,1,45
17730,p8835,62,1
17733,p8836,30,1
17736,p8837,1,44
17737,p8838,1,10
17740,p8839,1,70
17741,p8840,45,1
17742,p8841,67,11
17743,p8842,21,60
17746,p8843,19,1
17748,p8844,30,97
17749,p8845,93,1
17750,p8846,1,62
17752,p8847,2,1
17753,p8848,56,1
17756,p8849,54,36
17758,p8850,52,33
17761,p8851,3,28
17764,p8852,1,76
17766,p8853,3,2
17768,p8854,1,39
17769,p8855,63,1
17772,p8856,25,71
17774,p8857,1,25
17776,p8858,80,84
17777,p8859,53,50
17778,p8860,73,59
17779,p8861,1,19
17781,p8862,75,1
17782,p8863,1,76
17783,p8864,1,87
17784,p8865,16,64
17786,p8866,19,71
17789,p8867,1,65
17792,p8868,24,1
17795,p8869,13,1
17796,p8870,1,95
17798,p8871,1,34
17800,p8872,32,6
17801,p8873,1,60
17803,p8874,17,48
17804,p8875,58,1
17805,p8876,95,1
17808,p8877,73,72
17810,p8878,1,44
17811,p8879,1,81
17812,p8880,1,30
17813,p8881,52,1
17816,p8882,87,1
17817,p8883,75,11
17819,p8884,1,14
17820,p8885,19,75
17823,p8886,1,93
17824,p8887,85,1
17826,p8888,68,1
17828,p8889,8,20
17830,p8890,48,1
17833,p8891,1,36
17836,p8892,60,36
17838,p8893,1,31
17840,p8894,26,5
17842,p8895,28,1
17845,p8896,61,14
17848,p8897,97,71
17849,p8898,1,45
17850,p8899,1,2
17852,p8900,29,1
17855,p8901,5,32
17856,p8902,18,1
17857,p8903,72,41
17859,p8904,38,1
17860,p8905,1,44
17861,p8906,14,25
17863,p8907,3,96
17866,p8908,62,1
17868,p8909,63,30
17871,p8910,90,26
17873,p8911,35,15
17876,p8912,4,1
17878,p8913,1,90
17880,p8914,1,12
17881,p8915,74,1
17883,p8916,11,1
17886,p8917,35,6
17888,p8918,83,16
17889,p8919,18,90
17892,p8920,56,1
17895,p8921,64,1
17898,p8922,13,42
17901,p8923,84,94
17902,p8924,21,1
17903,p8925,1,64
17906,p8926,18,1
17909,p8927,1,95
17910,p8928,7,1
17911,p8929,95,45
17912,p8930,1,28
17913,p8931,51,47
17914,p8932,51,44
17915,p8933,10,1
17917,p8934,34,1
17919,p8935,1,45
17922,p8936,87,1
17923,p8937,1,12
17926,p8938,2,1
17927,p8939,1,100
17928,p8940,1,60
17929,p8941,53,83
17932,p8942,39,13
17934,p8943,32,1
17935,p8944,31,1
17938,p8945,91,63
17939,p8946,1,83
17942,p8947,1,43
17943,p8948,66,58
17945,p8949,1,26
17948,p8950,18,4
17949,p8951,1,57
17952,p8952,29,1
17955,p8953,39,58
17957,p8954,1,76
17959,p8955,1,18
17961,p8956,29,1
17964,p8957,1,19
17966,p8958,1,87
17969,p8959,90,1
17970,p8960,61,77
17973,p8961,1,38
17975,p8962,1,72
17978,p8963,1,71
17979,p8964,1,4
17981,p8965,32,23
17983,p8966,95,1
17986,p8967,1,74
17987,p8968,12,55
17990,p8969,1,42
17991,p8970,48,1
17994,p8971,1,46
17997,p8972,2,85
18000,p8973,1,86
18002,p8974,1,86
18004,p8975,58,4
18005,p8976,1,15
18008,p8977,56,1
18010,p8978,98,1
18012,p8979,10,1
18015,p8980,77,1
18016,p8981,72,62
18019,p8982,21,1
18022,p8983,49,17
18025,p8984,84,1
18027,p8985,9,1
18028,p8986,56,1
18030,p8987,5,16
18032,p8988,99,10
18033,p8989,1,38
18034,p8990,22,80
18037,p8991,1,49
18038,p8992,19,1
18040,p8993,24,82
18041,p8994,25,52
18044,p8995,1,33
18046,p8996,91,1
18048,p8997,23,1
18051,p8998,1,90
18052,p8999,1,82
18055,p9000,27,63
18056,p9001,45,46
18058,p9002,85,70
18059,p9003,1,10
18061,p9004,7,89
18062,p9005,1,69
18064,p9006,1,63
18066,p9007,50,1
18068,p9008,67,1
18071,p9009,7,64
18074,p9010,1,62
18077,p9011,88,71
18080,p9012,1,20
18083,p9013,17,27
18084,p9014,1,6
18087,p9015,95,80
18090,p9016,68,25
18093,p9017,1,60
18096,p9018,64,28
18098,p9019,28,88
18099,p9020,55,54
18100,p9021,1,51
18101,p9022,58,1
18104,p9023,1,48
18105,p9024,1,87
18107,p9025,61,1
18110,p9026,1,59
18112,p9027,1,39
18115,p9028,1,99
18117,p9029,1,98
18119,p9030,7,47
18122,p9031,12,30
18123,p9032,44,65
18126,p9033,1,43
18127,p9034,8,1
18129,p9035,1,28
18130,p9036,45,1
18131,p9037,53,1
18132,p9038,37,1
18133,p9039,1,73
18136,p9040,100,1
18138,p9041,93,64
18139,p9042,23,1
18141,p9043,32,3
18144,p9044,1,75
18146,p9045,1,73
18148,p9046,9,1
18149,p9047,94,53
18151,p9048,51,22
18153,p9049,1,24
18154,p9050,12,1
18155,p9051,75,1
18156,p9052,1,19
18159,p9053,38,46
18162,p9054,1,70
18163,p9055,57,25
18165,p9056,43,48
18167,p9057,63,1
18168,p9058,21,1
18170,p9059,53,57
18173,p9060,57,29
18176,p9061,1,67
18177,p9062,95,41
18178,p9063,100,1
18181,p9064,1,25
18183,p9065,1,2
18186,p9066,50,1
18187,p9067,1,53
18188,p9068,54,92
18191,p9069,11,83
18192,p9070,58,1
18193,p9071,1,89
18196,p9072,31,55
18197,p9073,12,1
18200,p9074,61,45
18201,p9075,1,83
18204,p9076,42,1
18207,p9077,5,9
18209,p9078,1,80
18210,p9079,12,1
18212,p9080,93,1
18215,p9081,29,51
18217,p9082,18,45
18219,p9083,78,94
18222,p9084,1,66
18223,p9085,68,67
18225,p9086,53,55
18227,p9087,6,100
18230,p9088,65,58
18232,p9089,16,1
18234,p9090,1,34
18235,p9091,20,1
18238,p9092,1,31
18239,p9093,95,97
18240,p9094,1,64
18242,p9095,1,85
18244,p9096,1,23
18245,p9097,20,91
18248,p9098,4,1
18249,p9099,4,42
18252,p9100,1,20
18255,p9101,77,94
18256,p9102,1,87
18258,p9103,1,62
18261,p9104,1,32
18264,p9105,19,1
18265,p9106,1,54
18266,p9107,1,97
18269,p9108,1,25
18272,p9109,21,13
18274,p9110,1,83
18276,p9111,1,32
18279,p9112,88,9
18280,p9113,1,27
18282,p9114,1,6
18283,p9115,58,1
18284,p9116,1,66
18286,p9117,61,1
18289,p9118,16,10
18292,p9119,1,39
18295,p9120,29,47
18297,p9121,6,100
18299,p9122,39,1
18300,p9123,89,46
18301,p9124,81,55
18302,p9125,31,15
18305,p9126,1,81
18306,p9127,1,83
18307,p9128,1,92
18309,p9129,18,1
18311,p9130,1,70
18313,p9131,1,33
18314,p9132,99,1
18316,p9133,25,18
18318,p9134,1,38
18321,p9135,1,77
18324,p9136,35,1
18326,p9137,20,34
18329,p9138,32,1
18331,p9139,9,1
18333,p9140,1,87
18335,p9141,22,1
18336,p9142,58,5
18337,p9143,1,63
18339,p9144,16,1
18342,p9145,77,72
18345,p9146,1,63
18346,p9147,1,14
18348,p9148,23,1
18349,p9149,85,31
18352,p9150,50,1
18353,p9151,1,24
18354,p9152,76,1
18357,p9153,68,5
18359,p9154,40,50
18361,p9155,85,1
18364,p9156,13,1
18366,p9157,61,1
18369,p9158,60,1
18370,p9159,1,12
18372,p9160,67,1
18374,p9161,1,82
18376,p9162,28,1
18379,p9163,1,33
18381,p9164,83,42
18382,p9165,97,1
18384,p9166,1,78
18385,p9167,1,72
18387,p9168,54,90
18389,p9169,39,1
18391,p9170,68,1
18393,p9171,54,1
18395,p9172,28,1
18397,p9173,67,5
18399,p9174,44,72
18401,p9175,63,1
18403,p9176,81,44
18404,p9177,68,46
18407,p9178,70,95
18409,p9179,91,87
18411,p9180,87,1
18413,p9181,68,13
18414,p9182,1,52
18416,p9183,1,49
18417,p9184,87,19
18419,p9185,59,1
18422,p9186,1,66
18425,p9187,96,1
18428,p9188,93,2
18430,p9189,1,46
18431,p9190,19,1
18433,p9191,32,1
18436,p9192,50,5
18437,p9193,1,11
18439,p9194,1,31
18442,p9195,22,1
18443,p9196,1,75
18444,p9197,24,1
18445,p9198,8,1
18447,p9199,83,1
18448,p9200,87,1
18451,p9201,10,67
18454,p9202,1,77
18457,p9203,35,1
18458,p9204,1,67
18460,p9205,59,1
18462,p9206,27,43
18464,p9207,97,1
18466,p9208,1,24
18467,p9209,30,9
18468,p9210,13,71
18470,p9211,1,52
18473,p9212,1,12
18474,p9213,85,1
18476,p9214,39,52
18477,p9215,56,11
18479,p9216,1,99
18482,p9217,100,72
18483,p9218,49,1
18486,p9219,1,72
18487,p9220,63,61
18489,p9221,65,1
18490,p9222,39,65
18493,p9223,1,63
18496,p9224,1,43
18498,p9225,70,1
18499,p9226,1,58
18502,p9227,84,14
18504,p9228,1,58
18507,p9229,90,1
18509,p9230,69,1
18510,p9231,46,1
18512,p9232,52,88
18513,p9233,1,32
18515,p9234,49,26
18517,p9235,66,82
18519,p9236,1,45
18521,p9237,1,82
18522,p9238,1,32
18523,p9239,1,14
18524,p9240,9,23
18527,p9241,59,1
18530,p9242,55,16
18531,p9243,58,98
18532,p9244,1,25
18535,p9245,24,88
18536,p9246,47,30
18539,p9247,1,36
18541,p9248,1,21
18542,p9249,1,20
18543,p9250,40,1
18546,p9251,12,1
18548,p9252,1,4
18549,p9253,1,87
18551,p9254,1,17
18553,p9255,5,1
18555,p9256,1,52
18558,p9257,1,29
18560,p9258,37,1
18563,p9259,1,13
18565,p9260,60,76
18567,p9261,46,1
18569,p9262,1,25
18571,p9263,1,84
18572,p9264,24,79
18573,p9265,1,32
18576,p9266,5,11
18578,p9267,9,1
18581,p9268,1,27
18584,p9269,72,53
18587,p9270,30,1
18589,p9271,1,5
18591,p9272,1,9
18593,p9273,77,1
18595,p9274,61,3
18596,p9275,48,65
18598,p9276,60,56
18600,p9277,56,1
18602,p9278,89,1
18605,p9279,24,98
18606,p9280,27,57
18607,p9281,84,1
18610,p9282,26,78
18613,p9283,1,79
18616,p9284,15,1
18618,p9285,47,66
18620,p9286,1,59
18622,p9287,72,49
18625,p9288,1,85
18627,p9289,1,45
18630,p9290,38,53
18632,p9291,1,4
18635,p9292,89,21
18636,p9293,82,1
18637,p9294,20,39
18640,p9295,32,30
18642,p9296,1,35
18643,p9297,90,1
18645,p9298,30,20
18647,p9299,42,1
18649,p9300,1,13
18651,p9301,54,94
18654,p9302,1,16
18655,p9303,1,16
18656,p9304,91,1
18659,p9305,1,22
18661,p9306,89,74
18662,p9307,2,76
18664,p9308,69,59
18665,p9309,1,14
18667,p9310,1,18
18670,p9311,66,1
18673,p9312,44,14
18674,p9313,92,1
18676,p9314,67,5
18677,p9315,44,1
18678,p9316,1,47
18681,p9317,1,61
18683,p9318,26,1
18685,p9319,52,7
18687,p9320,1,6
18690,p9321,1,73
18693,p9322,7,1
18694,p9323,1,50
18696,p9324,34,16
18699,p9325,71,1
18700,p9326,33,90
18701,p9327,1,12
18703,p9328,51,52
18706,p9329,1,29
18707,p9330,70,1
18708,p9331,24,72
18709,p9332,58,1
18710,p9333,1,66
18713,p9334,69,1
18716,p9335,55,37
18719,p9336,40,1
18722,p9337,24,46
18723,p9338,52,15
18724,p9339,89,1
18727,p9340,1,48
18729,p9341,75,58
18731,p9342,1,59
18732,p9343,1,48
18734,p9344,23,1
18736,p9345,25,1
18738,p9346,43,1
18741,p9347,74,85
18742,p9348,98,54
18745,p9349,16,25
18746,p9350,95,24
18749,p9351,25,13
18752,p9352,37,1
18753,p9353,91,25
18755,p9354,76,1
18756,p9355,1,76
18757,p9356,1,70
18758,p9357,43,1
18759,p9358,86,1
18760,p9359,1,32
18761,p9360,73,1
18764,p9361,1,81
18767,p9362,1,49
18768,p9363,1,4
18770,p9364,95,59
18771,p9365,18,50
18774,p9366,50,1
18775,p9367,1,88
18776,p9368,1,50
18777,p9369,1,66
18779,p9370,1,20
18781,p9371,1,97
18782,p9372,36,1
18785,p9373,1,24
18788,p9374,61,6
18790,p9375,1,37
18791,p9376,38,1
18792,p9377,73,35
18795,p9378,83,6
18796,p9379,88,1
18797,p9380,34,96
18800,p9381,2,1
18801,p9382,1,20
18804,p9383,36,1
18806,p9384,37,22
18807,p9385,1,3
18809,p9386,55,71
18812,p9387,85,26
18813,p9388,67,30
18815,p9389,64,1
18816,p9390,1,17
18819,p9391,73,1
18820,p9392,81,31
18823,p9393,1,35
18824,p9394,88,1
18827,p9395,1,30
18828,p9396,86,82
18830,p9397,8,95
18833,p9398,1,44
18835,p9399,7,83
18838,p9400,1,20
18840,p9401,9,94
18841,p9402,82,50
18843,p9403,23,71
18846,p9404,1,75
18848,p9405,53,1
18851,p9406,1,75
18853,p9407,32,87
18856,p9408,21,20
18858,p9409,75,57
18861,p9410,91,2
18864,p9411,49,21
18867,p9412,35,1
18869,p9413,88,66
18872,p9414,98,1
18875,p9415,65,1
18877,p9416,4,1
18878,p9417,1,56
18881,p9418,1,36
18884,p9419,97,92
18885,p9420,12,80
18886,p9421,69,1
18887,p9422,1,60
18890,p9423,16,81
18891,p9424,1,20
18892,p9425,1,49
18893,p9426,1,43
18894,p9427,1,79
18896,p9428,49,78
18899,p9429,100,1
18900,p9430,100,24
18902,p9431,94,1
18905,p9432,75,1
18908,p9433,4,1
18910,p9434,1,62
18912,p9435,94,66
18914,p9436,1,52
18917,p9437,22,1
18920,p9438,38,33
18921,p9439,1,89
18923,p9440,61,1
18924,p9441,84,63
18926,p9442,93,1
18927,p9443,63,88
18930,p9444,8,1
18931,p9445,54,1
18933,p9446,100,97
18934,p9447,8,1
18936,p9448,21,1
18939,p9449,36,71
18942,p9450,1,2
18943,p9451,98,1
18946,p9452,7,1
18947,p9453,36,1
18949,p9454,42,1
18952,p9455,88,1
18953,p9456,97,1
18954,p9457,54,1
18955,p9458,1,99
18957,p9459,85,28
18960,p9460,1,4
18961,p9461,1,52
18963,p9462,66,22
18966,p9463,60,1
18968,p9464,1,67
18969,p9465,26,90
18972,p9466,60,1
18975,p9467,55,1
18977,p9468,42,1
18980,p9469,30,1
18982,p9470,69,47
18984,p9471,49,67
18987,p9472,1,17
18989,p9473,1,40
18991,p9474,52,33
18992,p9475,27,1
18995,p9476,7,36
18996,p9477,68,1
18997,p9478,78,50
18998,p9479,1,10
19001,p9480,1,51
19003,p9481,83,13
19006,p9482,1,95
19007,p9483,65,21
19009,p9484,1,57
19011,p9485,87,23
19014,p9486,1,62
19017,p9487,15,85
19019,p9488,23,1
19021,p9489,27,19
19022,p9490,76,52
19024,p9491,73,1
19027,p9492,79,24
19028,p9493,24,1
19031,p9494,1,49
19032,p9495,54,21
19034,p9496,47,1
19037,p9497,1,87
19038,p9498,1,96
19040,p9499,39,76
19042,p9500,54,2
19044,p9501,46,1
19045,p9502,8,37
19046,p9503,94,36
19048,p9504,10,70
19050,p9505,1,91
19051,p9506,17,100
19054,p9507,1,89
19055,p9508,68,93
19058,p9509,31,44
19059,p9510,86,1
19061,p9511,1,47
19064,p9512,1,22
19066,p9513,1,83
19069,p9514,5,1
19071,p9515,58,25
19073,p9516,1,14
19074,p9517,71,13
19077,p9518,65,85
19079,p9519,12,10
19080,p9520,9,42
19083,p9521,96,1
19086,p9522,55,78
19089,p9523,88,43
19091,p9524,13,1
19093,p9525,43,1
19096,p9526,69,6
19099,p9527,46,72
19101,p9528,1,40
19104,p9529,98,1
19106,p9530,54,72
19109,p9531,1,56
19111,p9532,81,9
19112,p9533,1,81
19115,p9534,1,15
19117,p9535,20,60
19119,p9536,8,1
19122,p9537,1,60
19124,p9538,67,6
19126,p9539,15,1
19128,p9540,40,23
19131,p9541,94,81
19134,p9542,26,1
19136,p9543,83,81
19139,p9544,1,21
19142,p9545,13,99
19145,p9546,70,1
19146,p9547,56,88
19147,p9548,1,85
19150,p9549,25,96
19151,p9550,99,1
19152,p9551,1,60
19154,p9552,35,88
19157,p9553,1,37
19160,p9554,78,30
19162,p9555,1,87
19164,p9556,1,98
19167,p9557,68,41
19170,p9558,18,74
19173,p9559,97,73
19175,p9560,1,89
19178,p9561,53,17
19179,p9562,6,87
19181,p9563,54,1
19183,p9564,6,92
19184,p9565,75,1
19185,p9566,1,89
19187,p9567,1,82
19188,p9568,53,1
19190,p9569,1,75
19193,p9570,50,64
19196,p9571,1,13
19197,p9572,45,1
19199,p9573,1,52
19201,p9574,16,34
19202,p9575,65,1
19205,p9576,83,1
19208,p9577,1,100
19209,p9578,1,82
19211,p9579,1,99
19213,p9580,46,50
19214,p9581,1,49
19217,p9582,96,1
19218,p9583,1,68
19219,p9584,1,52
19220,p9585,62,64
19223,p9586,1,54
19226,p9587,1,53
19228,p9588,93,1
19230,p9589,46,89
19232,p9590,1,59
19233,p9591,24,1
19234,p9592,1,25
19236,p9593,25,1
19238,p9594,41,1
19240,p9595,67,100
19243,p9596,16,1
19244,p9597,1,72
19245,p9598,36,80
19248,p9599,1,94
19250,p9600,1,91
19251,p9601,1,7
19252,p9602,23,65
19254,p9603,1,46
19256,p9604,29,1
19259,p9605,43,1
19260,p9606,51,54
19263,p9607,55,1
19265,p9608,1,47
19267,p9609,1,18
19268,p9610,65,53
19270,p9611,1,23
19271,p9612,1,19
19273,p9613,1,14
19274,p9614,1,66
19277,p9615,47,1
19278,p9616,74,1
19280,p9617,1,65
19281,p9618,80,5
19283,p9619,91,11
19285,p9620,15,12
19287,p9621,1,53
19290,p9622,1,30
19292,p9623,1,79
19294,p9624,72,1
19297,p9625,53,1
19298,p9626,30,78
19301,p9627,1,84
19304,p9628,1,95
19305,p9629,34,1
19306,p9630,75,1
19307,p9631,93,1
19308,p9632,24,72
19309,p9633,51,1
19312,p9634,53,35
19313,p9635,1,65
19316,p9636,62,75
19317,p9637,57,39
19319,p9638,1,35
19320,p9639,45,1
19321,p9640,1,77
19323,p9641,42,21
19324,p9642,82,80
19327,p9643,100,90
19328,p9644,1,49
19329,p9645,60,1
19330,p9646,1,34
19331,p9647,53,57
19332,p9648,41,1
19333,p9649,26,84
19334,p9650,88,1
19335,p9651,91,1
19337,p9652,2,1
19339,p9653,56,1
19341,p9654,64,1
19344,p9655,1,67
19345,p9656,7,95
19347,p9657,64,1
19349,p9658,59,1
19350,p9659,1,90
19351,p9660,59,68
19353,p9661,8,80
19354,p9662,11,13
19357,p9663,24,1
19358,p9664,92,69
19360,p9665,1,69
19363,p9666,54,1
19364,p9667,1,89
19367,p9668,64,44
19369,p9669,41,1
19371,p9670,34,79
19373,p9671,84,95
19374,p9672,1,32
19376,p9673,92,43
19377,p9674,88,25
19380,p9675,1,99
19382,p9676,58,11
19385,p9677,23,1
19386,p9678,1,88
19389,p9679,1,58
19392,p9680,1,44
19393,p9681,95,1
19394,p9682,55,1
19397,p9683,70,1
19400,p9684,1,96
19401,p9685,1,24
19402,p9686,1,66
19403,p9687,10,87
19404,p9688,87,57
19405,p9689,46,85
19407,p9690,30,65
19408,p9691,17,6
19411,p9692,1,12
19413,p9693,1,39
19414,p9694,1,21
19415,p9695,1,47
19416,p9696,1,68
19418,p9697,47,92
19421,p9698,1,33
19423,p9699,1,59
19425,p9700,69,1
19428,p9701,1,98
19431,p9702,48,1
19433,p9703,1,4
19435,p9704,48,1
19436,p9705,1,10
19439,p9706,6,1
19442,p9707,1,76
19443,p9708,68,29
19446,p9709,17,34
19449,p9710,1,98
19451,p9711,76,1
19452,p9712,43,1
19455,p9713,1,33
19457,p9714,68,1
19460,p9715,1,16
19462,p9716,43,1
19464,p9717,1,24
19467,p9718,1,54
19468,p9719,73,68
19470,p9720,34,61
19473,p9721,54,1
19474,p9722,18,42
19477,p9723,49,1
19479,p9724,99,1
19482,p9725,79,38
19484,p9726,1,75
19485,p9727,1,94
19488,p9728,95,1
19489,p9729,43,25
19492,p9730,32,27
19494,p9731,1,78
19496,p9732,18,1
19499,p9733,1,44
19502,p9734,78,1
19504,p9735,5,21
19507,p9736,91,89
19508,p9737,37,32
19510,p9738,1,87
19513,p9739,25,1
19516,p9740,1,7
19519,p9741,16,1
19521,p9742,1,77
19522,p9743,1,28
19523,p9744,75,26
19524,p9745,1,30
19527,p9746,19,18
19529,p9747,94,38
19532,p9748,1,71
19534,p9749,45,83
19535,p9750,1,71
19537,p9751,32,60
19539,p9752,20,1
19542,p9753,28,1
19543,p9754,63,1
19544,p9755,1,84
19546,p9756,88,13
19547,p9757,50,17
19548,p9758,18,1
19549,p9759,100,68
19552,p9760,1,6
19555,p9761,63,9
19557,p9762,1,68
19558,p9763,27,1
19561,p9764,1,71
19562,p9765,33,37
19563,p9766,1,11
19565,p9767,71,1
19568,p9768,13,1
19570,p9769,1,65
19572,p9770,40,89
19574,p9771,98,72
19576,p9772,1,68
19577,p9773,1,40
19579,p9774,19,74
19581,p9775,1,51
19583,p9776,47,1
19586,p9777,62,1
19587,p9778,79,84
19589,p9779,35,1
19590,p9780,71,1
19592,p9781,72,26
19595,p9782,16,1
19597,p9783,63,1
19600,p9784,13,1
19602,p9785,37,1
19605,p9786,1,43
19606,p9787,1,55
19608,p9788,1,59
19609,p9789,81,9
19612,p9790,34,44
19613,p9791,32,1
19616,p9792,1,36
19617,p9793,93,1
19618,p9794,66,1
19620,p9795,50,83
19621,p9796,7,10
19623,p9797,42,1
19625,p9798,52,11
19626,p9799,2,1
19627,p9800,1,48
19628,p9801,37,71
19629,p9802,94,41
19630,p9803,59,83
19631,p9804,29,20
19634,p9805,59,32
19636,p9806,1,44
19639,p9807,1,24
19641,p9808,1,33
19643,p9809,1,60
19644,p9810,31,23
19645,p9811,1,80
19648,p9812,26,23
19649,p9813,95,1
19650,p9814,60,28
19652,p9815,45,10
19653,p9816,33,1
19656,p9817,68,91
19658,p9818,76,1
19660,p9819,1,24
19663,p9820,55,90
19665,p9821,16,1
19667,p9822,62,70
19670,p9823,4,62
19671,p9824,1,92
19674,p9825,1,6
19676,p9826,37,1
19677,p9827,1,90
19678,p9828,7,77
19681,p9829,10,1
19683,p9830,1,13
19686,p9831,84,1
19687,p9832,8,42
19688,p9833,42,96
19689,p9834,1,21
19690,p9835,65,68
19692,p9836,18,1
19693,p9837,59,1
19696,p9838,1,30
19697,p9839,1,96
19698,p9840,11,1
19699,p9841,72,1
19701,p9842,20,44
19704,p9843,23,1
19705,p9844,85,55
19706,p9845,44,1
19708,p9846,1,68
19710,p9847,1,28
19711,p9848,1,63
19712,p9849,41,58
19713,p9850,98,1
19716,p9851,53,1
19717,p9852,9,14
19718,p9853,4,98
19721,p9854,1,87
19722,p9855,65,98
19724,p9856,43,18
19725,p9857,36,1
19728,p9858,20,1
19729,p9859,53,1
19731,p9860,43,1
19733,p9861,12,1
19735,p9862,1,14
19737,p9863,39,47
19740,p9864,1,34
19743,p9865,56,38
19744,p9866,28,18
19747,p9867,1,36
19749,p9868,20,88
19750,p9869,48,52
19752,p9870,15,1
19755,p9871,87,31
19756,p9872,1,71
19758,p9873,1,46
19759,p9874,1,18
19760,p9875,34,11
19763,p9876,84,98
19766,p9877,1,69
19769,p9878,18,23
19770,p9879,1,38
19772,p9880,1,76
19773,p9881,41,69
19774,p9882,13,54
19777,p9883,1,46
19779,p9884,35,1
19780,p9885,1,91
19783,p9886,1,32
19786,p9887,1,82
19788,p9888,38,34
19789,p9889,1,9
19791,p9890,1,40
19792,p9891,64,1
19793,p9892,9,1
19794,p9893,1,32
19795,p9894,1,3
19797,p9895,1,91
19798,p9896,91,1
19800,p9897,74,46
19802,p9898,82,1
19804,p9899,1,75
19807,p9900,90,1
19810,p9901,1,97
19812,p9902,1,94
19815,p9903,7,1
19817,p9904,36,22
19820,p9905,60,46
19823,p9906,1,94
19824,p9907,98,1
19827,p9908,74,1
19828,p9909,29,69
19830,p9910,56,51
19832,p9911,1,56
19834,p9912,6,14
19837,p9913,37,1
19840,p9914,16,1
19842,p9915,1,35
19845,p9916,1,57
19848,p9917,1,22
19849,p9918,17,63
19850,p9919,1,22
19853,p9920,84,80
19854,p9921,1,68
19857,p9922,56,1
19860,p9923,59,38
19861,p9924,44,14
19862,p9925,83,1
19864,p9926,55,1
19867,p9927,1,85
19868,p9928,18,1
19871,p9929,15,1
19872,p9930,1,22
19875,p9931,1,23
19878,p9932,65,87
19879,p9933,1,14
19881,p9934,11,1
19884,p9935,50,38
19887,p9936,1,2
19890,p9937,94,43
19892,p9938,51,83
19893,p9939,1,45
19894,p9940,65,32
19897,p9941,5,1
19899,p9942,1,12
19900,p9943,1,72
19902,p9944,79,36
19905,p9945,90,1
19908,p9946,1,53
19909,p9947,75,1
19912,p9948,1,96
19914,p9949,34,1
19916,p9950,48,1
19918,p9951,59,1
19919,p9952,1,18
19920,p9953,53,1
19922,p9954,23,1
19925,p9955,14,16
19927,p9956,1,87
19928,p9957,1,87
19930,p9958,10,71
19933,p9959,44,1
19936,p9960,44,1
19939,p9961,37,5
19942,p9962,32,74
19943,p9963,1,87
19946,p9964,81,1
19948,p9965,1,59
19950,p9966,1,71
19952,p9967,42,5
19954,p9968,1,65
19956,p9969,73,29
19959,p9970,1,63
19962,p9971,1,81
19964,p9972,46,1
19967,p9973,6,72
19970,p9974,52,1
19971,p9975,1,67
19973,p9976,51,85
19975,p9977,1,34
19977,p9978,68,1
19979,p9979,1,6
19981,p9980,76,1
19984,p9981,36,58
19986,p9982,1,7
19989,p9983,85,29
19992,p9984,27,1
19993,p9985,1,51
19995,p9986,41,1
19997,p9987,58,99
20000,p9988,26,34
20001,p9989,1,18
20004,p9990,58,56
20007,p9991,30,1
20010,p9992,84,45
20012,p9993,97,32
20015,p9994,12,74
20016,p9995,92,22
20019,p9996,94,1
20020,p9997,3,43
20023,p9998,50,99
20025,p9999,86,1
