time,id,source,dest
0,p0,1,80
0,p1,38,65
0,p2,1,48
0,p3,1,95
0,p4,43,1
0,p5,44,11
0,p6,1,54
0,p7,43,92
0,p8,10,1
0,p9,64,1
0,p10,1,86
0,p11,1,59
0,p12,1,39
0,p13,1,43
0,p14,67,1
0,p15,6,1
0,p16,61,1
0,p17,1,34
0,p18,20,17
0,p19,72,1
0,p20,98,68
0,p21,28,1
0,p22,1,78
0,p23,28,98
0,p24,1,3
0,p25,97,52
0,p26,1,4
0,p27,79,1
0,p28,59,1
0,p29,6,1
0,p30,1,46
0,p31,1,89
0,p32,62,36
0,p33,40,1
0,p34,26,43
0,p35,94,1
0,p36,99,1
0,p37,8,50
0,p38,27,1
0,p39,1,32
0,p40,1,41
0,p41,45,72
0,p42,1,91
0,p43,29,38
0,p44,79,1
0,p45,74,1
0,p46,84,2
0,p47,1,7
0,p48,65,1
0,p49,19,1
0,p50,66,75
0,p51,1,41
0,p52,1,20
0,p53,46,1
0,p54,12,99
0,p55,1,97
0,p56,1,66
0,p57,100,1
0,p58,63,1
0,p59,45,64
0,p60,85,1
0,p61,64,1
0,p62,20,70
0,p63,1,13
0,p64,9,1
0,p65,100,1
0,p66,20,71
0,p67,87,1
0,p68,33,16
0,p69,83,88
0,p70,1,58
0,p71,1,19
0,p72,81,11
0,p73,1,22
0,p74,1,69
0,p75,46,85
0,p76,97,56
0,p77,59,13
0,p78,1,43
0,p79,65,84
0,p80,88,70
0,p81,22,1
0,p82,79,1
0,p83,7,1
0,p84,36,5
0,p85,47,1
0,p86,19,17
0,p87,69,1
0,p88,1,9
0,p89,62,1
0,p90,37,1
0,p91,58,1
0,p92,1,24
0,p93,61,1
0,p94,1,84
0,p95,1,24
0,p96,92,100
0,p97,79,49
0,p98,36,91
0,p99,79,1
0,p100,1,80
0,p101,82,1
0,p102,68,1
0,p103,40,79
0,p104,13,1
0,p105,1,82
0,p106,27,1
0,p107,98,63
0,p108,80,99
0,p109,1,67
0,p110,63,1
0,p111,36,1
0,p112,16,24
0,p113,100,41
0,p114,1,35
0,p115,52,32
0,p116,75,1
0,p117,1,31
0,p118,1,57
0,p119,54,68
0,p120,33,13
0,p121,2,1
0,p122,1,11
0,p123,48,1
0,p124,1,55
0,p125,15,97
0,p126,36,87
0,p127,24,1
0,p128,86,1
0,p129,66,100
0,p130,89,1
0,p131,94,1
0,p132,6,1
0,p133,68,3
0,p134,61,1
0,p135,67,85
0,p136,1,35
0,p137,30,1
0,p138,1,6
0,p139,10,1
0,p140,1,56
0,p141,65,1
0,p142,65,1
0,p143,34,1
0,p144,37,1
0,p145,29,1
0,p146,1,60
0,p147,99,39
0,p148,1,5
0,p149,13,50
0,p150,93,88
0,p151,96,17
0,p152,1,46
0,p153,61,22
0,p154,95,37
0,p155,1,82
0,p156,1,34
0,p157,1,66
0,p158,36,58
0,p159,43,23
0,p160,98,1
0,p161,72,70
0,p162,1,29
0,p163,2,1
0,p164,50,100
0,p165,1,19
0,p166,34,68
0,p167,1,41
0,p168,57,1
0,p169,1,49
0,p170,1,68
0,p171,1,24
0,p172,1,45
0,p173,1,92
0,p174,4,62
0,p175,1,64
0,p176,1,97
0,p177,1,55
0,p178,69,54
0,p179,29,100
0,p180,59,38
0,p181,1,11
0,p182,65,1
0,p183,85,1
0,p184,67,1
0,p185,16,32
0,p186,1,49
0,p187,83,59
0,p188,93,81
0,p189,1,86
0,p190,57,1
0,p191,1,90
0,p192,35,1
0,p193,1,96
0,p194,59,1
0,p195,1,57
0,p196,90,20
0,p197,36,1
0,p198,9,8
0,p199,24,1
0,p200,2,76
0,p201,33,34
0,p202,84,64
0,p203,66,1
0,p204,85,1
0,p205,1,84
0,p206,1,56
0,p207,47,1
0,p208,1,17
0,p209,1,16
0,p210,79,1
0,p211,80,1
0,p212,23,1
0,p213,1,90
0,p214,93,79
0,p215,89,1
0,p216,1,90
0,p217,23,98
0,p218,80,25
0,p219,59,78
0,p220,51,1
0,p221,34,1
0,p222,1,85
0,p223,1,43
0,p224,79,68
0,p225,38,23
0,p226,100,18
0,p227,87,84
0,p228,1,44
0,p229,32,1
0,p230,26,50
0,p231,69,7
0,p232,1,59
0,p233,19,37
0,p234,37,35
0,p235,48,58
0,p236,80,89
0,p237,30,1
0,p238,54,78
0,p239,17,12
0,p240,92,1
0,p241,94,32
0,p242,33,44
0,p243,30,1
0,p244,1,27
0,p245,44,99
0,p246,16,62
0,p247,60,1
0,p248,60,1
0,p249,72,1
0,p250,47,77
0,p251,1,33
0,p252,1,47
0,p253,85,92
0,p254,95,44
0,p255,1,4
0,p256,100,17
0,p257,43,1
0,p258,1,15
0,p259,66,1
0,p260,32,100
0,p261,95,1
0,p262,30,53
0,p263,4,1
0,p264,1,80
0,p265,43,41
0,p266,75,1
0,p267,82,17
0,p268,97,68
0,p269,58,1
0,p270,93,1
0,p271,90,10
0,p272,1,41
0,p273,1,20
0,p274,14,46
0,p275,1,65
0,p276,26,1
0,p277,63,1
0,p278,43,1
0,p279,5,1
0,p280,65,1
0,p281,52,1
0,p282,1,86
0,p283,81,1
0,p284,23,8
0,p285,1,11
0,p286,40,1
0,p287,82,18
0,p288,86,1
0,p289,1,4
0,p290,64,1
0,p291,3,15
0,p292,30,5
0,p293,1,29
0,p294,1,52
0,p295,25,70
0,p296,1,74
0,p297,1,75
0,p298,65,1
0,p299,62,1
0,p300,98,1
0,p301,32,67
0,p302,1,48
0,p303,61,67
0,p304,1,6
0,p305,6,1
0,p306,62,1
0,p307,1,37
0,p308,56,1
0,p309,11,81
0,p310,1,2
0,p311,4,43
0,p312,1,23
0,p313,48,60
0,p314,1,97
0,p315,31,79
0,p316,20,98
0,p317,74,1
0,p318,1,91
0,p319,16,47
0,p320,29,85
0,p321,3,1
0,p322,27,95
0,p323,76,73
0,p324,81,50
0,p325,53,37
0,p326,40,1
0,p327,54,82
0,p328,68,11
0,p329,66,1
0,p330,1,79
0,p331,96,75
0,p332,1,67
0,p333,6,19
0,p334,1,64
0,p335,43,66
0,p336,15,1
0,p337,24,60
0,p338,1,5
0,p339,1,61
0,p340,76,91
0,p341,1,3
0,p342,1,34
0,p343,17,65
0,p344,1,87
0,p345,97,1
0,p346,1,90
0,p347,30,1
0,p348,1,78
0,p349,33,70
0,p350,29,1
0,p351,45,64
0,p352,1,32
0,p353,61,64
0,p354,1,43
0,p355,88,1
0,p356,1,59
0,p357,74,92
0,p358,1,54
0,p359,81,1
0,p360,36,28
0,p361,78,1
0,p362,93,45
0,p363,88,1
0,p364,90,1
0,p365,60,1
0,p366,1,68
0,p367,1,96
0,p368,4,86
0,p369,26,95
0,p370,1,60
0,p371,84,1
0,p372,31,6
0,p373,12,1
0,p374,78,1
0,p375,1,4
0,p376,1,73
0,p377,98,1
0,p378,1,27
0,p379,97,12
0,p380,1,85
0,p381,62,1
0,p382,1,88
0,p383,92,77
0,p384,8,1
0,p385,45,1
0,p386,1,50
0,p387,1,99
0,p388,36,61
0,p389,82,1
0,p390,4,89
0,p391,79,1
0,p392,1,80
0,p393,56,1
0,p394,88,1
0,p395,1,48
0,p396,61,30
0,p397,77,1
0,p398,1,83
0,p399,86,19
0,p400,26,97
0,p401,26,1
0,p402,43,84
0,p403,1,72
0,p404,74,72
0,p405,36,1
0,p406,5,1
0,p407,2,87
0,p408,1,32
0,p409,27,1
0,p410,22,1
0,p411,48,1
0,p412,1,84
0,p413,1,16
0,p414,1,90
0,p415,3,79
0,p416,83,6
0,p417,3,1
0,p418,82,1
0,p419,1,49
0,p420,57,1
0,p421,82,88
0,p422,71,50
0,p423,76,1
0,p424,30,1
0,p425,1,70
0,p426,21,18
0,p427,1,65
0,p428,20,1
0,p429,56,1
0,p430,26,1
0,p431,1,45
0,p432,20,59
0,p433,1,39
0,p434,20,89
0,p435,16,22
0,p436,36,1
0,p437,9,1
0,p438,94,100
0,p439,10,77
0,p440,73,2
0,p441,79,9
0,p442,99,75
0,p443,1,62
0,p444,1,20
0,p445,1,15
0,p446,56,75
0,p447,1,99
0,p448,1,94
0,p449,35,9
0,p450,1,65
0,p451,20,1
0,p452,1,49
0,p453,1,37
0,p454,1,83
0,p455,8,32
0,p456,1,68
0,p457,31,77
0,p458,14,100
0,p459,26,1
0,p460,37,1
0,p461,1,48
0,p462,9,15
0,p463,57,1
0,p464,1,15
0,p465,1,36
0,p466,45,1
0,p467,43,1
0,p468,28,1
0,p469,88,49
0,p470,98,18
0,p471,1,99
0,p472,51,1
0,p473,29,89
0,p474,20,1
0,p475,36,85
0,p476,1,92
0,p477,25,1
0,p478,29,70
0,p479,8,1
0,p480,54,1
0,p481,1,26
0,p482,1,41
0,p483,66,32
0,p484,58,3
0,p485,64,1
0,p486,1,42
0,p487,1,55
0,p488,66,30
0,p489,3,63
0,p490,55,80
0,p491,34,1
0,p492,80,33
0,p493,1,50
0,p494,95,1
0,p495,1,51
0,p496,1,94
0,p497,64,1
0,p498,23,86
0,p499,1,44
0,p500,1,4
0,p501,1,36
0,p502,1,49
0,p503,81,1
0,p504,45,1
0,p505,77,33
0,p506,9,1
0,p507,86,1
0,p508,1,31
0,p509,50,47
0,p510,18,1
0,p511,40,1
0,p512,69,1
0,p513,98,1
0,p514,79,95
0,p515,1,71
0,p516,1,63
0,p517,77,1
0,p518,65,1
0,p519,71,36
0,p520,34,21
0,p521,1,59
0,p522,1,83
0,p523,35,1
0,p524,42,38
0,p525,92,1
0,p526,33,85
0,p527,28,1
0,p528,1,15
0,p529,1,85
0,p530,88,1
0,p531,43,1
0,p532,49,68
0,p533,15,66
0,p534,100,1
0,p535,1,36
0,p536,83,42
0,p537,58,1
0,p538,14,61
0,p539,1,46
0,p540,1,8
0,p541,91,98
0,p542,1,23
0,p543,78,1
0,p544,8,25
0,p545,16,5
0,p546,1,90
0,p547,93,17
0,p548,59,1
0,p549,91,1
0,p550,32,59
0,p551,35,1
0,p552,8,57
0,p553,100,11
0,p554,33,1
0,p555,42,1
0,p556,1,67
0,p557,90,1
0,p558,74,1
0,p559,12,67
0,p560,100,70
0,p561,92,1
0,p562,56,1
0,p563,1,34
0,p564,74,81
0,p565,37,1
0,p566,53,97
0,p567,35,27
0,p568,58,24
0,p569,49,7
0,p570,89,1
0,p571,1,33
0,p572,25,1
0,p573,100,3
0,p574,1,52
0,p575,58,6
0,p576,58,1
0,p577,67,1
0,p578,1,36
0,p579,1,51
0,p580,1,85
0,p581,76,1
0,p582,73,1
0,p583,93,1
0,p584,100,48
0,p585,61,1
0,p586,1,86
0,p587,1,6
0,p588,60,2
0,p589,68,1
0,p590,87,52
0,p591,89,83
0,p592,2,1
0,p593,87,1
0,p594,89,1
0,p595,76,1
0,p596,23,3
0,p597,48,1
0,p598,14,18
0,p599,56,4
0,p600,22,14
0,p601,21,50
0,p602,1,94
0,p603,52,1
0,p604,1,82
0,p605,53,9
0,p606,1,81
0,p607,44,35
0,p608,1,7
0,p609,51,1
0,p610,88,1
0,p611,1,25
0,p612,58,68
0,p613,70,1
0,p614,29,61
0,p615,31,1
0,p616,61,1
0,p617,43,30
0,p618,1,34
0,p619,73,47
0,p620,22,62
0,p621,1,7
0,p622,20,1
0,p623,27,1
0,p624,1,75
0,p625,1,43
0,p626,50,1
0,p627,47,1
0,p628,83,1
0,p629,1,53
0,p630,1,73
0,p631,14,48
0,p632,1,41
0,p633,77,6
0,p634,64,75
0,p635,41,1
0,p636,99,1
0,p637,64,3
0,p638,63,48
0,p639,62,1
0,p640,46,1
0,p641,63,75
0,p642,27,1
0,p643,1,24
0,p644,76,86
0,p645,1,94
0,p646,43,75
0,p647,1,11
0,p648,88,43
0,p649,55,1
0,p650,65,1
0,p651,1,20
0,p652,13,1
0,p653,1,87
0,p654,73,1
0,p655,73,58
0,p656,3,87
0,p657,30,1
0,p658,1,39
0,p659,36,30
0,p660,79,1
0,p661,60,1
0,p662,75,1
0,p663,81,1
0,p664,75,74
0,p665,86,1
0,p666,35,1
0,p667,1,26
0,p668,1,10
0,p669,32,69
0,p670,74,59
0,p671,54,31
0,p672,4,1
0,p673,85,1
0,p674,1,5
0,p675,1,15
0,p676,4,88
0,p677,66,70
0,p678,68,1
0,p679,47,1
0,p680,1,90
0,p681,36,1
0,p682,1,15
0,p683,1,52
0,p684,52,1
0,p685,1,8
0,p686,21,1
0,p687,98,1
0,p688,32,75
0,p689,1,57
0,p690,13,37
0,p691,11,43
0,p692,4,71
0,p693,76,60
0,p694,31,1
0,p695,1,18
0,p696,1,52
0,p697,1,82
0,p698,1,49
0,p699,1,50
0,p700,16,94
0,p701,98,88
0,p702,1,51
0,p703,9,88
0,p704,79,1
0,p705,11,74
0,p706,79,1
0,p707,1,32
0,p708,1,59
0,p709,93,49
0,p710,1,91
0,p711,8,15
0,p712,56,35
0,p713,74,48
0,p714,1,84
0,p715,25,1
0,p716,35,93
0,p717,1,100
0,p718,51,48
0,p719,15,1
0,p720,59,25
0,p721,76,29
0,p722,1,94
0,p723,1,65
0,p724,1,53
0,p725,1,13
0,p726,85,1
0,p727,97,1
0,p728,1,34
0,p729,1,21
0,p730,34,1
0,p731,39,1
0,p732,72,34
0,p733,6,1
0,p734,1,17
0,p735,1,11
0,p736,99,1
0,p737,1,42
0,p738,72,1
0,p739,65,1
0,p740,1,78
0,p741,32,1
0,p742,96,65
0,p743,26,1
0,p744,29,1
0,p745,98,90
0,p746,1,100
0,p747,79,1
0,p748,57,1
0,p749,1,3
0,p750,1,53
0,p751,1,28
0,p752,71,1
0,p753,77,1
0,p754,20,61
0,p755,1,66
0,p756,1,37
0,p757,1,7
0,p758,1,29
0,p759,1,97
0,p760,6,39
0,p761,100,43
0,p762,3,47
0,p763,42,95
0,p764,33,1
0,p765,1,6
0,p766,9,1
0,p767,1,99
0,p768,33,36
0,p769,38,1
0,p770,1,47
0,p771,87,14
0,p772,1,35
0,p773,1,89
0,p774,71,1
0,p775,30,1
0,p776,96,1
0,p777,1,56
0,p778,41,1
0,p779,1,2
0,p780,68,43
0,p781,1,54
0,p782,75,98
0,p783,65,58
0,p784,84,56
0,p785,47,1
0,p786,34,90
0,p787,46,1
0,p788,1,47
0,p789,15,91
0,p790,32,92
0,p791,1,83
0,p792,1,27
0,p793,1,100
0,p794,67,1
0,p795,73,99
0,p796,1,21
0,p797,22,1
0,p798,50,1
0,p799,1,19
0,p800,3,1
0,p801,1,23
0,p802,100,56
0,p803,29,13
0,p804,1,35
0,p805,1,20
0,p806,75,30
0,p807,10,57
0,p808,52,1
0,p809,77,58
0,p810,33,1
0,p811,55,1
0,p812,1,53
0,p813,1,18
0,p814,22,1
0,p815,1,70
0,p816,1,94
0,p817,56,16
0,p818,16,68
0,p819,95,56
0,p820,1,59
0,p821,24,1
0,p822,1,44
0,p823,83,1
0,p824,14,1
0,p825,27,87
0,p826,40,22
0,p827,18,1
0,p828,68,1
0,p829,32,1
0,p830,35,1
0,p831,99,60
0,p832,1,33
0,p833,64,1
0,p834,53,99
0,p835,98,63
0,p836,99,1
0,p837,1,35
0,p838,3,1
0,p839,100,52
0,p840,58,1
0,p841,87,1
0,p842,1,2
0,p843,1,7
0,p844,1,6
0,p845,3,1
0,p846,40,45
0,p847,37,1
0,p848,1,74
0,p849,25,13
0,p850,31,66
0,p851,50,1
0,p852,1,36
0,p853,18,49
0,p854,85,1
0,p855,62,1
0,p856,1,99
0,p857,21,1
0,p858,67,1
0,p859,14,61
0,p860,86,41
0,p861,52,93
0,p862,1,91
0,p863,81,99
0,p864,75,15
0,p865,72,92
0,p866,95,1
0,p867,65,48
0,p868,1,82
0,p869,52,13
0,p870,8,56
0,p871,1,32
0,p872,5,37
0,p873,1,8
0,p874,31,91
0,p875,15,1
0,p876,55,76
0,p877,1,96
0,p878,67,1
0,p879,28,12
0,p880,1,37
0,p881,28,1
0,p882,1,52
0,p883,43,29
0,p884,1,2
0,p885,1,39
0,p886,86,1
0,p887,1,71
0,p888,25,1
0,p889,72,1
0,p890,8,28
0,p891,1,83
0,p892,28,1
0,p893,49,14
0,p894,1,81
0,p895,96,53
0,p896,48,1
0,p897,1,27
0,p898,52,100
0,p899,94,1
0,p900,1,96
0,p901,87,57
0,p902,1,100
0,p903,63,94
0,p904,1,38
0,p905,75,29
0,p906,1,94
0,p907,2,27
0,p908,1,22
0,p909,22,1
0,p910,1,46
0,p911,61,82
0,p912,1,24
0,p913,6,5
0,p914,9,51
0,p915,1,23
0,p916,79,1
0,p917,38,1
0,p918,1,35
0,p919,1,86
0,p920,1,7
0,p921,38,1
0,p922,17,86
0,p923,1,23
0,p924,32,64
0,p925,34,4
0,p926,1,39
0,p927,1,84
0,p928,23,1
0,p929,1,11
0,p930,93,1
0,p931,19,39
0,p932,14,80
0,p933,1,64
0,p934,62,1
0,p935,1,17
0,p936,83,1
0,p937,65,1
0,p938,57,5
0,p939,85,1
0,p940,1,57
0,p941,32,22
0,p942,16,1
0,p943,1,35
0,p944,100,10
0,p945,20,1
0,p946,24,1
0,p947,46,1
0,p948,83,43
0,p949,1,20
0,p950,1,12
0,p951,17,1
0,p952,30,1
0,p953,22,87
0,p954,36,1
0,p955,1,73
0,p956,51,1
0,p957,63,85
0,p958,39,42
0,p959,1,31
0,p960,1,82
0,p961,74,1
0,p962,1,29
0,p963,62,1
0,p964,49,1
0,p965,65,100
0,p966,1,63
0,p967,25,85
0,p968,1,6
0,p969,1,100
0,p970,1,76
0,p971,73,52
0,p972,63,1
0,p973,55,1
0,p974,38,1
0,p975,66,1
0,p976,87,61
0,p977,79,77
0,p978,72,95
0,p979,76,89
0,p980,70,1
0,p981,85,1
0,p982,11,1
0,p983,1,52
0,p984,14,56
0,p985,41,1
0,p986,1,65
0,p987,54,14
0,p988,1,34
0,p989,93,1
0,p990,36,1
0,p991,1,41
0,p992,98,1
0,p993,1,15
0,p994,25,1
0,p995,36,1
0,p996,34,26
0,p997,31,26
0,p998,1,50
0,p999,1,89
0,p1000,93,85
0,p1001,57,1
0,p1002,28,55
0,p1003,87,38
0,p1004,1,18
0,p1005,60,1
0,p1006,22,71
0,p1007,1,33
0,p1008,22,1
0,p1009,1,71
0,p1010,58,1
0,p1011,52,41
0,p1012,45,25
0,p1013,1,78
0,p1014,62,1
0,p1015,68,1
0,p1016,61,85
0,p1017,66,70
0,p1018,1,35
0,p1019,5,1
0,p1020,93,1
0,p1021,87,1
0,p1022,1,79
0,p1023,64,1
0,p1024,1,7
0,p1025,34,29
0,p1026,91,4
0,p1027,93,66
0,p1028,39,1
0,p1029,1,13
0,p1030,33,1
0,p1031,86,1
0,p1032,59,1
0,p1033,47,1
0,p1034,1,92
0,p1035,57,1
0,p1036,72,68
0,p1037,45,63
0,p1038,1,95
0,p1039,9,1
0,p1040,1,25
0,p1041,3,1
0,p1042,1,94
0,p1043,94,69
0,p1044,32,92
0,p1045,43,20
0,p1046,95,1
0,p1047,88,1
0,p1048,1,48
0,p1049,13,99
0,p1050,10,91
0,p1051,98,1
0,p1052,1,47
0,p1053,13,78
0,p1054,83,70
0,p1055,54,1
0,p1056,82,19
0,p1057,9,1
0,p1058,1,93
0,p1059,46,1
0,p1060,1,3
0,p1061,60,1
0,p1062,78,1
0,p1063,11,1
0,p1064,56,80
0,p1065,22,1
0,p1066,79,51
0,p1067,62,1
0,p1068,34,75
0,p1069,18,1
0,p1070,7,29
0,p1071,6,1
0,p1072,1,77
0,p1073,20,6
0,p1074,28,79
0,p1075,1,95
0,p1076,41,53
0,p1077,1,21
0,p1078,71,1
0,p1079,1,71
0,p1080,66,1
0,p1081,1,74
0,p1082,78,3
0,p1083,69,60
0,p1084,91,1
0,p1085,20,84
0,p1086,1,23
0,p1087,1,61
0,p1088,60,28
0,p1089,59,1
0,p1090,44,23
0,p1091,1,74
0,p1092,87,57
0,p1093,2,1
0,p1094,1,59
0,p1095,1,82
0,p1096,44,41
0,p1097,37,38
0,p1098,56,34
0,p1099,1,47
0,p1100,1,19
0,p1101,7,60
0,p1102,36,1
0,p1103,81,11
0,p1104,19,68
0,p1105,1,45
0,p1106,1,22
0,p1107,32,1
0,p1108,79,1
0,p1109,32,8
0,p1110,56,97
0,p1111,1,28
0,p1112,62,1
0,p1113,27,1
0,p1114,1,56
0,p1115,22,98
0,p1116,89,1
0,p1117,80,1
0,p1118,1,28
0,p1119,1,93
0,p1120,68,1
0,p1121,9,1
0,p1122,88,100
0,p1123,1,61
0,p1124,55,57
0,p1125,1,21
0,p1126,53,2
0,p1127,1,98
0,p1128,5,62
0,p1129,1,90
0,p1130,72,1
0,p1131,81,18
0,p1132,100,1
0,p1133,3,1
0,p1134,88,22
0,p1135,43,1
0,p1136,83,47
0,p1137,83,1
0,p1138,1,45
0,p1139,55,91
0,p1140,36,56
0,p1141,14,1
0,p1142,70,1
0,p1143,45,1
0,p1144,45,52
0,p1145,93,65
0,p1146,23,1
0,p1147,1,34
0,p1148,84,1
0,p1149,1,77
0,p1150,2,37
0,p1151,8,80
0,p1152,75,1
0,p1153,6,7
0,p1154,1,19
0,p1155,1,94
0,p1156,49,1
0,p1157,37,1
0,p1158,1,37
0,p1159,97,23
0,p1160,1,58
0,p1161,89,58
0,p1162,1,12
0,p1163,14,1
0,p1164,12,1
0,p1165,1,96
0,p1166,61,1
0,p1167,57,1
0,p1168,5,68
0,p1169,79,3
0,p1170,18,1
0,p1171,52,75
0,p1172,36,74
0,p1173,94,7
0,p1174,100,1
0,p1175,44,1
0,p1176,78,1
0,p1177,22,30
0,p1178,1,80
0,p1179,2,1
0,p1180,61,1
0,p1181,77,1
0,p1182,55,1
0,p1183,1,23
0,p1184,2,12
0,p1185,98,1
0,p1186,23,54
0,p1187,62,49
0,p1188,31,3
0,p1189,40,1
0,p1190,1,88
0,p1191,1,39
0,p1192,24,57
0,p1193,30,6
0,p1194,1,73
0,p1195,1,62
0,p1196,30,68
0,p1197,1,10
0,p1198,1,11
0,p1199,49,3
0,p1200,100,1
0,p1201,1,99
0,p1202,16,91
0,p1203,64,49
0,p1204,9,8
0,p1205,78,1
0,p1206,25,10
0,p1207,2,10
0,p1208,7,21
0,p1209,77,24
0,p1210,1,37
0,p1211,1,87
0,p1212,1,59
0,p1213,1,57
0,p1214,79,1
0,p1215,73,1
0,p1216,78,35
0,p1217,60,92
0,p1218,69,1
0,p1219,1,40
0,p1220,25,1
0,p1221,1,69
0,p1222,51,1
0,p1223,98,96
0,p1224,38,98
0,p1225,68,52
0,p1226,1,58
0,p1227,40,1
0,p1228,55,1
0,p1229,47,1
0,p1230,64,31
0,p1231,1,69
0,p1232,68,28
0,p1233,1,47
0,p1234,83,1
0,p1235,39,1
0,p1236,91,84
0,p1237,46,1
0,p1238,1,63
0,p1239,91,1
0,p1240,77,20
0,p1241,1,75
0,p1242,23,77
0,p1243,27,49
0,p1244,85,1
0,p1245,94,87
0,p1246,80,1
0,p1247,15,46
0,p1248,1,14
0,p1249,88,31
0,p1250,49,20
0,p1251,64,1
0,p1252,74,82
0,p1253,24,60
0,p1254,1,64
0,p1255,51,1
0,p1256,82,61
0,p1257,59,65
0,p1258,24,78
0,p1259,32,46
0,p1260,54,92
0,p1261,1,29
0,p1262,63,93
0,p1263,1,33
0,p1264,84,1
0,p1265,62,1
0,p1266,3,1
0,p1267,41,1
0,p1268,28,33
0,p1269,1,16
0,p1270,94,1
0,p1271,85,40
0,p1272,53,48
0,p1273,70,1
0,p1274,1,92
0,p1275,72,1
0,p1276,1,60
0,p1277,1,79
0,p1278,57,53
0,p1279,1,77
0,p1280,94,1
0,p1281,1,96
0,p1282,73,74
0,p1283,77,98
0,p1284,25,7
0,p1285,1,2
0,p1286,1,53
0,p1287,1,29
0,p1288,9,1
0,p1289,1,88
0,p1290,50,1
0,p1291,1,86
0,p1292,79,1
0,p1293,74,15
0,p1294,67,12
0,p1295,18,63
0,p1296,77,19
0,p1297,90,68
0,p1298,75,1
0,p1299,11,1
0,p1300,1,30
0,p1301,1,78
0,p1302,19,45
0,p1303,1,82
0,p1304,27,42
0,p1305,1,87
0,p1306,48,1
0,p1307,92,17
0,p1308,31,1
0,p1309,1,19
0,p1310,72,90
0,p1311,1,36
0,p1312,1,39
0,p1313,72,1
0,p1314,82,1
0,p1315,33,1
0,p1316,84,1
0,p1317,89,1
0,p1318,99,74
0,p1319,1,2
0,p1320,70,1
0,p1321,1,39
0,p1322,1,98
0,p1323,99,15
0,p1324,46,3
0,p1325,35,75
0,p1326,51,1
0,p1327,67,1
0,p1328,78,1
0,p1329,44,1
0,p1330,98,1
0,p1331,1,40
0,p1332,3,1
0,p1333,77,1
0,p1334,24,26
0,p1335,46,91
0,p1336,1,16
0,p1337,1,74
0,p1338,51,1
0,p1339,1,3
0,p1340,1,64
0,p1341,50,17
0,p1342,85,1
0,p1343,85,99
0,p1344,1,16
0,p1345,96,1
0,p1346,1,76
0,p1347,5,27
0,p1348,19,1
0,p1349,1,47
0,p1350,1,51
0,p1351,1,96
0,p1352,4,84
0,p1353,1,99
0,p1354,1,9
0,p1355,1,90
0,p1356,1,69
0,p1357,77,27
0,p1358,93,14
0,p1359,33,21
0,p1360,36,1
0,p1361,1,85
0,p1362,96,1
0,p1363,10,1
0,p1364,32,13
0,p1365,3,93
0,p1366,63,11
0,p1367,1,51
0,p1368,1,14
0,p1369,1,65
0,p1370,1,45
0,p1371,68,1
0,p1372,62,1
0,p1373,83,1
0,p1374,1,13
0,p1375,82,1
0,p1376,90,1
0,p1377,1,88
0,p1378,22,30
0,p1379,80,34
0,p1380,71,38
0,p1381,93,64
0,p1382,1,83
0,p1383,39,45
0,p1384,1,3
0,p1385,20,1
0,p1386,1,38
0,p1387,1,52
0,p1388,1,100
0,p1389,19,1
0,p1390,8,64
0,p1391,17,66
0,p1392,95,42
0,p1393,1,30
0,p1394,1,16
0,p1395,1,56
0,p1396,51,1
0,p1397,1,71
0,p1398,10,94
0,p1399,14,12
0,p1400,1,80
0,p1401,1,9
0,p1402,93,47
0,p1403,2,1
0,p1404,1,70
0,p1405,1,81
0,p1406,1,34
0,p1407,53,69
0,p1408,1,76
0,p1409,19,1
0,p1410,65,48
0,p1411,24,1
0,p1412,57,1
0,p1413,15,20
0,p1414,87,1
0,p1415,1,84
0,p1416,1,48
0,p1417,96,1
0,p1418,72,1
0,p1419,82,1
0,p1420,1,80
0,p1421,1,31
0,p1422,59,1
0,p1423,42,9
0,p1424,1,51
0,p1425,1,23
0,p1426,4,90
0,p1427,44,57
0,p1428,1,16
0,p1429,82,1
0,p1430,74,1
0,p1431,46,35
0,p1432,78,4
0,p1433,43,53
0,p1434,1,42
0,p1435,91,52
0,p1436,1,11
0,p1437,1,65
0,p1438,1,26
0,p1439,1,87
0,p1440,23,1
0,p1441,1,35
0,p1442,1,56
0,p1443,43,45
0,p1444,1,41
0,p1445,92,24
0,p1446,22,1
0,p1447,1,91
0,p1448,1,84
0,p1449,1,93
0,p1450,97,1
0,p1451,90,1
0,p1452,89,1
0,p1453,1,66
0,p1454,1,30
0,p1455,1,29
0,p1456,87,1
0,p1457,73,7
0,p1458,55,1
0,p1459,1,9
0,p1460,75,1
0,p1461,29,87
0,p1462,73,1
0,p1463,66,35
0,p1464,57,1
0,p1465,1,53
0,p1466,10,37
0,p1467,21,84
0,p1468,49,1
0,p1469,1,91
0,p1470,72,80
0,p1471,78,1
0,p1472,1,25
0,p1473,24,49
0,p1474,1,33
0,p1475,62,1
0,p1476,1,83
0,p1477,1,30
0,p1478,84,28
0,p1479,92,68
0,p1480,11,1
0,p1481,1,16
0,p1482,1,84
0,p1483,26,14
0,p1484,77,1
0,p1485,74,93
0,p1486,55,1
0,p1487,83,1
0,p1488,1,65
0,p1489,1,46
0,p1490,85,1
0,p1491,35,62
0,p1492,44,1
0,p1493,89,46
0,p1494,50,1
0,p1495,74,95
0,p1496,95,31
0,p1497,1,46
0,p1498,57,3
0,p1499,53,1
0,p1500,31,1
0,p1501,24,64
0,p1502,1,82
0,p1503,1,29
0,p1504,1,16
0,p1505,21,1
0,p1506,32,1
0,p1507,84,31
0,p1508,32,1
0,p1509,33,1
0,p1510,1,18
0,p1511,96,1
0,p1512,1,100
0,p1513,84,1
0,p1514,52,30
0,p1515,54,1
0,p1516,84,5
0,p1517,1,77
0,p1518,46,1
0,p1519,94,1
0,p1520,1,9
0,p1521,33,1
0,p1522,25,10
0,p1523,43,87
0,p1524,1,18
0,p1525,22,1
0,p1526,41,36
0,p1527,1,49
0,p1528,1,53
0,p1529,92,48
0,p1530,1,80
0,p1531,41,63
0,p1532,61,1
0,p1533,1,35
0,p1534,57,20
0,p1535,30,17
0,p1536,52,68
0,p1537,9,5
0,p1538,47,64
0,p1539,100,78
0,p1540,2,55
0,p1541,30,1
0,p1542,60,1
0,p1543,1,35
0,p1544,35,37
0,p1545,1,21
0,p1546,3,1
0,p1547,9,86
0,p1548,1,80
0,p1549,77,8
0,p1550,100,60
0,p1551,50,32
0,p1552,1,86
0,p1553,39,1
0,p1554,29,1
0,p1555,10,1
0,p1556,4,1
0,p1557,4,1
0,p1558,87,61
0,p1559,1,33
0,p1560,5,10
0,p1561,20,44
0,p1562,55,54
0,p1563,30,10
0,p1564,25,1
0,p1565,40,89
0,p1566,16,1
0,p1567,91,100
0,p1568,1,20
0,p1569,15,1
0,p1570,2,55
0,p1571,1,63
0,p1572,1,85
0,p1573,45,1
0,p1574,1,57
0,p1575,69,1
0,p1576,63,77
0,p1577,38,15
0,p1578,72,29
0,p1579,20,1
0,p1580,30,1
0,p1581,1,23
0,p1582,56,90
0,p1583,1,88
0,p1584,1,30
0,p1585,45,23
0,p1586,1,45
0,p1587,85,25
0,p1588,79,1
0,p1589,56,67
0,p1590,85,1
0,p1591,1,52
0,p1592,1,28
0,p1593,2,59
0,p1594,11,27
0,p1595,56,1
0,p1596,19,1
0,p1597,73,1
0,p1598,32,100
0,p1599,2,15
0,p1600,1,56
0,p1601,66,33
0,p1602,1,25
0,p1603,77,90
0,p1604,1,70
0,p1605,43,47
0,p1606,41,1
0,p1607,98,1
0,p1608,13,1
0,p1609,1,48
0,p1610,80,1
0,p1611,1,94
0,p1612,10,1
0,p1613,68,1
0,p1614,42,96
0,p1615,19,1
0,p1616,1,59
0,p1617,78,54
0,p1618,56,1
0,p1619,1,73
0,p1620,1,59
0,p1621,74,1
0,p1622,77,65
0,p1623,95,1
0,p1624,95,35
0,p1625,22,1
0,p1626,19,1
0,p1627,71,93
0,p1628,1,86
0,p1629,46,1
0,p1630,99,52
0,p1631,83,1
0,p1632,1,45
0,p1633,1,22
0,p1634,2,1
0,p1635,55,14
0,p1636,1,89
0,p1637,93,87
0,p1638,46,70
0,p1639,1,94
0,p1640,1,2
0,p1641,1,42
0,p1642,57,1
0,p1643,93,50
0,p1644,82,80
0,p1645,99,1
0,p1646,11,1
0,p1647,67,1
0,p1648,1,69
0,p1649,1,47
0,p1650,22,1
0,p1651,33,11
0,p1652,1,46
0,p1653,11,22
0,p1654,1,66
0,p1655,8,86
0,p1656,50,1
0,p1657,1,80
0,p1658,1,72
0,p1659,1,89
0,p1660,93,1
0,p1661,1,24
0,p1662,1,95
0,p1663,49,11
0,p1664,2,1
0,p1665,6,1
0,p1666,1,59
0,p1667,21,12
0,p1668,1,39
0,p1669,1,97
0,p1670,1,68
0,p1671,16,1
0,p1672,8,1
0,p1673,55,58
0,p1674,26,1
0,p1675,33,1
0,p1676,1,39
0,p1677,25,1
0,p1678,52,1
0,p1679,30,1
0,p1680,16,1
0,p1681,29,42
0,p1682,20,1
0,p1683,67,71
0,p1684,18,1
0,p1685,22,12
0,p1686,29,58
0,p1687,72,78
0,p1688,16,1
0,p1689,1,77
0,p1690,72,68
0,p1691,1,96
0,p1692,1,24
0,p1693,69,57
0,p1694,1,73
0,p1695,1,87
0,p1696,95,74
0,p1697,1,75
0,p1698,84,2
0,p1699,1,98
0,p1700,1,80
0,p1701,33,1
0,p1702,94,45
0,p1703,1,91
0,p1704,46,81
0,p1705,43,22
0,p1706,35,9
0,p1707,66,9
0,p1708,1,15
0,p1709,55,1
0,p1710,32,1
0,p1711,15,1
0,p1712,8,86
0,p1713,1,35
0,p1714,39,1
0,p1715,13,1
0,p1716,45,89
0,p1717,1,20
0,p1718,51,42
0,p1719,92,1
0,p1720,3,1
0,p1721,6,23
0,p1722,68,1
0,p1723,1,5
0,p1724,83,18
0,p1725,90,1
0,p1726,1,29
0,p1727,1,13
0,p1728,82,74
0,p1729,42,1
0,p1730,84,1
0,p1731,24,40
0,p1732,62,21
0,p1733,80,89
0,p1734,1,8
0,p1735,72,51
0,p1736,94,1
0,p1737,1,66
0,p1738,96,1
0,p1739,1,35
0,p1740,1,13
0,p1741,83,1
0,p1742,99,1
0,p1743,1,6
0,p1744,9,37
0,p1745,95,81
0,p1746,1,25
0,p1747,88,66
0,p1748,99,9
0,p1749,31,22
0,p1750,1,36
0,p1751,1,12
0,p1752,59,78
0,p1753,1,69
0,p1754,54,1
0,p1755,71,57
0,p1756,84,1
0,p1757,61,1
0,p1758,98,1
0,p1759,1,67
0,p1760,7,39
0,p1761,1,51
0,p1762,1,79
0,p1763,1,23
0,p1764,89,90
0,p1765,1,22
0,p1766,1,47
0,p1767,1,99
0,p1768,6,58
0,p1769,1,4
0,p1770,46,38
0,p1771,10,1
0,p1772,29,59
0,p1773,29,1
0,p1774,68,1
0,p1775,71,1
0,p1776,50,93
0,p1777,1,11
0,p1778,70,4
0,p1779,1,38
0,p1780,30,1
0,p1781,11,1
0,p1782,56,1
0,p1783,3,36
0,p1784,83,14
0,p1785,1,54
0,p1786,1,52
0,p1787,72,9
0,p1788,1,7
0,p1789,1,17
0,p1790,1,24
0,p1791,11,34
0,p1792,8,1
0,p1793,81,53
0,p1794,1,79
0,p1795,1,13
0,p1796,86,89
0,p1797,1,29
0,p1798,1,6
0,p1799,78,1
0,p1800,77,1
0,p1801,22,1
0,p1802,55,5
0,p1803,1,30
0,p1804,87,70
0,p1805,1,13
0,p1806,1,3
0,p1807,95,61
0,p1808,81,1
0,p1809,84,1
0,p1810,1,20
0,p1811,1,65
0,p1812,45,1
0,p1813,13,1
0,p1814,91,1
0,p1815,7,54
0,p1816,41,8
0,p1817,68,28
0,p1818,1,61
0,p1819,81,14
0,p1820,35,1
0,p1821,1,47
0,p1822,1,23
0,p1823,25,30
0,p1824,7,1
0,p1825,52,84
0,p1826,74,1
0,p1827,81,20
0,p1828,43,1
0,p1829,11,1
0,p1830,94,1
0,p1831,12,1
0,p1832,93,75
0,p1833,1,31
0,p1834,21,1
0,p1835,6,1
0,p1836,50,1
0,p1837,61,69
0,p1838,1,61
0,p1839,1,65
0,p1840,39,1
0,p1841,35,1
0,p1842,1,86
0,p1843,38,25
0,p1844,61,1
0,p1845,1,94
0,p1846,54,88
0,p1847,1,70
0,p1848,1,64
0,p1849,59,23
0,p1850,69,1
0,p1851,1,84
0,p1852,59,37
0,p1853,49,1
0,p1854,50,100
0,p1855,82,1
0,p1856,1,52
0,p1857,1,62
0,p1858,10,12
0,p1859,63,20
0,p1860,10,56
0,p1861,34,55
0,p1862,1,73
0,p1863,97,25
0,p1864,1,47
0,p1865,93,1
0,p1866,63,1
0,p1867,37,99
0,p1868,82,52
0,p1869,99,1
0,p1870,88,38
0,p1871,95,1
0,p1872,1,80
0,p1873,1,55
0,p1874,74,1
0,p1875,79,28
0,p1876,1,57
0,p1877,23,70
0,p1878,1,67
0,p1879,19,1
0,p1880,10,1
0,p1881,33,83
0,p1882,55,67
0,p1883,31,1
0,p1884,1,60
0,p1885,53,3
0,p1886,1,36
0,p1887,1,88
0,p1888,23,1
0,p1889,71,38
0,p1890,3,1
0,p1891,81,1
0,p1892,1,20
0,p1893,3,32
0,p1894,86,74
0,p1895,1,76
0,p1896,1,17
0,p1897,1,41
0,p1898,58,1
0,p1899,91,1
0,p1900,1,26
0,p1901,68,30
0,p1902,38,1
0,p1903,1,61
0,p1904,38,2
0,p1905,40,8
0,p1906,1,62
0,p1907,1,79
0,p1908,39,1
0,p1909,1,88
0,p1910,38,1
0,p1911,99,66
0,p1912,1,17
0,p1913,6,52
0,p1914,56,82
0,p1915,68,9
0,p1916,1,87
0,p1917,84,94
0,p1918,18,1
0,p1919,93,1
0,p1920,26,1
0,p1921,2,1
0,p1922,40,76
0,p1923,1,19
0,p1924,1,95
0,p1925,38,50
0,p1926,1,33
0,p1927,44,1
0,p1928,1,80
0,p1929,36,86
0,p1930,66,90
0,p1931,1,58
0,p1932,82,30
0,p1933,63,83
0,p1934,1,6
0,p1935,1,6
0,p1936,76,32
0,p1937,1,81
0,p1938,74,65
0,p1939,16,88
0,p1940,1,72
0,p1941,14,58
0,p1942,99,1
0,p1943,30,51
0,p1944,1,19
0,p1945,80,1
0,p1946,1,36
0,p1947,42,1
0,p1948,75,70
0,p1949,22,1
0,p1950,87,96
0,p1951,70,1
0,p1952,1,50
0,p1953,45,1
0,p1954,22,1
0,p1955,86,1
0,p1956,1,94
0,p1957,79,1
0,p1958,90,28
0,p1959,57,1
0,p1960,72,60
0,p1961,28,45
0,p1962,1,100
0,p1963,41,1
0,p1964,1,93
0,p1965,21,55
0,p1966,90,1
0,p1967,71,64
0,p1968,65,1
0,p1969,23,1
0,p1970,43,1
0,p1971,46,1
0,p1972,1,21
0,p1973,61,33
0,p1974,18,1
0,p1975,1,94
0,p1976,20,1
0,p1977,22,4
0,p1978,35,84
0,p1979,30,1
0,p1980,1,70
0,p1981,80,1
0,p1982,29,54
0,p1983,1,9
0,p1984,49,1
0,p1985,13,1
0,p1986,1,88
0,p1987,16,1
0,p1988,55,1
0,p1989,42,1
0,p1990,86,1
0,p1991,1,52
0,p1992,27,1
0,p1993,87,1
0,p1994,83,1
0,p1995,1,92
0,p1996,57,1
0,p1997,1,87
0,p1998,21,67
0,p1999,8,1
0,p2000,17,35
0,p2001,42,70
0,p2002,76,1
0,p2003,1,9
0,p2004,17,75
0,p2005,53,93
0,p2006,17,1
0,p2007,1,100
0,p2008,72,1
0,p2009,18,1
0,p2010,1,48
0,p2011,93,1
0,p2012,7,17
0,p2013,31,1
0,p2014,33,45
0,p2015,1,43
0,p2016,1,63
0,p2017,24,42
0,p2018,1,70
0,p2019,92,1
0,p2020,55,98
0,p2021,1,45
0,p2022,14,67
0,p2023,65,1
0,p2024,83,1
0,p2025,89,1
0,p2026,54,41
0,p2027,1,91
0,p2028,97,1
0,p2029,99,16
0,p2030,22,75
0,p2031,8,1
0,p2032,32,55
0,p2033,14,1
0,p2034,78,1
0,p2035,27,1
0,p2036,1,32
0,p2037,1,61
0,p2038,1,99
0,p2039,42,56
0,p2040,1,71
0,p2041,37,1
0,p2042,1,80
0,p2043,1,23
0,p2044,19,1
0,p2045,36,1
0,p2046,17,100
0,p2047,15,1
0,p2048,1,80
0,p2049,75,1
0,p2050,94,49
0,p2051,18,1
0,p2052,1,69
0,p2053,85,1
0,p2054,62,77
0,p2055,67,29
0,p2056,29,1
0,p2057,99,92
0,p2058,1,85
0,p2059,54,23
0,p2060,49,70
0,p2061,1,85
0,p2062,6,1
0,p2063,1,60
0,p2064,71,1
0,p2065,1,49
0,p2066,93,2
0,p2067,1,96
0,p2068,74,100
0,p2069,1,47
0,p2070,1,99
0,p2071,3,1
0,p2072,46,15
0,p2073,1,39
0,p2074,1,97
0,p2075,1,14
0,p2076,1,63
0,p2077,9,62
0,p2078,1,20
0,p2079,64,52
0,p2080,1,79
0,p2081,1,26
0,p2082,72,94
0,p2083,1,18
0,p2084,1,87
0,p2085,22,1
0,p2086,1,86
0,p2087,1,46
0,p2088,68,1
0,p2089,19,60
0,p2090,58,88
0,p2091,1,57
0,p2092,41,1
0,p2093,1,49
0,p2094,1,16
0,p2095,1,39
0,p2096,65,1
0,p2097,12,1
0,p2098,16,1
0,p2099,2,1
0,p2100,1,8
0,p2101,25,1
0,p2102,84,32
0,p2103,89,1
0,p2104,1,93
0,p2105,1,44
0,p2106,1,75
0,p2107,1,34
0,p2108,25,51
0,p2109,93,1
0,p2110,1,28
0,p2111,1,60
0,p2112,57,1
0,p2113,55,94
0,p2114,40,1
0,p2115,93,99
0,p2116,1,89
0,p2117,67,1
0,p2118,58,1
0,p2119,1,4
0,p2120,1,50
0,p2121,1,40
0,p2122,50,1
0,p2123,1,23
0,p2124,1,14
0,p2125,30,86
0,p2126,1,7
0,p2127,86,49
0,p2128,64,1
0,p2129,1,15
0,p2130,66,1
0,p2131,3,1
0,p2132,56,1
0,p2133,41,74
0,p2134,1,19
0,p2135,1,72
0,p2136,59,65
0,p2137,1,82
0,p2138,70,1
0,p2139,1,58
0,p2140,51,26
0,p2141,1,90
0,p2142,22,1
0,p2143,1,71
0,p2144,16,1
0,p2145,47,1
0,p2146,1,91
0,p2147,1,55
0,p2148,36,1
0,p2149,1,51
0,p2150,1,24
0,p2151,71,1
0,p2152,19,1
0,p2153,70,1
0,p2154,11,1
0,p2155,88,64
0,p2156,1,40
0,p2157,47,1
0,p2158,57,56
0,p2159,36,4
0,p2160,1,4
0,p2161,95,1
0,p2162,11,1
0,p2163,4,50
0,p2164,32,1
0,p2165,71,2
0,p2166,82,1
0,p2167,1,61
0,p2168,91,89
0,p2169,10,1
0,p2170,1,73
0,p2171,1,10
0,p2172,1,66
0,p2173,1,20
0,p2174,84,1
0,p2175,22,38
0,p2176,1,93
0,p2177,1,37
0,p2178,16,15
0,p2179,21,16
0,p2180,58,97
0,p2181,60,1
0,p2182,20,25
0,p2183,20,1
0,p2184,37,86
0,p2185,20,1
0,p2186,41,96
0,p2187,7,1
0,p2188,52,1
0,p2189,1,37
0,p2190,1,65
0,p2191,88,41
0,p2192,13,1
0,p2193,1,18
0,p2194,94,1
0,p2195,4,1
0,p2196,1,7
0,p2197,1,68
0,p2198,1,2
0,p2199,73,83
0,p2200,96,1
0,p2201,9,75
0,p2202,65,63
0,p2203,87,1
0,p2204,1,65
0,p2205,1,96
0,p2206,86,1
0,p2207,3,1
0,p2208,1,20
0,p2209,1,96
0,p2210,92,10
0,p2211,99,1
0,p2212,74,1
0,p2213,93,1
0,p2214,1,15
0,p2215,98,14
0,p2216,1,69
0,p2217,12,1
0,p2218,93,13
0,p2219,1,61
0,p2220,6,1
0,p2221,47,1
0,p2222,30,56
0,p2223,89,1
0,p2224,1,98
0,p2225,42,10
0,p2226,57,72
0,p2227,85,10
0,p2228,84,1
0,p2229,1,45
0,p2230,93,16
0,p2231,56,1
0,p2232,73,1
0,p2233,85,4
0,p2234,56,1
0,p2235,1,76
0,p2236,40,1
0,p2237,67,1
0,p2238,29,1
0,p2239,1,82
0,p2240,1,15
0,p2241,1,67
0,p2242,31,1
0,p2243,60,69
0,p2244,1,32
0,p2245,58,33
0,p2246,1,92
0,p2247,34,1
0,p2248,1,68
0,p2249,57,82
0,p2250,32,40
0,p2251,97,32
0,p2252,28,21
0,p2253,1,69
0,p2254,46,1
0,p2255,14,1
0,p2256,24,66
0,p2257,68,1
0,p2258,1,74
0,p2259,64,89
0,p2260,97,86
0,p2261,83,58
0,p2262,92,1
0,p2263,99,1
0,p2264,97,57
0,p2265,14,44
0,p2266,57,1
0,p2267,1,38
0,p2268,1,98
0,p2269,1,89
0,p2270,7,1
0,p2271,12,16
0,p2272,14,1
0,p2273,4,1
0,p2274,75,33
0,p2275,100,25
0,p2276,76,1
0,p2277,1,61
0,p2278,21,1
0,p2279,1,60
0,p2280,37,1
0,p2281,85,1
0,p2282,18,1
0,p2283,1,41
0,p2284,71,59
0,p2285,9,37
0,p2286,1,10
0,p2287,94,1
0,p2288,81,24
0,p2289,28,1
0,p2290,59,69
0,p2291,63,96
0,p2292,1,100
0,p2293,1,20
0,p2294,74,73
0,p2295,57,1
0,p2296,1,55
0,p2297,1,38
0,p2298,1,76
0,p2299,23,1
0,p2300,82,1
0,p2301,66,1
0,p2302,87,1
0,p2303,80,1
0,p2304,97,27
0,p2305,54,26
0,p2306,1,100
0,p2307,80,1
0,p2308,100,1
0,p2309,82,37
0,p2310,4,1
0,p2311,61,66
0,p2312,50,89
0,p2313,42,1
0,p2314,63,4
0,p2315,24,73
0,p2316,1,74
0,p2317,5,33
0,p2318,75,14
0,p2319,1,66
0,p2320,68,1
0,p2321,24,1
0,p2322,13,83
0,p2323,1,57
0,p2324,1,69
0,p2325,1,2
0,p2326,32,1
0,p2327,1,32
0,p2328,80,1
0,p2329,1,33
0,p2330,1,85
0,p2331,67,33
0,p2332,34,1
0,p2333,83,10
0,p2334,19,21
0,p2335,56,64
0,p2336,86,1
0,p2337,1,85
0,p2338,64,1
0,p2339,71,25
0,p2340,69,4
0,p2341,46,82
0,p2342,88,79
0,p2343,77,59
0,p2344,31,83
0,p2345,86,46
0,p2346,98,44
0,p2347,1,89
0,p2348,64,1
0,p2349,37,38
0,p2350,27,1
0,p2351,1,20
0,p2352,87,1
0,p2353,1,51
0,p2354,8,76
0,p2355,1,16
0,p2356,27,34
0,p2357,22,78
0,p2358,67,1
0,p2359,54,85
0,p2360,73,1
0,p2361,31,1
0,p2362,5,1
0,p2363,75,1
0,p2364,48,57
0,p2365,1,70
0,p2366,1,95
0,p2367,79,73
0,p2368,1,21
0,p2369,75,24
0,p2370,1,81
0,p2371,15,52
0,p2372,15,21
0,p2373,22,1
0,p2374,89,1
0,p2375,91,1
0,p2376,39,1
0,p2377,1,35
0,p2378,1,92
0,p2379,53,91
0,p2380,87,8
0,p2381,100,62
0,p2382,87,1
0,p2383,31,39
0,p2384,1,12
0,p2385,92,1
0,p2386,96,67
0,p2387,53,3
0,p2388,85,94
0,p2389,1,92
0,p2390,82,1
0,p2391,1,80
0,p2392,58,1
0,p2393,93,33
0,p2394,1,34
0,p2395,1,50
0,p2396,90,1
0,p2397,15,25
0,p2398,1,57
0,p2399,14,1
0,p2400,1,40
0,p2401,83,35
0,p2402,60,9
0,p2403,1,48
0,p2404,36,32
0,p2405,86,1
0,p2406,72,27
0,p2407,82,1
0,p2408,1,61
0,p2409,58,1
0,p2410,18,1
0,p2411,1,25
0,p2412,67,1
0,p2413,67,57
0,p2414,4,1
0,p2415,1,16
0,p2416,64,41
0,p2417,16,1
0,p2418,54,46
0,p2419,1,17
0,p2420,97,34
0,p2421,33,1
0,p2422,19,1
0,p2423,27,1
0,p2424,40,1
0,p2425,75,1
0,p2426,1,67
0,p2427,1,45
0,p2428,49,1
0,p2429,42,1
0,p2430,67,49
0,p2431,11,1
0,p2432,63,30
0,p2433,1,38
0,p2434,84,1
0,p2435,1,57
0,p2436,2,26
0,p2437,95,56
0,p2438,1,83
0,p2439,56,86
0,p2440,85,54
0,p2441,50,9
0,p2442,61,1
0,p2443,84,25
0,p2444,6,91
0,p2445,88,1
0,p2446,1,3
0,p2447,17,1
0,p2448,50,1
0,p2449,48,1
0,p2450,74,1
0,p2451,1,23
0,p2452,1,7
0,p2453,49,1
0,p2454,89,1
0,p2455,29,69
0,p2456,1,92
0,p2457,48,65
0,p2458,1,96
0,p2459,48,100
0,p2460,16,20
0,p2461,77,1
0,p2462,1,58
0,p2463,32,1
0,p2464,84,1
0,p2465,4,28
0,p2466,54,23
0,p2467,62,10
0,p2468,66,29
0,p2469,1,9
0,p2470,18,67
0,p2471,79,50
0,p2472,33,1
0,p2473,90,1
0,p2474,91,1
0,p2475,1,40
0,p2476,1,45
0,p2477,49,1
0,p2478,1,21
0,p2479,1,80
0,p2480,1,5
0,p2481,65,1
0,p2482,1,53
0,p2483,72,85
0,p2484,15,70
0,p2485,1,4
0,p2486,89,1
0,p2487,11,1
0,p2488,74,1
0,p2489,51,1
0,p2490,55,1
0,p2491,74,1
0,p2492,1,10
0,p2493,2,1
0,p2494,91,1
0,p2495,28,97
0,p2496,1,33
0,p2497,1,55
0,p2498,15,12
0,p2499,56,15
0,p2500,10,57
0,p2501,71,1
0,p2502,69,58
0,p2503,71,1
0,p2504,44,72
0,p2505,5,10
0,p2506,44,23
0,p2507,68,26
0,p2508,1,21
0,p2509,70,1
0,p2510,93,77
0,p2511,1,81
0,p2512,5,1
0,p2513,88,90
0,p2514,24,67
0,p2515,1,42
0,p2516,1,88
0,p2517,1,14
0,p2518,32,1
0,p2519,56,1
0,p2520,1,77
0,p2521,76,71
0,p2522,42,1
0,p2523,98,66
0,p2524,90,56
0,p2525,16,1
0,p2526,17,98
0,p2527,83,41
0,p2528,1,76
0,p2529,34,93
0,p2530,87,41
0,p2531,7,1
0,p2532,53,1
0,p2533,1,41
0,p2534,78,1
0,p2535,1,39
0,p2536,54,1
0,p2537,1,23
0,p2538,25,1
0,p2539,1,31
0,p2540,8,1
0,p2541,1,67
0,p2542,28,97
0,p2543,79,1
0,p2544,42,85
0,p2545,1,2
0,p2546,1,75
0,p2547,1,87
0,p2548,91,1
0,p2549,1,57
0,p2550,81,35
0,p2551,1,31
0,p2552,1,4
0,p2553,1,90
0,p2554,63,72
0,p2555,1,56
0,p2556,60,1
0,p2557,1,91
0,p2558,70,1
0,p2559,1,58
0,p2560,1,51
0,p2561,1,58
0,p2562,79,65
0,p2563,25,1
0,p2564,36,15
0,p2565,61,1
0,p2566,1,47
0,p2567,76,62
0,p2568,76,26
0,p2569,1,57
0,p2570,47,1
0,p2571,46,1
0,p2572,16,1
0,p2573,27,55
0,p2574,1,97
0,p2575,1,31
0,p2576,82,33
0,p2577,1,47
0,p2578,1,59
0,p2579,57,1
0,p2580,16,30
0,p2581,84,28
0,p2582,34,46
0,p2583,76,1
0,p2584,1,6
0,p2585,10,76
0,p2586,87,35
0,p2587,8,1
0,p2588,1,30
0,p2589,1,44
0,p2590,36,29
0,p2591,94,88
0,p2592,1,70
0,p2593,87,1
0,p2594,95,94
0,p2595,15,1
0,p2596,80,1
0,p2597,71,1
0,p2598,9,12
0,p2599,52,43
0,p2600,37,1
0,p2601,97,1
0,p2602,37,1
0,p2603,50,92
0,p2604,1,90
0,p2605,58,1
0,p2606,25,41
0,p2607,1,19
0,p2608,86,1
0,p2609,92,1
0,p2610,1,51
0,p2611,21,93
0,p2612,12,55
0,p2613,97,40
0,p2614,87,1
0,p2615,97,1
0,p2616,1,22
0,p2617,27,100
0,p2618,19,1
0,p2619,33,38
0,p2620,15,1
0,p2621,37,39
0,p2622,1,53
0,p2623,75,1
0,p2624,79,14
0,p2625,96,93
0,p2626,1,73
0,p2627,1,64
0,p2628,7,65
0,p2629,79,29
0,p2630,1,18
0,p2631,54,1
0,p2632,1,71
0,p2633,96,94
0,p2634,34,59
0,p2635,92,1
0,p2636,20,48
0,p2637,1,45
0,p2638,1,42
0,p2639,28,64
0,p2640,70,1
0,p2641,1,96
0,p2642,1,30
0,p2643,35,26
0,p2644,1,79
0,p2645,92,1
0,p2646,1,31
0,p2647,1,39
0,p2648,60,67
0,p2649,79,73
0,p2650,1,90
0,p2651,54,1
0,p2652,98,1
0,p2653,57,67
0,p2654,31,79
0,p2655,62,10
0,p2656,22,1
0,p2657,1,95
0,p2658,92,49
0,p2659,1,16
0,p2660,22,40
0,p2661,83,1
0,p2662,57,1
0,p2663,75,1
0,p2664,1,92
0,p2665,1,76
0,p2666,100,1
0,p2667,56,1
0,p2668,1,50
0,p2669,63,1
0,p2670,1,58
0,p2671,1,99
0,p2672,1,42
0,p2673,56,29
0,p2674,100,1
0,p2675,1,67
0,p2676,1,42
0,p2677,1,94
0,p2678,61,32
0,p2679,49,1
0,p2680,88,1
0,p2681,1,29
0,p2682,7,28
0,p2683,13,23
0,p2684,29,99
0,p2685,90,1
0,p2686,74,57
0,p2687,1,88
0,p2688,95,1
0,p2689,1,73
0,p2690,1,46
0,p2691,1,34
0,p2692,68,1
0,p2693,1,72
0,p2694,1,98
0,p2695,1,99
0,p2696,1,63
0,p2697,17,71
0,p2698,100,1
0,p2699,38,1
0,p2700,76,63
0,p2701,1,91
0,p2702,35,55
0,p2703,1,55
0,p2704,33,99
0,p2705,33,30
0,p2706,1,24
0,p2707,9,1
0,p2708,21,2
0,p2709,1,41
0,p2710,71,1
0,p2711,1,55
0,p2712,45,1
0,p2713,6,1
0,p2714,1,71
0,p2715,47,1
0,p2716,1,92
0,p2717,78,37
0,p2718,1,55
0,p2719,1,100
0,p2720,46,1
0,p2721,46,63
0,p2722,86,69
0,p2723,98,1
0,p2724,55,1
0,p2725,9,77
0,p2726,49,1
0,p2727,16,1
0,p2728,27,19
0,p2729,49,1
0,p2730,1,95
0,p2731,68,1
0,p2732,28,81
0,p2733,93,55
0,p2734,30,67
0,p2735,1,71
0,p2736,1,79
0,p2737,90,1
0,p2738,40,69
0,p2739,1,77
0,p2740,1,24
0,p2741,7,1
0,p2742,1,21
0,p2743,1,76
0,p2744,49,23
0,p2745,24,1
0,p2746,1,32
0,p2747,27,1
0,p2748,69,1
0,p2749,79,1
0,p2750,85,86
0,p2751,94,1
0,p2752,20,1
0,p2753,1,39
0,p2754,64,29
0,p2755,1,16
0,p2756,12,1
0,p2757,1,100
0,p2758,1,59
0,p2759,34,81
0,p2760,88,46
0,p2761,69,86
0,p2762,40,1
0,p2763,20,79
0,p2764,1,63
0,p2765,6,1
0,p2766,38,1
0,p2767,1,69
0,p2768,47,1
0,p2769,1,100
0,p2770,1,100
0,p2771,23,1
0,p2772,36,54
0,p2773,1,75
0,p2774,85,1
0,p2775,73,46
0,p2776,71,1
0,p2777,1,31
0,p2778,98,1
0,p2779,50,1
0,p2780,93,1
0,p2781,1,51
0,p2782,39,95
0,p2783,28,78
0,p2784,43,96
0,p2785,90,97
0,p2786,54,1
0,p2787,15,82
0,p2788,1,86
0,p2789,49,1
0,p2790,68,1
0,p2791,1,68
0,p2792,92,1
0,p2793,54,1
0,p2794,1,73
0,p2795,1,25
0,p2796,48,1
0,p2797,11,1
0,p2798,18,1
0,p2799,55,1
0,p2800,3,1
0,p2801,54,1
0,p2802,40,87
0,p2803,1,82
0,p2804,1,89
0,p2805,1,30
0,p2806,9,1
0,p2807,63,1
0,p2808,39,75
0,p2809,93,1
0,p2810,1,23
0,p2811,12,20
0,p2812,80,46
0,p2813,20,63
0,p2814,1,55
0,p2815,74,100
0,p2816,58,1
0,p2817,4,37
0,p2818,1,8
0,p2819,1,25
0,p2820,36,1
0,p2821,94,1
0,p2822,81,1
0,p2823,69,38
0,p2824,1,67
0,p2825,46,59
0,p2826,95,1
0,p2827,43,1
0,p2828,63,44
0,p2829,1,82
0,p2830,59,68
0,p2831,67,1
0,p2832,11,1
0,p2833,31,1
0,p2834,69,3
0,p2835,1,92
0,p2836,1,99
0,p2837,72,59
0,p2838,63,27
0,p2839,81,1
0,p2840,1,29
0,p2841,1,41
0,p2842,57,1
0,p2843,74,43
0,p2844,1,10
0,p2845,32,31
0,p2846,73,1
0,p2847,22,1
0,p2848,1,30
0,p2849,1,43
0,p2850,1,17
0,p2851,1,83
0,p2852,60,81
0,p2853,1,5
0,p2854,28,33
0,p2855,35,1
0,p2856,94,1
0,p2857,1,93
0,p2858,1,82
0,p2859,1,51
0,p2860,55,36
0,p2861,1,35
0,p2862,1,15
0,p2863,83,95
0,p2864,67,37
0,p2865,1,25
0,p2866,83,1
0,p2867,66,39
0,p2868,1,59
0,p2869,1,59
0,p2870,7,4
0,p2871,1,47
0,p2872,20,1
0,p2873,1,2
0,p2874,1,100
0,p2875,46,23
0,p2876,1,84
0,p2877,48,1
0,p2878,32,61
0,p2879,1,26
0,p2880,1,83
0,p2881,9,1
0,p2882,1,73
0,p2883,76,80
0,p2884,1,99
0,p2885,33,1
0,p2886,1,86
0,p2887,1,90
0,p2888,22,1
0,p2889,75,1
0,p2890,38,1
0,p2891,45,1
0,p2892,32,90
0,p2893,60,71
0,p2894,1,17
0,p2895,54,1
0,p2896,41,1
0,p2897,53,1
0,p2898,1,47
0,p2899,92,1
0,p2900,61,1
0,p2901,7,14
0,p2902,3,4
0,p2903,37,71
0,p2904,100,57
0,p2905,62,91
0,p2906,12,1
0,p2907,65,1
0,p2908,96,1
0,p2909,1,72
0,p2910,18,94
0,p2911,98,1
0,p2912,1,63
0,p2913,77,14
0,p2914,13,1
0,p2915,4,1
0,p2916,1,22
0,p2917,50,1
0,p2918,58,1
0,p2919,66,1
0,p2920,82,1
0,p2921,1,60
0,p2922,61,1
0,p2923,80,1
0,p2924,5,48
0,p2925,84,96
0,p2926,25,6
0,p2927,23,1
0,p2928,1,60
0,p2929,1,93
0,p2930,14,66
0,p2931,16,1
0,p2932,7,4
0,p2933,1,66
0,p2934,54,1
0,p2935,1,57
0,p2936,1,56
0,p2937,18,60
0,p2938,27,70
0,p2939,1,9
0,p2940,1,27
0,p2941,84,1
0,p2942,92,1
0,p2943,1,65
0,p2944,1,56
0,p2945,87,1
0,p2946,52,1
0,p2947,50,1
0,p2948,26,97
0,p2949,55,1
0,p2950,58,68
0,p2951,1,60
0,p2952,90,5
0,p2953,1,38
0,p2954,1,19
0,p2955,94,1
0,p2956,76,1
0,p2957,11,82
0,p2958,1,87
0,p2959,66,95
0,p2960,83,1
0,p2961,1,43
0,p2962,1,41
0,p2963,1,83
0,p2964,10,68
0,p2965,38,1
0,p2966,29,41
0,p2967,1,89
0,p2968,1,43
0,p2969,49,1
0,p2970,1,62
0,p2971,51,82
0,p2972,1,67
0,p2973,19,1
0,p2974,63,1
0,p2975,31,1
0,p2976,1,61
0,p2977,37,24
0,p2978,3,29
0,p2979,1,75
0,p2980,1,43
0,p2981,1,82
0,p2982,88,1
0,p2983,85,1
0,p2984,4,64
0,p2985,75,18
0,p2986,66,75
0,p2987,72,1
0,p2988,17,96
0,p2989,1,36
0,p2990,3,1
0,p2991,1,95
0,p2992,48,1
0,p2993,1,43
0,p2994,32,53
0,p2995,71,1
0,p2996,60,85
0,p2997,3,25
0,p2998,13,1
0,p2999,13,28
0,p3000,69,1
0,p3001,1,39
0,p3002,22,1
0,p3003,1,9
0,p3004,1,16
0,p3005,1,11
0,p3006,1,84
0,p3007,1,97
0,p3008,1,80
0,p3009,74,5
0,p3010,1,45
0,p3011,16,1
0,p3012,99,1
0,p3013,24,81
0,p3014,82,1
0,p3015,13,36
0,p3016,84,38
0,p3017,81,83
0,p3018,78,1
0,p3019,64,95
0,p3020,13,100
0,p3021,14,59
0,p3022,32,1
0,p3023,83,84
0,p3024,1,10
0,p3025,94,23
0,p3026,1,10
0,p3027,1,69
0,p3028,1,49
0,p3029,1,86
0,p3030,1,5
0,p3031,1,28
0,p3032,35,1
0,p3033,45,73
0,p3034,1,9
0,p3035,79,1
0,p3036,37,35
0,p3037,75,1
0,p3038,1,54
0,p3039,46,17
0,p3040,36,1
0,p3041,32,79
0,p3042,1,44
0,p3043,50,1
0,p3044,1,28
0,p3045,1,62
0,p3046,79,1
0,p3047,44,93
0,p3048,78,71
0,p3049,65,1
0,p3050,1,4
0,p3051,1,86
0,p3052,1,45
0,p3053,51,1
0,p3054,30,91
0,p3055,67,1
0,p3056,1,79
0,p3057,67,41
0,p3058,6,1
0,p3059,56,1
0,p3060,69,1
0,p3061,96,1
0,p3062,1,55
0,p3063,31,46
0,p3064,14,24
0,p3065,81,12
0,p3066,31,18
0,p3067,1,69
0,p3068,51,1
0,p3069,23,86
0,p3070,15,55
0,p3071,11,39
0,p3072,1,3
0,p3073,1,23
0,p3074,48,1
0,p3075,82,1
0,p3076,1,35
0,p3077,1,18
0,p3078,1,41
0,p3079,90,1
0,p3080,1,45
0,p3081,34,1
0,p3082,67,1
0,p3083,58,26
0,p3084,97,11
0,p3085,7,1
0,p3086,27,1
0,p3087,57,79
0,p3088,47,1
0,p3089,85,1
0,p3090,1,58
0,p3091,65,96
0,p3092,83,3
0,p3093,1,89
0,p3094,22,1
0,p3095,2,1
0,p3096,1,76
0,p3097,67,46
0,p3098,59,1
0,p3099,99,1
0,p3100,1,36
0,p3101,50,1
0,p3102,30,1
0,p3103,1,44
0,p3104,56,93
0,p3105,1,32
0,p3106,38,16
0,p3107,91,49
0,p3108,1,86
0,p3109,1,52
0,p3110,50,1
0,p3111,46,75
0,p3112,90,1
0,p3113,1,53
0,p3114,37,38
0,p3115,98,1
0,p3116,95,65
0,p3117,74,27
0,p3118,21,1
0,p3119,11,93
0,p3120,63,1
0,p3121,1,35
0,p3122,1,23
0,p3123,79,1
0,p3124,16,71
0,p3125,90,11
0,p3126,71,47
0,p3127,1,92
0,p3128,100,45
0,p3129,77,1
0,p3130,64,18
0,p3131,1,57
0,p3132,1,48
0,p3133,31,19
0,p3134,100,1
0,p3135,85,93
0,p3136,68,1
0,p3137,1,73
0,p3138,100,1
0,p3139,12,1
0,p3140,1,23
0,p3141,30,64
0,p3142,81,1
0,p3143,59,95
0,p3144,7,1
0,p3145,91,1
0,p3146,80,1
0,p3147,25,27
0,p3148,66,52
0,p3149,18,69
0,p3150,93,1
0,p3151,7,1
0,p3152,1,30
0,p3153,1,16
0,p3154,15,1
0,p3155,1,32
0,p3156,37,51
0,p3157,80,1
0,p3158,1,21
0,p3159,42,50
0,p3160,1,11
0,p3161,75,1
0,p3162,93,86
0,p3163,95,45
0,p3164,76,96
0,p3165,1,87
0,p3166,99,44
0,p3167,72,74
0,p3168,1,35
0,p3169,29,25
0,p3170,97,1
0,p3171,1,86
0,p3172,43,1
0,p3173,1,77
0,p3174,1,49
0,p3175,74,1
0,p3176,11,1
0,p3177,15,50
0,p3178,86,1
0,p3179,98,1
0,p3180,1,69
0,p3181,35,71
0,p3182,85,1
0,p3183,10,57
0,p3184,1,76
0,p3185,1,80
0,p3186,83,72
0,p3187,83,39
0,p3188,14,75
0,p3189,54,84
0,p3190,1,16
0,p3191,1,27
0,p3192,1,30
0,p3193,1,99
0,p3194,70,1
0,p3195,10,1
0,p3196,48,1
0,p3197,83,1
0,p3198,52,48
0,p3199,59,1
0,p3200,1,36
0,p3201,62,1
0,p3202,31,99
0,p3203,1,66
0,p3204,59,1
0,p3205,44,1
0,p3206,1,44
0,p3207,50,1
0,p3208,1,77
0,p3209,1,80
0,p3210,1,70
0,p3211,1,99
0,p3212,35,36
0,p3213,73,29
0,p3214,1,48
0,p3215,75,1
0,p3216,95,20
0,p3217,1,41
0,p3218,1,67
0,p3219,1,36
0,p3220,46,52
0,p3221,1,74
0,p3222,29,66
0,p3223,95,85
0,p3224,56,50
0,p3225,19,1
0,p3226,45,93
0,p3227,97,50
0,p3228,1,18
0,p3229,22,1
0,p3230,71,34
0,p3231,1,65
0,p3232,1,28
0,p3233,54,34
0,p3234,1,68
0,p3235,61,1
0,p3236,88,1
0,p3237,1,56
0,p3238,1,67
0,p3239,63,21
0,p3240,26,1
0,p3241,1,99
0,p3242,1,86
0,p3243,1,24
0,p3244,81,51
0,p3245,1,98
0,p3246,7,22
0,p3247,48,79
0,p3248,60,1
0,p3249,37,83
0,p3250,6,1
0,p3251,39,62
0,p3252,38,89
0,p3253,1,78
0,p3254,96,84
0,p3255,54,74
0,p3256,20,22
0,p3257,9,1
0,p3258,66,1
0,p3259,52,1
0,p3260,82,1
0,p3261,21,69
0,p3262,11,74
0,p3263,1,25
0,p3264,1,51
0,p3265,1,34
0,p3266,1,45
0,p3267,67,1
0,p3268,24,1
0,p3269,1,63
0,p3270,1,17
0,p3271,50,35
0,p3272,65,16
0,p3273,1,95
0,p3274,1,32
0,p3275,54,1
0,p3276,10,1
0,p3277,80,1
0,p3278,1,95
0,p3279,29,68
0,p3280,1,89
0,p3281,1,77
0,p3282,1,55
0,p3283,4,67
0,p3284,1,69
0,p3285,1,81
0,p3286,10,55
0,p3287,1,73
0,p3288,12,65
0,p3289,45,37
0,p3290,1,74
0,p3291,1,42
0,p3292,1,6
0,p3293,1,45
0,p3294,81,27
0,p3295,1,65
0,p3296,14,53
0,p3297,1,18
0,p3298,1,62
0,p3299,1,8
0,p3300,49,1
0,p3301,98,1
0,p3302,1,16
0,p3303,1,32
0,p3304,73,1
0,p3305,73,1
0,p3306,86,1
0,p3307,92,1
0,p3308,62,70
0,p3309,22,1
0,p3310,16,60
0,p3311,56,1
0,p3312,58,61
0,p3313,31,35
0,p3314,71,1
0,p3315,42,1
0,p3316,1,20
0,p3317,1,86
0,p3318,15,7
0,p3319,81,90
0,p3320,88,1
0,p3321,51,1
0,p3322,85,72
0,p3323,52,1
0,p3324,92,75
0,p3325,77,1
0,p3326,45,1
0,p3327,8,53
0,p3328,70,82
0,p3329,1,41
0,p3330,1,94
0,p3331,1,21
0,p3332,35,48
0,p3333,1,44
0,p3334,1,55
0,p3335,1,7
0,p3336,14,48
0,p3337,1,86
0,p3338,1,35
0,p3339,39,1
0,p3340,35,1
0,p3341,1,88
0,p3342,1,97
0,p3343,4,1
0,p3344,92,35
0,p3345,1,100
0,p3346,1,98
0,p3347,19,49
0,p3348,15,8
0,p3349,68,1
0,p3350,34,1
0,p3351,1,83
0,p3352,1,84
0,p3353,23,1
0,p3354,13,31
0,p3355,25,1
0,p3356,48,1
0,p3357,87,8
0,p3358,1,43
0,p3359,1,20
0,p3360,22,11
0,p3361,1,29
0,p3362,47,1
0,p3363,1,23
0,p3364,1,77
0,p3365,88,1
0,p3366,77,1
0,p3367,26,1
0,p3368,1,2
0,p3369,1,84
0,p3370,29,59
0,p3371,1,74
0,p3372,82,1
0,p3373,25,48
0,p3374,1,35
0,p3375,56,62
0,p3376,68,1
0,p3377,17,3
0,p3378,82,14
0,p3379,64,1
0,p3380,11,1
0,p3381,18,5
0,p3382,57,1
0,p3383,10,59
0,p3384,90,74
0,p3385,88,1
0,p3386,48,93
0,p3387,19,1
0,p3388,64,1
0,p3389,24,1
0,p3390,1,71
0,p3391,11,1
0,p3392,84,98
0,p3393,1,16
0,p3394,53,39
0,p3395,1,85
0,p3396,67,93
0,p3397,1,28
0,p3398,31,24
0,p3399,1,31
0,p3400,15,1
0,p3401,50,1
0,p3402,1,38
0,p3403,9,54
0,p3404,96,1
0,p3405,5,69
0,p3406,1,30
0,p3407,1,31
0,p3408,84,1
0,p3409,23,28
0,p3410,29,99
0,p3411,97,6
0,p3412,69,49
0,p3413,71,79
0,p3414,84,100
0,p3415,77,1
0,p3416,96,1
0,p3417,50,1
0,p3418,19,23
0,p3419,1,95
0,p3420,1,7
0,p3421,1,46
0,p3422,3,1
0,p3423,76,63
0,p3424,90,15
0,p3425,1,5
0,p3426,27,1
0,p3427,1,44
0,p3428,89,1
0,p3429,7,1
0,p3430,1,28
0,p3431,47,29
0,p3432,1,22
0,p3433,1,88
0,p3434,74,1
0,p3435,1,41
0,p3436,53,51
0,p3437,1,58
0,p3438,30,73
0,p3439,1,84
0,p3440,45,1
0,p3441,1,56
0,p3442,1,57
0,p3443,57,85
0,p3444,1,29
0,p3445,93,7
0,p3446,1,20
0,p3447,1,7
0,p3448,46,1
0,p3449,1,90
0,p3450,1,25
0,p3451,36,31
0,p3452,1,97
0,p3453,1,100
0,p3454,6,1
0,p3455,1,7
0,p3456,35,86
0,p3457,51,1
0,p3458,8,63
0,p3459,1,74
0,p3460,1,95
0,p3461,22,1
0,p3462,1,5
0,p3463,61,1
0,p3464,88,1
0,p3465,61,1
0,p3466,53,97
0,p3467,40,1
0,p3468,61,1
0,p3469,30,1
0,p3470,1,8
0,p3471,1,80
0,p3472,65,97
0,p3473,30,1
0,p3474,1,32
0,p3475,66,1
0,p3476,1,95
0,p3477,52,36
0,p3478,1,12
0,p3479,68,42
0,p3480,85,41
0,p3481,1,8
0,p3482,79,1
0,p3483,1,23
0,p3484,1,78
0,p3485,100,48
0,p3486,6,1
0,p3487,55,1
0,p3488,1,3
0,p3489,1,27
0,p3490,54,25
0,p3491,42,1
0,p3492,1,72
0,p3493,1,78
0,p3494,1,43
0,p3495,1,18
0,p3496,1,86
0,p3497,1,27
0,p3498,22,1
0,p3499,82,70
0,p3500,1,60
0,p3501,7,1
0,p3502,70,1
0,p3503,1,14
0,p3504,95,1
0,p3505,66,29
0,p3506,48,1
0,p3507,1,9
0,p3508,1,88
0,p3509,66,1
0,p3510,4,28
0,p3511,33,1
0,p3512,1,2
0,p3513,73,31
0,p3514,49,12
0,p3515,1,43
0,p3516,41,1
0,p3517,1,17
0,p3518,90,15
0,p3519,15,1
0,p3520,40,1
0,p3521,83,13
0,p3522,4,1
0,p3523,1,87
0,p3524,70,21
0,p3525,1,5
0,p3526,1,26
0,p3527,14,27
0,p3528,60,58
0,p3529,1,71
0,p3530,18,1
0,p3531,21,55
0,p3532,1,28
0,p3533,1,58
0,p3534,13,1
0,p3535,3,54
0,p3536,19,1
0,p3537,25,80
0,p3538,82,1
0,p3539,65,1
0,p3540,83,1
0,p3541,1,51
0,p3542,16,1
0,p3543,15,46
0,p3544,77,4
0,p3545,1,52
0,p3546,41,84
0,p3547,10,83
0,p3548,1,81
0,p3549,3,75
0,p3550,93,34
0,p3551,8,1
0,p3552,1,41
0,p3553,1,88
0,p3554,53,1
0,p3555,1,51
0,p3556,1,22
0,p3557,53,94
0,p3558,1,97
0,p3559,16,1
0,p3560,1,21
0,p3561,94,36
0,p3562,96,21
0,p3563,1,32
0,p3564,1,23
0,p3565,60,1
0,p3566,79,89
0,p3567,94,50
0,p3568,1,51
0,p3569,52,1
0,p3570,96,55
0,p3571,77,1
0,p3572,1,55
0,p3573,1,61
0,p3574,63,20
0,p3575,70,55
0,p3576,1,97
0,p3577,1,73
0,p3578,24,30
0,p3579,14,77
0,p3580,46,1
0,p3581,85,1
0,p3582,86,47
0,p3583,2,1
0,p3584,36,41
0,p3585,25,1
0,p3586,30,100
0,p3587,87,1
0,p3588,42,95
0,p3589,1,17
0,p3590,99,55
0,p3591,1,7
0,p3592,16,34
0,p3593,93,1
0,p3594,6,1
0,p3595,1,21
0,p3596,41,1
0,p3597,1,37
0,p3598,1,10
0,p3599,77,1
0,p3600,65,86
0,p3601,84,1
0,p3602,80,50
0,p3603,92,1
0,p3604,1,60
0,p3605,69,1
0,p3606,20,1
0,p3607,87,67
0,p3608,3,42
0,p3609,44,1
0,p3610,20,1
0,p3611,97,36
0,p3612,11,1
0,p3613,23,95
0,p3614,24,6
0,p3615,1,87
0,p3616,95,57
0,p3617,12,25
0,p3618,43,1
0,p3619,1,13
0,p3620,4,1
0,p3621,53,100
0,p3622,1,10
0,p3623,1,65
0,p3624,7,16
0,p3625,26,64
0,p3626,67,87
0,p3627,64,1
0,p3628,84,1
0,p3629,1,59
0,p3630,1,84
0,p3631,1,64
0,p3632,20,4
0,p3633,21,43
0,p3634,1,23
0,p3635,1,66
0,p3636,45,1
0,p3637,1,33
0,p3638,97,18
0,p3639,1,33
0,p3640,30,1
0,p3641,1,47
0,p3642,17,82
0,p3643,63,36
0,p3644,64,1
0,p3645,1,24
0,p3646,63,1
0,p3647,38,55
0,p3648,1,12
0,p3649,1,60
0,p3650,67,1
0,p3651,34,58
0,p3652,1,43
0,p3653,61,20
0,p3654,83,1
0,p3655,1,64
0,p3656,1,26
0,p3657,49,51
0,p3658,34,88
0,p3659,1,72
0,p3660,92,1
0,p3661,78,1
0,p3662,1,65
0,p3663,84,1
0,p3664,17,5
0,p3665,60,47
0,p3666,1,89
0,p3667,1,53
0,p3668,61,1
0,p3669,1,94
0,p3670,1,97
0,p3671,61,38
0,p3672,89,1
0,p3673,67,65
0,p3674,1,48
0,p3675,99,7
0,p3676,93,1
0,p3677,61,19
0,p3678,46,29
0,p3679,28,1
0,p3680,38,1
0,p3681,28,1
0,p3682,1,29
0,p3683,69,1
0,p3684,54,1
0,p3685,1,91
0,p3686,74,1
0,p3687,1,59
0,p3688,1,38
0,p3689,37,1
0,p3690,10,1
0,p3691,26,1
0,p3692,1,3
0,p3693,14,61
0,p3694,49,7
0,p3695,40,28
0,p3696,1,71
0,p3697,37,1
0,p3698,10,46
0,p3699,32,69
0,p3700,52,1
0,p3701,86,53
0,p3702,1,15
0,p3703,66,1
0,p3704,82,1
0,p3705,1,87
0,p3706,1,76
0,p3707,1,67
0,p3708,18,1
0,p3709,1,13
0,p3710,1,96
0,p3711,34,1
0,p3712,50,1
0,p3713,99,95
0,p3714,1,93
0,p3715,40,1
0,p3716,1,15
0,p3717,86,1
0,p3718,55,1
0,p3719,62,15
0,p3720,1,32
0,p3721,1,56
0,p3722,96,1
0,p3723,14,1
0,p3724,1,54
0,p3725,56,12
0,p3726,30,83
0,p3727,4,1
0,p3728,7,65
0,p3729,1,95
0,p3730,1,60
0,p3731,1,94
0,p3732,1,9
0,p3733,1,52
0,p3734,28,1
0,p3735,1,43
0,p3736,36,63
0,p3737,87,65
0,p3738,39,1
0,p3739,1,35
0,p3740,57,42
0,p3741,66,50
0,p3742,16,93
0,p3743,1,40
0,p3744,1,52
0,p3745,1,41
0,p3746,52,1
0,p3747,1,5
0,p3748,2,1
0,p3749,17,1
0,p3750,73,71
0,p3751,1,6
0,p3752,32,1
0,p3753,65,1
0,p3754,1,3
0,p3755,65,1
0,p3756,99,1
0,p3757,50,69
0,p3758,43,1
0,p3759,35,1
0,p3760,96,1
0,p3761,55,96
0,p3762,29,1
0,p3763,9,1
0,p3764,5,95
0,p3765,19,56
0,p3766,56,97
0,p3767,15,28
0,p3768,7,61
0,p3769,16,80
0,p3770,1,41
0,p3771,6,1
0,p3772,1,85
0,p3773,13,1
0,p3774,1,73
0,p3775,1,79
0,p3776,26,1
0,p3777,75,1
0,p3778,1,10
0,p3779,65,72
0,p3780,1,38
0,p3781,83,1
0,p3782,13,1
0,p3783,62,27
0,p3784,78,1
0,p3785,91,1
0,p3786,1,61
0,p3787,1,74
0,p3788,7,1
0,p3789,1,41
0,p3790,24,99
0,p3791,64,1
0,p3792,71,31
0,p3793,46,1
0,p3794,49,25
0,p3795,91,33
0,p3796,1,99
0,p3797,43,1
0,p3798,58,53
0,p3799,17,1
0,p3800,41,1
0,p3801,17,1
0,p3802,27,1
0,p3803,12,41
0,p3804,60,16
0,p3805,1,17
0,p3806,12,1
0,p3807,1,67
0,p3808,21,1
0,p3809,63,1
0,p3810,34,7
0,p3811,53,100
0,p3812,1,20
0,p3813,1,9
0,p3814,95,1
0,p3815,1,83
0,p3816,54,81
0,p3817,61,71
0,p3818,2,93
0,p3819,1,42
0,p3820,1,49
0,p3821,1,84
0,p3822,16,1
0,p3823,71,1
0,p3824,99,74
0,p3825,42,51
0,p3826,17,1
0,p3827,20,1
0,p3828,98,1
0,p3829,1,37
0,p3830,1,76
0,p3831,52,1
0,p3832,38,82
0,p3833,81,38
0,p3834,81,38
0,p3835,69,99
0,p3836,66,95
0,p3837,35,95
0,p3838,56,1
0,p3839,76,45
0,p3840,18,1
0,p3841,1,88
0,p3842,59,90
0,p3843,1,89
0,p3844,1,67
0,p3845,95,1
0,p3846,1,33
0,p3847,11,1
0,p3848,90,1
0,p3849,24,48
0,p3850,88,59
0,p3851,1,82
0,p3852,26,1
0,p3853,1,92
0,p3854,23,1
0,p3855,1,51
0,p3856,94,1
0,p3857,93,29
0,p3858,19,1
0,p3859,93,1
0,p3860,74,41
0,p3861,1,40
0,p3862,1,19
0,p3863,64,78
0,p3864,56,1
0,p3865,90,1
0,p3866,79,77
0,p3867,12,25
0,p3868,4,14
0,p3869,1,17
0,p3870,50,53
0,p3871,30,71
0,p3872,58,1
0,p3873,81,1
0,p3874,60,1
0,p3875,1,23
0,p3876,54,43
0,p3877,29,75
0,p3878,64,57
0,p3879,64,100
0,p3880,72,64
0,p3881,96,1
0,p3882,72,1
0,p3883,1,4
0,p3884,27,96
0,p3885,5,41
0,p3886,1,5
0,p3887,50,1
0,p3888,91,1
0,p3889,75,54
0,p3890,59,74
0,p3891,2,97
0,p3892,1,88
0,p3893,21,1
0,p3894,1,60
0,p3895,6,1
0,p3896,24,1
0,p3897,1,24
0,p3898,5,1
0,p3899,79,1
0,p3900,1,78
0,p3901,1,42
0,p3902,1,21
0,p3903,45,47
0,p3904,1,34
0,p3905,1,60
0,p3906,1,86
0,p3907,96,1
0,p3908,99,1
0,p3909,48,86
0,p3910,47,88
0,p3911,90,15
0,p3912,1,36
0,p3913,20,1
0,p3914,78,55
0,p3915,64,94
0,p3916,23,78
0,p3917,94,55
0,p3918,1,58
0,p3919,1,55
0,p3920,23,1
0,p3921,1,14
0,p3922,73,93
0,p3923,48,32
0,p3924,27,22
0,p3925,1,75
0,p3926,10,1
0,p3927,1,77
0,p3928,1,98
0,p3929,2,1
0,p3930,29,1
0,p3931,87,1
0,p3932,98,13
0,p3933,1,64
0,p3934,27,1
0,p3935,18,1
0,p3936,19,93
0,p3937,41,87
0,p3938,1,74
0,p3939,59,1
0,p3940,41,1
0,p3941,1,58
0,p3942,20,1
0,p3943,89,1
0,p3944,1,57
0,p3945,31,1
0,p3946,56,39
0,p3947,94,1
0,p3948,1,9
0,p3949,46,1
0,p3950,1,19
0,p3951,21,55
0,p3952,5,71
0,p3953,1,51
0,p3954,38,1
0,p3955,85,2
0,p3956,53,36
0,p3957,70,22
0,p3958,3,62
0,p3959,12,73
0,p3960,9,1
0,p3961,16,77
0,p3962,41,26
0,p3963,12,64
0,p3964,1,62
0,p3965,74,77
0,p3966,1,64
0,p3967,1,12
0,p3968,95,89
0,p3969,54,1
0,p3970,26,73
0,p3971,40,74
0,p3972,88,1
0,p3973,1,84
0,p3974,1,91
0,p3975,66,89
0,p3976,60,1
0,p3977,1,49
0,p3978,14,1
0,p3979,1,53
0,p3980,1,22
0,p3981,1,75
0,p3982,22,86
0,p3983,1,63
0,p3984,1,82
0,p3985,1,63
0,p3986,9,43
0,p3987,15,1
0,p3988,67,24
0,p3989,66,38
0,p3990,1,83
0,p3991,65,100
0,p3992,1,17
0,p3993,80,1
0,p3994,93,2
0,p3995,1,43
0,p3996,38,90
0,p3997,1,34
0,p3998,1,65
0,p3999,1,82
0,p4000,1,17
0,p4001,1,36
0,p4002,32,5
0,p4003,56,66
0,p4004,81,1
0,p4005,1,77
0,p4006,49,1
0,p4007,23,58
0,p4008,1,11
0,p4009,1,4
0,p4010,1,36
0,p4011,60,1
0,p4012,77,33
0,p4013,1,65
0,p4014,1,89
0,p4015,19,28
0,p4016,1,57
0,p4017,98,1
0,p4018,30,71
0,p4019,76,1
0,p4020,94,1
0,p4021,68,1
0,p4022,76,25
0,p4023,1,49
0,p4024,46,1
0,p4025,50,61
0,p4026,1,57
0,p4027,13,9
0,p4028,23,41
0,p4029,26,87
0,p4030,72,47
0,p4031,39,49
0,p4032,100,1
0,p4033,73,50
0,p4034,28,92
0,p4035,76,52
0,p4036,57,1
0,p4037,18,1
0,p4038,1,17
0,p4039,36,1
0,p4040,1,2
0,p4041,69,1
0,p4042,85,1
0,p4043,1,19
0,p4044,1,40
0,p4045,45,89
0,p4046,20,3
0,p4047,22,1
0,p4048,47,23
0,p4049,1,77
0,p4050,1,63
0,p4051,1,43
0,p4052,36,1
0,p4053,9,1
0,p4054,1,41
0,p4055,1,55
0,p4056,80,1
0,p4057,1,66
0,p4058,78,21
0,p4059,88,64
0,p4060,1,36
0,p4061,1,40
0,p4062,1,63
0,p4063,47,1
0,p4064,77,1
0,p4065,8,31
0,p4066,85,1
0,p4067,78,1
0,p4068,1,65
0,p4069,1,96
0,p4070,1,90
0,p4071,1,72
0,p4072,73,1
0,p4073,63,34
0,p4074,70,1
0,p4075,11,62
0,p4076,66,39
0,p4077,90,1
0,p4078,1,53
0,p4079,1,75
0,p4080,53,25
0,p4081,1,92
0,p4082,61,1
0,p4083,1,43
0,p4084,45,1
0,p4085,1,91
0,p4086,2,1
0,p4087,8,1
0,p4088,7,44
0,p4089,50,88
0,p4090,87,1
0,p4091,71,74
0,p4092,12,1
0,p4093,1,72
0,p4094,22,20
0,p4095,75,1
0,p4096,1,32
0,p4097,43,32
0,p4098,34,1
0,p4099,1,10
0,p4100,40,1
0,p4101,25,20
0,p4102,99,46
0,p4103,22,46
0,p4104,1,97
0,p4105,94,1
0,p4106,23,61
0,p4107,1,47
0,p4108,66,47
0,p4109,16,1
0,p4110,25,85
0,p4111,1,38
0,p4112,77,53
0,p4113,70,78
0,p4114,1,58
0,p4115,12,1
0,p4116,1,54
0,p4117,6,72
0,p4118,33,1
0,p4119,13,1
0,p4120,1,22
0,p4121,80,1
0,p4122,69,1
0,p4123,57,1
0,p4124,70,23
0,p4125,1,21
0,p4126,1,63
0,p4127,70,1
0,p4128,63,40
0,p4129,30,1
0,p4130,1,57
0,p4131,1,59
0,p4132,11,16
0,p4133,90,1
0,p4134,1,24
0,p4135,1,22
0,p4136,1,20
0,p4137,39,76
0,p4138,87,77
0,p4139,1,99
0,p4140,32,1
0,p4141,1,2
0,p4142,1,32
0,p4143,14,52
0,p4144,92,1
0,p4145,33,1
0,p4146,76,7
0,p4147,1,13
0,p4148,93,1
0,p4149,1,66
0,p4150,63,1
0,p4151,1,69
0,p4152,1,2
0,p4153,3,1
0,p4154,89,91
0,p4155,1,7
0,p4156,1,42
0,p4157,87,60
0,p4158,4,96
0,p4159,80,1
0,p4160,1,86
0,p4161,88,3
0,p4162,32,22
0,p4163,1,22
0,p4164,1,86
0,p4165,17,1
0,p4166,18,1
0,p4167,80,1
0,p4168,1,83
0,p4169,12,50
0,p4170,59,1
0,p4171,50,78
0,p4172,51,1
0,p4173,46,10
0,p4174,1,2
0,p4175,12,1
0,p4176,52,1
0,p4177,79,7
0,p4178,1,61
0,p4179,61,1
0,p4180,1,18
0,p4181,3,8
0,p4182,39,1
0,p4183,78,21
0,p4184,53,1
0,p4185,20,56
0,p4186,1,33
0,p4187,83,71
0,p4188,1,82
0,p4189,75,1
0,p4190,5,1
0,p4191,17,1
0,p4192,29,16
0,p4193,98,1
0,p4194,14,41
0,p4195,1,21
0,p4196,1,93
0,p4197,25,1
0,p4198,7,91
0,p4199,1,2
0,p4200,19,35
0,p4201,32,1
0,p4202,93,1
0,p4203,1,3
0,p4204,93,84
0,p4205,1,50
0,p4206,10,75
0,p4207,65,1
0,p4208,50,1
0,p4209,85,1
0,p4210,23,41
0,p4211,52,59
0,p4212,78,1
0,p4213,23,1
0,p4214,33,97
0,p4215,66,45
0,p4216,42,14
0,p4217,1,86
0,p4218,25,5
0,p4219,1,80
0,p4220,1,64
0,p4221,25,66
0,p4222,27,13
0,p4223,100,1
0,p4224,90,1
0,p4225,64,55
0,p4226,3,1
0,p4227,1,49
0,p4228,1,94
0,p4229,1,63
0,p4230,91,1
0,p4231,24,54
0,p4232,1,83
0,p4233,98,1
0,p4234,1,56
0,p4235,14,30
0,p4236,1,48
0,p4237,1,76
0,p4238,19,60
0,p4239,72,1
0,p4240,71,21
0,p4241,99,91
0,p4242,33,50
0,p4243,1,64
0,p4244,1,71
0,p4245,65,60
0,p4246,1,46
0,p4247,82,77
0,p4248,10,21
0,p4249,1,94
0,p4250,1,73
0,p4251,1,4
0,p4252,1,4
0,p4253,5,1
0,p4254,15,1
0,p4255,1,30
0,p4256,100,1
0,p4257,83,86
0,p4258,74,1
0,p4259,65,1
0,p4260,95,40
0,p4261,77,89
0,p4262,1,43
0,p4263,10,78
0,p4264,40,1
0,p4265,16,1
0,p4266,46,1
0,p4267,1,26
0,p4268,10,1
0,p4269,24,14
0,p4270,1,78
0,p4271,69,20
0,p4272,39,13
0,p4273,80,1
0,p4274,33,99
0,p4275,9,60
0,p4276,62,1
0,p4277,40,1
0,p4278,1,77
0,p4279,1,98
0,p4280,37,30
0,p4281,1,7
0,p4282,1,50
0,p4283,69,31
0,p4284,30,18
0,p4285,44,1
0,p4286,36,38
0,p4287,60,1
0,p4288,1,63
0,p4289,1,62
0,p4290,38,1
0,p4291,1,13
0,p4292,21,82
0,p4293,54,1
0,p4294,1,75
0,p4295,1,69
0,p4296,51,29
0,p4297,47,1
0,p4298,10,11
0,p4299,1,29
0,p4300,72,57
0,p4301,56,1
0,p4302,79,67
0,p4303,1,48
0,p4304,95,1
0,p4305,70,1
0,p4306,71,58
0,p4307,1,66
0,p4308,88,53
0,p4309,53,1
0,p4310,96,1
0,p4311,42,4
0,p4312,14,1
0,p4313,92,1
0,p4314,6,1
0,p4315,1,15
0,p4316,66,1
0,p4317,1,82
0,p4318,60,1
0,p4319,3,1
0,p4320,42,1
0,p4321,3,1
0,p4322,1,44
0,p4323,75,1
0,p4324,1,55
0,p4325,1,84
0,p4326,1,92
0,p4327,1,78
0,p4328,1,99
0,p4329,16,1
0,p4330,1,45
0,p4331,61,1
0,p4332,86,70
0,p4333,81,1
0,p4334,71,58
0,p4335,44,14
0,p4336,68,36
0,p4337,1,93
0,p4338,19,1
0,p4339,1,76
0,p4340,15,86
0,p4341,59,1
0,p4342,4,1
0,p4343,56,46
0,p4344,3,41
0,p4345,1,38
0,p4346,1,34
0,p4347,1,50
0,p4348,3,1
0,p4349,23,1
0,p4350,83,64
0,p4351,1,91
0,p4352,1,74
0,p4353,1,41
0,p4354,43,14
0,p4355,7,25
0,p4356,48,1
0,p4357,69,1
0,p4358,1,53
0,p4359,9,94
0,p4360,1,99
0,p4361,1,79
0,p4362,16,33
0,p4363,23,18
0,p4364,1,72
0,p4365,58,96
0,p4366,13,2
0,p4367,56,1
0,p4368,28,86
0,p4369,1,95
0,p4370,99,1
0,p4371,57,1
0,p4372,51,81
0,p4373,25,1
0,p4374,42,1
0,p4375,1,99
0,p4376,1,27
0,p4377,64,1
0,p4378,13,77
0,p4379,1,60
0,p4380,57,1
0,p4381,12,68
0,p4382,1,44
0,p4383,88,1
0,p4384,21,42
0,p4385,1,78
0,p4386,32,92
0,p4387,55,1
0,p4388,1,38
0,p4389,1,60
0,p4390,45,78
0,p4391,89,1
0,p4392,90,1
0,p4393,4,47
0,p4394,40,1
0,p4395,86,1
0,p4396,99,1
0,p4397,1,92
0,p4398,60,78
0,p4399,16,1
0,p4400,1,67
0,p4401,12,1
0,p4402,1,100
0,p4403,32,1
0,p4404,1,58
0,p4405,45,63
0,p4406,23,68
0,p4407,1,96
0,p4408,1,49
0,p4409,1,67
0,p4410,1,71
0,p4411,17,81
0,p4412,46,1
0,p4413,45,63
0,p4414,1,27
0,p4415,1,77
0,p4416,1,35
0,p4417,83,78
0,p4418,1,80
0,p4419,1,76
0,p4420,1,75
0,p4421,65,1
0,p4422,60,1
0,p4423,25,1
0,p4424,1,20
0,p4425,1,4
0,p4426,14,64
0,p4427,37,28
0,p4428,1,88
0,p4429,1,15
0,p4430,52,1
0,p4431,1,90
0,p4432,13,1
0,p4433,63,15
0,p4434,1,95
0,p4435,60,67
0,p4436,89,38
0,p4437,3,30
0,p4438,1,72
0,p4439,6,1
0,p4440,80,1
0,p4441,30,1
0,p4442,54,1
0,p4443,74,1
0,p4444,1,78
0,p4445,21,1
0,p4446,1,4
0,p4447,1,52
0,p4448,36,96
0,p4449,42,1
0,p4450,1,29
0,p4451,55,15
0,p4452,1,71
0,p4453,19,1
0,p4454,36,1
0,p4455,1,79
0,p4456,30,1
0,p4457,1,16
0,p4458,75,69
0,p4459,22,1
0,p4460,72,1
0,p4461,2,29
0,p4462,45,60
0,p4463,1,66
0,p4464,73,1
0,p4465,14,1
0,p4466,54,1
0,p4467,1,57
0,p4468,1,4
0,p4469,1,44
0,p4470,53,20
0,p4471,90,23
0,p4472,46,31
0,p4473,62,1
0,p4474,3,57
0,p4475,91,65
0,p4476,1,33
0,p4477,1,91
0,p4478,32,1
0,p4479,20,1
0,p4480,26,84
0,p4481,77,1
0,p4482,1,100
0,p4483,13,1
0,p4484,82,1
0,p4485,12,1
0,p4486,1,36
0,p4487,80,60
0,p4488,52,66
0,p4489,1,81
0,p4490,79,61
0,p4491,17,39
0,p4492,22,68
0,p4493,83,81
0,p4494,1,19
0,p4495,97,37
0,p4496,1,42
0,p4497,1,47
0,p4498,1,45
0,p4499,54,63
0,p4500,85,76
0,p4501,54,70
0,p4502,79,99
0,p4503,12,14
0,p4504,94,22
0,p4505,1,20
0,p4506,1,10
0,p4507,45,69
0,p4508,98,1
0,p4509,58,76
0,p4510,86,1
0,p4511,1,14
0,p4512,37,15
0,p4513,1,84
0,p4514,38,15
0,p4515,9,1
0,p4516,23,61
0,p4517,43,70
0,p4518,40,1
0,p4519,74,10
0,p4520,40,49
0,p4521,1,66
0,p4522,6,80
0,p4523,58,50
0,p4524,1,75
0,p4525,2,77
0,p4526,1,26
0,p4527,19,1
0,p4528,27,31
0,p4529,1,57
0,p4530,34,1
0,p4531,1,3
0,p4532,1,87
0,p4533,29,1
0,p4534,80,1
0,p4535,55,46
0,p4536,67,95
0,p4537,1,100
0,p4538,1,16
0,p4539,70,1
0,p4540,63,1
0,p4541,1,65
0,p4542,1,41
0,p4543,1,56
0,p4544,1,29
0,p4545,31,1
0,p4546,1,74
0,p4547,78,94
0,p4548,91,7
0,p4549,35,1
0,p4550,69,1
0,p4551,85,70
0,p4552,54,39
0,p4553,60,1
0,p4554,14,1
0,p4555,28,1
0,p4556,1,86
0,p4557,1,83
0,p4558,45,1
0,p4559,56,73
0,p4560,1,62
0,p4561,1,25
0,p4562,1,88
0,p4563,18,84
0,p4564,64,1
0,p4565,1,6
0,p4566,54,40
0,p4567,34,1
0,p4568,60,1
0,p4569,45,1
0,p4570,1,40
0,p4571,1,30
0,p4572,1,92
0,p4573,57,1
0,p4574,1,19
0,p4575,1,12
0,p4576,83,1
0,p4577,14,1
0,p4578,95,1
0,p4579,1,35
0,p4580,1,55
0,p4581,1,40
0,p4582,1,10
0,p4583,92,1
0,p4584,1,42
0,p4585,16,1
0,p4586,5,1
0,p4587,1,90
0,p4588,72,80
0,p4589,1,63
0,p4590,9,1
0,p4591,39,97
0,p4592,96,1
0,p4593,1,45
0,p4594,1,60
0,p4595,90,1
0,p4596,94,59
0,p4597,69,98
0,p4598,64,1
0,p4599,75,92
0,p4600,67,1
0,p4601,85,1
0,p4602,1,30
0,p4603,80,77
0,p4604,19,1
0,p4605,87,1
0,p4606,1,91
0,p4607,44,8
0,p4608,1,23
0,p4609,42,39
0,p4610,1,97
0,p4611,4,1
0,p4612,4,44
0,p4613,93,1
0,p4614,50,1
0,p4615,1,3
0,p4616,5,43
0,p4617,43,67
0,p4618,78,1
0,p4619,1,95
0,p4620,77,1
0,p4621,88,1
0,p4622,52,37
0,p4623,1,42
0,p4624,62,34
0,p4625,91,95
0,p4626,24,1
0,p4627,66,1
0,p4628,64,74
0,p4629,8,73
0,p4630,1,22
0,p4631,29,43
0,p4632,74,21
0,p4633,3,32
0,p4634,1,86
0,p4635,96,1
0,p4636,1,30
0,p4637,56,1
0,p4638,95,55
0,p4639,1,52
0,p4640,63,77
0,p4641,98,1
0,p4642,1,87
0,p4643,43,1
0,p4644,7,1
0,p4645,9,1
0,p4646,1,21
0,p4647,67,46
0,p4648,89,79
0,p4649,17,95
0,p4650,6,1
0,p4651,1,90
0,p4652,62,11
0,p4653,90,1
0,p4654,1,4
0,p4655,1,32
0,p4656,1,7
0,p4657,62,51
0,p4658,67,1
0,p4659,1,28
0,p4660,85,1
0,p4661,79,56
0,p4662,1,78
0,p4663,49,57
0,p4664,82,1
0,p4665,75,1
0,p4666,1,22
0,p4667,5,1
0,p4668,1,11
0,p4669,16,33
0,p4670,78,9
0,p4671,1,38
0,p4672,49,84
0,p4673,86,1
0,p4674,92,32
0,p4675,1,43
0,p4676,100,1
0,p4677,18,55
0,p4678,7,16
0,p4679,37,1
0,p4680,18,38
0,p4681,1,31
0,p4682,1,4
0,p4683,1,26
0,p4684,1,36
0,p4685,1,90
0,p4686,1,71
0,p4687,1,78
0,p4688,53,20
0,p4689,1,7
0,p4690,1,96
0,p4691,28,1
0,p4692,1,89
0,p4693,1,43
0,p4694,1,30
0,p4695,5,1
0,p4696,80,1
0,p4697,52,1
0,p4698,15,65
0,p4699,33,90
0,p4700,1,47
0,p4701,38,91
0,p4702,22,99
0,p4703,1,74
0,p4704,1,64
0,p4705,1,48
0,p4706,37,80
0,p4707,1,28
0,p4708,18,79
0,p4709,1,79
0,p4710,67,1
0,p4711,4,1
0,p4712,57,26
0,p4713,66,1
0,p4714,1,37
0,p4715,1,8
0,p4716,99,1
0,p4717,1,57
0,p4718,80,57
0,p4719,34,1
0,p4720,1,3
0,p4721,1,15
0,p4722,70,1
0,p4723,1,10
0,p4724,13,53
0,p4725,1,48
0,p4726,1,48
0,p4727,11,1
0,p4728,39,90
0,p4729,73,81
0,p4730,1,97
0,p4731,1,73
0,p4732,58,1
0,p4733,43,4
0,p4734,33,75
0,p4735,22,70
0,p4736,1,36
0,p4737,71,57
0,p4738,98,1
0,p4739,1,90
0,p4740,54,1
0,p4741,67,1
0,p4742,82,1
0,p4743,84,72
0,p4744,31,19
0,p4745,1,20
0,p4746,31,91
0,p4747,39,1
0,p4748,7,1
0,p4749,41,1
0,p4750,1,99
0,p4751,1,39
0,p4752,77,1
0,p4753,1,65
0,p4754,68,62
0,p4755,1,88
0,p4756,23,1
0,p4757,1,3
0,p4758,87,1
0,p4759,77,1
0,p4760,1,25
0,p4761,48,1
0,p4762,52,1
0,p4763,31,1
0,p4764,1,26
0,p4765,7,5
0,p4766,1,39
0,p4767,20,1
0,p4768,1,57
0,p4769,8,1
0,p4770,1,96
0,p4771,29,37
0,p4772,1,45
0,p4773,69,100
0,p4774,38,57
0,p4775,57,1
0,p4776,1,58
0,p4777,1,49
0,p4778,40,39
0,p4779,1,79
0,p4780,1,52
0,p4781,63,58
0,p4782,23,5
0,p4783,1,63
0,p4784,96,24
0,p4785,18,47
0,p4786,1,79
0,p4787,24,47
0,p4788,91,1
0,p4789,1,19
0,p4790,27,30
0,p4791,1,56
0,p4792,63,1
0,p4793,28,1
0,p4794,6,73
0,p4795,1,27
0,p4796,24,1
0,p4797,67,39
0,p4798,77,1
0,p4799,97,96
0,p4800,52,86
0,p4801,19,66
0,p4802,50,77
0,p4803,43,99
0,p4804,27,1
0,p4805,1,59
0,p4806,35,1
0,p4807,99,1
0,p4808,73,45
0,p4809,3,1
0,p4810,89,64
0,p4811,1,61
0,p4812,1,9
0,p4813,7,1
0,p4814,1,78
0,p4815,81,39
0,p4816,1,65
0,p4817,1,31
0,p4818,20,1
0,p4819,72,36
0,p4820,15,1
0,p4821,97,83
0,p4822,26,1
0,p4823,77,1
0,p4824,1,77
0,p4825,20,78
0,p4826,1,13
0,p4827,1,24
0,p4828,80,1
0,p4829,1,84
0,p4830,15,1
0,p4831,15,1
0,p4832,10,1
0,p4833,1,42
0,p4834,93,1
0,p4835,1,3
0,p4836,20,48
0,p4837,97,1
0,p4838,1,45
0,p4839,1,42
0,p4840,1,98
0,p4841,1,12
0,p4842,71,38
0,p4843,1,12
0,p4844,68,1
0,p4845,95,1
0,p4846,1,94
0,p4847,1,61
0,p4848,34,83
0,p4849,78,1
0,p4850,2,61
0,p4851,49,75
0,p4852,58,35
0,p4853,89,1
0,p4854,19,1
0,p4855,1,73
0,p4856,1,90
0,p4857,1,62
0,p4858,71,9
0,p4859,20,1
0,p4860,36,87
0,p4861,1,48
0,p4862,44,1
0,p4863,85,30
0,p4864,18,1
0,p4865,1,73
0,p4866,49,1
0,p4867,92,1
0,p4868,38,32
0,p4869,7,54
0,p4870,1,65
0,p4871,90,1
0,p4872,1,37
0,p4873,1,100
0,p4874,1,16
0,p4875,17,1
0,p4876,21,1
0,p4877,21,28
0,p4878,26,56
0,p4879,74,88
0,p4880,1,32
0,p4881,31,44
0,p4882,6,1
0,p4883,40,82
0,p4884,1,32
0,p4885,75,1
0,p4886,1,43
0,p4887,84,1
0,p4888,1,6
0,p4889,1,53
0,p4890,69,1
0,p4891,33,1
0,p4892,56,1
0,p4893,40,36
0,p4894,1,55
0,p4895,83,1
0,p4896,1,98
0,p4897,1,40
0,p4898,65,81
0,p4899,1,30
0,p4900,39,1
0,p4901,1,30
0,p4902,1,20
0,p4903,44,48
0,p4904,1,14
0,p4905,6,33
0,p4906,60,63
0,p4907,83,47
0,p4908,23,1
0,p4909,27,1
0,p4910,19,33
0,p4911,18,28
0,p4912,50,1
0,p4913,1,98
0,p4914,98,4
0,p4915,1,2
0,p4916,43,69
0,p4917,1,92
0,p4918,29,1
0,p4919,1,21
0,p4920,1,93
0,p4921,1,79
0,p4922,97,10
0,p4923,93,81
0,p4924,41,1
0,p4925,31,1
0,p4926,75,1
0,p4927,83,86
0,p4928,57,100
0,p4929,72,21
0,p4930,81,97
0,p4931,1,37
0,p4932,58,1
0,p4933,8,78
0,p4934,4,1
0,p4935,1,86
0,p4936,1,11
0,p4937,84,38
0,p4938,1,19
0,p4939,58,1
0,p4940,1,63
0,p4941,10,1
0,p4942,50,1
0,p4943,20,91
0,p4944,48,100
0,p4945,1,27
0,p4946,28,1
0,p4947,57,47
0,p4948,1,95
0,p4949,75,49
0,p4950,87,1
0,p4951,1,78
0,p4952,12,1
0,p4953,50,1
0,p4954,86,45
0,p4955,49,1
0,p4956,1,33
0,p4957,1,37
0,p4958,13,81
0,p4959,44,1
0,p4960,1,22
0,p4961,5,1
0,p4962,1,75
0,p4963,63,64
0,p4964,3,72
0,p4965,17,76
0,p4966,1,44
0,p4967,72,70
0,p4968,75,1
0,p4969,79,1
0,p4970,1,33
0,p4971,66,1
0,p4972,29,21
0,p4973,9,1
0,p4974,1,42
0,p4975,9,94
0,p4976,49,78
0,p4977,1,99
0,p4978,1,11
0,p4979,59,1
0,p4980,34,82
0,p4981,1,62
0,p4982,98,96
0,p4983,61,1
0,p4984,16,81
0,p4985,33,96
0,p4986,1,99
0,p4987,1,94
0,p4988,54,72
0,p4989,1,14
0,p4990,40,89
0,p4991,91,5
0,p4992,8,5
0,p4993,86,33
0,p4994,52,42
0,p4995,41,100
0,p4996,1,44
0,p4997,59,1
0,p4998,1,3
0,p4999,48,91
0,p5000,1,32
0,p5001,1,91
0,p5002,1,34
0,p5003,1,56
0,p5004,12,95
0,p5005,60,1
0,p5006,1,16
0,p5007,1,4
0,p5008,89,1
0,p5009,1,15
0,p5010,1,78
0,p5011,1,87
0,p5012,39,1
0,p5013,40,97
0,p5014,1,7
0,p5015,1,70
0,p5016,1,64
0,p5017,15,1
0,p5018,7,1
0,p5019,78,1
0,p5020,24,1
0,p5021,17,2
0,p5022,40,1
0,p5023,1,79
0,p5024,65,1
0,p5025,49,1
0,p5026,76,49
0,p5027,89,1
0,p5028,1,23
0,p5029,100,79
0,p5030,25,1
0,p5031,90,31
0,p5032,24,1
0,p5033,1,93
0,p5034,50,1
0,p5035,44,1
0,p5036,37,95
0,p5037,80,61
0,p5038,1,49
0,p5039,35,1
0,p5040,21,54
0,p5041,69,9
0,p5042,13,88
0,p5043,90,29
0,p5044,75,1
0,p5045,98,37
0,p5046,8,1
0,p5047,1,14
0,p5048,25,1
0,p5049,28,35
0,p5050,39,1
0,p5051,1,53
0,p5052,46,1
0,p5053,1,33
0,p5054,1,38
0,p5055,78,1
0,p5056,1,63
0,p5057,93,66
0,p5058,11,9
0,p5059,1,15
0,p5060,31,33
0,p5061,55,90
0,p5062,1,11
0,p5063,45,1
0,p5064,58,39
0,p5065,1,15
0,p5066,83,30
0,p5067,77,1
0,p5068,1,77
0,p5069,1,18
0,p5070,47,1
0,p5071,1,12
0,p5072,1,94
0,p5073,9,1
0,p5074,1,11
0,p5075,1,13
0,p5076,1,4
0,p5077,28,85
0,p5078,60,82
0,p5079,1,79
0,p5080,1,26
0,p5081,67,92
0,p5082,1,36
0,p5083,1,86
0,p5084,36,99
0,p5085,1,51
0,p5086,1,68
0,p5087,1,15
0,p5088,1,12
0,p5089,32,1
0,p5090,47,1
0,p5091,99,56
0,p5092,1,19
0,p5093,71,98
0,p5094,51,2
0,p5095,14,3
0,p5096,47,26
0,p5097,73,82
0,p5098,90,1
0,p5099,81,1
0,p5100,80,35
0,p5101,1,97
0,p5102,4,13
0,p5103,2,1
0,p5104,1,22
0,p5105,12,1
0,p5106,21,73
0,p5107,37,1
0,p5108,1,60
0,p5109,1,84
0,p5110,1,37
0,p5111,91,1
0,p5112,70,1
0,p5113,54,44
0,p5114,55,67
0,p5115,22,52
0,p5116,8,1
0,p5117,22,1
0,p5118,58,80
0,p5119,20,1
0,p5120,1,83
0,p5121,1,43
0,p5122,3,1
0,p5123,1,23
0,p5124,45,1
0,p5125,84,18
0,p5126,1,42
0,p5127,1,82
0,p5128,1,6
0,p5129,1,46
0,p5130,1,19
0,p5131,67,10
0,p5132,61,1
0,p5133,21,1
0,p5134,99,16
0,p5135,1,60
0,p5136,20,1
0,p5137,1,87
0,p5138,50,1
0,p5139,24,3
0,p5140,50,1
0,p5141,89,1
0,p5142,1,35
0,p5143,70,1
0,p5144,1,20
0,p5145,26,1
0,p5146,93,1
0,p5147,1,97
0,p5148,1,32
0,p5149,14,1
0,p5150,65,66
0,p5151,1,93
0,p5152,92,27
0,p5153,1,51
0,p5154,78,1
0,p5155,1,72
0,p5156,91,1
0,p5157,49,1
0,p5158,18,1
0,p5159,1,18
0,p5160,82,1
0,p5161,80,32
0,p5162,43,51
0,p5163,1,74
0,p5164,10,59
0,p5165,18,12
0,p5166,1,74
0,p5167,31,80
0,p5168,1,65
0,p5169,10,1
0,p5170,1,62
0,p5171,89,1
0,p5172,41,1
0,p5173,84,2
0,p5174,100,73
0,p5175,26,1
0,p5176,49,1
0,p5177,1,14
0,p5178,71,1
0,p5179,1,2
0,p5180,48,6
0,p5181,59,35
0,p5182,38,47
0,p5183,11,1
0,p5184,83,45
0,p5185,71,92
0,p5186,1,81
0,p5187,1,57
0,p5188,1,49
0,p5189,72,85
0,p5190,1,99
0,p5191,1,49
0,p5192,1,87
0,p5193,1,24
0,p5194,70,85
0,p5195,14,87
0,p5196,1,6
0,p5197,1,98
0,p5198,93,1
0,p5199,49,51
0,p5200,28,1
0,p5201,84,1
0,p5202,73,39
0,p5203,71,1
0,p5204,1,32
0,p5205,12,18
0,p5206,1,49
0,p5207,1,77
0,p5208,83,19
0,p5209,2,76
0,p5210,1,70
0,p5211,1,98
0,p5212,57,40
0,p5213,1,91
0,p5214,73,1
0,p5215,1,9
0,p5216,23,1
0,p5217,13,1
0,p5218,39,1
0,p5219,25,97
0,p5220,1,28
0,p5221,86,1
0,p5222,1,91
0,p5223,24,80
0,p5224,60,1
0,p5225,29,1
0,p5226,81,1
0,p5227,91,64
0,p5228,7,53
0,p5229,17,1
0,p5230,96,6
0,p5231,1,10
0,p5232,81,28
0,p5233,64,68
0,p5234,20,51
0,p5235,75,1
0,p5236,80,1
0,p5237,75,1
0,p5238,93,1
0,p5239,8,1
0,p5240,1,2
0,p5241,1,13
0,p5242,1,20
0,p5243,1,11
0,p5244,1,73
0,p5245,1,23
0,p5246,20,87
0,p5247,1,72
0,p5248,1,12
0,p5249,11,64
0,p5250,1,88
0,p5251,1,33
0,p5252,11,1
0,p5253,1,64
0,p5254,67,1
0,p5255,1,88
0,p5256,68,1
0,p5257,16,1
0,p5258,23,1
0,p5259,73,53
0,p5260,1,30
0,p5261,71,51
0,p5262,65,68
0,p5263,74,80
0,p5264,42,1
0,p5265,82,1
0,p5266,70,1
0,p5267,1,75
0,p5268,84,1
0,p5269,29,14
0,p5270,1,59
0,p5271,44,1
0,p5272,1,53
0,p5273,1,92
0,p5274,53,1
0,p5275,1,34
0,p5276,55,1
0,p5277,98,1
0,p5278,1,100
0,p5279,48,2
0,p5280,73,1
0,p5281,65,1
0,p5282,94,39
0,p5283,1,24
0,p5284,1,99
0,p5285,43,82
0,p5286,1,85
0,p5287,2,68
0,p5288,8,1
0,p5289,45,36
0,p5290,1,5
0,p5291,29,1
0,p5292,1,50
0,p5293,14,84
0,p5294,42,1
0,p5295,1,11
0,p5296,42,1
0,p5297,35,11
0,p5298,93,45
0,p5299,39,2
0,p5300,1,29
0,p5301,76,1
0,p5302,1,60
0,p5303,56,1
0,p5304,1,9
0,p5305,41,98
0,p5306,62,1
0,p5307,1,63
0,p5308,1,40
0,p5309,38,1
0,p5310,36,53
0,p5311,43,29
0,p5312,85,87
0,p5313,67,94
0,p5314,1,45
0,p5315,40,1
0,p5316,13,1
0,p5317,98,11
0,p5318,43,1
0,p5319,93,64
0,p5320,1,92
0,p5321,1,32
0,p5322,46,1
0,p5323,1,62
0,p5324,1,86
0,p5325,6,50
0,p5326,1,47
0,p5327,1,40
0,p5328,72,35
0,p5329,86,1
0,p5330,28,38
0,p5331,56,1
0,p5332,35,83
0,p5333,95,25
0,p5334,46,36
0,p5335,1,62
0,p5336,35,1
0,p5337,1,15
0,p5338,47,93
0,p5339,8,33
0,p5340,1,33
0,p5341,30,72
0,p5342,1,21
0,p5343,67,1
0,p5344,1,23
0,p5345,1,10
0,p5346,79,1
0,p5347,15,3
0,p5348,1,26
0,p5349,1,53
0,p5350,58,26
0,p5351,54,1
0,p5352,1,2
0,p5353,60,37
0,p5354,1,27
0,p5355,32,93
0,p5356,1,14
0,p5357,78,29
0,p5358,93,53
0,p5359,1,64
0,p5360,71,1
0,p5361,81,1
0,p5362,73,77
0,p5363,24,4
0,p5364,93,71
0,p5365,47,80
0,p5366,77,61
0,p5367,100,90
0,p5368,64,1
0,p5369,83,75
0,p5370,28,80
0,p5371,40,1
0,p5372,21,1
0,p5373,83,14
0,p5374,20,1
0,p5375,57,1
0,p5376,1,99
0,p5377,28,29
0,p5378,94,1
0,p5379,54,1
0,p5380,9,1
0,p5381,26,1
0,p5382,60,21
0,p5383,1,21
0,p5384,31,1
0,p5385,34,84
0,p5386,14,1
0,p5387,73,1
0,p5388,1,96
0,p5389,84,1
0,p5390,1,87
0,p5391,1,78
0,p5392,82,1
0,p5393,21,97
0,p5394,13,83
0,p5395,83,45
0,p5396,38,1
0,p5397,1,45
0,p5398,1,4
0,p5399,1,11
0,p5400,37,71
0,p5401,59,1
0,p5402,89,77
0,p5403,1,63
0,p5404,9,31
0,p5405,2,1
0,p5406,20,1
0,p5407,1,93
0,p5408,79,1
0,p5409,52,1
0,p5410,6,79
0,p5411,67,1
0,p5412,25,1
0,p5413,91,7
0,p5414,1,30
0,p5415,1,32
0,p5416,13,12
0,p5417,1,39
0,p5418,18,1
0,p5419,1,21
0,p5420,58,77
0,p5421,1,34
0,p5422,1,24
0,p5423,95,10
0,p5424,49,69
0,p5425,75,41
0,p5426,10,1
0,p5427,1,55
0,p5428,1,52
0,p5429,36,1
0,p5430,26,1
0,p5431,1,26
0,p5432,1,9
0,p5433,52,72
0,p5434,41,86
0,p5435,1,87
0,p5436,83,1
0,p5437,1,60
0,p5438,29,1
0,p5439,1,23
0,p5440,71,36
0,p5441,1,85
0,p5442,95,67
0,p5443,1,51
0,p5444,1,68
0,p5445,20,1
0,p5446,1,16
0,p5447,1,81
0,p5448,1,54
0,p5449,1,11
0,p5450,88,1
0,p5451,1,54
0,p5452,19,53
0,p5453,93,19
0,p5454,65,37
0,p5455,66,1
0,p5456,42,87
0,p5457,1,90
0,p5458,13,1
0,p5459,84,57
0,p5460,95,1
0,p5461,1,81
0,p5462,1,8
0,p5463,1,47
0,p5464,50,43
0,p5465,20,70
0,p5466,99,1
0,p5467,1,48
0,p5468,92,6
0,p5469,13,1
0,p5470,63,1
0,p5471,1,29
0,p5472,1,42
0,p5473,93,34
0,p5474,24,1
0,p5475,1,72
0,p5476,30,1
0,p5477,1,14
0,p5478,85,83
0,p5479,1,100
0,p5480,33,72
0,p5481,14,73
0,p5482,100,50
0,p5483,100,1
0,p5484,1,77
0,p5485,1,36
0,p5486,63,54
0,p5487,17,41
0,p5488,1,17
0,p5489,42,1
0,p5490,96,43
0,p5491,1,18
0,p5492,15,60
0,p5493,33,1
0,p5494,1,51
0,p5495,5,1
0,p5496,87,1
0,p5497,72,48
0,p5498,78,1
0,p5499,1,9
0,p5500,96,1
0,p5501,39,1
0,p5502,90,1
0,p5503,1,23
0,p5504,72,1
0,p5505,39,1
0,p5506,89,48
0,p5507,75,55
0,p5508,70,1
0,p5509,12,44
0,p5510,68,98
0,p5511,37,1
0,p5512,1,85
0,p5513,46,96
0,p5514,71,4
0,p5515,90,65
0,p5516,49,1
0,p5517,15,60
0,p5518,1,2
0,p5519,19,1
0,p5520,1,42
0,p5521,1,12
0,p5522,50,68
0,p5523,1,31
0,p5524,40,1
0,p5525,34,44
0,p5526,84,6
0,p5527,1,17
0,p5528,19,28
0,p5529,1,5
0,p5530,70,1
0,p5531,37,1
0,p5532,1,4
0,p5533,1,7
0,p5534,2,1
0,p5535,83,24
0,p5536,1,59
0,p5537,1,54
0,p5538,3,1
0,p5539,1,31
0,p5540,9,1
0,p5541,1,2
0,p5542,76,1
0,p5543,62,1
0,p5544,11,63
0,p5545,69,46
0,p5546,79,1
0,p5547,8,51
0,p5548,67,1
0,p5549,60,1
0,p5550,8,1
0,p5551,1,46
0,p5552,59,28
0,p5553,1,14
0,p5554,1,67
0,p5555,1,93
0,p5556,98,1
0,p5557,75,34
0,p5558,66,1
0,p5559,40,18
0,p5560,1,72
0,p5561,17,1
0,p5562,1,61
0,p5563,88,48
0,p5564,4,72
0,p5565,37,1
0,p5566,42,1
0,p5567,84,80
0,p5568,1,57
0,p5569,1,86
0,p5570,38,7
0,p5571,1,5
0,p5572,1,24
0,p5573,44,1
0,p5574,1,22
0,p5575,89,74
0,p5576,1,82
0,p5577,20,71
0,p5578,8,1
0,p5579,1,62
0,p5580,95,1
0,p5581,1,71
0,p5582,87,31
0,p5583,65,1
0,p5584,75,90
0,p5585,70,1
0,p5586,21,7
0,p5587,59,75
0,p5588,50,1
0,p5589,55,1
0,p5590,62,10
0,p5591,38,1
0,p5592,1,99
0,p5593,48,89
0,p5594,1,62
0,p5595,1,12
0,p5596,1,85
0,p5597,1,30
0,p5598,9,1
0,p5599,69,80
0,p5600,81,1
0,p5601,1,10
0,p5602,73,4
0,p5603,48,1
0,p5604,68,11
0,p5605,4,1
0,p5606,68,27
0,p5607,1,5
0,p5608,45,1
0,p5609,29,76
0,p5610,1,42
0,p5611,8,25
0,p5612,44,26
0,p5613,42,1
0,p5614,14,1
0,p5615,1,68
0,p5616,1,33
0,p5617,57,13
0,p5618,56,1
0,p5619,45,1
0,p5620,99,36
0,p5621,1,55
0,p5622,41,1
0,p5623,21,1
0,p5624,53,23
0,p5625,72,55
0,p5626,74,20
0,p5627,13,1
0,p5628,95,9
0,p5629,46,1
0,p5630,1,74
0,p5631,100,1
0,p5632,47,26
0,p5633,57,1
0,p5634,11,1
0,p5635,67,77
0,p5636,1,10
0,p5637,38,57
0,p5638,45,22
0,p5639,6,1
0,p5640,12,22
0,p5641,34,1
0,p5642,1,41
0,p5643,90,1
0,p5644,52,27
0,p5645,22,34
0,p5646,1,44
0,p5647,1,44
0,p5648,88,1
0,p5649,1,56
0,p5650,18,1
0,p5651,1,91
0,p5652,1,28
0,p5653,1,88
0,p5654,77,95
0,p5655,1,52
0,p5656,33,89
0,p5657,15,1
0,p5658,1,74
0,p5659,36,74
0,p5660,6,34
0,p5661,81,69
0,p5662,1,30
0,p5663,17,94
0,p5664,1,20
0,p5665,27,1
0,p5666,1,22
0,p5667,1,9
0,p5668,87,1
0,p5669,43,1
0,p5670,88,79
0,p5671,1,82
0,p5672,1,52
0,p5673,60,50
0,p5674,24,1
0,p5675,1,62
0,p5676,1,93
0,p5677,97,1
0,p5678,1,65
0,p5679,1,90
0,p5680,17,90
0,p5681,97,29
0,p5682,1,31
0,p5683,44,5
0,p5684,1,59
0,p5685,49,22
0,p5686,1,48
0,p5687,1,36
0,p5688,20,1
0,p5689,33,1
0,p5690,1,84
0,p5691,1,92
0,p5692,84,1
0,p5693,43,8
0,p5694,1,48
0,p5695,65,1
0,p5696,19,81
0,p5697,33,43
0,p5698,12,39
0,p5699,1,52
0,p5700,41,78
0,p5701,1,77
0,p5702,32,8
0,p5703,17,1
0,p5704,82,3
0,p5705,1,93
0,p5706,62,1
0,p5707,97,31
0,p5708,1,26
0,p5709,1,73
0,p5710,33,38
0,p5711,41,1
0,p5712,1,66
0,p5713,47,1
0,p5714,1,65
0,p5715,1,9
0,p5716,1,77
0,p5717,1,11
0,p5718,90,5
0,p5719,45,1
0,p5720,44,1
0,p5721,1,41
0,p5722,83,1
0,p5723,1,84
0,p5724,87,26
0,p5725,1,98
0,p5726,61,1
0,p5727,1,66
0,p5728,92,1
0,p5729,53,1
0,p5730,57,1
0,p5731,89,1
0,p5732,1,86
0,p5733,1,23
0,p5734,1,53
0,p5735,1,25
0,p5736,35,59
0,p5737,44,61
0,p5738,33,1
0,p5739,1,45
0,p5740,80,14
0,p5741,4,1
0,p5742,1,51
0,p5743,1,8
0,p5744,70,1
0,p5745,5,92
0,p5746,92,72
0,p5747,1,80
0,p5748,73,41
0,p5749,1,94
0,p5750,1,12
0,p5751,95,93
0,p5752,1,8
0,p5753,93,1
0,p5754,1,75
0,p5755,98,1
0,p5756,1,67
0,p5757,1,58
0,p5758,6,78
0,p5759,30,1
0,p5760,1,13
0,p5761,13,90
0,p5762,48,53
0,p5763,27,95
0,p5764,1,62
0,p5765,22,1
0,p5766,13,1
0,p5767,71,1
0,p5768,18,34
0,p5769,92,1
0,p5770,1,62
0,p5771,5,68
0,p5772,1,53
0,p5773,1,15
0,p5774,67,32
0,p5775,1,22
0,p5776,23,1
0,p5777,20,77
0,p5778,61,31
0,p5779,1,46
0,p5780,56,1
0,p5781,1,98
0,p5782,1,43
0,p5783,1,2
0,p5784,63,1
0,p5785,1,77
0,p5786,19,99
0,p5787,46,1
0,p5788,36,18
0,p5789,1,19
0,p5790,98,96
0,p5791,1,76
0,p5792,1,61
0,p5793,27,1
0,p5794,28,1
0,p5795,1,95
0,p5796,1,21
0,p5797,82,45
0,p5798,22,1
0,p5799,54,78
0,p5800,1,45
0,p5801,1,43
0,p5802,1,53
0,p5803,1,61
0,p5804,1,35
0,p5805,12,45
0,p5806,1,87
0,p5807,1,24
0,p5808,10,1
0,p5809,1,99
0,p5810,1,7
0,p5811,76,1
0,p5812,85,39
0,p5813,90,53
0,p5814,33,1
0,p5815,1,58
0,p5816,20,25
0,p5817,1,57
0,p5818,14,1
0,p5819,64,1
0,p5820,44,1
0,p5821,13,42
0,p5822,1,63
0,p5823,40,89
0,p5824,55,22
0,p5825,29,46
0,p5826,31,1
0,p5827,27,1
0,p5828,90,1
0,p5829,1,40
0,p5830,8,34
0,p5831,1,73
0,p5832,22,1
0,p5833,93,73
0,p5834,28,1
0,p5835,61,38
0,p5836,1,26
0,p5837,1,43
0,p5838,19,1
0,p5839,17,1
0,p5840,86,1
0,p5841,1,66
0,p5842,35,1
0,p5843,43,1
0,p5844,1,44
0,p5845,49,51
0,p5846,1,72
0,p5847,1,51
0,p5848,33,72
0,p5849,3,1
0,p5850,1,30
0,p5851,46,37
0,p5852,75,39
0,p5853,77,1
0,p5854,97,1
0,p5855,48,87
0,p5856,1,50
0,p5857,77,1
0,p5858,1,91
0,p5859,11,15
0,p5860,1,63
0,p5861,1,81
0,p5862,94,1
0,p5863,45,1
0,p5864,1,53
0,p5865,15,61
0,p5866,4,77
0,p5867,1,97
0,p5868,66,50
0,p5869,1,7
0,p5870,1,31
0,p5871,86,19
0,p5872,20,1
0,p5873,93,1
0,p5874,1,12
0,p5875,67,37
0,p5876,48,9
0,p5877,1,39
0,p5878,85,1
0,p5879,90,1
0,p5880,28,68
0,p5881,1,91
0,p5882,1,18
0,p5883,5,1
0,p5884,1,17
0,p5885,35,1
0,p5886,1,82
0,p5887,57,92
0,p5888,87,8
0,p5889,81,1
0,p5890,1,63
0,p5891,85,1
0,p5892,1,11
0,p5893,1,23
0,p5894,13,15
0,p5895,3,6
0,p5896,53,73
0,p5897,1,74
0,p5898,8,91
0,p5899,85,23
0,p5900,1,45
0,p5901,1,32
0,p5902,19,1
0,p5903,86,1
0,p5904,1,17
0,p5905,1,35
0,p5906,1,40
0,p5907,42,1
0,p5908,1,98
0,p5909,1,11
0,p5910,1,2
0,p5911,73,96
0,p5912,1,69
0,p5913,1,36
0,p5914,70,1
0,p5915,1,61
0,p5916,1,49
0,p5917,1,84
0,p5918,34,50
0,p5919,77,1
0,p5920,1,17
0,p5921,99,1
0,p5922,22,90
0,p5923,44,1
0,p5924,79,1
0,p5925,74,1
0,p5926,22,46
0,p5927,92,66
0,p5928,57,1
0,p5929,7,1
0,p5930,94,1
0,p5931,47,1
0,p5932,50,1
0,p5933,1,76
0,p5934,92,8
0,p5935,1,88
0,p5936,51,7
0,p5937,57,83
0,p5938,1,66
0,p5939,1,25
0,p5940,1,35
0,p5941,87,1
0,p5942,1,80
0,p5943,54,78
0,p5944,1,66
0,p5945,16,79
0,p5946,25,1
0,p5947,1,40
0,p5948,1,11
0,p5949,1,81
0,p5950,43,1
0,p5951,40,1
0,p5952,46,1
0,p5953,87,43
0,p5954,51,1
0,p5955,19,5
0,p5956,79,23
0,p5957,64,43
0,p5958,1,77
0,p5959,1,89
0,p5960,93,1
0,p5961,67,1
0,p5962,63,1
0,p5963,1,42
0,p5964,64,1
0,p5965,52,1
0,p5966,70,1
0,p5967,94,1
0,p5968,9,94
0,p5969,1,59
0,p5970,1,20
0,p5971,1,88
0,p5972,1,48
0,p5973,1,12
0,p5974,1,12
0,p5975,5,1
0,p5976,22,52
0,p5977,7,15
0,p5978,19,1
0,p5979,67,1
0,p5980,1,59
0,p5981,96,1
0,p5982,1,44
0,p5983,70,1
0,p5984,4,47
0,p5985,26,1
0,p5986,4,47
0,p5987,60,1
0,p5988,39,64
0,p5989,1,69
0,p5990,1,46
0,p5991,86,1
0,p5992,12,1
0,p5993,1,73
0,p5994,1,12
0,p5995,72,50
0,p5996,1,11
0,p5997,21,1
0,p5998,82,1
0,p5999,1,97
0,p6000,36,1
0,p6001,1,66
0,p6002,42,1
0,p6003,16,1
0,p6004,1,84
0,p6005,54,80
0,p6006,55,85
0,p6007,1,60
0,p6008,1,89
0,p6009,1,9
0,p6010,34,1
0,p6011,83,1
0,p6012,1,44
0,p6013,17,1
0,p6014,1,58
0,p6015,34,1
0,p6016,1,30
0,p6017,56,1
0,p6018,1,7
0,p6019,1,79
0,p6020,91,5
0,p6021,38,1
0,p6022,63,48
0,p6023,40,1
0,p6024,1,50
0,p6025,1,33
0,p6026,1,21
0,p6027,22,1
0,p6028,100,66
0,p6029,36,43
0,p6030,39,66
0,p6031,29,1
0,p6032,31,27
0,p6033,1,82
0,p6034,3,19
0,p6035,52,1
0,p6036,1,93
0,p6037,11,1
0,p6038,31,73
0,p6039,9,1
0,p6040,16,1
0,p6041,64,1
0,p6042,1,40
0,p6043,6,1
0,p6044,1,90
0,p6045,1,45
0,p6046,21,97
0,p6047,75,16
0,p6048,1,83
0,p6049,30,80
0,p6050,62,1
0,p6051,85,63
0,p6052,1,3
0,p6053,1,87
0,p6054,1,75
0,p6055,9,1
0,p6056,13,1
0,p6057,10,1
0,p6058,96,61
0,p6059,1,25
0,p6060,53,82
0,p6061,1,52
0,p6062,100,1
0,p6063,1,19
0,p6064,64,91
0,p6065,13,1
0,p6066,94,56
0,p6067,16,1
0,p6068,49,1
0,p6069,22,57
0,p6070,44,46
0,p6071,80,1
0,p6072,42,1
0,p6073,1,13
0,p6074,1,56
0,p6075,55,1
0,p6076,24,50
0,p6077,1,45
0,p6078,1,10
0,p6079,99,33
0,p6080,1,10
0,p6081,14,82
0,p6082,1,4
0,p6083,17,79
0,p6084,1,15
0,p6085,1,71
0,p6086,67,1
0,p6087,70,72
0,p6088,1,61
0,p6089,83,1
0,p6090,88,20
0,p6091,80,1
0,p6092,31,1
0,p6093,1,96
0,p6094,1,15
0,p6095,11,62
0,p6096,62,1
0,p6097,73,68
0,p6098,14,1
0,p6099,84,1
0,p6100,1,3
0,p6101,1,66
0,p6102,98,1
0,p6103,66,56
0,p6104,1,81
0,p6105,77,37
0,p6106,1,90
0,p6107,10,1
0,p6108,40,1
0,p6109,22,80
0,p6110,1,99
0,p6111,1,14
0,p6112,1,95
0,p6113,1,10
0,p6114,57,1
0,p6115,85,1
0,p6116,78,33
0,p6117,1,85
0,p6118,72,1
0,p6119,52,1
0,p6120,1,12
0,p6121,28,1
0,p6122,46,1
0,p6123,19,93
0,p6124,1,27
0,p6125,1,27
0,p6126,1,44
0,p6127,68,3
0,p6128,54,69
0,p6129,37,1
0,p6130,99,72
0,p6131,1,13
0,p6132,69,2
0,p6133,6,45
0,p6134,88,81
0,p6135,1,58
0,p6136,30,27
0,p6137,61,74
0,p6138,57,60
0,p6139,49,1
0,p6140,1,21
0,p6141,88,45
0,p6142,77,1
0,p6143,20,1
0,p6144,1,24
0,p6145,21,1
0,p6146,1,87
0,p6147,7,35
0,p6148,1,49
0,p6149,64,62
0,p6150,66,1
0,p6151,1,27
0,p6152,95,15
0,p6153,1,48
0,p6154,75,29
0,p6155,1,92
0,p6156,63,26
0,p6157,41,20
0,p6158,1,45
0,p6159,96,2
0,p6160,10,22
0,p6161,1,96
0,p6162,13,81
0,p6163,28,44
0,p6164,1,88
0,p6165,1,23
0,p6166,1,42
0,p6167,80,67
0,p6168,92,1
0,p6169,57,84
0,p6170,1,51
0,p6171,1,82
0,p6172,62,1
0,p6173,10,3
0,p6174,1,72
0,p6175,1,23
0,p6176,1,90
0,p6177,1,48
0,p6178,2,1
0,p6179,10,62
0,p6180,9,44
0,p6181,1,4
0,p6182,3,1
0,p6183,73,1
0,p6184,1,10
0,p6185,45,1
0,p6186,1,60
0,p6187,1,12
0,p6188,1,71
0,p6189,49,1
0,p6190,81,1
0,p6191,1,52
0,p6192,1,75
0,p6193,1,78
0,p6194,30,44
0,p6195,91,8
0,p6196,1,65
0,p6197,6,1
0,p6198,1,12
0,p6199,1,60
0,p6200,36,1
0,p6201,62,1
0,p6202,13,73
0,p6203,75,1
0,p6204,73,1
0,p6205,27,17
0,p6206,1,28
0,p6207,62,88
0,p6208,42,89
0,p6209,19,49
0,p6210,98,76
0,p6211,34,14
0,p6212,68,1
0,p6213,1,84
0,p6214,15,1
0,p6215,1,100
0,p6216,16,97
0,p6217,86,68
0,p6218,56,40
0,p6219,1,75
0,p6220,1,58
0,p6221,71,24
0,p6222,65,1
0,p6223,98,1
0,p6224,1,47
0,p6225,70,1
0,p6226,48,99
0,p6227,54,30
0,p6228,58,51
0,p6229,1,96
0,p6230,97,21
0,p6231,15,1
0,p6232,94,64
0,p6233,89,99
0,p6234,78,1
0,p6235,72,1
0,p6236,35,1
0,p6237,59,40
0,p6238,1,67
0,p6239,49,1
0,p6240,1,10
0,p6241,56,36
0,p6242,1,33
0,p6243,45,2
0,p6244,1,47
0,p6245,39,33
0,p6246,96,1
0,p6247,53,54
0,p6248,1,87
0,p6249,1,3
0,p6250,18,1
0,p6251,44,1
0,p6252,1,31
0,p6253,1,93
0,p6254,75,1
0,p6255,87,38
0,p6256,60,6
0,p6257,1,50
0,p6258,1,50
0,p6259,74,1
0,p6260,1,83
0,p6261,1,44
0,p6262,1,31
0,p6263,2,1
0,p6264,5,58
0,p6265,41,83
0,p6266,99,1
0,p6267,1,41
0,p6268,98,1
0,p6269,8,86
0,p6270,76,34
0,p6271,54,1
0,p6272,5,1
0,p6273,65,1
0,p6274,56,73
0,p6275,26,1
0,p6276,93,84
0,p6277,91,4
0,p6278,1,74
0,p6279,96,1
0,p6280,30,1
0,p6281,92,74
0,p6282,1,84
0,p6283,1,23
0,p6284,1,30
0,p6285,58,91
0,p6286,1,50
0,p6287,1,92
0,p6288,1,31
0,p6289,1,5
0,p6290,1,47
0,p6291,1,81
0,p6292,1,61
0,p6293,56,1
0,p6294,45,24
0,p6295,90,1
0,p6296,1,9
0,p6297,56,80
0,p6298,6,46
0,p6299,79,85
0,p6300,45,38
0,p6301,91,32
0,p6302,31,93
0,p6303,7,51
0,p6304,77,1
0,p6305,1,21
0,p6306,61,1
0,p6307,1,84
0,p6308,1,72
0,p6309,1,9
0,p6310,1,31
0,p6311,1,55
0,p6312,1,48
0,p6313,35,1
0,p6314,46,65
0,p6315,74,1
0,p6316,12,92
0,p6317,1,30
0,p6318,10,1
0,p6319,99,69
0,p6320,1,60
0,p6321,81,77
0,p6322,90,78
0,p6323,24,59
0,p6324,1,18
0,p6325,1,45
0,p6326,40,6
0,p6327,54,1
0,p6328,96,7
0,p6329,14,1
0,p6330,83,1
0,p6331,1,22
0,p6332,72,8
0,p6333,2,1
0,p6334,96,1
0,p6335,80,11
0,p6336,66,1
0,p6337,5,1
0,p6338,48,1
0,p6339,93,60
0,p6340,1,36
0,p6341,1,49
0,p6342,99,39
0,p6343,55,1
0,p6344,82,59
0,p6345,20,1
0,p6346,77,1
0,p6347,50,1
0,p6348,43,1
0,p6349,1,96
0,p6350,63,1
0,p6351,1,94
0,p6352,1,82
0,p6353,24,46
0,p6354,71,1
0,p6355,37,76
0,p6356,70,1
0,p6357,36,1
0,p6358,1,89
0,p6359,42,100
0,p6360,87,15
0,p6361,1,96
0,p6362,1,62
0,p6363,1,16
0,p6364,11,25
0,p6365,34,1
0,p6366,1,12
0,p6367,99,6
0,p6368,1,93
0,p6369,47,1
0,p6370,16,84
0,p6371,66,29
0,p6372,1,54
0,p6373,35,1
0,p6374,78,33
0,p6375,1,96
0,p6376,66,10
0,p6377,15,1
0,p6378,41,84
0,p6379,97,1
0,p6380,92,1
0,p6381,1,31
0,p6382,1,55
0,p6383,16,1
0,p6384,1,94
0,p6385,80,6
0,p6386,52,1
0,p6387,21,1
0,p6388,20,19
0,p6389,1,11
0,p6390,1,66
0,p6391,25,22
0,p6392,1,80
0,p6393,1,41
0,p6394,1,90
0,p6395,15,77
0,p6396,66,87
0,p6397,1,64
0,p6398,95,73
0,p6399,74,98
0,p6400,1,22
0,p6401,1,19
0,p6402,1,30
0,p6403,68,76
0,p6404,12,1
0,p6405,1,25
0,p6406,3,76
0,p6407,1,98
0,p6408,26,1
0,p6409,13,81
0,p6410,1,34
0,p6411,1,41
0,p6412,79,17
0,p6413,1,91
0,p6414,1,45
0,p6415,1,21
0,p6416,1,21
0,p6417,60,1
0,p6418,82,45
0,p6419,1,36
0,p6420,1,82
0,p6421,24,84
0,p6422,1,17
0,p6423,1,8
0,p6424,17,5
0,p6425,69,47
0,p6426,21,39
0,p6427,5,16
0,p6428,1,79
0,p6429,87,1
0,p6430,71,4
0,p6431,74,17
0,p6432,1,60
0,p6433,63,50
0,p6434,18,15
0,p6435,88,1
0,p6436,36,18
0,p6437,98,1
0,p6438,37,1
0,p6439,1,34
0,p6440,6,1
0,p6441,29,1
0,p6442,77,1
0,p6443,64,1
0,p6444,1,39
0,p6445,22,1
0,p6446,88,8
0,p6447,1,42
0,p6448,1,59
0,p6449,92,26
0,p6450,10,14
0,p6451,1,45
0,p6452,2,68
0,p6453,1,58
0,p6454,36,25
0,p6455,23,93
0,p6456,99,1
0,p6457,1,37
0,p6458,1,76
0,p6459,64,72
0,p6460,1,93
0,p6461,55,17
0,p6462,41,1
0,p6463,98,13
0,p6464,60,71
0,p6465,1,69
0,p6466,48,1
0,p6467,1,33
0,p6468,100,1
0,p6469,1,95
0,p6470,31,1
0,p6471,46,1
0,p6472,81,72
0,p6473,4,1
0,p6474,1,43
0,p6475,1,87
0,p6476,92,1
0,p6477,100,52
0,p6478,52,16
0,p6479,25,1
0,p6480,1,100
0,p6481,1,70
0,p6482,1,55
0,p6483,92,75
0,p6484,1,70
0,p6485,100,1
0,p6486,87,44
0,p6487,34,71
0,p6488,78,90
0,p6489,1,22
0,p6490,6,12
0,p6491,62,89
0,p6492,89,99
0,p6493,76,79
0,p6494,91,14
0,p6495,1,9
0,p6496,74,1
0,p6497,3,1
0,p6498,1,30
0,p6499,1,90
0,p6500,5,57
0,p6501,60,1
0,p6502,45,1
0,p6503,1,45
0,p6504,1,78
0,p6505,47,33
0,p6506,43,1
0,p6507,97,1
0,p6508,1,24
0,p6509,1,16
0,p6510,51,98
0,p6511,1,5
0,p6512,79,21
0,p6513,14,81
0,p6514,1,33
0,p6515,1,64
0,p6516,76,1
0,p6517,56,1
0,p6518,6,1
0,p6519,93,87
0,p6520,1,87
0,p6521,74,1
0,p6522,1,96
0,p6523,81,1
0,p6524,1,39
0,p6525,1,38
0,p6526,26,82
0,p6527,43,40
0,p6528,49,53
0,p6529,1,85
0,p6530,4,1
0,p6531,55,14
0,p6532,33,41
0,p6533,1,84
0,p6534,23,1
0,p6535,60,91
0,p6536,67,56
0,p6537,1,27
0,p6538,1,49
0,p6539,95,27
0,p6540,70,27
0,p6541,1,70
0,p6542,76,9
0,p6543,1,6
0,p6544,60,14
0,p6545,97,1
0,p6546,85,1
0,p6547,1,84
0,p6548,88,69
0,p6549,37,1
0,p6550,7,100
0,p6551,68,1
0,p6552,82,50
0,p6553,46,1
0,p6554,1,44
0,p6555,77,92
0,p6556,1,33
0,p6557,1,57
0,p6558,92,1
0,p6559,1,16
0,p6560,83,1
0,p6561,84,95
0,p6562,1,89
0,p6563,70,1
0,p6564,1,20
0,p6565,1,96
0,p6566,73,1
0,p6567,77,1
0,p6568,57,1
0,p6569,1,97
0,p6570,67,1
0,p6571,95,1
0,p6572,92,26
0,p6573,80,42
0,p6574,55,1
0,p6575,51,1
0,p6576,4,10
0,p6577,1,26
0,p6578,11,4
0,p6579,65,40
0,p6580,21,24
0,p6581,99,1
0,p6582,40,1
0,p6583,1,29
0,p6584,34,1
0,p6585,13,51
0,p6586,92,1
0,p6587,1,78
0,p6588,87,1
0,p6589,1,49
0,p6590,1,63
0,p6591,36,1
0,p6592,11,1
0,p6593,50,1
0,p6594,18,42
0,p6595,67,1
0,p6596,10,1
0,p6597,57,1
0,p6598,27,1
0,p6599,1,2
0,p6600,63,69
0,p6601,1,56
0,p6602,1,82
0,p6603,99,36
0,p6604,1,6
0,p6605,55,75
0,p6606,60,1
0,p6607,43,60
0,p6608,71,1
0,p6609,1,95
0,p6610,80,1
0,p6611,51,10
0,p6612,15,1
0,p6613,1,96
0,p6614,1,41
0,p6615,59,1
0,p6616,26,76
0,p6617,73,1
0,p6618,70,46
0,p6619,45,1
0,p6620,60,83
0,p6621,96,1
0,p6622,43,1
0,p6623,51,87
0,p6624,7,15
0,p6625,47,94
0,p6626,76,93
0,p6627,52,6
0,p6628,1,65
0,p6629,10,1
0,p6630,1,38
0,p6631,92,1
0,p6632,1,17
0,p6633,49,76
0,p6634,4,1
0,p6635,1,86
0,p6636,66,1
0,p6637,7,84
0,p6638,1,65
0,p6639,63,60
0,p6640,66,1
0,p6641,76,1
0,p6642,40,55
0,p6643,24,1
0,p6644,58,18
0,p6645,1,21
0,p6646,79,1
0,p6647,75,42
0,p6648,74,1
0,p6649,93,1
0,p6650,1,40
0,p6651,24,1
0,p6652,23,1
0,p6653,79,1
0,p6654,14,1
0,p6655,25,1
0,p6656,7,1
0,p6657,14,3
0,p6658,1,30
0,p6659,1,52
0,p6660,1,78
0,p6661,1,85
0,p6662,12,1
0,p6663,87,40
0,p6664,94,1
0,p6665,77,10
0,p6666,81,12
0,p6667,1,43
0,p6668,55,1
0,p6669,59,1
0,p6670,17,8
0,p6671,48,38
0,p6672,49,1
0,p6673,61,49
0,p6674,7,1
0,p6675,1,57
0,p6676,85,55
0,p6677,1,85
0,p6678,60,1
0,p6679,46,1
0,p6680,74,81
0,p6681,1,70
0,p6682,2,1
0,p6683,76,77
0,p6684,84,59
0,p6685,1,34
0,p6686,1,17
0,p6687,1,66
0,p6688,58,1
0,p6689,69,20
0,p6690,43,78
0,p6691,52,1
0,p6692,1,97
0,p6693,17,1
0,p6694,45,29
0,p6695,55,51
0,p6696,83,28
0,p6697,94,1
0,p6698,61,93
0,p6699,81,52
0,p6700,6,40
0,p6701,55,1
0,p6702,1,5
0,p6703,11,1
0,p6704,35,1
0,p6705,22,1
0,p6706,1,9
0,p6707,80,18
0,p6708,15,1
0,p6709,24,83
0,p6710,76,1
0,p6711,1,25
0,p6712,87,1
0,p6713,1,13
0,p6714,64,1
0,p6715,64,1
0,p6716,2,92
0,p6717,92,58
0,p6718,1,16
0,p6719,1,53
0,p6720,78,81
0,p6721,91,46
0,p6722,99,64
0,p6723,77,1
0,p6724,1,20
0,p6725,19,37
0,p6726,1,41
0,p6727,32,42
0,p6728,82,1
0,p6729,1,80
0,p6730,26,1
0,p6731,1,38
0,p6732,1,5
0,p6733,7,24
0,p6734,60,1
0,p6735,47,14
0,p6736,69,42
0,p6737,1,77
0,p6738,1,12
0,p6739,65,1
0,p6740,18,95
0,p6741,63,1
0,p6742,53,11
0,p6743,17,1
0,p6744,75,1
0,p6745,6,12
0,p6746,46,81
0,p6747,38,1
0,p6748,1,48
0,p6749,1,12
0,p6750,1,64
0,p6751,92,98
0,p6752,1,91
0,p6753,37,91
0,p6754,85,1
0,p6755,12,1
0,p6756,1,64
0,p6757,1,81
0,p6758,84,51
0,p6759,27,85
0,p6760,29,81
0,p6761,33,75
0,p6762,1,31
0,p6763,1,39
0,p6764,79,22
0,p6765,1,64
0,p6766,80,1
0,p6767,15,1
0,p6768,78,32
0,p6769,1,23
0,p6770,77,34
0,p6771,67,80
0,p6772,9,99
0,p6773,1,82
0,p6774,50,1
0,p6775,62,9
0,p6776,23,74
0,p6777,42,1
0,p6778,26,37
0,p6779,1,95
0,p6780,1,79
0,p6781,15,52
0,p6782,95,1
0,p6783,1,56
0,p6784,14,54
0,p6785,24,25
0,p6786,31,1
0,p6787,1,31
0,p6788,88,1
0,p6789,75,1
0,p6790,57,1
0,p6791,1,83
0,p6792,70,55
0,p6793,1,39
0,p6794,19,40
0,p6795,1,47
0,p6796,71,51
0,p6797,1,85
0,p6798,25,46
0,p6799,1,10
0,p6800,1,85
0,p6801,43,22
0,p6802,56,28
0,p6803,96,1
0,p6804,28,47
0,p6805,94,1
0,p6806,1,30
0,p6807,1,20
0,p6808,1,52
0,p6809,1,48
0,p6810,67,1
0,p6811,7,40
0,p6812,25,1
0,p6813,50,1
0,p6814,48,61
0,p6815,19,1
0,p6816,21,1
0,p6817,1,23
0,p6818,1,59
0,p6819,56,1
0,p6820,1,25
0,p6821,37,6
0,p6822,1,11
0,p6823,1,48
0,p6824,1,50
0,p6825,22,78
0,p6826,35,57
0,p6827,39,79
0,p6828,24,1
0,p6829,61,31
0,p6830,61,1
0,p6831,6,1
0,p6832,76,1
0,p6833,1,97
0,p6834,25,1
0,p6835,65,1
0,p6836,1,16
0,p6837,43,82
0,p6838,84,52
0,p6839,1,96
0,p6840,1,3
0,p6841,1,56
0,p6842,13,84
0,p6843,67,1
0,p6844,1,96
0,p6845,1,74
0,p6846,82,1
0,p6847,1,10
0,p6848,1,23
0,p6849,5,1
0,p6850,93,1
0,p6851,27,1
0,p6852,1,94
0,p6853,5,94
0,p6854,77,76
0,p6855,24,89
0,p6856,83,64
0,p6857,79,1
0,p6858,84,1
0,p6859,56,11
0,p6860,53,1
0,p6861,1,12
0,p6862,56,89
0,p6863,92,86
0,p6864,4,1
0,p6865,36,68
0,p6866,70,47
0,p6867,76,1
0,p6868,16,86
0,p6869,1,96
0,p6870,24,1
0,p6871,41,1
0,p6872,8,1
0,p6873,23,47
0,p6874,1,30
0,p6875,1,11
0,p6876,97,1
0,p6877,1,95
0,p6878,4,88
0,p6879,1,44
0,p6880,100,1
0,p6881,42,67
0,p6882,3,1
0,p6883,44,1
0,p6884,20,1
0,p6885,79,31
0,p6886,1,39
0,p6887,65,25
0,p6888,1,64
0,p6889,100,1
0,p6890,78,1
0,p6891,1,69
0,p6892,1,2
0,p6893,1,63
0,p6894,53,1
0,p6895,1,28
0,p6896,76,32
0,p6897,71,1
0,p6898,1,5
0,p6899,1,89
0,p6900,1,37
0,p6901,17,38
0,p6902,12,45
0,p6903,62,27
0,p6904,1,13
0,p6905,80,1
0,p6906,1,88
0,p6907,64,4
0,p6908,29,1
0,p6909,6,82
0,p6910,86,1
0,p6911,25,1
0,p6912,36,1
0,p6913,1,25
0,p6914,1,73
0,p6915,83,1
0,p6916,64,1
0,p6917,63,1
0,p6918,31,1
0,p6919,43,1
0,p6920,1,56
0,p6921,44,1
0,p6922,1,13
0,p6923,100,5
0,p6924,1,88
0,p6925,1,50
0,p6926,77,48
0,p6927,1,41
0,p6928,1,6
0,p6929,97,80
0,p6930,1,37
0,p6931,1,52
0,p6932,1,29
0,p6933,72,51
0,p6934,1,53
0,p6935,1,82
0,p6936,45,1
0,p6937,98,1
0,p6938,7,1
0,p6939,90,5
0,p6940,83,1
0,p6941,85,1
0,p6942,60,1
0,p6943,1,34
0,p6944,1,85
0,p6945,4,36
0,p6946,1,63
0,p6947,1,7
0,p6948,1,8
0,p6949,1,32
0,p6950,87,1
0,p6951,32,28
0,p6952,62,1
0,p6953,1,54
0,p6954,86,1
0,p6955,6,63
0,p6956,88,1
0,p6957,74,91
0,p6958,35,57
0,p6959,72,7
0,p6960,99,33
0,p6961,34,1
0,p6962,38,1
0,p6963,1,49
0,p6964,27,73
0,p6965,81,1
0,p6966,1,77
0,p6967,96,79
0,p6968,1,73
0,p6969,1,93
0,p6970,4,47
0,p6971,1,70
0,p6972,1,86
0,p6973,67,1
0,p6974,54,89
0,p6975,37,1
0,p6976,90,84
0,p6977,1,30
0,p6978,1,33
0,p6979,1,70
0,p6980,1,26
0,p6981,6,19
0,p6982,56,1
0,p6983,88,1
0,p6984,87,1
0,p6985,41,1
0,p6986,6,8
0,p6987,96,78
0,p6988,54,89
0,p6989,45,30
0,p6990,68,56
0,p6991,82,66
0,p6992,13,1
0,p6993,76,28
0,p6994,80,24
0,p6995,1,17
0,p6996,20,13
0,p6997,1,7
0,p6998,1,4
0,p6999,22,1
0,p7000,74,1
0,p7001,16,1
0,p7002,67,74
0,p7003,44,43
0,p7004,1,54
0,p7005,51,1
0,p7006,99,73
0,p7007,85,1
0,p7008,28,93
0,p7009,1,23
0,p7010,16,1
0,p7011,21,1
0,p7012,54,1
0,p7013,86,1
0,p7014,93,45
0,p7015,58,1
0,p7016,13,1
0,p7017,93,73
0,p7018,9,1
0,p7019,23,1
0,p7020,62,20
0,p7021,86,1
0,p7022,1,39
0,p7023,41,1
0,p7024,79,1
0,p7025,62,38
0,p7026,1,44
0,p7027,56,98
0,p7028,48,67
0,p7029,32,28
0,p7030,37,1
0,p7031,3,79
0,p7032,77,92
0,p7033,3,1
0,p7034,1,40
0,p7035,54,1
0,p7036,55,1
0,p7037,1,93
0,p7038,16,69
0,p7039,8,66
0,p7040,3,47
0,p7041,1,78
0,p7042,1,68
0,p7043,54,1
0,p7044,92,14
0,p7045,1,50
0,p7046,77,16
0,p7047,89,1
0,p7048,1,36
0,p7049,31,29
0,p7050,21,26
0,p7051,92,1
0,p7052,4,82
0,p7053,40,50
0,p7054,37,95
0,p7055,55,54
0,p7056,8,1
0,p7057,1,75
0,p7058,5,1
0,p7059,73,1
0,p7060,53,1
0,p7061,84,1
0,p7062,1,63
0,p7063,94,43
0,p7064,89,97
0,p7065,38,52
0,p7066,1,69
0,p7067,1,92
0,p7068,67,1
0,p7069,9,4
0,p7070,22,7
0,p7071,1,91
0,p7072,96,39
0,p7073,70,1
0,p7074,1,21
0,p7075,21,1
0,p7076,98,1
0,p7077,41,35
0,p7078,1,91
0,p7079,38,71
0,p7080,1,7
0,p7081,1,26
0,p7082,28,86
0,p7083,1,48
0,p7084,32,41
0,p7085,45,31
0,p7086,77,2
0,p7087,85,1
0,p7088,23,17
0,p7089,1,83
0,p7090,90,78
0,p7091,100,1
0,p7092,1,23
0,p7093,1,12
0,p7094,1,82
0,p7095,96,10
0,p7096,72,76
0,p7097,1,45
0,p7098,2,57
0,p7099,23,48
0,p7100,1,87
0,p7101,82,1
0,p7102,12,1
0,p7103,79,46
0,p7104,1,93
0,p7105,11,36
0,p7106,78,63
0,p7107,99,26
0,p7108,77,39
0,p7109,66,1
0,p7110,70,51
0,p7111,1,98
0,p7112,10,7
0,p7113,40,100
0,p7114,83,1
0,p7115,37,1
0,p7116,1,24
0,p7117,38,81
0,p7118,56,1
0,p7119,1,33
0,p7120,56,1
0,p7121,1,28
0,p7122,1,90
0,p7123,75,1
0,p7124,62,1
0,p7125,41,99
0,p7126,1,12
0,p7127,88,18
0,p7128,50,84
0,p7129,1,17
0,p7130,16,19
0,p7131,1,96
0,p7132,61,100
0,p7133,43,65
0,p7134,1,87
0,p7135,20,37
0,p7136,57,1
0,p7137,3,88
0,p7138,100,1
0,p7139,52,87
0,p7140,50,90
0,p7141,84,65
0,p7142,65,1
0,p7143,12,52
0,p7144,45,1
0,p7145,54,1
0,p7146,37,1
0,p7147,4,90
0,p7148,23,5
0,p7149,50,80
0,p7150,1,72
0,p7151,1,31
0,p7152,1,97
0,p7153,75,1
0,p7154,14,67
0,p7155,99,85
0,p7156,56,1
0,p7157,1,37
0,p7158,35,95
0,p7159,45,1
0,p7160,1,79
0,p7161,22,1
0,p7162,27,1
0,p7163,1,100
0,p7164,1,61
0,p7165,23,1
0,p7166,53,1
0,p7167,10,94
0,p7168,1,90
0,p7169,13,1
0,p7170,40,1
0,p7171,25,1
0,p7172,46,1
0,p7173,36,14
0,p7174,1,42
0,p7175,1,42
0,p7176,34,1
0,p7177,49,52
0,p7178,53,8
0,p7179,1,94
0,p7180,1,48
0,p7181,1,62
0,p7182,41,6
0,p7183,12,60
0,p7184,1,7
0,p7185,34,1
0,p7186,65,59
0,p7187,1,75
0,p7188,1,12
0,p7189,16,1
0,p7190,6,1
0,p7191,36,44
0,p7192,23,4
0,p7193,1,58
0,p7194,1,16
0,p7195,58,1
0,p7196,100,94
0,p7197,1,47
0,p7198,57,1
0,p7199,22,1
0,p7200,1,56
0,p7201,25,1
0,p7202,1,46
0,p7203,79,89
0,p7204,95,26
0,p7205,1,27
0,p7206,1,100
0,p7207,74,1
0,p7208,1,21
0,p7209,68,82
0,p7210,100,1
0,p7211,90,1
0,p7212,66,1
0,p7213,38,78
0,p7214,87,69
0,p7215,15,1
0,p7216,48,1
0,p7217,47,1
0,p7218,48,1
0,p7219,95,40
0,p7220,17,18
0,p7221,70,1
0,p7222,93,36
0,p7223,9,1
0,p7224,60,93
0,p7225,50,10
0,p7226,97,1
0,p7227,71,76
0,p7228,1,34
0,p7229,54,1
0,p7230,87,1
0,p7231,69,35
0,p7232,94,1
0,p7233,82,1
0,p7234,44,35
0,p7235,56,1
0,p7236,9,39
0,p7237,1,63
0,p7238,6,1
0,p7239,1,58
0,p7240,17,1
0,p7241,57,1
0,p7242,1,30
0,p7243,91,47
0,p7244,1,74
0,p7245,9,91
0,p7246,35,1
0,p7247,1,21
0,p7248,1,59
0,p7249,84,1
0,p7250,12,62
0,p7251,25,31
0,p7252,97,100
0,p7253,1,20
0,p7254,61,1
0,p7255,1,8
0,p7256,46,16
0,p7257,1,78
0,p7258,1,26
0,p7259,49,71
0,p7260,23,1
0,p7261,66,49
0,p7262,10,1
0,p7263,75,73
0,p7264,1,74
0,p7265,1,68
0,p7266,40,24
0,p7267,68,1
0,p7268,1,83
0,p7269,85,1
0,p7270,21,33
0,p7271,99,39
0,p7272,46,21
0,p7273,1,30
0,p7274,48,1
0,p7275,1,91
0,p7276,44,65
0,p7277,17,1
0,p7278,1,51
0,p7279,76,66
0,p7280,1,88
0,p7281,11,88
0,p7282,1,31
0,p7283,40,1
0,p7284,1,33
0,p7285,90,1
0,p7286,45,1
0,p7287,1,69
0,p7288,1,73
0,p7289,22,67
0,p7290,63,1
0,p7291,1,59
0,p7292,1,100
0,p7293,25,1
0,p7294,1,67
0,p7295,45,59
0,p7296,37,1
0,p7297,51,1
0,p7298,93,1
0,p7299,1,84
0,p7300,1,38
0,p7301,79,1
0,p7302,78,59
0,p7303,75,1
0,p7304,60,50
0,p7305,1,90
0,p7306,1,80
0,p7307,94,1
0,p7308,13,26
0,p7309,1,16
0,p7310,58,1
0,p7311,1,42
0,p7312,33,58
0,p7313,1,20
0,p7314,98,1
0,p7315,43,93
0,p7316,5,1
0,p7317,1,87
0,p7318,84,1
0,p7319,1,89
0,p7320,1,61
0,p7321,83,22
0,p7322,1,43
0,p7323,24,1
0,p7324,3,1
0,p7325,53,12
0,p7326,93,94
0,p7327,24,70
0,p7328,1,15
0,p7329,84,23
0,p7330,45,39
0,p7331,51,1
0,p7332,39,86
0,p7333,76,1
0,p7334,1,3
0,p7335,9,46
0,p7336,94,31
0,p7337,1,34
0,p7338,1,18
0,p7339,1,22
0,p7340,83,96
0,p7341,1,23
0,p7342,1,62
0,p7343,1,91
0,p7344,89,81
0,p7345,31,1
0,p7346,1,25
0,p7347,36,57
0,p7348,57,1
0,p7349,96,65
0,p7350,45,66
0,p7351,1,52
0,p7352,1,40
0,p7353,1,47
0,p7354,1,99
0,p7355,1,13
0,p7356,1,3
0,p7357,4,79
0,p7358,1,35
0,p7359,32,13
0,p7360,5,44
0,p7361,24,48
0,p7362,50,27
0,p7363,1,33
0,p7364,67,12
0,p7365,39,61
0,p7366,92,1
0,p7367,79,1
0,p7368,75,18
0,p7369,1,37
0,p7370,18,1
0,p7371,34,67
0,p7372,52,1
0,p7373,48,1
0,p7374,9,1
0,p7375,39,1
0,p7376,34,1
0,p7377,13,1
0,p7378,61,1
0,p7379,84,1
0,p7380,45,1
0,p7381,1,90
0,p7382,17,1
0,p7383,1,29
0,p7384,73,1
0,p7385,97,1
0,p7386,39,1
0,p7387,1,95
0,p7388,44,1
0,p7389,1,99
0,p7390,1,73
0,p7391,69,1
0,p7392,1,92
0,p7393,51,1
0,p7394,2,72
0,p7395,62,1
0,p7396,1,17
0,p7397,1,77
0,p7398,95,1
0,p7399,1,94
0,p7400,1,11
0,p7401,69,94
0,p7402,78,1
0,p7403,29,1
0,p7404,38,21
0,p7405,94,1
0,p7406,14,1
0,p7407,96,1
0,p7408,1,32
0,p7409,63,1
0,p7410,79,1
0,p7411,58,1
0,p7412,82,1
0,p7413,1,36
0,p7414,65,36
0,p7415,24,1
0,p7416,35,48
0,p7417,1,86
0,p7418,1,85
0,p7419,9,95
0,p7420,30,79
0,p7421,9,42
0,p7422,1,39
0,p7423,39,1
0,p7424,78,5
0,p7425,1,96
0,p7426,41,74
0,p7427,43,50
0,p7428,1,80
0,p7429,11,1
0,p7430,1,28
0,p7431,92,59
0,p7432,31,61
0,p7433,1,5
0,p7434,89,1
0,p7435,1,33
0,p7436,26,65
0,p7437,1,3
0,p7438,60,8
0,p7439,1,80
0,p7440,99,1
0,p7441,95,78
0,p7442,13,1
0,p7443,97,51
0,p7444,61,67
0,p7445,77,1
0,p7446,1,40
0,p7447,98,1
0,p7448,1,19
0,p7449,1,42
0,p7450,52,1
0,p7451,53,1
0,p7452,1,70
0,p7453,88,1
0,p7454,1,4
0,p7455,14,3
0,p7456,30,57
0,p7457,1,48
0,p7458,31,1
0,p7459,20,1
0,p7460,1,26
0,p7461,1,48
0,p7462,29,74
0,p7463,1,58
0,p7464,41,1
0,p7465,44,29
0,p7466,10,1
0,p7467,7,61
0,p7468,57,1
0,p7469,52,1
0,p7470,35,1
0,p7471,1,71
0,p7472,78,17
0,p7473,17,1
0,p7474,92,38
0,p7475,98,27
0,p7476,66,78
0,p7477,60,1
0,p7478,72,1
0,p7479,54,80
0,p7480,63,82
0,p7481,1,22
0,p7482,84,78
0,p7483,76,1
0,p7484,44,1
0,p7485,79,75
0,p7486,1,63
0,p7487,26,34
0,p7488,1,43
0,p7489,68,88
0,p7490,1,15
0,p7491,16,1
0,p7492,31,1
0,p7493,1,55
0,p7494,69,63
0,p7495,61,74
0,p7496,10,1
0,p7497,1,4
0,p7498,13,1
0,p7499,16,28
0,p7500,62,29
0,p7501,77,28
0,p7502,1,19
0,p7503,1,19
0,p7504,1,15
0,p7505,37,55
0,p7506,28,1
0,p7507,12,1
0,p7508,1,52
0,p7509,54,24
0,p7510,1,34
0,p7511,79,94
0,p7512,85,1
0,p7513,1,84
0,p7514,89,1
0,p7515,24,39
0,p7516,40,1
0,p7517,88,1
0,p7518,15,1
0,p7519,1,100
0,p7520,70,75
0,p7521,98,18
0,p7522,76,97
0,p7523,43,1
0,p7524,35,1
0,p7525,51,19
0,p7526,1,69
0,p7527,1,35
0,p7528,1,33
0,p7529,15,1
0,p7530,40,1
0,p7531,1,84
0,p7532,52,85
0,p7533,26,1
0,p7534,61,1
0,p7535,1,12
0,p7536,86,1
0,p7537,1,27
0,p7538,16,89
0,p7539,52,1
0,p7540,53,15
0,p7541,1,99
0,p7542,1,65
0,p7543,43,1
0,p7544,4,1
0,p7545,98,1
0,p7546,36,1
0,p7547,1,28
0,p7548,85,1
0,p7549,95,1
0,p7550,62,1
0,p7551,3,92
0,p7552,52,97
0,p7553,31,1
0,p7554,88,21
0,p7555,39,1
0,p7556,1,80
0,p7557,1,4
0,p7558,66,1
0,p7559,1,78
0,p7560,1,43
0,p7561,67,1
0,p7562,98,1
0,p7563,1,20
0,p7564,45,92
0,p7565,64,1
0,p7566,97,1
0,p7567,8,39
0,p7568,73,1
0,p7569,1,39
0,p7570,1,67
0,p7571,80,42
0,p7572,61,74
0,p7573,1,36
0,p7574,1,64
0,p7575,1,23
0,p7576,99,1
0,p7577,74,1
0,p7578,24,1
0,p7579,46,92
0,p7580,1,30
0,p7581,67,73
0,p7582,83,1
0,p7583,53,4
0,p7584,6,13
0,p7585,1,15
0,p7586,1,17
0,p7587,81,1
0,p7588,25,58
0,p7589,21,1
0,p7590,80,7
0,p7591,36,62
0,p7592,56,1
0,p7593,1,89
0,p7594,1,54
0,p7595,82,1
0,p7596,1,95
0,p7597,74,1
0,p7598,31,39
0,p7599,1,9
0,p7600,19,28
0,p7601,49,18
0,p7602,1,31
0,p7603,1,40
0,p7604,56,1
0,p7605,1,64
0,p7606,55,6
0,p7607,100,15
0,p7608,1,88
0,p7609,42,71
0,p7610,8,15
0,p7611,93,66
0,p7612,1,46
0,p7613,13,1
0,p7614,87,1
0,p7615,24,73
0,p7616,67,1
0,p7617,1,88
0,p7618,1,30
0,p7619,61,15
0,p7620,6,30
0,p7621,1,78
0,p7622,5,95
0,p7623,34,67
0,p7624,14,1
0,p7625,95,22
0,p7626,1,90
0,p7627,28,18
0,p7628,6,1
0,p7629,66,1
0,p7630,1,4
0,p7631,86,1
0,p7632,1,12
0,p7633,84,1
0,p7634,27,9
0,p7635,1,56
0,p7636,65,38
0,p7637,1,75
0,p7638,1,97
0,p7639,1,3
0,p7640,98,1
0,p7641,1,27
0,p7642,38,1
0,p7643,4,1
0,p7644,90,1
0,p7645,1,30
0,p7646,90,16
0,p7647,57,85
0,p7648,33,1
0,p7649,1,27
0,p7650,1,58
0,p7651,28,1
0,p7652,1,13
0,p7653,1,7
0,p7654,83,24
0,p7655,26,1
0,p7656,57,1
0,p7657,8,1
0,p7658,94,96
0,p7659,58,98
0,p7660,78,65
0,p7661,77,39
0,p7662,1,95
0,p7663,1,86
0,p7664,1,44
0,p7665,50,70
0,p7666,91,1
0,p7667,57,1
0,p7668,51,90
0,p7669,59,75
0,p7670,1,60
0,p7671,76,24
0,p7672,13,69
0,p7673,77,1
0,p7674,33,20
0,p7675,89,1
0,p7676,94,88
0,p7677,88,1
0,p7678,10,48
0,p7679,14,1
0,p7680,41,1
0,p7681,67,1
0,p7682,32,1
0,p7683,1,3
0,p7684,1,71
0,p7685,35,1
0,p7686,45,18
0,p7687,15,1
0,p7688,46,1
0,p7689,1,3
0,p7690,1,18
0,p7691,1,54
0,p7692,1,92
0,p7693,1,86
0,p7694,42,79
0,p7695,34,1
0,p7696,92,72
0,p7697,18,1
0,p7698,65,44
0,p7699,73,1
0,p7700,71,1
0,p7701,6,1
0,p7702,92,1
0,p7703,1,72
0,p7704,67,1
0,p7705,1,27
0,p7706,1,62
0,p7707,1,6
0,p7708,1,28
0,p7709,54,1
0,p7710,1,30
0,p7711,83,1
0,p7712,54,1
0,p7713,1,14
0,p7714,1,73
0,p7715,4,1
0,p7716,88,1
0,p7717,1,99
0,p7718,12,1
0,p7719,61,81
0,p7720,27,25
0,p7721,1,13
0,p7722,36,1
0,p7723,6,1
0,p7724,1,21
0,p7725,1,3
0,p7726,1,92
0,p7727,1,98
0,p7728,54,1
0,p7729,34,1
0,p7730,1,74
0,p7731,13,47
0,p7732,66,1
0,p7733,1,12
0,p7734,1,75
0,p7735,3,1
0,p7736,19,13
0,p7737,62,50
0,p7738,1,53
0,p7739,65,1
0,p7740,41,37
0,p7741,77,1
0,p7742,18,1
0,p7743,44,1
0,p7744,34,74
0,p7745,30,1
0,p7746,1,30
0,p7747,1,92
0,p7748,42,1
0,p7749,46,17
0,p7750,1,75
0,p7751,8,19
0,p7752,11,64
0,p7753,14,74
0,p7754,62,48
0,p7755,82,27
0,p7756,1,3
0,p7757,60,1
0,p7758,1,96
0,p7759,59,1
0,p7760,1,12
0,p7761,61,18
0,p7762,72,35
0,p7763,76,74
0,p7764,1,66
0,p7765,1,38
0,p7766,1,46
0,p7767,1,67
0,p7768,66,18
0,p7769,90,1
0,p7770,1,98
0,p7771,87,15
0,p7772,22,1
0,p7773,12,81
0,p7774,1,13
0,p7775,21,20
0,p7776,16,1
0,p7777,77,1
0,p7778,1,98
0,p7779,20,1
0,p7780,1,38
0,p7781,1,95
0,p7782,44,1
0,p7783,1,90
0,p7784,35,55
0,p7785,1,94
0,p7786,53,83
0,p7787,15,1
0,p7788,63,1
0,p7789,1,76
0,p7790,10,71
0,p7791,77,1
0,p7792,17,42
0,p7793,1,47
0,p7794,1,89
0,p7795,48,96
0,p7796,43,1
0,p7797,74,64
0,p7798,52,1
0,p7799,25,1
0,p7800,95,78
0,p7801,49,1
0,p7802,43,62
0,p7803,1,3
0,p7804,17,1
0,p7805,29,23
0,p7806,65,1
0,p7807,1,74
0,p7808,1,66
0,p7809,99,83
0,p7810,35,3
0,p7811,75,20
0,p7812,10,94
0,p7813,1,32
0,p7814,78,1
0,p7815,82,1
0,p7816,63,1
0,p7817,39,1
0,p7818,77,72
0,p7819,52,16
0,p7820,1,64
0,p7821,1,97
0,p7822,66,1
0,p7823,1,33
0,p7824,14,1
0,p7825,66,3
0,p7826,72,1
0,p7827,100,97
0,p7828,30,1
0,p7829,1,15
0,p7830,1,30
0,p7831,67,87
0,p7832,1,81
0,p7833,100,14
0,p7834,6,1
0,p7835,52,1
0,p7836,1,47
0,p7837,60,1
0,p7838,83,1
0,p7839,4,30
0,p7840,1,54
0,p7841,1,10
0,p7842,17,1
0,p7843,89,4
0,p7844,25,1
0,p7845,42,1
0,p7846,65,10
0,p7847,15,10
0,p7848,1,59
0,p7849,41,1
0,p7850,1,39
0,p7851,30,54
0,p7852,30,1
0,p7853,68,3
0,p7854,74,1
0,p7855,1,79
0,p7856,13,83
0,p7857,94,1
0,p7858,84,1
0,p7859,1,62
0,p7860,2,1
0,p7861,10,1
0,p7862,1,71
0,p7863,100,1
0,p7864,82,20
0,p7865,1,12
0,p7866,10,1
0,p7867,62,1
0,p7868,58,1
0,p7869,1,30
0,p7870,34,1
0,p7871,59,1
0,p7872,32,1
0,p7873,1,78
0,p7874,94,1
0,p7875,72,1
0,p7876,97,15
0,p7877,94,23
0,p7878,1,46
0,p7879,66,31
0,p7880,1,79
0,p7881,1,89
0,p7882,9,51
0,p7883,1,59
0,p7884,1,79
0,p7885,97,18
0,p7886,68,32
0,p7887,50,1
0,p7888,34,1
0,p7889,21,1
0,p7890,43,84
0,p7891,1,54
0,p7892,1,47
0,p7893,64,8
0,p7894,1,21
0,p7895,19,73
0,p7896,33,1
0,p7897,4,52
0,p7898,1,50
0,p7899,1,37
0,p7900,60,1
0,p7901,17,1
0,p7902,96,67
0,p7903,6,83
0,p7904,62,1
0,p7905,37,94
0,p7906,55,7
0,p7907,95,46
0,p7908,1,68
0,p7909,1,13
0,p7910,1,74
0,p7911,1,34
0,p7912,71,15
0,p7913,1,68
0,p7914,1,99
0,p7915,67,1
0,p7916,14,92
0,p7917,1,50
0,p7918,56,46
0,p7919,17,1
0,p7920,57,5
0,p7921,1,4
0,p7922,1,63
0,p7923,80,1
0,p7924,1,36
0,p7925,1,71
0,p7926,96,1
0,p7927,1,66
0,p7928,55,1
0,p7929,1,42
0,p7930,1,5
0,p7931,14,75
0,p7932,55,71
0,p7933,26,1
0,p7934,38,1
0,p7935,100,84
0,p7936,1,67
0,p7937,1,51
0,p7938,27,1
0,p7939,1,49
0,p7940,1,44
0,p7941,58,1
0,p7942,92,60
0,p7943,22,81
0,p7944,18,1
0,p7945,30,1
0,p7946,48,15
0,p7947,1,62
0,p7948,94,69
0,p7949,1,14
0,p7950,45,90
0,p7951,30,50
0,p7952,1,55
0,p7953,21,1
0,p7954,30,1
0,p7955,94,6
0,p7956,26,1
0,p7957,20,1
0,p7958,1,62
0,p7959,81,1
0,p7960,10,1
0,p7961,1,83
0,p7962,1,55
0,p7963,61,73
0,p7964,89,78
0,p7965,92,78
0,p7966,54,1
0,p7967,1,94
0,p7968,96,30
0,p7969,1,84
0,p7970,42,21
0,p7971,21,19
0,p7972,83,11
0,p7973,24,1
0,p7974,22,1
0,p7975,76,1
0,p7976,69,1
0,p7977,1,7
0,p7978,1,61
0,p7979,22,52
0,p7980,2,1
0,p7981,14,1
0,p7982,58,1
0,p7983,84,68
0,p7984,45,1
0,p7985,1,32
0,p7986,65,93
0,p7987,98,36
0,p7988,1,65
0,p7989,5,1
0,p7990,1,36
0,p7991,72,1
0,p7992,1,16
0,p7993,36,14
0,p7994,23,37
0,p7995,79,6
0,p7996,1,9
0,p7997,54,1
0,p7998,1,71
0,p7999,35,70
0,p8000,78,1
0,p8001,71,1
0,p8002,77,14
0,p8003,3,1
0,p8004,91,76
0,p8005,57,1
0,p8006,1,4
0,p8007,72,15
0,p8008,30,28
0,p8009,85,1
0,p8010,15,1
0,p8011,53,1
0,p8012,1,97
0,p8013,1,18
0,p8014,1,8
0,p8015,66,98
0,p8016,81,85
0,p8017,34,95
0,p8018,71,97
0,p8019,13,78
0,p8020,19,1
0,p8021,44,52
0,p8022,26,84
0,p8023,1,83
0,p8024,1,63
0,p8025,17,85
0,p8026,92,1
0,p8027,18,1
0,p8028,21,39
0,p8029,44,1
0,p8030,1,7
0,p8031,1,8
0,p8032,58,1
0,p8033,1,43
0,p8034,95,1
0,p8035,1,8
0,p8036,64,1
0,p8037,98,1
0,p8038,31,89
0,p8039,23,100
0,p8040,92,1
0,p8041,65,23
0,p8042,9,80
0,p8043,87,9
0,p8044,65,77
0,p8045,1,44
0,p8046,85,1
0,p8047,1,87
0,p8048,75,1
0,p8049,1,73
0,p8050,65,47
0,p8051,1,95
0,p8052,1,78
0,p8053,14,27
0,p8054,1,4
0,p8055,1,89
0,p8056,1,77
0,p8057,21,1
0,p8058,1,92
0,p8059,82,1
0,p8060,48,1
0,p8061,21,1
0,p8062,1,21
0,p8063,1,52
0,p8064,66,28
0,p8065,4,1
0,p8066,86,2
0,p8067,12,53
0,p8068,48,49
0,p8069,34,9
0,p8070,77,1
0,p8071,1,12
0,p8072,1,76
0,p8073,57,100
0,p8074,1,37
0,p8075,1,80
0,p8076,1,85
0,p8077,1,74
0,p8078,66,1
0,p8079,3,40
0,p8080,1,47
0,p8081,1,12
0,p8082,45,1
0,p8083,44,1
0,p8084,73,37
0,p8085,1,8
0,p8086,1,57
0,p8087,18,1
0,p8088,24,1
0,p8089,5,1
0,p8090,1,85
0,p8091,99,52
0,p8092,1,5
0,p8093,14,1
0,p8094,1,98
0,p8095,1,33
0,p8096,61,1
0,p8097,16,57
0,p8098,1,29
0,p8099,59,84
0,p8100,1,85
0,p8101,33,86
0,p8102,1,84
0,p8103,4,64
0,p8104,86,1
0,p8105,1,89
0,p8106,83,1
0,p8107,1,67
0,p8108,76,57
0,p8109,1,89
0,p8110,69,42
0,p8111,1,18
0,p8112,24,1
0,p8113,72,1
0,p8114,1,78
0,p8115,17,1
0,p8116,27,1
0,p8117,47,29
0,p8118,35,87
0,p8119,62,1
0,p8120,92,9
0,p8121,98,1
0,p8122,85,61
0,p8123,45,17
0,p8124,84,1
0,p8125,11,81
0,p8126,61,78
0,p8127,86,20
0,p8128,41,1
0,p8129,26,40
0,p8130,51,1
0,p8131,77,1
0,p8132,20,62
0,p8133,60,1
0,p8134,1,62
0,p8135,95,76
0,p8136,11,1
0,p8137,15,84
0,p8138,1,90
0,p8139,56,1
0,p8140,43,1
0,p8141,61,1
0,p8142,1,96
0,p8143,1,3
0,p8144,46,10
0,p8145,1,90
0,p8146,1,89
0,p8147,1,62
0,p8148,70,46
0,p8149,99,1
0,p8150,1,58
0,p8151,48,49
0,p8152,57,43
0,p8153,1,31
0,p8154,91,1
0,p8155,1,91
0,p8156,1,59
0,p8157,9,52
0,p8158,1,60
0,p8159,59,1
0,p8160,61,1
0,p8161,14,1
0,p8162,17,1
0,p8163,1,93
0,p8164,17,86
0,p8165,70,41
0,p8166,41,73
0,p8167,37,1
0,p8168,60,1
0,p8169,38,1
0,p8170,1,8
0,p8171,1,90
0,p8172,18,1
0,p8173,1,81
0,p8174,2,70
0,p8175,67,91
0,p8176,1,19
0,p8177,1,64
0,p8178,40,1
0,p8179,92,46
0,p8180,65,1
0,p8181,23,80
0,p8182,86,1
0,p8183,53,1
0,p8184,19,4
0,p8185,9,1
0,p8186,1,43
0,p8187,1,59
0,p8188,36,1
0,p8189,92,56
0,p8190,57,59
0,p8191,56,82
0,p8192,26,1
0,p8193,60,1
0,p8194,1,6
0,p8195,1,17
0,p8196,52,34
0,p8197,65,6
0,p8198,45,1
0,p8199,63,54
0,p8200,66,1
0,p8201,57,52
0,p8202,1,59
0,p8203,48,1
0,p8204,7,30
0,p8205,89,1
0,p8206,3,35
0,p8207,1,16
0,p8208,1,37
0,p8209,7,44
0,p8210,38,18
0,p8211,28,52
0,p8212,3,1
0,p8213,33,1
0,p8214,81,1
0,p8215,1,76
0,p8216,1,80
0,p8217,1,43
0,p8218,3,1
0,p8219,1,79
0,p8220,1,15
0,p8221,88,45
0,p8222,1,90
0,p8223,24,79
0,p8224,60,69
0,p8225,1,81
0,p8226,1,44
0,p8227,1,27
0,p8228,78,1
0,p8229,44,21
0,p8230,1,82
0,p8231,63,1
0,p8232,44,45
0,p8233,3,1
0,p8234,60,1
0,p8235,33,85
0,p8236,1,8
0,p8237,1,93
0,p8238,91,1
0,p8239,1,72
0,p8240,1,46
0,p8241,1,76
0,p8242,1,33
0,p8243,85,1
0,p8244,58,43
0,p8245,62,1
0,p8246,74,4
0,p8247,1,45
0,p8248,60,99
0,p8249,49,3
0,p8250,62,45
0,p8251,1,9
0,p8252,15,1
0,p8253,1,67
0,p8254,31,48
0,p8255,71,95
0,p8256,9,43
0,p8257,63,12
0,p8258,12,1
0,p8259,1,45
0,p8260,1,53
0,p8261,1,38
0,p8262,35,60
0,p8263,84,77
0,p8264,86,1
0,p8265,36,56
0,p8266,1,63
0,p8267,42,75
0,p8268,81,29
0,p8269,65,6
0,p8270,1,33
0,p8271,91,1
0,p8272,77,1
0,p8273,1,77
0,p8274,1,75
0,p8275,52,91
0,p8276,74,8
0,p8277,9,1
0,p8278,1,72
0,p8279,1,71
0,p8280,85,27
0,p8281,35,83
0,p8282,43,1
0,p8283,83,93
0,p8284,1,5
0,p8285,22,94
0,p8286,54,71
0,p8287,19,10
0,p8288,1,75
0,p8289,65,91
0,p8290,42,1
0,p8291,17,1
0,p8292,1,92
0,p8293,1,97
0,p8294,84,12
0,p8295,1,38
0,p8296,49,48
0,p8297,49,1
0,p8298,7,59
0,p8299,51,38
0,p8300,12,22
0,p8301,19,61
0,p8302,96,33
0,p8303,82,33
0,p8304,32,50
0,p8305,1,74
0,p8306,78,38
0,p8307,40,1
0,p8308,1,76
0,p8309,39,1
0,p8310,72,45
0,p8311,1,14
0,p8312,1,60
0,p8313,75,38
0,p8314,33,1
0,p8315,1,95
0,p8316,95,1
0,p8317,79,77
0,p8318,1,19
0,p8319,25,100
0,p8320,75,27
0,p8321,1,36
0,p8322,68,20
0,p8323,48,81
0,p8324,2,46
0,p8325,20,47
0,p8326,34,41
0,p8327,33,1
0,p8328,46,53
0,p8329,31,1
0,p8330,1,42
0,p8331,1,56
0,p8332,93,1
0,p8333,32,94
0,p8334,1,41
0,p8335,1,22
0,p8336,1,30
0,p8337,30,41
0,p8338,1,92
0,p8339,51,1
0,p8340,33,1
0,p8341,30,1
0,p8342,44,1
0,p8343,1,99
0,p8344,1,99
0,p8345,76,39
0,p8346,1,32
0,p8347,81,3
0,p8348,82,67
0,p8349,1,28
0,p8350,94,1
0,p8351,78,11
0,p8352,59,1
0,p8353,12,1
0,p8354,1,40
0,p8355,1,72
0,p8356,91,1
0,p8357,1,48
0,p8358,56,1
0,p8359,59,11
0,p8360,11,1
0,p8361,1,29
0,p8362,25,74
0,p8363,57,1
0,p8364,89,65
0,p8365,1,69
0,p8366,61,1
0,p8367,60,3
0,p8368,47,1
0,p8369,86,99
0,p8370,73,74
0,p8371,81,1
0,p8372,1,6
0,p8373,44,1
0,p8374,10,75
0,p8375,68,1
0,p8376,22,1
0,p8377,18,1
0,p8378,28,36
0,p8379,26,93
0,p8380,15,22
0,p8381,2,97
0,p8382,68,41
0,p8383,66,1
0,p8384,64,19
0,p8385,14,1
0,p8386,55,1
0,p8387,1,98
0,p8388,1,66
0,p8389,19,1
0,p8390,74,8
0,p8391,57,65
0,p8392,11,1
0,p8393,18,1
0,p8394,72,1
0,p8395,1,16
0,p8396,32,1
0,p8397,1,61
0,p8398,85,1
0,p8399,83,66
0,p8400,70,58
0,p8401,82,1
0,p8402,99,22
0,p8403,53,81
0,p8404,1,41
0,p8405,36,86
0,p8406,12,1
0,p8407,65,1
0,p8408,1,85
0,p8409,1,31
0,p8410,26,32
0,p8411,32,14
0,p8412,1,18
0,p8413,39,13
0,p8414,67,1
0,p8415,1,24
0,p8416,1,52
0,p8417,45,1
0,p8418,5,1
0,p8419,28,43
0,p8420,87,15
0,p8421,6,1
0,p8422,71,1
0,p8423,30,1
0,p8424,57,1
0,p8425,80,72
0,p8426,60,1
0,p8427,98,1
0,p8428,89,37
0,p8429,10,1
0,p8430,1,17
0,p8431,28,51
0,p8432,28,47
0,p8433,6,1
0,p8434,1,55
0,p8435,62,11
0,p8436,73,60
0,p8437,95,1
0,p8438,14,1
0,p8439,1,96
0,p8440,51,1
0,p8441,60,1
0,p8442,1,16
0,p8443,1,5
0,p8444,88,1
0,p8445,60,1
0,p8446,45,1
0,p8447,71,64
0,p8448,1,11
0,p8449,80,1
0,p8450,75,1
0,p8451,1,17
0,p8452,1,40
0,p8453,1,20
0,p8454,53,1
0,p8455,67,31
0,p8456,96,98
0,p8457,1,15
0,p8458,1,59
0,p8459,33,1
0,p8460,1,97
0,p8461,1,41
0,p8462,33,1
0,p8463,40,81
0,p8464,33,1
0,p8465,1,29
0,p8466,1,88
0,p8467,29,1
0,p8468,73,85
0,p8469,55,42
0,p8470,97,98
0,p8471,78,1
0,p8472,73,1
0,p8473,77,62
0,p8474,36,1
0,p8475,55,59
0,p8476,99,1
0,p8477,20,1
0,p8478,1,16
0,p8479,1,71
0,p8480,78,1
0,p8481,8,33
0,p8482,87,9
0,p8483,46,1
0,p8484,67,100
0,p8485,1,20
0,p8486,46,1
0,p8487,10,1
0,p8488,57,1
0,p8489,25,4
0,p8490,1,37
0,p8491,95,1
0,p8492,21,83
0,p8493,99,1
0,p8494,1,15
0,p8495,88,7
0,p8496,28,32
0,p8497,8,1
0,p8498,38,46
0,p8499,88,1
0,p8500,34,1
0,p8501,80,73
0,p8502,1,77
0,p8503,54,1
0,p8504,51,48
0,p8505,33,1
0,p8506,1,67
0,p8507,1,69
0,p8508,33,1
0,p8509,87,20
0,p8510,1,11
0,p8511,88,77
0,p8512,1,42
0,p8513,37,1
0,p8514,80,27
0,p8515,36,80
0,p8516,1,77
0,p8517,87,90
0,p8518,10,1
0,p8519,66,1
0,p8520,78,81
0,p8521,82,1
0,p8522,39,57
0,p8523,1,51
0,p8524,46,89
0,p8525,1,49
0,p8526,1,47
0,p8527,1,77
0,p8528,1,36
0,p8529,1,27
0,p8530,67,1
0,p8531,3,97
0,p8532,65,48
0,p8533,1,67
0,p8534,17,7
0,p8535,1,51
0,p8536,1,17
0,p8537,1,20
0,p8538,1,67
0,p8539,1,39
0,p8540,1,76
0,p8541,88,10
0,p8542,38,1
0,p8543,1,71
0,p8544,1,99
0,p8545,43,1
0,p8546,55,1
0,p8547,1,13
0,p8548,52,84
0,p8549,12,62
0,p8550,1,91
0,p8551,1,52
0,p8552,34,80
0,p8553,1,59
0,p8554,25,38
0,p8555,1,14
0,p8556,51,74
0,p8557,1,76
0,p8558,1,51
0,p8559,88,1
0,p8560,97,1
0,p8561,11,1
0,p8562,1,26
0,p8563,22,1
0,p8564,90,1
0,p8565,1,80
0,p8566,29,1
0,p8567,96,1
0,p8568,1,45
0,p8569,1,98
0,p8570,43,1
0,p8571,60,40
0,p8572,83,1
0,p8573,95,1
0,p8574,57,50
0,p8575,1,67
0,p8576,41,92
0,p8577,18,82
0,p8578,1,72
0,p8579,1,64
0,p8580,1,54
0,p8581,10,1
0,p8582,42,23
0,p8583,85,26
0,p8584,93,1
0,p8585,65,1
0,p8586,97,89
0,p8587,1,97
0,p8588,34,18
0,p8589,20,32
0,p8590,1,99
0,p8591,36,7
0,p8592,31,72
0,p8593,1,13
0,p8594,38,1
0,p8595,52,1
0,p8596,41,1
0,p8597,1,35
0,p8598,39,40
0,p8599,1,54
0,p8600,85,1
0,p8601,24,1
0,p8602,82,1
0,p8603,73,89
0,p8604,22,78
0,p8605,59,63
0,p8606,29,1
0,p8607,84,1
0,p8608,50,56
0,p8609,93,51
0,p8610,80,62
0,p8611,55,2
0,p8612,13,99
0,p8613,1,18
0,p8614,33,1
0,p8615,81,85
0,p8616,99,50
0,p8617,57,9
0,p8618,66,1
0,p8619,92,1
0,p8620,26,1
0,p8621,1,39
0,p8622,94,1
0,p8623,90,6
0,p8624,62,1
0,p8625,1,42
0,p8626,48,1
0,p8627,1,45
0,p8628,1,84
0,p8629,5,1
0,p8630,42,97
0,p8631,92,31
0,p8632,23,1
0,p8633,1,70
0,p8634,1,19
0,p8635,53,1
0,p8636,73,1
0,p8637,59,1
0,p8638,47,44
0,p8639,1,75
0,p8640,1,51
0,p8641,61,1
0,p8642,5,1
0,p8643,64,1
0,p8644,98,96
0,p8645,75,1
0,p8646,59,1
0,p8647,30,1
0,p8648,88,59
0,p8649,58,1
0,p8650,40,45
0,p8651,99,1
0,p8652,100,1
0,p8653,67,84
0,p8654,1,70
0,p8655,48,18
0,p8656,85,29
0,p8657,1,90
0,p8658,1,63
0,p8659,38,52
0,p8660,1,10
0,p8661,1,89
0,p8662,1,6
0,p8663,1,47
0,p8664,96,1
0,p8665,1,6
0,p8666,1,87
0,p8667,1,66
0,p8668,85,1
0,p8669,53,1
0,p8670,58,99
0,p8671,26,46
0,p8672,1,22
0,p8673,48,24
0,p8674,96,13
0,p8675,1,24
0,p8676,6,33
0,p8677,1,54
0,p8678,71,65
0,p8679,82,1
0,p8680,1,34
0,p8681,42,1
0,p8682,91,31
0,p8683,70,1
0,p8684,25,1
0,p8685,63,55
0,p8686,50,41
0,p8687,89,1
0,p8688,1,95
0,p8689,72,1
0,p8690,1,17
0,p8691,1,29
0,p8692,29,84
0,p8693,7,1
0,p8694,48,1
0,p8695,76,1
0,p8696,14,5
0,p8697,37,87
0,p8698,35,1
0,p8699,44,93
0,p8700,52,10
0,p8701,1,69
0,p8702,12,1
0,p8703,69,93
0,p8704,1,2
0,p8705,1,94
0,p8706,67,40
0,p8707,1,78
0,p8708,53,1
0,p8709,71,99
0,p8710,30,54
0,p8711,83,1
0,p8712,59,1
0,p8713,55,23
0,p8714,22,23
0,p8715,1,66
0,p8716,64,1
0,p8717,1,14
0,p8718,1,38
0,p8719,68,30
0,p8720,1,76
0,p8721,50,15
0,p8722,1,99
0,p8723,99,90
0,p8724,1,59
0,p8725,63,56
0,p8726,1,6
0,p8727,51,1
0,p8728,75,1
0,p8729,74,18
0,p8730,67,1
0,p8731,43,54
0,p8732,50,1
0,p8733,71,1
0,p8734,78,42
0,p8735,32,73
0,p8736,1,31
0,p8737,81,1
0,p8738,21,50
0,p8739,72,1
0,p8740,1,53
0,p8741,1,9
0,p8742,1,32
0,p8743,45,1
0,p8744,81,1
0,p8745,100,26
0,p8746,88,1
0,p8747,38,20
0,p8748,1,74
0,p8749,52,77
0,p8750,31,1
0,p8751,55,1
0,p8752,19,1
0,p8753,1,36
0,p8754,1,96
0,p8755,27,1
0,p8756,10,74
0,p8757,34,1
0,p8758,1,32
0,p8759,17,1
0,p8760,1,88
0,p8761,21,32
0,p8762,81,1
0,p8763,82,1
0,p8764,24,1
0,p8765,8,95
0,p8766,93,1
0,p8767,81,1
0,p8768,62,91
0,p8769,63,1
0,p8770,1,68
0,p8771,77,1
0,p8772,1,66
0,p8773,44,1
0,p8774,94,99
0,p8775,76,1
0,p8776,73,70
0,p8777,1,24
0,p8778,70,91
0,p8779,85,1
0,p8780,66,1
0,p8781,68,17
0,p8782,18,1
0,p8783,42,13
0,p8784,53,1
0,p8785,17,1
0,p8786,76,40
0,p8787,55,1
0,p8788,1,11
0,p8789,1,51
0,p8790,23,27
0,p8791,67,61
0,p8792,60,1
0,p8793,1,67
0,p8794,1,71
0,p8795,1,86
0,p8796,69,1
0,p8797,1,56
0,p8798,58,1
0,p8799,60,61
0,p8800,1,88
0,p8801,1,6
0,p8802,50,1
0,p8803,49,1
0,p8804,1,72
0,p8805,1,17
0,p8806,14,45
0,p8807,49,1
0,p8808,26,45
0,p8809,1,87
0,p8810,1,99
0,p8811,1,75
0,p8812,1,49
0,p8813,21,1
0,p8814,18,1
0,p8815,1,27
0,p8816,1,39
0,p8817,13,1
0,p8818,1,36
0,p8819,1,58
0,p8820,77,51
0,p8821,96,76
0,p8822,1,96
0,p8823,40,54
0,p8824,48,78
0,p8825,65,61
0,p8826,100,92
0,p8827,1,34
0,p8828,61,88
0,p8829,100,88
0,p8830,1,32
0,p8831,52,1
0,p8832,3,1
0,p8833,37,1
0,p8834,100,58
0,p8835,1,62
0,p8836,1,9
0,p8837,1,81
0,p8838,1,98
0,p8839,1,22
0,p8840,1,87
0,p8841,1,2
0,p8842,13,1
0,p8843,68,66
0,p8844,60,1
0,p8845,31,77
0,p8846,78,60
0,p8847,1,23
0,p8848,61,5
0,p8849,64,96
0,p8850,1,40
0,p8851,42,1
0,p8852,1,63
0,p8853,95,1
0,p8854,1,94
0,p8855,52,1
0,p8856,1,24
0,p8857,44,51
0,p8858,50,1
0,p8859,80,1
0,p8860,60,1
0,p8861,1,16
0,p8862,14,1
0,p8863,78,91
0,p8864,22,76
0,p8865,1,22
0,p8866,1,98
0,p8867,1,9
0,p8868,59,90
0,p8869,3,1
0,p8870,1,25
0,p8871,62,1
0,p8872,1,6
0,p8873,84,1
0,p8874,63,1
0,p8875,31,14
0,p8876,1,31
0,p8877,94,86
0,p8878,71,1
0,p8879,11,45
0,p8880,1,8
0,p8881,45,1
0,p8882,1,81
0,p8883,1,13
0,p8884,1,27
0,p8885,1,39
0,p8886,60,1
0,p8887,1,42
0,p8888,87,1
0,p8889,48,1
0,p8890,61,76
0,p8891,60,14
0,p8892,61,45
0,p8893,46,55
0,p8894,12,33
0,p8895,1,52
0,p8896,1,23
0,p8897,1,61
0,p8898,86,1
0,p8899,68,1
0,p8900,1,14
0,p8901,90,1
0,p8902,1,36
0,p8903,38,1
0,p8904,50,1
0,p8905,1,48
0,p8906,29,1
0,p8907,54,1
0,p8908,41,1
0,p8909,1,11
0,p8910,1,73
0,p8911,89,50
0,p8912,1,62
0,p8913,22,49
0,p8914,38,61
0,p8915,19,55
0,p8916,47,98
0,p8917,1,26
0,p8918,99,1
0,p8919,27,90
0,p8920,86,1
0,p8921,52,83
0,p8922,1,64
0,p8923,1,89
0,p8924,60,76
0,p8925,4,5
0,p8926,1,5
0,p8927,1,98
0,p8928,20,79
0,p8929,13,42
0,p8930,73,68
0,p8931,1,53
0,p8932,42,1
0,p8933,17,33
0,p8934,53,19
0,p8935,1,7
0,p8936,1,89
0,p8937,44,1
0,p8938,1,63
0,p8939,58,59
0,p8940,34,1
0,p8941,1,53
0,p8942,68,1
0,p8943,1,15
0,p8944,20,60
0,p8945,1,89
0,p8946,1,48
0,p8947,1,14
0,p8948,1,82
0,p8949,1,33
0,p8950,1,33
0,p8951,77,17
0,p8952,90,33
0,p8953,1,8
0,p8954,1,75
0,p8955,1,21
0,p8956,16,1
0,p8957,1,23
0,p8958,1,33
0,p8959,15,1
0,p8960,1,48
0,p8961,25,60
0,p8962,1,16
0,p8963,1,33
0,p8964,1,32
0,p8965,1,64
0,p8966,19,42
0,p8967,1,20
0,p8968,36,1
0,p8969,3,20
0,p8970,7,100
0,p8971,10,40
0,p8972,63,2
0,p8973,1,4
0,p8974,60,1
0,p8975,91,1
0,p8976,17,79
0,p8977,24,29
0,p8978,1,13
0,p8979,1,59
0,p8980,67,1
0,p8981,49,1
0,p8982,2,98
0,p8983,1,56
0,p8984,61,78
0,p8985,52,1
0,p8986,95,1
0,p8987,41,1
0,p8988,26,96
0,p8989,68,82
0,p8990,77,1
0,p8991,70,1
0,p8992,44,51
0,p8993,1,13
0,p8994,1,49
0,p8995,24,1
0,p8996,87,1
0,p8997,1,11
0,p8998,91,58
0,p8999,37,54
0,p9000,1,97
0,p9001,94,69
0,p9002,16,39
0,p9003,64,71
0,p9004,1,24
0,p9005,87,1
0,p9006,90,1
0,p9007,1,70
0,p9008,71,1
0,p9009,32,25
0,p9010,81,85
0,p9011,1,34
0,p9012,47,69
0,p9013,25,1
0,p9014,7,1
0,p9015,53,1
0,p9016,1,20
0,p9017,1,13
0,p9018,11,1
0,p9019,60,1
0,p9020,1,84
0,p9021,39,1
0,p9022,76,16
0,p9023,1,69
0,p9024,82,1
0,p9025,74,57
0,p9026,97,1
0,p9027,1,88
0,p9028,1,72
0,p9029,23,1
0,p9030,33,22
0,p9031,99,100
0,p9032,64,1
0,p9033,58,10
0,p9034,1,52
0,p9035,1,47
0,p9036,1,3
0,p9037,73,54
0,p9038,13,24
0,p9039,70,1
0,p9040,52,67
0,p9041,58,71
0,p9042,35,1
0,p9043,72,1
0,p9044,19,1
0,p9045,99,66
0,p9046,1,87
0,p9047,94,24
0,p9048,69,98
0,p9049,20,52
0,p9050,75,89
0,p9051,1,90
0,p9052,64,1
0,p9053,1,13
0,p9054,69,68
0,p9055,64,1
0,p9056,27,90
0,p9057,1,90
0,p9058,1,72
0,p9059,96,1
0,p9060,42,1
0,p9061,6,1
0,p9062,88,1
0,p9063,92,1
0,p9064,35,1
0,p9065,43,1
0,p9066,66,1
0,p9067,61,58
0,p9068,45,84
0,p9069,78,1
0,p9070,87,80
0,p9071,86,1
0,p9072,1,66
0,p9073,30,1
0,p9074,1,68
0,p9075,54,32
0,p9076,1,50
0,p9077,18,72
0,p9078,5,88
0,p9079,51,1
0,p9080,1,27
0,p9081,1,31
0,p9082,1,19
0,p9083,81,65
0,p9084,42,93
0,p9085,1,89
0,p9086,38,15
0,p9087,1,61
0,p9088,69,1
0,p9089,21,1
0,p9090,75,24
0,p9091,77,46
0,p9092,93,1
0,p9093,60,83
0,p9094,14,1
0,p9095,52,13
0,p9096,76,1
0,p9097,81,1
0,p9098,71,67
0,p9099,1,68
0,p9100,65,58
0,p9101,35,67
0,p9102,5,1
0,p9103,37,1
0,p9104,99,87
0,p9105,41,74
0,p9106,14,1
0,p9107,1,38
0,p9108,79,1
0,p9109,66,1
0,p9110,72,1
0,p9111,1,25
0,p9112,1,85
0,p9113,1,68
0,p9114,11,98
0,p9115,28,1
0,p9116,7,1
0,p9117,27,1
0,p9118,1,55
0,p9119,1,100
0,p9120,28,1
0,p9121,1,36
0,p9122,52,43
0,p9123,1,70
0,p9124,37,1
0,p9125,10,68
0,p9126,1,25
0,p9127,36,84
0,p9128,81,1
0,p9129,1,86
0,p9130,50,1
0,p9131,1,12
0,p9132,5,52
0,p9133,76,1
0,p9134,40,1
0,p9135,1,26
0,p9136,1,38
0,p9137,22,10
0,p9138,2,54
0,p9139,91,1
0,p9140,1,54
0,p9141,9,1
0,p9142,63,86
0,p9143,1,16
0,p9144,1,26
0,p9145,1,61
0,p9146,20,1
0,p9147,1,89
0,p9148,96,1
0,p9149,50,49
0,p9150,76,1
0,p9151,1,78
0,p9152,1,7
0,p9153,1,24
0,p9154,83,1
0,p9155,11,34
0,p9156,1,76
0,p9157,1,38
0,p9158,84,1
0,p9159,34,1
0,p9160,43,2
0,p9161,71,1
0,p9162,69,46
0,p9163,1,11
0,p9164,1,80
0,p9165,92,23
0,p9166,12,72
0,p9167,41,1
0,p9168,25,1
0,p9169,8,77
0,p9170,100,1
0,p9171,1,15
0,p9172,9,38
0,p9173,1,60
0,p9174,1,68
0,p9175,1,56
0,p9176,54,1
0,p9177,1,10
0,p9178,94,1
0,p9179,1,25
0,p9180,1,57
0,p9181,14,1
0,p9182,1,15
0,p9183,1,22
0,p9184,1,47
0,p9185,67,88
0,p9186,48,1
0,p9187,47,67
0,p9188,1,96
0,p9189,23,53
0,p9190,57,94
0,p9191,1,59
0,p9192,1,5
0,p9193,28,1
0,p9194,1,36
0,p9195,63,88
0,p9196,19,1
0,p9197,1,97
0,p9198,28,78
0,p9199,38,1
0,p9200,1,35
0,p9201,19,83
0,p9202,1,95
0,p9203,62,69
0,p9204,1,22
0,p9205,64,71
0,p9206,1,17
0,p9207,1,81
0,p9208,17,8
0,p9209,62,1
0,p9210,1,18
0,p9211,51,1
0,p9212,51,1
0,p9213,14,1
0,p9214,92,40
0,p9215,1,62
0,p9216,44,1
0,p9217,71,17
0,p9218,26,1
0,p9219,56,1
0,p9220,77,59
0,p9221,37,1
0,p9222,1,99
0,p9223,1,85
0,p9224,63,1
0,p9225,5,1
0,p9226,47,1
0,p9227,39,1
0,p9228,1,42
0,p9229,26,56
0,p9230,91,1
0,p9231,17,1
0,p9232,12,22
0,p9233,87,93
0,p9234,80,19
0,p9235,44,1
0,p9236,74,21
0,p9237,1,66
0,p9238,82,1
0,p9239,35,1
0,p9240,20,99
0,p9241,47,1
0,p9242,1,28
0,p9243,43,1
0,p9244,24,28
0,p9245,82,1
0,p9246,1,77
0,p9247,69,40
0,p9248,6,1
0,p9249,1,27
0,p9250,1,9
0,p9251,1,45
0,p9252,13,30
0,p9253,16,1
0,p9254,18,1
0,p9255,43,38
0,p9256,1,71
0,p9257,7,1
0,p9258,15,55
0,p9259,86,1
0,p9260,56,1
0,p9261,23,94
0,p9262,60,96
0,p9263,11,58
0,p9264,62,60
0,p9265,43,84
0,p9266,1,62
0,p9267,66,61
0,p9268,1,20
0,p9269,1,79
0,p9270,53,63
0,p9271,8,54
0,p9272,25,1
0,p9273,94,22
0,p9274,16,68
0,p9275,1,40
0,p9276,1,98
0,p9277,89,92
0,p9278,47,1
0,p9279,64,1
0,p9280,94,1
0,p9281,67,58
0,p9282,41,58
0,p9283,62,77
0,p9284,92,94
0,p9285,37,68
0,p9286,41,1
0,p9287,46,1
0,p9288,84,13
0,p9289,1,81
0,p9290,1,88
0,p9291,59,28
0,p9292,82,1
0,p9293,22,1
0,p9294,90,1
0,p9295,1,55
0,p9296,96,72
0,p9297,1,34
0,p9298,1,13
0,p9299,47,42
0,p9300,88,89
0,p9301,1,43
0,p9302,95,1
0,p9303,1,35
0,p9304,82,1
0,p9305,1,2
0,p9306,1,91
0,p9307,26,1
0,p9308,27,96
0,p9309,96,1
0,p9310,96,1
0,p9311,54,66
0,p9312,1,26
0,p9313,1,97
0,p9314,1,87
0,p9315,1,91
0,p9316,12,49
0,p9317,91,72
0,p9318,75,25
0,p9319,40,72
0,p9320,37,1
0,p9321,87,1
0,p9322,92,1
0,p9323,69,1
0,p9324,12,37
0,p9325,42,30
0,p9326,13,1
0,p9327,61,57
0,p9328,16,48
0,p9329,1,47
0,p9330,1,53
0,p9331,1,38
0,p9332,98,1
0,p9333,1,100
0,p9334,89,32
0,p9335,6,1
0,p9336,77,38
0,p9337,8,3
0,p9338,31,1
0,p9339,1,12
0,p9340,36,67
0,p9341,1,24
0,p9342,82,1
0,p9343,97,1
0,p9344,50,3
0,p9345,1,51
0,p9346,24,1
0,p9347,12,1
0,p9348,14,1
0,p9349,1,64
0,p9350,27,97
0,p9351,13,1
0,p9352,34,1
0,p9353,9,1
0,p9354,1,79
0,p9355,76,1
0,p9356,62,20
0,p9357,1,75
0,p9358,22,3
0,p9359,39,6
0,p9360,33,1
0,p9361,30,1
0,p9362,1,97
0,p9363,86,1
0,p9364,1,2
0,p9365,62,2
0,p9366,52,1
0,p9367,48,1
0,p9368,29,15
0,p9369,68,93
0,p9370,80,8
0,p9371,1,88
0,p9372,30,1
0,p9373,1,13
0,p9374,86,60
0,p9375,81,14
0,p9376,1,19
0,p9377,89,1
0,p9378,26,75
0,p9379,38,28
0,p9380,6,1
0,p9381,95,27
0,p9382,1,88
0,p9383,1,27
0,p9384,1,77
0,p9385,1,85
0,p9386,1,7
0,p9387,1,23
0,p9388,1,76
0,p9389,47,1
0,p9390,73,56
0,p9391,88,73
0,p9392,72,1
0,p9393,1,21
0,p9394,78,87
0,p9395,1,19
0,p9396,71,1
0,p9397,86,1
0,p9398,1,7
0,p9399,20,1
0,p9400,1,37
0,p9401,50,1
0,p9402,1,68
0,p9403,1,46
0,p9404,34,1
0,p9405,1,20
0,p9406,15,1
0,p9407,1,3
0,p9408,72,1
0,p9409,1,51
0,p9410,37,1
0,p9411,1,47
0,p9412,1,47
0,p9413,1,95
0,p9414,1,39
0,p9415,1,45
0,p9416,82,1
0,p9417,32,17
0,p9418,87,1
0,p9419,45,44
0,p9420,60,1
0,p9421,4,1
0,p9422,21,1
0,p9423,1,82
0,p9424,26,47
0,p9425,90,1
0,p9426,56,30
0,p9427,47,55
0,p9428,93,15
0,p9429,4,1
0,p9430,1,5
0,p9431,6,1
0,p9432,54,1
0,p9433,1,63
0,p9434,69,1
0,p9435,1,87
0,p9436,1,69
0,p9437,1,63
0,p9438,85,1
0,p9439,45,52
0,p9440,1,56
0,p9441,63,1
0,p9442,81,1
0,p9443,1,17
0,p9444,89,1
0,p9445,3,1
0,p9446,44,1
0,p9447,1,96
0,p9448,10,1
0,p9449,34,60
0,p9450,88,7
0,p9451,13,22
0,p9452,1,32
0,p9453,1,69
0,p9454,100,89
0,p9455,96,43
0,p9456,1,55
0,p9457,32,1
0,p9458,34,89
0,p9459,35,27
0,p9460,1,52
0,p9461,48,1
0,p9462,53,95
0,p9463,1,68
0,p9464,23,1
0,p9465,36,1
0,p9466,1,4
0,p9467,1,51
0,p9468,77,16
0,p9469,1,20
0,p9470,82,32
0,p9471,87,33
0,p9472,38,10
0,p9473,1,68
0,p9474,1,21
0,p9475,1,40
0,p9476,1,82
0,p9477,88,67
0,p9478,1,32
0,p9479,68,78
0,p9480,53,97
0,p9481,1,4
0,p9482,20,1
0,p9483,84,1
0,p9484,53,86
0,p9485,1,45
0,p9486,44,1
0,p9487,1,63
0,p9488,94,1
0,p9489,35,1
0,p9490,98,1
0,p9491,1,78
0,p9492,22,1
0,p9493,23,1
0,p9494,23,63
0,p9495,61,79
0,p9496,47,1
0,p9497,9,78
0,p9498,58,1
0,p9499,64,41
0,p9500,24,57
0,p9501,18,9
0,p9502,33,1
0,p9503,36,12
0,p9504,58,84
0,p9505,75,1
0,p9506,62,1
0,p9507,1,15
0,p9508,79,32
0,p9509,1,63
0,p9510,1,66
0,p9511,53,1
0,p9512,1,91
0,p9513,91,1
0,p9514,59,44
0,p9515,1,73
0,p9516,1,3
0,p9517,1,71
0,p9518,24,1
0,p9519,1,57
0,p9520,20,1
0,p9521,1,29
0,p9522,99,58
0,p9523,67,4
0,p9524,1,99
0,p9525,76,61
0,p9526,46,22
0,p9527,16,45
0,p9528,56,58
0,p9529,44,1
0,p9530,32,1
0,p9531,1,70
0,p9532,1,10
0,p9533,6,52
0,p9534,18,1
0,p9535,20,1
0,p9536,1,82
0,p9537,94,61
0,p9538,14,83
0,p9539,77,27
0,p9540,1,44
0,p9541,1,19
0,p9542,70,1
0,p9543,4,1
0,p9544,1,97
0,p9545,95,1
0,p9546,33,23
0,p9547,1,66
0,p9548,1,8
0,p9549,1,38
0,p9550,2,18
0,p9551,75,1
0,p9552,53,85
0,p9553,1,78
0,p9554,17,1
0,p9555,9,1
0,p9556,6,1
0,p9557,1,50
0,p9558,2,1
0,p9559,12,54
0,p9560,40,57
0,p9561,75,1
0,p9562,1,69
0,p9563,1,3
0,p9564,42,32
0,p9565,44,1
0,p9566,1,9
0,p9567,1,32
0,p9568,77,1
0,p9569,45,1
0,p9570,1,34
0,p9571,1,69
0,p9572,1,51
0,p9573,51,1
0,p9574,4,1
0,p9575,73,84
0,p9576,17,12
0,p9577,69,1
0,p9578,91,1
0,p9579,66,43
0,p9580,39,5
0,p9581,100,17
0,p9582,81,68
0,p9583,1,37
0,p9584,76,70
0,p9585,1,91
0,p9586,1,89
0,p9587,1,49
0,p9588,82,1
0,p9589,78,47
0,p9590,1,44
0,p9591,88,1
0,p9592,1,77
0,p9593,1,88
0,p9594,79,18
0,p9595,25,19
0,p9596,60,1
0,p9597,16,1
0,p9598,74,94
0,p9599,1,92
0,p9600,39,1
0,p9601,24,91
0,p9602,6,1
0,p9603,46,5
0,p9604,1,72
0,p9605,63,36
0,p9606,76,93
0,p9607,45,54
0,p9608,8,1
0,p9609,71,10
0,p9610,10,2
0,p9611,100,21
0,p9612,1,86
0,p9613,1,12
0,p9614,1,19
0,p9615,82,1
0,p9616,1,54
0,p9617,11,13
0,p9618,21,1
0,p9619,28,5
0,p9620,22,1
0,p9621,1,19
0,p9622,54,94
0,p9623,95,1
0,p9624,1,10
0,p9625,1,91
0,p9626,16,67
0,p9627,1,78
0,p9628,57,1
0,p9629,7,1
0,p9630,1,79
0,p9631,95,1
0,p9632,99,92
0,p9633,33,77
0,p9634,15,1
0,p9635,20,96
0,p9636,99,54
0,p9637,84,87
0,p9638,57,1
0,p9639,29,97
0,p9640,1,49
0,p9641,1,82
0,p9642,86,55
0,p9643,16,33
0,p9644,14,1
0,p9645,4,31
0,p9646,1,17
0,p9647,1,75
0,p9648,1,25
0,p9649,1,79
0,p9650,81,1
0,p9651,49,72
0,p9652,1,93
0,p9653,1,52
0,p9654,1,20
0,p9655,1,7
0,p9656,44,1
0,p9657,1,100
0,p9658,35,46
0,p9659,7,51
0,p9660,53,1
0,p9661,61,12
0,p9662,26,1
0,p9663,34,1
0,p9664,1,64
0,p9665,46,66
0,p9666,10,16
0,p9667,1,19
0,p9668,32,19
0,p9669,40,1
0,p9670,99,1
0,p9671,94,42
0,p9672,26,1
0,p9673,66,1
0,p9674,89,1
0,p9675,63,87
0,p9676,1,66
0,p9677,1,37
0,p9678,98,1
0,p9679,84,1
0,p9680,1,25
0,p9681,71,1
0,p9682,1,37
0,p9683,1,91
0,p9684,89,1
0,p9685,32,30
0,p9686,42,1
0,p9687,89,87
0,p9688,15,18
0,p9689,91,1
0,p9690,77,79
0,p9691,65,85
0,p9692,81,49
0,p9693,60,1
0,p9694,67,83
0,p9695,68,17
0,p9696,1,85
0,p9697,59,1
0,p9698,100,55
0,p9699,1,7
0,p9700,36,1
0,p9701,7,63
0,p9702,85,2
0,p9703,78,68
0,p9704,93,47
0,p9705,1,67
0,p9706,16,96
0,p9707,57,1
0,p9708,88,1
0,p9709,1,15
0,p9710,36,1
0,p9711,24,1
0,p9712,1,36
0,p9713,63,1
0,p9714,64,1
0,p9715,1,46
0,p9716,1,32
0,p9717,53,1
0,p9718,1,5
0,p9719,74,1
0,p9720,1,65
0,p9721,39,87
0,p9722,35,83
0,p9723,1,92
0,p9724,89,33
0,p9725,79,1
0,p9726,1,23
0,p9727,29,4
0,p9728,1,2
0,p9729,1,97
0,p9730,46,1
0,p9731,80,1
0,p9732,91,87
0,p9733,50,90
0,p9734,1,95
0,p9735,99,65
0,p9736,1,41
0,p9737,1,13
0,p9738,1,25
0,p9739,1,76
0,p9740,21,1
0,p9741,54,1
0,p9742,1,44
0,p9743,1,99
0,p9744,1,13
0,p9745,3,1
0,p9746,23,41
0,p9747,58,24
0,p9748,39,1
0,p9749,1,73
0,p9750,1,15
0,p9751,49,76
0,p9752,1,12
0,p9753,74,1
0,p9754,72,99
0,p9755,98,81
0,p9756,60,1
0,p9757,1,59
0,p9758,53,70
0,p9759,1,42
0,p9760,55,62
0,p9761,1,86
0,p9762,18,81
0,p9763,1,85
0,p9764,95,1
0,p9765,39,1
0,p9766,4,1
0,p9767,18,1
0,p9768,14,1
0,p9769,1,10
0,p9770,49,35
0,p9771,50,15
0,p9772,28,91
0,p9773,1,69
0,p9774,70,53
0,p9775,1,86
0,p9776,87,1
0,p9777,38,1
0,p9778,1,13
0,p9779,1,4
0,p9780,14,1
0,p9781,1,11
0,p9782,70,71
0,p9783,18,1
0,p9784,63,66
0,p9785,26,70
0,p9786,28,1
0,p9787,90,1
0,p9788,22,1
0,p9789,14,1
0,p9790,7,95
0,p9791,52,1
0,p9792,1,33
0,p9793,13,62
0,p9794,33,1
0,p9795,17,44
0,p9796,5,24
0,p9797,94,50
0,p9798,1,65
0,p9799,1,79
0,p9800,40,100
0,p9801,1,80
0,p9802,80,43
0,p9803,96,32
0,p9804,69,51
0,p9805,39,1
0,p9806,2,1
0,p9807,1,62
0,p9808,54,1
0,p9809,40,1
0,p9810,1,88
0,p9811,1,89
0,p9812,11,1
0,p9813,31,1
0,p9814,64,1
0,p9815,62,66
0,p9816,2,36
0,p9817,67,60
0,p9818,1,46
0,p9819,47,1
0,p9820,17,1
0,p9821,34,4
0,p9822,72,50
0,p9823,1,100
0,p9824,63,1
0,p9825,1,38
0,p9826,1,21
0,p9827,1,19
0,p9828,1,89
0,p9829,74,1
0,p9830,86,1
0,p9831,58,32
0,p9832,60,1
0,p9833,14,88
0,p9834,1,2
0,p9835,60,67
0,p9836,89,1
0,p9837,1,52
0,p9838,1,63
0,p9839,63,64
0,p9840,13,69
0,p9841,42,58
0,p9842,34,16
0,p9843,49,76
0,p9844,39,27
0,p9845,1,3
0,p9846,47,42
0,p9847,2,92
0,p9848,75,1
0,p9849,50,1
0,p9850,1,35
0,p9851,1,86
0,p9852,1,12
0,p9853,1,57
0,p9854,67,32
0,p9855,41,1
0,p9856,45,1
0,p9857,1,9
0,p9858,29,24
0,p9859,38,93
0,p9860,96,42
0,p9861,74,71
0,p9862,39,1
0,p9863,91,1
0,p9864,29,1
0,p9865,96,50
0,p9866,51,1
0,p9867,63,1
0,p9868,5,1
0,p9869,100,1
0,p9870,31,1
0,p9871,3,85
0,p9872,1,19
0,p9873,74,35
0,p9874,48,41
0,p9875,53,1
0,p9876,84,1
0,p9877,1,95
0,p9878,7,25
0,p9879,1,19
0,p9880,1,28
0,p9881,81,34
0,p9882,8,1
0,p9883,1,57
0,p9884,59,1
0,p9885,1,4
0,p9886,24,84
0,p9887,72,1
0,p9888,84,97
0,p9889,1,30
0,p9890,1,13
0,p9891,18,1
0,p9892,1,26
0,p9893,67,1
0,p9894,7,85
0,p9895,77,1
0,p9896,1,5
0,p9897,1,26
0,p9898,2,19
0,p9899,73,71
0,p9900,70,1
0,p9901,49,1
0,p9902,94,67
0,p9903,68,7
0,p9904,62,52
0,p9905,1,19
0,p9906,1,94
0,p9907,1,82
0,p9908,13,1
0,p9909,18,1
0,p9910,8,1
0,p9911,1,19
0,p9912,82,24
0,p9913,28,1
0,p9914,56,30
0,p9915,5,1
0,p9916,1,93
0,p9917,71,39
0,p9918,53,1
0,p9919,1,66
0,p9920,59,1
0,p9921,71,1
0,p9922,1,93
0,p9923,95,47
0,p9924,96,30
0,p9925,1,44
0,p9926,68,26
0,p9927,1,46
0,p9928,86,1
0,p9929,80,1
0,p9930,18,41
0,p9931,1,7
0,p9932,1,3
0,p9933,1,19
0,p9934,1,52
0,p9935,83,32
0,p9936,55,1
0,p9937,74,1
0,p9938,44,34
0,p9939,1,85
0,p9940,58,1
0,p9941,97,41
0,p9942,97,1
0,p9943,1,6
0,p9944,1,45
0,p9945,86,1
0,p9946,1,21
0,p9947,1,37
0,p9948,26,1
0,p9949,1,94
0,p9950,1,14
0,p9951,2,1
0,p9952,22,1
0,p9953,98,1
0,p9954,85,66
0,p9955,62,1
0,p9956,39,77
0,p9957,1,59
0,p9958,1,12
0,p9959,24,1
0,p9960,81,1
0,p9961,1,42
0,p9962,66,54
0,p9963,1,7
0,p9964,1,45
0,p9965,69,93
0,p9966,1,11
0,p9967,42,1
0,p9968,10,20
0,p9969,41,20
0,p9970,93,1
0,p9971,38,1
0,p9972,1,26
0,p9973,73,19
0,p9974,55,1
0,p9975,34,1
0,p9976,61,32
0,p9977,90,1
0,p9978,1,7
0,p9979,12,1
0,p9980,53,1
0,p9981,1,14
0,p9982,1,10
0,p9983,38,1
0,p9984,9,1
0,p9985,1,75
0,p9986,1,97
0,p9987,86,75
0,p9988,88,1
0,p9989,8,15
0,p9990,1,77
0,p9991,83,1
0,p9992,50,13
0,p9993,26,1
0,p9994,60,82
0,p9995,25,1
0,p9996,86,92
0,p9997,89,1
0,p9998,52,1
0,p9999,1,62
0,p10000,96,1
0,p10001,1,88
0,p10002,38,1
0,p10003,88,1
0,p10004,14,1
0,p10005,48,1
0,p10006,1,39
0,p10007,1,61
0,p10008,1,76
0,p10009,1,52
0,p10010,1,86
0,p10011,1,74
0,p10012,94,17
0,p10013,20,48
0,p10014,17,32
0,p10015,57,8
0,p10016,1,56
0,p10017,71,63
0,p10018,16,77
0,p10019,78,1
0,p10020,52,22
0,p10021,7,88
0,p10022,80,77
0,p10023,43,1
0,p10024,9,27
0,p10025,45,1
0,p10026,88,37
0,p10027,1,40
0,p10028,5,1
0,p10029,21,1
0,p10030,74,83
0,p10031,1,20
0,p10032,1,100
0,p10033,31,1
0,p10034,15,1
0,p10035,23,38
0,p10036,78,1
0,p10037,96,1
0,p10038,64,93
0,p10039,26,1
0,p10040,42,6
0,p10041,41,69
0,p10042,42,1
0,p10043,67,38
0,p10044,40,60
0,p10045,50,1
0,p10046,58,1
0,p10047,1,80
0,p10048,47,98
0,p10049,1,51
0,p10050,24,1
0,p10051,1,52
0,p10052,1,84
0,p10053,1,98
0,p10054,57,15
0,p10055,1,65
0,p10056,1,21
0,p10057,30,1
0,p10058,99,29
0,p10059,62,13
0,p10060,85,1
0,p10061,81,64
0,p10062,1,2
0,p10063,75,1
0,p10064,68,14
0,p10065,27,1
0,p10066,11,1
0,p10067,36,16
0,p10068,26,1
0,p10069,1,99
0,p10070,25,86
0,p10071,77,97
0,p10072,25,1
0,p10073,54,84
0,p10074,26,55
0,p10075,53,61
0,p10076,95,1
0,p10077,18,22
0,p10078,72,50
0,p10079,21,1
0,p10080,87,29
0,p10081,33,69
0,p10082,1,50
0,p10083,1,56
0,p10084,72,1
0,p10085,46,92
0,p10086,1,80
0,p10087,90,69
0,p10088,11,1
0,p10089,1,89
0,p10090,14,49
0,p10091,43,1
0,p10092,8,12
0,p10093,77,1
0,p10094,60,83
0,p10095,78,1
0,p10096,90,88
0,p10097,91,87
0,p10098,1,24
0,p10099,1,60
0,p10100,29,45
0,p10101,1,2
0,p10102,32,4
0,p10103,46,32
0,p10104,49,1
0,p10105,31,34
0,p10106,11,96
0,p10107,23,5
0,p10108,84,1
0,p10109,41,1
0,p10110,53,1
0,p10111,56,53
0,p10112,1,77
0,p10113,1,34
0,p10114,43,1
0,p10115,41,1
0,p10116,49,94
0,p10117,82,50
0,p10118,1,18
0,p10119,1,11
0,p10120,1,24
0,p10121,75,79
0,p10122,8,28
0,p10123,65,1
0,p10124,1,68
0,p10125,50,57
0,p10126,1,74
0,p10127,64,1
0,p10128,1,47
0,p10129,43,81
0,p10130,95,88
0,p10131,13,93
0,p10132,85,52
0,p10133,35,1
0,p10134,67,17
0,p10135,1,8
0,p10136,61,1
0,p10137,1,91
0,p10138,27,1
0,p10139,17,79
0,p10140,89,32
0,p10141,1,45
0,p10142,1,29
0,p10143,1,32
0,p10144,80,1
0,p10145,99,1
0,p10146,1,6
0,p10147,31,1
0,p10148,38,45
0,p10149,71,60
0,p10150,30,75
0,p10151,2,57
0,p10152,1,73
0,p10153,22,1
0,p10154,48,1
0,p10155,49,1
0,p10156,57,1
0,p10157,20,1
0,p10158,3,52
0,p10159,1,63
0,p10160,34,12
0,p10161,1,2
0,p10162,50,54
0,p10163,91,1
0,p10164,41,40
0,p10165,91,28
0,p10166,1,72
0,p10167,78,2
0,p10168,29,19
0,p10169,1,52
0,p10170,60,99
0,p10171,1,76
0,p10172,41,50
0,p10173,41,5
0,p10174,71,88
0,p10175,49,52
0,p10176,59,10
0,p10177,65,17
0,p10178,93,75
0,p10179,11,1
0,p10180,1,43
0,p10181,1,55
0,p10182,1,6
0,p10183,5,1
0,p10184,1,17
0,p10185,1,83
0,p10186,91,1
0,p10187,15,7
0,p10188,1,77
0,p10189,53,21
0,p10190,1,31
0,p10191,61,1
0,p10192,76,1
0,p10193,83,1
0,p10194,22,61
0,p10195,8,1
0,p10196,98,93
0,p10197,35,1
0,p10198,42,1
0,p10199,5,66
0,p10200,1,36
0,p10201,2,57
0,p10202,76,1
0,p10203,71,59
0,p10204,1,79
0,p10205,1,92
0,p10206,92,26
0,p10207,1,74
0,p10208,13,16
0,p10209,1,94
0,p10210,57,1
0,p10211,1,22
0,p10212,1,6
0,p10213,43,1
0,p10214,64,57
0,p10215,1,17
0,p10216,41,75
0,p10217,57,90
0,p10218,41,89
0,p10219,70,1
0,p10220,1,51
0,p10221,1,13
0,p10222,80,1
0,p10223,34,13
0,p10224,46,1
0,p10225,1,9
0,p10226,1,59
0,p10227,10,8
0,p10228,1,33
0,p10229,1,76
0,p10230,1,10
0,p10231,14,1
0,p10232,64,87
0,p10233,86,1
0,p10234,74,1
0,p10235,10,1
0,p10236,1,68
0,p10237,1,87
0,p10238,70,1
0,p10239,99,37
0,p10240,18,1
0,p10241,5,1
0,p10242,70,1
0,p10243,1,96
0,p10244,1,79
0,p10245,47,1
0,p10246,66,1
0,p10247,1,13
0,p10248,6,1
0,p10249,71,11
0,p10250,79,1
0,p10251,69,28
0,p10252,28,1
0,p10253,98,1
0,p10254,75,26
0,p10255,27,1
0,p10256,7,1
0,p10257,86,54
0,p10258,89,17
0,p10259,1,10
0,p10260,86,1
0,p10261,11,21
0,p10262,10,99
0,p10263,30,1
0,p10264,1,91
0,p10265,1,32
0,p10266,64,25
0,p10267,68,1
0,p10268,1,27
0,p10269,100,25
0,p10270,62,1
0,p10271,63,72
0,p10272,1,92
0,p10273,2,76
0,p10274,94,7
0,p10275,61,1
0,p10276,81,3
0,p10277,1,10
0,p10278,51,1
0,p10279,92,28
0,p10280,1,83
0,p10281,1,2
0,p10282,1,46
0,p10283,59,75
0,p10284,27,44
0,p10285,1,15
0,p10286,1,95
0,p10287,85,43
0,p10288,29,7
0,p10289,45,40
0,p10290,1,86
0,p10291,57,18
0,p10292,67,44
0,p10293,49,81
0,p10294,77,1
0,p10295,17,1
0,p10296,1,44
0,p10297,1,22
0,p10298,10,1
0,p10299,1,35
0,p10300,1,50
0,p10301,6,62
0,p10302,57,1
0,p10303,47,87
0,p10304,1,29
0,p10305,1,20
0,p10306,38,1
0,p10307,1,2
0,p10308,38,1
0,p10309,26,1
0,p10310,83,1
0,p10311,17,24
0,p10312,96,1
0,p10313,77,1
0,p10314,21,1
0,p10315,1,84
0,p10316,1,85
0,p10317,31,1
0,p10318,23,27
0,p10319,1,20
0,p10320,73,1
0,p10321,10,95
0,p10322,70,36
0,p10323,1,41
0,p10324,1,4
0,p10325,1,78
0,p10326,1,16
0,p10327,84,1
0,p10328,83,1
0,p10329,8,85
0,p10330,65,21
0,p10331,27,1
0,p10332,1,44
0,p10333,35,26
0,p10334,1,74
0,p10335,40,1
0,p10336,21,26
0,p10337,1,54
0,p10338,43,10
0,p10339,92,3
0,p10340,78,1
0,p10341,1,66
0,p10342,1,54
0,p10343,1,6
0,p10344,78,25
0,p10345,50,52
0,p10346,32,71
0,p10347,1,32
0,p10348,1,24
0,p10349,35,1
0,p10350,1,32
0,p10351,68,77
0,p10352,1,97
0,p10353,12,96
0,p10354,11,39
0,p10355,12,1
0,p10356,34,43
0,p10357,71,5
0,p10358,33,1
0,p10359,1,33
0,p10360,85,1
0,p10361,41,44
0,p10362,93,1
0,p10363,15,43
0,p10364,1,77
0,p10365,76,1
0,p10366,1,52
0,p10367,1,27
0,p10368,47,31
0,p10369,1,90
0,p10370,1,20
0,p10371,1,72
0,p10372,91,48
0,p10373,1,17
0,p10374,1,45
0,p10375,66,71
0,p10376,67,48
0,p10377,25,5
0,p10378,1,3
0,p10379,19,8
0,p10380,1,16
0,p10381,67,70
0,p10382,25,1
0,p10383,1,87
0,p10384,86,1
0,p10385,69,1
0,p10386,1,59
0,p10387,82,67
0,p10388,1,34
0,p10389,40,34
0,p10390,7,61
0,p10391,19,1
0,p10392,97,14
0,p10393,95,1
0,p10394,54,16
0,p10395,19,60
0,p10396,49,1
0,p10397,11,94
0,p10398,25,51
0,p10399,42,24
0,p10400,25,69
0,p10401,1,95
0,p10402,100,2
0,p10403,11,17
0,p10404,1,14
0,p10405,43,65
0,p10406,99,1
0,p10407,65,56
0,p10408,35,1
0,p10409,1,82
0,p10410,81,1
0,p10411,9,84
0,p10412,84,76
0,p10413,1,82
0,p10414,17,92
0,p10415,43,1
0,p10416,19,85
0,p10417,1,45
0,p10418,1,79
0,p10419,9,37
0,p10420,52,1
0,p10421,55,1
0,p10422,1,52
0,p10423,58,93
0,p10424,45,40
0,p10425,6,68
0,p10426,1,74
0,p10427,84,48
0,p10428,96,56
0,p10429,1,30
0,p10430,1,34
0,p10431,9,13
0,p10432,1,63
0,p10433,1,78
0,p10434,31,74
0,p10435,10,1
0,p10436,1,100
0,p10437,44,72
0,p10438,1,39
0,p10439,37,1
0,p10440,99,80
0,p10441,1,90
0,p10442,14,1
0,p10443,88,59
0,p10444,49,53
0,p10445,40,53
0,p10446,15,8
0,p10447,59,1
0,p10448,90,1
0,p10449,1,27
0,p10450,1,72
0,p10451,1,24
0,p10452,82,83
0,p10453,11,73
0,p10454,1,73
0,p10455,99,8
0,p10456,31,1
0,p10457,1,95
0,p10458,1,92
0,p10459,13,1
0,p10460,52,46
0,p10461,35,1
0,p10462,75,1
0,p10463,1,55
0,p10464,1,10
0,p10465,1,34
0,p10466,1,10
0,p10467,1,35
0,p10468,72,1
0,p10469,55,1
0,p10470,98,1
0,p10471,1,26
0,p10472,1,91
0,p10473,90,1
0,p10474,1,15
0,p10475,1,39
0,p10476,1,79
0,p10477,36,65
0,p10478,29,1
0,p10479,95,28
0,p10480,20,1
0,p10481,1,92
0,p10482,1,37
0,p10483,37,1
0,p10484,66,3
0,p10485,45,1
0,p10486,1,66
0,p10487,1,15
0,p10488,30,87
0,p10489,96,1
0,p10490,1,35
0,p10491,9,1
0,p10492,55,1
0,p10493,1,18
0,p10494,60,1
0,p10495,34,1
0,p10496,22,62
0,p10497,67,1
0,p10498,1,44
0,p10499,1,94
0,p10500,10,1
0,p10501,1,71
0,p10502,15,19
0,p10503,1,99
0,p10504,1,20
0,p10505,58,1
0,p10506,77,17
0,p10507,50,92
0,p10508,45,1
0,p10509,94,1
0,p10510,1,28
0,p10511,88,32
0,p10512,94,1
0,p10513,1,96
0,p10514,59,1
0,p10515,56,98
0,p10516,1,78
0,p10517,1,95
0,p10518,14,1
0,p10519,21,1
0,p10520,73,68
0,p10521,82,1
0,p10522,98,1
0,p10523,1,94
0,p10524,92,1
0,p10525,5,1
0,p10526,66,1
0,p10527,57,1
0,p10528,1,95
0,p10529,1,42
0,p10530,1,29
0,p10531,93,12
0,p10532,37,1
0,p10533,1,47
0,p10534,1,35
0,p10535,1,58
0,p10536,85,51
0,p10537,73,1
0,p10538,26,99
0,p10539,98,1
0,p10540,76,89
0,p10541,1,37
0,p10542,34,49
0,p10543,1,86
0,p10544,12,1
0,p10545,1,42
0,p10546,1,86
0,p10547,58,1
0,p10548,49,1
0,p10549,63,70
0,p10550,77,16
0,p10551,92,1
0,p10552,35,13
0,p10553,1,26
0,p10554,1,24
0,p10555,100,2
0,p10556,1,10
0,p10557,91,1
0,p10558,98,83
0,p10559,24,1
0,p10560,78,8
0,p10561,78,1
0,p10562,16,1
0,p10563,1,77
0,p10564,61,1
0,p10565,1,76
0,p10566,48,98
0,p10567,1,100
0,p10568,24,1
0,p10569,1,46
0,p10570,39,1
0,p10571,61,96
0,p10572,1,4
0,p10573,1,65
0,p10574,83,1
0,p10575,69,1
0,p10576,1,69
0,p10577,9,1
0,p10578,88,11
0,p10579,79,1
0,p10580,1,66
0,p10581,1,4
0,p10582,8,1
0,p10583,58,73
0,p10584,36,1
0,p10585,65,91
0,p10586,88,1
0,p10587,75,1
0,p10588,3,22
0,p10589,1,76
0,p10590,1,97
0,p10591,55,1
0,p10592,61,1
0,p10593,95,51
0,p10594,1,5
0,p10595,1,83
0,p10596,72,96
0,p10597,36,1
0,p10598,41,13
0,p10599,4,27
0,p10600,29,1
0,p10601,1,60
0,p10602,58,1
0,p10603,82,1
0,p10604,90,10
0,p10605,55,1
0,p10606,1,51
0,p10607,87,1
0,p10608,76,1
0,p10609,1,6
0,p10610,46,6
0,p10611,95,1
0,p10612,1,92
0,p10613,1,67
0,p10614,18,72
0,p10615,84,51
0,p10616,13,40
0,p10617,40,1
0,p10618,70,52
0,p10619,78,1
0,p10620,64,1
0,p10621,65,1
0,p10622,9,1
0,p10623,1,52
0,p10624,72,1
0,p10625,33,1
0,p10626,40,90
0,p10627,61,32
0,p10628,90,1
0,p10629,73,1
0,p10630,37,1
0,p10631,27,1
0,p10632,57,1
0,p10633,1,100
0,p10634,39,1
0,p10635,1,65
0,p10636,70,74
0,p10637,5,1
0,p10638,12,1
0,p10639,100,74
0,p10640,86,84
0,p10641,1,81
0,p10642,61,79
0,p10643,8,90
0,p10644,55,1
0,p10645,3,1
0,p10646,97,1
0,p10647,16,1
0,p10648,53,1
0,p10649,1,25
0,p10650,50,18
0,p10651,34,1
0,p10652,1,86
0,p10653,1,5
0,p10654,1,13
0,p10655,26,100
0,p10656,80,81
0,p10657,69,94
0,p10658,4,99
0,p10659,54,1
0,p10660,1,97
0,p10661,7,38
0,p10662,40,81
0,p10663,19,1
0,p10664,1,44
0,p10665,1,34
0,p10666,1,19
0,p10667,53,1
0,p10668,1,94
0,p10669,1,53
0,p10670,43,1
0,p10671,55,79
0,p10672,1,20
0,p10673,18,84
0,p10674,1,49
0,p10675,47,1
0,p10676,47,12
0,p10677,1,24
0,p10678,1,15
0,p10679,1,42
0,p10680,41,93
0,p10681,1,50
0,p10682,40,48
0,p10683,22,1
0,p10684,1,9
0,p10685,42,94
0,p10686,49,1
0,p10687,1,31
0,p10688,1,59
0,p10689,77,7
0,p10690,1,24
0,p10691,31,60
0,p10692,26,1
0,p10693,56,87
0,p10694,23,15
0,p10695,62,57
0,p10696,1,26
0,p10697,30,72
0,p10698,1,77
0,p10699,73,62
0,p10700,1,55
0,p10701,1,29
0,p10702,97,1
0,p10703,1,43
0,p10704,1,4
0,p10705,13,1
0,p10706,91,82
0,p10707,53,55
0,p10708,49,1
0,p10709,81,35
0,p10710,31,37
0,p10711,1,20
0,p10712,13,1
0,p10713,90,1
0,p10714,27,51
0,p10715,22,1
0,p10716,1,100
0,p10717,1,59
0,p10718,23,1
0,p10719,1,91
0,p10720,24,11
0,p10721,9,1
0,p10722,70,1
0,p10723,49,95
0,p10724,89,20
0,p10725,48,39
0,p10726,70,1
0,p10727,45,1
0,p10728,4,1
0,p10729,1,63
0,p10730,41,1
0,p10731,4,1
0,p10732,56,79
0,p10733,1,9
0,p10734,1,13
0,p10735,13,48
0,p10736,31,12
0,p10737,73,49
0,p10738,46,1
0,p10739,1,49
0,p10740,1,56
0,p10741,9,99
0,p10742,1,50
0,p10743,36,1
0,p10744,88,1
0,p10745,1,58
0,p10746,1,82
0,p10747,76,46
0,p10748,16,1
0,p10749,64,1
0,p10750,69,55
0,p10751,67,1
0,p10752,53,1
0,p10753,92,85
0,p10754,70,1
0,p10755,41,1
0,p10756,35,90
0,p10757,42,1
0,p10758,43,1
0,p10759,54,49
0,p10760,30,45
0,p10761,42,1
0,p10762,1,54
0,p10763,52,49
0,p10764,69,1
0,p10765,1,55
0,p10766,19,18
0,p10767,66,33
0,p10768,95,1
0,p10769,1,59
0,p10770,1,41
0,p10771,31,1
0,p10772,11,1
0,p10773,35,88
0,p10774,1,61
0,p10775,85,1
0,p10776,18,1
0,p10777,1,92
0,p10778,32,72
0,p10779,1,86
0,p10780,74,35
0,p10781,1,89
0,p10782,27,1
0,p10783,99,1
0,p10784,78,43
0,p10785,1,86
0,p10786,96,1
0,p10787,60,85
0,p10788,16,1
0,p10789,1,11
0,p10790,34,37
0,p10791,1,40
0,p10792,89,1
0,p10793,1,65
0,p10794,14,1
0,p10795,70,62
0,p10796,1,39
0,p10797,42,1
0,p10798,9,1
0,p10799,72,77
0,p10800,15,1
0,p10801,91,97
0,p10802,63,1
0,p10803,2,78
0,p10804,64,6
0,p10805,46,1
0,p10806,93,95
0,p10807,1,40
0,p10808,25,60
0,p10809,40,63
0,p10810,23,1
0,p10811,1,75
0,p10812,64,1
0,p10813,67,1
0,p10814,1,55
0,p10815,1,39
0,p10816,1,45
0,p10817,1,8
0,p10818,86,1
0,p10819,51,1
0,p10820,1,85
0,p10821,66,34
0,p10822,92,1
0,p10823,11,1
0,p10824,75,1
0,p10825,47,1
0,p10826,1,95
0,p10827,51,1
0,p10828,63,1
0,p10829,14,29
0,p10830,77,1
0,p10831,1,95
0,p10832,1,8
0,p10833,86,22
0,p10834,4,19
0,p10835,36,1
0,p10836,1,56
0,p10837,1,91
0,p10838,42,98
0,p10839,79,98
0,p10840,66,1
0,p10841,1,11
0,p10842,1,14
0,p10843,1,35
0,p10844,99,1
0,p10845,57,1
0,p10846,13,99
0,p10847,60,79
0,p10848,83,1
0,p10849,41,55
0,p10850,90,1
0,p10851,59,37
0,p10852,6,1
0,p10853,81,55
0,p10854,1,90
0,p10855,95,56
0,p10856,68,33
0,p10857,1,92
0,p10858,1,76
0,p10859,43,76
0,p10860,1,58
0,p10861,36,1
0,p10862,45,78
0,p10863,11,1
0,p10864,28,46
0,p10865,1,72
0,p10866,1,91
0,p10867,1,73
0,p10868,53,37
0,p10869,23,1
0,p10870,69,1
0,p10871,62,1
0,p10872,69,94
0,p10873,55,22
0,p10874,92,9
0,p10875,1,73
0,p10876,1,18
0,p10877,1,58
0,p10878,1,72
0,p10879,1,20
0,p10880,1,64
0,p10881,82,64
0,p10882,1,56
0,p10883,23,93
0,p10884,1,32
0,p10885,7,100
0,p10886,1,85
0,p10887,1,95
0,p10888,35,1
0,p10889,25,1
0,p10890,1,27
0,p10891,3,39
0,p10892,1,26
0,p10893,1,9
0,p10894,18,1
0,p10895,1,56
0,p10896,74,1
0,p10897,1,50
0,p10898,14,88
0,p10899,44,1
0,p10900,65,1
0,p10901,1,64
0,p10902,91,70
0,p10903,1,68
0,p10904,1,73
0,p10905,1,12
0,p10906,71,26
0,p10907,28,35
0,p10908,64,88
0,p10909,1,94
0,p10910,64,1
0,p10911,1,19
0,p10912,55,1
0,p10913,47,1
0,p10914,53,14
0,p10915,1,61
0,p10916,47,1
0,p10917,54,7
0,p10918,75,9
0,p10919,37,1
0,p10920,98,1
0,p10921,1,17
0,p10922,1,20
0,p10923,38,7
0,p10924,1,10
0,p10925,49,59
0,p10926,1,8
0,p10927,91,1
0,p10928,57,1
0,p10929,1,2
0,p10930,84,1
0,p10931,92,1
0,p10932,63,14
0,p10933,1,90
0,p10934,1,4
0,p10935,34,1
0,p10936,1,23
0,p10937,82,23
0,p10938,1,63
0,p10939,1,58
0,p10940,99,1
0,p10941,67,1
0,p10942,63,1
0,p10943,45,1
0,p10944,1,86
0,p10945,35,1
0,p10946,1,40
0,p10947,37,1
0,p10948,17,8
0,p10949,67,70
0,p10950,1,90
0,p10951,1,17
0,p10952,1,27
0,p10953,89,60
0,p10954,1,65
0,p10955,23,1
0,p10956,47,1
0,p10957,36,1
0,p10958,6,1
0,p10959,67,83
0,p10960,41,1
0,p10961,40,85
0,p10962,1,61
0,p10963,1,18
0,p10964,62,23
0,p10965,79,1
0,p10966,59,1
0,p10967,1,88
0,p10968,7,100
0,p10969,39,85
0,p10970,84,1
0,p10971,53,61
0,p10972,65,1
0,p10973,1,34
0,p10974,59,1
0,p10975,1,77
0,p10976,1,61
0,p10977,80,1
0,p10978,11,8
0,p10979,5,1
0,p10980,1,88
0,p10981,9,37
0,p10982,78,83
0,p10983,86,1
0,p10984,81,65
0,p10985,19,1
0,p10986,30,1
0,p10987,69,33
0,p10988,1,63
0,p10989,3,1
0,p10990,1,23
0,p10991,1,57
0,p10992,31,1
0,p10993,55,1
0,p10994,75,23
0,p10995,54,1
0,p10996,29,1
0,p10997,1,43
0,p10998,4,1
0,p10999,1,29
0,p11000,1,81
0,p11001,34,1
0,p11002,12,17
0,p11003,33,76
0,p11004,15,1
0,p11005,8,91
0,p11006,1,69
0,p11007,83,44
0,p11008,1,20
0,p11009,5,1
0,p11010,17,1
0,p11011,50,19
0,p11012,95,12
0,p11013,69,46
0,p11014,1,41
0,p11015,1,15
0,p11016,1,21
0,p11017,1,6
0,p11018,49,1
0,p11019,1,94
0,p11020,1,78
0,p11021,1,70
0,p11022,1,25
0,p11023,79,1
0,p11024,42,1
0,p11025,1,49
0,p11026,1,21
0,p11027,57,29
0,p11028,17,94
0,p11029,14,44
0,p11030,97,77
0,p11031,1,80
0,p11032,9,60
0,p11033,1,90
0,p11034,81,1
0,p11035,65,1
0,p11036,61,1
0,p11037,1,69
0,p11038,37,1
0,p11039,30,1
0,p11040,95,38
0,p11041,19,72
0,p11042,1,10
0,p11043,97,1
0,p11044,1,75
0,p11045,64,1
0,p11046,48,6
0,p11047,79,1
0,p11048,30,41
0,p11049,1,10
0,p11050,1,52
0,p11051,29,1
0,p11052,65,21
0,p11053,40,46
0,p11054,82,1
0,p11055,99,1
0,p11056,44,1
0,p11057,14,79
0,p11058,63,60
0,p11059,27,1
0,p11060,12,58
0,p11061,86,72
0,p11062,1,32
0,p11063,1,22
0,p11064,41,54
0,p11065,31,1
0,p11066,90,1
0,p11067,1,68
0,p11068,43,1
0,p11069,96,26
0,p11070,1,63
0,p11071,2,1
0,p11072,1,31
0,p11073,49,1
0,p11074,12,1
0,p11075,1,35
0,p11076,25,1
0,p11077,22,1
0,p11078,79,82
0,p11079,64,31
0,p11080,10,13
0,p11081,1,44
0,p11082,1,61
0,p11083,1,4
0,p11084,58,87
0,p11085,1,71
0,p11086,1,41
0,p11087,1,97
0,p11088,51,1
0,p11089,1,50
0,p11090,47,93
0,p11091,1,17
0,p11092,69,1
0,p11093,42,1
0,p11094,81,1
0,p11095,87,90
0,p11096,70,77
0,p11097,43,7
0,p11098,44,53
0,p11099,73,59
0,p11100,1,4
0,p11101,33,1
0,p11102,25,1
0,p11103,76,57
0,p11104,4,1
0,p11105,1,78
0,p11106,1,10
0,p11107,10,38
0,p11108,1,22
0,p11109,82,83
0,p11110,64,1
0,p11111,54,1
0,p11112,1,67
0,p11113,1,30
0,p11114,3,20
0,p11115,27,37
0,p11116,90,12
0,p11117,1,61
0,p11118,70,71
0,p11119,87,1
0,p11120,89,53
0,p11121,49,1
0,p11122,72,29
0,p11123,46,1
0,p11124,61,49
0,p11125,25,1
0,p11126,90,59
0,p11127,1,84
0,p11128,1,72
0,p11129,12,9
0,p11130,1,21
0,p11131,76,7
0,p11132,41,1
0,p11133,1,57
0,p11134,73,81
0,p11135,41,81
0,p11136,44,1
0,p11137,1,52
0,p11138,91,30
0,p11139,55,70
0,p11140,61,1
0,p11141,40,90
0,p11142,1,18
0,p11143,39,1
0,p11144,36,1
0,p11145,1,67
0,p11146,35,1
0,p11147,1,100
0,p11148,65,64
0,p11149,1,42
0,p11150,40,7
0,p11151,67,1
0,p11152,1,33
0,p11153,6,89
0,p11154,59,32
0,p11155,89,28
0,p11156,1,65
0,p11157,1,96
0,p11158,72,1
0,p11159,1,4
0,p11160,91,42
0,p11161,1,21
0,p11162,41,1
0,p11163,87,1
0,p11164,1,54
0,p11165,100,1
0,p11166,44,1
0,p11167,1,87
0,p11168,55,1
0,p11169,22,1
0,p11170,1,94
0,p11171,1,11
0,p11172,37,83
0,p11173,49,1
0,p11174,89,99
0,p11175,1,25
0,p11176,57,35
0,p11177,17,25
0,p11178,15,1
0,p11179,1,91
0,p11180,33,1
0,p11181,1,93
0,p11182,57,47
0,p11183,100,49
0,p11184,1,87
0,p11185,1,33
0,p11186,96,17
0,p11187,14,1
0,p11188,1,62
0,p11189,1,6
0,p11190,1,96
0,p11191,1,19
0,p11192,71,1
0,p11193,1,5
0,p11194,48,54
0,p11195,95,1
0,p11196,100,37
0,p11197,34,1
0,p11198,68,7
0,p11199,1,47
0,p11200,82,1
0,p11201,39,8
0,p11202,8,96
0,p11203,13,1
0,p11204,1,7
0,p11205,1,26
0,p11206,1,29
0,p11207,87,29
0,p11208,35,1
0,p11209,20,1
0,p11210,11,1
0,p11211,1,98
0,p11212,63,1
0,p11213,57,1
0,p11214,51,96
0,p11215,79,81
0,p11216,85,1
0,p11217,88,99
0,p11218,1,31
0,p11219,1,82
0,p11220,91,41
0,p11221,1,34
0,p11222,73,61
0,p11223,7,86
0,p11224,1,43
0,p11225,58,36
0,p11226,98,71
0,p11227,39,7
0,p11228,41,1
0,p11229,80,1
0,p11230,39,93
0,p11231,27,91
0,p11232,27,1
0,p11233,1,66
0,p11234,82,1
0,p11235,82,1
0,p11236,51,35
0,p11237,51,82
0,p11238,66,1
0,p11239,69,45
0,p11240,62,16
0,p11241,63,1
0,p11242,37,1
0,p11243,1,81
0,p11244,1,98
0,p11245,1,87
0,p11246,34,1
0,p11247,90,96
0,p11248,75,1
0,p11249,1,14
0,p11250,1,75
0,p11251,1,92
0,p11252,1,99
0,p11253,1,20
0,p11254,1,2
0,p11255,95,1
0,p11256,1,50
0,p11257,1,75
0,p11258,1,25
0,p11259,1,21
0,p11260,1,22
0,p11261,1,34
0,p11262,83,1
0,p11263,32,1
0,p11264,1,78
0,p11265,89,19
0,p11266,1,84
0,p11267,1,4
0,p11268,1,98
0,p11269,1,82
0,p11270,33,29
0,p11271,1,89
0,p11272,60,19
0,p11273,66,38
0,p11274,8,1
0,p11275,90,1
0,p11276,1,95
0,p11277,55,69
0,p11278,44,1
0,p11279,52,3
0,p11280,62,7
0,p11281,1,13
0,p11282,1,25
0,p11283,33,12
0,p11284,4,74
0,p11285,1,57
0,p11286,100,1
0,p11287,1,97
0,p11288,66,1
0,p11289,1,92
0,p11290,1,12
0,p11291,59,1
0,p11292,1,67
0,p11293,1,24
0,p11294,67,63
0,p11295,55,16
0,p11296,84,1
0,p11297,1,39
0,p11298,26,5
0,p11299,39,1
0,p11300,93,1
0,p11301,34,45
0,p11302,7,1
0,p11303,89,26
0,p11304,1,34
0,p11305,86,1
0,p11306,1,36
0,p11307,82,1
0,p11308,1,82
0,p11309,56,1
0,p11310,97,1
0,p11311,1,22
0,p11312,1,63
0,p11313,66,80
0,p11314,1,32
0,p11315,71,39
0,p11316,1,68
0,p11317,1,79
0,p11318,45,27
0,p11319,1,76
0,p11320,1,16
0,p11321,1,46
0,p11322,2,1
0,p11323,93,41
0,p11324,25,89
0,p11325,14,1
0,p11326,1,65
0,p11327,72,1
0,p11328,1,25
0,p11329,33,1
0,p11330,1,22
0,p11331,1,39
0,p11332,97,1
0,p11333,27,1
0,p11334,32,1
0,p11335,29,1
0,p11336,1,18
0,p11337,1,98
0,p11338,52,1
0,p11339,1,37
0,p11340,49,86
0,p11341,71,1
0,p11342,1,100
0,p11343,18,1
0,p11344,28,1
0,p11345,35,73
0,p11346,1,33
0,p11347,17,74
0,p11348,10,1
0,p11349,1,57
0,p11350,81,1
0,p11351,1,96
0,p11352,1,98
0,p11353,1,42
0,p11354,73,1
0,p11355,42,1
0,p11356,15,94
0,p11357,28,79
0,p11358,95,81
0,p11359,6,1
0,p11360,7,1
0,p11361,23,1
0,p11362,71,52
0,p11363,90,1
0,p11364,36,57
0,p11365,1,77
0,p11366,63,95
0,p11367,14,1
0,p11368,40,1
0,p11369,11,23
0,p11370,1,19
0,p11371,77,1
0,p11372,6,1
0,p11373,36,86
0,p11374,30,1
0,p11375,14,17
0,p11376,1,34
0,p11377,9,1
0,p11378,60,87
0,p11379,1,20
0,p11380,47,90
0,p11381,74,99
0,p11382,43,1
0,p11383,23,36
0,p11384,59,1
0,p11385,1,40
0,p11386,3,61
0,p11387,14,1
0,p11388,1,97
0,p11389,65,53
0,p11390,31,1
0,p11391,33,1
0,p11392,65,1
0,p11393,36,1
0,p11394,46,53
0,p11395,82,67
0,p11396,1,45
0,p11397,65,1
0,p11398,1,25
0,p11399,65,1
0,p11400,99,74
0,p11401,74,1
0,p11402,1,42
0,p11403,61,1
0,p11404,55,18
0,p11405,10,1
0,p11406,12,73
0,p11407,29,15
0,p11408,46,74
0,p11409,1,35
0,p11410,30,1
0,p11411,13,1
0,p11412,1,3
0,p11413,1,59
0,p11414,57,1
0,p11415,1,64
0,p11416,64,1
0,p11417,84,1
0,p11418,4,1
0,p11419,78,32
0,p11420,1,59
0,p11421,62,1
0,p11422,7,1
0,p11423,1,92
0,p11424,1,74
0,p11425,21,49
0,p11426,1,98
0,p11427,58,1
0,p11428,48,1
0,p11429,1,6
0,p11430,1,78
0,p11431,35,1
0,p11432,53,81
0,p11433,41,46
0,p11434,1,96
0,p11435,63,67
0,p11436,1,93
0,p11437,1,8
0,p11438,1,66
0,p11439,63,1
0,p11440,13,1
0,p11441,1,47
0,p11442,88,57
0,p11443,69,1
0,p11444,1,58
0,p11445,85,1
0,p11446,74,18
0,p11447,83,1
0,p11448,1,32
0,p11449,27,1
0,p11450,5,80
0,p11451,45,1
0,p11452,1,79
0,p11453,73,5
0,p11454,7,1
0,p11455,1,49
0,p11456,1,77
0,p11457,90,1
0,p11458,75,1
0,p11459,1,34
0,p11460,1,56
0,p11461,1,91
0,p11462,1,25
0,p11463,72,1
0,p11464,52,1
0,p11465,8,1
0,p11466,1,63
0,p11467,1,5
0,p11468,1,2
0,p11469,5,1
0,p11470,19,1
0,p11471,14,1
0,p11472,1,4
0,p11473,43,1
0,p11474,10,80
0,p11475,73,82
0,p11476,21,1
0,p11477,1,78
0,p11478,11,93
0,p11479,83,30
0,p11480,98,1
0,p11481,61,10
0,p11482,1,71
0,p11483,13,1
0,p11484,60,37
0,p11485,15,1
0,p11486,1,35
0,p11487,12,28
0,p11488,1,94
0,p11489,73,1
0,p11490,1,98
0,p11491,1,43
0,p11492,1,55
0,p11493,85,1
0,p11494,9,90
0,p11495,46,49
0,p11496,15,1
0,p11497,65,8
0,p11498,1,83
0,p11499,59,24
0,p11500,28,1
0,p11501,3,62
0,p11502,18,1
0,p11503,1,15
0,p11504,33,29
0,p11505,1,54
0,p11506,90,1
0,p11507,1,41
0,p11508,2,89
0,p11509,41,1
0,p11510,12,14
0,p11511,28,1
0,p11512,1,65
0,p11513,1,99
0,p11514,51,1
0,p11515,1,8
0,p11516,66,51
0,p11517,1,22
0,p11518,40,96
0,p11519,2,53
0,p11520,60,94
0,p11521,16,1
0,p11522,1,36
0,p11523,15,1
0,p11524,2,97
0,p11525,1,65
0,p11526,8,35
0,p11527,80,1
0,p11528,1,48
0,p11529,70,1
0,p11530,4,32
0,p11531,1,26
0,p11532,89,1
0,p11533,74,1
0,p11534,1,71
0,p11535,13,1
0,p11536,1,81
0,p11537,1,63
0,p11538,40,1
0,p11539,97,1
0,p11540,1,75
0,p11541,13,1
0,p11542,59,1
0,p11543,95,49
0,p11544,1,23
0,p11545,63,77
0,p11546,64,47
0,p11547,1,64
0,p11548,93,55
0,p11549,1,70
0,p11550,48,1
0,p11551,22,1
0,p11552,1,43
0,p11553,33,9
0,p11554,83,37
0,p11555,71,1
0,p11556,31,1
0,p11557,1,47
0,p11558,78,1
0,p11559,61,5
0,p11560,58,87
0,p11561,90,38
0,p11562,46,1
0,p11563,1,56
0,p11564,1,53
0,p11565,19,32
0,p11566,28,52
0,p11567,1,31
0,p11568,9,1
0,p11569,1,91
0,p11570,1,32
0,p11571,30,1
0,p11572,1,26
0,p11573,28,10
0,p11574,27,1
0,p11575,1,5
0,p11576,1,7
0,p11577,1,85
0,p11578,8,60
0,p11579,94,1
0,p11580,1,26
0,p11581,60,1
0,p11582,1,46
0,p11583,22,1
0,p11584,4,48
0,p11585,1,70
0,p11586,1,71
0,p11587,61,1
0,p11588,1,30
0,p11589,43,1
0,p11590,60,1
0,p11591,1,93
0,p11592,89,1
0,p11593,1,28
0,p11594,1,5
0,p11595,11,1
0,p11596,92,85
0,p11597,75,51
0,p11598,72,1
0,p11599,17,91
0,p11600,7,24
0,p11601,1,6
0,p11602,68,77
0,p11603,1,44
0,p11604,85,2
0,p11605,95,14
0,p11606,38,78
0,p11607,60,26
0,p11608,3,1
0,p11609,54,5
0,p11610,1,52
0,p11611,93,44
0,p11612,86,67
0,p11613,1,14
0,p11614,1,42
0,p11615,45,1
0,p11616,24,36
0,p11617,15,25
0,p11618,24,87
0,p11619,44,1
0,p11620,1,52
0,p11621,24,65
0,p11622,23,1
0,p11623,7,1
0,p11624,43,76
0,p11625,59,1
0,p11626,58,71
0,p11627,50,1
0,p11628,83,1
0,p11629,1,17
0,p11630,1,43
0,p11631,1,51
0,p11632,28,29
0,p11633,1,49
0,p11634,47,46
0,p11635,1,72
0,p11636,1,79
0,p11637,82,10
0,p11638,1,9
0,p11639,27,40
0,p11640,83,76
0,p11641,1,89
0,p11642,57,1
0,p11643,35,1
0,p11644,66,52
0,p11645,10,1
0,p11646,1,96
0,p11647,1,17
0,p11648,27,39
0,p11649,15,1
0,p11650,1,64
0,p11651,9,83
0,p11652,38,90
0,p11653,28,1
0,p11654,52,1
0,p11655,1,47
0,p11656,92,1
0,p11657,70,65
0,p11658,4,45
0,p11659,1,83
0,p11660,99,27
0,p11661,34,1
0,p11662,74,54
0,p11663,71,96
0,p11664,79,25
0,p11665,8,1
0,p11666,1,68
0,p11667,6,1
0,p11668,17,99
0,p11669,1,21
0,p11670,16,1
0,p11671,83,1
0,p11672,25,1
0,p11673,1,21
0,p11674,99,26
0,p11675,82,45
0,p11676,18,1
0,p11677,61,1
0,p11678,57,22
0,p11679,48,1
0,p11680,1,68
0,p11681,1,58
0,p11682,57,1
0,p11683,65,1
0,p11684,48,10
0,p11685,1,78
0,p11686,46,65
0,p11687,1,34
0,p11688,10,37
0,p11689,16,17
0,p11690,34,1
0,p11691,1,62
0,p11692,27,60
0,p11693,95,1
0,p11694,1,24
0,p11695,49,95
0,p11696,1,23
0,p11697,1,64
0,p11698,59,21
0,p11699,1,54
0,p11700,38,5
0,p11701,34,13
0,p11702,1,9
0,p11703,99,1
0,p11704,28,14
0,p11705,52,1
0,p11706,1,13
0,p11707,1,30
0,p11708,1,30
0,p11709,1,68
0,p11710,9,1
0,p11711,96,39
0,p11712,96,1
0,p11713,70,1
0,p11714,12,1
0,p11715,70,1
0,p11716,33,86
0,p11717,24,1
0,p11718,52,13
0,p11719,1,85
0,p11720,1,13
0,p11721,35,1
0,p11722,20,1
0,p11723,1,78
0,p11724,50,1
0,p11725,96,93
0,p11726,65,1
0,p11727,1,96
0,p11728,29,1
0,p11729,1,15
0,p11730,1,93
0,p11731,77,1
0,p11732,1,82
0,p11733,6,61
0,p11734,81,40
0,p11735,73,1
0,p11736,26,1
0,p11737,1,65
0,p11738,6,75
0,p11739,74,14
0,p11740,1,22
0,p11741,33,1
0,p11742,19,1
0,p11743,86,76
0,p11744,29,1
0,p11745,64,94
0,p11746,70,7
0,p11747,1,46
0,p11748,73,54
0,p11749,1,61
0,p11750,68,1
0,p11751,25,1
0,p11752,1,16
0,p11753,51,69
0,p11754,1,25
0,p11755,47,1
0,p11756,49,24
0,p11757,1,58
0,p11758,1,61
0,p11759,1,57
0,p11760,45,49
0,p11761,14,1
0,p11762,80,1
0,p11763,87,1
0,p11764,76,39
0,p11765,62,1
0,p11766,1,66
0,p11767,1,54
0,p11768,1,63
0,p11769,100,1
0,p11770,18,1
0,p11771,15,1
0,p11772,95,24
0,p11773,16,31
0,p11774,85,1
0,p11775,2,1
0,p11776,85,1
0,p11777,39,1
0,p11778,87,81
0,p11779,58,67
0,p11780,1,22
0,p11781,97,94
0,p11782,74,92
0,p11783,98,1
0,p11784,12,1
0,p11785,1,90
0,p11786,92,84
0,p11787,59,18
0,p11788,1,4
0,p11789,2,1
0,p11790,87,37
0,p11791,64,1
0,p11792,24,1
0,p11793,95,6
0,p11794,1,64
0,p11795,1,90
0,p11796,54,71
0,p11797,68,100
0,p11798,73,1
0,p11799,1,32
0,p11800,89,1
0,p11801,1,32
0,p11802,50,7
0,p11803,22,1
0,p11804,97,71
0,p11805,1,19
0,p11806,1,41
0,p11807,74,1
0,p11808,12,1
0,p11809,87,1
0,p11810,78,1
0,p11811,1,80
0,p11812,9,1
0,p11813,33,82
0,p11814,1,89
0,p11815,1,83
0,p11816,2,65
0,p11817,12,1
0,p11818,54,1
0,p11819,1,46
0,p11820,18,4
0,p11821,45,64
0,p11822,69,1
0,p11823,30,1
0,p11824,1,52
0,p11825,35,73
0,p11826,14,60
0,p11827,1,89
0,p11828,94,1
0,p11829,56,61
0,p11830,1,82
0,p11831,1,84
0,p11832,1,70
0,p11833,1,97
0,p11834,3,1
0,p11835,78,49
0,p11836,91,1
0,p11837,1,30
0,p11838,99,1
0,p11839,46,1
0,p11840,13,1
0,p11841,42,1
0,p11842,1,27
0,p11843,1,63
0,p11844,1,54
0,p11845,1,23
0,p11846,22,1
0,p11847,12,99
0,p11848,76,1
0,p11849,10,99
0,p11850,68,1
0,p11851,40,51
0,p11852,1,92
0,p11853,63,51
0,p11854,1,78
0,p11855,38,1
0,p11856,1,91
0,p11857,94,61
0,p11858,32,1
0,p11859,63,27
0,p11860,81,20
0,p11861,25,1
0,p11862,1,91
0,p11863,1,61
0,p11864,1,72
0,p11865,1,80
0,p11866,32,1
0,p11867,79,23
0,p11868,35,76
0,p11869,19,99
0,p11870,16,1
0,p11871,99,19
0,p11872,91,1
0,p11873,1,68
0,p11874,1,80
0,p11875,1,98
0,p11876,1,33
0,p11877,45,1
0,p11878,39,45
0,p11879,1,77
0,p11880,1,2
0,p11881,59,1
0,p11882,12,1
0,p11883,87,57
0,p11884,23,1
0,p11885,50,7
0,p11886,1,30
0,p11887,49,62
0,p11888,79,71
0,p11889,1,87
0,p11890,1,93
0,p11891,31,49
0,p11892,60,40
0,p11893,100,72
0,p11894,1,75
0,p11895,99,1
0,p11896,84,1
0,p11897,76,1
0,p11898,3,89
0,p11899,42,1
0,p11900,1,64
0,p11901,71,1
0,p11902,85,1
0,p11903,81,29
0,p11904,1,2
0,p11905,1,100
0,p11906,10,55
0,p11907,1,45
0,p11908,44,1
0,p11909,70,93
0,p11910,39,1
0,p11911,88,1
0,p11912,98,77
0,p11913,65,66
0,p11914,1,16
0,p11915,21,8
0,p11916,53,1
0,p11917,83,26
0,p11918,66,1
0,p11919,1,97
0,p11920,1,38
0,p11921,60,36
0,p11922,84,7
0,p11923,1,99
0,p11924,1,3
0,p11925,34,17
0,p11926,32,1
0,p11927,27,1
0,p11928,52,67
0,p11929,1,96
0,p11930,65,1
0,p11931,1,33
0,p11932,68,19
0,p11933,53,32
0,p11934,1,100
0,p11935,44,43
0,p11936,1,91
0,p11937,98,78
0,p11938,99,1
0,p11939,63,1
0,p11940,96,1
0,p11941,59,72
0,p11942,1,91
0,p11943,1,66
0,p11944,64,1
0,p11945,52,1
0,p11946,1,11
0,p11947,99,98
0,p11948,1,88
0,p11949,92,53
0,p11950,1,55
0,p11951,13,1
0,p11952,1,46
0,p11953,1,18
0,p11954,82,1
0,p11955,21,37
0,p11956,88,1
0,p11957,1,73
0,p11958,1,9
0,p11959,5,55
0,p11960,84,10
0,p11961,60,44
0,p11962,1,28
0,p11963,92,81
0,p11964,44,1
0,p11965,29,83
0,p11966,1,92
0,p11967,1,70
0,p11968,15,1
0,p11969,98,1
0,p11970,2,54
0,p11971,1,74
0,p11972,100,1
0,p11973,99,1
0,p11974,48,1
0,p11975,17,1
0,p11976,3,14
0,p11977,40,14
0,p11978,3,94
0,p11979,46,71
0,p11980,34,54
0,p11981,11,1
0,p11982,42,76
0,p11983,1,66
0,p11984,65,2
0,p11985,1,88
0,p11986,11,8
0,p11987,55,96
0,p11988,1,36
0,p11989,9,30
0,p11990,5,1
0,p11991,52,1
0,p11992,87,62
0,p11993,91,48
0,p11994,87,88
0,p11995,1,39
0,p11996,1,30
0,p11997,59,1
0,p11998,3,75
0,p11999,1,84
0,p12000,1,85
0,p12001,1,44
0,p12002,78,1
0,p12003,1,68
0,p12004,23,12
0,p12005,1,15
0,p12006,42,92
0,p12007,1,3
0,p12008,1,40
0,p12009,57,47
0,p12010,34,58
0,p12011,26,91
0,p12012,32,1
0,p12013,80,71
0,p12014,98,68
0,p12015,1,75
0,p12016,92,20
0,p12017,49,1
0,p12018,59,14
0,p12019,1,50
0,p12020,1,76
0,p12021,6,1
0,p12022,51,20
0,p12023,91,31
0,p12024,58,37
0,p12025,1,3
0,p12026,1,66
0,p12027,1,31
0,p12028,39,1
0,p12029,1,41
0,p12030,1,51
0,p12031,1,44
0,p12032,58,1
0,p12033,14,82
0,p12034,9,82
0,p12035,37,1
0,p12036,33,29
0,p12037,89,1
0,p12038,43,1
0,p12039,16,1
0,p12040,15,82
0,p12041,20,1
0,p12042,1,14
0,p12043,71,58
0,p12044,40,1
0,p12045,83,14
0,p12046,1,53
0,p12047,1,71
0,p12048,22,1
0,p12049,41,97
0,p12050,1,26
0,p12051,55,1
0,p12052,82,1
0,p12053,20,1
0,p12054,39,22
0,p12055,43,1
0,p12056,14,8
0,p12057,94,1
0,p12058,18,1
0,p12059,11,33
0,p12060,50,1
0,p12061,29,1
0,p12062,1,33
0,p12063,18,1
0,p12064,9,1
0,p12065,1,59
0,p12066,56,53
0,p12067,1,7
0,p12068,1,28
0,p12069,62,2
0,p12070,37,1
0,p12071,82,1
0,p12072,42,1
0,p12073,74,2
0,p12074,30,49
0,p12075,1,66
0,p12076,33,27
0,p12077,1,14
0,p12078,1,39
0,p12079,1,66
0,p12080,1,30
0,p12081,25,1
0,p12082,1,72
0,p12083,1,68
0,p12084,92,1
0,p12085,100,37
0,p12086,1,8
0,p12087,41,1
0,p12088,98,9
0,p12089,74,1
0,p12090,1,13
0,p12091,1,91
0,p12092,77,1
0,p12093,35,85
0,p12094,48,78
0,p12095,85,1
0,p12096,1,13
0,p12097,70,1
0,p12098,17,7
0,p12099,4,1
0,p12100,53,1
0,p12101,5,1
0,p12102,1,47
0,p12103,1,9
0,p12104,1,49
0,p12105,19,1
0,p12106,1,9
0,p12107,28,94
0,p12108,66,48
0,p12109,47,1
0,p12110,1,69
0,p12111,34,1
0,p12112,69,55
0,p12113,96,1
0,p12114,1,89
0,p12115,11,1
0,p12116,83,75
0,p12117,35,1
0,p12118,87,1
0,p12119,1,42
0,p12120,74,1
0,p12121,1,59
0,p12122,4,7
0,p12123,81,82
0,p12124,1,29
0,p12125,48,98
0,p12126,74,1
0,p12127,1,68
0,p12128,1,25
0,p12129,88,1
0,p12130,26,1
0,p12131,1,88
0,p12132,43,1
0,p12133,78,1
0,p12134,1,6
0,p12135,1,70
0,p12136,1,41
0,p12137,62,1
0,p12138,80,59
0,p12139,15,1
0,p12140,48,25
0,p12141,1,15
0,p12142,25,1
0,p12143,1,29
0,p12144,63,54
0,p12145,48,1
0,p12146,1,82
0,p12147,15,1
0,p12148,47,50
0,p12149,26,5
0,p12150,1,18
0,p12151,99,1
0,p12152,37,52
0,p12153,1,97
0,p12154,58,78
0,p12155,90,1
0,p12156,1,91
0,p12157,74,98
0,p12158,1,91
0,p12159,55,25
0,p12160,94,14
0,p12161,98,80
0,p12162,10,1
0,p12163,6,1
0,p12164,71,1
0,p12165,1,21
0,p12166,96,1
0,p12167,72,52
0,p12168,47,1
0,p12169,1,58
0,p12170,92,1
0,p12171,44,1
0,p12172,100,1
0,p12173,17,1
0,p12174,1,43
0,p12175,31,90
0,p12176,1,84
0,p12177,1,87
0,p12178,62,1
0,p12179,94,1
0,p12180,24,31
0,p12181,25,1
0,p12182,72,1
0,p12183,1,27
0,p12184,52,49
0,p12185,6,41
0,p12186,77,1
0,p12187,1,18
0,p12188,1,23
0,p12189,1,43
0,p12190,1,65
0,p12191,1,13
0,p12192,89,1
0,p12193,84,1
0,p12194,1,78
0,p12195,18,56
0,p12196,1,8
0,p12197,1,56
0,p12198,96,21
0,p12199,1,82
0,p12200,1,56
0,p12201,1,91
0,p12202,7,1
0,p12203,1,2
0,p12204,1,69
0,p12205,1,74
0,p12206,47,1
0,p12207,75,1
0,p12208,27,64
0,p12209,1,21
0,p12210,76,27
0,p12211,1,63
0,p12212,44,1
0,p12213,1,68
0,p12214,52,99
0,p12215,1,21
0,p12216,33,60
0,p12217,48,1
0,p12218,4,69
0,p12219,10,27
0,p12220,35,68
0,p12221,72,1
0,p12222,53,5
0,p12223,1,72
0,p12224,44,42
0,p12225,1,11
0,p12226,48,1
0,p12227,1,40
0,p12228,98,57
0,p12229,27,1
0,p12230,1,47
0,p12231,32,57
0,p12232,48,10
0,p12233,83,1
0,p12234,1,48
0,p12235,77,23
0,p12236,74,1
0,p12237,1,22
0,p12238,91,1
0,p12239,82,1
0,p12240,15,1
0,p12241,30,1
0,p12242,1,4
0,p12243,65,87
0,p12244,1,4
0,p12245,96,1
0,p12246,28,1
0,p12247,45,93
0,p12248,10,1
0,p12249,1,84
0,p12250,1,13
0,p12251,69,76
0,p12252,2,83
0,p12253,54,1
0,p12254,17,25
0,p12255,1,59
0,p12256,1,94
0,p12257,98,22
0,p12258,1,78
0,p12259,72,26
0,p12260,67,95
0,p12261,1,58
0,p12262,68,56
0,p12263,1,7
0,p12264,1,31
0,p12265,61,1
0,p12266,87,1
0,p12267,1,24
0,p12268,25,1
0,p12269,38,56
0,p12270,78,1
0,p12271,84,1
0,p12272,93,73
0,p12273,1,35
0,p12274,1,96
0,p12275,13,97
0,p12276,65,1
0,p12277,1,8
0,p12278,46,1
0,p12279,34,43
0,p12280,25,1
0,p12281,1,30
0,p12282,49,20
0,p12283,68,25
0,p12284,86,1
0,p12285,1,59
0,p12286,43,40
0,p12287,57,24
0,p12288,76,98
0,p12289,86,1
0,p12290,7,72
0,p12291,89,51
0,p12292,25,65
0,p12293,53,1
0,p12294,72,83
0,p12295,9,19
0,p12296,1,84
0,p12297,79,28
0,p12298,78,1
0,p12299,1,15
0,p12300,96,81
0,p12301,51,1
0,p12302,10,83
0,p12303,23,5
0,p12304,85,4
0,p12305,75,1
0,p12306,1,71
0,p12307,1,74
0,p12308,1,79
0,p12309,50,1
0,p12310,49,1
0,p12311,1,19
0,p12312,1,23
0,p12313,14,1
0,p12314,94,69
0,p12315,62,1
0,p12316,1,34
0,p12317,1,33
0,p12318,11,1
0,p12319,14,96
0,p12320,99,1
0,p12321,32,1
0,p12322,1,73
0,p12323,98,77
0,p12324,1,49
0,p12325,2,1
0,p12326,74,20
0,p12327,19,5
0,p12328,1,32
0,p12329,51,1
0,p12330,1,18
0,p12331,35,6
0,p12332,53,1
0,p12333,1,56
0,p12334,60,86
0,p12335,1,85
0,p12336,6,1
0,p12337,1,20
0,p12338,1,47
0,p12339,1,79
0,p12340,24,69
0,p12341,1,17
0,p12342,37,1
0,p12343,15,8
0,p12344,95,27
0,p12345,94,1
0,p12346,1,77
0,p12347,1,6
0,p12348,99,82
0,p12349,1,24
0,p12350,8,1
0,p12351,56,1
0,p12352,74,1
0,p12353,62,17
0,p12354,2,34
0,p12355,74,16
0,p12356,76,1
0,p12357,74,1
0,p12358,56,41
0,p12359,1,47
0,p12360,86,46
0,p12361,19,1
0,p12362,3,63
0,p12363,1,32
0,p12364,90,4
0,p12365,64,100
0,p12366,52,45
0,p12367,29,39
0,p12368,67,6
0,p12369,50,1
0,p12370,6,1
0,p12371,57,1
0,p12372,1,2
0,p12373,58,1
0,p12374,21,34
0,p12375,1,4
0,p12376,12,53
0,p12377,1,51
0,p12378,49,81
0,p12379,1,48
0,p12380,76,1
0,p12381,1,92
0,p12382,1,23
0,p12383,85,24
0,p12384,1,23
0,p12385,62,45
0,p12386,35,1
0,p12387,1,62
0,p12388,83,1
0,p12389,1,86
0,p12390,1,95
0,p12391,51,23
0,p12392,3,97
0,p12393,52,35
0,p12394,17,16
0,p12395,87,1
0,p12396,81,1
0,p12397,1,63
0,p12398,1,53
0,p12399,8,12
0,p12400,1,36
0,p12401,1,81
0,p12402,89,59
0,p12403,12,1
0,p12404,1,66
0,p12405,18,1
0,p12406,68,43
0,p12407,1,34
0,p12408,1,41
0,p12409,50,1
0,p12410,1,75
0,p12411,1,83
0,p12412,1,81
0,p12413,1,42
0,p12414,1,88
0,p12415,78,1
0,p12416,1,12
0,p12417,68,1
0,p12418,34,1
0,p12419,1,55
0,p12420,51,1
0,p12421,79,59
0,p12422,7,1
0,p12423,97,1
0,p12424,94,86
0,p12425,1,58
0,p12426,92,1
0,p12427,15,1
0,p12428,93,1
0,p12429,1,12
0,p12430,1,45
0,p12431,33,47
0,p12432,83,74
0,p12433,82,100
0,p12434,76,13
0,p12435,1,59
0,p12436,1,13
0,p12437,1,59
0,p12438,77,91
0,p12439,1,68
0,p12440,44,1
0,p12441,12,21
0,p12442,75,65
0,p12443,1,59
0,p12444,1,48
0,p12445,84,1
0,p12446,15,62
0,p12447,24,1
0,p12448,72,1
0,p12449,1,44
0,p12450,1,43
0,p12451,68,1
0,p12452,36,1
0,p12453,48,1
0,p12454,1,58
0,p12455,71,1
0,p12456,1,48
0,p12457,59,1
0,p12458,1,22
0,p12459,1,73
0,p12460,75,1
0,p12461,56,1
0,p12462,80,1
0,p12463,70,78
0,p12464,1,46
0,p12465,7,54
0,p12466,42,1
0,p12467,24,23
0,p12468,90,1
0,p12469,54,1
0,p12470,1,37
0,p12471,9,1
0,p12472,44,1
0,p12473,1,11
0,p12474,71,92
0,p12475,21,1
0,p12476,12,10
0,p12477,96,1
0,p12478,28,17
0,p12479,1,2
0,p12480,97,1
0,p12481,1,94
0,p12482,19,37
0,p12483,64,1
0,p12484,1,94
0,p12485,31,1
0,p12486,1,82
0,p12487,1,85
0,p12488,14,1
0,p12489,13,1
0,p12490,1,13
0,p12491,73,1
0,p12492,92,1
0,p12493,1,21
0,p12494,1,46
0,p12495,47,1
0,p12496,21,2
0,p12497,41,1
0,p12498,63,1
0,p12499,97,1
0,p12500,71,1
0,p12501,78,1
0,p12502,1,21
0,p12503,1,42
0,p12504,53,25
0,p12505,54,90
0,p12506,12,1
0,p12507,19,1
0,p12508,1,40
0,p12509,1,4
0,p12510,29,38
0,p12511,1,53
0,p12512,12,74
0,p12513,15,39
0,p12514,19,1
0,p12515,1,57
0,p12516,1,83
0,p12517,1,24
0,p12518,32,1
0,p12519,90,73
0,p12520,1,22
0,p12521,1,22
0,p12522,35,1
0,p12523,16,1
0,p12524,6,1
0,p12525,70,1
0,p12526,1,26
0,p12527,88,19
0,p12528,1,58
0,p12529,48,1
0,p12530,6,1
0,p12531,1,49
0,p12532,1,29
0,p12533,98,1
0,p12534,77,1
0,p12535,20,72
0,p12536,1,96
0,p12537,1,98
0,p12538,1,79
0,p12539,1,76
0,p12540,1,63
0,p12541,37,1
0,p12542,1,76
0,p12543,78,38
0,p12544,56,2
0,p12545,69,4
0,p12546,26,53
0,p12547,34,1
0,p12548,39,68
0,p12549,1,92
0,p12550,93,1
0,p12551,1,8
0,p12552,81,63
0,p12553,63,1
0,p12554,3,1
0,p12555,93,1
0,p12556,1,88
0,p12557,1,2
0,p12558,92,1
0,p12559,1,15
0,p12560,1,86
0,p12561,1,14
0,p12562,75,1
0,p12563,1,66
0,p12564,1,14
0,p12565,35,95
0,p12566,55,56
0,p12567,100,47
0,p12568,68,1
0,p12569,48,100
0,p12570,1,32
0,p12571,71,1
0,p12572,41,74
0,p12573,43,69
0,p12574,5,1
0,p12575,69,87
0,p12576,1,77
0,p12577,48,37
0,p12578,1,35
0,p12579,99,1
0,p12580,100,1
0,p12581,12,1
0,p12582,1,39
0,p12583,1,12
0,p12584,42,1
0,p12585,1,8
0,p12586,1,76
0,p12587,60,54
0,p12588,79,49
0,p12589,52,88
0,p12590,68,85
0,p12591,1,67
0,p12592,7,59
0,p12593,1,58
0,p12594,47,1
0,p12595,2,1
0,p12596,34,72
0,p12597,1,87
0,p12598,9,85
0,p12599,19,1
0,p12600,67,1
0,p12601,8,1
0,p12602,1,18
0,p12603,1,82
0,p12604,80,86
0,p12605,39,74
0,p12606,72,12
0,p12607,45,1
0,p12608,23,32
0,p12609,31,12
0,p12610,37,83
0,p12611,95,1
0,p12612,1,30
0,p12613,99,1
0,p12614,1,43
0,p12615,1,41
0,p12616,47,1
0,p12617,71,57
0,p12618,99,74
0,p12619,1,53
0,p12620,85,61
0,p12621,88,1
0,p12622,92,26
0,p12623,1,88
0,p12624,1,82
0,p12625,56,1
0,p12626,11,1
0,p12627,70,1
0,p12628,90,75
0,p12629,1,3
0,p12630,39,91
0,p12631,1,66
0,p12632,79,1
0,p12633,1,73
0,p12634,1,56
0,p12635,1,69
0,p12636,1,41
0,p12637,100,32
0,p12638,24,1
0,p12639,1,54
0,p12640,1,9
0,p12641,1,48
0,p12642,35,1
0,p12643,64,1
0,p12644,1,47
0,p12645,1,29
0,p12646,71,29
0,p12647,1,87
0,p12648,1,14
0,p12649,85,1
0,p12650,55,1
0,p12651,85,64
0,p12652,1,39
0,p12653,38,96
0,p12654,1,63
0,p12655,1,84
0,p12656,1,39
0,p12657,1,21
0,p12658,34,37
0,p12659,1,12
0,p12660,1,58
0,p12661,52,1
0,p12662,1,75
0,p12663,1,72
0,p12664,1,12
0,p12665,1,18
0,p12666,1,9
0,p12667,6,33
0,p12668,21,1
0,p12669,1,86
0,p12670,1,12
0,p12671,89,1
0,p12672,1,55
0,p12673,37,1
0,p12674,95,16
0,p12675,1,28
0,p12676,1,56
0,p12677,57,83
0,p12678,1,61
0,p12679,1,71
0,p12680,1,35
0,p12681,1,67
0,p12682,55,1
0,p12683,1,87
0,p12684,1,21
0,p12685,76,42
0,p12686,1,85
0,p12687,97,1
0,p12688,4,1
0,p12689,83,1
0,p12690,1,86
0,p12691,1,35
0,p12692,1,81
0,p12693,1,18
0,p12694,70,32
0,p12695,6,23
0,p12696,80,57
0,p12697,91,37
0,p12698,8,54
0,p12699,1,46
0,p12700,85,1
0,p12701,1,93
0,p12702,8,61
0,p12703,3,1
0,p12704,18,1
0,p12705,25,8
0,p12706,1,87
0,p12707,8,1
0,p12708,1,27
0,p12709,6,1
0,p12710,1,56
0,p12711,37,24
0,p12712,31,17
0,p12713,1,54
0,p12714,24,1
0,p12715,76,22
0,p12716,82,1
0,p12717,1,81
0,p12718,1,16
0,p12719,1,91
0,p12720,22,50
0,p12721,32,1
0,p12722,57,65
0,p12723,99,1
0,p12724,9,1
0,p12725,1,41
0,p12726,48,1
0,p12727,21,1
0,p12728,92,1
0,p12729,1,52
0,p12730,8,1
0,p12731,12,87
0,p12732,59,97
0,p12733,53,1
0,p12734,41,33
0,p12735,59,36
0,p12736,38,1
0,p12737,87,1
0,p12738,61,54
0,p12739,27,3
0,p12740,62,39
0,p12741,50,91
0,p12742,32,1
0,p12743,1,39
0,p12744,1,12
0,p12745,1,48
0,p12746,28,1
0,p12747,1,28
0,p12748,6,1
0,p12749,11,19
0,p12750,1,31
0,p12751,1,30
0,p12752,1,22
0,p12753,1,96
0,p12754,1,67
0,p12755,22,1
0,p12756,20,1
0,p12757,1,9
0,p12758,30,74
0,p12759,12,1
0,p12760,35,14
0,p12761,1,52
0,p12762,79,47
0,p12763,29,9
0,p12764,1,98
0,p12765,31,20
0,p12766,9,12
0,p12767,66,37
0,p12768,1,7
0,p12769,1,37
0,p12770,69,1
0,p12771,83,1
0,p12772,95,1
0,p12773,1,93
0,p12774,67,1
0,p12775,11,15
0,p12776,1,9
0,p12777,34,1
0,p12778,78,28
0,p12779,1,50
0,p12780,29,80
0,p12781,7,41
0,p12782,83,69
0,p12783,1,72
0,p12784,46,1
0,p12785,52,1
0,p12786,1,26
0,p12787,1,91
0,p12788,1,82
0,p12789,49,1
0,p12790,3,85
0,p12791,67,1
0,p12792,5,1
0,p12793,1,5
0,p12794,1,37
0,p12795,61,1
0,p12796,31,18
0,p12797,1,73
0,p12798,29,1
0,p12799,1,91
0,p12800,50,89
0,p12801,1,67
0,p12802,29,1
0,p12803,51,1
0,p12804,65,1
0,p12805,93,9
0,p12806,25,17
0,p12807,1,60
0,p12808,67,39
0,p12809,47,1
0,p12810,61,18
0,p12811,64,97
0,p12812,38,20
0,p12813,48,33
0,p12814,94,65
0,p12815,67,1
0,p12816,61,1
0,p12817,24,1
0,p12818,100,33
0,p12819,1,26
0,p12820,1,56
0,p12821,54,58
0,p12822,43,1
0,p12823,1,24
0,p12824,1,26
0,p12825,1,31
0,p12826,1,4
0,p12827,52,1
0,p12828,35,1
0,p12829,57,1
0,p12830,66,1
0,p12831,1,65
0,p12832,33,39
0,p12833,57,63
0,p12834,1,77
0,p12835,93,1
0,p12836,1,98
0,p12837,1,76
0,p12838,1,19
0,p12839,1,7
0,p12840,99,86
0,p12841,93,22
0,p12842,1,27
0,p12843,100,1
0,p12844,20,1
0,p12845,1,39
0,p12846,45,92
0,p12847,98,1
0,p12848,96,1
0,p12849,22,1
0,p12850,27,48
0,p12851,1,39
0,p12852,51,1
0,p12853,1,6
0,p12854,69,1
0,p12855,88,89
0,p12856,1,98
0,p12857,27,1
0,p12858,1,71
0,p12859,65,1
0,p12860,45,1
0,p12861,1,38
0,p12862,1,48
0,p12863,1,24
0,p12864,1,99
0,p12865,36,1
0,p12866,1,83
0,p12867,1,69
0,p12868,76,1
0,p12869,1,85
0,p12870,1,91
0,p12871,76,1
0,p12872,1,12
0,p12873,1,82
0,p12874,1,38
0,p12875,38,16
0,p12876,1,2
0,p12877,1,72
0,p12878,1,43
0,p12879,17,1
0,p12880,60,1
0,p12881,1,39
0,p12882,1,64
0,p12883,51,1
0,p12884,1,69
0,p12885,86,14
0,p12886,34,91
0,p12887,3,1
0,p12888,14,1
0,p12889,1,87
0,p12890,1,100
0,p12891,56,84
0,p12892,24,59
0,p12893,10,77
0,p12894,1,11
0,p12895,91,1
0,p12896,1,37
0,p12897,1,35
0,p12898,30,1
0,p12899,78,72
0,p12900,71,1
0,p12901,5,1
0,p12902,1,57
0,p12903,40,1
0,p12904,1,33
0,p12905,80,88
0,p12906,13,1
0,p12907,85,9
0,p12908,1,82
0,p12909,42,1
0,p12910,1,64
0,p12911,1,91
0,p12912,46,1
0,p12913,65,1
0,p12914,1,47
0,p12915,27,1
0,p12916,76,48
0,p12917,1,53
0,p12918,60,93
0,p12919,79,6
0,p12920,97,34
0,p12921,1,86
0,p12922,42,25
0,p12923,1,88
0,p12924,41,83
0,p12925,1,11
0,p12926,1,57
0,p12927,39,1
0,p12928,9,1
0,p12929,1,3
0,p12930,1,80
0,p12931,47,49
0,p12932,1,9
0,p12933,24,1
0,p12934,38,8
0,p12935,18,1
0,p12936,77,15
0,p12937,1,97
0,p12938,64,35
0,p12939,96,1
0,p12940,68,48
0,p12941,53,95
0,p12942,16,2
0,p12943,33,1
0,p12944,14,1
0,p12945,9,1
0,p12946,3,1
0,p12947,47,1
0,p12948,1,43
0,p12949,1,66
0,p12950,71,84
0,p12951,41,79
0,p12952,1,49
0,p12953,64,1
0,p12954,15,1
0,p12955,6,1
0,p12956,1,32
0,p12957,1,49
0,p12958,21,1
0,p12959,1,48
0,p12960,47,43
0,p12961,1,62
0,p12962,100,1
0,p12963,18,63
0,p12964,66,1
0,p12965,1,40
0,p12966,87,26
0,p12967,1,57
0,p12968,70,15
0,p12969,1,85
0,p12970,1,48
0,p12971,1,85
0,p12972,75,1
0,p12973,1,51
0,p12974,53,87
0,p12975,25,1
0,p12976,4,8
0,p12977,42,1
0,p12978,1,73
0,p12979,1,6
0,p12980,27,1
0,p12981,1,72
0,p12982,76,66
0,p12983,49,1
0,p12984,11,1
0,p12985,78,1
0,p12986,54,55
0,p12987,70,3
0,p12988,87,63
0,p12989,15,1
0,p12990,18,21
0,p12991,1,30
0,p12992,53,54
0,p12993,29,1
0,p12994,1,38
0,p12995,91,64
0,p12996,41,1
0,p12997,86,1
0,p12998,83,59
0,p12999,47,1
0,p13000,22,1
0,p13001,60,1
0,p13002,37,1
0,p13003,90,37
0,p13004,65,66
0,p13005,1,4
0,p13006,10,1
0,p13007,1,44
0,p13008,18,2
0,p13009,51,1
0,p13010,7,35
0,p13011,91,82
0,p13012,1,58
0,p13013,5,97
0,p13014,15,1
0,p13015,1,87
0,p13016,1,24
0,p13017,94,69
0,p13018,26,81
0,p13019,4,1
0,p13020,1,50
0,p13021,27,1
0,p13022,63,1
0,p13023,98,80
0,p13024,44,7
0,p13025,54,35
0,p13026,100,66
0,p13027,91,1
0,p13028,1,62
0,p13029,1,17
0,p13030,3,1
0,p13031,56,67
0,p13032,63,1
0,p13033,29,4
0,p13034,65,1
0,p13035,73,1
0,p13036,24,53
0,p13037,84,75
0,p13038,6,1
0,p13039,1,58
0,p13040,30,85
0,p13041,1,82
0,p13042,1,83
0,p13043,71,1
0,p13044,1,76
0,p13045,22,1
0,p13046,1,8
0,p13047,39,92
0,p13048,54,37
0,p13049,19,33
0,p13050,28,1
0,p13051,75,38
0,p13052,38,1
0,p13053,1,7
0,p13054,46,1
0,p13055,17,1
0,p13056,3,1
0,p13057,59,1
0,p13058,1,33
0,p13059,70,62
0,p13060,26,1
0,p13061,59,1
0,p13062,90,1
0,p13063,13,1
0,p13064,1,2
0,p13065,49,1
0,p13066,25,1
0,p13067,1,49
0,p13068,22,1
0,p13069,1,20
0,p13070,32,100
0,p13071,1,50
0,p13072,27,18
0,p13073,55,1
0,p13074,9,1
0,p13075,63,67
0,p13076,57,23
0,p13077,50,1
0,p13078,64,1
0,p13079,98,32
0,p13080,60,1
0,p13081,9,73
0,p13082,2,75
0,p13083,88,100
0,p13084,1,21
0,p13085,47,1
0,p13086,1,12
0,p13087,52,31
0,p13088,14,1
0,p13089,67,1
0,p13090,5,49
0,p13091,17,1
0,p13092,1,34
0,p13093,97,23
0,p13094,57,1
0,p13095,1,88
0,p13096,1,57
0,p13097,29,1
0,p13098,46,78
0,p13099,78,25
0,p13100,89,1
0,p13101,31,9
0,p13102,1,76
0,p13103,99,86
0,p13104,44,73
0,p13105,1,35
0,p13106,61,22
0,p13107,45,1
0,p13108,1,75
0,p13109,50,99
0,p13110,72,77
0,p13111,1,89
0,p13112,3,1
0,p13113,1,73
0,p13114,23,56
0,p13115,39,71
0,p13116,2,1
0,p13117,49,88
0,p13118,5,7
0,p13119,12,1
0,p13120,61,82
0,p13121,1,59
0,p13122,56,96
0,p13123,82,46
0,p13124,53,81
0,p13125,85,27
0,p13126,51,84
0,p13127,1,2
0,p13128,10,45
0,p13129,53,85
0,p13130,1,41
0,p13131,1,80
0,p13132,34,1
0,p13133,24,62
0,p13134,78,1
0,p13135,1,52
0,p13136,1,51
0,p13137,69,1
0,p13138,1,91
0,p13139,1,26
0,p13140,1,100
0,p13141,44,1
0,p13142,4,97
0,p13143,37,59
0,p13144,66,1
0,p13145,12,92
0,p13146,1,9
0,p13147,44,79
0,p13148,11,98
0,p13149,80,67
0,p13150,1,86
0,p13151,1,53
0,p13152,21,1
0,p13153,16,42
0,p13154,71,1
0,p13155,96,25
0,p13156,1,65
0,p13157,92,1
0,p13158,1,13
0,p13159,24,1
0,p13160,43,12
0,p13161,66,1
0,p13162,45,1
0,p13163,2,1
0,p13164,70,95
0,p13165,30,1
0,p13166,1,77
0,p13167,1,77
0,p13168,69,73
0,p13169,36,95
0,p13170,19,1
0,p13171,22,1
0,p13172,1,7
0,p13173,94,1
0,p13174,42,2
0,p13175,97,45
0,p13176,32,4
0,p13177,94,1
0,p13178,1,99
0,p13179,1,41
0,p13180,63,31
0,p13181,1,56
0,p13182,1,17
0,p13183,47,56
0,p13184,1,16
0,p13185,13,1
0,p13186,3,1
0,p13187,32,49
0,p13188,3,1
0,p13189,73,1
0,p13190,39,93
0,p13191,1,53
0,p13192,92,1
0,p13193,94,1
0,p13194,4,83
0,p13195,1,25
0,p13196,22,13
0,p13197,1,76
0,p13198,1,13
0,p13199,74,1
0,p13200,61,1
0,p13201,75,1
0,p13202,30,1
0,p13203,1,73
0,p13204,1,21
0,p13205,60,50
0,p13206,1,83
0,p13207,78,1
0,p13208,90,1
0,p13209,13,90
0,p13210,1,50
0,p13211,96,71
0,p13212,24,63
0,p13213,15,62
0,p13214,50,83
0,p13215,1,12
0,p13216,29,70
0,p13217,87,53
0,p13218,1,31
0,p13219,97,64
0,p13220,1,12
0,p13221,8,96
0,p13222,49,50
0,p13223,1,75
0,p13224,23,49
0,p13225,5,36
0,p13226,36,1
0,p13227,91,21
0,p13228,65,1
0,p13229,1,21
0,p13230,1,63
0,p13231,1,91
0,p13232,34,37
0,p13233,1,22
0,p13234,86,24
0,p13235,65,1
0,p13236,1,37
0,p13237,1,71
0,p13238,13,71
0,p13239,99,12
0,p13240,25,1
0,p13241,1,52
0,p13242,38,1
0,p13243,28,38
0,p13244,36,1
0,p13245,44,33
0,p13246,26,8
0,p13247,92,18
0,p13248,78,1
0,p13249,1,17
0,p13250,1,6
0,p13251,1,29
0,p13252,52,1
0,p13253,1,71
0,p13254,1,42
0,p13255,1,44
0,p13256,27,67
0,p13257,1,55
0,p13258,45,1
0,p13259,77,10
0,p13260,66,24
0,p13261,52,94
0,p13262,71,1
0,p13263,3,97
0,p13264,33,65
0,p13265,1,35
0,p13266,77,1
0,p13267,39,1
0,p13268,1,82
0,p13269,1,64
0,p13270,54,100
0,p13271,27,20
0,p13272,1,30
0,p13273,16,1
0,p13274,43,1
0,p13275,8,1
0,p13276,1,35
0,p13277,42,65
0,p13278,1,16
0,p13279,8,63
0,p13280,40,1
0,p13281,44,42
0,p13282,100,82
0,p13283,1,78
0,p13284,48,100
0,p13285,34,57
0,p13286,1,20
0,p13287,80,38
0,p13288,79,1
0,p13289,29,43
0,p13290,1,60
0,p13291,1,92
0,p13292,99,18
0,p13293,38,28
0,p13294,97,1
0,p13295,26,1
0,p13296,53,65
0,p13297,1,53
0,p13298,98,41
0,p13299,42,50
0,p13300,97,1
0,p13301,47,59
0,p13302,1,81
0,p13303,1,11
0,p13304,1,26
0,p13305,13,98
0,p13306,78,1
0,p13307,1,3
0,p13308,98,95
0,p13309,1,29
0,p13310,32,75
0,p13311,41,9
0,p13312,1,64
0,p13313,16,1
0,p13314,97,1
0,p13315,38,1
0,p13316,33,31
0,p13317,1,77
0,p13318,1,12
0,p13319,1,88
0,p13320,24,1
0,p13321,1,17
0,p13322,81,31
0,p13323,32,1
0,p13324,1,25
0,p13325,58,1
0,p13326,1,63
0,p13327,50,1
0,p13328,1,72
0,p13329,40,1
0,p13330,1,29
0,p13331,88,1
0,p13332,2,40
0,p13333,91,17
0,p13334,37,1
0,p13335,79,63
0,p13336,33,14
0,p13337,80,14
0,p13338,8,30
0,p13339,51,28
0,p13340,58,36
0,p13341,1,64
0,p13342,7,1
0,p13343,48,1
0,p13344,81,30
0,p13345,8,66
0,p13346,6,1
0,p13347,66,1
0,p13348,67,3
0,p13349,76,37
0,p13350,1,53
0,p13351,83,78
0,p13352,1,12
0,p13353,1,87
0,p13354,1,100
0,p13355,66,1
0,p13356,65,1
0,p13357,1,97
0,p13358,1,67
0,p13359,1,74
0,p13360,53,81
0,p13361,1,35
0,p13362,31,86
0,p13363,63,5
0,p13364,99,42
0,p13365,58,98
0,p13366,1,92
0,p13367,9,83
0,p13368,40,1
0,p13369,54,1
0,p13370,1,54
0,p13371,36,1
0,p13372,1,24
0,p13373,1,73
0,p13374,77,45
0,p13375,1,96
0,p13376,92,1
0,p13377,1,16
0,p13378,58,1
0,p13379,1,86
0,p13380,1,90
0,p13381,35,1
0,p13382,1,21
0,p13383,33,1
0,p13384,26,12
0,p13385,75,93
0,p13386,1,57
0,p13387,70,1
0,p13388,65,1
0,p13389,86,64
0,p13390,55,1
0,p13391,38,1
0,p13392,1,26
0,p13393,1,72
0,p13394,1,45
0,p13395,1,27
0,p13396,87,45
0,p13397,93,49
0,p13398,56,1
0,p13399,1,15
0,p13400,53,1
0,p13401,32,42
0,p13402,1,17
0,p13403,68,29
0,p13404,69,39
0,p13405,74,1
0,p13406,88,85
0,p13407,1,2
0,p13408,1,28
0,p13409,86,1
0,p13410,63,50
0,p13411,80,39
0,p13412,1,86
0,p13413,91,46
0,p13414,30,1
0,p13415,36,72
0,p13416,55,1
0,p13417,1,62
0,p13418,1,77
0,p13419,83,1
0,p13420,38,1
0,p13421,77,68
0,p13422,67,2
0,p13423,25,55
0,p13424,49,1
0,p13425,37,69
0,p13426,76,54
0,p13427,89,74
0,p13428,65,13
0,p13429,4,56
0,p13430,50,1
0,p13431,1,37
0,p13432,27,4
0,p13433,98,1
0,p13434,90,1
0,p13435,3,1
0,p13436,84,17
0,p13437,45,1
0,p13438,91,1
0,p13439,26,1
0,p13440,10,1
0,p13441,1,22
0,p13442,1,83
0,p13443,1,47
0,p13444,54,77
0,p13445,7,1
0,p13446,33,1
0,p13447,1,18
0,p13448,1,6
0,p13449,22,1
0,p13450,40,89
0,p13451,39,1
0,p13452,1,28
0,p13453,1,75
0,p13454,17,1
0,p13455,43,1
0,p13456,1,61
0,p13457,67,63
0,p13458,1,74
0,p13459,99,1
0,p13460,9,83
0,p13461,1,12
0,p13462,24,1
0,p13463,55,68
0,p13464,23,26
0,p13465,1,2
0,p13466,47,1
0,p13467,85,52
0,p13468,1,84
0,p13469,13,52
0,p13470,13,1
0,p13471,70,35
0,p13472,1,79
0,p13473,71,1
0,p13474,63,1
0,p13475,1,57
0,p13476,1,57
0,p13477,89,75
0,p13478,89,1
0,p13479,60,21
0,p13480,41,53
0,p13481,1,82
0,p13482,56,1
0,p13483,66,25
0,p13484,1,24
0,p13485,67,29
0,p13486,20,35
0,p13487,58,43
0,p13488,4,1
0,p13489,32,62
0,p13490,82,1
0,p13491,1,20
0,p13492,13,90
0,p13493,51,1
0,p13494,1,68
0,p13495,65,1
0,p13496,54,1
0,p13497,39,45
0,p13498,1,13
0,p13499,65,52
0,p13500,53,86
0,p13501,24,78
0,p13502,51,20
0,p13503,1,88
0,p13504,67,1
0,p13505,86,27
0,p13506,1,40
0,p13507,5,1
0,p13508,66,86
0,p13509,84,79
0,p13510,44,1
0,p13511,45,71
0,p13512,1,38
0,p13513,12,2
0,p13514,1,96
0,p13515,1,33
0,p13516,24,1
0,p13517,1,22
0,p13518,1,43
0,p13519,50,25
0,p13520,89,2
0,p13521,71,80
0,p13522,9,22
0,p13523,1,95
0,p13524,19,27
0,p13525,91,1
0,p13526,1,36
0,p13527,1,57
0,p13528,59,1
0,p13529,56,1
0,p13530,99,52
0,p13531,97,69
0,p13532,69,1
0,p13533,1,14
0,p13534,38,85
0,p13535,6,1
0,p13536,29,48
0,p13537,55,1
0,p13538,21,1
0,p13539,32,24
0,p13540,67,19
0,p13541,77,1
0,p13542,82,49
0,p13543,57,96
0,p13544,28,1
0,p13545,63,13
0,p13546,66,19
0,p13547,77,1
0,p13548,45,49
0,p13549,74,1
0,p13550,48,28
0,p13551,58,1
0,p13552,100,81
0,p13553,1,14
0,p13554,78,1
0,p13555,81,3
0,p13556,23,32
0,p13557,1,81
0,p13558,1,30
0,p13559,97,88
0,p13560,93,1
0,p13561,1,16
0,p13562,1,54
0,p13563,91,83
0,p13564,58,43
0,p13565,1,43
0,p13566,21,1
0,p13567,52,1
0,p13568,1,75
0,p13569,72,16
0,p13570,15,35
0,p13571,8,14
0,p13572,1,88
0,p13573,1,35
0,p13574,56,1
0,p13575,1,65
0,p13576,95,1
0,p13577,1,2
0,p13578,65,8
0,p13579,80,1
0,p13580,50,99
0,p13581,86,13
0,p13582,62,1
0,p13583,1,27
0,p13584,1,59
0,p13585,1,49
0,p13586,56,1
0,p13587,1,91
0,p13588,51,1
0,p13589,1,54
0,p13590,13,92
0,p13591,1,64
0,p13592,38,1
0,p13593,14,1
0,p13594,95,39
0,p13595,64,9
0,p13596,46,59
0,p13597,42,1
0,p13598,18,70
0,p13599,73,47
0,p13600,26,1
0,p13601,63,27
0,p13602,90,68
0,p13603,94,1
0,p13604,89,25
0,p13605,14,71
0,p13606,1,10
0,p13607,11,1
0,p13608,91,24
0,p13609,49,1
0,p13610,5,1
0,p13611,86,1
0,p13612,91,71
0,p13613,1,79
0,p13614,1,27
0,p13615,81,1
0,p13616,16,55
0,p13617,57,45
0,p13618,1,71
0,p13619,1,20
0,p13620,66,1
0,p13621,15,38
0,p13622,1,75
0,p13623,48,90
0,p13624,100,55
0,p13625,63,85
0,p13626,17,1
0,p13627,49,85
0,p13628,48,36
0,p13629,12,91
0,p13630,35,1
0,p13631,5,49
0,p13632,49,73
0,p13633,1,81
0,p13634,1,10
0,p13635,1,66
0,p13636,1,14
0,p13637,61,10
0,p13638,27,62
0,p13639,1,79
0,p13640,1,75
0,p13641,88,75
0,p13642,22,37
0,p13643,38,6
0,p13644,1,89
0,p13645,65,35
0,p13646,1,75
0,p13647,1,9
0,p13648,39,95
0,p13649,1,67
0,p13650,90,1
0,p13651,81,1
0,p13652,1,9
0,p13653,75,1
0,p13654,65,1
0,p13655,1,31
0,p13656,71,1
0,p13657,61,6
0,p13658,72,1
0,p13659,1,77
0,p13660,38,92
0,p13661,41,88
0,p13662,38,1
0,p13663,57,1
0,p13664,20,1
0,p13665,76,49
0,p13666,37,52
0,p13667,62,53
0,p13668,81,38
0,p13669,70,1
0,p13670,41,98
0,p13671,1,100
0,p13672,71,1
0,p13673,92,1
0,p13674,7,1
0,p13675,1,68
0,p13676,42,1
0,p13677,57,1
0,p13678,57,1
0,p13679,4,1
0,p13680,1,75
0,p13681,29,1
0,p13682,98,47
0,p13683,90,35
0,p13684,20,1
0,p13685,49,1
0,p13686,1,52
0,p13687,1,41
0,p13688,1,63
0,p13689,82,1
0,p13690,99,80
0,p13691,1,64
0,p13692,97,13
0,p13693,1,31
0,p13694,1,95
0,p13695,7,50
0,p13696,96,23
0,p13697,100,1
0,p13698,1,35
0,p13699,84,66
0,p13700,1,51
0,p13701,1,47
0,p13702,1,5
0,p13703,1,15
0,p13704,27,78
0,p13705,82,1
0,p13706,33,53
0,p13707,91,13
0,p13708,1,34
0,p13709,1,82
0,p13710,84,92
0,p13711,72,1
0,p13712,1,56
0,p13713,1,15
0,p13714,53,94
0,p13715,39,1
0,p13716,33,71
0,p13717,100,85
0,p13718,59,1
0,p13719,28,48
0,p13720,43,1
0,p13721,1,33
0,p13722,78,96
0,p13723,37,1
0,p13724,100,36
0,p13725,6,1
0,p13726,1,70
0,p13727,2,5
0,p13728,1,76
0,p13729,38,11
0,p13730,97,1
0,p13731,4,61
0,p13732,1,76
0,p13733,51,1
0,p13734,31,25
0,p13735,55,1
0,p13736,79,1
0,p13737,1,21
0,p13738,1,32
0,p13739,47,1
0,p13740,1,17
0,p13741,1,71
0,p13742,1,60
0,p13743,65,39
0,p13744,63,1
0,p13745,64,68
0,p13746,4,1
0,p13747,95,1
0,p13748,85,50
0,p13749,1,66
0,p13750,51,1
0,p13751,81,73
0,p13752,1,90
0,p13753,16,97
0,p13754,34,1
0,p13755,1,27
0,p13756,1,87
0,p13757,1,78
0,p13758,81,59
0,p13759,84,67
0,p13760,58,50
0,p13761,95,26
0,p13762,13,1
0,p13763,1,90
0,p13764,1,70
0,p13765,91,1
0,p13766,33,1
0,p13767,75,42
0,p13768,38,1
0,p13769,1,50
0,p13770,43,70
0,p13771,77,24
0,p13772,41,76
0,p13773,1,48
0,p13774,1,68
0,p13775,32,26
0,p13776,1,55
0,p13777,77,1
0,p13778,1,16
0,p13779,1,14
0,p13780,1,77
0,p13781,37,1
0,p13782,63,1
0,p13783,69,1
0,p13784,32,47
0,p13785,44,1
0,p13786,54,1
0,p13787,100,1
0,p13788,75,36
0,p13789,20,31
0,p13790,23,99
0,p13791,49,1
0,p13792,1,33
0,p13793,1,49
0,p13794,5,49
0,p13795,39,38
0,p13796,12,1
0,p13797,42,1
0,p13798,1,45
0,p13799,44,1
0,p13800,96,88
0,p13801,28,1
0,p13802,1,39
0,p13803,71,38
0,p13804,29,1
0,p13805,99,76
0,p13806,71,50
0,p13807,51,1
0,p13808,80,10
0,p13809,89,20
0,p13810,74,1
0,p13811,70,1
0,p13812,73,10
0,p13813,93,1
0,p13814,1,93
0,p13815,95,1
0,p13816,77,1
0,p13817,1,69
0,p13818,47,44
0,p13819,89,57
0,p13820,80,1
0,p13821,51,72
0,p13822,52,72
0,p13823,29,1
0,p13824,1,55
0,p13825,54,46
0,p13826,64,58
0,p13827,1,64
0,p13828,1,48
0,p13829,1,86
0,p13830,11,81
0,p13831,69,1
0,p13832,11,1
0,p13833,70,81
0,p13834,1,94
0,p13835,75,1
0,p13836,1,62
0,p13837,62,85
0,p13838,64,90
0,p13839,17,72
0,p13840,31,1
0,p13841,1,40
0,p13842,44,1
0,p13843,36,1
0,p13844,80,1
0,p13845,1,53
0,p13846,36,83
0,p13847,45,58
0,p13848,1,36
0,p13849,90,23
0,p13850,10,1
0,p13851,9,44
0,p13852,23,52
0,p13853,1,24
0,p13854,1,45
0,p13855,59,1
0,p13856,1,42
0,p13857,68,30
0,p13858,1,73
0,p13859,1,52
0,p13860,29,88
0,p13861,51,1
0,p13862,15,1
0,p13863,58,1
0,p13864,49,1
0,p13865,6,64
0,p13866,66,1
0,p13867,1,24
0,p13868,17,55
0,p13869,1,89
0,p13870,47,66
0,p13871,43,4
0,p13872,1,39
0,p13873,79,78
0,p13874,87,1
0,p13875,17,1
0,p13876,77,17
0,p13877,39,1
0,p13878,93,1
0,p13879,1,19
0,p13880,93,37
0,p13881,18,32
0,p13882,92,97
0,p13883,71,1
0,p13884,76,1
0,p13885,24,1
0,p13886,24,87
0,p13887,48,1
0,p13888,42,98
0,p13889,92,1
0,p13890,62,68
0,p13891,43,68
0,p13892,1,65
0,p13893,22,1
0,p13894,38,1
0,p13895,1,41
0,p13896,75,1
0,p13897,77,1
0,p13898,55,15
0,p13899,1,56
0,p13900,19,1
0,p13901,54,60
0,p13902,97,70
0,p13903,1,25
0,p13904,53,38
0,p13905,1,47
0,p13906,7,12
0,p13907,24,71
0,p13908,1,69
0,p13909,52,25
0,p13910,1,99
0,p13911,54,1
0,p13912,55,20
0,p13913,72,1
0,p13914,1,97
0,p13915,39,16
0,p13916,15,46
0,p13917,32,1
0,p13918,46,1
0,p13919,63,1
0,p13920,46,1
0,p13921,45,1
0,p13922,4,1
0,p13923,1,67
0,p13924,1,22
0,p13925,1,27
0,p13926,1,3
0,p13927,6,1
0,p13928,1,96
0,p13929,36,37
0,p13930,99,1
0,p13931,1,16
0,p13932,85,32
0,p13933,1,92
0,p13934,21,5
0,p13935,28,1
0,p13936,1,33
0,p13937,83,93
0,p13938,1,68
0,p13939,56,48
0,p13940,30,1
0,p13941,85,1
0,p13942,1,77
0,p13943,1,14
0,p13944,40,1
0,p13945,73,1
0,p13946,1,47
0,p13947,70,1
0,p13948,65,54
0,p13949,58,1
0,p13950,19,1
0,p13951,30,1
0,p13952,1,25
0,p13953,93,1
0,p13954,1,83
0,p13955,1,76
0,p13956,26,53
0,p13957,1,32
0,p13958,15,1
0,p13959,1,22
0,p13960,3,47
0,p13961,1,30
0,p13962,1,47
0,p13963,1,88
0,p13964,28,83
0,p13965,1,16
0,p13966,49,1
0,p13967,38,16
0,p13968,1,94
0,p13969,59,62
0,p13970,59,76
0,p13971,1,84
0,p13972,70,1
0,p13973,53,1
0,p13974,1,4
0,p13975,85,40
0,p13976,1,84
0,p13977,96,1
0,p13978,1,55
0,p13979,72,1
0,p13980,30,1
0,p13981,70,1
0,p13982,84,1
0,p13983,1,59
0,p13984,1,31
0,p13985,13,40
0,p13986,86,52
0,p13987,48,1
0,p13988,84,1
0,p13989,1,88
0,p13990,86,1
0,p13991,18,16
0,p13992,1,88
0,p13993,70,66
0,p13994,1,33
0,p13995,1,5
0,p13996,1,81
0,p13997,30,1
0,p13998,1,31
0,p13999,35,59
0,p14000,66,88
0,p14001,1,19
0,p14002,95,1
0,p14003,1,70
0,p14004,33,1
0,p14005,42,1
0,p14006,16,29
0,p14007,91,1
0,p14008,1,72
0,p14009,1,69
0,p14010,66,44
0,p14011,12,1
0,p14012,38,1
0,p14013,1,47
0,p14014,83,18
0,p14015,36,1
0,p14016,28,32
0,p14017,93,1
0,p14018,7,67
0,p14019,1,93
0,p14020,21,88
0,p14021,8,87
0,p14022,1,75
0,p14023,11,57
0,p14024,9,1
0,p14025,82,57
0,p14026,89,52
0,p14027,7,1
0,p14028,81,1
0,p14029,59,61
0,p14030,51,35
0,p14031,1,25
0,p14032,23,74
0,p14033,1,24
0,p14034,11,1
0,p14035,77,72
0,p14036,82,1
0,p14037,65,1
0,p14038,3,1
0,p14039,1,94
0,p14040,12,1
0,p14041,1,96
0,p14042,36,1
0,p14043,1,85
0,p14044,82,1
0,p14045,1,84
0,p14046,1,7
0,p14047,1,78
0,p14048,94,1
0,p14049,1,68
0,p14050,1,55
0,p14051,36,1
0,p14052,34,1
0,p14053,22,1
0,p14054,47,1
0,p14055,1,62
0,p14056,9,20
0,p14057,1,5
0,p14058,70,1
0,p14059,44,1
0,p14060,1,22
0,p14061,1,48
0,p14062,52,20
0,p14063,8,1
0,p14064,79,75
0,p14065,94,1
0,p14066,86,1
0,p14067,24,1
0,p14068,18,1
0,p14069,82,5
0,p14070,56,82
0,p14071,76,1
0,p14072,4,1
0,p14073,13,1
0,p14074,1,20
0,p14075,56,1
0,p14076,77,79
0,p14077,1,47
0,p14078,1,24
0,p14079,39,65
0,p14080,57,39
0,p14081,55,59
0,p14082,1,56
0,p14083,1,59
0,p14084,1,53
0,p14085,39,1
0,p14086,38,36
0,p14087,1,84
0,p14088,1,52
0,p14089,79,1
0,p14090,58,53
0,p14091,1,55
0,p14092,1,38
0,p14093,1,65
0,p14094,1,54
0,p14095,29,1
0,p14096,39,100
0,p14097,1,75
0,p14098,1,38
0,p14099,1,80
0,p14100,1,78
0,p14101,15,1
0,p14102,1,15
0,p14103,34,1
0,p14104,71,1
0,p14105,7,21
0,p14106,85,63
0,p14107,56,1
0,p14108,14,1
0,p14109,80,54
0,p14110,76,93
0,p14111,60,70
0,p14112,1,8
0,p14113,1,79
0,p14114,22,69
0,p14115,14,1
0,p14116,1,83
0,p14117,78,1
0,p14118,37,51
0,p14119,47,1
0,p14120,38,1
0,p14121,58,1
0,p14122,68,1
0,p14123,27,1
0,p14124,1,74
0,p14125,1,35
0,p14126,38,1
0,p14127,1,95
0,p14128,7,96
0,p14129,1,49
0,p14130,1,25
0,p14131,77,49
0,p14132,81,1
0,p14133,43,41
0,p14134,51,66
0,p14135,2,39
0,p14136,1,99
0,p14137,1,28
0,p14138,1,11
0,p14139,85,46
0,p14140,52,93
0,p14141,1,3
0,p14142,1,9
0,p14143,31,1
0,p14144,1,34
0,p14145,1,33
0,p14146,47,1
0,p14147,80,1
0,p14148,44,4
0,p14149,10,1
0,p14150,58,1
0,p14151,92,47
0,p14152,40,59
0,p14153,1,98
0,p14154,1,6
0,p14155,44,1
0,p14156,1,33
0,p14157,1,3
0,p14158,4,37
0,p14159,46,19
0,p14160,1,94
0,p14161,75,1
0,p14162,99,27
0,p14163,1,31
0,p14164,1,25
0,p14165,1,66
0,p14166,38,1
0,p14167,1,28
0,p14168,1,55
0,p14169,85,1
0,p14170,98,1
0,p14171,28,1
0,p14172,1,36
0,p14173,95,1
0,p14174,85,1
0,p14175,54,1
0,p14176,1,72
0,p14177,29,1
0,p14178,100,1
0,p14179,1,74
0,p14180,1,41
0,p14181,64,53
0,p14182,1,2
0,p14183,1,75
0,p14184,45,26
0,p14185,42,1
0,p14186,70,45
0,p14187,1,60
0,p14188,14,77
0,p14189,21,37
0,p14190,78,1
0,p14191,40,19
0,p14192,28,1
0,p14193,86,83
0,p14194,43,1
0,p14195,71,1
0,p14196,23,1
0,p14197,43,100
0,p14198,72,1
0,p14199,24,50
0,p14200,76,1
0,p14201,96,60
0,p14202,32,1
0,p14203,1,80
0,p14204,42,1
0,p14205,99,1
0,p14206,56,1
0,p14207,48,30
0,p14208,1,77
0,p14209,21,40
0,p14210,53,84
0,p14211,3,1
0,p14212,41,1
0,p14213,36,1
0,p14214,1,24
0,p14215,22,28
0,p14216,1,99
0,p14217,81,1
0,p14218,27,84
0,p14219,87,20
0,p14220,90,40
0,p14221,87,69
0,p14222,53,3
0,p14223,1,10
0,p14224,1,17
0,p14225,73,74
0,p14226,48,46
0,p14227,1,42
0,p14228,42,1
0,p14229,100,1
0,p14230,33,40
0,p14231,16,1
0,p14232,14,1
0,p14233,1,90
0,p14234,69,1
0,p14235,16,58
0,p14236,80,46
0,p14237,55,84
0,p14238,28,1
0,p14239,1,12
0,p14240,98,1
0,p14241,74,63
0,p14242,9,38
0,p14243,79,1
0,p14244,1,26
0,p14245,1,54
0,p14246,76,1
0,p14247,1,33
0,p14248,7,1
0,p14249,55,1
0,p14250,62,95
0,p14251,45,1
0,p14252,1,5
0,p14253,15,1
0,p14254,1,77
0,p14255,1,87
0,p14256,1,59
0,p14257,1,97
0,p14258,1,5
0,p14259,14,43
0,p14260,73,71
0,p14261,63,6
0,p14262,22,1
0,p14263,8,1
0,p14264,1,90
0,p14265,1,9
0,p14266,92,50
0,p14267,1,20
0,p14268,1,3
0,p14269,53,1
0,p14270,4,51
0,p14271,22,71
0,p14272,1,68
0,p14273,4,54
0,p14274,28,1
0,p14275,1,60
0,p14276,1,9
0,p14277,42,60
0,p14278,48,5
0,p14279,14,95
0,p14280,3,1
0,p14281,77,1
0,p14282,16,30
0,p14283,55,1
0,p14284,1,65
0,p14285,21,79
0,p14286,21,55
0,p14287,1,37
0,p14288,96,1
0,p14289,3,1
0,p14290,1,26
0,p14291,1,45
0,p14292,21,81
0,p14293,20,1
0,p14294,21,1
0,p14295,100,3
0,p14296,3,31
0,p14297,68,1
0,p14298,3,1
0,p14299,82,1
0,p14300,57,1
0,p14301,62,1
0,p14302,1,84
0,p14303,25,84
0,p14304,68,42
0,p14305,1,56
0,p14306,9,42
0,p14307,76,46
0,p14308,1,6
0,p14309,31,1
0,p14310,1,48
0,p14311,1,80
0,p14312,31,12
0,p14313,1,63
0,p14314,32,1
0,p14315,1,5
0,p14316,1,85
0,p14317,84,1
0,p14318,81,1
0,p14319,80,40
0,p14320,1,64
0,p14321,15,3
0,p14322,47,1
0,p14323,1,40
0,p14324,27,1
0,p14325,23,1
0,p14326,1,21
0,p14327,1,44
0,p14328,75,22
0,p14329,70,71
0,p14330,92,1
0,p14331,57,1
0,p14332,1,31
0,p14333,1,84
0,p14334,69,8
0,p14335,1,55
0,p14336,69,1
0,p14337,59,47
0,p14338,1,17
0,p14339,43,1
0,p14340,47,1
0,p14341,1,98
0,p14342,10,65
0,p14343,70,1
0,p14344,72,24
0,p14345,1,38
0,p14346,56,1
0,p14347,47,1
0,p14348,1,91
0,p14349,86,92
0,p14350,1,32
0,p14351,53,1
0,p14352,44,53
0,p14353,1,56
0,p14354,21,1
0,p14355,94,45
0,p14356,1,67
0,p14357,1,66
0,p14358,1,52
0,p14359,24,14
0,p14360,90,1
0,p14361,1,36
0,p14362,34,1
0,p14363,83,1
0,p14364,21,73
0,p14365,1,88
0,p14366,1,22
0,p14367,19,1
0,p14368,1,82
0,p14369,86,63
0,p14370,82,38
0,p14371,90,1
0,p14372,43,1
0,p14373,13,15
0,p14374,53,1
0,p14375,5,1
0,p14376,46,30
0,p14377,18,1
0,p14378,1,58
0,p14379,1,77
0,p14380,94,1
0,p14381,2,1
0,p14382,1,19
0,p14383,27,63
0,p14384,50,1
0,p14385,37,1
0,p14386,84,93
0,p14387,53,71
0,p14388,51,1
0,p14389,34,1
0,p14390,71,23
0,p14391,21,28
0,p14392,90,1
0,p14393,1,25
0,p14394,97,1
0,p14395,90,1
0,p14396,65,15
0,p14397,1,29
0,p14398,18,36
0,p14399,1,96
0,p14400,1,52
0,p14401,3,1
0,p14402,98,41
0,p14403,33,43
0,p14404,37,1
0,p14405,54,1
0,p14406,1,41
0,p14407,1,80
0,p14408,72,1
0,p14409,1,25
0,p14410,63,1
0,p14411,92,99
0,p14412,93,1
0,p14413,1,35
0,p14414,8,19
0,p14415,1,86
0,p14416,1,57
0,p14417,54,1
0,p14418,72,1
0,p14419,1,64
0,p14420,1,17
0,p14421,93,1
0,p14422,79,3
0,p14423,1,13
0,p14424,95,1
0,p14425,22,41
0,p14426,1,6
0,p14427,51,1
0,p14428,80,1
0,p14429,42,1
0,p14430,1,7
0,p14431,1,69
0,p14432,31,1
0,p14433,27,1
0,p14434,1,50
0,p14435,1,96
0,p14436,20,68
0,p14437,58,1
0,p14438,25,80
0,p14439,80,1
0,p14440,41,1
0,p14441,1,44
0,p14442,68,41
0,p14443,1,55
0,p14444,1,36
0,p14445,63,95
0,p14446,44,38
0,p14447,1,26
0,p14448,67,1
0,p14449,1,68
0,p14450,1,35
0,p14451,79,43
0,p14452,42,1
0,p14453,32,28
0,p14454,39,1
0,p14455,1,46
0,p14456,17,1
0,p14457,1,33
0,p14458,25,1
0,p14459,1,83
0,p14460,7,47
0,p14461,14,26
0,p14462,87,1
0,p14463,91,1
0,p14464,66,1
0,p14465,12,62
0,p14466,82,1
0,p14467,57,1
0,p14468,77,1
0,p14469,1,28
0,p14470,53,82
0,p14471,51,96
0,p14472,19,1
0,p14473,49,1
0,p14474,55,11
0,p14475,55,97
0,p14476,76,73
0,p14477,1,70
0,p14478,1,86
0,p14479,1,84
0,p14480,86,1
0,p14481,5,82
0,p14482,79,95
0,p14483,50,1
0,p14484,1,77
0,p14485,23,88
0,p14486,1,15
0,p14487,47,49
0,p14488,22,1
0,p14489,96,1
0,p14490,39,9
0,p14491,56,87
0,p14492,1,50
0,p14493,82,1
0,p14494,12,1
0,p14495,55,79
0,p14496,11,69
0,p14497,1,34
0,p14498,1,88
0,p14499,68,100
0,p14500,33,95
0,p14501,51,38
0,p14502,1,34
0,p14503,77,46
0,p14504,8,1
0,p14505,19,1
0,p14506,1,25
0,p14507,27,1
0,p14508,30,85
0,p14509,96,1
0,p14510,1,27
0,p14511,1,48
0,p14512,69,82
0,p14513,30,1
0,p14514,83,60
0,p14515,23,90
0,p14516,1,100
0,p14517,1,85
0,p14518,1,37
0,p14519,65,63
0,p14520,1,19
0,p14521,1,5
0,p14522,34,1
0,p14523,77,86
0,p14524,63,1
0,p14525,6,1
0,p14526,42,1
0,p14527,98,1
0,p14528,72,1
0,p14529,71,84
0,p14530,1,42
0,p14531,87,4
0,p14532,49,97
0,p14533,89,1
0,p14534,44,10
0,p14535,1,94
0,p14536,53,87
0,p14537,39,1
0,p14538,1,61
0,p14539,98,57
0,p14540,79,6
0,p14541,1,13
0,p14542,19,1
0,p14543,1,10
0,p14544,30,51
0,p14545,1,50
0,p14546,1,51
0,p14547,1,58
0,p14548,18,19
0,p14549,17,1
0,p14550,7,1
0,p14551,78,35
0,p14552,39,7
0,p14553,83,1
0,p14554,28,77
0,p14555,93,15
0,p14556,1,83
0,p14557,40,1
0,p14558,37,1
0,p14559,1,55
0,p14560,86,49
0,p14561,1,42
0,p14562,86,1
0,p14563,1,50
0,p14564,86,1
0,p14565,96,54
0,p14566,9,1
0,p14567,58,1
0,p14568,85,2
0,p14569,33,1
0,p14570,5,1
0,p14571,52,84
0,p14572,10,34
0,p14573,25,1
0,p14574,19,1
0,p14575,1,11
0,p14576,5,1
0,p14577,1,28
0,p14578,1,76
0,p14579,14,97
0,p14580,1,10
0,p14581,10,1
0,p14582,1,18
0,p14583,1,22
0,p14584,1,40
0,p14585,1,7
0,p14586,45,91
0,p14587,69,1
0,p14588,100,43
0,p14589,1,67
0,p14590,34,1
0,p14591,100,1
0,p14592,15,1
0,p14593,97,7
0,p14594,59,30
0,p14595,83,1
0,p14596,35,1
0,p14597,94,60
0,p14598,35,1
0,p14599,1,74
0,p14600,99,54
0,p14601,48,96
0,p14602,1,34
0,p14603,15,1
0,p14604,87,1
0,p14605,31,1
0,p14606,12,1
0,p14607,37,40
0,p14608,1,9
0,p14609,87,1
0,p14610,1,11
0,p14611,34,1
0,p14612,95,1
0,p14613,21,1
0,p14614,1,89
0,p14615,1,16
0,p14616,11,12
0,p14617,1,19
0,p14618,1,6
0,p14619,1,42
0,p14620,25,1
0,p14621,50,1
0,p14622,1,60
0,p14623,1,88
0,p14624,47,1
0,p14625,1,69
0,p14626,1,57
0,p14627,1,70
0,p14628,42,85
0,p14629,25,1
0,p14630,1,9
0,p14631,1,44
0,p14632,60,25
0,p14633,89,1
0,p14634,1,25
0,p14635,13,20
0,p14636,52,57
0,p14637,89,36
0,p14638,70,53
0,p14639,76,16
0,p14640,83,1
0,p14641,99,1
0,p14642,84,1
0,p14643,99,14
0,p14644,1,46
0,p14645,55,52
0,p14646,1,76
0,p14647,95,1
0,p14648,41,51
0,p14649,46,1
0,p14650,79,38
0,p14651,1,9
0,p14652,4,7
0,p14653,1,89
0,p14654,82,33
0,p14655,44,50
0,p14656,1,72
0,p14657,82,29
0,p14658,88,1
0,p14659,1,64
0,p14660,57,1
0,p14661,1,24
0,p14662,4,89
0,p14663,1,82
0,p14664,49,1
0,p14665,46,65
0,p14666,56,1
0,p14667,26,1
0,p14668,1,6
0,p14669,1,74
0,p14670,44,21
0,p14671,42,95
0,p14672,14,8
0,p14673,1,66
0,p14674,21,1
0,p14675,31,1
0,p14676,33,65
0,p14677,13,94
0,p14678,1,37
0,p14679,77,17
0,p14680,58,60
0,p14681,50,1
0,p14682,1,21
0,p14683,96,1
0,p14684,1,31
0,p14685,2,1
0,p14686,15,97
0,p14687,92,2
0,p14688,1,69
0,p14689,72,1
0,p14690,34,30
0,p14691,5,34
0,p14692,1,94
0,p14693,96,1
0,p14694,10,78
0,p14695,31,4
0,p14696,10,64
0,p14697,5,1
0,p14698,6,42
0,p14699,11,1
0,p14700,1,90
0,p14701,1,93
0,p14702,1,90
0,p14703,18,64
0,p14704,49,92
0,p14705,63,1
0,p14706,58,1
0,p14707,1,20
0,p14708,10,74
0,p14709,38,1
0,p14710,19,7
0,p14711,41,1
0,p14712,12,1
0,p14713,51,1
0,p14714,45,90
0,p14715,95,53
0,p14716,78,1
0,p14717,64,77
0,p14718,82,15
0,p14719,30,59
0,p14720,77,87
0,p14721,20,1
0,p14722,52,1
0,p14723,8,70
0,p14724,1,53
0,p14725,57,11
0,p14726,1,13
0,p14727,1,15
0,p14728,26,1
0,p14729,3,57
0,p14730,1,74
0,p14731,56,28
0,p14732,1,42
0,p14733,50,78
0,p14734,1,4
0,p14735,29,1
0,p14736,1,46
0,p14737,97,1
0,p14738,1,49
0,p14739,73,38
0,p14740,1,61
0,p14741,1,37
0,p14742,31,82
0,p14743,76,1
0,p14744,30,50
0,p14745,52,1
0,p14746,1,20
0,p14747,66,22
0,p14748,76,1
0,p14749,62,19
0,p14750,55,29
0,p14751,82,97
0,p14752,1,17
0,p14753,1,23
0,p14754,75,1
0,p14755,1,76
0,p14756,1,94
0,p14757,74,1
0,p14758,55,1
0,p14759,95,100
0,p14760,1,64
0,p14761,59,33
0,p14762,22,1
0,p14763,1,8
0,p14764,70,65
0,p14765,52,1
0,p14766,1,55
0,p14767,91,68
0,p14768,25,42
0,p14769,1,41
0,p14770,1,62
0,p14771,14,97
0,p14772,44,75
0,p14773,94,1
0,p14774,6,49
0,p14775,46,15
0,p14776,66,29
0,p14777,30,16
0,p14778,88,1
0,p14779,19,1
0,p14780,76,36
0,p14781,71,1
0,p14782,26,1
0,p14783,43,5
0,p14784,7,1
0,p14785,1,46
0,p14786,73,1
0,p14787,25,42
0,p14788,1,9
0,p14789,96,31
0,p14790,10,1
0,p14791,72,63
0,p14792,7,34
0,p14793,1,75
0,p14794,1,92
0,p14795,1,17
0,p14796,79,40
0,p14797,1,41
0,p14798,1,73
0,p14799,13,1
0,p14800,50,96
0,p14801,1,14
0,p14802,22,1
0,p14803,1,32
0,p14804,37,1
0,p14805,90,73
0,p14806,67,1
0,p14807,88,1
0,p14808,44,1
0,p14809,23,90
0,p14810,29,1
0,p14811,1,53
0,p14812,80,1
0,p14813,42,46
0,p14814,3,1
0,p14815,20,1
0,p14816,36,95
0,p14817,75,53
0,p14818,68,1
0,p14819,79,1
0,p14820,1,83
0,p14821,30,1
0,p14822,61,1
0,p14823,72,14
0,p14824,93,12
0,p14825,23,54
0,p14826,23,1
0,p14827,99,1
0,p14828,1,28
0,p14829,62,1
0,p14830,55,61
0,p14831,65,1
0,p14832,42,1
0,p14833,1,82
0,p14834,1,88
0,p14835,19,5
0,p14836,1,90
0,p14837,1,95
0,p14838,1,42
0,p14839,1,49
0,p14840,88,74
0,p14841,1,37
0,p14842,97,35
0,p14843,1,84
0,p14844,1,6
0,p14845,51,1
0,p14846,95,1
0,p14847,77,28
0,p14848,1,77
0,p14849,56,10
0,p14850,1,47
0,p14851,32,1
0,p14852,1,68
0,p14853,1,6
0,p14854,1,66
0,p14855,54,1
0,p14856,1,18
0,p14857,1,40
0,p14858,11,1
0,p14859,66,63
0,p14860,17,1
0,p14861,75,91
0,p14862,1,13
0,p14863,76,29
0,p14864,46,1
0,p14865,56,1
0,p14866,72,15
0,p14867,59,1
0,p14868,76,88
0,p14869,43,3
0,p14870,56,13
0,p14871,11,1
0,p14872,6,64
0,p14873,53,2
0,p14874,21,61
0,p14875,17,39
0,p14876,13,1
0,p14877,71,1
0,p14878,1,56
0,p14879,1,42
0,p14880,1,90
0,p14881,78,1
0,p14882,1,46
0,p14883,1,25
0,p14884,48,83
0,p14885,92,74
0,p14886,1,38
0,p14887,37,16
0,p14888,1,96
0,p14889,1,89
0,p14890,1,24
0,p14891,30,91
0,p14892,64,77
0,p14893,24,21
0,p14894,71,1
0,p14895,1,75
0,p14896,81,1
0,p14897,42,21
0,p14898,50,1
0,p14899,1,78
0,p14900,60,62
0,p14901,74,88
0,p14902,1,52
0,p14903,100,1
0,p14904,58,51
0,p14905,69,1
0,p14906,8,38
0,p14907,79,1
0,p14908,22,1
0,p14909,81,25
0,p14910,74,1
0,p14911,1,17
0,p14912,71,51
0,p14913,76,1
0,p14914,72,1
0,p14915,99,1
0,p14916,4,49
0,p14917,1,60
0,p14918,62,1
0,p14919,80,1
0,p14920,1,51
0,p14921,86,1
0,p14922,12,1
0,p14923,1,48
0,p14924,10,5
0,p14925,40,57
0,p14926,8,87
0,p14927,58,71
0,p14928,54,1
0,p14929,1,75
0,p14930,84,73
0,p14931,81,1
0,p14932,1,65
0,p14933,27,16
0,p14934,40,3
0,p14935,1,85
0,p14936,1,4
0,p14937,67,1
0,p14938,93,1
0,p14939,26,34
0,p14940,53,1
0,p14941,27,14
0,p14942,37,1
0,p14943,1,84
0,p14944,1,65
0,p14945,86,1
0,p14946,37,31
0,p14947,37,6
0,p14948,1,83
0,p14949,1,41
0,p14950,90,1
0,p14951,64,21
0,p14952,1,83
0,p14953,1,35
0,p14954,88,1
0,p14955,1,17
0,p14956,80,16
0,p14957,57,1
0,p14958,90,45
0,p14959,86,49
0,p14960,1,85
0,p14961,1,36
0,p14962,40,1
0,p14963,95,59
0,p14964,1,57
0,p14965,1,88
0,p14966,18,1
0,p14967,1,93
0,p14968,35,47
0,p14969,8,100
0,p14970,1,41
0,p14971,49,72
0,p14972,1,79
0,p14973,1,95
0,p14974,85,100
0,p14975,33,26
0,p14976,32,1
0,p14977,16,1
0,p14978,1,97
0,p14979,54,36
0,p14980,100,58
0,p14981,1,19
0,p14982,1,78
0,p14983,1,42
0,p14984,25,26
0,p14985,85,50
0,p14986,15,1
0,p14987,1,91
0,p14988,71,83
0,p14989,18,1
0,p14990,57,96
0,p14991,54,1
0,p14992,89,1
0,p14993,25,87
0,p14994,81,20
0,p14995,29,1
0,p14996,100,49
0,p14997,1,29
0,p14998,69,1
0,p14999,1,15
0,p15000,68,100
0,p15001,1,62
0,p15002,1,24
0,p15003,1,56
0,p15004,6,1
0,p15005,96,1
0,p15006,1,25
0,p15007,95,1
0,p15008,81,17
0,p15009,91,1
0,p15010,58,63
0,p15011,1,93
0,p15012,1,13
0,p15013,10,1
0,p15014,83,31
0,p15015,31,92
0,p15016,39,1
0,p15017,1,92
0,p15018,72,22
0,p15019,1,69
0,p15020,23,1
0,p15021,87,22
0,p15022,1,81
0,p15023,16,1
0,p15024,42,37
0,p15025,1,39
0,p15026,35,1
0,p15027,1,49
0,p15028,37,1
0,p15029,94,21
0,p15030,66,15
0,p15031,75,1
0,p15032,1,4
0,p15033,19,92
0,p15034,1,56
0,p15035,74,1
0,p15036,75,10
0,p15037,95,30
0,p15038,91,1
0,p15039,3,1
0,p15040,1,21
0,p15041,31,1
0,p15042,1,7
0,p15043,1,47
0,p15044,100,1
0,p15045,54,1
0,p15046,54,17
0,p15047,1,85
0,p15048,1,83
0,p15049,14,1
0,p15050,1,87
0,p15051,3,1
0,p15052,1,6
0,p15053,1,51
0,p15054,1,92
0,p15055,1,37
0,p15056,12,73
0,p15057,1,79
0,p15058,1,2
0,p15059,41,1
0,p15060,1,78
0,p15061,59,69
0,p15062,52,1
0,p15063,12,94
0,p15064,24,1
0,p15065,61,1
0,p15066,95,1
0,p15067,1,88
0,p15068,1,71
0,p15069,89,18
0,p15070,40,49
0,p15071,83,70
0,p15072,4,54
0,p15073,1,53
0,p15074,6,27
0,p15075,50,1
0,p15076,99,6
0,p15077,1,49
0,p15078,34,1
0,p15079,52,1
0,p15080,86,24
0,p15081,63,99
0,p15082,47,46
0,p15083,7,1
0,p15084,45,1
0,p15085,47,48
0,p15086,86,1
0,p15087,47,39
0,p15088,48,1
0,p15089,1,2
0,p15090,13,1
0,p15091,1,79
0,p15092,9,21
0,p15093,45,6
0,p15094,91,31
0,p15095,1,95
0,p15096,26,1
0,p15097,39,1
0,p15098,93,21
0,p15099,1,59
0,p15100,1,92
0,p15101,1,98
0,p15102,1,49
0,p15103,1,38
0,p15104,60,38
0,p15105,70,84
0,p15106,1,21
0,p15107,1,77
0,p15108,1,46
0,p15109,1,32
0,p15110,78,3
0,p15111,51,45
0,p15112,19,1
0,p15113,1,97
0,p15114,27,1
0,p15115,87,51
0,p15116,35,2
0,p15117,80,3
0,p15118,1,37
0,p15119,1,49
0,p15120,98,44
0,p15121,10,70
0,p15122,1,39
0,p15123,12,1
0,p15124,36,1
0,p15125,32,42
0,p15126,1,98
0,p15127,31,1
0,p15128,1,99
0,p15129,13,40
0,p15130,32,1
0,p15131,1,75
0,p15132,23,10
0,p15133,46,1
0,p15134,59,1
0,p15135,77,1
0,p15136,1,67
0,p15137,38,1
0,p15138,24,21
0,p15139,1,86
0,p15140,85,29
0,p15141,87,75
0,p15142,76,1
0,p15143,1,68
0,p15144,70,80
0,p15145,92,67
0,p15146,80,1
0,p15147,17,1
0,p15148,15,1
0,p15149,63,1
0,p15150,66,1
0,p15151,66,1
0,p15152,1,49
0,p15153,40,1
0,p15154,28,1
0,p15155,1,82
0,p15156,45,1
0,p15157,62,90
0,p15158,51,88
0,p15159,12,32
0,p15160,8,51
0,p15161,2,19
0,p15162,57,69
0,p15163,29,1
0,p15164,1,17
0,p15165,11,1
0,p15166,1,6
0,p15167,49,16
0,p15168,97,1
0,p15169,63,34
0,p15170,67,1
0,p15171,6,46
0,p15172,68,1
0,p15173,32,1
0,p15174,33,1
0,p15175,1,21
0,p15176,1,7
0,p15177,20,76
0,p15178,46,1
0,p15179,77,60
0,p15180,73,66
0,p15181,3,11
0,p15182,80,1
0,p15183,1,99
0,p15184,55,6
0,p15185,40,1
0,p15186,36,1
0,p15187,1,86
0,p15188,66,91
0,p15189,86,1
0,p15190,1,88
0,p15191,82,1
0,p15192,1,88
0,p15193,16,1
0,p15194,80,1
0,p15195,1,70
0,p15196,77,1
0,p15197,18,1
0,p15198,12,63
0,p15199,1,15
0,p15200,85,97
0,p15201,13,74
0,p15202,38,1
0,p15203,85,38
0,p15204,21,83
0,p15205,63,1
0,p15206,5,50
0,p15207,40,61
0,p15208,2,1
0,p15209,65,95
0,p15210,1,48
0,p15211,1,15
0,p15212,1,79
0,p15213,81,65
0,p15214,78,51
0,p15215,1,10
0,p15216,1,99
0,p15217,17,1
0,p15218,1,9
0,p15219,59,1
0,p15220,70,1
0,p15221,1,24
0,p15222,1,57
0,p15223,81,1
0,p15224,73,85
0,p15225,14,1
0,p15226,52,1
0,p15227,1,64
0,p15228,5,1
0,p15229,26,74
0,p15230,1,4
0,p15231,1,12
0,p15232,41,1
0,p15233,52,1
0,p15234,7,1
0,p15235,76,1
0,p15236,1,61
0,p15237,75,44
0,p15238,1,59
0,p15239,53,1
0,p15240,60,10
0,p15241,61,76
0,p15242,67,1
0,p15243,27,1
0,p15244,71,29
0,p15245,83,1
0,p15246,1,95
0,p15247,56,1
0,p15248,84,50
0,p15249,87,1
0,p15250,65,80
0,p15251,89,1
0,p15252,1,96
0,p15253,19,1
0,p15254,84,6
0,p15255,11,1
0,p15256,61,1
0,p15257,88,7
0,p15258,16,76
0,p15259,6,92
0,p15260,72,1
0,p15261,14,89
0,p15262,22,71
0,p15263,23,80
0,p15264,6,14
0,p15265,38,70
0,p15266,1,71
0,p15267,1,3
0,p15268,79,1
0,p15269,1,17
0,p15270,11,1
0,p15271,67,7
0,p15272,1,37
0,p15273,1,5
0,p15274,17,66
0,p15275,1,20
0,p15276,1,48
0,p15277,55,80
0,p15278,69,94
0,p15279,1,89
0,p15280,11,64
0,p15281,18,57
0,p15282,58,1
0,p15283,43,1
0,p15284,20,19
0,p15285,43,1
0,p15286,1,45
0,p15287,1,5
0,p15288,83,66
0,p15289,1,100
0,p15290,80,78
0,p15291,1,50
0,p15292,1,5
0,p15293,22,1
0,p15294,1,90
0,p15295,96,1
0,p15296,1,92
0,p15297,53,99
0,p15298,1,15
0,p15299,1,24
0,p15300,98,1
0,p15301,88,1
0,p15302,1,13
0,p15303,73,1
0,p15304,1,7
0,p15305,62,1
0,p15306,74,19
0,p15307,75,1
0,p15308,26,1
0,p15309,1,71
0,p15310,1,23
0,p15311,1,72
0,p15312,1,54
0,p15313,50,67
0,p15314,96,26
0,p15315,44,1
0,p15316,87,37
0,p15317,64,17
0,p15318,47,1
0,p15319,24,1
0,p15320,97,99
0,p15321,2,1
0,p15322,57,1
0,p15323,81,37
0,p15324,1,96
0,p15325,62,1
0,p15326,15,14
0,p15327,42,61
0,p15328,1,27
0,p15329,93,38
0,p15330,1,59
0,p15331,92,1
0,p15332,28,61
0,p15333,99,1
0,p15334,37,1
0,p15335,4,1
0,p15336,1,93
0,p15337,93,1
0,p15338,35,1
0,p15339,97,1
0,p15340,46,6
0,p15341,53,1
0,p15342,28,1
0,p15343,1,33
0,p15344,50,1
0,p15345,1,46
0,p15346,52,23
0,p15347,16,1
0,p15348,1,28
0,p15349,48,83
0,p15350,17,93
0,p15351,1,10
0,p15352,95,1
0,p15353,1,41
0,p15354,1,26
0,p15355,87,1
0,p15356,61,1
0,p15357,76,1
0,p15358,1,81
0,p15359,10,1
0,p15360,45,1
0,p15361,93,14
0,p15362,47,76
0,p15363,50,14
0,p15364,1,13
0,p15365,72,1
0,p15366,1,80
0,p15367,72,1
0,p15368,43,1
0,p15369,1,79
0,p15370,71,86
0,p15371,75,1
0,p15372,19,1
0,p15373,65,48
0,p15374,4,1
0,p15375,97,1
0,p15376,30,7
0,p15377,76,81
0,p15378,62,1
0,p15379,88,1
0,p15380,17,1
0,p15381,1,72
0,p15382,1,33
0,p15383,75,1
0,p15384,1,62
0,p15385,59,1
0,p15386,96,61
0,p15387,1,86
0,p15388,15,1
0,p15389,2,1
0,p15390,36,86
0,p15391,1,79
0,p15392,1,46
0,p15393,92,1
0,p15394,45,16
0,p15395,19,57
0,p15396,38,58
0,p15397,1,75
0,p15398,1,16
0,p15399,16,28
0,p15400,86,1
0,p15401,53,1
0,p15402,1,13
0,p15403,75,1
0,p15404,1,96
0,p15405,100,1
0,p15406,6,2
0,p15407,60,92
0,p15408,3,22
0,p15409,1,41
0,p15410,89,1
0,p15411,1,14
0,p15412,1,35
0,p15413,43,1
0,p15414,48,51
0,p15415,1,75
0,p15416,27,1
0,p15417,97,27
0,p15418,33,1
0,p15419,87,26
0,p15420,36,100
0,p15421,1,89
0,p15422,96,1
0,p15423,4,22
0,p15424,1,88
0,p15425,1,28
0,p15426,43,73
0,p15427,1,96
0,p15428,1,87
0,p15429,42,1
0,p15430,55,11
0,p15431,47,59
0,p15432,1,25
0,p15433,60,1
0,p15434,83,9
0,p15435,16,1
0,p15436,45,78
0,p15437,18,85
0,p15438,1,16
0,p15439,67,11
0,p15440,25,69
0,p15441,1,78
0,p15442,20,27
0,p15443,1,85
0,p15444,2,1
0,p15445,1,4
0,p15446,80,61
0,p15447,34,1
0,p15448,56,91
0,p15449,23,4
0,p15450,26,9
0,p15451,1,13
0,p15452,93,68
0,p15453,79,1
0,p15454,1,38
0,p15455,37,32
0,p15456,1,31
0,p15457,29,77
0,p15458,57,49
0,p15459,1,26
0,p15460,72,1
0,p15461,40,56
0,p15462,77,14
0,p15463,1,35
0,p15464,1,73
0,p15465,1,49
0,p15466,73,21
0,p15467,71,1
0,p15468,1,2
0,p15469,8,1
0,p15470,36,35
0,p15471,1,78
0,p15472,16,88
0,p15473,59,60
0,p15474,12,1
0,p15475,1,39
0,p15476,2,1
0,p15477,64,1
0,p15478,56,79
0,p15479,1,65
0,p15480,21,1
0,p15481,21,66
0,p15482,92,60
0,p15483,9,90
0,p15484,1,43
0,p15485,1,94
0,p15486,1,29
0,p15487,68,84
0,p15488,1,55
0,p15489,93,8
0,p15490,21,1
0,p15491,26,1
0,p15492,1,97
0,p15493,64,1
0,p15494,1,100
0,p15495,1,54
0,p15496,18,74
0,p15497,1,16
0,p15498,47,58
0,p15499,71,1
0,p15500,70,92
0,p15501,1,47
0,p15502,1,74
0,p15503,1,33
0,p15504,1,99
0,p15505,75,1
0,p15506,24,1
0,p15507,97,1
0,p15508,29,1
0,p15509,93,75
0,p15510,1,14
0,p15511,32,1
0,p15512,23,13
0,p15513,1,25
0,p15514,1,4
0,p15515,99,1
0,p15516,66,27
0,p15517,1,79
0,p15518,1,62
0,p15519,62,1
0,p15520,82,10
0,p15521,60,1
0,p15522,1,23
0,p15523,10,23
0,p15524,53,1
0,p15525,5,48
0,p15526,24,1
0,p15527,14,5
0,p15528,90,1
0,p15529,72,65
0,p15530,80,1
0,p15531,76,66
0,p15532,1,51
0,p15533,1,21
0,p15534,90,39
0,p15535,92,42
0,p15536,1,74
0,p15537,16,73
0,p15538,26,1
0,p15539,1,2
0,p15540,39,66
0,p15541,22,67
0,p15542,42,1
0,p15543,37,79
0,p15544,1,99
0,p15545,1,59
0,p15546,66,1
0,p15547,1,95
0,p15548,96,92
0,p15549,1,37
0,p15550,1,93
0,p15551,1,95
0,p15552,1,47
0,p15553,95,37
0,p15554,1,67
0,p15555,1,69
0,p15556,79,11
0,p15557,1,24
0,p15558,1,60
0,p15559,61,69
0,p15560,70,1
0,p15561,79,1
0,p15562,68,91
0,p15563,1,96
0,p15564,68,1
0,p15565,17,100
0,p15566,77,1
0,p15567,38,79
0,p15568,1,38
0,p15569,52,35
0,p15570,73,1
0,p15571,64,1
0,p15572,1,63
0,p15573,4,1
0,p15574,81,100
0,p15575,65,62
0,p15576,48,62
0,p15577,1,38
0,p15578,85,95
0,p15579,12,61
0,p15580,1,49
0,p15581,30,1
0,p15582,1,90
0,p15583,91,11
0,p15584,59,36
0,p15585,1,62
0,p15586,9,1
0,p15587,18,1
0,p15588,71,2
0,p15589,70,20
0,p15590,43,66
0,p15591,73,1
0,p15592,1,53
0,p15593,1,69
0,p15594,11,1
0,p15595,1,92
0,p15596,1,59
0,p15597,71,1
0,p15598,95,27
0,p15599,92,81
0,p15600,73,1
0,p15601,37,1
0,p15602,45,57
0,p15603,74,1
0,p15604,1,95
0,p15605,1,11
0,p15606,39,1
0,p15607,1,68
0,p15608,1,23
0,p15609,94,39
0,p15610,38,34
0,p15611,49,41
0,p15612,1,64
0,p15613,21,89
0,p15614,17,29
0,p15615,1,100
0,p15616,1,66
0,p15617,91,55
0,p15618,1,24
0,p15619,19,27
0,p15620,9,1
0,p15621,23,84
0,p15622,59,1
0,p15623,86,1
0,p15624,1,53
0,p15625,37,72
0,p15626,34,63
0,p15627,8,1
0,p15628,1,25
0,p15629,78,42
0,p15630,52,1
0,p15631,78,79
0,p15632,13,54
0,p15633,33,44
0,p15634,63,31
0,p15635,100,33
0,p15636,67,1
0,p15637,34,1
0,p15638,50,19
0,p15639,82,1
0,p15640,1,99
0,p15641,98,87
0,p15642,1,22
0,p15643,84,82
0,p15644,1,90
0,p15645,83,1
0,p15646,95,1
0,p15647,91,1
0,p15648,1,47
0,p15649,55,1
0,p15650,2,1
0,p15651,21,1
0,p15652,1,12
0,p15653,32,1
0,p15654,72,95
0,p15655,33,1
0,p15656,26,76
0,p15657,29,79
0,p15658,73,1
0,p15659,31,1
0,p15660,1,47
0,p15661,70,28
0,p15662,34,1
0,p15663,23,1
0,p15664,9,1
0,p15665,81,1
0,p15666,1,3
0,p15667,46,1
0,p15668,1,13
0,p15669,11,1
0,p15670,89,16
0,p15671,64,25
0,p15672,59,69
0,p15673,1,42
0,p15674,1,73
0,p15675,38,1
0,p15676,1,80
0,p15677,4,37
0,p15678,1,37
0,p15679,59,80
0,p15680,1,43
0,p15681,18,1
0,p15682,23,1
0,p15683,21,23
0,p15684,99,1
0,p15685,27,1
0,p15686,51,68
0,p15687,1,81
0,p15688,1,23
0,p15689,14,1
0,p15690,60,16
0,p15691,76,77
0,p15692,75,1
0,p15693,79,1
0,p15694,30,54
0,p15695,75,1
0,p15696,24,65
0,p15697,9,1
0,p15698,88,1
0,p15699,54,1
0,p15700,1,18
0,p15701,94,1
0,p15702,1,44
0,p15703,10,23
0,p15704,87,1
0,p15705,65,1
0,p15706,1,42
0,p15707,1,4
0,p15708,92,14
0,p15709,80,76
0,p15710,1,29
0,p15711,1,33
0,p15712,1,87
0,p15713,49,72
0,p15714,1,38
0,p15715,84,94
0,p15716,88,1
0,p15717,91,43
0,p15718,1,37
0,p15719,1,46
0,p15720,46,40
0,p15721,79,1
0,p15722,1,80
0,p15723,1,74
0,p15724,1,2
0,p15725,1,53
0,p15726,1,18
0,p15727,21,1
0,p15728,58,1
0,p15729,27,20
0,p15730,1,35
0,p15731,1,5
0,p15732,26,1
0,p15733,54,34
0,p15734,49,1
0,p15735,27,89
0,p15736,4,1
0,p15737,69,1
0,p15738,72,1
0,p15739,88,1
0,p15740,36,1
0,p15741,1,30
0,p15742,52,1
0,p15743,71,1
0,p15744,1,30
0,p15745,36,24
0,p15746,1,53
0,p15747,53,73
0,p15748,1,47
0,p15749,1,13
0,p15750,11,92
0,p15751,55,6
0,p15752,38,64
0,p15753,1,43
0,p15754,1,6
0,p15755,1,18
0,p15756,1,54
0,p15757,43,1
0,p15758,1,83
0,p15759,1,100
0,p15760,79,1
0,p15761,1,81
0,p15762,93,33
0,p15763,1,3
0,p15764,1,37
0,p15765,79,4
0,p15766,79,1
0,p15767,1,45
0,p15768,29,43
0,p15769,58,1
0,p15770,1,98
0,p15771,1,66
0,p15772,35,1
0,p15773,22,95
0,p15774,15,100
0,p15775,1,16
0,p15776,1,18
0,p15777,26,1
0,p15778,7,72
0,p15779,1,94
0,p15780,1,92
0,p15781,48,100
0,p15782,1,54
0,p15783,1,27
0,p15784,1,49
0,p15785,5,42
0,p15786,79,46
0,p15787,1,65
0,p15788,45,66
0,p15789,1,6
0,p15790,52,1
0,p15791,28,78
0,p15792,1,31
0,p15793,1,57
0,p15794,1,2
0,p15795,1,100
0,p15796,21,1
0,p15797,77,39
0,p15798,1,11
0,p15799,46,11
0,p15800,24,98
0,p15801,35,42
0,p15802,51,1
0,p15803,1,24
0,p15804,19,1
0,p15805,99,1
0,p15806,34,1
0,p15807,80,38
0,p15808,15,1
0,p15809,1,45
0,p15810,43,7
0,p15811,1,34
0,p15812,51,68
0,p15813,81,86
0,p15814,16,50
0,p15815,64,99
0,p15816,1,83
0,p15817,1,18
0,p15818,1,35
0,p15819,15,1
0,p15820,97,26
0,p15821,1,12
0,p15822,63,92
0,p15823,52,1
0,p15824,1,12
0,p15825,76,35
0,p15826,85,11
0,p15827,38,17
0,p15828,72,41
0,p15829,58,89
0,p15830,76,7
0,p15831,27,1
0,p15832,8,1
0,p15833,1,12
0,p15834,1,97
0,p15835,1,95
0,p15836,1,89
0,p15837,59,1
0,p15838,1,34
0,p15839,61,2
0,p15840,66,1
0,p15841,58,28
0,p15842,93,21
0,p15843,100,1
0,p15844,93,1
0,p15845,59,81
0,p15846,45,1
0,p15847,43,1
0,p15848,1,58
0,p15849,5,61
0,p15850,73,85
0,p15851,9,52
0,p15852,1,83
0,p15853,7,1
0,p15854,1,100
0,p15855,1,59
0,p15856,57,1
0,p15857,37,25
0,p15858,5,90
0,p15859,92,40
0,p15860,1,25
0,p15861,1,28
0,p15862,1,89
0,p15863,13,1
0,p15864,1,79
0,p15865,24,1
0,p15866,83,57
0,p15867,1,83
0,p15868,21,50
0,p15869,43,9
0,p15870,1,44
0,p15871,67,1
0,p15872,85,95
0,p15873,78,1
0,p15874,56,1
0,p15875,33,95
0,p15876,14,1
0,p15877,55,1
0,p15878,62,1
0,p15879,98,82
0,p15880,1,78
0,p15881,92,84
0,p15882,1,60
0,p15883,35,91
0,p15884,58,1
0,p15885,1,27
0,p15886,1,97
0,p15887,7,1
0,p15888,8,1
0,p15889,27,1
0,p15890,67,1
0,p15891,45,1
0,p15892,1,39
0,p15893,1,91
0,p15894,85,97
0,p15895,1,44
0,p15896,1,93
0,p15897,83,4
0,p15898,93,18
0,p15899,89,1
0,p15900,40,24
0,p15901,1,46
0,p15902,69,53
0,p15903,1,31
0,p15904,7,1
0,p15905,76,12
0,p15906,63,1
0,p15907,32,1
0,p15908,67,1
0,p15909,34,1
0,p15910,1,72
0,p15911,18,1
0,p15912,78,51
0,p15913,1,80
0,p15914,62,99
0,p15915,92,78
0,p15916,83,9
0,p15917,15,43
0,p15918,92,79
0,p15919,22,74
0,p15920,90,1
0,p15921,1,19
0,p15922,63,1
0,p15923,1,59
0,p15924,91,1
0,p15925,1,44
0,p15926,77,1
0,p15927,16,29
0,p15928,1,19
0,p15929,54,1
0,p15930,37,1
0,p15931,1,63
0,p15932,48,1
0,p15933,1,41
0,p15934,1,89
0,p15935,75,95
0,p15936,5,1
0,p15937,1,87
0,p15938,1,94
0,p15939,48,41
0,p15940,40,1
0,p15941,1,39
0,p15942,79,1
0,p15943,65,31
0,p15944,70,59
0,p15945,82,94
0,p15946,1,56
0,p15947,1,67
0,p15948,43,1
0,p15949,30,1
0,p15950,1,27
0,p15951,48,45
0,p15952,98,1
0,p15953,55,1
0,p15954,1,37
0,p15955,1,53
0,p15956,42,77
0,p15957,77,1
0,p15958,1,26
0,p15959,90,20
0,p15960,1,48
0,p15961,35,99
0,p15962,1,47
0,p15963,84,1
0,p15964,12,10
0,p15965,1,97
0,p15966,31,22
0,p15967,51,19
0,p15968,47,73
0,p15969,1,29
0,p15970,1,78
0,p15971,1,65
0,p15972,16,5
0,p15973,76,97
0,p15974,9,35
0,p15975,6,1
0,p15976,1,98
0,p15977,1,63
0,p15978,23,69
0,p15979,5,1
0,p15980,30,73
0,p15981,85,1
0,p15982,51,71
0,p15983,51,1
0,p15984,5,32
0,p15985,79,21
0,p15986,95,98
0,p15987,77,78
0,p15988,52,31
0,p15989,16,1
0,p15990,1,40
0,p15991,1,20
0,p15992,1,82
0,p15993,40,61
0,p15994,1,67
0,p15995,78,1
0,p15996,13,44
0,p15997,10,1
0,p15998,45,40
0,p15999,29,1
0,p16000,64,1
0,p16001,76,25
0,p16002,2,62
0,p16003,1,12
0,p16004,91,62
0,p16005,99,1
0,p16006,6,1
0,p16007,1,99
0,p16008,1,35
0,p16009,1,26
0,p16010,1,85
0,p16011,22,4
0,p16012,1,87
0,p16013,94,1
0,p16014,51,46
0,p16015,16,1
0,p16016,52,93
0,p16017,62,95
0,p16018,57,1
0,p16019,50,77
0,p16020,56,17
0,p16021,1,41
0,p16022,16,55
0,p16023,3,1
0,p16024,96,21
0,p16025,48,1
0,p16026,1,3
0,p16027,1,45
0,p16028,1,36
0,p16029,47,6
0,p16030,1,86
0,p16031,34,16
0,p16032,90,1
0,p16033,70,29
0,p16034,1,81
0,p16035,1,53
0,p16036,1,32
0,p16037,47,1
0,p16038,52,1
0,p16039,1,29
0,p16040,27,65
0,p16041,1,39
0,p16042,1,5
0,p16043,29,72
0,p16044,79,1
0,p16045,39,63
0,p16046,37,1
0,p16047,98,1
0,p16048,49,75
0,p16049,34,1
0,p16050,95,40
0,p16051,33,1
0,p16052,41,1
0,p16053,1,14
0,p16054,22,23
0,p16055,13,8
0,p16056,6,74
0,p16057,1,86
0,p16058,75,1
0,p16059,30,1
0,p16060,1,56
0,p16061,45,62
0,p16062,71,61
0,p16063,1,12
0,p16064,25,1
0,p16065,1,64
0,p16066,47,1
0,p16067,1,65
0,p16068,1,29
0,p16069,84,76
0,p16070,29,1
0,p16071,1,19
0,p16072,45,88
0,p16073,93,32
0,p16074,32,1
0,p16075,1,56
0,p16076,74,83
0,p16077,1,4
0,p16078,1,32
0,p16079,79,1
0,p16080,1,46
0,p16081,48,1
0,p16082,1,9
0,p16083,73,1
0,p16084,1,72
0,p16085,20,1
0,p16086,65,1
0,p16087,96,8
0,p16088,1,55
0,p16089,42,1
0,p16090,33,1
0,p16091,75,65
0,p16092,78,72
0,p16093,1,68
0,p16094,88,1
0,p16095,1,70
0,p16096,7,1
0,p16097,7,1
0,p16098,41,65
0,p16099,1,57
0,p16100,32,58
0,p16101,27,61
0,p16102,89,1
0,p16103,47,30
0,p16104,6,1
0,p16105,1,37
0,p16106,1,22
0,p16107,1,92
0,p16108,1,98
0,p16109,1,26
0,p16110,1,13
0,p16111,1,32
0,p16112,5,69
0,p16113,92,1
0,p16114,14,84
0,p16115,64,1
0,p16116,50,46
0,p16117,37,84
0,p16118,1,23
0,p16119,27,10
0,p16120,45,1
0,p16121,1,2
0,p16122,23,1
0,p16123,50,16
0,p16124,23,56
0,p16125,1,22
0,p16126,76,91
0,p16127,81,1
0,p16128,1,84
0,p16129,66,3
0,p16130,37,1
0,p16131,3,1
0,p16132,80,1
0,p16133,1,20
0,p16134,54,1
0,p16135,5,1
0,p16136,1,97
0,p16137,1,92
0,p16138,25,1
0,p16139,1,59
0,p16140,13,1
0,p16141,93,1
0,p16142,70,91
0,p16143,92,10
0,p16144,1,70
0,p16145,29,1
0,p16146,1,71
0,p16147,1,90
0,p16148,1,11
0,p16149,88,86
0,p16150,13,1
0,p16151,55,1
0,p16152,85,1
0,p16153,56,28
0,p16154,1,84
0,p16155,90,74
0,p16156,47,89
0,p16157,93,97
0,p16158,24,36
0,p16159,1,36
0,p16160,59,1
0,p16161,48,1
0,p16162,14,1
0,p16163,62,70
0,p16164,64,1
0,p16165,38,1
0,p16166,94,60
0,p16167,68,1
0,p16168,22,1
0,p16169,1,18
0,p16170,19,89
0,p16171,1,69
0,p16172,86,13
0,p16173,6,1
0,p16174,1,100
0,p16175,5,1
0,p16176,77,1
0,p16177,1,67
0,p16178,37,1
0,p16179,1,96
0,p16180,1,9
0,p16181,1,24
0,p16182,1,19
0,p16183,1,35
0,p16184,1,82
0,p16185,76,1
0,p16186,17,1
0,p16187,1,34
0,p16188,1,37
0,p16189,51,1
0,p16190,1,30
0,p16191,56,24
0,p16192,96,1
0,p16193,6,44
0,p16194,1,73
0,p16195,1,52
0,p16196,36,1
0,p16197,1,94
0,p16198,1,53
0,p16199,56,1
0,p16200,49,48
0,p16201,1,16
0,p16202,30,18
0,p16203,8,1
0,p16204,5,1
0,p16205,82,30
0,p16206,24,1
0,p16207,9,25
0,p16208,1,98
0,p16209,83,39
0,p16210,1,92
0,p16211,57,1
0,p16212,30,1
0,p16213,1,89
0,p16214,89,67
0,p16215,1,76
0,p16216,52,1
0,p16217,34,84
0,p16218,91,44
0,p16219,55,93
0,p16220,1,33
0,p16221,1,20
0,p16222,44,39
0,p16223,1,42
0,p16224,66,1
0,p16225,51,1
0,p16226,1,94
0,p16227,7,100
0,p16228,79,1
0,p16229,9,1
0,p16230,99,1
0,p16231,52,46
0,p16232,70,1
0,p16233,1,95
0,p16234,28,1
0,p16235,56,1
0,p16236,1,73
0,p16237,7,60
0,p16238,1,99
0,p16239,19,1
0,p16240,100,1
0,p16241,26,51
0,p16242,93,64
0,p16243,93,1
0,p16244,20,1
0,p16245,1,87
0,p16246,52,1
0,p16247,54,1
0,p16248,80,87
0,p16249,90,1
0,p16250,64,21
0,p16251,34,1
0,p16252,44,1
0,p16253,1,37
0,p16254,1,17
0,p16255,1,76
0,p16256,48,47
0,p16257,1,35
0,p16258,44,67
0,p16259,1,10
0,p16260,40,68
0,p16261,91,4
0,p16262,1,71
0,p16263,67,79
0,p16264,1,4
0,p16265,30,11
0,p16266,56,1
0,p16267,1,87
0,p16268,96,1
0,p16269,58,1
0,p16270,1,82
0,p16271,4,36
0,p16272,58,37
0,p16273,54,1
0,p16274,1,40
0,p16275,23,1
0,p16276,9,14
0,p16277,86,1
0,p16278,1,76
0,p16279,83,61
0,p16280,34,1
0,p16281,1,29
0,p16282,81,59
0,p16283,85,1
0,p16284,42,1
0,p16285,17,37
0,p16286,96,77
0,p16287,1,20
0,p16288,76,1
0,p16289,24,75
0,p16290,68,1
0,p16291,62,1
0,p16292,1,89
0,p16293,1,87
0,p16294,1,29
0,p16295,51,1
0,p16296,4,96
0,p16297,30,52
0,p16298,51,73
0,p16299,69,14
0,p16300,27,1
0,p16301,25,26
0,p16302,79,2
0,p16303,17,84
0,p16304,1,63
0,p16305,1,45
0,p16306,47,1
0,p16307,1,79
0,p16308,94,1
0,p16309,1,81
0,p16310,1,24
0,p16311,76,34
0,p16312,27,1
0,p16313,23,1
0,p16314,17,1
0,p16315,33,1
0,p16316,1,17
0,p16317,23,58
0,p16318,92,40
0,p16319,1,84
0,p16320,57,1
0,p16321,88,1
0,p16322,100,25
0,p16323,1,60
0,p16324,3,60
0,p16325,81,1
0,p16326,1,99
0,p16327,11,1
0,p16328,1,57
0,p16329,98,92
0,p16330,98,1
0,p16331,31,63
0,p16332,10,1
0,p16333,60,1
0,p16334,1,21
0,p16335,88,1
0,p16336,86,1
0,p16337,41,1
0,p16338,1,26
0,p16339,87,1
0,p16340,21,52
0,p16341,2,14
0,p16342,1,74
0,p16343,74,92
0,p16344,35,1
0,p16345,87,1
0,p16346,76,75
0,p16347,1,81
0,p16348,50,1
0,p16349,43,1
0,p16350,63,1
0,p16351,55,1
0,p16352,1,92
0,p16353,1,56
0,p16354,69,76
0,p16355,1,85
0,p16356,32,1
0,p16357,1,83
0,p16358,1,61
0,p16359,1,10
0,p16360,49,27
0,p16361,22,1
0,p16362,1,72
0,p16363,18,74
0,p16364,1,55
0,p16365,27,1
0,p16366,64,1
0,p16367,41,88
0,p16368,33,37
0,p16369,10,1
0,p16370,1,69
0,p16371,1,91
0,p16372,12,93
0,p16373,76,98
0,p16374,58,1
0,p16375,1,48
0,p16376,93,1
0,p16377,48,1
0,p16378,97,57
0,p16379,70,10
0,p16380,79,1
0,p16381,1,84
0,p16382,63,84
0,p16383,50,30
0,p16384,1,15
0,p16385,1,28
0,p16386,17,1
0,p16387,1,48
0,p16388,73,17
0,p16389,36,23
0,p16390,1,66
0,p16391,6,1
0,p16392,83,1
0,p16393,20,1
0,p16394,1,67
0,p16395,21,23
0,p16396,5,33
0,p16397,1,88
0,p16398,10,1
0,p16399,1,53
0,p16400,1,98
0,p16401,1,31
0,p16402,83,1
0,p16403,48,13
0,p16404,1,4
0,p16405,68,1
0,p16406,1,39
0,p16407,1,40
0,p16408,1,22
0,p16409,51,1
0,p16410,96,1
0,p16411,9,95
0,p16412,20,19
0,p16413,85,47
0,p16414,96,1
0,p16415,71,20
0,p16416,1,6
0,p16417,1,87
0,p16418,58,22
0,p16419,1,98
0,p16420,79,85
0,p16421,21,31
0,p16422,79,1
0,p16423,57,1
0,p16424,1,100
0,p16425,1,78
0,p16426,35,54
0,p16427,33,13
0,p16428,26,77
0,p16429,3,18
0,p16430,1,19
0,p16431,1,16
0,p16432,1,48
0,p16433,1,90
0,p16434,25,87
0,p16435,85,62
0,p16436,1,37
0,p16437,71,1
0,p16438,95,83
0,p16439,11,1
0,p16440,51,1
0,p16441,1,73
0,p16442,10,48
0,p16443,47,1
0,p16444,2,1
0,p16445,75,18
0,p16446,8,30
0,p16447,90,1
0,p16448,48,67
0,p16449,40,1
0,p16450,81,58
0,p16451,59,62
0,p16452,1,72
0,p16453,1,91
0,p16454,93,15
0,p16455,84,69
0,p16456,1,58
0,p16457,48,1
0,p16458,1,94
0,p16459,1,95
0,p16460,8,51
0,p16461,100,62
0,p16462,1,44
0,p16463,2,50
0,p16464,64,1
0,p16465,1,90
0,p16466,93,1
0,p16467,57,7
0,p16468,1,53
0,p16469,17,87
0,p16470,7,1
0,p16471,43,1
0,p16472,1,90
0,p16473,1,61
0,p16474,4,85
0,p16475,1,42
0,p16476,1,53
0,p16477,39,74
0,p16478,1,98
0,p16479,30,52
0,p16480,72,1
0,p16481,19,1
0,p16482,33,1
0,p16483,6,1
0,p16484,82,1
0,p16485,25,1
0,p16486,24,1
0,p16487,94,78
0,p16488,1,26
0,p16489,50,1
0,p16490,92,46
0,p16491,71,1
0,p16492,6,1
0,p16493,1,34
0,p16494,1,17
0,p16495,42,1
0,p16496,1,82
0,p16497,11,1
0,p16498,99,1
0,p16499,64,89
0,p16500,78,1
0,p16501,7,1
0,p16502,100,92
0,p16503,6,19
0,p16504,88,1
0,p16505,1,21
0,p16506,1,28
0,p16507,1,86
0,p16508,52,84
0,p16509,1,91
0,p16510,93,1
0,p16511,1,82
0,p16512,1,21
0,p16513,59,1
0,p16514,1,23
0,p16515,92,1
0,p16516,88,1
0,p16517,54,82
0,p16518,99,1
0,p16519,1,20
0,p16520,89,33
0,p16521,85,38
0,p16522,80,61
0,p16523,1,27
0,p16524,1,25
0,p16525,1,50
0,p16526,1,76
0,p16527,95,1
0,p16528,1,55
0,p16529,56,21
0,p16530,53,1
0,p16531,1,69
0,p16532,58,1
0,p16533,1,42
0,p16534,10,22
0,p16535,82,34
0,p16536,1,34
0,p16537,97,1
0,p16538,1,37
0,p16539,1,27
0,p16540,100,1
0,p16541,95,1
0,p16542,30,1
0,p16543,1,26
0,p16544,31,41
0,p16545,49,1
0,p16546,8,15
0,p16547,1,67
0,p16548,57,1
0,p16549,98,1
0,p16550,1,82
0,p16551,61,1
0,p16552,20,74
0,p16553,6,85
0,p16554,58,1
0,p16555,1,84
0,p16556,1,32
0,p16557,1,19
0,p16558,1,15
0,p16559,58,30
0,p16560,2,33
0,p16561,87,1
0,p16562,1,24
0,p16563,1,14
0,p16564,55,80
0,p16565,1,75
0,p16566,31,23
0,p16567,39,1
0,p16568,1,45
0,p16569,51,1
0,p16570,1,45
0,p16571,32,5
0,p16572,1,64
0,p16573,1,38
0,p16574,19,1
0,p16575,1,100
0,p16576,87,17
0,p16577,1,2
0,p16578,13,1
0,p16579,95,1
0,p16580,64,4
0,p16581,69,1
0,p16582,1,61
0,p16583,8,66
0,p16584,48,74
0,p16585,1,17
0,p16586,1,37
0,p16587,1,17
0,p16588,93,1
0,p16589,1,40
0,p16590,44,1
0,p16591,41,75
0,p16592,1,34
0,p16593,80,1
0,p16594,1,6
0,p16595,4,43
0,p16596,1,83
0,p16597,1,61
0,p16598,89,15
0,p16599,36,1
0,p16600,1,25
0,p16601,42,66
0,p16602,14,33
0,p16603,1,98
0,p16604,68,1
0,p16605,15,62
0,p16606,3,36
0,p16607,1,36
0,p16608,1,50
0,p16609,69,5
0,p16610,29,35
0,p16611,26,54
0,p16612,1,71
0,p16613,1,19
0,p16614,1,82
0,p16615,1,45
0,p16616,89,1
0,p16617,55,1
0,p16618,1,61
0,p16619,39,19
0,p16620,1,92
0,p16621,67,77
0,p16622,63,32
0,p16623,21,1
0,p16624,16,63
0,p16625,38,1
0,p16626,67,83
0,p16627,86,1
0,p16628,17,1
0,p16629,31,1
0,p16630,73,1
0,p16631,20,1
0,p16632,30,68
0,p16633,4,1
0,p16634,31,47
0,p16635,82,1
0,p16636,25,14
0,p16637,4,1
0,p16638,41,28
0,p16639,1,11
0,p16640,1,63
0,p16641,32,18
0,p16642,20,1
0,p16643,44,1
0,p16644,97,1
0,p16645,64,1
0,p16646,1,13
0,p16647,84,96
0,p16648,1,10
0,p16649,74,1
0,p16650,94,1
0,p16651,1,33
0,p16652,48,18
0,p16653,52,1
0,p16654,6,100
0,p16655,80,68
0,p16656,1,79
0,p16657,54,70
0,p16658,1,90
0,p16659,7,100
0,p16660,46,2
0,p16661,66,72
0,p16662,1,36
0,p16663,80,1
0,p16664,62,38
0,p16665,90,21
0,p16666,1,92
0,p16667,59,2
0,p16668,47,31
0,p16669,1,75
0,p16670,1,70
0,p16671,66,1
0,p16672,60,1
0,p16673,100,1
0,p16674,10,79
0,p16675,32,1
0,p16676,1,9
0,p16677,1,6
0,p16678,1,13
0,p16679,5,1
0,p16680,73,1
0,p16681,1,34
0,p16682,88,1
0,p16683,71,1
0,p16684,1,94
0,p16685,96,1
0,p16686,82,1
0,p16687,1,44
0,p16688,1,25
0,p16689,1,28
0,p16690,92,47
0,p16691,20,1
0,p16692,77,1
0,p16693,1,78
0,p16694,54,100
0,p16695,78,1
0,p16696,97,1
0,p16697,15,1
0,p16698,1,58
0,p16699,85,63
0,p16700,1,54
0,p16701,71,1
0,p16702,32,69
0,p16703,1,92
0,p16704,1,38
0,p16705,64,34
0,p16706,4,86
0,p16707,9,1
0,p16708,53,75
0,p16709,97,1
0,p16710,53,94
0,p16711,36,89
0,p16712,1,35
0,p16713,1,59
0,p16714,1,36
0,p16715,75,1
0,p16716,95,4
0,p16717,83,1
0,p16718,32,49
0,p16719,68,1
0,p16720,64,1
0,p16721,14,51
0,p16722,39,1
0,p16723,15,58
0,p16724,18,72
0,p16725,1,16
0,p16726,1,57
0,p16727,1,55
0,p16728,9,1
0,p16729,100,1
0,p16730,1,53
0,p16731,31,1
0,p16732,22,1
0,p16733,1,76
0,p16734,94,1
0,p16735,39,1
0,p16736,1,27
0,p16737,93,1
0,p16738,1,14
0,p16739,13,1
0,p16740,1,10
0,p16741,43,33
0,p16742,1,15
0,p16743,76,1
0,p16744,69,1
0,p16745,1,5
0,p16746,79,1
0,p16747,8,1
0,p16748,75,1
0,p16749,81,1
0,p16750,74,98
0,p16751,1,40
0,p16752,1,64
0,p16753,95,1
0,p16754,25,40
0,p16755,1,75
0,p16756,15,6
0,p16757,1,63
0,p16758,68,1
0,p16759,1,83
0,p16760,16,92
0,p16761,28,4
0,p16762,71,19
0,p16763,72,42
0,p16764,69,9
0,p16765,8,20
0,p16766,1,91
0,p16767,1,40
0,p16768,17,43
0,p16769,58,1
0,p16770,2,17
0,p16771,79,1
0,p16772,71,1
0,p16773,4,8
0,p16774,32,50
0,p16775,84,1
0,p16776,1,91
0,p16777,73,72
0,p16778,98,87
0,p16779,15,68
0,p16780,1,13
0,p16781,57,36
0,p16782,1,97
0,p16783,77,1
0,p16784,1,4
0,p16785,96,1
0,p16786,4,5
0,p16787,90,1
0,p16788,2,1
0,p16789,36,47
0,p16790,40,49
0,p16791,4,56
0,p16792,36,70
0,p16793,94,1
0,p16794,1,17
0,p16795,1,13
0,p16796,85,65
0,p16797,1,44
0,p16798,1,92
0,p16799,52,38
0,p16800,1,58
0,p16801,29,1
0,p16802,17,1
0,p16803,31,16
0,p16804,26,1
0,p16805,75,1
0,p16806,1,16
0,p16807,11,1
0,p16808,7,1
0,p16809,95,1
0,p16810,1,75
0,p16811,11,3
0,p16812,6,8
0,p16813,96,1
0,p16814,21,57
0,p16815,31,1
0,p16816,1,49
0,p16817,81,41
0,p16818,88,1
0,p16819,1,39
0,p16820,1,17
0,p16821,71,33
0,p16822,65,14
0,p16823,21,1
0,p16824,46,1
0,p16825,95,1
0,p16826,88,94
0,p16827,5,2
0,p16828,1,28
0,p16829,40,37
0,p16830,82,15
0,p16831,20,40
0,p16832,99,19
0,p16833,28,1
0,p16834,17,1
0,p16835,98,8
0,p16836,52,1
0,p16837,52,4
0,p16838,1,49
0,p16839,72,25
0,p16840,1,11
0,p16841,1,44
0,p16842,72,1
0,p16843,1,66
0,p16844,24,90
0,p16845,1,85
0,p16846,93,1
0,p16847,49,59
0,p16848,36,48
0,p16849,1,36
0,p16850,1,50
0,p16851,1,55
0,p16852,1,48
0,p16853,1,24
0,p16854,1,44
0,p16855,12,48
0,p16856,16,1
0,p16857,82,1
0,p16858,70,1
0,p16859,12,2
0,p16860,66,1
0,p16861,1,94
0,p16862,45,80
0,p16863,35,14
0,p16864,1,23
0,p16865,94,1
0,p16866,90,1
0,p16867,1,85
0,p16868,1,71
0,p16869,1,75
0,p16870,47,1
0,p16871,97,85
0,p16872,71,18
0,p16873,65,1
0,p16874,21,1
0,p16875,44,58
0,p16876,79,53
0,p16877,83,1
0,p16878,93,45
0,p16879,64,99
0,p16880,67,70
0,p16881,1,20
0,p16882,85,53
0,p16883,1,84
0,p16884,1,13
0,p16885,82,1
0,p16886,1,65
0,p16887,1,7
0,p16888,42,22
0,p16889,57,48
0,p16890,88,1
0,p16891,23,1
0,p16892,12,1
0,p16893,60,1
0,p16894,1,77
0,p16895,26,4
0,p16896,70,1
0,p16897,1,89
0,p16898,9,1
0,p16899,53,1
0,p16900,1,72
0,p16901,1,75
0,p16902,1,56
0,p16903,76,1
0,p16904,1,37
0,p16905,18,1
0,p16906,47,76
0,p16907,1,31
0,p16908,1,5
0,p16909,45,1
0,p16910,16,1
0,p16911,51,1
0,p16912,1,56
0,p16913,86,60
0,p16914,84,1
0,p16915,37,1
0,p16916,30,41
0,p16917,51,1
0,p16918,57,1
0,p16919,90,83
0,p16920,91,1
0,p16921,95,85
0,p16922,1,25
0,p16923,20,1
0,p16924,1,31
0,p16925,54,1
0,p16926,1,42
0,p16927,86,1
0,p16928,13,48
0,p16929,1,84
0,p16930,5,1
0,p16931,1,93
0,p16932,52,1
0,p16933,64,1
0,p16934,1,94
0,p16935,32,1
0,p16936,32,1
0,p16937,48,44
0,p16938,44,69
0,p16939,79,1
0,p16940,1,93
0,p16941,18,89
0,p16942,99,29
0,p16943,72,1
0,p16944,67,1
0,p16945,70,20
0,p16946,30,22
0,p16947,54,1
0,p16948,1,40
0,p16949,66,7
0,p16950,88,1
0,p16951,69,1
0,p16952,45,1
0,p16953,1,40
0,p16954,1,39
0,p16955,1,92
0,p16956,1,49
0,p16957,98,1
0,p16958,91,1
0,p16959,9,1
0,p16960,21,1
0,p16961,31,71
0,p16962,84,1
0,p16963,86,24
0,p16964,12,1
0,p16965,1,35
0,p16966,4,1
0,p16967,70,56
0,p16968,60,70
0,p16969,20,1
0,p16970,80,1
0,p16971,88,1
0,p16972,99,51
0,p16973,1,21
0,p16974,1,43
0,p16975,1,59
0,p16976,59,1
0,p16977,1,94
0,p16978,54,1
0,p16979,1,32
0,p16980,51,1
0,p16981,47,1
0,p16982,75,1
0,p16983,9,63
0,p16984,35,1
0,p16985,7,62
0,p16986,1,99
0,p16987,1,15
0,p16988,43,42
0,p16989,3,1
0,p16990,71,1
0,p16991,1,17
0,p16992,1,95
0,p16993,92,1
0,p16994,1,98
0,p16995,73,60
0,p16996,1,66
0,p16997,1,4
0,p16998,1,78
0,p16999,1,27
0,p17000,83,79
0,p17001,12,1
0,p17002,98,1
0,p17003,41,80
0,p17004,1,6
0,p17005,5,1
0,p17006,94,1
0,p17007,35,1
0,p17008,1,58
0,p17009,1,30
0,p17010,45,42
0,p17011,31,1
0,p17012,1,34
0,p17013,1,33
0,p17014,100,18
0,p17015,8,92
0,p17016,20,82
0,p17017,1,28
0,p17018,16,74
0,p17019,77,48
0,p17020,5,20
0,p17021,1,69
0,p17022,1,42
0,p17023,12,15
0,p17024,1,85
0,p17025,1,62
0,p17026,12,54
0,p17027,69,1
0,p17028,1,69
0,p17029,12,1
0,p17030,24,1
0,p17031,1,22
0,p17032,91,1
0,p17033,1,75
0,p17034,1,40
0,p17035,1,84
0,p17036,16,32
0,p17037,41,14
0,p17038,1,94
0,p17039,20,71
0,p17040,63,1
0,p17041,30,1
0,p17042,1,90
0,p17043,1,15
0,p17044,29,1
0,p17045,100,1
0,p17046,1,81
0,p17047,59,1
0,p17048,61,1
0,p17049,1,50
0,p17050,38,99
0,p17051,52,1
0,p17052,25,74
0,p17053,78,1
0,p17054,73,66
0,p17055,1,66
0,p17056,5,1
0,p17057,1,37
0,p17058,1,21
0,p17059,59,1
0,p17060,55,57
0,p17061,23,38
0,p17062,43,1
0,p17063,92,44
0,p17064,1,72
0,p17065,1,68
0,p17066,14,55
0,p17067,1,47
0,p17068,72,1
0,p17069,90,1
0,p17070,88,1
0,p17071,1,39
0,p17072,12,29
0,p17073,91,48
0,p17074,1,81
0,p17075,31,1
0,p17076,83,1
0,p17077,90,1
0,p17078,58,1
0,p17079,66,18
0,p17080,24,1
0,p17081,12,58
0,p17082,1,80
0,p17083,86,1
0,p17084,3,1
0,p17085,96,58
0,p17086,57,61
0,p17087,6,1
0,p17088,100,1
0,p17089,7,49
0,p17090,65,1
0,p17091,1,23
0,p17092,29,26
0,p17093,1,68
0,p17094,1,59
0,p17095,1,36
0,p17096,87,1
0,p17097,17,97
0,p17098,35,1
0,p17099,29,1
0,p17100,1,55
0,p17101,52,58
0,p17102,34,1
0,p17103,40,1
0,p17104,71,1
0,p17105,16,96
0,p17106,18,47
0,p17107,1,78
0,p17108,90,93
0,p17109,97,2
0,p17110,1,87
0,p17111,92,49
0,p17112,11,82
0,p17113,41,87
0,p17114,1,11
0,p17115,48,1
0,p17116,1,91
0,p17117,82,48
0,p17118,54,1
0,p17119,75,1
0,p17120,1,57
0,p17121,39,1
0,p17122,1,3
0,p17123,47,84
0,p17124,48,1
0,p17125,99,4
0,p17126,43,1
0,p17127,6,9
0,p17128,68,95
0,p17129,1,88
0,p17130,9,1
0,p17131,23,1
0,p17132,26,1
0,p17133,1,11
0,p17134,20,64
0,p17135,44,1
0,p17136,1,92
0,p17137,16,1
0,p17138,71,95
0,p17139,64,1
0,p17140,1,99
0,p17141,1,11
0,p17142,86,1
0,p17143,12,100
0,p17144,12,1
0,p17145,1,6
0,p17146,16,7
0,p17147,36,1
0,p17148,91,1
0,p17149,84,72
0,p17150,1,92
0,p17151,75,4
0,p17152,1,20
0,p17153,44,62
0,p17154,72,95
0,p17155,36,97
0,p17156,89,1
0,p17157,1,96
0,p17158,4,86
0,p17159,1,69
0,p17160,80,1
0,p17161,6,1
0,p17162,85,69
0,p17163,59,1
0,p17164,96,1
0,p17165,93,14
0,p17166,1,54
0,p17167,1,70
0,p17168,1,27
0,p17169,46,1
0,p17170,49,81
0,p17171,45,77
0,p17172,65,1
0,p17173,99,20
0,p17174,1,14
0,p17175,91,1
0,p17176,34,11
0,p17177,1,38
0,p17178,72,20
0,p17179,26,3
0,p17180,18,13
0,p17181,100,1
0,p17182,6,1
0,p17183,32,1
0,p17184,48,1
0,p17185,33,64
0,p17186,13,9
0,p17187,1,35
0,p17188,1,31
0,p17189,1,30
0,p17190,44,1
0,p17191,21,29
0,p17192,1,33
0,p17193,1,51
0,p17194,11,80
0,p17195,1,49
0,p17196,92,1
0,p17197,61,1
0,p17198,54,56
0,p17199,52,12
0,p17200,14,1
0,p17201,1,98
0,p17202,3,1
0,p17203,1,60
0,p17204,78,1
0,p17205,1,21
0,p17206,1,33
0,p17207,1,27
0,p17208,46,42
0,p17209,59,20
0,p17210,61,33
0,p17211,80,17
0,p17212,1,91
0,p17213,45,28
0,p17214,1,69
0,p17215,80,1
0,p17216,1,64
0,p17217,60,1
0,p17218,40,1
0,p17219,28,50
0,p17220,1,32
0,p17221,64,1
0,p17222,1,67
0,p17223,1,62
0,p17224,15,49
0,p17225,1,50
0,p17226,1,61
0,p17227,84,1
0,p17228,68,73
0,p17229,10,79
0,p17230,1,29
0,p17231,83,49
0,p17232,1,58
0,p17233,56,75
0,p17234,1,91
0,p17235,89,1
0,p17236,1,72
0,p17237,1,71
0,p17238,76,1
0,p17239,79,1
0,p17240,100,1
0,p17241,1,16
0,p17242,78,1
0,p17243,31,1
0,p17244,89,1
0,p17245,1,66
0,p17246,68,1
0,p17247,83,1
0,p17248,23,60
0,p17249,27,1
0,p17250,23,1
0,p17251,46,60
0,p17252,1,41
0,p17253,46,1
0,p17254,69,1
0,p17255,11,20
0,p17256,37,47
0,p17257,99,64
0,p17258,1,16
0,p17259,1,13
0,p17260,11,13
0,p17261,81,1
0,p17262,95,1
0,p17263,90,86
0,p17264,1,33
0,p17265,49,99
0,p17266,30,1
0,p17267,42,1
0,p17268,1,76
0,p17269,1,29
0,p17270,66,71
0,p17271,11,31
0,p17272,47,49
0,p17273,61,33
0,p17274,4,67
0,p17275,29,24
0,p17276,1,32
0,p17277,1,50
0,p17278,87,1
0,p17279,59,37
0,p17280,70,1
0,p17281,1,26
0,p17282,72,36
0,p17283,1,35
0,p17284,42,1
0,p17285,83,64
0,p17286,33,88
0,p17287,62,6
0,p17288,1,24
0,p17289,94,51
0,p17290,48,1
0,p17291,92,81
0,p17292,17,96
0,p17293,93,99
0,p17294,71,73
0,p17295,15,1
0,p17296,39,1
0,p17297,70,1
0,p17298,1,26
0,p17299,84,1
0,p17300,28,45
0,p17301,67,23
0,p17302,1,76
0,p17303,63,62
0,p17304,71,75
0,p17305,62,1
0,p17306,33,63
0,p17307,65,1
0,p17308,1,74
0,p17309,17,14
0,p17310,3,1
0,p17311,62,1
0,p17312,8,59
0,p17313,11,36
0,p17314,41,38
0,p17315,1,83
0,p17316,31,1
0,p17317,1,100
0,p17318,7,1
0,p17319,34,53
0,p17320,1,54
0,p17321,64,1
0,p17322,49,75
0,p17323,1,84
0,p17324,1,87
0,p17325,1,86
0,p17326,40,1
0,p17327,13,48
0,p17328,87,1
0,p17329,6,1
0,p17330,65,1
0,p17331,1,49
0,p17332,83,9
0,p17333,1,25
0,p17334,91,60
0,p17335,1,52
0,p17336,87,1
0,p17337,1,94
0,p17338,35,1
0,p17339,81,1
0,p17340,32,33
0,p17341,56,93
0,p17342,37,1
0,p17343,55,76
0,p17344,76,1
0,p17345,96,1
0,p17346,27,35
0,p17347,1,56
0,p17348,1,73
0,p17349,18,28
0,p17350,69,23
0,p17351,82,17
0,p17352,1,79
0,p17353,1,77
0,p17354,1,57
0,p17355,1,74
0,p17356,66,73
0,p17357,1,18
0,p17358,24,1
0,p17359,1,99
0,p17360,30,1
0,p17361,14,26
0,p17362,35,65
0,p17363,4,1
0,p17364,79,32
0,p17365,80,25
0,p17366,1,7
0,p17367,85,1
0,p17368,1,63
0,p17369,1,35
0,p17370,1,76
0,p17371,1,8
0,p17372,67,8
0,p17373,1,11
0,p17374,73,5
0,p17375,100,1
0,p17376,45,1
0,p17377,90,1
0,p17378,46,42
0,p17379,70,1
0,p17380,1,53
0,p17381,72,1
0,p17382,77,1
0,p17383,37,1
0,p17384,1,28
0,p17385,1,16
0,p17386,6,51
0,p17387,1,3
0,p17388,27,48
0,p17389,84,86
0,p17390,1,8
0,p17391,46,1
0,p17392,15,1
0,p17393,53,39
0,p17394,1,18
0,p17395,45,10
0,p17396,1,85
0,p17397,76,1
0,p17398,45,1
0,p17399,40,59
0,p17400,55,1
0,p17401,82,1
0,p17402,37,53
0,p17403,2,3
0,p17404,35,90
0,p17405,1,79
0,p17406,37,1
0,p17407,3,1
0,p17408,7,1
0,p17409,1,83
0,p17410,1,9
0,p17411,1,42
0,p17412,83,58
0,p17413,1,46
0,p17414,1,17
0,p17415,84,8
0,p17416,1,6
0,p17417,1,37
0,p17418,81,89
0,p17419,96,1
0,p17420,90,1
0,p17421,37,14
0,p17422,43,1
0,p17423,60,59
0,p17424,55,50
0,p17425,1,81
0,p17426,50,24
0,p17427,16,1
0,p17428,67,1
0,p17429,1,16
0,p17430,47,1
0,p17431,52,1
0,p17432,62,75
0,p17433,84,69
0,p17434,16,15
0,p17435,73,54
0,p17436,5,85
0,p17437,76,34
0,p17438,1,8
0,p17439,1,85
0,p17440,94,10
0,p17441,1,78
0,p17442,4,1
0,p17443,12,1
0,p17444,49,1
0,p17445,1,47
0,p17446,1,45
0,p17447,49,37
0,p17448,83,33
0,p17449,1,98
0,p17450,42,67
0,p17451,31,1
0,p17452,1,99
0,p17453,19,1
0,p17454,1,8
0,p17455,64,1
0,p17456,38,93
0,p17457,81,1
0,p17458,1,73
0,p17459,95,38
0,p17460,26,76
0,p17461,60,9
0,p17462,1,38
0,p17463,9,5
0,p17464,64,1
0,p17465,90,51
0,p17466,1,98
0,p17467,15,1
0,p17468,1,77
0,p17469,15,96
0,p17470,1,2
0,p17471,2,9
0,p17472,31,1
0,p17473,1,6
0,p17474,1,14
0,p17475,48,88
0,p17476,1,25
0,p17477,1,61
0,p17478,10,8
0,p17479,1,65
0,p17480,1,54
0,p17481,1,56
0,p17482,100,1
0,p17483,52,95
0,p17484,61,1
0,p17485,1,46
0,p17486,94,1
0,p17487,1,5
0,p17488,1,56
0,p17489,53,11
0,p17490,84,1
0,p17491,9,26
0,p17492,27,38
0,p17493,18,1
0,p17494,89,21
0,p17495,1,26
0,p17496,28,1
0,p17497,70,16
0,p17498,1,20
0,p17499,1,89
0,p17500,1,4
0,p17501,24,51
0,p17502,1,94
0,p17503,18,1
0,p17504,13,1
0,p17505,3,1
0,p17506,1,64
0,p17507,49,1
0,p17508,72,1
0,p17509,59,1
0,p17510,61,11
0,p17511,4,100
0,p17512,36,35
0,p17513,1,50
0,p17514,46,62
0,p17515,1,25
0,p17516,1,39
0,p17517,1,87
0,p17518,32,1
0,p17519,45,1
0,p17520,1,3
0,p17521,82,1
0,p17522,1,19
0,p17523,68,1
0,p17524,52,35
0,p17525,77,1
0,p17526,1,9
0,p17527,1,41
0,p17528,57,10
0,p17529,96,1
0,p17530,86,14
0,p17531,1,34
0,p17532,51,97
0,p17533,100,1
0,p17534,36,1
0,p17535,1,62
0,p17536,95,100
0,p17537,77,26
0,p17538,98,1
0,p17539,55,62
0,p17540,11,1
0,p17541,1,84
0,p17542,1,66
0,p17543,73,1
0,p17544,1,24
0,p17545,15,1
0,p17546,1,49
0,p17547,1,13
0,p17548,57,68
0,p17549,1,33
0,p17550,81,1
0,p17551,1,98
0,p17552,1,28
0,p17553,1,12
0,p17554,54,1
0,p17555,51,1
0,p17556,16,1
0,p17557,1,22
0,p17558,45,98
0,p17559,30,1
0,p17560,84,41
0,p17561,52,1
0,p17562,1,77
0,p17563,20,61
0,p17564,2,94
0,p17565,16,46
0,p17566,23,1
0,p17567,69,1
0,p17568,98,45
0,p17569,1,99
0,p17570,99,1
0,p17571,2,1
0,p17572,27,21
0,p17573,24,1
0,p17574,1,66
0,p17575,1,10
0,p17576,1,98
0,p17577,1,16
0,p17578,82,1
0,p17579,74,89
0,p17580,1,3
0,p17581,88,81
0,p17582,71,92
0,p17583,38,71
0,p17584,43,1
0,p17585,1,68
0,p17586,31,35
0,p17587,84,50
0,p17588,1,13
0,p17589,1,83
0,p17590,44,41
0,p17591,1,87
0,p17592,96,1
0,p17593,1,13
0,p17594,69,1
0,p17595,90,1
0,p17596,71,22
0,p17597,1,38
0,p17598,99,74
0,p17599,37,56
0,p17600,61,97
0,p17601,1,88
0,p17602,55,1
0,p17603,8,68
0,p17604,1,42
0,p17605,21,1
0,p17606,4,68
0,p17607,80,28
0,p17608,1,78
0,p17609,1,75
0,p17610,67,1
0,p17611,1,20
0,p17612,98,85
0,p17613,56,47
0,p17614,1,18
0,p17615,44,100
0,p17616,47,9
0,p17617,28,71
0,p17618,20,1
0,p17619,1,7
0,p17620,71,12
0,p17621,1,19
0,p17622,1,92
0,p17623,76,1
0,p17624,67,9
0,p17625,76,1
0,p17626,89,1
0,p17627,1,11
0,p17628,58,62
0,p17629,56,1
0,p17630,45,13
0,p17631,93,1
0,p17632,80,1
0,p17633,46,3
0,p17634,17,18
0,p17635,1,69
0,p17636,7,84
0,p17637,1,91
0,p17638,1,31
0,p17639,97,54
0,p17640,5,56
0,p17641,52,1
0,p17642,38,1
0,p17643,18,56
0,p17644,69,1
0,p17645,51,1
0,p17646,52,4
0,p17647,54,43
0,p17648,1,35
0,p17649,56,1
0,p17650,62,78
0,p17651,80,50
0,p17652,63,68
0,p17653,73,61
0,p17654,1,34
0,p17655,14,1
0,p17656,91,1
0,p17657,15,94
0,p17658,71,89
0,p17659,1,45
0,p17660,1,72
0,p17661,30,1
0,p17662,87,7
0,p17663,1,45
0,p17664,10,1
0,p17665,6,19
0,p17666,61,40
0,p17667,68,47
0,p17668,42,12
0,p17669,47,92
0,p17670,6,1
0,p17671,44,54
0,p17672,30,95
0,p17673,1,95
0,p17674,78,1
0,p17675,24,51
0,p17676,64,1
0,p17677,35,91
0,p17678,15,1
0,p17679,92,99
0,p17680,86,13
0,p17681,1,59
0,p17682,1,49
0,p17683,28,86
0,p17684,1,81
0,p17685,1,19
0,p17686,63,1
0,p17687,75,1
0,p17688,80,1
0,p17689,1,72
0,p17690,56,1
0,p17691,55,1
0,p17692,86,1
0,p17693,1,36
0,p17694,1,24
0,p17695,1,67
0,p17696,1,12
0,p17697,1,33
0,p17698,95,12
0,p17699,27,1
0,p17700,60,54
0,p17701,23,35
0,p17702,70,1
0,p17703,92,1
0,p17704,59,1
0,p17705,12,38
0,p17706,16,3
0,p17707,44,1
0,p17708,22,21
0,p17709,25,1
0,p17710,70,1
0,p17711,88,99
0,p17712,1,37
0,p17713,18,50
0,p17714,60,31
0,p17715,63,1
0,p17716,29,1
0,p17717,26,1
0,p17718,1,82
0,p17719,1,68
0,p17720,50,60
0,p17721,91,31
0,p17722,36,1
0,p17723,85,94
0,p17724,1,78
0,p17725,22,81
0,p17726,1,54
0,p17727,92,56
0,p17728,55,1
0,p17729,1,30
0,p17730,47,1
0,p17731,51,1
0,p17732,36,72
0,p17733,1,12
0,p17734,54,48
0,p17735,29,70
0,p17736,39,69
0,p17737,1,52
0,p17738,94,1
0,p17739,23,1
0,p17740,18,1
0,p17741,1,76
0,p17742,27,19
0,p17743,93,14
0,p17744,1,49
0,p17745,77,1
0,p17746,61,40
0,p17747,34,1
0,p17748,59,19
0,p17749,55,49
0,p17750,8,1
0,p17751,29,1
0,p17752,91,37
0,p17753,48,7
0,p17754,28,59
0,p17755,1,68
0,p17756,20,1
0,p17757,40,1
0,p17758,1,92
0,p17759,21,37
0,p17760,3,21
0,p17761,1,77
0,p17762,1,43
0,p17763,5,1
0,p17764,1,91
0,p17765,1,70
0,p17766,72,1
0,p17767,96,1
0,p17768,1,91
0,p17769,5,11
0,p17770,56,1
0,p17771,67,6
0,p17772,87,84
0,p17773,81,1
0,p17774,25,36
0,p17775,28,1
0,p17776,47,1
0,p17777,72,1
0,p17778,1,71
0,p17779,1,90
0,p17780,33,1
0,p17781,1,67
0,p17782,80,47
0,p17783,57,89
0,p17784,1,98
0,p17785,37,7
0,p17786,20,1
0,p17787,32,1
0,p17788,28,1
0,p17789,31,94
0,p17790,30,1
0,p17791,47,100
0,p17792,1,27
0,p17793,92,66
0,p17794,1,88
0,p17795,1,89
0,p17796,1,100
0,p17797,1,93
0,p17798,60,1
0,p17799,28,1
0,p17800,95,1
0,p17801,82,60
0,p17802,31,14
0,p17803,5,1
0,p17804,56,73
0,p17805,4,1
0,p17806,1,39
0,p17807,14,1
0,p17808,1,25
0,p17809,38,95
0,p17810,56,1
0,p17811,52,1
0,p17812,1,13
0,p17813,100,46
0,p17814,1,97
0,p17815,1,30
0,p17816,97,73
0,p17817,66,48
0,p17818,35,1
0,p17819,1,100
0,p17820,90,1
0,p17821,1,3
0,p17822,62,56
0,p17823,66,1
0,p17824,4,1
0,p17825,1,95
0,p17826,30,1
0,p17827,1,23
0,p17828,82,1
0,p17829,57,72
0,p17830,1,67
0,p17831,1,100
0,p17832,70,48
0,p17833,1,19
0,p17834,74,1
0,p17835,1,22
0,p17836,1,23
0,p17837,1,87
0,p17838,3,1
0,p17839,52,1
0,p17840,26,1
0,p17841,77,47
0,p17842,50,7
0,p17843,1,76
0,p17844,78,1
0,p17845,1,8
0,p17846,1,30
0,p17847,1,13
0,p17848,50,64
0,p17849,1,71
0,p17850,74,1
0,p17851,85,62
0,p17852,64,28
0,p17853,1,77
0,p17854,91,1
0,p17855,56,1
0,p17856,1,53
0,p17857,79,1
0,p17858,1,94
0,p17859,41,1
0,p17860,1,49
0,p17861,78,1
0,p17862,86,10
0,p17863,43,1
0,p17864,1,86
0,p17865,62,70
0,p17866,65,35
0,p17867,4,1
0,p17868,98,8
0,p17869,78,23
0,p17870,28,59
0,p17871,22,83
0,p17872,44,50
0,p17873,90,22
0,p17874,74,1
0,p17875,94,59
0,p17876,56,1
0,p17877,37,4
0,p17878,1,20
0,p17879,1,13
0,p17880,1,94
0,p17881,1,92
0,p17882,1,69
0,p17883,7,1
0,p17884,87,1
0,p17885,21,48
0,p17886,22,1
0,p17887,1,16
0,p17888,37,30
0,p17889,87,1
0,p17890,1,18
0,p17891,1,20
0,p17892,1,53
0,p17893,92,73
0,p17894,45,61
0,p17895,67,14
0,p17896,1,36
0,p17897,85,1
0,p17898,63,3
0,p17899,3,75
0,p17900,1,4
0,p17901,70,8
0,p17902,38,67
0,p17903,1,42
0,p17904,75,45
0,p17905,42,1
0,p17906,51,1
0,p17907,1,28
0,p17908,93,1
0,p17909,8,1
0,p17910,96,1
0,p17911,1,80
0,p17912,1,30
0,p17913,1,83
0,p17914,89,18
0,p17915,1,46
0,p17916,1,75
0,p17917,31,1
0,p17918,41,1
0,p17919,95,1
0,p17920,1,52
0,p17921,1,5
0,p17922,1,37
0,p17923,31,48
0,p17924,67,2
0,p17925,1,20
0,p17926,96,19
0,p17927,1,65
0,p17928,1,5
0,p17929,16,65
0,p17930,39,1
0,p17931,1,31
0,p17932,95,1
0,p17933,1,76
0,p17934,56,1
0,p17935,65,1
0,p17936,11,1
0,p17937,33,42
0,p17938,71,1
0,p17939,1,19
0,p17940,88,1
0,p17941,1,28
0,p17942,56,1
0,p17943,53,1
0,p17944,67,1
0,p17945,1,85
0,p17946,76,83
0,p17947,1,55
0,p17948,1,68
0,p17949,1,22
0,p17950,41,1
0,p17951,1,99
0,p17952,1,43
0,p17953,1,24
0,p17954,1,98
0,p17955,1,6
0,p17956,54,16
0,p17957,71,1
0,p17958,1,49
0,p17959,1,76
0,p17960,91,1
0,p17961,88,1
0,p17962,1,97
0,p17963,1,80
0,p17964,55,88
0,p17965,77,62
0,p17966,78,1
0,p17967,12,1
0,p17968,33,22
0,p17969,1,9
0,p17970,1,52
0,p17971,1,42
0,p17972,47,1
0,p17973,39,85
0,p17974,34,1
0,p17975,51,1
0,p17976,33,74
0,p17977,31,61
0,p17978,17,27
0,p17979,1,13
0,p17980,87,71
0,p17981,9,82
0,p17982,63,62
0,p17983,75,1
0,p17984,1,29
0,p17985,88,1
0,p17986,1,100
0,p17987,1,98
0,p17988,2,52
0,p17989,54,1
0,p17990,56,81
0,p17991,36,1
0,p17992,83,1
0,p17993,50,1
0,p17994,42,1
0,p17995,1,28
0,p17996,1,3
0,p17997,89,22
0,p17998,1,91
0,p17999,37,95
0,p18000,21,53
0,p18001,1,33
0,p18002,61,14
0,p18003,59,55
0,p18004,1,40
0,p18005,10,1
0,p18006,45,9
0,p18007,33,1
0,p18008,59,1
0,p18009,57,17
0,p18010,12,1
0,p18011,78,23
0,p18012,91,1
0,p18013,66,63
0,p18014,67,1
0,p18015,1,63
0,p18016,62,25
0,p18017,80,1
0,p18018,1,66
0,p18019,45,1
0,p18020,52,1
0,p18021,1,92
0,p18022,1,42
0,p18023,1,78
0,p18024,58,1
0,p18025,18,94
0,p18026,1,82
0,p18027,59,10
0,p18028,1,21
0,p18029,1,29
0,p18030,1,100
0,p18031,1,89
0,p18032,1,6
0,p18033,93,1
0,p18034,98,1
0,p18035,29,1
0,p18036,1,54
0,p18037,13,1
0,p18038,1,69
0,p18039,89,1
0,p18040,1,17
0,p18041,1,67
0,p18042,71,1
0,p18043,1,99
0,p18044,1,15
0,p18045,48,94
0,p18046,20,76
0,p18047,90,1
0,p18048,1,13
0,p18049,67,71
0,p18050,1,85
0,p18051,84,1
0,p18052,6,16
0,p18053,10,5
0,p18054,10,89
0,p18055,44,1
0,p18056,56,1
0,p18057,1,49
0,p18058,29,1
0,p18059,1,90
0,p18060,29,51
0,p18061,1,58
0,p18062,1,7
0,p18063,89,1
0,p18064,1,13
0,p18065,34,1
0,p18066,71,1
0,p18067,1,64
0,p18068,55,56
0,p18069,56,70
0,p18070,86,54
0,p18071,1,99
0,p18072,29,1
0,p18073,20,40
0,p18074,1,74
0,p18075,22,1
0,p18076,88,1
0,p18077,14,1
0,p18078,46,7
0,p18079,60,18
0,p18080,22,10
0,p18081,78,13
0,p18082,49,1
0,p18083,1,93
0,p18084,1,19
0,p18085,1,66
0,p18086,1,11
0,p18087,89,70
0,p18088,1,88
0,p18089,11,1
0,p18090,34,1
0,p18091,28,22
0,p18092,74,72
0,p18093,43,23
0,p18094,1,30
0,p18095,38,1
0,p18096,18,1
0,p18097,19,37
0,p18098,67,1
0,p18099,1,87
0,p18100,96,1
0,p18101,3,56
0,p18102,43,99
0,p18103,1,77
0,p18104,1,28
0,p18105,80,1
0,p18106,1,47
0,p18107,1,71
0,p18108,1,92
0,p18109,11,51
0,p18110,75,53
0,p18111,1,37
0,p18112,19,14
0,p18113,1,77
0,p18114,1,95
0,p18115,1,67
0,p18116,42,66
0,p18117,1,84
0,p18118,1,57
0,p18119,44,1
0,p18120,1,88
0,p18121,61,78
0,p18122,97,1
0,p18123,83,87
0,p18124,91,1
0,p18125,88,62
0,p18126,1,98
0,p18127,32,49
0,p18128,1,33
0,p18129,1,64
0,p18130,8,1
0,p18131,29,1
0,p18132,39,77
0,p18133,50,44
0,p18134,80,1
0,p18135,42,1
0,p18136,44,73
0,p18137,63,1
0,p18138,26,22
0,p18139,70,64
0,p18140,85,97
0,p18141,72,28
0,p18142,1,24
0,p18143,1,27
0,p18144,1,52
0,p18145,30,1
0,p18146,5,40
0,p18147,97,1
0,p18148,98,46
0,p18149,21,1
0,p18150,91,1
0,p18151,53,1
0,p18152,77,22
0,p18153,59,1
0,p18154,82,10
0,p18155,1,56
0,p18156,79,53
0,p18157,24,89
0,p18158,13,94
0,p18159,1,36
0,p18160,1,59
0,p18161,20,1
0,p18162,1,69
0,p18163,47,1
0,p18164,22,55
0,p18165,1,43
0,p18166,47,6
0,p18167,29,55
0,p18168,61,1
0,p18169,44,1
0,p18170,1,23
0,p18171,72,81
0,p18172,93,1
0,p18173,66,1
0,p18174,1,11
0,p18175,92,32
0,p18176,24,1
0,p18177,75,84
0,p18178,84,1
0,p18179,1,36
0,p18180,19,1
0,p18181,36,1
0,p18182,1,68
0,p18183,1,96
0,p18184,94,80
0,p18185,42,1
0,p18186,82,97
0,p18187,64,16
0,p18188,8,1
0,p18189,1,59
0,p18190,1,28
0,p18191,37,1
0,p18192,1,79
0,p18193,60,1
0,p18194,1,86
0,p18195,1,48
0,p18196,48,1
0,p18197,80,21
0,p18198,54,46
0,p18199,100,42
0,p18200,36,56
0,p18201,61,1
0,p18202,59,1
0,p18203,16,1
0,p18204,1,3
0,p18205,98,89
0,p18206,73,93
0,p18207,1,28
0,p18208,1,58
0,p18209,44,1
0,p18210,60,1
0,p18211,40,1
0,p18212,37,32
0,p18213,1,13
0,p18214,1,34
0,p18215,13,1
0,p18216,78,1
0,p18217,77,18
0,p18218,100,85
0,p18219,31,1
0,p18220,1,45
0,p18221,68,1
0,p18222,1,55
0,p18223,22,1
0,p18224,100,18
0,p18225,97,66
0,p18226,66,1
0,p18227,49,1
0,p18228,8,1
0,p18229,12,1
0,p18230,63,1
0,p18231,1,10
0,p18232,64,95
0,p18233,88,1
0,p18234,38,95
0,p18235,17,1
0,p18236,1,57
0,p18237,1,32
0,p18238,28,1
0,p18239,13,2
0,p18240,97,1
0,p18241,1,38
0,p18242,71,1
0,p18243,28,71
0,p18244,1,48
0,p18245,17,1
0,p18246,70,1
0,p18247,5,1
0,p18248,1,32
0,p18249,30,70
0,p18250,1,7
0,p18251,1,35
0,p18252,52,27
0,p18253,5,1
0,p18254,49,9
0,p18255,48,10
0,p18256,46,72
0,p18257,80,1
0,p18258,1,59
0,p18259,90,42
0,p18260,48,1
0,p18261,1,15
0,p18262,27,1
0,p18263,31,1
0,p18264,50,67
0,p18265,66,1
0,p18266,1,50
0,p18267,79,45
0,p18268,1,95
0,p18269,96,1
0,p18270,6,81
0,p18271,52,1
0,p18272,68,1
0,p18273,48,80
0,p18274,41,1
0,p18275,81,78
0,p18276,73,37
0,p18277,28,71
0,p18278,55,28
0,p18279,38,61
0,p18280,1,48
0,p18281,12,49
0,p18282,1,37
0,p18283,1,80
0,p18284,82,48
0,p18285,1,74
0,p18286,12,1
0,p18287,78,91
0,p18288,68,30
0,p18289,57,1
0,p18290,1,46
0,p18291,1,61
0,p18292,26,55
0,p18293,1,22
0,p18294,33,1
0,p18295,1,35
0,p18296,1,43
0,p18297,84,51
0,p18298,12,1
0,p18299,38,1
0,p18300,47,5
0,p18301,55,1
0,p18302,67,8
0,p18303,1,51
0,p18304,1,68
0,p18305,77,29
0,p18306,44,52
0,p18307,9,1
0,p18308,28,68
0,p18309,97,2
0,p18310,1,9
0,p18311,1,33
0,p18312,43,1
0,p18313,90,51
0,p18314,25,89
0,p18315,78,1
0,p18316,78,12
0,p18317,45,1
0,p18318,73,1
0,p18319,1,34
0,p18320,1,93
0,p18321,94,1
0,p18322,94,89
0,p18323,70,1
0,p18324,11,45
0,p18325,1,97
0,p18326,1,53
0,p18327,5,1
0,p18328,96,11
0,p18329,18,1
0,p18330,96,1
0,p18331,73,52
0,p18332,39,1
0,p18333,65,1
0,p18334,1,19
0,p18335,1,44
0,p18336,1,17
0,p18337,99,1
0,p18338,37,1
0,p18339,77,1
0,p18340,66,13
0,p18341,52,45
0,p18342,1,14
0,p18343,5,31
0,p18344,1,67
0,p18345,8,1
0,p18346,54,1
0,p18347,74,64
0,p18348,10,1
0,p18349,1,91
0,p18350,21,36
0,p18351,33,32
0,p18352,1,98
0,p18353,33,95
0,p18354,43,4
0,p18355,1,70
0,p18356,48,15
0,p18357,94,79
0,p18358,1,21
0,p18359,43,63
0,p18360,1,72
0,p18361,85,1
0,p18362,100,1
0,p18363,18,1
0,p18364,76,34
0,p18365,64,1
0,p18366,75,49
0,p18367,85,12
0,p18368,7,1
0,p18369,1,32
0,p18370,93,1
0,p18371,24,1
0,p18372,45,90
0,p18373,1,79
0,p18374,1,67
0,p18375,100,1
0,p18376,20,1
0,p18377,1,83
0,p18378,45,1
0,p18379,14,2
0,p18380,12,74
0,p18381,33,50
0,p18382,73,1
0,p18383,57,41
0,p18384,8,21
0,p18385,1,91
0,p18386,33,1
0,p18387,53,89
0,p18388,78,1
0,p18389,91,1
0,p18390,1,76
0,p18391,1,94
0,p18392,28,3
0,p18393,1,79
0,p18394,66,20
0,p18395,67,12
0,p18396,2,30
0,p18397,1,66
0,p18398,100,1
0,p18399,68,7
0,p18400,30,27
0,p18401,97,1
0,p18402,21,43
0,p18403,69,1
0,p18404,57,90
0,p18405,13,77
0,p18406,1,84
0,p18407,1,66
0,p18408,85,29
0,p18409,100,1
0,p18410,27,1
0,p18411,81,1
0,p18412,1,75
0,p18413,1,21
0,p18414,91,75
0,p18415,24,92
0,p18416,1,86
0,p18417,1,82
0,p18418,56,1
0,p18419,20,23
0,p18420,77,86
0,p18421,1,51
0,p18422,14,56
0,p18423,1,24
0,p18424,1,4
0,p18425,1,32
0,p18426,1,45
0,p18427,7,1
0,p18428,1,10
0,p18429,80,94
0,p18430,87,45
0,p18431,1,9
0,p18432,56,8
0,p18433,73,1
0,p18434,29,9
0,p18435,19,79
0,p18436,51,1
0,p18437,57,1
0,p18438,77,1
0,p18439,14,1
0,p18440,87,1
0,p18441,1,20
0,p18442,10,1
0,p18443,87,1
0,p18444,77,1
0,p18445,1,15
0,p18446,27,79
0,p18447,40,1
0,p18448,77,1
0,p18449,1,11
0,p18450,46,1
0,p18451,81,87
0,p18452,13,70
0,p18453,52,83
0,p18454,57,5
0,p18455,29,79
0,p18456,1,42
0,p18457,1,87
0,p18458,71,13
0,p18459,13,1
0,p18460,1,48
0,p18461,8,7
0,p18462,20,1
0,p18463,1,27
0,p18464,1,43
0,p18465,65,1
0,p18466,88,57
0,p18467,1,98
0,p18468,1,52
0,p18469,1,97
0,p18470,4,62
0,p18471,18,1
0,p18472,26,1
0,p18473,38,3
0,p18474,37,1
0,p18475,8,1
0,p18476,47,67
0,p18477,79,1
0,p18478,66,1
0,p18479,1,27
0,p18480,24,1
0,p18481,1,37
0,p18482,51,1
0,p18483,1,96
0,p18484,92,1
0,p18485,1,45
0,p18486,53,1
0,p18487,10,48
0,p18488,1,98
0,p18489,12,70
0,p18490,27,33
0,p18491,1,3
0,p18492,10,20
0,p18493,1,47
0,p18494,45,1
0,p18495,1,6
0,p18496,2,13
0,p18497,1,48
0,p18498,12,71
0,p18499,1,66
0,p18500,69,1
0,p18501,1,86
0,p18502,94,98
0,p18503,1,72
0,p18504,10,1
0,p18505,95,69
0,p18506,1,16
0,p18507,93,19
0,p18508,3,1
0,p18509,1,47
0,p18510,1,40
0,p18511,82,1
0,p18512,87,14
0,p18513,24,25
0,p18514,1,2
0,p18515,1,68
0,p18516,76,8
0,p18517,55,1
0,p18518,12,1
0,p18519,66,1
0,p18520,1,18
0,p18521,68,1
0,p18522,1,56
0,p18523,1,12
0,p18524,16,1
0,p18525,1,29
0,p18526,1,34
0,p18527,56,49
0,p18528,38,1
0,p18529,69,1
0,p18530,98,24
0,p18531,88,29
0,p18532,76,34
0,p18533,71,69
0,p18534,1,74
0,p18535,65,14
0,p18536,91,88
0,p18537,75,68
0,p18538,43,88
0,p18539,1,11
0,p18540,80,1
0,p18541,1,10
0,p18542,1,85
0,p18543,1,51
0,p18544,1,85
0,p18545,46,1
0,p18546,1,87
0,p18547,15,37
0,p18548,59,1
0,p18549,1,40
0,p18550,77,1
0,p18551,1,45
0,p18552,1,32
0,p18553,83,1
0,p18554,99,1
0,p18555,1,18
0,p18556,1,85
0,p18557,27,77
0,p18558,1,79
0,p18559,1,67
0,p18560,4,50
0,p18561,1,79
0,p18562,46,1
0,p18563,51,32
0,p18564,68,1
0,p18565,89,1
0,p18566,84,45
0,p18567,64,95
0,p18568,22,26
0,p18569,83,1
0,p18570,86,1
0,p18571,63,29
0,p18572,77,1
0,p18573,75,1
0,p18574,4,1
0,p18575,1,56
0,p18576,23,57
0,p18577,1,33
0,p18578,43,1
0,p18579,68,1
0,p18580,30,71
0,p18581,28,1
0,p18582,1,42
0,p18583,10,1
0,p18584,17,1
0,p18585,1,71
0,p18586,1,76
0,p18587,1,10
0,p18588,12,35
0,p18589,34,1
0,p18590,82,90
0,p18591,24,1
0,p18592,68,44
0,p18593,53,1
0,p18594,95,65
0,p18595,37,1
0,p18596,1,60
0,p18597,1,78
0,p18598,29,1
0,p18599,16,1
0,p18600,1,76
0,p18601,1,62
0,p18602,10,1
0,p18603,1,70
0,p18604,24,1
0,p18605,1,37
0,p18606,1,23
0,p18607,53,3
0,p18608,92,1
0,p18609,18,13
0,p18610,23,1
0,p18611,64,1
0,p18612,38,67
0,p18613,53,2
0,p18614,1,31
0,p18615,14,56
0,p18616,7,37
0,p18617,7,1
0,p18618,21,2
0,p18619,1,29
0,p18620,40,42
0,p18621,1,74
0,p18622,53,75
0,p18623,28,1
0,p18624,46,87
0,p18625,52,74
0,p18626,1,90
0,p18627,84,44
0,p18628,87,1
0,p18629,1,32
0,p18630,1,68
0,p18631,4,1
0,p18632,48,1
0,p18633,24,37
0,p18634,15,20
0,p18635,84,5
0,p18636,6,1
0,p18637,75,1
0,p18638,12,1
0,p18639,4,78
0,p18640,1,65
0,p18641,79,56
0,p18642,1,12
0,p18643,60,1
0,p18644,1,60
0,p18645,50,1
0,p18646,1,48
0,p18647,1,4
0,p18648,1,78
0,p18649,1,67
0,p18650,1,73
0,p18651,1,92
0,p18652,16,59
0,p18653,54,55
0,p18654,36,72
0,p18655,1,31
0,p18656,90,1
0,p18657,1,4
0,p18658,1,96
0,p18659,43,1
0,p18660,1,8
0,p18661,1,87
0,p18662,4,1
0,p18663,70,38
0,p18664,1,23
0,p18665,20,1
0,p18666,40,96
0,p18667,23,1
0,p18668,15,1
0,p18669,80,1
0,p18670,47,1
0,p18671,1,60
0,p18672,6,57
0,p18673,39,55
0,p18674,87,63
0,p18675,47,1
0,p18676,22,1
0,p18677,62,1
0,p18678,58,1
0,p18679,74,1
0,p18680,93,1
0,p18681,1,44
0,p18682,44,1
0,p18683,1,42
0,p18684,1,66
0,p18685,23,1
0,p18686,78,1
0,p18687,62,1
0,p18688,50,1
0,p18689,42,1
0,p18690,32,57
0,p18691,84,1
0,p18692,1,10
0,p18693,1,32
0,p18694,48,1
0,p18695,39,100
0,p18696,57,1
0,p18697,1,67
0,p18698,77,97
0,p18699,6,22
0,p18700,70,28
0,p18701,82,1
0,p18702,75,34
0,p18703,1,15
0,p18704,65,1
0,p18705,1,28
0,p18706,1,40
0,p18707,72,39
0,p18708,1,47
0,p18709,16,13
0,p18710,60,1
0,p18711,8,78
0,p18712,1,65
0,p18713,1,5
0,p18714,26,86
0,p18715,1,8
0,p18716,42,1
0,p18717,1,91
0,p18718,12,1
0,p18719,1,62
0,p18720,24,1
0,p18721,1,27
0,p18722,27,24
0,p18723,24,53
0,p18724,1,95
0,p18725,35,39
0,p18726,56,21
0,p18727,1,26
0,p18728,85,1
0,p18729,71,1
0,p18730,1,77
0,p18731,53,1
0,p18732,90,1
0,p18733,60,38
0,p18734,70,1
0,p18735,97,1
0,p18736,1,90
0,p18737,94,35
0,p18738,26,1
0,p18739,63,1
0,p18740,42,72
0,p18741,1,73
0,p18742,70,86
0,p18743,62,46
0,p18744,32,27
0,p18745,1,89
0,p18746,34,53
0,p18747,1,65
0,p18748,1,24
0,p18749,59,45
0,p18750,9,71
0,p18751,1,30
0,p18752,69,1
0,p18753,55,1
0,p18754,1,87
0,p18755,75,97
0,p18756,41,56
0,p18757,14,1
0,p18758,78,77
0,p18759,22,1
0,p18760,1,48
0,p18761,1,76
0,p18762,21,97
0,p18763,27,1
0,p18764,1,81
0,p18765,87,76
0,p18766,10,1
0,p18767,35,1
0,p18768,1,2
0,p18769,14,1
0,p18770,1,29
0,p18771,1,71
0,p18772,99,1
0,p18773,67,2
0,p18774,9,11
0,p18775,1,10
0,p18776,67,16
0,p18777,1,84
0,p18778,4,7
0,p18779,1,27
0,p18780,1,17
0,p18781,51,1
0,p18782,20,75
0,p18783,22,1
0,p18784,54,2
0,p18785,17,1
0,p18786,1,71
0,p18787,1,19
0,p18788,67,62
0,p18789,26,49
0,p18790,1,68
0,p18791,87,83
0,p18792,1,5
0,p18793,53,1
0,p18794,56,78
0,p18795,75,1
0,p18796,74,1
0,p18797,1,60
0,p18798,23,51
0,p18799,26,1
0,p18800,1,14
0,p18801,85,1
0,p18802,10,97
0,p18803,95,1
0,p18804,30,1
0,p18805,3,1
0,p18806,60,99
0,p18807,1,21
0,p18808,1,65
0,p18809,70,73
0,p18810,80,98
0,p18811,99,24
0,p18812,82,1
0,p18813,94,67
0,p18814,28,1
0,p18815,1,79
0,p18816,8,7
0,p18817,20,1
0,p18818,81,1
0,p18819,22,89
0,p18820,1,7
0,p18821,68,1
0,p18822,64,1
0,p18823,38,1
0,p18824,1,38
0,p18825,73,1
0,p18826,63,96
0,p18827,76,7
0,p18828,1,63
0,p18829,95,1
0,p18830,4,1
0,p18831,66,1
0,p18832,14,1
0,p18833,49,7
0,p18834,1,48
0,p18835,13,1
0,p18836,1,91
0,p18837,31,1
0,p18838,19,1
0,p18839,1,100
0,p18840,85,77
0,p18841,1,95
0,p18842,10,1
0,p18843,57,30
0,p18844,1,88
0,p18845,83,28
0,p18846,1,28
0,p18847,49,30
0,p18848,22,1
0,p18849,82,10
0,p18850,22,1
0,p18851,92,1
0,p18852,1,47
0,p18853,1,57
0,p18854,76,1
0,p18855,27,78
0,p18856,1,80
0,p18857,60,99
0,p18858,25,1
0,p18859,5,24
0,p18860,92,1
0,p18861,89,93
0,p18862,72,1
0,p18863,1,53
0,p18864,81,1
0,p18865,66,19
0,p18866,1,40
0,p18867,1,26
0,p18868,1,81
0,p18869,1,47
0,p18870,14,1
0,p18871,1,58
0,p18872,89,62
0,p18873,18,15
0,p18874,1,5
0,p18875,1,92
0,p18876,77,1
0,p18877,53,1
0,p18878,3,20
0,p18879,1,6
0,p18880,9,1
0,p18881,84,13
0,p18882,7,81
0,p18883,24,30
0,p18884,1,15
0,p18885,2,58
0,p18886,53,4
0,p18887,2,5
0,p18888,11,88
0,p18889,1,76
0,p18890,40,1
0,p18891,1,47
0,p18892,83,4
0,p18893,1,100
0,p18894,36,1
0,p18895,1,3
0,p18896,66,1
0,p18897,1,27
0,p18898,1,85
0,p18899,25,1
0,p18900,82,21
0,p18901,53,1
0,p18902,46,72
0,p18903,1,14
0,p18904,12,1
0,p18905,100,90
0,p18906,1,23
0,p18907,38,32
0,p18908,66,1
0,p18909,2,37
0,p18910,55,10
0,p18911,1,35
0,p18912,1,77
0,p18913,1,5
0,p18914,1,22
0,p18915,18,1
0,p18916,26,1
0,p18917,1,100
0,p18918,15,43
0,p18919,1,28
0,p18920,1,19
0,p18921,69,11
0,p18922,16,1
0,p18923,66,47
0,p18924,86,1
0,p18925,41,1
0,p18926,52,1
0,p18927,1,69
0,p18928,1,73
0,p18929,1,27
0,p18930,84,1
0,p18931,33,84
0,p18932,1,20
0,p18933,67,1
0,p18934,4,18
0,p18935,44,1
0,p18936,4,1
0,p18937,9,27
0,p18938,62,76
0,p18939,89,8
0,p18940,24,96
0,p18941,1,90
0,p18942,90,1
0,p18943,1,96
0,p18944,69,1
0,p18945,1,41
0,p18946,1,77
0,p18947,1,62
0,p18948,44,83
0,p18949,38,1
0,p18950,1,76
0,p18951,91,78
0,p18952,1,20
0,p18953,1,21
0,p18954,1,2
0,p18955,1,80
0,p18956,1,67
0,p18957,97,86
0,p18958,22,96
0,p18959,20,34
0,p18960,1,98
0,p18961,85,1
0,p18962,32,1
0,p18963,1,83
0,p18964,79,76
0,p18965,1,86
0,p18966,8,69
0,p18967,12,49
0,p18968,47,40
0,p18969,1,41
0,p18970,22,23
0,p18971,39,1
0,p18972,35,97
0,p18973,44,18
0,p18974,5,50
0,p18975,75,80
0,p18976,45,1
0,p18977,31,80
0,p18978,65,48
0,p18979,68,55
0,p18980,3,1
0,p18981,30,96
0,p18982,1,77
0,p18983,1,5
0,p18984,32,8
0,p18985,23,28
0,p18986,8,51
0,p18987,1,49
0,p18988,8,1
0,p18989,1,62
0,p18990,80,1
0,p18991,95,1
0,p18992,47,33
0,p18993,1,60
0,p18994,54,83
0,p18995,1,99
0,p18996,78,1
0,p18997,60,1
0,p18998,17,1
0,p18999,79,1
0,p19000,1,52
0,p19001,21,1
0,p19002,75,1
0,p19003,78,1
0,p19004,53,1
0,p19005,33,27
0,p19006,1,44
0,p19007,25,1
0,p19008,4,19
0,p19009,74,1
0,p19010,50,27
0,p19011,1,15
0,p19012,1,58
0,p19013,2,80
0,p19014,1,84
0,p19015,57,5
0,p19016,74,1
0,p19017,41,1
0,p19018,1,56
0,p19019,1,16
0,p19020,1,12
0,p19021,86,1
0,p19022,27,1
0,p19023,85,1
0,p19024,1,46
0,p19025,3,1
0,p19026,1,91
0,p19027,97,1
0,p19028,72,1
0,p19029,54,35
0,p19030,71,23
0,p19031,1,28
0,p19032,79,1
0,p19033,27,1
0,p19034,29,1
0,p19035,27,1
0,p19036,16,1
0,p19037,16,30
0,p19038,90,50
0,p19039,58,1
0,p19040,1,54
0,p19041,69,53
0,p19042,23,1
0,p19043,1,25
0,p19044,13,36
0,p19045,1,12
0,p19046,1,16
0,p19047,80,1
0,p19048,1,95
0,p19049,68,1
0,p19050,76,88
0,p19051,8,23
0,p19052,98,28
0,p19053,23,95
0,p19054,73,59
0,p19055,26,1
0,p19056,78,1
0,p19057,1,63
0,p19058,1,5
0,p19059,1,40
0,p19060,55,1
0,p19061,5,1
0,p19062,1,55
0,p19063,37,1
0,p19064,34,71
0,p19065,1,28
0,p19066,22,1
0,p19067,1,70
0,p19068,52,88
0,p19069,1,46
0,p19070,1,13
0,p19071,52,22
0,p19072,71,1
0,p19073,100,31
0,p19074,64,1
0,p19075,20,17
0,p19076,91,64
0,p19077,1,7
0,p19078,70,1
0,p19079,1,8
0,p19080,74,46
0,p19081,16,1
0,p19082,50,66
0,p19083,92,1
0,p19084,36,1
0,p19085,97,49
0,p19086,68,70
0,p19087,15,54
0,p19088,64,21
0,p19089,1,13
0,p19090,42,1
0,p19091,1,57
0,p19092,73,1
0,p19093,18,1
0,p19094,1,18
0,p19095,1,12
0,p19096,7,1
0,p19097,14,1
0,p19098,1,60
0,p19099,33,1
0,p19100,56,34
0,p19101,35,1
0,p19102,22,57
0,p19103,16,76
0,p19104,1,57
0,p19105,1,39
0,p19106,1,70
0,p19107,11,62
0,p19108,61,37
0,p19109,1,8
0,p19110,14,1
0,p19111,1,6
0,p19112,35,75
0,p19113,30,85
0,p19114,40,1
0,p19115,89,69
0,p19116,53,93
0,p19117,31,61
0,p19118,1,16
0,p19119,1,47
0,p19120,62,96
0,p19121,23,1
0,p19122,44,1
0,p19123,31,1
0,p19124,45,36
0,p19125,7,1
0,p19126,17,1
0,p19127,41,1
0,p19128,87,91
0,p19129,85,29
0,p19130,96,66
0,p19131,97,3
0,p19132,88,1
0,p19133,91,1
0,p19134,4,35
0,p19135,63,1
0,p19136,1,4
0,p19137,1,37
0,p19138,46,1
0,p19139,1,11
0,p19140,1,95
0,p19141,1,96
0,p19142,96,94
0,p19143,6,1
0,p19144,31,8
0,p19145,52,1
0,p19146,72,1
0,p19147,55,81
0,p19148,42,87
0,p19149,43,1
0,p19150,1,24
0,p19151,1,34
0,p19152,27,57
0,p19153,22,95
0,p19154,68,36
0,p19155,75,1
0,p19156,11,1
0,p19157,1,45
0,p19158,67,37
0,p19159,1,48
0,p19160,62,89
0,p19161,7,1
0,p19162,62,56
0,p19163,70,1
0,p19164,1,20
0,p19165,3,1
0,p19166,1,82
0,p19167,1,66
0,p19168,99,91
0,p19169,90,1
0,p19170,1,27
0,p19171,58,47
0,p19172,98,69
0,p19173,65,1
0,p19174,1,86
0,p19175,71,88
0,p19176,1,50
0,p19177,97,1
0,p19178,1,42
0,p19179,85,46
0,p19180,17,80
0,p19181,1,40
0,p19182,72,54
0,p19183,13,1
0,p19184,54,1
0,p19185,53,1
0,p19186,61,21
0,p19187,80,58
0,p19188,15,4
0,p19189,54,1
0,p19190,16,1
0,p19191,1,2
0,p19192,1,71
0,p19193,1,95
0,p19194,83,1
0,p19195,89,1
0,p19196,78,1
0,p19197,5,1
0,p19198,30,55
0,p19199,1,40
0,p19200,3,21
0,p19201,1,99
0,p19202,1,22
0,p19203,1,8
0,p19204,4,1
0,p19205,48,1
0,p19206,95,15
0,p19207,64,1
0,p19208,47,1
0,p19209,1,62
0,p19210,67,59
0,p19211,9,1
0,p19212,1,40
0,p19213,15,73
0,p19214,1,20
0,p19215,95,1
0,p19216,1,69
0,p19217,88,18
0,p19218,1,34
0,p19219,5,71
0,p19220,1,6
0,p19221,1,32
0,p19222,86,1
0,p19223,1,27
0,p19224,1,10
0,p19225,80,1
0,p19226,73,1
0,p19227,91,1
0,p19228,23,94
0,p19229,16,1
0,p19230,81,35
0,p19231,39,1
0,p19232,1,83
0,p19233,3,64
0,p19234,61,26
0,p19235,1,62
0,p19236,2,19
0,p19237,72,3
0,p19238,88,1
0,p19239,8,6
0,p19240,33,1
0,p19241,27,1
0,p19242,58,1
0,p19243,100,26
0,p19244,69,54
0,p19245,59,1
0,p19246,17,52
0,p19247,94,1
0,p19248,1,21
0,p19249,1,85
0,p19250,93,1
0,p19251,18,1
0,p19252,54,1
0,p19253,44,65
0,p19254,1,10
0,p19255,65,48
0,p19256,9,26
0,p19257,1,54
0,p19258,1,19
0,p19259,7,1
0,p19260,1,75
0,p19261,1,6
0,p19262,1,4
0,p19263,91,87
0,p19264,29,96
0,p19265,93,1
0,p19266,54,28
0,p19267,49,1
0,p19268,74,1
0,p19269,1,3
0,p19270,13,1
0,p19271,69,1
0,p19272,96,1
0,p19273,1,71
0,p19274,1,7
0,p19275,56,1
0,p19276,53,1
0,p19277,90,1
0,p19278,1,64
0,p19279,96,1
0,p19280,60,1
0,p19281,46,1
0,p19282,1,51
0,p19283,1,54
0,p19284,39,1
0,p19285,1,76
0,p19286,27,1
0,p19287,1,66
0,p19288,97,79
0,p19289,4,1
0,p19290,79,83
0,p19291,1,61
0,p19292,74,1
0,p19293,94,1
0,p19294,1,5
0,p19295,44,90
0,p19296,1,11
0,p19297,1,84
0,p19298,53,47
0,p19299,23,1
0,p19300,1,26
0,p19301,87,1
0,p19302,37,1
0,p19303,28,14
0,p19304,1,87
0,p19305,60,66
0,p19306,1,76
0,p19307,40,3
0,p19308,5,1
0,p19309,4,1
0,p19310,1,54
0,p19311,93,26
0,p19312,72,1
0,p19313,60,43
0,p19314,78,1
0,p19315,57,16
0,p19316,32,49
0,p19317,33,1
0,p19318,17,87
0,p19319,55,56
0,p19320,39,1
0,p19321,59,1
0,p19322,1,80
0,p19323,68,20
0,p19324,72,35
0,p19325,98,1
0,p19326,1,36
0,p19327,1,72
0,p19328,78,93
0,p19329,73,1
0,p19330,42,20
0,p19331,1,23
0,p19332,1,73
0,p19333,1,33
0,p19334,95,1
0,p19335,47,1
0,p19336,5,1
0,p19337,24,1
0,p19338,1,34
0,p19339,1,61
0,p19340,43,100
0,p19341,32,1
0,p19342,1,56
0,p19343,41,1
0,p19344,6,63
0,p19345,1,3
0,p19346,29,58
0,p19347,51,96
0,p19348,86,1
0,p19349,1,4
0,p19350,1,75
0,p19351,26,97
0,p19352,1,86
0,p19353,1,27
0,p19354,1,41
0,p19355,49,81
0,p19356,24,1
0,p19357,1,98
0,p19358,1,30
0,p19359,74,56
0,p19360,1,6
0,p19361,100,1
0,p19362,1,79
0,p19363,20,1
0,p19364,1,25
0,p19365,30,1
0,p19366,1,72
0,p19367,1,99
0,p19368,52,1
0,p19369,1,67
0,p19370,91,1
0,p19371,69,56
0,p19372,83,1
0,p19373,28,32
0,p19374,94,19
0,p19375,1,16
0,p19376,28,30
0,p19377,1,53
0,p19378,75,1
0,p19379,16,1
0,p19380,1,73
0,p19381,1,29
0,p19382,79,36
0,p19383,57,1
0,p19384,28,96
0,p19385,1,42
0,p19386,89,11
0,p19387,1,62
0,p19388,72,1
0,p19389,6,46
0,p19390,87,1
0,p19391,1,49
0,p19392,39,1
0,p19393,92,1
0,p19394,1,67
0,p19395,89,7
0,p19396,1,38
0,p19397,47,27
0,p19398,86,10
0,p19399,60,37
0,p19400,3,1
0,p19401,23,87
0,p19402,18,1
0,p19403,1,18
0,p19404,4,1
0,p19405,88,77
0,p19406,35,1
0,p19407,1,5
0,p19408,93,1
0,p19409,36,98
0,p19410,79,1
0,p19411,84,1
0,p19412,9,7
0,p19413,57,28
0,p19414,20,1
0,p19415,1,55
0,p19416,89,1
0,p19417,83,94
0,p19418,1,82
0,p19419,47,73
0,p19420,1,20
0,p19421,1,93
0,p19422,1,32
0,p19423,14,80
0,p19424,65,88
0,p19425,1,61
0,p19426,26,33
0,p19427,1,6
0,p19428,18,1
0,p19429,1,73
0,p19430,47,1
0,p19431,88,1
0,p19432,34,1
0,p19433,9,36
0,p19434,1,89
0,p19435,35,27
0,p19436,61,41
0,p19437,32,1
0,p19438,1,65
0,p19439,48,1
0,p19440,1,60
0,p19441,35,1
0,p19442,27,25
0,p19443,1,63
0,p19444,38,1
0,p19445,4,20
0,p19446,43,1
0,p19447,66,1
0,p19448,86,1
0,p19449,88,79
0,p19450,1,52
0,p19451,1,53
0,p19452,1,10
0,p19453,1,78
0,p19454,1,5
0,p19455,73,9
0,p19456,65,1
0,p19457,5,1
0,p19458,91,78
0,p19459,84,95
0,p19460,1,94
0,p19461,1,53
0,p19462,1,58
0,p19463,84,1
0,p19464,74,37
0,p19465,98,64
0,p19466,53,1
0,p19467,58,14
0,p19468,13,83
0,p19469,87,1
0,p19470,98,41
0,p19471,76,7
0,p19472,73,1
0,p19473,1,75
0,p19474,81,1
0,p19475,85,1
0,p19476,34,1
0,p19477,85,78
0,p19478,1,29
0,p19479,1,84
0,p19480,1,47
0,p19481,96,1
0,p19482,36,58
0,p19483,12,1
0,p19484,1,97
0,p19485,73,8
0,p19486,1,19
0,p19487,95,1
0,p19488,87,13
0,p19489,55,1
0,p19490,1,13
0,p19491,41,1
0,p19492,11,1
0,p19493,29,1
0,p19494,1,40
0,p19495,11,1
0,p19496,46,57
0,p19497,1,37
0,p19498,1,36
0,p19499,1,73
0,p19500,79,62
0,p19501,1,98
0,p19502,1,62
0,p19503,81,68
0,p19504,37,92
0,p19505,55,1
0,p19506,23,1
0,p19507,4,10
0,p19508,87,1
0,p19509,1,43
0,p19510,94,45
0,p19511,93,1
0,p19512,1,9
0,p19513,1,3
0,p19514,62,50
0,p19515,89,34
0,p19516,1,61
0,p19517,1,97
0,p19518,1,80
0,p19519,64,44
0,p19520,34,1
0,p19521,1,14
0,p19522,11,1
0,p19523,8,77
0,p19524,48,1
0,p19525,1,84
0,p19526,94,31
0,p19527,22,84
0,p19528,78,1
0,p19529,1,14
0,p19530,46,63
0,p19531,6,1
0,p19532,13,37
0,p19533,14,8
0,p19534,44,71
0,p19535,1,75
0,p19536,29,1
0,p19537,1,27
0,p19538,40,69
0,p19539,26,3
0,p19540,1,30
0,p19541,70,39
0,p19542,75,1
0,p19543,96,1
0,p19544,64,1
0,p19545,98,1
0,p19546,10,80
0,p19547,1,12
0,p19548,19,1
0,p19549,26,38
0,p19550,80,1
0,p19551,1,81
0,p19552,14,1
0,p19553,51,1
0,p19554,4,8
0,p19555,65,1
0,p19556,1,100
0,p19557,96,94
0,p19558,33,1
0,p19559,35,1
0,p19560,1,57
0,p19561,39,1
0,p19562,1,37
0,p19563,1,70
0,p19564,53,1
0,p19565,1,83
0,p19566,33,35
0,p19567,72,1
0,p19568,17,69
0,p19569,55,1
0,p19570,1,12
0,p19571,70,31
0,p19572,34,87
0,p19573,9,1
0,p19574,20,1
0,p19575,48,1
0,p19576,33,1
0,p19577,60,1
0,p19578,3,82
0,p19579,89,1
0,p19580,73,1
0,p19581,68,1
0,p19582,1,29
0,p19583,43,34
0,p19584,1,67
0,p19585,1,48
0,p19586,7,1
0,p19587,18,17
0,p19588,1,88
0,p19589,1,18
0,p19590,79,12
0,p19591,1,100
0,p19592,1,13
0,p19593,3,1
0,p19594,1,95
0,p19595,71,85
0,p19596,43,61
0,p19597,88,85
0,p19598,1,65
0,p19599,26,1
0,p19600,1,8
0,p19601,1,55
0,p19602,10,9
0,p19603,2,100
0,p19604,89,1
0,p19605,64,1
0,p19606,16,1
0,p19607,62,64
0,p19608,2,1
0,p19609,23,79
0,p19610,40,75
0,p19611,87,1
0,p19612,1,47
0,p19613,79,25
0,p19614,39,1
0,p19615,23,79
0,p19616,86,1
0,p19617,1,47
0,p19618,1,79
0,p19619,67,95
0,p19620,31,45
0,p19621,59,1
0,p19622,1,99
0,p19623,62,1
0,p19624,74,16
0,p19625,88,1
0,p19626,8,74
0,p19627,1,23
0,p19628,88,1
0,p19629,1,68
0,p19630,1,46
0,p19631,72,1
0,p19632,44,6
0,p19633,1,59
0,p19634,96,89
0,p19635,58,23
0,p19636,39,27
0,p19637,14,1
0,p19638,1,15
0,p19639,25,1
0,p19640,67,1
0,p19641,1,75
0,p19642,4,1
0,p19643,1,90
0,p19644,1,79
0,p19645,25,77
0,p19646,53,18
0,p19647,1,42
0,p19648,1,53
0,p19649,1,22
0,p19650,1,52
0,p19651,1,2
0,p19652,67,1
0,p19653,10,11
0,p19654,92,1
0,p19655,1,37
0,p19656,97,84
0,p19657,92,1
0,p19658,67,90
0,p19659,4,1
0,p19660,9,1
0,p19661,90,80
0,p19662,1,42
0,p19663,1,92
0,p19664,100,60
0,p19665,60,88
0,p19666,57,1
0,p19667,1,49
0,p19668,1,45
0,p19669,1,91
0,p19670,70,1
0,p19671,33,50
0,p19672,7,13
0,p19673,1,67
0,p19674,86,22
0,p19675,38,8
0,p19676,1,43
0,p19677,51,49
0,p19678,1,83
0,p19679,100,1
0,p19680,1,64
0,p19681,1,25
0,p19682,84,20
0,p19683,1,34
0,p19684,56,1
0,p19685,96,35
0,p19686,3,1
0,p19687,1,85
0,p19688,1,24
0,p19689,36,11
0,p19690,1,49
0,p19691,1,88
0,p19692,1,93
0,p19693,1,54
0,p19694,1,8
0,p19695,36,45
0,p19696,49,52
0,p19697,78,99
0,p19698,23,70
0,p19699,71,1
0,p19700,1,49
0,p19701,12,3
0,p19702,77,92
0,p19703,1,57
0,p19704,74,30
0,p19705,20,56
0,p19706,36,51
0,p19707,62,1
0,p19708,99,17
0,p19709,1,48
0,p19710,97,21
0,p19711,51,57
0,p19712,90,1
0,p19713,72,1
0,p19714,58,72
0,p19715,1,53
0,p19716,63,52
0,p19717,57,1
0,p19718,52,27
0,p19719,28,32
0,p19720,42,1
0,p19721,1,27
0,p19722,1,85
0,p19723,55,1
0,p19724,93,85
0,p19725,85,1
0,p19726,80,51
0,p19727,38,1
0,p19728,42,54
0,p19729,1,23
0,p19730,100,50
0,p19731,43,1
0,p19732,1,91
0,p19733,64,18
0,p19734,3,1
0,p19735,22,1
0,p19736,59,1
0,p19737,12,1
0,p19738,10,1
0,p19739,78,1
0,p19740,10,42
0,p19741,52,1
0,p19742,22,1
0,p19743,1,2
0,p19744,60,85
0,p19745,24,65
0,p19746,45,1
0,p19747,79,1
0,p19748,23,1
0,p19749,5,1
0,p19750,1,36
0,p19751,34,20
0,p19752,26,1
0,p19753,26,15
0,p19754,68,10
0,p19755,76,3
0,p19756,98,30
0,p19757,1,9
0,p19758,1,68
0,p19759,76,47
0,p19760,20,1
0,p19761,23,1
0,p19762,1,97
0,p19763,22,1
0,p19764,19,1
0,p19765,2,42
0,p19766,57,1
0,p19767,23,1
0,p19768,21,1
0,p19769,37,1
0,p19770,1,3
0,p19771,53,79
0,p19772,39,65
0,p19773,1,98
0,p19774,9,81
0,p19775,11,1
0,p19776,1,82
0,p19777,1,57
0,p19778,72,13
0,p19779,1,57
0,p19780,32,17
0,p19781,1,25
0,p19782,63,27
0,p19783,1,64
0,p19784,99,1
0,p19785,1,92
0,p19786,1,2
0,p19787,15,66
0,p19788,78,46
0,p19789,4,65
0,p19790,1,30
0,p19791,13,100
0,p19792,54,1
0,p19793,38,1
0,p19794,72,1
0,p19795,44,39
0,p19796,1,37
0,p19797,1,13
0,p19798,1,83
0,p19799,1,54
0,p19800,81,85
0,p19801,1,44
0,p19802,1,56
0,p19803,40,39
0,p19804,19,54
0,p19805,1,68
0,p19806,85,77
0,p19807,1,47
0,p19808,78,1
0,p19809,1,43
0,p19810,24,45
0,p19811,71,29
0,p19812,1,14
0,p19813,22,79
0,p19814,1,15
0,p19815,6,1
0,p19816,1,100
0,p19817,40,1
0,p19818,1,78
0,p19819,26,65
0,p19820,51,32
0,p19821,66,1
0,p19822,1,45
0,p19823,45,33
0,p19824,77,51
0,p19825,44,1
0,p19826,1,16
0,p19827,36,1
0,p19828,1,77
0,p19829,77,1
0,p19830,64,42
0,p19831,100,28
0,p19832,91,19
0,p19833,40,93
0,p19834,44,94
0,p19835,54,1
0,p19836,1,77
0,p19837,1,100
0,p19838,78,1
0,p19839,1,61
0,p19840,37,1
0,p19841,44,38
0,p19842,93,84
0,p19843,1,75
0,p19844,28,1
0,p19845,1,60
0,p19846,1,92
0,p19847,18,92
0,p19848,3,93
0,p19849,45,1
0,p19850,1,69
0,p19851,1,59
0,p19852,67,48
0,p19853,32,1
0,p19854,1,41
0,p19855,46,15
0,p19856,77,1
0,p19857,53,1
0,p19858,1,42
0,p19859,93,1
0,p19860,37,53
0,p19861,1,9
0,p19862,11,100
0,p19863,1,97
0,p19864,1,15
0,p19865,1,33
0,p19866,21,88
0,p19867,59,1
0,p19868,77,1
0,p19869,33,1
0,p19870,1,12
0,p19871,1,65
0,p19872,32,1
0,p19873,100,1
0,p19874,47,1
0,p19875,96,1
0,p19876,11,88
0,p19877,65,1
0,p19878,44,1
0,p19879,1,3
0,p19880,1,34
0,p19881,91,8
0,p19882,47,37
0,p19883,82,80
0,p19884,64,16
0,p19885,1,36
0,p19886,39,33
0,p19887,91,1
0,p19888,12,56
0,p19889,1,36
0,p19890,73,1
0,p19891,72,33
0,p19892,1,76
0,p19893,66,1
0,p19894,81,1
0,p19895,64,93
0,p19896,1,99
0,p19897,46,1
0,p19898,1,25
0,p19899,75,9
0,p19900,5,1
0,p19901,67,1
0,p19902,1,14
0,p19903,58,98
0,p19904,16,40
0,p19905,21,47
0,p19906,1,34
0,p19907,64,41
0,p19908,45,58
0,p19909,1,28
0,p19910,63,1
0,p19911,61,1
0,p19912,1,41
0,p19913,52,1
0,p19914,1,43
0,p19915,71,1
0,p19916,43,1
0,p19917,3,1
0,p19918,52,62
0,p19919,32,24
0,p19920,6,74
0,p19921,1,35
0,p19922,1,98
0,p19923,9,1
0,p19924,5,48
0,p19925,50,29
0,p19926,90,1
0,p19927,1,43
0,p19928,51,85
0,p19929,1,21
0,p19930,1,63
0,p19931,57,39
0,p19932,26,1
0,p19933,65,6
0,p19934,1,2
0,p19935,57,1
0,p19936,1,77
0,p19937,1,13
0,p19938,1,38
0,p19939,76,1
0,p19940,71,10
0,p19941,1,9
0,p19942,16,62
0,p19943,86,31
0,p19944,1,51
0,p19945,1,10
0,p19946,91,35
0,p19947,31,1
0,p19948,83,74
0,p19949,1,81
0,p19950,15,80
0,p19951,1,90
0,p19952,26,13
0,p19953,1,81
0,p19954,1,39
0,p19955,79,74
0,p19956,1,7
0,p19957,18,1
0,p19958,2,1
0,p19959,1,100
0,p19960,54,59
0,p19961,1,80
0,p19962,29,71
0,p19963,67,2
0,p19964,15,97
0,p19965,38,13
0,p19966,89,3
0,p19967,1,13
0,p19968,47,69
0,p19969,10,93
0,p19970,60,2
0,p19971,1,76
0,p19972,56,85
0,p19973,56,1
0,p19974,19,5
0,p19975,92,67
0,p19976,12,1
0,p19977,80,91
0,p19978,1,3
0,p19979,25,99
0,p19980,90,1
0,p19981,1,16
0,p19982,1,20
0,p19983,2,7
0,p19984,83,1
0,p19985,59,6
0,p19986,85,24
0,p19987,79,1
0,p19988,65,1
0,p19989,64,77
0,p19990,32,1
0,p19991,68,38
0,p19992,27,75
0,p19993,1,97
0,p19994,29,1
0,p19995,6,1
0,p19996,3,1
0,p19997,90,71
0,p19998,44,67
0,p19999,79,47
