time,id,source,dest
0,p0,30,91
0,p1,69,33
0,p2,20,59
0,p3,10,1
0,p4,15,1
0,p5,1,50
0,p6,1,32
0,p7,1,51
0,p8,1,71
0,p9,51,62
0,p10,2,86
0,p11,1,53
0,p12,58,1
0,p13,70,85
0,p14,83,1
0,p15,11,80
0,p16,1,30
0,p17,1,11
0,p18,49,1
0,p19,1,48
0,p20,36,97
0,p21,1,26
0,p22,100,82
0,p23,9,1
0,p24,1,68
0,p25,30,19
0,p26,3,35
0,p27,1,4
0,p28,93,1
0,p29,98,76
0,p30,68,51
0,p31,1,68
0,p32,1,68
0,p33,83,1
0,p34,22,79
0,p35,1,52
0,p36,64,1
0,p37,51,91
0,p38,1,92
0,p39,1,70
0,p40,100,1
0,p41,54,1
0,p42,95,1
0,p43,1,20
0,p44,23,54
0,p45,13,3
0,p46,49,31
0,p47,81,55
0,p48,18,49
0,p49,46,90
0,p50,31,1
0,p51,1,46
0,p52,1,27
0,p53,1,54
0,p54,26,25
0,p55,6,78
0,p56,1,14
0,p57,56,89
0,p58,86,1
0,p59,57,1
0,p60,24,25
0,p61,89,1
0,p62,1,94
0,p63,1,79
0,p64,1,17
0,p65,83,70
0,p66,23,1
0,p67,95,1
0,p68,1,24
0,p69,35,1
0,p70,67,71
0,p71,95,10
0,p72,1,64
0,p73,42,32
0,p74,76,15
0,p75,1,39
0,p76,8,1
0,p77,44,48
0,p78,1,67
0,p79,27,97
0,p80,1,15
0,p81,55,10
0,p82,29,1
0,p83,1,54
0,p84,1,90
0,p85,5,56
0,p86,64,10
0,p87,43,16
0,p88,54,1
0,p89,23,1
0,p90,1,58
0,p91,85,19
0,p92,55,1
0,p93,41,1
0,p94,44,1
0,p95,76,60
0,p96,1,78
0,p97,8,40
0,p98,1,99
0,p99,25,1
0,p100,55,78
0,p101,3,2
0,p102,41,4
0,p103,1,66
0,p104,64,61
0,p105,1,93
0,p106,33,28
0,p107,44,6
0,p108,34,1
0,p109,41,97
0,p110,40,1
0,p111,21,1
0,p112,1,92
0,p113,1,77
0,p114,1,28
0,p115,46,16
0,p116,48,37
0,p117,1,91
0,p118,8,9
0,p119,1,31
0,p120,7,3
0,p121,74,94
0,p122,1,60
0,p123,83,1
0,p124,78,1
0,p125,1,78
0,p126,70,1
0,p127,1,36
0,p128,21,95
0,p129,5,1
0,p130,1,59
0,p131,94,33
0,p132,1,23
0,p133,32,1
0,p134,1,65
0,p135,1,72
0,p136,1,94
0,p137,16,1
0,p138,66,1
0,p139,45,1
0,p140,76,1
0,p141,84,37
0,p142,42,38
0,p143,45,55
0,p144,1,75
0,p145,47,1
0,p146,37,1
0,p147,1,82
0,p148,1,78
0,p149,23,1
0,p150,89,1
0,p151,68,1
0,p152,97,34
0,p153,1,27
0,p154,1,89
0,p155,1,49
0,p156,1,20
0,p157,63,85
0,p158,85,1
0,p159,29,2
0,p160,54,61
0,p161,88,1
0,p162,41,69
0,p163,15,20
0,p164,1,27
0,p165,100,1
0,p166,6,56
0,p167,61,19
0,p168,7,10
0,p169,67,34
0,p170,1,86
0,p171,26,99
0,p172,27,1
0,p173,1,82
0,p174,65,1
0,p175,1,75
0,p176,18,1
0,p177,26,12
0,p178,20,1
0,p179,1,56
0,p180,52,21
0,p181,38,1
0,p182,17,100
0,p183,22,12
0,p184,80,90
0,p185,22,80
0,p186,96,1
0,p187,1,63
0,p188,1,79
0,p189,1,38
0,p190,1,89
0,p191,50,57
0,p192,23,86
0,p193,46,83
0,p194,1,77
0,p195,1,4
0,p196,1,21
0,p197,1,74
0,p198,80,1
0,p199,16,1
0,p200,1,42
0,p201,15,1
0,p202,1,90
0,p203,29,1
0,p204,1,85
0,p205,1,37
0,p206,88,1
0,p207,1,99
0,p208,70,1
0,p209,1,54
0,p210,70,18
0,p211,48,1
0,p212,7,41
0,p213,1,57
0,p214,70,90
0,p215,42,63
0,p216,7,78
0,p217,74,46
0,p218,1,40
0,p219,15,1
0,p220,100,1
0,p221,1,52
0,p222,1,23
0,p223,49,1
0,p224,30,1
0,p225,74,72
0,p226,72,52
0,p227,81,1
0,p228,92,46
0,p229,18,1
0,p230,69,35
0,p231,1,26
0,p232,8,93
0,p233,21,84
0,p234,1,48
0,p235,79,39
0,p236,67,1
0,p237,51,5
0,p238,52,15
0,p239,50,1
0,p240,99,1
0,p241,37,1
0,p242,77,1
0,p243,23,1
0,p244,1,64
0,p245,1,40
0,p246,30,45
0,p247,76,31
0,p248,1,70
0,p249,66,1
0,p250,1,72
0,p251,37,59
0,p252,52,4
0,p253,54,1
0,p254,16,1
0,p255,1,99
0,p256,1,86
0,p257,39,31
0,p258,68,51
0,p259,28,19
0,p260,4,79
0,p261,38,85
0,p262,75,65
0,p263,94,1
0,p264,69,38
0,p265,73,1
0,p266,30,26
0,p267,1,35
0,p268,1,7
0,p269,29,36
0,p270,79,49
0,p271,1,52
0,p272,39,6
0,p273,1,5
0,p274,1,5
0,p275,64,94
0,p276,90,1
0,p277,35,1
0,p278,1,76
0,p279,1,22
0,p280,35,55
0,p281,42,5
0,p282,33,1
0,p283,1,62
0,p284,1,4
0,p285,1,13
0,p286,1,27
0,p287,1,100
0,p288,33,1
0,p289,1,43
0,p290,89,15
0,p291,74,33
0,p292,23,4
0,p293,1,59
0,p294,1,97
0,p295,13,43
0,p296,21,42
0,p297,98,1
0,p298,1,14
0,p299,11,1
0,p300,76,64
0,p301,1,37
0,p302,1,24
0,p303,58,11
0,p304,95,1
0,p305,32,1
0,p306,38,39
0,p307,1,59
0,p308,21,1
0,p309,17,1
0,p310,1,83
0,p311,1,35
0,p312,1,65
0,p313,35,42
0,p314,1,63
0,p315,4,36
0,p316,1,41
0,p317,1,32
0,p318,73,32
0,p319,83,1
0,p320,65,1
0,p321,45,1
0,p322,88,1
0,p323,47,57
0,p324,1,91
0,p325,39,97
0,p326,51,1
0,p327,73,39
0,p328,1,29
0,p329,36,1
0,p330,1,4
0,p331,59,31
0,p332,39,1
0,p333,66,1
0,p334,1,32
0,p335,1,28
0,p336,68,31
0,p337,57,1
0,p338,51,17
0,p339,22,1
0,p340,1,87
0,p341,17,1
0,p342,1,58
0,p343,24,1
0,p344,99,1
0,p345,1,35
0,p346,96,8
0,p347,10,1
0,p348,1,26
0,p349,15,88
0,p350,61,65
0,p351,1,11
0,p352,1,74
0,p353,15,1
0,p354,25,1
0,p355,1,41
0,p356,42,1
0,p357,98,1
0,p358,1,32
0,p359,9,23
0,p360,89,1
0,p361,63,1
0,p362,22,37
0,p363,67,31
0,p364,1,60
0,p365,1,46
0,p366,32,1
0,p367,8,97
0,p368,1,32
0,p369,2,1
0,p370,1,28
0,p371,1,51
0,p372,1,58
0,p373,59,1
0,p374,1,35
0,p375,1,50
0,p376,90,1
0,p377,16,1
0,p378,1,68
0,p379,1,9
0,p380,1,64
0,p381,1,97
0,p382,74,1
0,p383,1,54
0,p384,67,90
0,p385,1,93
0,p386,87,1
0,p387,8,84
0,p388,46,1
0,p389,88,1
0,p390,1,42
0,p391,25,12
0,p392,35,1
0,p393,2,31
0,p394,91,1
0,p395,4,49
0,p396,18,1
0,p397,72,1
0,p398,1,2
0,p399,1,49
0,p400,99,1
0,p401,26,60
0,p402,4,73
0,p403,30,75
0,p404,37,73
0,p405,89,1
0,p406,86,98
0,p407,91,55
0,p408,73,66
0,p409,6,12
0,p410,2,1
0,p411,97,1
0,p412,1,62
0,p413,76,6
0,p414,1,7
0,p415,1,30
0,p416,71,52
0,p417,1,95
0,p418,93,1
0,p419,1,46
0,p420,1,6
0,p421,74,1
0,p422,84,1
0,p423,67,1
0,p424,1,56
0,p425,91,76
0,p426,1,99
0,p427,27,1
0,p428,96,1
0,p429,47,54
0,p430,58,86
0,p431,1,76
0,p432,45,93
0,p433,61,83
0,p434,89,1
0,p435,1,84
0,p436,1,21
0,p437,1,87
0,p438,54,13
0,p439,66,21
0,p440,93,82
0,p441,42,47
0,p442,1,6
0,p443,1,59
0,p444,1,88
0,p445,37,1
0,p446,27,1
0,p447,56,1
0,p448,97,1
0,p449,75,1
0,p450,1,98
0,p451,1,31
0,p452,1,98
0,p453,60,1
0,p454,44,1
0,p455,84,42
0,p456,1,55
0,p457,67,1
0,p458,77,65
0,p459,1,80
0,p460,1,48
0,p461,13,1
0,p462,59,33
0,p463,4,1
0,p464,67,59
0,p465,78,1
0,p466,11,87
0,p467,1,43
0,p468,1,53
0,p469,83,1
0,p470,1,13
0,p471,56,1
0,p472,80,81
0,p473,47,1
0,p474,65,49
0,p475,76,81
0,p476,75,1
0,p477,1,17
0,p478,52,22
0,p479,91,1
0,p480,1,2
0,p481,55,23
0,p482,32,79
0,p483,6,1
0,p484,52,1
0,p485,1,8
0,p486,1,56
0,p487,12,51
0,p488,1,98
0,p489,1,74
0,p490,31,1
0,p491,1,14
0,p492,11,1
0,p493,72,1
0,p494,1,95
0,p495,62,1
0,p496,30,1
0,p497,16,1
0,p498,36,77
0,p499,6,3
0,p500,19,1
0,p501,1,91
0,p502,76,1
0,p503,68,89
0,p504,44,58
0,p505,61,1
0,p506,43,1
0,p507,54,1
0,p508,14,1
0,p509,1,47
0,p510,97,36
0,p511,1,76
0,p512,7,33
0,p513,59,1
0,p514,66,1
0,p515,86,31
0,p516,1,24
0,p517,48,1
0,p518,48,96
0,p519,85,1
0,p520,52,67
0,p521,81,1
0,p522,83,98
0,p523,43,1
0,p524,52,80
0,p525,1,92
0,p526,34,99
0,p527,10,1
0,p528,1,31
0,p529,86,1
0,p530,87,60
0,p531,19,1
0,p532,51,1
0,p533,1,37
0,p534,90,97
0,p535,73,1
0,p536,62,37
0,p537,29,1
0,p538,1,4
0,p539,76,21
0,p540,80,1
0,p541,1,43
0,p542,98,39
0,p543,39,80
0,p544,77,6
0,p545,73,95
0,p546,49,1
0,p547,3,1
0,p548,13,26
0,p549,29,1
0,p550,1,38
0,p551,76,1
0,p552,1,37
0,p553,1,86
0,p554,1,55
0,p555,24,1
0,p556,68,51
0,p557,1,77
0,p558,31,55
0,p559,70,51
0,p560,16,1
0,p561,80,1
0,p562,45,1
0,p563,29,1
0,p564,6,1
0,p565,1,64
0,p566,1,45
0,p567,53,1
0,p568,24,1
0,p569,66,1
0,p570,78,9
0,p571,34,2
0,p572,16,1
0,p573,1,9
0,p574,1,75
0,p575,57,50
0,p576,1,90
0,p577,12,58
0,p578,38,40
0,p579,31,8
0,p580,63,1
0,p581,69,51
0,p582,1,51
0,p583,48,1
0,p584,76,1
0,p585,1,86
0,p586,52,1
0,p587,74,1
0,p588,12,1
0,p589,1,76
0,p590,7,39
0,p591,39,1
0,p592,74,97
0,p593,1,63
0,p594,1,19
0,p595,64,73
0,p596,32,33
0,p597,1,21
0,p598,1,63
0,p599,80,1
0,p600,17,1
0,p601,95,1
0,p602,1,67
0,p603,16,28
0,p604,44,10
0,p605,1,71
0,p606,49,18
0,p607,29,39
0,p608,1,64
0,p609,27,1
0,p610,54,1
0,p611,53,1
0,p612,28,1
0,p613,1,55
0,p614,1,77
0,p615,1,73
0,p616,94,63
0,p617,1,5
0,p618,83,1
0,p619,30,1
0,p620,89,1
0,p621,99,1
0,p622,1,76
0,p623,1,6
0,p624,77,1
0,p625,8,84
0,p626,1,100
0,p627,45,1
0,p628,47,1
0,p629,31,1
0,p630,38,1
0,p631,92,1
0,p632,1,44
0,p633,65,1
0,p634,33,1
0,p635,78,42
0,p636,2,1
0,p637,1,76
0,p638,48,1
0,p639,2,64
0,p640,10,36
0,p641,43,1
0,p642,1,89
0,p643,29,1
0,p644,1,93
0,p645,1,66
0,p646,27,1
0,p647,75,70
0,p648,1,92
0,p649,12,1
0,p650,73,1
0,p651,66,1
0,p652,1,51
0,p653,82,55
0,p654,1,65
0,p655,28,1
0,p656,28,62
0,p657,1,89
0,p658,17,80
0,p659,55,16
0,p660,31,10
0,p661,52,80
0,p662,69,1
0,p663,6,26
0,p664,11,1
0,p665,23,1
0,p666,100,44
0,p667,1,30
0,p668,80,1
0,p669,1,72
0,p670,47,1
0,p671,67,38
0,p672,1,72
0,p673,24,67
0,p674,85,1
0,p675,33,1
0,p676,84,19
0,p677,54,1
0,p678,96,1
0,p679,1,46
0,p680,98,1
0,p681,83,1
0,p682,1,47
0,p683,37,66
0,p684,1,34
0,p685,26,35
0,p686,12,5
0,p687,92,1
0,p688,1,85
0,p689,1,26
0,p690,90,35
0,p691,8,75
0,p692,13,1
0,p693,18,52
0,p694,30,99
0,p695,1,88
0,p696,1,99
0,p697,68,1
0,p698,79,1
0,p699,44,1
0,p700,1,27
0,p701,1,12
0,p702,6,1
0,p703,1,50
0,p704,45,28
0,p705,80,74
0,p706,1,77
0,p707,12,81
0,p708,1,23
0,p709,1,29
0,p710,43,80
0,p711,37,79
0,p712,13,33
0,p713,1,78
0,p714,42,64
0,p715,86,1
0,p716,1,80
0,p717,1,71
0,p718,1,54
0,p719,1,2
0,p720,24,1
0,p721,77,57
0,p722,93,1
0,p723,1,10
0,p724,5,1
0,p725,1,38
0,p726,23,21
0,p727,18,1
0,p728,1,38
0,p729,37,38
0,p730,1,89
0,p731,19,40
0,p732,1,67
0,p733,1,41
0,p734,66,1
0,p735,1,87
0,p736,67,20
0,p737,41,55
0,p738,1,19
0,p739,42,33
0,p740,52,1
0,p741,1,61
0,p742,75,81
0,p743,91,1
0,p744,1,50
0,p745,1,71
0,p746,9,97
0,p747,80,72
0,p748,1,30
0,p749,36,1
0,p750,39,1
0,p751,34,38
0,p752,64,1
0,p753,1,40
0,p754,65,1
0,p755,49,22
0,p756,4,26
0,p757,1,26
0,p758,15,72
0,p759,46,94
0,p760,7,1
0,p761,1,41
0,p762,1,89
0,p763,42,100
0,p764,1,69
0,p765,1,86
0,p766,1,93
0,p767,30,14
0,p768,89,1
0,p769,1,78
0,p770,1,91
0,p771,58,98
0,p772,1,23
0,p773,1,95
0,p774,54,1
0,p775,19,84
0,p776,39,61
0,p777,40,1
0,p778,58,20
0,p779,19,1
0,p780,51,70
0,p781,1,30
0,p782,67,1
0,p783,33,1
0,p784,1,45
0,p785,29,1
0,p786,1,64
0,p787,7,1
0,p788,47,30
0,p789,65,1
0,p790,1,34
0,p791,62,75
0,p792,44,1
0,p793,1,35
0,p794,1,73
0,p795,45,37
0,p796,42,57
0,p797,10,29
0,p798,68,18
0,p799,43,96
0,p800,1,37
0,p801,82,5
0,p802,1,86
0,p803,23,82
0,p804,51,82
0,p805,1,66
0,p806,37,1
0,p807,70,1
0,p808,1,12
0,p809,1,40
0,p810,13,1
0,p811,88,1
0,p812,15,23
0,p813,76,58
0,p814,1,5
0,p815,59,1
0,p816,21,84
0,p817,90,9
0,p818,27,88
0,p819,82,1
0,p820,1,31
0,p821,12,1
0,p822,27,1
0,p823,1,87
0,p824,77,1
0,p825,73,1
0,p826,7,21
0,p827,5,1
0,p828,9,1
0,p829,66,23
0,p830,16,35
0,p831,36,1
0,p832,46,68
0,p833,47,1
0,p834,94,16
0,p835,86,79
0,p836,80,1
0,p837,1,62
0,p838,71,1
0,p839,49,19
0,p840,71,1
0,p841,96,1
0,p842,1,53
0,p843,38,1
0,p844,1,16
0,p845,28,1
0,p846,6,33
0,p847,95,1
0,p848,1,44
0,p849,85,1
0,p850,1,78
0,p851,1,92
0,p852,99,1
0,p853,97,83
0,p854,1,6
0,p855,92,1
0,p856,4,1
0,p857,1,33
0,p858,68,1
0,p859,1,55
0,p860,3,48
0,p861,1,47
0,p862,52,54
0,p863,1,30
0,p864,66,25
0,p865,1,76
0,p866,8,1
0,p867,83,24
0,p868,1,85
0,p869,2,1
0,p870,1,97
0,p871,6,77
0,p872,41,1
0,p873,53,1
0,p874,6,1
0,p875,1,56
0,p876,68,65
0,p877,52,4
0,p878,1,26
0,p879,1,28
0,p880,1,53
0,p881,1,29
0,p882,57,12
0,p883,1,50
0,p884,1,46
0,p885,23,59
0,p886,20,62
0,p887,5,1
0,p888,76,1
0,p889,1,43
0,p890,60,1
0,p891,16,84
0,p892,85,48
0,p893,1,28
0,p894,39,61
0,p895,34,1
0,p896,1,47
0,p897,1,90
0,p898,54,28
0,p899,29,65
0,p900,45,1
0,p901,71,91
0,p902,100,45
0,p903,6,82
0,p904,94,40
0,p905,19,33
0,p906,84,55
0,p907,1,12
0,p908,1,51
0,p909,85,1
0,p910,43,1
0,p911,70,45
0,p912,24,1
0,p913,77,1
0,p914,1,7
0,p915,61,1
0,p916,47,1
0,p917,39,49
0,p918,26,1
0,p919,1,5
0,p920,56,17
0,p921,1,81
0,p922,80,1
0,p923,92,1
0,p924,95,72
0,p925,13,75
0,p926,1,81
0,p927,1,49
0,p928,58,49
0,p929,71,1
0,p930,58,57
0,p931,35,1
0,p932,33,1
0,p933,70,1
0,p934,73,1
0,p935,43,1
0,p936,15,1
0,p937,75,25
0,p938,45,77
0,p939,65,68
0,p940,1,87
0,p941,1,77
0,p942,53,1
0,p943,44,42
0,p944,50,18
0,p945,22,1
0,p946,1,49
0,p947,29,28
0,p948,56,11
0,p949,40,1
0,p950,13,17
0,p951,1,35
0,p952,1,94
0,p953,91,1
0,p954,1,17
0,p955,14,32
0,p956,62,7
0,p957,94,60
0,p958,1,84
0,p959,52,1
0,p960,29,4
0,p961,78,18
0,p962,25,99
0,p963,1,26
0,p964,84,1
0,p965,92,1
0,p966,1,45
0,p967,21,78
0,p968,60,3
0,p969,1,8
0,p970,40,80
0,p971,13,1
0,p972,77,81
0,p973,1,39
0,p974,91,94
0,p975,53,61
0,p976,1,85
0,p977,3,49
0,p978,1,3
0,p979,40,84
0,p980,49,1
0,p981,73,89
0,p982,1,30
0,p983,1,7
0,p984,100,55
0,p985,1,60
0,p986,100,1
0,p987,29,1
0,p988,45,59
0,p989,1,82
0,p990,33,1
0,p991,1,59
0,p992,57,28
0,p993,1,21
0,p994,83,1
0,p995,16,1
0,p996,81,67
0,p997,1,72
0,p998,41,1
0,p999,9,1
0,p1000,88,1
0,p1001,1,44
0,p1002,100,1
0,p1003,1,77
0,p1004,46,1
0,p1005,21,1
0,p1006,17,1
0,p1007,1,46
0,p1008,88,70
0,p1009,81,40
0,p1010,1,9
0,p1011,1,93
0,p1012,91,33
0,p1013,1,71
0,p1014,1,89
0,p1015,95,1
0,p1016,88,24
0,p1017,79,1
0,p1018,1,23
0,p1019,7,1
0,p1020,37,1
0,p1021,98,36
0,p1022,89,1
0,p1023,69,1
0,p1024,29,48
0,p1025,34,1
0,p1026,83,1
0,p1027,62,69
0,p1028,1,49
0,p1029,7,43
0,p1030,1,98
0,p1031,46,1
0,p1032,52,1
0,p1033,1,75
0,p1034,1,45
0,p1035,1,3
0,p1036,19,1
0,p1037,1,56
0,p1038,1,67
0,p1039,31,1
0,p1040,1,3
0,p1041,9,22
0,p1042,1,82
0,p1043,1,66
0,p1044,91,1
0,p1045,45,1
0,p1046,76,1
0,p1047,29,1
0,p1048,47,1
0,p1049,1,87
0,p1050,88,50
0,p1051,12,66
0,p1052,1,28
0,p1053,4,37
0,p1054,1,13
0,p1055,12,49
0,p1056,24,93
0,p1057,75,1
0,p1058,34,1
0,p1059,37,1
0,p1060,75,97
0,p1061,1,82
0,p1062,1,47
0,p1063,36,24
0,p1064,1,59
0,p1065,90,1
0,p1066,25,1
0,p1067,75,1
0,p1068,62,1
0,p1069,49,1
0,p1070,4,100
0,p1071,52,1
0,p1072,75,100
0,p1073,3,1
0,p1074,83,60
0,p1075,55,54
0,p1076,1,45
0,p1077,1,6
0,p1078,1,15
0,p1079,59,34
0,p1080,81,1
0,p1081,43,61
0,p1082,94,1
0,p1083,84,71
0,p1084,1,28
0,p1085,47,89
0,p1086,1,50
0,p1087,1,55
0,p1088,58,44
0,p1089,89,48
0,p1090,85,17
0,p1091,1,82
0,p1092,1,80
0,p1093,47,86
0,p1094,75,73
0,p1095,6,54
0,p1096,1,84
0,p1097,58,26
0,p1098,1,24
0,p1099,20,1
0,p1100,76,63
0,p1101,75,9
0,p1102,7,72
0,p1103,28,5
0,p1104,42,1
0,p1105,52,1
0,p1106,1,51
0,p1107,1,62
0,p1108,9,1
0,p1109,1,51
0,p1110,22,61
0,p1111,1,8
0,p1112,14,15
0,p1113,1,43
0,p1114,56,46
0,p1115,69,54
0,p1116,1,44
0,p1117,1,67
0,p1118,33,1
0,p1119,1,50
0,p1120,36,1
0,p1121,7,74
0,p1122,1,69
0,p1123,75,1
0,p1124,29,1
0,p1125,19,63
0,p1126,9,39
0,p1127,17,96
0,p1128,1,54
0,p1129,1,5
0,p1130,48,1
0,p1131,1,95
0,p1132,1,51
0,p1133,1,36
0,p1134,28,1
0,p1135,43,1
0,p1136,40,34
0,p1137,7,65
0,p1138,32,58
0,p1139,72,1
0,p1140,52,44
0,p1141,1,90
0,p1142,89,1
0,p1143,1,67
0,p1144,5,1
0,p1145,1,48
0,p1146,1,9
0,p1147,1,22
0,p1148,1,2
0,p1149,1,26
0,p1150,1,96
0,p1151,68,47
0,p1152,12,65
0,p1153,23,1
0,p1154,81,85
0,p1155,23,1
0,p1156,64,1
0,p1157,1,7
0,p1158,39,65
0,p1159,40,1
0,p1160,42,1
0,p1161,1,66
0,p1162,1,4
0,p1163,1,66
0,p1164,27,35
0,p1165,68,93
0,p1166,86,1
0,p1167,6,34
0,p1168,1,20
0,p1169,1,42
0,p1170,1,79
0,p1171,48,1
0,p1172,43,1
0,p1173,29,99
0,p1174,1,35
0,p1175,1,35
0,p1176,1,69
0,p1177,1,9
0,p1178,57,1
0,p1179,1,48
0,p1180,19,1
0,p1181,61,1
0,p1182,1,11
0,p1183,1,92
0,p1184,10,90
0,p1185,1,90
0,p1186,64,1
0,p1187,64,1
0,p1188,72,58
0,p1189,1,10
0,p1190,70,81
0,p1191,1,19
0,p1192,77,1
0,p1193,1,33
0,p1194,66,3
0,p1195,57,1
0,p1196,71,1
0,p1197,77,1
0,p1198,1,26
0,p1199,1,75
0,p1200,1,85
0,p1201,90,16
0,p1202,56,1
0,p1203,1,31
0,p1204,86,8
0,p1205,45,69
0,p1206,74,1
0,p1207,94,1
0,p1208,1,15
0,p1209,89,67
0,p1210,1,59
0,p1211,1,12
0,p1212,1,26
0,p1213,87,90
0,p1214,82,1
0,p1215,65,55
0,p1216,86,23
0,p1217,73,54
0,p1218,1,76
0,p1219,70,88
0,p1220,97,1
0,p1221,72,1
0,p1222,29,85
0,p1223,52,87
0,p1224,1,2
0,p1225,23,76
0,p1226,97,1
0,p1227,20,1
0,p1228,87,72
0,p1229,1,42
0,p1230,95,1
0,p1231,1,98
0,p1232,1,57
0,p1233,41,15
0,p1234,1,92
0,p1235,26,37
0,p1236,1,98
0,p1237,1,46
0,p1238,50,1
0,p1239,75,27
0,p1240,1,12
0,p1241,1,96
0,p1242,2,18
0,p1243,37,1
0,p1244,1,56
0,p1245,34,1
0,p1246,1,81
0,p1247,76,1
0,p1248,49,34
0,p1249,65,46
0,p1250,51,15
0,p1251,12,16
0,p1252,75,1
0,p1253,1,55
0,p1254,6,1
0,p1255,63,1
0,p1256,77,1
0,p1257,98,24
0,p1258,37,1
0,p1259,1,65
0,p1260,78,47
0,p1261,87,6
0,p1262,1,41
0,p1263,1,92
0,p1264,46,30
0,p1265,1,28
0,p1266,6,1
0,p1267,7,29
0,p1268,1,67
0,p1269,91,26
0,p1270,1,15
0,p1271,10,1
0,p1272,27,1
0,p1273,47,79
0,p1274,1,78
0,p1275,26,1
0,p1276,80,90
0,p1277,56,1
0,p1278,1,44
0,p1279,13,41
0,p1280,1,9
0,p1281,1,11
0,p1282,1,35
0,p1283,43,1
0,p1284,1,13
0,p1285,50,5
0,p1286,47,1
0,p1287,80,1
0,p1288,1,4
0,p1289,37,40
0,p1290,84,77
0,p1291,1,15
0,p1292,1,25
0,p1293,29,1
0,p1294,3,1
0,p1295,94,96
0,p1296,40,80
0,p1297,1,79
0,p1298,38,1
0,p1299,100,8
0,p1300,1,47
0,p1301,40,33
0,p1302,1,59
0,p1303,56,27
0,p1304,21,78
0,p1305,9,26
0,p1306,49,15
0,p1307,81,1
0,p1308,5,1
0,p1309,55,50
0,p1310,9,65
0,p1311,46,26
0,p1312,72,1
0,p1313,59,15
0,p1314,78,1
0,p1315,63,73
0,p1316,40,1
0,p1317,1,33
0,p1318,1,75
0,p1319,67,56
0,p1320,1,15
0,p1321,62,60
0,p1322,90,1
0,p1323,1,95
0,p1324,12,94
0,p1325,61,26
0,p1326,1,73
0,p1327,1,75
0,p1328,99,1
0,p1329,60,80
0,p1330,23,1
0,p1331,9,46
0,p1332,81,13
0,p1333,87,1
0,p1334,17,42
0,p1335,1,79
0,p1336,61,1
0,p1337,1,62
0,p1338,6,1
0,p1339,1,23
0,p1340,1,46
0,p1341,93,1
0,p1342,45,89
0,p1343,36,65
0,p1344,16,1
0,p1345,1,31
0,p1346,41,82
0,p1347,47,21
0,p1348,1,61
0,p1349,1,89
0,p1350,1,7
0,p1351,1,85
0,p1352,1,96
0,p1353,1,86
0,p1354,6,58
0,p1355,1,69
0,p1356,32,1
0,p1357,1,45
0,p1358,1,18
0,p1359,1,33
0,p1360,7,1
0,p1361,71,1
0,p1362,48,1
0,p1363,42,10
0,p1364,57,1
0,p1365,1,87
0,p1366,67,62
0,p1367,63,55
0,p1368,100,1
0,p1369,7,1
0,p1370,67,1
0,p1371,91,1
0,p1372,58,1
0,p1373,53,100
0,p1374,12,10
0,p1375,1,92
0,p1376,21,77
0,p1377,1,68
0,p1378,36,84
0,p1379,84,1
0,p1380,43,1
0,p1381,1,32
0,p1382,1,57
0,p1383,15,27
0,p1384,1,91
0,p1385,1,14
0,p1386,27,1
0,p1387,1,47
0,p1388,89,1
0,p1389,1,75
0,p1390,11,44
0,p1391,1,11
0,p1392,49,1
0,p1393,36,15
0,p1394,81,1
0,p1395,1,89
0,p1396,1,71
0,p1397,1,8
0,p1398,7,60
0,p1399,1,32
0,p1400,17,1
0,p1401,68,63
0,p1402,59,1
0,p1403,4,5
0,p1404,84,59
0,p1405,23,59
0,p1406,76,1
0,p1407,1,11
0,p1408,29,1
0,p1409,1,55
0,p1410,93,63
0,p1411,1,22
0,p1412,8,9
0,p1413,1,98
0,p1414,25,42
0,p1415,86,1
0,p1416,13,91
0,p1417,1,53
0,p1418,1,20
0,p1419,1,57
0,p1420,70,1
0,p1421,1,45
0,p1422,1,82
0,p1423,99,33
0,p1424,86,1
0,p1425,49,1
0,p1426,1,70
0,p1427,1,74
0,p1428,96,52
0,p1429,46,1
0,p1430,92,1
0,p1431,39,4
0,p1432,75,1
0,p1433,53,1
0,p1434,74,11
0,p1435,13,76
0,p1436,9,73
0,p1437,1,95
0,p1438,4,51
0,p1439,34,60
0,p1440,1,72
0,p1441,1,84
0,p1442,1,4
0,p1443,1,30
0,p1444,71,51
0,p1445,53,1
0,p1446,1,88
0,p1447,3,80
0,p1448,23,24
0,p1449,20,1
0,p1450,39,45
0,p1451,68,1
0,p1452,1,86
0,p1453,87,79
0,p1454,79,98
0,p1455,92,1
0,p1456,99,52
0,p1457,83,1
0,p1458,29,1
0,p1459,75,38
0,p1460,92,88
0,p1461,44,25
0,p1462,68,51
0,p1463,59,5
0,p1464,7,1
0,p1465,1,38
0,p1466,46,1
0,p1467,1,22
0,p1468,48,1
0,p1469,17,97
0,p1470,5,1
0,p1471,83,1
0,p1472,53,46
0,p1473,80,36
0,p1474,1,21
0,p1475,1,96
0,p1476,63,85
0,p1477,51,18
0,p1478,99,42
0,p1479,1,27
0,p1480,4,1
0,p1481,1,100
0,p1482,90,1
0,p1483,35,1
0,p1484,42,1
0,p1485,1,31
0,p1486,1,70
0,p1487,83,89
0,p1488,14,40
0,p1489,1,78
0,p1490,12,1
0,p1491,22,44
0,p1492,23,1
0,p1493,1,24
0,p1494,1,56
0,p1495,16,1
0,p1496,1,31
0,p1497,1,90
0,p1498,1,66
0,p1499,88,49
0,p1500,55,1
0,p1501,1,50
0,p1502,85,1
0,p1503,17,77
0,p1504,1,100
0,p1505,1,79
0,p1506,31,1
0,p1507,1,48
0,p1508,22,76
0,p1509,48,1
0,p1510,84,1
0,p1511,90,1
0,p1512,98,1
0,p1513,56,6
0,p1514,1,8
0,p1515,22,8
0,p1516,11,1
0,p1517,68,10
0,p1518,58,79
0,p1519,1,16
0,p1520,89,34
0,p1521,51,57
0,p1522,45,1
0,p1523,6,28
0,p1524,95,67
0,p1525,88,1
0,p1526,56,9
0,p1527,19,1
0,p1528,75,100
0,p1529,28,1
0,p1530,14,28
0,p1531,1,75
0,p1532,85,35
0,p1533,42,57
0,p1534,8,95
0,p1535,45,3
0,p1536,99,90
0,p1537,16,1
0,p1538,3,1
0,p1539,1,18
0,p1540,13,1
0,p1541,74,1
0,p1542,1,70
0,p1543,1,16
0,p1544,74,16
0,p1545,33,1
0,p1546,62,16
0,p1547,1,44
0,p1548,52,84
0,p1549,1,49
0,p1550,1,25
0,p1551,5,89
0,p1552,39,55
0,p1553,42,81
0,p1554,100,1
0,p1555,1,61
0,p1556,1,51
0,p1557,15,72
0,p1558,69,1
0,p1559,87,1
0,p1560,92,27
0,p1561,98,88
0,p1562,1,11
0,p1563,1,31
0,p1564,1,15
0,p1565,46,6
0,p1566,9,1
0,p1567,45,92
0,p1568,69,73
0,p1569,99,1
0,p1570,12,1
0,p1571,1,21
0,p1572,1,19
0,p1573,55,90
0,p1574,40,66
0,p1575,75,1
0,p1576,1,58
0,p1577,1,36
0,p1578,57,29
0,p1579,49,1
0,p1580,9,1
0,p1581,20,1
0,p1582,1,17
0,p1583,1,92
0,p1584,74,83
0,p1585,78,66
0,p1586,1,52
0,p1587,1,95
0,p1588,96,1
0,p1589,1,48
0,p1590,8,1
0,p1591,94,80
0,p1592,1,49
0,p1593,43,1
0,p1594,24,1
0,p1595,1,82
0,p1596,46,1
0,p1597,1,57
0,p1598,87,75
0,p1599,1,78
0,p1600,54,63
0,p1601,1,84
0,p1602,52,1
0,p1603,10,26
0,p1604,32,96
0,p1605,20,64
0,p1606,18,1
0,p1607,1,23
0,p1608,74,1
0,p1609,2,49
0,p1610,68,1
0,p1611,1,12
0,p1612,10,92
0,p1613,1,47
0,p1614,71,1
0,p1615,1,6
0,p1616,50,1
0,p1617,2,61
0,p1618,40,49
0,p1619,94,55
0,p1620,9,1
0,p1621,83,52
0,p1622,51,1
0,p1623,22,1
0,p1624,1,12
0,p1625,35,34
0,p1626,46,1
0,p1627,26,1
0,p1628,88,1
0,p1629,1,25
0,p1630,30,98
0,p1631,88,14
0,p1632,1,37
0,p1633,33,13
0,p1634,29,77
0,p1635,52,1
0,p1636,1,33
0,p1637,75,56
0,p1638,1,39
0,p1639,97,52
0,p1640,70,64
0,p1641,1,73
0,p1642,18,1
0,p1643,1,84
0,p1644,1,91
0,p1645,4,44
0,p1646,24,1
0,p1647,85,50
0,p1648,1,100
0,p1649,1,81
0,p1650,1,8
0,p1651,54,85
0,p1652,43,90
0,p1653,95,1
0,p1654,87,1
0,p1655,46,1
0,p1656,8,1
0,p1657,46,97
0,p1658,2,1
0,p1659,1,30
0,p1660,23,1
0,p1661,70,72
0,p1662,1,87
0,p1663,10,29
0,p1664,3,1
0,p1665,33,1
0,p1666,1,80
0,p1667,1,16
0,p1668,41,54
0,p1669,1,51
0,p1670,74,73
0,p1671,1,48
0,p1672,71,39
0,p1673,72,1
0,p1674,34,44
0,p1675,1,63
0,p1676,51,44
0,p1677,75,1
0,p1678,1,50
0,p1679,51,3
0,p1680,94,1
0,p1681,1,80
0,p1682,16,21
0,p1683,1,90
0,p1684,56,68
0,p1685,1,56
0,p1686,73,94
0,p1687,84,1
0,p1688,1,99
0,p1689,50,48
0,p1690,81,1
0,p1691,1,2
0,p1692,44,84
0,p1693,1,91
0,p1694,12,1
0,p1695,67,59
0,p1696,38,1
0,p1697,21,62
0,p1698,1,4
0,p1699,23,1
0,p1700,90,46
0,p1701,76,93
0,p1702,5,86
0,p1703,93,1
0,p1704,45,1
0,p1705,1,20
0,p1706,30,66
0,p1707,92,1
0,p1708,76,74
0,p1709,52,1
0,p1710,1,75
0,p1711,52,48
0,p1712,1,95
0,p1713,1,70
0,p1714,18,76
0,p1715,1,62
0,p1716,64,9
0,p1717,1,64
0,p1718,1,30
0,p1719,1,33
0,p1720,21,1
0,p1721,71,20
0,p1722,40,67
0,p1723,1,98
0,p1724,6,1
0,p1725,79,1
0,p1726,60,1
0,p1727,1,30
0,p1728,52,1
0,p1729,1,89
0,p1730,67,53
0,p1731,38,1
0,p1732,14,1
0,p1733,36,1
0,p1734,1,66
0,p1735,53,1
0,p1736,1,20
0,p1737,31,1
0,p1738,15,78
0,p1739,1,80
0,p1740,22,1
0,p1741,13,1
0,p1742,29,1
0,p1743,40,80
0,p1744,6,14
0,p1745,1,44
0,p1746,1,35
0,p1747,1,81
0,p1748,4,1
0,p1749,1,83
0,p1750,1,5
0,p1751,32,1
0,p1752,1,65
0,p1753,18,1
0,p1754,1,86
0,p1755,30,1
0,p1756,84,1
0,p1757,99,1
0,p1758,88,1
0,p1759,1,30
0,p1760,47,1
0,p1761,1,7
0,p1762,1,10
0,p1763,53,1
0,p1764,44,32
0,p1765,1,37
0,p1766,50,1
0,p1767,1,46
0,p1768,91,1
0,p1769,83,1
0,p1770,82,98
0,p1771,32,6
0,p1772,73,1
0,p1773,1,83
0,p1774,1,44
0,p1775,45,83
0,p1776,98,25
0,p1777,1,14
0,p1778,14,79
0,p1779,66,48
0,p1780,82,31
0,p1781,73,1
0,p1782,38,33
0,p1783,1,53
0,p1784,1,24
0,p1785,20,1
0,p1786,79,1
0,p1787,1,92
0,p1788,1,44
0,p1789,40,71
0,p1790,1,46
0,p1791,70,6
0,p1792,41,1
0,p1793,1,57
0,p1794,68,1
0,p1795,1,48
0,p1796,1,64
0,p1797,76,52
0,p1798,1,5
0,p1799,7,1
0,p1800,1,70
0,p1801,43,1
0,p1802,1,84
0,p1803,61,45
0,p1804,84,1
0,p1805,1,7
0,p1806,1,3
0,p1807,19,56
0,p1808,22,47
0,p1809,84,1
0,p1810,1,99
0,p1811,1,84
0,p1812,1,87
0,p1813,35,1
0,p1814,61,1
0,p1815,23,42
0,p1816,66,1
0,p1817,51,1
0,p1818,6,1
0,p1819,1,95
0,p1820,24,53
0,p1821,12,96
0,p1822,57,39
0,p1823,1,29
0,p1824,1,10
0,p1825,1,85
0,p1826,82,20
0,p1827,1,58
0,p1828,92,1
0,p1829,52,1
0,p1830,8,11
0,p1831,1,38
0,p1832,12,1
0,p1833,40,100
0,p1834,9,1
0,p1835,1,61
0,p1836,66,16
0,p1837,25,1
0,p1838,30,1
0,p1839,1,92
0,p1840,1,31
0,p1841,87,1
0,p1842,8,16
0,p1843,77,1
0,p1844,45,87
0,p1845,13,99
0,p1846,1,28
0,p1847,34,63
0,p1848,64,1
0,p1849,92,1
0,p1850,1,88
0,p1851,41,2
0,p1852,30,1
0,p1853,1,27
0,p1854,1,16
0,p1855,100,31
0,p1856,1,95
0,p1857,41,1
0,p1858,27,38
0,p1859,1,43
0,p1860,13,10
0,p1861,1,77
0,p1862,18,1
0,p1863,49,72
0,p1864,1,6
0,p1865,10,17
0,p1866,1,28
0,p1867,55,1
0,p1868,64,1
0,p1869,38,1
0,p1870,6,35
0,p1871,46,51
0,p1872,1,20
0,p1873,1,39
0,p1874,73,1
0,p1875,1,22
0,p1876,5,1
0,p1877,68,64
0,p1878,1,7
0,p1879,1,15
0,p1880,1,15
0,p1881,29,42
0,p1882,27,1
0,p1883,40,1
0,p1884,9,40
0,p1885,48,88
0,p1886,64,1
0,p1887,27,29
0,p1888,1,71
0,p1889,85,1
0,p1890,62,1
0,p1891,22,1
0,p1892,1,33
0,p1893,82,1
0,p1894,42,67
0,p1895,3,94
0,p1896,34,1
0,p1897,63,1
0,p1898,91,1
0,p1899,1,64
0,p1900,1,12
0,p1901,63,46
0,p1902,1,11
0,p1903,12,27
0,p1904,74,1
0,p1905,52,94
0,p1906,4,92
0,p1907,53,1
0,p1908,3,1
0,p1909,3,96
0,p1910,100,74
0,p1911,1,77
0,p1912,16,1
0,p1913,62,71
0,p1914,62,1
0,p1915,1,90
0,p1916,3,6
0,p1917,80,81
0,p1918,1,28
0,p1919,1,100
0,p1920,1,4
0,p1921,59,84
0,p1922,10,1
0,p1923,1,82
0,p1924,86,1
0,p1925,1,25
0,p1926,44,58
0,p1927,10,95
0,p1928,75,1
0,p1929,6,10
0,p1930,68,1
0,p1931,73,29
0,p1932,1,80
0,p1933,1,85
0,p1934,65,19
0,p1935,15,53
0,p1936,1,79
0,p1937,1,4
0,p1938,39,76
0,p1939,19,1
0,p1940,10,1
0,p1941,45,1
0,p1942,1,95
0,p1943,16,6
0,p1944,1,54
0,p1945,23,34
0,p1946,1,49
0,p1947,49,44
0,p1948,14,98
0,p1949,83,1
0,p1950,19,35
0,p1951,53,1
0,p1952,21,64
0,p1953,53,64
0,p1954,45,12
0,p1955,90,30
0,p1956,23,1
0,p1957,7,1
0,p1958,92,1
0,p1959,1,51
0,p1960,1,76
0,p1961,1,9
0,p1962,81,1
0,p1963,98,1
0,p1964,1,15
0,p1965,1,95
0,p1966,21,1
0,p1967,61,1
0,p1968,48,1
0,p1969,1,76
0,p1970,91,1
0,p1971,1,87
0,p1972,1,9
0,p1973,1,5
0,p1974,66,74
0,p1975,41,18
0,p1976,7,31
0,p1977,86,1
0,p1978,1,18
0,p1979,97,1
0,p1980,38,76
0,p1981,1,36
0,p1982,1,2
0,p1983,62,89
0,p1984,7,1
0,p1985,1,46
0,p1986,84,1
0,p1987,1,2
0,p1988,46,55
0,p1989,1,73
0,p1990,1,98
0,p1991,1,79
0,p1992,38,1
0,p1993,70,34
0,p1994,1,2
0,p1995,1,34
0,p1996,79,3
0,p1997,97,1
0,p1998,31,81
0,p1999,1,91
0,p2000,1,50
0,p2001,89,1
0,p2002,96,55
0,p2003,53,13
0,p2004,93,1
0,p2005,100,1
0,p2006,51,60
0,p2007,73,36
0,p2008,1,75
0,p2009,1,69
0,p2010,30,48
0,p2011,6,35
0,p2012,18,80
0,p2013,1,42
0,p2014,9,13
0,p2015,83,1
0,p2016,21,1
0,p2017,25,34
0,p2018,41,1
0,p2019,59,1
0,p2020,14,71
0,p2021,19,83
0,p2022,4,1
0,p2023,55,1
0,p2024,28,1
0,p2025,96,11
0,p2026,1,91
0,p2027,21,73
0,p2028,86,26
0,p2029,1,39
0,p2030,61,1
0,p2031,75,26
0,p2032,1,79
0,p2033,77,1
0,p2034,95,69
0,p2035,23,1
0,p2036,1,45
0,p2037,1,39
0,p2038,1,21
0,p2039,1,62
0,p2040,71,17
0,p2041,74,1
0,p2042,1,91
0,p2043,1,61
0,p2044,1,92
0,p2045,1,65
0,p2046,1,9
0,p2047,31,60
0,p2048,72,1
0,p2049,27,36
0,p2050,1,77
0,p2051,45,80
0,p2052,75,1
0,p2053,42,95
0,p2054,64,1
0,p2055,80,1
0,p2056,30,1
0,p2057,1,29
0,p2058,25,88
0,p2059,36,69
0,p2060,1,44
0,p2061,1,67
0,p2062,1,68
0,p2063,1,62
0,p2064,57,92
0,p2065,47,1
0,p2066,1,73
0,p2067,4,74
0,p2068,1,82
0,p2069,30,2
0,p2070,1,73
0,p2071,91,1
0,p2072,25,1
0,p2073,98,1
0,p2074,95,1
0,p2075,74,1
0,p2076,76,61
0,p2077,11,1
0,p2078,57,1
0,p2079,85,1
0,p2080,1,70
0,p2081,94,1
0,p2082,1,36
0,p2083,68,1
0,p2084,70,27
0,p2085,1,82
0,p2086,61,1
0,p2087,80,1
0,p2088,11,1
0,p2089,50,1
0,p2090,1,63
0,p2091,1,42
0,p2092,1,51
0,p2093,36,1
0,p2094,1,98
0,p2095,1,81
0,p2096,1,52
0,p2097,1,51
0,p2098,1,33
0,p2099,1,65
0,p2100,92,1
0,p2101,1,16
0,p2102,18,16
0,p2103,1,21
0,p2104,45,1
0,p2105,82,94
0,p2106,1,4
0,p2107,84,1
0,p2108,93,1
0,p2109,28,69
0,p2110,88,1
0,p2111,1,31
0,p2112,93,1
0,p2113,89,94
0,p2114,98,86
0,p2115,1,48
0,p2116,86,31
0,p2117,1,85
0,p2118,76,19
0,p2119,56,1
0,p2120,14,1
0,p2121,17,1
0,p2122,44,1
0,p2123,1,13
0,p2124,10,32
0,p2125,68,41
0,p2126,37,1
0,p2127,7,92
0,p2128,1,97
0,p2129,95,71
0,p2130,15,1
0,p2131,99,47
0,p2132,1,9
0,p2133,97,39
0,p2134,34,99
0,p2135,1,85
0,p2136,54,1
0,p2137,42,33
0,p2138,1,60
0,p2139,1,70
0,p2140,46,1
0,p2141,95,62
0,p2142,25,39
0,p2143,3,1
0,p2144,75,53
0,p2145,1,42
0,p2146,1,95
0,p2147,12,41
0,p2148,1,17
0,p2149,41,55
0,p2150,70,55
0,p2151,54,78
0,p2152,24,1
0,p2153,1,89
0,p2154,83,1
0,p2155,1,46
0,p2156,11,75
0,p2157,39,85
0,p2158,44,9
0,p2159,62,1
0,p2160,16,6
0,p2161,49,82
0,p2162,1,57
0,p2163,71,88
0,p2164,1,29
0,p2165,74,58
0,p2166,30,55
0,p2167,1,24
0,p2168,91,58
0,p2169,69,66
0,p2170,17,100
0,p2171,1,100
0,p2172,1,39
0,p2173,1,54
0,p2174,38,35
0,p2175,43,33
0,p2176,38,81
0,p2177,1,26
0,p2178,90,8
0,p2179,65,88
0,p2180,54,17
0,p2181,42,1
0,p2182,82,1
0,p2183,73,98
0,p2184,1,83
0,p2185,1,26
0,p2186,83,48
0,p2187,8,1
0,p2188,45,51
0,p2189,1,48
0,p2190,43,1
0,p2191,39,89
0,p2192,63,1
0,p2193,73,65
0,p2194,49,1
0,p2195,89,1
0,p2196,38,63
0,p2197,36,1
0,p2198,58,48
0,p2199,22,1
0,p2200,56,1
0,p2201,86,5
0,p2202,36,1
0,p2203,1,71
0,p2204,35,42
0,p2205,5,1
0,p2206,1,15
0,p2207,74,6
0,p2208,77,15
0,p2209,84,81
0,p2210,3,44
0,p2211,1,28
0,p2212,1,66
0,p2213,1,92
0,p2214,77,19
0,p2215,1,41
0,p2216,24,1
0,p2217,1,66
0,p2218,1,32
0,p2219,19,17
0,p2220,72,1
0,p2221,51,50
0,p2222,31,67
0,p2223,1,3
0,p2224,1,37
0,p2225,1,93
0,p2226,1,86
0,p2227,49,1
0,p2228,82,25
0,p2229,14,61
0,p2230,1,50
0,p2231,92,1
0,p2232,79,71
0,p2233,23,1
0,p2234,71,12
0,p2235,71,1
0,p2236,1,93
0,p2237,1,20
0,p2238,24,91
0,p2239,1,35
0,p2240,54,63
0,p2241,1,11
0,p2242,89,48
0,p2243,2,26
0,p2244,87,35
0,p2245,1,19
0,p2246,1,15
0,p2247,1,64
0,p2248,44,90
0,p2249,20,1
0,p2250,49,54
0,p2251,1,90
0,p2252,54,1
0,p2253,11,1
0,p2254,1,51
0,p2255,11,52
0,p2256,1,66
0,p2257,41,1
0,p2258,1,28
0,p2259,100,1
0,p2260,9,1
0,p2261,1,74
0,p2262,44,1
0,p2263,92,1
0,p2264,2,1
0,p2265,52,1
0,p2266,24,1
0,p2267,4,78
0,p2268,59,60
0,p2269,89,1
0,p2270,45,1
0,p2271,5,1
0,p2272,14,20
0,p2273,1,42
0,p2274,46,1
0,p2275,1,65
0,p2276,44,31
0,p2277,1,79
0,p2278,39,1
0,p2279,84,82
0,p2280,1,9
0,p2281,1,14
0,p2282,1,13
0,p2283,57,1
0,p2284,12,58
0,p2285,1,45
0,p2286,1,61
0,p2287,1,47
0,p2288,1,27
0,p2289,31,23
0,p2290,77,39
0,p2291,65,1
0,p2292,9,1
0,p2293,42,1
0,p2294,17,1
0,p2295,1,77
0,p2296,64,1
0,p2297,41,1
0,p2298,32,2
0,p2299,38,1
0,p2300,80,4
0,p2301,69,99
0,p2302,1,63
0,p2303,1,61
0,p2304,1,83
0,p2305,87,23
0,p2306,88,54
0,p2307,25,9
0,p2308,1,40
0,p2309,76,1
0,p2310,98,55
0,p2311,32,57
0,p2312,35,1
0,p2313,46,1
0,p2314,78,1
0,p2315,75,1
0,p2316,84,1
0,p2317,14,39
0,p2318,99,21
0,p2319,93,68
0,p2320,1,49
0,p2321,1,92
0,p2322,6,63
0,p2323,11,1
0,p2324,17,66
0,p2325,1,15
0,p2326,1,56
0,p2327,60,1
0,p2328,1,2
0,p2329,1,60
0,p2330,56,1
0,p2331,16,1
0,p2332,95,94
0,p2333,1,72
0,p2334,40,1
0,p2335,26,99
0,p2336,5,1
0,p2337,58,5
0,p2338,38,48
0,p2339,1,74
0,p2340,57,1
0,p2341,67,27
0,p2342,1,56
0,p2343,14,1
0,p2344,99,1
0,p2345,90,91
0,p2346,21,47
0,p2347,23,1
0,p2348,11,1
0,p2349,1,31
0,p2350,1,20
0,p2351,1,16
0,p2352,99,1
0,p2353,64,73
0,p2354,18,6
0,p2355,1,19
0,p2356,23,1
0,p2357,5,1
0,p2358,49,9
0,p2359,1,14
0,p2360,1,76
0,p2361,60,83
0,p2362,1,79
0,p2363,16,1
0,p2364,1,8
0,p2365,1,13
0,p2366,69,1
0,p2367,1,52
0,p2368,42,1
0,p2369,97,33
0,p2370,24,56
0,p2371,57,1
0,p2372,31,50
0,p2373,1,66
0,p2374,1,50
0,p2375,99,1
0,p2376,53,8
0,p2377,100,79
0,p2378,40,95
0,p2379,54,1
0,p2380,37,90
0,p2381,63,33
0,p2382,75,49
0,p2383,45,1
0,p2384,19,14
0,p2385,1,80
0,p2386,15,69
0,p2387,1,98
0,p2388,67,35
0,p2389,68,50
0,p2390,1,36
0,p2391,1,94
0,p2392,11,39
0,p2393,6,11
0,p2394,1,88
0,p2395,10,1
0,p2396,35,75
0,p2397,1,36
0,p2398,51,1
0,p2399,1,68
0,p2400,1,99
0,p2401,1,92
0,p2402,44,83
0,p2403,45,64
0,p2404,1,14
0,p2405,49,53
0,p2406,60,1
0,p2407,55,1
0,p2408,60,1
0,p2409,1,40
0,p2410,1,6
0,p2411,72,1
0,p2412,16,62
0,p2413,1,51
0,p2414,97,1
0,p2415,98,76
0,p2416,61,1
0,p2417,13,74
0,p2418,90,1
0,p2419,1,89
0,p2420,32,61
0,p2421,1,39
0,p2422,1,85
0,p2423,1,40
0,p2424,78,79
0,p2425,73,1
0,p2426,11,1
0,p2427,61,50
0,p2428,56,1
0,p2429,52,1
0,p2430,97,1
0,p2431,59,1
0,p2432,63,61
0,p2433,1,29
0,p2434,1,7
0,p2435,1,14
0,p2436,71,79
0,p2437,65,1
0,p2438,72,1
0,p2439,48,28
0,p2440,9,99
0,p2441,100,1
0,p2442,85,15
0,p2443,44,75
0,p2444,45,98
0,p2445,13,62
0,p2446,25,7
0,p2447,1,99
0,p2448,88,98
0,p2449,1,57
0,p2450,53,1
0,p2451,1,71
0,p2452,1,29
0,p2453,75,36
0,p2454,65,1
0,p2455,96,95
0,p2456,95,23
0,p2457,10,29
0,p2458,66,1
0,p2459,1,25
0,p2460,48,50
0,p2461,29,1
0,p2462,63,75
0,p2463,50,76
0,p2464,13,27
0,p2465,64,48
0,p2466,50,65
0,p2467,72,1
0,p2468,1,13
0,p2469,1,22
0,p2470,43,90
0,p2471,7,1
0,p2472,1,48
0,p2473,5,1
0,p2474,49,1
0,p2475,1,61
0,p2476,16,74
0,p2477,1,52
0,p2478,71,1
0,p2479,9,4
0,p2480,1,69
0,p2481,1,40
0,p2482,86,1
0,p2483,91,32
0,p2484,1,40
0,p2485,1,41
0,p2486,9,85
0,p2487,1,46
0,p2488,1,31
0,p2489,45,69
0,p2490,9,1
0,p2491,49,1
0,p2492,1,46
0,p2493,95,1
0,p2494,1,55
0,p2495,94,25
0,p2496,74,1
0,p2497,42,68
0,p2498,31,49
0,p2499,1,36
0,p2500,1,65
0,p2501,19,60
0,p2502,86,64
0,p2503,50,1
0,p2504,10,18
0,p2505,7,52
0,p2506,65,1
0,p2507,1,41
0,p2508,1,13
0,p2509,24,1
0,p2510,55,68
0,p2511,44,76
0,p2512,95,68
0,p2513,1,25
0,p2514,1,76
0,p2515,3,13
0,p2516,54,1
0,p2517,1,71
0,p2518,37,1
0,p2519,99,1
0,p2520,43,1
0,p2521,26,66
0,p2522,1,93
0,p2523,93,18
0,p2524,9,1
0,p2525,1,14
0,p2526,70,1
0,p2527,59,61
0,p2528,58,1
0,p2529,1,63
0,p2530,13,48
0,p2531,8,1
0,p2532,67,1
0,p2533,62,1
0,p2534,16,79
0,p2535,25,1
0,p2536,1,68
0,p2537,85,1
0,p2538,93,1
0,p2539,1,72
0,p2540,1,42
0,p2541,68,37
0,p2542,33,22
0,p2543,55,1
0,p2544,22,57
0,p2545,1,16
0,p2546,1,6
0,p2547,1,24
0,p2548,1,58
0,p2549,1,69
0,p2550,1,70
0,p2551,86,78
0,p2552,74,20
0,p2553,53,1
0,p2554,1,14
0,p2555,1,66
0,p2556,1,26
0,p2557,72,92
0,p2558,1,26
0,p2559,73,48
0,p2560,1,59
0,p2561,95,1
0,p2562,1,88
0,p2563,32,9
0,p2564,1,29
0,p2565,86,96
0,p2566,61,17
0,p2567,1,68
0,p2568,1,76
0,p2569,83,1
0,p2570,97,1
0,p2571,1,12
0,p2572,1,11
0,p2573,1,99
0,p2574,94,93
0,p2575,48,1
0,p2576,55,21
0,p2577,21,11
0,p2578,1,96
0,p2579,51,53
0,p2580,1,27
0,p2581,84,1
0,p2582,73,1
0,p2583,74,51
0,p2584,1,37
0,p2585,54,1
0,p2586,20,1
0,p2587,50,44
0,p2588,74,1
0,p2589,1,36
0,p2590,1,40
0,p2591,17,1
0,p2592,1,8
0,p2593,92,99
0,p2594,52,1
0,p2595,1,76
0,p2596,71,1
0,p2597,1,64
0,p2598,59,1
0,p2599,18,69
0,p2600,46,1
0,p2601,1,15
0,p2602,13,1
0,p2603,69,1
0,p2604,42,1
0,p2605,61,13
0,p2606,1,42
0,p2607,90,1
0,p2608,17,62
0,p2609,79,59
0,p2610,1,50
0,p2611,75,44
0,p2612,47,42
0,p2613,1,13
0,p2614,52,1
0,p2615,43,25
0,p2616,1,90
0,p2617,1,32
0,p2618,1,55
0,p2619,30,80
0,p2620,59,1
0,p2621,72,1
0,p2622,55,1
0,p2623,49,100
0,p2624,1,55
0,p2625,1,66
0,p2626,25,1
0,p2627,98,19
0,p2628,14,27
0,p2629,38,1
0,p2630,68,1
0,p2631,1,46
0,p2632,87,1
0,p2633,88,1
0,p2634,1,27
0,p2635,1,41
0,p2636,99,41
0,p2637,80,6
0,p2638,94,1
0,p2639,58,90
0,p2640,1,25
0,p2641,1,79
0,p2642,1,30
0,p2643,1,94
0,p2644,1,73
0,p2645,59,70
0,p2646,61,1
0,p2647,21,62
0,p2648,1,72
0,p2649,1,46
0,p2650,98,37
0,p2651,75,1
0,p2652,37,1
0,p2653,78,67
0,p2654,94,1
0,p2655,38,12
0,p2656,1,9
0,p2657,54,11
0,p2658,89,1
0,p2659,50,1
0,p2660,33,76
0,p2661,36,1
0,p2662,30,1
0,p2663,1,76
0,p2664,52,59
0,p2665,94,84
0,p2666,49,1
0,p2667,73,1
0,p2668,86,1
0,p2669,1,24
0,p2670,66,1
0,p2671,67,1
0,p2672,42,1
0,p2673,97,17
0,p2674,46,52
0,p2675,31,1
0,p2676,1,14
0,p2677,64,1
0,p2678,98,1
0,p2679,1,51
0,p2680,37,64
0,p2681,4,1
0,p2682,1,76
0,p2683,66,4
0,p2684,52,1
0,p2685,80,22
0,p2686,88,99
0,p2687,1,72
0,p2688,75,8
0,p2689,22,85
0,p2690,86,40
0,p2691,28,1
0,p2692,1,73
0,p2693,66,1
0,p2694,5,89
0,p2695,82,1
0,p2696,1,55
0,p2697,1,16
0,p2698,1,34
0,p2699,1,60
0,p2700,1,70
0,p2701,1,75
0,p2702,12,11
0,p2703,50,1
0,p2704,28,1
0,p2705,70,3
0,p2706,97,1
0,p2707,38,1
0,p2708,17,1
0,p2709,1,3
0,p2710,75,52
0,p2711,73,1
0,p2712,61,1
0,p2713,1,4
0,p2714,61,1
0,p2715,6,1
0,p2716,1,63
0,p2717,81,4
0,p2718,1,85
0,p2719,96,66
0,p2720,1,49
0,p2721,30,26
0,p2722,1,22
0,p2723,98,1
0,p2724,89,100
0,p2725,5,61
0,p2726,55,1
0,p2727,1,2
0,p2728,17,1
0,p2729,11,89
0,p2730,63,2
0,p2731,14,1
0,p2732,2,5
0,p2733,93,28
0,p2734,8,1
0,p2735,40,1
0,p2736,1,60
0,p2737,1,54
0,p2738,65,1
0,p2739,40,1
0,p2740,1,30
0,p2741,52,1
0,p2742,40,35
0,p2743,1,18
0,p2744,1,35
0,p2745,15,50
0,p2746,47,56
0,p2747,74,1
0,p2748,23,1
0,p2749,1,71
0,p2750,1,44
0,p2751,1,12
0,p2752,1,56
0,p2753,1,24
0,p2754,55,4
0,p2755,85,1
0,p2756,23,1
0,p2757,1,56
0,p2758,1,67
0,p2759,34,79
0,p2760,53,73
0,p2761,50,83
0,p2762,1,16
0,p2763,1,29
0,p2764,86,50
0,p2765,93,1
0,p2766,1,40
0,p2767,60,1
0,p2768,83,27
0,p2769,1,27
0,p2770,89,1
0,p2771,28,82
0,p2772,1,64
0,p2773,91,1
0,p2774,92,1
0,p2775,89,99
0,p2776,1,76
0,p2777,85,1
0,p2778,1,7
0,p2779,23,1
0,p2780,77,1
0,p2781,99,39
0,p2782,37,1
0,p2783,1,96
0,p2784,1,89
0,p2785,84,47
0,p2786,30,1
0,p2787,83,63
0,p2788,1,7
0,p2789,61,87
0,p2790,43,56
0,p2791,79,32
0,p2792,100,1
0,p2793,16,83
0,p2794,40,52
0,p2795,1,37
0,p2796,21,1
0,p2797,1,44
0,p2798,84,14
0,p2799,1,16
0,p2800,1,30
0,p2801,59,26
0,p2802,61,1
0,p2803,1,100
0,p2804,35,72
0,p2805,1,34
0,p2806,86,1
0,p2807,1,71
0,p2808,37,19
0,p2809,1,55
0,p2810,38,1
0,p2811,100,1
0,p2812,94,33
0,p2813,79,1
0,p2814,1,53
0,p2815,21,1
0,p2816,25,62
0,p2817,47,1
0,p2818,1,65
0,p2819,1,85
0,p2820,14,1
0,p2821,86,80
0,p2822,73,1
0,p2823,12,1
0,p2824,18,1
0,p2825,15,76
0,p2826,27,1
0,p2827,71,32
0,p2828,26,65
0,p2829,99,34
0,p2830,94,64
0,p2831,28,99
0,p2832,1,52
0,p2833,18,1
0,p2834,1,13
0,p2835,1,79
0,p2836,1,3
0,p2837,1,83
0,p2838,16,43
0,p2839,1,48
0,p2840,52,30
0,p2841,29,9
0,p2842,93,62
0,p2843,78,1
0,p2844,70,86
0,p2845,1,66
0,p2846,46,60
0,p2847,1,65
0,p2848,1,34
0,p2849,15,68
0,p2850,67,33
0,p2851,96,1
0,p2852,29,1
0,p2853,6,1
0,p2854,1,23
0,p2855,1,81
0,p2856,17,1
0,p2857,40,1
0,p2858,1,10
0,p2859,1,51
0,p2860,11,1
0,p2861,92,25
0,p2862,30,49
0,p2863,61,1
0,p2864,1,73
0,p2865,1,12
0,p2866,16,96
0,p2867,1,53
0,p2868,1,53
0,p2869,1,93
0,p2870,66,40
0,p2871,1,93
0,p2872,31,1
0,p2873,16,59
0,p2874,1,64
0,p2875,55,59
0,p2876,1,63
0,p2877,85,100
0,p2878,28,1
0,p2879,92,32
0,p2880,1,37
0,p2881,92,79
0,p2882,70,53
0,p2883,77,6
0,p2884,85,29
0,p2885,85,1
0,p2886,7,32
0,p2887,12,22
0,p2888,78,81
0,p2889,89,1
0,p2890,99,86
0,p2891,1,81
0,p2892,1,73
0,p2893,72,52
0,p2894,1,89
0,p2895,54,1
0,p2896,52,1
0,p2897,69,1
0,p2898,48,1
0,p2899,1,44
0,p2900,46,1
0,p2901,67,1
0,p2902,26,1
0,p2903,14,33
0,p2904,1,64
0,p2905,1,44
0,p2906,50,90
0,p2907,79,5
0,p2908,79,76
0,p2909,52,1
0,p2910,77,26
0,p2911,46,72
0,p2912,27,82
0,p2913,61,23
0,p2914,21,1
0,p2915,1,45
0,p2916,1,93
0,p2917,1,76
0,p2918,83,1
0,p2919,25,1
0,p2920,1,52
0,p2921,2,1
0,p2922,1,91
0,p2923,1,77
0,p2924,88,47
0,p2925,82,1
0,p2926,1,32
0,p2927,1,41
0,p2928,1,36
0,p2929,27,1
0,p2930,1,21
0,p2931,58,43
0,p2932,1,44
0,p2933,28,77
0,p2934,1,80
0,p2935,70,7
0,p2936,100,1
0,p2937,58,12
0,p2938,1,15
0,p2939,88,1
0,p2940,65,1
0,p2941,17,30
0,p2942,40,9
0,p2943,26,38
0,p2944,72,36
0,p2945,34,72
0,p2946,17,1
0,p2947,1,71
0,p2948,38,85
0,p2949,1,87
0,p2950,1,84
0,p2951,76,68
0,p2952,1,67
0,p2953,57,1
0,p2954,1,99
0,p2955,39,43
0,p2956,1,22
0,p2957,52,1
0,p2958,36,81
0,p2959,1,25
0,p2960,97,61
0,p2961,67,100
0,p2962,95,1
0,p2963,22,82
0,p2964,1,10
0,p2965,37,1
0,p2966,38,1
0,p2967,69,29
0,p2968,1,56
0,p2969,1,30
0,p2970,42,1
0,p2971,1,66
0,p2972,85,48
0,p2973,38,32
0,p2974,1,54
0,p2975,28,1
0,p2976,58,43
0,p2977,64,73
0,p2978,15,52
0,p2979,99,1
0,p2980,48,1
0,p2981,1,80
0,p2982,1,44
0,p2983,1,17
0,p2984,19,1
0,p2985,51,98
0,p2986,82,1
0,p2987,74,1
0,p2988,65,1
0,p2989,31,66
0,p2990,24,1
0,p2991,45,4
0,p2992,35,30
0,p2993,98,80
0,p2994,51,1
0,p2995,1,90
0,p2996,1,78
0,p2997,74,1
0,p2998,53,1
0,p2999,26,1
0,p3000,1,20
0,p3001,45,81
0,p3002,1,90
0,p3003,73,1
0,p3004,76,100
0,p3005,36,98
0,p3006,1,7
0,p3007,72,22
0,p3008,21,61
0,p3009,17,93
0,p3010,16,10
0,p3011,69,43
0,p3012,89,84
0,p3013,45,74
0,p3014,4,59
0,p3015,54,1
0,p3016,1,78
0,p3017,34,1
0,p3018,17,1
0,p3019,24,43
0,p3020,44,39
0,p3021,55,1
0,p3022,11,1
0,p3023,79,1
0,p3024,78,1
0,p3025,1,63
0,p3026,47,1
0,p3027,39,1
0,p3028,25,1
0,p3029,84,66
0,p3030,1,87
0,p3031,88,90
0,p3032,1,6
0,p3033,57,12
0,p3034,1,12
0,p3035,76,16
0,p3036,1,16
0,p3037,48,84
0,p3038,1,21
0,p3039,1,67
0,p3040,1,85
0,p3041,1,71
0,p3042,1,89
0,p3043,69,31
0,p3044,1,65
0,p3045,1,16
0,p3046,1,55
0,p3047,63,2
0,p3048,83,1
0,p3049,1,38
0,p3050,85,47
0,p3051,52,1
0,p3052,97,55
0,p3053,28,1
0,p3054,20,1
0,p3055,17,1
0,p3056,29,1
0,p3057,5,2
0,p3058,40,1
0,p3059,89,84
0,p3060,34,56
0,p3061,20,1
0,p3062,97,53
0,p3063,3,1
0,p3064,1,62
0,p3065,1,70
0,p3066,12,1
0,p3067,31,65
0,p3068,72,70
0,p3069,15,1
0,p3070,1,9
0,p3071,1,94
0,p3072,1,16
0,p3073,55,1
0,p3074,1,70
0,p3075,88,1
0,p3076,83,35
0,p3077,71,1
0,p3078,61,44
0,p3079,69,59
0,p3080,51,22
0,p3081,14,41
0,p3082,90,1
0,p3083,18,39
0,p3084,73,18
0,p3085,11,19
0,p3086,3,1
0,p3087,55,1
0,p3088,1,85
0,p3089,1,95
0,p3090,75,24
0,p3091,4,1
0,p3092,77,64
0,p3093,1,99
0,p3094,86,95
0,p3095,52,6
0,p3096,70,1
0,p3097,1,48
0,p3098,11,1
0,p3099,98,67
0,p3100,71,1
0,p3101,1,58
0,p3102,39,17
0,p3103,99,1
0,p3104,1,39
0,p3105,63,57
0,p3106,7,1
0,p3107,1,48
0,p3108,2,1
0,p3109,92,1
0,p3110,50,1
0,p3111,14,64
0,p3112,28,40
0,p3113,62,60
0,p3114,62,13
0,p3115,92,3
0,p3116,64,87
0,p3117,59,1
0,p3118,25,59
0,p3119,1,52
0,p3120,86,1
0,p3121,52,1
0,p3122,1,14
0,p3123,1,22
0,p3124,25,1
0,p3125,1,22
0,p3126,44,1
0,p3127,42,5
0,p3128,1,71
0,p3129,77,1
0,p3130,31,1
0,p3131,72,63
0,p3132,78,16
0,p3133,40,25
0,p3134,25,1
0,p3135,1,51
0,p3136,1,46
0,p3137,11,58
0,p3138,95,1
0,p3139,1,14
0,p3140,66,100
0,p3141,18,1
0,p3142,99,60
0,p3143,10,1
0,p3144,10,1
0,p3145,25,98
0,p3146,22,1
0,p3147,89,1
0,p3148,52,1
0,p3149,13,1
0,p3150,1,68
0,p3151,28,70
0,p3152,1,6
0,p3153,1,68
0,p3154,10,1
0,p3155,83,8
0,p3156,1,56
0,p3157,27,51
0,p3158,62,1
0,p3159,1,57
0,p3160,58,1
0,p3161,1,4
0,p3162,1,43
0,p3163,74,77
0,p3164,76,1
0,p3165,74,1
0,p3166,50,1
0,p3167,84,1
0,p3168,14,1
0,p3169,95,46
0,p3170,96,36
0,p3171,1,56
0,p3172,64,1
0,p3173,1,82
0,p3174,53,1
0,p3175,85,1
0,p3176,1,58
0,p3177,99,9
0,p3178,2,1
0,p3179,1,100
0,p3180,1,36
0,p3181,1,29
0,p3182,97,1
0,p3183,60,67
0,p3184,1,75
0,p3185,16,1
0,p3186,51,93
0,p3187,98,61
0,p3188,32,1
0,p3189,1,21
0,p3190,9,1
0,p3191,1,13
0,p3192,54,1
0,p3193,62,1
0,p3194,1,46
0,p3195,50,1
0,p3196,99,1
0,p3197,57,1
0,p3198,2,1
0,p3199,44,9
0,p3200,36,91
0,p3201,83,1
0,p3202,31,1
0,p3203,4,45
0,p3204,49,89
0,p3205,1,71
0,p3206,92,67
0,p3207,17,54
0,p3208,1,40
0,p3209,1,62
0,p3210,1,30
0,p3211,78,1
0,p3212,1,8
0,p3213,69,44
0,p3214,28,27
0,p3215,38,62
0,p3216,1,34
0,p3217,93,26
0,p3218,60,1
0,p3219,70,47
0,p3220,1,76
0,p3221,24,78
0,p3222,1,54
0,p3223,34,66
0,p3224,1,10
0,p3225,1,80
0,p3226,49,76
0,p3227,1,34
0,p3228,27,1
0,p3229,95,1
0,p3230,41,1
0,p3231,80,1
0,p3232,1,84
0,p3233,77,79
0,p3234,21,1
0,p3235,83,1
0,p3236,60,67
0,p3237,64,1
0,p3238,99,1
0,p3239,1,47
0,p3240,51,1
0,p3241,1,73
0,p3242,37,1
0,p3243,1,75
0,p3244,27,1
0,p3245,45,1
0,p3246,81,100
0,p3247,27,1
0,p3248,1,69
0,p3249,1,50
0,p3250,47,1
0,p3251,92,11
0,p3252,57,9
0,p3253,99,47
0,p3254,96,9
0,p3255,73,59
0,p3256,1,9
0,p3257,100,1
0,p3258,1,80
0,p3259,1,18
0,p3260,1,56
0,p3261,1,94
0,p3262,98,1
0,p3263,5,1
0,p3264,51,1
0,p3265,1,59
0,p3266,1,58
0,p3267,99,13
0,p3268,19,38
0,p3269,72,21
0,p3270,1,34
0,p3271,56,16
0,p3272,43,58
0,p3273,16,60
0,p3274,1,36
0,p3275,100,8
0,p3276,22,52
0,p3277,47,1
0,p3278,1,89
0,p3279,56,1
0,p3280,1,53
0,p3281,70,1
0,p3282,1,6
0,p3283,34,99
0,p3284,65,80
0,p3285,4,1
0,p3286,61,1
0,p3287,88,1
0,p3288,82,1
0,p3289,22,1
0,p3290,27,1
0,p3291,30,1
0,p3292,1,4
0,p3293,37,1
0,p3294,1,7
0,p3295,74,1
0,p3296,9,27
0,p3297,1,85
0,p3298,1,95
0,p3299,1,15
0,p3300,52,1
0,p3301,1,34
0,p3302,7,41
0,p3303,81,8
0,p3304,1,28
0,p3305,22,67
0,p3306,64,100
0,p3307,1,21
0,p3308,51,78
0,p3309,1,73
0,p3310,52,1
0,p3311,1,34
0,p3312,23,1
0,p3313,68,1
0,p3314,54,43
0,p3315,91,90
0,p3316,29,1
0,p3317,1,44
0,p3318,31,96
0,p3319,1,57
0,p3320,11,1
0,p3321,58,45
0,p3322,2,77
0,p3323,1,74
0,p3324,47,4
0,p3325,1,20
0,p3326,10,1
0,p3327,1,68
0,p3328,53,1
0,p3329,12,55
0,p3330,1,40
0,p3331,1,99
0,p3332,1,15
0,p3333,37,1
0,p3334,17,18
0,p3335,39,6
0,p3336,1,24
0,p3337,44,96
0,p3338,72,30
0,p3339,77,1
0,p3340,66,1
0,p3341,22,90
0,p3342,47,48
0,p3343,1,77
0,p3344,1,56
0,p3345,9,1
0,p3346,89,1
0,p3347,1,66
0,p3348,77,30
0,p3349,1,29
0,p3350,1,7
0,p3351,73,1
0,p3352,20,1
0,p3353,73,23
0,p3354,89,5
0,p3355,9,80
0,p3356,45,27
0,p3357,87,1
0,p3358,30,62
0,p3359,75,53
0,p3360,1,17
0,p3361,100,30
0,p3362,20,1
0,p3363,1,87
0,p3364,35,1
0,p3365,20,1
0,p3366,1,84
0,p3367,1,82
0,p3368,49,1
0,p3369,41,1
0,p3370,1,71
0,p3371,95,1
0,p3372,1,4
0,p3373,1,33
0,p3374,1,51
0,p3375,1,47
0,p3376,1,51
0,p3377,9,1
0,p3378,1,89
0,p3379,1,82
0,p3380,92,1
0,p3381,77,50
0,p3382,100,1
0,p3383,1,30
0,p3384,71,1
0,p3385,88,33
0,p3386,23,1
0,p3387,55,1
0,p3388,1,27
0,p3389,1,95
0,p3390,4,20
0,p3391,1,97
0,p3392,1,13
0,p3393,49,1
0,p3394,1,87
0,p3395,37,75
0,p3396,72,58
0,p3397,1,50
0,p3398,1,85
0,p3399,39,78
0,p3400,47,83
0,p3401,8,99
0,p3402,45,1
0,p3403,1,88
0,p3404,16,1
0,p3405,53,63
0,p3406,40,29
0,p3407,99,1
0,p3408,21,1
0,p3409,65,1
0,p3410,1,73
0,p3411,1,13
0,p3412,22,1
0,p3413,78,1
0,p3414,1,78
0,p3415,84,12
0,p3416,84,96
0,p3417,47,1
0,p3418,1,94
0,p3419,1,8
0,p3420,1,45
0,p3421,97,35
0,p3422,1,92
0,p3423,1,95
0,p3424,1,88
0,p3425,34,1
0,p3426,1,75
0,p3427,63,1
0,p3428,1,82
0,p3429,96,14
0,p3430,76,46
0,p3431,51,14
0,p3432,87,98
0,p3433,1,39
0,p3434,1,30
0,p3435,1,28
0,p3436,60,1
0,p3437,68,1
0,p3438,58,1
0,p3439,1,50
0,p3440,1,34
0,p3441,49,1
0,p3442,1,57
0,p3443,17,85
0,p3444,14,1
0,p3445,23,38
0,p3446,63,1
0,p3447,44,1
0,p3448,31,52
0,p3449,35,1
0,p3450,25,66
0,p3451,92,52
0,p3452,1,6
0,p3453,12,62
0,p3454,1,44
0,p3455,1,15
0,p3456,79,62
0,p3457,1,81
0,p3458,1,72
0,p3459,1,7
0,p3460,33,1
0,p3461,1,89
0,p3462,89,1
0,p3463,21,1
0,p3464,35,41
0,p3465,95,53
0,p3466,93,92
0,p3467,1,47
0,p3468,6,83
0,p3469,36,47
0,p3470,30,1
0,p3471,50,1
0,p3472,6,1
0,p3473,80,1
0,p3474,80,32
0,p3475,1,32
0,p3476,1,18
0,p3477,31,79
0,p3478,41,1
0,p3479,1,37
0,p3480,79,71
0,p3481,1,5
0,p3482,52,1
0,p3483,98,1
0,p3484,1,17
0,p3485,27,32
0,p3486,1,4
0,p3487,1,55
0,p3488,1,25
0,p3489,92,54
0,p3490,30,1
0,p3491,62,2
0,p3492,97,18
0,p3493,91,1
0,p3494,5,1
0,p3495,36,1
0,p3496,1,62
0,p3497,5,1
0,p3498,62,20
0,p3499,1,6
0,p3500,40,1
0,p3501,67,86
0,p3502,1,67
0,p3503,5,1
0,p3504,43,1
0,p3505,62,60
0,p3506,49,82
0,p3507,36,23
0,p3508,1,67
0,p3509,1,59
0,p3510,1,26
0,p3511,1,96
0,p3512,1,20
0,p3513,1,23
0,p3514,1,19
0,p3515,79,1
0,p3516,83,1
0,p3517,1,44
0,p3518,1,85
0,p3519,48,54
0,p3520,1,91
0,p3521,23,56
0,p3522,67,88
0,p3523,1,95
0,p3524,13,92
0,p3525,1,88
0,p3526,1,55
0,p3527,90,13
0,p3528,20,32
0,p3529,64,87
0,p3530,25,84
0,p3531,87,1
0,p3532,11,78
0,p3533,56,41
0,p3534,93,1
0,p3535,72,1
0,p3536,43,10
0,p3537,82,21
0,p3538,1,34
0,p3539,86,1
0,p3540,1,37
0,p3541,79,1
0,p3542,18,1
0,p3543,76,1
0,p3544,1,22
0,p3545,99,64
0,p3546,1,28
0,p3547,1,54
0,p3548,49,37
0,p3549,54,87
0,p3550,1,68
0,p3551,1,37
0,p3552,14,1
0,p3553,10,39
0,p3554,44,1
0,p3555,1,100
0,p3556,90,98
0,p3557,82,1
0,p3558,1,64
0,p3559,7,1
0,p3560,1,70
0,p3561,62,1
0,p3562,4,60
0,p3563,16,2
0,p3564,43,66
0,p3565,68,44
0,p3566,42,1
0,p3567,1,61
0,p3568,25,1
0,p3569,18,1
0,p3570,1,9
0,p3571,72,1
0,p3572,41,1
0,p3573,47,62
0,p3574,43,1
0,p3575,68,16
0,p3576,35,1
0,p3577,15,1
0,p3578,1,2
0,p3579,1,26
0,p3580,4,67
0,p3581,82,1
0,p3582,1,80
0,p3583,1,40
0,p3584,9,1
0,p3585,1,6
0,p3586,89,84
0,p3587,1,25
0,p3588,1,17
0,p3589,9,100
0,p3590,1,89
0,p3591,10,1
0,p3592,4,71
0,p3593,1,71
0,p3594,11,49
0,p3595,61,55
0,p3596,5,1
0,p3597,1,61
0,p3598,93,46
0,p3599,1,72
0,p3600,46,1
0,p3601,82,11
0,p3602,7,9
0,p3603,28,1
0,p3604,1,8
0,p3605,1,59
0,p3606,83,1
0,p3607,1,77
0,p3608,66,1
0,p3609,27,1
0,p3610,1,79
0,p3611,16,28
0,p3612,1,26
0,p3613,65,92
0,p3614,23,94
0,p3615,1,40
0,p3616,58,1
0,p3617,19,17
0,p3618,76,1
0,p3619,82,1
0,p3620,88,1
0,p3621,50,1
0,p3622,13,1
0,p3623,1,27
0,p3624,15,1
0,p3625,2,90
0,p3626,1,78
0,p3627,61,1
0,p3628,58,1
0,p3629,1,48
0,p3630,84,15
0,p3631,1,2
0,p3632,1,43
0,p3633,86,1
0,p3634,1,70
0,p3635,1,93
0,p3636,1,17
0,p3637,1,58
0,p3638,90,99
0,p3639,1,33
0,p3640,9,100
0,p3641,1,11
0,p3642,14,1
0,p3643,59,21
0,p3644,1,4
0,p3645,1,78
0,p3646,50,36
0,p3647,71,1
0,p3648,74,1
0,p3649,66,36
0,p3650,38,1
0,p3651,1,47
0,p3652,1,86
0,p3653,81,1
0,p3654,1,71
0,p3655,1,47
0,p3656,6,26
0,p3657,72,4
0,p3658,20,1
0,p3659,1,64
0,p3660,1,11
0,p3661,54,37
0,p3662,65,1
0,p3663,1,31
0,p3664,95,1
0,p3665,5,1
0,p3666,27,1
0,p3667,26,70
0,p3668,22,1
0,p3669,32,23
0,p3670,44,1
0,p3671,39,1
0,p3672,26,60
0,p3673,78,1
0,p3674,1,58
0,p3675,3,1
0,p3676,1,15
0,p3677,6,82
0,p3678,48,69
0,p3679,1,76
0,p3680,44,1
0,p3681,25,35
0,p3682,1,5
0,p3683,1,87
0,p3684,14,1
0,p3685,81,1
0,p3686,1,59
0,p3687,26,1
0,p3688,1,66
0,p3689,28,50
0,p3690,1,32
0,p3691,48,1
0,p3692,5,1
0,p3693,94,1
0,p3694,12,1
0,p3695,1,8
0,p3696,75,85
0,p3697,1,64
0,p3698,74,1
0,p3699,1,57
0,p3700,6,63
0,p3701,48,85
0,p3702,1,61
0,p3703,33,1
0,p3704,97,1
0,p3705,54,1
0,p3706,1,42
0,p3707,19,1
0,p3708,79,1
0,p3709,1,29
0,p3710,40,1
0,p3711,1,49
0,p3712,56,1
0,p3713,92,1
0,p3714,8,12
0,p3715,1,31
0,p3716,61,1
0,p3717,8,28
0,p3718,96,67
0,p3719,74,94
0,p3720,70,1
0,p3721,51,1
0,p3722,98,55
0,p3723,99,82
0,p3724,77,49
0,p3725,52,1
0,p3726,1,5
0,p3727,21,1
0,p3728,34,46
0,p3729,45,71
0,p3730,39,1
0,p3731,13,77
0,p3732,1,38
0,p3733,85,1
0,p3734,1,33
0,p3735,1,82
0,p3736,93,67
0,p3737,1,75
0,p3738,69,1
0,p3739,82,1
0,p3740,64,1
0,p3741,89,51
0,p3742,1,90
0,p3743,1,65
0,p3744,60,1
0,p3745,97,1
0,p3746,11,1
0,p3747,1,94
0,p3748,25,7
0,p3749,1,68
0,p3750,75,1
0,p3751,96,1
0,p3752,1,87
0,p3753,1,100
0,p3754,93,59
0,p3755,80,1
0,p3756,51,1
0,p3757,100,85
0,p3758,1,83
0,p3759,11,21
0,p3760,28,22
0,p3761,34,23
0,p3762,72,64
0,p3763,1,94
0,p3764,1,5
0,p3765,42,1
0,p3766,1,94
0,p3767,57,23
0,p3768,55,67
0,p3769,46,2
0,p3770,21,79
0,p3771,57,1
0,p3772,87,1
0,p3773,1,31
0,p3774,84,1
0,p3775,58,92
0,p3776,1,85
0,p3777,1,60
0,p3778,1,94
0,p3779,1,88
0,p3780,8,96
0,p3781,1,77
0,p3782,28,1
0,p3783,93,1
0,p3784,72,1
0,p3785,49,1
0,p3786,1,11
0,p3787,1,50
0,p3788,1,3
0,p3789,1,23
0,p3790,42,73
0,p3791,78,65
0,p3792,71,50
0,p3793,52,1
0,p3794,14,30
0,p3795,33,3
0,p3796,94,1
0,p3797,85,1
0,p3798,1,100
0,p3799,1,26
0,p3800,71,54
0,p3801,1,43
0,p3802,93,6
0,p3803,1,14
0,p3804,59,1
0,p3805,55,66
0,p3806,28,1
0,p3807,25,17
0,p3808,96,15
0,p3809,3,30
0,p3810,86,60
0,p3811,1,77
0,p3812,78,57
0,p3813,15,74
0,p3814,50,1
0,p3815,47,1
0,p3816,1,91
0,p3817,90,61
0,p3818,5,44
0,p3819,1,87
0,p3820,90,1
0,p3821,60,1
0,p3822,23,56
0,p3823,1,94
0,p3824,12,37
0,p3825,1,20
0,p3826,65,1
0,p3827,34,61
0,p3828,33,1
0,p3829,1,38
0,p3830,21,64
0,p3831,39,1
0,p3832,1,81
0,p3833,1,80
0,p3834,59,54
0,p3835,1,51
0,p3836,84,59
0,p3837,27,1
0,p3838,77,82
0,p3839,1,75
0,p3840,16,21
0,p3841,29,1
0,p3842,26,1
0,p3843,72,1
0,p3844,27,49
0,p3845,53,1
0,p3846,1,7
0,p3847,28,51
0,p3848,51,16
0,p3849,21,53
0,p3850,1,48
0,p3851,15,3
0,p3852,91,1
0,p3853,1,76
0,p3854,99,75
0,p3855,51,97
0,p3856,66,20
0,p3857,1,2
0,p3858,28,66
0,p3859,63,1
0,p3860,1,24
0,p3861,37,1
0,p3862,1,19
0,p3863,95,53
0,p3864,1,22
0,p3865,1,38
0,p3866,70,1
0,p3867,1,92
0,p3868,1,87
0,p3869,25,60
0,p3870,39,35
0,p3871,85,26
0,p3872,48,1
0,p3873,41,75
0,p3874,74,6
0,p3875,1,43
0,p3876,54,98
0,p3877,56,1
0,p3878,5,73
0,p3879,43,78
0,p3880,97,1
0,p3881,98,1
0,p3882,40,1
0,p3883,5,62
0,p3884,88,80
0,p3885,17,61
0,p3886,1,74
0,p3887,18,25
0,p3888,1,50
0,p3889,40,41
0,p3890,1,2
0,p3891,1,74
0,p3892,1,20
0,p3893,1,25
0,p3894,2,1
0,p3895,32,1
0,p3896,1,9
0,p3897,21,1
0,p3898,55,1
0,p3899,93,1
0,p3900,1,40
0,p3901,1,51
0,p3902,35,40
0,p3903,70,40
0,p3904,73,56
0,p3905,18,46
0,p3906,45,1
0,p3907,71,1
0,p3908,97,93
0,p3909,90,76
0,p3910,91,1
0,p3911,1,52
0,p3912,82,25
0,p3913,1,86
0,p3914,1,8
0,p3915,36,1
0,p3916,1,26
0,p3917,38,49
0,p3918,1,88
0,p3919,67,88
0,p3920,58,1
0,p3921,52,23
0,p3922,24,1
0,p3923,58,9
0,p3924,1,37
0,p3925,48,93
0,p3926,1,38
0,p3927,15,1
0,p3928,86,1
0,p3929,7,23
0,p3930,1,59
0,p3931,75,1
0,p3932,46,1
0,p3933,1,84
0,p3934,62,1
0,p3935,37,55
0,p3936,91,8
0,p3937,1,48
0,p3938,51,35
0,p3939,91,22
0,p3940,60,52
0,p3941,1,84
0,p3942,1,38
0,p3943,97,1
0,p3944,1,62
0,p3945,84,1
0,p3946,1,37
0,p3947,52,1
0,p3948,81,5
0,p3949,1,70
0,p3950,34,47
0,p3951,5,1
0,p3952,1,36
0,p3953,88,1
0,p3954,1,79
0,p3955,67,88
0,p3956,51,1
0,p3957,1,74
0,p3958,41,1
0,p3959,14,39
0,p3960,90,75
0,p3961,7,43
0,p3962,49,1
0,p3963,11,1
0,p3964,1,50
0,p3965,22,48
0,p3966,75,95
0,p3967,19,65
0,p3968,68,1
0,p3969,1,37
0,p3970,8,1
0,p3971,59,39
0,p3972,1,66
0,p3973,22,1
0,p3974,1,63
0,p3975,49,1
0,p3976,53,1
0,p3977,1,72
0,p3978,86,1
0,p3979,1,35
0,p3980,1,54
0,p3981,38,72
0,p3982,1,51
0,p3983,75,19
0,p3984,1,100
0,p3985,43,1
0,p3986,1,53
0,p3987,65,29
0,p3988,72,85
0,p3989,30,1
0,p3990,94,1
0,p3991,61,1
0,p3992,1,53
0,p3993,20,1
0,p3994,39,1
0,p3995,1,93
0,p3996,44,98
0,p3997,27,31
0,p3998,70,1
0,p3999,1,40
0,p4000,1,83
0,p4001,19,74
0,p4002,20,1
0,p4003,65,1
0,p4004,98,1
0,p4005,49,17
0,p4006,25,1
0,p4007,61,58
0,p4008,32,1
0,p4009,1,69
0,p4010,1,54
0,p4011,20,1
0,p4012,96,1
0,p4013,1,32
0,p4014,1,90
0,p4015,40,1
0,p4016,63,79
0,p4017,76,28
0,p4018,6,5
0,p4019,86,27
0,p4020,1,41
0,p4021,1,3
0,p4022,48,69
0,p4023,41,57
0,p4024,1,12
0,p4025,1,18
0,p4026,70,83
0,p4027,1,83
0,p4028,11,37
0,p4029,94,3
0,p4030,1,12
0,p4031,1,51
0,p4032,1,16
0,p4033,1,30
0,p4034,17,1
0,p4035,1,69
0,p4036,1,15
0,p4037,64,47
0,p4038,49,1
0,p4039,1,18
0,p4040,32,66
0,p4041,47,26
0,p4042,87,35
0,p4043,71,6
0,p4044,95,99
0,p4045,65,1
0,p4046,41,1
0,p4047,1,15
0,p4048,26,16
0,p4049,74,36
0,p4050,82,1
0,p4051,16,32
0,p4052,1,72
0,p4053,6,41
0,p4054,1,4
0,p4055,94,1
0,p4056,26,1
0,p4057,17,74
0,p4058,1,92
0,p4059,1,14
0,p4060,42,54
0,p4061,67,1
0,p4062,1,51
0,p4063,13,25
0,p4064,15,66
0,p4065,1,5
0,p4066,30,98
0,p4067,22,1
0,p4068,54,1
0,p4069,1,88
0,p4070,92,58
0,p4071,93,1
0,p4072,36,1
0,p4073,46,60
0,p4074,52,1
0,p4075,18,1
0,p4076,25,37
0,p4077,1,76
0,p4078,1,18
0,p4079,40,94
0,p4080,65,1
0,p4081,11,1
0,p4082,86,1
0,p4083,1,59
0,p4084,20,1
0,p4085,55,1
0,p4086,1,66
0,p4087,1,57
0,p4088,18,1
0,p4089,1,72
0,p4090,99,1
0,p4091,11,37
0,p4092,17,89
0,p4093,1,21
0,p4094,1,21
0,p4095,83,98
0,p4096,1,3
0,p4097,56,38
0,p4098,1,97
0,p4099,13,86
0,p4100,91,1
0,p4101,39,1
0,p4102,1,57
0,p4103,28,4
0,p4104,17,94
0,p4105,37,1
0,p4106,61,22
0,p4107,1,53
0,p4108,1,70
0,p4109,63,1
0,p4110,27,69
0,p4111,1,31
0,p4112,16,88
0,p4113,1,6
0,p4114,60,74
0,p4115,1,15
0,p4116,1,17
0,p4117,1,7
0,p4118,70,19
0,p4119,44,1
0,p4120,90,1
0,p4121,1,99
0,p4122,1,12
0,p4123,13,47
0,p4124,79,24
0,p4125,68,1
0,p4126,81,1
0,p4127,23,1
0,p4128,3,1
0,p4129,61,1
0,p4130,72,68
0,p4131,5,90
0,p4132,100,1
0,p4133,1,2
0,p4134,5,1
0,p4135,91,1
0,p4136,1,17
0,p4137,64,12
0,p4138,55,35
0,p4139,87,1
0,p4140,66,1
0,p4141,93,17
0,p4142,24,1
0,p4143,1,35
0,p4144,5,8
0,p4145,1,64
0,p4146,1,25
0,p4147,1,54
0,p4148,7,49
0,p4149,36,1
0,p4150,64,1
0,p4151,1,50
0,p4152,54,1
0,p4153,16,1
0,p4154,45,1
0,p4155,54,1
0,p4156,7,1
0,p4157,63,59
0,p4158,76,1
0,p4159,79,1
0,p4160,89,100
0,p4161,1,11
0,p4162,77,20
0,p4163,85,1
0,p4164,1,38
0,p4165,1,53
0,p4166,35,1
0,p4167,1,65
0,p4168,42,68
0,p4169,1,33
0,p4170,7,1
0,p4171,17,1
0,p4172,81,1
0,p4173,1,44
0,p4174,1,56
0,p4175,40,99
0,p4176,96,90
0,p4177,78,75
0,p4178,55,1
0,p4179,47,1
0,p4180,36,45
0,p4181,73,16
0,p4182,5,1
0,p4183,16,1
0,p4184,1,82
0,p4185,1,29
0,p4186,1,29
0,p4187,1,38
0,p4188,1,30
0,p4189,72,1
0,p4190,31,72
0,p4191,14,56
0,p4192,1,59
0,p4193,1,63
0,p4194,12,38
0,p4195,43,77
0,p4196,1,13
0,p4197,68,1
0,p4198,39,44
0,p4199,83,1
0,p4200,55,25
0,p4201,77,98
0,p4202,71,1
0,p4203,60,1
0,p4204,4,22
0,p4205,24,56
0,p4206,32,39
0,p4207,1,15
0,p4208,45,1
0,p4209,1,17
0,p4210,1,22
0,p4211,81,46
0,p4212,89,51
0,p4213,1,22
0,p4214,1,88
0,p4215,1,14
0,p4216,12,98
0,p4217,1,36
0,p4218,1,34
0,p4219,73,78
0,p4220,1,50
0,p4221,1,77
0,p4222,1,68
0,p4223,1,99
0,p4224,1,63
0,p4225,8,1
0,p4226,44,41
0,p4227,32,1
0,p4228,24,43
0,p4229,47,1
0,p4230,1,17
0,p4231,26,1
0,p4232,1,52
0,p4233,93,1
0,p4234,31,1
0,p4235,27,5
0,p4236,61,1
0,p4237,40,1
0,p4238,1,34
0,p4239,1,13
0,p4240,56,1
0,p4241,66,1
0,p4242,1,57
0,p4243,1,92
0,p4244,11,59
0,p4245,1,93
0,p4246,67,1
0,p4247,76,1
0,p4248,16,1
0,p4249,1,84
0,p4250,9,1
0,p4251,1,65
0,p4252,9,1
0,p4253,1,38
0,p4254,98,57
0,p4255,73,1
0,p4256,1,2
0,p4257,1,37
0,p4258,1,14
0,p4259,1,16
0,p4260,60,52
0,p4261,12,1
0,p4262,81,1
0,p4263,20,41
0,p4264,1,47
0,p4265,1,68
0,p4266,94,1
0,p4267,1,65
0,p4268,1,30
0,p4269,1,92
0,p4270,82,52
0,p4271,78,39
0,p4272,1,92
0,p4273,48,66
0,p4274,32,8
0,p4275,53,1
0,p4276,1,21
0,p4277,13,1
0,p4278,75,1
0,p4279,36,11
0,p4280,50,1
0,p4281,1,41
0,p4282,95,17
0,p4283,1,76
0,p4284,1,91
0,p4285,1,94
0,p4286,78,86
0,p4287,1,67
0,p4288,1,13
0,p4289,68,10
0,p4290,1,46
0,p4291,1,57
0,p4292,81,1
0,p4293,96,1
0,p4294,1,87
0,p4295,59,62
0,p4296,1,42
0,p4297,73,59
0,p4298,1,35
0,p4299,62,89
0,p4300,1,48
0,p4301,100,76
0,p4302,20,1
0,p4303,1,35
0,p4304,1,4
0,p4305,1,78
0,p4306,85,1
0,p4307,57,22
0,p4308,52,14
0,p4309,86,1
0,p4310,30,1
0,p4311,22,37
0,p4312,98,1
0,p4313,64,1
0,p4314,1,84
0,p4315,1,97
0,p4316,72,1
0,p4317,99,60
0,p4318,76,1
0,p4319,1,90
0,p4320,1,63
0,p4321,1,68
0,p4322,63,1
0,p4323,63,1
0,p4324,1,50
0,p4325,51,1
0,p4326,21,93
0,p4327,100,1
0,p4328,1,37
0,p4329,1,38
0,p4330,3,1
0,p4331,21,5
0,p4332,26,1
0,p4333,74,90
0,p4334,1,90
0,p4335,1,54
0,p4336,1,85
0,p4337,1,18
0,p4338,9,73
0,p4339,22,26
0,p4340,63,11
0,p4341,1,39
0,p4342,1,6
0,p4343,1,45
0,p4344,7,4
0,p4345,1,30
0,p4346,1,12
0,p4347,4,20
0,p4348,1,3
0,p4349,32,1
0,p4350,9,60
0,p4351,60,85
0,p4352,3,84
0,p4353,1,93
0,p4354,1,92
0,p4355,100,53
0,p4356,1,91
0,p4357,51,1
0,p4358,26,1
0,p4359,76,25
0,p4360,61,63
0,p4361,1,64
0,p4362,84,1
0,p4363,1,16
0,p4364,99,27
0,p4365,21,1
0,p4366,62,60
0,p4367,32,1
0,p4368,63,1
0,p4369,2,1
0,p4370,77,1
0,p4371,1,76
0,p4372,56,96
0,p4373,18,37
0,p4374,37,1
0,p4375,96,38
0,p4376,37,82
0,p4377,9,52
0,p4378,38,1
0,p4379,67,27
0,p4380,1,3
0,p4381,92,1
0,p4382,44,41
0,p4383,1,3
0,p4384,1,94
0,p4385,1,7
0,p4386,52,1
0,p4387,1,78
0,p4388,1,42
0,p4389,1,12
0,p4390,42,1
0,p4391,17,77
0,p4392,1,9
0,p4393,98,31
0,p4394,56,14
0,p4395,81,1
0,p4396,1,35
0,p4397,80,1
0,p4398,86,1
0,p4399,1,97
0,p4400,5,7
0,p4401,14,6
0,p4402,52,62
0,p4403,67,1
0,p4404,15,63
0,p4405,1,52
0,p4406,43,91
0,p4407,1,13
0,p4408,43,24
0,p4409,1,50
0,p4410,1,42
0,p4411,1,50
0,p4412,75,79
0,p4413,1,55
0,p4414,69,36
0,p4415,74,1
0,p4416,1,94
0,p4417,56,82
0,p4418,87,81
0,p4419,47,1
0,p4420,1,56
0,p4421,65,1
0,p4422,1,63
0,p4423,22,61
0,p4424,53,20
0,p4425,1,76
0,p4426,12,81
0,p4427,83,1
0,p4428,34,1
0,p4429,1,75
0,p4430,1,50
0,p4431,8,1
0,p4432,1,84
0,p4433,1,37
0,p4434,44,46
0,p4435,98,1
0,p4436,20,1
0,p4437,2,95
0,p4438,20,83
0,p4439,2,1
0,p4440,1,91
0,p4441,44,77
0,p4442,59,1
0,p4443,1,32
0,p4444,1,11
0,p4445,80,53
0,p4446,59,48
0,p4447,62,63
0,p4448,50,1
0,p4449,65,1
0,p4450,1,49
0,p4451,1,70
0,p4452,26,1
0,p4453,25,86
0,p4454,76,1
0,p4455,11,12
0,p4456,1,23
0,p4457,1,5
0,p4458,89,1
0,p4459,13,1
0,p4460,26,73
0,p4461,89,1
0,p4462,34,1
0,p4463,1,42
0,p4464,63,69
0,p4465,1,69
0,p4466,1,83
0,p4467,15,1
0,p4468,34,88
0,p4469,84,99
0,p4470,94,1
0,p4471,1,81
0,p4472,41,1
0,p4473,58,12
0,p4474,46,1
0,p4475,1,79
0,p4476,1,35
0,p4477,1,50
0,p4478,2,1
0,p4479,7,1
0,p4480,11,1
0,p4481,43,1
0,p4482,1,33
0,p4483,1,62
0,p4484,41,36
0,p4485,1,95
0,p4486,97,1
0,p4487,54,27
0,p4488,78,1
0,p4489,6,38
0,p4490,57,68
0,p4491,26,1
0,p4492,70,1
0,p4493,1,95
0,p4494,87,68
0,p4495,34,1
0,p4496,16,1
0,p4497,1,42
0,p4498,68,1
0,p4499,1,100
0,p4500,69,58
0,p4501,67,1
0,p4502,76,46
0,p4503,1,46
0,p4504,1,41
0,p4505,100,1
0,p4506,35,32
0,p4507,73,1
0,p4508,89,1
0,p4509,1,61
0,p4510,61,96
0,p4511,100,1
0,p4512,66,1
0,p4513,1,19
0,p4514,1,81
0,p4515,1,65
0,p4516,2,1
0,p4517,1,48
0,p4518,2,56
0,p4519,1,45
0,p4520,83,37
0,p4521,94,11
0,p4522,45,94
0,p4523,98,32
0,p4524,33,39
0,p4525,1,73
0,p4526,52,30
0,p4527,1,68
0,p4528,12,1
0,p4529,4,1
0,p4530,39,1
0,p4531,5,1
0,p4532,84,28
0,p4533,79,53
0,p4534,1,81
0,p4535,1,100
0,p4536,1,88
0,p4537,21,1
0,p4538,1,89
0,p4539,1,89
0,p4540,1,78
0,p4541,21,83
0,p4542,76,37
0,p4543,1,85
0,p4544,6,1
0,p4545,81,92
0,p4546,61,10
0,p4547,56,1
0,p4548,1,69
0,p4549,61,47
0,p4550,1,99
0,p4551,1,99
0,p4552,7,82
0,p4553,17,62
0,p4554,66,22
0,p4555,70,1
0,p4556,13,46
0,p4557,9,1
0,p4558,1,19
0,p4559,1,100
0,p4560,74,1
0,p4561,52,1
0,p4562,1,19
0,p4563,1,54
0,p4564,1,77
0,p4565,25,43
0,p4566,60,1
0,p4567,1,73
0,p4568,75,1
0,p4569,57,1
0,p4570,1,63
0,p4571,1,35
0,p4572,1,41
0,p4573,7,1
0,p4574,39,28
0,p4575,90,1
0,p4576,83,41
0,p4577,1,34
0,p4578,39,1
0,p4579,2,1
0,p4580,23,1
0,p4581,1,4
0,p4582,79,1
0,p4583,96,1
0,p4584,16,1
0,p4585,24,70
0,p4586,43,1
0,p4587,1,92
0,p4588,67,34
0,p4589,76,37
0,p4590,36,64
0,p4591,1,34
0,p4592,32,72
0,p4593,13,73
0,p4594,15,1
0,p4595,63,8
0,p4596,1,42
0,p4597,1,28
0,p4598,1,2
0,p4599,82,8
0,p4600,1,75
0,p4601,37,68
0,p4602,69,1
0,p4603,1,61
0,p4604,25,1
0,p4605,64,51
0,p4606,1,90
0,p4607,1,5
0,p4608,59,1
0,p4609,71,62
0,p4610,1,60
0,p4611,1,90
0,p4612,1,43
0,p4613,69,1
0,p4614,46,1
0,p4615,1,66
0,p4616,37,1
0,p4617,58,47
0,p4618,1,49
0,p4619,81,1
0,p4620,91,34
0,p4621,22,16
0,p4622,1,11
0,p4623,1,36
0,p4624,47,1
0,p4625,80,82
0,p4626,23,89
0,p4627,80,1
0,p4628,7,92
0,p4629,45,1
0,p4630,29,10
0,p4631,85,1
0,p4632,97,81
0,p4633,38,1
0,p4634,88,1
0,p4635,1,70
0,p4636,24,19
0,p4637,19,1
0,p4638,71,1
0,p4639,52,96
0,p4640,1,66
0,p4641,31,1
0,p4642,67,1
0,p4643,64,1
0,p4644,1,73
0,p4645,75,85
0,p4646,1,85
0,p4647,1,45
0,p4648,2,20
0,p4649,43,1
0,p4650,1,75
0,p4651,1,45
0,p4652,41,48
0,p4653,18,1
0,p4654,37,1
0,p4655,1,48
0,p4656,24,15
0,p4657,1,66
0,p4658,23,10
0,p4659,1,53
0,p4660,18,100
0,p4661,61,42
0,p4662,1,69
0,p4663,1,52
0,p4664,64,1
0,p4665,23,1
0,p4666,1,100
0,p4667,71,1
0,p4668,1,32
0,p4669,1,84
0,p4670,35,1
0,p4671,29,1
0,p4672,1,24
0,p4673,6,1
0,p4674,42,1
0,p4675,89,66
0,p4676,28,50
0,p4677,37,1
0,p4678,79,20
0,p4679,100,1
0,p4680,11,1
0,p4681,56,1
0,p4682,87,1
0,p4683,70,14
0,p4684,1,53
0,p4685,16,1
0,p4686,48,1
0,p4687,12,1
0,p4688,48,31
0,p4689,1,46
0,p4690,1,47
0,p4691,1,27
0,p4692,51,46
0,p4693,1,96
0,p4694,1,81
0,p4695,1,11
0,p4696,86,1
0,p4697,1,74
0,p4698,44,26
0,p4699,95,41
0,p4700,54,1
0,p4701,1,88
0,p4702,89,1
0,p4703,76,30
0,p4704,40,36
0,p4705,11,1
0,p4706,36,77
0,p4707,1,38
0,p4708,54,1
0,p4709,1,24
0,p4710,7,90
0,p4711,42,81
0,p4712,80,4
0,p4713,79,69
0,p4714,1,86
0,p4715,84,1
0,p4716,33,1
0,p4717,6,1
0,p4718,1,63
0,p4719,1,21
0,p4720,27,15
0,p4721,1,77
0,p4722,1,9
0,p4723,96,71
0,p4724,7,1
0,p4725,1,60
0,p4726,67,75
0,p4727,72,1
0,p4728,47,61
0,p4729,24,82
0,p4730,87,1
0,p4731,1,17
0,p4732,77,1
0,p4733,3,60
0,p4734,1,45
0,p4735,98,1
0,p4736,89,1
0,p4737,28,84
0,p4738,37,1
0,p4739,1,13
0,p4740,1,6
0,p4741,74,50
0,p4742,63,6
0,p4743,1,70
0,p4744,15,5
0,p4745,1,61
0,p4746,92,1
0,p4747,10,1
0,p4748,13,1
0,p4749,40,54
0,p4750,1,6
0,p4751,1,75
0,p4752,30,1
0,p4753,1,75
0,p4754,15,2
0,p4755,1,95
0,p4756,49,95
0,p4757,40,20
0,p4758,1,58
0,p4759,1,85
0,p4760,23,1
0,p4761,43,39
0,p4762,23,84
0,p4763,54,4
0,p4764,41,48
0,p4765,27,1
0,p4766,67,1
0,p4767,44,1
0,p4768,4,30
0,p4769,35,26
0,p4770,51,1
0,p4771,39,1
0,p4772,1,6
0,p4773,8,1
0,p4774,17,1
0,p4775,43,1
0,p4776,42,24
0,p4777,1,52
0,p4778,44,1
0,p4779,50,1
0,p4780,1,64
0,p4781,5,1
0,p4782,1,46
0,p4783,12,81
0,p4784,40,76
0,p4785,84,1
0,p4786,36,91
0,p4787,49,1
0,p4788,33,1
0,p4789,95,1
0,p4790,46,1
0,p4791,46,96
0,p4792,1,43
0,p4793,55,71
0,p4794,54,33
0,p4795,13,40
0,p4796,18,75
0,p4797,1,97
0,p4798,1,96
0,p4799,1,29
0,p4800,1,95
0,p4801,41,70
0,p4802,8,14
0,p4803,1,18
0,p4804,13,22
0,p4805,6,46
0,p4806,34,35
0,p4807,46,1
0,p4808,42,1
0,p4809,48,1
0,p4810,1,89
0,p4811,47,32
0,p4812,1,48
0,p4813,1,37
0,p4814,86,1
0,p4815,1,97
0,p4816,1,56
0,p4817,54,1
0,p4818,1,69
0,p4819,10,65
0,p4820,1,3
0,p4821,83,1
0,p4822,72,71
0,p4823,54,1
0,p4824,67,1
0,p4825,44,27
0,p4826,97,1
0,p4827,1,93
0,p4828,1,43
0,p4829,74,1
0,p4830,1,77
0,p4831,96,1
0,p4832,81,1
0,p4833,38,1
0,p4834,61,31
0,p4835,89,1
0,p4836,22,74
0,p4837,1,22
0,p4838,22,51
0,p4839,82,53
0,p4840,1,63
0,p4841,1,41
0,p4842,28,24
0,p4843,35,46
0,p4844,62,50
0,p4845,74,1
0,p4846,93,92
0,p4847,89,28
0,p4848,1,35
0,p4849,51,9
0,p4850,77,40
0,p4851,81,50
0,p4852,1,44
0,p4853,1,4
0,p4854,54,1
0,p4855,1,59
0,p4856,49,6
0,p4857,26,1
0,p4858,100,29
0,p4859,81,92
0,p4860,17,1
0,p4861,1,63
0,p4862,94,8
0,p4863,1,70
0,p4864,53,47
0,p4865,55,1
0,p4866,64,28
0,p4867,70,1
0,p4868,37,93
0,p4869,27,1
0,p4870,1,72
0,p4871,10,84
0,p4872,72,92
0,p4873,85,94
0,p4874,95,23
0,p4875,41,1
0,p4876,1,4
0,p4877,76,2
0,p4878,51,1
0,p4879,35,31
0,p4880,10,38
0,p4881,19,100
0,p4882,30,46
0,p4883,6,16
0,p4884,99,38
0,p4885,1,55
0,p4886,3,1
0,p4887,24,1
0,p4888,11,1
0,p4889,36,9
0,p4890,1,77
0,p4891,1,9
0,p4892,69,1
0,p4893,68,23
0,p4894,1,92
0,p4895,22,1
0,p4896,1,81
0,p4897,3,1
0,p4898,1,24
0,p4899,4,48
0,p4900,56,1
0,p4901,10,30
0,p4902,88,34
0,p4903,36,30
0,p4904,95,1
0,p4905,1,78
0,p4906,74,1
0,p4907,1,48
0,p4908,9,1
0,p4909,59,71
0,p4910,1,12
0,p4911,80,32
0,p4912,5,1
0,p4913,68,1
0,p4914,42,1
0,p4915,97,89
0,p4916,63,1
0,p4917,70,1
0,p4918,70,1
0,p4919,75,79
0,p4920,21,2
0,p4921,77,68
0,p4922,87,1
0,p4923,91,1
0,p4924,28,1
0,p4925,23,1
0,p4926,32,1
0,p4927,61,29
0,p4928,83,34
0,p4929,70,12
0,p4930,1,74
0,p4931,1,89
0,p4932,5,55
0,p4933,1,85
0,p4934,64,28
0,p4935,33,1
0,p4936,1,8
0,p4937,39,1
0,p4938,18,72
0,p4939,55,90
0,p4940,1,67
0,p4941,1,18
0,p4942,62,42
0,p4943,22,2
0,p4944,67,1
0,p4945,61,1
0,p4946,1,95
0,p4947,96,1
0,p4948,37,1
0,p4949,70,37
0,p4950,1,31
0,p4951,7,95
0,p4952,1,92
0,p4953,1,38
0,p4954,1,68
0,p4955,1,64
0,p4956,1,84
0,p4957,1,83
0,p4958,3,77
0,p4959,78,1
0,p4960,40,21
0,p4961,38,1
0,p4962,1,74
0,p4963,62,91
0,p4964,34,1
0,p4965,68,90
0,p4966,34,45
0,p4967,7,1
0,p4968,2,94
0,p4969,36,1
0,p4970,93,1
0,p4971,41,67
0,p4972,1,15
0,p4973,29,1
0,p4974,98,57
0,p4975,83,1
0,p4976,2,19
0,p4977,1,96
0,p4978,1,60
0,p4979,95,6
0,p4980,1,86
0,p4981,83,1
0,p4982,1,29
0,p4983,99,1
0,p4984,91,98
0,p4985,55,70
0,p4986,50,45
0,p4987,11,1
0,p4988,83,92
0,p4989,44,1
0,p4990,87,1
0,p4991,21,1
0,p4992,1,86
0,p4993,1,86
0,p4994,22,1
0,p4995,1,89
0,p4996,1,53
0,p4997,32,70
0,p4998,57,1
0,p4999,52,1
0,p5000,1,32
0,p5001,87,36
0,p5002,94,33
0,p5003,6,1
0,p5004,1,85
0,p5005,1,18
0,p5006,44,45
0,p5007,1,39
0,p5008,70,1
0,p5009,92,44
0,p5010,76,1
0,p5011,7,1
0,p5012,1,94
0,p5013,1,67
0,p5014,6,1
0,p5015,53,1
0,p5016,1,52
0,p5017,1,8
0,p5018,89,1
0,p5019,69,1
0,p5020,1,50
0,p5021,1,44
0,p5022,1,45
0,p5023,55,1
0,p5024,46,1
0,p5025,1,100
0,p5026,1,50
0,p5027,100,1
0,p5028,1,94
0,p5029,23,1
0,p5030,53,3
0,p5031,21,1
0,p5032,1,29
0,p5033,46,1
0,p5034,53,1
0,p5035,77,97
0,p5036,82,1
0,p5037,81,1
0,p5038,1,99
0,p5039,2,1
0,p5040,1,27
0,p5041,5,98
0,p5042,1,74
0,p5043,14,25
0,p5044,1,93
0,p5045,55,86
0,p5046,1,20
0,p5047,95,55
0,p5048,19,1
0,p5049,1,10
0,p5050,65,1
0,p5051,8,81
0,p5052,100,1
0,p5053,1,81
0,p5054,1,7
0,p5055,1,83
0,p5056,1,54
0,p5057,39,1
0,p5058,1,30
0,p5059,1,93
0,p5060,1,32
0,p5061,3,1
0,p5062,41,1
0,p5063,59,1
0,p5064,18,1
0,p5065,95,1
0,p5066,1,91
0,p5067,44,1
0,p5068,1,4
0,p5069,88,6
0,p5070,46,90
0,p5071,55,61
0,p5072,1,60
0,p5073,1,37
0,p5074,36,74
0,p5075,1,34
0,p5076,99,39
0,p5077,1,13
0,p5078,1,33
0,p5079,88,67
0,p5080,56,1
0,p5081,1,80
0,p5082,54,1
0,p5083,9,1
0,p5084,6,1
0,p5085,1,12
0,p5086,73,81
0,p5087,54,52
0,p5088,1,89
0,p5089,33,17
0,p5090,1,20
0,p5091,76,1
0,p5092,28,1
0,p5093,22,1
0,p5094,49,74
0,p5095,52,89
0,p5096,17,1
0,p5097,62,1
0,p5098,16,97
0,p5099,97,10
0,p5100,53,54
0,p5101,88,87
0,p5102,33,23
0,p5103,59,1
0,p5104,39,1
0,p5105,1,28
0,p5106,1,3
0,p5107,89,1
0,p5108,1,62
0,p5109,92,1
0,p5110,94,24
0,p5111,43,1
0,p5112,44,1
0,p5113,1,22
0,p5114,51,69
0,p5115,1,42
0,p5116,1,16
0,p5117,23,95
0,p5118,1,77
0,p5119,47,6
0,p5120,26,40
0,p5121,86,1
0,p5122,1,3
0,p5123,43,1
0,p5124,86,1
0,p5125,99,1
0,p5126,1,81
0,p5127,1,77
0,p5128,46,74
0,p5129,29,1
0,p5130,69,1
0,p5131,86,1
0,p5132,47,39
0,p5133,56,40
0,p5134,1,81
0,p5135,13,1
0,p5136,1,48
0,p5137,1,62
0,p5138,1,72
0,p5139,26,1
0,p5140,66,1
0,p5141,7,1
0,p5142,56,1
0,p5143,25,1
0,p5144,86,49
0,p5145,63,12
0,p5146,50,1
0,p5147,38,1
0,p5148,15,1
0,p5149,1,56
0,p5150,1,16
0,p5151,1,43
0,p5152,16,1
0,p5153,58,3
0,p5154,1,98
0,p5155,67,60
0,p5156,62,1
0,p5157,1,28
0,p5158,59,1
0,p5159,1,87
0,p5160,1,16
0,p5161,12,1
0,p5162,1,15
0,p5163,2,1
0,p5164,20,1
0,p5165,1,58
0,p5166,62,1
0,p5167,94,1
0,p5168,61,1
0,p5169,17,25
0,p5170,1,72
0,p5171,23,28
0,p5172,78,1
0,p5173,1,88
0,p5174,1,20
0,p5175,86,25
0,p5176,74,1
0,p5177,26,37
0,p5178,1,46
0,p5179,36,1
0,p5180,1,97
0,p5181,85,15
0,p5182,44,1
0,p5183,56,8
0,p5184,100,49
0,p5185,41,97
0,p5186,79,1
0,p5187,60,1
0,p5188,1,51
0,p5189,1,6
0,p5190,1,46
0,p5191,26,1
0,p5192,37,1
0,p5193,1,73
0,p5194,1,85
0,p5195,1,35
0,p5196,98,1
0,p5197,1,79
0,p5198,32,73
0,p5199,60,23
0,p5200,55,1
0,p5201,37,1
0,p5202,1,53
0,p5203,1,73
0,p5204,80,1
0,p5205,1,95
0,p5206,1,75
0,p5207,1,88
0,p5208,36,73
0,p5209,60,74
0,p5210,81,48
0,p5211,17,1
0,p5212,94,1
0,p5213,87,1
0,p5214,86,1
0,p5215,1,100
0,p5216,87,63
0,p5217,95,1
0,p5218,1,90
0,p5219,83,1
0,p5220,18,34
0,p5221,1,32
0,p5222,95,1
0,p5223,82,1
0,p5224,35,1
0,p5225,1,58
0,p5226,45,1
0,p5227,49,1
0,p5228,18,1
0,p5229,53,12
0,p5230,23,99
0,p5231,26,1
0,p5232,71,43
0,p5233,1,99
0,p5234,33,1
0,p5235,1,30
0,p5236,82,85
0,p5237,28,97
0,p5238,1,65
0,p5239,1,32
0,p5240,1,79
0,p5241,1,46
0,p5242,59,77
0,p5243,1,56
0,p5244,1,36
0,p5245,3,70
0,p5246,82,11
0,p5247,1,98
0,p5248,42,31
0,p5249,81,1
0,p5250,1,9
0,p5251,91,1
0,p5252,41,1
0,p5253,1,83
0,p5254,84,1
0,p5255,80,76
0,p5256,1,72
0,p5257,45,69
0,p5258,7,88
0,p5259,100,1
0,p5260,1,23
0,p5261,55,31
0,p5262,27,2
0,p5263,1,70
0,p5264,20,1
0,p5265,38,1
0,p5266,65,91
0,p5267,1,43
0,p5268,1,19
0,p5269,15,27
0,p5270,39,1
0,p5271,52,29
0,p5272,1,64
0,p5273,92,1
0,p5274,1,73
0,p5275,1,46
0,p5276,35,1
0,p5277,28,1
0,p5278,77,1
0,p5279,50,1
0,p5280,65,71
0,p5281,1,33
0,p5282,67,1
0,p5283,8,53
0,p5284,47,31
0,p5285,3,1
0,p5286,1,66
0,p5287,28,75
0,p5288,1,61
0,p5289,8,13
0,p5290,15,1
0,p5291,76,1
0,p5292,93,1
0,p5293,27,24
0,p5294,19,8
0,p5295,15,80
0,p5296,44,27
0,p5297,1,55
0,p5298,1,13
0,p5299,54,56
0,p5300,9,1
0,p5301,96,1
0,p5302,1,27
0,p5303,79,1
0,p5304,38,1
0,p5305,1,3
0,p5306,55,1
0,p5307,49,1
0,p5308,75,1
0,p5309,96,97
0,p5310,38,1
0,p5311,53,10
0,p5312,23,1
0,p5313,22,29
0,p5314,5,55
0,p5315,94,1
0,p5316,1,54
0,p5317,65,1
0,p5318,38,33
0,p5319,49,1
0,p5320,86,79
0,p5321,48,1
0,p5322,39,1
0,p5323,74,2
0,p5324,1,18
0,p5325,1,36
0,p5326,98,1
0,p5327,16,56
0,p5328,91,1
0,p5329,1,87
0,p5330,1,84
0,p5331,1,35
0,p5332,87,1
0,p5333,91,1
0,p5334,66,1
0,p5335,60,17
0,p5336,9,15
0,p5337,1,71
0,p5338,79,1
0,p5339,85,37
0,p5340,28,26
0,p5341,100,1
0,p5342,38,93
0,p5343,21,1
0,p5344,79,1
0,p5345,63,1
0,p5346,44,33
0,p5347,1,14
0,p5348,1,29
0,p5349,5,72
0,p5350,61,1
0,p5351,39,1
0,p5352,12,1
0,p5353,1,16
0,p5354,1,86
0,p5355,1,58
0,p5356,87,1
0,p5357,1,26
0,p5358,25,71
0,p5359,1,81
0,p5360,28,1
0,p5361,7,1
0,p5362,79,1
0,p5363,60,1
0,p5364,26,1
0,p5365,1,28
0,p5366,28,84
0,p5367,40,46
0,p5368,1,93
0,p5369,1,8
0,p5370,1,100
0,p5371,1,27
0,p5372,99,1
0,p5373,71,1
0,p5374,1,27
0,p5375,15,1
0,p5376,27,1
0,p5377,67,1
0,p5378,50,1
0,p5379,8,17
0,p5380,73,52
0,p5381,26,61
0,p5382,33,1
0,p5383,38,51
0,p5384,1,37
0,p5385,62,1
0,p5386,89,16
0,p5387,13,1
0,p5388,6,1
0,p5389,76,1
0,p5390,78,1
0,p5391,1,49
0,p5392,69,1
0,p5393,56,1
0,p5394,1,30
0,p5395,82,7
0,p5396,1,45
0,p5397,63,1
0,p5398,35,1
0,p5399,95,58
0,p5400,71,22
0,p5401,21,47
0,p5402,36,1
0,p5403,50,1
0,p5404,1,5
0,p5405,1,64
0,p5406,1,94
0,p5407,95,1
0,p5408,1,96
0,p5409,25,1
0,p5410,1,90
0,p5411,17,1
0,p5412,29,13
0,p5413,1,50
0,p5414,1,22
0,p5415,1,2
0,p5416,31,1
0,p5417,1,92
0,p5418,92,1
0,p5419,45,27
0,p5420,85,72
0,p5421,61,16
0,p5422,45,1
0,p5423,1,46
0,p5424,8,1
0,p5425,89,85
0,p5426,1,17
0,p5427,79,1
0,p5428,100,16
0,p5429,63,1
0,p5430,36,50
0,p5431,1,58
0,p5432,72,1
0,p5433,41,1
0,p5434,23,1
0,p5435,72,42
0,p5436,37,1
0,p5437,40,1
0,p5438,100,1
0,p5439,1,86
0,p5440,1,30
0,p5441,6,82
0,p5442,1,92
0,p5443,1,22
0,p5444,60,56
0,p5445,28,1
0,p5446,59,9
0,p5447,100,62
0,p5448,37,36
0,p5449,44,43
0,p5450,90,1
0,p5451,97,1
0,p5452,1,42
0,p5453,81,79
0,p5454,3,1
0,p5455,23,74
0,p5456,1,64
0,p5457,1,54
0,p5458,69,1
0,p5459,1,14
0,p5460,1,12
0,p5461,1,40
0,p5462,1,50
0,p5463,75,99
0,p5464,1,78
0,p5465,74,65
0,p5466,25,90
0,p5467,1,37
0,p5468,18,73
0,p5469,49,1
0,p5470,54,13
0,p5471,1,24
0,p5472,25,36
0,p5473,1,27
0,p5474,98,5
0,p5475,49,2
0,p5476,1,35
0,p5477,26,1
0,p5478,80,1
0,p5479,4,64
0,p5480,1,76
0,p5481,1,97
0,p5482,14,1
0,p5483,5,79
0,p5484,33,15
0,p5485,20,87
0,p5486,1,22
0,p5487,1,88
0,p5488,1,21
0,p5489,7,65
0,p5490,1,63
0,p5491,73,1
0,p5492,1,73
0,p5493,43,1
0,p5494,1,97
0,p5495,1,54
0,p5496,89,82
0,p5497,42,63
0,p5498,1,81
0,p5499,1,13
0,p5500,18,12
0,p5501,1,2
0,p5502,99,7
0,p5503,13,1
0,p5504,20,1
0,p5505,1,67
0,p5506,1,70
0,p5507,1,81
0,p5508,77,1
0,p5509,1,18
0,p5510,27,1
0,p5511,16,87
0,p5512,12,1
0,p5513,54,1
0,p5514,45,90
0,p5515,1,74
0,p5516,66,1
0,p5517,2,76
0,p5518,1,46
0,p5519,73,13
0,p5520,1,99
0,p5521,92,1
0,p5522,13,88
0,p5523,63,74
0,p5524,1,20
0,p5525,36,56
0,p5526,24,53
0,p5527,68,1
0,p5528,41,1
0,p5529,96,1
0,p5530,46,25
0,p5531,1,25
0,p5532,3,1
0,p5533,1,10
0,p5534,1,28
0,p5535,1,40
0,p5536,1,84
0,p5537,1,68
0,p5538,79,1
0,p5539,1,91
0,p5540,1,36
0,p5541,5,13
0,p5542,33,1
0,p5543,56,64
0,p5544,63,1
0,p5545,1,36
0,p5546,27,1
0,p5547,95,63
0,p5548,1,32
0,p5549,45,4
0,p5550,59,1
0,p5551,56,62
0,p5552,68,13
0,p5553,62,1
0,p5554,31,1
0,p5555,70,1
0,p5556,25,1
0,p5557,86,9
0,p5558,1,77
0,p5559,2,1
0,p5560,1,40
0,p5561,83,34
0,p5562,72,19
0,p5563,8,1
0,p5564,91,1
0,p5565,86,1
0,p5566,1,59
0,p5567,58,42
0,p5568,91,71
0,p5569,54,1
0,p5570,48,1
0,p5571,13,90
0,p5572,95,1
0,p5573,83,1
0,p5574,7,32
0,p5575,27,64
0,p5576,10,1
0,p5577,1,76
0,p5578,1,90
0,p5579,1,45
0,p5580,1,23
0,p5581,1,47
0,p5582,70,99
0,p5583,21,44
0,p5584,1,30
0,p5585,1,65
0,p5586,5,1
0,p5587,52,1
0,p5588,49,93
0,p5589,1,43
0,p5590,69,57
0,p5591,1,37
0,p5592,21,76
0,p5593,58,48
0,p5594,5,81
0,p5595,1,14
0,p5596,65,1
0,p5597,1,35
0,p5598,58,1
0,p5599,1,87
0,p5600,38,81
0,p5601,46,1
0,p5602,38,15
0,p5603,18,1
0,p5604,35,69
0,p5605,83,16
0,p5606,18,1
0,p5607,54,1
0,p5608,1,61
0,p5609,87,86
0,p5610,96,1
0,p5611,1,14
0,p5612,44,29
0,p5613,1,75
0,p5614,35,100
0,p5615,96,1
0,p5616,23,19
0,p5617,40,55
0,p5618,14,49
0,p5619,35,57
0,p5620,69,1
0,p5621,46,98
0,p5622,1,75
0,p5623,46,1
0,p5624,1,77
0,p5625,31,13
0,p5626,1,51
0,p5627,29,1
0,p5628,46,9
0,p5629,93,48
0,p5630,9,1
0,p5631,84,42
0,p5632,29,1
0,p5633,31,1
0,p5634,1,66
0,p5635,1,62
0,p5636,10,78
0,p5637,1,66
0,p5638,44,1
0,p5639,1,34
0,p5640,1,36
0,p5641,35,16
0,p5642,1,51
0,p5643,40,55
0,p5644,1,62
0,p5645,45,1
0,p5646,35,1
0,p5647,26,1
0,p5648,23,44
0,p5649,19,1
0,p5650,30,1
0,p5651,1,100
0,p5652,40,1
0,p5653,1,36
0,p5654,1,86
0,p5655,1,37
0,p5656,80,49
0,p5657,22,1
0,p5658,1,33
0,p5659,1,45
0,p5660,77,9
0,p5661,83,1
0,p5662,56,1
0,p5663,57,1
0,p5664,1,97
0,p5665,9,1
0,p5666,98,1
0,p5667,70,88
0,p5668,22,1
0,p5669,42,60
0,p5670,1,97
0,p5671,1,91
0,p5672,43,60
0,p5673,90,1
0,p5674,1,65
0,p5675,1,24
0,p5676,94,46
0,p5677,25,1
0,p5678,87,1
0,p5679,54,1
0,p5680,7,1
0,p5681,41,1
0,p5682,1,42
0,p5683,16,48
0,p5684,1,42
0,p5685,95,4
0,p5686,97,1
0,p5687,1,92
0,p5688,82,1
0,p5689,45,76
0,p5690,1,95
0,p5691,1,62
0,p5692,61,71
0,p5693,80,65
0,p5694,69,98
0,p5695,77,1
0,p5696,48,1
0,p5697,1,15
0,p5698,1,17
0,p5699,12,1
0,p5700,14,1
0,p5701,35,1
0,p5702,1,75
0,p5703,79,1
0,p5704,34,1
0,p5705,19,1
0,p5706,27,1
0,p5707,37,32
0,p5708,78,91
0,p5709,40,1
0,p5710,29,1
0,p5711,1,83
0,p5712,78,66
0,p5713,1,4
0,p5714,8,1
0,p5715,1,88
0,p5716,1,87
0,p5717,1,23
0,p5718,31,92
0,p5719,84,9
0,p5720,45,1
0,p5721,41,1
0,p5722,6,1
0,p5723,29,1
0,p5724,81,1
0,p5725,65,1
0,p5726,75,1
0,p5727,6,63
0,p5728,1,80
0,p5729,92,51
0,p5730,25,1
0,p5731,1,7
0,p5732,1,49
0,p5733,1,80
0,p5734,33,100
0,p5735,1,43
0,p5736,1,26
0,p5737,90,8
0,p5738,68,34
0,p5739,51,59
0,p5740,1,46
0,p5741,2,1
0,p5742,1,4
0,p5743,1,55
0,p5744,15,4
0,p5745,49,1
0,p5746,55,1
0,p5747,1,37
0,p5748,1,52
0,p5749,1,28
0,p5750,68,40
0,p5751,29,1
0,p5752,1,55
0,p5753,7,1
0,p5754,35,28
0,p5755,80,88
0,p5756,3,1
0,p5757,84,7
0,p5758,100,1
0,p5759,19,1
0,p5760,1,45
0,p5761,30,1
0,p5762,69,75
0,p5763,8,76
0,p5764,1,53
0,p5765,59,1
0,p5766,35,20
0,p5767,42,46
0,p5768,20,1
0,p5769,43,1
0,p5770,1,8
0,p5771,43,1
0,p5772,95,80
0,p5773,1,24
0,p5774,41,1
0,p5775,1,94
0,p5776,35,1
0,p5777,1,24
0,p5778,63,36
0,p5779,1,87
0,p5780,53,75
0,p5781,34,70
0,p5782,83,43
0,p5783,91,1
0,p5784,19,16
0,p5785,36,1
0,p5786,75,6
0,p5787,1,100
0,p5788,22,29
0,p5789,1,38
0,p5790,36,1
0,p5791,36,1
0,p5792,13,1
0,p5793,1,4
0,p5794,48,67
0,p5795,48,46
0,p5796,1,75
0,p5797,17,72
0,p5798,89,3
0,p5799,51,94
0,p5800,1,63
0,p5801,64,11
0,p5802,68,5
0,p5803,10,1
0,p5804,81,1
0,p5805,50,12
0,p5806,1,48
0,p5807,1,7
0,p5808,1,76
0,p5809,40,1
0,p5810,17,9
0,p5811,1,48
0,p5812,85,99
0,p5813,1,94
0,p5814,11,94
0,p5815,54,52
0,p5816,1,83
0,p5817,35,72
0,p5818,67,94
0,p5819,19,11
0,p5820,8,72
0,p5821,88,1
0,p5822,97,25
0,p5823,55,1
0,p5824,66,21
0,p5825,46,1
0,p5826,72,82
0,p5827,44,1
0,p5828,1,27
0,p5829,1,35
0,p5830,1,54
0,p5831,1,74
0,p5832,1,53
0,p5833,97,1
0,p5834,46,1
0,p5835,89,46
0,p5836,71,1
0,p5837,1,56
0,p5838,43,88
0,p5839,44,1
0,p5840,78,1
0,p5841,1,47
0,p5842,24,1
0,p5843,1,16
0,p5844,1,18
0,p5845,9,1
0,p5846,93,1
0,p5847,1,47
0,p5848,1,47
0,p5849,1,91
0,p5850,85,38
0,p5851,16,1
0,p5852,51,71
0,p5853,1,9
0,p5854,16,96
0,p5855,1,39
0,p5856,59,66
0,p5857,86,1
0,p5858,82,74
0,p5859,80,7
0,p5860,74,1
0,p5861,3,1
0,p5862,47,1
0,p5863,87,1
0,p5864,61,1
0,p5865,62,1
0,p5866,100,61
0,p5867,71,1
0,p5868,28,1
0,p5869,23,1
0,p5870,66,1
0,p5871,46,1
0,p5872,1,5
0,p5873,33,1
0,p5874,23,1
0,p5875,1,46
0,p5876,87,19
0,p5877,35,1
0,p5878,15,59
0,p5879,20,1
0,p5880,39,1
0,p5881,1,91
0,p5882,3,44
0,p5883,78,1
0,p5884,1,21
0,p5885,1,21
0,p5886,23,1
0,p5887,94,20
0,p5888,23,1
0,p5889,1,11
0,p5890,23,1
0,p5891,55,53
0,p5892,44,1
0,p5893,93,1
0,p5894,82,1
0,p5895,5,93
0,p5896,1,92
0,p5897,8,1
0,p5898,55,45
0,p5899,1,86
0,p5900,30,1
0,p5901,26,1
0,p5902,83,66
0,p5903,76,68
0,p5904,55,1
0,p5905,1,100
0,p5906,69,70
0,p5907,19,34
0,p5908,52,1
0,p5909,55,19
0,p5910,19,37
0,p5911,1,69
0,p5912,84,94
0,p5913,84,1
0,p5914,10,92
0,p5915,1,30
0,p5916,3,1
0,p5917,1,68
0,p5918,1,86
0,p5919,98,1
0,p5920,70,20
0,p5921,93,1
0,p5922,31,98
0,p5923,1,79
0,p5924,45,1
0,p5925,17,13
0,p5926,1,32
0,p5927,24,32
0,p5928,82,1
0,p5929,1,84
0,p5930,10,12
0,p5931,47,1
0,p5932,1,73
0,p5933,83,1
0,p5934,100,3
0,p5935,92,1
0,p5936,46,1
0,p5937,50,21
0,p5938,1,72
0,p5939,1,88
0,p5940,1,3
0,p5941,1,95
0,p5942,12,1
0,p5943,4,1
0,p5944,1,79
0,p5945,1,79
0,p5946,1,96
0,p5947,98,9
0,p5948,1,10
0,p5949,39,89
0,p5950,90,74
0,p5951,37,18
0,p5952,2,80
0,p5953,45,1
0,p5954,7,39
0,p5955,1,89
0,p5956,1,30
0,p5957,1,6
0,p5958,61,17
0,p5959,1,50
0,p5960,82,48
0,p5961,1,25
0,p5962,54,1
0,p5963,51,1
0,p5964,48,1
0,p5965,1,62
0,p5966,1,22
0,p5967,50,71
0,p5968,65,41
0,p5969,38,1
0,p5970,1,18
0,p5971,71,1
0,p5972,1,50
0,p5973,1,42
0,p5974,17,76
0,p5975,91,1
0,p5976,89,1
0,p5977,65,1
0,p5978,1,64
0,p5979,51,40
0,p5980,99,1
0,p5981,1,75
0,p5982,1,51
0,p5983,42,1
0,p5984,30,1
0,p5985,91,77
0,p5986,1,30
0,p5987,88,50
0,p5988,1,89
0,p5989,73,37
0,p5990,68,98
0,p5991,49,1
0,p5992,1,59
0,p5993,48,18
0,p5994,1,90
0,p5995,16,62
0,p5996,44,95
0,p5997,1,66
0,p5998,28,1
0,p5999,74,82
0,p6000,31,1
0,p6001,1,89
0,p6002,53,28
0,p6003,91,1
0,p6004,37,82
0,p6005,19,29
0,p6006,67,42
0,p6007,29,1
0,p6008,29,79
0,p6009,1,66
0,p6010,1,31
0,p6011,87,24
0,p6012,1,70
0,p6013,1,68
0,p6014,13,23
0,p6015,97,1
0,p6016,69,1
0,p6017,51,1
0,p6018,49,1
0,p6019,74,1
0,p6020,1,60
0,p6021,1,11
0,p6022,26,19
0,p6023,50,1
0,p6024,68,1
0,p6025,45,1
0,p6026,74,87
0,p6027,1,16
0,p6028,73,1
0,p6029,1,59
0,p6030,85,50
0,p6031,10,73
0,p6032,9,1
0,p6033,71,80
0,p6034,67,40
0,p6035,21,1
0,p6036,33,19
0,p6037,29,46
0,p6038,46,6
0,p6039,1,36
0,p6040,3,1
0,p6041,50,72
0,p6042,56,1
0,p6043,1,18
0,p6044,1,42
0,p6045,30,48
0,p6046,51,1
0,p6047,1,52
0,p6048,71,35
0,p6049,77,6
0,p6050,1,78
0,p6051,86,1
0,p6052,58,1
0,p6053,93,38
0,p6054,1,81
0,p6055,62,1
0,p6056,1,51
0,p6057,22,48
0,p6058,67,1
0,p6059,1,28
0,p6060,6,86
0,p6061,29,57
0,p6062,1,20
0,p6063,86,93
0,p6064,53,52
0,p6065,2,1
0,p6066,1,40
0,p6067,71,25
0,p6068,55,1
0,p6069,28,49
0,p6070,37,1
0,p6071,94,1
0,p6072,1,53
0,p6073,1,48
0,p6074,1,80
0,p6075,51,65
0,p6076,96,26
0,p6077,1,33
0,p6078,64,87
0,p6079,61,1
0,p6080,29,10
0,p6081,19,4
0,p6082,1,36
0,p6083,18,17
0,p6084,1,28
0,p6085,1,43
0,p6086,1,23
0,p6087,1,53
0,p6088,1,63
0,p6089,1,50
0,p6090,61,9
0,p6091,25,17
0,p6092,1,19
0,p6093,64,1
0,p6094,89,95
0,p6095,1,79
0,p6096,33,43
0,p6097,8,1
0,p6098,1,61
0,p6099,1,3
0,p6100,1,56
0,p6101,55,1
0,p6102,14,1
0,p6103,1,77
0,p6104,34,78
0,p6105,1,68
0,p6106,86,29
0,p6107,1,88
0,p6108,1,66
0,p6109,1,15
0,p6110,70,26
0,p6111,29,1
0,p6112,1,77
0,p6113,75,16
0,p6114,52,1
0,p6115,58,1
0,p6116,1,13
0,p6117,1,11
0,p6118,16,75
0,p6119,1,30
0,p6120,35,48
0,p6121,1,54
0,p6122,75,71
0,p6123,19,1
0,p6124,11,38
0,p6125,30,12
0,p6126,1,76
0,p6127,20,26
0,p6128,2,1
0,p6129,1,94
0,p6130,13,99
0,p6131,67,1
0,p6132,74,1
0,p6133,80,16
0,p6134,21,69
0,p6135,17,48
0,p6136,1,95
0,p6137,1,54
0,p6138,59,1
0,p6139,43,33
0,p6140,1,14
0,p6141,1,26
0,p6142,90,1
0,p6143,5,16
0,p6144,69,48
0,p6145,1,13
0,p6146,51,1
0,p6147,64,1
0,p6148,14,82
0,p6149,80,50
0,p6150,95,1
0,p6151,1,85
0,p6152,1,56
0,p6153,1,52
0,p6154,65,1
0,p6155,1,75
0,p6156,34,100
0,p6157,79,99
0,p6158,71,1
0,p6159,33,41
0,p6160,1,60
0,p6161,88,1
0,p6162,1,95
0,p6163,88,1
0,p6164,89,67
0,p6165,4,17
0,p6166,1,31
0,p6167,22,1
0,p6168,1,24
0,p6169,44,60
0,p6170,1,55
0,p6171,56,1
0,p6172,1,88
0,p6173,29,1
0,p6174,58,1
0,p6175,69,53
0,p6176,53,1
0,p6177,26,1
0,p6178,50,1
0,p6179,16,1
0,p6180,59,1
0,p6181,1,69
0,p6182,23,1
0,p6183,31,1
0,p6184,1,33
0,p6185,59,1
0,p6186,96,76
0,p6187,56,1
0,p6188,1,67
0,p6189,9,49
0,p6190,49,3
0,p6191,47,1
0,p6192,34,53
0,p6193,1,46
0,p6194,86,18
0,p6195,48,18
0,p6196,82,42
0,p6197,1,3
0,p6198,87,1
0,p6199,1,83
0,p6200,5,1
0,p6201,14,75
0,p6202,31,1
0,p6203,1,73
0,p6204,1,83
0,p6205,85,92
0,p6206,1,97
0,p6207,40,1
0,p6208,25,1
0,p6209,1,94
0,p6210,6,1
0,p6211,1,19
0,p6212,86,6
0,p6213,32,1
0,p6214,61,1
0,p6215,30,1
0,p6216,13,1
0,p6217,18,41
0,p6218,1,9
0,p6219,1,10
0,p6220,54,1
0,p6221,1,12
0,p6222,87,48
0,p6223,1,59
0,p6224,1,36
0,p6225,79,64
0,p6226,1,74
0,p6227,1,30
0,p6228,74,68
0,p6229,85,1
0,p6230,42,21
0,p6231,38,32
0,p6232,86,55
0,p6233,1,87
0,p6234,1,85
0,p6235,1,66
0,p6236,21,91
0,p6237,1,98
0,p6238,66,10
0,p6239,50,6
0,p6240,32,1
0,p6241,1,11
0,p6242,44,1
0,p6243,1,43
0,p6244,16,21
0,p6245,73,67
0,p6246,1,85
0,p6247,62,78
0,p6248,1,53
0,p6249,1,43
0,p6250,33,1
0,p6251,1,68
0,p6252,1,27
0,p6253,77,68
0,p6254,1,44
0,p6255,1,86
0,p6256,91,20
0,p6257,11,1
0,p6258,1,44
0,p6259,94,66
0,p6260,69,54
0,p6261,44,85
0,p6262,94,1
0,p6263,86,1
0,p6264,11,75
0,p6265,59,1
0,p6266,38,40
0,p6267,90,23
0,p6268,59,58
0,p6269,22,30
0,p6270,1,77
0,p6271,3,1
0,p6272,41,59
0,p6273,96,71
0,p6274,1,77
0,p6275,17,66
0,p6276,1,47
0,p6277,27,26
0,p6278,63,44
0,p6279,1,48
0,p6280,15,81
0,p6281,4,94
0,p6282,44,48
0,p6283,89,56
0,p6284,31,1
0,p6285,20,94
0,p6286,1,5
0,p6287,1,65
0,p6288,1,95
0,p6289,95,1
0,p6290,1,91
0,p6291,62,31
0,p6292,1,90
0,p6293,9,1
0,p6294,46,4
0,p6295,1,33
0,p6296,44,1
0,p6297,1,86
0,p6298,1,48
0,p6299,65,1
0,p6300,1,28
0,p6301,10,1
0,p6302,23,1
0,p6303,95,1
0,p6304,64,67
0,p6305,73,86
0,p6306,53,71
0,p6307,3,46
0,p6308,3,1
0,p6309,1,13
0,p6310,9,1
0,p6311,18,72
0,p6312,54,1
0,p6313,50,1
0,p6314,43,1
0,p6315,1,13
0,p6316,1,98
0,p6317,59,1
0,p6318,25,7
0,p6319,1,67
0,p6320,90,1
0,p6321,54,1
0,p6322,79,1
0,p6323,55,1
0,p6324,1,16
0,p6325,2,32
0,p6326,1,47
0,p6327,64,1
0,p6328,45,100
0,p6329,50,1
0,p6330,1,33
0,p6331,1,14
0,p6332,68,75
0,p6333,52,1
0,p6334,1,12
0,p6335,16,10
0,p6336,51,1
0,p6337,2,16
0,p6338,38,1
0,p6339,28,60
0,p6340,90,1
0,p6341,39,93
0,p6342,3,1
0,p6343,1,54
0,p6344,38,70
0,p6345,1,19
0,p6346,97,21
0,p6347,28,100
0,p6348,47,1
0,p6349,83,1
0,p6350,45,76
0,p6351,1,22
0,p6352,78,1
0,p6353,19,72
0,p6354,73,1
0,p6355,45,1
0,p6356,1,86
0,p6357,7,1
0,p6358,1,73
0,p6359,15,1
0,p6360,64,1
0,p6361,35,1
0,p6362,60,1
0,p6363,63,1
0,p6364,1,43
0,p6365,1,66
0,p6366,79,1
0,p6367,23,1
0,p6368,66,1
0,p6369,84,55
0,p6370,26,1
0,p6371,1,19
0,p6372,1,89
0,p6373,27,1
0,p6374,90,1
0,p6375,28,1
0,p6376,65,100
0,p6377,1,94
0,p6378,1,81
0,p6379,90,74
0,p6380,42,77
0,p6381,92,36
0,p6382,17,1
0,p6383,53,97
0,p6384,1,35
0,p6385,11,81
0,p6386,1,93
0,p6387,51,64
0,p6388,19,1
0,p6389,1,56
0,p6390,41,1
0,p6391,75,1
0,p6392,25,1
0,p6393,22,1
0,p6394,31,22
0,p6395,1,44
0,p6396,22,1
0,p6397,1,39
0,p6398,67,1
0,p6399,43,13
0,p6400,1,39
0,p6401,1,80
0,p6402,1,41
0,p6403,68,10
0,p6404,47,1
0,p6405,97,50
0,p6406,20,54
0,p6407,52,55
0,p6408,1,53
0,p6409,69,80
0,p6410,1,62
0,p6411,34,86
0,p6412,96,41
0,p6413,37,16
0,p6414,1,3
0,p6415,71,1
0,p6416,1,14
0,p6417,92,14
0,p6418,1,47
0,p6419,68,1
0,p6420,73,1
0,p6421,1,62
0,p6422,1,26
0,p6423,67,79
0,p6424,58,1
0,p6425,34,1
0,p6426,31,93
0,p6427,1,35
0,p6428,95,60
0,p6429,75,1
0,p6430,79,1
0,p6431,13,60
0,p6432,97,1
0,p6433,1,37
0,p6434,47,94
0,p6435,39,33
0,p6436,95,11
0,p6437,54,66
0,p6438,19,1
0,p6439,60,65
0,p6440,75,43
0,p6441,46,59
0,p6442,1,64
0,p6443,40,63
0,p6444,36,1
0,p6445,30,15
0,p6446,8,1
0,p6447,1,72
0,p6448,35,1
0,p6449,42,1
0,p6450,87,45
0,p6451,31,1
0,p6452,26,1
0,p6453,1,10
0,p6454,54,35
0,p6455,86,21
0,p6456,1,57
0,p6457,92,15
0,p6458,1,27
0,p6459,57,71
0,p6460,1,8
0,p6461,36,1
0,p6462,10,1
0,p6463,1,35
0,p6464,76,1
0,p6465,1,44
0,p6466,15,96
0,p6467,69,1
0,p6468,82,1
0,p6469,1,89
0,p6470,1,70
0,p6471,62,1
0,p6472,66,19
0,p6473,1,23
0,p6474,94,1
0,p6475,1,10
0,p6476,1,7
0,p6477,42,82
0,p6478,18,89
0,p6479,1,75
0,p6480,9,20
0,p6481,66,1
0,p6482,1,25
0,p6483,43,1
0,p6484,76,3
0,p6485,99,1
0,p6486,70,1
0,p6487,1,77
0,p6488,24,80
0,p6489,17,94
0,p6490,98,27
0,p6491,1,13
0,p6492,36,1
0,p6493,86,1
0,p6494,8,1
0,p6495,87,12
0,p6496,38,1
0,p6497,1,97
0,p6498,1,41
0,p6499,1,50
0,p6500,9,87
0,p6501,1,28
0,p6502,60,1
0,p6503,1,18
0,p6504,44,49
0,p6505,61,1
0,p6506,1,39
0,p6507,1,41
0,p6508,1,16
0,p6509,1,44
0,p6510,1,29
0,p6511,34,1
0,p6512,43,1
0,p6513,25,1
0,p6514,47,1
0,p6515,21,1
0,p6516,53,59
0,p6517,9,31
0,p6518,53,50
0,p6519,29,1
0,p6520,2,1
0,p6521,1,25
0,p6522,1,79
0,p6523,1,78
0,p6524,1,27
0,p6525,1,71
0,p6526,17,66
0,p6527,89,24
0,p6528,73,1
0,p6529,64,1
0,p6530,46,28
0,p6531,1,62
0,p6532,1,34
0,p6533,1,74
0,p6534,1,22
0,p6535,1,53
0,p6536,98,1
0,p6537,56,3
0,p6538,87,1
0,p6539,81,8
0,p6540,21,88
0,p6541,1,4
0,p6542,8,6
0,p6543,1,11
0,p6544,1,84
0,p6545,61,1
0,p6546,1,53
0,p6547,1,56
0,p6548,1,32
0,p6549,51,1
0,p6550,54,1
0,p6551,96,1
0,p6552,1,11
0,p6553,1,76
0,p6554,1,78
0,p6555,1,83
0,p6556,1,76
0,p6557,50,95
0,p6558,44,82
0,p6559,1,30
0,p6560,1,5
0,p6561,1,78
0,p6562,1,63
0,p6563,1,51
0,p6564,86,14
0,p6565,23,83
0,p6566,7,30
0,p6567,79,1
0,p6568,1,17
0,p6569,78,74
0,p6570,90,1
0,p6571,64,1
0,p6572,84,1
0,p6573,1,93
0,p6574,51,1
0,p6575,1,73
0,p6576,1,23
0,p6577,79,94
0,p6578,83,80
0,p6579,1,97
0,p6580,1,88
0,p6581,16,1
0,p6582,1,27
0,p6583,31,3
0,p6584,1,28
0,p6585,1,94
0,p6586,84,68
0,p6587,64,76
0,p6588,23,1
0,p6589,68,63
0,p6590,1,77
0,p6591,87,71
0,p6592,12,43
0,p6593,1,60
0,p6594,20,1
0,p6595,97,1
0,p6596,63,65
0,p6597,1,52
0,p6598,43,1
0,p6599,1,5
0,p6600,1,30
0,p6601,30,1
0,p6602,1,12
0,p6603,1,68
0,p6604,2,51
0,p6605,24,1
0,p6606,86,1
0,p6607,70,59
0,p6608,34,1
0,p6609,76,1
0,p6610,46,1
0,p6611,1,97
0,p6612,85,16
0,p6613,80,1
0,p6614,1,75
0,p6615,81,47
0,p6616,90,1
0,p6617,53,1
0,p6618,4,1
0,p6619,1,54
0,p6620,1,89
0,p6621,93,1
0,p6622,1,94
0,p6623,21,53
0,p6624,74,1
0,p6625,1,69
0,p6626,1,97
0,p6627,58,74
0,p6628,33,1
0,p6629,23,1
0,p6630,6,60
0,p6631,95,1
0,p6632,37,1
0,p6633,86,1
0,p6634,41,38
0,p6635,73,22
0,p6636,62,31
0,p6637,63,29
0,p6638,22,1
0,p6639,1,63
0,p6640,57,1
0,p6641,33,1
0,p6642,1,13
0,p6643,97,1
0,p6644,29,60
0,p6645,74,31
0,p6646,1,15
0,p6647,1,32
0,p6648,44,1
0,p6649,33,80
0,p6650,35,1
0,p6651,79,1
0,p6652,85,99
0,p6653,1,95
0,p6654,41,1
0,p6655,1,96
0,p6656,1,16
0,p6657,93,89
0,p6658,8,1
0,p6659,5,35
0,p6660,1,24
0,p6661,1,81
0,p6662,48,56
0,p6663,82,1
0,p6664,53,87
0,p6665,1,69
0,p6666,86,34
0,p6667,83,1
0,p6668,67,92
0,p6669,21,76
0,p6670,89,83
0,p6671,25,96
0,p6672,1,32
0,p6673,1,91
0,p6674,9,8
0,p6675,54,96
0,p6676,92,10
0,p6677,75,1
0,p6678,36,1
0,p6679,1,89
0,p6680,83,32
0,p6681,51,1
0,p6682,5,7
0,p6683,77,57
0,p6684,56,42
0,p6685,92,20
0,p6686,74,96
0,p6687,7,89
0,p6688,86,1
0,p6689,54,60
0,p6690,1,44
0,p6691,16,1
0,p6692,1,64
0,p6693,86,1
0,p6694,1,92
0,p6695,1,54
0,p6696,58,1
0,p6697,1,66
0,p6698,57,1
0,p6699,79,1
0,p6700,93,61
0,p6701,98,19
0,p6702,1,24
0,p6703,1,23
0,p6704,60,1
0,p6705,86,70
0,p6706,1,55
0,p6707,5,1
0,p6708,75,64
0,p6709,1,25
0,p6710,25,1
0,p6711,82,9
0,p6712,1,15
0,p6713,4,1
0,p6714,42,23
0,p6715,25,99
0,p6716,98,1
0,p6717,30,14
0,p6718,56,39
0,p6719,2,1
0,p6720,1,94
0,p6721,1,44
0,p6722,30,93
0,p6723,8,1
0,p6724,61,45
0,p6725,46,47
0,p6726,1,37
0,p6727,61,1
0,p6728,1,2
0,p6729,90,1
0,p6730,66,82
0,p6731,1,2
0,p6732,1,98
0,p6733,83,1
0,p6734,1,8
0,p6735,68,82
0,p6736,1,87
0,p6737,34,42
0,p6738,81,1
0,p6739,48,1
0,p6740,9,91
0,p6741,37,1
0,p6742,1,67
0,p6743,46,1
0,p6744,83,63
0,p6745,4,10
0,p6746,40,1
0,p6747,1,62
0,p6748,51,1
0,p6749,1,38
0,p6750,39,34
0,p6751,59,1
0,p6752,34,67
0,p6753,58,53
0,p6754,57,21
0,p6755,1,55
0,p6756,1,49
0,p6757,67,1
0,p6758,82,59
0,p6759,67,23
0,p6760,92,9
0,p6761,52,1
0,p6762,15,32
0,p6763,99,96
0,p6764,38,1
0,p6765,1,67
0,p6766,95,1
0,p6767,1,69
0,p6768,65,1
0,p6769,87,62
0,p6770,100,12
0,p6771,31,1
0,p6772,1,40
0,p6773,1,76
0,p6774,58,1
0,p6775,6,1
0,p6776,38,1
0,p6777,50,1
0,p6778,12,1
0,p6779,43,1
0,p6780,62,44
0,p6781,63,42
0,p6782,1,67
0,p6783,71,1
0,p6784,100,92
0,p6785,89,1
0,p6786,4,1
0,p6787,92,23
0,p6788,31,59
0,p6789,1,49
0,p6790,30,16
0,p6791,40,36
0,p6792,11,96
0,p6793,1,54
0,p6794,46,24
0,p6795,1,62
0,p6796,92,1
0,p6797,14,1
0,p6798,1,49
0,p6799,3,76
0,p6800,47,65
0,p6801,1,55
0,p6802,59,1
0,p6803,25,33
0,p6804,1,17
0,p6805,1,28
0,p6806,6,78
0,p6807,1,92
0,p6808,56,30
0,p6809,100,82
0,p6810,1,14
0,p6811,91,1
0,p6812,1,80
0,p6813,41,92
0,p6814,9,1
0,p6815,17,67
0,p6816,67,1
0,p6817,29,47
0,p6818,99,24
0,p6819,1,65
0,p6820,26,1
0,p6821,1,14
0,p6822,1,5
0,p6823,85,1
0,p6824,52,1
0,p6825,58,39
0,p6826,1,78
0,p6827,1,92
0,p6828,79,1
0,p6829,43,69
0,p6830,1,47
0,p6831,1,21
0,p6832,7,6
0,p6833,95,1
0,p6834,51,73
0,p6835,1,50
0,p6836,37,100
0,p6837,14,87
0,p6838,36,39
0,p6839,31,14
0,p6840,1,61
0,p6841,34,25
0,p6842,1,21
0,p6843,1,66
0,p6844,1,12
0,p6845,73,1
0,p6846,11,73
0,p6847,52,1
0,p6848,84,1
0,p6849,25,38
0,p6850,1,40
0,p6851,50,1
0,p6852,98,5
0,p6853,49,83
0,p6854,59,1
0,p6855,1,7
0,p6856,55,4
0,p6857,1,25
0,p6858,1,37
0,p6859,94,1
0,p6860,1,4
0,p6861,20,1
0,p6862,15,23
0,p6863,1,91
0,p6864,24,1
0,p6865,62,1
0,p6866,34,25
0,p6867,1,64
0,p6868,73,1
0,p6869,54,36
0,p6870,60,86
0,p6871,41,1
0,p6872,71,1
0,p6873,1,11
0,p6874,1,2
0,p6875,1,45
0,p6876,1,63
0,p6877,27,1
0,p6878,1,62
0,p6879,39,1
0,p6880,1,65
0,p6881,99,1
0,p6882,1,97
0,p6883,1,3
0,p6884,1,11
0,p6885,3,1
0,p6886,88,94
0,p6887,30,1
0,p6888,3,1
0,p6889,17,1
0,p6890,10,1
0,p6891,2,1
0,p6892,1,9
0,p6893,72,1
0,p6894,1,60
0,p6895,1,7
0,p6896,29,1
0,p6897,91,1
0,p6898,42,1
0,p6899,1,39
0,p6900,35,1
0,p6901,38,1
0,p6902,55,1
0,p6903,1,91
0,p6904,48,1
0,p6905,41,5
0,p6906,6,1
0,p6907,3,1
0,p6908,81,49
0,p6909,88,93
0,p6910,19,11
0,p6911,1,9
0,p6912,1,7
0,p6913,71,1
0,p6914,99,92
0,p6915,52,68
0,p6916,38,67
0,p6917,52,1
0,p6918,1,66
0,p6919,4,3
0,p6920,95,1
0,p6921,29,1
0,p6922,63,89
0,p6923,42,97
0,p6924,79,12
0,p6925,82,1
0,p6926,97,1
0,p6927,7,59
0,p6928,20,1
0,p6929,93,1
0,p6930,35,59
0,p6931,5,1
0,p6932,82,93
0,p6933,38,1
0,p6934,1,27
0,p6935,83,36
0,p6936,69,1
0,p6937,73,1
0,p6938,75,1
0,p6939,1,83
0,p6940,64,1
0,p6941,72,1
0,p6942,23,38
0,p6943,23,33
0,p6944,26,1
0,p6945,78,22
0,p6946,20,67
0,p6947,1,41
0,p6948,13,1
0,p6949,1,61
0,p6950,50,1
0,p6951,15,64
0,p6952,20,1
0,p6953,52,1
0,p6954,90,9
0,p6955,25,1
0,p6956,1,48
0,p6957,1,82
0,p6958,1,99
0,p6959,1,18
0,p6960,59,1
0,p6961,1,9
0,p6962,1,21
0,p6963,18,84
0,p6964,1,57
0,p6965,47,1
0,p6966,1,43
0,p6967,1,99
0,p6968,98,1
0,p6969,66,51
0,p6970,1,6
0,p6971,1,21
0,p6972,1,30
0,p6973,1,99
0,p6974,82,1
0,p6975,1,13
0,p6976,5,84
0,p6977,1,62
0,p6978,27,52
0,p6979,75,1
0,p6980,25,1
0,p6981,1,87
0,p6982,1,63
0,p6983,66,37
0,p6984,73,1
0,p6985,1,75
0,p6986,41,1
0,p6987,1,53
0,p6988,1,86
0,p6989,1,30
0,p6990,55,23
0,p6991,28,46
0,p6992,91,1
0,p6993,1,15
0,p6994,1,21
0,p6995,14,6
0,p6996,1,81
0,p6997,13,1
0,p6998,87,71
0,p6999,39,1
0,p7000,1,39
0,p7001,26,1
0,p7002,26,3
0,p7003,31,1
0,p7004,21,1
0,p7005,1,62
0,p7006,1,98
0,p7007,1,91
0,p7008,54,1
0,p7009,1,28
0,p7010,84,1
0,p7011,62,85
0,p7012,10,27
0,p7013,85,1
0,p7014,1,53
0,p7015,82,72
0,p7016,73,27
0,p7017,9,1
0,p7018,64,97
0,p7019,1,77
0,p7020,32,1
0,p7021,50,1
0,p7022,88,1
0,p7023,1,91
0,p7024,85,1
0,p7025,9,100
0,p7026,78,1
0,p7027,1,48
0,p7028,5,52
0,p7029,70,1
0,p7030,64,15
0,p7031,70,93
0,p7032,64,100
0,p7033,1,78
0,p7034,10,1
0,p7035,85,32
0,p7036,7,32
0,p7037,34,1
0,p7038,81,19
0,p7039,8,5
0,p7040,93,1
0,p7041,13,1
0,p7042,4,1
0,p7043,38,12
0,p7044,1,90
0,p7045,33,86
0,p7046,36,1
0,p7047,11,1
0,p7048,85,73
0,p7049,1,19
0,p7050,1,32
0,p7051,1,26
0,p7052,88,1
0,p7053,61,1
0,p7054,87,41
0,p7055,1,44
0,p7056,44,1
0,p7057,25,16
0,p7058,47,82
0,p7059,25,1
0,p7060,1,82
0,p7061,84,1
0,p7062,65,1
0,p7063,1,2
0,p7064,3,1
0,p7065,1,76
0,p7066,1,47
0,p7067,1,20
0,p7068,2,48
0,p7069,1,33
0,p7070,1,16
0,p7071,12,1
0,p7072,97,93
0,p7073,13,31
0,p7074,55,15
0,p7075,1,14
0,p7076,1,61
0,p7077,69,1
0,p7078,20,88
0,p7079,45,96
0,p7080,85,64
0,p7081,44,1
0,p7082,1,42
0,p7083,63,4
0,p7084,20,29
0,p7085,50,1
0,p7086,1,41
0,p7087,23,1
0,p7088,1,76
0,p7089,66,1
0,p7090,5,1
0,p7091,53,57
0,p7092,65,1
0,p7093,87,53
0,p7094,12,80
0,p7095,80,1
0,p7096,81,1
0,p7097,91,28
0,p7098,64,1
0,p7099,1,22
0,p7100,19,4
0,p7101,65,1
0,p7102,24,1
0,p7103,69,15
0,p7104,1,47
0,p7105,83,100
0,p7106,17,1
0,p7107,47,1
0,p7108,1,19
0,p7109,62,1
0,p7110,79,1
0,p7111,1,98
0,p7112,89,1
0,p7113,83,26
0,p7114,1,13
0,p7115,10,1
0,p7116,23,9
0,p7117,47,35
0,p7118,1,76
0,p7119,9,1
0,p7120,1,67
0,p7121,1,46
0,p7122,41,1
0,p7123,68,1
0,p7124,41,43
0,p7125,1,28
0,p7126,1,93
0,p7127,1,69
0,p7128,87,83
0,p7129,73,63
0,p7130,22,26
0,p7131,30,37
0,p7132,11,1
0,p7133,80,1
0,p7134,79,98
0,p7135,64,49
0,p7136,84,93
0,p7137,1,57
0,p7138,17,82
0,p7139,84,48
0,p7140,62,1
0,p7141,93,27
0,p7142,1,19
0,p7143,3,43
0,p7144,38,1
0,p7145,90,10
0,p7146,28,76
0,p7147,3,1
0,p7148,1,81
0,p7149,70,1
0,p7150,92,54
0,p7151,46,83
0,p7152,65,1
0,p7153,78,100
0,p7154,1,67
0,p7155,3,1
0,p7156,68,14
0,p7157,12,41
0,p7158,24,27
0,p7159,1,35
0,p7160,66,41
0,p7161,1,91
0,p7162,73,1
0,p7163,74,1
0,p7164,43,62
0,p7165,1,63
0,p7166,1,42
0,p7167,76,100
0,p7168,3,1
0,p7169,1,35
0,p7170,69,34
0,p7171,1,98
0,p7172,1,43
0,p7173,1,18
0,p7174,40,71
0,p7175,12,1
0,p7176,35,1
0,p7177,48,43
0,p7178,69,1
0,p7179,35,10
0,p7180,63,1
0,p7181,77,1
0,p7182,44,3
0,p7183,1,15
0,p7184,1,41
0,p7185,95,81
0,p7186,94,1
0,p7187,61,1
0,p7188,33,75
0,p7189,1,37
0,p7190,18,31
0,p7191,47,1
0,p7192,11,81
0,p7193,74,16
0,p7194,1,100
0,p7195,71,84
0,p7196,1,84
0,p7197,85,82
0,p7198,1,36
0,p7199,1,76
0,p7200,95,1
0,p7201,1,15
0,p7202,1,21
0,p7203,1,66
0,p7204,37,1
0,p7205,34,1
0,p7206,49,1
0,p7207,1,43
0,p7208,1,37
0,p7209,1,21
0,p7210,1,59
0,p7211,55,1
0,p7212,22,1
0,p7213,23,1
0,p7214,96,1
0,p7215,87,15
0,p7216,100,68
0,p7217,1,28
0,p7218,1,15
0,p7219,1,32
0,p7220,91,1
0,p7221,82,1
0,p7222,1,89
0,p7223,60,61
0,p7224,1,36
0,p7225,24,70
0,p7226,29,94
0,p7227,51,88
0,p7228,78,1
0,p7229,20,67
0,p7230,79,1
0,p7231,42,97
0,p7232,1,17
0,p7233,96,71
0,p7234,1,71
0,p7235,1,95
0,p7236,10,1
0,p7237,67,33
0,p7238,42,1
0,p7239,11,1
0,p7240,1,43
0,p7241,82,1
0,p7242,14,1
0,p7243,74,1
0,p7244,45,71
0,p7245,1,54
0,p7246,86,1
0,p7247,72,1
0,p7248,1,33
0,p7249,1,45
0,p7250,66,65
0,p7251,1,13
0,p7252,80,1
0,p7253,22,12
0,p7254,1,8
0,p7255,70,1
0,p7256,59,53
0,p7257,1,42
0,p7258,43,48
0,p7259,1,22
0,p7260,68,37
0,p7261,1,89
0,p7262,75,93
0,p7263,1,3
0,p7264,20,1
0,p7265,2,1
0,p7266,50,1
0,p7267,99,94
0,p7268,35,1
0,p7269,40,1
0,p7270,52,3
0,p7271,13,87
0,p7272,50,94
0,p7273,98,92
0,p7274,1,56
0,p7275,80,1
0,p7276,14,39
0,p7277,1,82
0,p7278,74,52
0,p7279,33,59
0,p7280,1,76
0,p7281,44,25
0,p7282,30,6
0,p7283,49,89
0,p7284,1,47
0,p7285,85,32
0,p7286,1,82
0,p7287,36,73
0,p7288,1,49
0,p7289,1,84
0,p7290,94,1
0,p7291,1,70
0,p7292,64,1
0,p7293,2,1
0,p7294,88,1
0,p7295,83,1
0,p7296,7,4
0,p7297,18,1
0,p7298,80,1
0,p7299,35,1
0,p7300,1,46
0,p7301,74,97
0,p7302,18,12
0,p7303,52,1
0,p7304,1,76
0,p7305,1,3
0,p7306,53,1
0,p7307,81,52
0,p7308,20,46
0,p7309,1,95
0,p7310,64,65
0,p7311,1,4
0,p7312,9,92
0,p7313,1,13
0,p7314,1,29
0,p7315,66,3
0,p7316,1,37
0,p7317,1,82
0,p7318,1,77
0,p7319,15,1
0,p7320,20,1
0,p7321,89,45
0,p7322,1,36
0,p7323,28,79
0,p7324,1,62
0,p7325,12,1
0,p7326,9,76
0,p7327,27,93
0,p7328,1,14
0,p7329,74,1
0,p7330,61,12
0,p7331,67,1
0,p7332,1,66
0,p7333,33,1
0,p7334,1,9
0,p7335,1,93
0,p7336,1,53
0,p7337,30,76
0,p7338,91,1
0,p7339,1,44
0,p7340,1,36
0,p7341,1,97
0,p7342,1,49
0,p7343,1,77
0,p7344,77,17
0,p7345,37,1
0,p7346,1,81
0,p7347,1,9
0,p7348,92,1
0,p7349,48,68
0,p7350,20,26
0,p7351,75,68
0,p7352,71,32
0,p7353,97,1
0,p7354,1,6
0,p7355,72,1
0,p7356,88,1
0,p7357,1,41
0,p7358,1,22
0,p7359,61,1
0,p7360,1,3
0,p7361,1,31
0,p7362,16,20
0,p7363,1,99
0,p7364,94,89
0,p7365,33,1
0,p7366,70,66
0,p7367,95,64
0,p7368,68,1
0,p7369,1,75
0,p7370,83,97
0,p7371,49,81
0,p7372,34,13
0,p7373,1,87
0,p7374,69,6
0,p7375,84,53
0,p7376,1,21
0,p7377,31,1
0,p7378,51,1
0,p7379,49,1
0,p7380,11,1
0,p7381,51,89
0,p7382,1,52
0,p7383,1,50
0,p7384,1,75
0,p7385,1,97
0,p7386,70,89
0,p7387,86,1
0,p7388,34,1
0,p7389,1,74
0,p7390,95,89
0,p7391,1,75
0,p7392,1,50
0,p7393,69,95
0,p7394,1,13
0,p7395,94,62
0,p7396,27,1
0,p7397,66,1
0,p7398,39,52
0,p7399,96,1
0,p7400,11,61
0,p7401,10,1
0,p7402,87,1
0,p7403,27,1
0,p7404,60,1
0,p7405,77,96
0,p7406,88,7
0,p7407,57,1
0,p7408,29,1
0,p7409,1,24
0,p7410,1,57
0,p7411,82,1
0,p7412,25,1
0,p7413,61,17
0,p7414,96,1
0,p7415,1,22
0,p7416,1,71
0,p7417,1,38
0,p7418,64,56
0,p7419,95,64
0,p7420,62,1
0,p7421,33,1
0,p7422,81,77
0,p7423,47,1
0,p7424,88,90
0,p7425,48,41
0,p7426,55,1
0,p7427,35,7
0,p7428,1,60
0,p7429,37,74
0,p7430,17,87
0,p7431,1,8
0,p7432,39,2
0,p7433,1,61
0,p7434,1,73
0,p7435,1,84
0,p7436,1,13
0,p7437,4,2
0,p7438,1,55
0,p7439,38,39
0,p7440,55,94
0,p7441,4,9
0,p7442,10,66
0,p7443,1,39
0,p7444,79,1
0,p7445,95,54
0,p7446,1,68
0,p7447,43,1
0,p7448,27,1
0,p7449,94,63
0,p7450,1,51
0,p7451,1,16
0,p7452,1,48
0,p7453,1,6
0,p7454,1,78
0,p7455,32,29
0,p7456,43,1
0,p7457,6,1
0,p7458,1,47
0,p7459,41,1
0,p7460,1,50
0,p7461,41,11
0,p7462,1,22
0,p7463,4,49
0,p7464,60,3
0,p7465,63,1
0,p7466,1,4
0,p7467,1,6
0,p7468,10,88
0,p7469,1,35
0,p7470,72,1
0,p7471,1,52
0,p7472,44,80
0,p7473,1,63
0,p7474,65,1
0,p7475,32,65
0,p7476,75,1
0,p7477,77,54
0,p7478,34,3
0,p7479,43,1
0,p7480,89,1
0,p7481,31,1
0,p7482,54,60
0,p7483,88,1
0,p7484,67,1
0,p7485,79,22
0,p7486,61,15
0,p7487,1,66
0,p7488,65,64
0,p7489,13,39
0,p7490,22,1
0,p7491,41,1
0,p7492,73,1
0,p7493,1,48
0,p7494,1,27
0,p7495,73,1
0,p7496,72,99
0,p7497,15,1
0,p7498,24,1
0,p7499,18,1
0,p7500,77,47
0,p7501,63,5
0,p7502,69,87
0,p7503,1,35
0,p7504,1,24
0,p7505,87,1
0,p7506,18,53
0,p7507,91,36
0,p7508,1,76
0,p7509,46,1
0,p7510,1,98
0,p7511,93,1
0,p7512,1,52
0,p7513,6,1
0,p7514,95,78
0,p7515,35,86
0,p7516,1,76
0,p7517,7,5
0,p7518,87,66
0,p7519,15,1
0,p7520,1,57
0,p7521,1,25
0,p7522,1,90
0,p7523,1,70
0,p7524,1,65
0,p7525,1,87
0,p7526,45,1
0,p7527,32,83
0,p7528,1,67
0,p7529,86,76
0,p7530,100,16
0,p7531,25,1
0,p7532,93,1
0,p7533,17,1
0,p7534,25,1
0,p7535,80,33
0,p7536,1,21
0,p7537,95,77
0,p7538,1,41
0,p7539,29,66
0,p7540,80,42
0,p7541,1,48
0,p7542,64,46
0,p7543,82,1
0,p7544,63,1
0,p7545,1,56
0,p7546,1,82
0,p7547,1,96
0,p7548,1,74
0,p7549,25,1
0,p7550,18,52
0,p7551,84,1
0,p7552,50,65
0,p7553,19,1
0,p7554,92,1
0,p7555,81,1
0,p7556,61,1
0,p7557,97,61
0,p7558,1,56
0,p7559,1,7
0,p7560,1,49
0,p7561,1,48
0,p7562,1,41
0,p7563,1,7
0,p7564,8,28
0,p7565,1,8
0,p7566,36,79
0,p7567,1,31
0,p7568,86,28
0,p7569,43,1
0,p7570,34,3
0,p7571,20,1
0,p7572,83,67
0,p7573,1,92
0,p7574,70,100
0,p7575,55,1
0,p7576,86,1
0,p7577,96,99
0,p7578,1,86
0,p7579,44,1
0,p7580,57,84
0,p7581,1,47
0,p7582,68,1
0,p7583,1,28
0,p7584,6,1
0,p7585,32,76
0,p7586,99,1
0,p7587,84,1
0,p7588,64,1
0,p7589,38,3
0,p7590,1,35
0,p7591,1,27
0,p7592,76,68
0,p7593,65,1
0,p7594,1,42
0,p7595,1,92
0,p7596,16,66
0,p7597,1,34
0,p7598,1,74
0,p7599,1,80
0,p7600,1,75
0,p7601,38,1
0,p7602,1,19
0,p7603,1,19
0,p7604,100,1
0,p7605,1,78
0,p7606,77,86
0,p7607,35,1
0,p7608,1,86
0,p7609,1,100
0,p7610,1,49
0,p7611,95,1
0,p7612,35,83
0,p7613,69,1
0,p7614,90,1
0,p7615,75,1
0,p7616,1,18
0,p7617,6,94
0,p7618,1,74
0,p7619,56,79
0,p7620,48,1
0,p7621,1,63
0,p7622,1,53
0,p7623,1,93
0,p7624,75,1
0,p7625,11,68
0,p7626,40,90
0,p7627,1,9
0,p7628,93,62
0,p7629,81,1
0,p7630,5,1
0,p7631,14,10
0,p7632,1,29
0,p7633,1,6
0,p7634,81,1
0,p7635,29,1
0,p7636,62,1
0,p7637,55,86
0,p7638,69,95
0,p7639,35,1
0,p7640,1,99
0,p7641,48,1
0,p7642,64,1
0,p7643,5,1
0,p7644,1,42
0,p7645,1,31
0,p7646,60,63
0,p7647,24,30
0,p7648,1,24
0,p7649,7,1
0,p7650,39,1
0,p7651,15,1
0,p7652,1,82
0,p7653,16,1
0,p7654,42,1
0,p7655,70,1
0,p7656,29,33
0,p7657,1,30
0,p7658,1,53
0,p7659,43,1
0,p7660,68,1
0,p7661,87,20
0,p7662,11,40
0,p7663,71,1
0,p7664,93,79
0,p7665,72,1
0,p7666,50,91
0,p7667,61,1
0,p7668,62,1
0,p7669,1,20
0,p7670,72,1
0,p7671,88,1
0,p7672,46,93
0,p7673,69,1
0,p7674,1,90
0,p7675,95,76
0,p7676,68,1
0,p7677,66,1
0,p7678,97,1
0,p7679,1,72
0,p7680,51,1
0,p7681,57,1
0,p7682,76,81
0,p7683,90,26
0,p7684,17,1
0,p7685,81,1
0,p7686,2,60
0,p7687,1,18
0,p7688,8,1
0,p7689,82,1
0,p7690,1,18
0,p7691,24,18
0,p7692,69,1
0,p7693,44,73
0,p7694,1,7
0,p7695,1,49
0,p7696,61,1
0,p7697,22,1
0,p7698,12,1
0,p7699,6,61
0,p7700,68,1
0,p7701,75,24
0,p7702,62,1
0,p7703,33,35
0,p7704,91,79
0,p7705,91,1
0,p7706,81,94
0,p7707,1,79
0,p7708,5,1
0,p7709,1,22
0,p7710,1,90
0,p7711,80,6
0,p7712,45,8
0,p7713,1,86
0,p7714,14,40
0,p7715,1,21
0,p7716,1,27
0,p7717,1,45
0,p7718,72,1
0,p7719,1,28
0,p7720,77,1
0,p7721,1,67
0,p7722,44,1
0,p7723,57,41
0,p7724,10,73
0,p7725,9,76
0,p7726,8,1
0,p7727,1,33
0,p7728,1,52
0,p7729,1,40
0,p7730,1,86
0,p7731,79,82
0,p7732,1,47
0,p7733,13,10
0,p7734,1,36
0,p7735,1,66
0,p7736,71,12
0,p7737,1,44
0,p7738,1,47
0,p7739,1,63
0,p7740,1,51
0,p7741,97,63
0,p7742,1,24
0,p7743,40,1
0,p7744,81,1
0,p7745,1,21
0,p7746,28,1
0,p7747,1,57
0,p7748,54,97
0,p7749,1,69
0,p7750,10,1
0,p7751,90,47
0,p7752,1,54
0,p7753,58,1
0,p7754,14,1
0,p7755,40,1
0,p7756,35,24
0,p7757,34,1
0,p7758,1,73
0,p7759,94,97
0,p7760,1,12
0,p7761,9,92
0,p7762,50,1
0,p7763,14,1
0,p7764,70,1
0,p7765,6,5
0,p7766,88,31
0,p7767,99,10
0,p7768,75,47
0,p7769,100,15
0,p7770,1,15
0,p7771,16,1
0,p7772,1,29
0,p7773,48,1
0,p7774,3,1
0,p7775,1,23
0,p7776,1,48
0,p7777,1,38
0,p7778,1,30
0,p7779,1,52
0,p7780,53,1
0,p7781,65,1
0,p7782,34,1
0,p7783,17,1
0,p7784,1,42
0,p7785,1,13
0,p7786,1,12
0,p7787,19,97
0,p7788,29,1
0,p7789,1,25
0,p7790,3,38
0,p7791,1,31
0,p7792,75,1
0,p7793,80,34
0,p7794,51,1
0,p7795,1,11
0,p7796,77,92
0,p7797,13,1
0,p7798,57,1
0,p7799,66,1
0,p7800,1,67
0,p7801,1,35
0,p7802,1,45
0,p7803,1,64
0,p7804,72,1
0,p7805,8,94
0,p7806,15,1
0,p7807,1,14
0,p7808,1,48
0,p7809,24,56
0,p7810,1,90
0,p7811,48,39
0,p7812,46,33
0,p7813,28,1
0,p7814,1,77
0,p7815,91,61
0,p7816,2,1
0,p7817,28,1
0,p7818,50,41
0,p7819,3,1
0,p7820,1,49
0,p7821,9,1
0,p7822,1,69
0,p7823,72,1
0,p7824,93,1
0,p7825,5,41
0,p7826,81,89
0,p7827,71,68
0,p7828,38,1
0,p7829,23,42
0,p7830,65,52
0,p7831,92,82
0,p7832,52,22
0,p7833,1,98
0,p7834,1,23
0,p7835,39,1
0,p7836,1,72
0,p7837,82,69
0,p7838,39,24
0,p7839,83,1
0,p7840,1,16
0,p7841,52,1
0,p7842,66,1
0,p7843,1,70
0,p7844,13,1
0,p7845,17,1
0,p7846,1,100
0,p7847,81,1
0,p7848,35,1
0,p7849,97,1
0,p7850,50,1
0,p7851,1,42
0,p7852,74,1
0,p7853,95,43
0,p7854,34,16
0,p7855,1,35
0,p7856,1,8
0,p7857,1,32
0,p7858,24,1
0,p7859,76,1
0,p7860,1,94
0,p7861,1,5
0,p7862,1,46
0,p7863,3,40
0,p7864,31,1
0,p7865,39,65
0,p7866,61,1
0,p7867,1,88
0,p7868,40,1
0,p7869,66,1
0,p7870,5,8
0,p7871,12,86
0,p7872,1,43
0,p7873,43,81
0,p7874,1,51
0,p7875,22,75
0,p7876,1,10
0,p7877,46,1
0,p7878,74,1
0,p7879,1,87
0,p7880,1,21
0,p7881,57,28
0,p7882,36,71
0,p7883,1,97
0,p7884,26,67
0,p7885,32,43
0,p7886,89,96
0,p7887,1,67
0,p7888,23,1
0,p7889,29,1
0,p7890,94,87
0,p7891,30,34
0,p7892,19,95
0,p7893,1,38
0,p7894,14,1
0,p7895,35,1
0,p7896,1,12
0,p7897,4,66
0,p7898,53,33
0,p7899,1,88
0,p7900,94,42
0,p7901,99,1
0,p7902,1,18
0,p7903,62,80
0,p7904,76,1
0,p7905,1,3
0,p7906,75,10
0,p7907,60,6
0,p7908,91,1
0,p7909,40,34
0,p7910,66,1
0,p7911,1,65
0,p7912,1,65
0,p7913,35,1
0,p7914,35,6
0,p7915,8,1
0,p7916,1,47
0,p7917,82,28
0,p7918,58,1
0,p7919,56,71
0,p7920,14,1
0,p7921,71,1
0,p7922,76,1
0,p7923,1,82
0,p7924,1,8
0,p7925,78,1
0,p7926,53,1
0,p7927,1,90
0,p7928,1,98
0,p7929,77,1
0,p7930,55,1
0,p7931,1,48
0,p7932,22,1
0,p7933,92,1
0,p7934,8,5
0,p7935,99,1
0,p7936,69,1
0,p7937,1,22
0,p7938,68,1
0,p7939,42,3
0,p7940,67,1
0,p7941,14,1
0,p7942,1,54
0,p7943,56,1
0,p7944,1,34
0,p7945,85,51
0,p7946,56,89
0,p7947,21,89
0,p7948,35,1
0,p7949,57,1
0,p7950,92,13
0,p7951,68,59
0,p7952,96,31
0,p7953,47,3
0,p7954,47,1
0,p7955,19,1
0,p7956,45,1
0,p7957,1,41
0,p7958,1,34
0,p7959,98,1
0,p7960,48,58
0,p7961,71,51
0,p7962,10,1
0,p7963,37,84
0,p7964,33,48
0,p7965,65,1
0,p7966,2,1
0,p7967,1,96
0,p7968,75,74
0,p7969,1,69
0,p7970,67,34
0,p7971,62,38
0,p7972,55,36
0,p7973,2,1
0,p7974,85,1
0,p7975,67,34
0,p7976,1,44
0,p7977,40,1
0,p7978,1,93
0,p7979,44,77
0,p7980,66,55
0,p7981,73,71
0,p7982,1,55
0,p7983,45,1
0,p7984,96,99
0,p7985,46,60
0,p7986,32,1
0,p7987,43,65
0,p7988,34,35
0,p7989,74,97
0,p7990,10,1
0,p7991,69,1
0,p7992,1,49
0,p7993,93,1
0,p7994,1,32
0,p7995,5,1
0,p7996,1,88
0,p7997,72,1
0,p7998,74,1
0,p7999,27,18
0,p8000,99,56
0,p8001,58,59
0,p8002,1,8
0,p8003,1,3
0,p8004,40,37
0,p8005,1,29
0,p8006,32,1
0,p8007,1,86
0,p8008,97,1
0,p8009,1,65
0,p8010,20,97
0,p8011,13,1
0,p8012,79,1
0,p8013,99,76
0,p8014,74,40
0,p8015,86,61
0,p8016,94,1
0,p8017,1,55
0,p8018,83,1
0,p8019,1,96
0,p8020,57,1
0,p8021,65,73
0,p8022,1,95
0,p8023,35,97
0,p8024,1,16
0,p8025,16,33
0,p8026,51,1
0,p8027,31,1
0,p8028,22,59
0,p8029,1,28
0,p8030,49,50
0,p8031,45,1
0,p8032,71,1
0,p8033,52,1
0,p8034,32,99
0,p8035,1,27
0,p8036,39,89
0,p8037,78,10
0,p8038,1,16
0,p8039,1,71
0,p8040,55,16
0,p8041,1,83
0,p8042,53,13
0,p8043,1,88
0,p8044,22,1
0,p8045,13,9
0,p8046,6,56
0,p8047,69,16
0,p8048,55,38
0,p8049,90,1
0,p8050,80,1
0,p8051,1,78
0,p8052,72,77
0,p8053,1,37
0,p8054,1,85
0,p8055,26,41
0,p8056,84,1
0,p8057,86,37
0,p8058,47,46
0,p8059,63,1
0,p8060,16,1
0,p8061,1,28
0,p8062,1,62
0,p8063,95,1
0,p8064,29,1
0,p8065,70,75
0,p8066,83,1
0,p8067,30,1
0,p8068,61,65
0,p8069,22,16
0,p8070,1,10
0,p8071,1,54
0,p8072,78,1
0,p8073,67,1
0,p8074,1,10
0,p8075,1,42
0,p8076,96,66
0,p8077,3,48
0,p8078,1,75
0,p8079,51,1
0,p8080,88,22
0,p8081,53,60
0,p8082,1,81
0,p8083,24,4
0,p8084,38,1
0,p8085,1,53
0,p8086,58,32
0,p8087,1,31
0,p8088,10,62
0,p8089,98,1
0,p8090,75,1
0,p8091,1,38
0,p8092,95,1
0,p8093,77,74
0,p8094,1,82
0,p8095,87,18
0,p8096,93,2
0,p8097,1,3
0,p8098,98,44
0,p8099,1,2
0,p8100,1,32
0,p8101,82,1
0,p8102,53,1
0,p8103,1,85
0,p8104,1,96
0,p8105,1,73
0,p8106,1,96
0,p8107,90,60
0,p8108,1,24
0,p8109,81,98
0,p8110,44,3
0,p8111,63,43
0,p8112,77,1
0,p8113,31,21
0,p8114,100,42
0,p8115,72,1
0,p8116,83,91
0,p8117,35,73
0,p8118,19,6
0,p8119,74,9
0,p8120,1,91
0,p8121,36,1
0,p8122,32,68
0,p8123,86,33
0,p8124,53,75
0,p8125,26,1
0,p8126,52,66
0,p8127,59,1
0,p8128,86,1
0,p8129,1,35
0,p8130,63,18
0,p8131,53,1
0,p8132,1,17
0,p8133,89,87
0,p8134,1,67
0,p8135,56,1
0,p8136,22,1
0,p8137,18,1
0,p8138,47,1
0,p8139,12,1
0,p8140,14,1
0,p8141,1,16
0,p8142,1,91
0,p8143,1,27
0,p8144,66,100
0,p8145,66,3
0,p8146,1,82
0,p8147,1,62
0,p8148,1,3
0,p8149,53,21
0,p8150,12,61
0,p8151,87,83
0,p8152,1,52
0,p8153,91,16
0,p8154,1,59
0,p8155,1,32
0,p8156,1,100
0,p8157,1,35
0,p8158,1,31
0,p8159,1,9
0,p8160,73,1
0,p8161,48,13
0,p8162,18,1
0,p8163,75,70
0,p8164,97,1
0,p8165,99,86
0,p8166,11,55
0,p8167,1,26
0,p8168,78,1
0,p8169,72,1
0,p8170,40,1
0,p8171,56,1
0,p8172,21,1
0,p8173,95,1
0,p8174,61,33
0,p8175,13,1
0,p8176,49,66
0,p8177,37,1
0,p8178,1,13
0,p8179,24,81
0,p8180,1,51
0,p8181,1,69
0,p8182,1,58
0,p8183,1,30
0,p8184,1,76
0,p8185,21,1
0,p8186,51,1
0,p8187,1,21
0,p8188,94,81
0,p8189,2,1
0,p8190,44,1
0,p8191,58,1
0,p8192,100,1
0,p8193,80,32
0,p8194,58,99
0,p8195,50,1
0,p8196,76,3
0,p8197,33,16
0,p8198,12,1
0,p8199,73,1
0,p8200,12,86
0,p8201,72,100
0,p8202,3,1
0,p8203,1,5
0,p8204,49,71
0,p8205,8,52
0,p8206,1,13
0,p8207,68,1
0,p8208,2,74
0,p8209,1,68
0,p8210,65,1
0,p8211,1,66
0,p8212,5,49
0,p8213,68,86
0,p8214,1,68
0,p8215,1,8
0,p8216,37,52
0,p8217,17,54
0,p8218,55,70
0,p8219,1,46
0,p8220,1,59
0,p8221,1,43
0,p8222,1,19
0,p8223,77,1
0,p8224,1,17
0,p8225,90,3
0,p8226,1,82
0,p8227,1,75
0,p8228,1,25
0,p8229,1,91
0,p8230,41,1
0,p8231,58,93
0,p8232,78,57
0,p8233,96,1
0,p8234,60,1
0,p8235,80,3
0,p8236,7,1
0,p8237,40,34
0,p8238,14,1
0,p8239,1,35
0,p8240,1,4
0,p8241,97,4
0,p8242,100,1
0,p8243,58,99
0,p8244,98,1
0,p8245,51,1
0,p8246,19,47
0,p8247,1,67
0,p8248,36,60
0,p8249,33,51
0,p8250,54,1
0,p8251,1,61
0,p8252,32,62
0,p8253,1,56
0,p8254,68,1
0,p8255,71,1
0,p8256,1,76
0,p8257,57,1
0,p8258,1,35
0,p8259,1,77
0,p8260,1,79
0,p8261,1,97
0,p8262,22,1
0,p8263,1,87
0,p8264,1,96
0,p8265,54,80
0,p8266,1,58
0,p8267,85,42
0,p8268,96,1
0,p8269,1,84
0,p8270,71,92
0,p8271,62,1
0,p8272,13,1
0,p8273,1,59
0,p8274,30,1
0,p8275,8,97
0,p8276,91,1
0,p8277,50,1
0,p8278,61,70
0,p8279,1,39
0,p8280,1,72
0,p8281,84,1
0,p8282,73,96
0,p8283,14,1
0,p8284,48,1
0,p8285,98,79
0,p8286,60,46
0,p8287,17,1
0,p8288,52,1
0,p8289,60,1
0,p8290,51,1
0,p8291,98,1
0,p8292,38,6
0,p8293,65,37
0,p8294,78,8
0,p8295,45,93
0,p8296,54,1
0,p8297,80,1
0,p8298,29,39
0,p8299,52,63
0,p8300,61,1
0,p8301,99,49
0,p8302,1,23
0,p8303,74,61
0,p8304,88,1
0,p8305,1,47
0,p8306,39,1
0,p8307,50,60
0,p8308,57,1
0,p8309,1,79
0,p8310,97,1
0,p8311,1,30
0,p8312,46,1
0,p8313,1,54
0,p8314,99,64
0,p8315,50,15
0,p8316,1,40
0,p8317,23,85
0,p8318,93,9
0,p8319,37,1
0,p8320,59,22
0,p8321,1,71
0,p8322,22,1
0,p8323,19,80
0,p8324,79,1
0,p8325,3,1
0,p8326,61,1
0,p8327,3,10
0,p8328,1,60
0,p8329,95,6
0,p8330,1,44
0,p8331,21,60
0,p8332,1,68
0,p8333,88,1
0,p8334,33,84
0,p8335,66,1
0,p8336,21,1
0,p8337,94,44
0,p8338,81,1
0,p8339,21,1
0,p8340,1,50
0,p8341,1,44
0,p8342,28,1
0,p8343,71,1
0,p8344,1,65
0,p8345,46,1
0,p8346,62,56
0,p8347,32,29
0,p8348,8,1
0,p8349,45,23
0,p8350,1,73
0,p8351,1,63
0,p8352,98,100
0,p8353,54,1
0,p8354,19,49
0,p8355,34,22
0,p8356,27,1
0,p8357,24,51
0,p8358,78,1
0,p8359,1,14
0,p8360,23,56
0,p8361,36,1
0,p8362,99,78
0,p8363,1,88
0,p8364,1,50
0,p8365,16,1
0,p8366,1,80
0,p8367,91,1
0,p8368,1,99
0,p8369,81,1
0,p8370,1,84
0,p8371,85,1
0,p8372,55,1
0,p8373,1,93
0,p8374,30,1
0,p8375,92,96
0,p8376,19,46
0,p8377,77,62
0,p8378,1,73
0,p8379,1,42
0,p8380,51,1
0,p8381,95,1
0,p8382,50,53
0,p8383,91,1
0,p8384,57,38
0,p8385,72,38
0,p8386,37,1
0,p8387,22,1
0,p8388,11,1
0,p8389,21,59
0,p8390,76,24
0,p8391,1,6
0,p8392,1,91
0,p8393,1,50
0,p8394,1,54
0,p8395,2,1
0,p8396,1,73
0,p8397,62,1
0,p8398,61,11
0,p8399,71,23
0,p8400,63,1
0,p8401,1,32
0,p8402,99,1
0,p8403,1,20
0,p8404,74,69
0,p8405,19,1
0,p8406,99,86
0,p8407,99,69
0,p8408,79,1
0,p8409,6,100
0,p8410,1,74
0,p8411,1,92
0,p8412,70,1
0,p8413,87,93
0,p8414,65,1
0,p8415,1,73
0,p8416,1,63
0,p8417,4,1
0,p8418,90,74
0,p8419,43,62
0,p8420,13,1
0,p8421,56,1
0,p8422,80,26
0,p8423,76,51
0,p8424,61,33
0,p8425,1,51
0,p8426,92,84
0,p8427,1,72
0,p8428,12,1
0,p8429,1,69
0,p8430,37,68
0,p8431,1,38
0,p8432,1,80
0,p8433,15,1
0,p8434,1,72
0,p8435,97,44
0,p8436,1,39
0,p8437,1,100
0,p8438,66,16
0,p8439,1,26
0,p8440,99,95
0,p8441,1,23
0,p8442,54,1
0,p8443,34,51
0,p8444,1,30
0,p8445,47,30
0,p8446,1,8
0,p8447,1,82
0,p8448,63,1
0,p8449,32,1
0,p8450,48,1
0,p8451,1,79
0,p8452,83,96
0,p8453,84,52
0,p8454,1,6
0,p8455,1,16
0,p8456,55,1
0,p8457,1,90
0,p8458,29,26
0,p8459,38,1
0,p8460,18,62
0,p8461,1,26
0,p8462,1,40
0,p8463,1,36
0,p8464,1,23
0,p8465,43,1
0,p8466,56,1
0,p8467,83,17
0,p8468,61,30
0,p8469,39,79
0,p8470,66,1
0,p8471,25,92
0,p8472,1,55
0,p8473,11,74
0,p8474,81,86
0,p8475,1,100
0,p8476,1,70
0,p8477,91,1
0,p8478,4,56
0,p8479,1,74
0,p8480,1,29
0,p8481,1,23
0,p8482,75,1
0,p8483,90,55
0,p8484,1,45
0,p8485,54,1
0,p8486,1,40
0,p8487,1,91
0,p8488,9,71
0,p8489,12,76
0,p8490,15,45
0,p8491,1,81
0,p8492,27,83
0,p8493,1,34
0,p8494,64,1
0,p8495,20,1
0,p8496,71,80
0,p8497,31,1
0,p8498,13,1
0,p8499,1,38
0,p8500,30,1
0,p8501,71,1
0,p8502,42,1
0,p8503,1,35
0,p8504,1,57
0,p8505,22,50
0,p8506,8,1
0,p8507,87,51
0,p8508,5,29
0,p8509,72,1
0,p8510,45,1
0,p8511,1,3
0,p8512,1,23
0,p8513,1,90
0,p8514,1,2
0,p8515,83,72
0,p8516,1,30
0,p8517,39,27
0,p8518,1,54
0,p8519,47,45
0,p8520,42,1
0,p8521,65,90
0,p8522,51,9
0,p8523,1,69
0,p8524,97,1
0,p8525,99,30
0,p8526,84,42
0,p8527,1,65
0,p8528,40,1
0,p8529,74,84
0,p8530,85,42
0,p8531,60,5
0,p8532,1,72
0,p8533,24,1
0,p8534,27,70
0,p8535,18,66
0,p8536,22,68
0,p8537,80,1
0,p8538,48,1
0,p8539,88,1
0,p8540,60,1
0,p8541,34,77
0,p8542,28,88
0,p8543,1,27
0,p8544,10,50
0,p8545,1,61
0,p8546,7,66
0,p8547,39,42
0,p8548,78,1
0,p8549,18,3
0,p8550,12,1
0,p8551,99,51
0,p8552,9,65
0,p8553,31,9
0,p8554,1,3
0,p8555,56,1
0,p8556,1,52
0,p8557,37,1
0,p8558,1,38
0,p8559,1,80
0,p8560,13,1
0,p8561,39,58
0,p8562,44,50
0,p8563,1,49
0,p8564,43,6
0,p8565,23,27
0,p8566,67,1
0,p8567,100,76
0,p8568,87,1
0,p8569,58,51
0,p8570,1,76
0,p8571,1,21
0,p8572,1,100
0,p8573,13,1
0,p8574,1,31
0,p8575,1,20
0,p8576,1,59
0,p8577,90,1
0,p8578,1,72
0,p8579,67,15
0,p8580,1,5
0,p8581,31,8
0,p8582,1,2
0,p8583,78,1
0,p8584,79,51
0,p8585,1,96
0,p8586,43,48
0,p8587,1,23
0,p8588,70,1
0,p8589,1,64
0,p8590,47,25
0,p8591,1,52
0,p8592,1,87
0,p8593,1,35
0,p8594,16,100
0,p8595,35,1
0,p8596,79,1
0,p8597,36,1
0,p8598,36,1
0,p8599,23,1
0,p8600,89,16
0,p8601,1,51
0,p8602,34,1
0,p8603,65,1
0,p8604,14,77
0,p8605,1,67
0,p8606,1,18
0,p8607,1,2
0,p8608,1,65
0,p8609,6,48
0,p8610,41,1
0,p8611,79,1
0,p8612,18,80
0,p8613,88,1
0,p8614,1,56
0,p8615,90,1
0,p8616,1,14
0,p8617,1,46
0,p8618,41,1
0,p8619,1,54
0,p8620,76,21
0,p8621,1,53
0,p8622,43,1
0,p8623,75,20
0,p8624,84,49
0,p8625,16,8
0,p8626,39,56
0,p8627,29,1
0,p8628,36,61
0,p8629,1,19
0,p8630,1,94
0,p8631,26,95
0,p8632,97,14
0,p8633,84,76
0,p8634,32,1
0,p8635,1,96
0,p8636,1,73
0,p8637,13,31
0,p8638,21,11
0,p8639,1,70
0,p8640,1,23
0,p8641,24,12
0,p8642,48,1
0,p8643,25,43
0,p8644,1,75
0,p8645,63,1
0,p8646,4,79
0,p8647,23,66
0,p8648,87,38
0,p8649,12,1
0,p8650,1,71
0,p8651,79,72
0,p8652,10,1
0,p8653,59,38
0,p8654,1,34
0,p8655,66,1
0,p8656,12,70
0,p8657,86,91
0,p8658,1,55
0,p8659,49,79
0,p8660,10,22
0,p8661,1,39
0,p8662,8,86
0,p8663,1,46
0,p8664,7,5
0,p8665,44,1
0,p8666,1,14
0,p8667,25,1
0,p8668,34,2
0,p8669,28,75
0,p8670,1,22
0,p8671,48,1
0,p8672,1,44
0,p8673,34,1
0,p8674,24,1
0,p8675,1,42
0,p8676,3,16
0,p8677,33,96
0,p8678,91,57
0,p8679,84,13
0,p8680,18,1
0,p8681,42,28
0,p8682,46,68
0,p8683,74,78
0,p8684,48,91
0,p8685,61,1
0,p8686,1,5
0,p8687,29,1
0,p8688,65,71
0,p8689,1,86
0,p8690,1,63
0,p8691,1,45
0,p8692,36,1
0,p8693,1,8
0,p8694,1,50
0,p8695,26,3
0,p8696,60,85
0,p8697,6,1
0,p8698,1,32
0,p8699,1,41
0,p8700,25,87
0,p8701,1,89
0,p8702,73,1
0,p8703,37,68
0,p8704,1,91
0,p8705,43,24
0,p8706,1,56
0,p8707,1,28
0,p8708,1,76
0,p8709,2,1
0,p8710,34,82
0,p8711,77,100
0,p8712,92,80
0,p8713,12,81
0,p8714,48,5
0,p8715,1,51
0,p8716,58,1
0,p8717,1,50
0,p8718,67,14
0,p8719,67,32
0,p8720,1,72
0,p8721,1,38
0,p8722,61,82
0,p8723,77,1
0,p8724,54,1
0,p8725,66,72
0,p8726,49,48
0,p8727,1,37
0,p8728,1,84
0,p8729,55,1
0,p8730,1,2
0,p8731,82,21
0,p8732,1,46
0,p8733,1,93
0,p8734,6,55
0,p8735,74,95
0,p8736,84,92
0,p8737,70,14
0,p8738,1,72
0,p8739,54,1
0,p8740,1,70
0,p8741,1,3
0,p8742,8,32
0,p8743,63,1
0,p8744,1,21
0,p8745,1,10
0,p8746,31,75
0,p8747,1,88
0,p8748,72,100
0,p8749,1,65
0,p8750,51,72
0,p8751,14,1
0,p8752,1,92
0,p8753,1,81
0,p8754,30,1
0,p8755,31,69
0,p8756,57,2
0,p8757,18,1
0,p8758,1,16
0,p8759,1,80
0,p8760,1,16
0,p8761,56,75
0,p8762,1,95
0,p8763,1,8
0,p8764,19,1
0,p8765,1,92
0,p8766,1,87
0,p8767,20,100
0,p8768,1,43
0,p8769,1,73
0,p8770,78,1
0,p8771,1,60
0,p8772,37,18
0,p8773,84,66
0,p8774,61,1
0,p8775,56,1
0,p8776,23,44
0,p8777,90,1
0,p8778,12,1
0,p8779,64,1
0,p8780,20,1
0,p8781,1,80
0,p8782,24,50
0,p8783,1,11
0,p8784,19,92
0,p8785,65,1
0,p8786,1,59
0,p8787,45,88
0,p8788,100,1
0,p8789,24,69
0,p8790,1,66
0,p8791,23,13
0,p8792,28,1
0,p8793,6,1
0,p8794,25,1
0,p8795,1,13
0,p8796,1,68
0,p8797,17,36
0,p8798,34,95
0,p8799,1,13
0,p8800,1,51
0,p8801,11,2
0,p8802,1,86
0,p8803,21,27
0,p8804,61,64
0,p8805,3,54
0,p8806,1,12
0,p8807,45,57
0,p8808,1,92
0,p8809,1,6
0,p8810,29,8
0,p8811,1,79
0,p8812,79,1
0,p8813,100,18
0,p8814,35,1
0,p8815,10,1
0,p8816,1,9
0,p8817,1,95
0,p8818,95,93
0,p8819,3,1
0,p8820,49,13
0,p8821,28,1
0,p8822,1,15
0,p8823,1,92
0,p8824,8,1
0,p8825,1,3
0,p8826,1,45
0,p8827,56,1
0,p8828,57,96
0,p8829,1,93
0,p8830,56,1
0,p8831,41,1
0,p8832,28,75
0,p8833,12,63
0,p8834,71,23
0,p8835,1,97
0,p8836,33,97
0,p8837,68,17
0,p8838,1,96
0,p8839,58,1
0,p8840,95,1
0,p8841,84,1
0,p8842,1,83
0,p8843,4,76
0,p8844,1,74
0,p8845,10,1
0,p8846,1,76
0,p8847,4,1
0,p8848,5,39
0,p8849,63,1
0,p8850,1,89
0,p8851,50,1
0,p8852,8,1
0,p8853,52,1
0,p8854,1,46
0,p8855,55,77
0,p8856,7,48
0,p8857,19,76
0,p8858,47,33
0,p8859,1,57
0,p8860,1,37
0,p8861,1,60
0,p8862,1,66
0,p8863,54,14
0,p8864,1,95
0,p8865,1,63
0,p8866,41,74
0,p8867,10,93
0,p8868,1,78
0,p8869,30,38
0,p8870,98,1
0,p8871,1,64
0,p8872,1,28
0,p8873,83,72
0,p8874,2,1
0,p8875,1,63
0,p8876,34,1
0,p8877,1,41
0,p8878,1,80
0,p8879,10,1
0,p8880,40,1
0,p8881,27,1
0,p8882,97,15
0,p8883,74,1
0,p8884,19,1
0,p8885,23,36
0,p8886,88,1
0,p8887,1,35
0,p8888,39,35
0,p8889,11,1
0,p8890,1,2
0,p8891,92,1
0,p8892,1,18
0,p8893,90,1
0,p8894,7,4
0,p8895,1,17
0,p8896,3,18
0,p8897,1,70
0,p8898,1,67
0,p8899,65,1
0,p8900,57,1
0,p8901,50,34
0,p8902,1,77
0,p8903,54,11
0,p8904,58,1
0,p8905,86,69
0,p8906,22,1
0,p8907,48,12
0,p8908,87,1
0,p8909,85,13
0,p8910,22,1
0,p8911,1,6
0,p8912,56,1
0,p8913,56,30
0,p8914,60,1
0,p8915,60,86
0,p8916,75,7
0,p8917,87,1
0,p8918,3,1
0,p8919,58,44
0,p8920,5,1
0,p8921,1,15
0,p8922,1,33
0,p8923,1,11
0,p8924,1,8
0,p8925,100,72
0,p8926,85,1
0,p8927,84,1
0,p8928,34,90
0,p8929,99,17
0,p8930,55,1
0,p8931,83,30
0,p8932,31,1
0,p8933,55,57
0,p8934,1,77
0,p8935,8,1
0,p8936,1,54
0,p8937,26,2
0,p8938,43,1
0,p8939,1,71
0,p8940,92,1
0,p8941,1,80
0,p8942,2,1
0,p8943,57,1
0,p8944,1,87
0,p8945,1,47
0,p8946,1,68
0,p8947,93,1
0,p8948,25,1
0,p8949,98,1
0,p8950,62,76
0,p8951,1,65
0,p8952,1,43
0,p8953,1,62
0,p8954,1,17
0,p8955,1,82
0,p8956,1,8
0,p8957,69,1
0,p8958,1,62
0,p8959,1,99
0,p8960,58,10
0,p8961,11,1
0,p8962,86,1
0,p8963,63,9
0,p8964,58,1
0,p8965,12,73
0,p8966,7,1
0,p8967,1,87
0,p8968,50,1
0,p8969,1,99
0,p8970,31,1
0,p8971,15,58
0,p8972,11,84
0,p8973,28,1
0,p8974,84,94
0,p8975,22,1
0,p8976,6,88
0,p8977,70,1
0,p8978,65,1
0,p8979,1,96
0,p8980,1,24
0,p8981,1,25
0,p8982,30,1
0,p8983,1,55
0,p8984,95,1
0,p8985,1,32
0,p8986,61,1
0,p8987,21,94
0,p8988,1,91
0,p8989,14,20
0,p8990,1,46
0,p8991,1,31
0,p8992,59,1
0,p8993,37,1
0,p8994,44,51
0,p8995,1,44
0,p8996,87,1
0,p8997,81,1
0,p8998,77,1
0,p8999,90,1
0,p9000,1,73
0,p9001,14,86
0,p9002,1,61
0,p9003,1,17
0,p9004,33,75
0,p9005,76,51
0,p9006,57,1
0,p9007,55,18
0,p9008,75,1
0,p9009,75,19
0,p9010,59,44
0,p9011,30,91
0,p9012,81,47
0,p9013,77,76
0,p9014,97,1
0,p9015,20,18
0,p9016,25,82
0,p9017,26,61
0,p9018,1,94
0,p9019,59,1
0,p9020,30,61
0,p9021,99,1
0,p9022,44,48
0,p9023,1,47
0,p9024,84,33
0,p9025,30,20
0,p9026,96,64
0,p9027,1,58
0,p9028,1,28
0,p9029,23,1
0,p9030,1,20
0,p9031,6,82
0,p9032,1,40
0,p9033,1,66
0,p9034,1,44
0,p9035,1,59
0,p9036,45,1
0,p9037,21,1
0,p9038,18,99
0,p9039,1,8
0,p9040,92,100
0,p9041,22,1
0,p9042,61,1
0,p9043,29,1
0,p9044,3,59
0,p9045,1,52
0,p9046,1,49
0,p9047,80,82
0,p9048,65,1
0,p9049,1,54
0,p9050,1,11
0,p9051,1,73
0,p9052,66,87
0,p9053,1,2
0,p9054,24,95
0,p9055,76,1
0,p9056,22,28
0,p9057,39,20
0,p9058,1,40
0,p9059,59,1
0,p9060,7,1
0,p9061,62,34
0,p9062,70,1
0,p9063,36,1
0,p9064,1,10
0,p9065,1,79
0,p9066,68,1
0,p9067,93,75
0,p9068,29,2
0,p9069,82,51
0,p9070,63,1
0,p9071,67,31
0,p9072,52,1
0,p9073,1,88
0,p9074,1,2
0,p9075,56,1
0,p9076,1,76
0,p9077,60,1
0,p9078,1,92
0,p9079,51,65
0,p9080,61,25
0,p9081,27,35
0,p9082,1,40
0,p9083,80,1
0,p9084,1,37
0,p9085,1,77
0,p9086,1,13
0,p9087,79,36
0,p9088,27,1
0,p9089,9,13
0,p9090,1,78
0,p9091,1,66
0,p9092,31,50
0,p9093,1,40
0,p9094,81,1
0,p9095,60,69
0,p9096,39,30
0,p9097,73,51
0,p9098,88,84
0,p9099,1,25
0,p9100,75,73
0,p9101,1,83
0,p9102,88,82
0,p9103,80,1
0,p9104,20,1
0,p9105,64,58
0,p9106,1,67
0,p9107,15,1
0,p9108,10,16
0,p9109,28,1
0,p9110,1,10
0,p9111,72,23
0,p9112,100,1
0,p9113,47,1
0,p9114,1,67
0,p9115,1,87
0,p9116,64,1
0,p9117,1,76
0,p9118,7,48
0,p9119,42,91
0,p9120,18,74
0,p9121,1,9
0,p9122,1,95
0,p9123,1,59
0,p9124,40,1
0,p9125,85,63
0,p9126,35,18
0,p9127,76,1
0,p9128,52,1
0,p9129,57,1
0,p9130,33,1
0,p9131,68,33
0,p9132,42,51
0,p9133,87,41
0,p9134,1,16
0,p9135,1,71
0,p9136,5,1
0,p9137,1,80
0,p9138,29,58
0,p9139,16,51
0,p9140,98,1
0,p9141,1,95
0,p9142,52,65
0,p9143,1,75
0,p9144,31,78
0,p9145,74,40
0,p9146,42,1
0,p9147,33,1
0,p9148,1,24
0,p9149,81,1
0,p9150,64,85
0,p9151,23,13
0,p9152,1,48
0,p9153,1,94
0,p9154,1,94
0,p9155,1,45
0,p9156,1,59
0,p9157,1,91
0,p9158,46,1
0,p9159,65,1
0,p9160,13,83
0,p9161,1,66
0,p9162,100,69
0,p9163,1,74
0,p9164,1,37
0,p9165,31,1
0,p9166,46,27
0,p9167,1,19
0,p9168,39,1
0,p9169,63,67
0,p9170,93,76
0,p9171,1,41
0,p9172,12,1
0,p9173,24,1
0,p9174,36,1
0,p9175,16,45
0,p9176,62,5
0,p9177,75,36
0,p9178,1,72
0,p9179,94,1
0,p9180,65,1
0,p9181,59,90
0,p9182,15,1
0,p9183,80,1
0,p9184,92,1
0,p9185,1,4
0,p9186,47,1
0,p9187,56,1
0,p9188,63,26
0,p9189,98,68
0,p9190,1,59
0,p9191,20,19
0,p9192,23,1
0,p9193,1,52
0,p9194,1,62
0,p9195,1,66
0,p9196,73,43
0,p9197,28,5
0,p9198,5,1
0,p9199,1,86
0,p9200,1,36
0,p9201,36,1
0,p9202,63,17
0,p9203,1,3
0,p9204,39,1
0,p9205,1,54
0,p9206,1,92
0,p9207,36,11
0,p9208,96,1
0,p9209,35,1
0,p9210,1,45
0,p9211,97,1
0,p9212,49,83
0,p9213,1,29
0,p9214,67,1
0,p9215,81,1
0,p9216,48,1
0,p9217,1,84
0,p9218,1,42
0,p9219,34,88
0,p9220,44,1
0,p9221,61,30
0,p9222,1,5
0,p9223,9,1
0,p9224,54,39
0,p9225,72,86
0,p9226,1,41
0,p9227,12,1
0,p9228,93,1
0,p9229,16,11
0,p9230,65,68
0,p9231,1,64
0,p9232,78,1
0,p9233,60,1
0,p9234,85,1
0,p9235,1,8
0,p9236,75,1
0,p9237,1,84
0,p9238,1,46
0,p9239,99,34
0,p9240,20,33
0,p9241,1,95
0,p9242,65,1
0,p9243,1,16
0,p9244,41,79
0,p9245,1,93
0,p9246,22,1
0,p9247,28,1
0,p9248,47,96
0,p9249,1,78
0,p9250,80,7
0,p9251,1,18
0,p9252,1,79
0,p9253,1,8
0,p9254,31,1
0,p9255,18,70
0,p9256,1,2
0,p9257,44,28
0,p9258,75,1
0,p9259,3,1
0,p9260,1,64
0,p9261,1,62
0,p9262,1,12
0,p9263,1,93
0,p9264,39,58
0,p9265,44,1
0,p9266,1,95
0,p9267,1,71
0,p9268,1,42
0,p9269,1,78
0,p9270,97,45
0,p9271,1,10
0,p9272,19,1
0,p9273,1,42
0,p9274,20,54
0,p9275,1,49
0,p9276,78,1
0,p9277,89,22
0,p9278,100,1
0,p9279,1,100
0,p9280,25,1
0,p9281,1,30
0,p9282,1,11
0,p9283,12,41
0,p9284,63,1
0,p9285,81,93
0,p9286,1,35
0,p9287,81,1
0,p9288,1,37
0,p9289,1,73
0,p9290,71,85
0,p9291,55,70
0,p9292,1,75
0,p9293,1,97
0,p9294,90,9
0,p9295,1,75
0,p9296,88,13
0,p9297,1,78
0,p9298,36,1
0,p9299,1,94
0,p9300,66,5
0,p9301,1,82
0,p9302,1,46
0,p9303,20,3
0,p9304,76,1
0,p9305,72,1
0,p9306,58,43
0,p9307,1,21
0,p9308,88,1
0,p9309,76,3
0,p9310,76,55
0,p9311,95,39
0,p9312,1,92
0,p9313,44,1
0,p9314,9,1
0,p9315,32,29
0,p9316,1,77
0,p9317,15,39
0,p9318,1,37
0,p9319,29,1
0,p9320,1,27
0,p9321,45,64
0,p9322,30,66
0,p9323,42,33
0,p9324,1,96
0,p9325,1,65
0,p9326,1,85
0,p9327,39,18
0,p9328,1,14
0,p9329,1,90
0,p9330,22,20
0,p9331,86,1
0,p9332,76,68
0,p9333,1,56
0,p9334,40,1
0,p9335,97,65
0,p9336,1,98
0,p9337,1,49
0,p9338,90,1
0,p9339,1,85
0,p9340,64,1
0,p9341,6,87
0,p9342,1,79
0,p9343,40,71
0,p9344,87,55
0,p9345,1,12
0,p9346,1,93
0,p9347,67,28
0,p9348,84,1
0,p9349,14,98
0,p9350,11,1
0,p9351,7,57
0,p9352,1,71
0,p9353,70,1
0,p9354,34,1
0,p9355,76,61
0,p9356,1,25
0,p9357,84,42
0,p9358,80,90
0,p9359,1,52
0,p9360,78,79
0,p9361,11,1
0,p9362,19,1
0,p9363,1,94
0,p9364,2,95
0,p9365,83,85
0,p9366,84,53
0,p9367,1,2
0,p9368,47,81
0,p9369,76,1
0,p9370,91,1
0,p9371,1,7
0,p9372,51,17
0,p9373,71,95
0,p9374,1,21
0,p9375,5,33
0,p9376,1,13
0,p9377,43,51
0,p9378,20,1
0,p9379,1,99
0,p9380,31,1
0,p9381,84,43
0,p9382,1,13
0,p9383,30,48
0,p9384,45,1
0,p9385,64,52
0,p9386,1,9
0,p9387,15,90
0,p9388,76,1
0,p9389,59,77
0,p9390,38,1
0,p9391,1,45
0,p9392,62,1
0,p9393,1,25
0,p9394,1,52
0,p9395,1,73
0,p9396,1,99
0,p9397,1,12
0,p9398,1,7
0,p9399,66,1
0,p9400,54,19
0,p9401,54,93
0,p9402,10,44
0,p9403,36,10
0,p9404,1,80
0,p9405,1,84
0,p9406,2,8
0,p9407,87,1
0,p9408,1,85
0,p9409,1,35
0,p9410,57,1
0,p9411,44,1
0,p9412,47,1
0,p9413,10,1
0,p9414,23,13
0,p9415,40,1
0,p9416,8,1
0,p9417,1,65
0,p9418,55,10
0,p9419,38,11
0,p9420,1,12
0,p9421,85,54
0,p9422,1,2
0,p9423,17,1
0,p9424,1,17
0,p9425,8,46
0,p9426,1,32
0,p9427,16,1
0,p9428,1,98
0,p9429,7,100
0,p9430,40,66
0,p9431,64,1
0,p9432,1,34
0,p9433,1,91
0,p9434,1,77
0,p9435,9,71
0,p9436,25,58
0,p9437,1,77
0,p9438,76,1
0,p9439,1,71
0,p9440,79,1
0,p9441,65,1
0,p9442,1,81
0,p9443,1,54
0,p9444,60,1
0,p9445,1,100
0,p9446,1,73
0,p9447,49,35
0,p9448,1,57
0,p9449,1,99
0,p9450,1,77
0,p9451,79,1
0,p9452,59,1
0,p9453,64,47
0,p9454,1,52
0,p9455,91,28
0,p9456,11,26
0,p9457,68,14
0,p9458,1,100
0,p9459,17,9
0,p9460,58,63
0,p9461,37,20
0,p9462,49,1
0,p9463,11,1
0,p9464,88,70
0,p9465,1,16
0,p9466,67,85
0,p9467,17,69
0,p9468,52,100
0,p9469,1,37
0,p9470,98,1
0,p9471,1,95
0,p9472,1,57
0,p9473,1,29
0,p9474,9,69
0,p9475,1,79
0,p9476,84,1
0,p9477,88,1
0,p9478,50,74
0,p9479,10,17
0,p9480,69,52
0,p9481,3,1
0,p9482,1,43
0,p9483,56,1
0,p9484,1,19
0,p9485,85,96
0,p9486,39,66
0,p9487,17,49
0,p9488,1,97
0,p9489,1,87
0,p9490,60,1
0,p9491,23,48
0,p9492,1,66
0,p9493,48,1
0,p9494,94,1
0,p9495,46,1
0,p9496,1,92
0,p9497,3,10
0,p9498,1,100
0,p9499,45,1
0,p9500,1,54
0,p9501,96,1
0,p9502,1,65
0,p9503,15,41
0,p9504,40,1
0,p9505,1,69
0,p9506,99,1
0,p9507,58,75
0,p9508,1,30
0,p9509,1,6
0,p9510,33,1
0,p9511,3,99
0,p9512,65,85
0,p9513,21,59
0,p9514,58,1
0,p9515,1,99
0,p9516,41,1
0,p9517,38,15
0,p9518,26,1
0,p9519,1,23
0,p9520,1,22
0,p9521,60,66
0,p9522,73,32
0,p9523,76,46
0,p9524,99,100
0,p9525,79,1
0,p9526,21,1
0,p9527,34,35
0,p9528,79,1
0,p9529,6,1
0,p9530,48,1
0,p9531,64,1
0,p9532,72,1
0,p9533,11,24
0,p9534,20,26
0,p9535,29,1
0,p9536,21,1
0,p9537,19,1
0,p9538,13,11
0,p9539,27,15
0,p9540,87,1
0,p9541,1,33
0,p9542,72,46
0,p9543,1,57
0,p9544,91,56
0,p9545,1,49
0,p9546,73,53
0,p9547,42,34
0,p9548,1,86
0,p9549,9,1
0,p9550,87,4
0,p9551,1,73
0,p9552,84,37
0,p9553,25,60
0,p9554,26,1
0,p9555,2,26
0,p9556,12,77
0,p9557,23,65
0,p9558,38,77
0,p9559,66,36
0,p9560,1,41
0,p9561,1,43
0,p9562,1,96
0,p9563,5,1
0,p9564,1,43
0,p9565,1,100
0,p9566,1,47
0,p9567,1,75
0,p9568,16,1
0,p9569,71,1
0,p9570,99,53
0,p9571,1,15
0,p9572,3,26
0,p9573,1,13
0,p9574,62,53
0,p9575,56,1
0,p9576,76,1
0,p9577,64,1
0,p9578,81,1
0,p9579,1,36
0,p9580,72,60
0,p9581,1,83
0,p9582,85,37
0,p9583,84,50
0,p9584,35,1
0,p9585,65,68
0,p9586,76,1
0,p9587,30,3
0,p9588,7,1
0,p9589,1,39
0,p9590,1,83
0,p9591,9,1
0,p9592,1,86
0,p9593,81,1
0,p9594,37,1
0,p9595,43,100
0,p9596,1,90
0,p9597,1,27
0,p9598,43,1
0,p9599,40,1
0,p9600,71,94
0,p9601,44,1
0,p9602,38,93
0,p9603,1,26
0,p9604,89,1
0,p9605,25,69
0,p9606,84,1
0,p9607,88,55
0,p9608,14,1
0,p9609,1,20
0,p9610,1,43
0,p9611,29,1
0,p9612,1,35
0,p9613,73,22
0,p9614,85,66
0,p9615,21,11
0,p9616,41,72
0,p9617,97,1
0,p9618,53,47
0,p9619,43,33
0,p9620,56,61
0,p9621,1,57
0,p9622,13,55
0,p9623,35,1
0,p9624,9,1
0,p9625,1,12
0,p9626,1,50
0,p9627,34,1
0,p9628,56,1
0,p9629,2,52
0,p9630,19,45
0,p9631,39,1
0,p9632,12,78
0,p9633,12,1
0,p9634,14,86
0,p9635,9,1
0,p9636,1,28
0,p9637,92,81
0,p9638,16,71
0,p9639,98,47
0,p9640,63,1
0,p9641,46,1
0,p9642,1,69
0,p9643,1,44
0,p9644,1,18
0,p9645,1,15
0,p9646,1,88
0,p9647,32,64
0,p9648,1,60
0,p9649,13,1
0,p9650,79,1
0,p9651,69,61
0,p9652,52,42
0,p9653,41,1
0,p9654,60,1
0,p9655,38,1
0,p9656,97,99
0,p9657,1,92
0,p9658,12,74
0,p9659,20,67
0,p9660,90,1
0,p9661,10,1
0,p9662,22,95
0,p9663,49,24
0,p9664,1,21
0,p9665,1,59
0,p9666,92,69
0,p9667,1,39
0,p9668,1,76
0,p9669,45,95
0,p9670,9,35
0,p9671,5,1
0,p9672,78,50
0,p9673,7,1
0,p9674,1,71
0,p9675,74,1
0,p9676,1,66
0,p9677,61,84
0,p9678,1,38
0,p9679,48,65
0,p9680,75,70
0,p9681,84,1
0,p9682,1,100
0,p9683,1,5
0,p9684,48,31
0,p9685,56,95
0,p9686,87,95
0,p9687,64,1
0,p9688,69,9
0,p9689,94,1
0,p9690,1,61
0,p9691,24,41
0,p9692,97,1
0,p9693,74,1
0,p9694,13,64
0,p9695,1,13
0,p9696,99,1
0,p9697,54,68
0,p9698,41,36
0,p9699,72,29
0,p9700,54,1
0,p9701,27,1
0,p9702,1,77
0,p9703,1,90
0,p9704,60,1
0,p9705,42,1
0,p9706,1,60
0,p9707,91,1
0,p9708,26,23
0,p9709,64,1
0,p9710,1,86
0,p9711,22,1
0,p9712,88,25
0,p9713,54,15
0,p9714,1,64
0,p9715,17,29
0,p9716,48,1
0,p9717,1,68
0,p9718,47,1
0,p9719,80,1
0,p9720,19,1
0,p9721,1,30
0,p9722,81,1
0,p9723,1,62
0,p9724,1,83
0,p9725,6,1
0,p9726,33,1
0,p9727,5,22
0,p9728,11,42
0,p9729,1,41
0,p9730,1,5
0,p9731,1,32
0,p9732,34,82
0,p9733,47,1
0,p9734,44,1
0,p9735,14,1
0,p9736,1,30
0,p9737,81,1
0,p9738,1,33
0,p9739,95,38
0,p9740,42,27
0,p9741,1,94
0,p9742,76,14
0,p9743,52,85
0,p9744,1,80
0,p9745,1,66
0,p9746,34,1
0,p9747,1,79
0,p9748,36,1
0,p9749,53,30
0,p9750,58,86
0,p9751,1,15
0,p9752,79,1
0,p9753,82,62
0,p9754,14,1
0,p9755,1,78
0,p9756,3,1
0,p9757,1,75
0,p9758,1,77
0,p9759,96,1
0,p9760,24,74
0,p9761,1,77
0,p9762,1,70
0,p9763,48,59
0,p9764,29,1
0,p9765,54,1
0,p9766,1,40
0,p9767,92,27
0,p9768,15,53
0,p9769,1,30
0,p9770,1,5
0,p9771,97,1
0,p9772,15,76
0,p9773,83,77
0,p9774,32,1
0,p9775,1,22
0,p9776,40,98
0,p9777,41,1
0,p9778,24,51
0,p9779,95,1
0,p9780,55,59
0,p9781,72,1
0,p9782,81,1
0,p9783,1,47
0,p9784,27,1
0,p9785,1,27
0,p9786,83,1
0,p9787,66,1
0,p9788,1,46
0,p9789,15,32
0,p9790,22,23
0,p9791,21,44
0,p9792,1,91
0,p9793,20,78
0,p9794,8,1
0,p9795,1,42
0,p9796,78,54
0,p9797,5,1
0,p9798,1,87
0,p9799,82,46
0,p9800,1,64
0,p9801,74,1
0,p9802,1,33
0,p9803,1,61
0,p9804,1,54
0,p9805,1,36
0,p9806,48,61
0,p9807,71,1
0,p9808,31,52
0,p9809,37,1
0,p9810,1,2
0,p9811,1,38
0,p9812,79,2
0,p9813,33,96
0,p9814,50,45
0,p9815,1,17
0,p9816,82,16
0,p9817,12,1
0,p9818,1,99
0,p9819,13,1
0,p9820,33,32
0,p9821,32,80
0,p9822,1,65
0,p9823,23,41
0,p9824,1,4
0,p9825,91,32
0,p9826,1,3
0,p9827,53,78
0,p9828,43,68
0,p9829,1,44
0,p9830,87,1
0,p9831,1,36
0,p9832,1,90
0,p9833,1,94
0,p9834,29,49
0,p9835,89,1
0,p9836,34,1
0,p9837,26,1
0,p9838,1,27
0,p9839,1,23
0,p9840,88,1
0,p9841,1,31
0,p9842,45,1
0,p9843,92,1
0,p9844,1,70
0,p9845,84,67
0,p9846,20,1
0,p9847,1,64
0,p9848,89,1
0,p9849,10,1
0,p9850,35,28
0,p9851,1,45
0,p9852,96,55
0,p9853,30,1
0,p9854,1,28
0,p9855,23,1
0,p9856,1,25
0,p9857,59,1
0,p9858,76,62
0,p9859,1,48
0,p9860,1,45
0,p9861,42,56
0,p9862,45,1
0,p9863,1,29
0,p9864,9,1
0,p9865,28,1
0,p9866,77,1
0,p9867,89,9
0,p9868,7,1
0,p9869,84,87
0,p9870,1,76
0,p9871,45,1
0,p9872,71,1
0,p9873,1,57
0,p9874,46,73
0,p9875,63,6
0,p9876,84,1
0,p9877,1,85
0,p9878,56,1
0,p9879,1,85
0,p9880,25,21
0,p9881,61,1
0,p9882,54,1
0,p9883,1,52
0,p9884,47,99
0,p9885,52,44
0,p9886,83,86
0,p9887,1,82
0,p9888,1,53
0,p9889,60,42
0,p9890,28,32
0,p9891,74,48
0,p9892,1,4
0,p9893,1,79
0,p9894,33,7
0,p9895,1,97
0,p9896,52,56
0,p9897,11,1
0,p9898,88,8
0,p9899,51,84
0,p9900,78,1
0,p9901,32,1
0,p9902,31,1
0,p9903,58,1
0,p9904,65,9
0,p9905,32,1
0,p9906,42,99
0,p9907,77,56
0,p9908,1,15
0,p9909,18,1
0,p9910,56,35
0,p9911,19,26
0,p9912,57,99
0,p9913,1,52
0,p9914,30,1
0,p9915,1,3
0,p9916,5,95
0,p9917,1,95
0,p9918,88,48
0,p9919,69,1
0,p9920,68,17
0,p9921,33,47
0,p9922,4,87
0,p9923,1,54
0,p9924,33,46
0,p9925,1,40
0,p9926,33,87
0,p9927,7,1
0,p9928,19,1
0,p9929,26,1
0,p9930,1,67
0,p9931,43,1
0,p9932,1,14
0,p9933,1,65
0,p9934,1,34
0,p9935,96,23
0,p9936,1,96
0,p9937,92,1
0,p9938,1,44
0,p9939,1,33
0,p9940,83,1
0,p9941,51,36
0,p9942,55,1
0,p9943,1,90
0,p9944,30,29
0,p9945,62,1
0,p9946,79,1
0,p9947,36,1
0,p9948,1,81
0,p9949,1,78
0,p9950,1,79
0,p9951,1,93
0,p9952,1,98
0,p9953,1,94
0,p9954,70,91
0,p9955,40,81
0,p9956,2,35
0,p9957,38,57
0,p9958,7,35
0,p9959,1,58
0,p9960,63,91
0,p9961,1,66
0,p9962,38,1
0,p9963,34,1
0,p9964,1,24
0,p9965,39,1
0,p9966,6,1
0,p9967,1,26
0,p9968,97,96
0,p9969,82,1
0,p9970,98,1
0,p9971,85,1
0,p9972,20,1
0,p9973,52,1
0,p9974,40,1
0,p9975,58,86
0,p9976,49,72
0,p9977,1,92
0,p9978,23,1
0,p9979,1,25
0,p9980,43,17
0,p9981,1,43
0,p9982,51,1
0,p9983,42,49
0,p9984,46,1
0,p9985,1,59
0,p9986,47,1
0,p9987,64,1
0,p9988,67,1
0,p9989,24,55
0,p9990,60,9
0,p9991,27,62
0,p9992,63,1
0,p9993,39,19
0,p9994,63,1
0,p9995,1,16
0,p9996,91,70
0,p9997,35,1
0,p9998,1,20
0,p9999,7,41
