time,id,source,dest
0,p0,1,98
2,p1,23,46
3,p2,1,8
4,p3,1,16
7,p4,13,1
8,p5,1,67
10,p6,35,1
13,p7,31,1
15,p8,1,93
16,p9,42,20
19,p10,29,40
22,p11,96,89
25,p12,1,65
28,p13,17,61
31,p14,36,1
34,p15,81,1
37,p16,1,89
40,p17,1,17
42,p18,87,1
45,p19,86,94
47,p20,63,73
50,p21,1,62
53,p22,1,15
55,p23,58,67
56,p24,1,89
57,p25,38,1
58,p26,1,57
59,p27,90,1
61,p28,84,1
62,p29,79,1
65,p30,37,48
68,p31,65,1
71,p32,8,15
73,p33,73,1
75,p34,1,94
77,p35,59,79
78,p36,1,35
80,p37,84,1
81,p38,75,1
82,p39,1,86
84,p40,1,68
87,p41,1,89
89,p42,6,38
91,p43,84,1
94,p44,45,6
95,p45,8,49
98,p46,96,34
100,p47,1,48
102,p48,1,43
103,p49,1,64
104,p50,48,1
105,p51,1,38
108,p52,18,8
109,p53,24,43
112,p54,1,17
115,p55,31,1
116,p56,34,1
118,p57,1,90
119,p58,80,1
120,p59,63,56
122,p60,1,58
125,p61,80,1
127,p62,34,90
129,p63,66,43
132,p64,14,34
135,p65,1,47
137,p66,85,1
139,p67,19,61
141,p68,65,1
142,p69,1,77
144,p70,42,56
147,p71,1,44
150,p72,56,1
151,p73,5,1
152,p74,70,96
153,p75,30,76
155,p76,58,72
157,p77,79,64
160,p78,63,1
163,p79,1,6
164,p80,88,14
167,p81,33,9
169,p82,1,21
170,p83,1,69
173,p84,3,20
174,p85,1,58
175,p86,1,91
177,p87,84,1
178,p88,1,72
181,p89,1,12
183,p90,1,23
186,p91,76,41
187,p92,18,94
188,p93,32,35
189,p94,87,14
192,p95,87,95
195,p96,95,1
197,p97,9,29
199,p98,81,15
200,p99,73,1
203,p100,44,1
205,p101,1,3
208,p102,1,2
209,p103,99,87
212,p104,1,29
214,p105,53,38
217,p106,26,71
219,p107,66,63
222,p108,2,52
223,p109,1,6
225,p110,42,55
226,p111,1,38
227,p112,89,1
229,p113,6,1
232,p114,81,84
235,p115,69,8
236,p116,96,1
238,p117,30,1
240,p118,89,26
242,p119,1,63
243,p120,10,5
245,p121,78,10
248,p122,1,21
250,p123,1,88
251,p124,6,1
252,p125,1,76
253,p126,18,1
256,p127,56,100
259,p128,1,44
260,p129,13,62
263,p130,82,98
264,p131,76,1
266,p132,58,1
267,p133,70,87
270,p134,1,61
272,p135,51,94
274,p136,1,36
275,p137,37,50
276,p138,28,1
277,p139,17,41
279,p140,23,1
280,p141,1,6
282,p142,1,31
285,p143,93,1
287,p144,86,100
288,p145,13,1
290,p146,82,71
291,p147,13,1
293,p148,45,1
294,p149,1,71
295,p150,1,47
297,p151,1,63
298,p152,1,41
299,p153,26,51
302,p154,1,50
303,p155,21,1
305,p156,54,1
306,p157,1,58
308,p158,1,35
309,p159,1,12
312,p160,11,1
315,p161,91,1
318,p162,74,30
321,p163,75,1
324,p164,73,1
326,p165,37,1
329,p166,64,16
331,p167,19,1
334,p168,32,1
336,p169,94,60
339,p170,88,1
341,p171,46,74
343,p172,1,82
345,p173,1,27
347,p174,65,92
349,p175,39,27
352,p176,1,50
355,p177,64,1
356,p178,69,67
358,p179,1,58
361,p180,3,34
363,p181,47,94
364,p182,39,1
365,p183,40,2
366,p184,73,1
368,p185,20,1
371,p186,1,18
372,p187,1,61
373,p188,8,96
375,p189,91,1
378,p190,40,1
381,p191,70,1
384,p192,34,1
386,p193,1,45
387,p194,44,1
389,p195,1,92
390,p196,2,1
391,p197,80,1
394,p198,36,45
396,p199,1,4
398,p200,1,62
400,p201,1,10
403,p202,1,73
405,p203,59,17
406,p204,31,1
408,p205,38,57
411,p206,1,74
412,p207,68,1
415,p208,1,75
417,p209,90,1
418,p210,91,64
419,p211,1,42
422,p212,1,84
425,p213,1,21
426,p214,77,1
429,p215,5,1
431,p216,16,1
434,p217,65,1
436,p218,73,80
437,p219,1,57
438,p220,61,1
439,p221,16,1
442,p222,6,49
443,p223,70,1
445,p224,32,82
448,p225,19,57
450,p226,66,38
452,p227,26,1
454,p228,25,43
455,p229,4,73
456,p230,1,28
458,p231,71,1
461,p232,28,58
464,p233,43,1
466,p234,23,82
468,p235,1,2
469,p236,1,27
470,p237,1,61
471,p238,1,48
473,p239,100,1
476,p240,80,1
477,p241,1,2
478,p242,1,40
480,p243,25,1
482,p244,85,1
483,p245,97,88
486,p246,8,100
487,p247,68,1
490,p248,81,1
491,p249,1,67
492,p250,93,33
493,p251,80,75
495,p252,66,14
497,p253,21,72
498,p254,34,29
499,p255,20,1
502,p256,73,39
505,p257,64,1
506,p258,19,1
509,p259,1,40
511,p260,67,25
512,p261,1,58
515,p262,1,65
517,p263,81,35
520,p264,84,1
522,p265,64,16
524,p266,59,83
527,p267,3,91
528,p268,8,87
529,p269,1,31
531,p270,95,24
532,p271,76,1
533,p272,81,1
535,p273,27,26
536,p274,37,1
539,p275,1,19
541,p276,6,1
542,p277,1,53
543,p278,93,89
544,p279,52,47
545,p280,1,58
547,p281,1,61
549,p282,43,91
550,p283,79,1
552,p284,57,64
553,p285,1,23
554,p286,4,83
555,p287,1,30
558,p288,60,100
560,p289,1,66
562,p290,1,11
565,p291,42,12
567,p292,1,17
569,p293,81,1
570,p294,1,9
571,p295,93,82
574,p296,3,54
575,p297,54,1
577,p298,1,12
580,p299,1,71
582,p300,23,85
584,p301,1,60
587,p302,1,73
589,p303,12,1
590,p304,94,27
591,p305,1,9
593,p306,25,1
596,p307,63,74
598,p308,1,62
599,p309,85,1
600,p310,91,35
603,p311,69,44
604,p312,78,1
605,p313,94,2
608,p314,89,24
610,p315,8,1
613,p316,64,3
614,p317,1,95
615,p318,44,1
618,p319,1,89
621,p320,1,50
623,p321,13,1
626,p322,1,48
628,p323,19,1
631,p324,44,1
634,p325,1,91
635,p326,38,1
638,p327,54,71
641,p328,79,1
644,p329,1,28
647,p330,43,1
650,p331,1,49
651,p332,1,44
652,p333,3,1
653,p334,36,65
656,p335,89,47
659,p336,84,93
660,p337,1,90
663,p338,1,3
666,p339,28,1
667,p340,93,1
669,p341,1,2
671,p342,1,10
674,p343,1,79
677,p344,53,1
679,p345,1,76
681,p346,1,83
684,p347,66,1
686,p348,1,32
689,p349,73,1
690,p350,1,4
692,p351,1,36
693,p352,4,84
695,p353,43,1
696,p354,1,70
699,p355,49,1
702,p356,1,11
705,p357,1,30
707,p358,12,1
710,p359,1,50
711,p360,18,33
713,p361,56,1
715,p362,15,86
718,p363,29,65
721,p364,1,15
724,p365,1,38
727,p366,82,14
730,p367,92,1
733,p368,81,33
735,p369,67,2
738,p370,96,1
741,p371,65,1
744,p372,1,6
746,p373,1,23
747,p374,19,1
748,p375,16,86
751,p376,64,44
754,p377,21,22
757,p378,7,93
758,p379,100,2
761,p380,5,61
763,p381,54,33
764,p382,18,67
766,p383,10,59
769,p384,32,1
772,p385,45,1
775,p386,51,77
777,p387,66,1
780,p388,1,32
783,p389,81,83
784,p390,96,84
786,p391,60,1
789,p392,16,1
790,p393,17,1
792,p394,30,96
794,p395,42,1
797,p396,1,70
799,p397,21,57
800,p398,1,100
801,p399,64,1
802,p400,1,2
803,p401,56,1
804,p402,53,1
807,p403,90,1
809,p404,77,58
811,p405,15,1
813,p406,1,30
815,p407,85,1
817,p408,1,5
818,p409,1,53
821,p410,1,39
823,p411,59,1
826,p412,72,1
827,p413,53,85
830,p414,29,3
832,p415,1,51
834,p416,56,4
837,p417,97,1
840,p418,19,1
841,p419,1,52
843,p420,22,1
844,p421,1,4
846,p422,35,1
849,p423,1,53
851,p424,1,28
852,p425,20,1
855,p426,64,100
857,p427,68,33
858,p428,1,93
860,p429,77,1
861,p430,1,37
863,p431,50,1
866,p432,1,74
868,p433,1,53
871,p434,34,38
872,p435,24,1
874,p436,1,72
875,p437,1,65
876,p438,99,39
877,p439,21,1
880,p440,1,78
883,p441,93,64
885,p442,1,52
888,p443,45,1
890,p444,32,1
891,p445,19,34
892,p446,36,10
895,p447,28,50
897,p448,79,5
899,p449,17,1
902,p450,81,72
904,p451,2,1
905,p452,1,70
906,p453,2,1
908,p454,16,61
910,p455,1,57
913,p456,1,67
914,p457,9,98
917,p458,75,1
919,p459,60,46
921,p460,1,72
924,p461,1,54
925,p462,10,21
926,p463,57,1
929,p464,1,20
930,p465,63,1
932,p466,95,1
935,p467,45,62
938,p468,1,8
940,p469,1,15
941,p470,81,1
943,p471,71,1
945,p472,78,1
948,p473,61,1
949,p474,60,86
951,p475,40,1
952,p476,33,1
953,p477,94,62
955,p478,1,17
958,p479,51,1
961,p480,34,21
962,p481,61,89
963,p482,100,1
966,p483,54,78
967,p484,45,1
968,p485,87,89
971,p486,74,1
974,p487,1,78
975,p488,9,1
978,p489,1,63
981,p490,83,1
984,p491,44,74
986,p492,1,4
987,p493,45,6
988,p494,1,11
991,p495,75,23
994,p496,81,1
996,p497,92,35
997,p498,86,84
998,p499,51,1
999,p500,1,52
1002,p501,1,35
1004,p502,18,1
1006,p503,1,57
1009,p504,1,60
1010,p505,79,1
1011,p506,35,34
1014,p507,59,16
1017,p508,36,1
1020,p509,1,57
1021,p510,40,1
1022,p511,35,68
1024,p512,1,40
1025,p513,90,9
1026,p514,1,74
1029,p515,1,61
1030,p516,45,1
1031,p517,1,65
1032,p518,1,76
1033,p519,23,1
1034,p520,1,97
1037,p521,22,1
1039,p522,79,32
1040,p523,44,34
1043,p524,50,56
1044,p525,1,46
1045,p526,22,63
1047,p527,68,44
1050,p528,29,96
1053,p529,69,1
1056,p530,85,56
1057,p531,55,1
1058,p532,35,71
1060,p533,1,87
1062,p534,67,47
1064,p535,1,72
1067,p536,4,1
1070,p537,81,74
1073,p538,17,13
1075,p539,37,1
1077,p540,1,84
1079,p541,1,55
1081,p542,55,82
1082,p543,26,1
1084,p544,1,4
1087,p545,97,1
1089,p546,41,1
1090,p547,66,5
1091,p548,15,4
1092,p549,1,24
1093,p550,1,54
1095,p551,21,1
1098,p552,1,25
1101,p553,27,1
1103,p554,79,1
1104,p555,70,99
1106,p556,1,35
1109,p557,47,13
1111,p558,43,1
1113,p559,25,1
1116,p560,1,61
1119,p561,36,4
1121,p562,25,1
1122,p563,23,1
1124,p564,49,1
1127,p565,3,1
1128,p566,54,1
1131,p567,43,1
1132,p568,44,1
1134,p569,60,1
1137,p570,68,33
1138,p571,5,17
1140,p572,40,1
1143,p573,71,1
1146,p574,13,46
1149,p575,1,2
1150,p576,46,1
1152,p577,1,37
1154,p578,32,1
1157,p579,1,90
1158,p580,1,77
1159,p581,86,2
1161,p582,33,8
1163,p583,46,51
1164,p584,1,95
1167,p585,9,15
1168,p586,80,1
1170,p587,1,57
1172,p588,1,12
1175,p589,41,89
1177,p590,1,72
1178,p591,99,1
1180,p592,61,19
1181,p593,1,75
1184,p594,2,1
1186,p595,1,60
1189,p596,1,19
1192,p597,10,1
1194,p598,20,68
1195,p599,35,37
1196,p600,30,3
1198,p601,36,83
1201,p602,80,1
1202,p603,1,60
1205,p604,90,1
1208,p605,98,1
1210,p606,95,24
1211,p607,55,1
1214,p608,1,96
1217,p609,77,1
1218,p610,1,76
1220,p611,85,1
1221,p612,14,1
1224,p613,1,18
1227,p614,76,60
1229,p615,1,4
1231,p616,80,1
1232,p617,1,98
1235,p618,18,1
1238,p619,1,12
1240,p620,14,1
1242,p621,62,1
1245,p622,41,1
1246,p623,90,49
1249,p624,53,82
1251,p625,73,38
1253,p626,30,58
1256,p627,71,1
1258,p628,1,12
1259,p629,82,1
1262,p630,84,100
1264,p631,36,1
1265,p632,58,54
1266,p633,1,82
1268,p634,1,42
1270,p635,1,28
1271,p636,97,1
1272,p637,1,56
1274,p638,49,18
1277,p639,85,1
1279,p640,52,59
1281,p641,1,18
1282,p642,40,1
1284,p643,8,54
1285,p644,32,1
1287,p645,40,84
1289,p646,24,27
1291,p647,1,11
1294,p648,1,89
1295,p649,1,83
1298,p650,80,7
1299,p651,15,100
1301,p652,46,11
1302,p653,3,94
1305,p654,8,67
1308,p655,61,1
1311,p656,55,3
1313,p657,74,35
1316,p658,35,1
1319,p659,1,62
1322,p660,33,47
1325,p661,63,1
1326,p662,85,44
1328,p663,76,1
1330,p664,1,12
1331,p665,1,16
1333,p666,15,60
1335,p667,12,1
1338,p668,1,97
1339,p669,73,63
1341,p670,1,53
1343,p671,22,91
1344,p672,1,3
1345,p673,1,10
1346,p674,40,1
1348,p675,1,76
1350,p676,48,52
1353,p677,11,36
1356,p678,1,44
1357,p679,1,78
1359,p680,82,1
1362,p681,22,1
1364,p682,1,43
1365,p683,25,77
1366,p684,86,55
1367,p685,17,1
1368,p686,94,34
1370,p687,1,62
1371,p688,87,1
1373,p689,1,87
1376,p690,1,29
1378,p691,86,1
1379,p692,1,57
1382,p693,74,1
1383,p694,2,3
1386,p695,49,68
1387,p696,56,82
1390,p697,20,42
1392,p698,1,90
1393,p699,79,38
1395,p700,1,75
1397,p701,93,28
1398,p702,1,47
1401,p703,1,96
1402,p704,35,41
1405,p705,1,60
1406,p706,23,1
1409,p707,72,1
1411,p708,18,65
1412,p709,1,71
1414,p710,96,35
1416,p711,1,5
1417,p712,1,55
1418,p713,36,1
1421,p714,7,1
1423,p715,77,98
1426,p716,80,37
1428,p717,12,1
1430,p718,39,1
1432,p719,1,88
1434,p720,1,99
1435,p721,62,66
1436,p722,21,1
1437,p723,48,68
1440,p724,24,1
1443,p725,97,1
1446,p726,48,1
1447,p727,89,1
1448,p728,1,75
1450,p729,51,17
1453,p730,30,1
1455,p731,10,1
1457,p732,6,1
1458,p733,29,1
1461,p734,86,66
1464,p735,37,4
1465,p736,89,1
1468,p737,1,95
1470,p738,1,97
1473,p739,53,1
1474,p740,70,1
1475,p741,95,27
1478,p742,1,4
1481,p743,70,66
1483,p744,1,92
1485,p745,1,84
1486,p746,1,97
1489,p747,82,1
1492,p748,41,1
1494,p749,1,64
1496,p750,99,100
1499,p751,79,49
1501,p752,1,100
1503,p753,1,90
1505,p754,65,84
1507,p755,1,54
1509,p756,1,87
1511,p757,1,18
1514,p758,61,1
1515,p759,1,52
1518,p760,6,56
1520,p761,1,38
1523,p762,48,1
1525,p763,88,1
1526,p764,1,32
1529,p765,1,62
1531,p766,1,68
1534,p767,50,1
1537,p768,16,1
1540,p769,98,55
1543,p770,84,62
1545,p771,1,8
1546,p772,3,33
1549,p773,99,56
1551,p774,24,1
1553,p775,93,94
1554,p776,44,1
1556,p777,1,78
1557,p778,84,1
1559,p779,1,29
1562,p780,61,1
1564,p781,13,44
1566,p782,93,1
1568,p783,49,1
1569,p784,40,1
1570,p785,1,5
1573,p786,95,14
1575,p787,44,1
1576,p788,29,21
1579,p789,1,62
1582,p790,80,1
1585,p791,25,34
1588,p792,22,88
1589,p793,50,40
1590,p794,48,71
1593,p795,69,15
1596,p796,1,30
1598,p797,1,46
1600,p798,53,19
1602,p799,1,83
1603,p800,31,1
1604,p801,1,11
1607,p802,1,43
1608,p803,61,1
1609,p804,8,40
1610,p805,30,1
1613,p806,1,96
1616,p807,1,7
1618,p808,1,88
1619,p809,96,83
1621,p810,95,10
1623,p811,39,3
1624,p812,1,86
1627,p813,1,89
1629,p814,10,1
1630,p815,94,1
1632,p816,1,60
1635,p817,1,80
1638,p818,1,39
1639,p819,73,81
1640,p820,1,29
1641,p821,2,1
1644,p822,89,1
1646,p823,50,46
1647,p824,27,30
1650,p825,95,1
1651,p826,11,6
1654,p827,1,63
1655,p828,9,74
1657,p829,30,73
1660,p830,87,90
1663,p831,38,53
1664,p832,95,12
1665,p833,51,91
1666,p834,82,53
1669,p835,69,1
1670,p836,44,54
1672,p837,31,97
1674,p838,1,49
1677,p839,36,18
1678,p840,15,1
1679,p841,94,61
1682,p842,62,55
1685,p843,2,48
1687,p844,17,1
1688,p845,51,1
1689,p846,44,26
1690,p847,20,63
1693,p848,5,58
1696,p849,77,1
1697,p850,17,57
1699,p851,1,59
1700,p852,1,20
1703,p853,66,13
1705,p854,59,65
1707,p855,64,1
1708,p856,35,38
1710,p857,93,1
1711,p858,1,17
1714,p859,55,1
1717,p860,64,13
1718,p861,1,9
1719,p862,94,1
1722,p863,1,76
1725,p864,12,65
1726,p865,1,46
1728,p866,42,12
1731,p867,16,1
1732,p868,1,40
1734,p869,96,1
1735,p870,35,41
1736,p871,91,1
1737,p872,26,1
1740,p873,1,14
1741,p874,22,59
1744,p875,56,98
1747,p876,38,27
1748,p877,5,26
1750,p878,3,1
1751,p879,1,12
1752,p880,33,71
1754,p881,1,64
1757,p882,73,1
1759,p883,39,81
1760,p884,17,34
1763,p885,99,1
1764,p886,67,29
1765,p887,1,67
1768,p888,22,1
1771,p889,50,1
1773,p890,1,83
1776,p891,2,1
1778,p892,93,1
1779,p893,42,83
1780,p894,1,50
1781,p895,73,79
1782,p896,64,1
1785,p897,28,51
1787,p898,1,41
1789,p899,1,100
1790,p900,72,99
1791,p901,2,1
1792,p902,27,87
1794,p903,59,1
1796,p904,1,19
1799,p905,14,1
1801,p906,44,2
1804,p907,42,61
1805,p908,1,73
1808,p909,13,1
1811,p910,44,34
1814,p911,1,87
1816,p912,31,1
1817,p913,7,75
1818,p914,16,1
1821,p915,1,16
1824,p916,86,95
1825,p917,20,1
1827,p918,51,42
1830,p919,44,1
1832,p920,1,57
1834,p921,13,1
1835,p922,75,82
1836,p923,70,1
1838,p924,99,1
1841,p925,1,79
1842,p926,1,88
1843,p927,50,1
1844,p928,26,1
1847,p929,60,1
1850,p930,1,90
1852,p931,2,23
1854,p932,34,1
1856,p933,62,1
1857,p934,39,48
1860,p935,11,22
1863,p936,94,1
1864,p937,65,14
1865,p938,1,59
1867,p939,19,1
1870,p940,16,81
1872,p941,1,7
1875,p942,91,1
1878,p943,1,83
1881,p944,53,1
1883,p945,1,75
1884,p946,3,40
1886,p947,71,3
1888,p948,54,34
1891,p949,50,1
1893,p950,88,49
1894,p951,34,16
1896,p952,85,46
1897,p953,2,44
1899,p954,71,1
1901,p955,2,1
1904,p956,50,57
1905,p957,51,14
1906,p958,23,99
1908,p959,1,71
1910,p960,32,15
1912,p961,1,68
1915,p962,21,90
1916,p963,57,100
1918,p964,57,1
1919,p965,16,97
1921,p966,1,51
1923,p967,1,91
1924,p968,1,45
1925,p969,57,18
1927,p970,14,82
1930,p971,1,43
1933,p972,1,63
1935,p973,1,33
1938,p974,11,51
1939,p975,1,79
1941,p976,27,1
1943,p977,27,61
1945,p978,1,78
1948,p979,72,1
1951,p980,11,1
1954,p981,10,1
1957,p982,1,18
1960,p983,8,1
1962,p984,73,3
1965,p985,1,32
1966,p986,84,57
1969,p987,88,56
1971,p988,21,90
1974,p989,5,1
1975,p990,82,93
1978,p991,1,56
1979,p992,1,96
1982,p993,98,77
1985,p994,86,1
1988,p995,29,69
1991,p996,1,33
1994,p997,1,30
1996,p998,74,38
1997,p999,94,81
1998,p1000,41,1
2000,p1001,90,46
2002,p1002,1,50
2004,p1003,8,15
2005,p1004,41,1
2006,p1005,56,1
2009,p1006,1,13
2010,p1007,82,19
2013,p1008,1,95
2016,p1009,1,55
2019,p1010,90,1
2022,p1011,48,1
2023,p1012,24,6
2026,p1013,1,31
2027,p1014,1,65
2030,p1015,1,95
2033,p1016,48,1
2035,p1017,1,100
2036,p1018,1,7
2037,p1019,76,1
2038,p1020,1,22
2039,p1021,8,1
2042,p1022,1,28
2045,p1023,1,72
2047,p1024,1,83
2049,p1025,86,1
2052,p1026,1,79
2053,p1027,80,1
2055,p1028,1,33
2056,p1029,96,1
2058,p1030,1,20
2060,p1031,22,1
2061,p1032,38,33
2064,p1033,84,21
2065,p1034,1,15
2067,p1035,19,1
2069,p1036,78,7
2070,p1037,42,55
2071,p1038,82,3
2072,p1039,86,1
2075,p1040,49,41
2076,p1041,1,51
2078,p1042,1,75
2079,p1043,51,1
2082,p1044,1,37
2084,p1045,1,89
2085,p1046,15,1
2086,p1047,78,1
2087,p1048,19,1
2089,p1049,22,32
2090,p1050,1,4
2093,p1051,79,1
2094,p1052,84,98
2096,p1053,90,1
2098,p1054,94,14
2101,p1055,60,1
2103,p1056,1,56
2104,p1057,100,1
2106,p1058,1,72
2109,p1059,86,1
2112,p1060,56,1
2113,p1061,51,16
2115,p1062,1,82
2118,p1063,64,1
2120,p1064,1,53
2123,p1065,84,1
2125,p1066,39,34
2126,p1067,51,99
2129,p1068,73,1
2131,p1069,1,76
2133,p1070,1,79
2136,p1071,77,1
2138,p1072,1,2
2141,p1073,58,1
2142,p1074,94,1
2145,p1075,1,31
2147,p1076,56,72
2150,p1077,46,1
2153,p1078,20,1
2156,p1079,64,1
2158,p1080,42,1
2161,p1081,1,22
2162,p1082,7,1
2164,p1083,1,30
2165,p1084,73,100
2168,p1085,22,1
2169,p1086,26,1
2170,p1087,1,5
2173,p1088,1,76
2176,p1089,42,46
2177,p1090,43,1
2179,p1091,6,1
2180,p1092,27,1
2182,p1093,16,74
2183,p1094,1,76
2186,p1095,21,26
2188,p1096,63,24
2191,p1097,78,1
2192,p1098,80,1
2193,p1099,1,92
2195,p1100,41,88
2197,p1101,47,1
2200,p1102,18,1
2201,p1103,1,96
2204,p1104,1,92
2207,p1105,35,1
2210,p1106,12,1
2211,p1107,54,1
2213,p1108,25,31
2216,p1109,7,73
2218,p1110,1,100
2220,p1111,1,44
2222,p1112,95,75
2224,p1113,50,40
2226,p1114,47,1
2227,p1115,5,67
2228,p1116,1,68
2231,p1117,1,46
2232,p1118,1,34
2233,p1119,8,34
2236,p1120,1,20
2238,p1121,1,10
2239,p1122,57,8
2242,p1123,1,34
2243,p1124,1,90
2246,p1125,1,69
2248,p1126,22,86
2249,p1127,91,83
2252,p1128,55,82
2255,p1129,32,56
2256,p1130,1,97
2258,p1131,76,41
2259,p1132,21,18
2260,p1133,29,1
2263,p1134,1,21
2265,p1135,1,15
2267,p1136,4,20
2270,p1137,1,87
2273,p1138,77,1
2274,p1139,42,1
2277,p1140,20,33
2279,p1141,86,1
2280,p1142,1,87
2281,p1143,1,8
2284,p1144,10,26
2286,p1145,98,6
2288,p1146,24,1
2289,p1147,56,1
2292,p1148,100,15
2295,p1149,25,31
2296,p1150,33,1
2298,p1151,1,45
2299,p1152,68,1
2302,p1153,1,8
2304,p1154,37,1
2306,p1155,1,77
2309,p1156,93,71
2311,p1157,29,17
2314,p1158,31,75
2317,p1159,3,1
2318,p1160,41,1
2319,p1161,9,1
2320,p1162,71,78
2323,p1163,24,1
2324,p1164,62,23
2325,p1165,1,26
2326,p1166,73,1
2327,p1167,1,27
2329,p1168,65,1
2330,p1169,48,1
2333,p1170,12,1
2336,p1171,85,61
2338,p1172,86,1
2339,p1173,1,9
2340,p1174,1,52
2343,p1175,37,26
2346,p1176,92,1
2347,p1177,1,38
2350,p1178,49,100
2352,p1179,56,1
2354,p1180,67,13
2356,p1181,82,6
2358,p1182,1,83
2361,p1183,62,8
2362,p1184,6,1
2364,p1185,1,79
2367,p1186,1,40
2369,p1187,43,1
2371,p1188,39,1
2372,p1189,83,70
2373,p1190,1,20
2374,p1191,38,100
2376,p1192,94,76
2379,p1193,1,28
2382,p1194,41,42
2384,p1195,1,55
2385,p1196,15,28
2386,p1197,4,68
2388,p1198,40,1
2389,p1199,1,86
2392,p1200,89,82
2393,p1201,68,1
2396,p1202,1,8
2397,p1203,18,1
2399,p1204,57,42
2402,p1205,25,4
2405,p1206,67,1
2407,p1207,66,46
2409,p1208,64,5
2411,p1209,9,64
2414,p1210,64,29
2416,p1211,81,1
2419,p1212,48,52
2420,p1213,79,1
2422,p1214,68,1
2424,p1215,57,35
2425,p1216,1,48
2427,p1217,61,63
2430,p1218,1,94
2433,p1219,73,96
2436,p1220,53,1
2439,p1221,92,1
2441,p1222,66,87
2444,p1223,1,82
2447,p1224,1,76
2448,p1225,51,54
2450,p1226,5,1
2451,p1227,1,92
2452,p1228,1,23
2453,p1229,78,38
2454,p1230,91,1
2457,p1231,1,77
2458,p1232,71,7
2461,p1233,89,6
2463,p1234,1,52
2466,p1235,1,94
2469,p1236,54,1
2470,p1237,90,64
2472,p1238,1,83
2475,p1239,1,93
2476,p1240,1,2
2478,p1241,54,1
2480,p1242,77,1
2483,p1243,1,26
2484,p1244,1,58
2486,p1245,3,67
2487,p1246,1,43
2490,p1247,81,1
2493,p1248,1,40
2495,p1249,74,1
2498,p1250,21,81
2499,p1251,1,48
2500,p1252,81,1
2502,p1253,84,1
2504,p1254,46,80
2506,p1255,1,71
2508,p1256,1,7
2511,p1257,88,47
2514,p1258,82,1
2517,p1259,46,1
2520,p1260,94,51
2523,p1261,73,67
2526,p1262,6,1
2528,p1263,3,1
2529,p1264,87,61
2532,p1265,1,79
2533,p1266,1,10
2534,p1267,47,1
2537,p1268,1,71
2540,p1269,26,1
2542,p1270,33,1
2544,p1271,88,93
2545,p1272,14,1
2546,p1273,1,82
2547,p1274,19,1
2550,p1275,22,52
2553,p1276,1,73
2555,p1277,42,1
2556,p1278,35,32
2558,p1279,89,16
2559,p1280,64,18
2562,p1281,98,1
2565,p1282,31,1
2568,p1283,1,7
2570,p1284,1,77
2573,p1285,92,1
2574,p1286,99,1
2575,p1287,57,5
2576,p1288,53,71
2578,p1289,93,1
2580,p1290,1,56
2582,p1291,5,1
2583,p1292,36,1
2584,p1293,1,39
2587,p1294,1,23
2590,p1295,86,1
2593,p1296,84,66
2595,p1297,54,19
2597,p1298,66,1
2600,p1299,48,7
2602,p1300,3,9
2604,p1301,1,34
2607,p1302,39,1
2608,p1303,6,90
2610,p1304,72,88
2613,p1305,1,91
2616,p1306,63,1
2619,p1307,21,99
2620,p1308,1,95
2621,p1309,1,98
2624,p1310,51,1
2625,p1311,1,36
2628,p1312,1,2
2629,p1313,1,58
2630,p1314,61,13
2633,p1315,55,79
2635,p1316,22,1
2638,p1317,1,18
2640,p1318,1,7
2643,p1319,1,82
2645,p1320,28,12
2647,p1321,1,23
2649,p1322,1,92
2650,p1323,17,1
2653,p1324,90,1
2655,p1325,1,92
2656,p1326,27,68
2658,p1327,13,1
2660,p1328,67,28
2663,p1329,1,68
2665,p1330,14,1
2667,p1331,96,1
2670,p1332,56,1
2673,p1333,20,1
2676,p1334,10,63
2679,p1335,1,31
2680,p1336,1,41
2682,p1337,1,37
2683,p1338,82,17
2684,p1339,37,20
2685,p1340,1,87
2686,p1341,1,34
2688,p1342,21,1
2690,p1343,8,1
2692,p1344,42,82
2695,p1345,36,1
2698,p1346,1,6
2699,p1347,1,15
2702,p1348,1,3
2704,p1349,50,1
2707,p1350,83,62
2709,p1351,48,1
2712,p1352,10,1
2713,p1353,1,64
2715,p1354,82,15
2717,p1355,1,41
2719,p1356,1,92
2722,p1357,1,34
2725,p1358,18,1
2726,p1359,51,86
2728,p1360,1,72
2729,p1361,100,1
2732,p1362,45,71
2734,p1363,87,88
2736,p1364,9,1
2737,p1365,1,2
2740,p1366,7,27
2743,p1367,1,16
2745,p1368,20,29
2746,p1369,1,96
2747,p1370,1,9
2749,p1371,1,51
2750,p1372,1,51
2752,p1373,1,16
2754,p1374,24,1
2756,p1375,69,1
2757,p1376,59,1
2758,p1377,1,80
2761,p1378,1,81
2763,p1379,90,1
2764,p1380,89,97
2766,p1381,86,22
2769,p1382,77,1
2771,p1383,6,1
2773,p1384,6,1
2776,p1385,95,1
2779,p1386,1,97
2782,p1387,94,1
2785,p1388,1,81
2787,p1389,1,7
2790,p1390,43,14
2793,p1391,16,56
2796,p1392,20,96
2799,p1393,1,97
2801,p1394,34,44
2802,p1395,1,92
2804,p1396,96,49
2807,p1397,80,51
2809,p1398,1,15
2812,p1399,56,1
2814,p1400,41,64
2817,p1401,79,78
2819,p1402,39,40
2822,p1403,25,1
2824,p1404,1,50
2825,p1405,14,1
2828,p1406,1,93
2829,p1407,15,97
2830,p1408,4,93
2832,p1409,43,1
2833,p1410,99,21
2834,p1411,63,96
2835,p1412,15,43
2837,p1413,1,35
2839,p1414,78,87
2842,p1415,1,30
2845,p1416,1,81
2847,p1417,1,41
2849,p1418,10,1
2852,p1419,24,1
2854,p1420,1,22
2856,p1421,53,1
2859,p1422,67,1
2860,p1423,1,43
2862,p1424,1,81
2864,p1425,35,1
2866,p1426,28,1
2867,p1427,1,63
2870,p1428,35,1
2873,p1429,1,45
2876,p1430,99,1
2877,p1431,86,53
2879,p1432,31,1
2882,p1433,43,1
2884,p1434,1,31
2885,p1435,15,36
2887,p1436,1,84
2890,p1437,1,45
2892,p1438,1,95
2893,p1439,45,69
2896,p1440,1,14
2898,p1441,1,65
2899,p1442,1,80
2900,p1443,88,50
2902,p1444,1,21
2903,p1445,7,1
2904,p1446,1,99
2905,p1447,1,39
2908,p1448,1,71
2911,p1449,1,83
2914,p1450,1,96
2917,p1451,1,98
2919,p1452,1,38
2920,p1453,1,20
2921,p1454,50,2
2923,p1455,44,1
2926,p1456,43,1
2928,p1457,27,1
2931,p1458,1,62
2933,p1459,31,57
2935,p1460,47,1
2936,p1461,36,1
2938,p1462,92,1
2941,p1463,1,72
2942,p1464,1,63
2944,p1465,1,10
2945,p1466,1,21
2947,p1467,35,64
2950,p1468,50,1
2951,p1469,80,1
2954,p1470,9,46
2955,p1471,1,40
2958,p1472,1,26
2960,p1473,44,1
2961,p1474,88,61
2962,p1475,1,92
2964,p1476,1,9
2967,p1477,1,69
2968,p1478,1,25
2970,p1479,1,54
2971,p1480,26,57
2973,p1481,1,62
2975,p1482,95,1
2976,p1483,1,43
2977,p1484,87,1
2980,p1485,28,1
2983,p1486,1,39
2985,p1487,26,93
2987,p1488,1,62
2989,p1489,1,5
2992,p1490,1,29
2993,p1491,9,1
2996,p1492,1,9
2997,p1493,1,38
2999,p1494,71,18
3000,p1495,1,48
3002,p1496,76,94
3005,p1497,91,26
3006,p1498,29,16
3007,p1499,38,81
3008,p1500,21,1
3009,p1501,56,1
3012,p1502,51,24
3015,p1503,1,56
3017,p1504,30,1
3020,p1505,29,1
3022,p1506,36,82
3024,p1507,65,1
3027,p1508,37,65
3029,p1509,1,3
3032,p1510,39,52
3035,p1511,1,75
3038,p1512,1,21
3040,p1513,49,27
3042,p1514,46,1
3044,p1515,22,51
3046,p1516,78,1
3049,p1517,1,34
3051,p1518,1,10
3052,p1519,91,1
3055,p1520,1,57
3056,p1521,46,1
3057,p1522,40,100
3059,p1523,35,1
3061,p1524,60,1
3064,p1525,34,1
3067,p1526,13,1
3070,p1527,37,1
3073,p1528,45,1
3074,p1529,43,1
3076,p1530,77,96
3079,p1531,42,24
3081,p1532,14,36
3084,p1533,1,92
3087,p1534,68,1
3088,p1535,1,33
3091,p1536,56,1
3094,p1537,97,55
3097,p1538,21,1
3099,p1539,62,76
3100,p1540,53,97
3103,p1541,7,1
3104,p1542,94,60
3106,p1543,36,1
3108,p1544,1,37
3111,p1545,36,1
3112,p1546,15,1
3115,p1547,1,93
3117,p1548,84,57
3120,p1549,63,1
3121,p1550,1,93
3123,p1551,83,3
3126,p1552,1,85
3128,p1553,68,1
3131,p1554,1,65
3132,p1555,38,77
3133,p1556,21,1
3135,p1557,100,75
3137,p1558,36,1
3138,p1559,86,1
3141,p1560,75,1
3142,p1561,1,71
3145,p1562,70,1
3148,p1563,1,18
3149,p1564,1,72
3150,p1565,3,45
3152,p1566,79,1
3155,p1567,90,1
3157,p1568,81,1
3160,p1569,61,85
3161,p1570,80,1
3164,p1571,1,44
3165,p1572,1,31
3168,p1573,72,1
3169,p1574,50,1
3172,p1575,1,4
3173,p1576,67,1
3176,p1577,55,1
3177,p1578,54,1
3180,p1579,40,70
3181,p1580,1,90
3183,p1581,47,40
3184,p1582,1,32
3185,p1583,1,61
3188,p1584,1,31
3191,p1585,1,22
3193,p1586,46,88
3194,p1587,1,41
3195,p1588,42,11
3197,p1589,76,1
3199,p1590,70,1
3201,p1591,1,94
3204,p1592,45,1
3205,p1593,20,88
3207,p1594,72,1
3210,p1595,9,1
3212,p1596,83,71
3215,p1597,9,1
3218,p1598,1,11
3219,p1599,58,1
3221,p1600,24,33
3222,p1601,100,1
3223,p1602,1,92
3224,p1603,1,81
3225,p1604,42,1
3227,p1605,40,1
3228,p1606,1,25
3230,p1607,68,33
3231,p1608,58,84
3232,p1609,1,87
3233,p1610,67,51
3234,p1611,1,73
3237,p1612,1,63
3238,p1613,68,1
3239,p1614,1,49
3242,p1615,1,89
3244,p1616,1,21
3245,p1617,97,1
3247,p1618,58,15
3249,p1619,34,1
3251,p1620,56,65
3253,p1621,1,58
3256,p1622,51,75
3257,p1623,40,22
3260,p1624,50,1
3263,p1625,76,46
3266,p1626,69,1
3269,p1627,1,86
3271,p1628,67,1
3273,p1629,1,60
3275,p1630,28,73
3276,p1631,82,1
3278,p1632,33,83
3280,p1633,1,16
3281,p1634,80,72
3284,p1635,28,34
3285,p1636,17,1
3287,p1637,82,1
3290,p1638,67,1
3291,p1639,42,1
3294,p1640,16,36
3296,p1641,59,16
3298,p1642,49,98
3300,p1643,52,49
3301,p1644,35,1
3304,p1645,69,1
3305,p1646,88,94
3306,p1647,1,11
3308,p1648,88,66
3310,p1649,27,80
3312,p1650,62,71
3315,p1651,39,1
3317,p1652,73,61
3318,p1653,95,1
3321,p1654,3,42
3323,p1655,99,1
3326,p1656,53,57
3328,p1657,58,68
3330,p1658,4,96
3331,p1659,61,12
3333,p1660,12,41
3336,p1661,82,15
3339,p1662,54,20
3342,p1663,4,61
3345,p1664,1,49
3346,p1665,94,1
3348,p1666,9,1
3350,p1667,17,13
3352,p1668,1,10
3353,p1669,1,96
3356,p1670,1,57
3359,p1671,44,1
3362,p1672,13,1
3365,p1673,36,1
3368,p1674,29,61
3369,p1675,97,5
3370,p1676,85,49
3371,p1677,68,89
3373,p1678,9,1
3375,p1679,1,66
3377,p1680,55,1
3378,p1681,80,86
3379,p1682,94,66
3382,p1683,48,3
3383,p1684,1,18
3385,p1685,82,1
3387,p1686,35,83
3389,p1687,1,19
3391,p1688,1,22
3393,p1689,1,6
3395,p1690,1,63
3397,p1691,59,1
3398,p1692,65,87
3399,p1693,1,18
3401,p1694,39,93
3404,p1695,39,59
3406,p1696,1,80
3407,p1697,1,2
3410,p1698,31,1
3412,p1699,6,1
3413,p1700,84,1
3416,p1701,64,1
3419,p1702,1,41
3421,p1703,75,71
3424,p1704,50,1
3427,p1705,1,64
3430,p1706,1,3
3432,p1707,1,43
3433,p1708,20,1
3435,p1709,4,63
3436,p1710,8,75
3437,p1711,92,26
3439,p1712,91,3
3440,p1713,54,92
3441,p1714,70,75
3444,p1715,1,67
3446,p1716,1,78
3447,p1717,90,79
3450,p1718,1,60
3452,p1719,86,1
3455,p1720,37,1
3456,p1721,40,83
3458,p1722,68,1
3459,p1723,85,1
3461,p1724,1,28
3464,p1725,65,50
3466,p1726,34,88
3467,p1727,85,1
3468,p1728,54,1
3470,p1729,82,1
3471,p1730,2,1
3473,p1731,1,89
3476,p1732,73,1
3477,p1733,36,65
3480,p1734,1,64
3482,p1735,37,1
3484,p1736,72,85
3486,p1737,1,5
3489,p1738,48,10
3491,p1739,1,82
3494,p1740,1,21
3495,p1741,85,94
3497,p1742,1,14
3499,p1743,1,31
3502,p1744,1,93
3505,p1745,74,39
3506,p1746,19,2
3509,p1747,95,1
3510,p1748,1,81
3512,p1749,1,39
3513,p1750,1,55
3515,p1751,37,1
3517,p1752,98,75
3520,p1753,1,79
3522,p1754,1,19
3523,p1755,1,47
3524,p1756,94,53
3525,p1757,39,98
3526,p1758,1,82
3528,p1759,59,1
3531,p1760,1,56
3532,p1761,56,76
3535,p1762,9,1
3537,p1763,1,10
3540,p1764,9,51
3543,p1765,1,45
3545,p1766,10,6
3546,p1767,1,56
3549,p1768,1,71
3550,p1769,97,57
3551,p1770,12,1
3554,p1771,58,87
3556,p1772,10,70
3558,p1773,13,49
3559,p1774,1,31
3562,p1775,20,3
3565,p1776,1,54
3566,p1777,2,20
3569,p1778,28,1
3571,p1779,6,1
3572,p1780,1,74
3574,p1781,1,100
3577,p1782,97,51
3578,p1783,73,3
3580,p1784,79,1
3582,p1785,44,1
3583,p1786,32,1
3586,p1787,1,3
3587,p1788,1,30
3588,p1789,93,1
3590,p1790,2,1
3591,p1791,23,1
3592,p1792,1,39
3595,p1793,47,31
3598,p1794,97,1
3601,p1795,16,84
3602,p1796,1,19
3605,p1797,1,48
3608,p1798,16,34
3609,p1799,39,1
3612,p1800,1,55
3615,p1801,1,11
3617,p1802,43,1
3620,p1803,3,1
3621,p1804,1,21
3622,p1805,58,1
3624,p1806,82,1
3625,p1807,1,7
3626,p1808,1,9
3629,p1809,1,56
3631,p1810,77,1
3633,p1811,99,1
3634,p1812,1,85
3636,p1813,81,34
3637,p1814,26,1
3638,p1815,19,1
3640,p1816,1,2
3642,p1817,1,6
3645,p1818,4,1
3648,p1819,47,78
3649,p1820,20,1
3651,p1821,1,72
3652,p1822,28,1
3653,p1823,1,13
3655,p1824,92,13
3656,p1825,1,90
3658,p1826,7,1
3660,p1827,1,87
3663,p1828,1,86
3666,p1829,63,1
3668,p1830,84,56
3671,p1831,60,1
3673,p1832,27,1
3676,p1833,1,24
3677,p1834,69,60
3678,p1835,1,92
3680,p1836,29,1
3681,p1837,96,1
3682,p1838,17,30
3684,p1839,14,1
3687,p1840,1,54
3690,p1841,1,79
3693,p1842,1,82
3694,p1843,27,72
3696,p1844,86,85
3699,p1845,1,47
3701,p1846,79,67
3703,p1847,53,1
3704,p1848,16,1
3705,p1849,34,50
3706,p1850,1,40
3707,p1851,32,1
3710,p1852,100,1
3711,p1853,12,1
3714,p1854,71,1
3716,p1855,1,32
3718,p1856,56,47
3720,p1857,88,1
3722,p1858,96,86
3724,p1859,80,1
3727,p1860,1,57
3728,p1861,67,1
3730,p1862,81,85
3733,p1863,79,8
3736,p1864,1,20
3737,p1865,95,1
3739,p1866,59,1
3742,p1867,47,28
3744,p1868,86,42
3745,p1869,1,5
3747,p1870,1,68
3750,p1871,7,1
3751,p1872,1,72
3754,p1873,82,1
3756,p1874,27,1
3759,p1875,36,27
3760,p1876,75,12
3763,p1877,1,57
3765,p1878,1,28
3766,p1879,51,1
3768,p1880,41,71
3769,p1881,1,67
3772,p1882,97,1
3773,p1883,41,99
3776,p1884,8,1
3777,p1885,1,37
3780,p1886,77,59
3783,p1887,1,45
3786,p1888,1,55
3787,p1889,90,72
3788,p1890,16,26
3789,p1891,6,1
3792,p1892,1,89
3795,p1893,88,1
3798,p1894,89,1
3801,p1895,73,43
3803,p1896,95,1
3806,p1897,32,69
3807,p1898,1,49
3810,p1899,31,1
3812,p1900,1,55
3814,p1901,1,50
3817,p1902,1,11
3819,p1903,1,28
3820,p1904,51,38
3822,p1905,1,91
3823,p1906,77,1
3825,p1907,33,67
3826,p1908,41,1
3827,p1909,12,41
3830,p1910,13,1
3832,p1911,1,51
3834,p1912,12,8
3835,p1913,1,37
3838,p1914,56,1
3841,p1915,62,1
3844,p1916,49,1
3847,p1917,1,86
3849,p1918,94,25
3850,p1919,65,1
3853,p1920,1,14
3854,p1921,58,1
3855,p1922,1,68
3856,p1923,1,23
3859,p1924,76,1
3861,p1925,51,1
3862,p1926,1,48
3865,p1927,71,1
3866,p1928,97,88
3868,p1929,1,82
3869,p1930,47,1
3871,p1931,50,1
3874,p1932,1,79
3876,p1933,34,41
3879,p1934,53,1
3881,p1935,1,63
3883,p1936,63,1
3886,p1937,72,1
3889,p1938,92,41
3890,p1939,47,81
3891,p1940,1,48
3893,p1941,70,1
3895,p1942,1,69
3898,p1943,72,68
3901,p1944,25,96
3904,p1945,50,23
3905,p1946,16,44
3906,p1947,1,77
3909,p1948,58,14
3912,p1949,56,88
3914,p1950,95,93
3917,p1951,100,40
3918,p1952,43,1
3919,p1953,18,1
3921,p1954,48,20
3924,p1955,41,22
3926,p1956,30,1
3928,p1957,25,1
3929,p1958,48,1
3932,p1959,13,1
3933,p1960,15,1
3934,p1961,32,82
3936,p1962,17,1
3937,p1963,54,1
3938,p1964,18,1
3941,p1965,100,1
3944,p1966,4,1
3946,p1967,62,59
3948,p1968,1,52
3949,p1969,81,1
3952,p1970,17,1
3953,p1971,95,1
3956,p1972,9,31
3957,p1973,1,98
3958,p1974,7,2
3959,p1975,19,1
3962,p1976,1,77
3964,p1977,59,42
3965,p1978,67,1
3967,p1979,1,67
3969,p1980,16,66
3972,p1981,7,1
3974,p1982,1,94
3977,p1983,1,56
3979,p1984,32,1
3980,p1985,1,86
3983,p1986,4,1
3985,p1987,99,1
3986,p1988,23,1
3987,p1989,69,1
3990,p1990,19,1
3991,p1991,25,56
3993,p1992,1,41
3994,p1993,88,45
3996,p1994,2,1
3998,p1995,27,15
4000,p1996,40,31
4001,p1997,10,1
4004,p1998,1,87
4007,p1999,1,62
4008,p2000,84,1
4011,p2001,36,1
4014,p2002,1,100
4017,p2003,89,1
4020,p2004,19,1
4022,p2005,66,35
4023,p2006,33,1
4026,p2007,83,1
4027,p2008,100,1
4028,p2009,1,95
4030,p2010,45,74
4032,p2011,85,66
4034,p2012,77,24
4035,p2013,86,91
4038,p2014,1,52
4040,p2015,5,61
4043,p2016,1,75
4046,p2017,1,2
4047,p2018,1,63
4049,p2019,1,71
4051,p2020,83,22
4053,p2021,1,43
4055,p2022,13,1
4056,p2023,5,1
4059,p2024,11,89
4061,p2025,1,59
4062,p2026,62,1
4064,p2027,1,23
4065,p2028,1,26
4067,p2029,38,1
4070,p2030,86,1
4072,p2031,67,1
4073,p2032,66,1
4075,p2033,1,58
4076,p2034,73,58
4077,p2035,13,1
4079,p2036,17,52
4080,p2037,22,1
4082,p2038,99,47
4085,p2039,78,1
4086,p2040,1,84
4088,p2041,1,26
4091,p2042,51,83
4092,p2043,53,1
4094,p2044,63,42
4096,p2045,4,86
4097,p2046,6,1
4099,p2047,38,1
4101,p2048,1,6
4103,p2049,2,30
4106,p2050,55,1
4107,p2051,30,1
4108,p2052,1,66
4111,p2053,1,81
4114,p2054,82,20
4116,p2055,1,62
4118,p2056,1,2
4121,p2057,36,15
4124,p2058,32,73
4127,p2059,90,1
4130,p2060,1,57
4131,p2061,80,1
4134,p2062,22,60
4137,p2063,1,53
4140,p2064,36,1
4141,p2065,22,1
4144,p2066,89,1
4147,p2067,1,58
4148,p2068,58,1
4150,p2069,16,1
4153,p2070,62,1
4154,p2071,3,21
4156,p2072,99,1
4159,p2073,30,1
4160,p2074,7,89
4163,p2075,1,59
4164,p2076,90,48
4165,p2077,1,29
4167,p2078,1,54
4168,p2079,59,48
4170,p2080,94,1
4173,p2081,55,1
4175,p2082,27,1
4176,p2083,1,64
4177,p2084,11,1
4178,p2085,1,28
4180,p2086,14,1
4181,p2087,1,17
4183,p2088,1,16
4186,p2089,1,45
4187,p2090,74,72
4188,p2091,61,5
4190,p2092,79,1
4192,p2093,55,1
4195,p2094,90,1
4196,p2095,1,12
4199,p2096,16,1
4202,p2097,19,1
4205,p2098,1,17
4207,p2099,41,76
4210,p2100,47,1
4213,p2101,72,1
4214,p2102,15,1
4215,p2103,29,1
4216,p2104,82,68
4217,p2105,1,98
4220,p2106,1,74
4222,p2107,9,25
4225,p2108,30,1
4228,p2109,88,25
4231,p2110,3,1
4233,p2111,1,47
4236,p2112,1,51
4239,p2113,36,54
4240,p2114,1,92
4242,p2115,36,9
4245,p2116,5,34
4247,p2117,67,1
4249,p2118,1,66
4251,p2119,83,1
4254,p2120,1,10
4256,p2121,3,1
4257,p2122,62,1
4260,p2123,64,11
4262,p2124,1,79
4265,p2125,1,36
4267,p2126,86,52
4270,p2127,1,87
4273,p2128,17,5
4274,p2129,34,21
4276,p2130,1,85
4278,p2131,90,78
4281,p2132,57,94
4282,p2133,85,1
4285,p2134,1,40
4288,p2135,17,1
4290,p2136,67,81
4292,p2137,1,66
4293,p2138,68,1
4294,p2139,75,1
4296,p2140,44,92
4299,p2141,1,55
4302,p2142,17,11
4305,p2143,38,30
4306,p2144,38,13
4308,p2145,20,1
4310,p2146,1,24
4312,p2147,63,1
4313,p2148,60,87
4316,p2149,1,65
4319,p2150,90,27
4321,p2151,70,41
4324,p2152,1,59
4327,p2153,4,1
4328,p2154,1,7
4330,p2155,1,85
4331,p2156,35,40
4334,p2157,2,1
4335,p2158,1,25
4338,p2159,1,16
4339,p2160,10,66
4340,p2161,19,77
4342,p2162,25,1
4345,p2163,1,58
4346,p2164,70,1
4347,p2165,99,1
4350,p2166,23,64
4353,p2167,7,45
4354,p2168,1,58
4356,p2169,1,45
4358,p2170,1,76
4361,p2171,70,1
4362,p2172,1,10
4365,p2173,82,3
4366,p2174,19,1
4369,p2175,82,1
4372,p2176,1,31
4374,p2177,34,1
4377,p2178,90,85
4380,p2179,1,84
4382,p2180,80,1
4383,p2181,29,15
4385,p2182,1,77
4387,p2183,1,32
4389,p2184,1,79
4391,p2185,1,60
4392,p2186,54,98
4395,p2187,55,13
4396,p2188,55,17
4398,p2189,4,1
4401,p2190,1,30
4404,p2191,60,96
4405,p2192,1,36
4406,p2193,1,51
4409,p2194,1,27
4410,p2195,100,1
4412,p2196,75,24
4414,p2197,59,1
4415,p2198,57,48
4417,p2199,59,86
4420,p2200,54,84
4421,p2201,12,31
4422,p2202,61,82
4423,p2203,92,1
4426,p2204,32,1
4429,p2205,38,5
4432,p2206,20,86
4433,p2207,88,40
4435,p2208,1,40
4437,p2209,89,1
4439,p2210,64,1
4440,p2211,90,60
4443,p2212,98,76
4446,p2213,4,19
4449,p2214,41,46
4450,p2215,1,82
4452,p2216,99,9
4454,p2217,1,100
4455,p2218,76,37
4456,p2219,51,80
4458,p2220,22,1
4461,p2221,13,1
4463,p2222,1,10
4464,p2223,8,1
4466,p2224,4,27
4468,p2225,57,13
4469,p2226,18,1
4472,p2227,1,61
4474,p2228,1,27
4475,p2229,30,28
4477,p2230,79,56
4480,p2231,37,1
4483,p2232,33,1
4485,p2233,1,3
4487,p2234,88,19
4489,p2235,79,1
4490,p2236,48,83
4492,p2237,1,25
4495,p2238,54,1
4497,p2239,12,52
4498,p2240,19,3
4500,p2241,100,47
4501,p2242,34,1
4503,p2243,97,1
4505,p2244,45,1
4506,p2245,1,19
4509,p2246,29,15
4511,p2247,51,32
4513,p2248,64,1
4516,p2249,95,30
4519,p2250,28,23
4521,p2251,1,16
4522,p2252,37,1
4523,p2253,82,1
4524,p2254,1,5
4525,p2255,1,31
4528,p2256,17,1
4531,p2257,1,5
4532,p2258,1,49
4534,p2259,47,1
4535,p2260,1,75
4536,p2261,65,1
4539,p2262,64,56
4542,p2263,1,48
4543,p2264,53,97
4545,p2265,1,46
4548,p2266,81,68
4549,p2267,1,53
4552,p2268,1,98
4553,p2269,82,1
4555,p2270,1,23
4556,p2271,78,1
4558,p2272,87,3
4561,p2273,30,1
4562,p2274,1,77
4565,p2275,73,1
4567,p2276,1,69
4568,p2277,86,1
4571,p2278,72,1
4572,p2279,64,1
4575,p2280,13,1
4578,p2281,1,53
4579,p2282,1,8
4580,p2283,5,42
4581,p2284,20,16
4582,p2285,83,32
4584,p2286,1,59
4585,p2287,62,1
4588,p2288,30,84
4589,p2289,10,1
4591,p2290,1,29
4594,p2291,15,1
4596,p2292,1,100
4597,p2293,48,1
4598,p2294,1,23
4601,p2295,1,94
4602,p2296,73,72
4603,p2297,26,39
4606,p2298,93,66
4607,p2299,61,1
4608,p2300,1,100
4610,p2301,1,94
4611,p2302,1,37
4612,p2303,1,79
4613,p2304,35,1
4616,p2305,20,1
4618,p2306,76,15
4620,p2307,43,9
4622,p2308,1,70
4625,p2309,61,1
4628,p2310,1,19
4630,p2311,55,1
4633,p2312,98,1
4634,p2313,1,71
4636,p2314,1,31
4637,p2315,1,49
4640,p2316,31,20
4642,p2317,1,9
4643,p2318,73,1
4645,p2319,64,1
4647,p2320,31,1
4648,p2321,1,91
4651,p2322,1,58
4653,p2323,50,42
4655,p2324,38,66
4657,p2325,1,63
4658,p2326,1,56
4659,p2327,1,47
4660,p2328,30,59
4662,p2329,1,75
4664,p2330,1,40
4666,p2331,1,19
4669,p2332,1,58
4672,p2333,1,78
4675,p2334,1,28
4677,p2335,63,1
4678,p2336,56,1
4679,p2337,1,88
4681,p2338,1,25
4682,p2339,70,1
4684,p2340,1,65
4687,p2341,1,94
4689,p2342,97,36
4692,p2343,11,1
4693,p2344,28,1
4694,p2345,64,1
4696,p2346,89,88
4697,p2347,18,1
4699,p2348,1,63
4702,p2349,30,34
4704,p2350,7,1
4705,p2351,92,56
4707,p2352,1,53
4708,p2353,22,1
4710,p2354,25,1
4713,p2355,27,57
4715,p2356,66,19
4716,p2357,68,31
4718,p2358,84,1
4719,p2359,26,7
4720,p2360,1,37
4722,p2361,1,17
4724,p2362,22,1
4725,p2363,12,87
4727,p2364,1,38
4730,p2365,1,97
4733,p2366,18,1
4734,p2367,1,33
4735,p2368,28,50
4737,p2369,19,1
4738,p2370,15,1
4739,p2371,70,71
4741,p2372,1,4
4743,p2373,1,83
4744,p2374,1,10
4747,p2375,1,55
4749,p2376,63,57
4750,p2377,16,34
4752,p2378,19,1
4755,p2379,73,23
4756,p2380,69,7
4758,p2381,87,84
4760,p2382,17,1
4763,p2383,26,1
4766,p2384,24,1
4768,p2385,1,66
4771,p2386,64,49
4773,p2387,21,1
4776,p2388,87,1
4779,p2389,1,20
4780,p2390,1,9
4781,p2391,1,29
4784,p2392,70,1
4785,p2393,73,1
4786,p2394,59,1
4787,p2395,63,1
4789,p2396,1,3
4790,p2397,1,11
4791,p2398,63,90
4792,p2399,51,1
4795,p2400,74,53
4796,p2401,15,40
4799,p2402,88,1
4802,p2403,61,1
4804,p2404,89,1
4807,p2405,1,65
4808,p2406,67,1
4809,p2407,20,17
4810,p2408,1,58
4812,p2409,29,92
4813,p2410,18,76
4814,p2411,84,1
4817,p2412,60,1
4818,p2413,1,31
4819,p2414,1,17
4820,p2415,1,67
4823,p2416,80,98
4825,p2417,1,53
4826,p2418,1,38
4828,p2419,87,1
4829,p2420,1,76
4831,p2421,61,48
4834,p2422,67,54
4835,p2423,83,46
4837,p2424,1,42
4840,p2425,85,73
4842,p2426,1,7
4845,p2427,1,18
4847,p2428,11,1
4849,p2429,1,39
4852,p2430,1,94
4855,p2431,10,47
4856,p2432,13,65
4857,p2433,79,72
4858,p2434,1,97
4859,p2435,23,72
4860,p2436,43,1
4862,p2437,1,44
4865,p2438,1,58
4867,p2439,1,22
4870,p2440,1,52
4872,p2441,1,87
4873,p2442,23,1
4874,p2443,85,11
4876,p2444,93,1
4879,p2445,62,1
4881,p2446,79,1
4883,p2447,1,51
4885,p2448,43,1
4888,p2449,3,87
4889,p2450,30,1
4890,p2451,78,1
4891,p2452,1,54
4894,p2453,30,32
4896,p2454,99,17
4899,p2455,30,1
4902,p2456,1,5
4904,p2457,81,1
4905,p2458,1,17
4908,p2459,65,80
4910,p2460,8,1
4912,p2461,98,100
4913,p2462,47,1
4915,p2463,12,54
4917,p2464,33,1
4919,p2465,66,58
4922,p2466,59,1
4923,p2467,5,1
4926,p2468,28,1
4927,p2469,90,35
4929,p2470,2,29
4932,p2471,1,21
4935,p2472,23,1
4936,p2473,18,29
4937,p2474,1,31
4940,p2475,91,31
4943,p2476,10,1
4945,p2477,30,77
4947,p2478,1,66
4949,p2479,1,96
4950,p2480,94,1
4951,p2481,1,45
4954,p2482,92,1
4955,p2483,54,19
4958,p2484,64,50
4960,p2485,61,1
4961,p2486,16,85
4962,p2487,64,46
4963,p2488,59,1
4965,p2489,69,28
4968,p2490,70,1
4970,p2491,1,15
4971,p2492,1,87
4972,p2493,1,61
4973,p2494,39,26
4975,p2495,1,97
4978,p2496,79,90
4980,p2497,40,24
4981,p2498,94,84
4983,p2499,63,1
4985,p2500,3,1
4988,p2501,1,95
4989,p2502,82,86
4990,p2503,1,75
4992,p2504,68,43
4995,p2505,70,1
4997,p2506,69,8
4999,p2507,1,87
5002,p2508,80,1
5004,p2509,39,87
5007,p2510,7,1
5009,p2511,1,46
5010,p2512,74,90
5012,p2513,23,67
5014,p2514,31,66
5015,p2515,66,1
5017,p2516,1,13
5018,p2517,2,1
5019,p2518,29,1
5022,p2519,1,54
5025,p2520,44,1
5026,p2521,1,71
5029,p2522,56,58
5031,p2523,42,7
5032,p2524,9,40
5034,p2525,86,1
5035,p2526,83,1
5037,p2527,49,1
5039,p2528,56,10
5042,p2529,80,52
5045,p2530,1,24
5047,p2531,32,65
5048,p2532,20,1
5050,p2533,96,23
5051,p2534,1,73
5053,p2535,1,76
5056,p2536,1,30
5059,p2537,1,80
5060,p2538,38,10
5063,p2539,30,29
5064,p2540,1,85
5067,p2541,71,1
5069,p2542,41,1
5072,p2543,10,1
5074,p2544,17,1
5077,p2545,1,32
5078,p2546,1,57
5080,p2547,1,39
5082,p2548,1,44
5083,p2549,37,94
5086,p2550,1,17
5088,p2551,38,94
5091,p2552,19,27
5094,p2553,1,97
5095,p2554,21,1
5097,p2555,98,1
5098,p2556,1,61
5099,p2557,37,50
5100,p2558,1,3
5103,p2559,11,17
5104,p2560,6,43
5107,p2561,1,94
5108,p2562,10,28
5111,p2563,17,1
5114,p2564,49,1
5116,p2565,60,96
5117,p2566,4,1
5118,p2567,6,22
5119,p2568,1,65
5121,p2569,13,1
5124,p2570,1,55
5125,p2571,3,75
5128,p2572,86,49
5129,p2573,1,67
5132,p2574,1,85
5134,p2575,87,32
5137,p2576,37,54
5138,p2577,1,23
5141,p2578,32,1
5144,p2579,1,58
5147,p2580,72,27
5149,p2581,1,63
5152,p2582,5,18
5153,p2583,8,1
5155,p2584,39,36
5157,p2585,1,81
5160,p2586,1,61
5162,p2587,73,4
5164,p2588,1,24
5166,p2589,1,8
5169,p2590,1,14
5170,p2591,1,86
5172,p2592,1,80
5175,p2593,37,47
5177,p2594,57,1
5178,p2595,30,97
5179,p2596,97,39
5181,p2597,31,1
5183,p2598,1,67
5186,p2599,1,34
5187,p2600,1,77
5189,p2601,63,1
5192,p2602,1,38
5195,p2603,7,41
5198,p2604,68,1
5200,p2605,78,63
5203,p2606,1,44
5206,p2607,86,19
5207,p2608,1,33
5209,p2609,51,66
5212,p2610,20,87
5215,p2611,1,23
5217,p2612,1,2
5219,p2613,60,34
5222,p2614,1,75
5224,p2615,37,6
5225,p2616,1,62
5228,p2617,29,3
5229,p2618,72,1
5231,p2619,36,1
5232,p2620,97,34
5234,p2621,1,88
5235,p2622,51,98
5238,p2623,1,63
5241,p2624,23,33
5243,p2625,7,54
5245,p2626,1,84
5246,p2627,1,3
5248,p2628,1,61
5251,p2629,1,26
5254,p2630,87,77
5255,p2631,87,97
5257,p2632,80,1
5260,p2633,71,67
5261,p2634,26,1
5262,p2635,72,75
5263,p2636,63,73
5264,p2637,1,69
5266,p2638,80,1
5268,p2639,81,88
5270,p2640,60,83
5273,p2641,46,86
5275,p2642,1,20
5278,p2643,1,38
5280,p2644,1,40
5281,p2645,1,13
5284,p2646,9,1
5285,p2647,89,10
5286,p2648,34,44
5287,p2649,61,18
5289,p2650,1,18
5290,p2651,1,16
5291,p2652,1,58
5294,p2653,78,1
5297,p2654,9,23
5299,p2655,1,90
5302,p2656,2,48
5304,p2657,1,44
5305,p2658,1,48
5307,p2659,1,11
5308,p2660,1,26
5310,p2661,1,14
5312,p2662,1,14
5313,p2663,2,28
5316,p2664,37,1
5318,p2665,25,1
5319,p2666,24,96
5321,p2667,12,25
5322,p2668,88,1
5323,p2669,74,17
5325,p2670,39,1
5326,p2671,70,39
5329,p2672,34,47
5331,p2673,62,1
5334,p2674,48,72
5337,p2675,1,11
5339,p2676,1,37
5341,p2677,59,1
5344,p2678,100,66
5347,p2679,100,42
5349,p2680,71,1
5352,p2681,21,1
5353,p2682,1,88
5354,p2683,1,5
5357,p2684,1,7
5358,p2685,70,40
5361,p2686,54,4
5364,p2687,1,65
5365,p2688,5,65
5367,p2689,1,35
5368,p2690,1,97
5370,p2691,1,45
5371,p2692,1,72
5372,p2693,1,35
5375,p2694,1,22
5377,p2695,7,71
5380,p2696,81,1
5381,p2697,1,82
5384,p2698,69,88
5386,p2699,20,3
5387,p2700,20,1
5388,p2701,80,1
5389,p2702,32,1
5391,p2703,1,55
5393,p2704,45,52
5394,p2705,96,1
5397,p2706,26,22
5400,p2707,22,14
5401,p2708,55,1
5402,p2709,1,54
5405,p2710,46,1
5408,p2711,1,11
5411,p2712,1,46
5414,p2713,35,1
5417,p2714,16,7
5418,p2715,11,65
5419,p2716,95,1
5421,p2717,32,1
5424,p2718,8,14
5425,p2719,18,84
5426,p2720,1,91
5428,p2721,1,23
5431,p2722,1,31
5432,p2723,1,97
5433,p2724,1,58
5434,p2725,21,1
5437,p2726,23,1
5439,p2727,66,1
5441,p2728,64,1
5442,p2729,70,73
5445,p2730,1,24
5448,p2731,1,43
5450,p2732,7,99
5453,p2733,28,1
5456,p2734,85,1
5457,p2735,32,1
5460,p2736,85,42
5461,p2737,35,1
5463,p2738,83,2
5465,p2739,69,77
5468,p2740,57,1
5471,p2741,100,71
5472,p2742,87,39
5473,p2743,1,7
5476,p2744,76,64
5479,p2745,1,10
5481,p2746,10,70
5483,p2747,54,1
5484,p2748,1,81
5487,p2749,1,99
5490,p2750,89,1
5491,p2751,3,1
5494,p2752,1,14
5497,p2753,86,42
5500,p2754,15,1
5502,p2755,1,94
5503,p2756,99,1
5504,p2757,9,47
5506,p2758,1,59
5508,p2759,17,1
5509,p2760,20,2
5510,p2761,3,1
5511,p2762,1,40
5514,p2763,1,60
5516,p2764,1,74
5518,p2765,1,52
5520,p2766,1,88
5522,p2767,1,79
5524,p2768,1,77
5526,p2769,17,1
5529,p2770,55,14
5531,p2771,49,1
5533,p2772,75,1
5534,p2773,1,7
5537,p2774,1,40
5540,p2775,97,1
5543,p2776,39,1
5545,p2777,29,1
5547,p2778,1,98
5548,p2779,1,50
5551,p2780,54,1
5554,p2781,52,1
5556,p2782,28,1
5558,p2783,86,1
5561,p2784,94,1
5564,p2785,1,94
5565,p2786,1,61
5567,p2787,69,96
5570,p2788,1,76
5572,p2789,71,36
5573,p2790,1,82
5576,p2791,1,28
5578,p2792,34,1
5579,p2793,1,67
5581,p2794,32,1
5584,p2795,1,30
5586,p2796,92,1
5587,p2797,81,1
5588,p2798,1,27
5591,p2799,1,81
5592,p2800,1,49
5594,p2801,70,42
5597,p2802,91,1
5598,p2803,35,8
5599,p2804,51,1
5601,p2805,45,1
5603,p2806,60,95
5606,p2807,71,1
5607,p2808,18,83
5610,p2809,51,29
5613,p2810,8,23
5615,p2811,6,1
5616,p2812,21,1
5617,p2813,1,34
5618,p2814,99,23
5619,p2815,83,5
5621,p2816,43,58
5622,p2817,26,1
5624,p2818,38,10
5627,p2819,74,52
5630,p2820,1,78
5633,p2821,45,1
5636,p2822,27,26
5639,p2823,76,1
5640,p2824,97,53
5643,p2825,36,1
5645,p2826,30,1
5646,p2827,99,62
5648,p2828,37,15
5650,p2829,68,1
5651,p2830,98,1
5653,p2831,9,1
5654,p2832,1,80
5657,p2833,1,50
5659,p2834,79,20
5662,p2835,86,10
5663,p2836,83,1
5665,p2837,76,43
5667,p2838,45,35
5668,p2839,1,12
5670,p2840,78,9
5671,p2841,79,1
5673,p2842,1,96
5675,p2843,1,58
5677,p2844,62,93
5679,p2845,79,1
5681,p2846,73,38
5684,p2847,96,74
5686,p2848,1,63
5689,p2849,2,1
5692,p2850,1,28
5693,p2851,8,1
5695,p2852,1,71
5697,p2853,60,1
5700,p2854,28,50
5703,p2855,58,64
5705,p2856,29,30
5707,p2857,44,42
5709,p2858,1,88
5712,p2859,17,1
5713,p2860,87,82
5714,p2861,8,55
5715,p2862,57,56
5718,p2863,1,81
5721,p2864,1,71
5723,p2865,1,97
5725,p2866,28,1
5726,p2867,41,51
5729,p2868,89,1
5732,p2869,59,1
5734,p2870,48,1
5737,p2871,1,76
5739,p2872,29,89
5742,p2873,1,48
5745,p2874,1,28
5748,p2875,1,61
5750,p2876,6,1
5752,p2877,22,64
5755,p2878,96,1
5758,p2879,56,1
5761,p2880,55,1
5763,p2881,1,68
5765,p2882,17,1
5767,p2883,59,1
5770,p2884,1,13
5773,p2885,10,1
5775,p2886,1,5
5776,p2887,39,54
5777,p2888,15,1
5778,p2889,1,99
5780,p2890,93,55
5782,p2891,73,50
5783,p2892,1,95
5786,p2893,93,66
5789,p2894,8,20
5792,p2895,99,1
5793,p2896,70,11
5794,p2897,73,1
5796,p2898,26,3
5798,p2899,81,1
5800,p2900,95,1
5801,p2901,1,46
5804,p2902,62,1
5807,p2903,41,30
5808,p2904,64,13
5810,p2905,1,94
5813,p2906,93,1
5815,p2907,2,8
5817,p2908,61,48
5820,p2909,22,1
5821,p2910,1,65
5823,p2911,1,87
5825,p2912,1,63
5826,p2913,24,17
5828,p2914,53,41
5829,p2915,62,1
5832,p2916,60,1
5833,p2917,50,1
5835,p2918,49,90
5836,p2919,67,3
5838,p2920,1,41
5839,p2921,36,1
5841,p2922,36,1
5844,p2923,54,50
5845,p2924,21,24
5847,p2925,19,1
5848,p2926,78,1
5850,p2927,1,54
5852,p2928,57,21
5855,p2929,26,1
5858,p2930,9,1
5860,p2931,1,94
5861,p2932,62,1
5862,p2933,1,18
5863,p2934,1,59
5866,p2935,98,1
5869,p2936,83,1
5871,p2937,78,1
5873,p2938,1,42
5874,p2939,54,98
5875,p2940,48,1
5876,p2941,92,1
5877,p2942,31,1
5879,p2943,1,32
5882,p2944,47,1
5884,p2945,21,1
5887,p2946,20,13
5890,p2947,1,27
5892,p2948,25,1
5895,p2949,1,82
5896,p2950,1,5
5898,p2951,32,1
5900,p2952,1,25
5903,p2953,55,1
5906,p2954,1,23
5909,p2955,56,1
5912,p2956,69,15
5913,p2957,1,62
5916,p2958,69,37
5917,p2959,1,89
5920,p2960,15,57
5923,p2961,23,1
5924,p2962,94,1
5926,p2963,52,26
5928,p2964,36,53
5931,p2965,72,60
5933,p2966,98,34
5936,p2967,18,1
5939,p2968,1,61
5940,p2969,1,88
5941,p2970,80,20
5943,p2971,1,78
5944,p2972,66,1
5946,p2973,24,95
5947,p2974,1,9
5950,p2975,27,1
5951,p2976,1,35
5952,p2977,75,1
5955,p2978,70,1
5958,p2979,1,14
5961,p2980,43,1
5963,p2981,1,50
5965,p2982,3,64
5968,p2983,1,7
5971,p2984,95,18
5972,p2985,17,1
5973,p2986,72,1
5975,p2987,24,67
5977,p2988,44,1
5978,p2989,1,94
5980,p2990,60,1
5982,p2991,1,20
5985,p2992,1,36
5988,p2993,1,93
5991,p2994,1,89
5993,p2995,63,94
5996,p2996,94,1
5997,p2997,1,53
5998,p2998,84,33
5999,p2999,1,8
6001,p3000,1,53
6003,p3001,12,1
6006,p3002,80,1
6008,p3003,1,77
6010,p3004,41,1
6012,p3005,72,74
6015,p3006,1,66
6017,p3007,6,28
6019,p3008,3,1
6021,p3009,92,1
6024,p3010,1,78
6026,p3011,46,25
6029,p3012,68,62
6030,p3013,5,1
6032,p3014,58,67
6035,p3015,77,56
6038,p3016,72,1
6039,p3017,82,1
6042,p3018,48,93
6044,p3019,90,33
6045,p3020,6,1
6048,p3021,26,1
6050,p3022,65,1
6051,p3023,21,64
6053,p3024,34,57
6055,p3025,14,28
6056,p3026,34,4
6059,p3027,1,65
6062,p3028,1,97
6063,p3029,41,1
6065,p3030,19,40
6067,p3031,1,87
6068,p3032,89,1
6070,p3033,1,97
6072,p3034,16,74
6073,p3035,1,95
6076,p3036,83,27
6079,p3037,66,1
6080,p3038,70,6
6082,p3039,16,1
6085,p3040,30,94
6087,p3041,4,34
6090,p3042,89,44
6092,p3043,99,97
6095,p3044,82,1
6097,p3045,1,39
6100,p3046,44,1
6103,p3047,70,93
6104,p3048,55,87
6106,p3049,92,82
6108,p3050,58,25
6110,p3051,12,1
6111,p3052,1,28
6112,p3053,73,1
6115,p3054,1,86
6116,p3055,25,33
6117,p3056,41,76
6119,p3057,97,67
6120,p3058,1,67
6122,p3059,1,12
6123,p3060,1,80
6125,p3061,16,1
6128,p3062,36,1
6130,p3063,53,1
6131,p3064,34,1
6134,p3065,1,25
6135,p3066,1,92
6138,p3067,1,75
6141,p3068,34,1
6142,p3069,57,85
6143,p3070,60,69
6146,p3071,1,72
6148,p3072,1,10
6150,p3073,71,14
6152,p3074,21,1
6155,p3075,81,1
6157,p3076,78,34
6158,p3077,2,31
6159,p3078,92,69
6160,p3079,1,19
6161,p3080,1,43
6162,p3081,1,6
6165,p3082,1,40
6167,p3083,55,70
6169,p3084,98,78
6171,p3085,5,11
6174,p3086,38,1
6176,p3087,1,99
6179,p3088,86,1
6180,p3089,19,1
6183,p3090,1,31
6185,p3091,1,70
6187,p3092,1,44
6189,p3093,20,1
6192,p3094,91,38
6193,p3095,1,11
6195,p3096,69,1
6196,p3097,68,27
6199,p3098,75,42
6202,p3099,37,1
6203,p3100,30,1
6206,p3101,1,51
6207,p3102,36,32
6208,p3103,1,51
6211,p3104,97,12
6213,p3105,9,10
6214,p3106,12,1
6217,p3107,84,1
6220,p3108,68,69
6222,p3109,68,61
6224,p3110,1,79
6226,p3111,96,1
6228,p3112,1,93
6229,p3113,4,1
6232,p3114,45,89
6234,p3115,1,72
6235,p3116,49,91
6237,p3117,4,75
6240,p3118,85,49
6243,p3119,1,16
6246,p3120,17,1
6247,p3121,5,18
6249,p3122,12,1
6252,p3123,89,60
6254,p3124,1,91
6256,p3125,16,1
6257,p3126,1,62
6258,p3127,10,1
6261,p3128,1,46
6262,p3129,1,45
6265,p3130,21,76
6267,p3131,26,1
6270,p3132,15,1
6271,p3133,59,23
6272,p3134,52,61
6274,p3135,95,1
6277,p3136,89,6
6280,p3137,44,1
6283,p3138,1,78
6284,p3139,16,28
6287,p3140,17,1
6289,p3141,81,98
6290,p3142,1,67
6293,p3143,77,26
6294,p3144,58,76
6295,p3145,62,1
6297,p3146,80,39
6300,p3147,60,85
6303,p3148,1,64
6304,p3149,1,83
6305,p3150,83,93
6307,p3151,15,1
6310,p3152,1,41
6312,p3153,1,67
6313,p3154,1,18
6314,p3155,72,1
6315,p3156,72,1
6316,p3157,1,45
6319,p3158,1,96
6320,p3159,20,1
6323,p3160,33,1
6326,p3161,30,83
6328,p3162,36,1
6331,p3163,1,24
6334,p3164,31,45
6336,p3165,16,1
6337,p3166,68,1
6339,p3167,1,27
6342,p3168,23,49
6343,p3169,32,91
6345,p3170,9,58
6346,p3171,34,1
6349,p3172,84,38
6352,p3173,72,91
6354,p3174,1,31
6355,p3175,1,76
6357,p3176,1,12
6359,p3177,93,1
6361,p3178,43,1
6364,p3179,1,49
6365,p3180,1,23
6366,p3181,49,52
6368,p3182,1,41
6369,p3183,94,1
6370,p3184,62,76
6373,p3185,18,1
6375,p3186,89,1
6376,p3187,48,2
6378,p3188,46,1
6381,p3189,1,61
6382,p3190,28,1
6383,p3191,1,25
6386,p3192,1,81
6388,p3193,80,1
6391,p3194,19,67
6394,p3195,74,29
6397,p3196,1,61
6398,p3197,27,1
6401,p3198,38,1
6402,p3199,1,89
6404,p3200,1,56
6407,p3201,37,84
6409,p3202,12,1
6410,p3203,1,14
6412,p3204,1,72
6413,p3205,29,1
6415,p3206,87,35
6417,p3207,66,1
6420,p3208,32,82
6423,p3209,78,86
6425,p3210,96,1
6426,p3211,16,39
6428,p3212,48,1
6430,p3213,65,1
6433,p3214,53,1
6436,p3215,1,53
6439,p3216,1,6
6441,p3217,88,10
6442,p3218,63,1
6445,p3219,1,16
6446,p3220,1,51
6448,p3221,75,9
6449,p3222,80,1
6451,p3223,1,98
6454,p3224,1,13
6457,p3225,91,20
6458,p3226,19,11
6459,p3227,1,32
6461,p3228,61,98
6462,p3229,1,92
6463,p3230,87,1
6464,p3231,1,44
6465,p3232,97,1
6466,p3233,68,44
6469,p3234,18,42
6472,p3235,76,1
6475,p3236,1,43
6477,p3237,36,9
6480,p3238,26,1
6483,p3239,56,1
6486,p3240,70,1
6489,p3241,82,53
6491,p3242,62,1
6494,p3243,90,52
6497,p3244,85,24
6498,p3245,72,56
6499,p3246,1,39
6502,p3247,87,62
6504,p3248,98,1
6506,p3249,52,1
6507,p3250,1,50
6510,p3251,53,1
6513,p3252,29,1
6514,p3253,1,80
6516,p3254,24,10
6518,p3255,59,37
6520,p3256,1,98
6522,p3257,33,1
6523,p3258,1,98
6524,p3259,4,1
6525,p3260,1,7
6528,p3261,91,99
6529,p3262,84,1
6531,p3263,24,1
6532,p3264,41,3
6533,p3265,76,28
6534,p3266,1,31
6537,p3267,19,1
6538,p3268,1,87
6540,p3269,1,21
6542,p3270,26,10
6543,p3271,1,91
6545,p3272,68,1
6546,p3273,10,1
6549,p3274,1,98
6552,p3275,88,71
6553,p3276,28,43
6554,p3277,62,47
6557,p3278,1,45
6559,p3279,1,97
6561,p3280,59,91
6562,p3281,1,13
6565,p3282,9,4
6568,p3283,7,33
6570,p3284,1,86
6571,p3285,59,1
6574,p3286,81,8
6577,p3287,51,16
6579,p3288,67,53
6580,p3289,95,1
6583,p3290,1,23
6584,p3291,77,45
6587,p3292,13,41
6588,p3293,1,17
6589,p3294,16,13
6592,p3295,1,44
6595,p3296,1,5
6597,p3297,1,30
6599,p3298,33,1
6601,p3299,76,56
6604,p3300,1,25
6607,p3301,38,1
6609,p3302,47,77
6612,p3303,29,1
6614,p3304,97,85
6615,p3305,1,96
6617,p3306,90,1
6618,p3307,4,1
6619,p3308,1,41
6622,p3309,80,1
6623,p3310,1,19
6624,p3311,24,1
6627,p3312,1,20
6628,p3313,69,1
6631,p3314,71,73
6634,p3315,70,1
6635,p3316,31,18
6638,p3317,1,10
6640,p3318,16,1
6643,p3319,69,37
6646,p3320,48,1
6648,p3321,75,39
6651,p3322,54,30
6652,p3323,1,6
6653,p3324,85,1
6655,p3325,19,14
6657,p3326,69,37
6658,p3327,33,76
6661,p3328,1,66
6663,p3329,1,39
6665,p3330,1,38
6667,p3331,1,63
6668,p3332,100,6
6671,p3333,1,50
6673,p3334,1,82
6675,p3335,90,1
6676,p3336,4,1
6678,p3337,1,59
6681,p3338,1,45
6684,p3339,70,1
6685,p3340,1,89
6688,p3341,1,97
6689,p3342,1,82
6691,p3343,1,55
6694,p3344,33,78
6697,p3345,1,9
6700,p3346,70,7
6703,p3347,19,13
6704,p3348,74,1
6706,p3349,46,1
6708,p3350,1,36
6710,p3351,43,3
6711,p3352,65,1
6712,p3353,96,1
6713,p3354,1,55
6716,p3355,1,40
6719,p3356,1,53
6720,p3357,39,1
6723,p3358,1,46
6725,p3359,10,37
6728,p3360,1,2
6729,p3361,83,1
6730,p3362,84,1
6732,p3363,60,76
6733,p3364,56,89
6734,p3365,92,4
6736,p3366,29,1
6739,p3367,81,1
6740,p3368,97,87
6741,p3369,54,1
6743,p3370,1,17
6745,p3371,46,89
6747,p3372,1,27
6748,p3373,38,25
6750,p3374,47,51
6751,p3375,1,63
6753,p3376,1,2
6755,p3377,50,36
6757,p3378,1,60
6760,p3379,39,1
6762,p3380,1,35
6763,p3381,1,52
6766,p3382,39,34
6767,p3383,92,1
6770,p3384,11,1
6771,p3385,1,62
6773,p3386,1,7
6775,p3387,84,1
6777,p3388,1,92
6780,p3389,8,64
6781,p3390,1,36
6783,p3391,43,1
6784,p3392,97,1
6787,p3393,1,88
6788,p3394,1,97
6789,p3395,37,9
6791,p3396,24,44
6792,p3397,34,1
6794,p3398,56,9
6797,p3399,9,63
6798,p3400,8,95
6801,p3401,67,54
6802,p3402,33,1
6804,p3403,100,1
6806,p3404,77,1
6807,p3405,42,1
6810,p3406,10,1
6812,p3407,1,13
6815,p3408,1,75
6817,p3409,95,68
6820,p3410,1,68
6821,p3411,1,63
6822,p3412,81,1
6824,p3413,1,70
6827,p3414,55,1
6829,p3415,31,47
6830,p3416,12,1
6832,p3417,55,1
6834,p3418,1,97
6837,p3419,13,37
6838,p3420,91,93
6840,p3421,1,87
6843,p3422,22,1
6845,p3423,1,3
6846,p3424,80,74
6849,p3425,83,1
6851,p3426,59,41
6852,p3427,1,64
6853,p3428,63,41
6854,p3429,47,1
6856,p3430,3,1
6857,p3431,1,51
6859,p3432,1,53
6862,p3433,99,1
6863,p3434,55,1
6865,p3435,73,1
6866,p3436,74,45
6869,p3437,79,1
6870,p3438,71,1
6871,p3439,98,66
6872,p3440,24,41
6875,p3441,2,1
6876,p3442,57,1
6877,p3443,69,1
6880,p3444,97,22
6881,p3445,7,1
6883,p3446,1,10
6884,p3447,93,48
6886,p3448,1,46
6887,p3449,8,1
6890,p3450,35,1
6892,p3451,88,1
6893,p3452,25,1
6895,p3453,1,14
6897,p3454,6,81
6899,p3455,71,1
6902,p3456,72,14
6905,p3457,31,98
6908,p3458,1,76
6909,p3459,82,1
6910,p3460,40,1
6911,p3461,1,54
6912,p3462,1,38
6914,p3463,88,1
6916,p3464,23,1
6918,p3465,1,5
6921,p3466,1,27
6923,p3467,7,21
6925,p3468,37,24
6926,p3469,80,59
6928,p3470,100,1
6929,p3471,28,1
6930,p3472,51,1
6933,p3473,65,1
6935,p3474,39,83
6937,p3475,29,1
6938,p3476,64,1
6939,p3477,9,1
6940,p3478,1,34
6942,p3479,85,1
6945,p3480,1,63
6946,p3481,1,89
6947,p3482,1,37
6949,p3483,1,12
6951,p3484,71,1
6952,p3485,19,7
6953,p3486,89,1
6955,p3487,1,67
6957,p3488,9,33
6960,p3489,1,53
6962,p3490,1,99
6965,p3491,1,62
6968,p3492,92,74
6969,p3493,1,19
6972,p3494,1,78
6973,p3495,1,11
6975,p3496,60,1
6978,p3497,78,5
6981,p3498,1,9
6982,p3499,29,98
6984,p3500,92,52
6985,p3501,51,1
6987,p3502,1,96
6990,p3503,1,65
6991,p3504,5,1
6994,p3505,6,1
6995,p3506,1,22
6996,p3507,3,1
6998,p3508,1,75
7000,p3509,82,86
7001,p3510,1,71
7002,p3511,1,50
7005,p3512,1,67
7008,p3513,23,1
7010,p3514,20,1
7013,p3515,90,1
7015,p3516,1,42
7016,p3517,1,81
7017,p3518,17,1
7020,p3519,18,47
7023,p3520,1,30
7025,p3521,80,47
7026,p3522,35,1
7028,p3523,19,92
7030,p3524,1,83
7033,p3525,1,34
7035,p3526,87,1
7036,p3527,1,70
7037,p3528,51,54
7040,p3529,1,45
7043,p3530,1,5
7046,p3531,38,1
7048,p3532,26,90
7050,p3533,1,43
7051,p3534,1,82
7052,p3535,78,1
7053,p3536,34,14
7054,p3537,34,1
7057,p3538,1,54
7058,p3539,1,94
7060,p3540,8,1
7063,p3541,1,87
7064,p3542,49,60
7065,p3543,81,1
7066,p3544,57,82
7068,p3545,56,1
7071,p3546,53,1
7073,p3547,51,38
7075,p3548,1,81
7077,p3549,100,1
7078,p3550,93,1
7081,p3551,30,73
7084,p3552,27,1
7087,p3553,78,1
7090,p3554,74,1
7093,p3555,1,27
7096,p3556,9,1
7097,p3557,1,16
7098,p3558,1,91
7100,p3559,17,97
7103,p3560,94,1
7105,p3561,82,1
7107,p3562,38,96
7110,p3563,1,12
7113,p3564,71,1
7116,p3565,1,2
7118,p3566,63,1
7120,p3567,95,1
7123,p3568,88,61
7124,p3569,100,84
7126,p3570,65,1
7129,p3571,32,1
7132,p3572,54,1
7133,p3573,1,81
7136,p3574,24,27
7137,p3575,21,1
7138,p3576,1,87
7141,p3577,1,50
7142,p3578,25,1
7144,p3579,51,1
7146,p3580,80,1
7148,p3581,3,15
7150,p3582,1,20
7151,p3583,1,64
7154,p3584,53,1
7157,p3585,20,1
7160,p3586,16,60
7162,p3587,73,1
7164,p3588,21,1
7165,p3589,52,97
7168,p3590,49,47
7169,p3591,1,6
7172,p3592,1,88
7174,p3593,76,2
7175,p3594,39,1
7176,p3595,5,44
7179,p3596,75,1
7181,p3597,8,1
7183,p3598,54,1
7186,p3599,60,55
7187,p3600,1,17
7189,p3601,1,63
7190,p3602,70,1
7193,p3603,56,1
7195,p3604,91,80
7198,p3605,1,98
7199,p3606,91,1
7200,p3607,97,6
7201,p3608,49,21
7204,p3609,1,75
7206,p3610,1,51
7209,p3611,65,1
7211,p3612,75,87
7212,p3613,42,1
7215,p3614,44,62
7218,p3615,43,94
7221,p3616,29,1
7224,p3617,77,54
7225,p3618,1,97
7226,p3619,1,39
7228,p3620,99,12
7230,p3621,37,1
7233,p3622,53,12
7235,p3623,90,1
7236,p3624,35,25
7239,p3625,28,17
7241,p3626,70,1
7243,p3627,40,77
7245,p3628,1,70
7247,p3629,95,1
7249,p3630,1,6
7250,p3631,1,91
7252,p3632,83,1
7253,p3633,57,1
7254,p3634,79,83
7257,p3635,1,19
7260,p3636,1,28
7262,p3637,43,1
7265,p3638,1,68
7267,p3639,1,69
7270,p3640,11,94
7273,p3641,38,98
7274,p3642,96,1
7276,p3643,1,78
7278,p3644,58,1
7280,p3645,98,1
7282,p3646,78,1
7284,p3647,81,1
7287,p3648,46,1
7289,p3649,1,86
7292,p3650,39,1
7293,p3651,95,78
7294,p3652,29,45
7295,p3653,6,64
7296,p3654,34,78
7297,p3655,55,20
7300,p3656,1,25
7303,p3657,22,23
7304,p3658,35,92
7306,p3659,90,53
7309,p3660,1,86
7312,p3661,26,1
7315,p3662,2,17
7316,p3663,1,9
7318,p3664,8,5
7319,p3665,1,84
7321,p3666,8,36
7322,p3667,26,1
7324,p3668,1,63
7326,p3669,43,1
7329,p3670,55,1
7332,p3671,65,1
7335,p3672,13,9
7337,p3673,1,33
7340,p3674,6,1
7342,p3675,46,1
7343,p3676,5,18
7345,p3677,39,1
7348,p3678,39,1
7349,p3679,99,1
7351,p3680,1,48
7353,p3681,36,1
7354,p3682,99,1
7355,p3683,11,1
7357,p3684,67,1
7358,p3685,56,1
7360,p3686,95,56
7361,p3687,1,59
7362,p3688,81,33
7364,p3689,13,1
7365,p3690,1,70
7368,p3691,75,1
7370,p3692,1,54
7371,p3693,14,1
7372,p3694,65,1
7373,p3695,2,21
7375,p3696,1,53
7376,p3697,73,69
7378,p3698,1,70
7381,p3699,1,96
7382,p3700,1,37
7385,p3701,1,40
7386,p3702,47,1
7388,p3703,1,20
7389,p3704,55,1
7392,p3705,2,89
7393,p3706,70,17
7395,p3707,2,1
7396,p3708,8,92
7397,p3709,100,1
7400,p3710,91,86
7401,p3711,1,81
7404,p3712,1,89
7406,p3713,42,62
7408,p3714,100,1
7409,p3715,1,5
7412,p3716,55,23
7414,p3717,1,10
7416,p3718,1,80
7417,p3719,33,1
7420,p3720,57,1
7421,p3721,16,38
7422,p3722,56,67
7425,p3723,61,80
7426,p3724,71,1
7429,p3725,23,32
7431,p3726,90,17
7433,p3727,41,1
7435,p3728,86,79
7437,p3729,58,1
7438,p3730,76,48
7441,p3731,16,1
7442,p3732,55,1
7445,p3733,1,11
7448,p3734,18,66
7449,p3735,1,53
7451,p3736,1,99
7453,p3737,1,28
7456,p3738,1,13
7457,p3739,59,69
7460,p3740,1,89
7462,p3741,66,67
7465,p3742,1,55
7468,p3743,1,7
7470,p3744,70,91
7471,p3745,43,1
7473,p3746,96,29
7476,p3747,91,12
7477,p3748,48,67
7478,p3749,1,48
7481,p3750,35,42
7484,p3751,66,1
7486,p3752,96,73
7489,p3753,23,1
7492,p3754,1,23
7493,p3755,1,58
7495,p3756,1,64
7497,p3757,1,46
7498,p3758,1,30
7500,p3759,2,1
7502,p3760,60,10
7504,p3761,19,35
7505,p3762,22,4
7506,p3763,1,25
7508,p3764,38,94
7509,p3765,42,1
7511,p3766,89,1
7514,p3767,38,63
7517,p3768,1,80
7520,p3769,1,66
7523,p3770,59,1
7525,p3771,19,1
7527,p3772,45,81
7528,p3773,26,40
7531,p3774,1,41
7534,p3775,1,74
7535,p3776,1,26
7538,p3777,71,1
7540,p3778,1,47
7543,p3779,45,1
7545,p3780,51,1
7547,p3781,82,1
7550,p3782,1,64
7552,p3783,70,23
7553,p3784,31,62
7556,p3785,1,32
7557,p3786,1,87
7558,p3787,77,98
7561,p3788,1,11
7564,p3789,45,1
7565,p3790,28,17
7568,p3791,24,1
7570,p3792,62,1
7573,p3793,93,1
7575,p3794,1,38
7577,p3795,7,1
7579,p3796,85,2
7580,p3797,1,74
7583,p3798,21,1
7586,p3799,1,2
7587,p3800,1,95
7588,p3801,31,24
7589,p3802,1,59
7592,p3803,1,83
7595,p3804,1,32
7598,p3805,73,35
7601,p3806,60,1
7603,p3807,11,1
7606,p3808,1,3
7607,p3809,77,1
7610,p3810,9,1
7613,p3811,27,89
7614,p3812,82,1
7615,p3813,33,1
7617,p3814,42,1
7619,p3815,76,1
7621,p3816,1,7
7624,p3817,1,94
7625,p3818,92,1
7628,p3819,40,1
7631,p3820,56,39
7634,p3821,5,1
7637,p3822,81,1
7640,p3823,64,1
7643,p3824,1,29
7644,p3825,63,1
7647,p3826,1,96
7649,p3827,89,1
7652,p3828,3,1
7654,p3829,20,1
7656,p3830,1,2
7659,p3831,1,79
7660,p3832,1,63
7662,p3833,61,1
7665,p3834,1,14
7668,p3835,8,1
7669,p3836,1,2
7671,p3837,1,93
7673,p3838,1,70
7674,p3839,18,31
7675,p3840,46,1
7678,p3841,27,1
7681,p3842,1,4
7684,p3843,1,76
7687,p3844,1,51
7689,p3845,16,1
7691,p3846,54,5
7693,p3847,75,28
7694,p3848,53,1
7696,p3849,1,35
7697,p3850,80,1
7698,p3851,1,82
7699,p3852,45,89
7700,p3853,36,14
7701,p3854,51,1
7704,p3855,1,88
7707,p3856,1,14
7709,p3857,1,38
7712,p3858,16,1
7715,p3859,44,21
7716,p3860,76,1
7719,p3861,1,69
7721,p3862,1,46
7724,p3863,14,1
7726,p3864,24,25
7727,p3865,73,1
7730,p3866,92,1
7733,p3867,41,32
7736,p3868,1,9
7737,p3869,84,71
7738,p3870,1,3
7741,p3871,1,95
7742,p3872,51,1
7745,p3873,31,13
7747,p3874,97,59
7750,p3875,67,90
7751,p3876,1,49
7752,p3877,1,60
7753,p3878,61,1
7754,p3879,73,1
7755,p3880,100,1
7756,p3881,10,19
7757,p3882,42,94
7760,p3883,30,1
7761,p3884,1,76
7764,p3885,22,34
7767,p3886,1,14
7770,p3887,85,69
7772,p3888,35,99
7773,p3889,1,86
7776,p3890,63,82
7779,p3891,1,88
7782,p3892,47,1
7784,p3893,67,1
7785,p3894,55,36
7786,p3895,1,71
7788,p3896,94,31
7791,p3897,41,51
7792,p3898,1,21
7793,p3899,73,1
7796,p3900,45,1
7799,p3901,80,61
7801,p3902,36,1
7803,p3903,57,1
7804,p3904,54,1
7806,p3905,2,1
7809,p3906,52,91
7810,p3907,58,39
7811,p3908,59,71
7814,p3909,1,12
7816,p3910,54,1
7817,p3911,1,88
7819,p3912,31,23
7822,p3913,64,1
7823,p3914,47,1
7824,p3915,23,19
7827,p3916,31,74
7829,p3917,71,36
7830,p3918,86,1
7833,p3919,43,81
7836,p3920,98,1
7837,p3921,1,85
7838,p3922,24,1
7839,p3923,18,13
7841,p3924,78,1
7844,p3925,22,1
7846,p3926,1,28
7847,p3927,1,71
7849,p3928,8,26
7850,p3929,66,36
7851,p3930,39,1
7852,p3931,92,1
7853,p3932,100,14
7855,p3933,43,100
7856,p3934,58,86
7858,p3935,79,1
7860,p3936,11,1
7861,p3937,1,25
7864,p3938,89,16
7867,p3939,13,51
7868,p3940,1,94
7870,p3941,1,78
7871,p3942,70,1
7873,p3943,1,51
7875,p3944,65,1
7878,p3945,55,1
7879,p3946,9,59
7880,p3947,7,41
7882,p3948,12,77
7885,p3949,1,8
7888,p3950,1,14
7890,p3951,35,39
7891,p3952,26,86
7893,p3953,37,15
7894,p3954,69,56
7896,p3955,1,64
7897,p3956,55,76
7900,p3957,56,1
7903,p3958,100,1
7906,p3959,1,68
7908,p3960,1,73
7910,p3961,1,56
7912,p3962,18,1
7913,p3963,95,32
7915,p3964,13,1
7916,p3965,1,4
7918,p3966,37,53
7919,p3967,1,5
7921,p3968,49,1
7923,p3969,1,73
7925,p3970,21,1
7928,p3971,67,1
7929,p3972,11,12
7932,p3973,63,21
7934,p3974,94,67
7935,p3975,1,60
7937,p3976,95,1
7938,p3977,1,67
7939,p3978,1,52
7940,p3979,63,1
7943,p3980,57,29
7945,p3981,38,1
7946,p3982,1,64
7947,p3983,1,42
7949,p3984,1,73
7952,p3985,1,12
7953,p3986,52,1
7956,p3987,1,7
7957,p3988,71,1
7960,p3989,63,76
7962,p3990,1,13
7963,p3991,76,1
7966,p3992,1,58
7969,p3993,26,1
7972,p3994,98,64
7975,p3995,82,1
7976,p3996,5,67
7978,p3997,1,73
7980,p3998,50,1
7981,p3999,100,7
7983,p4000,82,77
7985,p4001,69,11
7988,p4002,1,26
7990,p4003,54,1
7991,p4004,1,89
7993,p4005,14,1
7994,p4006,1,57
7995,p4007,68,18
7998,p4008,14,92
8001,p4009,1,70
8004,p4010,43,90
8006,p4011,1,24
8007,p4012,1,100
8010,p4013,74,64
8013,p4014,55,88
8014,p4015,81,1
8016,p4016,30,14
8018,p4017,71,14
8021,p4018,67,82
8022,p4019,23,70
8024,p4020,93,97
8026,p4021,34,1
8029,p4022,61,1
8030,p4023,1,67
8032,p4024,19,1
8034,p4025,20,1
8036,p4026,1,98
8038,p4027,97,1
8039,p4028,89,56
8042,p4029,26,1
8043,p4030,66,14
8046,p4031,70,21
8047,p4032,91,1
8048,p4033,38,68
8051,p4034,71,90
8054,p4035,1,83
8056,p4036,35,71
8059,p4037,53,1
8062,p4038,1,91
8065,p4039,1,57
8066,p4040,20,57
8067,p4041,90,64
8070,p4042,22,1
8072,p4043,9,1
8074,p4044,14,1
8075,p4045,80,38
8076,p4046,1,61
8078,p4047,80,1
8080,p4048,99,1
8083,p4049,51,32
8086,p4050,94,50
8088,p4051,1,99
8090,p4052,66,15
8093,p4053,1,78
8094,p4054,49,1
8095,p4055,65,4
8098,p4056,91,54
8101,p4057,1,100
8102,p4058,6,1
8104,p4059,74,61
8107,p4060,1,71
8108,p4061,1,65
8111,p4062,95,1
8113,p4063,63,16
8115,p4064,23,1
8117,p4065,1,22
8119,p4066,1,90
8120,p4067,84,81
8123,p4068,89,82
8125,p4069,2,1
8128,p4070,18,1
8130,p4071,71,74
8132,p4072,93,80
8133,p4073,17,69
8134,p4074,99,1
8137,p4075,90,1
8138,p4076,99,1
8140,p4077,1,10
8142,p4078,38,1
8143,p4079,2,1
8144,p4080,1,32
8147,p4081,73,18
8150,p4082,34,35
8152,p4083,1,39
8155,p4084,6,1
8156,p4085,19,98
8158,p4086,5,44
8160,p4087,31,1
8161,p4088,82,46
8163,p4089,70,72
8164,p4090,90,82
8167,p4091,22,32
8168,p4092,21,14
8171,p4093,61,1
8173,p4094,1,8
8175,p4095,93,33
8176,p4096,64,1
8179,p4097,36,82
8180,p4098,1,58
8182,p4099,96,1
8185,p4100,100,1
8186,p4101,1,81
8189,p4102,1,39
8190,p4103,8,72
8193,p4104,1,82
8194,p4105,36,1
8196,p4106,37,58
8199,p4107,70,87
8201,p4108,1,46
8202,p4109,10,1
8204,p4110,1,47
8205,p4111,20,82
8208,p4112,11,15
8209,p4113,1,72
8212,p4114,34,1
8215,p4115,1,25
8216,p4116,19,1
8218,p4117,47,86
8220,p4118,47,1
8223,p4119,99,1
8226,p4120,34,1
8227,p4121,1,97
8230,p4122,25,1
8233,p4123,1,25
8234,p4124,13,1
8237,p4125,1,70
8239,p4126,91,1
8240,p4127,32,83
8243,p4128,79,1
8245,p4129,77,1
8246,p4130,3,1
8248,p4131,1,42
8249,p4132,6,16
8251,p4133,8,42
8253,p4134,44,1
8256,p4135,1,57
8257,p4136,1,70
8260,p4137,79,1
8263,p4138,69,1
8266,p4139,29,1
8269,p4140,49,1
8271,p4141,75,1
8272,p4142,1,90
8274,p4143,35,61
8275,p4144,1,18
8276,p4145,7,1
8279,p4146,1,95
8280,p4147,1,15
8281,p4148,86,68
8284,p4149,34,1
8286,p4150,1,2
8287,p4151,19,1
8289,p4152,19,1
8292,p4153,3,54
8294,p4154,73,92
8296,p4155,86,26
8298,p4156,44,1
8301,p4157,34,1
8303,p4158,1,15
8306,p4159,1,18
8309,p4160,96,91
8312,p4161,1,45
8314,p4162,67,1
8315,p4163,45,68
8317,p4164,97,1
8318,p4165,1,67
8321,p4166,41,1
8324,p4167,1,67
8326,p4168,68,1
8328,p4169,1,98
8331,p4170,1,93
8332,p4171,69,16
8333,p4172,63,1
8336,p4173,1,86
8339,p4174,17,50
8342,p4175,94,56
8343,p4176,63,1
8345,p4177,1,78
8347,p4178,71,59
8350,p4179,41,36
8353,p4180,42,1
8355,p4181,60,1
8357,p4182,34,1
8359,p4183,37,91
8362,p4184,99,1
8363,p4185,1,41
8366,p4186,1,84
8368,p4187,23,71
8370,p4188,91,1
8373,p4189,28,83
8376,p4190,28,1
8377,p4191,1,78
8379,p4192,1,72
8380,p4193,1,58
8383,p4194,83,1
8385,p4195,4,1
8386,p4196,3,1
8389,p4197,23,78
8392,p4198,1,90
8393,p4199,93,89
8395,p4200,27,1
8398,p4201,1,77
8399,p4202,97,23
8400,p4203,1,37
8402,p4204,54,1
8405,p4205,4,1
8408,p4206,43,67
8409,p4207,36,76
8411,p4208,84,77
8414,p4209,1,11
8417,p4210,28,1
8419,p4211,1,13
8422,p4212,17,42
8425,p4213,100,15
8427,p4214,14,76
8430,p4215,46,24
8433,p4216,1,6
8436,p4217,1,83
8438,p4218,48,73
8441,p4219,44,1
8444,p4220,1,13
8447,p4221,66,1
8448,p4222,1,68
8451,p4223,1,30
8454,p4224,1,71
8457,p4225,1,56
8460,p4226,1,19
8463,p4227,1,70
8466,p4228,7,47
8467,p4229,54,1
8468,p4230,67,1
8470,p4231,28,1
8472,p4232,1,51
8475,p4233,95,33
8478,p4234,55,58
8480,p4235,1,86
8481,p4236,1,93
8482,p4237,27,1
8483,p4238,1,28
8486,p4239,41,11
8487,p4240,89,1
8490,p4241,60,50
8492,p4242,16,37
8495,p4243,1,53
8497,p4244,1,95
8498,p4245,98,1
8500,p4246,78,1
8502,p4247,50,1
8505,p4248,84,1
8508,p4249,18,1
8509,p4250,57,1
8510,p4251,48,75
8512,p4252,41,1
8514,p4253,1,37
8515,p4254,43,1
8518,p4255,1,36
8521,p4256,1,28
8524,p4257,75,1
8526,p4258,30,23
8529,p4259,9,1
8531,p4260,1,58
8533,p4261,7,70
8534,p4262,58,1
8536,p4263,93,1
8539,p4264,63,70
8541,p4265,2,21
8542,p4266,7,62
8545,p4267,1,7
8546,p4268,63,1
8547,p4269,1,14
8549,p4270,86,7
8550,p4271,1,18
8551,p4272,52,65
8554,p4273,75,1
8556,p4274,76,1
8559,p4275,1,54
8560,p4276,1,3
8562,p4277,32,1
8563,p4278,2,23
8566,p4279,72,79
8568,p4280,22,1
8571,p4281,100,1
8574,p4282,61,62
8575,p4283,62,1
8578,p4284,42,1
8581,p4285,9,1
8584,p4286,1,44
8585,p4287,97,1
8587,p4288,1,32
8590,p4289,62,1
8592,p4290,9,21
8594,p4291,1,100
8596,p4292,45,53
8599,p4293,60,1
8600,p4294,28,8
8601,p4295,1,18
8603,p4296,1,9
8606,p4297,42,1
8608,p4298,32,1
8610,p4299,2,1
8612,p4300,1,48
8614,p4301,90,77
8615,p4302,47,1
8618,p4303,12,1
8620,p4304,1,38
8621,p4305,23,34
8623,p4306,97,1
8625,p4307,1,34
8626,p4308,95,1
8629,p4309,56,57
8630,p4310,1,4
8631,p4311,1,83
8634,p4312,1,86
8636,p4313,2,1
8637,p4314,1,85
8639,p4315,97,1
8640,p4316,28,1
8641,p4317,1,73
8643,p4318,11,1
8645,p4319,1,9
8648,p4320,28,1
8651,p4321,84,1
8653,p4322,1,83
8654,p4323,75,70
8655,p4324,10,54
8658,p4325,88,1
8659,p4326,100,1
8662,p4327,42,1
8665,p4328,87,94
8668,p4329,46,67
8669,p4330,1,79
8672,p4331,1,3
8675,p4332,12,1
8677,p4333,19,1
8680,p4334,1,14
8683,p4335,33,1
8684,p4336,6,27
8687,p4337,62,21
8688,p4338,1,3
8691,p4339,66,1
8692,p4340,71,100
8693,p4341,1,33
8694,p4342,1,96
8695,p4343,18,1
8696,p4344,79,1
8698,p4345,1,62
8699,p4346,75,1
8700,p4347,15,75
8701,p4348,50,32
8702,p4349,10,1
8703,p4350,74,1
8706,p4351,47,1
8709,p4352,55,35
8712,p4353,6,1
8713,p4354,73,1
8715,p4355,1,72
8716,p4356,1,85
8718,p4357,85,1
8719,p4358,9,42
8720,p4359,95,13
8721,p4360,77,1
8723,p4361,91,1
8726,p4362,1,44
8727,p4363,42,1
8730,p4364,1,69
8733,p4365,1,34
8735,p4366,39,1
8737,p4367,44,27
8738,p4368,33,1
8741,p4369,100,1
8744,p4370,84,1
8746,p4371,60,1
8749,p4372,28,1
8751,p4373,1,30
8752,p4374,1,87
8755,p4375,12,1
8756,p4376,54,1
8759,p4377,1,54
8761,p4378,36,1
8763,p4379,9,1
8764,p4380,22,11
8765,p4381,56,7
8766,p4382,1,79
8768,p4383,1,31
8769,p4384,1,40
8771,p4385,35,1
8772,p4386,1,79
8774,p4387,25,1
8777,p4388,5,1
8779,p4389,1,60
8781,p4390,82,1
8782,p4391,95,9
8784,p4392,27,37
8787,p4393,62,1
8789,p4394,39,1
8791,p4395,1,77
8793,p4396,83,1
8796,p4397,1,33
8799,p4398,14,85
8801,p4399,97,1
8803,p4400,33,76
8804,p4401,98,90
8805,p4402,20,1
8806,p4403,85,9
8807,p4404,1,71
8809,p4405,60,90
8810,p4406,52,1
8812,p4407,3,1
8813,p4408,68,1
8815,p4409,1,48
8817,p4410,53,4
8820,p4411,1,30
8823,p4412,13,1
8824,p4413,6,17
8827,p4414,1,88
8830,p4415,65,23
8833,p4416,10,42
8835,p4417,40,1
8836,p4418,13,76
8839,p4419,1,85
8842,p4420,96,79
8844,p4421,51,49
8845,p4422,4,1
8846,p4423,1,50
8847,p4424,46,48
8850,p4425,1,52
8851,p4426,8,1
8854,p4427,12,36
8857,p4428,1,11
8859,p4429,18,23
8860,p4430,19,42
8861,p4431,1,45
8863,p4432,87,1
8866,p4433,1,63
8869,p4434,82,44
8871,p4435,8,1
8874,p4436,1,16
8875,p4437,19,37
8877,p4438,1,72
8880,p4439,8,1
8882,p4440,87,30
8883,p4441,89,1
8886,p4442,1,62
8887,p4443,22,61
8889,p4444,45,10
8892,p4445,74,1
8893,p4446,50,1
8896,p4447,1,4
8897,p4448,32,1
8899,p4449,42,10
8902,p4450,74,6
8903,p4451,1,95
8904,p4452,80,1
8906,p4453,84,1
8908,p4454,45,1
8911,p4455,1,55
8913,p4456,83,11
8915,p4457,3,93
8918,p4458,1,46
8921,p4459,88,1
8922,p4460,15,1
8923,p4461,46,41
8926,p4462,1,57
8927,p4463,1,58
8928,p4464,3,76
8929,p4465,39,1
8931,p4466,95,85
8932,p4467,57,1
8935,p4468,42,1
8938,p4469,28,1
8940,p4470,70,1
8941,p4471,74,1
8942,p4472,58,39
8944,p4473,74,1
8946,p4474,98,27
8948,p4475,75,17
8950,p4476,2,55
8951,p4477,40,1
8954,p4478,1,19
8955,p4479,1,34
8957,p4480,1,69
8959,p4481,40,1
8961,p4482,50,13
8962,p4483,76,52
8964,p4484,1,35
8967,p4485,100,16
8968,p4486,69,1
8970,p4487,1,97
8973,p4488,20,21
8974,p4489,76,1
8976,p4490,47,1
8977,p4491,1,98
8978,p4492,56,1
8979,p4493,82,49
8981,p4494,60,64
8984,p4495,1,94
8987,p4496,1,17
8990,p4497,82,22
8993,p4498,4,77
8994,p4499,33,1
8997,p4500,40,1
8998,p4501,87,47
9000,p4502,49,1
9002,p4503,47,84
9003,p4504,1,38
9006,p4505,44,1
9007,p4506,20,1
9010,p4507,1,70
9012,p4508,58,1
9013,p4509,61,7
9015,p4510,9,68
9018,p4511,50,19
9019,p4512,58,40
9022,p4513,33,73
9023,p4514,1,78
9024,p4515,97,1
9026,p4516,1,65
9027,p4517,40,1
9030,p4518,17,1
9032,p4519,22,21
9034,p4520,1,30
9037,p4521,75,87
9040,p4522,7,84
9043,p4523,56,1
9046,p4524,22,92
9049,p4525,1,91
9052,p4526,43,1
9054,p4527,28,1
9057,p4528,1,86
9060,p4529,64,1
9061,p4530,1,18
9064,p4531,86,1
9067,p4532,92,1
9068,p4533,85,100
9070,p4534,68,1
9072,p4535,1,40
9075,p4536,93,1
9076,p4537,1,99
9077,p4538,1,73
9078,p4539,31,1
9080,p4540,70,1
9083,p4541,1,35
9084,p4542,4,1
9086,p4543,1,32
9089,p4544,85,1
9092,p4545,44,1
9094,p4546,1,86
9096,p4547,1,39
9098,p4548,37,1
9100,p4549,21,1
9102,p4550,65,1
9105,p4551,22,1
9106,p4552,91,1
9107,p4553,1,4
9110,p4554,1,78
9113,p4555,1,48
9114,p4556,49,1
9116,p4557,76,1
9118,p4558,45,1
9119,p4559,25,1
9120,p4560,42,18
9122,p4561,75,55
9124,p4562,24,41
9126,p4563,15,1
9127,p4564,80,36
9129,p4565,1,7
9130,p4566,96,1
9133,p4567,90,1
9135,p4568,1,11
9136,p4569,25,34
9139,p4570,1,30
9140,p4571,1,42
9141,p4572,74,1
9144,p4573,99,1
9146,p4574,19,1
9147,p4575,1,75
9149,p4576,1,20
9150,p4577,5,17
9151,p4578,1,58
9154,p4579,1,16
9157,p4580,26,3
9158,p4581,1,40
9160,p4582,48,43
9161,p4583,1,85
9163,p4584,83,23
9166,p4585,1,88
9169,p4586,44,23
9170,p4587,35,93
9173,p4588,1,54
9175,p4589,1,15
9177,p4590,40,5
9179,p4591,68,49
9181,p4592,23,1
9182,p4593,1,76
9185,p4594,26,96
9187,p4595,30,1
9188,p4596,1,51
9190,p4597,1,3
9193,p4598,1,43
9194,p4599,23,58
9197,p4600,1,90
9199,p4601,41,1
9200,p4602,76,1
9203,p4603,99,1
9206,p4604,97,1
9207,p4605,6,15
9209,p4606,1,46
9210,p4607,1,10
9211,p4608,26,10
9212,p4609,45,1
9214,p4610,1,63
9217,p4611,1,25
9218,p4612,1,53
9221,p4613,99,1
9223,p4614,72,1
9224,p4615,1,8
9225,p4616,48,1
9226,p4617,67,1
9227,p4618,1,40
9229,p4619,89,1
9231,p4620,1,41
9234,p4621,69,66
9235,p4622,1,75
9238,p4623,39,1
9239,p4624,1,95
9242,p4625,80,47
9244,p4626,1,66
9245,p4627,1,76
9247,p4628,63,50
9250,p4629,18,1
9251,p4630,1,36
9253,p4631,43,1
9255,p4632,49,1
9258,p4633,24,13
9259,p4634,26,1
9260,p4635,12,1
9262,p4636,1,75
9265,p4637,5,51
9268,p4638,18,1
9269,p4639,1,69
9270,p4640,1,66
9273,p4641,65,58
9274,p4642,77,1
9275,p4643,92,29
9276,p4644,1,22
9279,p4645,1,2
9282,p4646,1,89
9285,p4647,64,1
9287,p4648,4,69
9288,p4649,3,61
9291,p4650,66,82
9292,p4651,1,66
9295,p4652,23,1
9296,p4653,1,2
9298,p4654,79,1
9299,p4655,69,65
9300,p4656,1,66
9302,p4657,74,48
9305,p4658,59,1
9308,p4659,16,28
9309,p4660,1,54
9310,p4661,28,1
9312,p4662,1,30
9314,p4663,4,1
9315,p4664,30,19
9316,p4665,1,25
9319,p4666,1,87
9321,p4667,11,4
9324,p4668,2,7
9327,p4669,19,7
9329,p4670,31,62
9330,p4671,35,86
9332,p4672,1,10
9333,p4673,78,1
9336,p4674,1,4
9337,p4675,1,9
9340,p4676,7,1
9342,p4677,85,97
9344,p4678,1,26
9345,p4679,78,22
9346,p4680,1,82
9347,p4681,8,57
9348,p4682,1,58
9351,p4683,100,1
9352,p4684,13,3
9353,p4685,90,1
9355,p4686,58,9
9357,p4687,1,29
9359,p4688,45,1
9362,p4689,78,1
9363,p4690,1,7
9366,p4691,38,1
9369,p4692,1,45
9372,p4693,1,75
9375,p4694,1,98
9377,p4695,77,1
9378,p4696,1,34
9379,p4697,22,16
9382,p4698,39,1
9384,p4699,1,19
9386,p4700,78,38
9388,p4701,1,17
9389,p4702,1,96
9390,p4703,1,53
9393,p4704,1,27
9394,p4705,10,21
9397,p4706,25,51
9400,p4707,14,2
9403,p4708,38,1
9404,p4709,76,1
9406,p4710,1,13
9407,p4711,44,39
9408,p4712,1,83
9411,p4713,50,63
9413,p4714,1,99
9414,p4715,99,55
9416,p4716,97,1
9417,p4717,1,25
9420,p4718,40,1
9422,p4719,61,1
9423,p4720,61,17
9424,p4721,88,86
9425,p4722,37,1
9427,p4723,23,1
9428,p4724,1,96
9430,p4725,16,1
9433,p4726,15,1
9434,p4727,34,66
9437,p4728,22,1
9440,p4729,47,41
9441,p4730,1,81
9444,p4731,68,63
9446,p4732,1,81
9448,p4733,65,44
9451,p4734,1,91
9452,p4735,84,12
9454,p4736,1,7
9456,p4737,1,2
9459,p4738,18,1
9461,p4739,43,1
9463,p4740,57,1
9464,p4741,63,1
9465,p4742,66,31
9466,p4743,52,2
9467,p4744,19,1
9470,p4745,82,94
9473,p4746,1,60
9474,p4747,1,24
9476,p4748,96,76
9477,p4749,73,96
9480,p4750,1,46
9482,p4751,5,3
9484,p4752,1,87
9486,p4753,1,98
9489,p4754,52,37
9490,p4755,40,1
9493,p4756,1,10
9496,p4757,56,87
9497,p4758,1,42
9498,p4759,74,88
9499,p4760,95,1
9501,p4761,82,15
9503,p4762,69,55
9504,p4763,87,1
9507,p4764,20,48
9508,p4765,4,67
9510,p4766,13,50
9512,p4767,1,41
9513,p4768,90,83
9514,p4769,22,1
9517,p4770,31,87
9519,p4771,94,19
9522,p4772,15,1
9523,p4773,62,14
9526,p4774,13,29
9528,p4775,55,44
9531,p4776,98,1
9534,p4777,60,28
9535,p4778,1,87
9537,p4779,16,1
9539,p4780,88,1
9541,p4781,93,36
9542,p4782,90,1
9544,p4783,1,35
9547,p4784,66,1
9550,p4785,1,3
9551,p4786,1,40
9554,p4787,53,1
9555,p4788,49,26
9557,p4789,85,61
9558,p4790,1,44
9559,p4791,1,45
9562,p4792,1,97
9564,p4793,11,78
9567,p4794,35,1
9570,p4795,10,1
9573,p4796,42,1
9575,p4797,69,10
9576,p4798,1,79
9579,p4799,48,1
9580,p4800,24,17
9581,p4801,68,50
9584,p4802,25,1
9585,p4803,3,1
9588,p4804,95,81
9591,p4805,68,86
9594,p4806,1,56
9597,p4807,47,1
9599,p4808,56,1
9600,p4809,83,1
9601,p4810,64,72
9603,p4811,4,20
9605,p4812,1,58
9606,p4813,18,1
9609,p4814,74,1
9610,p4815,85,1
9611,p4816,1,85
9614,p4817,24,30
9615,p4818,38,1
9617,p4819,39,99
9619,p4820,1,9
9622,p4821,37,1
9625,p4822,86,1
9627,p4823,14,18
9628,p4824,1,50
9631,p4825,1,56
9633,p4826,1,6
9636,p4827,50,1
9638,p4828,91,14
9641,p4829,86,12
9644,p4830,72,7
9646,p4831,99,1
9649,p4832,42,1
9650,p4833,98,1
9652,p4834,1,77
9654,p4835,27,1
9657,p4836,21,8
9658,p4837,66,1
9660,p4838,1,32
9661,p4839,36,1
9664,p4840,24,83
9667,p4841,29,1
9669,p4842,36,1
9672,p4843,1,22
9674,p4844,1,73
9675,p4845,67,1
9678,p4846,20,1
9681,p4847,1,93
9683,p4848,82,1
9686,p4849,1,49
9688,p4850,69,10
9691,p4851,1,3
9692,p4852,62,15
9694,p4853,1,16
9697,p4854,1,72
9699,p4855,63,1
9700,p4856,6,1
9701,p4857,4,91
9704,p4858,45,81
9707,p4859,1,72
9708,p4860,97,40
9710,p4861,81,6
9712,p4862,17,63
9714,p4863,48,1
9717,p4864,1,99
9718,p4865,81,89
9721,p4866,27,7
9722,p4867,92,1
9723,p4868,97,83
9724,p4869,36,1
9725,p4870,1,37
9728,p4871,51,4
9731,p4872,93,1
9734,p4873,1,76
9737,p4874,1,75
9738,p4875,37,1
9739,p4876,1,75
9742,p4877,29,100
9744,p4878,46,1
9745,p4879,1,3
9747,p4880,1,49
9748,p4881,1,70
9749,p4882,23,83
9751,p4883,45,46
9752,p4884,78,1
9754,p4885,10,1
9756,p4886,58,73
9757,p4887,26,18
9758,p4888,6,1
9760,p4889,30,1
9763,p4890,1,63
9766,p4891,1,84
9767,p4892,13,1
9769,p4893,80,49
9772,p4894,1,98
9774,p4895,1,42
9777,p4896,1,66
9780,p4897,1,96
9783,p4898,1,10
9785,p4899,28,89
9786,p4900,87,93
9788,p4901,1,16
9791,p4902,1,5
9792,p4903,2,1
9795,p4904,77,34
9797,p4905,1,47
9799,p4906,1,8
9802,p4907,1,15
9805,p4908,7,1
9808,p4909,1,53
9811,p4910,1,67
9814,p4911,10,1
9817,p4912,1,31
9818,p4913,98,1
9819,p4914,39,1
9821,p4915,63,1
9823,p4916,1,82
9824,p4917,91,18
9826,p4918,87,1
9827,p4919,1,16
9830,p4920,28,1
9833,p4921,10,1
9835,p4922,1,50
9837,p4923,1,55
9840,p4924,1,51
9842,p4925,1,79
9845,p4926,1,29
9848,p4927,11,1
9850,p4928,1,15
9851,p4929,1,54
9853,p4930,23,79
9856,p4931,1,51
9859,p4932,45,1
9860,p4933,6,1
9862,p4934,1,53
9863,p4935,11,1
9865,p4936,1,47
9868,p4937,1,54
9869,p4938,20,1
9870,p4939,86,21
9872,p4940,1,88
9875,p4941,8,54
9877,p4942,90,75
9878,p4943,3,72
9880,p4944,81,6
9883,p4945,27,89
9886,p4946,66,1
9887,p4947,2,1
9889,p4948,1,21
9892,p4949,70,39
9894,p4950,1,42
9897,p4951,69,1
9900,p4952,98,45
9902,p4953,67,1
9903,p4954,31,1
9906,p4955,45,1
9907,p4956,8,21
9909,p4957,1,87
9911,p4958,62,49
9914,p4959,26,62
9917,p4960,41,1
9918,p4961,53,1
9920,p4962,71,1
9921,p4963,1,30
9924,p4964,1,100
9925,p4965,21,1
9927,p4966,1,75
9928,p4967,3,53
9931,p4968,1,91
9934,p4969,1,29
9937,p4970,80,19
9939,p4971,1,66
9941,p4972,1,95
9942,p4973,21,1
9945,p4974,1,9
9947,p4975,1,68
9948,p4976,50,6
9949,p4977,88,1
9950,p4978,64,1
9951,p4979,19,60
9954,p4980,100,1
9956,p4981,51,1
9959,p4982,1,22
9960,p4983,38,1
9962,p4984,3,1
9965,p4985,87,1
9966,p4986,5,1
9967,p4987,1,36
9970,p4988,67,1
9973,p4989,52,1
9976,p4990,82,75
9979,p4991,49,1
9980,p4992,1,60
9981,p4993,1,81
9982,p4994,1,76
9984,p4995,45,1
9986,p4996,52,1
9987,p4997,16,1
9988,p4998,18,1
9990,p4999,64,9
9991,p5000,8,85
9993,p5001,88,71
9996,p5002,97,1
9997,p5003,22,76
9998,p5004,81,1
10001,p5005,43,90
10003,p5006,43,18
10005,p5007,28,1
10008,p5008,40,1
10011,p5009,5,75
10014,p5010,1,29
10015,p5011,55,54
10017,p5012,44,1
10018,p5013,35,1
10019,p5014,28,40
10021,p5015,1,90
10024,p5016,67,49
10027,p5017,30,1
10028,p5018,1,33
10030,p5019,82,1
10033,p5020,30,48
10035,p5021,12,20
10038,p5022,52,1
10039,p5023,70,87
10042,p5024,1,56
10044,p5025,70,1
10045,p5026,1,91
10047,p5027,1,74
10049,p5028,1,38
10051,p5029,11,88
10054,p5030,91,53
10055,p5031,38,1
10056,p5032,36,1
10057,p5033,1,82
10060,p5034,33,12
10062,p5035,72,1
10063,p5036,22,1
10064,p5037,1,82
10067,p5038,24,1
10068,p5039,1,26
10070,p5040,11,83
10071,p5041,95,1
10074,p5042,25,1
10075,p5043,56,1
10076,p5044,89,53
10078,p5045,1,77
10081,p5046,84,34
10083,p5047,1,86
10085,p5048,1,45
10088,p5049,11,69
10091,p5050,37,1
10094,p5051,13,87
10095,p5052,1,59
10098,p5053,73,1
10101,p5054,28,67
10104,p5055,1,71
10105,p5056,66,1
10106,p5057,71,1
10109,p5058,52,42
10110,p5059,77,88
10113,p5060,1,47
10115,p5061,36,1
10118,p5062,24,46
10119,p5063,47,74
10121,p5064,1,98
10124,p5065,69,1
10126,p5066,41,1
10127,p5067,1,67
10130,p5068,50,1
10132,p5069,97,1
10135,p5070,82,1
10136,p5071,41,1
10137,p5072,3,94
10139,p5073,1,56
10140,p5074,47,1
10143,p5075,1,25
10146,p5076,1,79
10148,p5077,69,1
10149,p5078,91,1
10152,p5079,94,96
10155,p5080,1,98
10157,p5081,85,12
10158,p5082,1,62
10159,p5083,1,87
10161,p5084,35,89
10162,p5085,12,1
10164,p5086,37,4
10165,p5087,1,47
10166,p5088,85,1
10169,p5089,99,1
10170,p5090,70,32
10173,p5091,1,53
10176,p5092,1,79
10178,p5093,17,1
10179,p5094,78,1
10180,p5095,6,64
10182,p5096,1,75
10185,p5097,47,1
10187,p5098,69,1
10190,p5099,16,1
10191,p5100,12,58
10192,p5101,1,49
10195,p5102,79,32
10196,p5103,1,20
10198,p5104,98,1
10199,p5105,1,91
10200,p5106,38,17
10202,p5107,18,1
10203,p5108,1,60
10204,p5109,45,1
10206,p5110,50,61
10209,p5111,1,8
10212,p5112,47,1
10213,p5113,57,1
10216,p5114,80,1
10219,p5115,36,1
10221,p5116,51,1
10223,p5117,59,36
10226,p5118,25,90
10227,p5119,2,61
10230,p5120,1,29
10232,p5121,8,98
10233,p5122,54,1
10236,p5123,1,11
10239,p5124,1,95
10240,p5125,59,1
10243,p5126,69,30
10245,p5127,21,46
10248,p5128,62,1
10251,p5129,22,1
10253,p5130,7,1
10255,p5131,1,59
10257,p5132,60,1
10258,p5133,61,1
10260,p5134,7,81
10263,p5135,41,1
10264,p5136,30,46
10267,p5137,77,63
10268,p5138,1,7
10269,p5139,96,23
10272,p5140,1,68
10275,p5141,5,22
10278,p5142,1,17
10279,p5143,96,1
10281,p5144,1,68
10284,p5145,8,96
10286,p5146,1,68
10287,p5147,54,1
10289,p5148,56,71
10290,p5149,1,75
10291,p5150,1,7
10294,p5151,1,100
10296,p5152,88,17
10297,p5153,77,25
10300,p5154,1,10
10303,p5155,18,1
10304,p5156,84,1
10306,p5157,30,100
10307,p5158,1,100
10308,p5159,2,73
10309,p5160,68,37
10312,p5161,1,88
10313,p5162,1,94
10316,p5163,62,96
10318,p5164,1,77
10321,p5165,32,1
10324,p5166,79,18
10327,p5167,1,95
10330,p5168,5,61
10332,p5169,1,64
10335,p5170,15,1
10338,p5171,58,84
10339,p5172,62,9
10342,p5173,32,1
10344,p5174,59,1
10347,p5175,5,86
10350,p5176,67,1
10353,p5177,69,1
10354,p5178,15,80
10355,p5179,1,86
10358,p5180,100,1
10361,p5181,1,74
10364,p5182,43,2
10365,p5183,1,83
10366,p5184,28,42
10368,p5185,61,82
10370,p5186,82,1
10372,p5187,1,23
10374,p5188,36,1
10376,p5189,96,99
10378,p5190,48,1
10381,p5191,78,82
10382,p5192,31,1
10384,p5193,1,83
10387,p5194,7,43
10389,p5195,1,63
10390,p5196,1,79
10393,p5197,34,1
10396,p5198,7,48
10399,p5199,1,54
10402,p5200,35,1
10404,p5201,23,18
10406,p5202,41,38
10408,p5203,1,88
10410,p5204,47,1
10411,p5205,1,84
10414,p5206,1,88
10415,p5207,69,1
10418,p5208,6,92
10420,p5209,93,96
10422,p5210,1,40
10425,p5211,1,20
10428,p5212,28,1
10431,p5213,20,83
10432,p5214,82,46
10435,p5215,1,38
10436,p5216,1,83
10438,p5217,1,72
10440,p5218,26,1
10443,p5219,1,81
10446,p5220,1,88
10449,p5221,66,24
10450,p5222,58,99
10452,p5223,62,73
10454,p5224,14,1
10456,p5225,33,2
10458,p5226,1,47
10461,p5227,1,61
10462,p5228,71,43
10464,p5229,1,40
10467,p5230,25,1
10469,p5231,1,90
10470,p5232,1,72
10472,p5233,1,97
10474,p5234,1,34
10477,p5235,70,1
10480,p5236,1,37
10482,p5237,89,85
10483,p5238,1,60
10485,p5239,2,1
10488,p5240,1,91
10491,p5241,21,1
10493,p5242,1,10
10496,p5243,1,11
10498,p5244,1,30
10500,p5245,10,26
10501,p5246,1,73
10502,p5247,1,13
10503,p5248,74,1
10506,p5249,46,49
10507,p5250,94,70
10509,p5251,1,22
10511,p5252,42,1
10512,p5253,44,1
10514,p5254,30,1
10516,p5255,31,2
10518,p5256,27,98
10521,p5257,81,1
10522,p5258,9,64
10524,p5259,1,89
10526,p5260,2,1
10529,p5261,68,73
10531,p5262,83,94
10533,p5263,42,1
10534,p5264,31,1
10537,p5265,25,48
10538,p5266,1,48
10541,p5267,1,48
10542,p5268,98,54
10544,p5269,1,64
10546,p5270,1,33
10548,p5271,17,1
10549,p5272,29,17
10551,p5273,15,1
10553,p5274,25,59
10556,p5275,5,43
10558,p5276,89,1
10559,p5277,37,1
10561,p5278,46,1
10563,p5279,1,15
10564,p5280,44,26
10567,p5281,64,72
10568,p5282,1,53
10571,p5283,16,8
10572,p5284,84,1
10573,p5285,7,16
10576,p5286,68,34
10578,p5287,89,98
10580,p5288,29,39
10583,p5289,9,1
10585,p5290,49,1
10588,p5291,1,19
10590,p5292,25,37
10593,p5293,23,57
10595,p5294,90,87
10598,p5295,36,1
10600,p5296,79,1
10603,p5297,66,59
10605,p5298,45,60
10607,p5299,32,1
10608,p5300,69,1
10611,p5301,8,1
10614,p5302,67,1
10617,p5303,72,1
10618,p5304,70,1
10621,p5305,22,31
10622,p5306,63,86
10624,p5307,97,1
10625,p5308,49,1
10627,p5309,1,77
10628,p5310,9,83
10630,p5311,8,6
10633,p5312,1,91
10636,p5313,28,39
10639,p5314,3,24
10641,p5315,12,1
10642,p5316,1,81
10643,p5317,1,65
10646,p5318,1,15
10648,p5319,80,27
10649,p5320,88,38
10650,p5321,93,1
10653,p5322,1,69
10655,p5323,1,39
10657,p5324,1,55
10658,p5325,20,14
10660,p5326,1,69
10663,p5327,26,33
10665,p5328,63,1
10666,p5329,1,25
10669,p5330,1,93
10671,p5331,100,97
10673,p5332,49,100
10674,p5333,71,72
10676,p5334,1,71
10677,p5335,56,58
10679,p5336,1,46
10680,p5337,1,100
10681,p5338,17,1
10682,p5339,77,98
10684,p5340,72,10
10686,p5341,1,65
10689,p5342,86,98
10691,p5343,1,48
10694,p5344,4,1
10696,p5345,45,1
10698,p5346,41,36
10700,p5347,69,1
10702,p5348,92,1
10703,p5349,1,96
10704,p5350,78,16
10706,p5351,54,3
10708,p5352,51,92
10709,p5353,1,100
10712,p5354,38,1
10714,p5355,22,49
10716,p5356,58,1
10718,p5357,1,7
10719,p5358,1,39
10721,p5359,1,63
10722,p5360,1,61
10723,p5361,65,1
10724,p5362,36,39
10726,p5363,1,91
10728,p5364,77,1
10731,p5365,1,48
10734,p5366,1,72
10736,p5367,1,57
10739,p5368,73,77
10740,p5369,1,33
10743,p5370,1,17
10745,p5371,24,1
10746,p5372,1,55
10747,p5373,22,97
10748,p5374,1,23
10749,p5375,1,69
10750,p5376,83,1
10753,p5377,1,93
10756,p5378,69,83
10759,p5379,88,62
10760,p5380,1,30
10762,p5381,24,50
10764,p5382,40,1
10766,p5383,46,1
10767,p5384,63,1
10770,p5385,2,1
10773,p5386,40,18
10775,p5387,1,64
10777,p5388,100,1
10780,p5389,1,62
10782,p5390,1,72
10784,p5391,80,97
10785,p5392,62,18
10788,p5393,33,1
10789,p5394,1,28
10790,p5395,45,59
10791,p5396,21,1
10794,p5397,40,1
10795,p5398,1,57
10796,p5399,10,35
10798,p5400,40,1
10800,p5401,1,15
10801,p5402,27,1
10802,p5403,1,34
10804,p5404,89,1
10805,p5405,39,79
10808,p5406,39,98
10810,p5407,53,94
10812,p5408,1,85
10813,p5409,40,1
10815,p5410,1,81
10816,p5411,1,76
10819,p5412,56,73
10820,p5413,1,33
10821,p5414,94,73
10823,p5415,1,95
10825,p5416,1,17
10826,p5417,62,1
10828,p5418,40,97
10829,p5419,1,32
10831,p5420,9,58
10833,p5421,1,39
10836,p5422,39,75
10838,p5423,59,1
10839,p5424,1,83
10842,p5425,49,1
10845,p5426,1,89
10848,p5427,45,33
10851,p5428,1,81
10854,p5429,89,67
10857,p5430,24,1
10860,p5431,98,1
10861,p5432,96,91
10863,p5433,52,1
10865,p5434,1,80
10866,p5435,63,24
10869,p5436,37,1
10871,p5437,1,49
10873,p5438,23,46
10876,p5439,1,97
10879,p5440,1,62
10882,p5441,5,1
10885,p5442,34,31
10888,p5443,74,30
10890,p5444,68,56
10892,p5445,1,69
10894,p5446,11,23
10895,p5447,1,78
10896,p5448,57,93
10898,p5449,1,94
10901,p5450,57,94
10904,p5451,26,1
10906,p5452,1,61
10909,p5453,1,79
10910,p5454,1,60
10911,p5455,73,1
10913,p5456,1,44
10915,p5457,90,1
10918,p5458,1,39
10921,p5459,81,1
10922,p5460,1,9
10923,p5461,1,62
10924,p5462,35,1
10925,p5463,64,24
10926,p5464,1,87
10928,p5465,56,1
10931,p5466,1,74
10933,p5467,60,1
10936,p5468,5,1
10937,p5469,100,92
10938,p5470,47,9
10939,p5471,71,43
10941,p5472,6,73
10944,p5473,38,1
10945,p5474,1,28
10947,p5475,1,34
10948,p5476,1,54
10950,p5477,37,10
10951,p5478,82,1
10952,p5479,1,83
10953,p5480,1,16
10956,p5481,45,40
10958,p5482,1,51
10961,p5483,48,1
10962,p5484,80,1
10964,p5485,1,5
10965,p5486,62,70
10968,p5487,1,53
10969,p5488,29,1
10971,p5489,100,9
10972,p5490,16,97
10975,p5491,1,18
10976,p5492,28,1
10979,p5493,44,1
10980,p5494,64,67
10982,p5495,47,37
10985,p5496,1,90
10986,p5497,36,1
10988,p5498,1,34
10991,p5499,1,44
10993,p5500,16,81
10995,p5501,16,1
10997,p5502,17,40
10999,p5503,19,1
11002,p5504,44,1
11004,p5505,17,6
11006,p5506,51,1
11009,p5507,1,58
11010,p5508,9,85
11013,p5509,1,45
11016,p5510,1,50
11018,p5511,1,72
11020,p5512,1,10
11022,p5513,84,97
11025,p5514,15,1
11028,p5515,97,1
11031,p5516,14,2
11032,p5517,43,1
11033,p5518,1,11
11036,p5519,72,1
11037,p5520,99,74
11040,p5521,97,1
11042,p5522,41,15
11044,p5523,72,95
11047,p5524,80,47
11049,p5525,5,81
11050,p5526,47,69
11051,p5527,54,79
11054,p5528,100,1
11055,p5529,1,15
11058,p5530,49,1
11060,p5531,1,58
11063,p5532,35,99
11064,p5533,1,24
11066,p5534,40,1
11067,p5535,69,59
11068,p5536,80,26
11071,p5537,28,43
11073,p5538,48,1
11074,p5539,25,86
11077,p5540,1,51
11078,p5541,78,1
11080,p5542,30,23
11083,p5543,1,72
11085,p5544,8,1
11088,p5545,1,59
11089,p5546,63,74
11090,p5547,24,1
11091,p5548,53,92
11094,p5549,1,10
11097,p5550,54,17
11098,p5551,1,35
11100,p5552,45,97
11102,p5553,85,91
11104,p5554,17,1
11107,p5555,45,1
11108,p5556,1,57
11110,p5557,34,1
11111,p5558,81,20
11113,p5559,1,52
11115,p5560,1,76
11118,p5561,77,1
11120,p5562,57,1
11123,p5563,27,89
11124,p5564,55,1
11127,p5565,1,93
11130,p5566,51,68
11133,p5567,13,27
11135,p5568,42,11
11138,p5569,1,38
11141,p5570,1,6
11143,p5571,1,71
11146,p5572,90,1
11147,p5573,6,1
11149,p5574,35,1
11151,p5575,72,1
11154,p5576,93,96
11156,p5577,28,48
11158,p5578,1,16
11159,p5579,11,1
11160,p5580,60,7
11161,p5581,1,21
11162,p5582,1,10
11165,p5583,1,30
11168,p5584,40,1
11171,p5585,1,20
11174,p5586,98,1
11177,p5587,93,1
11179,p5588,1,45
11181,p5589,23,76
11183,p5590,50,85
11186,p5591,1,36
11189,p5592,41,1
11191,p5593,71,1
11194,p5594,7,48
11196,p5595,24,25
11198,p5596,1,71
11199,p5597,1,68
11201,p5598,39,22
11202,p5599,12,1
11203,p5600,74,1
11205,p5601,12,85
11207,p5602,22,64
11208,p5603,100,1
11211,p5604,40,1
11213,p5605,1,53
11214,p5606,90,14
11216,p5607,36,82
11217,p5608,19,1
11220,p5609,1,94
11221,p5610,55,1
11224,p5611,1,81
11225,p5612,1,83
11226,p5613,1,47
11228,p5614,1,97
11230,p5615,65,79
11233,p5616,57,64
11236,p5617,30,1
11238,p5618,4,1
11239,p5619,76,1
11242,p5620,2,17
11243,p5621,77,1
11244,p5622,55,1
11245,p5623,37,1
11248,p5624,1,94
11249,p5625,1,58
11252,p5626,1,97
11254,p5627,71,75
11257,p5628,1,60
11260,p5629,3,36
11263,p5630,18,87
11266,p5631,19,1
11269,p5632,1,99
11272,p5633,79,94
11274,p5634,1,74
11276,p5635,67,1
11279,p5636,35,1
11281,p5637,58,1
11282,p5638,1,93
11284,p5639,50,28
11286,p5640,5,16
11288,p5641,57,34
11289,p5642,80,1
11291,p5643,3,1
11293,p5644,14,1
11296,p5645,82,95
11298,p5646,83,29
11300,p5647,2,1
11301,p5648,1,84
11303,p5649,25,1
11306,p5650,5,46
11307,p5651,17,81
11310,p5652,73,1
11312,p5653,86,1
11314,p5654,75,97
11317,p5655,1,3
11320,p5656,5,52
11323,p5657,23,6
11326,p5658,42,99
11327,p5659,7,1
11329,p5660,84,87
11331,p5661,29,1
11334,p5662,42,83
11337,p5663,50,56
11338,p5664,73,1
11341,p5665,1,55
11343,p5666,1,59
11345,p5667,39,1
11346,p5668,58,1
11349,p5669,28,47
11352,p5670,1,53
11354,p5671,26,85
11356,p5672,58,1
11358,p5673,1,56
11360,p5674,44,1
11361,p5675,77,1
11363,p5676,15,83
11364,p5677,5,1
11366,p5678,1,27
11368,p5679,81,62
11371,p5680,65,1
11374,p5681,62,1
11376,p5682,1,90
11377,p5683,21,1
11378,p5684,63,1
11380,p5685,9,22
11382,p5686,86,52
11384,p5687,56,1
11385,p5688,11,4
11388,p5689,57,1
11389,p5690,79,1
11392,p5691,89,35
11393,p5692,91,1
11395,p5693,44,20
11398,p5694,1,22
11401,p5695,78,1
11404,p5696,67,10
11406,p5697,1,70
11409,p5698,47,1
11411,p5699,85,78
11412,p5700,40,13
11415,p5701,4,85
11416,p5702,1,81
11418,p5703,74,68
11420,p5704,80,1
11423,p5705,61,1
11425,p5706,12,24
11428,p5707,90,1
11431,p5708,53,1
11433,p5709,45,1
11434,p5710,48,1
11435,p5711,1,98
11437,p5712,1,71
11438,p5713,56,1
11441,p5714,78,1
11442,p5715,14,1
11443,p5716,1,91
11444,p5717,1,46
11445,p5718,48,56
11448,p5719,17,1
11450,p5720,94,1
11452,p5721,8,1
11454,p5722,82,1
11455,p5723,73,76
11456,p5724,55,1
11457,p5725,82,1
11458,p5726,1,25
11460,p5727,85,86
11463,p5728,1,91
11464,p5729,68,1
11466,p5730,1,3
11468,p5731,1,78
11469,p5732,1,66
11470,p5733,100,1
11473,p5734,99,96
11474,p5735,1,4
11477,p5736,54,1
11480,p5737,28,1
11483,p5738,85,1
11484,p5739,1,15
11486,p5740,64,9
11487,p5741,49,95
11489,p5742,85,9
11490,p5743,79,1
11491,p5744,34,22
11494,p5745,6,5
11495,p5746,56,1
11496,p5747,1,38
11497,p5748,69,33
11498,p5749,1,68
11499,p5750,14,21
11500,p5751,66,13
11503,p5752,76,1
11504,p5753,15,1
11505,p5754,9,48
11508,p5755,1,16
11510,p5756,1,3
11512,p5757,1,22
11515,p5758,95,1
11517,p5759,78,1
11520,p5760,25,29
11522,p5761,1,24
11523,p5762,8,1
11525,p5763,25,74
11527,p5764,4,80
11529,p5765,85,1
11530,p5766,1,22
11531,p5767,1,35
11533,p5768,1,50
11534,p5769,1,27
11536,p5770,5,16
11537,p5771,84,66
11538,p5772,49,75
11541,p5773,18,1
11543,p5774,16,9
11546,p5775,29,1
11547,p5776,35,1
11549,p5777,3,1
11552,p5778,53,44
11553,p5779,1,50
11556,p5780,69,1
11557,p5781,1,4
11558,p5782,70,96
11561,p5783,1,70
11563,p5784,1,25
11564,p5785,1,64
11566,p5786,46,1
11568,p5787,1,73
11569,p5788,1,57
11570,p5789,1,45
11572,p5790,84,51
11575,p5791,1,47
11577,p5792,70,1
11578,p5793,34,1
11581,p5794,4,23
11584,p5795,1,37
11587,p5796,42,29
11589,p5797,9,1
11590,p5798,50,55
11593,p5799,1,4
11595,p5800,1,28
11597,p5801,1,66
11600,p5802,52,64
11603,p5803,47,1
11605,p5804,1,97
11606,p5805,34,1
11608,p5806,1,12
11610,p5807,73,17
11612,p5808,69,24
11613,p5809,1,91
11615,p5810,1,26
11617,p5811,6,1
11619,p5812,56,96
11622,p5813,1,68
11625,p5814,1,53
11626,p5815,1,21
11627,p5816,88,1
11628,p5817,1,97
11630,p5818,1,17
11633,p5819,58,91
11635,p5820,25,1
11636,p5821,21,1
11637,p5822,1,85
11638,p5823,18,1
11641,p5824,96,9
11644,p5825,1,52
11645,p5826,70,9
11647,p5827,48,54
11650,p5828,1,71
11651,p5829,50,81
11653,p5830,30,1
11654,p5831,55,20
11655,p5832,34,1
11657,p5833,1,53
11659,p5834,63,8
11662,p5835,27,21
11665,p5836,92,76
11668,p5837,92,1
11670,p5838,30,1
11672,p5839,23,1
11673,p5840,28,1
11674,p5841,70,1
11675,p5842,1,9
11678,p5843,51,1
11679,p5844,1,52
11682,p5845,1,69
11685,p5846,1,50
11686,p5847,1,34
11688,p5848,1,72
11689,p5849,1,31
11690,p5850,1,16
11692,p5851,51,1
11693,p5852,1,53
11694,p5853,82,16
11695,p5854,17,87
11697,p5855,1,91
11698,p5856,10,93
11699,p5857,1,53
11702,p5858,95,67
11705,p5859,62,47
11708,p5860,70,38
11709,p5861,24,82
11710,p5862,88,30
11712,p5863,34,78
11713,p5864,1,8
11715,p5865,76,24
11718,p5866,77,99
11719,p5867,16,1
11720,p5868,99,65
11721,p5869,22,94
11723,p5870,1,2
11724,p5871,69,43
11725,p5872,80,1
11727,p5873,100,1
11729,p5874,1,53
11730,p5875,1,24
11733,p5876,94,1
11734,p5877,46,1
11737,p5878,1,36
11738,p5879,1,23
11740,p5880,1,55
11741,p5881,4,1
11744,p5882,1,43
11746,p5883,19,1
11749,p5884,56,1
11750,p5885,87,79
11753,p5886,27,1
11755,p5887,77,1
11756,p5888,1,95
11759,p5889,1,37
11760,p5890,97,53
11761,p5891,24,53
11763,p5892,1,73
11764,p5893,90,1
11765,p5894,43,95
11768,p5895,1,59
11771,p5896,69,26
11774,p5897,1,70
11775,p5898,52,1
11777,p5899,23,95
11780,p5900,24,62
11783,p5901,12,27
11786,p5902,36,1
11787,p5903,44,1
11789,p5904,73,26
11792,p5905,1,30
11793,p5906,66,95
11794,p5907,55,1
11796,p5908,1,88
11797,p5909,1,59
11799,p5910,1,12
11801,p5911,38,1
11804,p5912,1,18
11805,p5913,24,1
11806,p5914,18,1
11808,p5915,51,9
11809,p5916,67,84
11810,p5917,63,1
11811,p5918,1,98
11814,p5919,28,82
11816,p5920,92,94
11817,p5921,75,1
11819,p5922,19,1
11820,p5923,40,17
11822,p5924,1,61
11824,p5925,43,1
11826,p5926,74,69
11828,p5927,1,7
11829,p5928,27,80
11831,p5929,4,57
11833,p5930,1,44
11835,p5931,40,1
11836,p5932,100,84
11839,p5933,1,95
11840,p5934,85,1
11841,p5935,1,34
11844,p5936,15,45
11847,p5937,1,54
11848,p5938,49,79
11851,p5939,1,79
11852,p5940,98,1
11854,p5941,1,59
11857,p5942,100,35
11858,p5943,62,1
11861,p5944,85,1
11864,p5945,1,28
11867,p5946,54,1
11870,p5947,14,1
11871,p5948,52,35
11874,p5949,28,1
11877,p5950,76,6
11879,p5951,42,66
11882,p5952,1,85
11884,p5953,1,2
11886,p5954,33,43
11888,p5955,1,94
11889,p5956,37,1
11890,p5957,1,94
11892,p5958,70,1
11895,p5959,35,76
11898,p5960,93,36
11899,p5961,81,64
11900,p5962,63,33
11902,p5963,64,1
11903,p5964,1,59
11906,p5965,1,46
11907,p5966,82,37
11909,p5967,25,1
11911,p5968,1,4
11913,p5969,87,86
11915,p5970,1,94
11918,p5971,82,31
11920,p5972,1,68
11921,p5973,1,34
11924,p5974,1,35
11925,p5975,1,30
11928,p5976,1,81
11931,p5977,100,1
11934,p5978,72,1
11936,p5979,1,41
11937,p5980,2,34
11940,p5981,1,62
11941,p5982,2,87
11942,p5983,1,68
11945,p5984,81,1
11948,p5985,1,96
11949,p5986,58,1
11951,p5987,31,1
11953,p5988,1,3
11956,p5989,93,1
11959,p5990,25,10
11960,p5991,1,39
11962,p5992,81,1
11964,p5993,30,1
11966,p5994,1,45
11967,p5995,41,17
11968,p5996,85,1
11969,p5997,1,61
11970,p5998,25,33
11971,p5999,13,67
11973,p6000,1,98
11974,p6001,3,17
11977,p6002,1,83
11980,p6003,21,1
11982,p6004,92,95
11985,p6005,9,65
11986,p6006,1,10
11988,p6007,43,1
11991,p6008,1,31
11992,p6009,29,8
11995,p6010,21,48
11997,p6011,10,1
11999,p6012,1,26
12000,p6013,1,12
12003,p6014,41,63
12006,p6015,93,14
12008,p6016,43,53
12010,p6017,1,10
12012,p6018,59,34
12014,p6019,5,2
12015,p6020,1,67
12017,p6021,74,1
12020,p6022,67,1
12021,p6023,15,1
12024,p6024,1,71
12027,p6025,31,1
12030,p6026,76,8
12032,p6027,38,43
12034,p6028,98,55
12037,p6029,74,92
12040,p6030,1,95
12043,p6031,1,46
12046,p6032,72,92
12049,p6033,1,70
12050,p6034,40,29
12053,p6035,39,37
12055,p6036,54,1
12057,p6037,1,77
12058,p6038,56,1
12061,p6039,35,1
12063,p6040,55,59
12065,p6041,70,71
12066,p6042,1,54
12067,p6043,96,27
12068,p6044,2,34
12070,p6045,1,11
12073,p6046,1,98
12075,p6047,50,1
12076,p6048,1,95
12077,p6049,8,1
12079,p6050,24,1
12081,p6051,3,71
12083,p6052,45,1
12086,p6053,1,81
12087,p6054,3,1
12090,p6055,11,13
12093,p6056,50,49
12094,p6057,1,62
12095,p6058,15,1
12096,p6059,1,77
12099,p6060,35,1
12102,p6061,14,57
12105,p6062,39,25
12106,p6063,1,73
12107,p6064,50,1
12110,p6065,59,1
12112,p6066,72,1
12115,p6067,1,8
12118,p6068,99,5
12120,p6069,73,20
12122,p6070,40,10
12125,p6071,68,36
12126,p6072,91,20
12129,p6073,56,1
12131,p6074,75,43
12134,p6075,64,1
12135,p6076,1,16
12136,p6077,72,3
12138,p6078,1,52
12140,p6079,89,1
12142,p6080,29,55
12145,p6081,74,1
12148,p6082,8,1
12150,p6083,78,1
12151,p6084,42,59
12154,p6085,1,33
12155,p6086,1,10
12157,p6087,14,71
12160,p6088,9,12
12162,p6089,37,1
12163,p6090,70,76
12166,p6091,1,25
12169,p6092,1,89
12171,p6093,1,70
12173,p6094,1,5
12174,p6095,1,12
12175,p6096,18,1
12177,p6097,65,1
12180,p6098,10,1
12182,p6099,1,5
12184,p6100,1,27
12185,p6101,74,1
12186,p6102,87,1
12188,p6103,43,1
12189,p6104,90,72
12191,p6105,1,78
12192,p6106,37,17
12195,p6107,71,1
12196,p6108,86,1
12199,p6109,1,38
12202,p6110,49,32
12205,p6111,1,14
12207,p6112,1,83
12208,p6113,19,68
12209,p6114,4,1
12210,p6115,51,1
12212,p6116,65,64
12213,p6117,30,3
12215,p6118,1,86
12216,p6119,69,78
12217,p6120,35,1
12218,p6121,74,1
12221,p6122,1,44
12222,p6123,1,95
12225,p6124,41,78
12228,p6125,1,73
12229,p6126,1,14
12232,p6127,58,1
12233,p6128,77,25
12235,p6129,95,10
12237,p6130,47,1
12238,p6131,1,42
12239,p6132,70,1
12241,p6133,3,1
12244,p6134,2,1
12247,p6135,16,1
12248,p6136,68,1
12251,p6137,1,28
12254,p6138,1,55
12256,p6139,18,1
12257,p6140,60,30
12258,p6141,1,37
12261,p6142,1,72
12263,p6143,1,51
12264,p6144,1,67
12267,p6145,38,35
12269,p6146,1,9
12272,p6147,52,42
12274,p6148,72,1
12276,p6149,16,1
12279,p6150,27,1
12280,p6151,54,29
12281,p6152,45,83
12283,p6153,56,1
12286,p6154,1,35
12289,p6155,90,1
12291,p6156,28,10
12294,p6157,56,42
12295,p6158,1,45
12298,p6159,6,1
12301,p6160,77,58
12304,p6161,1,37
12307,p6162,1,84
12309,p6163,47,10
12310,p6164,34,15
12311,p6165,11,1
12314,p6166,12,1
12315,p6167,1,13
12316,p6168,1,97
12317,p6169,1,90
12318,p6170,1,44
12321,p6171,73,52
12323,p6172,40,86
12325,p6173,1,45
12326,p6174,9,1
12327,p6175,25,1
12329,p6176,1,54
12332,p6177,51,16
12333,p6178,1,54
12334,p6179,20,59
12335,p6180,47,5
12337,p6181,24,1
12339,p6182,1,95
12340,p6183,97,80
12343,p6184,1,49
12344,p6185,1,58
12345,p6186,1,27
12347,p6187,33,1
12349,p6188,58,22
12352,p6189,35,1
12355,p6190,1,77
12358,p6191,63,2
12360,p6192,7,1
12361,p6193,27,31
12362,p6194,84,21
12364,p6195,63,1
12365,p6196,17,22
12367,p6197,96,66
12370,p6198,40,1
12373,p6199,90,66
12376,p6200,30,1
12379,p6201,9,1
12380,p6202,44,1
12381,p6203,1,94
12383,p6204,1,89
12384,p6205,1,83
12386,p6206,61,78
12389,p6207,32,1
12390,p6208,1,82
12391,p6209,91,1
12394,p6210,1,96
12395,p6211,38,91
12397,p6212,57,87
12399,p6213,1,73
12400,p6214,1,9
12402,p6215,1,59
12403,p6216,1,30
12404,p6217,43,34
12406,p6218,47,85
12407,p6219,79,74
12409,p6220,82,90
12411,p6221,1,12
12412,p6222,19,1
12414,p6223,100,94
12416,p6224,1,86
12419,p6225,52,1
12420,p6226,1,60
12422,p6227,27,1
12423,p6228,3,1
12424,p6229,17,1
12425,p6230,4,85
12428,p6231,1,4
12431,p6232,47,1
12432,p6233,1,99
12434,p6234,1,34
12435,p6235,42,1
12437,p6236,84,1
12440,p6237,37,98
12442,p6238,21,1
12443,p6239,1,81
12444,p6240,81,1
12447,p6241,1,15
12448,p6242,6,1
12449,p6243,1,88
12452,p6244,93,43
12455,p6245,55,1
12456,p6246,50,1
12457,p6247,1,37
12459,p6248,48,15
12462,p6249,100,1
12463,p6250,11,1
12465,p6251,88,1
12467,p6252,33,59
12469,p6253,7,1
12470,p6254,44,1
12471,p6255,1,77
12472,p6256,78,1
12475,p6257,31,27
12477,p6258,31,1
12480,p6259,16,1
12481,p6260,1,59
12483,p6261,1,72
12484,p6262,7,88
12486,p6263,69,1
12487,p6264,75,4
12488,p6265,1,62
12489,p6266,1,97
12492,p6267,52,77
12493,p6268,94,96
12495,p6269,74,61
12497,p6270,35,85
12498,p6271,99,75
12499,p6272,1,91
12502,p6273,1,75
12505,p6274,5,96
12507,p6275,4,1
12510,p6276,1,49
12511,p6277,14,16
12513,p6278,1,64
12514,p6279,1,82
12516,p6280,1,37
12517,p6281,1,42
12518,p6282,1,63
12519,p6283,1,18
12522,p6284,87,92
12523,p6285,41,70
12524,p6286,40,74
12527,p6287,1,69
12530,p6288,55,1
12532,p6289,6,91
12534,p6290,66,1
12536,p6291,99,1
12538,p6292,1,30
12540,p6293,77,1
12543,p6294,60,78
12544,p6295,1,79
12545,p6296,84,1
12547,p6297,91,1
12549,p6298,32,1
12550,p6299,1,72
12551,p6300,1,90
12554,p6301,60,1
12555,p6302,63,1
12557,p6303,72,46
12560,p6304,66,18
12562,p6305,1,66
12563,p6306,95,46
12566,p6307,63,7
12567,p6308,14,51
12569,p6309,1,34
12570,p6310,52,80
12573,p6311,1,98
12574,p6312,3,77
12576,p6313,40,1
12579,p6314,41,8
12582,p6315,12,1
12584,p6316,1,37
12585,p6317,1,52
12586,p6318,33,1
12588,p6319,54,68
12590,p6320,1,91
12593,p6321,28,87
12596,p6322,1,80
12599,p6323,1,28
12601,p6324,37,41
12603,p6325,1,60
12604,p6326,56,92
12606,p6327,1,46
12609,p6328,41,1
12612,p6329,47,70
12614,p6330,10,95
12616,p6331,11,1
12619,p6332,14,91
12622,p6333,1,5
12623,p6334,92,97
12625,p6335,76,1
12628,p6336,1,34
12629,p6337,87,1
12631,p6338,1,55
12634,p6339,55,1
12635,p6340,41,1
12636,p6341,77,49
12637,p6342,41,1
12638,p6343,87,1
12639,p6344,39,1
12640,p6345,16,1
12642,p6346,21,20
12643,p6347,30,1
12645,p6348,1,28
12647,p6349,14,1
12648,p6350,1,4
12649,p6351,1,13
12650,p6352,87,60
12653,p6353,43,21
12655,p6354,1,76
12658,p6355,93,1
12659,p6356,1,35
12662,p6357,73,96
12665,p6358,10,1
12666,p6359,1,26
12669,p6360,1,78
12670,p6361,14,63
12671,p6362,1,50
12672,p6363,40,1
12675,p6364,61,16
12676,p6365,25,1
12677,p6366,1,66
12679,p6367,1,2
12680,p6368,78,1
12683,p6369,1,71
12685,p6370,1,36
12687,p6371,1,54
12689,p6372,1,44
12692,p6373,21,1
12694,p6374,47,1
12696,p6375,25,59
12699,p6376,66,1
12701,p6377,20,1
12702,p6378,33,51
12703,p6379,87,13
12705,p6380,1,4
12706,p6381,35,24
12709,p6382,34,53
12712,p6383,1,49
12715,p6384,50,77
12716,p6385,81,1
12718,p6386,82,1
12719,p6387,1,93
12721,p6388,82,1
12722,p6389,45,77
12725,p6390,62,26
12728,p6391,59,55
12730,p6392,16,58
12732,p6393,68,1
12733,p6394,65,1
12734,p6395,8,1
12737,p6396,1,56
12739,p6397,31,6
12740,p6398,50,1
12741,p6399,1,76
12743,p6400,12,1
12745,p6401,48,4
12746,p6402,71,1
12748,p6403,1,9
12750,p6404,4,30
12752,p6405,1,11
12755,p6406,53,46
12758,p6407,1,12
12759,p6408,40,98
12762,p6409,23,19
12764,p6410,97,1
12766,p6411,45,12
12769,p6412,11,16
12770,p6413,28,35
12773,p6414,50,40
12775,p6415,72,1
12776,p6416,1,71
12779,p6417,17,1
12780,p6418,95,77
12783,p6419,40,1
12786,p6420,2,1
12788,p6421,1,52
12791,p6422,91,1
12793,p6423,33,1
12794,p6424,8,1
12797,p6425,1,52
12799,p6426,27,1
12802,p6427,24,12
12805,p6428,99,16
12806,p6429,38,1
12809,p6430,63,1
12812,p6431,68,1
12813,p6432,1,86
12814,p6433,75,1
12815,p6434,1,75
12818,p6435,77,1
12821,p6436,41,25
12822,p6437,1,2
12825,p6438,58,1
12827,p6439,79,88
12829,p6440,1,7
12832,p6441,1,97
12835,p6442,93,1
12836,p6443,1,86
12839,p6444,79,73
12840,p6445,50,1
12841,p6446,38,6
12843,p6447,1,22
12846,p6448,1,60
12848,p6449,17,93
12849,p6450,72,1
12852,p6451,98,2
12855,p6452,1,27
12857,p6453,24,30
12860,p6454,16,96
12863,p6455,14,8
12866,p6456,1,54
12869,p6457,72,1
12870,p6458,1,56
12871,p6459,1,34
12874,p6460,1,96
12876,p6461,1,35
12879,p6462,87,1
12880,p6463,88,37
12883,p6464,1,50
12884,p6465,5,53
12886,p6466,70,10
12889,p6467,1,56
12890,p6468,7,1
12891,p6469,1,13
12894,p6470,1,59
12895,p6471,1,74
12896,p6472,1,4
12897,p6473,87,7
12900,p6474,21,1
12902,p6475,39,1
12905,p6476,76,1
12908,p6477,1,45
12910,p6478,1,47
12912,p6479,44,1
12913,p6480,29,1
12915,p6481,11,1
12918,p6482,67,100
12921,p6483,74,4
12922,p6484,52,66
12923,p6485,33,39
12924,p6486,57,1
12926,p6487,1,38
12927,p6488,25,1
12929,p6489,1,58
12930,p6490,17,1
12931,p6491,1,2
12932,p6492,1,6
12934,p6493,28,1
12935,p6494,11,1
12937,p6495,82,55
12938,p6496,1,3
12940,p6497,1,45
12943,p6498,78,60
12945,p6499,78,1
12947,p6500,1,37
12948,p6501,1,48
12951,p6502,1,52
12954,p6503,64,1
12955,p6504,37,91
12958,p6505,1,26
12961,p6506,91,89
12962,p6507,47,1
12964,p6508,37,51
12967,p6509,1,98
12968,p6510,57,29
12970,p6511,1,5
12971,p6512,95,1
12974,p6513,1,53
12976,p6514,13,1
12979,p6515,1,21
12981,p6516,1,99
12983,p6517,86,1
12985,p6518,21,57
12986,p6519,74,63
12987,p6520,75,1
12989,p6521,30,62
12990,p6522,56,71
12993,p6523,33,52
12995,p6524,54,63
12998,p6525,1,20
12999,p6526,9,1
13000,p6527,3,1
13002,p6528,33,1
13004,p6529,17,98
13005,p6530,88,1
13006,p6531,24,60
13009,p6532,96,1
13011,p6533,25,1
13014,p6534,86,50
13017,p6535,40,6
13020,p6536,79,1
13023,p6537,25,45
13024,p6538,77,1
13026,p6539,2,1
13028,p6540,1,58
13030,p6541,8,1
13032,p6542,1,57
13033,p6543,68,1
13035,p6544,66,1
13036,p6545,1,38
13039,p6546,1,68
13040,p6547,1,36
13043,p6548,1,90
13045,p6549,1,32
13048,p6550,54,1
13051,p6551,8,9
13052,p6552,27,1
13055,p6553,38,1
13056,p6554,1,3
13059,p6555,87,1
13060,p6556,64,74
13062,p6557,1,33
13063,p6558,36,1
13066,p6559,41,63
13067,p6560,1,30
13068,p6561,1,93
13070,p6562,12,34
13073,p6563,10,90
13076,p6564,4,1
13077,p6565,16,95
13078,p6566,1,30
13081,p6567,22,1
13082,p6568,42,1
13085,p6569,1,10
13086,p6570,21,27
13088,p6571,1,44
13091,p6572,19,1
13092,p6573,70,1
13094,p6574,19,1
13097,p6575,1,18
13098,p6576,37,65
13101,p6577,20,1
13103,p6578,1,47
13104,p6579,1,12
13107,p6580,53,1
13110,p6581,96,1
13112,p6582,80,65
13114,p6583,1,4
13117,p6584,5,1
13119,p6585,1,2
13122,p6586,64,7
13125,p6587,1,74
13126,p6588,72,1
13128,p6589,75,79
13130,p6590,80,73
13131,p6591,23,1
13133,p6592,83,99
13136,p6593,1,71
13139,p6594,89,88
13140,p6595,17,91
13141,p6596,27,1
13143,p6597,64,83
13144,p6598,1,21
13147,p6599,72,11
13149,p6600,1,53
13150,p6601,1,99
13152,p6602,1,16
13155,p6603,1,35
13158,p6604,14,1
13161,p6605,40,68
13163,p6606,71,75
13165,p6607,67,1
13167,p6608,95,4
13170,p6609,31,37
13173,p6610,93,1
13174,p6611,64,62
13177,p6612,39,1
13178,p6613,1,49
13179,p6614,1,75
13181,p6615,1,95
13183,p6616,1,4
13185,p6617,90,1
13188,p6618,1,81
13189,p6619,53,5
13192,p6620,94,1
13194,p6621,32,1
13197,p6622,9,1
13198,p6623,1,75
13200,p6624,30,1
13201,p6625,1,86
13203,p6626,1,83
13206,p6627,55,47
13207,p6628,67,35
13209,p6629,8,86
13211,p6630,1,45
13213,p6631,51,1
13215,p6632,10,53
13216,p6633,40,46
13219,p6634,77,1
13222,p6635,1,67
13223,p6636,53,1
13226,p6637,53,1
13228,p6638,17,1
13230,p6639,59,1
13231,p6640,100,1
13233,p6641,1,62
13236,p6642,50,1
13239,p6643,20,1
13241,p6644,69,95
13242,p6645,1,44
13245,p6646,76,16
13246,p6647,6,1
13249,p6648,77,63
13251,p6649,18,1
13252,p6650,47,35
13253,p6651,40,1
13254,p6652,84,1
13256,p6653,45,1
13259,p6654,34,82
13261,p6655,61,1
13264,p6656,1,70
13265,p6657,58,1
13266,p6658,1,38
13268,p6659,1,80
13271,p6660,6,88
13273,p6661,1,8
13275,p6662,26,42
13277,p6663,43,40
13280,p6664,9,10
13282,p6665,1,85
13284,p6666,27,1
13286,p6667,1,3
13287,p6668,94,49
13289,p6669,67,1
13290,p6670,1,86
13292,p6671,1,95
13294,p6672,69,1
13297,p6673,1,76
13299,p6674,12,84
13301,p6675,1,56
13303,p6676,82,1
13305,p6677,89,66
13308,p6678,69,1
13310,p6679,44,94
13311,p6680,1,10
13312,p6681,1,3
13315,p6682,39,36
13317,p6683,63,36
13319,p6684,85,1
13320,p6685,79,1
13322,p6686,80,61
13325,p6687,1,19
13326,p6688,77,1
13327,p6689,56,55
13328,p6690,82,1
13331,p6691,57,86
13334,p6692,38,1
13337,p6693,38,1
13338,p6694,54,1
13339,p6695,1,7
13341,p6696,49,1
13343,p6697,1,65
13344,p6698,40,75
13346,p6699,83,1
13348,p6700,1,79
13351,p6701,1,30
13353,p6702,90,1
13356,p6703,1,41
13359,p6704,61,16
13360,p6705,58,99
13363,p6706,80,1
13366,p6707,25,1
13367,p6708,50,78
13368,p6709,1,19
13371,p6710,43,48
13373,p6711,59,53
13376,p6712,10,1
13378,p6713,1,12
13381,p6714,88,1
13383,p6715,83,1
13386,p6716,49,1
13388,p6717,1,24
13391,p6718,9,1
13394,p6719,5,1
13397,p6720,74,1
13398,p6721,74,1
13400,p6722,1,70
13402,p6723,1,50
13405,p6724,11,1
13406,p6725,1,74
13408,p6726,20,1
13409,p6727,4,34
13411,p6728,1,68
13414,p6729,61,1
13416,p6730,6,1
13419,p6731,44,1
13422,p6732,17,36
13424,p6733,26,31
13426,p6734,62,1
13427,p6735,15,1
13429,p6736,60,9
13432,p6737,1,19
13433,p6738,38,11
13435,p6739,8,31
13438,p6740,100,1
13441,p6741,1,28
13442,p6742,55,1
13445,p6743,72,27
13446,p6744,3,100
13448,p6745,4,1
13450,p6746,1,3
13451,p6747,4,1
13454,p6748,1,54
13456,p6749,1,28
13457,p6750,1,4
13458,p6751,66,68
13461,p6752,14,1
13464,p6753,1,27
13466,p6754,1,48
13467,p6755,1,54
13468,p6756,75,20
13469,p6757,67,1
13471,p6758,34,86
13473,p6759,68,1
13474,p6760,77,94
13475,p6761,1,25
13478,p6762,1,66
13480,p6763,6,40
13481,p6764,1,72
13484,p6765,100,1
13487,p6766,39,31
13490,p6767,1,86
13493,p6768,78,76
13494,p6769,22,54
13496,p6770,1,40
13498,p6771,77,16
13499,p6772,1,15
13502,p6773,74,1
13504,p6774,26,1
13505,p6775,1,6
13508,p6776,24,73
13511,p6777,66,7
13513,p6778,64,94
13514,p6779,13,51
13515,p6780,31,45
13516,p6781,1,46
13519,p6782,33,5
13520,p6783,1,77
13521,p6784,1,98
13524,p6785,1,4
13527,p6786,32,1
13530,p6787,47,1
13533,p6788,1,27
13536,p6789,93,1
13539,p6790,77,1
13541,p6791,72,1
13542,p6792,23,1
13544,p6793,1,9
13547,p6794,77,1
13548,p6795,89,26
13551,p6796,4,1
13554,p6797,1,41
13556,p6798,1,44
13557,p6799,1,47
13558,p6800,1,10
13560,p6801,39,1
13563,p6802,65,1
13565,p6803,73,82
13568,p6804,96,1
13570,p6805,89,87
13573,p6806,13,1
13575,p6807,89,1
13577,p6808,4,12
13580,p6809,53,1
13582,p6810,68,1
13585,p6811,17,33
13587,p6812,12,1
13589,p6813,22,42
13591,p6814,31,22
13592,p6815,43,1
13594,p6816,47,1
13597,p6817,1,76
13600,p6818,39,94
13601,p6819,1,14
13604,p6820,90,1
13605,p6821,49,53
13608,p6822,12,1
13610,p6823,1,41
13611,p6824,21,1
13613,p6825,1,85
13616,p6826,1,57
13619,p6827,1,41
13620,p6828,1,55
13622,p6829,1,25
13624,p6830,1,10
13626,p6831,1,30
13627,p6832,58,1
13630,p6833,17,1
13631,p6834,38,44
13634,p6835,78,1
13635,p6836,1,53
13637,p6837,34,1
13639,p6838,1,24
13641,p6839,83,15
13642,p6840,80,1
13645,p6841,30,1
13648,p6842,7,1
13651,p6843,1,35
13654,p6844,96,88
13656,p6845,76,1
13658,p6846,55,17
13660,p6847,1,4
13662,p6848,1,53
13664,p6849,1,6
13667,p6850,1,22
13670,p6851,1,18
13673,p6852,76,48
13676,p6853,14,1
13677,p6854,84,56
13679,p6855,72,92
13681,p6856,1,18
13684,p6857,9,1
13686,p6858,88,1
13689,p6859,74,1
13691,p6860,1,29
13694,p6861,30,15
13697,p6862,6,4
13700,p6863,60,1
13701,p6864,1,33
13703,p6865,44,1
13705,p6866,38,1
13707,p6867,1,39
13709,p6868,54,72
13710,p6869,29,1
13711,p6870,15,54
13714,p6871,42,44
13717,p6872,1,19
13719,p6873,1,75
13722,p6874,1,61
13724,p6875,1,36
13727,p6876,1,73
13729,p6877,1,30
13731,p6878,22,6
13732,p6879,40,1
13734,p6880,5,65
13736,p6881,1,89
13738,p6882,73,1
13739,p6883,1,91
13741,p6884,100,1
13744,p6885,1,27
13747,p6886,97,93
13748,p6887,85,37
13751,p6888,1,42
13753,p6889,1,95
13755,p6890,1,96
13758,p6891,1,95
13760,p6892,18,1
13762,p6893,55,36
13764,p6894,61,1
13767,p6895,1,52
13770,p6896,1,52
13772,p6897,1,22
13774,p6898,61,1
13777,p6899,1,69
13780,p6900,1,42
13781,p6901,1,53
13784,p6902,1,9
13785,p6903,77,61
13787,p6904,54,52
13789,p6905,5,72
13792,p6906,93,48
13794,p6907,84,91
13796,p6908,79,39
13797,p6909,1,49
13800,p6910,78,1
13803,p6911,77,1
13805,p6912,72,100
13806,p6913,1,6
13808,p6914,21,88
13810,p6915,1,32
13813,p6916,45,97
13815,p6917,95,1
13816,p6918,1,95
13818,p6919,1,24
13821,p6920,68,47
13824,p6921,48,1
13827,p6922,78,5
13829,p6923,11,53
13831,p6924,1,96
13834,p6925,1,40
13836,p6926,1,66
13838,p6927,12,85
13841,p6928,41,1
13842,p6929,51,1
13844,p6930,32,43
13846,p6931,1,29
13849,p6932,1,83
13852,p6933,73,59
13855,p6934,26,1
13857,p6935,21,50
13859,p6936,85,1
13861,p6937,97,56
13864,p6938,86,1
13866,p6939,35,86
13867,p6940,90,53
13868,p6941,1,9
13871,p6942,1,72
13873,p6943,90,1
13875,p6944,1,71
13876,p6945,1,52
13879,p6946,7,94
13882,p6947,63,1
13884,p6948,1,64
13886,p6949,11,91
13889,p6950,12,1
13890,p6951,1,34
13892,p6952,64,1
13895,p6953,30,54
13896,p6954,1,3
13897,p6955,87,74
13900,p6956,97,1
13901,p6957,4,22
13903,p6958,59,1
13906,p6959,1,97
13909,p6960,61,1
13912,p6961,1,6
13915,p6962,29,65
13917,p6963,13,20
13918,p6964,1,52
13920,p6965,49,1
13921,p6966,1,33
13922,p6967,87,1
13924,p6968,24,46
13925,p6969,1,59
13928,p6970,98,1
13931,p6971,1,29
13934,p6972,46,1
13937,p6973,1,74
13940,p6974,1,15
13941,p6975,1,82
13943,p6976,6,1
13946,p6977,1,41
13949,p6978,61,90
13951,p6979,1,50
13953,p6980,74,54
13956,p6981,1,83
13958,p6982,75,1
13959,p6983,56,17
13962,p6984,6,1
13963,p6985,57,1
13966,p6986,1,12
13968,p6987,56,70
13971,p6988,1,62
13973,p6989,96,99
13976,p6990,68,1
13977,p6991,43,70
13978,p6992,68,67
13980,p6993,1,62
13982,p6994,56,35
13985,p6995,63,1
13988,p6996,52,1
13990,p6997,75,1
13993,p6998,19,31
13995,p6999,23,1
13997,p7000,1,86
13998,p7001,39,11
13999,p7002,23,36
14002,p7003,79,1
14004,p7004,11,73
14005,p7005,65,12
14006,p7006,1,34
14008,p7007,84,86
14011,p7008,90,48
14012,p7009,19,1
14015,p7010,3,4
14016,p7011,96,1
14017,p7012,41,26
14020,p7013,1,71
14022,p7014,1,8
14025,p7015,51,1
14028,p7016,1,57
14031,p7017,1,46
14034,p7018,1,12
14037,p7019,4,1
14038,p7020,63,1
14040,p7021,98,36
14042,p7022,74,79
14044,p7023,1,9
14047,p7024,42,61
14050,p7025,41,25
14053,p7026,14,1
14056,p7027,1,53
14059,p7028,23,1
14062,p7029,73,63
14063,p7030,57,1
14064,p7031,66,70
14067,p7032,4,1
14069,p7033,85,1
14071,p7034,85,56
14073,p7035,1,10
14074,p7036,1,76
14075,p7037,1,10
14076,p7038,1,96
14079,p7039,1,3
14081,p7040,1,82
14083,p7041,86,84
14084,p7042,1,59
14087,p7043,21,1
14090,p7044,1,42
14092,p7045,84,1
14093,p7046,1,85
14095,p7047,25,1
14097,p7048,1,53
14098,p7049,1,5
14099,p7050,1,3
14102,p7051,1,55
14103,p7052,32,1
14104,p7053,6,1
14107,p7054,1,21
14108,p7055,85,83
14110,p7056,95,44
14111,p7057,31,1
14113,p7058,1,56
14116,p7059,90,1
14117,p7060,69,33
14120,p7061,54,1
14123,p7062,92,57
14124,p7063,62,64
14125,p7064,19,1
14127,p7065,40,43
14130,p7066,14,1
14131,p7067,33,1
14133,p7068,11,34
14135,p7069,60,81
14136,p7070,1,47
14139,p7071,1,46
14142,p7072,56,2
14145,p7073,18,1
14146,p7074,1,6
14147,p7075,39,86
14148,p7076,1,52
14149,p7077,1,25
14150,p7078,92,79
14153,p7079,1,77
14156,p7080,1,76
14158,p7081,2,28
14159,p7082,21,37
14161,p7083,13,39
14163,p7084,48,2
14165,p7085,89,1
14166,p7086,1,3
14168,p7087,52,29
14170,p7088,1,38
14172,p7089,1,15
14173,p7090,86,1
14176,p7091,75,5
14177,p7092,1,13
14178,p7093,45,1
14181,p7094,82,97
14183,p7095,35,1
14186,p7096,30,33
14187,p7097,1,46
14188,p7098,99,56
14190,p7099,83,32
14193,p7100,1,27
14194,p7101,10,1
14197,p7102,98,85
14199,p7103,84,1
14200,p7104,39,1
14202,p7105,1,24
14204,p7106,95,1
14205,p7107,1,44
14206,p7108,71,1
14208,p7109,77,98
14210,p7110,58,20
14213,p7111,83,7
14216,p7112,40,1
14218,p7113,1,45
14219,p7114,1,96
14220,p7115,18,40
14223,p7116,30,63
14224,p7117,99,17
14226,p7118,62,60
14228,p7119,7,1
14231,p7120,44,1
14234,p7121,1,72
14237,p7122,3,88
14240,p7123,1,91
14242,p7124,1,45
14245,p7125,1,5
14247,p7126,52,17
14250,p7127,33,1
14253,p7128,11,8
14256,p7129,8,39
14259,p7130,97,1
14262,p7131,51,40
14264,p7132,17,63
14265,p7133,55,73
14266,p7134,1,78
14267,p7135,32,90
14269,p7136,48,1
14271,p7137,97,79
14274,p7138,1,81
14277,p7139,1,86
14279,p7140,66,1
14281,p7141,65,1
14284,p7142,53,56
14285,p7143,1,77
14287,p7144,15,37
14290,p7145,89,1
14292,p7146,1,78
14295,p7147,22,1
14296,p7148,1,20
14297,p7149,41,1
14299,p7150,1,82
14302,p7151,1,96
14305,p7152,96,1
14308,p7153,51,1
14310,p7154,1,90
14311,p7155,57,79
14314,p7156,1,3
14316,p7157,16,1
14319,p7158,1,3
14322,p7159,69,42
14325,p7160,69,1
14326,p7161,1,12
14327,p7162,1,98
14330,p7163,1,97
14331,p7164,42,1
14332,p7165,1,41
14333,p7166,1,50
14335,p7167,66,52
14337,p7168,92,9
14340,p7169,69,71
14341,p7170,1,83
14342,p7171,66,1
14345,p7172,55,81
14347,p7173,1,4
14349,p7174,60,1
14351,p7175,52,23
14352,p7176,66,97
14355,p7177,8,83
14358,p7178,5,1
14361,p7179,1,21
14362,p7180,81,61
14365,p7181,95,62
14368,p7182,26,1
14370,p7183,44,1
14373,p7184,1,87
14374,p7185,59,72
14377,p7186,6,75
14380,p7187,86,1
14383,p7188,63,1
14384,p7189,1,20
14387,p7190,58,6
14388,p7191,1,94
14389,p7192,49,1
14390,p7193,69,1
14391,p7194,62,10
14394,p7195,71,1
14395,p7196,83,9
14397,p7197,1,99
14400,p7198,35,1
14401,p7199,1,30
14403,p7200,67,1
14406,p7201,1,30
14408,p7202,89,1
14409,p7203,1,86
14412,p7204,87,1
14414,p7205,82,1
14417,p7206,11,33
14418,p7207,82,1
14420,p7208,1,62
14422,p7209,1,4
14425,p7210,1,47
14426,p7211,1,19
14428,p7212,38,1
14429,p7213,1,94
14432,p7214,33,46
14434,p7215,92,1
14436,p7216,11,98
14437,p7217,89,20
14438,p7218,87,45
14440,p7219,1,49
14443,p7220,82,1
14446,p7221,26,1
14448,p7222,1,80
14450,p7223,45,56
14451,p7224,21,1
14452,p7225,74,1
14454,p7226,1,54
14456,p7227,55,1
14457,p7228,24,84
14460,p7229,88,14
14463,p7230,13,1
14465,p7231,1,45
14468,p7232,76,1
14471,p7233,1,34
14473,p7234,57,1
14474,p7235,1,18
14475,p7236,69,1
14477,p7237,1,60
14479,p7238,11,7
14481,p7239,19,1
14483,p7240,48,1
14484,p7241,1,66
14485,p7242,93,1
14486,p7243,1,24
14487,p7244,1,45
14489,p7245,76,14
14492,p7246,42,1
14494,p7247,61,98
14495,p7248,1,55
14497,p7249,30,41
14498,p7250,31,1
14499,p7251,1,40
14502,p7252,1,95
14505,p7253,89,1
14508,p7254,1,43
14509,p7255,1,32
14512,p7256,10,1
14514,p7257,1,2
14517,p7258,1,56
14518,p7259,15,60
14521,p7260,48,62
14522,p7261,1,66
14525,p7262,1,9
14528,p7263,1,39
14530,p7264,62,1
14532,p7265,1,37
14533,p7266,1,37
14535,p7267,29,24
14538,p7268,21,18
14541,p7269,33,84
14544,p7270,18,13
14547,p7271,24,99
14550,p7272,1,14
14551,p7273,19,100
14552,p7274,37,45
14554,p7275,1,79
14557,p7276,1,51
14559,p7277,34,95
14561,p7278,1,7
14562,p7279,5,100
14564,p7280,87,73
14566,p7281,32,84
14568,p7282,80,19
14571,p7283,44,1
14573,p7284,48,42
14575,p7285,15,1
14577,p7286,93,1
14578,p7287,12,75
14579,p7288,1,23
14582,p7289,54,1
14584,p7290,41,1
14587,p7291,47,1
14590,p7292,1,59
14592,p7293,1,60
14595,p7294,1,37
14596,p7295,55,1
14599,p7296,1,36
14602,p7297,1,29
14605,p7298,1,72
14608,p7299,47,1
14610,p7300,1,77
14613,p7301,1,78
14614,p7302,60,1
14615,p7303,1,42
14617,p7304,1,76
14618,p7305,54,1
14619,p7306,80,26
14621,p7307,53,56
14623,p7308,29,60
14626,p7309,85,1
14629,p7310,41,1
14631,p7311,100,18
14634,p7312,100,1
14635,p7313,1,76
14637,p7314,36,1
14638,p7315,79,48
14641,p7316,58,26
14642,p7317,52,1
14644,p7318,42,1
14646,p7319,10,43
14648,p7320,87,22
14650,p7321,67,1
14651,p7322,82,63
14653,p7323,1,63
14656,p7324,29,1
14657,p7325,91,74
14659,p7326,66,1
14660,p7327,1,26
14663,p7328,63,1
14665,p7329,81,59
14667,p7330,18,1
14670,p7331,73,1
14673,p7332,30,6
14674,p7333,22,1
14675,p7334,1,75
14677,p7335,1,90
14679,p7336,35,1
14682,p7337,1,35
14685,p7338,93,71
14688,p7339,30,72
14689,p7340,36,1
14692,p7341,1,57
14694,p7342,26,1
14696,p7343,53,1
14697,p7344,1,33
14700,p7345,83,96
14701,p7346,48,1
14703,p7347,1,68
14706,p7348,1,11
14707,p7349,31,1
14710,p7350,45,1
14711,p7351,22,59
14714,p7352,91,21
14716,p7353,21,79
14719,p7354,1,76
14721,p7355,69,3
14723,p7356,96,1
14725,p7357,1,15
14727,p7358,1,82
14728,p7359,1,73
14731,p7360,90,1
14732,p7361,1,90
14735,p7362,1,72
14738,p7363,93,98
14741,p7364,1,59
14744,p7365,51,39
14745,p7366,1,10
14746,p7367,100,11
14747,p7368,79,1
14748,p7369,25,1
14751,p7370,35,1
14752,p7371,1,28
14754,p7372,97,78
14755,p7373,63,1
14758,p7374,1,61
14760,p7375,85,1
14761,p7376,66,1
14763,p7377,89,1
14765,p7378,47,75
14766,p7379,71,1
14768,p7380,1,86
14769,p7381,79,1
14771,p7382,79,82
14773,p7383,1,45
14774,p7384,44,22
14777,p7385,33,1
14780,p7386,70,1
14782,p7387,1,57
14785,p7388,84,32
14786,p7389,87,1
14787,p7390,1,95
14790,p7391,1,55
14791,p7392,34,1
14793,p7393,16,1
14794,p7394,49,67
14797,p7395,1,10
14800,p7396,1,78
14802,p7397,20,11
14804,p7398,89,1
14806,p7399,77,87
14807,p7400,98,1
14810,p7401,29,1
14812,p7402,5,1
14814,p7403,1,3
14817,p7404,12,1
14820,p7405,1,68
14822,p7406,76,69
14824,p7407,8,91
14827,p7408,36,30
14829,p7409,1,79
14832,p7410,66,1
14833,p7411,82,81
14834,p7412,85,63
14836,p7413,86,52
14838,p7414,1,15
14841,p7415,51,1
14843,p7416,15,13
14845,p7417,40,1
14848,p7418,39,1
14849,p7419,5,67
14850,p7420,1,41
14853,p7421,56,1
14856,p7422,39,68
14858,p7423,89,70
14859,p7424,65,78
14862,p7425,66,48
14863,p7426,1,71
14864,p7427,1,92
14865,p7428,62,98
14867,p7429,1,8
14868,p7430,3,1
14869,p7431,92,98
14871,p7432,1,72
14872,p7433,1,36
14874,p7434,35,1
14877,p7435,1,42
14878,p7436,81,1
14879,p7437,1,17
14882,p7438,45,1
14885,p7439,62,93
14887,p7440,33,84
14890,p7441,1,72
14892,p7442,69,98
14894,p7443,43,1
14897,p7444,1,75
14898,p7445,65,1
14899,p7446,22,91
14900,p7447,12,1
14903,p7448,65,35
14905,p7449,56,1
14906,p7450,20,46
14907,p7451,1,7
14910,p7452,1,100
14911,p7453,24,1
14914,p7454,74,1
14915,p7455,1,54
14917,p7456,26,1
14919,p7457,64,1
14921,p7458,25,1
14924,p7459,83,84
14927,p7460,1,28
14929,p7461,13,63
14931,p7462,88,1
14933,p7463,1,56
14935,p7464,1,10
14937,p7465,1,80
14939,p7466,66,1
14940,p7467,11,14
14941,p7468,45,71
14943,p7469,54,2
14945,p7470,1,46
14946,p7471,1,45
14947,p7472,40,1
14950,p7473,64,70
14953,p7474,81,1
14956,p7475,2,72
14958,p7476,75,69
14960,p7477,84,1
14962,p7478,56,23
14965,p7479,96,1
14968,p7480,3,1
14969,p7481,98,1
14970,p7482,1,14
14971,p7483,65,1
14973,p7484,79,1
14974,p7485,78,1
14975,p7486,91,27
14977,p7487,73,1
14978,p7488,1,23
14980,p7489,35,1
14982,p7490,90,13
14984,p7491,19,24
14985,p7492,1,66
14986,p7493,1,13
14989,p7494,19,91
14992,p7495,52,1
14993,p7496,92,86
14994,p7497,70,1
14995,p7498,68,1
14998,p7499,41,33
15001,p7500,1,31
15004,p7501,1,53
15005,p7502,58,36
15006,p7503,1,96
15008,p7504,1,100
15010,p7505,81,1
15011,p7506,1,24
15013,p7507,30,1
15016,p7508,90,1
15019,p7509,40,1
15020,p7510,2,20
15022,p7511,60,1
15024,p7512,60,99
15025,p7513,1,89
15028,p7514,1,91
15030,p7515,31,24
15031,p7516,76,10
15034,p7517,1,27
15037,p7518,7,65
15039,p7519,1,78
15042,p7520,13,1
15043,p7521,83,68
15044,p7522,49,1
15047,p7523,2,96
15050,p7524,75,95
15051,p7525,20,1
15054,p7526,43,1
15057,p7527,1,33
15058,p7528,45,1
15060,p7529,32,1
15063,p7530,91,36
15066,p7531,61,1
15068,p7532,1,96
15069,p7533,33,83
15072,p7534,74,1
15073,p7535,1,99
15075,p7536,70,59
15076,p7537,94,25
15077,p7538,89,1
15080,p7539,98,29
15083,p7540,1,46
15084,p7541,44,1
15085,p7542,13,1
15087,p7543,100,1
15088,p7544,58,68
15089,p7545,8,99
15092,p7546,61,50
15095,p7547,21,81
15096,p7548,1,26
15099,p7549,41,60
15101,p7550,70,1
15102,p7551,32,66
15104,p7552,75,1
15105,p7553,86,36
15108,p7554,12,32
15111,p7555,58,93
15114,p7556,58,77
15117,p7557,14,1
15118,p7558,80,39
15120,p7559,17,20
15122,p7560,4,1
15125,p7561,76,28
15126,p7562,1,87
15127,p7563,23,1
15130,p7564,79,41
15132,p7565,73,1
15133,p7566,1,62
15136,p7567,42,1
15138,p7568,1,12
15139,p7569,1,81
15142,p7570,1,22
15145,p7571,61,1
15147,p7572,40,93
15150,p7573,2,1
15153,p7574,8,1
15154,p7575,1,87
15156,p7576,25,20
15157,p7577,63,1
15160,p7578,87,1
15163,p7579,1,86
15164,p7580,43,1
15166,p7581,76,96
15169,p7582,92,1
15172,p7583,64,1
15175,p7584,84,1
15177,p7585,79,1
15179,p7586,43,8
15181,p7587,73,1
15183,p7588,1,57
15186,p7589,1,80
15187,p7590,39,62
15188,p7591,78,56
15189,p7592,97,14
15191,p7593,89,1
15194,p7594,1,31
15196,p7595,1,54
15199,p7596,1,9
15202,p7597,25,10
15205,p7598,19,1
15207,p7599,7,1
15209,p7600,73,1
15210,p7601,49,79
15212,p7602,24,1
15214,p7603,9,12
15217,p7604,92,80
15220,p7605,10,1
15223,p7606,1,95
15226,p7607,26,1
15227,p7608,63,1
15229,p7609,67,1
15232,p7610,56,60
15234,p7611,70,1
15235,p7612,79,9
15238,p7613,68,1
15239,p7614,1,79
15241,p7615,60,29
15244,p7616,23,1
15247,p7617,73,1
15248,p7618,1,85
15250,p7619,32,1
15253,p7620,7,97
15255,p7621,93,2
15258,p7622,40,1
15260,p7623,34,1
15263,p7624,1,21
15266,p7625,1,35
15269,p7626,62,1
15270,p7627,22,46
15272,p7628,1,61
15275,p7629,45,21
15278,p7630,59,18
15281,p7631,1,24
15283,p7632,1,64
15284,p7633,1,67
15287,p7634,87,37
15289,p7635,70,37
15292,p7636,11,1
15294,p7637,27,76
15297,p7638,31,13
15298,p7639,24,15
15299,p7640,44,41
15300,p7641,38,1
15301,p7642,1,83
15302,p7643,31,1
15303,p7644,24,10
15305,p7645,1,66
15308,p7646,53,1
15311,p7647,39,22
15314,p7648,81,1
15317,p7649,14,8
15320,p7650,1,24
15322,p7651,35,40
15325,p7652,65,1
15326,p7653,1,41
15329,p7654,1,15
15332,p7655,43,1
15335,p7656,99,1
15338,p7657,1,88
15339,p7658,1,26
15342,p7659,7,65
15344,p7660,36,1
15345,p7661,10,87
15348,p7662,1,24
15349,p7663,59,10
15351,p7664,1,21
15352,p7665,34,84
15353,p7666,23,3
15356,p7667,69,1
15358,p7668,50,29
15360,p7669,1,29
15362,p7670,1,94
15363,p7671,93,24
15366,p7672,89,1
15367,p7673,39,1
15369,p7674,99,61
15370,p7675,24,1
15372,p7676,1,28
15374,p7677,1,37
15376,p7678,73,1
15377,p7679,1,90
15379,p7680,87,75
15380,p7681,1,12
15382,p7682,49,1
15384,p7683,1,43
15385,p7684,1,86
15387,p7685,95,1
15389,p7686,1,87
15391,p7687,85,16
15394,p7688,7,43
15396,p7689,1,14
15398,p7690,92,1
15400,p7691,1,63
15403,p7692,19,15
15404,p7693,4,66
15407,p7694,70,1
15408,p7695,49,75
15411,p7696,68,77
15414,p7697,82,1
15417,p7698,63,47
15419,p7699,73,84
15422,p7700,81,1
15424,p7701,87,69
15425,p7702,4,1
15428,p7703,28,84
15430,p7704,1,84
15431,p7705,1,15
15433,p7706,15,30
15434,p7707,35,1
15436,p7708,30,11
15437,p7709,8,35
15438,p7710,1,15
15439,p7711,18,94
15441,p7712,1,70
15442,p7713,91,33
15444,p7714,86,1
15447,p7715,1,61
15450,p7716,91,1
15451,p7717,1,82
15454,p7718,52,69
15455,p7719,93,8
15457,p7720,99,83
15458,p7721,61,74
15461,p7722,1,97
15464,p7723,88,1
15465,p7724,64,56
15468,p7725,3,1
15471,p7726,83,1
15474,p7727,1,4
15476,p7728,86,1
15479,p7729,1,4
15481,p7730,39,15
15484,p7731,97,39
15487,p7732,1,9
15489,p7733,3,1
15490,p7734,43,1
15493,p7735,26,1
15495,p7736,90,1
15497,p7737,1,65
15500,p7738,32,1
15502,p7739,72,70
15505,p7740,15,1
15506,p7741,2,1
15507,p7742,48,74
15508,p7743,81,26
15510,p7744,100,1
15513,p7745,70,1
15516,p7746,69,70
15519,p7747,15,1
15522,p7748,1,61
15524,p7749,7,20
15527,p7750,55,1
15529,p7751,1,30
15532,p7752,1,75
15533,p7753,1,56
15535,p7754,35,32
15538,p7755,74,1
15540,p7756,85,37
15542,p7757,1,33
15545,p7758,84,68
15547,p7759,72,6
15550,p7760,40,1
15552,p7761,37,77
15555,p7762,72,28
15556,p7763,1,12
15559,p7764,28,19
15562,p7765,33,1
15563,p7766,55,34
15565,p7767,98,2
15566,p7768,11,32
15568,p7769,27,82
15569,p7770,61,41
15571,p7771,1,18
15572,p7772,29,1
15575,p7773,1,90
15578,p7774,1,88
15581,p7775,33,1
15582,p7776,44,93
15585,p7777,67,82
15587,p7778,1,79
15590,p7779,86,1
15591,p7780,77,1
15592,p7781,8,32
15595,p7782,22,23
15598,p7783,1,62
15601,p7784,6,1
15604,p7785,95,65
15607,p7786,1,92
15609,p7787,90,1
15611,p7788,1,20
15612,p7789,68,1
15613,p7790,20,93
15614,p7791,1,68
15615,p7792,86,94
15618,p7793,75,1
15619,p7794,1,20
15622,p7795,86,88
15625,p7796,99,1
15626,p7797,98,54
15627,p7798,57,6
15629,p7799,89,1
15632,p7800,1,46
15635,p7801,57,66
15636,p7802,49,9
15639,p7803,23,99
15640,p7804,1,83
15643,p7805,8,86
15644,p7806,23,44
15646,p7807,74,80
15648,p7808,44,1
15651,p7809,97,1
15652,p7810,28,1
15655,p7811,95,1
15656,p7812,1,83
15658,p7813,1,22
15659,p7814,9,1
15661,p7815,13,21
15663,p7816,47,34
15664,p7817,36,22
15667,p7818,99,42
15668,p7819,1,74
15671,p7820,2,1
15673,p7821,31,1
15676,p7822,60,1
15678,p7823,19,80
15679,p7824,1,28
15680,p7825,1,14
15681,p7826,1,85
15683,p7827,33,1
15685,p7828,14,1
15688,p7829,25,3
15691,p7830,1,98
15694,p7831,1,95
15695,p7832,18,1
15698,p7833,58,1
15700,p7834,83,1
15701,p7835,1,83
15702,p7836,1,63
15703,p7837,1,80
15706,p7838,83,72
15708,p7839,1,46
15709,p7840,13,57
15712,p7841,1,85
15713,p7842,64,98
15715,p7843,20,1
15718,p7844,1,48
15719,p7845,1,4
15721,p7846,55,1
15724,p7847,40,1
15726,p7848,52,1
15728,p7849,13,2
15729,p7850,1,30
15731,p7851,43,1
15733,p7852,81,1
15734,p7853,67,56
15736,p7854,1,92
15737,p7855,32,13
15738,p7856,85,31
15740,p7857,46,11
15743,p7858,1,32
15745,p7859,1,32
15748,p7860,68,1
15751,p7861,1,39
15752,p7862,99,12
15754,p7863,1,4
15757,p7864,93,89
15760,p7865,44,86
15763,p7866,83,1
15766,p7867,1,77
15769,p7868,69,40
15772,p7869,55,1
15775,p7870,53,51
15776,p7871,1,24
15777,p7872,1,27
15780,p7873,70,1
15781,p7874,48,66
15783,p7875,8,1
15786,p7876,1,71
15787,p7877,1,99
15789,p7878,1,33
15790,p7879,1,73
15793,p7880,18,1
15795,p7881,61,29
15796,p7882,100,1
15797,p7883,68,1
15799,p7884,1,96
15800,p7885,1,61
15803,p7886,46,52
15806,p7887,26,100
15807,p7888,1,86
15808,p7889,99,23
15810,p7890,91,15
15812,p7891,79,14
15814,p7892,76,51
15817,p7893,6,42
15818,p7894,31,1
15821,p7895,26,1
15822,p7896,22,100
15823,p7897,37,50
15825,p7898,1,31
15827,p7899,16,58
15830,p7900,1,93
15832,p7901,80,82
15833,p7902,1,64
15834,p7903,82,1
15835,p7904,1,10
15838,p7905,1,2
15841,p7906,24,1
15844,p7907,59,1
15847,p7908,47,1
15850,p7909,1,33
15853,p7910,77,1
15856,p7911,4,98
15858,p7912,49,1
15861,p7913,57,1
15862,p7914,1,52
15864,p7915,76,92
15865,p7916,3,4
15868,p7917,65,1
15871,p7918,98,1
15874,p7919,28,24
15875,p7920,65,1
15878,p7921,1,83
15879,p7922,45,49
15880,p7923,1,54
15882,p7924,90,54
15885,p7925,87,92
15886,p7926,28,21
15888,p7927,1,35
15889,p7928,87,1
15892,p7929,52,53
15895,p7930,1,43
15897,p7931,1,63
15900,p7932,1,60
15901,p7933,24,1
15904,p7934,16,1
15905,p7935,1,65
15908,p7936,100,66
15909,p7937,79,47
15910,p7938,1,99
15912,p7939,1,63
15915,p7940,55,31
15917,p7941,47,1
15918,p7942,60,51
15919,p7943,5,1
15920,p7944,63,23
15923,p7945,60,26
15925,p7946,20,1
15927,p7947,80,28
15928,p7948,93,70
15931,p7949,84,64
15933,p7950,16,1
15934,p7951,44,1
15937,p7952,1,83
15939,p7953,84,1
15941,p7954,1,52
15943,p7955,19,1
15946,p7956,1,74
15947,p7957,73,90
15949,p7958,1,14
15951,p7959,85,1
15953,p7960,19,69
15956,p7961,1,66
15958,p7962,37,21
15961,p7963,50,1
15962,p7964,80,1
15965,p7965,35,84
15968,p7966,1,68
15971,p7967,48,93
15974,p7968,93,1
15976,p7969,69,1
15979,p7970,1,65
15980,p7971,48,1
15983,p7972,1,28
15984,p7973,8,82
15985,p7974,21,52
15987,p7975,1,97
15989,p7976,55,1
15992,p7977,83,1
15993,p7978,1,88
15996,p7979,61,1
15997,p7980,64,1
15999,p7981,1,53
16002,p7982,1,58
16003,p7983,31,1
16006,p7984,76,1
16008,p7985,54,1
16010,p7986,73,62
16011,p7987,99,98
16013,p7988,1,82
16015,p7989,83,1
16018,p7990,20,1
16020,p7991,34,1
16023,p7992,51,75
16025,p7993,42,1
16028,p7994,1,85
16030,p7995,13,1
16031,p7996,8,55
16033,p7997,69,8
16034,p7998,1,74
16035,p7999,7,69
16036,p8000,83,1
16038,p8001,1,56
16040,p8002,11,37
16042,p8003,1,16
16045,p8004,65,86
16048,p8005,62,94
16051,p8006,1,8
16052,p8007,3,49
16054,p8008,44,65
16056,p8009,58,2
16057,p8010,66,1
16060,p8011,1,51
16062,p8012,66,37
16063,p8013,59,1
16064,p8014,59,1
16066,p8015,34,5
16068,p8016,43,96
16070,p8017,1,26
16071,p8018,44,1
16074,p8019,76,1
16076,p8020,23,1
16079,p8021,1,68
16080,p8022,1,30
16083,p8023,1,76
16085,p8024,64,59
16087,p8025,35,1
16090,p8026,37,87
16091,p8027,83,21
16093,p8028,44,1
16096,p8029,48,1
16097,p8030,94,1
16100,p8031,1,80
16102,p8032,43,34
16104,p8033,98,1
16105,p8034,72,1
16107,p8035,1,48
16108,p8036,1,5
16109,p8037,66,1
16112,p8038,1,69
16115,p8039,71,1
16117,p8040,1,44
16118,p8041,1,89
16119,p8042,1,92
16121,p8043,30,1
16124,p8044,13,61
16126,p8045,1,17
16129,p8046,1,35
16130,p8047,1,40
16132,p8048,8,13
16133,p8049,94,1
16134,p8050,78,74
16136,p8051,55,1
16139,p8052,8,1
16142,p8053,29,72
16143,p8054,47,19
16145,p8055,68,35
16148,p8056,73,85
16150,p8057,65,82
16153,p8058,71,89
16155,p8059,1,35
16157,p8060,1,95
16159,p8061,94,1
16162,p8062,1,81
16164,p8063,4,1
16165,p8064,1,15
16167,p8065,24,16
16168,p8066,50,1
16171,p8067,45,85
16173,p8068,64,1
16175,p8069,1,37
16177,p8070,1,37
16179,p8071,1,79
16180,p8072,1,61
16182,p8073,85,48
16183,p8074,47,83
16185,p8075,59,95
16188,p8076,16,76
16191,p8077,82,20
16193,p8078,67,8
16194,p8079,80,1
16196,p8080,1,90
16199,p8081,1,3
16202,p8082,1,83
16205,p8083,32,34
16206,p8084,1,88
16209,p8085,1,5
16210,p8086,1,83
16211,p8087,1,84
16212,p8088,1,33
16213,p8089,47,1
16214,p8090,23,42
16217,p8091,1,64
16220,p8092,1,36
16223,p8093,74,80
16226,p8094,1,69
16227,p8095,36,46
16230,p8096,27,1
16233,p8097,1,40
16235,p8098,54,1
16236,p8099,1,47
16237,p8100,31,87
16240,p8101,1,98
16243,p8102,63,79
16245,p8103,21,1
16248,p8104,34,26
16251,p8105,1,68
16254,p8106,68,77
16256,p8107,23,1
16257,p8108,1,40
16258,p8109,43,13
16261,p8110,1,73
16264,p8111,82,33
16266,p8112,1,44
16269,p8113,25,72
16272,p8114,1,66
16273,p8115,79,76
16274,p8116,1,64
16275,p8117,83,1
16276,p8118,1,25
16279,p8119,1,41
16282,p8120,47,23
16285,p8121,61,1
16287,p8122,25,1
16288,p8123,62,52
16289,p8124,1,29
16290,p8125,2,1
16293,p8126,1,39
16296,p8127,81,1
16298,p8128,1,40
16300,p8129,16,1
16302,p8130,1,75
16304,p8131,1,7
16306,p8132,68,73
16307,p8133,1,67
16310,p8134,48,1
16311,p8135,12,49
16312,p8136,90,64
16313,p8137,39,1
16314,p8138,59,1
16315,p8139,20,49
16317,p8140,54,46
16318,p8141,89,1
16321,p8142,1,86
16324,p8143,1,49
16325,p8144,29,1
16326,p8145,1,90
16328,p8146,77,40
16329,p8147,1,30
16330,p8148,1,64
16331,p8149,85,1
16332,p8150,1,57
16334,p8151,88,1
16335,p8152,1,100
16336,p8153,48,1
16337,p8154,89,1
16339,p8155,1,14
16340,p8156,8,94
16343,p8157,47,1
16344,p8158,100,80
16346,p8159,1,31
16348,p8160,54,1
16351,p8161,40,1
16354,p8162,1,20
16357,p8163,24,1
16358,p8164,50,1
16360,p8165,20,1
16363,p8166,15,88
16366,p8167,45,1
16367,p8168,1,40
16370,p8169,82,1
16372,p8170,41,39
16375,p8171,1,47
16376,p8172,34,40
16377,p8173,63,1
16378,p8174,96,65
16380,p8175,1,82
16382,p8176,22,1
16383,p8177,92,1
16385,p8178,1,80
16386,p8179,1,53
16387,p8180,84,26
16390,p8181,1,11
16393,p8182,17,1
16395,p8183,54,78
16396,p8184,3,1
16397,p8185,1,16
16399,p8186,53,83
16402,p8187,45,28
16405,p8188,70,1
16407,p8189,41,1
16408,p8190,96,11
16409,p8191,88,33
16410,p8192,38,1
16413,p8193,1,44
16416,p8194,23,1
16419,p8195,1,30
16421,p8196,88,1
16423,p8197,24,1
16426,p8198,78,77
16429,p8199,78,1
16432,p8200,1,68
16433,p8201,17,65
16434,p8202,98,1
16436,p8203,1,8
16437,p8204,57,23
16438,p8205,60,1
16441,p8206,1,11
16443,p8207,14,39
16446,p8208,31,48
16448,p8209,1,5
16451,p8210,1,21
16454,p8211,1,97
16455,p8212,1,21
16456,p8213,20,53
16457,p8214,83,1
16458,p8215,94,1
16460,p8216,74,51
16463,p8217,49,1
16464,p8218,1,76
16465,p8219,15,31
16466,p8220,54,18
16467,p8221,80,7
16470,p8222,82,1
16471,p8223,70,1
16473,p8224,1,70
16476,p8225,40,90
16479,p8226,1,60
16482,p8227,97,1
16483,p8228,88,1
16484,p8229,21,2
16485,p8230,99,1
16486,p8231,78,1
16487,p8232,40,53
16488,p8233,13,12
16489,p8234,1,17
16491,p8235,1,30
16493,p8236,1,64
16494,p8237,95,1
16496,p8238,1,79
16497,p8239,1,77
16499,p8240,33,1
16500,p8241,2,1
16502,p8242,1,95
16503,p8243,82,32
16506,p8244,33,1
16509,p8245,35,1
16511,p8246,27,34
16512,p8247,12,1
16515,p8248,1,50
16516,p8249,17,13
16518,p8250,73,1
16521,p8251,1,97
16524,p8252,99,1
16526,p8253,43,1
16528,p8254,100,1
16531,p8255,70,41
16533,p8256,68,1
16535,p8257,31,1
16538,p8258,95,21
16540,p8259,1,13
16541,p8260,1,2
16544,p8261,72,1
16547,p8262,43,1
16548,p8263,1,60
16551,p8264,4,1
16554,p8265,1,21
16557,p8266,80,45
16559,p8267,63,19
16560,p8268,1,94
16563,p8269,1,38
16565,p8270,67,10
16568,p8271,1,36
16570,p8272,83,9
16573,p8273,42,37
16575,p8274,1,14
16577,p8275,12,1
16579,p8276,56,1
16580,p8277,13,1
16583,p8278,32,80
16585,p8279,1,77
16588,p8280,93,33
16590,p8281,26,1
16591,p8282,1,20
16594,p8283,1,73
16597,p8284,1,69
16599,p8285,75,6
16602,p8286,45,31
16604,p8287,51,1
16605,p8288,91,54
16606,p8289,35,67
16607,p8290,27,1
16608,p8291,29,86
16609,p8292,82,1
16612,p8293,1,42
16615,p8294,1,92
16616,p8295,46,25
16619,p8296,1,78
16621,p8297,39,23
16624,p8298,10,1
16627,p8299,2,60
16628,p8300,1,34
16629,p8301,1,36
16632,p8302,48,1
16634,p8303,81,1
16636,p8304,1,67
16637,p8305,16,1
16639,p8306,25,1
16642,p8307,1,53
16645,p8308,70,53
16648,p8309,1,8
16650,p8310,86,1
16653,p8311,1,27
16655,p8312,50,1
16657,p8313,61,47
16658,p8314,51,1
16660,p8315,90,1
16661,p8316,7,1
16664,p8317,2,10
16666,p8318,3,13
16669,p8319,25,1
16670,p8320,4,1
16671,p8321,70,32
16674,p8322,49,98
16677,p8323,12,1
16679,p8324,23,88
16681,p8325,36,1
16683,p8326,87,1
16685,p8327,1,19
16688,p8328,45,56
16689,p8329,1,97
16692,p8330,49,1
16694,p8331,1,5
16696,p8332,64,3
16699,p8333,11,1
16701,p8334,27,21
16703,p8335,1,98
16705,p8336,24,1
16707,p8337,66,1
16709,p8338,58,1
16712,p8339,19,28
16714,p8340,1,74
16717,p8341,1,79
16720,p8342,6,1
16723,p8343,1,7
16725,p8344,73,46
16726,p8345,54,30
16727,p8346,1,70
16730,p8347,1,42
16731,p8348,8,1
16734,p8349,9,1
16735,p8350,14,70
16736,p8351,41,77
16737,p8352,69,20
16740,p8353,1,41
16743,p8354,1,99
16745,p8355,62,1
16747,p8356,27,18
16749,p8357,22,1
16752,p8358,20,25
16755,p8359,5,1
16757,p8360,15,1
16759,p8361,61,23
16761,p8362,36,1
16764,p8363,32,99
16766,p8364,100,61
16767,p8365,1,86
16769,p8366,8,45
16770,p8367,19,83
16773,p8368,15,1
16775,p8369,30,1
16778,p8370,1,88
16781,p8371,1,98
16782,p8372,1,16
16783,p8373,57,1
16784,p8374,64,1
16786,p8375,33,47
16789,p8376,1,62
16790,p8377,62,100
16792,p8378,1,39
16793,p8379,6,1
16794,p8380,33,1
16795,p8381,94,1
16797,p8382,51,46
16800,p8383,1,50
16801,p8384,24,4
16803,p8385,94,29
16806,p8386,55,35
16809,p8387,1,83
16812,p8388,39,52
16814,p8389,1,98
16816,p8390,36,14
16818,p8391,75,1
16821,p8392,7,1
16823,p8393,73,67
16824,p8394,73,1
16827,p8395,74,19
16829,p8396,4,1
16831,p8397,1,68
16833,p8398,42,1
16835,p8399,81,38
16838,p8400,58,5
16841,p8401,2,1
16843,p8402,47,1
16844,p8403,3,1
16847,p8404,23,1
16848,p8405,42,1
16850,p8406,43,1
16853,p8407,1,30
16856,p8408,57,91
16858,p8409,6,1
16861,p8410,1,28
16862,p8411,1,21
16865,p8412,54,12
16867,p8413,1,92
16870,p8414,1,28
16871,p8415,72,1
16873,p8416,1,19
16875,p8417,1,35
16876,p8418,1,50
16879,p8419,78,1
16882,p8420,1,93
16884,p8421,97,1
16885,p8422,62,21
16887,p8423,67,1
16889,p8424,9,1
16891,p8425,11,1
16894,p8426,19,1
16895,p8427,90,1
16898,p8428,48,30
16900,p8429,91,1
16901,p8430,1,97
16903,p8431,28,1
16905,p8432,74,1
16908,p8433,29,12
16910,p8434,39,1
16913,p8435,30,93
16914,p8436,37,1
16916,p8437,1,44
16918,p8438,79,1
16920,p8439,77,38
16923,p8440,25,67
16925,p8441,80,20
16926,p8442,69,61
16928,p8443,24,1
16930,p8444,61,1
16933,p8445,84,85
16934,p8446,1,41
16937,p8447,65,1
16939,p8448,43,50
16941,p8449,78,6
16944,p8450,84,1
16946,p8451,15,1
16947,p8452,56,29
16948,p8453,1,72
16950,p8454,1,4
16951,p8455,27,30
16954,p8456,97,76
16955,p8457,1,41
16958,p8458,34,35
16959,p8459,13,1
16961,p8460,60,6
16963,p8461,86,1
16966,p8462,1,68
16969,p8463,75,13
16971,p8464,1,98
16972,p8465,1,99
16974,p8466,33,74
16976,p8467,71,38
16978,p8468,27,1
16981,p8469,6,1
16983,p8470,14,1
16985,p8471,34,1
16986,p8472,52,1
16989,p8473,34,15
16990,p8474,1,93
16991,p8475,100,1
16993,p8476,3,31
16994,p8477,1,13
16997,p8478,54,1
16999,p8479,1,77
17002,p8480,83,1
17003,p8481,78,89
17005,p8482,46,1
17006,p8483,69,35
17007,p8484,1,76
17010,p8485,96,1
17012,p8486,95,1
17015,p8487,1,14
17016,p8488,89,79
17018,p8489,78,56
17019,p8490,1,51
17021,p8491,58,41
17023,p8492,1,61
17024,p8493,1,42
17027,p8494,1,61
17028,p8495,66,4
17029,p8496,72,14
17032,p8497,1,75
17034,p8498,55,1
17036,p8499,97,1
17038,p8500,62,76
17039,p8501,1,51
17041,p8502,14,6
17042,p8503,65,1
17044,p8504,1,72
17047,p8505,1,17
17050,p8506,23,1
17052,p8507,55,23
17055,p8508,72,12
17058,p8509,10,1
17060,p8510,23,63
17062,p8511,1,37
17063,p8512,1,51
17065,p8513,43,97
17068,p8514,1,61
17071,p8515,1,35
17073,p8516,36,1
17075,p8517,1,45
17078,p8518,40,1
17080,p8519,2,1
17081,p8520,1,100
17084,p8521,1,12
17086,p8522,28,52
17087,p8523,6,74
17088,p8524,1,67
17091,p8525,24,15
17093,p8526,1,7
17096,p8527,37,68
17097,p8528,1,38
17100,p8529,80,63
17102,p8530,82,1
17104,p8531,72,1
17105,p8532,11,1
17108,p8533,1,57
17111,p8534,77,9
17114,p8535,87,54
17116,p8536,21,1
17118,p8537,11,1
17120,p8538,22,1
17121,p8539,1,57
17124,p8540,55,1
17127,p8541,1,82
17129,p8542,28,57
17131,p8543,84,76
17132,p8544,34,43
17135,p8545,1,97
17138,p8546,28,1
17139,p8547,11,100
17142,p8548,77,1
17143,p8549,95,1
17146,p8550,1,58
17147,p8551,22,1
17149,p8552,52,1
17151,p8553,1,61
17153,p8554,2,24
17156,p8555,44,75
17158,p8556,26,1
17159,p8557,59,14
17161,p8558,1,78
17163,p8559,4,1
17166,p8560,59,1
17167,p8561,30,1
17169,p8562,12,1
17170,p8563,24,1
17173,p8564,1,97
17174,p8565,1,32
17176,p8566,1,26
17178,p8567,50,1
17180,p8568,1,63
17182,p8569,1,28
17183,p8570,1,68
17186,p8571,5,9
17189,p8572,1,33
17191,p8573,11,1
17192,p8574,1,14
17193,p8575,28,16
17195,p8576,84,1
17197,p8577,1,41
17199,p8578,1,74
17202,p8579,1,34
17205,p8580,1,24
17206,p8581,1,74
17209,p8582,76,27
17210,p8583,90,6
17212,p8584,27,1
17215,p8585,24,30
17218,p8586,80,45
17219,p8587,96,1
17222,p8588,60,34
17225,p8589,18,1
17227,p8590,20,1
17228,p8591,99,1
17230,p8592,15,1
17232,p8593,9,1
17235,p8594,82,1
17238,p8595,22,1
17241,p8596,28,1
17242,p8597,1,86
17243,p8598,1,27
17246,p8599,39,1
17247,p8600,43,45
17250,p8601,46,1
17253,p8602,1,22
17254,p8603,1,91
17257,p8604,1,64
17260,p8605,62,34
17262,p8606,6,91
17263,p8607,1,41
17265,p8608,31,1
17266,p8609,31,1
17269,p8610,89,1
17272,p8611,1,51
17275,p8612,86,92
17278,p8613,93,53
17281,p8614,43,37
17283,p8615,48,1
17285,p8616,24,1
17287,p8617,38,58
17290,p8618,56,74
17293,p8619,1,10
17295,p8620,85,1
17297,p8621,43,1
17300,p8622,93,1
17301,p8623,33,1
17304,p8624,64,1
17306,p8625,70,1
17307,p8626,24,1
17308,p8627,1,91
17311,p8628,81,1
17313,p8629,36,1
17314,p8630,66,81
17316,p8631,5,1
17318,p8632,80,1
17319,p8633,98,1
17322,p8634,1,65
17325,p8635,57,20
17328,p8636,79,1
17329,p8637,75,45
17332,p8638,61,15
17334,p8639,1,97
17335,p8640,1,30
17338,p8641,36,1
17340,p8642,1,60
17342,p8643,1,95
17345,p8644,1,96
17346,p8645,53,1
17348,p8646,51,1
17350,p8647,23,1
17351,p8648,46,60
17353,p8649,1,40
17354,p8650,1,49
17357,p8651,43,74
17358,p8652,1,86
17361,p8653,11,63
17363,p8654,32,53
17364,p8655,6,20
17365,p8656,61,1
17367,p8657,1,56
17370,p8658,94,9
17371,p8659,48,1
17372,p8660,31,1
17374,p8661,88,35
17375,p8662,1,23
17376,p8663,31,1
17379,p8664,1,72
17382,p8665,39,48
17385,p8666,14,72
17388,p8667,1,66
17389,p8668,68,1
17392,p8669,39,1
17395,p8670,26,1
17398,p8671,56,1
17399,p8672,25,1
17401,p8673,1,22
17402,p8674,30,27
17405,p8675,1,6
17407,p8676,68,1
17408,p8677,48,1
17411,p8678,42,1
17413,p8679,59,1
17415,p8680,32,1
17416,p8681,1,3
17417,p8682,1,28
17418,p8683,40,18
17420,p8684,35,1
17423,p8685,40,82
17425,p8686,30,1
17428,p8687,96,37
17431,p8688,28,1
17434,p8689,50,43
17437,p8690,2,1
17439,p8691,21,87
17440,p8692,10,1
17441,p8693,58,1
17442,p8694,67,33
17444,p8695,1,20
17445,p8696,1,76
17447,p8697,66,1
17450,p8698,1,63
17453,p8699,1,22
17454,p8700,54,8
17456,p8701,1,78
17457,p8702,1,50
17460,p8703,1,16
17462,p8704,1,75
17463,p8705,43,1
17465,p8706,81,1
17468,p8707,2,1
17470,p8708,1,29
17472,p8709,91,1
17475,p8710,1,37
17478,p8711,74,54
17481,p8712,53,1
17484,p8713,47,28
17486,p8714,1,19
17488,p8715,1,70
17490,p8716,22,16
17491,p8717,1,93
17493,p8718,99,28
17496,p8719,90,6
17497,p8720,1,98
17499,p8721,1,58
17502,p8722,1,5
17505,p8723,1,3
17506,p8724,50,27
17508,p8725,18,87
17511,p8726,1,74
17513,p8727,1,28
17516,p8728,1,2
17517,p8729,1,55
17518,p8730,37,1
17521,p8731,98,1
17522,p8732,48,66
17524,p8733,33,1
17527,p8734,1,84
17528,p8735,9,41
17530,p8736,1,10
17533,p8737,63,1
17535,p8738,64,84
17537,p8739,1,11
17538,p8740,78,1
17541,p8741,32,1
17543,p8742,41,21
17546,p8743,56,1
17548,p8744,66,1
17549,p8745,57,83
17550,p8746,1,25
17552,p8747,4,1
17554,p8748,26,2
17556,p8749,35,1
17558,p8750,1,44
17559,p8751,1,80
17561,p8752,81,29
17562,p8753,1,57
17565,p8754,1,13
17566,p8755,69,11
17567,p8756,76,1
17568,p8757,56,44
17571,p8758,1,14
17573,p8759,1,39
17574,p8760,34,1
17576,p8761,81,1
17579,p8762,52,31
17581,p8763,68,1
17583,p8764,51,1
17584,p8765,2,69
17587,p8766,13,5
17589,p8767,100,84
17591,p8768,6,54
17594,p8769,1,94
17596,p8770,83,1
17599,p8771,1,47
17600,p8772,1,89
17601,p8773,52,75
17604,p8774,1,17
17607,p8775,20,1
17609,p8776,1,39
17612,p8777,1,12
17613,p8778,1,83
17615,p8779,1,78
17616,p8780,49,23
17617,p8781,1,28
17619,p8782,19,1
17622,p8783,1,21
17625,p8784,1,17
17627,p8785,26,46
17628,p8786,11,1
17629,p8787,1,15
17632,p8788,1,60
17635,p8789,89,53
17637,p8790,1,79
17638,p8791,1,20
17640,p8792,1,11
17642,p8793,59,1
17644,p8794,89,1
17647,p8795,28,1
17650,p8796,1,52
17651,p8797,1,95
17652,p8798,74,1
17655,p8799,1,90
17658,p8800,1,43
17660,p8801,46,1
17663,p8802,90,1
17664,p8803,1,69
17665,p8804,43,1
17667,p8805,58,84
17668,p8806,30,1
17671,p8807,2,1
17674,p8808,47,54
17676,p8809,85,1
17679,p8810,17,7
17680,p8811,56,32
17682,p8812,79,21
17683,p8813,1,89
17684,p8814,1,34
17686,p8815,1,36
17689,p8816,16,22
17690,p8817,57,1
17693,p8818,92,5
17696,p8819,15,1
17698,p8820,96,59
17700,p8821,59,1
17701,p8822,1,19
17704,p8823,75,1
17706,p8824,1,82
17708,p8825,17,81
17709,p8826,46,1
17711,p8827,1,57
17713,p8828,21,1
17714,p8829,15,26
17716,p8830,60,3
17718,p8831,1,60
17719,p8832,42,13
17720,p8833,61,1
17722,p8834,1,78
17723,p8835,43,8
17726,p8836,40,64
17727,p8837,67,84
17728,p8838,49,1
17730,p8839,86,57
17731,p8840,35,91
17732,p8841,36,22
17734,p8842,1,40
17737,p8843,9,21
17738,p8844,1,31
17741,p8845,38,47
17744,p8846,58,5
17746,p8847,28,88
17748,p8848,1,15
17749,p8849,1,39
17750,p8850,74,77
17752,p8851,96,1
17754,p8852,40,1
17755,p8853,68,22
17756,p8854,26,1
17759,p8855,1,87
17760,p8856,92,1
17762,p8857,17,1
17763,p8858,87,37
17765,p8859,65,1
17767,p8860,26,75
17768,p8861,1,64
17770,p8862,79,80
17771,p8863,14,27
17774,p8864,7,1
17777,p8865,1,46
17779,p8866,1,40
17781,p8867,28,1
17784,p8868,24,94
17785,p8869,20,33
17788,p8870,85,5
17789,p8871,1,56
17792,p8872,32,1
17795,p8873,73,1
17797,p8874,1,32
17799,p8875,72,1
17801,p8876,1,85
17802,p8877,1,29
17803,p8878,1,13
17806,p8879,42,49
17809,p8880,95,1
17811,p8881,1,63
17814,p8882,87,1
17817,p8883,85,1
17819,p8884,42,1
17821,p8885,1,76
17822,p8886,1,42
17824,p8887,1,79
17825,p8888,81,79
17826,p8889,29,1
17827,p8890,56,1
17830,p8891,1,35
17833,p8892,38,52
17835,p8893,81,80
17837,p8894,31,1
17838,p8895,13,1
17841,p8896,44,1
17844,p8897,1,33
17846,p8898,30,18
17849,p8899,40,1
17850,p8900,20,1
17852,p8901,80,1
17855,p8902,1,73
17856,p8903,46,1
17857,p8904,53,1
17859,p8905,1,43
17861,p8906,1,42
17862,p8907,2,47
17863,p8908,100,1
17864,p8909,19,1
17865,p8910,69,42
17868,p8911,9,1
17869,p8912,45,1
17870,p8913,3,39
17872,p8914,85,1
17874,p8915,1,15
17876,p8916,1,90
17877,p8917,1,73
17878,p8918,48,17
17879,p8919,1,55
17882,p8920,77,1
17885,p8921,21,25
17887,p8922,1,27
17888,p8923,23,1
17889,p8924,1,6
17891,p8925,85,1
17892,p8926,1,56
17895,p8927,40,1
17898,p8928,28,66
17899,p8929,21,1
17902,p8930,1,67
17903,p8931,99,20
17906,p8932,1,60
17907,p8933,16,95
17908,p8934,34,1
17911,p8935,28,80
17912,p8936,1,72
17915,p8937,1,2
17916,p8938,7,14
17917,p8939,1,67
17920,p8940,1,78
17922,p8941,8,98
17923,p8942,78,1
17924,p8943,79,65
17926,p8944,1,100
17927,p8945,48,1
17928,p8946,57,1
17930,p8947,54,1
17932,p8948,34,1
17933,p8949,89,35
17936,p8950,59,10
17939,p8951,10,1
17942,p8952,5,1
17944,p8953,90,1
17947,p8954,9,61
17950,p8955,1,94
17951,p8956,1,30
17953,p8957,1,30
17955,p8958,1,55
17958,p8959,1,56
17959,p8960,9,47
17962,p8961,1,20
17965,p8962,1,76
17967,p8963,39,1
17970,p8964,1,35
17973,p8965,63,87
17974,p8966,14,11
17977,p8967,65,88
17979,p8968,16,1
17980,p8969,1,90
17982,p8970,6,25
17983,p8971,1,65
17986,p8972,1,63
17987,p8973,1,8
17989,p8974,22,45
17991,p8975,45,77
17993,p8976,1,72
17994,p8977,1,10
17995,p8978,24,1
17996,p8979,26,10
17999,p8980,93,1
18001,p8981,24,80
18003,p8982,16,11
18004,p8983,1,85
18005,p8984,1,29
18007,p8985,72,10
18009,p8986,1,6
18010,p8987,1,93
18012,p8988,28,17
18014,p8989,1,76
18017,p8990,58,1
18020,p8991,79,1
18023,p8992,11,92
18025,p8993,42,1
18027,p8994,3,44
18028,p8995,23,44
18030,p8996,31,55
18032,p8997,1,48
18034,p8998,57,1
18035,p8999,92,24
18038,p9000,75,1
18041,p9001,23,79
18043,p9002,25,35
18044,p9003,13,1
18047,p9004,51,1
18049,p9005,66,1
18050,p9006,32,96
18053,p9007,32,61
18055,p9008,1,98
18058,p9009,16,36
18059,p9010,88,8
18060,p9011,18,1
18063,p9012,1,47
18064,p9013,1,38
18066,p9014,51,1
18069,p9015,81,89
18071,p9016,42,65
18073,p9017,1,37
18076,p9018,1,93
18077,p9019,26,98
18079,p9020,12,95
18082,p9021,1,53
18084,p9022,3,91
18085,p9023,35,1
18087,p9024,78,40
18090,p9025,1,35
18092,p9026,27,1
18093,p9027,20,81
18094,p9028,31,1
18096,p9029,1,13
18098,p9030,1,12
18101,p9031,1,26
18103,p9032,72,1
18106,p9033,61,1
18107,p9034,30,1
18109,p9035,80,1
18111,p9036,1,50
18114,p9037,84,89
18116,p9038,75,1
18119,p9039,96,90
18120,p9040,59,1
18123,p9041,80,22
18124,p9042,88,33
18125,p9043,67,12
18128,p9044,1,56
18131,p9045,36,52
18134,p9046,8,66
18136,p9047,8,11
18137,p9048,72,58
18140,p9049,1,27
18143,p9050,1,67
18145,p9051,84,45
18148,p9052,60,29
18149,p9053,1,41
18151,p9054,1,7
18152,p9055,1,47
18155,p9056,46,70
18157,p9057,82,1
18158,p9058,1,34
18159,p9059,90,1
18160,p9060,1,21
18162,p9061,1,71
18164,p9062,37,1
18166,p9063,1,48
18169,p9064,81,1
18172,p9065,34,1
18174,p9066,93,1
18175,p9067,1,86
18177,p9068,90,26
18179,p9069,18,1
18180,p9070,1,62
18182,p9071,73,1
18184,p9072,90,36
18187,p9073,40,1
18190,p9074,86,1
18192,p9075,97,1
18195,p9076,1,22
18196,p9077,86,70
18198,p9078,14,27
18201,p9079,96,1
18204,p9080,78,1
18207,p9081,1,34
18209,p9082,1,16
18211,p9083,1,12
18212,p9084,1,44
18213,p9085,1,96
18214,p9086,1,7
18217,p9087,1,6
18220,p9088,18,1
18222,p9089,1,91
18225,p9090,81,13
18228,p9091,1,30
18231,p9092,67,1
18233,p9093,99,1
18236,p9094,1,48
18237,p9095,1,92
18239,p9096,35,1
18241,p9097,1,35
18242,p9098,1,95
18243,p9099,29,1
18244,p9100,40,69
18246,p9101,86,1
18249,p9102,1,57
18251,p9103,42,1
18252,p9104,59,6
18255,p9105,1,53
18257,p9106,12,1
18259,p9107,3,1
18260,p9108,1,19
18262,p9109,1,15
18263,p9110,21,16
18265,p9111,1,22
18268,p9112,12,1
18269,p9113,1,20
18272,p9114,12,63
18274,p9115,1,68
18276,p9116,1,31
18278,p9117,40,1
18280,p9118,1,32
18282,p9119,1,66
18284,p9120,95,20
18286,p9121,1,19
18287,p9122,49,11
18290,p9123,42,16
18293,p9124,1,87
18295,p9125,1,15
18297,p9126,14,1
18298,p9127,1,65
18300,p9128,25,1
18302,p9129,1,36
18304,p9130,25,1
18307,p9131,41,54
18309,p9132,35,51
18310,p9133,99,68
18312,p9134,1,94
18315,p9135,1,52
18316,p9136,92,49
18318,p9137,43,1
18321,p9138,34,44
18324,p9139,1,17
18326,p9140,1,42
18327,p9141,91,1
18329,p9142,1,63
18332,p9143,39,21
18333,p9144,39,1
18335,p9145,1,70
18337,p9146,14,1
18339,p9147,1,34
18340,p9148,1,17
18343,p9149,40,58
18345,p9150,1,29
18348,p9151,76,11
18350,p9152,50,38
18351,p9153,12,1
18354,p9154,61,11
18356,p9155,75,81
18359,p9156,91,61
18361,p9157,1,96
18364,p9158,1,83
18365,p9159,83,1
18367,p9160,98,66
18370,p9161,1,38
18371,p9162,1,23
18373,p9163,92,86
18375,p9164,1,9
18377,p9165,1,73
18380,p9166,1,53
18381,p9167,82,88
18384,p9168,91,1
18385,p9169,1,33
18388,p9170,1,53
18390,p9171,67,1
18391,p9172,1,25
18392,p9173,59,1
18393,p9174,12,1
18395,p9175,3,40
18397,p9176,59,6
18400,p9177,1,19
18401,p9178,1,38
18402,p9179,34,47
18404,p9180,43,31
18406,p9181,45,27
18407,p9182,41,1
18409,p9183,1,69
18410,p9184,1,68
18413,p9185,15,85
18415,p9186,1,68
18417,p9187,97,1
18419,p9188,35,1
18421,p9189,14,60
18422,p9190,1,58
18424,p9191,98,91
18427,p9192,96,1
18428,p9193,47,1
18431,p9194,1,61
18432,p9195,85,66
18433,p9196,42,1
18434,p9197,81,95
18436,p9198,95,1
18437,p9199,13,1
18438,p9200,38,91
18439,p9201,1,20
18441,p9202,8,1
18443,p9203,32,61
18446,p9204,24,28
18447,p9205,1,56
18448,p9206,1,52
18449,p9207,31,1
18451,p9208,1,94
18452,p9209,73,1
18454,p9210,53,47
18455,p9211,61,72
18456,p9212,13,1
18457,p9213,1,17
18458,p9214,1,68
18461,p9215,1,34
18464,p9216,1,41
18466,p9217,73,1
18468,p9218,94,61
18471,p9219,84,65
18474,p9220,15,1
18475,p9221,9,70
18478,p9222,32,1
18479,p9223,97,68
18481,p9224,64,17
18483,p9225,1,65
18485,p9226,91,36
18487,p9227,1,95
18489,p9228,1,26
18492,p9229,92,1
18494,p9230,1,91
18496,p9231,87,49
18498,p9232,37,10
18500,p9233,87,88
18502,p9234,1,11
18505,p9235,19,75
18508,p9236,3,1
18511,p9237,96,21
18513,p9238,82,1
18515,p9239,72,1
18516,p9240,64,1
18517,p9241,60,1
18518,p9242,17,1
18520,p9243,96,66
18521,p9244,62,1
18524,p9245,1,38
18525,p9246,92,38
18526,p9247,40,1
18529,p9248,52,43
18531,p9249,1,37
18533,p9250,50,1
18534,p9251,1,36
18536,p9252,61,1
18538,p9253,1,77
18540,p9254,1,61
18541,p9255,1,45
18542,p9256,36,1
18545,p9257,61,74
18546,p9258,99,80
18547,p9259,23,97
18549,p9260,1,43
18550,p9261,1,12
18553,p9262,1,94
18555,p9263,70,1
18557,p9264,1,46
18558,p9265,22,87
18559,p9266,11,74
18561,p9267,74,88
18563,p9268,45,1
18565,p9269,1,67
18566,p9270,29,1
18567,p9271,64,7
18570,p9272,1,80
18571,p9273,68,1
18574,p9274,1,63
18576,p9275,33,1
18578,p9276,1,13
18581,p9277,12,86
18584,p9278,1,59
18587,p9279,1,20
18589,p9280,1,49
18591,p9281,39,8
18593,p9282,73,46
18596,p9283,99,30
18597,p9284,88,39
18599,p9285,52,29
18601,p9286,1,52
18603,p9287,35,1
18606,p9288,67,1
18609,p9289,1,5
18611,p9290,4,16
18613,p9291,33,1
18614,p9292,70,46
18617,p9293,87,55
18620,p9294,1,6
18622,p9295,25,1
18624,p9296,1,37
18627,p9297,1,57
18630,p9298,63,1
18633,p9299,1,20
18635,p9300,44,1
18637,p9301,68,70
18638,p9302,1,77
18639,p9303,5,63
18641,p9304,1,44
18644,p9305,74,93
18645,p9306,1,4
18647,p9307,1,35
18650,p9308,1,65
18652,p9309,17,89
18653,p9310,1,85
18655,p9311,43,1
18656,p9312,7,1
18657,p9313,40,32
18659,p9314,22,1
18662,p9315,37,40
18665,p9316,15,1
18666,p9317,60,1
18668,p9318,1,39
18669,p9319,52,54
18672,p9320,1,41
18674,p9321,48,1
18677,p9322,2,1
18680,p9323,79,1
18683,p9324,1,23
18685,p9325,94,1
18686,p9326,96,1
18689,p9327,16,1
18690,p9328,55,48
18692,p9329,88,1
18694,p9330,21,42
18697,p9331,35,1
18700,p9332,1,37
18702,p9333,55,1
18705,p9334,52,53
18706,p9335,1,68
18707,p9336,89,1
18710,p9337,66,76
18712,p9338,85,1
18713,p9339,75,1
18716,p9340,75,7
18717,p9341,69,59
18720,p9342,91,1
18723,p9343,90,76
18725,p9344,3,90
18728,p9345,1,88
18731,p9346,1,75
18732,p9347,13,1
18735,p9348,79,10
18736,p9349,66,1
18738,p9350,6,62
18741,p9351,21,56
18744,p9352,98,12
18746,p9353,1,28
18748,p9354,51,63
18751,p9355,77,48
18752,p9356,22,74
18755,p9357,1,36
18756,p9358,1,3
18759,p9359,1,62
18762,p9360,1,9
18763,p9361,1,63
18766,p9362,1,90
18769,p9363,1,63
18772,p9364,1,46
18774,p9365,1,42
18777,p9366,1,89
18780,p9367,93,100
18781,p9368,1,20
18783,p9369,1,99
18786,p9370,1,44
18789,p9371,41,1
18790,p9372,1,66
18791,p9373,15,54
18794,p9374,89,11
18797,p9375,1,40
18800,p9376,16,55
18803,p9377,1,8
18806,p9378,1,86
18807,p9379,4,1
18809,p9380,1,39
18812,p9381,72,1
18813,p9382,91,1
18815,p9383,30,81
18816,p9384,23,1
18819,p9385,86,7
18821,p9386,1,92
18824,p9387,1,19
18825,p9388,1,56
18827,p9389,3,1
18828,p9390,1,94
18829,p9391,79,1
18832,p9392,1,82
18835,p9393,23,68
18836,p9394,80,14
18839,p9395,1,61
18841,p9396,52,2
18843,p9397,95,16
18845,p9398,1,85
18846,p9399,13,1
18847,p9400,90,23
18848,p9401,66,1
18851,p9402,62,1
18854,p9403,1,67
18856,p9404,1,8
18858,p9405,26,1
18860,p9406,35,54
18861,p9407,1,47
18863,p9408,92,1
18864,p9409,55,10
18865,p9410,1,34
18867,p9411,1,19
18868,p9412,72,12
18870,p9413,1,90
18872,p9414,42,27
18873,p9415,83,1
18876,p9416,61,99
18879,p9417,1,12
18880,p9418,64,1
18882,p9419,75,1
18883,p9420,82,1
18885,p9421,77,1
18887,p9422,8,58
18888,p9423,52,1
18891,p9424,56,1
18892,p9425,52,1
18893,p9426,1,10
18896,p9427,1,9
18897,p9428,76,1
18898,p9429,1,72
18900,p9430,40,52
18903,p9431,3,47
18905,p9432,97,1
18908,p9433,1,73
18910,p9434,38,1
18913,p9435,44,29
18915,p9436,71,1
18916,p9437,29,78
18917,p9438,7,1
18919,p9439,1,43
18921,p9440,1,63
18923,p9441,50,1
18926,p9442,1,76
18928,p9443,4,1
18930,p9444,3,1
18931,p9445,5,1
18934,p9446,100,30
18935,p9447,1,7
18937,p9448,61,1
18939,p9449,1,72
18940,p9450,24,35
18941,p9451,1,78
18943,p9452,10,1
18946,p9453,7,14
18949,p9454,1,62
18950,p9455,29,6
18953,p9456,99,1
18954,p9457,67,1
18955,p9458,76,14
18956,p9459,45,1
18959,p9460,75,1
18960,p9461,1,30
18961,p9462,37,29
18963,p9463,3,6
18964,p9464,20,1
18965,p9465,72,47
18968,p9466,77,1
18971,p9467,48,1
18974,p9468,1,62
18977,p9469,60,1
18978,p9470,71,30
18979,p9471,67,1
18981,p9472,38,1
18982,p9473,81,1
18983,p9474,32,1
18986,p9475,68,1
18987,p9476,1,48
18990,p9477,83,18
18993,p9478,53,7
18994,p9479,72,1
18996,p9480,32,90
18998,p9481,76,74
18999,p9482,67,62
19001,p9483,6,1
19002,p9484,65,1
19005,p9485,1,44
19007,p9486,9,27
19010,p9487,4,1
19013,p9488,13,1
19015,p9489,1,32
19016,p9490,1,67
19018,p9491,90,56
19020,p9492,1,97
19023,p9493,71,1
19026,p9494,17,53
19029,p9495,1,63
19031,p9496,1,79
19032,p9497,68,24
19033,p9498,1,54
19036,p9499,11,4
19039,p9500,53,89
19040,p9501,1,94
19043,p9502,1,70
19044,p9503,69,89
19045,p9504,69,15
19047,p9505,24,1
19048,p9506,1,74
19049,p9507,1,64
19050,p9508,71,1
19053,p9509,1,36
19055,p9510,1,68
19057,p9511,1,66
19059,p9512,1,41
19061,p9513,89,1
19064,p9514,77,1
19065,p9515,1,47
19068,p9516,1,23
19070,p9517,76,1
19073,p9518,1,14
19075,p9519,1,36
19076,p9520,75,1
19077,p9521,74,1
19079,p9522,1,47
19082,p9523,28,6
19083,p9524,24,6
19085,p9525,46,1
19086,p9526,1,51
19087,p9527,1,72
19090,p9528,1,47
19093,p9529,21,9
19094,p9530,1,65
19095,p9531,4,1
19098,p9532,33,94
19101,p9533,1,57
19104,p9534,71,1
19105,p9535,57,1
19107,p9536,27,23
19110,p9537,100,1
19111,p9538,1,50
19114,p9539,40,88
19116,p9540,13,47
19118,p9541,31,1
19121,p9542,40,13
19124,p9543,1,57
19126,p9544,99,1
19128,p9545,31,1
19131,p9546,73,9
19133,p9547,42,70
19136,p9548,1,95
19138,p9549,8,73
19140,p9550,85,92
19142,p9551,6,59
19144,p9552,1,32
19146,p9553,1,19
19147,p9554,2,1
19150,p9555,1,43
19153,p9556,1,22
19156,p9557,34,1
19159,p9558,27,40
19161,p9559,99,1
19163,p9560,1,29
19165,p9561,6,71
19167,p9562,19,1
19170,p9563,1,86
19172,p9564,69,82
19175,p9565,1,51
19177,p9566,1,50
19178,p9567,1,49
19181,p9568,1,89
19184,p9569,12,71
19185,p9570,1,15
19186,p9571,2,61
19189,p9572,1,68
19191,p9573,1,3
19193,p9574,1,61
19195,p9575,1,49
19196,p9576,90,28
19198,p9577,59,1
19201,p9578,1,23
19202,p9579,87,1
19205,p9580,16,66
19206,p9581,87,80
19207,p9582,100,1
19210,p9583,61,93
19211,p9584,1,44
19212,p9585,86,1
19215,p9586,82,1
19218,p9587,24,1
19221,p9588,53,28
19223,p9589,1,62
19225,p9590,90,1
19226,p9591,1,43
19229,p9592,69,85
19232,p9593,1,89
19233,p9594,1,42
19234,p9595,96,26
19237,p9596,1,3
19238,p9597,11,1
19241,p9598,19,16
19244,p9599,94,1
19246,p9600,1,7
19247,p9601,1,62
19250,p9602,66,1
19251,p9603,76,1
19254,p9604,68,1
19256,p9605,1,21
19258,p9606,58,26
19260,p9607,31,38
19262,p9608,56,1
19263,p9609,57,1
19265,p9610,80,1
19266,p9611,56,1
19268,p9612,1,100
19271,p9613,2,62
19272,p9614,47,1
19275,p9615,11,9
19276,p9616,12,61
19277,p9617,1,35
19278,p9618,74,1
19281,p9619,1,39
19283,p9620,1,4
19285,p9621,45,1
19287,p9622,83,37
19288,p9623,1,27
19290,p9624,44,78
19291,p9625,94,20
19293,p9626,72,39
19296,p9627,12,1
19299,p9628,24,21
19301,p9629,1,36
19302,p9630,1,9
19305,p9631,1,25
19308,p9632,1,90
19310,p9633,1,29
19311,p9634,1,57
19313,p9635,44,1
19316,p9636,1,42
19319,p9637,30,1
19321,p9638,5,92
19324,p9639,7,1
19325,p9640,14,1
19327,p9641,77,78
19330,p9642,71,56
19333,p9643,1,39
19335,p9644,1,76
19337,p9645,54,91
19340,p9646,1,91
19343,p9647,92,1
19345,p9648,82,1
19347,p9649,1,93
19349,p9650,43,64
19351,p9651,84,95
19352,p9652,6,1
19354,p9653,11,1
19356,p9654,81,19
19359,p9655,1,63
19360,p9656,1,61
19362,p9657,1,22
19364,p9658,1,95
19367,p9659,20,1
19368,p9660,21,1
19369,p9661,1,65
19370,p9662,10,1
19373,p9663,1,41
19375,p9664,1,66
19378,p9665,8,1
19379,p9666,46,1
19380,p9667,1,46
19383,p9668,1,8
19386,p9669,1,48
19388,p9670,20,1
19389,p9671,13,64
19390,p9672,35,41
19391,p9673,33,67
19392,p9674,42,39
19395,p9675,1,7
19397,p9676,91,1
19399,p9677,1,61
19400,p9678,36,1
19401,p9679,97,40
19403,p9680,100,1
19405,p9681,23,1
19407,p9682,51,1
19410,p9683,13,1
19413,p9684,29,17
19414,p9685,38,66
19415,p9686,9,1
19418,p9687,56,65
19419,p9688,1,68
19422,p9689,68,1
19425,p9690,33,66
19426,p9691,34,1
19428,p9692,1,35
19431,p9693,88,76
19433,p9694,18,20
19436,p9695,1,18
19439,p9696,95,30
19440,p9697,66,13
19441,p9698,74,11
19444,p9699,61,1
19446,p9700,55,1
19449,p9701,1,45
19451,p9702,32,1
19452,p9703,22,43
19455,p9704,5,1
19457,p9705,53,1
19458,p9706,42,1
19459,p9707,33,26
19462,p9708,1,36
19463,p9709,65,1
19466,p9710,1,98
19467,p9711,49,1
19469,p9712,27,1
19470,p9713,38,94
19472,p9714,97,1
19475,p9715,1,58
19478,p9716,41,55
19479,p9717,65,8
19480,p9718,97,1
19481,p9719,34,45
19483,p9720,1,2
19485,p9721,80,1
19488,p9722,59,1
19490,p9723,96,1
19491,p9724,61,23
19494,p9725,86,30
19497,p9726,65,1
19498,p9727,1,48
19499,p9728,33,1
19502,p9729,69,1
19503,p9730,73,1
19506,p9731,88,1
19508,p9732,1,38
19509,p9733,1,86
19510,p9734,85,81
19512,p9735,1,98
19515,p9736,77,43
19518,p9737,66,89
19520,p9738,10,100
19523,p9739,61,65
19525,p9740,71,95
19526,p9741,30,1
19527,p9742,1,77
19529,p9743,5,1
19530,p9744,64,1
19532,p9745,59,1
19534,p9746,54,1
19537,p9747,1,82
19538,p9748,24,4
19539,p9749,43,1
19540,p9750,1,35
19542,p9751,96,1
19543,p9752,15,59
19546,p9753,88,1
19549,p9754,1,12
19550,p9755,1,46
19552,p9756,79,19
19553,p9757,1,74
19555,p9758,96,1
19558,p9759,93,12
19560,p9760,19,1
19561,p9761,25,84
19563,p9762,1,49
19566,p9763,48,27
19568,p9764,1,88
19571,p9765,85,1
19574,p9766,83,1
19575,p9767,95,1
19577,p9768,1,61
19580,p9769,88,1
19582,p9770,1,3
19583,p9771,59,1
19585,p9772,59,1
19588,p9773,22,1
19591,p9774,31,1
19592,p9775,9,78
19594,p9776,1,47
19595,p9777,76,47
19596,p9778,1,63
19598,p9779,34,20
19601,p9780,56,1
19604,p9781,1,13
19606,p9782,1,9
19607,p9783,80,91
19610,p9784,27,32
19611,p9785,1,37
19614,p9786,56,92
19616,p9787,6,72
19619,p9788,1,9
19622,p9789,39,1
19625,p9790,68,98
19627,p9791,1,20
19628,p9792,37,1
19631,p9793,79,1
19634,p9794,99,1
19636,p9795,79,1
19639,p9796,43,1
19642,p9797,46,76
19644,p9798,86,60
19646,p9799,46,1
19648,p9800,17,1
19650,p9801,1,71
19652,p9802,1,42
19655,p9803,1,77
19657,p9804,96,1
19658,p9805,1,44
19659,p9806,96,71
19662,p9807,1,92
19663,p9808,17,1
19666,p9809,81,1
19668,p9810,89,1
19669,p9811,20,1
19671,p9812,1,69
19673,p9813,1,25
19675,p9814,1,50
19677,p9815,62,70
19679,p9816,100,1
19680,p9817,33,81
19682,p9818,47,1
19683,p9819,58,1
19685,p9820,31,1
19687,p9821,80,33
19689,p9822,36,1
19691,p9823,70,95
19693,p9824,1,99
19694,p9825,56,90
19695,p9826,85,69
19696,p9827,70,23
19699,p9828,1,15
19701,p9829,89,50
19703,p9830,10,23
19706,p9831,48,7
19707,p9832,25,1
19710,p9833,39,1
19711,p9834,1,20
19714,p9835,27,71
19715,p9836,45,77
19717,p9837,1,62
19720,p9838,1,20
19723,p9839,46,1
19724,p9840,36,42
19727,p9841,94,62
19730,p9842,19,7
19733,p9843,34,1
19735,p9844,1,80
19737,p9845,95,1
19740,p9846,1,23
19743,p9847,10,1
19745,p9848,1,65
19746,p9849,1,53
19747,p9850,86,40
19749,p9851,1,99
19750,p9852,76,37
19751,p9853,87,1
19752,p9854,1,91
19755,p9855,1,33
19758,p9856,27,1
19760,p9857,69,78
19762,p9858,81,1
19763,p9859,1,21
19766,p9860,94,97
19767,p9861,1,71
19769,p9862,27,24
19771,p9863,1,9
19772,p9864,43,1
19774,p9865,29,24
19776,p9866,1,43
19778,p9867,92,1
19780,p9868,22,59
19783,p9869,53,1
19784,p9870,1,23
19786,p9871,1,18
19787,p9872,10,29
19790,p9873,8,1
19793,p9874,38,4
19795,p9875,41,1
19798,p9876,33,84
19800,p9877,54,1
19802,p9878,49,65
19804,p9879,21,6
19806,p9880,35,1
19807,p9881,29,21
19808,p9882,1,79
19810,p9883,1,21
19812,p9884,18,1
19813,p9885,65,84
19816,p9886,1,83
19817,p9887,1,24
19819,p9888,1,46
19820,p9889,1,2
19823,p9890,1,15
19824,p9891,1,93
19826,p9892,1,30
19828,p9893,99,1
19831,p9894,24,1
19832,p9895,2,1
19834,p9896,29,36
19837,p9897,1,21
19839,p9898,46,91
19841,p9899,69,1
19842,p9900,3,1
19844,p9901,1,55
19846,p9902,1,82
19847,p9903,35,1
19849,p9904,23,1
19852,p9905,15,1
19855,p9906,48,98
19856,p9907,40,92
19859,p9908,1,9
19861,p9909,91,1
19863,p9910,1,84
19865,p9911,82,21
19868,p9912,36,1
19870,p9913,62,4
19871,p9914,1,19
19873,p9915,25,16
19876,p9916,61,21
19879,p9917,1,7
19880,p9918,68,1
19881,p9919,90,1
19884,p9920,88,77
19886,p9921,1,89
19887,p9922,76,1
19888,p9923,58,42
19890,p9924,62,65
19891,p9925,32,26
19894,p9926,79,1
19896,p9927,57,87
19897,p9928,15,1
19899,p9929,51,34
19900,p9930,1,87
19901,p9931,83,42
19902,p9932,12,11
19904,p9933,28,6
19906,p9934,20,1
19909,p9935,1,47
19912,p9936,79,1
19913,p9937,1,8
19914,p9938,84,1
19917,p9939,48,57
19918,p9940,1,68
19919,p9941,1,21
19921,p9942,22,90
19922,p9943,52,1
19923,p9944,1,57
19926,p9945,1,94
19929,p9946,1,86
19932,p9947,1,63
19933,p9948,1,32
19935,p9949,1,89
19936,p9950,23,3
19938,p9951,84,61
19940,p9952,8,1
19942,p9953,39,1
19943,p9954,49,1
19944,p9955,9,1
19946,p9956,1,56
19947,p9957,42,48
19949,p9958,66,20
19951,p9959,77,1
19954,p9960,48,1
19957,p9961,1,31
19960,p9962,1,54
19961,p9963,68,1
19963,p9964,1,22
19964,p9965,1,29
19966,p9966,15,57
19967,p9967,63,1
19968,p9968,1,15
19970,p9969,79,1
19972,p9970,1,8
19973,p9971,1,8
19974,p9972,1,9
19976,p9973,22,1
19977,p9974,1,26
19979,p9975,1,56
19981,p9976,13,1
19984,p9977,1,56
19986,p9978,12,93
19987,p9979,24,1
19988,p9980,1,80
19990,p9981,1,66
19991,p9982,1,2
19992,p9983,28,69
19994,p9984,32,1
19997,p9985,47,1
19998,p9986,1,2
20001,p9987,26,1
20004,p9988,69,1
20005,p9989,1,54
20008,p9990,1,89
20009,p9991,67,70
20012,p9992,26,1
20015,p9993,17,1
20016,p9994,29,16
20019,p9995,26,1
20022,p9996,34,65
20025,p9997,1,71
20026,p9998,42,44
20027,p9999,87,1
20028,p10000,73,10
20029,p10001,1,59
20030,p10002,45,1
20033,p10003,46,1
20036,p10004,11,1
20038,p10005,44,1
20039,p10006,59,4
20040,p10007,1,13
20042,p10008,48,8
20043,p10009,75,91
20044,p10010,51,1
20047,p10011,88,1
20049,p10012,36,1
20051,p10013,13,1
20054,p10014,67,99
20057,p10015,67,11
20060,p10016,1,29
20063,p10017,54,55
20064,p10018,58,1
20065,p10019,1,12
20067,p10020,1,43
20069,p10021,1,36
20072,p10022,20,76
20075,p10023,19,1
20076,p10024,1,30
20077,p10025,48,1
20080,p10026,100,58
20083,p10027,66,1
20085,p10028,78,24
20086,p10029,35,1
20087,p10030,49,27
20090,p10031,31,1
20091,p10032,62,76
20094,p10033,28,67
20095,p10034,25,1
20097,p10035,1,95
20100,p10036,33,1
20101,p10037,1,14
20102,p10038,73,1
20103,p10039,1,9
20104,p10040,1,6
20105,p10041,1,75
20107,p10042,44,27
20109,p10043,8,27
20112,p10044,68,49
20114,p10045,70,60
20116,p10046,70,3
20118,p10047,1,15
20119,p10048,92,1
20120,p10049,28,8
20122,p10050,1,53
20123,p10051,12,1
20124,p10052,73,1
20125,p10053,1,49
20127,p10054,65,1
20129,p10055,80,82
20130,p10056,1,68
20132,p10057,94,1
20135,p10058,25,69
20138,p10059,43,99
20141,p10060,84,58
20142,p10061,13,32
20143,p10062,1,96
20145,p10063,1,35
20147,p10064,12,87
20150,p10065,64,1
20153,p10066,1,77
20156,p10067,1,31
20158,p10068,12,1
20160,p10069,69,1
20163,p10070,50,1
20166,p10071,19,1
20169,p10072,1,76
20170,p10073,75,1
20172,p10074,1,6
20173,p10075,94,88
20176,p10076,2,58
20179,p10077,1,38
20180,p10078,80,81
20182,p10079,50,63
20184,p10080,97,1
20187,p10081,83,1
20188,p10082,18,76
20190,p10083,1,96
20193,p10084,39,1
20195,p10085,81,89
20196,p10086,1,73
20197,p10087,55,1
20198,p10088,1,24
20201,p10089,25,10
20202,p10090,50,75
20203,p10091,85,1
20204,p10092,39,53
20207,p10093,6,1
20209,p10094,1,56
20210,p10095,19,34
20212,p10096,20,1
20213,p10097,1,29
20216,p10098,84,36
20218,p10099,1,29
20219,p10100,79,1
20220,p10101,50,1
20222,p10102,1,5
20224,p10103,1,63
20226,p10104,1,81
20229,p10105,1,57
20232,p10106,62,43
20234,p10107,87,95
20235,p10108,1,79
20237,p10109,60,81
20239,p10110,64,89
20242,p10111,21,24
20243,p10112,80,1
20245,p10113,39,1
20247,p10114,1,14
20250,p10115,81,6
20251,p10116,8,1
20253,p10117,4,1
20255,p10118,1,91
20257,p10119,72,31
20259,p10120,1,72
20262,p10121,14,68
20265,p10122,1,62
20268,p10123,1,29
20271,p10124,1,62
20272,p10125,58,90
20275,p10126,89,1
20276,p10127,1,94
20277,p10128,100,1
20278,p10129,57,4
20280,p10130,86,1
20283,p10131,39,28
20286,p10132,1,34
20289,p10133,93,1
20290,p10134,1,96
20293,p10135,91,83
20294,p10136,3,1
20297,p10137,1,57
20300,p10138,1,39
20302,p10139,1,78
20304,p10140,78,1
20305,p10141,27,33
20307,p10142,1,22
20309,p10143,7,1
20310,p10144,76,2
20311,p10145,30,1
20314,p10146,24,69
20317,p10147,75,1
20318,p10148,1,94
20321,p10149,1,78
20324,p10150,84,1
20327,p10151,1,24
20328,p10152,1,80
20329,p10153,1,88
20330,p10154,9,1
20333,p10155,1,17
20334,p10156,16,31
20337,p10157,52,6
20338,p10158,1,16
20341,p10159,41,1
20344,p10160,1,62
20347,p10161,1,20
20348,p10162,19,48
20351,p10163,31,2
20352,p10164,11,1
20353,p10165,51,1
20355,p10166,14,1
20356,p10167,1,65
20357,p10168,100,1
20358,p10169,23,11
20361,p10170,15,1
20363,p10171,27,1
20366,p10172,14,97
20367,p10173,53,1
20369,p10174,1,78
20371,p10175,24,1
20374,p10176,1,48
20376,p10177,1,25
20377,p10178,51,75
20378,p10179,72,1
20380,p10180,87,1
20382,p10181,89,1
20385,p10182,77,1
20386,p10183,1,87
20389,p10184,85,21
20392,p10185,97,1
20395,p10186,65,1
20398,p10187,1,97
20399,p10188,1,41
20401,p10189,72,82
20402,p10190,77,1
20403,p10191,49,75
20406,p10192,13,74
20407,p10193,24,1
20410,p10194,40,63
20411,p10195,8,1
20414,p10196,88,6
20417,p10197,69,85
20419,p10198,22,1
20420,p10199,37,4
20421,p10200,1,37
20424,p10201,56,1
20425,p10202,57,1
20427,p10203,1,22
20429,p10204,1,31
20430,p10205,83,71
20432,p10206,3,67
20435,p10207,17,1
20436,p10208,1,31
20437,p10209,1,80
20438,p10210,1,88
20441,p10211,1,9
20444,p10212,50,37
20447,p10213,1,97
20449,p10214,3,59
20450,p10215,10,1
20453,p10216,50,1
20456,p10217,19,1
20459,p10218,93,1
20462,p10219,2,4
20463,p10220,1,62
20466,p10221,20,1
20467,p10222,55,1
20470,p10223,11,1
20471,p10224,65,28
20473,p10225,52,1
20476,p10226,1,66
20477,p10227,24,53
20478,p10228,9,59
20480,p10229,59,27
20481,p10230,50,1
20483,p10231,45,1
20485,p10232,1,56
20487,p10233,1,82
20488,p10234,1,66
20490,p10235,38,25
20493,p10236,73,1
20494,p10237,1,66
20497,p10238,95,1
20499,p10239,1,99
20501,p10240,21,36
20503,p10241,1,39
20506,p10242,1,2
20507,p10243,1,36
20509,p10244,43,19
20510,p10245,12,60
20513,p10246,1,64
20516,p10247,2,40
20518,p10248,1,22
20521,p10249,19,55
20522,p10250,1,31
20523,p10251,38,1
20524,p10252,24,60
20525,p10253,63,100
20528,p10254,46,64
20530,p10255,1,94
20533,p10256,86,54
20534,p10257,8,76
20535,p10258,26,6
20536,p10259,1,3
20539,p10260,1,40
20542,p10261,80,1
20544,p10262,93,48
20545,p10263,77,1
20548,p10264,1,22
20551,p10265,21,15
20554,p10266,1,28
20557,p10267,1,33
20558,p10268,1,87
20559,p10269,71,48
20561,p10270,1,100
20563,p10271,1,63
20566,p10272,75,8
20568,p10273,15,1
20570,p10274,11,1
20572,p10275,1,38
20573,p10276,1,14
20575,p10277,58,17
20578,p10278,1,18
20580,p10279,32,1
20582,p10280,44,1
20585,p10281,51,1
20588,p10282,1,7
20589,p10283,67,44
20590,p10284,1,62
20593,p10285,40,1
20595,p10286,1,2
20596,p10287,1,64
20599,p10288,67,58
20600,p10289,56,93
20603,p10290,33,14
20605,p10291,1,100
20606,p10292,60,2
20609,p10293,88,1
20611,p10294,83,93
20613,p10295,32,1
20615,p10296,92,1
20616,p10297,21,60
20619,p10298,1,85
20621,p10299,1,78
20623,p10300,45,82
20625,p10301,1,5
20626,p10302,69,12
20628,p10303,77,1
20631,p10304,36,1
20634,p10305,35,9
20636,p10306,1,83
20637,p10307,1,51
20639,p10308,15,100
20640,p10309,92,27
20641,p10310,1,50
20643,p10311,55,1
20646,p10312,8,87
20648,p10313,25,1
20651,p10314,1,36
20653,p10315,1,69
20656,p10316,1,13
20658,p10317,1,9
20661,p10318,1,63
20662,p10319,42,25
20663,p10320,17,1
20664,p10321,57,96
20667,p10322,58,55
20668,p10323,46,1
20671,p10324,70,1
20673,p10325,50,60
20676,p10326,1,91
20677,p10327,1,59
20678,p10328,1,31
20679,p10329,64,4
20681,p10330,1,76
20684,p10331,42,1
20687,p10332,53,100
20688,p10333,34,1
20690,p10334,14,21
20692,p10335,77,1
20693,p10336,1,99
20694,p10337,79,30
20696,p10338,1,66
20697,p10339,72,1
20700,p10340,88,1
20703,p10341,7,1
20706,p10342,45,44
20709,p10343,78,1
20710,p10344,1,49
20711,p10345,28,1
20712,p10346,48,1
20713,p10347,1,94
20715,p10348,73,57
20716,p10349,95,1
20718,p10350,1,66
20720,p10351,1,45
20721,p10352,30,92
20724,p10353,51,1
20727,p10354,68,82
20729,p10355,77,8
20730,p10356,22,52
20731,p10357,51,5
20732,p10358,60,1
20735,p10359,1,25
20737,p10360,1,16
20739,p10361,52,39
20741,p10362,92,1
20744,p10363,1,48
20747,p10364,92,1
20748,p10365,1,46
20751,p10366,53,1
20752,p10367,1,30
20755,p10368,73,1
20756,p10369,19,1
20759,p10370,16,1
20762,p10371,53,28
20764,p10372,89,100
20766,p10373,1,93
20769,p10374,1,50
20771,p10375,60,30
20774,p10376,8,1
20776,p10377,1,61
20777,p10378,58,7
20780,p10379,67,1
20782,p10380,91,1
20785,p10381,28,1
20787,p10382,1,24
20790,p10383,18,1
20791,p10384,38,1
20792,p10385,1,100
20793,p10386,94,1
20794,p10387,90,62
20795,p10388,100,1
20797,p10389,3,8
20798,p10390,58,1
20801,p10391,83,1
20804,p10392,1,41
20806,p10393,56,1
20808,p10394,97,1
20811,p10395,55,1
20813,p10396,65,19
20814,p10397,1,99
20815,p10398,97,62
20818,p10399,92,56
20820,p10400,93,85
20821,p10401,92,93
20822,p10402,58,73
20825,p10403,85,57
20826,p10404,51,1
20827,p10405,1,51
20829,p10406,61,29
20831,p10407,1,68
20834,p10408,1,99
20835,p10409,1,10
20836,p10410,37,1
20838,p10411,44,1
20839,p10412,1,10
20840,p10413,99,75
20843,p10414,1,89
20845,p10415,15,20
20847,p10416,45,1
20849,p10417,64,30
20850,p10418,1,71
20853,p10419,17,3
20856,p10420,16,1
20857,p10421,1,23
20858,p10422,1,91
20860,p10423,95,76
20861,p10424,49,1
20863,p10425,36,1
20865,p10426,60,59
20866,p10427,29,1
20869,p10428,1,46
20871,p10429,1,58
20873,p10430,18,10
20874,p10431,1,42
20877,p10432,97,15
20879,p10433,27,56
20880,p10434,1,77
20883,p10435,58,1
20886,p10436,2,20
20887,p10437,45,1
20889,p10438,1,34
20891,p10439,67,1
20894,p10440,50,1
20896,p10441,1,69
20898,p10442,15,81
20900,p10443,80,1
20901,p10444,4,1
20904,p10445,1,35
20907,p10446,37,23
20908,p10447,1,63
20909,p10448,70,1
20911,p10449,66,1
20913,p10450,1,85
20914,p10451,85,75
20917,p10452,86,7
20918,p10453,68,1
20920,p10454,1,31
20921,p10455,1,9
20923,p10456,82,1
20926,p10457,46,1
20928,p10458,85,96
20930,p10459,74,87
20932,p10460,41,83
20933,p10461,1,6
20934,p10462,17,63
20937,p10463,39,27
20940,p10464,1,84
20942,p10465,52,1
20945,p10466,1,62
20948,p10467,31,1
20951,p10468,1,58
20952,p10469,22,1
20954,p10470,83,2
20955,p10471,1,73
20956,p10472,1,69
20959,p10473,1,31
20960,p10474,37,1
20963,p10475,12,60
20965,p10476,31,1
20966,p10477,1,13
20969,p10478,43,92
20972,p10479,59,1
20975,p10480,1,51
20976,p10481,30,1
20979,p10482,3,1
20981,p10483,73,1
20982,p10484,56,1
20984,p10485,1,77
20985,p10486,1,51
20987,p10487,68,26
20988,p10488,54,35
20991,p10489,1,19
20992,p10490,22,1
20994,p10491,98,1
20997,p10492,76,1
20999,p10493,39,3
21002,p10494,19,1
21004,p10495,78,1
21007,p10496,17,30
21009,p10497,1,24
21012,p10498,1,66
21014,p10499,86,82
21016,p10500,1,27
21019,p10501,36,1
21020,p10502,8,35
21023,p10503,83,1
21024,p10504,9,1
21026,p10505,1,25
21029,p10506,1,20
21031,p10507,88,1
21033,p10508,1,89
21035,p10509,1,61
21036,p10510,51,1
21039,p10511,1,54
21042,p10512,7,1
21044,p10513,78,100
21045,p10514,68,1
21046,p10515,1,87
21047,p10516,2,19
21049,p10517,8,2
21052,p10518,96,95
21053,p10519,35,88
21055,p10520,1,5
21056,p10521,80,1
21058,p10522,37,95
21060,p10523,4,1
21063,p10524,1,81
21066,p10525,91,1
21069,p10526,41,1
21070,p10527,1,54
21072,p10528,79,3
21075,p10529,1,79
21078,p10530,1,64
21081,p10531,56,1
21084,p10532,22,85
21087,p10533,1,85
21088,p10534,47,1
21091,p10535,39,7
21093,p10536,67,15
21094,p10537,89,72
21096,p10538,56,8
21098,p10539,43,1
21099,p10540,98,13
21101,p10541,25,1
21103,p10542,1,21
21106,p10543,1,28
21109,p10544,1,71
21112,p10545,1,89
21114,p10546,99,1
21117,p10547,72,61
21119,p10548,16,1
21120,p10549,1,49
21122,p10550,74,1
21124,p10551,1,54
21125,p10552,40,1
21126,p10553,18,1
21127,p10554,89,1
21128,p10555,92,78
21131,p10556,44,3
21132,p10557,1,32
21134,p10558,1,64
21135,p10559,84,1
21136,p10560,45,40
21139,p10561,82,63
21141,p10562,40,1
21144,p10563,77,99
21147,p10564,8,56
21148,p10565,59,1
21150,p10566,1,68
21151,p10567,1,9
21153,p10568,73,35
21155,p10569,62,24
21158,p10570,88,1
21159,p10571,1,49
21160,p10572,1,11
21161,p10573,45,28
21162,p10574,1,22
21163,p10575,37,66
21166,p10576,1,81
21169,p10577,19,58
21170,p10578,29,1
21171,p10579,98,1
21173,p10580,30,1
21174,p10581,1,65
21176,p10582,1,15
21179,p10583,45,1
21181,p10584,30,1
21184,p10585,35,95
21186,p10586,63,95
21188,p10587,78,1
21191,p10588,59,14
21194,p10589,66,1
21196,p10590,1,30
21197,p10591,82,51
21200,p10592,1,88
21202,p10593,1,94
21203,p10594,97,66
21204,p10595,1,48
21206,p10596,48,30
21208,p10597,72,1
21209,p10598,56,1
21210,p10599,91,1
21212,p10600,32,77
21214,p10601,50,1
21216,p10602,9,1
21218,p10603,21,46
21219,p10604,1,63
21222,p10605,54,99
21224,p10606,1,86
21227,p10607,31,1
21228,p10608,1,54
21231,p10609,30,73
21234,p10610,31,1
21237,p10611,67,96
21239,p10612,1,76
21241,p10613,1,4
21242,p10614,1,81
21243,p10615,1,40
21245,p10616,1,42
21247,p10617,26,91
21249,p10618,1,13
21252,p10619,71,1
21254,p10620,1,29
21257,p10621,48,1
21259,p10622,24,49
21262,p10623,76,73
21264,p10624,1,28
21266,p10625,1,67
21267,p10626,98,13
21270,p10627,12,1
21273,p10628,84,1
21276,p10629,82,50
21279,p10630,20,75
21282,p10631,73,1
21283,p10632,1,78
21285,p10633,1,16
21286,p10634,1,13
21289,p10635,33,1
21290,p10636,95,1
21291,p10637,87,1
21292,p10638,60,1
21293,p10639,52,24
21295,p10640,1,87
21296,p10641,74,12
21299,p10642,15,50
21302,p10643,34,1
21304,p10644,28,1
21305,p10645,1,92
21307,p10646,6,1
21308,p10647,6,1
21309,p10648,43,64
21312,p10649,13,93
21313,p10650,27,40
21316,p10651,34,52
21318,p10652,75,1
21321,p10653,48,61
21322,p10654,71,47
21325,p10655,16,91
21326,p10656,15,1
21327,p10657,1,72
21330,p10658,16,1
21332,p10659,70,1
21333,p10660,1,46
21335,p10661,1,20
21336,p10662,1,14
21339,p10663,58,49
21340,p10664,1,39
21342,p10665,54,1
21343,p10666,1,8
21345,p10667,63,36
21348,p10668,67,77
21351,p10669,37,80
21352,p10670,81,1
21353,p10671,1,56
21354,p10672,1,87
21357,p10673,76,60
21358,p10674,51,1
21359,p10675,1,85
21362,p10676,73,1
21364,p10677,1,63
21367,p10678,1,69
21370,p10679,31,58
21373,p10680,15,1
21376,p10681,1,57
21378,p10682,65,83
21379,p10683,15,27
21382,p10684,70,1
21384,p10685,1,61
21387,p10686,42,1
21390,p10687,46,1
21391,p10688,1,7
21392,p10689,64,1
21394,p10690,52,1
21397,p10691,1,34
21400,p10692,1,40
21402,p10693,6,1
21403,p10694,1,83
21406,p10695,79,45
21409,p10696,1,40
21412,p10697,27,100
21415,p10698,77,67
21417,p10699,66,92
21420,p10700,92,26
21421,p10701,6,1
21424,p10702,1,97
21427,p10703,60,1
21430,p10704,15,77
21432,p10705,86,82
21435,p10706,88,1
21438,p10707,1,88
21439,p10708,46,47
21442,p10709,1,71
21444,p10710,1,62
21447,p10711,77,1
21450,p10712,3,31
21453,p10713,64,1
21454,p10714,97,1
21457,p10715,87,43
21460,p10716,33,49
21461,p10717,1,40
21464,p10718,57,1
21466,p10719,63,1
21468,p10720,45,24
21469,p10721,75,25
21472,p10722,1,65
21474,p10723,1,38
21475,p10724,1,69
21476,p10725,89,1
21479,p10726,4,1
21481,p10727,63,1
21482,p10728,1,84
21483,p10729,3,1
21485,p10730,78,1
21486,p10731,1,12
21487,p10732,60,7
21490,p10733,87,81
21493,p10734,76,86
21496,p10735,30,1
21498,p10736,1,67
21501,p10737,54,1
21504,p10738,50,25
21506,p10739,1,97
21508,p10740,1,21
21511,p10741,75,1
21514,p10742,1,96
21515,p10743,1,36
21517,p10744,70,1
21518,p10745,100,31
21519,p10746,15,1
21520,p10747,60,1
21523,p10748,40,1
21524,p10749,1,66
21526,p10750,35,24
21528,p10751,100,1
21530,p10752,1,7
21531,p10753,73,14
21534,p10754,1,87
21536,p10755,1,81
21538,p10756,48,1
21539,p10757,1,38
21540,p10758,68,94
21542,p10759,1,98
21543,p10760,1,33
21546,p10761,53,52
21547,p10762,78,1
21550,p10763,43,16
21553,p10764,13,1
21556,p10765,72,1
21558,p10766,59,1
21560,p10767,93,1
21563,p10768,84,1
21565,p10769,22,66
21567,p10770,1,3
21569,p10771,4,1
21570,p10772,74,49
21571,p10773,35,1
21574,p10774,59,1
21577,p10775,51,39
21580,p10776,1,33
21583,p10777,1,10
21584,p10778,1,45
21586,p10779,58,8
21589,p10780,44,1
21590,p10781,1,64
21593,p10782,1,9
21596,p10783,1,88
21599,p10784,55,1
21602,p10785,1,92
21604,p10786,1,28
21606,p10787,1,29
21609,p10788,1,83
21612,p10789,21,1
21613,p10790,89,1
21616,p10791,1,29
21618,p10792,1,74
21619,p10793,44,81
21622,p10794,25,61
21623,p10795,48,1
21624,p10796,1,85
21625,p10797,3,35
21628,p10798,70,92
21629,p10799,67,1
21630,p10800,63,83
21632,p10801,28,1
21635,p10802,91,1
21638,p10803,89,65
21640,p10804,79,1
21642,p10805,15,20
21643,p10806,1,40
21646,p10807,35,1
21647,p10808,1,67
21648,p10809,2,1
21649,p10810,39,44
21651,p10811,73,65
21653,p10812,1,35
21655,p10813,59,1
21657,p10814,1,10
21659,p10815,54,1
21660,p10816,1,11
21663,p10817,1,37
21665,p10818,16,24
21667,p10819,46,1
21668,p10820,1,67
21671,p10821,13,31
21672,p10822,1,44
21675,p10823,78,1
21678,p10824,1,76
21680,p10825,72,10
21682,p10826,1,66
21683,p10827,96,1
21686,p10828,96,1
21688,p10829,1,86
21689,p10830,27,1
21690,p10831,66,1
21692,p10832,87,1
21694,p10833,1,72
21695,p10834,26,93
21697,p10835,1,18
21698,p10836,1,86
21701,p10837,37,1
21702,p10838,49,58
21704,p10839,1,44
21705,p10840,7,91
21708,p10841,8,1
21709,p10842,48,81
21711,p10843,18,21
21712,p10844,34,17
21715,p10845,1,9
21716,p10846,1,44
21718,p10847,1,63
21721,p10848,1,53
21723,p10849,1,10
21725,p10850,50,1
21727,p10851,15,1
21728,p10852,98,37
21729,p10853,89,78
21732,p10854,17,74
21735,p10855,27,77
21736,p10856,1,44
21737,p10857,1,43
21739,p10858,22,32
21740,p10859,21,76
21743,p10860,75,1
21744,p10861,1,81
21747,p10862,1,43
21749,p10863,1,61
21750,p10864,28,2
21753,p10865,95,1
21754,p10866,1,41
21757,p10867,29,1
21758,p10868,94,1
21759,p10869,20,13
21760,p10870,10,78
21761,p10871,8,58
21762,p10872,35,54
21765,p10873,19,72
21768,p10874,46,1
21771,p10875,1,12
21773,p10876,34,9
21774,p10877,1,80
21777,p10878,12,81
21778,p10879,1,76
21781,p10880,96,1
21784,p10881,41,6
21786,p10882,1,43
21787,p10883,71,84
21790,p10884,45,20
21792,p10885,63,1
21794,p10886,59,91
21796,p10887,1,18
21798,p10888,63,1
21801,p10889,46,1
21804,p10890,19,1
21807,p10891,1,21
21809,p10892,46,1
21812,p10893,1,36
21815,p10894,80,1
21818,p10895,1,87
21821,p10896,1,57
21824,p10897,1,64
21825,p10898,1,83
21828,p10899,1,11
21831,p10900,86,31
21834,p10901,88,1
21836,p10902,52,13
21838,p10903,29,1
21841,p10904,1,94
21843,p10905,59,24
21846,p10906,18,27
21847,p10907,1,72
21848,p10908,2,1
21850,p10909,2,82
21853,p10910,80,6
21856,p10911,3,1
21859,p10912,36,76
21862,p10913,91,1
21864,p10914,26,1
21867,p10915,42,92
21869,p10916,1,66
21871,p10917,24,1
21873,p10918,1,64
21874,p10919,1,39
21877,p10920,73,1
21879,p10921,92,64
21880,p10922,79,1
21881,p10923,1,93
21882,p10924,33,1
21883,p10925,1,6
21885,p10926,30,44
21886,p10927,35,73
21889,p10928,1,60
21892,p10929,9,1
21894,p10930,90,1
21896,p10931,40,1
21899,p10932,91,1
21900,p10933,1,19
21901,p10934,98,94
21902,p10935,1,56
21903,p10936,17,90
21906,p10937,25,48
21907,p10938,88,33
21908,p10939,1,94
21910,p10940,72,1
21912,p10941,77,84
21913,p10942,99,69
21914,p10943,38,21
21917,p10944,1,14
21920,p10945,85,52
21922,p10946,1,56
21924,p10947,19,1
21927,p10948,1,99
21929,p10949,92,19
21931,p10950,46,1
21932,p10951,12,1
21933,p10952,1,24
21935,p10953,10,82
21936,p10954,1,5
21939,p10955,17,1
21942,p10956,1,79
21944,p10957,1,70
21947,p10958,16,11
21948,p10959,1,83
21951,p10960,62,52
21952,p10961,34,1
21954,p10962,1,11
21957,p10963,22,1
21959,p10964,44,1
21960,p10965,1,27
21961,p10966,34,72
21964,p10967,80,31
21965,p10968,1,41
21968,p10969,62,1
21969,p10970,1,94
21970,p10971,1,2
21972,p10972,62,1
21973,p10973,78,59
21974,p10974,1,39
21975,p10975,32,1
21976,p10976,1,41
21979,p10977,1,34
21980,p10978,30,73
21983,p10979,37,60
21984,p10980,44,1
21985,p10981,1,42
21988,p10982,68,1
21990,p10983,16,90
21992,p10984,59,42
21995,p10985,28,1
21997,p10986,27,1
21999,p10987,1,3
22000,p10988,96,91
22003,p10989,51,1
22005,p10990,90,1
22008,p10991,1,44
22009,p10992,8,47
22012,p10993,1,40
22014,p10994,1,33
22016,p10995,60,63
22017,p10996,8,87
22018,p10997,1,63
22019,p10998,1,16
22022,p10999,22,1
22025,p11000,65,42
22027,p11001,1,78
22030,p11002,58,3
22032,p11003,38,51
22035,p11004,58,87
22036,p11005,90,1
22039,p11006,18,50
22040,p11007,1,57
22043,p11008,35,28
22046,p11009,71,1
22047,p11010,66,41
22049,p11011,1,49
22052,p11012,1,38
22053,p11013,70,97
22054,p11014,43,17
22057,p11015,45,85
22060,p11016,1,11
22063,p11017,82,1
22066,p11018,97,41
22069,p11019,37,100
22070,p11020,8,1
22073,p11021,50,36
22076,p11022,82,1
22077,p11023,1,4
22080,p11024,53,99
22083,p11025,1,94
22084,p11026,57,38
22086,p11027,7,39
22089,p11028,56,1
22090,p11029,52,1
22093,p11030,46,62
22094,p11031,37,54
22097,p11032,41,96
22098,p11033,1,70
22099,p11034,1,4
22102,p11035,2,7
22105,p11036,7,1
22108,p11037,10,91
22111,p11038,1,30
22113,p11039,100,97
22116,p11040,1,53
22117,p11041,1,39
22120,p11042,1,12
22123,p11043,19,1
22124,p11044,1,18
22127,p11045,63,1
22130,p11046,1,30
22132,p11047,1,87
22135,p11048,7,1
22137,p11049,73,1
22139,p11050,16,1
22141,p11051,1,82
22144,p11052,14,1
22145,p11053,7,1
22147,p11054,83,1
22148,p11055,25,1
22151,p11056,1,78
22152,p11057,1,42
22154,p11058,1,96
22156,p11059,17,16
22159,p11060,76,78
22161,p11061,79,62
22163,p11062,90,39
22164,p11063,12,1
22165,p11064,41,1
22167,p11065,31,1
22169,p11066,27,18
22171,p11067,49,9
22172,p11068,1,56
22175,p11069,1,88
22176,p11070,1,70
22178,p11071,39,50
22180,p11072,1,45
22183,p11073,21,1
22184,p11074,1,39
22186,p11075,79,88
22188,p11076,67,71
22190,p11077,1,93
22191,p11078,42,2
22194,p11079,70,93
22196,p11080,65,1
22197,p11081,18,1
22200,p11082,33,1
22202,p11083,1,84
22204,p11084,99,1
22207,p11085,19,84
22209,p11086,1,77
22210,p11087,96,10
22211,p11088,87,1
22213,p11089,56,58
22215,p11090,71,1
22218,p11091,50,1
22220,p11092,1,89
22222,p11093,1,13
22223,p11094,77,72
22225,p11095,53,1
22228,p11096,1,40
22229,p11097,21,7
22230,p11098,90,82
22232,p11099,13,1
22235,p11100,1,17
22237,p11101,1,44
22240,p11102,70,1
22243,p11103,1,73
22246,p11104,1,27
22248,p11105,1,98
22249,p11106,1,81
22251,p11107,34,19
22254,p11108,23,15
22257,p11109,1,37
22258,p11110,55,39
22260,p11111,69,53
22262,p11112,37,1
22265,p11113,78,41
22266,p11114,68,19
22267,p11115,1,41
22270,p11116,40,1
22271,p11117,47,1
22273,p11118,1,89
22274,p11119,1,39
22277,p11120,14,73
22278,p11121,1,10
22281,p11122,1,8
22282,p11123,8,1
22283,p11124,1,77
22285,p11125,61,65
22287,p11126,42,9
22288,p11127,19,1
22291,p11128,27,39
22293,p11129,84,91
22294,p11130,1,59
22297,p11131,2,1
22298,p11132,54,67
22300,p11133,1,90
22303,p11134,1,92
22304,p11135,61,62
22305,p11136,22,45
22307,p11137,27,1
22310,p11138,1,61
22311,p11139,1,46
22314,p11140,18,1
22315,p11141,36,31
22318,p11142,16,1
22319,p11143,1,83
22320,p11144,1,29
22322,p11145,17,1
22324,p11146,1,11
22326,p11147,59,1
22329,p11148,95,91
22330,p11149,62,1
22332,p11150,1,45
22334,p11151,1,95
22337,p11152,54,1
22338,p11153,84,10
22341,p11154,88,35
22343,p11155,85,29
22344,p11156,1,85
22346,p11157,36,93
22349,p11158,91,36
22351,p11159,52,1
22353,p11160,1,82
22354,p11161,1,22
22355,p11162,65,1
22356,p11163,14,56
22359,p11164,96,24
22360,p11165,15,38
22362,p11166,1,98
22364,p11167,62,1
22365,p11168,94,1
22368,p11169,81,1
22371,p11170,1,96
22374,p11171,49,85
22376,p11172,83,16
22378,p11173,44,38
22380,p11174,28,54
22381,p11175,28,44
22383,p11176,84,78
22384,p11177,5,1
22385,p11178,46,16
22387,p11179,43,1
22388,p11180,6,1
22391,p11181,28,1
22394,p11182,1,96
22396,p11183,73,91
22398,p11184,95,46
22399,p11185,94,60
22401,p11186,30,55
22402,p11187,45,1
22405,p11188,1,82
22407,p11189,1,54
22409,p11190,53,1
22411,p11191,21,1
22414,p11192,1,65
22416,p11193,57,1
22418,p11194,72,91
22421,p11195,1,81
22423,p11196,38,1
22426,p11197,25,3
22429,p11198,42,1
22432,p11199,78,57
22434,p11200,40,1
22437,p11201,77,1
22440,p11202,53,1
22442,p11203,61,20
22444,p11204,1,64
22445,p11205,36,1
22447,p11206,1,17
22449,p11207,1,21
22452,p11208,1,77
22454,p11209,1,89
22456,p11210,1,95
22458,p11211,93,74
22461,p11212,80,1
22464,p11213,62,11
22466,p11214,81,32
22469,p11215,1,55
22472,p11216,1,16
22473,p11217,32,1
22475,p11218,1,6
22477,p11219,15,1
22478,p11220,22,4
22480,p11221,31,87
22481,p11222,96,1
22483,p11223,93,4
22484,p11224,25,1
22487,p11225,14,1
22488,p11226,1,38
22489,p11227,1,67
22491,p11228,19,1
22493,p11229,1,100
22494,p11230,1,13
22495,p11231,84,7
22497,p11232,78,81
22498,p11233,81,1
22499,p11234,1,76
22501,p11235,53,1
22503,p11236,13,48
22504,p11237,22,1
22505,p11238,27,1
22506,p11239,1,10
22507,p11240,90,11
22509,p11241,37,3
22510,p11242,1,50
22511,p11243,1,38
22513,p11244,1,31
22516,p11245,54,1
22519,p11246,83,56
22520,p11247,47,1
22521,p11248,1,7
22523,p11249,90,1
22524,p11250,32,1
22527,p11251,17,46
22528,p11252,34,71
22530,p11253,90,1
22531,p11254,1,71
22532,p11255,9,1
22533,p11256,1,98
22534,p11257,6,41
22535,p11258,1,86
22537,p11259,52,28
22539,p11260,85,1
22541,p11261,1,90
22544,p11262,45,1
22547,p11263,95,54
22550,p11264,66,86
22551,p11265,95,1
22553,p11266,20,1
22555,p11267,1,18
22556,p11268,1,7
22558,p11269,1,45
22559,p11270,44,1
22561,p11271,1,20
22564,p11272,81,1
22565,p11273,1,22
22566,p11274,27,3
22568,p11275,18,1
22569,p11276,66,78
22571,p11277,61,16
22572,p11278,97,38
22574,p11279,1,96
22577,p11280,1,61
22580,p11281,29,1
22583,p11282,33,72
22586,p11283,90,42
22589,p11284,41,1
22592,p11285,4,60
22594,p11286,85,71
22595,p11287,24,1
22598,p11288,1,77
22599,p11289,27,1
22602,p11290,77,1
22603,p11291,87,43
22605,p11292,1,90
22607,p11293,1,80
22610,p11294,33,40
22611,p11295,34,1
22613,p11296,1,34
22614,p11297,14,1
22616,p11298,1,75
22618,p11299,97,1
22619,p11300,95,31
22621,p11301,86,62
22622,p11302,1,58
22623,p11303,98,50
22626,p11304,1,78
22627,p11305,90,1
22630,p11306,1,85
22631,p11307,70,1
22634,p11308,1,77
22637,p11309,6,1
22638,p11310,41,1
22641,p11311,31,67
22642,p11312,1,17
22643,p11313,76,1
22646,p11314,47,33
22648,p11315,63,61
22650,p11316,1,83
22653,p11317,95,71
22656,p11318,1,98
22657,p11319,50,64
22658,p11320,1,63
22660,p11321,1,4
22661,p11322,1,30
22663,p11323,94,1
22665,p11324,43,1
22666,p11325,1,76
22667,p11326,5,53
22670,p11327,1,46
22672,p11328,65,1
22674,p11329,95,77
22675,p11330,89,1
22677,p11331,1,27
22679,p11332,54,66
22680,p11333,1,66
22683,p11334,59,1
22685,p11335,1,29
22688,p11336,11,1
22691,p11337,95,10
22693,p11338,70,50
22694,p11339,1,38
22697,p11340,41,1
22699,p11341,11,1
22700,p11342,16,25
22701,p11343,66,60
22704,p11344,30,1
22707,p11345,2,1
22710,p11346,1,85
22713,p11347,9,1
22716,p11348,34,1
22718,p11349,1,56
22720,p11350,1,6
22723,p11351,1,44
22725,p11352,73,1
22727,p11353,1,34
22730,p11354,70,1
22731,p11355,80,1
22734,p11356,77,1
22737,p11357,81,50
22738,p11358,1,74
22739,p11359,21,1
22741,p11360,85,65
22742,p11361,5,63
22743,p11362,20,1
22744,p11363,11,1
22745,p11364,48,1
22747,p11365,78,1
22748,p11366,71,1
22751,p11367,1,34
22754,p11368,63,42
22755,p11369,1,46
22756,p11370,97,58
22758,p11371,73,16
22759,p11372,1,85
22761,p11373,82,98
22763,p11374,1,93
22766,p11375,65,1
22767,p11376,87,1
22769,p11377,35,1
22770,p11378,76,83
22771,p11379,72,1
22774,p11380,5,93
22776,p11381,94,2
22779,p11382,43,76
22782,p11383,34,1
22785,p11384,1,73
22788,p11385,98,1
22789,p11386,47,59
22790,p11387,42,51
22791,p11388,38,1
22794,p11389,1,57
22797,p11390,42,94
22798,p11391,1,96
22800,p11392,70,1
22801,p11393,18,1
22803,p11394,1,99
22804,p11395,84,75
22807,p11396,1,8
22810,p11397,1,66
22812,p11398,42,9
22815,p11399,50,35
22817,p11400,29,32
22818,p11401,51,1
22820,p11402,44,1
22823,p11403,92,20
22826,p11404,1,18
22828,p11405,1,80
22829,p11406,28,15
22832,p11407,49,65
22834,p11408,1,15
22835,p11409,19,1
22836,p11410,1,92
22839,p11411,1,92
22840,p11412,1,75
22842,p11413,37,87
22845,p11414,28,77
22847,p11415,1,15
22849,p11416,59,1
22852,p11417,100,71
22855,p11418,44,63
22857,p11419,1,15
22858,p11420,61,4
22861,p11421,1,99
22864,p11422,31,1
22866,p11423,42,1
22869,p11424,1,75
22871,p11425,28,1
22874,p11426,1,92
22875,p11427,49,60
22877,p11428,92,70
22879,p11429,1,24
22881,p11430,1,92
22883,p11431,50,34
22886,p11432,89,1
22887,p11433,64,78
22888,p11434,62,55
22891,p11435,23,1
22894,p11436,1,96
22895,p11437,1,31
22896,p11438,73,9
22899,p11439,71,9
22900,p11440,1,20
22902,p11441,1,79
22903,p11442,1,61
22905,p11443,79,87
22906,p11444,1,95
22909,p11445,12,1
22911,p11446,37,1
22914,p11447,55,33
22915,p11448,24,1
22916,p11449,69,98
22917,p11450,1,12
22919,p11451,1,76
22920,p11452,41,35
22922,p11453,78,22
22924,p11454,1,41
22925,p11455,84,25
22926,p11456,7,24
22928,p11457,2,26
22930,p11458,1,5
22931,p11459,47,32
22934,p11460,51,1
22937,p11461,56,35
22939,p11462,22,1
22941,p11463,74,1
22944,p11464,31,1
22947,p11465,8,1
22949,p11466,81,1
22952,p11467,8,55
22953,p11468,1,51
22955,p11469,80,1
22956,p11470,1,93
22959,p11471,1,4
22961,p11472,96,53
22963,p11473,1,99
22966,p11474,100,1
22968,p11475,2,1
22969,p11476,85,1
22970,p11477,1,39
22971,p11478,51,1
22973,p11479,32,1
22975,p11480,19,1
22977,p11481,82,1
22980,p11482,1,92
22983,p11483,62,1
22986,p11484,1,19
22988,p11485,51,74
22991,p11486,1,90
22992,p11487,52,1
22994,p11488,7,36
22996,p11489,1,2
22998,p11490,58,21
23000,p11491,1,79
23002,p11492,1,77
23005,p11493,72,69
23008,p11494,87,14
23010,p11495,1,6
23011,p11496,12,86
23013,p11497,12,1
23014,p11498,1,17
23016,p11499,30,35
23018,p11500,72,1
23021,p11501,19,1
23024,p11502,36,64
23027,p11503,68,27
23028,p11504,41,5
23031,p11505,87,1
23033,p11506,1,96
23035,p11507,25,1
23037,p11508,91,54
23040,p11509,40,1
23043,p11510,1,71
23046,p11511,1,71
23047,p11512,4,9
23050,p11513,24,1
23052,p11514,52,31
23055,p11515,60,1
23056,p11516,82,1
23059,p11517,68,1
23060,p11518,1,96
23063,p11519,82,52
23064,p11520,1,57
23066,p11521,4,93
23068,p11522,1,89
23069,p11523,1,47
23071,p11524,36,28
23072,p11525,69,99
23074,p11526,84,1
23077,p11527,1,69
23079,p11528,10,59
23081,p11529,63,29
23084,p11530,1,65
23087,p11531,1,69
23089,p11532,1,95
23092,p11533,36,43
23093,p11534,59,1
23095,p11535,10,1
23098,p11536,68,1
23100,p11537,68,1
23103,p11538,79,1
23106,p11539,21,1
23107,p11540,1,37
23108,p11541,1,73
23110,p11542,1,85
23112,p11543,37,8
23113,p11544,1,77
23114,p11545,50,1
23115,p11546,71,1
23118,p11547,40,1
23119,p11548,40,1
23121,p11549,1,6
23122,p11550,1,63
23125,p11551,81,1
23127,p11552,4,1
23130,p11553,25,15
23131,p11554,77,1
23134,p11555,62,1
23135,p11556,98,30
23136,p11557,82,1
23137,p11558,1,83
23138,p11559,100,1
23141,p11560,51,38
23143,p11561,37,1
23144,p11562,1,31
23145,p11563,16,42
23147,p11564,68,22
23149,p11565,1,77
23152,p11566,1,89
23155,p11567,61,93
23157,p11568,6,34
23158,p11569,35,92
23160,p11570,40,94
23163,p11571,1,79
23165,p11572,1,37
23166,p11573,60,1
23167,p11574,31,1
23168,p11575,5,1
23169,p11576,13,1
23171,p11577,6,4
23174,p11578,1,95
23176,p11579,62,1
23179,p11580,8,47
23181,p11581,1,49
23182,p11582,53,1
23184,p11583,1,88
23186,p11584,91,1
23188,p11585,44,1
23190,p11586,1,79
23192,p11587,1,13
23195,p11588,1,6
23198,p11589,84,60
23200,p11590,67,1
23201,p11591,37,1
23203,p11592,1,45
23204,p11593,45,58
23206,p11594,67,1
23207,p11595,3,1
23210,p11596,63,82
23213,p11597,98,1
23216,p11598,57,58
23218,p11599,16,1
23219,p11600,86,74
23222,p11601,1,23
23225,p11602,54,1
23228,p11603,15,1
23229,p11604,83,1
23232,p11605,1,34
23234,p11606,29,14
23236,p11607,1,74
23239,p11608,1,4
23240,p11609,52,58
23242,p11610,12,6
23245,p11611,1,36
23246,p11612,1,40
23248,p11613,1,41
23251,p11614,91,38
23253,p11615,79,1
23256,p11616,1,74
23259,p11617,1,7
23260,p11618,19,1
23262,p11619,24,1
23264,p11620,88,23
23266,p11621,1,86
23268,p11622,1,30
23270,p11623,1,98
23271,p11624,65,10
23274,p11625,1,11
23276,p11626,95,1
23279,p11627,98,1
23280,p11628,29,75
23281,p11629,54,1
23283,p11630,1,96
23284,p11631,60,1
23287,p11632,60,22
23289,p11633,1,93
23290,p11634,10,1
23293,p11635,64,81
23295,p11636,94,59
23296,p11637,78,23
23299,p11638,46,1
23302,p11639,98,1
23303,p11640,54,83
23306,p11641,38,1
23308,p11642,1,91
23311,p11643,1,39
23312,p11644,1,17
23314,p11645,66,97
23317,p11646,78,69
23319,p11647,1,2
23322,p11648,1,36
23323,p11649,1,96
23325,p11650,1,24
23326,p11651,1,85
23329,p11652,1,19
23330,p11653,71,1
23331,p11654,95,1
23334,p11655,1,26
23336,p11656,81,1
23339,p11657,1,18
23341,p11658,12,25
23342,p11659,7,1
23344,p11660,28,87
23347,p11661,71,1
23348,p11662,1,33
23350,p11663,19,1
23353,p11664,1,59
23356,p11665,13,88
23357,p11666,57,20
23358,p11667,24,1
23361,p11668,24,1
23363,p11669,28,1
23365,p11670,1,73
23368,p11671,91,64
23371,p11672,23,31
23374,p11673,1,66
23376,p11674,91,1
23378,p11675,1,33
23380,p11676,1,27
23382,p11677,100,91
23383,p11678,1,87
23386,p11679,1,11
23387,p11680,70,1
23390,p11681,68,37
23391,p11682,1,38
23393,p11683,1,62
23396,p11684,91,82
23399,p11685,84,100
23401,p11686,13,29
23403,p11687,1,30
23404,p11688,45,1
23407,p11689,94,80
23410,p11690,1,95
23412,p11691,24,22
23413,p11692,36,1
23414,p11693,41,75
23417,p11694,37,1
23418,p11695,46,2
23421,p11696,63,82
23422,p11697,1,49
23425,p11698,98,37
23426,p11699,41,50
23427,p11700,1,4
23429,p11701,39,1
23431,p11702,1,82
23432,p11703,79,1
23434,p11704,1,47
23436,p11705,62,17
23439,p11706,1,2
23441,p11707,18,1
23444,p11708,1,33
23446,p11709,1,48
23447,p11710,39,71
23448,p11711,1,68
23450,p11712,78,1
23451,p11713,1,57
23454,p11714,1,12
23456,p11715,1,55
23457,p11716,56,94
23460,p11717,1,22
23462,p11718,1,58
23464,p11719,75,50
23467,p11720,1,18
23468,p11721,1,40
23469,p11722,30,49
23471,p11723,50,81
23474,p11724,1,30
23476,p11725,1,82
23477,p11726,54,1
23480,p11727,100,1
23483,p11728,78,22
23486,p11729,70,1
23487,p11730,63,1
23490,p11731,26,1
23492,p11732,1,81
23494,p11733,64,1
23496,p11734,1,83
23498,p11735,18,1
23501,p11736,62,7
23503,p11737,68,3
23505,p11738,91,1
23506,p11739,1,79
23508,p11740,1,9
23509,p11741,1,60
23510,p11742,37,1
23512,p11743,6,90
23514,p11744,49,13
23515,p11745,12,71
23517,p11746,1,16
23520,p11747,15,92
23522,p11748,20,65
23525,p11749,98,62
23528,p11750,1,80
23531,p11751,1,45
23533,p11752,88,1
23536,p11753,53,1
23539,p11754,30,46
23541,p11755,1,82
23542,p11756,65,19
23544,p11757,53,1
23547,p11758,1,79
23550,p11759,22,30
23551,p11760,4,52
23552,p11761,28,56
23555,p11762,19,25
23558,p11763,1,91
23560,p11764,1,34
23562,p11765,50,1
23563,p11766,16,46
23564,p11767,93,1
23567,p11768,3,1
23570,p11769,1,72
23572,p11770,49,1
23575,p11771,91,37
23576,p11772,4,1
23577,p11773,1,9
23579,p11774,50,24
23580,p11775,69,1
23582,p11776,9,42
23584,p11777,8,6
23586,p11778,14,1
23589,p11779,1,6
23591,p11780,24,7
23594,p11781,1,71
23597,p11782,88,1
23598,p11783,55,1
23601,p11784,1,77
23602,p11785,1,81
23604,p11786,60,1
23607,p11787,1,28
23609,p11788,81,1
23611,p11789,85,61
23612,p11790,1,92
23615,p11791,1,13
23618,p11792,68,1
23621,p11793,8,1
23622,p11794,1,44
23625,p11795,87,32
23627,p11796,25,1
23630,p11797,57,1
23632,p11798,1,11
23633,p11799,1,11
23636,p11800,19,40
23639,p11801,11,46
23641,p11802,1,33
23644,p11803,1,98
23647,p11804,72,1
23650,p11805,60,66
23651,p11806,65,67
23652,p11807,21,9
23654,p11808,35,44
23657,p11809,31,1
23660,p11810,92,32
23662,p11811,1,67
23664,p11812,1,98
23666,p11813,19,22
23668,p11814,90,1
23670,p11815,69,39
23671,p11816,1,37
23674,p11817,1,74
23676,p11818,12,60
23677,p11819,1,26
23678,p11820,43,46
23681,p11821,98,1
23684,p11822,12,1
23687,p11823,53,73
23688,p11824,93,4
23690,p11825,50,31
23691,p11826,1,9
23694,p11827,27,1
23696,p11828,1,98
23698,p11829,1,15
23701,p11830,23,1
23702,p11831,1,28
23704,p11832,82,1
23706,p11833,86,11
23707,p11834,82,7
23710,p11835,55,1
23711,p11836,2,1
23713,p11837,97,18
23715,p11838,19,1
23717,p11839,7,74
23719,p11840,63,8
23720,p11841,1,56
23721,p11842,38,93
23722,p11843,39,2
23724,p11844,3,1
23726,p11845,1,10
23727,p11846,41,1
23729,p11847,1,72
23730,p11848,1,71
23732,p11849,1,59
23733,p11850,38,1
23734,p11851,62,98
23736,p11852,39,1
23738,p11853,62,1
23741,p11854,19,26
23744,p11855,98,61
23745,p11856,1,37
23746,p11857,16,1
23749,p11858,7,1
23750,p11859,5,1
23752,p11860,1,99
23753,p11861,51,98
23755,p11862,1,53
23757,p11863,1,12
23758,p11864,1,33
23759,p11865,1,95
23760,p11866,87,1
23762,p11867,24,1
23763,p11868,1,52
23765,p11869,83,1
23768,p11870,1,13
23770,p11871,84,87
23772,p11872,5,13
23775,p11873,1,71
23778,p11874,17,63
23781,p11875,1,76
23782,p11876,63,1
23784,p11877,52,1
23787,p11878,80,1
23789,p11879,1,42
23790,p11880,57,1
23792,p11881,25,1
23795,p11882,46,12
23796,p11883,65,1
23799,p11884,1,81
23801,p11885,81,1
23804,p11886,18,84
23806,p11887,31,1
23808,p11888,31,1
23810,p11889,1,88
23812,p11890,50,7
23813,p11891,1,41
23814,p11892,43,1
23816,p11893,31,39
23817,p11894,1,76
23818,p11895,1,49
23820,p11896,1,47
23823,p11897,37,87
23826,p11898,1,63
23828,p11899,1,83
23830,p11900,90,1
23831,p11901,50,78
23833,p11902,94,1
23835,p11903,86,18
23836,p11904,34,31
23837,p11905,72,1
23840,p11906,1,92
23842,p11907,1,60
23843,p11908,1,62
23844,p11909,1,52
23847,p11910,22,59
23850,p11911,1,61
23853,p11912,1,9
23856,p11913,77,61
23859,p11914,84,1
23860,p11915,1,42
23861,p11916,76,1
23862,p11917,1,67
23864,p11918,64,1
23867,p11919,50,1
23870,p11920,1,94
23871,p11921,68,45
23873,p11922,13,1
23876,p11923,23,1
23878,p11924,1,81
23879,p11925,98,1
23881,p11926,98,58
23882,p11927,1,68
23883,p11928,72,30
23884,p11929,1,97
23885,p11930,5,1
23886,p11931,52,1
23888,p11932,42,1
23890,p11933,1,3
23892,p11934,1,39
23895,p11935,62,1
23898,p11936,47,1
23901,p11937,1,91
23904,p11938,1,70
23905,p11939,68,65
23907,p11940,89,1
23908,p11941,54,38
23911,p11942,56,90
23913,p11943,33,97
23916,p11944,1,68
23919,p11945,1,21
23922,p11946,1,100
23924,p11947,36,75
23927,p11948,32,73
23928,p11949,1,80
23930,p11950,1,18
23931,p11951,70,1
23933,p11952,49,1
23935,p11953,90,1
23938,p11954,22,1
23941,p11955,77,1
23942,p11956,56,49
23945,p11957,1,7
23946,p11958,26,15
23949,p11959,1,89
23950,p11960,6,62
23952,p11961,46,51
23953,p11962,1,77
23956,p11963,19,1
23958,p11964,14,80
23960,p11965,67,1
23961,p11966,1,25
23964,p11967,1,34
23965,p11968,15,1
23967,p11969,48,1
23970,p11970,88,6
23973,p11971,2,13
23976,p11972,1,100
23978,p11973,87,1
23980,p11974,1,29
23981,p11975,62,51
23982,p11976,1,41
23983,p11977,69,12
23986,p11978,41,8
23989,p11979,1,88
23990,p11980,12,1
23992,p11981,94,61
23993,p11982,24,16
23996,p11983,13,1
23998,p11984,14,94
23999,p11985,66,91
24001,p11986,1,80
24003,p11987,97,59
24004,p11988,1,17
24005,p11989,1,87
24007,p11990,5,69
24009,p11991,1,7
24010,p11992,58,93
24013,p11993,8,27
24016,p11994,1,30
24017,p11995,62,5
24018,p11996,1,13
24021,p11997,1,41
24024,p11998,100,1
24026,p11999,60,12
24027,p12000,90,1
24029,p12001,26,86
24032,p12002,52,1
24033,p12003,23,1
24036,p12004,1,43
24038,p12005,1,49
24040,p12006,55,1
24041,p12007,25,1
24042,p12008,88,15
24045,p12009,3,1
24047,p12010,1,73
24049,p12011,1,51
24051,p12012,1,6
24054,p12013,8,78
24055,p12014,20,1
24056,p12015,1,59
24057,p12016,29,85
24059,p12017,49,60
24062,p12018,84,29
24065,p12019,83,27
24068,p12020,84,51
24071,p12021,54,1
24074,p12022,64,1
24076,p12023,57,1
24078,p12024,1,14
24080,p12025,49,18
24081,p12026,12,17
24083,p12027,1,59
24085,p12028,1,16
24087,p12029,1,31
24089,p12030,84,1
24090,p12031,70,89
24093,p12032,50,28
24096,p12033,1,77
24099,p12034,84,44
24101,p12035,1,35
24102,p12036,50,17
24105,p12037,1,63
24108,p12038,1,45
24110,p12039,95,75
24111,p12040,45,13
24112,p12041,21,1
24115,p12042,4,92
24117,p12043,19,76
24120,p12044,73,1
24123,p12045,1,76
24126,p12046,1,73
24129,p12047,1,39
24130,p12048,52,1
24133,p12049,45,37
24136,p12050,32,24
24139,p12051,41,1
24140,p12052,1,86
24141,p12053,74,16
24142,p12054,56,92
24144,p12055,77,49
24146,p12056,1,84
24149,p12057,1,29
24152,p12058,28,1
24155,p12059,1,27
24158,p12060,26,1
24159,p12061,1,18
24161,p12062,36,1
24163,p12063,52,51
24165,p12064,1,86
24168,p12065,1,43
24170,p12066,57,22
24172,p12067,22,61
24173,p12068,91,1
24176,p12069,20,84
24179,p12070,13,1
24181,p12071,11,59
24184,p12072,89,1
24187,p12073,1,87
24190,p12074,22,77
24192,p12075,31,1
24194,p12076,77,59
24195,p12077,44,76
24197,p12078,58,93
24199,p12079,83,1
24200,p12080,1,73
24201,p12081,86,93
24203,p12082,68,1
24205,p12083,88,1
24207,p12084,34,1
24208,p12085,84,100
24210,p12086,1,63
24211,p12087,1,75
24214,p12088,61,1
24215,p12089,74,89
24218,p12090,74,57
24221,p12091,1,87
24222,p12092,43,1
24225,p12093,1,47
24227,p12094,67,1
24228,p12095,84,1
24231,p12096,2,1
24232,p12097,12,78
24234,p12098,99,9
24236,p12099,56,49
24237,p12100,87,1
24239,p12101,14,88
24241,p12102,11,1
24243,p12103,16,63
24245,p12104,27,77
24246,p12105,9,1
24247,p12106,36,69
24248,p12107,1,48
24250,p12108,35,91
24251,p12109,75,25
24252,p12110,95,55
24255,p12111,20,1
24257,p12112,77,1
24259,p12113,23,79
24260,p12114,53,1
24262,p12115,3,1
24265,p12116,1,79
24268,p12117,1,29
24270,p12118,66,1
24271,p12119,63,1
24273,p12120,91,1
24275,p12121,77,53
24278,p12122,87,1
24279,p12123,99,39
24281,p12124,37,1
24283,p12125,1,56
24284,p12126,57,93
24285,p12127,1,25
24288,p12128,26,1
24291,p12129,35,22
24292,p12130,73,1
24293,p12131,85,1
24295,p12132,50,18
24296,p12133,1,87
24299,p12134,1,88
24302,p12135,1,79
24303,p12136,1,23
24306,p12137,1,23
24307,p12138,72,1
24308,p12139,64,1
24311,p12140,82,1
24312,p12141,1,31
24314,p12142,55,1
24316,p12143,91,1
24317,p12144,57,35
24319,p12145,1,32
24322,p12146,1,97
24325,p12147,98,1
24328,p12148,86,19
24329,p12149,24,1
24331,p12150,49,4
24332,p12151,63,1
24335,p12152,78,1
24338,p12153,8,1
24339,p12154,31,1
24340,p12155,73,1
24343,p12156,50,84
24346,p12157,18,89
24348,p12158,97,1
24350,p12159,1,71
24351,p12160,51,78
24354,p12161,1,24
24357,p12162,3,1
24360,p12163,89,57
24361,p12164,31,77
24362,p12165,1,26
24364,p12166,69,1
24366,p12167,34,58
24369,p12168,93,83
24372,p12169,36,1
24374,p12170,41,26
24376,p12171,37,1
24378,p12172,1,10
24381,p12173,1,89
24383,p12174,5,1
24385,p12175,100,44
24388,p12176,100,1
24390,p12177,70,79
24393,p12178,1,78
24395,p12179,85,1
24397,p12180,1,78
24400,p12181,29,2
24402,p12182,43,1
24403,p12183,1,82
24405,p12184,85,1
24408,p12185,11,55
24411,p12186,2,1
24412,p12187,7,72
24415,p12188,1,18
24418,p12189,98,1
24420,p12190,1,9
24422,p12191,42,1
24425,p12192,1,33
24426,p12193,2,1
24429,p12194,1,29
24430,p12195,19,25
24433,p12196,78,1
24435,p12197,21,1
24436,p12198,1,71
24437,p12199,1,93
24440,p12200,66,1
24443,p12201,1,40
24445,p12202,29,1
24447,p12203,11,54
24449,p12204,20,32
24450,p12205,1,75
24451,p12206,1,17
24453,p12207,1,42
24454,p12208,5,89
24457,p12209,27,1
24459,p12210,1,77
24461,p12211,81,41
24462,p12212,93,10
24464,p12213,35,1
24467,p12214,79,1
24468,p12215,38,2
24471,p12216,1,99
24473,p12217,77,1
24476,p12218,1,57
24479,p12219,86,1
24481,p12220,1,7
24482,p12221,1,63
24485,p12222,22,99
24486,p12223,1,17
24487,p12224,21,1
24488,p12225,56,40
24491,p12226,1,86
24492,p12227,93,81
24495,p12228,34,1
24498,p12229,3,23
24501,p12230,27,1
24503,p12231,1,71
24506,p12232,35,16
24507,p12233,1,85
24510,p12234,1,56
24511,p12235,1,15
24514,p12236,1,39
24516,p12237,1,39
24518,p12238,26,1
24519,p12239,48,53
24520,p12240,92,40
24523,p12241,83,1
24526,p12242,79,1
24529,p12243,11,1
24530,p12244,58,74
24532,p12245,1,90
24533,p12246,44,48
24536,p12247,1,16
24538,p12248,1,64
24541,p12249,1,33
24542,p12250,1,41
24543,p12251,1,38
24546,p12252,1,68
24549,p12253,32,1
24550,p12254,83,51
24552,p12255,12,33
24553,p12256,1,73
24556,p12257,60,82
24558,p12258,50,1
24561,p12259,20,1
24564,p12260,1,32
24565,p12261,27,54
24568,p12262,48,79
24570,p12263,1,11
24573,p12264,87,40
24575,p12265,83,1
24578,p12266,65,84
24579,p12267,38,32
24581,p12268,98,14
24584,p12269,36,21
24586,p12270,42,1
24589,p12271,60,1
24591,p12272,6,1
24594,p12273,10,33
24595,p12274,42,11
24597,p12275,87,1
24598,p12276,1,39
24600,p12277,21,1
24602,p12278,46,39
24603,p12279,64,58
24604,p12280,44,73
24606,p12281,1,84
24609,p12282,51,9
24611,p12283,51,98
24614,p12284,59,87
24617,p12285,1,25
24618,p12286,36,1
24620,p12287,1,90
24621,p12288,1,41
24622,p12289,1,96
24623,p12290,3,1
24624,p12291,28,1
24625,p12292,38,74
24626,p12293,1,87
24629,p12294,99,47
24631,p12295,9,1
24632,p12296,1,39
24633,p12297,1,12
24635,p12298,46,21
24637,p12299,97,1
24638,p12300,40,92
24639,p12301,1,20
24642,p12302,24,1
24645,p12303,1,47
24646,p12304,56,48
24649,p12305,7,1
24652,p12306,32,1
24653,p12307,1,19
24655,p12308,1,54
24658,p12309,1,92
24660,p12310,48,18
24661,p12311,1,14
24663,p12312,1,98
24664,p12313,11,81
24666,p12314,46,1
24667,p12315,69,1
24668,p12316,15,1
24670,p12317,6,1
24673,p12318,89,17
24674,p12319,32,1
24675,p12320,74,80
24678,p12321,55,1
24681,p12322,78,1
24683,p12323,1,59
24684,p12324,1,11
24685,p12325,1,27
24687,p12326,77,64
24688,p12327,1,29
24690,p12328,54,5
24691,p12329,1,27
24692,p12330,1,77
24694,p12331,81,1
24696,p12332,1,3
24699,p12333,1,35
24701,p12334,43,31
24704,p12335,76,1
24706,p12336,99,1
24709,p12337,35,1
24712,p12338,4,1
24715,p12339,21,1
24717,p12340,11,99
24719,p12341,93,1
24722,p12342,75,40
24724,p12343,30,1
24726,p12344,1,75
24727,p12345,25,80
24730,p12346,1,79
24732,p12347,7,1
24734,p12348,10,41
24737,p12349,1,97
24739,p12350,86,95
24741,p12351,63,1
24742,p12352,5,60
24745,p12353,27,1
24747,p12354,3,38
24749,p12355,45,1
24750,p12356,1,52
24752,p12357,37,4
24754,p12358,35,34
24755,p12359,16,33
24757,p12360,1,55
24758,p12361,22,1
24760,p12362,4,1
24762,p12363,1,21
24763,p12364,1,27
24766,p12365,84,89
24767,p12366,41,1
24768,p12367,1,69
24770,p12368,17,1
24772,p12369,66,58
24774,p12370,96,46
24776,p12371,56,35
24778,p12372,38,25
24780,p12373,16,1
24782,p12374,8,98
24784,p12375,93,1
24785,p12376,1,15
24786,p12377,100,27
24787,p12378,72,47
24788,p12379,24,1
24790,p12380,62,1
24791,p12381,75,1
24794,p12382,50,1
24796,p12383,99,1
24798,p12384,82,8
24800,p12385,23,1
24803,p12386,49,41
24806,p12387,9,1
24809,p12388,12,1
24812,p12389,72,1
24815,p12390,1,71
24817,p12391,1,41
24818,p12392,1,82
24819,p12393,1,80
24822,p12394,23,49
24824,p12395,44,1
24827,p12396,1,72
24830,p12397,1,67
24831,p12398,1,8
24834,p12399,55,78
24837,p12400,93,57
24840,p12401,93,1
24842,p12402,49,1
24843,p12403,25,67
24844,p12404,1,68
24845,p12405,63,1
24848,p12406,95,54
24850,p12407,1,9
24852,p12408,75,1
24854,p12409,70,1
24857,p12410,95,1
24858,p12411,1,33
24861,p12412,60,9
24864,p12413,67,1
24865,p12414,87,30
24868,p12415,52,67
24871,p12416,66,1
24874,p12417,63,1
24877,p12418,14,17
24880,p12419,1,28
24882,p12420,1,13
24884,p12421,63,89
24885,p12422,33,1
24886,p12423,86,19
24887,p12424,17,1
24888,p12425,1,29
24890,p12426,1,3
24893,p12427,1,77
24895,p12428,1,51
24896,p12429,1,25
24897,p12430,84,64
24898,p12431,33,1
24901,p12432,33,60
24904,p12433,18,22
24907,p12434,8,24
24908,p12435,66,1
24909,p12436,49,1
24910,p12437,96,1
24911,p12438,1,3
24914,p12439,77,1
24916,p12440,75,1
24917,p12441,31,1
24918,p12442,65,1
24920,p12443,69,1
24923,p12444,1,87
24924,p12445,1,22
24925,p12446,99,1
24928,p12447,94,1
24930,p12448,11,1
24932,p12449,33,1
24934,p12450,23,1
24936,p12451,48,8
24939,p12452,1,23
24940,p12453,35,1
24942,p12454,1,54
24943,p12455,1,96
24944,p12456,1,94
24946,p12457,1,40
24947,p12458,42,56
24948,p12459,11,1
24950,p12460,98,91
24951,p12461,40,1
24954,p12462,28,36
24956,p12463,1,8
24958,p12464,1,81
24960,p12465,25,90
24962,p12466,94,1
24965,p12467,31,81
24967,p12468,1,56
24968,p12469,90,23
24969,p12470,41,75
24971,p12471,69,1
24974,p12472,37,1
24975,p12473,85,1
24976,p12474,73,8
24977,p12475,1,56
24979,p12476,50,34
24982,p12477,44,56
24983,p12478,16,47
24984,p12479,1,83
24986,p12480,9,1
24989,p12481,1,100
24990,p12482,31,1
24992,p12483,56,1
24993,p12484,83,1
24995,p12485,72,34
24996,p12486,34,18
24999,p12487,100,82
25000,p12488,39,1
25003,p12489,1,90
25006,p12490,44,1
25007,p12491,64,1
25008,p12492,1,20
25011,p12493,1,8
25012,p12494,1,15
25014,p12495,1,87
25016,p12496,1,29
25019,p12497,50,74
25020,p12498,1,83
25022,p12499,20,66
25023,p12500,1,88
25025,p12501,9,55
25028,p12502,1,70
25031,p12503,1,8
25032,p12504,1,71
25035,p12505,1,50
25036,p12506,1,55
25038,p12507,1,95
25041,p12508,42,89
25042,p12509,17,1
25044,p12510,1,39
25047,p12511,38,1
25050,p12512,70,91
25053,p12513,93,55
25056,p12514,1,56
25057,p12515,59,62
25059,p12516,1,39
25062,p12517,1,41
25065,p12518,36,79
25067,p12519,54,55
25068,p12520,1,28
25071,p12521,99,1
25074,p12522,33,5
25075,p12523,15,1
25078,p12524,72,1
25081,p12525,86,34
25084,p12526,1,69
25085,p12527,31,77
25088,p12528,1,72
25091,p12529,95,9
25094,p12530,12,89
25097,p12531,64,39
25098,p12532,41,1
25100,p12533,1,51
25103,p12534,85,25
25105,p12535,82,16
25106,p12536,72,1
25109,p12537,1,4
25112,p12538,83,1
25115,p12539,72,96
25116,p12540,31,1
25119,p12541,1,58
25122,p12542,1,74
25125,p12543,1,61
25126,p12544,35,1
25128,p12545,1,95
25130,p12546,1,80
25133,p12547,37,52
25134,p12548,1,23
25137,p12549,1,50
25140,p12550,1,96
25142,p12551,77,35
25143,p12552,1,86
25144,p12553,55,1
25145,p12554,52,1
25148,p12555,92,3
25151,p12556,55,1
25152,p12557,77,1
25154,p12558,58,1
25157,p12559,14,97
25158,p12560,1,31
25159,p12561,70,33
25162,p12562,1,21
25164,p12563,1,9
25167,p12564,25,96
25168,p12565,1,49
25171,p12566,1,67
25174,p12567,79,64
25177,p12568,77,60
25178,p12569,2,1
25179,p12570,30,1
25180,p12571,1,70
25182,p12572,1,90
25185,p12573,9,4
25186,p12574,12,39
25189,p12575,5,63
25191,p12576,1,76
25193,p12577,1,40
25195,p12578,1,22
25198,p12579,77,75
25200,p12580,72,78
25203,p12581,1,58
25204,p12582,73,21
25207,p12583,25,68
25209,p12584,33,1
25210,p12585,41,35
25211,p12586,81,49
25214,p12587,72,1
25216,p12588,1,58
25217,p12589,1,56
25219,p12590,1,7
25221,p12591,70,1
25223,p12592,16,38
25226,p12593,1,13
25229,p12594,39,44
25231,p12595,98,50
25234,p12596,1,4
25236,p12597,91,99
25239,p12598,1,64
25240,p12599,92,1
25243,p12600,81,36
25245,p12601,1,16
25246,p12602,31,1
25248,p12603,1,6
25250,p12604,1,24
25251,p12605,63,61
25252,p12606,97,1
25255,p12607,61,1
25256,p12608,57,1
25258,p12609,68,78
25261,p12610,53,1
25262,p12611,90,1
25263,p12612,78,1
25264,p12613,1,85
25267,p12614,20,10
25270,p12615,1,13
25272,p12616,31,21
25275,p12617,1,84
25277,p12618,69,1
25279,p12619,97,1
25282,p12620,1,93
25284,p12621,1,92
25285,p12622,7,1
25288,p12623,60,1
25291,p12624,50,1
25293,p12625,48,89
25296,p12626,41,9
25297,p12627,73,1
25299,p12628,44,1
25300,p12629,15,1
25301,p12630,9,1
25302,p12631,84,44
25303,p12632,3,1
25306,p12633,93,98
25307,p12634,44,1
25309,p12635,1,25
25311,p12636,1,37
25313,p12637,91,13
25314,p12638,56,78
25316,p12639,41,56
25318,p12640,1,5
25320,p12641,30,1
25322,p12642,63,1
25324,p12643,88,89
25327,p12644,71,23
25330,p12645,1,40
25331,p12646,1,28
25332,p12647,1,82
25333,p12648,21,37
25336,p12649,1,33
25339,p12650,84,71
25342,p12651,48,77
25344,p12652,54,1
25347,p12653,70,1
25348,p12654,57,1
25351,p12655,1,100
25354,p12656,36,1
25357,p12657,1,68
25358,p12658,92,41
25361,p12659,59,1
25364,p12660,10,1
25367,p12661,1,67
25368,p12662,17,80
25370,p12663,54,16
25371,p12664,4,1
25374,p12665,66,1
25375,p12666,46,79
25377,p12667,1,29
25380,p12668,91,1
25382,p12669,1,41
25385,p12670,47,1
25387,p12671,1,9
25388,p12672,9,21
25391,p12673,44,57
25392,p12674,1,79
25393,p12675,72,15
25396,p12676,96,62
25397,p12677,1,26
25398,p12678,3,76
25400,p12679,75,1
25403,p12680,36,1
25406,p12681,1,17
25407,p12682,1,58
25409,p12683,4,1
25411,p12684,3,1
25414,p12685,75,56
25415,p12686,92,3
25416,p12687,100,99
25419,p12688,77,21
25422,p12689,17,67
25425,p12690,49,1
25426,p12691,1,45
25429,p12692,78,1
25430,p12693,4,80
25431,p12694,82,9
25434,p12695,1,46
25436,p12696,9,56
25437,p12697,45,63
25438,p12698,83,5
25441,p12699,85,1
25443,p12700,1,89
25444,p12701,1,69
25446,p12702,1,83
25448,p12703,63,1
25450,p12704,1,93
25452,p12705,30,41
25455,p12706,89,71
25458,p12707,38,1
25461,p12708,1,78
25464,p12709,73,25
25467,p12710,1,44
25470,p12711,2,81
25471,p12712,17,1
25473,p12713,61,1
25476,p12714,23,33
25478,p12715,1,88
25481,p12716,1,80
25483,p12717,1,57
25486,p12718,50,34
25489,p12719,80,72
25492,p12720,94,45
25493,p12721,1,19
25495,p12722,25,1
25498,p12723,44,25
25499,p12724,73,1
25501,p12725,1,17
25502,p12726,17,1
25504,p12727,73,83
25506,p12728,54,1
25509,p12729,40,1
25512,p12730,1,30
25513,p12731,38,1
25514,p12732,62,26
25517,p12733,12,6
25520,p12734,1,48
25522,p12735,1,74
25524,p12736,1,94
25527,p12737,1,68
25530,p12738,19,1
25531,p12739,1,86
25532,p12740,1,6
25534,p12741,1,95
25535,p12742,28,1
25537,p12743,1,63
25539,p12744,1,49
25541,p12745,5,70
25542,p12746,1,59
25543,p12747,70,78
25544,p12748,6,1
25546,p12749,60,1
25549,p12750,22,53
25551,p12751,55,1
25554,p12752,30,1
25557,p12753,88,19
25559,p12754,62,36
25561,p12755,1,7
25562,p12756,91,1
25565,p12757,9,75
25567,p12758,1,72
25569,p12759,81,69
25570,p12760,1,3
25572,p12761,1,47
25574,p12762,86,1
25575,p12763,75,1
25578,p12764,57,62
25579,p12765,1,17
25581,p12766,37,98
25583,p12767,1,94
25586,p12768,1,36
25589,p12769,68,85
25592,p12770,1,38
25595,p12771,56,1
25598,p12772,90,34
25599,p12773,4,38
25601,p12774,10,92
25604,p12775,81,55
25605,p12776,1,70
25606,p12777,56,9
25609,p12778,71,98
25610,p12779,1,6
25611,p12780,96,1
25613,p12781,1,62
25614,p12782,1,24
25616,p12783,1,36
25618,p12784,24,1
25621,p12785,15,55
25622,p12786,81,1
25624,p12787,1,72
25627,p12788,84,65
25630,p12789,83,91
25633,p12790,86,1
25634,p12791,48,1
25637,p12792,32,1
25638,p12793,20,68
25641,p12794,24,1
25642,p12795,96,35
25643,p12796,86,1
25645,p12797,64,1
25646,p12798,58,1
25648,p12799,9,1
25650,p12800,1,59
25653,p12801,1,60
25654,p12802,78,54
25656,p12803,89,43
25659,p12804,1,23
25662,p12805,1,65
25664,p12806,1,67
25665,p12807,1,75
25666,p12808,41,1
25669,p12809,98,1
25672,p12810,10,54
25673,p12811,1,20
25674,p12812,31,1
25677,p12813,64,58
25680,p12814,1,31
25682,p12815,27,72
25685,p12816,20,1
25688,p12817,1,66
25691,p12818,1,37
25692,p12819,77,1
25693,p12820,36,49
25696,p12821,16,1
25697,p12822,41,97
25699,p12823,64,13
25700,p12824,61,1
25701,p12825,1,32
25704,p12826,61,35
25707,p12827,38,45
25709,p12828,24,76
25710,p12829,1,56
25713,p12830,50,1
25714,p12831,1,21
25715,p12832,28,1
25717,p12833,100,34
25720,p12834,1,98
25721,p12835,27,1
25724,p12836,34,33
25725,p12837,43,1
25726,p12838,1,48
25729,p12839,1,57
25731,p12840,1,15
25734,p12841,9,1
25735,p12842,1,100
25737,p12843,60,32
25738,p12844,99,21
25741,p12845,89,1
25744,p12846,1,88
25745,p12847,11,5
25746,p12848,12,1
25749,p12849,31,1
25752,p12850,1,70
25755,p12851,22,1
25757,p12852,1,66
25760,p12853,1,60
25762,p12854,13,98
25763,p12855,99,69
25766,p12856,10,87
25769,p12857,40,1
25770,p12858,1,43
25771,p12859,4,62
25773,p12860,1,13
25776,p12861,40,26
25777,p12862,46,61
25779,p12863,50,1
25780,p12864,96,51
25783,p12865,29,90
25786,p12866,23,91
25788,p12867,83,1
25790,p12868,99,97
25791,p12869,2,68
25794,p12870,28,34
25796,p12871,8,1
25799,p12872,10,69
25801,p12873,79,1
25804,p12874,1,98
25805,p12875,41,46
25807,p12876,1,39
25810,p12877,42,1
25811,p12878,1,60
25813,p12879,32,1
25814,p12880,8,29
25816,p12881,59,1
25818,p12882,4,68
25821,p12883,1,51
25824,p12884,22,1
25825,p12885,61,7
25826,p12886,1,76
25828,p12887,45,32
25831,p12888,80,48
25832,p12889,98,96
25835,p12890,10,1
25838,p12891,3,1
25841,p12892,62,77
25842,p12893,1,25
25843,p12894,13,1
25846,p12895,1,80
25849,p12896,66,1
25850,p12897,24,73
25851,p12898,84,17
25852,p12899,76,64
25853,p12900,1,29
25855,p12901,92,39
25858,p12902,1,85
25859,p12903,12,1
25860,p12904,39,1
25862,p12905,46,1
25865,p12906,61,73
25867,p12907,1,13
25869,p12908,80,95
25871,p12909,1,51
25872,p12910,69,1
25875,p12911,50,22
25876,p12912,1,13
25877,p12913,81,27
25880,p12914,17,59
25881,p12915,21,25
25883,p12916,66,28
25886,p12917,2,52
25887,p12918,1,12
25889,p12919,14,1
25892,p12920,54,1
25893,p12921,69,1
25896,p12922,1,8
25899,p12923,98,29
25902,p12924,96,65
25905,p12925,65,94
25908,p12926,31,1
25911,p12927,87,1
25913,p12928,21,1
25914,p12929,1,32
25916,p12930,8,1
25918,p12931,1,40
25921,p12932,83,1
25922,p12933,84,59
25924,p12934,1,80
25927,p12935,42,1
25928,p12936,34,75
25929,p12937,44,1
25931,p12938,91,1
25934,p12939,1,84
25936,p12940,1,84
25939,p12941,33,64
25942,p12942,89,8
25945,p12943,1,7
25948,p12944,1,86
25949,p12945,1,12
25950,p12946,1,72
25953,p12947,61,76
25954,p12948,3,31
25956,p12949,72,88
25957,p12950,98,56
25959,p12951,30,1
25962,p12952,41,1
25965,p12953,71,1
25968,p12954,80,1
25969,p12955,19,1
25971,p12956,74,80
25973,p12957,1,76
25976,p12958,2,16
25977,p12959,1,79
25980,p12960,94,1
25983,p12961,41,42
25986,p12962,1,93
25987,p12963,71,30
25988,p12964,61,53
25989,p12965,57,29
25990,p12966,1,72
25991,p12967,1,24
25994,p12968,82,1
25997,p12969,1,76
25999,p12970,1,83
26001,p12971,45,61
26004,p12972,1,48
26005,p12973,51,99
26006,p12974,90,1
26007,p12975,100,90
26009,p12976,1,28
26010,p12977,1,72
26013,p12978,66,1
26016,p12979,78,1
26017,p12980,69,68
26018,p12981,45,1
26019,p12982,1,9
26021,p12983,72,38
26023,p12984,62,1
26026,p12985,9,1
26027,p12986,7,22
26030,p12987,53,13
26033,p12988,5,1
26035,p12989,1,37
26037,p12990,1,80
26040,p12991,1,63
26043,p12992,94,1
26044,p12993,1,96
26047,p12994,66,94
26049,p12995,1,76
26051,p12996,23,67
26054,p12997,7,91
26056,p12998,1,54
26059,p12999,1,75
26060,p13000,1,64
26063,p13001,1,31
26066,p13002,67,78
26067,p13003,88,1
26068,p13004,1,24
26071,p13005,1,17
26074,p13006,48,1
26077,p13007,1,26
26078,p13008,50,44
26080,p13009,35,1
26083,p13010,1,17
26084,p13011,97,7
26087,p13012,54,20
26089,p13013,1,36
26092,p13014,49,1
26095,p13015,1,82
26098,p13016,19,1
26100,p13017,6,1
26102,p13018,34,15
26104,p13019,1,17
26106,p13020,76,1
26108,p13021,12,68
26111,p13022,1,97
26112,p13023,72,45
26114,p13024,1,27
26115,p13025,9,37
26118,p13026,1,56
26120,p13027,94,1
26123,p13028,83,79
26125,p13029,94,4
26127,p13030,1,43
26128,p13031,74,1
26129,p13032,52,9
26130,p13033,49,1
26131,p13034,1,12
26133,p13035,1,27
26134,p13036,18,1
26135,p13037,11,1
26136,p13038,1,80
26139,p13039,85,7
26142,p13040,16,4
26143,p13041,84,34
26145,p13042,13,73
26148,p13043,38,20
26150,p13044,78,28
26153,p13045,2,1
26154,p13046,1,46
26157,p13047,52,1
26159,p13048,8,1
26161,p13049,49,1
26164,p13050,6,1
26165,p13051,1,84
26167,p13052,1,76
26170,p13053,91,82
26171,p13054,34,1
26174,p13055,43,1
26175,p13056,1,64
26176,p13057,1,54
26179,p13058,1,12
26181,p13059,18,42
26182,p13060,72,1
26184,p13061,1,90
26185,p13062,35,1
26187,p13063,24,42
26189,p13064,1,75
26191,p13065,21,66
26192,p13066,1,69
26195,p13067,64,1
26198,p13068,1,9
26201,p13069,1,94
26204,p13070,1,57
26205,p13071,23,1
26207,p13072,1,22
26208,p13073,71,87
26209,p13074,29,46
26212,p13075,19,65
26214,p13076,61,1
26217,p13077,1,42
26219,p13078,11,17
26222,p13079,68,3
26225,p13080,31,1
26226,p13081,1,52
26229,p13082,67,1
26230,p13083,91,34
26233,p13084,6,1
26236,p13085,16,23
26237,p13086,14,40
26238,p13087,64,62
26239,p13088,61,1
26242,p13089,11,37
26244,p13090,94,1
26245,p13091,1,52
26247,p13092,98,1
26248,p13093,1,98
26251,p13094,65,1
26253,p13095,17,91
26254,p13096,1,25
26256,p13097,79,66
26258,p13098,20,10
26261,p13099,33,1
26264,p13100,74,69
26267,p13101,1,80
26269,p13102,17,1
26271,p13103,8,36
26273,p13104,56,97
26276,p13105,99,11
26278,p13106,14,1
26280,p13107,91,16
26283,p13108,1,59
26284,p13109,1,25
26287,p13110,92,46
26288,p13111,1,87
26291,p13112,82,39
26293,p13113,1,15
26295,p13114,53,1
26298,p13115,1,40
26300,p13116,1,12
26301,p13117,1,73
26303,p13118,75,1
26305,p13119,64,75
26307,p13120,89,2
26309,p13121,1,65
26311,p13122,32,1
26313,p13123,17,63
26316,p13124,79,18
26318,p13125,60,86
26321,p13126,60,50
26324,p13127,3,68
26325,p13128,84,1
26328,p13129,17,1
26329,p13130,7,1
26331,p13131,9,1
26334,p13132,8,64
26337,p13133,45,37
26339,p13134,26,1
26341,p13135,53,21
26343,p13136,91,1
26346,p13137,13,1
26347,p13138,1,36
26350,p13139,1,66
26353,p13140,38,98
26356,p13141,59,1
26359,p13142,87,1
26362,p13143,82,1
26364,p13144,16,43
26366,p13145,10,82
26367,p13146,1,18
26368,p13147,70,49
26369,p13148,10,49
26370,p13149,1,90
26373,p13150,1,8
26374,p13151,21,1
26375,p13152,83,40
26377,p13153,67,25
26379,p13154,1,23
26380,p13155,48,83
26383,p13156,1,47
26385,p13157,75,35
26387,p13158,4,1
26388,p13159,14,1
26390,p13160,16,1
26391,p13161,41,31
26392,p13162,1,3
26395,p13163,93,55
26398,p13164,1,18
26401,p13165,1,60
26403,p13166,19,1
26406,p13167,1,2
26407,p13168,37,36
26409,p13169,1,7
26412,p13170,1,84
26413,p13171,5,42
26416,p13172,39,1
26419,p13173,1,71
26421,p13174,46,14
26424,p13175,68,87
26426,p13176,15,39
26427,p13177,18,26
26428,p13178,81,63
26429,p13179,66,62
26430,p13180,83,1
26432,p13181,16,39
26434,p13182,32,48
26437,p13183,1,56
26438,p13184,52,20
26440,p13185,34,92
26443,p13186,94,1
26445,p13187,12,3
26448,p13188,73,11
26449,p13189,61,1
26450,p13190,1,50
26453,p13191,68,37
26455,p13192,30,1
26457,p13193,1,8
26459,p13194,1,64
26460,p13195,73,19
26463,p13196,1,6
26464,p13197,5,37
26467,p13198,1,92
26470,p13199,67,14
26472,p13200,1,16
26474,p13201,86,46
26477,p13202,1,53
26478,p13203,14,92
26479,p13204,55,1
26480,p13205,41,43
26483,p13206,24,1
26486,p13207,1,21
26487,p13208,41,82
26489,p13209,1,86
26490,p13210,42,1
26493,p13211,46,1
26494,p13212,45,1
26495,p13213,20,24
26496,p13214,11,1
26499,p13215,28,58
26500,p13216,80,1
26503,p13217,1,70
26506,p13218,87,51
26507,p13219,1,2
26510,p13220,32,1
26512,p13221,47,1
26513,p13222,8,1
26516,p13223,47,77
26519,p13224,17,25
26520,p13225,27,39
26522,p13226,7,1
26524,p13227,1,41
26527,p13228,1,52
26530,p13229,48,67
26533,p13230,50,21
26535,p13231,25,91
26536,p13232,29,1
26539,p13233,1,55
26541,p13234,1,36
26543,p13235,28,1
26544,p13236,1,100
26546,p13237,97,1
26548,p13238,97,1
26551,p13239,8,23
26552,p13240,22,100
26555,p13241,1,79
26558,p13242,97,2
26561,p13243,25,84
26564,p13244,46,1
26566,p13245,1,31
26569,p13246,1,29
26572,p13247,4,71
26574,p13248,1,96
26576,p13249,95,10
26579,p13250,66,15
26582,p13251,1,58
26584,p13252,1,50
26585,p13253,67,1
26586,p13254,1,58
26589,p13255,100,1
26592,p13256,96,28
26595,p13257,1,96
26598,p13258,1,24
26600,p13259,1,45
26602,p13260,2,43
26603,p13261,7,1
26606,p13262,39,33
26608,p13263,93,1
26611,p13264,22,52
26613,p13265,72,1
26616,p13266,64,1
26618,p13267,1,13
26621,p13268,8,1
26624,p13269,99,4
26627,p13270,13,1
26630,p13271,61,82
26633,p13272,98,24
26634,p13273,51,99
26635,p13274,1,46
26637,p13275,1,77
26640,p13276,1,16
26643,p13277,7,37
26646,p13278,1,39
26648,p13279,45,1
26651,p13280,1,48
26652,p13281,42,1
26653,p13282,1,84
26654,p13283,12,1
26656,p13284,33,82
26658,p13285,1,89
26660,p13286,1,47
26661,p13287,20,15
26663,p13288,1,96
26666,p13289,100,1
26667,p13290,32,1
26668,p13291,11,1
26669,p13292,5,36
26672,p13293,77,1
26673,p13294,62,6
26675,p13295,50,1
26678,p13296,48,68
26679,p13297,1,32
26682,p13298,62,7
26683,p13299,11,1
26686,p13300,77,55
26689,p13301,93,1
26691,p13302,84,1
26692,p13303,1,84
26693,p13304,1,71
26695,p13305,1,78
26697,p13306,45,1
26698,p13307,30,85
26699,p13308,20,15
26700,p13309,23,1
26703,p13310,47,30
26706,p13311,1,28
26709,p13312,1,68
26712,p13313,1,26
26713,p13314,22,1
26715,p13315,1,45
26718,p13316,72,1
26721,p13317,1,54
26723,p13318,1,97
26726,p13319,44,1
26728,p13320,14,20
26731,p13321,1,93
26732,p13322,1,36
26734,p13323,54,1
26735,p13324,1,20
26737,p13325,59,19
26739,p13326,1,72
26741,p13327,42,54
26743,p13328,52,1
26746,p13329,47,1
26748,p13330,1,47
26751,p13331,1,4
26754,p13332,1,57
26756,p13333,71,1
26758,p13334,40,1
26759,p13335,1,71
26760,p13336,37,6
26761,p13337,53,1
26763,p13338,97,96
26764,p13339,36,1
26766,p13340,1,4
26768,p13341,31,1
26769,p13342,1,96
26772,p13343,1,84
26774,p13344,71,38
26775,p13345,87,58
26777,p13346,1,66
26780,p13347,82,96
26781,p13348,1,93
26783,p13349,31,1
26784,p13350,54,21
26785,p13351,1,15
26786,p13352,1,19
26789,p13353,83,1
26790,p13354,2,44
26793,p13355,1,51
26796,p13356,15,1
26797,p13357,1,14
26798,p13358,1,2
26800,p13359,73,95
26801,p13360,74,51
26802,p13361,92,49
26805,p13362,1,49
26808,p13363,3,1
26809,p13364,1,89
26811,p13365,9,10
26813,p13366,1,15
26815,p13367,33,94
26816,p13368,81,1
26818,p13369,96,40
26821,p13370,25,1
26822,p13371,5,76
26825,p13372,10,47
26828,p13373,94,67
26830,p13374,1,66
26832,p13375,1,16
26835,p13376,88,1
26838,p13377,20,1
26840,p13378,72,7
26843,p13379,13,73
26844,p13380,10,63
26845,p13381,40,47
26847,p13382,38,79
26850,p13383,1,48
26853,p13384,1,34
26856,p13385,87,1
26858,p13386,89,1
26860,p13387,50,1
26862,p13388,66,11
26864,p13389,1,62
26866,p13390,1,29
26868,p13391,2,1
26869,p13392,1,88
26870,p13393,73,1
26872,p13394,64,10
26875,p13395,25,1
26877,p13396,84,1
26879,p13397,2,88
26880,p13398,97,1
26881,p13399,1,58
26882,p13400,57,1
26885,p13401,54,45
26887,p13402,39,1
26890,p13403,12,52
26893,p13404,1,87
26895,p13405,81,1
26897,p13406,1,75
26898,p13407,51,1
26899,p13408,80,1
26901,p13409,1,86
26904,p13410,17,1
26905,p13411,76,49
26908,p13412,1,6
26911,p13413,45,79
26913,p13414,1,6
26915,p13415,27,1
26916,p13416,1,82
26917,p13417,90,1
26918,p13418,69,97
26920,p13419,89,64
26922,p13420,1,15
26923,p13421,75,1
26925,p13422,1,15
26926,p13423,81,1
26929,p13424,1,61
26930,p13425,62,90
26931,p13426,92,72
26932,p13427,2,1
26933,p13428,48,1
26935,p13429,88,1
26936,p13430,1,89
26939,p13431,1,37
26940,p13432,8,1
26942,p13433,55,1
26944,p13434,22,1
26945,p13435,1,92
26946,p13436,64,15
26947,p13437,1,88
26950,p13438,25,7
26951,p13439,49,1
26952,p13440,1,4
26953,p13441,59,91
26955,p13442,1,58
26958,p13443,36,1
26961,p13444,56,83
26962,p13445,9,1
26963,p13446,99,35
26966,p13447,43,1
26969,p13448,1,39
26970,p13449,24,1
26973,p13450,1,51
26975,p13451,50,1
26978,p13452,45,1
26980,p13453,1,5
26981,p13454,1,22
26984,p13455,99,1
26985,p13456,78,1
26986,p13457,82,33
26989,p13458,21,1
26992,p13459,1,37
26993,p13460,1,2
26996,p13461,1,2
26998,p13462,67,80
26999,p13463,88,1
27000,p13464,56,41
27003,p13465,1,15
27005,p13466,7,81
27007,p13467,32,75
27008,p13468,16,5
27010,p13469,94,85
27011,p13470,42,14
27013,p13471,57,1
27015,p13472,1,61
27017,p13473,1,70
27020,p13474,31,1
27023,p13475,86,56
27024,p13476,37,1
27025,p13477,34,1
27028,p13478,38,1
27031,p13479,48,61
27033,p13480,84,57
27035,p13481,50,1
27036,p13482,45,30
27039,p13483,1,31
27040,p13484,1,89
27043,p13485,41,1
27044,p13486,1,83
27046,p13487,1,98
27048,p13488,80,1
27049,p13489,27,66
27050,p13490,42,1
27052,p13491,82,1
27054,p13492,1,44
27057,p13493,1,77
27058,p13494,89,53
27060,p13495,1,29
27062,p13496,42,22
27064,p13497,40,1
27065,p13498,92,1
27066,p13499,50,62
27068,p13500,97,1
27070,p13501,1,93
27073,p13502,1,81
27074,p13503,26,1
27075,p13504,79,27
27077,p13505,76,1
27079,p13506,94,1
27081,p13507,1,35
27084,p13508,1,47
27085,p13509,94,62
27087,p13510,1,43
27089,p13511,78,25
27091,p13512,1,82
27092,p13513,1,11
27095,p13514,82,7
27096,p13515,31,25
27099,p13516,98,17
27101,p13517,80,1
27104,p13518,83,80
27105,p13519,30,81
27108,p13520,17,1
27109,p13521,67,1
27112,p13522,1,19
27115,p13523,66,1
27118,p13524,97,1
27120,p13525,1,42
27122,p13526,37,7
27123,p13527,67,1
27125,p13528,1,58
27127,p13529,76,1
27128,p13530,53,34
27130,p13531,61,1
27133,p13532,99,81
27136,p13533,69,71
27137,p13534,83,1
27140,p13535,47,1
27142,p13536,16,68
27145,p13537,52,1
27148,p13538,33,99
27151,p13539,27,10
27152,p13540,1,51
27155,p13541,24,1
27156,p13542,40,6
27158,p13543,83,1
27160,p13544,1,65
27161,p13545,14,1
27163,p13546,19,70
27166,p13547,49,1
27167,p13548,93,1
27168,p13549,93,1
27169,p13550,30,1
27172,p13551,1,58
27175,p13552,1,75
27178,p13553,54,1
27180,p13554,73,57
27182,p13555,20,1
27184,p13556,1,19
27185,p13557,100,42
27186,p13558,35,38
27188,p13559,50,8
27189,p13560,90,39
27192,p13561,1,87
27194,p13562,15,1
27196,p13563,1,28
27199,p13564,30,31
27200,p13565,26,84
27203,p13566,1,89
27205,p13567,1,92
27208,p13568,1,72
27210,p13569,1,80
27213,p13570,100,84
27216,p13571,1,47
27218,p13572,1,93
27220,p13573,48,29
27222,p13574,91,74
27224,p13575,56,1
27226,p13576,1,65
27229,p13577,1,53
27231,p13578,20,1
27232,p13579,1,71
27234,p13580,94,42
27237,p13581,28,1
27239,p13582,9,1
27241,p13583,61,1
27242,p13584,22,14
27245,p13585,74,1
27246,p13586,81,54
27249,p13587,23,24
27252,p13588,1,86
27254,p13589,1,65
27255,p13590,45,79
27256,p13591,94,1
27258,p13592,1,64
27261,p13593,99,1
27263,p13594,1,98
27265,p13595,29,48
27268,p13596,1,53
27271,p13597,60,95
27274,p13598,70,88
27276,p13599,2,100
27278,p13600,46,92
27280,p13601,37,1
27281,p13602,4,1
27283,p13603,1,34
27284,p13604,36,95
27285,p13605,1,24
27288,p13606,96,60
27289,p13607,62,71
27290,p13608,1,31
27292,p13609,28,86
27295,p13610,46,1
27298,p13611,93,1
27301,p13612,40,98
27302,p13613,1,76
27303,p13614,1,43
27306,p13615,1,55
27307,p13616,1,35
27308,p13617,83,1
27311,p13618,97,1
27312,p13619,37,1
27314,p13620,39,1
27315,p13621,1,93
27317,p13622,27,81
27318,p13623,69,1
27319,p13624,44,18
27321,p13625,1,3
27324,p13626,34,1
27326,p13627,1,38
27328,p13628,56,38
27330,p13629,78,1
27332,p13630,74,8
27335,p13631,36,22
27336,p13632,57,1
27339,p13633,63,1
27341,p13634,76,40
27342,p13635,1,22
27343,p13636,39,44
27344,p13637,10,55
27346,p13638,94,1
27349,p13639,88,1
27350,p13640,30,98
27351,p13641,1,36
27354,p13642,40,1
27355,p13643,73,1
27358,p13644,74,1
27360,p13645,1,94
27362,p13646,1,11
27363,p13647,1,61
27364,p13648,13,1
27366,p13649,25,1
27368,p13650,1,81
27370,p13651,40,10
27373,p13652,1,18
27376,p13653,1,72
27377,p13654,1,82
27380,p13655,1,42
27383,p13656,1,27
27386,p13657,86,1
27389,p13658,96,1
27391,p13659,1,54
27394,p13660,1,67
27396,p13661,6,1
27399,p13662,19,1
27401,p13663,57,45
27402,p13664,34,53
27403,p13665,30,1
27404,p13666,6,16
27405,p13667,52,57
27407,p13668,48,1
27409,p13669,87,41
27412,p13670,21,1
27413,p13671,38,1
27415,p13672,61,30
27417,p13673,92,1
27418,p13674,88,1
27420,p13675,25,1
27423,p13676,44,36
27425,p13677,16,66
27426,p13678,1,51
27429,p13679,1,67
27430,p13680,12,1
27431,p13681,1,2
27433,p13682,1,50
27434,p13683,1,8
27435,p13684,56,1
27437,p13685,7,1
27440,p13686,28,43
27441,p13687,1,97
27442,p13688,100,3
27444,p13689,1,80
27447,p13690,90,47
27449,p13691,79,1
27452,p13692,10,69
27453,p13693,1,14
27455,p13694,1,7
27457,p13695,1,69
27458,p13696,91,1
27459,p13697,46,58
27461,p13698,54,1
27463,p13699,29,1
27465,p13700,28,34
27466,p13701,84,1
27467,p13702,28,58
27468,p13703,1,48
27470,p13704,44,1
27473,p13705,84,1
27476,p13706,21,71
27477,p13707,22,67
27478,p13708,64,1
27480,p13709,73,46
27481,p13710,7,75
27484,p13711,1,52
27487,p13712,1,27
27489,p13713,96,38
27491,p13714,68,91
27492,p13715,26,1
27495,p13716,21,1
27496,p13717,42,65
27498,p13718,14,1
27500,p13719,47,30
27501,p13720,40,81
27503,p13721,89,9
27505,p13722,81,1
27506,p13723,4,1
27509,p13724,48,1
27510,p13725,29,1
27512,p13726,5,1
27514,p13727,17,1
27516,p13728,70,1
27517,p13729,97,12
27520,p13730,1,93
27522,p13731,1,27
27524,p13732,17,27
27526,p13733,1,60
27528,p13734,44,1
27531,p13735,68,62
27532,p13736,70,1
27533,p13737,64,91
27535,p13738,55,1
27536,p13739,1,25
27537,p13740,44,97
27539,p13741,47,1
27540,p13742,80,59
27542,p13743,64,1
27543,p13744,1,92
27545,p13745,1,17
27546,p13746,11,6
27548,p13747,63,1
27550,p13748,1,13
27553,p13749,7,1
27555,p13750,11,1
27558,p13751,94,54
27561,p13752,94,1
27564,p13753,10,84
27565,p13754,1,63
27566,p13755,56,1
27569,p13756,23,1
27570,p13757,63,1
27573,p13758,1,17
27575,p13759,18,1
27578,p13760,80,1
27580,p13761,1,91
27582,p13762,19,1
27583,p13763,12,78
27586,p13764,17,72
27587,p13765,24,1
27589,p13766,1,78
27591,p13767,1,61
27592,p13768,77,22
27594,p13769,77,24
27596,p13770,18,1
27598,p13771,11,1
27599,p13772,1,65
27602,p13773,86,1
27605,p13774,1,89
27608,p13775,1,14
27610,p13776,1,40
27612,p13777,85,15
27614,p13778,1,55
27615,p13779,54,1
27617,p13780,67,1
27620,p13781,28,1
27621,p13782,35,1
27624,p13783,9,24
27626,p13784,40,86
27629,p13785,1,47
27631,p13786,77,1
27633,p13787,32,15
27635,p13788,1,53
27636,p13789,1,33
27639,p13790,51,1
27642,p13791,58,31
27644,p13792,25,33
27646,p13793,1,33
27647,p13794,97,1
27649,p13795,1,57
27652,p13796,1,83
27654,p13797,1,87
27657,p13798,59,1
27659,p13799,58,1
27660,p13800,6,1
27662,p13801,94,81
27663,p13802,63,1
27665,p13803,30,67
27666,p13804,1,7
27667,p13805,1,12
27669,p13806,1,49
27670,p13807,2,15
27673,p13808,1,81
27674,p13809,53,80
27677,p13810,97,1
27680,p13811,1,4
27683,p13812,66,1
27685,p13813,1,32
27687,p13814,91,1
27688,p13815,97,64
27690,p13816,51,1
27692,p13817,89,1
27695,p13818,24,1
27696,p13819,1,92
27699,p13820,83,1
27700,p13821,55,1
27701,p13822,47,92
27702,p13823,1,17
27703,p13824,1,38
27705,p13825,9,44
27706,p13826,1,46
27709,p13827,21,43
27712,p13828,1,55
27715,p13829,60,34
27718,p13830,1,81
27720,p13831,63,1
27722,p13832,1,61
27725,p13833,43,16
27728,p13834,91,1
27729,p13835,1,98
27730,p13836,84,1
27731,p13837,38,82
27732,p13838,17,1
27735,p13839,38,47
27738,p13840,1,9
27741,p13841,28,1
27744,p13842,1,86
27746,p13843,23,51
27749,p13844,89,1
27751,p13845,1,30
27752,p13846,99,1
27754,p13847,70,1
27755,p13848,66,1
27757,p13849,87,30
27759,p13850,52,1
27761,p13851,1,63
27763,p13852,1,84
27764,p13853,1,53
27767,p13854,1,93
27770,p13855,17,1
27772,p13856,13,62
27774,p13857,5,1
27775,p13858,81,93
27778,p13859,13,82
27779,p13860,1,86
27781,p13861,43,1
27783,p13862,72,80
27785,p13863,65,1
27786,p13864,51,71
27787,p13865,41,1
27788,p13866,23,1
27791,p13867,51,23
27794,p13868,1,41
27795,p13869,51,1
27796,p13870,15,1
27798,p13871,1,56
27801,p13872,1,86
27803,p13873,35,1
27806,p13874,71,3
27807,p13875,1,48
27808,p13876,61,69
27811,p13877,97,69
27813,p13878,41,1
27815,p13879,86,88
27817,p13880,88,1
27819,p13881,21,1
27820,p13882,81,1
27821,p13883,59,1
27824,p13884,76,20
27825,p13885,33,23
27828,p13886,29,89
27831,p13887,1,60
27832,p13888,42,86
27834,p13889,1,100
27837,p13890,71,1
27840,p13891,100,1
27842,p13892,1,66
27845,p13893,53,74
27847,p13894,1,13
27850,p13895,1,57
27851,p13896,1,73
27852,p13897,90,73
27855,p13898,60,6
27856,p13899,6,1
27859,p13900,1,95
27860,p13901,93,1
27862,p13902,27,1
27863,p13903,50,61
27865,p13904,64,1
27867,p13905,1,29
27869,p13906,65,1
27870,p13907,73,1
27873,p13908,1,95
27875,p13909,1,68
27876,p13910,1,32
27878,p13911,1,23
27879,p13912,9,1
27880,p13913,75,57
27882,p13914,1,36
27885,p13915,12,1
27888,p13916,10,1
27890,p13917,56,1
27893,p13918,57,93
27895,p13919,83,1
27896,p13920,1,51
27898,p13921,1,89
27900,p13922,70,1
27901,p13923,58,40
27903,p13924,34,17
27905,p13925,37,67
27907,p13926,1,91
27909,p13927,53,63
27910,p13928,1,68
27913,p13929,1,42
27916,p13930,24,1
27917,p13931,74,1
27919,p13932,85,89
27920,p13933,25,56
27922,p13934,1,78
27923,p13935,1,12
27925,p13936,9,1
27926,p13937,1,34
27928,p13938,93,1
27929,p13939,1,69
27932,p13940,75,1
27935,p13941,1,100
27936,p13942,39,1
27939,p13943,43,1
27942,p13944,90,1
27945,p13945,16,1
27946,p13946,14,1
27948,p13947,78,92
27951,p13948,7,1
27952,p13949,3,77
27955,p13950,75,1
27957,p13951,1,59
27958,p13952,78,48
27961,p13953,1,80
27963,p13954,22,1
27965,p13955,41,1
27967,p13956,11,1
27970,p13957,18,1
27971,p13958,1,15
27974,p13959,100,1
27976,p13960,1,62
27979,p13961,52,90
27980,p13962,19,68
27981,p13963,39,1
27982,p13964,97,1
27983,p13965,1,34
27985,p13966,38,1
27988,p13967,63,1
27989,p13968,97,78
27992,p13969,88,69
27995,p13970,1,53
27997,p13971,77,13
27998,p13972,12,1
27999,p13973,52,54
28001,p13974,70,1
28002,p13975,20,1
28005,p13976,77,1
28006,p13977,1,14
28008,p13978,18,1
28011,p13979,2,96
28014,p13980,1,34
28015,p13981,1,68
28018,p13982,1,37
28020,p13983,38,41
28021,p13984,45,1
28023,p13985,83,1
28025,p13986,1,17
28026,p13987,1,95
28028,p13988,77,80
28029,p13989,51,1
28032,p13990,1,96
28033,p13991,80,1
28034,p13992,1,74
28036,p13993,36,13
28038,p13994,4,1
28039,p13995,13,1
28040,p13996,11,1
28042,p13997,2,1
28043,p13998,52,1
28046,p13999,69,75
28049,p14000,93,1
28052,p14001,1,78
28054,p14002,91,1
28055,p14003,32,77
28056,p14004,23,93
28057,p14005,1,20
28058,p14006,35,92
28061,p14007,59,1
28064,p14008,58,47
28067,p14009,23,1
28068,p14010,18,69
28071,p14011,1,83
28074,p14012,1,56
28076,p14013,2,29
28078,p14014,20,4
28080,p14015,67,53
28083,p14016,1,66
28084,p14017,1,22
28085,p14018,45,1
28087,p14019,1,86
28088,p14020,77,1
28090,p14021,19,16
28093,p14022,4,1
28094,p14023,1,16
28097,p14024,70,71
28100,p14025,24,1
28103,p14026,69,1
28104,p14027,79,1
28106,p14028,57,80
28109,p14029,25,85
28111,p14030,1,36
28112,p14031,79,10
28114,p14032,64,89
28116,p14033,61,8
28118,p14034,100,24
28121,p14035,58,1
28123,p14036,1,61
28126,p14037,1,44
28128,p14038,11,1
28131,p14039,97,98
28132,p14040,1,14
28135,p14041,1,41
28138,p14042,1,38
28140,p14043,31,1
28142,p14044,1,39
28145,p14045,1,47
28147,p14046,22,30
28150,p14047,1,14
28152,p14048,46,1
28155,p14049,70,1
28156,p14050,1,48
28157,p14051,83,1
28159,p14052,2,1
28161,p14053,55,45
28163,p14054,1,76
28166,p14055,24,62
28168,p14056,1,5
28169,p14057,1,78
28170,p14058,34,92
28172,p14059,1,92
28173,p14060,54,1
28175,p14061,1,43
28178,p14062,1,42
28181,p14063,14,1
28184,p14064,1,29
28187,p14065,1,72
28190,p14066,23,10
28193,p14067,72,76
28195,p14068,39,1
28197,p14069,95,2
28200,p14070,86,21
28201,p14071,70,28
28202,p14072,72,1
28204,p14073,99,1
28206,p14074,1,72
28207,p14075,92,76
28210,p14076,72,1
28213,p14077,1,71
28216,p14078,62,1
28217,p14079,1,45
28220,p14080,99,1
28223,p14081,42,1
28226,p14082,32,5
28228,p14083,1,93
28230,p14084,75,1
28231,p14085,8,1
28232,p14086,1,75
28234,p14087,12,1
28235,p14088,28,16
28236,p14089,13,1
28239,p14090,36,32
28240,p14091,65,47
28242,p14092,21,97
28243,p14093,1,88
28244,p14094,25,1
28246,p14095,70,82
28248,p14096,78,53
28251,p14097,9,88
28253,p14098,1,52
28255,p14099,28,68
28256,p14100,86,1
28257,p14101,22,84
28260,p14102,1,29
28262,p14103,22,1
28263,p14104,1,32
28265,p14105,12,1
28268,p14106,7,1
28271,p14107,4,6
28274,p14108,5,1
28277,p14109,22,1
28279,p14110,87,1
28281,p14111,42,1
28284,p14112,81,24
28287,p14113,8,29
28290,p14114,2,8
28293,p14115,66,1
28295,p14116,23,1
28296,p14117,96,7
28298,p14118,1,82
28300,p14119,65,53
28302,p14120,1,16
28303,p14121,1,68
28306,p14122,38,1
28307,p14123,1,60
28310,p14124,3,1
28312,p14125,95,1
28314,p14126,60,1
28316,p14127,1,63
28317,p14128,1,6
28319,p14129,90,1
28320,p14130,17,84
28321,p14131,50,75
28323,p14132,1,100
28326,p14133,1,75
28327,p14134,50,1
28328,p14135,1,41
28331,p14136,25,6
28334,p14137,1,52
28337,p14138,79,1
28338,p14139,1,47
28341,p14140,29,69
28344,p14141,1,45
28347,p14142,84,30
28350,p14143,27,51
28353,p14144,1,71
28355,p14145,71,22
28356,p14146,1,16
28358,p14147,79,1
28359,p14148,97,68
28361,p14149,20,12
28362,p14150,1,50
28363,p14151,94,55
28364,p14152,2,1
28365,p14153,48,26
28367,p14154,91,1
28369,p14155,44,1
28370,p14156,21,67
28371,p14157,1,53
28373,p14158,1,16
28374,p14159,85,20
28376,p14160,1,25
28379,p14161,6,100
28382,p14162,1,35
28383,p14163,78,1
28385,p14164,81,28
28386,p14165,32,1
28387,p14166,40,1
28389,p14167,35,59
28391,p14168,53,1
28394,p14169,52,1
28395,p14170,1,51
28396,p14171,89,1
28398,p14172,80,40
28401,p14173,1,93
28402,p14174,97,45
28403,p14175,1,6
28405,p14176,1,69
28407,p14177,14,98
28409,p14178,100,1
28412,p14179,8,5
28415,p14180,1,44
28418,p14181,79,15
28419,p14182,72,1
28420,p14183,75,16
28423,p14184,25,1
28424,p14185,1,41
28426,p14186,61,1
28429,p14187,88,1
28430,p14188,1,96
28433,p14189,23,62
28436,p14190,53,41
28439,p14191,48,39
28440,p14192,31,1
28443,p14193,1,80
28444,p14194,46,1
28447,p14195,68,66
28450,p14196,1,89
28452,p14197,1,37
28455,p14198,53,18
28457,p14199,1,88
28460,p14200,89,39
28463,p14201,1,37
28464,p14202,1,62
28466,p14203,71,15
28469,p14204,1,54
28470,p14205,1,42
28473,p14206,1,40
28474,p14207,44,38
28476,p14208,69,9
28479,p14209,77,74
28480,p14210,93,1
28481,p14211,40,1
28482,p14212,74,82
28485,p14213,1,34
28486,p14214,10,31
28489,p14215,52,14
28491,p14216,1,83
28493,p14217,1,83
28494,p14218,4,75
28497,p14219,1,52
28499,p14220,95,1
28501,p14221,1,81
28502,p14222,67,1
28505,p14223,14,1
28508,p14224,1,6
28511,p14225,55,78
28513,p14226,44,1
28516,p14227,45,1
28518,p14228,46,1
28520,p14229,72,79
28522,p14230,1,64
28525,p14231,1,23
28526,p14232,66,10
28527,p14233,8,1
28530,p14234,72,1
28533,p14235,41,1
28535,p14236,1,57
28536,p14237,1,83
28539,p14238,45,1
28541,p14239,18,94
28544,p14240,1,72
28547,p14241,57,16
28548,p14242,77,78
28549,p14243,5,1
28551,p14244,65,1
28552,p14245,33,1
28555,p14246,1,7
28557,p14247,12,1
28558,p14248,1,40
28559,p14249,19,3
28561,p14250,86,1
28564,p14251,2,1
28567,p14252,8,23
28569,p14253,1,92
28572,p14254,1,13
28574,p14255,16,99
28575,p14256,65,53
28578,p14257,70,1
28581,p14258,90,86
28583,p14259,10,25
28585,p14260,62,81
28587,p14261,58,2
28588,p14262,1,89
28590,p14263,56,20
28592,p14264,75,1
28595,p14265,44,1
28597,p14266,89,66
28599,p14267,15,61
28601,p14268,74,57
28603,p14269,4,1
28604,p14270,38,1
28606,p14271,56,1
28609,p14272,81,1
28611,p14273,1,30
28614,p14274,27,36
28617,p14275,34,1
28620,p14276,25,79
28622,p14277,6,1
28623,p14278,1,71
28625,p14279,23,1
28627,p14280,1,88
28629,p14281,41,21
28630,p14282,1,85
28632,p14283,97,13
28633,p14284,1,64
28634,p14285,1,81
28635,p14286,14,54
28636,p14287,40,6
28639,p14288,5,1
28641,p14289,25,1
28642,p14290,1,73
28645,p14291,94,83
28647,p14292,52,71
28649,p14293,1,26
28652,p14294,87,1
28653,p14295,4,60
28654,p14296,84,1
28656,p14297,76,52
28657,p14298,1,24
28658,p14299,1,12
28660,p14300,91,59
28662,p14301,6,52
28664,p14302,1,67
28667,p14303,37,83
28670,p14304,1,87
28673,p14305,1,8
28676,p14306,96,93
28677,p14307,84,24
28679,p14308,9,1
28681,p14309,48,11
28683,p14310,17,1
28685,p14311,56,1
28686,p14312,1,44
28688,p14313,28,1
28691,p14314,1,82
28694,p14315,13,34
28695,p14316,50,1
28697,p14317,1,59
28699,p14318,11,70
28702,p14319,45,21
28703,p14320,43,90
28706,p14321,81,14
28707,p14322,1,61
28708,p14323,44,90
28710,p14324,1,24
28712,p14325,40,99
28713,p14326,42,20
28714,p14327,1,92
28716,p14328,1,29
28717,p14329,37,1
28720,p14330,26,84
28722,p14331,31,1
28723,p14332,1,48
28724,p14333,50,1
28726,p14334,78,34
28727,p14335,7,41
28729,p14336,20,94
28731,p14337,1,66
28734,p14338,68,1
28735,p14339,59,85
28737,p14340,24,1
28739,p14341,1,73
28742,p14342,41,1
28745,p14343,79,66
28748,p14344,47,1
28751,p14345,98,1
28753,p14346,44,1
28755,p14347,32,1
28756,p14348,1,95
28758,p14349,1,7
28759,p14350,1,72
28762,p14351,81,97
28763,p14352,1,15
28766,p14353,48,43
28769,p14354,1,57
28772,p14355,67,1
28774,p14356,100,3
28775,p14357,2,87
28776,p14358,1,24
28777,p14359,23,1
28778,p14360,20,100
28780,p14361,71,1
28783,p14362,55,1
28784,p14363,53,79
28786,p14364,1,13
28789,p14365,70,3
28790,p14366,35,1
28791,p14367,1,58
28793,p14368,1,57
28795,p14369,54,1
28796,p14370,8,1
28798,p14371,1,38
28800,p14372,89,84
28801,p14373,4,1
28803,p14374,1,26
28805,p14375,73,4
28807,p14376,31,54
28808,p14377,40,1
28810,p14378,6,99
28813,p14379,50,100
28816,p14380,50,1
28819,p14381,26,45
28820,p14382,51,1
28823,p14383,1,31
28825,p14384,79,1
28826,p14385,75,69
28829,p14386,2,1
28830,p14387,1,74
28832,p14388,1,47
28833,p14389,5,49
28836,p14390,63,1
28838,p14391,1,51
28841,p14392,1,70
28842,p14393,7,96
28843,p14394,1,46
28846,p14395,1,94
28847,p14396,17,100
28848,p14397,1,88
28850,p14398,1,43
28851,p14399,18,1
28854,p14400,97,1
28855,p14401,1,84
28856,p14402,29,1
28858,p14403,1,53
28861,p14404,81,1
28863,p14405,4,44
28864,p14406,71,1
28865,p14407,95,75
28868,p14408,53,1
28871,p14409,1,2
28872,p14410,1,4
28874,p14411,1,26
28875,p14412,1,38
28877,p14413,1,57
28879,p14414,1,36
28882,p14415,12,32
28883,p14416,82,16
28885,p14417,16,1
28887,p14418,38,12
28890,p14419,1,23
28892,p14420,1,10
28893,p14421,40,36
28894,p14422,15,1
28896,p14423,1,20
28897,p14424,82,1
28900,p14425,1,26
28901,p14426,100,1
28902,p14427,26,5
28903,p14428,54,1
28906,p14429,53,32
28909,p14430,86,32
28912,p14431,1,35
28913,p14432,1,14
28915,p14433,1,39
28918,p14434,38,1
28920,p14435,1,85
28921,p14436,36,77
28922,p14437,1,20
28923,p14438,1,2
28924,p14439,1,45
28927,p14440,1,75
28929,p14441,71,57
28930,p14442,1,100
28933,p14443,98,1
28936,p14444,71,12
28939,p14445,80,14
28941,p14446,47,76
28943,p14447,1,3
28945,p14448,78,88
28948,p14449,53,21
28949,p14450,21,1
28951,p14451,87,34
28952,p14452,16,79
28953,p14453,98,1
28955,p14454,28,1
28957,p14455,1,48
28959,p14456,1,4
28962,p14457,27,9
28963,p14458,52,2
28966,p14459,64,66
28967,p14460,47,1
28969,p14461,66,1
28972,p14462,71,9
28974,p14463,63,90
28975,p14464,69,39
28977,p14465,16,73
28978,p14466,47,97
28980,p14467,1,72
28981,p14468,48,35
28984,p14469,1,92
28987,p14470,79,17
28988,p14471,1,6
28990,p14472,63,16
28991,p14473,62,1
28993,p14474,1,39
28994,p14475,1,86
28996,p14476,36,1
28997,p14477,33,59
28998,p14478,25,15
29001,p14479,69,71
29003,p14480,1,81
29006,p14481,92,59
29007,p14482,1,99
29008,p14483,8,1
29010,p14484,32,1
29011,p14485,86,1
29012,p14486,9,12
29014,p14487,79,38
29016,p14488,98,1
29017,p14489,86,22
29018,p14490,55,1
29019,p14491,21,88
29020,p14492,48,1
29022,p14493,43,61
29023,p14494,12,1
29024,p14495,80,65
29027,p14496,9,13
29029,p14497,65,57
29031,p14498,4,1
29032,p14499,61,1
29035,p14500,1,10
29038,p14501,1,31
29041,p14502,2,1
29043,p14503,84,1
29045,p14504,38,89
29046,p14505,93,31
29049,p14506,18,1
29052,p14507,19,1
29054,p14508,1,25
29055,p14509,1,89
29058,p14510,1,55
29061,p14511,32,93
29063,p14512,1,7
29065,p14513,35,60
29067,p14514,51,64
29070,p14515,96,1
29073,p14516,83,1
29075,p14517,1,33
29076,p14518,73,1
29078,p14519,45,80
29080,p14520,48,1
29082,p14521,76,1
29085,p14522,31,1
29088,p14523,37,86
29090,p14524,21,1
29092,p14525,1,21
29094,p14526,1,98
29097,p14527,1,37
29098,p14528,1,23
29100,p14529,73,1
29102,p14530,1,92
29104,p14531,89,77
29107,p14532,85,76
29108,p14533,1,13
29110,p14534,1,47
29111,p14535,87,25
29114,p14536,59,24
29117,p14537,1,69
29118,p14538,52,1
29119,p14539,1,9
29120,p14540,27,1
29123,p14541,1,26
29125,p14542,83,1
29126,p14543,1,5
29129,p14544,14,13
29132,p14545,30,1
29133,p14546,97,81
29136,p14547,11,1
29137,p14548,39,1
29139,p14549,73,1
29141,p14550,9,1
29142,p14551,1,32
29144,p14552,29,89
29145,p14553,1,7
29148,p14554,13,1
29149,p14555,100,1
29150,p14556,45,16
29153,p14557,16,1
29156,p14558,1,24
29158,p14559,1,91
29161,p14560,1,83
29162,p14561,1,13
29164,p14562,9,33
29165,p14563,1,68
29167,p14564,1,45
29168,p14565,74,1
29171,p14566,9,1
29172,p14567,8,1
29173,p14568,44,1
29175,p14569,22,18
29176,p14570,78,1
29177,p14571,42,1
29178,p14572,49,1
29181,p14573,94,1
29183,p14574,84,1
29185,p14575,64,1
29186,p14576,80,1
29187,p14577,1,39
29188,p14578,1,72
29190,p14579,14,1
29191,p14580,37,1
29193,p14581,9,1
29195,p14582,2,1
29198,p14583,68,1
29199,p14584,1,81
29201,p14585,1,40
29202,p14586,31,1
29205,p14587,1,39
29208,p14588,1,16
29211,p14589,1,81
29213,p14590,1,98
29215,p14591,9,91
29218,p14592,14,1
29219,p14593,25,21
29220,p14594,75,42
29223,p14595,51,48
29224,p14596,2,11
29227,p14597,1,76
29230,p14598,1,48
29232,p14599,1,81
29235,p14600,61,52
29237,p14601,65,89
29238,p14602,1,64
29240,p14603,1,54
29242,p14604,1,52
29243,p14605,33,48
29246,p14606,43,1
29249,p14607,1,25
29250,p14608,1,40
29251,p14609,44,1
29252,p14610,24,90
29255,p14611,1,21
29258,p14612,90,99
29261,p14613,1,62
29262,p14614,1,8
29265,p14615,1,69
29268,p14616,92,1
29270,p14617,14,9
29271,p14618,1,6
29272,p14619,57,43
29274,p14620,70,1
29276,p14621,54,28
29279,p14622,65,33
29281,p14623,68,1
29282,p14624,1,25
29284,p14625,56,1
29285,p14626,1,24
29288,p14627,71,33
29290,p14628,81,1
29292,p14629,78,85
29293,p14630,1,47
29295,p14631,68,26
29298,p14632,32,17
29301,p14633,53,1
29302,p14634,32,50
29305,p14635,25,87
29308,p14636,1,7
29310,p14637,35,1
29312,p14638,55,1
29314,p14639,72,11
29315,p14640,14,37
29317,p14641,29,92
29318,p14642,10,1
29319,p14643,38,1
29320,p14644,1,91
29322,p14645,50,86
29325,p14646,100,80
29326,p14647,1,25
29328,p14648,57,1
29330,p14649,1,82
29331,p14650,49,66
29334,p14651,62,45
29337,p14652,1,15
29339,p14653,1,9
29341,p14654,79,1
29343,p14655,30,100
29345,p14656,100,1
29346,p14657,1,30
29349,p14658,54,87
29352,p14659,36,20
29353,p14660,1,61
29354,p14661,68,1
29356,p14662,1,12
29359,p14663,1,45
29361,p14664,1,56
29364,p14665,4,1
29367,p14666,76,36
29368,p14667,1,62
29371,p14668,1,63
29372,p14669,1,5
29374,p14670,42,1
29375,p14671,13,1
29376,p14672,85,7
29379,p14673,7,53
29382,p14674,1,24
29383,p14675,1,86
29384,p14676,94,76
29387,p14677,96,1
29389,p14678,2,1
29392,p14679,51,46
29394,p14680,1,48
29397,p14681,1,36
29399,p14682,1,99
29401,p14683,84,1
29402,p14684,1,42
29405,p14685,1,3
29407,p14686,52,33
29408,p14687,39,1
29410,p14688,44,70
29412,p14689,49,39
29414,p14690,48,22
29417,p14691,1,51
29418,p14692,13,1
29421,p14693,89,1
29424,p14694,92,74
29425,p14695,1,69
29426,p14696,1,72
29429,p14697,89,55
29432,p14698,1,79
29433,p14699,25,1
29434,p14700,73,17
29435,p14701,1,52
29438,p14702,1,20
29440,p14703,93,1
29442,p14704,1,9
29444,p14705,82,1
29445,p14706,79,96
29446,p14707,1,52
29447,p14708,59,81
29450,p14709,26,1
29451,p14710,22,1
29452,p14711,1,54
29453,p14712,1,65
29454,p14713,1,56
29456,p14714,93,79
29459,p14715,99,11
29461,p14716,40,99
29462,p14717,1,2
29463,p14718,1,55
29464,p14719,4,1
29465,p14720,28,71
29467,p14721,1,85
29469,p14722,91,32
29472,p14723,20,12
29473,p14724,57,32
29474,p14725,1,56
29477,p14726,1,37
29479,p14727,19,20
29481,p14728,62,1
29482,p14729,1,52
29483,p14730,1,69
29485,p14731,68,1
29486,p14732,87,1
29487,p14733,28,1
29488,p14734,1,90
29489,p14735,79,1
29491,p14736,1,21
29494,p14737,21,15
29495,p14738,56,53
29496,p14739,78,37
29499,p14740,1,86
29500,p14741,1,16
29501,p14742,28,53
29503,p14743,1,85
29506,p14744,1,43
29508,p14745,86,1
29511,p14746,89,53
29512,p14747,93,1
29515,p14748,87,59
29518,p14749,1,58
29521,p14750,40,1
29522,p14751,1,93
29523,p14752,27,1
29525,p14753,2,1
29528,p14754,35,1
29530,p14755,1,89
29533,p14756,74,64
29536,p14757,1,76
29539,p14758,1,47
29541,p14759,1,19
29543,p14760,67,1
29544,p14761,6,76
29546,p14762,1,12
29549,p14763,7,1
29552,p14764,86,7
29555,p14765,1,65
29556,p14766,100,1
29558,p14767,72,77
29559,p14768,22,1
29561,p14769,79,1
29562,p14770,93,1
29563,p14771,1,14
29566,p14772,74,1
29567,p14773,1,68
29569,p14774,1,61
29570,p14775,59,57
29571,p14776,2,7
29572,p14777,1,6
29573,p14778,91,1
29576,p14779,1,33
29577,p14780,52,1
29580,p14781,61,1
29582,p14782,1,7
29585,p14783,34,1
29586,p14784,65,1
29587,p14785,11,37
29588,p14786,30,1
29590,p14787,1,65
29591,p14788,61,1
29594,p14789,77,1
29596,p14790,1,39
29598,p14791,1,18
29601,p14792,1,98
29602,p14793,70,40
29603,p14794,71,27
29605,p14795,83,1
29608,p14796,70,1
29609,p14797,92,1
29611,p14798,68,85
29612,p14799,32,1
29613,p14800,52,1
29615,p14801,1,5
29618,p14802,1,97
29620,p14803,43,1
29623,p14804,87,88
29624,p14805,43,21
29626,p14806,1,70
29627,p14807,1,69
29628,p14808,1,100
29630,p14809,1,57
29632,p14810,1,32
29635,p14811,1,21
29637,p14812,34,1
29638,p14813,87,1
29641,p14814,86,10
29643,p14815,45,1
29646,p14816,86,1
29648,p14817,53,91
29650,p14818,45,75
29651,p14819,39,93
29653,p14820,1,31
29656,p14821,1,19
29659,p14822,96,1
29660,p14823,1,16
29663,p14824,61,1
29666,p14825,47,1
29667,p14826,65,17
29669,p14827,29,1
29672,p14828,11,19
29674,p14829,42,1
29675,p14830,1,99
29676,p14831,1,98
29678,p14832,1,95
29679,p14833,83,1
29681,p14834,1,91
29684,p14835,1,100
29685,p14836,1,29
29687,p14837,1,30
29690,p14838,1,58
29691,p14839,50,51
29693,p14840,92,95
29694,p14841,61,1
29697,p14842,1,57
29700,p14843,96,11
29701,p14844,80,3
29704,p14845,1,72
29706,p14846,36,1
29708,p14847,1,93
29711,p14848,1,72
29712,p14849,1,4
29715,p14850,68,1
29718,p14851,88,4
29719,p14852,69,1
29721,p14853,44,67
29722,p14854,99,52
29724,p14855,1,46
29725,p14856,31,41
29728,p14857,5,89
29730,p14858,24,80
29732,p14859,19,49
29733,p14860,1,18
29734,p14861,9,42
29737,p14862,100,13
29739,p14863,18,1
29742,p14864,9,1
29744,p14865,1,16
29746,p14866,1,31
29749,p14867,1,56
29751,p14868,49,48
29752,p14869,58,1
29753,p14870,35,37
29754,p14871,32,1
29756,p14872,36,33
29758,p14873,63,67
29761,p14874,1,68
29762,p14875,1,43
29765,p14876,98,1
29766,p14877,28,77
29768,p14878,1,46
29771,p14879,58,1
29773,p14880,51,75
29774,p14881,15,31
29777,p14882,56,1
29779,p14883,1,38
29780,p14884,1,22
29782,p14885,1,9
29784,p14886,93,1
29786,p14887,10,55
29788,p14888,78,5
29791,p14889,25,1
29794,p14890,1,58
29796,p14891,1,50
29797,p14892,16,57
29799,p14893,57,73
29801,p14894,1,39
29803,p14895,73,65
29806,p14896,73,27
29808,p14897,27,94
29810,p14898,47,45
29813,p14899,4,97
29815,p14900,43,29
29816,p14901,33,10
29817,p14902,18,1
29818,p14903,1,60
29821,p14904,29,1
29824,p14905,1,3
29826,p14906,22,1
29827,p14907,1,48
29828,p14908,60,1
29830,p14909,1,23
29831,p14910,14,1
29832,p14911,66,72
29835,p14912,1,62
29838,p14913,40,1
29839,p14914,14,93
29842,p14915,76,16
29843,p14916,11,1
29846,p14917,52,67
29847,p14918,28,1
29848,p14919,1,56
29849,p14920,94,1
29851,p14921,49,1
29853,p14922,11,58
29854,p14923,67,38
29856,p14924,72,23
29857,p14925,2,28
29860,p14926,78,1
29861,p14927,22,1
29863,p14928,45,92
29866,p14929,46,1
29869,p14930,48,26
29870,p14931,1,16
29872,p14932,33,53
29874,p14933,22,1
29877,p14934,48,1
29878,p14935,6,1
29879,p14936,1,30
29880,p14937,1,36
29882,p14938,55,1
29885,p14939,97,1
29887,p14940,26,1
29890,p14941,21,81
29891,p14942,98,1
29893,p14943,19,1
29894,p14944,4,1
29896,p14945,39,1
29899,p14946,4,14
29902,p14947,1,14
29903,p14948,10,1
29905,p14949,98,26
29907,p14950,63,70
29909,p14951,30,1
29910,p14952,59,90
29912,p14953,71,1
29913,p14954,60,6
29915,p14955,1,77
29916,p14956,1,29
29919,p14957,57,1
29921,p14958,84,1
29922,p14959,55,1
29924,p14960,89,17
29926,p14961,100,87
29929,p14962,51,80
29930,p14963,34,1
29931,p14964,1,29
29933,p14965,59,96
29935,p14966,1,31
29936,p14967,10,59
29938,p14968,1,5
29940,p14969,53,1
29942,p14970,12,1
29944,p14971,50,68
29947,p14972,18,1
29950,p14973,55,83
29952,p14974,58,1
29953,p14975,1,71
29955,p14976,22,1
29957,p14977,1,57
29958,p14978,97,1
29961,p14979,1,58
29963,p14980,75,82
29965,p14981,32,1
29966,p14982,47,67
29968,p14983,1,4
29969,p14984,9,21
29971,p14985,27,1
29973,p14986,1,78
29975,p14987,1,47
29978,p14988,1,33
29979,p14989,1,33
29980,p14990,53,1
29983,p14991,35,37
29984,p14992,1,25
29986,p14993,1,12
29987,p14994,4,81
29988,p14995,10,23
29991,p14996,1,59
29992,p14997,54,25
29995,p14998,1,67
29998,p14999,1,80
29999,p15000,44,18
30000,p15001,34,1
30003,p15002,39,1
30006,p15003,96,1
30009,p15004,1,41
30010,p15005,90,30
30012,p15006,79,1
30015,p15007,56,94
30016,p15008,46,1
30017,p15009,57,1
30020,p15010,80,83
30022,p15011,80,49
30023,p15012,1,96
30025,p15013,1,64
30027,p15014,1,56
30030,p15015,34,14
30031,p15016,37,1
30032,p15017,6,20
30033,p15018,5,54
30034,p15019,1,2
30037,p15020,86,81
30038,p15021,66,75
30039,p15022,1,9
30042,p15023,83,76
30043,p15024,89,1
30044,p15025,24,6
30046,p15026,89,29
30048,p15027,21,1
30050,p15028,25,1
30052,p15029,67,1
30053,p15030,51,95
30056,p15031,92,1
30057,p15032,21,1
30059,p15033,4,62
30060,p15034,1,43
30062,p15035,17,1
30064,p15036,23,1
30065,p15037,74,1
30067,p15038,1,94
30069,p15039,28,1
30071,p15040,1,65
30074,p15041,42,26
30076,p15042,83,1
30077,p15043,7,1
30080,p15044,23,33
30083,p15045,20,79
30084,p15046,1,76
30087,p15047,34,99
30089,p15048,55,1
30092,p15049,84,58
30095,p15050,44,47
30096,p15051,1,84
30098,p15052,1,24
30099,p15053,56,95
30102,p15054,1,91
30104,p15055,89,1
30106,p15056,1,97
30109,p15057,9,1
30110,p15058,43,97
30111,p15059,16,61
30113,p15060,90,32
30116,p15061,43,1
30117,p15062,43,67
30118,p15063,74,1
30121,p15064,55,1
30124,p15065,1,71
30126,p15066,74,79
30129,p15067,23,1
30130,p15068,80,1
30131,p15069,93,1
30133,p15070,80,96
30134,p15071,1,19
30135,p15072,89,1
30138,p15073,1,5
30139,p15074,78,18
30140,p15075,69,1
30141,p15076,59,1
30143,p15077,47,1
30145,p15078,53,1
30146,p15079,38,30
30149,p15080,35,1
30150,p15081,1,47
30151,p15082,1,50
30152,p15083,38,88
30155,p15084,1,70
30157,p15085,79,12
30160,p15086,36,83
30161,p15087,1,9
30163,p15088,38,1
30165,p15089,69,1
30167,p15090,28,1
30170,p15091,91,1
30171,p15092,1,12
30172,p15093,1,87
30175,p15094,77,1
30178,p15095,1,40
30180,p15096,6,1
30181,p15097,4,1
30182,p15098,54,63
30183,p15099,67,1
30184,p15100,79,1
30186,p15101,28,74
30189,p15102,54,1
30190,p15103,20,1
30192,p15104,1,88
30195,p15105,49,21
30197,p15106,55,1
30200,p15107,33,1
30201,p15108,1,55
30203,p15109,1,19
30206,p15110,1,75
30207,p15111,76,6
30208,p15112,37,13
30210,p15113,46,1
30212,p15114,1,33
30214,p15115,44,1
30216,p15116,1,66
30218,p15117,83,67
30219,p15118,1,3
30221,p15119,1,43
30223,p15120,65,1
30224,p15121,81,1
30227,p15122,26,1
30228,p15123,3,1
30231,p15124,1,4
30234,p15125,93,30
30236,p15126,47,96
30238,p15127,1,13
30240,p15128,50,74
30242,p15129,100,1
30245,p15130,1,14
30247,p15131,1,12
30250,p15132,68,84
30251,p15133,49,1
30252,p15134,39,1
30253,p15135,1,57
30255,p15136,74,17
30257,p15137,32,46
30258,p15138,98,1
30259,p15139,1,96
30260,p15140,1,45
30261,p15141,1,71
30264,p15142,28,1
30266,p15143,1,11
30268,p15144,68,1
30271,p15145,3,1
30274,p15146,1,13
30276,p15147,26,3
30279,p15148,57,54
30282,p15149,1,69
30284,p15150,19,48
30285,p15151,66,1
30288,p15152,51,1
30291,p15153,29,1
30292,p15154,33,1
30295,p15155,1,49
30296,p15156,1,2
30298,p15157,88,58
30301,p15158,1,45
30304,p15159,91,33
30305,p15160,87,1
30308,p15161,39,44
30310,p15162,93,1
30313,p15163,85,1
30316,p15164,1,52
30319,p15165,1,43
30321,p15166,46,1
30322,p15167,64,1
30324,p15168,57,1
30327,p15169,94,1
30329,p15170,1,30
30331,p15171,1,42
30333,p15172,1,52
30336,p15173,16,33
30339,p15174,1,55
30341,p15175,2,1
30342,p15176,97,28
30343,p15177,1,76
30346,p15178,77,1
30349,p15179,1,15
30352,p15180,1,94
30354,p15181,34,1
30355,p15182,53,1
30358,p15183,1,63
30361,p15184,1,64
30364,p15185,93,1
30367,p15186,3,1
30370,p15187,42,97
30372,p15188,1,34
30374,p15189,28,94
30377,p15190,1,25
30379,p15191,61,1
30382,p15192,1,83
30384,p15193,81,1
30386,p15194,51,17
30388,p15195,61,1
30391,p15196,1,79
30392,p15197,82,38
30393,p15198,57,1
30395,p15199,53,1
30398,p15200,64,1
30401,p15201,18,77
30403,p15202,1,73
30404,p15203,1,62
30406,p15204,7,77
30407,p15205,72,1
30408,p15206,1,20
30409,p15207,97,1
30412,p15208,74,5
30413,p15209,43,10
30416,p15210,54,1
30419,p15211,45,89
30421,p15212,79,1
30423,p15213,53,84
30426,p15214,23,1
30427,p15215,44,79
30429,p15216,100,1
30432,p15217,12,1
30435,p15218,41,1
30437,p15219,1,43
30440,p15220,48,75
30443,p15221,95,87
30444,p15222,1,25
30446,p15223,6,14
30447,p15224,49,81
30449,p15225,2,75
30452,p15226,1,52
30454,p15227,1,55
30455,p15228,1,96
30458,p15229,61,57
30460,p15230,67,51
30463,p15231,20,1
30466,p15232,1,73
30468,p15233,86,1
30471,p15234,88,1
30473,p15235,22,1
30476,p15236,1,2
30478,p15237,35,6
30480,p15238,1,42
30483,p15239,56,1
30484,p15240,58,32
30485,p15241,1,30
30488,p15242,1,38
30490,p15243,1,64
30493,p15244,70,25
30495,p15245,1,100
30496,p15246,77,86
30499,p15247,85,64
30502,p15248,1,66
30504,p15249,1,15
30505,p15250,1,79
30507,p15251,1,91
30510,p15252,80,57
30511,p15253,61,1
30514,p15254,16,1
30517,p15255,1,16
30518,p15256,20,1
30520,p15257,72,1
30523,p15258,1,89
30526,p15259,1,11
30529,p15260,32,46
30530,p15261,8,14
30532,p15262,1,30
30535,p15263,1,97
30538,p15264,80,1
30539,p15265,1,67
30540,p15266,4,86
30541,p15267,8,1
30542,p15268,1,78
30544,p15269,30,1
30545,p15270,12,1
30546,p15271,1,54
30549,p15272,94,26
30550,p15273,82,1
30553,p15274,2,1
30554,p15275,75,24
30556,p15276,88,92
30557,p15277,1,9
30558,p15278,1,50
30561,p15279,40,1
30562,p15280,90,1
30565,p15281,88,1
30566,p15282,13,1
30569,p15283,82,1
30572,p15284,15,82
30574,p15285,1,12
30575,p15286,1,4
30576,p15287,35,50
30579,p15288,97,35
30580,p15289,85,1
30582,p15290,47,51
30584,p15291,1,16
30587,p15292,19,59
30590,p15293,1,99
30593,p15294,28,12
30596,p15295,39,2
30599,p15296,57,1
30600,p15297,1,14
30603,p15298,88,1
30604,p15299,29,80
30607,p15300,19,28
30608,p15301,1,74
30610,p15302,86,1
30611,p15303,13,1
30613,p15304,1,35
30615,p15305,22,54
30618,p15306,41,36
30620,p15307,22,1
30621,p15308,90,82
30622,p15309,64,96
30624,p15310,1,15
30626,p15311,1,83
30627,p15312,34,1
30629,p15313,92,1
30631,p15314,61,1
30633,p15315,40,1
30636,p15316,1,74
30639,p15317,51,55
30640,p15318,99,1
30642,p15319,6,39
30644,p15320,43,70
30647,p15321,69,1
30648,p15322,86,76
30649,p15323,15,1
30650,p15324,1,97
30652,p15325,88,1
30653,p15326,1,69
30654,p15327,1,72
30657,p15328,45,1
30658,p15329,21,1
30661,p15330,41,1
30662,p15331,61,1
30663,p15332,17,1
30664,p15333,1,91
30667,p15334,1,65
30668,p15335,99,1
30671,p15336,19,85
30673,p15337,1,72
30674,p15338,61,1
30675,p15339,1,99
30678,p15340,1,22
30680,p15341,24,1
30682,p15342,1,96
30685,p15343,6,43
30688,p15344,1,52
30690,p15345,54,1
30691,p15346,1,49
30692,p15347,1,5
30693,p15348,1,20
30694,p15349,1,60
30695,p15350,1,25
30697,p15351,61,1
30699,p15352,1,13
30702,p15353,82,62
30703,p15354,61,1
30706,p15355,1,36
30707,p15356,27,9
30709,p15357,17,1
30711,p15358,14,1
30714,p15359,9,6
30715,p15360,86,27
30717,p15361,37,1
30720,p15362,41,1
30722,p15363,18,1
30723,p15364,79,1
30725,p15365,15,77
30728,p15366,1,90
30730,p15367,1,66
30732,p15368,41,78
30734,p15369,46,1
30737,p15370,4,1
30739,p15371,27,10
30742,p15372,81,96
30745,p15373,1,48
30748,p15374,1,53
30751,p15375,1,79
30754,p15376,12,63
30757,p15377,1,43
30758,p15378,83,10
30759,p15379,38,51
30762,p15380,29,1
30763,p15381,47,1
30764,p15382,44,1
30767,p15383,1,34
30768,p15384,77,1
30770,p15385,1,72
30771,p15386,20,57
30774,p15387,82,1
30777,p15388,88,1
30780,p15389,1,90
30782,p15390,82,64
30783,p15391,59,36
30784,p15392,1,70
30786,p15393,74,73
30788,p15394,67,1
30790,p15395,8,99
30792,p15396,14,1
30793,p15397,1,57
30794,p15398,30,93
30796,p15399,5,1
30798,p15400,20,86
30801,p15401,9,34
30804,p15402,44,47
30805,p15403,58,51
30807,p15404,1,35
30809,p15405,3,8
30810,p15406,1,15
30811,p15407,5,72
30814,p15408,43,22
30816,p15409,47,63
30819,p15410,1,25
30820,p15411,1,43
30822,p15412,1,97
30824,p15413,57,62
30826,p15414,1,15
30827,p15415,85,88
30828,p15416,27,59
30831,p15417,13,35
30833,p15418,1,31
30834,p15419,1,27
30836,p15420,59,77
30838,p15421,21,1
30839,p15422,1,60
30840,p15423,64,79
30841,p15424,67,1
30843,p15425,86,1
30845,p15426,64,34
30847,p15427,1,85
30849,p15428,1,71
30851,p15429,1,7
30853,p15430,25,54
30855,p15431,25,86
30856,p15432,56,2
30858,p15433,64,70
30860,p15434,2,1
30863,p15435,1,29
30865,p15436,5,1
30866,p15437,1,92
30869,p15438,80,94
30872,p15439,13,34
30875,p15440,1,6
30878,p15441,1,97
30879,p15442,14,41
30880,p15443,1,22
30883,p15444,10,1
30885,p15445,57,40
30888,p15446,7,1
30889,p15447,90,26
30890,p15448,10,95
30891,p15449,18,58
30892,p15450,1,18
30894,p15451,18,74
30895,p15452,46,94
30898,p15453,19,38
30899,p15454,39,14
30902,p15455,1,9
30903,p15456,73,83
30905,p15457,1,81
30908,p15458,1,37
30910,p15459,1,76
30913,p15460,82,64
30916,p15461,68,1
30917,p15462,1,42
30918,p15463,50,1
30921,p15464,20,1
30923,p15465,1,81
30926,p15466,95,94
30929,p15467,66,1
30931,p15468,1,15
30933,p15469,1,29
30935,p15470,1,15
30938,p15471,1,6
30940,p15472,1,18
30943,p15473,40,1
30944,p15474,41,1
30946,p15475,81,1
30948,p15476,1,93
30951,p15477,96,1
30952,p15478,26,1
30953,p15479,54,1
30955,p15480,1,12
30957,p15481,99,55
30960,p15482,87,1
30962,p15483,1,9
30963,p15484,40,1
30966,p15485,28,51
30968,p15486,1,4
30971,p15487,18,14
30973,p15488,96,1
30974,p15489,54,55
30976,p15490,31,28
30977,p15491,1,25
30980,p15492,1,47
30983,p15493,87,1
30984,p15494,89,66
30985,p15495,1,14
30988,p15496,100,54
30989,p15497,99,1
30992,p15498,56,1
30994,p15499,3,46
30996,p15500,1,54
30998,p15501,56,1
31000,p15502,47,1
31003,p15503,81,47
31006,p15504,100,16
31009,p15505,1,53
31012,p15506,54,1
31014,p15507,30,1
31015,p15508,74,90
31017,p15509,42,17
31018,p15510,57,1
31020,p15511,1,54
31022,p15512,1,7
31025,p15513,6,1
31026,p15514,1,38
31028,p15515,1,92
31029,p15516,34,15
31032,p15517,1,74
31035,p15518,1,70
31036,p15519,90,1
31037,p15520,60,1
31040,p15521,1,52
31042,p15522,16,1
31043,p15523,4,1
31044,p15524,99,1
31046,p15525,93,11
31047,p15526,1,93
31049,p15527,59,89
31052,p15528,14,1
31053,p15529,1,26
31055,p15530,6,56
31056,p15531,15,1
31057,p15532,1,95
31059,p15533,34,42
31061,p15534,27,1
31062,p15535,66,1
31065,p15536,25,61
31068,p15537,38,1
31069,p15538,30,1
31071,p15539,91,1
31073,p15540,1,50
31074,p15541,1,71
31077,p15542,1,97
31080,p15543,37,43
31082,p15544,1,74
31084,p15545,1,34
31085,p15546,21,27
31086,p15547,92,12
31087,p15548,1,82
31090,p15549,100,77
31091,p15550,1,61
31093,p15551,26,1
31095,p15552,46,3
31096,p15553,1,78
31097,p15554,1,37
31100,p15555,57,22
31101,p15556,1,18
31102,p15557,45,91
31105,p15558,1,19
31107,p15559,81,7
31110,p15560,25,70
31111,p15561,26,1
31112,p15562,53,1
31115,p15563,6,1
31118,p15564,1,9
31120,p15565,1,32
31123,p15566,1,66
31125,p15567,1,98
31128,p15568,38,1
31130,p15569,81,65
31133,p15570,14,38
31135,p15571,1,81
31136,p15572,1,84
31138,p15573,51,76
31140,p15574,1,31
31142,p15575,44,1
31145,p15576,40,79
31148,p15577,32,1
31149,p15578,1,88
31152,p15579,57,1
31155,p15580,70,1
31158,p15581,70,1
31161,p15582,1,77
31163,p15583,25,1
31164,p15584,1,37
31165,p15585,45,1
31167,p15586,58,1
31168,p15587,96,1
31171,p15588,28,18
31174,p15589,1,97
31175,p15590,10,25
31177,p15591,23,19
31178,p15592,12,42
31181,p15593,30,80
31183,p15594,1,69
31185,p15595,1,13
31188,p15596,34,1
31190,p15597,1,15
31192,p15598,1,46
31194,p15599,48,1
31197,p15600,1,88
31199,p15601,1,27
31201,p15602,35,1
31203,p15603,92,1
31205,p15604,42,1
31207,p15605,1,11
31209,p15606,37,1
31210,p15607,31,1
31212,p15608,7,80
31215,p15609,91,1
31216,p15610,94,100
31217,p15611,8,23
31219,p15612,1,5
31221,p15613,1,58
31224,p15614,1,70
31226,p15615,78,1
31229,p15616,52,35
31232,p15617,61,1
31233,p15618,1,14
31234,p15619,90,1
31235,p15620,87,62
31238,p15621,1,86
31241,p15622,1,78
31242,p15623,59,63
31245,p15624,20,1
31247,p15625,1,13
31249,p15626,1,26
31252,p15627,56,1
31255,p15628,42,30
31257,p15629,1,79
31259,p15630,41,51
31260,p15631,92,1
31261,p15632,80,98
31262,p15633,1,11
31264,p15634,33,1
31266,p15635,9,27
31267,p15636,11,1
31268,p15637,1,3
31270,p15638,17,59
31272,p15639,97,48
31275,p15640,1,5
31277,p15641,98,1
31278,p15642,99,24
31281,p15643,30,1
31283,p15644,29,8
31286,p15645,1,72
31289,p15646,1,52
31291,p15647,61,1
31294,p15648,17,2
31296,p15649,1,27
31298,p15650,64,1
31300,p15651,53,20
31301,p15652,42,1
31303,p15653,1,4
31305,p15654,51,94
31306,p15655,1,34
31307,p15656,1,33
31309,p15657,22,1
31312,p15658,1,11
31315,p15659,82,1
31318,p15660,1,89
31320,p15661,1,64
31322,p15662,84,68
31324,p15663,1,36
31326,p15664,85,1
31329,p15665,75,1
31332,p15666,1,3
31333,p15667,1,88
31336,p15668,8,14
31337,p15669,1,82
31340,p15670,1,7
31341,p15671,1,86
31342,p15672,1,10
31343,p15673,51,1
31346,p15674,17,1
31348,p15675,37,1
31349,p15676,24,84
31351,p15677,40,68
31354,p15678,23,69
31355,p15679,1,47
31357,p15680,51,1
31358,p15681,72,1
31359,p15682,81,1
31360,p15683,1,30
31363,p15684,1,54
31365,p15685,23,1
31368,p15686,1,6
31369,p15687,15,96
31371,p15688,14,1
31373,p15689,90,65
31374,p15690,1,73
31376,p15691,1,26
31378,p15692,33,1
31379,p15693,1,50
31380,p15694,1,17
31383,p15695,86,1
31386,p15696,1,51
31387,p15697,11,68
31388,p15698,59,1
31389,p15699,56,1
31391,p15700,51,1
31394,p15701,1,50
31397,p15702,1,42
31400,p15703,1,7
31402,p15704,67,44
31405,p15705,93,1
31408,p15706,1,26
31410,p15707,4,94
31412,p15708,94,1
31414,p15709,1,43
31416,p15710,1,43
31417,p15711,21,6
31418,p15712,42,17
31420,p15713,10,99
31423,p15714,89,1
31425,p15715,74,1
31428,p15716,1,91
31431,p15717,5,2
31432,p15718,11,1
31434,p15719,1,55
31437,p15720,65,87
31438,p15721,1,2
31439,p15722,55,70
31440,p15723,55,59
31442,p15724,5,62
31444,p15725,1,20
31445,p15726,3,1
31447,p15727,77,87
31450,p15728,16,1
31451,p15729,18,6
31454,p15730,1,5
31455,p15731,40,47
31458,p15732,35,66
31459,p15733,1,39
31461,p15734,59,1
31462,p15735,86,1
31463,p15736,1,72
31465,p15737,1,47
31467,p15738,1,70
31468,p15739,1,77
31469,p15740,14,1
31471,p15741,81,1
31473,p15742,1,80
31475,p15743,1,27
31477,p15744,1,2
31479,p15745,41,1
31480,p15746,1,10
31483,p15747,1,25
31485,p15748,1,96
31486,p15749,1,26
31488,p15750,50,35
31490,p15751,76,1
31493,p15752,1,62
31496,p15753,1,91
31497,p15754,1,78
31498,p15755,1,92
31500,p15756,99,12
31502,p15757,95,20
31504,p15758,44,13
31507,p15759,1,44
31508,p15760,66,40
31511,p15761,1,65
31513,p15762,1,13
31515,p15763,47,1
31518,p15764,52,38
31521,p15765,61,100
31523,p15766,57,1
31526,p15767,87,38
31527,p15768,1,76
31529,p15769,10,83
31530,p15770,1,70
31533,p15771,1,44
31534,p15772,54,87
31535,p15773,54,1
31536,p15774,5,1
31538,p15775,1,22
31541,p15776,42,1
31542,p15777,86,52
31543,p15778,1,25
31546,p15779,97,1
31547,p15780,1,27
31550,p15781,58,1
31551,p15782,30,1
31552,p15783,27,1
31555,p15784,26,1
31557,p15785,57,13
31560,p15786,34,77
31561,p15787,58,1
31563,p15788,1,74
31564,p15789,43,59
31566,p15790,1,41
31569,p15791,48,60
31570,p15792,81,20
31572,p15793,31,22
31575,p15794,84,1
31576,p15795,1,51
31579,p15796,1,99
31582,p15797,1,17
31583,p15798,65,80
31586,p15799,1,52
31589,p15800,21,81
31590,p15801,76,1
31592,p15802,1,29
31595,p15803,1,14
31598,p15804,77,22
31600,p15805,85,5
31603,p15806,1,50
31605,p15807,1,69
31608,p15808,43,24
31610,p15809,86,16
31613,p15810,1,82
31614,p15811,1,47
31617,p15812,70,69
31618,p15813,36,92
31619,p15814,95,1
31622,p15815,1,65
31625,p15816,20,9
31628,p15817,1,73
31630,p15818,1,28
31632,p15819,31,1
31635,p15820,100,1
31637,p15821,40,59
31638,p15822,92,50
31641,p15823,65,1
31644,p15824,64,94
31647,p15825,1,17
31650,p15826,88,78
31653,p15827,100,72
31654,p15828,33,69
31657,p15829,1,3
31658,p15830,1,25
31660,p15831,1,100
31661,p15832,75,1
31662,p15833,1,72
31664,p15834,100,14
31666,p15835,1,80
31669,p15836,91,1
31670,p15837,1,99
31672,p15838,1,22
31675,p15839,1,94
31677,p15840,26,41
31678,p15841,1,74
31679,p15842,68,1
31680,p15843,1,34
31683,p15844,28,1
31686,p15845,21,1
31687,p15846,18,1
31689,p15847,1,48
31691,p15848,11,1
31694,p15849,1,86
31695,p15850,21,1
31698,p15851,1,71
31699,p15852,93,21
31702,p15853,31,75
31703,p15854,9,7
31706,p15855,51,37
31708,p15856,1,23
31709,p15857,58,1
31712,p15858,43,1
31713,p15859,1,19
31714,p15860,1,31
31715,p15861,7,18
31718,p15862,1,17
31720,p15863,97,1
31721,p15864,9,24
31723,p15865,1,27
31726,p15866,40,47
31727,p15867,93,26
31728,p15868,26,1
31729,p15869,95,93
31732,p15870,1,20
31733,p15871,34,1
31734,p15872,70,1
31736,p15873,1,57
31738,p15874,1,39
31739,p15875,1,48
31740,p15876,90,72
31743,p15877,28,52
31746,p15878,45,84
31747,p15879,30,100
31750,p15880,1,90
31753,p15881,1,63
31756,p15882,85,1
31759,p15883,90,51
31760,p15884,84,6
31761,p15885,27,1
31762,p15886,9,41
31765,p15887,37,59
31767,p15888,94,1
31769,p15889,35,1
31770,p15890,1,43
31771,p15891,26,1
31774,p15892,86,74
31775,p15893,68,1
31778,p15894,1,91
31780,p15895,62,71
31782,p15896,81,46
31785,p15897,64,82
31786,p15898,64,1
31789,p15899,29,1
31791,p15900,1,64
31794,p15901,11,1
31797,p15902,98,1
31799,p15903,1,29
31800,p15904,14,39
31801,p15905,45,1
31802,p15906,1,42
31803,p15907,38,39
31805,p15908,28,1
31807,p15909,58,76
31810,p15910,100,1
31813,p15911,30,36
31814,p15912,1,96
31816,p15913,74,1
31819,p15914,49,1
31821,p15915,1,58
31822,p15916,1,11
31825,p15917,50,1
31826,p15918,48,1
31827,p15919,70,51
31830,p15920,1,28
31832,p15921,53,1
31833,p15922,1,43
31835,p15923,99,96
31836,p15924,50,1
31839,p15925,22,1
31840,p15926,84,36
31841,p15927,67,58
31843,p15928,80,1
31844,p15929,71,88
31847,p15930,36,1
31848,p15931,1,57
31849,p15932,67,1
31851,p15933,14,1
31853,p15934,7,1
31854,p15935,11,22
31857,p15936,58,1
31860,p15937,68,1
31862,p15938,20,10
31865,p15939,75,1
31868,p15940,1,31
31870,p15941,59,1
31873,p15942,53,33
31875,p15943,1,100
31877,p15944,5,63
31880,p15945,53,11
31881,p15946,1,28
31882,p15947,1,47
31883,p15948,20,1
31886,p15949,65,12
31888,p15950,55,19
31889,p15951,50,56
31891,p15952,1,86
31892,p15953,80,1
31894,p15954,25,1
31896,p15955,13,42
31899,p15956,1,91
31901,p15957,75,1
31902,p15958,18,82
31904,p15959,67,1
31905,p15960,1,95
31908,p15961,53,94
31910,p15962,84,64
31912,p15963,1,83
31914,p15964,96,82
31915,p15965,66,82
31917,p15966,1,54
31919,p15967,5,36
31921,p15968,44,56
31924,p15969,97,1
31927,p15970,1,47
31929,p15971,47,1
31931,p15972,1,44
31934,p15973,1,94
31936,p15974,73,86
31938,p15975,1,95
31939,p15976,36,1
31941,p15977,44,1
31942,p15978,17,1
31943,p15979,12,1
31946,p15980,89,1
31948,p15981,70,8
31950,p15982,78,1
31953,p15983,1,18
31956,p15984,2,1
31959,p15985,1,96
31960,p15986,3,13
31963,p15987,1,52
31964,p15988,1,70
31966,p15989,1,39
31968,p15990,25,60
31970,p15991,3,1
31972,p15992,1,91
31974,p15993,84,1
31977,p15994,37,1
31980,p15995,27,1
31981,p15996,36,1
31983,p15997,93,70
31985,p15998,27,1
31987,p15999,13,1
31990,p16000,83,1
31993,p16001,24,56
31995,p16002,17,30
31998,p16003,1,33
32001,p16004,1,96
32002,p16005,1,71
32004,p16006,1,64
32006,p16007,35,1
32007,p16008,1,26
32008,p16009,1,70
32010,p16010,1,66
32011,p16011,1,58
32014,p16012,1,91
32015,p16013,9,43
32017,p16014,1,5
32018,p16015,1,61
32019,p16016,7,1
32021,p16017,1,77
32023,p16018,48,1
32026,p16019,75,1
32029,p16020,62,1
32031,p16021,55,1
32034,p16022,36,47
32035,p16023,66,67
32036,p16024,1,93
32038,p16025,1,20
32039,p16026,95,10
32040,p16027,60,32
32041,p16028,1,16
32042,p16029,27,8
32045,p16030,8,1
32048,p16031,46,20
32049,p16032,60,1
32052,p16033,90,1
32054,p16034,31,20
32055,p16035,10,1
32057,p16036,16,1
32058,p16037,60,1
32061,p16038,11,1
32063,p16039,92,1
32066,p16040,19,1
32068,p16041,92,81
32071,p16042,14,1
32074,p16043,11,6
32077,p16044,91,66
32080,p16045,22,1
32083,p16046,1,59
32085,p16047,80,49
32087,p16048,38,1
32088,p16049,17,1
32089,p16050,1,44
32091,p16051,11,1
32092,p16052,1,33
32094,p16053,17,35
32096,p16054,89,1
32097,p16055,51,1
32098,p16056,1,37
32101,p16057,93,1
32103,p16058,10,78
32104,p16059,1,22
32106,p16060,82,1
32109,p16061,64,2
32112,p16062,74,1
32115,p16063,83,81
32117,p16064,7,72
32118,p16065,50,15
32120,p16066,65,71
32123,p16067,52,1
32125,p16068,28,88
32126,p16069,42,1
32127,p16070,57,1
32130,p16071,97,51
32132,p16072,81,1
32133,p16073,1,53
32134,p16074,1,98
32135,p16075,92,1
32138,p16076,15,34
32140,p16077,1,81
32143,p16078,26,47
32144,p16079,1,11
32147,p16080,60,45
32150,p16081,29,86
32152,p16082,50,93
32155,p16083,1,28
32157,p16084,19,1
32160,p16085,56,2
32161,p16086,92,6
32163,p16087,5,90
32165,p16088,2,58
32166,p16089,82,51
32167,p16090,36,35
32168,p16091,1,37
32170,p16092,85,74
32171,p16093,37,1
32174,p16094,4,10
32176,p16095,41,30
32177,p16096,1,84
32180,p16097,1,79
32181,p16098,64,1
32182,p16099,13,1
32185,p16100,13,1
32186,p16101,91,77
32187,p16102,83,65
32190,p16103,1,23
32193,p16104,98,26
32195,p16105,45,32
32198,p16106,38,36
32200,p16107,1,77
32203,p16108,1,51
32206,p16109,27,74
32208,p16110,1,28
32210,p16111,88,1
32212,p16112,1,29
32214,p16113,1,29
32216,p16114,19,1
32219,p16115,1,91
32221,p16116,92,48
32224,p16117,1,88
32227,p16118,8,1
32230,p16119,48,1
32232,p16120,20,79
32233,p16121,1,92
32236,p16122,1,98
32239,p16123,13,23
32240,p16124,12,1
32243,p16125,1,43
32245,p16126,3,1
32246,p16127,91,1
32248,p16128,1,91
32250,p16129,19,1
32252,p16130,7,80
32253,p16131,44,34
32254,p16132,9,91
32256,p16133,25,1
32257,p16134,57,1
32260,p16135,64,25
32262,p16136,3,39
32265,p16137,19,15
32268,p16138,1,79
32271,p16139,1,16
32272,p16140,49,45
32274,p16141,61,46
32276,p16142,59,1
32279,p16143,81,52
32282,p16144,1,36
32284,p16145,90,1
32286,p16146,31,7
32288,p16147,1,5
32290,p16148,37,1
32291,p16149,27,1
32294,p16150,48,36
32296,p16151,33,1
32298,p16152,1,33
32300,p16153,5,58
32303,p16154,1,17
32305,p16155,81,1
32307,p16156,94,14
32309,p16157,1,39
32311,p16158,82,24
32313,p16159,1,71
32316,p16160,1,80
32318,p16161,41,29
32320,p16162,74,92
32323,p16163,35,7
32325,p16164,84,21
32326,p16165,66,43
32329,p16166,11,1
32332,p16167,57,1
32335,p16168,66,1
32337,p16169,1,85
32340,p16170,1,53
32341,p16171,81,1
32344,p16172,70,13
32347,p16173,69,9
32348,p16174,23,1
32350,p16175,1,51
32351,p16176,3,70
32352,p16177,9,80
32353,p16178,42,97
32354,p16179,73,63
32357,p16180,1,53
32359,p16181,89,1
32361,p16182,19,28
32363,p16183,37,57
32366,p16184,29,1
32368,p16185,1,44
32370,p16186,43,1
32372,p16187,1,62
32374,p16188,1,16
32375,p16189,50,1
32376,p16190,6,1
32377,p16191,92,1
32380,p16192,47,1
32381,p16193,1,31
32384,p16194,1,36
32387,p16195,1,44
32390,p16196,56,38
32392,p16197,34,83
32395,p16198,49,1
32398,p16199,4,1
32400,p16200,85,19
32402,p16201,77,97
32405,p16202,33,66
32407,p16203,58,1
32409,p16204,40,98
32411,p16205,34,1
32412,p16206,11,1
32413,p16207,97,70
32414,p16208,55,95
32417,p16209,1,53
32418,p16210,1,68
32421,p16211,47,27
32423,p16212,1,49
32426,p16213,12,1
32429,p16214,96,76
32430,p16215,64,1
32432,p16216,1,91
32433,p16217,1,30
32435,p16218,1,39
32436,p16219,1,59
32439,p16220,7,1
32442,p16221,90,85
32443,p16222,68,93
32444,p16223,1,79
32447,p16224,48,1
32448,p16225,38,86
32450,p16226,42,38
32451,p16227,1,34
32454,p16228,54,19
32455,p16229,1,44
32458,p16230,71,22
32460,p16231,57,1
32461,p16232,85,81
32464,p16233,1,36
32466,p16234,1,68
32469,p16235,13,27
32472,p16236,90,1
32475,p16237,1,32
32477,p16238,1,87
32480,p16239,1,75
32481,p16240,1,52
32484,p16241,99,1
32485,p16242,85,1
32487,p16243,97,28
32488,p16244,81,1
32489,p16245,16,75
32492,p16246,1,54
32495,p16247,1,61
32496,p16248,93,53
32497,p16249,53,1
32499,p16250,24,86
32501,p16251,67,1
32503,p16252,49,1
32505,p16253,1,16
32506,p16254,95,39
32507,p16255,1,93
32510,p16256,1,49
32511,p16257,1,84
32512,p16258,1,36
32513,p16259,96,1
32515,p16260,40,56
32516,p16261,95,1
32517,p16262,1,91
32520,p16263,1,52
32521,p16264,85,58
32523,p16265,16,39
32524,p16266,11,1
32527,p16267,62,12
32530,p16268,56,91
32531,p16269,1,63
32533,p16270,1,9
32534,p16271,96,1
32535,p16272,1,93
32537,p16273,1,9
32539,p16274,61,70
32540,p16275,1,35
32542,p16276,45,15
32545,p16277,33,1
32547,p16278,11,1
32550,p16279,1,90
32552,p16280,1,56
32555,p16281,9,1
32558,p16282,55,57
32560,p16283,85,1
32562,p16284,51,1
32564,p16285,42,36
32566,p16286,58,28
32568,p16287,51,1
32571,p16288,21,1
32572,p16289,1,48
32575,p16290,70,32
32577,p16291,41,1
32580,p16292,56,1
32582,p16293,4,86
32585,p16294,63,56
32586,p16295,94,1
32589,p16296,66,1
32592,p16297,48,1
32593,p16298,33,1
32594,p16299,46,88
32597,p16300,1,34
32599,p16301,29,1
32600,p16302,1,28
32602,p16303,1,36
32603,p16304,69,41
32606,p16305,2,1
32607,p16306,8,60
32609,p16307,100,53
32611,p16308,13,1
32612,p16309,64,93
32613,p16310,67,1
32614,p16311,92,1
32617,p16312,45,1
32618,p16313,71,1
32619,p16314,22,1
32622,p16315,46,1
32623,p16316,65,83
32624,p16317,41,1
32627,p16318,25,1
32630,p16319,1,56
32631,p16320,83,35
32632,p16321,78,37
32635,p16322,1,47
32636,p16323,94,1
32638,p16324,93,1
32639,p16325,1,14
32642,p16326,22,8
32645,p16327,1,88
32646,p16328,60,1
32648,p16329,49,1
32650,p16330,34,1
32653,p16331,1,98
32654,p16332,1,81
32657,p16333,1,46
32660,p16334,1,44
32663,p16335,1,84
32664,p16336,97,1
32665,p16337,14,1
32666,p16338,45,1
32668,p16339,1,89
32670,p16340,1,75
32673,p16341,1,10
32675,p16342,1,22
32678,p16343,1,40
32680,p16344,84,1
32682,p16345,88,1
32683,p16346,90,1
32684,p16347,19,1
32686,p16348,7,1
32689,p16349,6,51
32692,p16350,73,51
32695,p16351,52,30
32697,p16352,38,1
32699,p16353,1,25
32702,p16354,94,38
32703,p16355,1,26
32706,p16356,1,35
32709,p16357,1,77
32711,p16358,74,1
32714,p16359,96,46
32717,p16360,33,1
32719,p16361,90,27
32720,p16362,1,89
32721,p16363,26,36
32724,p16364,1,91
32725,p16365,1,98
32727,p16366,1,11
32728,p16367,24,1
32729,p16368,1,60
32732,p16369,11,35
32734,p16370,1,43
32737,p16371,1,68
32739,p16372,63,29
32741,p16373,66,1
32743,p16374,72,9
32746,p16375,1,4
32748,p16376,19,1
32750,p16377,58,1
32751,p16378,1,11
32754,p16379,52,35
32756,p16380,1,47
32758,p16381,82,1
32760,p16382,1,52
32761,p16383,1,76
32763,p16384,1,36
32766,p16385,1,36
32769,p16386,1,28
32770,p16387,93,1
32771,p16388,14,28
32774,p16389,1,44
32775,p16390,1,60
32777,p16391,1,12
32780,p16392,5,71
32782,p16393,1,52
32784,p16394,99,1
32785,p16395,1,78
32786,p16396,100,44
32787,p16397,1,9
32789,p16398,99,1
32791,p16399,1,38
32793,p16400,41,31
32796,p16401,79,1
32797,p16402,42,89
32800,p16403,1,55
32803,p16404,22,95
32804,p16405,73,42
32806,p16406,1,57
32809,p16407,32,41
32811,p16408,1,40
32814,p16409,77,17
32817,p16410,1,82
32820,p16411,9,68
32822,p16412,53,64
32824,p16413,84,1
32827,p16414,1,13
32829,p16415,60,1
32830,p16416,1,68
32831,p16417,96,1
32832,p16418,3,89
32835,p16419,1,3
32837,p16420,1,34
32840,p16421,91,66
32843,p16422,47,66
32844,p16423,31,90
32845,p16424,1,95
32846,p16425,70,1
32848,p16426,75,83
32849,p16427,1,84
32852,p16428,26,1
32854,p16429,1,11
32855,p16430,59,1
32857,p16431,7,58
32859,p16432,13,1
32861,p16433,48,1
32862,p16434,32,64
32863,p16435,61,75
32864,p16436,98,64
32866,p16437,1,15
32867,p16438,68,1
32868,p16439,37,99
32869,p16440,72,70
32870,p16441,1,76
32872,p16442,11,1
32874,p16443,1,23
32875,p16444,1,71
32878,p16445,43,23
32880,p16446,73,89
32883,p16447,26,90
32886,p16448,80,35
32887,p16449,1,34
32888,p16450,13,1
32891,p16451,1,67
32893,p16452,93,1
32895,p16453,1,4
32896,p16454,1,60
32898,p16455,9,85
32900,p16456,80,1
32901,p16457,1,52
32902,p16458,1,6
32903,p16459,85,77
32905,p16460,1,68
32907,p16461,1,47
32909,p16462,30,1
32910,p16463,35,1
32913,p16464,76,21
32916,p16465,1,72
32918,p16466,89,1
32921,p16467,1,33
32923,p16468,1,42
32924,p16469,43,1
32925,p16470,53,92
32927,p16471,40,96
32929,p16472,1,56
32931,p16473,1,16
32933,p16474,23,75
32935,p16475,1,4
32938,p16476,1,62
32939,p16477,46,45
32941,p16478,1,68
32944,p16479,1,85
32947,p16480,21,1
32950,p16481,70,81
32953,p16482,29,1
32954,p16483,41,29
32956,p16484,1,55
32957,p16485,80,97
32960,p16486,1,73
32962,p16487,1,33
32963,p16488,1,64
32966,p16489,1,47
32968,p16490,1,4
32970,p16491,1,65
32972,p16492,1,10
32974,p16493,1,98
32977,p16494,85,96
32979,p16495,1,53
32981,p16496,1,28
32982,p16497,57,50
32984,p16498,46,1
32986,p16499,72,89
32989,p16500,1,72
32990,p16501,39,1
32993,p16502,65,41
32995,p16503,75,100
32997,p16504,1,50
32999,p16505,53,52
33001,p16506,72,1
33003,p16507,1,46
33005,p16508,1,81
33008,p16509,74,1
33009,p16510,37,1
33012,p16511,1,18
33015,p16512,7,1
33016,p16513,20,1
33019,p16514,1,76
33021,p16515,1,78
33023,p16516,1,97
33024,p16517,64,6
33026,p16518,85,51
33029,p16519,43,32
33031,p16520,38,1
33033,p16521,1,4
33035,p16522,1,98
33038,p16523,98,1
33041,p16524,66,1
33043,p16525,47,1
33046,p16526,16,56
33047,p16527,40,31
33049,p16528,1,13
33051,p16529,70,1
33054,p16530,1,33
33056,p16531,1,32
33058,p16532,36,18
33060,p16533,1,42
33062,p16534,1,21
33063,p16535,62,33
33064,p16536,1,30
33067,p16537,61,1
33070,p16538,1,72
33071,p16539,99,42
33074,p16540,19,1
33076,p16541,54,74
33079,p16542,11,1
33082,p16543,1,72
33085,p16544,1,85
33086,p16545,1,60
33087,p16546,1,10
33089,p16547,1,97
33092,p16548,48,91
33093,p16549,8,1
33094,p16550,12,1
33097,p16551,1,5
33099,p16552,90,1
33102,p16553,3,1
33104,p16554,92,30
33105,p16555,97,29
33108,p16556,1,82
33111,p16557,1,71
33114,p16558,1,10
33116,p16559,71,1
33119,p16560,73,1
33121,p16561,15,1
33122,p16562,46,15
33123,p16563,1,52
33125,p16564,1,88
33127,p16565,69,85
33130,p16566,1,35
33131,p16567,63,1
33132,p16568,64,1
33134,p16569,96,1
33135,p16570,1,23
33138,p16571,15,39
33139,p16572,98,1
33140,p16573,84,52
33143,p16574,1,91
33144,p16575,1,46
33147,p16576,1,69
33149,p16577,74,1
33152,p16578,48,1
33154,p16579,1,27
33155,p16580,66,49
33158,p16581,1,61
33159,p16582,2,66
33160,p16583,1,5
33161,p16584,2,1
33163,p16585,48,98
33165,p16586,94,1
33167,p16587,54,73
33169,p16588,40,1
33170,p16589,62,1
33172,p16590,84,59
33175,p16591,1,18
33178,p16592,1,81
33181,p16593,69,1
33182,p16594,100,51
33185,p16595,98,55
33188,p16596,46,18
33191,p16597,22,56
33193,p16598,1,95
33194,p16599,57,70
33197,p16600,36,58
33199,p16601,1,19
33201,p16602,48,5
33204,p16603,60,1
33205,p16604,95,1
33206,p16605,88,55
33209,p16606,1,34
33212,p16607,19,53
33213,p16608,32,92
33214,p16609,29,98
33217,p16610,9,1
33219,p16611,31,1
33220,p16612,56,74
33223,p16613,10,1
33226,p16614,1,52
33227,p16615,52,1
33229,p16616,97,1
33231,p16617,1,90
33233,p16618,1,45
33236,p16619,77,1
33237,p16620,38,91
33239,p16621,61,1
33241,p16622,1,91
33244,p16623,48,99
33246,p16624,36,68
33248,p16625,55,1
33249,p16626,48,38
33250,p16627,1,100
33253,p16628,46,1
33256,p16629,3,6
33259,p16630,1,21
33260,p16631,33,1
33261,p16632,41,1
33262,p16633,60,30
33265,p16634,29,24
33268,p16635,90,1
33271,p16636,10,1
33274,p16637,42,1
33276,p16638,1,18
33279,p16639,1,22
33282,p16640,24,92
33285,p16641,34,94
33287,p16642,35,98
33289,p16643,1,94
33290,p16644,1,65
33291,p16645,1,92
33293,p16646,1,29
33294,p16647,100,1
33295,p16648,49,28
33297,p16649,98,91
33298,p16650,1,44
33300,p16651,1,23
33303,p16652,1,93
33305,p16653,1,41
33306,p16654,1,41
33308,p16655,1,19
33309,p16656,1,51
33311,p16657,56,73
33314,p16658,33,59
33317,p16659,68,26
33320,p16660,11,59
33321,p16661,1,58
33322,p16662,64,81
33323,p16663,52,1
33324,p16664,22,1
33326,p16665,1,5
33327,p16666,37,1
33330,p16667,13,1
33332,p16668,1,50
33333,p16669,19,91
33334,p16670,1,92
33335,p16671,1,71
33336,p16672,21,1
33339,p16673,1,42
33341,p16674,75,96
33342,p16675,15,1
33343,p16676,48,1
33344,p16677,72,1
33346,p16678,17,91
33347,p16679,54,1
33349,p16680,83,1
33352,p16681,1,73
33355,p16682,5,71
33356,p16683,1,2
33358,p16684,93,1
33360,p16685,1,44
33363,p16686,1,70
33364,p16687,1,14
33366,p16688,67,59
33368,p16689,18,1
33371,p16690,45,91
33373,p16691,57,43
33374,p16692,95,1
33377,p16693,4,1
33380,p16694,70,32
33382,p16695,67,62
33385,p16696,97,84
33386,p16697,31,28
33387,p16698,1,99
33389,p16699,18,75
33391,p16700,21,1
33392,p16701,100,56
33393,p16702,1,33
33394,p16703,1,97
33397,p16704,30,1
33398,p16705,27,1
33399,p16706,1,69
33400,p16707,43,1
33402,p16708,27,63
33404,p16709,87,1
33406,p16710,39,48
33409,p16711,6,1
33410,p16712,77,24
33413,p16713,1,61
33416,p16714,1,55
33417,p16715,1,34
33420,p16716,85,1
33421,p16717,92,1
33424,p16718,1,10
33425,p16719,64,75
33426,p16720,93,1
33427,p16721,1,75
33430,p16722,1,47
33432,p16723,30,10
33435,p16724,79,65
33437,p16725,1,30
33440,p16726,84,54
33442,p16727,10,1
33443,p16728,31,1
33444,p16729,86,1
33446,p16730,1,78
33449,p16731,1,66
33452,p16732,89,54
33455,p16733,75,1
33457,p16734,31,39
33460,p16735,88,1
33462,p16736,76,1
33464,p16737,56,88
33466,p16738,1,79
33467,p16739,1,14
33468,p16740,1,33
33470,p16741,58,1
33473,p16742,1,73
33475,p16743,55,62
33478,p16744,36,1
33481,p16745,44,1
33482,p16746,23,89
33484,p16747,91,1
33487,p16748,69,44
33488,p16749,52,1
33490,p16750,1,48
33491,p16751,1,89
33493,p16752,29,54
33495,p16753,1,71
33496,p16754,1,4
33498,p16755,1,17
33500,p16756,1,82
33502,p16757,1,47
33503,p16758,62,1
33505,p16759,1,53
33506,p16760,1,94
33508,p16761,1,31
33510,p16762,97,11
33511,p16763,55,34
33512,p16764,83,1
33513,p16765,1,84
33515,p16766,70,1
33517,p16767,4,51
33518,p16768,59,1
33519,p16769,70,1
33522,p16770,66,1
33523,p16771,1,38
33525,p16772,39,4
33526,p16773,76,67
33529,p16774,1,58
33532,p16775,58,1
33535,p16776,1,9
33536,p16777,33,27
33537,p16778,80,1
33538,p16779,31,1
33540,p16780,82,45
33543,p16781,14,29
33544,p16782,84,1
33545,p16783,28,1
33546,p16784,80,48
33548,p16785,15,1
33549,p16786,18,1
33552,p16787,1,16
33555,p16788,83,1
33557,p16789,95,15
33560,p16790,1,50
33562,p16791,93,1
33564,p16792,40,4
33566,p16793,84,1
33567,p16794,1,44
33570,p16795,38,1
33573,p16796,8,1
33574,p16797,94,35
33577,p16798,1,8
33580,p16799,1,90
33583,p16800,1,54
33585,p16801,62,26
33587,p16802,29,24
33588,p16803,5,1
33589,p16804,54,1
33592,p16805,14,1
33595,p16806,56,76
33598,p16807,79,5
33600,p16808,67,1
33603,p16809,9,1
33604,p16810,22,1
33607,p16811,95,72
33610,p16812,40,67
33613,p16813,1,20
33614,p16814,1,52
33617,p16815,1,9
33620,p16816,45,42
33621,p16817,1,66
33624,p16818,14,76
33626,p16819,90,1
33628,p16820,13,1
33631,p16821,17,1
33634,p16822,1,62
33635,p16823,81,1
33636,p16824,1,42
33639,p16825,99,41
33640,p16826,2,1
33641,p16827,4,14
33644,p16828,40,1
33646,p16829,84,86
33649,p16830,31,25
33650,p16831,1,52
33651,p16832,85,21
33652,p16833,53,1
33653,p16834,1,92
33656,p16835,45,1
33659,p16836,25,76
33662,p16837,1,69
33664,p16838,49,1
33667,p16839,1,82
33669,p16840,47,1
33670,p16841,1,72
33672,p16842,1,66
33673,p16843,3,27
33676,p16844,1,17
33679,p16845,1,12
33681,p16846,85,49
33682,p16847,1,31
33684,p16848,90,1
33686,p16849,1,87
33689,p16850,55,1
33691,p16851,1,64
33694,p16852,40,1
33696,p16853,1,49
33698,p16854,24,43
33701,p16855,1,26
33702,p16856,59,44
33705,p16857,34,71
33708,p16858,1,33
33710,p16859,73,1
33711,p16860,1,46
33714,p16861,1,79
33716,p16862,41,37
33718,p16863,1,98
33720,p16864,35,1
33723,p16865,54,32
33726,p16866,88,97
33727,p16867,1,38
33730,p16868,16,1
33732,p16869,21,1
33734,p16870,24,1
33735,p16871,47,2
33738,p16872,63,1
33739,p16873,1,14
33740,p16874,48,1
33742,p16875,26,1
33745,p16876,42,7
33747,p16877,36,11
33748,p16878,1,31
33749,p16879,1,57
33750,p16880,11,1
33753,p16881,1,89
33756,p16882,34,63
33757,p16883,13,68
33759,p16884,1,46
33760,p16885,1,57
33761,p16886,1,57
33762,p16887,1,98
33764,p16888,54,1
33767,p16889,1,91
33770,p16890,1,89
33771,p16891,1,84
33773,p16892,48,1
33774,p16893,11,1
33775,p16894,1,56
33776,p16895,15,1
33779,p16896,1,60
33780,p16897,56,1
33781,p16898,1,76
33784,p16899,100,3
33785,p16900,1,55
33787,p16901,8,75
33788,p16902,6,1
33791,p16903,62,1
33792,p16904,1,40
33795,p16905,36,4
33798,p16906,1,58
33799,p16907,1,39
33801,p16908,1,99
33804,p16909,39,1
33805,p16910,1,51
33807,p16911,99,1
33809,p16912,1,85
33810,p16913,89,64
33812,p16914,79,1
33815,p16915,30,24
33816,p16916,63,1
33819,p16917,1,60
33822,p16918,60,1
33825,p16919,1,25
33826,p16920,1,43
33828,p16921,57,80
33829,p16922,31,27
33832,p16923,44,23
33833,p16924,69,1
33835,p16925,49,1
33837,p16926,1,97
33840,p16927,1,42
33842,p16928,1,11
33845,p16929,96,1
33846,p16930,66,1
33849,p16931,1,3
33850,p16932,1,56
33853,p16933,15,1
33856,p16934,55,1
33857,p16935,1,80
33858,p16936,86,1
33859,p16937,28,1
33862,p16938,75,65
33864,p16939,93,1
33867,p16940,82,1
33868,p16941,1,71
33870,p16942,28,73
33871,p16943,1,42
33873,p16944,35,1
33875,p16945,37,48
33878,p16946,1,80
33880,p16947,23,1
33881,p16948,48,82
33882,p16949,1,60
33885,p16950,36,1
33887,p16951,1,38
33888,p16952,1,98
33889,p16953,59,40
33890,p16954,1,97
33892,p16955,63,1
33893,p16956,1,19
33895,p16957,33,1
33898,p16958,71,1
33901,p16959,96,62
33903,p16960,85,1
33904,p16961,1,82
33906,p16962,49,1
33909,p16963,45,24
33912,p16964,1,100
33915,p16965,34,7
33918,p16966,1,74
33920,p16967,1,6
33921,p16968,88,39
33924,p16969,57,63
33926,p16970,25,27
33929,p16971,45,36
33931,p16972,29,60
33934,p16973,1,80
33936,p16974,94,29
33939,p16975,100,8
33942,p16976,99,61
33943,p16977,62,1
33946,p16978,1,67
33947,p16979,1,61
33949,p16980,13,39
33950,p16981,13,83
33953,p16982,61,1
33954,p16983,83,79
33956,p16984,76,1
33958,p16985,27,83
33959,p16986,54,62
33962,p16987,70,87
33963,p16988,81,54
33964,p16989,1,94
33966,p16990,95,1
33967,p16991,33,1
33969,p16992,34,1
33971,p16993,16,31
33974,p16994,1,37
33977,p16995,71,1
33979,p16996,2,1
33982,p16997,35,50
33985,p16998,52,1
33987,p16999,87,14
33988,p17000,1,63
33991,p17001,1,34
33992,p17002,80,1
33993,p17003,44,1
33995,p17004,86,1
33996,p17005,1,94
33998,p17006,42,1
33999,p17007,34,1
34000,p17008,69,52
34001,p17009,1,82
34004,p17010,55,47
34006,p17011,97,1
34007,p17012,49,1
34010,p17013,29,1
34012,p17014,87,1
34015,p17015,1,100
34018,p17016,43,15
34019,p17017,1,89
34022,p17018,82,1
34023,p17019,1,82
34026,p17020,12,1
34029,p17021,96,1
34032,p17022,89,81
34034,p17023,70,1
34036,p17024,61,1
34037,p17025,8,2
34039,p17026,37,1
34041,p17027,1,58
34042,p17028,34,90
34044,p17029,86,1
34047,p17030,13,1
34048,p17031,1,82
34051,p17032,1,56
34053,p17033,1,85
34056,p17034,43,1
34059,p17035,40,1
34061,p17036,95,1
34063,p17037,1,49
34064,p17038,55,1
34066,p17039,51,84
34068,p17040,1,3
34070,p17041,1,9
34071,p17042,96,1
34072,p17043,1,99
34073,p17044,1,76
34076,p17045,1,47
34078,p17046,76,1
34079,p17047,1,63
34082,p17048,80,86
34084,p17049,6,41
34087,p17050,1,73
34088,p17051,47,1
34091,p17052,56,86
34092,p17053,1,5
34094,p17054,1,74
34096,p17055,88,11
34098,p17056,61,1
34100,p17057,23,32
34103,p17058,1,4
34106,p17059,37,94
34109,p17060,60,22
34111,p17061,1,45
34112,p17062,89,18
34114,p17063,1,78
34117,p17064,18,1
34119,p17065,1,52
34122,p17066,3,76
34124,p17067,7,1
34127,p17068,1,69
34128,p17069,73,67
34131,p17070,1,100
34133,p17071,96,70
34136,p17072,6,77
34139,p17073,76,22
34140,p17074,25,1
34143,p17075,7,69
34146,p17076,3,50
34149,p17077,1,39
34152,p17078,47,35
34153,p17079,1,58
34154,p17080,74,53
34155,p17081,5,1
34156,p17082,1,80
34159,p17083,1,37
34160,p17084,70,6
34162,p17085,99,1
34165,p17086,1,7
34168,p17087,19,1
34171,p17088,85,1
34172,p17089,98,1
34173,p17090,1,89
34175,p17091,23,1
34176,p17092,5,1
34179,p17093,76,1
34181,p17094,8,1
34183,p17095,49,1
34186,p17096,1,41
34189,p17097,99,18
34192,p17098,87,24
34195,p17099,83,1
34198,p17100,1,37
34201,p17101,1,16
34202,p17102,45,79
34203,p17103,42,6
34206,p17104,1,71
34207,p17105,30,66
34209,p17106,52,68
34211,p17107,4,1
34213,p17108,89,1
34214,p17109,55,1
34215,p17110,57,47
34216,p17111,1,44
34219,p17112,8,1
34222,p17113,67,82
34225,p17114,1,7
34227,p17115,30,1
34229,p17116,84,1
34230,p17117,39,77
34231,p17118,8,60
34232,p17119,67,1
34234,p17120,92,1
34235,p17121,1,85
34237,p17122,26,89
34238,p17123,30,1
34240,p17124,20,1
34243,p17125,35,13
34244,p17126,1,89
34246,p17127,1,82
34247,p17128,1,74
34249,p17129,1,98
34251,p17130,27,1
34253,p17131,75,30
34255,p17132,1,29
34258,p17133,98,85
34259,p17134,1,76
34261,p17135,1,16
34264,p17136,33,1
34265,p17137,70,1
34267,p17138,32,1
34270,p17139,8,1
34271,p17140,40,24
34272,p17141,1,35
34273,p17142,1,47
34274,p17143,42,26
34275,p17144,84,1
34278,p17145,72,15
34280,p17146,86,1
34282,p17147,32,58
34283,p17148,1,18
34286,p17149,24,89
34287,p17150,92,2
34288,p17151,82,61
34291,p17152,1,4
34292,p17153,18,1
34295,p17154,34,1
34298,p17155,51,97
34300,p17156,1,97
34301,p17157,1,50
34304,p17158,86,52
34305,p17159,26,1
34307,p17160,49,1
34310,p17161,69,99
34313,p17162,1,86
34315,p17163,12,67
34318,p17164,1,84
34321,p17165,47,1
34323,p17166,19,1
34326,p17167,12,64
34328,p17168,23,22
34330,p17169,1,5
34332,p17170,20,48
34335,p17171,39,1
34338,p17172,1,74
34339,p17173,69,58
34341,p17174,16,73
34342,p17175,1,58
34345,p17176,26,90
34348,p17177,4,55
34351,p17178,96,44
34354,p17179,77,61
34356,p17180,35,1
34358,p17181,20,1
34360,p17182,20,1
34363,p17183,82,1
34366,p17184,1,66
34367,p17185,92,1
34368,p17186,80,1
34370,p17187,6,87
34372,p17188,1,100
34374,p17189,9,18
34375,p17190,1,62
34376,p17191,56,84
34378,p17192,60,1
34380,p17193,40,1
34382,p17194,1,43
34385,p17195,1,53
34388,p17196,1,12
34389,p17197,72,1
34391,p17198,65,73
34392,p17199,1,48
34395,p17200,96,1
34397,p17201,1,43
34400,p17202,85,62
34401,p17203,64,37
34404,p17204,90,92
34405,p17205,1,99
34407,p17206,32,50
34410,p17207,1,79
34413,p17208,61,62
34416,p17209,1,75
34419,p17210,87,51
34420,p17211,1,89
34421,p17212,67,1
34424,p17213,98,1
34427,p17214,36,1
34430,p17215,69,1
34432,p17216,43,82
34434,p17217,1,19
34436,p17218,49,1
34439,p17219,26,77
34442,p17220,64,39
34444,p17221,89,10
34446,p17222,71,1
34447,p17223,81,1
34450,p17224,41,1
34453,p17225,84,1
34454,p17226,55,18
34455,p17227,17,1
34457,p17228,95,32
34460,p17229,65,1
34461,p17230,98,1
34463,p17231,18,1
34464,p17232,32,43
34467,p17233,21,1
34470,p17234,85,1
34472,p17235,1,43
34474,p17236,73,1
34475,p17237,31,57
34477,p17238,1,59
34479,p17239,1,32
34482,p17240,1,59
34485,p17241,7,1
34487,p17242,48,97
34490,p17243,1,57
34492,p17244,88,1
34494,p17245,1,12
34496,p17246,16,1
34499,p17247,74,1
34501,p17248,43,10
34504,p17249,92,6
34505,p17250,91,55
34507,p17251,40,14
34509,p17252,74,1
34512,p17253,1,92
34515,p17254,74,1
34518,p17255,64,1
34519,p17256,1,18
34521,p17257,23,1
34524,p17258,1,86
34526,p17259,1,13
34528,p17260,32,77
34530,p17261,1,83
34531,p17262,1,19
34532,p17263,17,1
34533,p17264,61,1
34535,p17265,52,1
34536,p17266,1,7
34537,p17267,85,90
34538,p17268,39,14
34540,p17269,57,1
34542,p17270,1,54
34544,p17271,58,47
34545,p17272,67,1
34548,p17273,1,93
34549,p17274,98,1
34551,p17275,89,1
34554,p17276,42,1
34556,p17277,62,1
34557,p17278,1,31
34560,p17279,45,5
34561,p17280,1,5
34564,p17281,58,79
34567,p17282,75,1
34569,p17283,86,5
34570,p17284,86,1
34572,p17285,1,4
34575,p17286,1,92
34576,p17287,40,37
34578,p17288,1,43
34579,p17289,9,1
34580,p17290,80,28
34581,p17291,57,15
34583,p17292,17,1
34586,p17293,51,84
34589,p17294,36,21
34592,p17295,10,73
34593,p17296,16,62
34595,p17297,66,1
34597,p17298,1,29
34600,p17299,18,1
34601,p17300,14,20
34602,p17301,25,68
34604,p17302,84,30
34607,p17303,75,34
34609,p17304,1,21
34612,p17305,14,1
34614,p17306,3,1
34615,p17307,97,2
34618,p17308,1,66
34620,p17309,1,19
34621,p17310,9,25
34624,p17311,1,88
34627,p17312,72,28
34629,p17313,66,1
34630,p17314,67,36
34633,p17315,49,29
34635,p17316,1,86
34636,p17317,28,1
34639,p17318,44,1
34642,p17319,1,41
34644,p17320,23,49
34646,p17321,1,30
34648,p17322,25,93
34650,p17323,1,62
34653,p17324,86,54
34655,p17325,34,1
34657,p17326,1,63
34660,p17327,1,50
34663,p17328,71,1
34666,p17329,50,1
34667,p17330,93,1
34668,p17331,1,90
34671,p17332,1,60
34672,p17333,95,1
34674,p17334,46,14
34676,p17335,7,1
34679,p17336,1,57
34681,p17337,1,82
34683,p17338,84,1
34684,p17339,1,51
34687,p17340,91,1
34690,p17341,1,51
34692,p17342,1,76
34694,p17343,82,7
34697,p17344,88,1
34699,p17345,24,1
34700,p17346,67,44
34702,p17347,15,1
34704,p17348,19,1
34705,p17349,1,96
34706,p17350,10,1
34707,p17351,1,62
34709,p17352,4,48
34712,p17353,1,33
34715,p17354,1,13
34718,p17355,1,65
34720,p17356,82,1
34723,p17357,91,32
34724,p17358,20,1
34725,p17359,84,1
34727,p17360,12,1
34729,p17361,1,75
34730,p17362,1,80
34733,p17363,38,32
34734,p17364,1,22
34737,p17365,46,1
34738,p17366,36,1
34739,p17367,39,1
34740,p17368,75,93
34743,p17369,50,30
34744,p17370,29,1
34747,p17371,1,72
34749,p17372,12,1
34750,p17373,10,1
34752,p17374,54,98
34753,p17375,22,18
34754,p17376,22,1
34756,p17377,94,52
34758,p17378,31,1
34761,p17379,49,1
34762,p17380,33,1
34763,p17381,1,58
34764,p17382,1,76
34765,p17383,1,51
34768,p17384,64,1
34769,p17385,1,30
34772,p17386,1,61
34775,p17387,68,36
34777,p17388,19,1
34780,p17389,1,57
34781,p17390,55,32
34783,p17391,1,22
34785,p17392,1,75
34787,p17393,87,1
34789,p17394,1,51
34790,p17395,81,1
34792,p17396,1,26
34793,p17397,1,89
34796,p17398,19,1
34798,p17399,83,1
34800,p17400,92,39
34801,p17401,31,90
34802,p17402,1,58
34803,p17403,86,32
34804,p17404,61,1
34807,p17405,49,1
34809,p17406,11,1
34812,p17407,15,30
34814,p17408,1,31
34815,p17409,16,1
34817,p17410,82,20
34819,p17411,26,1
34821,p17412,18,1
34824,p17413,26,7
34826,p17414,93,50
34828,p17415,8,1
34831,p17416,31,12
34832,p17417,20,29
34833,p17418,1,58
34835,p17419,80,55
34837,p17420,81,1
34838,p17421,91,17
34839,p17422,99,39
34841,p17423,50,61
34843,p17424,70,3
34844,p17425,28,1
34846,p17426,77,31
34848,p17427,7,1
34851,p17428,70,1
34853,p17429,74,1
34854,p17430,25,59
34855,p17431,100,73
34856,p17432,76,37
34859,p17433,1,87
34860,p17434,83,54
34863,p17435,11,1
34864,p17436,1,2
34865,p17437,54,1
34868,p17438,1,48
34870,p17439,93,1
34871,p17440,1,53
34873,p17441,1,5
34874,p17442,90,32
34877,p17443,1,54
34879,p17444,1,72
34881,p17445,94,12
34884,p17446,39,1
34885,p17447,1,24
34888,p17448,3,53
34889,p17449,90,92
34892,p17450,98,1
34894,p17451,1,68
34896,p17452,1,34
34899,p17453,44,1
34902,p17454,1,48
34905,p17455,38,2
34908,p17456,1,75
34911,p17457,1,94
34913,p17458,7,1
34914,p17459,1,13
34915,p17460,1,74
34916,p17461,37,9
34917,p17462,98,10
34920,p17463,1,45
34921,p17464,7,1
34924,p17465,48,1
34927,p17466,1,72
34930,p17467,1,16
34931,p17468,34,1
34933,p17469,1,12
34934,p17470,7,91
34936,p17471,34,1
34938,p17472,42,1
34941,p17473,37,52
34944,p17474,26,17
34947,p17475,1,78
34950,p17476,1,7
34951,p17477,24,1
34952,p17478,1,15
34953,p17479,29,19
34956,p17480,1,65
34957,p17481,1,98
34960,p17482,12,1
34963,p17483,61,1
34966,p17484,6,1
34969,p17485,1,62
34972,p17486,22,1
34974,p17487,1,7
34975,p17488,1,14
34976,p17489,18,1
34978,p17490,58,1
34981,p17491,96,58
34983,p17492,57,1
34985,p17493,6,46
34988,p17494,1,80
34990,p17495,1,24
34991,p17496,13,1
34994,p17497,36,1
34996,p17498,27,81
34997,p17499,78,50
35000,p17500,95,81
35003,p17501,67,1
35006,p17502,1,53
35007,p17503,6,1
35009,p17504,21,46
35010,p17505,46,55
35013,p17506,27,40
35016,p17507,23,1
35017,p17508,18,46
35019,p17509,3,82
35022,p17510,96,1
35023,p17511,26,49
35026,p17512,43,1
35027,p17513,63,1
35029,p17514,1,94
35031,p17515,53,1
35034,p17516,1,71
35035,p17517,1,35
35036,p17518,98,50
35037,p17519,30,29
35039,p17520,1,64
35040,p17521,1,79
35041,p17522,6,1
35043,p17523,1,52
35044,p17524,72,1
35047,p17525,46,1
35049,p17526,58,1
35050,p17527,41,1
35052,p17528,36,20
35053,p17529,1,69
35056,p17530,19,1
35057,p17531,40,48
35059,p17532,1,55
35060,p17533,1,98
35063,p17534,30,36
35066,p17535,38,1
35067,p17536,1,15
35069,p17537,69,67
35071,p17538,39,68
35072,p17539,1,13
35073,p17540,1,82
35074,p17541,73,48
35075,p17542,55,1
35076,p17543,34,56
35078,p17544,22,87
35080,p17545,1,31
35083,p17546,70,1
35084,p17547,90,84
35087,p17548,55,1
35089,p17549,1,39
35091,p17550,49,1
35093,p17551,38,1
35094,p17552,50,1
35097,p17553,84,64
35100,p17554,20,56
35102,p17555,10,1
35103,p17556,1,56
35104,p17557,70,75
35105,p17558,56,54
35106,p17559,61,1
35109,p17560,38,1
35111,p17561,65,56
35112,p17562,1,75
35113,p17563,1,78
35114,p17564,1,69
35116,p17565,71,97
35118,p17566,43,6
35120,p17567,63,1
35121,p17568,1,42
35122,p17569,74,90
35123,p17570,85,29
35125,p17571,81,1
35128,p17572,1,9
35130,p17573,31,27
35132,p17574,25,75
35134,p17575,94,1
35136,p17576,45,38
35139,p17577,29,1
35140,p17578,1,3
35143,p17579,23,1
35146,p17580,32,53
35147,p17581,96,28
35150,p17582,68,4
35153,p17583,55,56
35155,p17584,11,1
35156,p17585,1,72
35159,p17586,35,56
35161,p17587,17,89
35163,p17588,79,58
35164,p17589,42,1
35165,p17590,41,1
35166,p17591,84,29
35168,p17592,60,77
35170,p17593,22,48
35172,p17594,76,1
35174,p17595,38,81
35176,p17596,69,1
35177,p17597,33,1
35180,p17598,1,51
35182,p17599,61,1
35183,p17600,21,1
35184,p17601,1,15
35187,p17602,1,32
35188,p17603,1,5
35191,p17604,1,35
35193,p17605,36,16
35194,p17606,1,71
35196,p17607,1,33
35198,p17608,74,65
35199,p17609,37,1
35202,p17610,76,46
35205,p17611,1,33
35208,p17612,75,41
35211,p17613,9,1
35212,p17614,1,46
35215,p17615,1,74
35218,p17616,45,1
35219,p17617,96,1
35222,p17618,58,1
35224,p17619,1,7
35225,p17620,1,79
35226,p17621,1,84
35228,p17622,35,29
35229,p17623,1,94
35230,p17624,59,1
35233,p17625,1,32
35236,p17626,1,30
35238,p17627,9,1
35241,p17628,1,35
35242,p17629,97,1
35243,p17630,1,82
35246,p17631,2,1
35247,p17632,83,1
35248,p17633,1,78
35249,p17634,1,23
35250,p17635,97,1
35253,p17636,87,1
35256,p17637,1,30
35257,p17638,87,27
35258,p17639,84,1
35261,p17640,27,67
35263,p17641,54,70
35264,p17642,90,12
35266,p17643,66,1
35269,p17644,1,88
35272,p17645,76,26
35274,p17646,98,1
35275,p17647,8,36
35276,p17648,35,100
35278,p17649,54,1
35280,p17650,1,6
35281,p17651,1,5
35282,p17652,54,1
35285,p17653,57,85
35286,p17654,66,13
35287,p17655,31,3
35290,p17656,33,96
35291,p17657,61,1
35294,p17658,1,77
35297,p17659,1,18
35299,p17660,56,88
35302,p17661,39,86
35305,p17662,74,1
35306,p17663,1,47
35308,p17664,1,30
35310,p17665,81,72
35313,p17666,41,1
35314,p17667,1,29
35315,p17668,1,13
35318,p17669,1,41
35319,p17670,1,65
35321,p17671,1,19
35322,p17672,1,10
35325,p17673,20,1
35326,p17674,69,50
35329,p17675,1,20
35330,p17676,1,22
35333,p17677,1,43
35336,p17678,3,1
35338,p17679,27,34
35339,p17680,48,1
35340,p17681,54,72
35343,p17682,33,1
35345,p17683,46,1
35348,p17684,1,20
35351,p17685,71,85
35352,p17686,54,1
35354,p17687,2,9
35357,p17688,87,30
35360,p17689,1,67
35363,p17690,85,62
35365,p17691,1,29
35368,p17692,77,1
35369,p17693,25,71
35370,p17694,1,100
35371,p17695,1,99
35374,p17696,1,24
35375,p17697,86,1
35376,p17698,63,8
35378,p17699,1,77
35380,p17700,51,13
35382,p17701,1,44
35385,p17702,1,77
35387,p17703,1,43
35390,p17704,78,94
35391,p17705,1,5
35392,p17706,49,14
35393,p17707,1,27
35394,p17708,1,51
35396,p17709,23,1
35399,p17710,70,1
35401,p17711,6,1
35403,p17712,1,22
35404,p17713,7,1
35406,p17714,98,36
35409,p17715,79,1
35410,p17716,85,1
35413,p17717,1,60
35415,p17718,8,1
35417,p17719,1,70
35419,p17720,5,60
35420,p17721,10,81
35421,p17722,1,75
35424,p17723,11,88
35425,p17724,81,52
35428,p17725,76,1
35429,p17726,84,90
35431,p17727,1,79
35432,p17728,1,91
35434,p17729,1,70
35435,p17730,1,96
35438,p17731,40,55
35439,p17732,1,8
35442,p17733,23,76
35445,p17734,24,1
35446,p17735,1,8
35449,p17736,3,1
35450,p17737,42,93
35453,p17738,1,72
35455,p17739,11,60
35457,p17740,41,3
35459,p17741,1,82
35461,p17742,30,1
35462,p17743,1,66
35463,p17744,1,82
35464,p17745,1,86
35465,p17746,88,5
35467,p17747,1,64
35468,p17748,1,54
35470,p17749,76,84
35471,p17750,72,24
35473,p17751,95,1
35475,p17752,64,1
35476,p17753,1,25
35477,p17754,7,1
35480,p17755,49,16
35482,p17756,1,40
35485,p17757,51,13
35487,p17758,75,1
35489,p17759,1,50
35491,p17760,45,1
35494,p17761,1,18
35495,p17762,35,1
35498,p17763,90,1
35500,p17764,1,24
35501,p17765,26,1
35503,p17766,1,47
35506,p17767,1,88
35509,p17768,1,44
35511,p17769,20,1
35513,p17770,1,26
35514,p17771,1,29
35517,p17772,1,27
35519,p17773,4,1
35520,p17774,1,85
35521,p17775,1,34
35523,p17776,1,80
35526,p17777,41,1
35529,p17778,1,48
35531,p17779,26,86
35532,p17780,73,39
35535,p17781,46,49
35538,p17782,3,1
35541,p17783,91,40
35543,p17784,1,89
35545,p17785,98,18
35548,p17786,1,31
35551,p17787,1,41
35553,p17788,69,48
35555,p17789,93,1
35556,p17790,49,1
35557,p17791,1,58
35560,p17792,72,60
35562,p17793,6,1
35564,p17794,40,55
35565,p17795,1,51
35568,p17796,98,80
35571,p17797,95,81
35572,p17798,78,21
35573,p17799,26,9
35576,p17800,1,66
35577,p17801,59,70
35580,p17802,5,62
35583,p17803,100,1
35586,p17804,7,97
35588,p17805,18,1
35590,p17806,1,100
35591,p17807,35,22
35593,p17808,1,17
35594,p17809,59,63
35597,p17810,99,1
35598,p17811,1,11
35600,p17812,6,92
35603,p17813,13,9
35606,p17814,68,1
35608,p17815,1,82
35610,p17816,1,54
35611,p17817,1,46
35612,p17818,70,1
35615,p17819,1,64
35618,p17820,94,15
35620,p17821,47,38
35623,p17822,10,1
35625,p17823,50,1
35628,p17824,1,83
35631,p17825,1,4
35634,p17826,1,92
35635,p17827,1,63
35637,p17828,1,94
35639,p17829,93,1
35642,p17830,82,1
35644,p17831,72,8
35646,p17832,70,60
35647,p17833,17,94
35648,p17834,1,48
35651,p17835,38,46
35654,p17836,22,1
35656,p17837,2,1
35658,p17838,78,32
35659,p17839,1,77
35662,p17840,29,1
35663,p17841,1,52
35666,p17842,1,37
35667,p17843,35,93
35670,p17844,10,27
35672,p17845,1,85
35674,p17846,46,1
35677,p17847,23,44
35680,p17848,1,20
35681,p17849,91,58
35683,p17850,66,1
35685,p17851,44,71
35686,p17852,45,52
35689,p17853,23,9
35692,p17854,49,1
35693,p17855,67,61
35695,p17856,1,30
35697,p17857,65,1
35699,p17858,70,97
35700,p17859,1,79
35703,p17860,73,1
35705,p17861,13,47
35707,p17862,1,64
35708,p17863,25,12
35710,p17864,78,27
35711,p17865,1,13
35714,p17866,36,48
35716,p17867,29,60
35718,p17868,8,70
35720,p17869,19,1
35723,p17870,78,1
35724,p17871,1,60
35725,p17872,28,6
35726,p17873,59,56
35728,p17874,52,74
35730,p17875,1,77
35733,p17876,1,87
35734,p17877,45,1
35736,p17878,99,78
35739,p17879,1,96
35741,p17880,1,38
35743,p17881,70,1
35746,p17882,11,1
35748,p17883,18,80
35750,p17884,66,1
35753,p17885,64,1
35756,p17886,13,73
35759,p17887,21,1
35761,p17888,18,1
35763,p17889,24,68
35766,p17890,1,31
35769,p17891,4,43
35770,p17892,30,26
35773,p17893,60,82
35774,p17894,74,1
35776,p17895,79,43
35778,p17896,38,1
35779,p17897,47,30
35781,p17898,88,82
35782,p17899,1,100
35785,p17900,1,22
35786,p17901,86,56
35789,p17902,47,43
35792,p17903,82,38
35794,p17904,1,16
35796,p17905,18,1
35799,p17906,69,1
35800,p17907,60,1
35803,p17908,58,1
35806,p17909,1,90
35808,p17910,99,1
35810,p17911,10,34
35811,p17912,26,35
35814,p17913,75,1
35816,p17914,78,34
35819,p17915,75,30
35822,p17916,1,25
35824,p17917,1,34
35827,p17918,27,9
35830,p17919,1,56
35832,p17920,60,1
35834,p17921,1,55
35836,p17922,52,84
35838,p17923,1,67
35841,p17924,1,6
35843,p17925,79,1
35846,p17926,29,1
35848,p17927,93,59
35851,p17928,1,7
35854,p17929,45,1
35856,p17930,85,1
35857,p17931,41,63
35858,p17932,1,31
35861,p17933,1,68
35864,p17934,85,50
35866,p17935,11,1
35867,p17936,45,1
35869,p17937,1,57
35870,p17938,1,27
35872,p17939,1,13
35873,p17940,1,93
35874,p17941,5,90
35877,p17942,89,24
35879,p17943,33,1
35880,p17944,12,20
35882,p17945,1,3
35885,p17946,78,13
35888,p17947,96,98
35891,p17948,51,1
35894,p17949,36,1
35895,p17950,22,71
35896,p17951,36,22
35898,p17952,1,49
35900,p17953,1,17
35901,p17954,69,1
35903,p17955,25,1
35904,p17956,1,28
35905,p17957,4,97
35906,p17958,58,43
35909,p17959,67,53
35911,p17960,5,45
35913,p17961,100,82
35916,p17962,1,65
35917,p17963,43,1
35920,p17964,83,7
35922,p17965,5,1
35924,p17966,20,76
35926,p17967,83,1
35927,p17968,1,76
35929,p17969,1,12
35932,p17970,25,79
35934,p17971,1,45
35935,p17972,33,28
35937,p17973,1,37
35939,p17974,1,24
35941,p17975,1,49
35942,p17976,1,30
35944,p17977,75,1
35947,p17978,3,1
35950,p17979,1,94
35952,p17980,1,18
35953,p17981,1,40
35954,p17982,1,2
35955,p17983,89,40
35957,p17984,1,85
35960,p17985,2,61
35961,p17986,73,1
35964,p17987,55,49
35966,p17988,1,64
35967,p17989,1,51
35970,p17990,1,88
35973,p17991,1,34
35975,p17992,1,20
35978,p17993,43,18
35979,p17994,63,1
35982,p17995,1,3
35983,p17996,8,77
35986,p17997,53,1
35987,p17998,69,8
35988,p17999,16,5
35991,p18000,1,14
35994,p18001,1,34
35996,p18002,1,84
35997,p18003,48,93
35998,p18004,9,84
36001,p18005,22,76
36002,p18006,1,11
36005,p18007,92,1
36007,p18008,54,1
36009,p18009,1,7
36011,p18010,1,58
36012,p18011,1,8
36013,p18012,83,1
36015,p18013,1,27
36018,p18014,43,90
36021,p18015,1,49
36022,p18016,1,27
36025,p18017,39,1
36027,p18018,41,82
36030,p18019,81,69
36033,p18020,36,87
36035,p18021,94,15
36037,p18022,95,25
36038,p18023,25,1
36039,p18024,27,63
36040,p18025,76,1
36043,p18026,37,9
36045,p18027,72,1
36047,p18028,1,50
36048,p18029,1,73
36051,p18030,1,45
36054,p18031,65,33
36057,p18032,36,68
36058,p18033,1,82
36061,p18034,1,87
36064,p18035,1,22
36066,p18036,69,1
36069,p18037,1,2
36070,p18038,63,50
36072,p18039,1,81
36074,p18040,1,50
36075,p18041,46,64
36077,p18042,35,1
36079,p18043,1,30
36080,p18044,53,26
36082,p18045,44,1
36083,p18046,59,1
36086,p18047,27,98
36088,p18048,51,1
36091,p18049,48,29
36093,p18050,1,95
36096,p18051,46,57
36097,p18052,17,1
36099,p18053,73,92
36102,p18054,6,1
36103,p18055,1,85
36104,p18056,39,85
36106,p18057,66,1
36109,p18058,93,1
36110,p18059,60,1
36113,p18060,1,54
36114,p18061,1,55
36116,p18062,1,20
36118,p18063,94,1
36121,p18064,1,90
36124,p18065,1,60
36125,p18066,1,28
36128,p18067,1,88
36131,p18068,1,97
36133,p18069,26,1
36135,p18070,1,23
36138,p18071,70,1
36139,p18072,9,1
36142,p18073,24,71
36145,p18074,24,1
36148,p18075,23,1
36151,p18076,1,47
36154,p18077,58,77
36157,p18078,31,1
36158,p18079,16,30
36161,p18080,41,30
36163,p18081,14,1
36164,p18082,1,77
36167,p18083,95,1
36169,p18084,34,23
36170,p18085,42,78
36173,p18086,71,61
36176,p18087,47,1
36177,p18088,19,1
36178,p18089,17,1
36180,p18090,30,1
36183,p18091,42,1
36184,p18092,1,58
36186,p18093,1,78
36189,p18094,15,1
36192,p18095,50,30
36194,p18096,41,31
36195,p18097,1,61
36196,p18098,1,7
36197,p18099,8,1
36199,p18100,1,73
36201,p18101,14,22
36202,p18102,1,19
36204,p18103,58,1
36207,p18104,43,1
36210,p18105,47,1
36212,p18106,1,16
36215,p18107,1,97
36217,p18108,51,83
36220,p18109,5,16
36223,p18110,31,1
36224,p18111,2,1
36226,p18112,38,1
36228,p18113,1,65
36229,p18114,54,1
36232,p18115,22,1
36233,p18116,85,1
36234,p18117,77,22
36237,p18118,1,80
36239,p18119,39,9
36242,p18120,7,1
36245,p18121,55,1
36247,p18122,1,10
36248,p18123,58,29
36251,p18124,1,21
36253,p18125,74,1
36254,p18126,1,87
36257,p18127,69,1
36259,p18128,1,85
36261,p18129,3,1
36262,p18130,14,62
36263,p18131,1,29
36266,p18132,41,19
36268,p18133,63,1
36271,p18134,65,1
36272,p18135,94,1
36275,p18136,12,40
36278,p18137,99,37
36280,p18138,47,69
36281,p18139,71,99
36283,p18140,1,88
36285,p18141,9,100
36286,p18142,30,1
36288,p18143,21,1
36289,p18144,1,61
36291,p18145,47,100
36292,p18146,1,54
36294,p18147,1,65
36297,p18148,1,7
36298,p18149,33,67
36299,p18150,74,46
36302,p18151,21,91
36303,p18152,51,71
36306,p18153,24,1
36309,p18154,1,78
36310,p18155,1,99
36312,p18156,82,62
36315,p18157,1,22
36316,p18158,67,1
36319,p18159,38,86
36320,p18160,1,18
36321,p18161,43,42
36322,p18162,98,1
36323,p18163,26,42
36324,p18164,1,20
36325,p18165,66,95
36328,p18166,4,59
36331,p18167,4,1
36334,p18168,1,40
36337,p18169,1,8
36340,p18170,34,1
36341,p18171,1,7
36342,p18172,6,53
36343,p18173,75,1
36346,p18174,36,33
36347,p18175,1,76
36348,p18176,56,1
36349,p18177,1,94
36351,p18178,1,11
36353,p18179,24,35
36355,p18180,1,31
36358,p18181,33,8
36361,p18182,1,96
36362,p18183,1,83
36363,p18184,11,14
36366,p18185,42,1
36367,p18186,96,55
36370,p18187,59,1
36371,p18188,58,1
36373,p18189,79,1
36375,p18190,1,97
36378,p18191,73,64
36381,p18192,1,51
36383,p18193,7,1
36384,p18194,44,1
36386,p18195,55,1
36387,p18196,31,27
36389,p18197,58,1
36392,p18198,60,1
36394,p18199,18,1
36397,p18200,50,17
36399,p18201,58,1
36402,p18202,1,65
36404,p18203,61,59
36406,p18204,1,18
36408,p18205,1,4
36411,p18206,12,1
36412,p18207,10,1
36414,p18208,32,1
36415,p18209,53,1
36418,p18210,24,79
36421,p18211,1,43
36423,p18212,1,86
36426,p18213,12,81
36429,p18214,1,96
36431,p18215,1,82
36434,p18216,51,1
36436,p18217,40,1
36437,p18218,97,53
36438,p18219,65,1
36440,p18220,30,95
36441,p18221,1,59
36442,p18222,37,1
36444,p18223,1,15
36447,p18224,37,42
36450,p18225,63,76
36453,p18226,1,35
36455,p18227,43,1
36457,p18228,1,76
36459,p18229,85,90
36460,p18230,39,1
36461,p18231,1,46
36464,p18232,1,63
36466,p18233,37,1
36468,p18234,1,96
36470,p18235,1,90
36471,p18236,84,94
36473,p18237,40,53
36475,p18238,100,1
36476,p18239,85,28
36478,p18240,45,19
36480,p18241,52,10
36481,p18242,56,1
36482,p18243,26,7
36484,p18244,1,2
36485,p18245,1,90
36488,p18246,38,1
36489,p18247,63,71
36490,p18248,51,17
36492,p18249,1,61
36495,p18250,1,55
36498,p18251,96,50
36500,p18252,57,1
36502,p18253,1,89
36504,p18254,1,5
36507,p18255,73,1
36509,p18256,90,46
36512,p18257,1,86
36515,p18258,66,1
36518,p18259,1,71
36519,p18260,1,28
36522,p18261,28,7
36523,p18262,1,23
36526,p18263,97,1
36527,p18264,39,35
36528,p18265,1,99
36531,p18266,93,1
36532,p18267,69,14
36533,p18268,35,61
36535,p18269,1,69
36537,p18270,1,65
36538,p18271,35,1
36541,p18272,4,58
36542,p18273,1,46
36543,p18274,2,1
36545,p18275,100,1
36546,p18276,41,1
36548,p18277,1,32
36550,p18278,1,16
36553,p18279,1,40
36556,p18280,37,58
36559,p18281,1,42
36561,p18282,98,1
36564,p18283,73,63
36567,p18284,59,1
36570,p18285,59,1
36571,p18286,40,87
36573,p18287,1,80
36575,p18288,88,77
36577,p18289,54,31
36578,p18290,76,87
36579,p18291,1,22
36582,p18292,1,87
36583,p18293,19,11
36586,p18294,27,1
36587,p18295,1,48
36589,p18296,28,10
36592,p18297,35,16
36595,p18298,67,75
36596,p18299,1,89
36598,p18300,25,1
36601,p18301,1,86
36602,p18302,14,1
36603,p18303,73,78
36604,p18304,68,1
36606,p18305,1,97
36608,p18306,81,47
36611,p18307,1,69
36614,p18308,54,1
36616,p18309,1,8
36618,p18310,20,23
36619,p18311,1,26
36620,p18312,1,63
36622,p18313,1,48
36625,p18314,13,63
36627,p18315,1,68
36630,p18316,4,1
36632,p18317,1,44
36634,p18318,75,5
36637,p18319,63,1
36639,p18320,1,9
36640,p18321,19,89
36643,p18322,1,95
36646,p18323,8,49
36648,p18324,3,43
36649,p18325,76,73
36651,p18326,26,1
36652,p18327,1,33
36653,p18328,1,23
36655,p18329,1,60
36657,p18330,1,79
36660,p18331,1,58
36663,p18332,20,23
36665,p18333,23,85
36667,p18334,1,11
36669,p18335,10,70
36670,p18336,52,62
36673,p18337,55,1
36676,p18338,31,1
36678,p18339,15,18
36679,p18340,1,62
36681,p18341,1,39
36683,p18342,56,2
36684,p18343,96,80
36685,p18344,96,24
36688,p18345,44,13
36690,p18346,28,44
36693,p18347,1,66
36696,p18348,93,1
36697,p18349,16,84
36699,p18350,34,33
36702,p18351,1,100
36705,p18352,20,40
36708,p18353,96,1
36711,p18354,32,1
36713,p18355,20,43
36715,p18356,1,26
36717,p18357,18,20
36720,p18358,94,1
36721,p18359,1,45
36722,p18360,1,97
36723,p18361,10,22
36726,p18362,1,54
36729,p18363,1,71
36731,p18364,55,76
36732,p18365,22,1
36734,p18366,5,1
36735,p18367,55,1
36738,p18368,97,1
36739,p18369,92,1
36740,p18370,21,73
36742,p18371,82,1
36745,p18372,57,70
36746,p18373,1,43
36747,p18374,1,54
36750,p18375,65,19
36753,p18376,1,20
36754,p18377,75,1
36757,p18378,1,23
36759,p18379,1,66
36760,p18380,1,51
36762,p18381,57,1
36763,p18382,85,1
36766,p18383,59,1
36768,p18384,1,19
36770,p18385,32,11
36772,p18386,58,1
36773,p18387,54,1
36776,p18388,1,22
36778,p18389,35,80
36781,p18390,60,1
36782,p18391,72,1
36784,p18392,77,32
36785,p18393,1,30
36787,p18394,1,25
36789,p18395,1,5
36790,p18396,1,25
36792,p18397,71,1
36795,p18398,1,9
36796,p18399,90,41
36797,p18400,1,52
36800,p18401,99,85
36802,p18402,33,21
36805,p18403,100,95
36808,p18404,1,7
36811,p18405,12,23
36813,p18406,91,1
36815,p18407,46,32
36818,p18408,67,1
36819,p18409,1,26
36822,p18410,25,11
36823,p18411,17,1
36825,p18412,1,93
36826,p18413,34,27
36827,p18414,35,1
36829,p18415,42,1
36830,p18416,94,20
36831,p18417,26,1
36833,p18418,14,1
36834,p18419,73,1
36836,p18420,1,46
36837,p18421,11,29
36839,p18422,1,7
36840,p18423,29,1
36842,p18424,13,1
36844,p18425,1,92
36846,p18426,55,1
36847,p18427,46,74
36848,p18428,1,18
36851,p18429,98,40
36854,p18430,20,1
36857,p18431,1,48
36858,p18432,1,30
36861,p18433,28,1
36864,p18434,1,13
36865,p18435,1,78
36867,p18436,1,43
36869,p18437,7,1
36870,p18438,1,58
36871,p18439,80,62
36873,p18440,19,99
36874,p18441,70,87
36876,p18442,85,39
36879,p18443,10,1
36882,p18444,27,1
36885,p18445,5,1
36888,p18446,1,82
36890,p18447,1,17
36891,p18448,1,44
36894,p18449,46,88
36896,p18450,64,50
36898,p18451,43,97
36899,p18452,3,1
36900,p18453,55,1
36903,p18454,82,1
36906,p18455,1,35
36909,p18456,1,74
36911,p18457,89,10
36913,p18458,65,10
36914,p18459,1,66
36915,p18460,1,40
36918,p18461,79,1
36919,p18462,42,14
36921,p18463,1,97
36923,p18464,31,1
36925,p18465,1,8
36926,p18466,69,1
36928,p18467,18,73
36930,p18468,9,7
36933,p18469,41,100
36934,p18470,44,83
36936,p18471,1,62
36938,p18472,84,1
36940,p18473,84,1
36941,p18474,94,27
36942,p18475,58,93
36945,p18476,1,58
36948,p18477,57,95
36951,p18478,81,1
36953,p18479,25,1
36955,p18480,6,1
36958,p18481,1,65
36959,p18482,19,1
36960,p18483,98,16
36962,p18484,57,7
36963,p18485,1,66
36965,p18486,66,83
36968,p18487,97,1
36970,p18488,7,48
36971,p18489,18,49
36973,p18490,12,15
36975,p18491,9,35
36976,p18492,82,1
36979,p18493,32,67
36982,p18494,25,1
36983,p18495,1,7
36985,p18496,28,1
36987,p18497,90,1
36988,p18498,1,35
36991,p18499,1,10
36992,p18500,1,22
36995,p18501,17,62
36996,p18502,66,1
36999,p18503,38,72
37001,p18504,36,1
37003,p18505,1,51
37004,p18506,1,31
37005,p18507,2,42
37007,p18508,1,87
37010,p18509,66,1
37013,p18510,23,37
37014,p18511,18,82
37015,p18512,41,99
37018,p18513,14,15
37021,p18514,18,42
37024,p18515,66,22
37025,p18516,84,28
37026,p18517,69,1
37028,p18518,1,38
37031,p18519,1,88
37032,p18520,12,74
37034,p18521,44,86
37036,p18522,1,43
37039,p18523,68,1
37040,p18524,83,55
37042,p18525,12,1
37043,p18526,7,1
37044,p18527,1,88
37046,p18528,17,43
37048,p18529,1,46
37049,p18530,57,92
37051,p18531,1,100
37053,p18532,1,31
37055,p18533,53,49
37056,p18534,53,1
37059,p18535,1,19
37060,p18536,1,8
37062,p18537,41,1
37063,p18538,98,1
37065,p18539,71,1
37067,p18540,1,81
37068,p18541,1,86
37071,p18542,20,1
37074,p18543,84,59
37075,p18544,100,89
37078,p18545,1,12
37079,p18546,1,12
37081,p18547,46,1
37084,p18548,60,56
37085,p18549,5,1
37086,p18550,77,79
37088,p18551,45,1
37089,p18552,13,43
37090,p18553,83,9
37092,p18554,92,1
37095,p18555,5,1
37097,p18556,1,26
37098,p18557,58,1
37099,p18558,1,64
37101,p18559,1,14
37102,p18560,1,26
37104,p18561,87,1
37106,p18562,2,1
37108,p18563,21,1
37109,p18564,39,40
37110,p18565,1,34
37112,p18566,75,1
37115,p18567,25,1
37117,p18568,1,21
37118,p18569,1,71
37120,p18570,92,1
37123,p18571,1,29
37124,p18572,1,64
37127,p18573,90,84
37128,p18574,1,52
37131,p18575,10,2
37132,p18576,32,53
37135,p18577,89,28
37138,p18578,24,89
37139,p18579,82,5
37140,p18580,5,18
37141,p18581,67,1
37142,p18582,1,6
37144,p18583,8,47
37145,p18584,43,5
37146,p18585,6,20
37147,p18586,20,1
37148,p18587,56,1
37149,p18588,1,51
37150,p18589,1,95
37152,p18590,91,21
37153,p18591,47,1
37155,p18592,1,60
37157,p18593,1,63
37159,p18594,3,66
37162,p18595,80,1
37163,p18596,48,1
37165,p18597,44,1
37166,p18598,1,72
37168,p18599,60,5
37169,p18600,17,10
37171,p18601,1,68
37173,p18602,1,63
37176,p18603,56,1
37177,p18604,100,67
37180,p18605,8,85
37181,p18606,29,1
37184,p18607,70,25
37187,p18608,37,87
37190,p18609,23,1
37192,p18610,1,61
37194,p18611,1,73
37196,p18612,33,42
37197,p18613,36,1
37198,p18614,1,87
37199,p18615,28,92
37201,p18616,90,1
37202,p18617,1,80
37204,p18618,82,1
37206,p18619,3,1
37207,p18620,1,62
37208,p18621,1,57
37209,p18622,45,79
37212,p18623,56,1
37214,p18624,79,27
37217,p18625,49,1
37220,p18626,1,18
37222,p18627,1,31
37224,p18628,1,83
37225,p18629,1,42
37226,p18630,16,75
37227,p18631,28,46
37230,p18632,68,87
37233,p18633,84,1
37234,p18634,68,19
37237,p18635,48,1
37239,p18636,1,66
37240,p18637,48,1
37243,p18638,71,1
37245,p18639,23,1
37246,p18640,64,18
37247,p18641,82,1
37248,p18642,24,1
37251,p18643,1,50
37253,p18644,35,72
37255,p18645,42,25
37258,p18646,1,40
37259,p18647,1,92
37262,p18648,67,56
37263,p18649,1,55
37265,p18650,1,12
37267,p18651,1,9
37270,p18652,5,88
37272,p18653,1,31
37275,p18654,80,1
37277,p18655,100,1
37280,p18656,1,15
37281,p18657,1,55
37282,p18658,25,6
37285,p18659,45,37
37286,p18660,36,69
37287,p18661,84,41
37289,p18662,92,1
37290,p18663,51,59
37293,p18664,22,25
37295,p18665,79,1
37296,p18666,68,1
37297,p18667,49,97
37300,p18668,59,69
37303,p18669,74,1
37305,p18670,23,74
37308,p18671,55,67
37311,p18672,1,8
37314,p18673,31,1
37316,p18674,81,1
37317,p18675,1,41
37318,p18676,17,57
37320,p18677,96,44
37322,p18678,10,1
37325,p18679,1,52
37326,p18680,77,58
37327,p18681,38,1
37328,p18682,16,44
37331,p18683,29,1
37334,p18684,1,74
37335,p18685,16,1
37338,p18686,81,1
37341,p18687,27,79
37342,p18688,55,31
37344,p18689,78,1
37345,p18690,1,25
37348,p18691,43,99
37351,p18692,70,1
37353,p18693,10,1
37356,p18694,58,1
37357,p18695,75,10
37360,p18696,53,76
37362,p18697,1,78
37364,p18698,1,45
37365,p18699,1,45
37368,p18700,49,1
37369,p18701,1,76
37371,p18702,13,1
37374,p18703,98,56
37376,p18704,88,66
37378,p18705,52,70
37381,p18706,45,1
37382,p18707,64,51
37385,p18708,80,1
37388,p18709,1,93
37391,p18710,77,1
37392,p18711,49,75
37394,p18712,1,22
37397,p18713,53,47
37400,p18714,34,1
37402,p18715,51,1
37405,p18716,61,94
37407,p18717,6,1
37408,p18718,95,1
37409,p18719,1,7
37412,p18720,43,1
37415,p18721,27,1
37416,p18722,59,87
37419,p18723,39,34
37422,p18724,1,49
37423,p18725,1,36
37425,p18726,1,52
37428,p18727,91,6
37429,p18728,16,1
37430,p18729,1,45
37431,p18730,1,18
37434,p18731,1,56
37435,p18732,94,87
37436,p18733,58,1
37439,p18734,55,84
37440,p18735,76,1
37443,p18736,98,1
37444,p18737,1,14
37446,p18738,1,73
37447,p18739,80,20
37449,p18740,15,1
37452,p18741,1,68
37455,p18742,83,1
37457,p18743,84,1
37458,p18744,42,1
37459,p18745,1,65
37460,p18746,76,1
37462,p18747,99,31
37465,p18748,38,34
37468,p18749,95,1
37469,p18750,1,75
37471,p18751,96,51
37473,p18752,1,71
37476,p18753,1,24
37478,p18754,1,95
37479,p18755,63,1
37482,p18756,32,8
37484,p18757,18,1
37486,p18758,21,1
37489,p18759,89,24
37491,p18760,62,86
37494,p18761,50,45
37495,p18762,95,1
37497,p18763,6,1
37498,p18764,58,46
37500,p18765,1,68
37502,p18766,58,60
37503,p18767,1,97
37505,p18768,1,3
37506,p18769,88,1
37508,p18770,36,83
37510,p18771,60,12
37511,p18772,16,32
37513,p18773,75,1
37515,p18774,1,15
37516,p18775,72,45
37519,p18776,24,14
37521,p18777,1,8
37523,p18778,32,39
37526,p18779,1,73
37527,p18780,38,1
37530,p18781,72,16
37533,p18782,16,1
37534,p18783,18,86
37536,p18784,16,1
37538,p18785,1,57
37540,p18786,91,1
37541,p18787,63,80
37543,p18788,98,40
37546,p18789,99,46
37548,p18790,1,56
37549,p18791,7,71
37550,p18792,73,1
37553,p18793,56,87
37554,p18794,95,30
37555,p18795,1,71
37558,p18796,1,66
37561,p18797,1,73
37563,p18798,1,27
37565,p18799,1,54
37567,p18800,15,1
37568,p18801,19,90
37569,p18802,38,55
37570,p18803,1,17
37573,p18804,97,1
37575,p18805,1,21
37577,p18806,8,39
37578,p18807,75,66
37579,p18808,1,7
37580,p18809,4,6
37581,p18810,1,8
37582,p18811,81,85
37584,p18812,27,20
37586,p18813,12,60
37589,p18814,7,70
37590,p18815,92,23
37592,p18816,44,1
37595,p18817,1,44
37598,p18818,1,25
37599,p18819,95,39
37601,p18820,2,1
37604,p18821,1,27
37607,p18822,60,1
37608,p18823,88,40
37610,p18824,1,63
37613,p18825,39,88
37615,p18826,1,49
37617,p18827,38,1
37618,p18828,80,1
37621,p18829,38,1
37622,p18830,1,10
37625,p18831,79,96
37627,p18832,50,14
37630,p18833,63,1
37631,p18834,15,2
37633,p18835,7,1
37634,p18836,28,10
37635,p18837,1,44
37637,p18838,1,12
37639,p18839,1,3
37640,p18840,1,27
37642,p18841,53,1
37643,p18842,4,37
37646,p18843,25,1
37649,p18844,1,62
37651,p18845,86,54
37652,p18846,1,66
37654,p18847,90,1
37655,p18848,36,1
37658,p18849,1,79
37660,p18850,1,33
37661,p18851,79,1
37664,p18852,1,31
37667,p18853,1,93
37669,p18854,56,32
37670,p18855,27,61
37673,p18856,50,1
37676,p18857,13,1
37678,p18858,81,28
37681,p18859,1,53
37684,p18860,1,16
37685,p18861,1,98
37686,p18862,57,2
37689,p18863,89,22
37691,p18864,86,1
37692,p18865,51,5
37693,p18866,30,69
37696,p18867,52,88
37697,p18868,67,1
37699,p18869,66,1
37700,p18870,1,52
37701,p18871,39,1
37703,p18872,1,20
37706,p18873,10,1
37708,p18874,1,47
37711,p18875,77,28
37714,p18876,39,1
37717,p18877,38,1
37718,p18878,94,1
37719,p18879,65,45
37721,p18880,38,1
37722,p18881,1,84
37724,p18882,1,84
37727,p18883,1,34
37729,p18884,1,50
37731,p18885,1,23
37733,p18886,24,5
37735,p18887,64,4
37737,p18888,1,44
37738,p18889,61,79
37740,p18890,12,68
37741,p18891,1,97
37744,p18892,59,56
37746,p18893,3,65
37748,p18894,1,71
37751,p18895,1,22
37754,p18896,100,1
37757,p18897,1,11
37760,p18898,1,51
37761,p18899,3,1
37764,p18900,95,1
37765,p18901,1,82
37768,p18902,1,6
37770,p18903,84,1
37773,p18904,72,1
37774,p18905,1,32
37776,p18906,90,1
37778,p18907,1,60
37781,p18908,46,1
37782,p18909,20,49
37784,p18910,56,93
37786,p18911,96,43
37789,p18912,6,92
37792,p18913,67,1
37793,p18914,98,1
37796,p18915,1,40
37798,p18916,8,1
37801,p18917,49,1
37803,p18918,1,56
37806,p18919,17,1
37809,p18920,33,3
37811,p18921,1,34
37813,p18922,8,1
37816,p18923,47,61
37818,p18924,28,64
37820,p18925,39,77
37821,p18926,11,5
37822,p18927,24,12
37823,p18928,94,6
37826,p18929,10,1
37827,p18930,85,1
37828,p18931,87,12
37829,p18932,1,31
37830,p18933,74,1
37833,p18934,19,1
37834,p18935,11,1
37837,p18936,94,1
37838,p18937,1,73
37839,p18938,1,60
37842,p18939,72,1
37843,p18940,1,79
37844,p18941,93,1
37845,p18942,1,47
37846,p18943,47,1
37847,p18944,1,74
37849,p18945,48,1
37850,p18946,61,95
37853,p18947,1,18
37854,p18948,54,22
37857,p18949,99,1
37859,p18950,1,91
37860,p18951,44,1
37861,p18952,14,36
37862,p18953,1,67
37864,p18954,1,27
37865,p18955,1,42
37867,p18956,62,52
37869,p18957,1,53
37871,p18958,45,78
37872,p18959,45,1
37874,p18960,63,1
37876,p18961,1,12
37878,p18962,68,1
37879,p18963,1,76
37881,p18964,28,1
37882,p18965,3,1
37883,p18966,1,58
37884,p18967,1,23
37885,p18968,8,9
37887,p18969,6,24
37890,p18970,83,93
37892,p18971,13,1
37895,p18972,61,73
37897,p18973,37,1
37899,p18974,1,22
37901,p18975,7,52
37903,p18976,52,22
37905,p18977,98,1
37906,p18978,34,36
37908,p18979,1,17
37911,p18980,1,69
37914,p18981,28,53
37917,p18982,81,80
37918,p18983,1,2
37921,p18984,1,24
37924,p18985,32,57
37926,p18986,1,15
37929,p18987,1,16
37931,p18988,56,25
37934,p18989,1,73
37937,p18990,1,56
37940,p18991,99,93
37941,p18992,85,92
37944,p18993,86,100
37946,p18994,7,4
37947,p18995,53,1
37949,p18996,65,1
37950,p18997,61,96
37951,p18998,18,38
37952,p18999,52,1
37954,p19000,66,65
37955,p19001,36,1
37958,p19002,88,1
37961,p19003,1,96
37962,p19004,31,1
37964,p19005,63,53
37967,p19006,100,1
37970,p19007,1,36
37973,p19008,1,31
37976,p19009,1,22
37977,p19010,1,49
37980,p19011,1,27
37981,p19012,56,97
37982,p19013,75,1
37985,p19014,40,1
37986,p19015,99,79
37987,p19016,16,1
37990,p19017,29,1
37991,p19018,84,94
37993,p19019,69,41
37996,p19020,26,1
37997,p19021,98,61
38000,p19022,68,1
38003,p19023,51,1
38005,p19024,31,9
38006,p19025,46,1
38007,p19026,96,36
38010,p19027,24,52
38012,p19028,27,39
38015,p19029,77,1
38016,p19030,96,1
38017,p19031,43,1
38018,p19032,77,20
38021,p19033,10,76
38022,p19034,94,1
38025,p19035,99,1
38027,p19036,1,97
38030,p19037,68,17
38032,p19038,61,1
38034,p19039,1,2
38037,p19040,50,1
38040,p19041,81,1
38043,p19042,66,1
38046,p19043,1,48
38048,p19044,16,1
38050,p19045,1,51
38052,p19046,47,1
38055,p19047,87,7
38056,p19048,75,13
38057,p19049,85,1
38058,p19050,1,7
38061,p19051,77,80
38063,p19052,1,72
38065,p19053,1,40
38066,p19054,1,33
38067,p19055,13,1
38070,p19056,1,25
38071,p19057,78,70
38073,p19058,5,1
38075,p19059,54,1
38077,p19060,42,62
38080,p19061,7,1
38082,p19062,16,37
38085,p19063,69,1
38088,p19064,85,1
38090,p19065,1,55
38093,p19066,12,22
38094,p19067,71,1
38096,p19068,11,77
38097,p19069,31,1
38099,p19070,70,41
38101,p19071,29,37
38103,p19072,7,51
38106,p19073,1,39
38108,p19074,1,4
38111,p19075,2,1
38113,p19076,25,1
38114,p19077,61,73
38115,p19078,48,1
38117,p19079,60,1
38119,p19080,1,42
38120,p19081,1,98
38122,p19082,91,1
38124,p19083,1,67
38126,p19084,1,3
38128,p19085,51,79
38129,p19086,53,34
38130,p19087,1,100
38133,p19088,1,17
38136,p19089,58,1
38137,p19090,1,64
38140,p19091,1,65
38141,p19092,48,50
38142,p19093,43,58
38144,p19094,23,1
38146,p19095,74,1
38147,p19096,27,64
38149,p19097,69,1
38152,p19098,1,51
38155,p19099,41,1
38158,p19100,30,25
38159,p19101,42,31
38160,p19102,54,49
38163,p19103,1,68
38166,p19104,1,85
38168,p19105,71,15
38169,p19106,90,1
38171,p19107,1,17
38172,p19108,96,36
38173,p19109,65,1
38174,p19110,1,73
38177,p19111,49,83
38178,p19112,77,96
38180,p19113,30,1
38183,p19114,1,53
38184,p19115,31,1
38187,p19116,48,20
38188,p19117,1,88
38190,p19118,37,63
38191,p19119,60,1
38194,p19120,1,26
38197,p19121,1,56
38198,p19122,8,1
38200,p19123,7,59
38201,p19124,1,40
38202,p19125,1,58
38203,p19126,97,31
38204,p19127,2,1
38206,p19128,1,16
38209,p19129,1,100
38212,p19130,74,88
38213,p19131,48,80
38216,p19132,51,1
38217,p19133,1,46
38220,p19134,1,83
38222,p19135,1,94
38225,p19136,80,1
38228,p19137,45,1
38230,p19138,1,60
38231,p19139,53,1
38232,p19140,45,96
38234,p19141,38,95
38236,p19142,35,17
38238,p19143,25,1
38239,p19144,61,1
38240,p19145,58,38
38243,p19146,86,1
38246,p19147,84,41
38249,p19148,1,93
38251,p19149,2,69
38252,p19150,70,1
38255,p19151,89,97
38257,p19152,49,52
38260,p19153,60,86
38262,p19154,1,83
38265,p19155,1,65
38266,p19156,92,18
38269,p19157,1,99
38271,p19158,90,1
38272,p19159,71,1
38275,p19160,89,1
38276,p19161,1,14
38277,p19162,1,96
38279,p19163,36,76
38282,p19164,1,83
38284,p19165,1,71
38286,p19166,10,56
38288,p19167,1,68
38291,p19168,40,44
38293,p19169,81,1
38295,p19170,1,79
38296,p19171,1,81
38297,p19172,1,49
38299,p19173,1,11
38302,p19174,34,1
38304,p19175,1,58
38306,p19176,27,85
38307,p19177,65,33
38309,p19178,34,50
38310,p19179,68,1
38313,p19180,1,67
38314,p19181,58,1
38316,p19182,23,1
38319,p19183,68,1
38321,p19184,84,1
38324,p19185,1,87
38325,p19186,35,1
38327,p19187,3,9
38329,p19188,1,43
38332,p19189,1,40
38333,p19190,1,73
38335,p19191,30,73
38337,p19192,8,35
38340,p19193,1,27
38343,p19194,82,18
38345,p19195,92,82
38348,p19196,1,10
38349,p19197,1,52
38352,p19198,21,40
38355,p19199,99,1
38356,p19200,85,33
38358,p19201,1,69
38359,p19202,1,67
38362,p19203,85,16
38363,p19204,1,36
38365,p19205,84,48
38368,p19206,51,1
38370,p19207,1,72
38373,p19208,70,1
38376,p19209,80,1
38378,p19210,83,1
38380,p19211,1,4
38381,p19212,68,1
38383,p19213,1,61
38385,p19214,70,1
38388,p19215,96,1
38391,p19216,47,1
38392,p19217,1,40
38394,p19218,28,1
38396,p19219,15,1
38398,p19220,1,60
38399,p19221,57,85
38401,p19222,1,33
38402,p19223,1,74
38404,p19224,88,85
38406,p19225,76,14
38409,p19226,1,79
38411,p19227,47,46
38412,p19228,16,33
38415,p19229,1,85
38417,p19230,98,60
38420,p19231,58,100
38421,p19232,29,1
38423,p19233,9,20
38424,p19234,32,76
38426,p19235,12,1
38427,p19236,89,54
38430,p19237,56,1
38431,p19238,12,1
38433,p19239,94,27
38436,p19240,1,81
38437,p19241,80,1
38439,p19242,1,65
38441,p19243,1,60
38444,p19244,80,26
38447,p19245,68,1
38449,p19246,20,1
38450,p19247,1,63
38451,p19248,1,33
38453,p19249,86,1
38456,p19250,79,1
38459,p19251,83,1
38460,p19252,1,16
38462,p19253,16,1
38464,p19254,34,78
38465,p19255,1,4
38466,p19256,71,1
38468,p19257,40,1
38471,p19258,1,29
38473,p19259,72,62
38476,p19260,27,1
38478,p19261,1,75
38481,p19262,37,1
38482,p19263,6,1
38483,p19264,85,29
38486,p19265,1,82
38489,p19266,43,1
38490,p19267,88,37
38493,p19268,48,39
38494,p19269,91,1
38496,p19270,19,1
38499,p19271,1,98
38500,p19272,27,1
38503,p19273,12,1
38504,p19274,4,1
38507,p19275,1,28
38509,p19276,72,1
38512,p19277,1,4
38515,p19278,63,1
38518,p19279,1,10
38519,p19280,89,37
38520,p19281,72,71
38521,p19282,83,21
38524,p19283,1,59
38526,p19284,1,25
38528,p19285,1,64
38530,p19286,86,55
38533,p19287,35,83
38536,p19288,79,59
38539,p19289,1,89
38540,p19290,6,1
38542,p19291,12,1
38545,p19292,1,33
38548,p19293,1,37
38551,p19294,86,46
38554,p19295,50,1
38555,p19296,1,96
38556,p19297,1,12
38557,p19298,30,44
38558,p19299,1,43
38559,p19300,70,32
38561,p19301,34,21
38562,p19302,1,29
38564,p19303,27,87
38565,p19304,63,14
38567,p19305,98,1
38568,p19306,1,98
38570,p19307,90,1
38571,p19308,80,18
38574,p19309,66,1
38577,p19310,99,96
38579,p19311,31,1
38581,p19312,82,1
38584,p19313,52,1
38587,p19314,89,87
38589,p19315,22,79
38590,p19316,89,96
38593,p19317,54,74
38594,p19318,1,2
38595,p19319,1,5
38597,p19320,1,47
38598,p19321,94,1
38600,p19322,83,1
38603,p19323,24,96
38605,p19324,1,13
38608,p19325,42,17
38611,p19326,31,63
38614,p19327,1,81
38615,p19328,15,1
38618,p19329,1,65
38619,p19330,56,1
38620,p19331,1,3
38621,p19332,1,55
38623,p19333,45,48
38626,p19334,16,63
38628,p19335,1,80
38630,p19336,96,80
38632,p19337,46,1
38634,p19338,1,60
38636,p19339,1,17
38638,p19340,17,67
38640,p19341,1,61
38641,p19342,1,85
38642,p19343,48,20
38645,p19344,1,84
38647,p19345,56,11
38650,p19346,1,36
38652,p19347,1,10
38653,p19348,49,15
38656,p19349,1,41
38657,p19350,6,9
38658,p19351,75,1
38661,p19352,52,1
38662,p19353,56,1
38665,p19354,39,52
38666,p19355,48,1
38668,p19356,1,93
38671,p19357,76,37
38674,p19358,26,1
38677,p19359,96,71
38679,p19360,50,32
38680,p19361,1,3
38681,p19362,1,2
38683,p19363,57,1
38685,p19364,100,1
38687,p19365,69,20
38688,p19366,66,1
38690,p19367,5,1
38691,p19368,37,1
38693,p19369,73,100
38695,p19370,1,11
38697,p19371,64,85
38700,p19372,6,1
38703,p19373,1,69
38704,p19374,1,23
38707,p19375,31,98
38709,p19376,80,78
38711,p19377,44,1
38714,p19378,52,46
38715,p19379,1,2
38717,p19380,84,33
38719,p19381,90,68
38720,p19382,18,1
38722,p19383,34,98
38723,p19384,14,33
38725,p19385,32,1
38726,p19386,61,1
38728,p19387,97,1
38730,p19388,92,1
38732,p19389,1,29
38735,p19390,82,38
38736,p19391,77,1
38739,p19392,9,1
38740,p19393,83,1
38742,p19394,1,16
38744,p19395,1,42
38746,p19396,1,53
38747,p19397,98,31
38749,p19398,1,29
38752,p19399,1,91
38753,p19400,1,4
38755,p19401,1,99
38757,p19402,41,26
38760,p19403,1,20
38761,p19404,1,80
38763,p19405,69,1
38764,p19406,94,27
38766,p19407,21,1
38769,p19408,64,1
38772,p19409,33,1
38775,p19410,60,31
38776,p19411,1,52
38779,p19412,1,22
38781,p19413,1,42
38784,p19414,99,1
38785,p19415,13,1
38787,p19416,44,59
38789,p19417,93,1
38792,p19418,12,1
38794,p19419,32,89
38796,p19420,16,1
38797,p19421,34,1
38799,p19422,90,11
38800,p19423,36,9
38803,p19424,70,1
38806,p19425,100,1
38807,p19426,32,92
38810,p19427,46,1
38813,p19428,19,93
38816,p19429,1,78
38819,p19430,60,1
38821,p19431,1,37
38823,p19432,37,23
38824,p19433,94,1
38826,p19434,64,1
38828,p19435,65,1
38831,p19436,74,1
38832,p19437,44,1
38835,p19438,14,32
38836,p19439,98,1
38838,p19440,35,37
38841,p19441,1,91
38842,p19442,51,20
38844,p19443,1,95
38845,p19444,61,87
38846,p19445,1,49
38849,p19446,1,8
38851,p19447,27,54
38853,p19448,87,53
38854,p19449,1,41
38856,p19450,75,1
38859,p19451,1,10
38860,p19452,37,1
38862,p19453,30,97
38863,p19454,1,31
38864,p19455,1,41
38866,p19456,5,87
38869,p19457,84,1
38870,p19458,86,46
38873,p19459,78,76
38876,p19460,1,81
38877,p19461,94,47
38880,p19462,1,83
38882,p19463,27,81
38885,p19464,91,1
38888,p19465,26,1
38890,p19466,4,1
38892,p19467,19,87
38893,p19468,84,47
38895,p19469,49,32
38897,p19470,1,3
38899,p19471,1,33
38900,p19472,63,1
38902,p19473,14,43
38905,p19474,1,28
38908,p19475,15,91
38910,p19476,14,70
38911,p19477,15,59
38913,p19478,68,1
38916,p19479,100,1
38918,p19480,37,39
38920,p19481,7,41
38923,p19482,54,1
38926,p19483,37,96
38929,p19484,1,70
38930,p19485,98,1
38932,p19486,65,92
38933,p19487,38,1
38936,p19488,1,64
38938,p19489,9,1
38941,p19490,9,1
38944,p19491,35,36
38947,p19492,1,53
38950,p19493,1,26
38953,p19494,1,10
38955,p19495,1,13
38956,p19496,1,66
38957,p19497,41,1
38959,p19498,24,87
38960,p19499,68,1
38962,p19500,60,80
38965,p19501,1,23
38966,p19502,1,11
38967,p19503,50,1
38968,p19504,44,33
38969,p19505,44,52
38971,p19506,70,1
38973,p19507,91,1
38976,p19508,1,23
38979,p19509,1,49
38980,p19510,97,1
38981,p19511,1,71
38984,p19512,59,1
38986,p19513,1,68
38987,p19514,1,12
38990,p19515,1,13
38993,p19516,13,1
38994,p19517,1,27
38996,p19518,40,1
38998,p19519,1,97
38999,p19520,1,21
39002,p19521,61,31
39004,p19522,1,43
39005,p19523,3,1
39007,p19524,8,46
39009,p19525,57,1
39010,p19526,95,1
39013,p19527,28,1
39016,p19528,83,64
39019,p19529,21,1
39020,p19530,12,67
39022,p19531,1,65
39023,p19532,38,83
39024,p19533,19,92
39027,p19534,1,16
39028,p19535,99,12
39029,p19536,1,93
39032,p19537,58,1
39033,p19538,62,23
39034,p19539,1,69
39037,p19540,72,1
39039,p19541,1,49
39040,p19542,82,1
39043,p19543,1,33
39046,p19544,1,50
39048,p19545,1,95
39050,p19546,1,16
39053,p19547,23,1
39056,p19548,100,80
39057,p19549,93,1
39059,p19550,87,62
39061,p19551,76,56
39063,p19552,54,72
39064,p19553,1,44
39067,p19554,26,1
39070,p19555,1,10
39072,p19556,21,1
39074,p19557,99,79
39075,p19558,26,1
39077,p19559,76,31
39078,p19560,76,1
39079,p19561,1,54
39081,p19562,83,1
39082,p19563,1,8
39085,p19564,94,33
39088,p19565,38,1
39091,p19566,1,53
39092,p19567,16,1
39093,p19568,76,25
39095,p19569,1,26
39098,p19570,1,56
39100,p19571,90,45
39102,p19572,1,81
39105,p19573,59,1
39106,p19574,1,85
39108,p19575,55,1
39111,p19576,91,52
39114,p19577,30,1
39115,p19578,1,90
39117,p19579,40,46
39118,p19580,63,10
39120,p19581,14,89
39121,p19582,71,72
39123,p19583,23,54
39126,p19584,64,86
39129,p19585,1,27
39131,p19586,33,1
39132,p19587,45,34
39133,p19588,24,1
39134,p19589,41,1
39137,p19590,1,62
39139,p19591,38,84
39140,p19592,1,100
39143,p19593,18,60
39145,p19594,45,1
39147,p19595,1,72
39148,p19596,20,1
39149,p19597,55,34
39150,p19598,34,8
39153,p19599,57,87
39156,p19600,1,27
39158,p19601,1,21
39160,p19602,42,55
39162,p19603,43,95
39164,p19604,97,25
39165,p19605,56,1
39167,p19606,1,30
39170,p19607,9,1
39171,p19608,1,8
39172,p19609,1,59
39175,p19610,86,1
39177,p19611,60,1
39179,p19612,60,1
39182,p19613,95,1
39184,p19614,1,97
39185,p19615,7,13
39187,p19616,1,3
39190,p19617,60,1
39191,p19618,72,1
39192,p19619,29,1
39194,p19620,88,1
39196,p19621,34,1
39199,p19622,97,96
39202,p19623,15,1
39203,p19624,23,81
39205,p19625,32,10
39208,p19626,45,1
39211,p19627,79,1
39213,p19628,1,3
39216,p19629,36,38
39217,p19630,83,1
39219,p19631,87,91
39222,p19632,1,7
39224,p19633,1,61
39227,p19634,44,95
39229,p19635,14,1
39232,p19636,29,1
39234,p19637,65,5
39237,p19638,33,3
39240,p19639,19,54
39241,p19640,33,1
39244,p19641,53,45
39247,p19642,1,79
39248,p19643,94,63
39250,p19644,98,1
39252,p19645,1,26
39255,p19646,1,27
39258,p19647,88,11
39260,p19648,1,26
39263,p19649,32,1
39264,p19650,73,42
39266,p19651,1,30
39269,p19652,1,37
39271,p19653,1,89
39274,p19654,88,1
39275,p19655,63,1
39277,p19656,51,1
39278,p19657,57,1
39279,p19658,85,1
39280,p19659,36,83
39283,p19660,54,1
39285,p19661,88,1
39287,p19662,66,49
39288,p19663,1,9
39290,p19664,82,1
39293,p19665,88,1
39294,p19666,20,88
39295,p19667,1,63
39297,p19668,78,1
39299,p19669,1,91
39302,p19670,16,99
39303,p19671,42,1
39304,p19672,1,41
39307,p19673,18,6
39309,p19674,10,1
39312,p19675,39,1
39313,p19676,11,1
39315,p19677,1,49
39317,p19678,12,71
39319,p19679,45,82
39322,p19680,1,23
39323,p19681,77,1
39324,p19682,100,1
39327,p19683,10,1
39330,p19684,1,29
39332,p19685,21,30
39334,p19686,91,1
39336,p19687,97,1
39339,p19688,1,99
39342,p19689,25,80
39345,p19690,26,1
39346,p19691,69,3
39347,p19692,1,44
39348,p19693,96,1
39351,p19694,1,30
39354,p19695,31,72
39356,p19696,57,76
39359,p19697,99,35
39362,p19698,46,1
39363,p19699,1,20
39365,p19700,65,1
39368,p19701,40,56
39370,p19702,1,10
39371,p19703,15,75
39372,p19704,100,28
39373,p19705,73,1
39376,p19706,41,1
39379,p19707,94,2
39381,p19708,19,17
39382,p19709,56,94
39384,p19710,1,67
39386,p19711,1,6
39389,p19712,33,1
39391,p19713,43,21
39392,p19714,100,91
39394,p19715,97,23
39397,p19716,1,82
39399,p19717,1,67
39402,p19718,1,3
39405,p19719,1,97
39408,p19720,1,96
39410,p19721,78,59
39413,p19722,25,1
39414,p19723,1,46
39415,p19724,96,26
39416,p19725,54,1
39419,p19726,1,30
39420,p19727,57,1
39423,p19728,15,1
39426,p19729,93,1
39429,p19730,15,75
39432,p19731,1,57
39434,p19732,90,1
39436,p19733,60,56
39437,p19734,22,47
39438,p19735,98,76
39440,p19736,1,63
39441,p19737,63,1
39443,p19738,37,1
39445,p19739,91,67
39448,p19740,28,1
39451,p19741,40,29
39452,p19742,8,74
39455,p19743,1,97
39458,p19744,85,1
39459,p19745,1,82
39462,p19746,74,1
39465,p19747,49,4
39467,p19748,99,10
39470,p19749,64,1
39472,p19750,75,1
39474,p19751,34,54
39477,p19752,1,81
39480,p19753,1,71
39482,p19754,1,15
39483,p19755,4,1
39484,p19756,1,24
39485,p19757,73,1
39488,p19758,100,1
39491,p19759,1,64
39492,p19760,1,72
39495,p19761,99,15
39496,p19762,74,60
39499,p19763,48,83
39501,p19764,100,46
39503,p19765,82,76
39505,p19766,1,96
39508,p19767,26,39
39511,p19768,1,100
39513,p19769,59,1
39516,p19770,1,70
39519,p19771,43,1
39520,p19772,71,1
39523,p19773,2,41
39525,p19774,1,43
39528,p19775,1,20
39529,p19776,31,1
39531,p19777,36,1
39532,p19778,52,24
39535,p19779,1,44
39536,p19780,19,1
39539,p19781,2,1
39542,p19782,97,16
39544,p19783,1,63
39545,p19784,13,71
39546,p19785,18,63
39548,p19786,30,1
39549,p19787,29,43
39550,p19788,3,1
39552,p19789,1,57
39553,p19790,1,69
39554,p19791,98,1
39557,p19792,1,44
39560,p19793,1,14
39562,p19794,2,89
39564,p19795,1,47
39567,p19796,57,1
39569,p19797,1,11
39571,p19798,1,76
39572,p19799,74,99
39575,p19800,98,1
39576,p19801,1,66
39578,p19802,34,3
39580,p19803,54,40
39581,p19804,29,1
39583,p19805,92,40
39584,p19806,84,1
39586,p19807,11,9
39588,p19808,90,92
39590,p19809,18,6
39591,p19810,1,87
39593,p19811,1,21
39595,p19812,1,21
39596,p19813,52,1
39598,p19814,17,1
39599,p19815,13,1
39600,p19816,16,1
39603,p19817,19,95
39606,p19818,71,95
39608,p19819,1,56
39609,p19820,1,56
39612,p19821,79,41
39614,p19822,16,1
39616,p19823,42,1
39619,p19824,1,58
39620,p19825,17,11
39623,p19826,1,62
39625,p19827,1,78
39628,p19828,24,73
39631,p19829,92,1
39632,p19830,86,1
39634,p19831,94,39
39637,p19832,1,51
39640,p19833,1,71
39641,p19834,1,100
39643,p19835,1,27
39646,p19836,93,64
39649,p19837,42,48
39651,p19838,45,1
39654,p19839,1,93
39655,p19840,1,56
39656,p19841,1,19
39659,p19842,25,73
39662,p19843,1,70
39664,p19844,1,27
39665,p19845,14,1
39666,p19846,91,1
39667,p19847,1,91
39670,p19848,1,25
39672,p19849,1,47
39675,p19850,67,93
39676,p19851,27,1
39677,p19852,42,24
39679,p19853,1,11
39681,p19854,30,32
39684,p19855,1,72
39686,p19856,1,3
39687,p19857,1,24
39688,p19858,53,14
39689,p19859,94,23
39691,p19860,1,25
39694,p19861,1,85
39695,p19862,1,36
39697,p19863,42,45
39698,p19864,1,16
39700,p19865,58,1
39701,p19866,19,1
39702,p19867,24,1
39705,p19868,43,1
39706,p19869,49,1
39709,p19870,1,92
39711,p19871,15,1
39713,p19872,95,73
39714,p19873,82,70
39716,p19874,50,71
39719,p19875,37,24
39720,p19876,93,1
39722,p19877,1,61
39723,p19878,1,90
39725,p19879,67,96
39726,p19880,59,1
39728,p19881,97,9
39730,p19882,72,54
39733,p19883,1,98
39735,p19884,1,67
39738,p19885,46,37
39741,p19886,1,4
39744,p19887,1,23
39747,p19888,1,75
39750,p19889,57,1
39751,p19890,1,78
39754,p19891,81,19
39755,p19892,10,1
39758,p19893,76,1
39759,p19894,7,1
39762,p19895,84,1
39763,p19896,1,57
39766,p19897,34,1
39768,p19898,55,1
39769,p19899,37,1
39771,p19900,1,25
39773,p19901,76,1
39774,p19902,1,46
39776,p19903,2,1
39779,p19904,35,2
39780,p19905,72,1
39783,p19906,51,24
39786,p19907,1,64
39788,p19908,1,44
39791,p19909,1,13
39792,p19910,1,89
39795,p19911,1,46
39798,p19912,1,13
39800,p19913,1,66
39803,p19914,1,55
39805,p19915,95,1
39806,p19916,95,92
39807,p19917,20,1
39809,p19918,1,78
39812,p19919,1,35
39813,p19920,1,16
39815,p19921,1,99
39817,p19922,21,27
39819,p19923,1,61
39821,p19924,62,1
39823,p19925,62,91
39825,p19926,50,1
39826,p19927,52,1
39827,p19928,52,1
39830,p19929,1,17
39831,p19930,11,45
39833,p19931,1,3
39836,p19932,79,72
39837,p19933,48,83
39838,p19934,85,1
39840,p19935,13,17
39843,p19936,79,1
39846,p19937,11,1
39849,p19938,25,40
39851,p19939,13,1
39854,p19940,1,91
39855,p19941,17,19
39856,p19942,1,84
39858,p19943,90,58
39860,p19944,1,74
39863,p19945,5,69
39866,p19946,1,53
39868,p19947,1,30
39871,p19948,81,82
39873,p19949,1,88
39876,p19950,12,1
39879,p19951,1,46
39880,p19952,60,1
39883,p19953,1,15
39884,p19954,1,75
39886,p19955,55,1
39889,p19956,4,1
39892,p19957,4,1
39893,p19958,38,5
39895,p19959,24,1
39898,p19960,96,27
39900,p19961,1,8
39903,p19962,6,38
39905,p19963,52,1
39907,p19964,55,1
39908,p19965,1,10
39911,p19966,70,85
39912,p19967,86,1
39913,p19968,1,73
39916,p19969,4,2
39918,p19970,74,69
39921,p19971,77,1
39924,p19972,83,1
39925,p19973,17,1
39928,p19974,1,77
39929,p19975,66,1
39932,p19976,38,1
39935,p19977,26,9
39938,p19978,1,58
39940,p19979,1,42
39941,p19980,48,1
39942,p19981,87,70
39943,p19982,15,1
39944,p19983,81,52
39945,p19984,54,1
39948,p19985,1,88
39949,p19986,96,92
39950,p19987,64,37
39952,p19988,11,1
39955,p19989,35,65
39956,p19990,46,47
39959,p19991,1,57
39960,p19992,1,83
39961,p19993,69,1
39962,p19994,73,26
39963,p19995,16,1
39966,p19996,1,49
39968,p19997,47,1
39969,p19998,58,1
39971,p19999,92,74
