time,id,source,dest
0,p0,1,79
1,p1,1,20
3,p2,1,28
4,p3,1,17
7,p4,1,26
10,p5,1,83
13,p6,1,52
14,p7,1,61
17,p8,1,37
20,p9,1,75
23,p10,1,40
25,p11,1,70
26,p12,1,41
27,p13,1,79
30,p14,1,34
33,p15,1,60
34,p16,1,91
37,p17,1,85
38,p18,1,92
39,p19,1,53
41,p20,1,10
44,p21,1,32
46,p22,1,50
48,p23,1,45
51,p24,1,15
53,p25,1,30
54,p26,1,21
56,p27,1,62
58,p28,1,10
61,p29,1,90
63,p30,1,91
64,p31,1,93
66,p32,1,50
68,p33,1,51
70,p34,1,74
73,p35,1,69
75,p36,1,70
76,p37,1,65
79,p38,1,69
80,p39,1,8
83,p40,1,92
86,p41,1,3
87,p42,1,18
90,p43,1,66
91,p44,1,47
93,p45,1,82
95,p46,1,64
98,p47,1,3
101,p48,1,53
102,p49,1,31
105,p50,1,65
106,p51,1,7
109,p52,1,66
112,p53,1,77
114,p54,1,39
116,p55,1,36
117,p56,1,13
120,p57,1,69
122,p58,1,70
125,p59,1,46
127,p60,1,61
130,p61,1,82
133,p62,1,48
134,p63,1,43
135,p64,1,20
138,p65,1,91
141,p66,1,74
143,p67,1,69
144,p68,1,33
145,p69,1,46
147,p70,1,48
150,p71,1,97
152,p72,1,34
154,p73,1,70
155,p74,1,40
157,p75,1,73
159,p76,1,58
160,p77,1,86
163,p78,1,61
165,p79,1,60
168,p80,1,46
169,p81,1,97
171,p82,1,77
172,p83,1,33
173,p84,1,66
175,p85,1,41
178,p86,1,89
181,p87,1,7
184,p88,1,51
186,p89,1,49
189,p90,1,13
192,p91,1,100
194,p92,1,81
195,p93,1,75
198,p94,1,41
201,p95,1,67
203,p96,1,83
204,p97,1,66
206,p98,1,69
209,p99,1,66
210,p100,1,61
212,p101,1,97
214,p102,1,66
215,p103,1,33
216,p104,1,84
219,p105,1,81
222,p106,1,59
223,p107,1,38
226,p108,1,39
229,p109,1,55
232,p110,1,98
234,p111,1,19
237,p112,1,59
240,p113,1,27
243,p114,1,62
245,p115,1,22
247,p116,1,96
248,p117,1,5
249,p118,1,42
250,p119,1,100
253,p120,1,6
256,p121,1,45
258,p122,1,98
259,p123,1,6
262,p124,1,61
265,p125,1,67
267,p126,1,75
270,p127,1,52
271,p128,1,45
273,p129,1,17
276,p130,1,77
278,p131,1,12
279,p132,1,91
282,p133,1,21
285,p134,1,17
287,p135,1,95
288,p136,1,58
290,p137,1,2
293,p138,1,6
296,p139,1,26
298,p140,1,54
300,p141,1,29
303,p142,1,6
305,p143,1,59
307,p144,1,20
310,p145,1,71
311,p146,1,12
312,p147,1,98
314,p148,1,84
316,p149,1,51
319,p150,1,19
321,p151,1,15
323,p152,1,53
324,p153,1,86
326,p154,1,61
327,p155,1,31
329,p156,1,99
330,p157,1,65
333,p158,1,6
336,p159,1,93
337,p160,1,67
338,p161,1,11
339,p162,1,61
342,p163,1,24
345,p164,1,39
348,p165,1,34
350,p166,1,31
353,p167,1,24
354,p168,1,45
355,p169,1,29
357,p170,1,52
360,p171,1,13
361,p172,1,34
364,p173,1,93
365,p174,1,40
366,p175,1,94
368,p176,1,57
369,p177,1,29
372,p178,1,64
375,p179,1,96
377,p180,1,79
379,p181,1,6
380,p182,1,100
382,p183,1,92
385,p184,1,7
388,p185,1,95
390,p186,1,21
392,p187,1,52
393,p188,1,71
394,p189,1,45
396,p190,1,31
399,p191,1,65
402,p192,1,93
403,p193,1,25
404,p194,1,34
406,p195,1,88
408,p196,1,98
411,p197,1,78
413,p198,1,91
415,p199,1,65
417,p200,1,9
418,p201,1,13
419,p202,1,90
422,p203,1,65
423,p204,1,11
424,p205,1,90
426,p206,1,9
428,p207,1,6
429,p208,1,38
430,p209,1,56
432,p210,1,83
434,p211,1,13
436,p212,1,25
439,p213,1,50
440,p214,1,80
443,p215,1,54
446,p216,1,34
447,p217,1,59
450,p218,1,54
453,p219,1,96
456,p220,1,65
457,p221,1,21
460,p222,1,39
462,p223,1,41
464,p224,1,53
465,p225,1,38
468,p226,1,63
470,p227,1,81
471,p228,1,54
474,p229,1,33
475,p230,1,85
476,p231,1,74
478,p232,1,98
480,p233,1,59
483,p234,1,78
486,p235,1,21
488,p236,1,57
489,p237,1,32
492,p238,1,46
493,p239,1,17
496,p240,1,88
498,p241,1,22
500,p242,1,16
502,p243,1,100
503,p244,1,5
505,p245,1,53
507,p246,1,65
509,p247,1,20
510,p248,1,66
513,p249,1,92
515,p250,1,43
518,p251,1,67
520,p252,1,57
521,p253,1,85
523,p254,1,28
526,p255,1,50
529,p256,1,44
530,p257,1,73
533,p258,1,63
536,p259,1,68
537,p260,1,58
538,p261,1,16
539,p262,1,68
540,p263,1,51
542,p264,1,56
545,p265,1,53
547,p266,1,16
550,p267,1,92
553,p268,1,58
555,p269,1,3
557,p270,1,42
559,p271,1,7
561,p272,1,95
564,p273,1,80
566,p274,1,51
569,p275,1,41
572,p276,1,20
574,p277,1,80
576,p278,1,81
578,p279,1,98
580,p280,1,43
582,p281,1,99
583,p282,1,58
586,p283,1,98
589,p284,1,41
591,p285,1,77
593,p286,1,100
595,p287,1,89
598,p288,1,97
601,p289,1,10
604,p290,1,82
607,p291,1,29
609,p292,1,77
612,p293,1,29
615,p294,1,17
617,p295,1,11
619,p296,1,90
622,p297,1,6
623,p298,1,16
626,p299,1,12
627,p300,1,39
629,p301,1,7
630,p302,1,39
631,p303,1,56
634,p304,1,37
636,p305,1,24
637,p306,1,87
639,p307,1,20
640,p308,1,32
643,p309,1,2
646,p310,1,84
647,p311,1,84
650,p312,1,79
651,p313,1,80
653,p314,1,21
655,p315,1,16
656,p316,1,68
658,p317,1,91
660,p318,1,91
662,p319,1,27
665,p320,1,59
667,p321,1,28
668,p322,1,71
670,p323,1,76
672,p324,1,14
673,p325,1,66
676,p326,1,91
677,p327,1,52
680,p328,1,2
682,p329,1,4
683,p330,1,95
685,p331,1,31
686,p332,1,99
689,p333,1,15
690,p334,1,62
692,p335,1,87
693,p336,1,95
694,p337,1,87
695,p338,1,77
697,p339,1,99
699,p340,1,70
702,p341,1,59
705,p342,1,47
707,p343,1,31
710,p344,1,81
711,p345,1,13
712,p346,1,3
714,p347,1,98
715,p348,1,18
716,p349,1,74
718,p350,1,46
720,p351,1,97
722,p352,1,75
725,p353,1,66
728,p354,1,96
731,p355,1,12
734,p356,1,87
736,p357,1,31
739,p358,1,12
742,p359,1,38
745,p360,1,91
747,p361,1,26
749,p362,1,64
751,p363,1,27
752,p364,1,29
755,p365,1,87
758,p366,1,26
760,p367,1,51
761,p368,1,24
763,p369,1,51
766,p370,1,16
768,p371,1,25
769,p372,1,51
771,p373,1,57
772,p374,1,37
773,p375,1,62
776,p376,1,21
778,p377,1,91
781,p378,1,17
784,p379,1,26
787,p380,1,91
789,p381,1,82
792,p382,1,20
794,p383,1,68
795,p384,1,72
796,p385,1,80
799,p386,1,12
801,p387,1,82
802,p388,1,70
804,p389,1,81
806,p390,1,24
807,p391,1,51
808,p392,1,52
810,p393,1,60
813,p394,1,6
814,p395,1,63
816,p396,1,4
817,p397,1,65
820,p398,1,89
822,p399,1,50
824,p400,1,5
826,p401,1,80
829,p402,1,48
831,p403,1,100
833,p404,1,5
836,p405,1,100
839,p406,1,46
841,p407,1,4
844,p408,1,71
846,p409,1,39
848,p410,1,15
851,p411,1,5
854,p412,1,26
857,p413,1,64
859,p414,1,25
861,p415,1,29
862,p416,1,91
863,p417,1,63
866,p418,1,54
869,p419,1,14
872,p420,1,27
874,p421,1,77
876,p422,1,38
878,p423,1,15
881,p424,1,20
884,p425,1,57
886,p426,1,87
888,p427,1,69
889,p428,1,16
892,p429,1,93
893,p430,1,45
894,p431,1,29
895,p432,1,5
898,p433,1,84
900,p434,1,96
903,p435,1,19
906,p436,1,39
907,p437,1,47
909,p438,1,74
912,p439,1,91
914,p440,1,82
917,p441,1,76
919,p442,1,84
921,p443,1,53
922,p444,1,98
925,p445,1,81
927,p446,1,34
930,p447,1,92
931,p448,1,62
932,p449,1,93
933,p450,1,11
936,p451,1,17
937,p452,1,72
939,p453,1,61
940,p454,1,60
941,p455,1,32
942,p456,1,92
945,p457,1,53
947,p458,1,75
950,p459,1,89
953,p460,1,29
955,p461,1,40
957,p462,1,46
960,p463,1,44
963,p464,1,64
966,p465,1,86
967,p466,1,96
968,p467,1,37
971,p468,1,65
972,p469,1,12
973,p470,1,77
975,p471,1,77
976,p472,1,24
978,p473,1,37
981,p474,1,92
984,p475,1,55
987,p476,1,52
989,p477,1,34
992,p478,1,84
993,p479,1,62
994,p480,1,60
997,p481,1,2
1000,p482,1,70
1002,p483,1,24
1004,p484,1,17
1005,p485,1,91
1007,p486,1,26
1008,p487,1,71
1009,p488,1,44
1012,p489,1,16
1015,p490,1,4
1017,p491,1,21
1018,p492,1,67
1021,p493,1,73
1024,p494,1,59
1026,p495,1,84
1027,p496,1,52
1030,p497,1,7
1033,p498,1,92
1035,p499,1,8
1038,p500,1,88
1040,p501,1,61
1042,p502,1,20
1043,p503,1,82
1045,p504,1,44
1046,p505,1,21
1048,p506,1,97
1050,p507,1,43
1053,p508,1,83
1056,p509,1,91
1059,p510,1,32
1062,p511,1,14
1064,p512,1,60
1066,p513,1,17
1067,p514,1,34
1070,p515,1,46
1072,p516,1,94
1075,p517,1,77
1077,p518,1,46
1080,p519,1,80
1082,p520,1,55
1085,p521,1,66
1087,p522,1,42
1088,p523,1,19
1091,p524,1,82
1094,p525,1,15
1095,p526,1,74
1097,p527,1,27
1099,p528,1,50
1102,p529,1,96
1105,p530,1,53
1107,p531,1,70
1109,p532,1,2
1111,p533,1,52
1113,p534,1,7
1115,p535,1,55
1116,p536,1,58
1118,p537,1,63
1121,p538,1,67
1122,p539,1,60
1124,p540,1,14
1125,p541,1,32
1128,p542,1,47
1130,p543,1,65
1131,p544,1,44
1132,p545,1,34
1135,p546,1,30
1138,p547,1,13
1139,p548,1,89
1142,p549,1,37
1145,p550,1,4
1148,p551,1,19
1151,p552,1,22
1154,p553,1,70
1157,p554,1,43
1160,p555,1,77
1162,p556,1,55
1163,p557,1,62
1164,p558,1,78
1166,p559,1,16
1168,p560,1,18
1170,p561,1,71
1172,p562,1,89
1175,p563,1,32
1177,p564,1,21
1180,p565,1,16
1182,p566,1,23
1184,p567,1,23
1186,p568,1,93
1188,p569,1,72
1191,p570,1,9
1192,p571,1,49
1195,p572,1,83
1198,p573,1,49
1201,p574,1,53
1203,p575,1,33
1206,p576,1,40
1209,p577,1,73
1210,p578,1,17
1213,p579,1,92
1214,p580,1,30
1217,p581,1,10
1218,p582,1,85
1220,p583,1,19
1222,p584,1,53
1225,p585,1,17
1226,p586,1,3
1229,p587,1,34
1230,p588,1,42
1233,p589,1,31
1234,p590,1,12
1235,p591,1,7
1236,p592,1,9
1237,p593,1,28
1239,p594,1,90
1240,p595,1,77
1242,p596,1,21
1244,p597,1,31
1247,p598,1,12
1250,p599,1,61
1251,p600,1,12
1252,p601,1,34
1253,p602,1,30
1254,p603,1,27
1257,p604,1,72
1258,p605,1,10
1259,p606,1,33
1261,p607,1,45
1262,p608,1,39
1265,p609,1,66
1267,p610,1,68
1269,p611,1,66
1270,p612,1,8
1271,p613,1,91
1273,p614,1,56
1274,p615,1,8
1276,p616,1,22
1277,p617,1,89
1278,p618,1,62
1280,p619,1,47
1282,p620,1,70
1285,p621,1,47
1287,p622,1,51
1290,p623,1,72
1291,p624,1,31
1292,p625,1,33
1293,p626,1,16
1295,p627,1,8
1296,p628,1,61
1297,p629,1,85
1298,p630,1,43
1299,p631,1,35
1300,p632,1,17
1301,p633,1,65
1302,p634,1,61
1303,p635,1,2
1304,p636,1,16
1307,p637,1,4
1309,p638,1,58
1312,p639,1,65
1314,p640,1,28
1317,p641,1,36
1318,p642,1,46
1319,p643,1,65
1320,p644,1,12
1323,p645,1,5
1325,p646,1,34
1328,p647,1,68
1330,p648,1,86
1333,p649,1,70
1335,p650,1,71
1336,p651,1,48
1338,p652,1,82
1339,p653,1,66
1342,p654,1,13
1344,p655,1,29
1347,p656,1,9
1349,p657,1,100
1351,p658,1,15
1354,p659,1,86
1355,p660,1,10
1358,p661,1,74
1360,p662,1,92
1362,p663,1,29
1365,p664,1,99
1366,p665,1,32
1368,p666,1,72
1369,p667,1,88
1370,p668,1,6
1371,p669,1,31
1374,p670,1,32
1376,p671,1,65
1378,p672,1,88
1381,p673,1,78
1382,p674,1,39
1383,p675,1,89
1384,p676,1,25
1385,p677,1,19
1388,p678,1,87
1389,p679,1,43
1390,p680,1,10
1391,p681,1,51
1393,p682,1,80
1396,p683,1,57
1399,p684,1,53
1401,p685,1,39
1403,p686,1,85
1404,p687,1,22
1405,p688,1,80
1406,p689,1,93
1407,p690,1,61
1408,p691,1,72
1410,p692,1,32
1412,p693,1,98
1414,p694,1,9
1415,p695,1,2
1416,p696,1,66
1417,p697,1,22
1418,p698,1,2
1419,p699,1,4
1422,p700,1,51
1423,p701,1,81
1425,p702,1,29
1426,p703,1,79
1429,p704,1,57
1432,p705,1,20
1435,p706,1,88
1437,p707,1,21
1439,p708,1,12
1441,p709,1,82
1444,p710,1,72
1445,p711,1,81
1446,p712,1,39
1449,p713,1,24
1451,p714,1,84
1454,p715,1,79
1456,p716,1,72
1458,p717,1,44
1461,p718,1,83
1462,p719,1,92
1465,p720,1,36
1466,p721,1,93
1469,p722,1,23
1471,p723,1,34
1473,p724,1,93
1476,p725,1,10
1479,p726,1,95
1482,p727,1,55
1483,p728,1,19
1484,p729,1,46
1485,p730,1,92
1486,p731,1,28
1489,p732,1,21
1490,p733,1,83
1492,p734,1,20
1494,p735,1,44
1497,p736,1,8
1498,p737,1,47
1499,p738,1,69
1501,p739,1,53
1504,p740,1,93
1505,p741,1,77
1506,p742,1,2
1507,p743,1,86
1510,p744,1,91
1512,p745,1,45
1515,p746,1,85
1518,p747,1,70
1520,p748,1,31
1523,p749,1,82
1526,p750,1,97
1527,p751,1,60
1529,p752,1,86
1531,p753,1,13
1533,p754,1,43
1534,p755,1,72
1535,p756,1,52
1538,p757,1,98
1539,p758,1,7
1542,p759,1,49
1543,p760,1,78
1546,p761,1,69
1547,p762,1,12
1548,p763,1,6
1550,p764,1,4
1553,p765,1,62
1556,p766,1,90
1559,p767,1,47
1562,p768,1,35
1565,p769,1,12
1566,p770,1,59
1569,p771,1,64
1571,p772,1,37
1572,p773,1,69
1575,p774,1,43
1576,p775,1,93
1577,p776,1,86
1579,p777,1,99
1582,p778,1,8
1585,p779,1,46
1586,p780,1,27
1589,p781,1,93
1591,p782,1,39
1594,p783,1,22
1597,p784,1,62
1599,p785,1,39
1600,p786,1,58
1602,p787,1,18
1605,p788,1,73
1608,p789,1,8
1611,p790,1,70
1613,p791,1,82
1616,p792,1,29
1618,p793,1,28
1621,p794,1,4
1624,p795,1,72
1627,p796,1,64
1630,p797,1,79
1633,p798,1,22
1635,p799,1,8
1638,p800,1,42
1640,p801,1,94
1643,p802,1,36
1645,p803,1,75
1646,p804,1,81
1647,p805,1,93
1648,p806,1,7
1651,p807,1,59
1653,p808,1,2
1655,p809,1,42
1657,p810,1,9
1659,p811,1,56
1660,p812,1,75
1663,p813,1,28
1665,p814,1,11
1666,p815,1,66
1667,p816,1,46
1670,p817,1,87
1673,p818,1,2
1674,p819,1,80
1676,p820,1,93
1679,p821,1,10
1682,p822,1,38
1683,p823,1,78
1684,p824,1,85
1686,p825,1,55
1687,p826,1,24
1689,p827,1,16
1691,p828,1,52
1693,p829,1,77
1696,p830,1,3
1699,p831,1,5
1702,p832,1,58
1705,p833,1,29
1708,p834,1,39
1709,p835,1,80
1712,p836,1,41
1714,p837,1,13
1715,p838,1,60
1717,p839,1,68
1719,p840,1,72
1720,p841,1,45
1722,p842,1,89
1725,p843,1,90
1726,p844,1,81
1727,p845,1,6
1729,p846,1,72
1732,p847,1,96
1735,p848,1,48
1738,p849,1,99
1739,p850,1,20
1742,p851,1,96
1744,p852,1,92
1747,p853,1,98
1748,p854,1,47
1751,p855,1,34
1754,p856,1,34
1757,p857,1,73
1760,p858,1,45
1761,p859,1,99
1764,p860,1,81
1766,p861,1,65
1769,p862,1,98
1771,p863,1,65
1772,p864,1,100
1774,p865,1,68
1775,p866,1,19
1776,p867,1,66
1779,p868,1,66
1781,p869,1,89
1782,p870,1,13
1784,p871,1,83
1787,p872,1,72
1788,p873,1,36
1791,p874,1,14
1793,p875,1,82
1795,p876,1,3
1797,p877,1,76
1799,p878,1,55
1800,p879,1,95
1801,p880,1,30
1803,p881,1,66
1805,p882,1,78
1806,p883,1,16
1807,p884,1,59
1809,p885,1,84
1811,p886,1,68
1812,p887,1,63
1813,p888,1,57
1815,p889,1,72
1816,p890,1,32
1817,p891,1,75
1819,p892,1,2
1821,p893,1,34
1824,p894,1,91
1825,p895,1,89
1826,p896,1,63
1828,p897,1,20
1829,p898,1,28
1830,p899,1,37
1833,p900,1,82
1836,p901,1,5
1837,p902,1,23
1838,p903,1,90
1841,p904,1,61
1842,p905,1,94
1843,p906,1,43
1844,p907,1,96
1846,p908,1,65
1847,p909,1,68
1848,p910,1,11
1849,p911,1,41
1851,p912,1,5
1854,p913,1,79
1856,p914,1,99
1858,p915,1,60
1860,p916,1,58
1861,p917,1,11
1863,p918,1,8
1866,p919,1,67
1869,p920,1,62
1871,p921,1,63
1873,p922,1,71
1876,p923,1,27
1878,p924,1,5
1881,p925,1,33
1882,p926,1,16
1883,p927,1,100
1886,p928,1,83
1887,p929,1,16
1889,p930,1,85
1892,p931,1,44
1894,p932,1,6
1896,p933,1,62
1899,p934,1,24
1901,p935,1,24
1902,p936,1,73
1903,p937,1,70
1905,p938,1,34
1908,p939,1,56
1910,p940,1,35
1913,p941,1,55
1915,p942,1,88
1917,p943,1,55
1919,p944,1,89
1922,p945,1,45
1925,p946,1,47
1926,p947,1,67
1928,p948,1,85
1931,p949,1,80
1932,p950,1,33
1934,p951,1,41
1935,p952,1,47
1936,p953,1,58
1937,p954,1,62
1940,p955,1,42
1941,p956,1,13
1943,p957,1,58
1944,p958,1,29
1946,p959,1,84
1947,p960,1,53
1950,p961,1,97
1951,p962,1,55
1953,p963,1,69
1956,p964,1,10
1959,p965,1,40
1960,p966,1,89
1963,p967,1,8
1964,p968,1,92
1965,p969,1,94
1966,p970,1,82
1968,p971,1,99
1971,p972,1,31
1974,p973,1,69
1977,p974,1,27
1979,p975,1,26
1980,p976,1,77
1983,p977,1,82
1985,p978,1,70
1987,p979,1,95
1988,p980,1,26
1990,p981,1,38
1991,p982,1,63
1992,p983,1,55
1994,p984,1,99
1995,p985,1,37
1997,p986,1,22
1999,p987,1,8
2000,p988,1,66
2002,p989,1,51
2003,p990,1,98
2004,p991,1,41
2005,p992,1,26
2007,p993,1,7
2010,p994,1,27
2013,p995,1,19
2014,p996,1,95
2017,p997,1,32
2019,p998,1,93
2020,p999,1,44
2021,p1000,1,60
2022,p1001,1,63
2025,p1002,1,43
2028,p1003,1,7
2031,p1004,1,64
2034,p1005,1,54
2035,p1006,1,70
2038,p1007,1,19
2040,p1008,1,51
2043,p1009,1,29
2045,p1010,1,11
2048,p1011,1,6
2050,p1012,1,74
2052,p1013,1,52
2054,p1014,1,5
2057,p1015,1,98
2059,p1016,1,15
2062,p1017,1,44
2063,p1018,1,71
2064,p1019,1,74
2067,p1020,1,82
2068,p1021,1,87
2071,p1022,1,19
2074,p1023,1,64
2075,p1024,1,26
2076,p1025,1,45
2078,p1026,1,41
2080,p1027,1,99
2083,p1028,1,38
2085,p1029,1,5
2086,p1030,1,32
2089,p1031,1,73
2091,p1032,1,47
2093,p1033,1,3
2094,p1034,1,77
2097,p1035,1,26
2100,p1036,1,43
2101,p1037,1,73
2103,p1038,1,24
2104,p1039,1,90
2107,p1040,1,50
2108,p1041,1,45
2109,p1042,1,72
2110,p1043,1,41
2113,p1044,1,89
2114,p1045,1,8
2115,p1046,1,14
2117,p1047,1,11
2120,p1048,1,64
2122,p1049,1,89
2125,p1050,1,46
2126,p1051,1,58
2129,p1052,1,98
2131,p1053,1,80
2134,p1054,1,68
2136,p1055,1,62
2138,p1056,1,11
2139,p1057,1,61
2140,p1058,1,15
2142,p1059,1,8
2143,p1060,1,31
2145,p1061,1,33
2148,p1062,1,39
2150,p1063,1,25
2153,p1064,1,26
2154,p1065,1,85
2156,p1066,1,12
2158,p1067,1,14
2160,p1068,1,91
2163,p1069,1,27
2164,p1070,1,92
2165,p1071,1,90
2166,p1072,1,57
2169,p1073,1,39
2172,p1074,1,40
2173,p1075,1,98
2176,p1076,1,40
2179,p1077,1,70
2180,p1078,1,93
2183,p1079,1,80
2185,p1080,1,75
2187,p1081,1,36
2188,p1082,1,36
2190,p1083,1,18
2191,p1084,1,12
2194,p1085,1,68
2196,p1086,1,65
2198,p1087,1,87
2201,p1088,1,94
2202,p1089,1,3
2203,p1090,1,32
2204,p1091,1,7
2206,p1092,1,86
2207,p1093,1,6
2210,p1094,1,77
2212,p1095,1,17
2215,p1096,1,92
2217,p1097,1,57
2218,p1098,1,24
2219,p1099,1,72
2221,p1100,1,32
2222,p1101,1,85
2223,p1102,1,88
2224,p1103,1,8
2227,p1104,1,70
2230,p1105,1,89
2232,p1106,1,87
2233,p1107,1,84
2235,p1108,1,24
2237,p1109,1,22
2239,p1110,1,98
2241,p1111,1,33
2243,p1112,1,89
2244,p1113,1,51
2246,p1114,1,73
2248,p1115,1,52
2251,p1116,1,91
2252,p1117,1,89
2254,p1118,1,75
2256,p1119,1,76
2259,p1120,1,59
2260,p1121,1,25
2263,p1122,1,32
2264,p1123,1,45
2267,p1124,1,22
2270,p1125,1,66
2272,p1126,1,7
2273,p1127,1,66
2274,p1128,1,94
2276,p1129,1,98
2279,p1130,1,68
2281,p1131,1,46
2283,p1132,1,65
2286,p1133,1,36
2288,p1134,1,9
2289,p1135,1,77
2291,p1136,1,17
2292,p1137,1,22
2295,p1138,1,26
2298,p1139,1,11
2299,p1140,1,13
2300,p1141,1,53
2303,p1142,1,35
2305,p1143,1,87
2308,p1144,1,80
2309,p1145,1,42
2312,p1146,1,99
2314,p1147,1,5
2317,p1148,1,75
2319,p1149,1,14
2320,p1150,1,72
2321,p1151,1,91
2324,p1152,1,26
2325,p1153,1,15
2326,p1154,1,65
2327,p1155,1,20
2330,p1156,1,66
2332,p1157,1,61
2333,p1158,1,48
2336,p1159,1,98
2337,p1160,1,99
2339,p1161,1,7
2341,p1162,1,76
2342,p1163,1,93
2343,p1164,1,18
2344,p1165,1,75
2347,p1166,1,96
2350,p1167,1,85
2353,p1168,1,23
2354,p1169,1,93
2355,p1170,1,66
2357,p1171,1,83
2358,p1172,1,62
2360,p1173,1,61
2362,p1174,1,83
2365,p1175,1,74
2366,p1176,1,36
2367,p1177,1,70
2369,p1178,1,29
2372,p1179,1,78
2375,p1180,1,15
2378,p1181,1,24
2381,p1182,1,89
2382,p1183,1,15
2384,p1184,1,100
2386,p1185,1,36
2387,p1186,1,53
2390,p1187,1,61
2393,p1188,1,4
2394,p1189,1,96
2396,p1190,1,93
2399,p1191,1,67
2402,p1192,1,30
2405,p1193,1,10
2406,p1194,1,15
2409,p1195,1,47
2411,p1196,1,3
2414,p1197,1,75
2417,p1198,1,99
2419,p1199,1,51
2422,p1200,1,83
2425,p1201,1,48
2426,p1202,1,94
2429,p1203,1,13
2430,p1204,1,87
2433,p1205,1,7
2436,p1206,1,52
2438,p1207,1,14
2440,p1208,1,41
2441,p1209,1,98
2443,p1210,1,21
2446,p1211,1,91
2447,p1212,1,9
2450,p1213,1,45
2451,p1214,1,36
2454,p1215,1,27
2457,p1216,1,50
2460,p1217,1,94
2462,p1218,1,97
2463,p1219,1,40
2466,p1220,1,93
2467,p1221,1,94
2470,p1222,1,49
2473,p1223,1,31
2476,p1224,1,71
2478,p1225,1,92
2479,p1226,1,66
2480,p1227,1,98
2481,p1228,1,46
2482,p1229,1,86
2484,p1230,1,14
2485,p1231,1,23
2486,p1232,1,43
2487,p1233,1,7
2488,p1234,1,77
2491,p1235,1,70
2494,p1236,1,49
2495,p1237,1,30
2498,p1238,1,90
2501,p1239,1,96
2503,p1240,1,62
2505,p1241,1,42
2507,p1242,1,99
2508,p1243,1,71
2510,p1244,1,26
2512,p1245,1,11
2514,p1246,1,88
2515,p1247,1,19
2516,p1248,1,28
2519,p1249,1,92
2521,p1250,1,58
2524,p1251,1,5
2526,p1252,1,14
2529,p1253,1,72
2530,p1254,1,7
2532,p1255,1,94
2534,p1256,1,2
2536,p1257,1,10
2538,p1258,1,66
2541,p1259,1,89
2544,p1260,1,57
2547,p1261,1,75
2549,p1262,1,88
2551,p1263,1,7
2553,p1264,1,41
2555,p1265,1,93
2558,p1266,1,80
2559,p1267,1,91
2560,p1268,1,3
2562,p1269,1,27
2563,p1270,1,26
2564,p1271,1,92
2567,p1272,1,67
2568,p1273,1,53
2571,p1274,1,97
2572,p1275,1,12
2575,p1276,1,55
2578,p1277,1,64
2580,p1278,1,34
2583,p1279,1,27
2584,p1280,1,84
2586,p1281,1,100
2589,p1282,1,43
2592,p1283,1,48
2593,p1284,1,74
2594,p1285,1,74
2596,p1286,1,31
2599,p1287,1,61
2602,p1288,1,94
2603,p1289,1,99
2604,p1290,1,85
2606,p1291,1,64
2608,p1292,1,63
2609,p1293,1,9
2611,p1294,1,28
2613,p1295,1,77
2616,p1296,1,7
2619,p1297,1,90
2621,p1298,1,86
2622,p1299,1,10
2624,p1300,1,97
2626,p1301,1,29
2629,p1302,1,28
2631,p1303,1,31
2633,p1304,1,28
2635,p1305,1,59
2637,p1306,1,63
2640,p1307,1,27
2643,p1308,1,67
2645,p1309,1,33
2647,p1310,1,74
2648,p1311,1,28
2651,p1312,1,24
2652,p1313,1,15
2655,p1314,1,83
2656,p1315,1,34
2658,p1316,1,97
2660,p1317,1,16
2663,p1318,1,51
2666,p1319,1,10
2669,p1320,1,37
2671,p1321,1,13
2673,p1322,1,6
2674,p1323,1,14
2676,p1324,1,55
2677,p1325,1,37
2680,p1326,1,72
2681,p1327,1,60
2682,p1328,1,73
2683,p1329,1,5
2686,p1330,1,28
2689,p1331,1,29
2691,p1332,1,42
2693,p1333,1,4
2696,p1334,1,45
2699,p1335,1,51
2700,p1336,1,55
2702,p1337,1,19
2705,p1338,1,55
2706,p1339,1,40
2708,p1340,1,19
2710,p1341,1,8
2711,p1342,1,45
2714,p1343,1,93
2717,p1344,1,16
2718,p1345,1,58
2719,p1346,1,88
2722,p1347,1,56
2723,p1348,1,21
2726,p1349,1,57
2727,p1350,1,21
2728,p1351,1,83
2731,p1352,1,62
2732,p1353,1,54
2733,p1354,1,15
2734,p1355,1,12
2736,p1356,1,95
2737,p1357,1,73
2739,p1358,1,90
2742,p1359,1,68
2743,p1360,1,10
2746,p1361,1,78
2748,p1362,1,26
2750,p1363,1,92
2752,p1364,1,81
2753,p1365,1,5
2756,p1366,1,9
2757,p1367,1,72
2758,p1368,1,5
2760,p1369,1,41
2763,p1370,1,57
2766,p1371,1,52
2767,p1372,1,87
2769,p1373,1,34
2772,p1374,1,22
2773,p1375,1,56
2775,p1376,1,91
2778,p1377,1,88
2779,p1378,1,36
2780,p1379,1,49
2781,p1380,1,65
2783,p1381,1,91
2785,p1382,1,80
2786,p1383,1,57
2789,p1384,1,21
2790,p1385,1,58
2792,p1386,1,3
2795,p1387,1,66
2797,p1388,1,13
2799,p1389,1,67
2801,p1390,1,45
2803,p1391,1,30
2804,p1392,1,64
2807,p1393,1,18
2809,p1394,1,24
2811,p1395,1,61
2813,p1396,1,85
2816,p1397,1,38
2819,p1398,1,74
2822,p1399,1,5
2825,p1400,1,96
2828,p1401,1,74
2830,p1402,1,35
2832,p1403,1,66
2834,p1404,1,66
2835,p1405,1,66
2837,p1406,1,85
2840,p1407,1,56
2841,p1408,1,79
2842,p1409,1,74
2843,p1410,1,7
2844,p1411,1,78
2846,p1412,1,29
2849,p1413,1,24
2851,p1414,1,27
2854,p1415,1,100
2855,p1416,1,99
2856,p1417,1,22
2859,p1418,1,6
2860,p1419,1,90
2863,p1420,1,6
2865,p1421,1,35
2866,p1422,1,82
2867,p1423,1,37
2870,p1424,1,20
2872,p1425,1,9
2873,p1426,1,8
2874,p1427,1,37
2876,p1428,1,52
2877,p1429,1,47
2879,p1430,1,38
2882,p1431,1,91
2883,p1432,1,24
2886,p1433,1,66
2889,p1434,1,24
2892,p1435,1,80
2893,p1436,1,64
2894,p1437,1,34
2895,p1438,1,96
2898,p1439,1,73
2899,p1440,1,29
2902,p1441,1,17
2905,p1442,1,91
2907,p1443,1,78
2910,p1444,1,32
2911,p1445,1,50
2913,p1446,1,34
2916,p1447,1,56
2919,p1448,1,76
2921,p1449,1,72
2924,p1450,1,92
2925,p1451,1,60
2927,p1452,1,17
2930,p1453,1,13
2933,p1454,1,11
2934,p1455,1,43
2935,p1456,1,9
2937,p1457,1,31
2938,p1458,1,29
2939,p1459,1,12
2942,p1460,1,63
2943,p1461,1,72
2946,p1462,1,52
2947,p1463,1,52
2950,p1464,1,22
2951,p1465,1,24
2954,p1466,1,47
2956,p1467,1,17
2957,p1468,1,47
2959,p1469,1,65
2962,p1470,1,55
2963,p1471,1,100
2966,p1472,1,85
2968,p1473,1,41
2969,p1474,1,15
2970,p1475,1,10
2973,p1476,1,15
2974,p1477,1,44
2975,p1478,1,50
2977,p1479,1,50
2978,p1480,1,69
2981,p1481,1,98
2982,p1482,1,37
2984,p1483,1,69
2985,p1484,1,86
2988,p1485,1,35
2991,p1486,1,91
2993,p1487,1,18
2994,p1488,1,84
2996,p1489,1,42
2999,p1490,1,80
3002,p1491,1,26
3005,p1492,1,60
3006,p1493,1,31
3009,p1494,1,80
3010,p1495,1,59
3013,p1496,1,51
3014,p1497,1,11
3017,p1498,1,17
3020,p1499,1,82
3022,p1500,1,75
3025,p1501,1,4
3028,p1502,1,70
3031,p1503,1,39
3032,p1504,1,17
3033,p1505,1,72
3036,p1506,1,14
3039,p1507,1,47
3040,p1508,1,75
3043,p1509,1,44
3044,p1510,1,60
3045,p1511,1,15
3047,p1512,1,42
3049,p1513,1,83
3052,p1514,1,60
3053,p1515,1,64
3056,p1516,1,59
3058,p1517,1,27
3059,p1518,1,58
3062,p1519,1,99
3065,p1520,1,48
3068,p1521,1,37
3069,p1522,1,9
3072,p1523,1,90
3074,p1524,1,81
3076,p1525,1,22
3079,p1526,1,27
3080,p1527,1,100
3082,p1528,1,52
3084,p1529,1,31
3087,p1530,1,48
3088,p1531,1,42
3090,p1532,1,67
3092,p1533,1,67
3094,p1534,1,40
3097,p1535,1,58
3100,p1536,1,65
3102,p1537,1,25
3105,p1538,1,57
3108,p1539,1,79
3111,p1540,1,89
3114,p1541,1,15
3117,p1542,1,55
3120,p1543,1,31
3122,p1544,1,50
3125,p1545,1,45
3127,p1546,1,54
3128,p1547,1,22
3131,p1548,1,92
3134,p1549,1,48
3135,p1550,1,45
3136,p1551,1,72
3137,p1552,1,46
3139,p1553,1,80
3141,p1554,1,18
3144,p1555,1,82
3147,p1556,1,18
3148,p1557,1,2
3149,p1558,1,74
3152,p1559,1,93
3154,p1560,1,37
3157,p1561,1,25
3158,p1562,1,90
3161,p1563,1,61
3164,p1564,1,65
3167,p1565,1,52
3168,p1566,1,64
3170,p1567,1,16
3172,p1568,1,85
3174,p1569,1,65
3177,p1570,1,2
3178,p1571,1,32
3180,p1572,1,67
3181,p1573,1,98
3184,p1574,1,81
3186,p1575,1,66
3189,p1576,1,67
3191,p1577,1,26
3192,p1578,1,82
3193,p1579,1,13
3196,p1580,1,80
3199,p1581,1,17
3201,p1582,1,73
3203,p1583,1,18
3204,p1584,1,9
3207,p1585,1,64
3209,p1586,1,28
3210,p1587,1,23
3213,p1588,1,21
3215,p1589,1,9
3217,p1590,1,12
3219,p1591,1,14
3220,p1592,1,23
3221,p1593,1,33
3222,p1594,1,28
3225,p1595,1,53
3227,p1596,1,21
3229,p1597,1,4
3230,p1598,1,57
3231,p1599,1,11
3234,p1600,1,13
3235,p1601,1,92
3238,p1602,1,10
3241,p1603,1,31
3244,p1604,1,90
3247,p1605,1,18
3248,p1606,1,74
3251,p1607,1,68
3253,p1608,1,32
3254,p1609,1,26
3255,p1610,1,2
3256,p1611,1,66
3258,p1612,1,67
3260,p1613,1,6
3261,p1614,1,97
3264,p1615,1,38
3266,p1616,1,79
3268,p1617,1,43
3271,p1618,1,70
3273,p1619,1,68
3274,p1620,1,42
3277,p1621,1,11
3280,p1622,1,75
3282,p1623,1,11
3285,p1624,1,19
3288,p1625,1,24
3291,p1626,1,43
3293,p1627,1,4
3295,p1628,1,97
3298,p1629,1,20
3300,p1630,1,49
3302,p1631,1,25
3303,p1632,1,97
3306,p1633,1,52
3308,p1634,1,56
3309,p1635,1,44
3312,p1636,1,30
3314,p1637,1,94
3315,p1638,1,88
3318,p1639,1,6
3320,p1640,1,5
3322,p1641,1,45
3325,p1642,1,6
3327,p1643,1,90
3330,p1644,1,29
3331,p1645,1,56
3333,p1646,1,66
3336,p1647,1,59
3337,p1648,1,26
3338,p1649,1,35
3339,p1650,1,6
3340,p1651,1,98
3341,p1652,1,33
3344,p1653,1,11
3346,p1654,1,90
3347,p1655,1,54
3349,p1656,1,98
3352,p1657,1,37
3353,p1658,1,37
3354,p1659,1,89
3357,p1660,1,31
3358,p1661,1,100
3361,p1662,1,49
3362,p1663,1,33
3364,p1664,1,27
3366,p1665,1,98
3368,p1666,1,27
3371,p1667,1,18
3372,p1668,1,9
3374,p1669,1,42
3376,p1670,1,37
3377,p1671,1,60
3379,p1672,1,62
3381,p1673,1,77
3383,p1674,1,5
3384,p1675,1,32
3386,p1676,1,31
3389,p1677,1,44
3390,p1678,1,27
3393,p1679,1,21
3395,p1680,1,14
3398,p1681,1,71
3399,p1682,1,87
3400,p1683,1,85
3402,p1684,1,93
3403,p1685,1,20
3405,p1686,1,74
3408,p1687,1,15
3409,p1688,1,27
3412,p1689,1,69
3415,p1690,1,14
3416,p1691,1,66
3419,p1692,1,100
3422,p1693,1,56
3425,p1694,1,92
3426,p1695,1,82
3428,p1696,1,44
3430,p1697,1,15
3431,p1698,1,55
3434,p1699,1,32
3436,p1700,1,14
3438,p1701,1,16
3440,p1702,1,87
3443,p1703,1,44
3446,p1704,1,15
3448,p1705,1,76
3451,p1706,1,71
3454,p1707,1,31
3455,p1708,1,17
3456,p1709,1,5
3459,p1710,1,10
3462,p1711,1,16
3463,p1712,1,86
3466,p1713,1,98
3469,p1714,1,68
3471,p1715,1,54
3474,p1716,1,65
3477,p1717,1,59
3480,p1718,1,27
3483,p1719,1,52
3485,p1720,1,46
3487,p1721,1,94
3489,p1722,1,21
3491,p1723,1,12
3493,p1724,1,82
3495,p1725,1,57
3497,p1726,1,100
3498,p1727,1,95
3499,p1728,1,26
3500,p1729,1,70
3503,p1730,1,13
3506,p1731,1,2
3508,p1732,1,17
3510,p1733,1,99
3512,p1734,1,81
3513,p1735,1,73
3516,p1736,1,51
3518,p1737,1,25
3519,p1738,1,2
3522,p1739,1,11
3525,p1740,1,75
3527,p1741,1,31
3529,p1742,1,89
3532,p1743,1,73
3534,p1744,1,81
3536,p1745,1,44
3537,p1746,1,89
3539,p1747,1,76
3541,p1748,1,38
3543,p1749,1,10
3544,p1750,1,22
3545,p1751,1,98
3548,p1752,1,67
3551,p1753,1,37
3553,p1754,1,83
3555,p1755,1,5
3556,p1756,1,79
3558,p1757,1,38
3559,p1758,1,83
3561,p1759,1,54
3563,p1760,1,17
3566,p1761,1,83
3568,p1762,1,39
3570,p1763,1,82
3572,p1764,1,5
3574,p1765,1,90
3577,p1766,1,86
3580,p1767,1,11
3582,p1768,1,56
3583,p1769,1,50
3585,p1770,1,96
3587,p1771,1,48
3590,p1772,1,23
3593,p1773,1,61
3596,p1774,1,73
3597,p1775,1,89
3600,p1776,1,6
3601,p1777,1,37
3602,p1778,1,98
3605,p1779,1,100
3608,p1780,1,91
3610,p1781,1,8
3611,p1782,1,9
3614,p1783,1,36
3617,p1784,1,100
3620,p1785,1,22
3623,p1786,1,59
3625,p1787,1,48
3626,p1788,1,88
3627,p1789,1,36
3630,p1790,1,82
3633,p1791,1,81
3636,p1792,1,25
3638,p1793,1,79
3641,p1794,1,97
3644,p1795,1,94
3646,p1796,1,2
3649,p1797,1,92
3652,p1798,1,86
3653,p1799,1,62
3656,p1800,1,8
3658,p1801,1,87
3659,p1802,1,12
3660,p1803,1,99
3662,p1804,1,57
3664,p1805,1,66
3666,p1806,1,43
3669,p1807,1,51
3672,p1808,1,91
3675,p1809,1,50
3677,p1810,1,65
3678,p1811,1,79
3681,p1812,1,77
3684,p1813,1,17
3685,p1814,1,59
3687,p1815,1,81
3690,p1816,1,49
3691,p1817,1,48
3693,p1818,1,99
3696,p1819,1,32
3698,p1820,1,50
3701,p1821,1,89
3702,p1822,1,8
3705,p1823,1,86
3707,p1824,1,8
3709,p1825,1,38
3710,p1826,1,79
3711,p1827,1,58
3713,p1828,1,94
3715,p1829,1,42
3717,p1830,1,32
3719,p1831,1,60
3721,p1832,1,63
3723,p1833,1,46
3725,p1834,1,18
3726,p1835,1,77
3727,p1836,1,57
3728,p1837,1,97
3731,p1838,1,80
3732,p1839,1,56
3735,p1840,1,63
3737,p1841,1,22
3739,p1842,1,71
3741,p1843,1,6
3744,p1844,1,98
3746,p1845,1,19
3747,p1846,1,45
3749,p1847,1,5
3752,p1848,1,4
3753,p1849,1,33
3755,p1850,1,60
3756,p1851,1,25
3758,p1852,1,14
3759,p1853,1,44
3760,p1854,1,35
3761,p1855,1,97
3762,p1856,1,47
3763,p1857,1,92
3765,p1858,1,90
3767,p1859,1,77
3769,p1860,1,91
3770,p1861,1,11
3773,p1862,1,100
3776,p1863,1,91
3779,p1864,1,80
3780,p1865,1,91
3782,p1866,1,87
3783,p1867,1,97
3784,p1868,1,99
3786,p1869,1,100
3788,p1870,1,85
3791,p1871,1,17
3793,p1872,1,8
3795,p1873,1,84
3797,p1874,1,57
3798,p1875,1,61
3799,p1876,1,93
3801,p1877,1,21
3804,p1878,1,17
3806,p1879,1,86
3808,p1880,1,45
3809,p1881,1,3
3811,p1882,1,99
3814,p1883,1,66
3815,p1884,1,32
3818,p1885,1,67
3819,p1886,1,81
3822,p1887,1,55
3824,p1888,1,89
3827,p1889,1,28
3828,p1890,1,68
3830,p1891,1,45
3833,p1892,1,97
3834,p1893,1,79
3837,p1894,1,50
3839,p1895,1,62
3841,p1896,1,14
3842,p1897,1,75
3843,p1898,1,29
3845,p1899,1,11
3848,p1900,1,66
3849,p1901,1,38
3850,p1902,1,57
3852,p1903,1,57
3855,p1904,1,57
3858,p1905,1,91
3860,p1906,1,44
3862,p1907,1,27
3863,p1908,1,3
3864,p1909,1,19
3865,p1910,1,10
3868,p1911,1,93
3869,p1912,1,6
3870,p1913,1,98
3872,p1914,1,74
3874,p1915,1,11
3875,p1916,1,63
3876,p1917,1,86
3877,p1918,1,27
3880,p1919,1,73
3881,p1920,1,38
3882,p1921,1,50
3884,p1922,1,25
3886,p1923,1,32
3887,p1924,1,47
3890,p1925,1,28
3892,p1926,1,96
3893,p1927,1,16
3895,p1928,1,98
3898,p1929,1,18
3900,p1930,1,2
3901,p1931,1,88
3902,p1932,1,77
3904,p1933,1,92
3905,p1934,1,88
3906,p1935,1,59
3908,p1936,1,37
3911,p1937,1,86
3914,p1938,1,81
3915,p1939,1,7
3916,p1940,1,97
3919,p1941,1,89
3920,p1942,1,86
3922,p1943,1,33
3925,p1944,1,28
3926,p1945,1,53
3928,p1946,1,46
3930,p1947,1,20
3931,p1948,1,77
3933,p1949,1,19
3936,p1950,1,83
3938,p1951,1,28
3941,p1952,1,2
3942,p1953,1,6
3944,p1954,1,31
3945,p1955,1,35
3948,p1956,1,65
3950,p1957,1,51
3953,p1958,1,78
3954,p1959,1,11
3957,p1960,1,34
3959,p1961,1,8
3962,p1962,1,98
3963,p1963,1,62
3964,p1964,1,55
3966,p1965,1,49
3969,p1966,1,40
3970,p1967,1,46
3972,p1968,1,7
3975,p1969,1,43
3978,p1970,1,41
3979,p1971,1,34
3980,p1972,1,81
3982,p1973,1,68
3985,p1974,1,71
3988,p1975,1,33
3990,p1976,1,90
3992,p1977,1,89
3995,p1978,1,33
3997,p1979,1,74
3999,p1980,1,51
4000,p1981,1,37
4001,p1982,1,46
4003,p1983,1,55
4004,p1984,1,87
4006,p1985,1,73
4008,p1986,1,61
4009,p1987,1,100
4010,p1988,1,88
4013,p1989,1,100
4016,p1990,1,68
4017,p1991,1,58
4019,p1992,1,61
4021,p1993,1,17
4023,p1994,1,5
4024,p1995,1,79
4025,p1996,1,12
4027,p1997,1,74
4028,p1998,1,96
4030,p1999,1,47
4033,p2000,1,62
4036,p2001,1,72
4037,p2002,1,87
4039,p2003,1,22
4041,p2004,1,65
4043,p2005,1,5
4045,p2006,1,70
4048,p2007,1,95
4050,p2008,1,37
4051,p2009,1,17
4052,p2010,1,90
4053,p2011,1,92
4056,p2012,1,4
4057,p2013,1,55
4060,p2014,1,39
4062,p2015,1,59
4065,p2016,1,4
4068,p2017,1,7
4070,p2018,1,76
4073,p2019,1,40
4076,p2020,1,31
4078,p2021,1,68
4079,p2022,1,79
4080,p2023,1,42
4083,p2024,1,32
4084,p2025,1,37
4086,p2026,1,25
4089,p2027,1,7
4092,p2028,1,94
4094,p2029,1,62
4095,p2030,1,41
4098,p2031,1,8
4100,p2032,1,84
4103,p2033,1,54
4104,p2034,1,82
4107,p2035,1,15
4109,p2036,1,94
4111,p2037,1,53
4112,p2038,1,58
4114,p2039,1,69
4115,p2040,1,82
4117,p2041,1,78
4118,p2042,1,14
4120,p2043,1,91
4122,p2044,1,89
4125,p2045,1,55
4126,p2046,1,80
4129,p2047,1,48
4131,p2048,1,12
4134,p2049,1,84
4137,p2050,1,65
4139,p2051,1,69
4141,p2052,1,30
4144,p2053,1,59
4145,p2054,1,44
4148,p2055,1,27
4151,p2056,1,65
4152,p2057,1,66
4155,p2058,1,81
4157,p2059,1,37
4158,p2060,1,76
4160,p2061,1,21
4163,p2062,1,74
4166,p2063,1,66
4167,p2064,1,66
4168,p2065,1,48
4170,p2066,1,91
4172,p2067,1,51
4175,p2068,1,80
4176,p2069,1,54
4177,p2070,1,82
4179,p2071,1,54
4182,p2072,1,16
4183,p2073,1,67
4186,p2074,1,3
4187,p2075,1,73
4189,p2076,1,54
4190,p2077,1,82
4192,p2078,1,25
4193,p2079,1,53
4195,p2080,1,72
4197,p2081,1,87
4200,p2082,1,71
4202,p2083,1,18
4204,p2084,1,71
4207,p2085,1,87
4210,p2086,1,18
4212,p2087,1,65
4214,p2088,1,74
4217,p2089,1,13
4220,p2090,1,81
4222,p2091,1,50
4225,p2092,1,89
4228,p2093,1,4
4230,p2094,1,85
4233,p2095,1,93
4234,p2096,1,9
4237,p2097,1,9
4239,p2098,1,33
4241,p2099,1,78
4243,p2100,1,78
4245,p2101,1,65
4247,p2102,1,82
4250,p2103,1,45
4252,p2104,1,47
4255,p2105,1,34
4258,p2106,1,52
4260,p2107,1,48
4262,p2108,1,18
4265,p2109,1,86
4266,p2110,1,51
4267,p2111,1,52
4269,p2112,1,6
4270,p2113,1,90
4271,p2114,1,72
4272,p2115,1,83
4274,p2116,1,35
4277,p2117,1,5
4280,p2118,1,99
4281,p2119,1,32
4282,p2120,1,64
4284,p2121,1,38
4287,p2122,1,78
4289,p2123,1,31
4290,p2124,1,12
4292,p2125,1,85
4293,p2126,1,33
4296,p2127,1,9
4298,p2128,1,29
4299,p2129,1,52
4300,p2130,1,21
4303,p2131,1,8
4305,p2132,1,80
4307,p2133,1,88
4308,p2134,1,63
4310,p2135,1,87
4311,p2136,1,91
4312,p2137,1,25
4315,p2138,1,90
4317,p2139,1,57
4320,p2140,1,12
4323,p2141,1,20
4326,p2142,1,52
4329,p2143,1,84
4332,p2144,1,94
4335,p2145,1,40
4336,p2146,1,12
4339,p2147,1,25
4342,p2148,1,5
4343,p2149,1,76
4345,p2150,1,84
4346,p2151,1,43
4349,p2152,1,68
4350,p2153,1,23
4352,p2154,1,65
4355,p2155,1,39
4356,p2156,1,73
4358,p2157,1,97
4360,p2158,1,72
4363,p2159,1,5
4365,p2160,1,58
4368,p2161,1,77
4371,p2162,1,85
4372,p2163,1,97
4374,p2164,1,15
4377,p2165,1,31
4378,p2166,1,72
4380,p2167,1,71
4381,p2168,1,59
4384,p2169,1,87
4386,p2170,1,96
4388,p2171,1,17
4389,p2172,1,45
4390,p2173,1,43
4393,p2174,1,40
4394,p2175,1,8
4396,p2176,1,59
4398,p2177,1,6
4401,p2178,1,20
4404,p2179,1,61
4405,p2180,1,33
4407,p2181,1,43
4408,p2182,1,99
4409,p2183,1,2
4410,p2184,1,40
4413,p2185,1,22
4415,p2186,1,51
4418,p2187,1,25
4420,p2188,1,37
4422,p2189,1,93
4424,p2190,1,58
4427,p2191,1,20
4428,p2192,1,64
4431,p2193,1,60
4432,p2194,1,69
4433,p2195,1,17
4435,p2196,1,94
4438,p2197,1,56
4439,p2198,1,19
4442,p2199,1,22
4445,p2200,1,30
4447,p2201,1,6
4449,p2202,1,42
4452,p2203,1,6
4453,p2204,1,83
4456,p2205,1,55
4458,p2206,1,28
4461,p2207,1,27
4464,p2208,1,36
4466,p2209,1,94
4469,p2210,1,25
4471,p2211,1,3
4474,p2212,1,36
4475,p2213,1,33
4478,p2214,1,6
4480,p2215,1,44
4481,p2216,1,45
4482,p2217,1,100
4485,p2218,1,34
4486,p2219,1,89
4488,p2220,1,94
4491,p2221,1,70
4492,p2222,1,32
4494,p2223,1,62
4496,p2224,1,42
4499,p2225,1,41
4500,p2226,1,41
4502,p2227,1,29
4505,p2228,1,67
4507,p2229,1,51
4510,p2230,1,27
4511,p2231,1,41
4513,p2232,1,80
4514,p2233,1,91
4515,p2234,1,83
4517,p2235,1,98
4518,p2236,1,46
4520,p2237,1,93
4522,p2238,1,21
4524,p2239,1,39
4526,p2240,1,75
4528,p2241,1,3
4530,p2242,1,82
4532,p2243,1,7
4535,p2244,1,91
4538,p2245,1,54
4540,p2246,1,2
4543,p2247,1,40
4546,p2248,1,86
4549,p2249,1,71
4550,p2250,1,75
4552,p2251,1,38
4553,p2252,1,93
4555,p2253,1,12
4558,p2254,1,72
4560,p2255,1,6
4562,p2256,1,60
4564,p2257,1,73
4567,p2258,1,74
4568,p2259,1,9
4569,p2260,1,5
4571,p2261,1,38
4573,p2262,1,60
4576,p2263,1,14
4577,p2264,1,49
4579,p2265,1,62
4582,p2266,1,35
4584,p2267,1,81
4586,p2268,1,46
4588,p2269,1,55
4590,p2270,1,89
4592,p2271,1,92
4594,p2272,1,76
4595,p2273,1,27
4598,p2274,1,50
4599,p2275,1,100
4602,p2276,1,80
4605,p2277,1,84
4607,p2278,1,69
4608,p2279,1,61
4609,p2280,1,66
4611,p2281,1,62
4614,p2282,1,73
4617,p2283,1,79
4619,p2284,1,22
4621,p2285,1,84
4624,p2286,1,26
4627,p2287,1,18
4629,p2288,1,5
4632,p2289,1,42
4635,p2290,1,17
4636,p2291,1,56
4638,p2292,1,100
4639,p2293,1,99
4642,p2294,1,56
4645,p2295,1,63
4648,p2296,1,93
4651,p2297,1,69
4653,p2298,1,16
4654,p2299,1,72
4655,p2300,1,24
4656,p2301,1,92
4658,p2302,1,2
4659,p2303,1,46
4661,p2304,1,80
4662,p2305,1,79
4664,p2306,1,48
4665,p2307,1,2
4666,p2308,1,50
4669,p2309,1,52
4671,p2310,1,33
4673,p2311,1,50
4675,p2312,1,47
4676,p2313,1,39
4678,p2314,1,65
4680,p2315,1,32
4682,p2316,1,41
4683,p2317,1,66
4685,p2318,1,61
4686,p2319,1,67
4688,p2320,1,99
4689,p2321,1,7
4690,p2322,1,51
4692,p2323,1,87
4695,p2324,1,25
4698,p2325,1,31
4700,p2326,1,67
4703,p2327,1,17
4704,p2328,1,24
4706,p2329,1,39
4707,p2330,1,44
4709,p2331,1,24
4710,p2332,1,59
4711,p2333,1,69
4713,p2334,1,11
4714,p2335,1,26
4716,p2336,1,68
4718,p2337,1,20
4719,p2338,1,42
4722,p2339,1,53
4724,p2340,1,73
4725,p2341,1,66
4727,p2342,1,88
4729,p2343,1,33
4731,p2344,1,73
4733,p2345,1,70
4736,p2346,1,4
4737,p2347,1,27
4739,p2348,1,67
4740,p2349,1,88
4742,p2350,1,10
4745,p2351,1,90
4747,p2352,1,97
4749,p2353,1,89
4750,p2354,1,17
4752,p2355,1,53
4755,p2356,1,59
4756,p2357,1,54
4758,p2358,1,20
4760,p2359,1,74
4762,p2360,1,81
4765,p2361,1,87
4766,p2362,1,18
4769,p2363,1,57
4772,p2364,1,48
4773,p2365,1,8
4774,p2366,1,88
4776,p2367,1,5
4778,p2368,1,74
4781,p2369,1,39
4782,p2370,1,72
4784,p2371,1,75
4786,p2372,1,93
4787,p2373,1,91
4788,p2374,1,3
4790,p2375,1,31
4792,p2376,1,72
4793,p2377,1,42
4795,p2378,1,2
4798,p2379,1,100
4800,p2380,1,43
4803,p2381,1,72
4806,p2382,1,89
4807,p2383,1,22
4809,p2384,1,67
4811,p2385,1,20
4814,p2386,1,76
4816,p2387,1,60
4817,p2388,1,26
4820,p2389,1,50
4822,p2390,1,58
4823,p2391,1,50
4826,p2392,1,67
4827,p2393,1,47
4829,p2394,1,70
4832,p2395,1,40
4835,p2396,1,7
4837,p2397,1,46
4840,p2398,1,48
4841,p2399,1,86
4843,p2400,1,96
4845,p2401,1,66
4848,p2402,1,88
4849,p2403,1,9
4850,p2404,1,30
4851,p2405,1,100
4852,p2406,1,89
4855,p2407,1,68
4858,p2408,1,84
4860,p2409,1,16
4862,p2410,1,53
4864,p2411,1,32
4866,p2412,1,8
4869,p2413,1,53
4870,p2414,1,17
4873,p2415,1,80
4874,p2416,1,39
4876,p2417,1,100
4877,p2418,1,49
4878,p2419,1,50
4879,p2420,1,80
4882,p2421,1,59
4883,p2422,1,37
4884,p2423,1,11
4885,p2424,1,69
4886,p2425,1,67
4887,p2426,1,7
4889,p2427,1,86
4890,p2428,1,86
4892,p2429,1,17
4894,p2430,1,85
4897,p2431,1,3
4898,p2432,1,47
4901,p2433,1,21
4904,p2434,1,76
4905,p2435,1,31
4907,p2436,1,56
4908,p2437,1,13
4910,p2438,1,82
4913,p2439,1,84
4914,p2440,1,67
4916,p2441,1,42
4918,p2442,1,80
4921,p2443,1,45
4923,p2444,1,94
4925,p2445,1,57
4927,p2446,1,17
4930,p2447,1,8
4931,p2448,1,8
4934,p2449,1,98
4935,p2450,1,78
4938,p2451,1,74
4940,p2452,1,40
4942,p2453,1,87
4944,p2454,1,87
4947,p2455,1,66
4949,p2456,1,64
4951,p2457,1,55
4953,p2458,1,94
4956,p2459,1,68
4958,p2460,1,14
4960,p2461,1,88
4963,p2462,1,55
4965,p2463,1,73
4968,p2464,1,70
4969,p2465,1,62
4972,p2466,1,46
4973,p2467,1,36
4976,p2468,1,18
4977,p2469,1,41
4979,p2470,1,56
4982,p2471,1,29
4983,p2472,1,9
4986,p2473,1,97
4987,p2474,1,10
4989,p2475,1,38
4991,p2476,1,75
4994,p2477,1,51
4997,p2478,1,99
4998,p2479,1,60
4999,p2480,1,17
5000,p2481,1,3
5003,p2482,1,58
5004,p2483,1,14
5007,p2484,1,31
5009,p2485,1,79
5012,p2486,1,80
5015,p2487,1,98
5018,p2488,1,81
5020,p2489,1,22
5021,p2490,1,62
5024,p2491,1,77
5027,p2492,1,52
5029,p2493,1,31
5032,p2494,1,92
5035,p2495,1,56
5036,p2496,1,100
5039,p2497,1,80
5042,p2498,1,56
5044,p2499,1,5
5046,p2500,1,55
5049,p2501,1,31
5052,p2502,1,36
5054,p2503,1,69
5055,p2504,1,63
5056,p2505,1,59
5058,p2506,1,51
5061,p2507,1,98
5064,p2508,1,55
5065,p2509,1,97
5068,p2510,1,4
5069,p2511,1,49
5072,p2512,1,25
5073,p2513,1,77
5076,p2514,1,84
5078,p2515,1,80
5081,p2516,1,79
5084,p2517,1,17
5086,p2518,1,48
5088,p2519,1,47
5090,p2520,1,13
5093,p2521,1,58
5095,p2522,1,16
5097,p2523,1,89
5099,p2524,1,61
5102,p2525,1,98
5103,p2526,1,4
5104,p2527,1,32
5105,p2528,1,77
5107,p2529,1,53
5109,p2530,1,14
5111,p2531,1,44
5112,p2532,1,93
5115,p2533,1,39
5116,p2534,1,65
5117,p2535,1,95
5119,p2536,1,85
5122,p2537,1,87
5124,p2538,1,17
5125,p2539,1,55
5128,p2540,1,93
5130,p2541,1,79
5131,p2542,1,10
5134,p2543,1,56
5136,p2544,1,80
5137,p2545,1,30
5138,p2546,1,7
5141,p2547,1,94
5142,p2548,1,45
5144,p2549,1,93
5145,p2550,1,26
5147,p2551,1,81
5150,p2552,1,60
5151,p2553,1,52
5154,p2554,1,40
5155,p2555,1,95
5156,p2556,1,18
5157,p2557,1,3
5158,p2558,1,91
5159,p2559,1,77
5161,p2560,1,44
5164,p2561,1,84
5165,p2562,1,17
5166,p2563,1,16
5167,p2564,1,86
5170,p2565,1,66
5173,p2566,1,91
5176,p2567,1,92
5177,p2568,1,20
5179,p2569,1,57
5181,p2570,1,38
5182,p2571,1,65
5184,p2572,1,51
5187,p2573,1,67
5189,p2574,1,63
5191,p2575,1,65
5192,p2576,1,47
5195,p2577,1,26
5198,p2578,1,8
5201,p2579,1,87
5203,p2580,1,34
5206,p2581,1,41
5207,p2582,1,8
5209,p2583,1,84
5210,p2584,1,60
5213,p2585,1,25
5216,p2586,1,84
5218,p2587,1,16
5219,p2588,1,7
5222,p2589,1,42
5224,p2590,1,50
5225,p2591,1,75
5228,p2592,1,32
5229,p2593,1,76
5232,p2594,1,54
5233,p2595,1,35
5234,p2596,1,50
5235,p2597,1,30
5237,p2598,1,19
5239,p2599,1,96
5241,p2600,1,31
5244,p2601,1,66
5247,p2602,1,42
5250,p2603,1,19
5251,p2604,1,9
5253,p2605,1,29
5254,p2606,1,100
5256,p2607,1,60
5259,p2608,1,38
5262,p2609,1,37
5265,p2610,1,96
5266,p2611,1,92
5269,p2612,1,17
5270,p2613,1,43
5272,p2614,1,57
5275,p2615,1,66
5278,p2616,1,16
5281,p2617,1,40
5282,p2618,1,57
5283,p2619,1,79
5286,p2620,1,2
5289,p2621,1,30
5291,p2622,1,26
5293,p2623,1,95
5294,p2624,1,81
5296,p2625,1,10
5299,p2626,1,25
5300,p2627,1,81
5302,p2628,1,33
5303,p2629,1,78
5306,p2630,1,10
5309,p2631,1,18
5310,p2632,1,30
5313,p2633,1,80
5316,p2634,1,67
5317,p2635,1,8
5318,p2636,1,20
5321,p2637,1,33
5322,p2638,1,70
5324,p2639,1,41
5326,p2640,1,2
5329,p2641,1,9
5332,p2642,1,39
5334,p2643,1,14
5336,p2644,1,94
5339,p2645,1,57
5342,p2646,1,21
5345,p2647,1,88
5348,p2648,1,77
5351,p2649,1,47
5353,p2650,1,48
5356,p2651,1,97
5358,p2652,1,65
5359,p2653,1,81
5361,p2654,1,39
5364,p2655,1,60
5365,p2656,1,32
5368,p2657,1,34
5370,p2658,1,15
5373,p2659,1,23
5376,p2660,1,89
5379,p2661,1,72
5380,p2662,1,94
5381,p2663,1,61
5382,p2664,1,13
5383,p2665,1,20
5384,p2666,1,31
5387,p2667,1,37
5390,p2668,1,78
5391,p2669,1,35
5394,p2670,1,33
5396,p2671,1,42
5399,p2672,1,39
5402,p2673,1,40
5404,p2674,1,75
5406,p2675,1,44
5408,p2676,1,76
5411,p2677,1,3
5414,p2678,1,53
5416,p2679,1,90
5419,p2680,1,53
5421,p2681,1,76
5424,p2682,1,29
5425,p2683,1,52
5426,p2684,1,64
5429,p2685,1,76
5431,p2686,1,68
5434,p2687,1,98
5437,p2688,1,79
5439,p2689,1,14
5441,p2690,1,30
5444,p2691,1,45
5445,p2692,1,6
5447,p2693,1,40
5450,p2694,1,29
5451,p2695,1,51
5453,p2696,1,31
5455,p2697,1,20
5458,p2698,1,21
5461,p2699,1,37
5462,p2700,1,78
5463,p2701,1,13
5464,p2702,1,97
5465,p2703,1,26
5467,p2704,1,7
5469,p2705,1,18
5472,p2706,1,73
5475,p2707,1,47
5476,p2708,1,47
5478,p2709,1,63
5480,p2710,1,34
5481,p2711,1,81
5482,p2712,1,37
5484,p2713,1,91
5485,p2714,1,56
5488,p2715,1,15
5489,p2716,1,37
5492,p2717,1,55
5494,p2718,1,72
5495,p2719,1,99
5498,p2720,1,91
5501,p2721,1,6
5503,p2722,1,19
5504,p2723,1,8
5506,p2724,1,39
5507,p2725,1,53
5509,p2726,1,90
5512,p2727,1,15
5513,p2728,1,6
5514,p2729,1,43
5516,p2730,1,21
5519,p2731,1,16
5521,p2732,1,93
5524,p2733,1,18
5527,p2734,1,14
5528,p2735,1,65
5530,p2736,1,64
5533,p2737,1,42
5534,p2738,1,2
5535,p2739,1,80
5536,p2740,1,45
5539,p2741,1,30
5541,p2742,1,94
5543,p2743,1,40
5546,p2744,1,25
5547,p2745,1,85
5550,p2746,1,48
5551,p2747,1,27
5554,p2748,1,94
5557,p2749,1,62
5558,p2750,1,81
5559,p2751,1,52
5562,p2752,1,43
5563,p2753,1,17
5564,p2754,1,23
5566,p2755,1,73
5567,p2756,1,3
5570,p2757,1,81
5571,p2758,1,11
5574,p2759,1,29
5576,p2760,1,16
5578,p2761,1,5
5581,p2762,1,78
5583,p2763,1,82
5586,p2764,1,36
5587,p2765,1,72
5588,p2766,1,26
5590,p2767,1,11
5592,p2768,1,32
5593,p2769,1,47
5595,p2770,1,29
5597,p2771,1,48
5598,p2772,1,7
5599,p2773,1,62
5600,p2774,1,12
5603,p2775,1,88
5605,p2776,1,42
5607,p2777,1,96
5610,p2778,1,59
5612,p2779,1,46
5614,p2780,1,48
5615,p2781,1,73
5616,p2782,1,47
5619,p2783,1,46
5622,p2784,1,88
5624,p2785,1,81
5625,p2786,1,91
5626,p2787,1,78
5628,p2788,1,16
5630,p2789,1,17
5633,p2790,1,63
5635,p2791,1,66
5636,p2792,1,98
5639,p2793,1,75
5641,p2794,1,80
5644,p2795,1,38
5647,p2796,1,75
5648,p2797,1,49
5649,p2798,1,79
5651,p2799,1,49
5654,p2800,1,31
5657,p2801,1,74
5660,p2802,1,92
5663,p2803,1,3
5665,p2804,1,20
5667,p2805,1,77
5669,p2806,1,85
5671,p2807,1,33
5672,p2808,1,11
5674,p2809,1,64
5677,p2810,1,23
5678,p2811,1,53
5680,p2812,1,73
5681,p2813,1,45
5684,p2814,1,61
5686,p2815,1,60
5688,p2816,1,99
5691,p2817,1,84
5693,p2818,1,100
5696,p2819,1,56
5698,p2820,1,44
5701,p2821,1,13
5704,p2822,1,15
5707,p2823,1,25
5709,p2824,1,65
5711,p2825,1,4
5712,p2826,1,5
5715,p2827,1,52
5717,p2828,1,28
5720,p2829,1,24
5722,p2830,1,68
5725,p2831,1,12
5728,p2832,1,84
5729,p2833,1,18
5730,p2834,1,8
5731,p2835,1,66
5734,p2836,1,50
5737,p2837,1,81
5740,p2838,1,72
5743,p2839,1,8
5746,p2840,1,71
5749,p2841,1,17
5750,p2842,1,58
5752,p2843,1,63
5753,p2844,1,40
5754,p2845,1,6
5757,p2846,1,74
5758,p2847,1,23
5759,p2848,1,21
5760,p2849,1,52
5763,p2850,1,56
5766,p2851,1,33
5768,p2852,1,79
5771,p2853,1,67
5774,p2854,1,84
5777,p2855,1,83
5780,p2856,1,25
5782,p2857,1,9
5785,p2858,1,40
5786,p2859,1,17
5789,p2860,1,93
5791,p2861,1,4
5794,p2862,1,6
5795,p2863,1,23
5796,p2864,1,4
5797,p2865,1,4
5799,p2866,1,70
5800,p2867,1,64
5802,p2868,1,49
5804,p2869,1,88
5807,p2870,1,45
5808,p2871,1,93
5811,p2872,1,36
5814,p2873,1,100
5815,p2874,1,64
5817,p2875,1,73
5819,p2876,1,45
5820,p2877,1,37
5821,p2878,1,8
5822,p2879,1,31
5824,p2880,1,71
5825,p2881,1,76
5827,p2882,1,22
5828,p2883,1,46
5830,p2884,1,92
5833,p2885,1,67
5836,p2886,1,58
5837,p2887,1,9
5840,p2888,1,73
5843,p2889,1,47
5846,p2890,1,24
5849,p2891,1,52
5852,p2892,1,13
5854,p2893,1,12
5855,p2894,1,48
5857,p2895,1,99
5858,p2896,1,23
5859,p2897,1,64
5860,p2898,1,21
5861,p2899,1,22
5864,p2900,1,70
5865,p2901,1,40
5866,p2902,1,75
5869,p2903,1,58
5872,p2904,1,88
5875,p2905,1,11
5878,p2906,1,57
5881,p2907,1,61
5884,p2908,1,74
5885,p2909,1,56
5887,p2910,1,49
5890,p2911,1,53
5892,p2912,1,6
5893,p2913,1,53
5895,p2914,1,26
5898,p2915,1,84
5900,p2916,1,21
5902,p2917,1,46
5905,p2918,1,69
5906,p2919,1,40
5909,p2920,1,63
5910,p2921,1,34
5911,p2922,1,85
5912,p2923,1,68
5914,p2924,1,28
5915,p2925,1,41
5918,p2926,1,36
5920,p2927,1,22
5922,p2928,1,72
5925,p2929,1,87
5927,p2930,1,50
5928,p2931,1,89
5929,p2932,1,15
5930,p2933,1,56
5931,p2934,1,91
5933,p2935,1,23
5936,p2936,1,84
5939,p2937,1,5
5942,p2938,1,3
5943,p2939,1,35
5944,p2940,1,76
5946,p2941,1,12
5949,p2942,1,95
5952,p2943,1,79
5953,p2944,1,30
5954,p2945,1,53
5955,p2946,1,88
5956,p2947,1,68
5959,p2948,1,20
5961,p2949,1,65
5963,p2950,1,56
5966,p2951,1,6
5969,p2952,1,90
5972,p2953,1,84
5975,p2954,1,3
5977,p2955,1,21
5980,p2956,1,61
5982,p2957,1,9
5983,p2958,1,54
5985,p2959,1,90
5986,p2960,1,21
5989,p2961,1,84
5991,p2962,1,54
5993,p2963,1,23
5994,p2964,1,35
5995,p2965,1,23
5997,p2966,1,34
5999,p2967,1,57
6001,p2968,1,45
6003,p2969,1,26
6006,p2970,1,4
6008,p2971,1,68
6010,p2972,1,39
6013,p2973,1,73
6014,p2974,1,32
6016,p2975,1,92
6017,p2976,1,97
6019,p2977,1,23
6021,p2978,1,49
6024,p2979,1,66
6027,p2980,1,87
6028,p2981,1,68
6029,p2982,1,50
6032,p2983,1,70
6033,p2984,1,61
6034,p2985,1,24
6035,p2986,1,47
6037,p2987,1,16
6038,p2988,1,52
6039,p2989,1,66
6042,p2990,1,31
6045,p2991,1,100
6047,p2992,1,22
6049,p2993,1,99
6052,p2994,1,43
6053,p2995,1,50
6056,p2996,1,85
6058,p2997,1,26
6060,p2998,1,21
6063,p2999,1,26
6066,p3000,1,62
6069,p3001,1,51
6072,p3002,1,75
6074,p3003,1,23
6076,p3004,1,93
6079,p3005,1,46
6080,p3006,1,99
6083,p3007,1,3
6085,p3008,1,74
6088,p3009,1,28
6090,p3010,1,99
6093,p3011,1,20
6095,p3012,1,7
6097,p3013,1,59
6099,p3014,1,30
6101,p3015,1,82
6102,p3016,1,2
6103,p3017,1,91
6104,p3018,1,26
6105,p3019,1,52
6107,p3020,1,58
6109,p3021,1,14
6110,p3022,1,45
6111,p3023,1,40
6112,p3024,1,74
6115,p3025,1,19
6118,p3026,1,97
6120,p3027,1,24
6121,p3028,1,69
6123,p3029,1,26
6126,p3030,1,13
6129,p3031,1,13
6131,p3032,1,11
6134,p3033,1,87
6136,p3034,1,79
6138,p3035,1,90
6141,p3036,1,56
6142,p3037,1,66
6143,p3038,1,24
6146,p3039,1,98
6147,p3040,1,29
6149,p3041,1,99
6152,p3042,1,67
6154,p3043,1,65
6156,p3044,1,85
6157,p3045,1,90
6158,p3046,1,84
6161,p3047,1,8
6164,p3048,1,15
6166,p3049,1,52
6169,p3050,1,98
6171,p3051,1,53
6172,p3052,1,100
6174,p3053,1,51
6175,p3054,1,15
6177,p3055,1,44
6180,p3056,1,4
6181,p3057,1,69
6182,p3058,1,92
6183,p3059,1,50
6185,p3060,1,53
6187,p3061,1,25
6189,p3062,1,27
6190,p3063,1,44
6192,p3064,1,60
6193,p3065,1,28
6194,p3066,1,28
6195,p3067,1,93
6198,p3068,1,37
6200,p3069,1,68
6203,p3070,1,58
6206,p3071,1,13
6209,p3072,1,56
6210,p3073,1,96
6213,p3074,1,54
6216,p3075,1,66
6219,p3076,1,26
6221,p3077,1,32
6224,p3078,1,100
6227,p3079,1,38
6229,p3080,1,67
6232,p3081,1,65
6235,p3082,1,34
6237,p3083,1,79
6238,p3084,1,14
6240,p3085,1,80
6243,p3086,1,43
6244,p3087,1,47
6247,p3088,1,63
6248,p3089,1,34
6250,p3090,1,22
6253,p3091,1,19
6255,p3092,1,32
6258,p3093,1,53
6261,p3094,1,96
6263,p3095,1,7
6264,p3096,1,25
6267,p3097,1,72
6269,p3098,1,77
6272,p3099,1,20
6275,p3100,1,16
6277,p3101,1,69
6280,p3102,1,76
6283,p3103,1,86
6285,p3104,1,49
6286,p3105,1,42
6287,p3106,1,72
6290,p3107,1,55
6292,p3108,1,50
6294,p3109,1,31
6295,p3110,1,44
6297,p3111,1,50
6300,p3112,1,85
6303,p3113,1,61
6306,p3114,1,64
6309,p3115,1,97
6310,p3116,1,46
6313,p3117,1,79
6316,p3118,1,2
6318,p3119,1,48
6320,p3120,1,8
6323,p3121,1,100
6325,p3122,1,7
6326,p3123,1,96
6327,p3124,1,90
6328,p3125,1,14
6330,p3126,1,79
6331,p3127,1,54
6334,p3128,1,67
6336,p3129,1,31
6337,p3130,1,22
6340,p3131,1,39
6341,p3132,1,57
6342,p3133,1,36
6344,p3134,1,47
6347,p3135,1,90
6349,p3136,1,26
6352,p3137,1,98
6354,p3138,1,8
6356,p3139,1,73
6359,p3140,1,14
6361,p3141,1,94
6363,p3142,1,38
6364,p3143,1,96
6366,p3144,1,2
6367,p3145,1,30
6368,p3146,1,15
6370,p3147,1,14
6372,p3148,1,2
6374,p3149,1,78
6377,p3150,1,94
6378,p3151,1,39
6380,p3152,1,15
6383,p3153,1,12
6386,p3154,1,6
6389,p3155,1,58
6390,p3156,1,42
6391,p3157,1,44
6394,p3158,1,79
6395,p3159,1,75
6398,p3160,1,46
6401,p3161,1,95
6403,p3162,1,59
6406,p3163,1,100
6408,p3164,1,22
6410,p3165,1,19
6411,p3166,1,43
6413,p3167,1,79
6416,p3168,1,43
6418,p3169,1,86
6419,p3170,1,91
6422,p3171,1,45
6425,p3172,1,94
6427,p3173,1,88
6430,p3174,1,55
6431,p3175,1,72
6432,p3176,1,52
6434,p3177,1,21
6436,p3178,1,4
6438,p3179,1,5
6439,p3180,1,40
6442,p3181,1,43
6445,p3182,1,42
6446,p3183,1,65
6448,p3184,1,73
6449,p3185,1,2
6452,p3186,1,55
6454,p3187,1,17
6456,p3188,1,59
6459,p3189,1,96
6460,p3190,1,70
6462,p3191,1,85
6465,p3192,1,81
6468,p3193,1,42
6470,p3194,1,23
6472,p3195,1,34
6475,p3196,1,48
6476,p3197,1,78
6478,p3198,1,93
6479,p3199,1,73
6481,p3200,1,57
6482,p3201,1,3
6483,p3202,1,27
6485,p3203,1,61
6486,p3204,1,92
6488,p3205,1,21
6490,p3206,1,61
6493,p3207,1,8
6495,p3208,1,89
6498,p3209,1,89
6499,p3210,1,48
6502,p3211,1,22
6503,p3212,1,82
6504,p3213,1,29
6506,p3214,1,52
6507,p3215,1,48
6509,p3216,1,57
6511,p3217,1,49
6512,p3218,1,88
6513,p3219,1,67
6515,p3220,1,95
6518,p3221,1,86
6519,p3222,1,84
6521,p3223,1,97
6522,p3224,1,47
6523,p3225,1,95
6524,p3226,1,14
6527,p3227,1,4
6529,p3228,1,93
6531,p3229,1,96
6533,p3230,1,63
6534,p3231,1,2
6535,p3232,1,100
6538,p3233,1,9
6541,p3234,1,81
6544,p3235,1,87
6545,p3236,1,95
6546,p3237,1,99
6547,p3238,1,86
6548,p3239,1,28
6549,p3240,1,73
6552,p3241,1,50
6555,p3242,1,61
6557,p3243,1,91
6559,p3244,1,95
6561,p3245,1,59
6564,p3246,1,72
6567,p3247,1,53
6568,p3248,1,52
6569,p3249,1,13
6571,p3250,1,56
6573,p3251,1,14
6575,p3252,1,31
6577,p3253,1,85
6578,p3254,1,18
6580,p3255,1,85
6581,p3256,1,3
6582,p3257,1,19
6585,p3258,1,5
6586,p3259,1,24
6589,p3260,1,70
6592,p3261,1,56
6593,p3262,1,68
6594,p3263,1,29
6595,p3264,1,58
6596,p3265,1,85
6598,p3266,1,92
6601,p3267,1,27
6603,p3268,1,4
6606,p3269,1,73
6607,p3270,1,47
6610,p3271,1,75
6611,p3272,1,37
6613,p3273,1,88
6614,p3274,1,60
6616,p3275,1,30
6617,p3276,1,66
6619,p3277,1,61
6621,p3278,1,62
6622,p3279,1,88
6624,p3280,1,56
6626,p3281,1,77
6627,p3282,1,54
6630,p3283,1,62
6632,p3284,1,46
6633,p3285,1,27
6634,p3286,1,68
6635,p3287,1,41
6638,p3288,1,83
6639,p3289,1,100
6642,p3290,1,20
6645,p3291,1,53
6646,p3292,1,2
6648,p3293,1,65
6650,p3294,1,86
6652,p3295,1,8
6654,p3296,1,91
6655,p3297,1,79
6658,p3298,1,28
6661,p3299,1,6
6663,p3300,1,81
6664,p3301,1,21
6665,p3302,1,30
6667,p3303,1,84
6670,p3304,1,13
6671,p3305,1,51
6673,p3306,1,58
6676,p3307,1,54
6679,p3308,1,15
6682,p3309,1,6
6685,p3310,1,23
6687,p3311,1,91
6688,p3312,1,80
6691,p3313,1,92
6693,p3314,1,67
6696,p3315,1,67
6699,p3316,1,76
6700,p3317,1,17
6701,p3318,1,17
6702,p3319,1,61
6703,p3320,1,70
6706,p3321,1,21
6707,p3322,1,88
6710,p3323,1,14
6713,p3324,1,52
6716,p3325,1,31
6719,p3326,1,54
6722,p3327,1,35
6723,p3328,1,92
6724,p3329,1,68
6727,p3330,1,9
6729,p3331,1,77
6731,p3332,1,73
6732,p3333,1,64
6734,p3334,1,82
6736,p3335,1,64
6738,p3336,1,15
6741,p3337,1,32
6742,p3338,1,82
6744,p3339,1,24
6745,p3340,1,4
6747,p3341,1,47
6750,p3342,1,2
6753,p3343,1,58
6755,p3344,1,56
6756,p3345,1,60
6757,p3346,1,69
6759,p3347,1,43
6760,p3348,1,62
6763,p3349,1,99
6765,p3350,1,55
6768,p3351,1,66
6770,p3352,1,2
6773,p3353,1,84
6776,p3354,1,50
6777,p3355,1,30
6778,p3356,1,16
6779,p3357,1,39
6781,p3358,1,69
6784,p3359,1,36
6785,p3360,1,5
6786,p3361,1,88
6789,p3362,1,21
6791,p3363,1,62
6792,p3364,1,83
6795,p3365,1,67
6796,p3366,1,50
6798,p3367,1,45
6799,p3368,1,54
6800,p3369,1,78
6803,p3370,1,92
6804,p3371,1,100
6807,p3372,1,79
6808,p3373,1,90
6810,p3374,1,93
6812,p3375,1,77
6814,p3376,1,29
6817,p3377,1,8
6819,p3378,1,3
6822,p3379,1,39
6823,p3380,1,40
6824,p3381,1,86
6826,p3382,1,27
6828,p3383,1,79
6829,p3384,1,30
6830,p3385,1,13
6831,p3386,1,57
6834,p3387,1,92
6835,p3388,1,98
6836,p3389,1,83
6837,p3390,1,55
6839,p3391,1,70
6842,p3392,1,65
6843,p3393,1,33
6845,p3394,1,100
6847,p3395,1,95
6850,p3396,1,12
6852,p3397,1,40
6854,p3398,1,100
6855,p3399,1,60
6858,p3400,1,87
6861,p3401,1,75
6863,p3402,1,3
6866,p3403,1,79
6869,p3404,1,18
6872,p3405,1,78
6873,p3406,1,66
6876,p3407,1,51
6878,p3408,1,72
6879,p3409,1,11
6881,p3410,1,62
6884,p3411,1,16
6887,p3412,1,14
6889,p3413,1,77
6890,p3414,1,95
6891,p3415,1,67
6893,p3416,1,17
6895,p3417,1,87
6897,p3418,1,92
6900,p3419,1,61
6902,p3420,1,50
6904,p3421,1,16
6907,p3422,1,87
6908,p3423,1,70
6910,p3424,1,69
6912,p3425,1,33
6914,p3426,1,42
6915,p3427,1,95
6918,p3428,1,2
6919,p3429,1,80
6920,p3430,1,30
6923,p3431,1,7
6926,p3432,1,81
6928,p3433,1,57
6929,p3434,1,31
6931,p3435,1,25
6933,p3436,1,100
6935,p3437,1,53
6937,p3438,1,34
6938,p3439,1,88
6940,p3440,1,57
6942,p3441,1,2
6944,p3442,1,11
6945,p3443,1,89
6948,p3444,1,68
6951,p3445,1,29
6953,p3446,1,66
6954,p3447,1,85
6957,p3448,1,38
6958,p3449,1,66
6961,p3450,1,20
6962,p3451,1,77
6964,p3452,1,99
6965,p3453,1,17
6968,p3454,1,89
6969,p3455,1,98
6972,p3456,1,53
6974,p3457,1,14
6977,p3458,1,40
6979,p3459,1,60
6982,p3460,1,79
6985,p3461,1,55
6986,p3462,1,91
6989,p3463,1,90
6992,p3464,1,7
6994,p3465,1,42
6997,p3466,1,83
6998,p3467,1,92
7001,p3468,1,64
7003,p3469,1,100
7005,p3470,1,21
7006,p3471,1,20
7008,p3472,1,59
7009,p3473,1,9
7011,p3474,1,19
7012,p3475,1,64
7013,p3476,1,85
7016,p3477,1,60
7019,p3478,1,9
7022,p3479,1,25
7024,p3480,1,36
7026,p3481,1,78
7029,p3482,1,74
7030,p3483,1,19
7031,p3484,1,53
7032,p3485,1,55
7033,p3486,1,63
7034,p3487,1,5
7036,p3488,1,6
7038,p3489,1,28
7040,p3490,1,91
7042,p3491,1,10
7045,p3492,1,84
7046,p3493,1,51
7047,p3494,1,42
7049,p3495,1,98
7052,p3496,1,7
7055,p3497,1,52
7058,p3498,1,91
7060,p3499,1,56
7063,p3500,1,67
7066,p3501,1,10
7069,p3502,1,80
7071,p3503,1,33
7072,p3504,1,61
7075,p3505,1,5
7076,p3506,1,100
7079,p3507,1,62
7081,p3508,1,49
7082,p3509,1,76
7084,p3510,1,20
7087,p3511,1,81
7090,p3512,1,89
7093,p3513,1,67
7094,p3514,1,45
7097,p3515,1,72
7100,p3516,1,58
7102,p3517,1,82
7104,p3518,1,31
7107,p3519,1,99
7109,p3520,1,25
7111,p3521,1,65
7114,p3522,1,72
7115,p3523,1,17
7118,p3524,1,59
7120,p3525,1,19
7122,p3526,1,85
7124,p3527,1,36
7126,p3528,1,65
7128,p3529,1,42
7130,p3530,1,85
7133,p3531,1,97
7136,p3532,1,82
7139,p3533,1,18
7141,p3534,1,44
7142,p3535,1,99
7143,p3536,1,31
7145,p3537,1,29
7148,p3538,1,96
7151,p3539,1,29
7154,p3540,1,81
7156,p3541,1,13
7159,p3542,1,31
7160,p3543,1,78
7162,p3544,1,85
7163,p3545,1,93
7166,p3546,1,8
7167,p3547,1,56
7168,p3548,1,31
7169,p3549,1,66
7172,p3550,1,98
7174,p3551,1,84
7175,p3552,1,21
7176,p3553,1,22
7179,p3554,1,60
7180,p3555,1,52
7183,p3556,1,39
7184,p3557,1,80
7186,p3558,1,5
7188,p3559,1,87
7190,p3560,1,40
7192,p3561,1,46
7193,p3562,1,30
7196,p3563,1,44
7197,p3564,1,88
7200,p3565,1,47
7202,p3566,1,73
7205,p3567,1,90
7207,p3568,1,98
7209,p3569,1,53
7212,p3570,1,86
7213,p3571,1,92
7216,p3572,1,17
7219,p3573,1,12
7221,p3574,1,48
7224,p3575,1,76
7225,p3576,1,66
7227,p3577,1,97
7229,p3578,1,50
7232,p3579,1,66
7234,p3580,1,45
7236,p3581,1,92
7238,p3582,1,53
7239,p3583,1,95
7242,p3584,1,25
7245,p3585,1,14
7246,p3586,1,17
7248,p3587,1,7
7249,p3588,1,15
7250,p3589,1,56
7252,p3590,1,59
7254,p3591,1,33
7255,p3592,1,67
7256,p3593,1,28
7259,p3594,1,88
7260,p3595,1,50
7263,p3596,1,26
7266,p3597,1,84
7267,p3598,1,29
7269,p3599,1,85
7272,p3600,1,16
7273,p3601,1,99
7275,p3602,1,35
7277,p3603,1,97
7280,p3604,1,22
7283,p3605,1,60
7285,p3606,1,71
7286,p3607,1,29
7289,p3608,1,74
7291,p3609,1,61
7292,p3610,1,90
7293,p3611,1,26
7294,p3612,1,82
7296,p3613,1,14
7298,p3614,1,72
7300,p3615,1,24
7303,p3616,1,46
7306,p3617,1,2
7308,p3618,1,6
7310,p3619,1,75
7313,p3620,1,37
7314,p3621,1,70
7317,p3622,1,2
7318,p3623,1,25
7321,p3624,1,4
7323,p3625,1,34
7326,p3626,1,85
7329,p3627,1,63
7332,p3628,1,27
7335,p3629,1,68
7336,p3630,1,61
7337,p3631,1,83
7339,p3632,1,7
7340,p3633,1,24
7343,p3634,1,45
7346,p3635,1,10
7347,p3636,1,4
7349,p3637,1,66
7351,p3638,1,30
7354,p3639,1,49
7357,p3640,1,82
7360,p3641,1,31
7362,p3642,1,83
7365,p3643,1,90
7366,p3644,1,23
7368,p3645,1,78
7369,p3646,1,85
7371,p3647,1,36
7374,p3648,1,22
7375,p3649,1,68
7378,p3650,1,96
7380,p3651,1,57
7382,p3652,1,77
7384,p3653,1,15
7387,p3654,1,6
7390,p3655,1,87
7392,p3656,1,4
7393,p3657,1,87
7396,p3658,1,80
7397,p3659,1,62
7399,p3660,1,81
7402,p3661,1,52
7405,p3662,1,99
7408,p3663,1,43
7410,p3664,1,99
7413,p3665,1,39
7415,p3666,1,28
7417,p3667,1,96
7418,p3668,1,66
7420,p3669,1,45
7421,p3670,1,42
7422,p3671,1,47
7424,p3672,1,36
7425,p3673,1,39
7426,p3674,1,37
7429,p3675,1,70
7431,p3676,1,96
7434,p3677,1,94
7436,p3678,1,13
7439,p3679,1,85
7441,p3680,1,74
7443,p3681,1,41
7444,p3682,1,88
7445,p3683,1,78
7448,p3684,1,12
7449,p3685,1,42
7452,p3686,1,22
7455,p3687,1,74
7458,p3688,1,4
7461,p3689,1,32
7462,p3690,1,5
7465,p3691,1,58
7468,p3692,1,97
7470,p3693,1,2
7473,p3694,1,40
7475,p3695,1,17
7478,p3696,1,67
7479,p3697,1,12
7481,p3698,1,76
7483,p3699,1,67
7486,p3700,1,79
7488,p3701,1,67
7489,p3702,1,3
7490,p3703,1,26
7493,p3704,1,3
7496,p3705,1,59
7498,p3706,1,100
7499,p3707,1,27
7500,p3708,1,14
7503,p3709,1,95
7504,p3710,1,49
7505,p3711,1,52
7507,p3712,1,3
7510,p3713,1,54
7511,p3714,1,58
7514,p3715,1,89
7515,p3716,1,88
7518,p3717,1,58
7521,p3718,1,81
7524,p3719,1,22
7527,p3720,1,70
7528,p3721,1,4
7531,p3722,1,57
7533,p3723,1,92
7534,p3724,1,22
7535,p3725,1,46
7536,p3726,1,76
7539,p3727,1,67
7541,p3728,1,21
7544,p3729,1,2
7547,p3730,1,94
7550,p3731,1,53
7553,p3732,1,12
7555,p3733,1,37
7558,p3734,1,29
7559,p3735,1,58
7562,p3736,1,19
7564,p3737,1,96
7566,p3738,1,38
7567,p3739,1,64
7570,p3740,1,59
7572,p3741,1,27
7573,p3742,1,98
7575,p3743,1,11
7577,p3744,1,61
7579,p3745,1,74
7580,p3746,1,49
7582,p3747,1,100
7585,p3748,1,33
7587,p3749,1,26
7589,p3750,1,4
7591,p3751,1,10
7594,p3752,1,4
7597,p3753,1,41
7599,p3754,1,95
7602,p3755,1,22
7604,p3756,1,57
7605,p3757,1,18
7606,p3758,1,93
7607,p3759,1,14
7608,p3760,1,74
7609,p3761,1,28
7610,p3762,1,41
7612,p3763,1,77
7615,p3764,1,35
7617,p3765,1,78
7620,p3766,1,36
7623,p3767,1,95
7624,p3768,1,61
7626,p3769,1,52
7628,p3770,1,99
7629,p3771,1,72
7631,p3772,1,49
7634,p3773,1,6
7637,p3774,1,99
7639,p3775,1,53
7642,p3776,1,67
7645,p3777,1,72
7648,p3778,1,7
7650,p3779,1,35
7653,p3780,1,75
7654,p3781,1,73
7656,p3782,1,98
7657,p3783,1,57
7658,p3784,1,67
7660,p3785,1,24
7663,p3786,1,16
7664,p3787,1,54
7665,p3788,1,73
7666,p3789,1,47
7667,p3790,1,12
7669,p3791,1,79
7672,p3792,1,87
7674,p3793,1,75
7677,p3794,1,62
7680,p3795,1,33
7682,p3796,1,51
7685,p3797,1,98
7687,p3798,1,11
7689,p3799,1,80
7692,p3800,1,87
7693,p3801,1,37
7696,p3802,1,49
7698,p3803,1,47
7699,p3804,1,28
7700,p3805,1,54
7703,p3806,1,80
7706,p3807,1,53
7707,p3808,1,17
7708,p3809,1,95
7711,p3810,1,48
7713,p3811,1,61
7716,p3812,1,62
7719,p3813,1,87
7720,p3814,1,50
7721,p3815,1,82
7722,p3816,1,89
7723,p3817,1,99
7724,p3818,1,67
7725,p3819,1,14
7727,p3820,1,50
7730,p3821,1,22
7732,p3822,1,26
7735,p3823,1,91
7737,p3824,1,89
7739,p3825,1,99
7742,p3826,1,43
7745,p3827,1,8
7746,p3828,1,20
7747,p3829,1,33
7749,p3830,1,68
7750,p3831,1,61
7751,p3832,1,93
7754,p3833,1,79
7757,p3834,1,71
7759,p3835,1,89
7762,p3836,1,70
7764,p3837,1,13
7767,p3838,1,78
7769,p3839,1,37
7771,p3840,1,90
7773,p3841,1,20
7774,p3842,1,46
7777,p3843,1,100
7778,p3844,1,29
7779,p3845,1,96
7782,p3846,1,88
7784,p3847,1,95
7787,p3848,1,54
7788,p3849,1,9
7789,p3850,1,48
7790,p3851,1,39
7791,p3852,1,12
7792,p3853,1,62
7793,p3854,1,65
7794,p3855,1,55
7795,p3856,1,27
7796,p3857,1,87
7797,p3858,1,10
7799,p3859,1,72
7801,p3860,1,41
7804,p3861,1,69
7805,p3862,1,95
7807,p3863,1,82
7808,p3864,1,45
7809,p3865,1,49
7811,p3866,1,11
7812,p3867,1,72
7813,p3868,1,29
7816,p3869,1,97
7817,p3870,1,19
7820,p3871,1,9
7823,p3872,1,31
7825,p3873,1,41
7826,p3874,1,25
7829,p3875,1,4
7832,p3876,1,28
7833,p3877,1,71
7834,p3878,1,33
7835,p3879,1,75
7838,p3880,1,30
7840,p3881,1,85
7841,p3882,1,38
7843,p3883,1,44
7845,p3884,1,66
7847,p3885,1,9
7848,p3886,1,63
7849,p3887,1,64
7851,p3888,1,44
7854,p3889,1,89
7857,p3890,1,91
7860,p3891,1,80
7863,p3892,1,81
7865,p3893,1,72
7866,p3894,1,23
7868,p3895,1,8
7871,p3896,1,81
7874,p3897,1,17
7876,p3898,1,26
7879,p3899,1,43
7880,p3900,1,37
7883,p3901,1,58
7886,p3902,1,15
7889,p3903,1,82
7891,p3904,1,67
7892,p3905,1,50
7895,p3906,1,14
7896,p3907,1,23
7899,p3908,1,93
7900,p3909,1,73
7903,p3910,1,18
7905,p3911,1,90
7907,p3912,1,58
7910,p3913,1,22
7912,p3914,1,72
7914,p3915,1,36
7916,p3916,1,54
7919,p3917,1,64
7920,p3918,1,61
7923,p3919,1,64
7925,p3920,1,6
7928,p3921,1,51
7930,p3922,1,60
7932,p3923,1,35
7934,p3924,1,100
7937,p3925,1,11
7939,p3926,1,65
7940,p3927,1,97
7941,p3928,1,66
7943,p3929,1,51
7946,p3930,1,13
7948,p3931,1,94
7951,p3932,1,84
7954,p3933,1,46
7956,p3934,1,39
7959,p3935,1,70
7960,p3936,1,15
7963,p3937,1,79
7965,p3938,1,41
7968,p3939,1,95
7969,p3940,1,26
7970,p3941,1,17
7971,p3942,1,100
7972,p3943,1,6
7973,p3944,1,17
7974,p3945,1,57
7976,p3946,1,77
7979,p3947,1,94
7982,p3948,1,9
7985,p3949,1,50
7988,p3950,1,39
7989,p3951,1,14
7991,p3952,1,57
7993,p3953,1,58
7995,p3954,1,92
7997,p3955,1,77
8000,p3956,1,91
8003,p3957,1,3
8005,p3958,1,5
8008,p3959,1,55
8009,p3960,1,85
8011,p3961,1,81
8014,p3962,1,48
8016,p3963,1,4
8019,p3964,1,57
8020,p3965,1,9
8021,p3966,1,76
8023,p3967,1,50
8024,p3968,1,8
8026,p3969,1,48
8028,p3970,1,38
8030,p3971,1,43
8031,p3972,1,63
8033,p3973,1,96
8036,p3974,1,46
8039,p3975,1,46
8040,p3976,1,79
8042,p3977,1,4
8043,p3978,1,47
8045,p3979,1,4
8048,p3980,1,100
8049,p3981,1,60
8051,p3982,1,22
8053,p3983,1,8
8054,p3984,1,30
8057,p3985,1,57
8059,p3986,1,40
8061,p3987,1,83
8062,p3988,1,56
8064,p3989,1,91
8066,p3990,1,12
8068,p3991,1,12
8071,p3992,1,86
8072,p3993,1,79
8074,p3994,1,80
8076,p3995,1,20
8079,p3996,1,95
8080,p3997,1,74
8082,p3998,1,23
8085,p3999,1,9
8086,p4000,1,49
8088,p4001,1,82
8090,p4002,1,17
8091,p4003,1,66
8094,p4004,1,85
8096,p4005,1,68
8099,p4006,1,38
8101,p4007,1,7
8102,p4008,1,100
8104,p4009,1,5
8106,p4010,1,11
8109,p4011,1,99
8110,p4012,1,80
8111,p4013,1,4
8112,p4014,1,72
8114,p4015,1,10
8115,p4016,1,96
8116,p4017,1,38
8119,p4018,1,41
8122,p4019,1,10
8123,p4020,1,46
8126,p4021,1,84
8128,p4022,1,24
8130,p4023,1,64
8131,p4024,1,39
8133,p4025,1,36
8136,p4026,1,22
8138,p4027,1,27
8140,p4028,1,40
8143,p4029,1,71
8144,p4030,1,4
8145,p4031,1,96
8146,p4032,1,25
8148,p4033,1,14
8149,p4034,1,54
8152,p4035,1,66
8154,p4036,1,82
8157,p4037,1,18
8160,p4038,1,46
8161,p4039,1,63
8162,p4040,1,25
8163,p4041,1,90
8165,p4042,1,23
8167,p4043,1,22
8169,p4044,1,51
8171,p4045,1,46
8173,p4046,1,24
8176,p4047,1,30
8179,p4048,1,95
8180,p4049,1,14
8183,p4050,1,82
8186,p4051,1,41
8187,p4052,1,79
8188,p4053,1,68
8191,p4054,1,56
8193,p4055,1,88
8196,p4056,1,70
8199,p4057,1,69
8202,p4058,1,36
8203,p4059,1,53
8205,p4060,1,78
8207,p4061,1,2
8209,p4062,1,97
8212,p4063,1,53
8213,p4064,1,50
8215,p4065,1,60
8218,p4066,1,52
8220,p4067,1,27
8221,p4068,1,98
8222,p4069,1,74
8225,p4070,1,54
8228,p4071,1,2
8229,p4072,1,70
8232,p4073,1,19
8234,p4074,1,5
8236,p4075,1,72
8239,p4076,1,33
8240,p4077,1,28
8241,p4078,1,25
8244,p4079,1,25
8247,p4080,1,35
8248,p4081,1,62
8250,p4082,1,68
8252,p4083,1,55
8254,p4084,1,88
8255,p4085,1,84
8258,p4086,1,8
8261,p4087,1,65
8262,p4088,1,32
8264,p4089,1,48
8267,p4090,1,72
8269,p4091,1,47
8270,p4092,1,86
8272,p4093,1,53
8274,p4094,1,54
8275,p4095,1,64
8277,p4096,1,23
8280,p4097,1,94
8281,p4098,1,81
8284,p4099,1,21
8285,p4100,1,93
8286,p4101,1,63
8287,p4102,1,45
8289,p4103,1,68
8291,p4104,1,46
8292,p4105,1,98
8294,p4106,1,49
8297,p4107,1,9
8298,p4108,1,84
8300,p4109,1,53
8303,p4110,1,11
8304,p4111,1,82
8307,p4112,1,71
8310,p4113,1,9
8311,p4114,1,80
8312,p4115,1,95
8313,p4116,1,36
8316,p4117,1,68
8318,p4118,1,73
8319,p4119,1,54
8322,p4120,1,19
8323,p4121,1,61
8326,p4122,1,84
8327,p4123,1,67
8330,p4124,1,79
8332,p4125,1,2
8333,p4126,1,91
8336,p4127,1,61
8338,p4128,1,16
8341,p4129,1,27
8343,p4130,1,12
8345,p4131,1,94
8346,p4132,1,48
8347,p4133,1,41
8350,p4134,1,5
8353,p4135,1,69
8355,p4136,1,95
8358,p4137,1,96
8361,p4138,1,47
8363,p4139,1,26
8365,p4140,1,37
8368,p4141,1,61
8371,p4142,1,64
8372,p4143,1,31
8373,p4144,1,47
8375,p4145,1,75
8377,p4146,1,66
8380,p4147,1,61
8382,p4148,1,20
8384,p4149,1,71
8385,p4150,1,39
8387,p4151,1,5
8389,p4152,1,8
8390,p4153,1,17
8391,p4154,1,35
8394,p4155,1,74
8395,p4156,1,91
8398,p4157,1,89
8400,p4158,1,77
8403,p4159,1,21
8404,p4160,1,54
8407,p4161,1,79
8410,p4162,1,85
8412,p4163,1,37
8415,p4164,1,28
8418,p4165,1,32
8419,p4166,1,93
8420,p4167,1,99
8423,p4168,1,29
8425,p4169,1,14
8427,p4170,1,55
8430,p4171,1,54
8432,p4172,1,48
8434,p4173,1,67
8437,p4174,1,41
8438,p4175,1,6
8440,p4176,1,82
8442,p4177,1,33
8444,p4178,1,66
8445,p4179,1,70
8448,p4180,1,49
8450,p4181,1,65
8453,p4182,1,13
8454,p4183,1,23
8457,p4184,1,26
8458,p4185,1,60
8459,p4186,1,61
8462,p4187,1,95
8464,p4188,1,78
8467,p4189,1,52
8468,p4190,1,12
8470,p4191,1,14
8471,p4192,1,100
8474,p4193,1,61
8475,p4194,1,4
8478,p4195,1,44
8480,p4196,1,81
8482,p4197,1,43
8485,p4198,1,65
8487,p4199,1,76
8490,p4200,1,31
8493,p4201,1,53
8495,p4202,1,27
8496,p4203,1,83
8498,p4204,1,99
8501,p4205,1,12
8504,p4206,1,43
8506,p4207,1,44
8509,p4208,1,6
8511,p4209,1,21
8514,p4210,1,3
8515,p4211,1,11
8517,p4212,1,79
8519,p4213,1,38
8521,p4214,1,63
8523,p4215,1,38
8525,p4216,1,23
8527,p4217,1,28
8528,p4218,1,26
8529,p4219,1,55
8531,p4220,1,83
8534,p4221,1,27
8536,p4222,1,71
8537,p4223,1,28
8539,p4224,1,64
8541,p4225,1,74
8542,p4226,1,60
8544,p4227,1,38
8546,p4228,1,43
8548,p4229,1,55
8550,p4230,1,46
8553,p4231,1,42
8556,p4232,1,95
8558,p4233,1,61
8560,p4234,1,7
8562,p4235,1,12
8563,p4236,1,78
8566,p4237,1,39
8568,p4238,1,54
8571,p4239,1,65
8574,p4240,1,22
8577,p4241,1,3
8579,p4242,1,78
8581,p4243,1,25
8583,p4244,1,73
8584,p4245,1,11
8587,p4246,1,12
8589,p4247,1,28
8592,p4248,1,45
8595,p4249,1,61
8598,p4250,1,14
8601,p4251,1,14
8603,p4252,1,80
8606,p4253,1,66
8608,p4254,1,17
8610,p4255,1,86
8611,p4256,1,32
8613,p4257,1,2
8615,p4258,1,43
8618,p4259,1,14
8619,p4260,1,47
8620,p4261,1,89
8622,p4262,1,47
8624,p4263,1,76
8627,p4264,1,9
8628,p4265,1,93
8630,p4266,1,54
8633,p4267,1,87
8636,p4268,1,82
8638,p4269,1,10
8639,p4270,1,77
8642,p4271,1,99
8643,p4272,1,45
8646,p4273,1,60
8648,p4274,1,33
8650,p4275,1,37
8651,p4276,1,9
8654,p4277,1,50
8655,p4278,1,75
8657,p4279,1,74
8658,p4280,1,80
8660,p4281,1,72
8663,p4282,1,88
8665,p4283,1,75
8668,p4284,1,71
8669,p4285,1,86
8672,p4286,1,11
8674,p4287,1,12
8676,p4288,1,42
8679,p4289,1,28
8680,p4290,1,94
8682,p4291,1,88
8685,p4292,1,39
8688,p4293,1,87
8690,p4294,1,53
8691,p4295,1,77
8693,p4296,1,84
8694,p4297,1,36
8695,p4298,1,12
8696,p4299,1,63
8697,p4300,1,63
8699,p4301,1,14
8702,p4302,1,2
8704,p4303,1,4
8706,p4304,1,41
8707,p4305,1,69
8710,p4306,1,77
8713,p4307,1,29
8716,p4308,1,12
8717,p4309,1,33
8720,p4310,1,21
8721,p4311,1,92
8723,p4312,1,70
8726,p4313,1,65
8728,p4314,1,33
8730,p4315,1,60
8731,p4316,1,41
8734,p4317,1,59
8735,p4318,1,90
8738,p4319,1,100
8740,p4320,1,90
8743,p4321,1,46
8746,p4322,1,62
8749,p4323,1,65
8751,p4324,1,34
8754,p4325,1,50
8756,p4326,1,50
8758,p4327,1,32
8761,p4328,1,37
8764,p4329,1,12
8766,p4330,1,92
8767,p4331,1,64
8769,p4332,1,57
8770,p4333,1,39
8773,p4334,1,19
8775,p4335,1,46
8777,p4336,1,36
8778,p4337,1,69
8779,p4338,1,69
8780,p4339,1,43
8782,p4340,1,13
8783,p4341,1,98
8784,p4342,1,38
8786,p4343,1,89
8789,p4344,1,55
8790,p4345,1,6
8792,p4346,1,9
8793,p4347,1,82
8796,p4348,1,83
8798,p4349,1,10
8801,p4350,1,70
8804,p4351,1,76
8807,p4352,1,62
8809,p4353,1,91
8812,p4354,1,97
8815,p4355,1,70
8816,p4356,1,74
8817,p4357,1,52
8819,p4358,1,82
8820,p4359,1,13
8822,p4360,1,84
8825,p4361,1,27
8827,p4362,1,24
8829,p4363,1,7
8830,p4364,1,69
8833,p4365,1,14
8834,p4366,1,77
8837,p4367,1,17
8840,p4368,1,73
8841,p4369,1,56
8843,p4370,1,9
8846,p4371,1,21
8847,p4372,1,19
8848,p4373,1,100
8849,p4374,1,7
8851,p4375,1,53
8852,p4376,1,68
8854,p4377,1,95
8857,p4378,1,35
8860,p4379,1,3
8863,p4380,1,6
8864,p4381,1,67
8866,p4382,1,44
8869,p4383,1,19
8871,p4384,1,88
8874,p4385,1,41
8877,p4386,1,33
8879,p4387,1,64
8881,p4388,1,92
8882,p4389,1,64
8885,p4390,1,80
8887,p4391,1,61
8890,p4392,1,74
8891,p4393,1,48
8894,p4394,1,51
8896,p4395,1,36
8898,p4396,1,16
8900,p4397,1,97
8903,p4398,1,99
8905,p4399,1,84
8907,p4400,1,85
8908,p4401,1,36
8909,p4402,1,39
8910,p4403,1,75
8912,p4404,1,98
8913,p4405,1,14
8916,p4406,1,17
8918,p4407,1,8
8921,p4408,1,60
8922,p4409,1,20
8924,p4410,1,75
8927,p4411,1,93
8929,p4412,1,56
8932,p4413,1,77
8933,p4414,1,20
8934,p4415,1,90
8936,p4416,1,15
8937,p4417,1,98
8938,p4418,1,52
8940,p4419,1,37
8943,p4420,1,50
8945,p4421,1,34
8948,p4422,1,80
8949,p4423,1,16
8952,p4424,1,64
8955,p4425,1,49
8957,p4426,1,96
8960,p4427,1,35
8962,p4428,1,70
8965,p4429,1,5
8966,p4430,1,42
8969,p4431,1,42
8972,p4432,1,72
8975,p4433,1,27
8978,p4434,1,38
8979,p4435,1,10
8980,p4436,1,54
8981,p4437,1,21
8984,p4438,1,75
8985,p4439,1,26
8988,p4440,1,55
8991,p4441,1,86
8993,p4442,1,33
8994,p4443,1,5
8995,p4444,1,27
8998,p4445,1,16
9001,p4446,1,29
9003,p4447,1,23
9004,p4448,1,70
9007,p4449,1,29
9008,p4450,1,53
9009,p4451,1,26
9010,p4452,1,34
9012,p4453,1,77
9014,p4454,1,14
9015,p4455,1,88
9018,p4456,1,50
9021,p4457,1,66
9023,p4458,1,79
9026,p4459,1,92
9029,p4460,1,68
9030,p4461,1,34
9033,p4462,1,90
9035,p4463,1,100
9036,p4464,1,5
9037,p4465,1,33
9039,p4466,1,56
9042,p4467,1,64
9044,p4468,1,26
9046,p4469,1,74
9047,p4470,1,14
9050,p4471,1,3
9051,p4472,1,9
9053,p4473,1,60
9054,p4474,1,3
9055,p4475,1,29
9057,p4476,1,50
9059,p4477,1,51
9061,p4478,1,77
9062,p4479,1,95
9065,p4480,1,23
9068,p4481,1,75
9071,p4482,1,50
9073,p4483,1,66
9076,p4484,1,34
9079,p4485,1,61
9082,p4486,1,67
9085,p4487,1,96
9088,p4488,1,100
9091,p4489,1,95
9093,p4490,1,55
9094,p4491,1,86
9097,p4492,1,100
9100,p4493,1,56
9101,p4494,1,39
9104,p4495,1,32
9105,p4496,1,28
9106,p4497,1,79
9108,p4498,1,13
9110,p4499,1,3
9112,p4500,1,53
9115,p4501,1,84
9118,p4502,1,60
9120,p4503,1,86
9123,p4504,1,81
9125,p4505,1,14
9127,p4506,1,90
9128,p4507,1,63
9130,p4508,1,77
9133,p4509,1,66
9135,p4510,1,37
9136,p4511,1,76
9137,p4512,1,66
9140,p4513,1,96
9142,p4514,1,88
9144,p4515,1,20
9145,p4516,1,23
9148,p4517,1,55
9151,p4518,1,79
9153,p4519,1,27
9155,p4520,1,12
9156,p4521,1,82
9159,p4522,1,50
9160,p4523,1,22
9161,p4524,1,15
9164,p4525,1,8
9166,p4526,1,88
9167,p4527,1,62
9169,p4528,1,36
9171,p4529,1,17
9174,p4530,1,79
9176,p4531,1,47
9178,p4532,1,67
9180,p4533,1,52
9183,p4534,1,71
9184,p4535,1,21
9186,p4536,1,57
9188,p4537,1,70
9190,p4538,1,95
9191,p4539,1,32
9194,p4540,1,60
9197,p4541,1,70
9199,p4542,1,72
9200,p4543,1,92
9202,p4544,1,37
9204,p4545,1,55
9206,p4546,1,78
9209,p4547,1,21
9212,p4548,1,53
9215,p4549,1,30
9218,p4550,1,57
9221,p4551,1,27
9222,p4552,1,72
9225,p4553,1,52
9226,p4554,1,99
9228,p4555,1,14
9231,p4556,1,42
9232,p4557,1,41
9235,p4558,1,73
9237,p4559,1,46
9240,p4560,1,33
9243,p4561,1,30
9245,p4562,1,54
9247,p4563,1,19
9249,p4564,1,66
9250,p4565,1,29
9252,p4566,1,46
9253,p4567,1,37
9254,p4568,1,100
9255,p4569,1,56
9256,p4570,1,47
9259,p4571,1,35
9260,p4572,1,30
9262,p4573,1,4
9263,p4574,1,92
9266,p4575,1,71
9268,p4576,1,81
9270,p4577,1,79
9271,p4578,1,91
9274,p4579,1,34
9275,p4580,1,56
9278,p4581,1,96
9281,p4582,1,80
9283,p4583,1,84
9285,p4584,1,50
9288,p4585,1,99
9289,p4586,1,20
9291,p4587,1,26
9292,p4588,1,87
9293,p4589,1,2
9295,p4590,1,63
9298,p4591,1,40
9301,p4592,1,72
9303,p4593,1,12
9304,p4594,1,90
9306,p4595,1,56
9309,p4596,1,94
9312,p4597,1,19
9313,p4598,1,55
9316,p4599,1,80
9319,p4600,1,65
9320,p4601,1,93
9323,p4602,1,29
9325,p4603,1,98
9326,p4604,1,5
9327,p4605,1,27
9328,p4606,1,44
9330,p4607,1,83
9333,p4608,1,96
9336,p4609,1,82
9339,p4610,1,28
9342,p4611,1,72
9344,p4612,1,76
9347,p4613,1,38
9348,p4614,1,54
9350,p4615,1,63
9352,p4616,1,66
9355,p4617,1,14
9356,p4618,1,31
9358,p4619,1,37
9359,p4620,1,57
9361,p4621,1,26
9363,p4622,1,35
9366,p4623,1,25
9369,p4624,1,9
9371,p4625,1,31
9374,p4626,1,51
9376,p4627,1,67
9378,p4628,1,58
9380,p4629,1,25
9381,p4630,1,7
9383,p4631,1,48
9386,p4632,1,15
9388,p4633,1,85
9391,p4634,1,62
9392,p4635,1,27
9395,p4636,1,66
9398,p4637,1,83
9401,p4638,1,51
9402,p4639,1,90
9405,p4640,1,39
9408,p4641,1,87
9411,p4642,1,91
9412,p4643,1,19
9413,p4644,1,78
9415,p4645,1,49
9417,p4646,1,59
9420,p4647,1,44
9422,p4648,1,51
9423,p4649,1,36
9426,p4650,1,23
9429,p4651,1,23
9431,p4652,1,80
9433,p4653,1,21
9436,p4654,1,65
9438,p4655,1,24
9439,p4656,1,22
9441,p4657,1,61
9443,p4658,1,50
9445,p4659,1,23
9446,p4660,1,21
9447,p4661,1,79
9449,p4662,1,66
9451,p4663,1,39
9454,p4664,1,96
9455,p4665,1,5
9457,p4666,1,96
9459,p4667,1,6
9460,p4668,1,52
9463,p4669,1,62
9465,p4670,1,80
9468,p4671,1,59
9471,p4672,1,82
9473,p4673,1,65
9475,p4674,1,26
9478,p4675,1,85
9479,p4676,1,56
9480,p4677,1,92
9482,p4678,1,4
9483,p4679,1,27
9485,p4680,1,99
9486,p4681,1,40
9487,p4682,1,2
9488,p4683,1,18
9491,p4684,1,5
9492,p4685,1,76
9495,p4686,1,46
9497,p4687,1,7
9499,p4688,1,60
9502,p4689,1,69
9504,p4690,1,52
9507,p4691,1,2
9509,p4692,1,65
9511,p4693,1,48
9514,p4694,1,77
9515,p4695,1,58
9516,p4696,1,6
9518,p4697,1,81
9519,p4698,1,7
9520,p4699,1,97
9521,p4700,1,10
9524,p4701,1,73
9525,p4702,1,93
9527,p4703,1,52
9529,p4704,1,38
9530,p4705,1,32
9532,p4706,1,54
9534,p4707,1,23
9536,p4708,1,96
9538,p4709,1,83
9540,p4710,1,16
9543,p4711,1,74
9546,p4712,1,36
9548,p4713,1,12
9550,p4714,1,74
9552,p4715,1,88
9555,p4716,1,89
9556,p4717,1,31
9558,p4718,1,99
9561,p4719,1,36
9564,p4720,1,59
9565,p4721,1,7
9566,p4722,1,50
9569,p4723,1,87
9570,p4724,1,68
9572,p4725,1,12
9573,p4726,1,94
9576,p4727,1,87
9578,p4728,1,4
9580,p4729,1,10
9581,p4730,1,9
9582,p4731,1,16
9584,p4732,1,22
9586,p4733,1,41
9587,p4734,1,59
9590,p4735,1,8
9591,p4736,1,19
9592,p4737,1,84
9593,p4738,1,97
9595,p4739,1,90
9596,p4740,1,99
9597,p4741,1,20
9599,p4742,1,26
9602,p4743,1,49
9603,p4744,1,10
9605,p4745,1,81
9606,p4746,1,90
9609,p4747,1,45
9611,p4748,1,92
9612,p4749,1,42
9613,p4750,1,93
9614,p4751,1,19
9617,p4752,1,55
9618,p4753,1,56
9621,p4754,1,51
9623,p4755,1,84
9626,p4756,1,14
9627,p4757,1,89
9629,p4758,1,12
9632,p4759,1,38
9635,p4760,1,40
9637,p4761,1,99
9640,p4762,1,23
9641,p4763,1,17
9642,p4764,1,98
9645,p4765,1,97
9647,p4766,1,96
9649,p4767,1,34
9650,p4768,1,62
9653,p4769,1,15
9655,p4770,1,11
9657,p4771,1,98
9658,p4772,1,21
9661,p4773,1,89
9662,p4774,1,67
9664,p4775,1,64
9666,p4776,1,98
9669,p4777,1,95
9672,p4778,1,85
9675,p4779,1,47
9676,p4780,1,45
9678,p4781,1,41
9681,p4782,1,76
9684,p4783,1,64
9687,p4784,1,69
9689,p4785,1,24
9690,p4786,1,31
9692,p4787,1,73
9695,p4788,1,42
9698,p4789,1,18
9701,p4790,1,53
9702,p4791,1,34
9705,p4792,1,80
9706,p4793,1,48
9708,p4794,1,28
9711,p4795,1,100
9714,p4796,1,68
9715,p4797,1,13
9716,p4798,1,92
9717,p4799,1,13
9718,p4800,1,37
9719,p4801,1,97
9720,p4802,1,55
9723,p4803,1,48
9725,p4804,1,27
9727,p4805,1,22
9728,p4806,1,15
9730,p4807,1,37
9731,p4808,1,23
9734,p4809,1,10
9735,p4810,1,49
9738,p4811,1,29
9740,p4812,1,18
9742,p4813,1,35
9744,p4814,1,24
9746,p4815,1,23
9747,p4816,1,29
9749,p4817,1,63
9752,p4818,1,74
9753,p4819,1,71
9754,p4820,1,61
9755,p4821,1,29
9756,p4822,1,63
9759,p4823,1,56
9762,p4824,1,85
9764,p4825,1,12
9767,p4826,1,13
9768,p4827,1,63
9771,p4828,1,82
9772,p4829,1,48
9773,p4830,1,55
9775,p4831,1,74
9776,p4832,1,22
9778,p4833,1,55
9779,p4834,1,100
9780,p4835,1,44
9781,p4836,1,14
9783,p4837,1,89
9784,p4838,1,16
9786,p4839,1,20
9789,p4840,1,25
9791,p4841,1,74
9793,p4842,1,44
9795,p4843,1,12
9797,p4844,1,97
9799,p4845,1,13
9802,p4846,1,55
9803,p4847,1,18
9806,p4848,1,57
9809,p4849,1,90
9811,p4850,1,70
9814,p4851,1,96
9816,p4852,1,40
9818,p4853,1,7
9820,p4854,1,86
9822,p4855,1,67
9825,p4856,1,24
9828,p4857,1,24
9830,p4858,1,31
9831,p4859,1,43
9832,p4860,1,23
9835,p4861,1,61
9838,p4862,1,20
9841,p4863,1,48
9843,p4864,1,77
9846,p4865,1,65
9848,p4866,1,64
9851,p4867,1,75
9854,p4868,1,70
9857,p4869,1,86
9860,p4870,1,54
9861,p4871,1,98
9862,p4872,1,4
9864,p4873,1,5
9866,p4874,1,91
9869,p4875,1,61
9871,p4876,1,78
9872,p4877,1,68
9874,p4878,1,44
9877,p4879,1,74
9880,p4880,1,50
9882,p4881,1,25
9883,p4882,1,27
9884,p4883,1,33
9886,p4884,1,64
9888,p4885,1,28
9889,p4886,1,44
9892,p4887,1,73
9895,p4888,1,77
9897,p4889,1,99
9900,p4890,1,56
9903,p4891,1,90
9904,p4892,1,91
9905,p4893,1,41
9908,p4894,1,32
9911,p4895,1,58
9912,p4896,1,11
9913,p4897,1,51
9914,p4898,1,2
9916,p4899,1,6
9918,p4900,1,36
9921,p4901,1,38
9924,p4902,1,53
9927,p4903,1,28
9930,p4904,1,65
9931,p4905,1,77
9934,p4906,1,26
9935,p4907,1,89
9938,p4908,1,62
9939,p4909,1,67
9941,p4910,1,47
9943,p4911,1,58
9946,p4912,1,66
9948,p4913,1,44
9951,p4914,1,16
9954,p4915,1,71
9957,p4916,1,3
9960,p4917,1,34
9961,p4918,1,76
9964,p4919,1,50
9966,p4920,1,96
9968,p4921,1,29
9971,p4922,1,62
9974,p4923,1,99
9975,p4924,1,62
9977,p4925,1,2
9978,p4926,1,7
9980,p4927,1,65
9983,p4928,1,52
9986,p4929,1,92
9987,p4930,1,34
9988,p4931,1,61
9991,p4932,1,56
9992,p4933,1,42
9993,p4934,1,34
9995,p4935,1,84
9998,p4936,1,12
10001,p4937,1,89
10004,p4938,1,40
10006,p4939,1,16
10009,p4940,1,32
10012,p4941,1,37
10014,p4942,1,96
10017,p4943,1,42
10019,p4944,1,27
10021,p4945,1,44
10024,p4946,1,35
10026,p4947,1,71
10029,p4948,1,35
10030,p4949,1,13
10032,p4950,1,76
10034,p4951,1,90
10035,p4952,1,16
10037,p4953,1,21
10039,p4954,1,50
10041,p4955,1,29
10043,p4956,1,98
10044,p4957,1,71
10046,p4958,1,96
10049,p4959,1,3
10052,p4960,1,28
10055,p4961,1,22
10056,p4962,1,97
10059,p4963,1,2
10060,p4964,1,19
10061,p4965,1,74
10063,p4966,1,24
10064,p4967,1,73
10067,p4968,1,47
10068,p4969,1,18
10069,p4970,1,4
10072,p4971,1,29
10075,p4972,1,13
10077,p4973,1,26
10078,p4974,1,87
10080,p4975,1,27
10083,p4976,1,16
10085,p4977,1,77
10088,p4978,1,76
10090,p4979,1,63
10093,p4980,1,42
10095,p4981,1,79
10098,p4982,1,29
10101,p4983,1,99
10104,p4984,1,61
10105,p4985,1,3
10107,p4986,1,82
10109,p4987,1,19
10112,p4988,1,88
10115,p4989,1,85
10118,p4990,1,48
10121,p4991,1,52
10123,p4992,1,42
10124,p4993,1,58
10125,p4994,1,18
10128,p4995,1,69
10129,p4996,1,50
10132,p4997,1,46
10133,p4998,1,36
10135,p4999,1,37
10136,p5000,1,18
10137,p5001,1,16
10139,p5002,1,9
10142,p5003,1,48
10145,p5004,1,22
10148,p5005,1,6
10151,p5006,1,38
10152,p5007,1,4
10153,p5008,1,29
10156,p5009,1,77
10157,p5010,1,37
10158,p5011,1,67
10161,p5012,1,46
10163,p5013,1,25
10164,p5014,1,11
10166,p5015,1,38
10167,p5016,1,32
10168,p5017,1,24
10171,p5018,1,62
10172,p5019,1,70
10173,p5020,1,82
10175,p5021,1,72
10176,p5022,1,58
10179,p5023,1,79
10180,p5024,1,33
10183,p5025,1,47
10185,p5026,1,60
10187,p5027,1,30
10190,p5028,1,22
10193,p5029,1,17
10194,p5030,1,76
10197,p5031,1,18
10198,p5032,1,6
10199,p5033,1,26
10202,p5034,1,45
10204,p5035,1,18
10206,p5036,1,75
10208,p5037,1,57
10211,p5038,1,41
10213,p5039,1,71
10216,p5040,1,71
10217,p5041,1,7
10220,p5042,1,24
10223,p5043,1,21
10224,p5044,1,44
10226,p5045,1,90
10227,p5046,1,82
10228,p5047,1,30
10230,p5048,1,89
10231,p5049,1,14
10232,p5050,1,89
10235,p5051,1,59
10236,p5052,1,69
10238,p5053,1,36
10239,p5054,1,47
10242,p5055,1,2
10244,p5056,1,94
10246,p5057,1,8
10249,p5058,1,30
10251,p5059,1,19
10252,p5060,1,13
10253,p5061,1,34
10254,p5062,1,35
10255,p5063,1,90
10256,p5064,1,59
10259,p5065,1,8
10262,p5066,1,82
10264,p5067,1,81
10266,p5068,1,17
10267,p5069,1,64
10270,p5070,1,87
10271,p5071,1,55
10274,p5072,1,10
10276,p5073,1,42
10279,p5074,1,35
10281,p5075,1,81
10283,p5076,1,11
10284,p5077,1,69
10286,p5078,1,48
10289,p5079,1,26
10290,p5080,1,47
10292,p5081,1,30
10294,p5082,1,61
10297,p5083,1,60
10300,p5084,1,7
10301,p5085,1,88
10302,p5086,1,28
10304,p5087,1,25
10305,p5088,1,58
10306,p5089,1,10
10309,p5090,1,45
10310,p5091,1,82
10313,p5092,1,3
10314,p5093,1,45
10317,p5094,1,41
10318,p5095,1,16
10321,p5096,1,42
10324,p5097,1,88
10327,p5098,1,5
10330,p5099,1,52
10332,p5100,1,94
10334,p5101,1,45
10337,p5102,1,15
10340,p5103,1,59
10341,p5104,1,74
10343,p5105,1,90
10344,p5106,1,44
10347,p5107,1,73
10350,p5108,1,38
10351,p5109,1,44
10352,p5110,1,61
10353,p5111,1,89
10356,p5112,1,17
10358,p5113,1,88
10360,p5114,1,55
10361,p5115,1,52
10362,p5116,1,72
10364,p5117,1,79
10365,p5118,1,22
10367,p5119,1,61
10370,p5120,1,93
10371,p5121,1,15
10374,p5122,1,67
10377,p5123,1,36
10378,p5124,1,70
10380,p5125,1,30
10382,p5126,1,61
10384,p5127,1,28
10386,p5128,1,51
10389,p5129,1,38
10392,p5130,1,85
10394,p5131,1,41
10397,p5132,1,5
10399,p5133,1,53
10402,p5134,1,43
10404,p5135,1,16
10406,p5136,1,87
10408,p5137,1,81
10410,p5138,1,55
10413,p5139,1,39
10415,p5140,1,19
10417,p5141,1,79
10418,p5142,1,57
10420,p5143,1,30
10422,p5144,1,98
10423,p5145,1,88
10426,p5146,1,39
10429,p5147,1,43
10432,p5148,1,76
10435,p5149,1,56
10436,p5150,1,70
10439,p5151,1,84
10442,p5152,1,42
10443,p5153,1,22
10445,p5154,1,65
10446,p5155,1,50
10449,p5156,1,58
10451,p5157,1,67
10452,p5158,1,35
10454,p5159,1,55
10455,p5160,1,71
10457,p5161,1,72
10459,p5162,1,4
10461,p5163,1,73
10464,p5164,1,62
10465,p5165,1,78
10468,p5166,1,27
10470,p5167,1,63
10473,p5168,1,97
10475,p5169,1,79
10478,p5170,1,93
10481,p5171,1,61
10484,p5172,1,43
10485,p5173,1,62
10487,p5174,1,38
10489,p5175,1,73
10491,p5176,1,18
10492,p5177,1,94
10493,p5178,1,38
10495,p5179,1,36
10498,p5180,1,37
10500,p5181,1,57
10501,p5182,1,7
10504,p5183,1,78
10506,p5184,1,77
10508,p5185,1,73
10510,p5186,1,61
10513,p5187,1,92
10514,p5188,1,42
10517,p5189,1,72
10518,p5190,1,71
10521,p5191,1,80
10522,p5192,1,4
10525,p5193,1,45
10528,p5194,1,12
10529,p5195,1,75
10532,p5196,1,8
10535,p5197,1,11
10538,p5198,1,79
10539,p5199,1,30
10540,p5200,1,4
10541,p5201,1,76
10542,p5202,1,2
10545,p5203,1,86
10548,p5204,1,46
10551,p5205,1,59
10554,p5206,1,49
10556,p5207,1,64
10557,p5208,1,70
10559,p5209,1,93
10562,p5210,1,16
10565,p5211,1,37
10566,p5212,1,13
10567,p5213,1,87
10568,p5214,1,91
10569,p5215,1,15
10571,p5216,1,14
10572,p5217,1,76
10575,p5218,1,89
10576,p5219,1,87
10579,p5220,1,80
10581,p5221,1,54
10583,p5222,1,100
10586,p5223,1,87
10588,p5224,1,29
10589,p5225,1,51
10590,p5226,1,97
10592,p5227,1,61
10594,p5228,1,55
10597,p5229,1,38
10600,p5230,1,76
10601,p5231,1,25
10603,p5232,1,49
10605,p5233,1,25
10608,p5234,1,41
10609,p5235,1,82
10610,p5236,1,77
10612,p5237,1,16
10615,p5238,1,89
10616,p5239,1,83
10619,p5240,1,8
10622,p5241,1,79
10625,p5242,1,86
10628,p5243,1,72
10630,p5244,1,56
10632,p5245,1,3
10633,p5246,1,83
10636,p5247,1,74
10638,p5248,1,32
10639,p5249,1,2
10640,p5250,1,55
10643,p5251,1,22
10646,p5252,1,74
10647,p5253,1,52
10649,p5254,1,14
10652,p5255,1,9
10654,p5256,1,42
10657,p5257,1,71
10660,p5258,1,41
10663,p5259,1,53
10665,p5260,1,65
10668,p5261,1,22
10670,p5262,1,21
10671,p5263,1,73
10673,p5264,1,44
10674,p5265,1,67
10676,p5266,1,15
10677,p5267,1,53
10678,p5268,1,77
10679,p5269,1,45
10681,p5270,1,95
10682,p5271,1,6
10684,p5272,1,38
10685,p5273,1,99
10687,p5274,1,7
10688,p5275,1,31
10689,p5276,1,52
10690,p5277,1,58
10691,p5278,1,34
10693,p5279,1,80
10694,p5280,1,62
10695,p5281,1,23
10698,p5282,1,64
10699,p5283,1,85
10701,p5284,1,87
10704,p5285,1,5
10707,p5286,1,91
10708,p5287,1,52
10710,p5288,1,47
10713,p5289,1,41
10715,p5290,1,67
10716,p5291,1,43
10718,p5292,1,6
10719,p5293,1,39
10721,p5294,1,58
10723,p5295,1,92
10725,p5296,1,15
10727,p5297,1,46
10729,p5298,1,32
10732,p5299,1,36
10734,p5300,1,25
10735,p5301,1,91
10736,p5302,1,78
10738,p5303,1,100
10740,p5304,1,37
10741,p5305,1,7
10743,p5306,1,27
10744,p5307,1,59
10746,p5308,1,67
10747,p5309,1,96
10750,p5310,1,96
10752,p5311,1,78
10753,p5312,1,44
10756,p5313,1,87
10758,p5314,1,48
10761,p5315,1,76
10764,p5316,1,20
10765,p5317,1,11
10767,p5318,1,50
10769,p5319,1,49
10772,p5320,1,87
10774,p5321,1,67
10777,p5322,1,21
10778,p5323,1,92
10780,p5324,1,38
10781,p5325,1,97
10782,p5326,1,73
10783,p5327,1,11
10785,p5328,1,28
10788,p5329,1,57
10790,p5330,1,11
10793,p5331,1,22
10795,p5332,1,13
10798,p5333,1,56
10800,p5334,1,41
10801,p5335,1,60
10804,p5336,1,8
10807,p5337,1,100
10808,p5338,1,99
10810,p5339,1,83
10813,p5340,1,91
10816,p5341,1,28
10819,p5342,1,97
10821,p5343,1,95
10824,p5344,1,45
10825,p5345,1,31
10827,p5346,1,7
10829,p5347,1,49
10832,p5348,1,72
10835,p5349,1,79
10838,p5350,1,82
10840,p5351,1,68
10842,p5352,1,54
10843,p5353,1,64
10845,p5354,1,63
10847,p5355,1,30
10850,p5356,1,28
10853,p5357,1,78
10856,p5358,1,13
10859,p5359,1,55
10862,p5360,1,62
10864,p5361,1,79
10865,p5362,1,29
10866,p5363,1,30
10869,p5364,1,82
10870,p5365,1,80
10872,p5366,1,28
10875,p5367,1,32
10876,p5368,1,63
10879,p5369,1,35
10881,p5370,1,98
10882,p5371,1,50
10884,p5372,1,41
10887,p5373,1,63
10890,p5374,1,28
10891,p5375,1,28
10894,p5376,1,56
10897,p5377,1,14
10898,p5378,1,80
10901,p5379,1,22
10903,p5380,1,57
10904,p5381,1,63
10907,p5382,1,2
10909,p5383,1,21
10912,p5384,1,74
10915,p5385,1,90
10918,p5386,1,21
10919,p5387,1,63
10920,p5388,1,71
10922,p5389,1,53
10925,p5390,1,89
10926,p5391,1,46
10928,p5392,1,79
10929,p5393,1,47
10930,p5394,1,83
10932,p5395,1,34
10935,p5396,1,41
10938,p5397,1,58
10939,p5398,1,69
10942,p5399,1,57
10945,p5400,1,18
10947,p5401,1,19
10948,p5402,1,46
10950,p5403,1,59
10951,p5404,1,75
10953,p5405,1,23
10956,p5406,1,75
10959,p5407,1,24
10962,p5408,1,67
10964,p5409,1,87
10966,p5410,1,100
10969,p5411,1,57
10972,p5412,1,33
10973,p5413,1,25
10976,p5414,1,29
10977,p5415,1,38
10979,p5416,1,41
10980,p5417,1,52
10983,p5418,1,26
10984,p5419,1,88
10985,p5420,1,58
10987,p5421,1,11
10989,p5422,1,51
10990,p5423,1,6
10991,p5424,1,44
10993,p5425,1,73
10994,p5426,1,35
10995,p5427,1,67
10996,p5428,1,70
10997,p5429,1,46
11000,p5430,1,50
11001,p5431,1,23
11004,p5432,1,96
11006,p5433,1,2
11009,p5434,1,51
11011,p5435,1,65
11012,p5436,1,27
11015,p5437,1,17
11016,p5438,1,100
11017,p5439,1,98
11020,p5440,1,38
11023,p5441,1,32
11026,p5442,1,16
11028,p5443,1,17
11031,p5444,1,30
11034,p5445,1,60
11037,p5446,1,21
11039,p5447,1,46
11040,p5448,1,55
11041,p5449,1,27
11043,p5450,1,11
11045,p5451,1,66
11047,p5452,1,85
11049,p5453,1,51
11051,p5454,1,37
11054,p5455,1,58
11057,p5456,1,24
11060,p5457,1,46
11061,p5458,1,78
11062,p5459,1,70
11063,p5460,1,54
11064,p5461,1,53
11066,p5462,1,4
11069,p5463,1,57
11072,p5464,1,76
11074,p5465,1,79
11076,p5466,1,27
11079,p5467,1,36
11080,p5468,1,83
11081,p5469,1,6
11083,p5470,1,38
11086,p5471,1,49
11089,p5472,1,82
11092,p5473,1,5
11093,p5474,1,36
11094,p5475,1,95
11096,p5476,1,38
11098,p5477,1,21
11099,p5478,1,86
11102,p5479,1,8
11105,p5480,1,39
11107,p5481,1,9
11110,p5482,1,89
11111,p5483,1,49
11112,p5484,1,11
11114,p5485,1,66
11116,p5486,1,47
11117,p5487,1,99
11120,p5488,1,98
11121,p5489,1,11
11124,p5490,1,82
11127,p5491,1,11
11128,p5492,1,26
11130,p5493,1,80
11132,p5494,1,25
11135,p5495,1,46
11136,p5496,1,22
11137,p5497,1,66
11140,p5498,1,100
11143,p5499,1,72
11145,p5500,1,45
11148,p5501,1,64
11151,p5502,1,46
11153,p5503,1,57
11155,p5504,1,77
11157,p5505,1,24
11160,p5506,1,95
11162,p5507,1,61
11163,p5508,1,58
11165,p5509,1,44
11166,p5510,1,92
11169,p5511,1,49
11170,p5512,1,91
11171,p5513,1,87
11173,p5514,1,59
11176,p5515,1,92
11178,p5516,1,11
11181,p5517,1,8
11184,p5518,1,62
11187,p5519,1,38
11188,p5520,1,91
11191,p5521,1,91
11192,p5522,1,43
11195,p5523,1,83
11197,p5524,1,65
11200,p5525,1,78
11202,p5526,1,87
11203,p5527,1,40
11205,p5528,1,77
11207,p5529,1,44
11208,p5530,1,31
11209,p5531,1,86
11210,p5532,1,55
11213,p5533,1,88
11216,p5534,1,49
11218,p5535,1,57
11220,p5536,1,82
11221,p5537,1,42
11223,p5538,1,13
11225,p5539,1,78
11226,p5540,1,38
11228,p5541,1,5
11231,p5542,1,42
11233,p5543,1,19
11234,p5544,1,41
11235,p5545,1,80
11237,p5546,1,59
11238,p5547,1,85
11240,p5548,1,88
11242,p5549,1,9
11244,p5550,1,25
11247,p5551,1,22
11248,p5552,1,15
11250,p5553,1,74
11253,p5554,1,4
11256,p5555,1,85
11257,p5556,1,99
11259,p5557,1,50
11261,p5558,1,59
11263,p5559,1,46
11265,p5560,1,7
11266,p5561,1,64
11268,p5562,1,67
11271,p5563,1,90
11272,p5564,1,77
11275,p5565,1,85
11277,p5566,1,38
11279,p5567,1,93
11281,p5568,1,64
11282,p5569,1,89
11285,p5570,1,91
11286,p5571,1,83
11289,p5572,1,92
11292,p5573,1,60
11293,p5574,1,35
11295,p5575,1,3
11298,p5576,1,99
11301,p5577,1,25
11304,p5578,1,73
11307,p5579,1,99
11308,p5580,1,20
11310,p5581,1,33
11313,p5582,1,95
11315,p5583,1,59
11318,p5584,1,100
11320,p5585,1,2
11322,p5586,1,6
11324,p5587,1,65
11326,p5588,1,3
11329,p5589,1,49
11332,p5590,1,36
11334,p5591,1,56
11335,p5592,1,92
11337,p5593,1,62
11339,p5594,1,96
11341,p5595,1,5
11343,p5596,1,83
11344,p5597,1,80
11347,p5598,1,44
11349,p5599,1,18
11350,p5600,1,83
11353,p5601,1,88
11356,p5602,1,42
11357,p5603,1,70
11360,p5604,1,50
11361,p5605,1,62
11363,p5606,1,80
11365,p5607,1,37
11368,p5608,1,47
11369,p5609,1,31
11372,p5610,1,32
11373,p5611,1,6
11376,p5612,1,59
11377,p5613,1,49
11378,p5614,1,40
11381,p5615,1,98
11384,p5616,1,58
11385,p5617,1,39
11386,p5618,1,63
11388,p5619,1,47
11389,p5620,1,26
11391,p5621,1,22
11394,p5622,1,95
11396,p5623,1,74
11398,p5624,1,11
11400,p5625,1,56
11401,p5626,1,52
11402,p5627,1,75
11405,p5628,1,6
11408,p5629,1,36
11409,p5630,1,17
11410,p5631,1,26
11411,p5632,1,35
11413,p5633,1,15
11415,p5634,1,50
11416,p5635,1,55
11417,p5636,1,47
11418,p5637,1,54
11420,p5638,1,73
11423,p5639,1,24
11424,p5640,1,10
11427,p5641,1,54
11430,p5642,1,90
11431,p5643,1,97
11434,p5644,1,49
11437,p5645,1,45
11440,p5646,1,26
11441,p5647,1,56
11443,p5648,1,69
11445,p5649,1,18
11448,p5650,1,50
11449,p5651,1,100
11452,p5652,1,18
11453,p5653,1,9
11454,p5654,1,29
11455,p5655,1,28
11457,p5656,1,5
11458,p5657,1,85
11459,p5658,1,60
11461,p5659,1,81
11462,p5660,1,60
11463,p5661,1,58
11465,p5662,1,95
11467,p5663,1,97
11468,p5664,1,22
11470,p5665,1,80
11473,p5666,1,12
11476,p5667,1,93
11478,p5668,1,68
11481,p5669,1,75
11483,p5670,1,100
11486,p5671,1,95
11489,p5672,1,89
11492,p5673,1,26
11493,p5674,1,34
11494,p5675,1,59
11497,p5676,1,48
11500,p5677,1,23
11502,p5678,1,41
11503,p5679,1,90
11504,p5680,1,96
11507,p5681,1,93
11510,p5682,1,42
11513,p5683,1,39
11516,p5684,1,83
11519,p5685,1,69
11521,p5686,1,67
11524,p5687,1,100
11526,p5688,1,69
11527,p5689,1,68
11530,p5690,1,52
11533,p5691,1,88
11536,p5692,1,22
11537,p5693,1,25
11539,p5694,1,13
11541,p5695,1,99
11543,p5696,1,86
11545,p5697,1,96
11546,p5698,1,72
11547,p5699,1,100
11548,p5700,1,79
11550,p5701,1,47
11551,p5702,1,99
11552,p5703,1,66
11555,p5704,1,97
11558,p5705,1,7
11560,p5706,1,63
11562,p5707,1,47
11563,p5708,1,20
11565,p5709,1,95
11566,p5710,1,63
11567,p5711,1,87
11570,p5712,1,38
11572,p5713,1,75
11575,p5714,1,91
11578,p5715,1,87
11581,p5716,1,45
11583,p5717,1,39
11586,p5718,1,45
11587,p5719,1,33
11589,p5720,1,78
11590,p5721,1,62
11592,p5722,1,56
11593,p5723,1,43
11594,p5724,1,47
11596,p5725,1,33
11598,p5726,1,85
11599,p5727,1,3
11600,p5728,1,37
11602,p5729,1,46
11603,p5730,1,78
11605,p5731,1,56
11607,p5732,1,12
11609,p5733,1,50
11612,p5734,1,17
11613,p5735,1,43
11614,p5736,1,83
11615,p5737,1,6
11618,p5738,1,96
11620,p5739,1,29
11622,p5740,1,53
11624,p5741,1,19
11626,p5742,1,12
11627,p5743,1,33
11628,p5744,1,58
11629,p5745,1,17
11632,p5746,1,99
11635,p5747,1,21
11636,p5748,1,47
11638,p5749,1,41
11639,p5750,1,75
11640,p5751,1,58
11643,p5752,1,8
11644,p5753,1,96
11645,p5754,1,23
11646,p5755,1,48
11649,p5756,1,28
11650,p5757,1,46
11652,p5758,1,82
11653,p5759,1,40
11654,p5760,1,79
11657,p5761,1,53
11658,p5762,1,82
11660,p5763,1,39
11662,p5764,1,16
11664,p5765,1,71
11666,p5766,1,83
11667,p5767,1,45
11669,p5768,1,50
11672,p5769,1,86
11673,p5770,1,15
11676,p5771,1,85
11677,p5772,1,25
11680,p5773,1,94
11682,p5774,1,16
11685,p5775,1,33
11686,p5776,1,37
11688,p5777,1,92
11691,p5778,1,39
11693,p5779,1,2
11694,p5780,1,33
11697,p5781,1,85
11698,p5782,1,90
11699,p5783,1,9
11700,p5784,1,100
11701,p5785,1,93
11703,p5786,1,84
11706,p5787,1,35
11708,p5788,1,53
11709,p5789,1,16
11712,p5790,1,66
11713,p5791,1,87
11715,p5792,1,16
11716,p5793,1,72
11719,p5794,1,37
11720,p5795,1,21
11723,p5796,1,88
11724,p5797,1,36
11725,p5798,1,26
11727,p5799,1,80
11730,p5800,1,78
11731,p5801,1,7
11733,p5802,1,17
11735,p5803,1,37
11736,p5804,1,35
11738,p5805,1,23
11741,p5806,1,97
11743,p5807,1,40
11745,p5808,1,58
11746,p5809,1,2
11748,p5810,1,9
11751,p5811,1,48
11752,p5812,1,88
11755,p5813,1,23
11758,p5814,1,71
11760,p5815,1,44
11763,p5816,1,90
11764,p5817,1,77
11765,p5818,1,100
11766,p5819,1,64
11768,p5820,1,9
11770,p5821,1,45
11772,p5822,1,19
11773,p5823,1,45
11776,p5824,1,21
11777,p5825,1,15
11780,p5826,1,46
11782,p5827,1,13
11784,p5828,1,15
11785,p5829,1,55
11788,p5830,1,39
11791,p5831,1,32
11794,p5832,1,5
11796,p5833,1,65
11797,p5834,1,52
11799,p5835,1,49
11802,p5836,1,6
11805,p5837,1,7
11808,p5838,1,65
11811,p5839,1,14
11812,p5840,1,54
11815,p5841,1,75
11818,p5842,1,39
11819,p5843,1,8
11820,p5844,1,73
11822,p5845,1,42
11824,p5846,1,96
11826,p5847,1,16
11827,p5848,1,56
11829,p5849,1,86
11832,p5850,1,71
11833,p5851,1,88
11836,p5852,1,25
11838,p5853,1,6
11839,p5854,1,88
11842,p5855,1,25
11844,p5856,1,68
11847,p5857,1,47
11849,p5858,1,72
11851,p5859,1,24
11853,p5860,1,90
11856,p5861,1,10
11858,p5862,1,16
11860,p5863,1,28
11862,p5864,1,81
11864,p5865,1,49
11866,p5866,1,16
11867,p5867,1,51
11869,p5868,1,64
11870,p5869,1,65
11871,p5870,1,7
11874,p5871,1,16
11875,p5872,1,4
11876,p5873,1,40
11877,p5874,1,10
11878,p5875,1,13
11880,p5876,1,94
11883,p5877,1,70
11884,p5878,1,78
11887,p5879,1,10
11888,p5880,1,75
11890,p5881,1,17
11892,p5882,1,69
11893,p5883,1,22
11896,p5884,1,35
11898,p5885,1,42
11899,p5886,1,65
11901,p5887,1,10
11902,p5888,1,85
11903,p5889,1,69
11905,p5890,1,25
11906,p5891,1,41
11909,p5892,1,36
11911,p5893,1,69
11912,p5894,1,54
11915,p5895,1,79
11917,p5896,1,64
11918,p5897,1,20
11919,p5898,1,40
11922,p5899,1,18
11923,p5900,1,99
11925,p5901,1,24
11928,p5902,1,5
11929,p5903,1,12
11930,p5904,1,7
11931,p5905,1,24
11934,p5906,1,33
11936,p5907,1,7
11938,p5908,1,37
11941,p5909,1,13
11943,p5910,1,66
11945,p5911,1,30
11948,p5912,1,18
11951,p5913,1,76
11952,p5914,1,88
11954,p5915,1,62
11957,p5916,1,63
11960,p5917,1,43
11961,p5918,1,68
11962,p5919,1,31
11963,p5920,1,81
11966,p5921,1,90
11967,p5922,1,62
11969,p5923,1,56
11971,p5924,1,41
11974,p5925,1,75
11977,p5926,1,74
11978,p5927,1,54
11980,p5928,1,50
11982,p5929,1,41
11985,p5930,1,16
11987,p5931,1,10
11988,p5932,1,7
11991,p5933,1,5
11992,p5934,1,96
11995,p5935,1,57
11996,p5936,1,93
11997,p5937,1,72
11998,p5938,1,46
11999,p5939,1,96
12002,p5940,1,22
12004,p5941,1,92
12005,p5942,1,13
12007,p5943,1,18
12010,p5944,1,63
12013,p5945,1,3
12016,p5946,1,73
12018,p5947,1,45
12019,p5948,1,50
12020,p5949,1,51
12023,p5950,1,59
12024,p5951,1,18
12026,p5952,1,84
12029,p5953,1,69
12031,p5954,1,23
12034,p5955,1,59
12035,p5956,1,31
12038,p5957,1,87
12041,p5958,1,52
12042,p5959,1,20
12043,p5960,1,49
12046,p5961,1,100
12047,p5962,1,55
12049,p5963,1,83
12050,p5964,1,53
12052,p5965,1,65
12055,p5966,1,34
12057,p5967,1,25
12060,p5968,1,38
12063,p5969,1,8
12065,p5970,1,84
12066,p5971,1,46
12069,p5972,1,4
12070,p5973,1,89
12071,p5974,1,43
12073,p5975,1,24
12074,p5976,1,90
12075,p5977,1,96
12078,p5978,1,56
12081,p5979,1,90
12083,p5980,1,80
12086,p5981,1,4
12089,p5982,1,13
12092,p5983,1,61
12095,p5984,1,26
12096,p5985,1,100
12098,p5986,1,64
12100,p5987,1,37
12101,p5988,1,68
12102,p5989,1,17
12105,p5990,1,25
12107,p5991,1,54
12110,p5992,1,96
12113,p5993,1,93
12115,p5994,1,82
12118,p5995,1,28
12119,p5996,1,70
12121,p5997,1,86
12124,p5998,1,9
12125,p5999,1,43
12127,p6000,1,32
12129,p6001,1,29
12131,p6002,1,61
12134,p6003,1,59
12137,p6004,1,10
12139,p6005,1,8
12141,p6006,1,35
12144,p6007,1,74
12147,p6008,1,74
12150,p6009,1,62
12153,p6010,1,27
12154,p6011,1,77
12155,p6012,1,76
12156,p6013,1,97
12159,p6014,1,85
12162,p6015,1,71
12164,p6016,1,35
12167,p6017,1,30
12170,p6018,1,19
12171,p6019,1,33
12173,p6020,1,3
12175,p6021,1,43
12177,p6022,1,98
12180,p6023,1,85
12183,p6024,1,76
12185,p6025,1,66
12187,p6026,1,94
12189,p6027,1,54
12192,p6028,1,12
12195,p6029,1,86
12197,p6030,1,6
12198,p6031,1,78
12201,p6032,1,39
12202,p6033,1,94
12204,p6034,1,66
12205,p6035,1,70
12208,p6036,1,2
12209,p6037,1,29
12210,p6038,1,89
12211,p6039,1,63
12213,p6040,1,80
12216,p6041,1,17
12217,p6042,1,50
12219,p6043,1,60
12221,p6044,1,83
12224,p6045,1,9
12227,p6046,1,46
12228,p6047,1,56
12229,p6048,1,59
12231,p6049,1,53
12233,p6050,1,84
12234,p6051,1,69
12236,p6052,1,8
12237,p6053,1,99
12239,p6054,1,28
12242,p6055,1,67
12245,p6056,1,17
12248,p6057,1,58
12250,p6058,1,70
12251,p6059,1,58
12254,p6060,1,62
12257,p6061,1,41
12258,p6062,1,38
12260,p6063,1,67
12263,p6064,1,83
12264,p6065,1,37
12265,p6066,1,80
12268,p6067,1,78
12270,p6068,1,52
12271,p6069,1,88
12272,p6070,1,12
12273,p6071,1,50
12275,p6072,1,69
12278,p6073,1,67
12280,p6074,1,76
12281,p6075,1,75
12283,p6076,1,30
12286,p6077,1,36
12289,p6078,1,70
12290,p6079,1,79
12293,p6080,1,33
12296,p6081,1,97
12299,p6082,1,68
12302,p6083,1,7
12304,p6084,1,9
12306,p6085,1,4
12309,p6086,1,64
12312,p6087,1,26
12314,p6088,1,57
12317,p6089,1,42
12318,p6090,1,96
12320,p6091,1,15
12322,p6092,1,90
12325,p6093,1,78
12327,p6094,1,41
12329,p6095,1,88
12330,p6096,1,62
12332,p6097,1,20
12335,p6098,1,48
12338,p6099,1,36
12340,p6100,1,50
12342,p6101,1,56
12344,p6102,1,90
12345,p6103,1,85
12346,p6104,1,4
12349,p6105,1,28
12352,p6106,1,15
12353,p6107,1,62
12356,p6108,1,88
12359,p6109,1,7
12362,p6110,1,90
12364,p6111,1,27
12365,p6112,1,82
12366,p6113,1,9
12367,p6114,1,90
12368,p6115,1,77
12370,p6116,1,76
12372,p6117,1,83
12374,p6118,1,47
12377,p6119,1,74
12378,p6120,1,98
12381,p6121,1,85
12383,p6122,1,80
12384,p6123,1,17
12387,p6124,1,30
12389,p6125,1,71
12390,p6126,1,28
12392,p6127,1,76
12393,p6128,1,2
12396,p6129,1,24
12398,p6130,1,10
12399,p6131,1,8
12400,p6132,1,8
12403,p6133,1,41
12404,p6134,1,39
12405,p6135,1,46
12406,p6136,1,85
12409,p6137,1,23
12410,p6138,1,60
12411,p6139,1,59
12412,p6140,1,93
12415,p6141,1,22
12418,p6142,1,6
12419,p6143,1,70
12420,p6144,1,57
12421,p6145,1,54
12423,p6146,1,45
12426,p6147,1,26
12429,p6148,1,76
12432,p6149,1,21
12435,p6150,1,43
12438,p6151,1,70
12441,p6152,1,91
12444,p6153,1,37
12445,p6154,1,45
12448,p6155,1,90
12450,p6156,1,45
12453,p6157,1,18
12456,p6158,1,29
12458,p6159,1,41
12459,p6160,1,68
12460,p6161,1,81
12462,p6162,1,53
12465,p6163,1,35
12467,p6164,1,57
12468,p6165,1,71
12471,p6166,1,18
12474,p6167,1,74
12476,p6168,1,26
12479,p6169,1,63
12480,p6170,1,5
12482,p6171,1,39
12484,p6172,1,16
12487,p6173,1,37
12488,p6174,1,65
12489,p6175,1,55
12491,p6176,1,59
12492,p6177,1,66
12494,p6178,1,11
12495,p6179,1,48
12496,p6180,1,53
12498,p6181,1,65
12501,p6182,1,5
12502,p6183,1,21
12503,p6184,1,2
12505,p6185,1,56
12507,p6186,1,10
12509,p6187,1,68
12512,p6188,1,82
12513,p6189,1,75
12514,p6190,1,14
12515,p6191,1,6
12518,p6192,1,43
12520,p6193,1,6
12522,p6194,1,83
12524,p6195,1,28
12526,p6196,1,68
12529,p6197,1,93
12530,p6198,1,96
12533,p6199,1,34
12534,p6200,1,19
12536,p6201,1,43
12538,p6202,1,87
12540,p6203,1,88
12543,p6204,1,15
12545,p6205,1,50
12548,p6206,1,29
12551,p6207,1,76
12552,p6208,1,25
12554,p6209,1,21
12557,p6210,1,75
12559,p6211,1,4
12560,p6212,1,59
12562,p6213,1,74
12563,p6214,1,43
12566,p6215,1,88
12568,p6216,1,7
12570,p6217,1,52
12573,p6218,1,89
12574,p6219,1,43
12576,p6220,1,82
12579,p6221,1,99
12581,p6222,1,61
12584,p6223,1,52
12587,p6224,1,18
12588,p6225,1,36
12591,p6226,1,22
12594,p6227,1,13
12596,p6228,1,2
12599,p6229,1,25
12602,p6230,1,100
12605,p6231,1,96
12607,p6232,1,17
12608,p6233,1,86
12611,p6234,1,94
12613,p6235,1,38
12615,p6236,1,84
12618,p6237,1,44
12619,p6238,1,68
12620,p6239,1,35
12623,p6240,1,70
12626,p6241,1,14
12628,p6242,1,85
12629,p6243,1,2
12631,p6244,1,2
12633,p6245,1,49
12636,p6246,1,41
12637,p6247,1,40
12640,p6248,1,77
12643,p6249,1,55
12644,p6250,1,58
12647,p6251,1,50
12648,p6252,1,68
12649,p6253,1,33
12651,p6254,1,45
12652,p6255,1,37
12654,p6256,1,9
12655,p6257,1,77
12657,p6258,1,29
12658,p6259,1,15
12659,p6260,1,50
12660,p6261,1,39
12661,p6262,1,34
12664,p6263,1,33
12666,p6264,1,86
12669,p6265,1,16
12672,p6266,1,83
12673,p6267,1,56
12675,p6268,1,75
12677,p6269,1,82
12680,p6270,1,58
12682,p6271,1,51
12685,p6272,1,12
12688,p6273,1,27
12689,p6274,1,7
12691,p6275,1,39
12693,p6276,1,97
12695,p6277,1,38
12698,p6278,1,25
12700,p6279,1,97
12701,p6280,1,4
12702,p6281,1,62
12703,p6282,1,51
12706,p6283,1,41
12708,p6284,1,18
12710,p6285,1,18
12711,p6286,1,24
12714,p6287,1,95
12717,p6288,1,20
12719,p6289,1,20
12720,p6290,1,37
12721,p6291,1,97
12722,p6292,1,65
12724,p6293,1,41
12727,p6294,1,4
12730,p6295,1,42
12731,p6296,1,74
12734,p6297,1,59
12737,p6298,1,3
12740,p6299,1,22
12742,p6300,1,14
12745,p6301,1,34
12746,p6302,1,22
12747,p6303,1,77
12750,p6304,1,80
12753,p6305,1,35
12755,p6306,1,6
12757,p6307,1,78
12760,p6308,1,27
12763,p6309,1,39
12765,p6310,1,2
12768,p6311,1,51
12770,p6312,1,89
12772,p6313,1,86
12775,p6314,1,55
12778,p6315,1,49
12781,p6316,1,38
12783,p6317,1,58
12786,p6318,1,39
12788,p6319,1,79
12790,p6320,1,91
12791,p6321,1,96
12792,p6322,1,45
12794,p6323,1,49
12795,p6324,1,74
12797,p6325,1,42
12798,p6326,1,56
12800,p6327,1,66
12801,p6328,1,70
12803,p6329,1,3
12806,p6330,1,57
12809,p6331,1,65
12810,p6332,1,33
12813,p6333,1,65
12814,p6334,1,14
12815,p6335,1,32
12818,p6336,1,64
12819,p6337,1,94
12822,p6338,1,37
12824,p6339,1,96
12827,p6340,1,45
12830,p6341,1,10
12831,p6342,1,81
12832,p6343,1,22
12835,p6344,1,7
12838,p6345,1,42
12839,p6346,1,39
12840,p6347,1,21
12841,p6348,1,69
12842,p6349,1,33
12844,p6350,1,24
12846,p6351,1,8
12849,p6352,1,74
12852,p6353,1,38
12854,p6354,1,4
12857,p6355,1,37
12859,p6356,1,44
12861,p6357,1,59
12862,p6358,1,25
12863,p6359,1,49
12865,p6360,1,40
12868,p6361,1,11
12869,p6362,1,46
12870,p6363,1,56
12873,p6364,1,46
12875,p6365,1,45
12878,p6366,1,80
12880,p6367,1,68
12882,p6368,1,22
12885,p6369,1,4
12886,p6370,1,90
12889,p6371,1,99
12890,p6372,1,97
12893,p6373,1,67
12896,p6374,1,41
12899,p6375,1,45
12900,p6376,1,53
12902,p6377,1,59
12904,p6378,1,62
12906,p6379,1,55
12907,p6380,1,100
12908,p6381,1,5
12909,p6382,1,71
12912,p6383,1,85
12913,p6384,1,82
12916,p6385,1,5
12919,p6386,1,72
12921,p6387,1,95
12923,p6388,1,18
12926,p6389,1,38
12928,p6390,1,88
12929,p6391,1,12
12931,p6392,1,36
12933,p6393,1,42
12936,p6394,1,98
12937,p6395,1,78
12940,p6396,1,19
12941,p6397,1,99
12942,p6398,1,80
12944,p6399,1,73
12945,p6400,1,49
12946,p6401,1,99
12948,p6402,1,48
12950,p6403,1,53
12952,p6404,1,95
12954,p6405,1,25
12956,p6406,1,76
12958,p6407,1,42
12959,p6408,1,38
12962,p6409,1,12
12964,p6410,1,35
12965,p6411,1,98
12967,p6412,1,84
12968,p6413,1,100
12971,p6414,1,74
12974,p6415,1,36
12975,p6416,1,43
12976,p6417,1,3
12978,p6418,1,24
12979,p6419,1,89
12982,p6420,1,67
12983,p6421,1,83
12985,p6422,1,74
12986,p6423,1,46
12987,p6424,1,71
12990,p6425,1,24
12991,p6426,1,79
12993,p6427,1,21
12995,p6428,1,55
12997,p6429,1,54
13000,p6430,1,10
13003,p6431,1,13
13006,p6432,1,98
13007,p6433,1,29
13010,p6434,1,85
13012,p6435,1,46
13013,p6436,1,75
13015,p6437,1,81
13018,p6438,1,9
13021,p6439,1,72
13023,p6440,1,17
13024,p6441,1,72
13027,p6442,1,12
13030,p6443,1,55
13031,p6444,1,82
13032,p6445,1,30
13034,p6446,1,63
13036,p6447,1,82
13038,p6448,1,62
13040,p6449,1,49
13041,p6450,1,63
13043,p6451,1,22
13044,p6452,1,68
13045,p6453,1,58
13048,p6454,1,75
13049,p6455,1,99
13051,p6456,1,99
13054,p6457,1,61
13057,p6458,1,65
13059,p6459,1,61
13062,p6460,1,40
13064,p6461,1,30
13066,p6462,1,30
13068,p6463,1,59
13070,p6464,1,21
13073,p6465,1,95
13075,p6466,1,77
13077,p6467,1,90
13080,p6468,1,15
13082,p6469,1,87
13084,p6470,1,23
13086,p6471,1,26
13089,p6472,1,35
13092,p6473,1,51
13093,p6474,1,53
13096,p6475,1,21
13097,p6476,1,84
13099,p6477,1,28
13102,p6478,1,96
13103,p6479,1,79
13105,p6480,1,23
13106,p6481,1,31
13109,p6482,1,84
13112,p6483,1,97
13114,p6484,1,10
13115,p6485,1,69
13117,p6486,1,17
13118,p6487,1,82
13121,p6488,1,77
13122,p6489,1,46
13124,p6490,1,85
13127,p6491,1,40
13128,p6492,1,82
13131,p6493,1,62
13134,p6494,1,72
13136,p6495,1,29
13137,p6496,1,52
13138,p6497,1,39
13140,p6498,1,48
13142,p6499,1,87
13143,p6500,1,89
13144,p6501,1,71
13146,p6502,1,89
13147,p6503,1,51
13150,p6504,1,86
13151,p6505,1,51
13153,p6506,1,11
13155,p6507,1,36
13157,p6508,1,94
13158,p6509,1,34
13161,p6510,1,59
13162,p6511,1,76
13164,p6512,1,53
13166,p6513,1,17
13168,p6514,1,81
13171,p6515,1,79
13172,p6516,1,59
13175,p6517,1,33
13176,p6518,1,83
13179,p6519,1,95
13180,p6520,1,60
13183,p6521,1,17
13184,p6522,1,100
13185,p6523,1,96
13188,p6524,1,69
13189,p6525,1,47
13190,p6526,1,72
13193,p6527,1,66
13195,p6528,1,95
13198,p6529,1,81
13199,p6530,1,72
13200,p6531,1,2
13202,p6532,1,25
13205,p6533,1,42
13206,p6534,1,3
13209,p6535,1,3
13211,p6536,1,93
13213,p6537,1,68
13214,p6538,1,40
13215,p6539,1,46
13217,p6540,1,27
13218,p6541,1,62
13219,p6542,1,78
13222,p6543,1,14
13224,p6544,1,100
13225,p6545,1,45
13228,p6546,1,28
13231,p6547,1,7
13233,p6548,1,52
13236,p6549,1,41
13237,p6550,1,52
13239,p6551,1,2
13241,p6552,1,33
13244,p6553,1,52
13245,p6554,1,16
13247,p6555,1,36
13250,p6556,1,8
13253,p6557,1,71
13254,p6558,1,30
13255,p6559,1,37
13258,p6560,1,5
13261,p6561,1,76
13263,p6562,1,5
13266,p6563,1,94
13269,p6564,1,95
13270,p6565,1,51
13273,p6566,1,74
13275,p6567,1,9
13277,p6568,1,11
13279,p6569,1,84
13282,p6570,1,88
13283,p6571,1,60
13285,p6572,1,71
13288,p6573,1,79
13290,p6574,1,37
13293,p6575,1,64
13295,p6576,1,6
13296,p6577,1,45
13297,p6578,1,50
13300,p6579,1,44
13301,p6580,1,79
13303,p6581,1,54
13305,p6582,1,57
13308,p6583,1,22
13309,p6584,1,71
13310,p6585,1,9
13313,p6586,1,76
13316,p6587,1,31
13317,p6588,1,17
13320,p6589,1,59
13322,p6590,1,7
13324,p6591,1,5
13327,p6592,1,46
13328,p6593,1,10
13330,p6594,1,87
13331,p6595,1,26
13334,p6596,1,78
13335,p6597,1,72
13338,p6598,1,77
13341,p6599,1,62
13342,p6600,1,23
13343,p6601,1,61
13346,p6602,1,77
13348,p6603,1,82
13349,p6604,1,73
13351,p6605,1,65
13354,p6606,1,100
13356,p6607,1,9
13357,p6608,1,53
13358,p6609,1,66
13359,p6610,1,73
13360,p6611,1,92
13362,p6612,1,24
13364,p6613,1,27
13367,p6614,1,12
13368,p6615,1,87
13370,p6616,1,12
13373,p6617,1,96
13375,p6618,1,62
13377,p6619,1,59
13380,p6620,1,45
13382,p6621,1,51
13384,p6622,1,42
13385,p6623,1,70
13386,p6624,1,49
13388,p6625,1,44
13390,p6626,1,36
13393,p6627,1,37
13394,p6628,1,41
13396,p6629,1,94
13397,p6630,1,26
13400,p6631,1,15
13402,p6632,1,68
13404,p6633,1,86
13406,p6634,1,27
13409,p6635,1,50
13410,p6636,1,89
13412,p6637,1,43
13415,p6638,1,66
13416,p6639,1,46
13419,p6640,1,85
13421,p6641,1,73
13424,p6642,1,6
13426,p6643,1,73
13429,p6644,1,47
13430,p6645,1,21
13432,p6646,1,89
13434,p6647,1,74
13436,p6648,1,61
13438,p6649,1,83
13439,p6650,1,87
13442,p6651,1,57
13443,p6652,1,91
13445,p6653,1,13
13447,p6654,1,95
13450,p6655,1,11
13453,p6656,1,93
13455,p6657,1,76
13456,p6658,1,68
13457,p6659,1,67
13460,p6660,1,27
13463,p6661,1,26
13464,p6662,1,10
13465,p6663,1,21
13466,p6664,1,42
13469,p6665,1,24
13470,p6666,1,62
13473,p6667,1,57
13475,p6668,1,8
13476,p6669,1,15
13477,p6670,1,30
13480,p6671,1,2
13482,p6672,1,77
13485,p6673,1,44
13487,p6674,1,32
13489,p6675,1,54
13492,p6676,1,75
13494,p6677,1,16
13495,p6678,1,67
13496,p6679,1,78
13498,p6680,1,65
13500,p6681,1,69
13501,p6682,1,94
13504,p6683,1,14
13505,p6684,1,5
13508,p6685,1,81
13511,p6686,1,49
13512,p6687,1,44
13514,p6688,1,45
13517,p6689,1,71
13518,p6690,1,76
13521,p6691,1,51
13524,p6692,1,3
13526,p6693,1,2
13527,p6694,1,8
13529,p6695,1,72
13532,p6696,1,76
13534,p6697,1,75
13535,p6698,1,71
13537,p6699,1,15
13539,p6700,1,32
13540,p6701,1,49
13543,p6702,1,49
13544,p6703,1,43
13547,p6704,1,12
13548,p6705,1,82
13550,p6706,1,18
13552,p6707,1,87
13553,p6708,1,70
13554,p6709,1,30
13555,p6710,1,78
13558,p6711,1,2
13559,p6712,1,13
13560,p6713,1,41
13561,p6714,1,99
13564,p6715,1,74
13567,p6716,1,34
13568,p6717,1,12
13571,p6718,1,53
13572,p6719,1,31
13574,p6720,1,10
13575,p6721,1,44
13577,p6722,1,21
13578,p6723,1,63
13580,p6724,1,82
13583,p6725,1,15
13584,p6726,1,85
13585,p6727,1,21
13588,p6728,1,18
13591,p6729,1,75
13594,p6730,1,61
13596,p6731,1,23
13599,p6732,1,29
13602,p6733,1,51
13603,p6734,1,27
13604,p6735,1,31
13606,p6736,1,10
13607,p6737,1,24
13608,p6738,1,60
13610,p6739,1,97
13613,p6740,1,33
13615,p6741,1,46
13616,p6742,1,56
13617,p6743,1,65
13620,p6744,1,19
13621,p6745,1,72
13624,p6746,1,25
13627,p6747,1,84
13629,p6748,1,77
13632,p6749,1,62
13635,p6750,1,44
13637,p6751,1,84
13638,p6752,1,40
13641,p6753,1,80
13642,p6754,1,30
13644,p6755,1,27
13646,p6756,1,73
13647,p6757,1,53
13648,p6758,1,67
13650,p6759,1,29
13651,p6760,1,92
13652,p6761,1,14
13654,p6762,1,94
13657,p6763,1,93
13660,p6764,1,99
13662,p6765,1,71
13665,p6766,1,97
13668,p6767,1,15
13669,p6768,1,84
13672,p6769,1,23
13675,p6770,1,71
13678,p6771,1,51
13679,p6772,1,84
13681,p6773,1,70
13682,p6774,1,28
13685,p6775,1,97
13688,p6776,1,21
13691,p6777,1,24
13692,p6778,1,32
13693,p6779,1,43
13695,p6780,1,37
13697,p6781,1,34
13698,p6782,1,26
13701,p6783,1,31
13702,p6784,1,23
13703,p6785,1,81
13705,p6786,1,7
13707,p6787,1,35
13710,p6788,1,73
13711,p6789,1,40
13712,p6790,1,40
13715,p6791,1,20
13716,p6792,1,92
13718,p6793,1,78
13719,p6794,1,9
13722,p6795,1,2
13724,p6796,1,100
13725,p6797,1,20
13727,p6798,1,65
13730,p6799,1,10
13733,p6800,1,6
13736,p6801,1,37
13739,p6802,1,90
13741,p6803,1,13
13742,p6804,1,61
13744,p6805,1,85
13746,p6806,1,4
13749,p6807,1,64
13751,p6808,1,73
13754,p6809,1,74
13757,p6810,1,32
13758,p6811,1,48
13759,p6812,1,59
13762,p6813,1,98
13763,p6814,1,61
13764,p6815,1,45
13765,p6816,1,9
13767,p6817,1,78
13769,p6818,1,35
13770,p6819,1,94
13772,p6820,1,83
13773,p6821,1,42
13775,p6822,1,18
13778,p6823,1,48
13780,p6824,1,96
13782,p6825,1,29
13784,p6826,1,56
13787,p6827,1,55
13789,p6828,1,28
13790,p6829,1,39
13792,p6830,1,58
13793,p6831,1,28
13795,p6832,1,61
13797,p6833,1,66
13798,p6834,1,28
13799,p6835,1,26
13800,p6836,1,14
13802,p6837,1,18
13804,p6838,1,30
13806,p6839,1,83
13809,p6840,1,66
13810,p6841,1,4
13812,p6842,1,79
13814,p6843,1,35
13815,p6844,1,62
13817,p6845,1,90
13820,p6846,1,32
13822,p6847,1,71
13825,p6848,1,29
13827,p6849,1,6
13830,p6850,1,95
13833,p6851,1,47
13836,p6852,1,7
13838,p6853,1,81
13840,p6854,1,30
13841,p6855,1,40
13842,p6856,1,87
13845,p6857,1,38
13847,p6858,1,37
13850,p6859,1,40
13852,p6860,1,54
13854,p6861,1,73
13855,p6862,1,72
13857,p6863,1,34
13858,p6864,1,94
13859,p6865,1,91
13861,p6866,1,85
13863,p6867,1,21
13864,p6868,1,40
13867,p6869,1,92
13869,p6870,1,11
13871,p6871,1,39
13873,p6872,1,33
13876,p6873,1,51
13878,p6874,1,23
13880,p6875,1,86
13883,p6876,1,73
13885,p6877,1,55
13887,p6878,1,76
13890,p6879,1,79
13893,p6880,1,73
13896,p6881,1,96
13897,p6882,1,42
13900,p6883,1,84
13901,p6884,1,37
13902,p6885,1,97
13905,p6886,1,100
13908,p6887,1,24
13909,p6888,1,72
13910,p6889,1,16
13913,p6890,1,99
13916,p6891,1,36
13919,p6892,1,21
13922,p6893,1,58
13924,p6894,1,43
13925,p6895,1,100
13927,p6896,1,20
13929,p6897,1,37
13930,p6898,1,20
13931,p6899,1,72
13933,p6900,1,16
13934,p6901,1,56
13935,p6902,1,65
13938,p6903,1,35
13940,p6904,1,86
13943,p6905,1,28
13945,p6906,1,16
13948,p6907,1,24
13951,p6908,1,61
13953,p6909,1,30
13955,p6910,1,72
13958,p6911,1,89
13961,p6912,1,24
13963,p6913,1,18
13964,p6914,1,63
13965,p6915,1,57
13966,p6916,1,63
13967,p6917,1,59
13969,p6918,1,32
13970,p6919,1,2
13971,p6920,1,58
13972,p6921,1,100
13974,p6922,1,68
13977,p6923,1,13
13979,p6924,1,70
13980,p6925,1,99
13982,p6926,1,5
13985,p6927,1,72
13986,p6928,1,27
13988,p6929,1,68
13989,p6930,1,85
13991,p6931,1,57
13994,p6932,1,18
13996,p6933,1,15
13998,p6934,1,31
14001,p6935,1,99
14003,p6936,1,61
14004,p6937,1,94
14007,p6938,1,6
14010,p6939,1,16
14013,p6940,1,53
14016,p6941,1,90
14019,p6942,1,81
14020,p6943,1,93
14021,p6944,1,16
14023,p6945,1,96
14025,p6946,1,15
14027,p6947,1,89
14029,p6948,1,91
14032,p6949,1,29
14033,p6950,1,47
14034,p6951,1,6
14036,p6952,1,73
14038,p6953,1,42
14041,p6954,1,61
14044,p6955,1,21
14047,p6956,1,81
14049,p6957,1,12
14050,p6958,1,16
14052,p6959,1,16
14053,p6960,1,25
14054,p6961,1,2
14055,p6962,1,85
14058,p6963,1,73
14061,p6964,1,37
14063,p6965,1,15
14064,p6966,1,85
14066,p6967,1,21
14067,p6968,1,50
14068,p6969,1,21
14071,p6970,1,53
14074,p6971,1,70
14076,p6972,1,16
14079,p6973,1,90
14082,p6974,1,89
14084,p6975,1,89
14086,p6976,1,47
14088,p6977,1,72
14091,p6978,1,43
14092,p6979,1,48
14095,p6980,1,3
14097,p6981,1,82
14100,p6982,1,50
14102,p6983,1,57
14104,p6984,1,35
14107,p6985,1,44
14110,p6986,1,23
14112,p6987,1,33
14115,p6988,1,98
14116,p6989,1,95
14117,p6990,1,20
14120,p6991,1,96
14123,p6992,1,36
14125,p6993,1,25
14126,p6994,1,15
14129,p6995,1,70
14130,p6996,1,96
14132,p6997,1,51
14135,p6998,1,14
14137,p6999,1,30
14140,p7000,1,62
14141,p7001,1,66
14144,p7002,1,66
14146,p7003,1,67
14148,p7004,1,30
14151,p7005,1,76
14152,p7006,1,88
14153,p7007,1,31
14154,p7008,1,32
14157,p7009,1,72
14158,p7010,1,85
14160,p7011,1,83
14162,p7012,1,3
14165,p7013,1,67
14168,p7014,1,78
14171,p7015,1,50
14172,p7016,1,49
14173,p7017,1,72
14175,p7018,1,93
14176,p7019,1,16
14179,p7020,1,53
14182,p7021,1,43
14184,p7022,1,70
14187,p7023,1,25
14189,p7024,1,34
14190,p7025,1,8
14192,p7026,1,85
14194,p7027,1,49
14196,p7028,1,33
14198,p7029,1,72
14201,p7030,1,26
14203,p7031,1,92
14204,p7032,1,98
14206,p7033,1,5
14207,p7034,1,22
14210,p7035,1,65
14211,p7036,1,86
14212,p7037,1,16
14214,p7038,1,72
14216,p7039,1,89
14219,p7040,1,21
14221,p7041,1,84
14224,p7042,1,90
14225,p7043,1,98
14228,p7044,1,82
14230,p7045,1,98
14233,p7046,1,11
14236,p7047,1,24
14237,p7048,1,83
14238,p7049,1,72
14240,p7050,1,22
14243,p7051,1,10
14245,p7052,1,70
14246,p7053,1,19
14249,p7054,1,42
14252,p7055,1,69
14254,p7056,1,47
14256,p7057,1,10
14257,p7058,1,89
14258,p7059,1,4
14261,p7060,1,22
14263,p7061,1,12
14266,p7062,1,94
14268,p7063,1,10
14269,p7064,1,38
14272,p7065,1,70
14273,p7066,1,80
14274,p7067,1,48
14276,p7068,1,40
14277,p7069,1,97
14279,p7070,1,66
14280,p7071,1,55
14282,p7072,1,70
14283,p7073,1,37
14286,p7074,1,2
14288,p7075,1,42
14290,p7076,1,51
14293,p7077,1,25
14296,p7078,1,72
14299,p7079,1,50
14300,p7080,1,84
14303,p7081,1,57
14305,p7082,1,17
14307,p7083,1,25
14310,p7084,1,69
14311,p7085,1,44
14312,p7086,1,45
14315,p7087,1,19
14316,p7088,1,66
14317,p7089,1,70
14319,p7090,1,65
14320,p7091,1,7
14321,p7092,1,19
14322,p7093,1,41
14325,p7094,1,35
14328,p7095,1,62
14331,p7096,1,59
14333,p7097,1,32
14335,p7098,1,28
14336,p7099,1,36
14337,p7100,1,57
14338,p7101,1,30
14341,p7102,1,66
14342,p7103,1,38
14343,p7104,1,38
14344,p7105,1,88
14347,p7106,1,2
14350,p7107,1,80
14352,p7108,1,10
14353,p7109,1,86
14356,p7110,1,47
14359,p7111,1,45
14362,p7112,1,57
14364,p7113,1,15
14365,p7114,1,42
14368,p7115,1,66
14370,p7116,1,82
14372,p7117,1,71
14373,p7118,1,46
14376,p7119,1,83
14378,p7120,1,6
14379,p7121,1,97
14382,p7122,1,33
14384,p7123,1,96
14387,p7124,1,45
14390,p7125,1,37
14393,p7126,1,61
14395,p7127,1,76
14397,p7128,1,71
14398,p7129,1,76
14399,p7130,1,65
14400,p7131,1,89
14401,p7132,1,47
14404,p7133,1,51
14407,p7134,1,5
14410,p7135,1,4
14411,p7136,1,8
14414,p7137,1,63
14417,p7138,1,59
14419,p7139,1,79
14421,p7140,1,45
14422,p7141,1,28
14424,p7142,1,93
14427,p7143,1,67
14430,p7144,1,97
14433,p7145,1,49
14436,p7146,1,91
14439,p7147,1,21
14440,p7148,1,78
14442,p7149,1,11
14445,p7150,1,100
14446,p7151,1,22
14447,p7152,1,89
14449,p7153,1,13
14451,p7154,1,12
14454,p7155,1,87
14456,p7156,1,56
14457,p7157,1,27
14458,p7158,1,80
14460,p7159,1,8
14463,p7160,1,60
14466,p7161,1,56
14468,p7162,1,100
14471,p7163,1,22
14472,p7164,1,57
14474,p7165,1,61
14477,p7166,1,45
14480,p7167,1,55
14481,p7168,1,11
14482,p7169,1,44
14483,p7170,1,91
14486,p7171,1,79
14487,p7172,1,58
14490,p7173,1,32
14493,p7174,1,41
14494,p7175,1,9
14496,p7176,1,86
14497,p7177,1,33
14500,p7178,1,28
14503,p7179,1,81
14505,p7180,1,27
14507,p7181,1,12
14510,p7182,1,25
14512,p7183,1,49
14515,p7184,1,91
14517,p7185,1,86
14518,p7186,1,76
14519,p7187,1,13
14521,p7188,1,35
14524,p7189,1,51
14527,p7190,1,26
14529,p7191,1,53
14532,p7192,1,36
14533,p7193,1,76
14535,p7194,1,97
14536,p7195,1,28
14537,p7196,1,78
14539,p7197,1,14
14541,p7198,1,55
14543,p7199,1,90
14544,p7200,1,44
14547,p7201,1,9
14550,p7202,1,65
14553,p7203,1,89
14556,p7204,1,95
14557,p7205,1,29
14560,p7206,1,30
14563,p7207,1,91
14565,p7208,1,92
14568,p7209,1,88
14571,p7210,1,58
14572,p7211,1,65
14573,p7212,1,79
14576,p7213,1,60
14579,p7214,1,40
14580,p7215,1,88
14583,p7216,1,96
14585,p7217,1,76
14587,p7218,1,15
14588,p7219,1,41
14590,p7220,1,44
14592,p7221,1,42
14593,p7222,1,71
14594,p7223,1,41
14595,p7224,1,43
14596,p7225,1,75
14599,p7226,1,79
14602,p7227,1,29
14605,p7228,1,23
14608,p7229,1,28
14610,p7230,1,22
14613,p7231,1,24
14615,p7232,1,49
14618,p7233,1,84
14619,p7234,1,60
14620,p7235,1,83
14623,p7236,1,95
14626,p7237,1,60
14628,p7238,1,73
14631,p7239,1,41
14634,p7240,1,71
14636,p7241,1,34
14637,p7242,1,38
14638,p7243,1,32
14639,p7244,1,65
14642,p7245,1,66
14644,p7246,1,41
14645,p7247,1,76
14646,p7248,1,46
14648,p7249,1,67
14651,p7250,1,56
14653,p7251,1,41
14654,p7252,1,11
14656,p7253,1,95
14659,p7254,1,81
14662,p7255,1,45
14663,p7256,1,75
14664,p7257,1,98
14666,p7258,1,22
14668,p7259,1,96
14669,p7260,1,30
14670,p7261,1,29
14672,p7262,1,25
14673,p7263,1,46
14675,p7264,1,91
14678,p7265,1,91
14680,p7266,1,39
14682,p7267,1,73
14684,p7268,1,46
14687,p7269,1,67
14689,p7270,1,37
14692,p7271,1,19
14695,p7272,1,7
14696,p7273,1,70
14697,p7274,1,4
14698,p7275,1,60
14699,p7276,1,87
14700,p7277,1,61
14703,p7278,1,98
14705,p7279,1,76
14706,p7280,1,18
14707,p7281,1,91
14709,p7282,1,55
14710,p7283,1,48
14711,p7284,1,19
14712,p7285,1,47
14714,p7286,1,63
14717,p7287,1,24
14720,p7288,1,23
14723,p7289,1,88
14724,p7290,1,11
14725,p7291,1,4
14727,p7292,1,29
14729,p7293,1,19
14731,p7294,1,48
14732,p7295,1,57
14735,p7296,1,24
14737,p7297,1,73
14738,p7298,1,60
14741,p7299,1,38
14744,p7300,1,35
14745,p7301,1,95
14746,p7302,1,24
14749,p7303,1,97
14750,p7304,1,44
14751,p7305,1,56
14752,p7306,1,35
14754,p7307,1,81
14756,p7308,1,53
14757,p7309,1,3
14758,p7310,1,59
14761,p7311,1,63
14764,p7312,1,90
14765,p7313,1,61
14768,p7314,1,82
14771,p7315,1,8
14774,p7316,1,28
14777,p7317,1,35
14780,p7318,1,8
14781,p7319,1,7
14782,p7320,1,41
14784,p7321,1,26
14786,p7322,1,37
14788,p7323,1,49
14791,p7324,1,70
14794,p7325,1,9
14797,p7326,1,100
14799,p7327,1,9
14801,p7328,1,83
14802,p7329,1,86
14803,p7330,1,30
14805,p7331,1,49
14806,p7332,1,29
14807,p7333,1,40
14809,p7334,1,15
14811,p7335,1,50
14813,p7336,1,26
14814,p7337,1,27
14816,p7338,1,46
14819,p7339,1,81
14821,p7340,1,15
14824,p7341,1,50
14825,p7342,1,62
14827,p7343,1,50
14828,p7344,1,76
14829,p7345,1,7
14830,p7346,1,85
14831,p7347,1,23
14833,p7348,1,91
14836,p7349,1,54
14838,p7350,1,86
14841,p7351,1,67
14843,p7352,1,53
14844,p7353,1,52
14847,p7354,1,24
14848,p7355,1,32
14849,p7356,1,3
14850,p7357,1,19
14852,p7358,1,40
14855,p7359,1,91
14858,p7360,1,62
14860,p7361,1,70
14861,p7362,1,19
14862,p7363,1,88
14863,p7364,1,32
14866,p7365,1,81
14868,p7366,1,54
14870,p7367,1,53
14873,p7368,1,8
14874,p7369,1,56
14876,p7370,1,18
14877,p7371,1,89
14878,p7372,1,69
14881,p7373,1,91
14884,p7374,1,55
14885,p7375,1,14
14886,p7376,1,20
14887,p7377,1,40
14890,p7378,1,48
14893,p7379,1,48
14895,p7380,1,46
14897,p7381,1,41
14899,p7382,1,56
14900,p7383,1,26
14901,p7384,1,74
14902,p7385,1,23
14904,p7386,1,63
14906,p7387,1,11
14909,p7388,1,83
14911,p7389,1,37
14914,p7390,1,94
14915,p7391,1,76
14916,p7392,1,75
14919,p7393,1,80
14920,p7394,1,56
14921,p7395,1,93
14922,p7396,1,88
14925,p7397,1,80
14927,p7398,1,12
14928,p7399,1,8
14929,p7400,1,82
14931,p7401,1,61
14933,p7402,1,10
14934,p7403,1,97
14937,p7404,1,35
14938,p7405,1,41
14941,p7406,1,37
14943,p7407,1,77
14944,p7408,1,27
14946,p7409,1,24
14949,p7410,1,59
14951,p7411,1,52
14954,p7412,1,97
14957,p7413,1,57
14958,p7414,1,62
14959,p7415,1,24
14962,p7416,1,56
14963,p7417,1,88
14966,p7418,1,35
14968,p7419,1,66
14969,p7420,1,68
14970,p7421,1,69
14972,p7422,1,65
14974,p7423,1,86
14975,p7424,1,23
14977,p7425,1,59
14979,p7426,1,92
14980,p7427,1,60
14982,p7428,1,42
14985,p7429,1,69
14987,p7430,1,90
14989,p7431,1,9
14990,p7432,1,49
14993,p7433,1,60
14995,p7434,1,84
14998,p7435,1,98
14999,p7436,1,20
15002,p7437,1,86
15004,p7438,1,18
15005,p7439,1,12
15007,p7440,1,51
15009,p7441,1,69
15012,p7442,1,33
15014,p7443,1,73
15017,p7444,1,24
15018,p7445,1,52
15020,p7446,1,80
15022,p7447,1,67
15023,p7448,1,79
15026,p7449,1,87
15027,p7450,1,78
15029,p7451,1,30
15032,p7452,1,26
15034,p7453,1,50
15037,p7454,1,70
15038,p7455,1,80
15040,p7456,1,2
15041,p7457,1,3
15044,p7458,1,3
15047,p7459,1,58
15048,p7460,1,8
15051,p7461,1,65
15054,p7462,1,74
15055,p7463,1,73
15057,p7464,1,50
15060,p7465,1,29
15063,p7466,1,11
15065,p7467,1,47
15067,p7468,1,51
15070,p7469,1,85
15072,p7470,1,53
15073,p7471,1,6
15074,p7472,1,94
15075,p7473,1,5
15078,p7474,1,62
15080,p7475,1,67
15082,p7476,1,63
15084,p7477,1,54
15087,p7478,1,13
15090,p7479,1,67
15091,p7480,1,32
15094,p7481,1,13
15095,p7482,1,4
15097,p7483,1,100
15098,p7484,1,15
15100,p7485,1,68
15102,p7486,1,60
15104,p7487,1,42
15107,p7488,1,89
15110,p7489,1,6
15113,p7490,1,10
15114,p7491,1,100
15116,p7492,1,61
15118,p7493,1,77
15120,p7494,1,47
15123,p7495,1,69
15125,p7496,1,62
15128,p7497,1,44
15130,p7498,1,5
15131,p7499,1,42
15133,p7500,1,73
15134,p7501,1,57
15135,p7502,1,50
15137,p7503,1,53
15140,p7504,1,95
15142,p7505,1,87
15145,p7506,1,90
15147,p7507,1,96
15150,p7508,1,98
15152,p7509,1,97
15155,p7510,1,52
15156,p7511,1,83
15158,p7512,1,17
15161,p7513,1,27
15163,p7514,1,35
15164,p7515,1,89
15167,p7516,1,63
15169,p7517,1,95
15171,p7518,1,11
15172,p7519,1,27
15175,p7520,1,95
15178,p7521,1,81
15181,p7522,1,90
15184,p7523,1,45
15187,p7524,1,45
15190,p7525,1,12
15192,p7526,1,18
15193,p7527,1,83
15195,p7528,1,47
15196,p7529,1,63
15199,p7530,1,11
15201,p7531,1,37
15202,p7532,1,21
15204,p7533,1,56
15205,p7534,1,70
15207,p7535,1,64
15210,p7536,1,91
15212,p7537,1,73
15214,p7538,1,85
15215,p7539,1,87
15218,p7540,1,27
15219,p7541,1,96
15220,p7542,1,68
15221,p7543,1,12
15222,p7544,1,18
15225,p7545,1,100
15226,p7546,1,19
15229,p7547,1,34
15230,p7548,1,79
15231,p7549,1,100
15234,p7550,1,54
15235,p7551,1,36
15236,p7552,1,63
15238,p7553,1,16
15240,p7554,1,19
15243,p7555,1,67
15244,p7556,1,80
15246,p7557,1,92
15249,p7558,1,43
15252,p7559,1,57
15253,p7560,1,30
15254,p7561,1,29
15257,p7562,1,37
15260,p7563,1,87
15263,p7564,1,40
15264,p7565,1,68
15266,p7566,1,88
15269,p7567,1,40
15272,p7568,1,61
15275,p7569,1,49
15276,p7570,1,52
15277,p7571,1,44
15279,p7572,1,39
15280,p7573,1,97
15283,p7574,1,28
15286,p7575,1,21
15287,p7576,1,37
15288,p7577,1,51
15289,p7578,1,63
15291,p7579,1,41
15294,p7580,1,22
15297,p7581,1,87
15300,p7582,1,10
15302,p7583,1,43
15303,p7584,1,95
15305,p7585,1,49
15307,p7586,1,93
15310,p7587,1,21
15311,p7588,1,47
15314,p7589,1,8
15316,p7590,1,74
15317,p7591,1,22
15319,p7592,1,15
15320,p7593,1,39
15323,p7594,1,96
15326,p7595,1,88
15328,p7596,1,74
15331,p7597,1,22
15334,p7598,1,71
15335,p7599,1,37
15336,p7600,1,70
15339,p7601,1,37
15340,p7602,1,38
15341,p7603,1,10
15342,p7604,1,99
15343,p7605,1,70
15346,p7606,1,11
15348,p7607,1,27
15350,p7608,1,41
15352,p7609,1,57
15355,p7610,1,65
15356,p7611,1,4
15359,p7612,1,3
15360,p7613,1,2
15362,p7614,1,97
15365,p7615,1,78
15366,p7616,1,83
15367,p7617,1,99
15368,p7618,1,31
15371,p7619,1,20
15373,p7620,1,37
15374,p7621,1,7
15375,p7622,1,54
15376,p7623,1,31
15379,p7624,1,10
15380,p7625,1,38
15382,p7626,1,94
15385,p7627,1,12
15388,p7628,1,21
15390,p7629,1,92
15392,p7630,1,50
15395,p7631,1,28
15396,p7632,1,69
15399,p7633,1,18
15401,p7634,1,98
15403,p7635,1,95
15405,p7636,1,65
15406,p7637,1,27
15407,p7638,1,20
15408,p7639,1,27
15411,p7640,1,62
15414,p7641,1,53
15417,p7642,1,23
15419,p7643,1,96
15422,p7644,1,100
15423,p7645,1,45
15426,p7646,1,34
15429,p7647,1,65
15431,p7648,1,25
15433,p7649,1,70
15436,p7650,1,25
15438,p7651,1,16
15439,p7652,1,77
15442,p7653,1,64
15444,p7654,1,91
15446,p7655,1,68
15447,p7656,1,67
15449,p7657,1,46
15451,p7658,1,79
15453,p7659,1,90
15455,p7660,1,59
15458,p7661,1,74
15459,p7662,1,72
15461,p7663,1,93
15462,p7664,1,13
15464,p7665,1,66
15467,p7666,1,49
15470,p7667,1,31
15472,p7668,1,80
15474,p7669,1,68
15477,p7670,1,86
15480,p7671,1,92
15482,p7672,1,11
15483,p7673,1,90
15486,p7674,1,25
15487,p7675,1,41
15488,p7676,1,55
15490,p7677,1,52
15493,p7678,1,45
15494,p7679,1,100
15495,p7680,1,6
15498,p7681,1,7
15500,p7682,1,71
15501,p7683,1,32
15504,p7684,1,89
15507,p7685,1,26
15510,p7686,1,92
15511,p7687,1,100
15514,p7688,1,97
15515,p7689,1,65
15516,p7690,1,93
15519,p7691,1,67
15520,p7692,1,59
15521,p7693,1,5
15524,p7694,1,62
15526,p7695,1,32
15529,p7696,1,32
15530,p7697,1,34
15533,p7698,1,12
15534,p7699,1,38
15535,p7700,1,4
15536,p7701,1,19
15537,p7702,1,33
15539,p7703,1,44
15540,p7704,1,15
15543,p7705,1,89
15546,p7706,1,13
15548,p7707,1,13
15551,p7708,1,57
15554,p7709,1,43
15556,p7710,1,92
15558,p7711,1,74
15561,p7712,1,81
15562,p7713,1,74
15563,p7714,1,61
15564,p7715,1,95
15565,p7716,1,88
15566,p7717,1,89
15567,p7718,1,43
15570,p7719,1,21
15571,p7720,1,95
15574,p7721,1,70
15575,p7722,1,46
15577,p7723,1,64
15578,p7724,1,70
15581,p7725,1,43
15582,p7726,1,38
15584,p7727,1,94
15587,p7728,1,89
15590,p7729,1,25
15591,p7730,1,63
15594,p7731,1,25
15596,p7732,1,10
15598,p7733,1,23
15601,p7734,1,27
15604,p7735,1,100
15606,p7736,1,75
15607,p7737,1,41
15608,p7738,1,90
15609,p7739,1,44
15610,p7740,1,9
15611,p7741,1,93
15614,p7742,1,61
15617,p7743,1,61
15620,p7744,1,85
15622,p7745,1,39
15624,p7746,1,19
15627,p7747,1,48
15628,p7748,1,62
15631,p7749,1,7
15632,p7750,1,36
15635,p7751,1,42
15636,p7752,1,21
15637,p7753,1,22
15639,p7754,1,14
15640,p7755,1,55
15642,p7756,1,78
15645,p7757,1,77
15647,p7758,1,51
15649,p7759,1,11
15650,p7760,1,70
15652,p7761,1,30
15653,p7762,1,2
15654,p7763,1,76
15657,p7764,1,90
15660,p7765,1,43
15661,p7766,1,20
15664,p7767,1,58
15666,p7768,1,48
15669,p7769,1,42
15672,p7770,1,69
15674,p7771,1,5
15675,p7772,1,91
15676,p7773,1,60
15679,p7774,1,2
15680,p7775,1,84
15681,p7776,1,31
15682,p7777,1,48
15685,p7778,1,100
15687,p7779,1,78
15690,p7780,1,12
15691,p7781,1,37
15694,p7782,1,53
15697,p7783,1,16
15698,p7784,1,17
15700,p7785,1,2
15701,p7786,1,19
15702,p7787,1,69
15705,p7788,1,70
15708,p7789,1,43
15710,p7790,1,13
15711,p7791,1,67
15712,p7792,1,23
15714,p7793,1,93
15716,p7794,1,75
15718,p7795,1,52
15721,p7796,1,86
15723,p7797,1,98
15725,p7798,1,8
15727,p7799,1,10
15729,p7800,1,74
15731,p7801,1,64
15733,p7802,1,91
15734,p7803,1,5
15737,p7804,1,32
15738,p7805,1,87
15739,p7806,1,74
15742,p7807,1,67
15743,p7808,1,58
15744,p7809,1,66
15746,p7810,1,9
15747,p7811,1,37
15750,p7812,1,3
15751,p7813,1,10
15754,p7814,1,24
15756,p7815,1,3
15758,p7816,1,19
15760,p7817,1,15
15763,p7818,1,37
15764,p7819,1,85
15766,p7820,1,84
15768,p7821,1,37
15771,p7822,1,60
15774,p7823,1,93
15775,p7824,1,91
15776,p7825,1,69
15778,p7826,1,22
15781,p7827,1,28
15784,p7828,1,65
15786,p7829,1,13
15789,p7830,1,64
15792,p7831,1,66
15793,p7832,1,7
15796,p7833,1,56
15799,p7834,1,31
15802,p7835,1,66
15803,p7836,1,66
15805,p7837,1,64
15807,p7838,1,86
15808,p7839,1,54
15809,p7840,1,51
15810,p7841,1,80
15812,p7842,1,35
15815,p7843,1,22
15817,p7844,1,74
15820,p7845,1,4
15821,p7846,1,43
15824,p7847,1,52
15826,p7848,1,88
15828,p7849,1,36
15831,p7850,1,18
15833,p7851,1,54
15834,p7852,1,71
15837,p7853,1,37
15839,p7854,1,81
15842,p7855,1,84
15843,p7856,1,39
15844,p7857,1,44
15846,p7858,1,11
15847,p7859,1,12
15848,p7860,1,54
15849,p7861,1,96
15851,p7862,1,33
15854,p7863,1,74
15856,p7864,1,17
15859,p7865,1,45
15862,p7866,1,66
15864,p7867,1,34
15865,p7868,1,86
15867,p7869,1,73
15868,p7870,1,46
15869,p7871,1,58
15870,p7872,1,88
15871,p7873,1,50
15872,p7874,1,72
15874,p7875,1,63
15876,p7876,1,75
15877,p7877,1,88
15880,p7878,1,18
15882,p7879,1,93
15883,p7880,1,39
15884,p7881,1,3
15887,p7882,1,60
15890,p7883,1,51
15892,p7884,1,52
15894,p7885,1,29
15895,p7886,1,3
15898,p7887,1,27
15901,p7888,1,54
15904,p7889,1,38
15907,p7890,1,80
15909,p7891,1,48
15911,p7892,1,12
15914,p7893,1,59
15915,p7894,1,46
15917,p7895,1,68
15920,p7896,1,81
15923,p7897,1,27
15926,p7898,1,51
15929,p7899,1,51
15930,p7900,1,56
15932,p7901,1,27
15935,p7902,1,16
15938,p7903,1,17
15940,p7904,1,54
15943,p7905,1,40
15945,p7906,1,97
15946,p7907,1,64
15948,p7908,1,52
15949,p7909,1,43
15952,p7910,1,26
15955,p7911,1,78
15956,p7912,1,34
15959,p7913,1,69
15961,p7914,1,96
15964,p7915,1,96
15965,p7916,1,65
15966,p7917,1,89
15968,p7918,1,88
15971,p7919,1,40
15974,p7920,1,83
15977,p7921,1,62
15979,p7922,1,19
15981,p7923,1,50
15982,p7924,1,43
15984,p7925,1,62
15985,p7926,1,37
15987,p7927,1,53
15990,p7928,1,52
15993,p7929,1,32
15996,p7930,1,67
15999,p7931,1,7
16002,p7932,1,22
16004,p7933,1,81
16007,p7934,1,55
16008,p7935,1,24
16010,p7936,1,80
16012,p7937,1,52
16014,p7938,1,68
16016,p7939,1,77
16018,p7940,1,95
16020,p7941,1,55
16023,p7942,1,9
16026,p7943,1,80
16029,p7944,1,59
16032,p7945,1,2
16035,p7946,1,64
16036,p7947,1,22
16038,p7948,1,17
16040,p7949,1,64
16042,p7950,1,28
16044,p7951,1,56
16046,p7952,1,78
16049,p7953,1,15
16050,p7954,1,10
16052,p7955,1,58
16054,p7956,1,11
16055,p7957,1,76
16056,p7958,1,12
16058,p7959,1,86
16060,p7960,1,12
16063,p7961,1,24
16066,p7962,1,56
16069,p7963,1,53
16071,p7964,1,58
16072,p7965,1,78
16075,p7966,1,59
16076,p7967,1,29
16078,p7968,1,24
16079,p7969,1,46
16081,p7970,1,79
16082,p7971,1,42
16083,p7972,1,21
16085,p7973,1,37
16087,p7974,1,48
16088,p7975,1,20
16089,p7976,1,32
16091,p7977,1,61
16092,p7978,1,46
16094,p7979,1,73
16095,p7980,1,76
16096,p7981,1,15
16099,p7982,1,34
16102,p7983,1,64
16103,p7984,1,71
16105,p7985,1,33
16107,p7986,1,11
16108,p7987,1,40
16110,p7988,1,49
16113,p7989,1,97
16115,p7990,1,30
16117,p7991,1,85
16119,p7992,1,41
16122,p7993,1,65
16123,p7994,1,75
16124,p7995,1,41
16125,p7996,1,3
16126,p7997,1,38
16127,p7998,1,54
16130,p7999,1,34
16131,p8000,1,83
16133,p8001,1,18
16135,p8002,1,81
16136,p8003,1,16
16138,p8004,1,52
16141,p8005,1,71
16142,p8006,1,90
16144,p8007,1,74
16147,p8008,1,7
16150,p8009,1,88
16153,p8010,1,95
16154,p8011,1,7
16156,p8012,1,99
16158,p8013,1,72
16161,p8014,1,33
16162,p8015,1,61
16163,p8016,1,38
16164,p8017,1,77
16165,p8018,1,79
16166,p8019,1,10
16167,p8020,1,80
16170,p8021,1,99
16171,p8022,1,31
16174,p8023,1,48
16176,p8024,1,81
16179,p8025,1,42
16180,p8026,1,20
16181,p8027,1,39
16182,p8028,1,8
16185,p8029,1,49
16188,p8030,1,67
16189,p8031,1,97
16190,p8032,1,63
16191,p8033,1,34
16193,p8034,1,37
16195,p8035,1,82
16198,p8036,1,52
16199,p8037,1,10
16202,p8038,1,28
16205,p8039,1,64
16208,p8040,1,64
16211,p8041,1,70
16214,p8042,1,72
16215,p8043,1,47
16218,p8044,1,14
16219,p8045,1,65
16222,p8046,1,85
16225,p8047,1,54
16228,p8048,1,13
16229,p8049,1,53
16231,p8050,1,75
16232,p8051,1,69
16235,p8052,1,22
16237,p8053,1,65
16240,p8054,1,35
16241,p8055,1,50
16242,p8056,1,32
16245,p8057,1,90
16246,p8058,1,64
16247,p8059,1,3
16249,p8060,1,53
16252,p8061,1,76
16255,p8062,1,85
16257,p8063,1,47
16260,p8064,1,68
16261,p8065,1,44
16264,p8066,1,50
16266,p8067,1,12
16267,p8068,1,94
16270,p8069,1,75
16271,p8070,1,66
16274,p8071,1,75
16277,p8072,1,80
16278,p8073,1,3
16279,p8074,1,26
16281,p8075,1,4
16284,p8076,1,11
16287,p8077,1,30
16290,p8078,1,8
16292,p8079,1,55
16294,p8080,1,92
16296,p8081,1,50
16297,p8082,1,27
16300,p8083,1,98
16301,p8084,1,33
16303,p8085,1,35
16304,p8086,1,57
16307,p8087,1,78
16310,p8088,1,12
16311,p8089,1,63
16314,p8090,1,65
16316,p8091,1,65
16318,p8092,1,89
16321,p8093,1,38
16323,p8094,1,93
16325,p8095,1,30
16328,p8096,1,74
16331,p8097,1,50
16332,p8098,1,49
16334,p8099,1,56
16336,p8100,1,24
16339,p8101,1,69
16342,p8102,1,92
16344,p8103,1,73
16346,p8104,1,62
16347,p8105,1,100
16350,p8106,1,40
16351,p8107,1,87
16353,p8108,1,77
16355,p8109,1,38
16357,p8110,1,65
16360,p8111,1,90
16361,p8112,1,87
16363,p8113,1,35
16364,p8114,1,30
16365,p8115,1,66
16366,p8116,1,21
16367,p8117,1,88
16368,p8118,1,14
16370,p8119,1,2
16373,p8120,1,47
16376,p8121,1,11
16378,p8122,1,97
16379,p8123,1,44
16382,p8124,1,45
16383,p8125,1,61
16384,p8126,1,59
16386,p8127,1,94
16389,p8128,1,65
16392,p8129,1,53
16395,p8130,1,75
16397,p8131,1,26
16399,p8132,1,61
16400,p8133,1,39
16403,p8134,1,61
16404,p8135,1,24
16405,p8136,1,14
16408,p8137,1,67
16410,p8138,1,71
16411,p8139,1,52
16413,p8140,1,73
16414,p8141,1,10
16416,p8142,1,34
16418,p8143,1,58
16420,p8144,1,20
16421,p8145,1,63
16423,p8146,1,32
16426,p8147,1,43
16427,p8148,1,14
16429,p8149,1,54
16432,p8150,1,97
16434,p8151,1,63
16437,p8152,1,41
16440,p8153,1,86
16441,p8154,1,9
16444,p8155,1,45
16447,p8156,1,24
16450,p8157,1,18
16452,p8158,1,80
16453,p8159,1,28
16456,p8160,1,33
16457,p8161,1,90
16459,p8162,1,8
16460,p8163,1,49
16461,p8164,1,94
16464,p8165,1,91
16467,p8166,1,11
16468,p8167,1,53
16470,p8168,1,71
16473,p8169,1,77
16476,p8170,1,56
16478,p8171,1,65
16480,p8172,1,47
16483,p8173,1,94
16484,p8174,1,13
16487,p8175,1,32
16489,p8176,1,20
16492,p8177,1,65
16494,p8178,1,15
16495,p8179,1,64
16497,p8180,1,66
16499,p8181,1,17
16501,p8182,1,26
16504,p8183,1,57
16507,p8184,1,43
16509,p8185,1,61
16511,p8186,1,24
16514,p8187,1,8
16515,p8188,1,9
16517,p8189,1,30
16520,p8190,1,78
16522,p8191,1,88
16524,p8192,1,74
16525,p8193,1,41
16528,p8194,1,88
16529,p8195,1,12
16532,p8196,1,14
16534,p8197,1,56
16535,p8198,1,77
16537,p8199,1,68
16538,p8200,1,8
16540,p8201,1,26
16543,p8202,1,97
16545,p8203,1,43
16546,p8204,1,58
16549,p8205,1,46
16552,p8206,1,34
16553,p8207,1,72
16556,p8208,1,27
16558,p8209,1,78
16560,p8210,1,10
16561,p8211,1,33
16563,p8212,1,33
16565,p8213,1,91
16566,p8214,1,62
16569,p8215,1,15
16572,p8216,1,97
16574,p8217,1,20
16575,p8218,1,71
16576,p8219,1,54
16577,p8220,1,61
16580,p8221,1,24
16583,p8222,1,37
16585,p8223,1,41
16587,p8224,1,11
16590,p8225,1,75
16593,p8226,1,83
16596,p8227,1,14
16598,p8228,1,68
16601,p8229,1,20
16603,p8230,1,65
16604,p8231,1,83
16605,p8232,1,31
16607,p8233,1,15
16608,p8234,1,35
16609,p8235,1,96
16612,p8236,1,71
16614,p8237,1,10
16617,p8238,1,29
16619,p8239,1,49
16620,p8240,1,11
16622,p8241,1,85
16623,p8242,1,2
16624,p8243,1,79
16627,p8244,1,87
16630,p8245,1,11
16632,p8246,1,66
16633,p8247,1,85
16636,p8248,1,13
16638,p8249,1,74
16639,p8250,1,81
16640,p8251,1,3
16642,p8252,1,64
16644,p8253,1,48
16645,p8254,1,34
16648,p8255,1,73
16651,p8256,1,65
16652,p8257,1,56
16655,p8258,1,49
16657,p8259,1,4
16660,p8260,1,93
16661,p8261,1,77
16662,p8262,1,28
16663,p8263,1,72
16666,p8264,1,91
16667,p8265,1,14
16670,p8266,1,9
16672,p8267,1,50
16674,p8268,1,67
16677,p8269,1,71
16678,p8270,1,78
16679,p8271,1,59
16681,p8272,1,22
16683,p8273,1,34
16684,p8274,1,32
16687,p8275,1,35
16688,p8276,1,7
16691,p8277,1,28
16692,p8278,1,98
16695,p8279,1,85
16697,p8280,1,81
16698,p8281,1,68
16699,p8282,1,86
16701,p8283,1,22
16704,p8284,1,51
16706,p8285,1,60
16707,p8286,1,99
16710,p8287,1,84
16711,p8288,1,100
16712,p8289,1,63
16715,p8290,1,82
16718,p8291,1,46
16719,p8292,1,29
16722,p8293,1,96
16725,p8294,1,34
16726,p8295,1,30
16727,p8296,1,36
16729,p8297,1,100
16730,p8298,1,35
16733,p8299,1,17
16735,p8300,1,35
16736,p8301,1,31
16737,p8302,1,54
16740,p8303,1,11
16741,p8304,1,7
16744,p8305,1,52
16745,p8306,1,55
16747,p8307,1,57
16749,p8308,1,27
16750,p8309,1,69
16753,p8310,1,40
16755,p8311,1,74
16757,p8312,1,20
16758,p8313,1,5
16760,p8314,1,68
16763,p8315,1,59
16765,p8316,1,70
16767,p8317,1,31
16770,p8318,1,71
16771,p8319,1,7
16772,p8320,1,93
16774,p8321,1,55
16776,p8322,1,67
16778,p8323,1,61
16779,p8324,1,27
16780,p8325,1,6
16783,p8326,1,59
16786,p8327,1,82
16788,p8328,1,38
16790,p8329,1,58
16793,p8330,1,86
16794,p8331,1,13
16796,p8332,1,71
16799,p8333,1,70
16802,p8334,1,49
16803,p8335,1,62
16805,p8336,1,98
16808,p8337,1,11
16809,p8338,1,10
16812,p8339,1,7
16813,p8340,1,72
16816,p8341,1,91
16817,p8342,1,73
16818,p8343,1,9
16819,p8344,1,64
16821,p8345,1,69
16824,p8346,1,78
16825,p8347,1,55
16826,p8348,1,27
16829,p8349,1,77
16831,p8350,1,33
16834,p8351,1,75
16836,p8352,1,5
16838,p8353,1,46
16840,p8354,1,43
16841,p8355,1,42
16842,p8356,1,12
16844,p8357,1,7
16846,p8358,1,94
16849,p8359,1,44
16852,p8360,1,86
16855,p8361,1,89
16856,p8362,1,16
16858,p8363,1,72
16860,p8364,1,37
16862,p8365,1,24
16864,p8366,1,69
16867,p8367,1,48
16870,p8368,1,31
16873,p8369,1,3
16875,p8370,1,13
16877,p8371,1,76
16879,p8372,1,80
16881,p8373,1,50
16883,p8374,1,12
16886,p8375,1,36
16888,p8376,1,15
16890,p8377,1,60
16891,p8378,1,93
16894,p8379,1,21
16895,p8380,1,3
16898,p8381,1,74
16901,p8382,1,67
16904,p8383,1,83
16906,p8384,1,6
16907,p8385,1,9
16909,p8386,1,100
16910,p8387,1,86
16912,p8388,1,66
16915,p8389,1,43
16918,p8390,1,50
16921,p8391,1,82
16922,p8392,1,65
16923,p8393,1,12
16925,p8394,1,53
16928,p8395,1,94
16930,p8396,1,20
16931,p8397,1,94
16932,p8398,1,83
16934,p8399,1,36
16937,p8400,1,90
16940,p8401,1,35
16943,p8402,1,10
16945,p8403,1,48
16947,p8404,1,72
16948,p8405,1,40
16951,p8406,1,51
16952,p8407,1,75
16955,p8408,1,8
16958,p8409,1,2
16959,p8410,1,11
16962,p8411,1,15
16963,p8412,1,53
16964,p8413,1,71
16966,p8414,1,70
16968,p8415,1,85
16969,p8416,1,27
16972,p8417,1,12
16973,p8418,1,65
16975,p8419,1,32
16976,p8420,1,7
16979,p8421,1,57
16980,p8422,1,64
16982,p8423,1,57
16985,p8424,1,11
16987,p8425,1,10
16989,p8426,1,99
16990,p8427,1,8
16993,p8428,1,37
16994,p8429,1,34
16996,p8430,1,57
16997,p8431,1,32
17000,p8432,1,85
17001,p8433,1,63
17004,p8434,1,67
17005,p8435,1,17
17006,p8436,1,82
17009,p8437,1,50
17010,p8438,1,29
17012,p8439,1,66
17014,p8440,1,31
17015,p8441,1,78
17018,p8442,1,36
17020,p8443,1,55
17022,p8444,1,73
17024,p8445,1,35
17025,p8446,1,22
17027,p8447,1,96
17028,p8448,1,81
17029,p8449,1,49
17032,p8450,1,62
17035,p8451,1,25
17037,p8452,1,75
17039,p8453,1,93
17042,p8454,1,99
17044,p8455,1,94
17046,p8456,1,18
17047,p8457,1,46
17050,p8458,1,27
17051,p8459,1,26
17053,p8460,1,91
17054,p8461,1,75
17057,p8462,1,28
17059,p8463,1,47
17061,p8464,1,74
17062,p8465,1,89
17063,p8466,1,19
17065,p8467,1,96
17066,p8468,1,22
17067,p8469,1,80
17070,p8470,1,44
17072,p8471,1,3
17075,p8472,1,69
17077,p8473,1,40
17080,p8474,1,26
17083,p8475,1,31
17084,p8476,1,15
17085,p8477,1,31
17088,p8478,1,75
17089,p8479,1,33
17092,p8480,1,49
17095,p8481,1,75
17098,p8482,1,75
17100,p8483,1,58
17103,p8484,1,56
17106,p8485,1,42
17108,p8486,1,69
17110,p8487,1,4
17112,p8488,1,7
17113,p8489,1,86
17116,p8490,1,61
17118,p8491,1,72
17121,p8492,1,16
17123,p8493,1,29
17124,p8494,1,4
17127,p8495,1,48
17130,p8496,1,29
17132,p8497,1,15
17134,p8498,1,60
17136,p8499,1,7
17138,p8500,1,54
17140,p8501,1,6
17143,p8502,1,17
17144,p8503,1,63
17145,p8504,1,99
17146,p8505,1,75
17148,p8506,1,54
17150,p8507,1,91
17151,p8508,1,95
17154,p8509,1,3
17157,p8510,1,87
17160,p8511,1,72
17163,p8512,1,86
17166,p8513,1,86
17167,p8514,1,30
17168,p8515,1,91
17171,p8516,1,91
17173,p8517,1,43
17176,p8518,1,23
17179,p8519,1,84
17182,p8520,1,20
17185,p8521,1,71
17186,p8522,1,41
17188,p8523,1,92
17190,p8524,1,69
17192,p8525,1,55
17195,p8526,1,30
17198,p8527,1,44
17199,p8528,1,73
17200,p8529,1,47
17203,p8530,1,89
17204,p8531,1,10
17207,p8532,1,78
17208,p8533,1,13
17211,p8534,1,74
17212,p8535,1,90
17214,p8536,1,67
17215,p8537,1,62
17218,p8538,1,61
17221,p8539,1,36
17222,p8540,1,64
17225,p8541,1,55
17228,p8542,1,21
17231,p8543,1,13
17232,p8544,1,42
17234,p8545,1,59
17236,p8546,1,57
17239,p8547,1,74
17242,p8548,1,27
17244,p8549,1,34
17245,p8550,1,83
17247,p8551,1,38
17248,p8552,1,45
17251,p8553,1,34
17254,p8554,1,63
17255,p8555,1,15
17256,p8556,1,84
17258,p8557,1,65
17259,p8558,1,74
17262,p8559,1,6
17264,p8560,1,56
17266,p8561,1,90
17268,p8562,1,46
17270,p8563,1,30
17273,p8564,1,62
17275,p8565,1,6
17276,p8566,1,19
17279,p8567,1,68
17281,p8568,1,20
17284,p8569,1,82
17287,p8570,1,96
17288,p8571,1,92
17291,p8572,1,51
17294,p8573,1,79
17296,p8574,1,88
17297,p8575,1,32
17300,p8576,1,15
17302,p8577,1,70
17305,p8578,1,58
17306,p8579,1,73
17309,p8580,1,79
17311,p8581,1,89
17312,p8582,1,77
17314,p8583,1,24
17316,p8584,1,89
17318,p8585,1,54
17321,p8586,1,6
17322,p8587,1,75
17325,p8588,1,36
17326,p8589,1,77
17328,p8590,1,12
17331,p8591,1,8
17333,p8592,1,13
17334,p8593,1,51
17336,p8594,1,2
17338,p8595,1,97
17340,p8596,1,72
17341,p8597,1,19
17344,p8598,1,41
17345,p8599,1,21
17346,p8600,1,67
17349,p8601,1,98
17350,p8602,1,82
17351,p8603,1,100
17352,p8604,1,44
17355,p8605,1,37
17358,p8606,1,64
17361,p8607,1,75
17364,p8608,1,75
17365,p8609,1,33
17368,p8610,1,87
17371,p8611,1,27
17372,p8612,1,7
17374,p8613,1,50
17377,p8614,1,86
17379,p8615,1,20
17381,p8616,1,57
17383,p8617,1,17
17384,p8618,1,26
17387,p8619,1,69
17390,p8620,1,65
17392,p8621,1,46
17393,p8622,1,95
17396,p8623,1,90
17399,p8624,1,71
17401,p8625,1,24
17404,p8626,1,71
17405,p8627,1,73
17406,p8628,1,78
17407,p8629,1,30
17409,p8630,1,40
17410,p8631,1,100
17412,p8632,1,98
17413,p8633,1,38
17416,p8634,1,37
17418,p8635,1,100
17421,p8636,1,70
17422,p8637,1,23
17423,p8638,1,16
17424,p8639,1,77
17427,p8640,1,62
17430,p8641,1,32
17431,p8642,1,21
17432,p8643,1,6
17433,p8644,1,15
17435,p8645,1,45
17437,p8646,1,46
17438,p8647,1,78
17441,p8648,1,51
17444,p8649,1,15
17445,p8650,1,28
17448,p8651,1,54
17450,p8652,1,50
17451,p8653,1,55
17454,p8654,1,28
17456,p8655,1,8
17457,p8656,1,86
17460,p8657,1,23
17462,p8658,1,37
17465,p8659,1,78
17466,p8660,1,56
17467,p8661,1,90
17469,p8662,1,14
17472,p8663,1,87
17474,p8664,1,53
17477,p8665,1,58
17478,p8666,1,15
17480,p8667,1,83
17483,p8668,1,19
17485,p8669,1,99
17487,p8670,1,18
17488,p8671,1,40
17490,p8672,1,58
17493,p8673,1,99
17496,p8674,1,61
17498,p8675,1,34
17499,p8676,1,99
17500,p8677,1,98
17501,p8678,1,65
17504,p8679,1,60
17507,p8680,1,97
17510,p8681,1,5
17512,p8682,1,84
17513,p8683,1,38
17516,p8684,1,5
17517,p8685,1,65
17519,p8686,1,52
17522,p8687,1,29
17525,p8688,1,17
17526,p8689,1,7
17528,p8690,1,9
17530,p8691,1,17
17532,p8692,1,72
17533,p8693,1,28
17535,p8694,1,58
17537,p8695,1,75
17538,p8696,1,9
17539,p8697,1,27
17540,p8698,1,50
17543,p8699,1,23
17544,p8700,1,42
17545,p8701,1,25
17546,p8702,1,18
17547,p8703,1,89
17548,p8704,1,67
17551,p8705,1,7
17553,p8706,1,58
17554,p8707,1,77
17556,p8708,1,17
17557,p8709,1,82
17558,p8710,1,88
17561,p8711,1,76
17563,p8712,1,39
17565,p8713,1,27
17567,p8714,1,70
17570,p8715,1,52
17572,p8716,1,93
17575,p8717,1,41
17577,p8718,1,17
17580,p8719,1,40
17581,p8720,1,30
17583,p8721,1,52
17584,p8722,1,84
17586,p8723,1,15
17589,p8724,1,95
17592,p8725,1,76
17593,p8726,1,78
17596,p8727,1,62
17597,p8728,1,91
17600,p8729,1,26
17601,p8730,1,22
17603,p8731,1,11
17606,p8732,1,64
17607,p8733,1,22
17608,p8734,1,64
17610,p8735,1,22
17612,p8736,1,41
17614,p8737,1,4
17615,p8738,1,29
17617,p8739,1,71
17620,p8740,1,76
17621,p8741,1,78
17622,p8742,1,98
17624,p8743,1,97
17627,p8744,1,61
17630,p8745,1,99
17633,p8746,1,42
17635,p8747,1,66
17637,p8748,1,28
17638,p8749,1,44
17640,p8750,1,21
17643,p8751,1,73
17646,p8752,1,48
17649,p8753,1,8
17651,p8754,1,15
17653,p8755,1,100
17654,p8756,1,54
17657,p8757,1,37
17660,p8758,1,69
17661,p8759,1,12
17662,p8760,1,83
17663,p8761,1,39
17665,p8762,1,80
17668,p8763,1,72
17671,p8764,1,42
17674,p8765,1,87
17676,p8766,1,57
17679,p8767,1,71
17680,p8768,1,67
17682,p8769,1,71
17684,p8770,1,65
17686,p8771,1,17
17689,p8772,1,63
17691,p8773,1,100
17694,p8774,1,44
17697,p8775,1,49
17698,p8776,1,44
17699,p8777,1,13
17701,p8778,1,46
17704,p8779,1,84
17706,p8780,1,74
17707,p8781,1,24
17710,p8782,1,100
17713,p8783,1,61
17714,p8784,1,58
17716,p8785,1,26
17719,p8786,1,51
17721,p8787,1,29
17722,p8788,1,72
17724,p8789,1,33
17725,p8790,1,72
17727,p8791,1,81
17729,p8792,1,3
17731,p8793,1,56
17734,p8794,1,85
17737,p8795,1,69
17738,p8796,1,79
17741,p8797,1,75
17743,p8798,1,75
17746,p8799,1,89
17749,p8800,1,64
17751,p8801,1,81
17753,p8802,1,46
17754,p8803,1,75
17756,p8804,1,89
17758,p8805,1,68
17759,p8806,1,40
17761,p8807,1,39
17762,p8808,1,52
17763,p8809,1,44
17766,p8810,1,2
17768,p8811,1,62
17769,p8812,1,25
17770,p8813,1,47
17773,p8814,1,52
17774,p8815,1,37
17776,p8816,1,84
17778,p8817,1,5
17781,p8818,1,90
17783,p8819,1,42
17785,p8820,1,73
17786,p8821,1,33
17789,p8822,1,29
17792,p8823,1,81
17794,p8824,1,81
17795,p8825,1,33
17798,p8826,1,76
17801,p8827,1,68
17803,p8828,1,64
17805,p8829,1,22
17807,p8830,1,86
17808,p8831,1,48
17810,p8832,1,53
17813,p8833,1,69
17815,p8834,1,75
17818,p8835,1,95
17819,p8836,1,37
17822,p8837,1,35
17823,p8838,1,88
17824,p8839,1,13
17826,p8840,1,85
17827,p8841,1,26
17829,p8842,1,76
17831,p8843,1,93
17832,p8844,1,24
17833,p8845,1,96
17835,p8846,1,76
17837,p8847,1,10
17840,p8848,1,85
17841,p8849,1,14
17842,p8850,1,67
17845,p8851,1,79
17847,p8852,1,20
17850,p8853,1,21
17851,p8854,1,49
17854,p8855,1,23
17855,p8856,1,69
17858,p8857,1,45
17861,p8858,1,98
17864,p8859,1,11
17866,p8860,1,67
17869,p8861,1,45
17872,p8862,1,9
17873,p8863,1,65
17876,p8864,1,24
17878,p8865,1,18
17879,p8866,1,82
17881,p8867,1,75
17882,p8868,1,29
17884,p8869,1,67
17886,p8870,1,26
17887,p8871,1,35
17890,p8872,1,43
17892,p8873,1,86
17894,p8874,1,76
17897,p8875,1,43
17898,p8876,1,79
17900,p8877,1,6
17901,p8878,1,31
17904,p8879,1,56
17905,p8880,1,2
17906,p8881,1,16
17907,p8882,1,29
17910,p8883,1,99
17911,p8884,1,56
17912,p8885,1,31
17915,p8886,1,20
17918,p8887,1,9
17920,p8888,1,67
17922,p8889,1,41
17923,p8890,1,24
17924,p8891,1,71
17925,p8892,1,44
17926,p8893,1,94
17927,p8894,1,56
17928,p8895,1,36
17931,p8896,1,53
17934,p8897,1,75
17936,p8898,1,30
17938,p8899,1,16
17940,p8900,1,36
17942,p8901,1,81
17943,p8902,1,75
17945,p8903,1,91
17946,p8904,1,86
17949,p8905,1,38
17950,p8906,1,59
17951,p8907,1,23
17954,p8908,1,13
17956,p8909,1,36
17959,p8910,1,8
17962,p8911,1,77
17965,p8912,1,84
17968,p8913,1,58
17971,p8914,1,51
17974,p8915,1,32
17976,p8916,1,73
17978,p8917,1,100
17979,p8918,1,100
17981,p8919,1,52
17984,p8920,1,40
17986,p8921,1,69
17988,p8922,1,13
17989,p8923,1,10
17990,p8924,1,37
17992,p8925,1,80
17994,p8926,1,64
17997,p8927,1,27
17998,p8928,1,43
18001,p8929,1,94
18004,p8930,1,81
18005,p8931,1,27
18008,p8932,1,54
18009,p8933,1,52
18011,p8934,1,37
18012,p8935,1,22
18014,p8936,1,16
18015,p8937,1,50
18016,p8938,1,86
18019,p8939,1,44
18020,p8940,1,37
18021,p8941,1,30
18022,p8942,1,86
18025,p8943,1,38
18028,p8944,1,53
18030,p8945,1,72
18031,p8946,1,93
18033,p8947,1,66
18035,p8948,1,45
18038,p8949,1,30
18039,p8950,1,86
18040,p8951,1,99
18042,p8952,1,23
18045,p8953,1,51
18046,p8954,1,63
18049,p8955,1,32
18051,p8956,1,99
18053,p8957,1,10
18056,p8958,1,85
18058,p8959,1,96
18061,p8960,1,63
18063,p8961,1,15
18066,p8962,1,87
18068,p8963,1,36
18070,p8964,1,69
18072,p8965,1,67
18073,p8966,1,56
18074,p8967,1,33
18075,p8968,1,43
18076,p8969,1,76
18079,p8970,1,58
18080,p8971,1,74
18081,p8972,1,69
18082,p8973,1,21
18083,p8974,1,2
18085,p8975,1,24
18087,p8976,1,95
18088,p8977,1,77
18089,p8978,1,53
18092,p8979,1,59
18095,p8980,1,55
18097,p8981,1,61
18098,p8982,1,59
18100,p8983,1,59
18101,p8984,1,34
18104,p8985,1,82
18106,p8986,1,97
18108,p8987,1,78
18110,p8988,1,61
18111,p8989,1,23
18113,p8990,1,30
18116,p8991,1,62
18118,p8992,1,64
18120,p8993,1,61
18122,p8994,1,12
18124,p8995,1,83
18126,p8996,1,6
18128,p8997,1,100
18129,p8998,1,24
18132,p8999,1,63
18134,p9000,1,86
18135,p9001,1,16
18138,p9002,1,4
18141,p9003,1,81
18142,p9004,1,98
18145,p9005,1,22
18146,p9006,1,61
18148,p9007,1,48
18149,p9008,1,12
18152,p9009,1,91
18155,p9010,1,9
18156,p9011,1,86
18159,p9012,1,43
18160,p9013,1,16
18161,p9014,1,98
18164,p9015,1,30
18167,p9016,1,72
18169,p9017,1,28
18172,p9018,1,67
18173,p9019,1,80
18174,p9020,1,37
18175,p9021,1,41
18177,p9022,1,45
18179,p9023,1,20
18182,p9024,1,42
18185,p9025,1,32
18186,p9026,1,82
18188,p9027,1,21
18191,p9028,1,14
18192,p9029,1,31
18195,p9030,1,80
18196,p9031,1,56
18197,p9032,1,38
18199,p9033,1,45
18201,p9034,1,6
18203,p9035,1,72
18205,p9036,1,29
18208,p9037,1,98
18210,p9038,1,70
18213,p9039,1,27
18215,p9040,1,54
18217,p9041,1,50
18218,p9042,1,23
18220,p9043,1,54
18223,p9044,1,56
18225,p9045,1,33
18226,p9046,1,75
18228,p9047,1,72
18229,p9048,1,29
18232,p9049,1,9
18235,p9050,1,29
18236,p9051,1,46
18237,p9052,1,27
18240,p9053,1,37
18241,p9054,1,84
18243,p9055,1,42
18244,p9056,1,34
18245,p9057,1,87
18247,p9058,1,78
18248,p9059,1,55
18249,p9060,1,32
18251,p9061,1,60
18253,p9062,1,59
18255,p9063,1,62
18258,p9064,1,42
18259,p9065,1,48
18262,p9066,1,72
18264,p9067,1,54
18265,p9068,1,60
18266,p9069,1,60
18268,p9070,1,97
18270,p9071,1,99
18273,p9072,1,51
18276,p9073,1,47
18277,p9074,1,20
18280,p9075,1,69
18281,p9076,1,11
18284,p9077,1,89
18286,p9078,1,59
18288,p9079,1,99
18291,p9080,1,71
18294,p9081,1,11
18295,p9082,1,53
18298,p9083,1,50
18300,p9084,1,68
18301,p9085,1,37
18303,p9086,1,4
18304,p9087,1,50
18305,p9088,1,49
18306,p9089,1,14
18307,p9090,1,98
18308,p9091,1,69
18310,p9092,1,30
18312,p9093,1,34
18313,p9094,1,86
18314,p9095,1,99
18317,p9096,1,28
18318,p9097,1,80
18320,p9098,1,79
18321,p9099,1,84
18323,p9100,1,81
18324,p9101,1,7
18326,p9102,1,64
18329,p9103,1,55
18331,p9104,1,31
18333,p9105,1,90
18336,p9106,1,92
18338,p9107,1,81
18340,p9108,1,65
18342,p9109,1,65
18343,p9110,1,63
18344,p9111,1,35
18346,p9112,1,54
18348,p9113,1,54
18350,p9114,1,5
18352,p9115,1,89
18354,p9116,1,74
18355,p9117,1,66
18358,p9118,1,4
18361,p9119,1,24
18364,p9120,1,71
18366,p9121,1,41
18368,p9122,1,65
18369,p9123,1,78
18371,p9124,1,11
18372,p9125,1,92
18374,p9126,1,12
18375,p9127,1,34
18378,p9128,1,24
18379,p9129,1,51
18380,p9130,1,45
18383,p9131,1,51
18385,p9132,1,96
18387,p9133,1,90
18390,p9134,1,91
18392,p9135,1,79
18395,p9136,1,23
18398,p9137,1,83
18399,p9138,1,6
18401,p9139,1,50
18404,p9140,1,8
18405,p9141,1,16
18407,p9142,1,64
18410,p9143,1,79
18413,p9144,1,84
18416,p9145,1,78
18417,p9146,1,71
18419,p9147,1,70
18421,p9148,1,46
18422,p9149,1,52
18424,p9150,1,83
18427,p9151,1,32
18429,p9152,1,36
18430,p9153,1,63
18433,p9154,1,55
18434,p9155,1,69
18436,p9156,1,67
18438,p9157,1,49
18441,p9158,1,93
18443,p9159,1,36
18444,p9160,1,30
18446,p9161,1,9
18447,p9162,1,82
18448,p9163,1,34
18450,p9164,1,9
18451,p9165,1,78
18452,p9166,1,2
18453,p9167,1,16
18456,p9168,1,96
18459,p9169,1,67
18461,p9170,1,56
18463,p9171,1,90
18466,p9172,1,90
18469,p9173,1,92
18470,p9174,1,26
18473,p9175,1,20
18474,p9176,1,45
18477,p9177,1,49
18478,p9178,1,91
18481,p9179,1,50
18484,p9180,1,93
18486,p9181,1,76
18489,p9182,1,9
18492,p9183,1,34
18495,p9184,1,40
18498,p9185,1,78
18501,p9186,1,61
18504,p9187,1,86
18507,p9188,1,7
18509,p9189,1,12
18510,p9190,1,24
18513,p9191,1,26
18516,p9192,1,74
18517,p9193,1,88
18519,p9194,1,100
18522,p9195,1,48
18524,p9196,1,13
18527,p9197,1,5
18530,p9198,1,3
18532,p9199,1,47
18535,p9200,1,75
18536,p9201,1,46
18538,p9202,1,43
18541,p9203,1,15
18542,p9204,1,15
18545,p9205,1,28
18548,p9206,1,31
18550,p9207,1,66
18553,p9208,1,33
18555,p9209,1,35
18557,p9210,1,79
18559,p9211,1,95
18562,p9212,1,100
18564,p9213,1,80
18566,p9214,1,13
18568,p9215,1,76
18569,p9216,1,9
18571,p9217,1,84
18572,p9218,1,93
18573,p9219,1,2
18575,p9220,1,56
18576,p9221,1,81
18577,p9222,1,49
18578,p9223,1,3
18581,p9224,1,75
18582,p9225,1,25
18584,p9226,1,40
18587,p9227,1,8
18590,p9228,1,88
18593,p9229,1,24
18594,p9230,1,93
18597,p9231,1,58
18598,p9232,1,97
18600,p9233,1,78
18601,p9234,1,90
18603,p9235,1,79
18604,p9236,1,39
18605,p9237,1,28
18608,p9238,1,2
18610,p9239,1,7
18611,p9240,1,61
18614,p9241,1,80
18616,p9242,1,62
18618,p9243,1,48
18619,p9244,1,32
18622,p9245,1,43
18625,p9246,1,79
18627,p9247,1,47
18628,p9248,1,68
18630,p9249,1,71
18633,p9250,1,61
18636,p9251,1,51
18639,p9252,1,77
18642,p9253,1,75
18644,p9254,1,72
18647,p9255,1,64
18648,p9256,1,73
18651,p9257,1,64
18652,p9258,1,67
18655,p9259,1,98
18658,p9260,1,48
18661,p9261,1,21
18664,p9262,1,53
18667,p9263,1,48
18669,p9264,1,12
18671,p9265,1,97
18673,p9266,1,55
18674,p9267,1,15
18675,p9268,1,23
18677,p9269,1,14
18678,p9270,1,3
18679,p9271,1,86
18680,p9272,1,53
18683,p9273,1,62
18685,p9274,1,20
18687,p9275,1,33
18689,p9276,1,7
18692,p9277,1,76
18694,p9278,1,65
18696,p9279,1,37
18698,p9280,1,83
18700,p9281,1,17
18703,p9282,1,64
18705,p9283,1,2
18708,p9284,1,74
18711,p9285,1,51
18712,p9286,1,89
18714,p9287,1,69
18717,p9288,1,34
18720,p9289,1,98
18721,p9290,1,83
18723,p9291,1,76
18725,p9292,1,23
18727,p9293,1,41
18729,p9294,1,20
18730,p9295,1,74
18733,p9296,1,97
18734,p9297,1,86
18736,p9298,1,38
18739,p9299,1,6
18741,p9300,1,13
18742,p9301,1,25
18743,p9302,1,51
18745,p9303,1,40
18748,p9304,1,85
18749,p9305,1,64
18750,p9306,1,78
18751,p9307,1,46
18753,p9308,1,23
18755,p9309,1,97
18756,p9310,1,13
18758,p9311,1,2
18761,p9312,1,71
18762,p9313,1,42
18764,p9314,1,97
18765,p9315,1,90
18766,p9316,1,21
18768,p9317,1,83
18769,p9318,1,34
18772,p9319,1,25
18774,p9320,1,100
18777,p9321,1,90
18779,p9322,1,55
18781,p9323,1,43
18784,p9324,1,74
18787,p9325,1,25
18788,p9326,1,10
18791,p9327,1,12
18794,p9328,1,75
18796,p9329,1,10
18797,p9330,1,24
18799,p9331,1,80
18800,p9332,1,49
18801,p9333,1,85
18802,p9334,1,50
18805,p9335,1,56
18806,p9336,1,35
18809,p9337,1,63
18811,p9338,1,12
18812,p9339,1,17
18815,p9340,1,62
18818,p9341,1,5
18820,p9342,1,3
18822,p9343,1,78
18825,p9344,1,35
18828,p9345,1,99
18830,p9346,1,6
18831,p9347,1,78
18834,p9348,1,35
18835,p9349,1,45
18838,p9350,1,87
18841,p9351,1,54
18843,p9352,1,98
18845,p9353,1,76
18848,p9354,1,43
18850,p9355,1,25
18853,p9356,1,9
18855,p9357,1,20
18856,p9358,1,7
18857,p9359,1,3
18858,p9360,1,17
18860,p9361,1,2
18862,p9362,1,7
18863,p9363,1,71
18864,p9364,1,90
18865,p9365,1,71
18867,p9366,1,5
18868,p9367,1,71
18869,p9368,1,49
18871,p9369,1,86
18874,p9370,1,25
18875,p9371,1,37
18876,p9372,1,71
18877,p9373,1,70
18878,p9374,1,15
18879,p9375,1,14
18882,p9376,1,52
18885,p9377,1,61
18887,p9378,1,38
18890,p9379,1,13
18891,p9380,1,23
18893,p9381,1,44
18895,p9382,1,98
18897,p9383,1,11
18898,p9384,1,52
18901,p9385,1,9
18904,p9386,1,55
18905,p9387,1,50
18908,p9388,1,3
18909,p9389,1,86
18911,p9390,1,41
18913,p9391,1,49
18915,p9392,1,26
18916,p9393,1,47
18919,p9394,1,63
18921,p9395,1,61
18923,p9396,1,81
18925,p9397,1,89
18927,p9398,1,98
18928,p9399,1,86
18930,p9400,1,95
18932,p9401,1,92
18933,p9402,1,18
18936,p9403,1,2
18939,p9404,1,39
18942,p9405,1,12
18945,p9406,1,15
18947,p9407,1,77
18950,p9408,1,77
18951,p9409,1,5
18954,p9410,1,59
18957,p9411,1,19
18958,p9412,1,71
18959,p9413,1,11
18962,p9414,1,49
18964,p9415,1,94
18967,p9416,1,15
18968,p9417,1,86
18969,p9418,1,74
18972,p9419,1,25
18975,p9420,1,98
18976,p9421,1,98
18978,p9422,1,96
18981,p9423,1,76
18983,p9424,1,66
18984,p9425,1,75
18985,p9426,1,39
18987,p9427,1,3
18989,p9428,1,62
18990,p9429,1,79
18993,p9430,1,86
18996,p9431,1,81
18999,p9432,1,16
19001,p9433,1,7
19003,p9434,1,65
19006,p9435,1,51
19007,p9436,1,33
19010,p9437,1,35
19011,p9438,1,64
19012,p9439,1,27
19013,p9440,1,37
19016,p9441,1,73
19018,p9442,1,75
19020,p9443,1,86
19021,p9444,1,48
19022,p9445,1,44
19025,p9446,1,42
19026,p9447,1,17
19028,p9448,1,30
19030,p9449,1,29
19032,p9450,1,86
19034,p9451,1,44
19037,p9452,1,89
19039,p9453,1,54
19040,p9454,1,6
19042,p9455,1,80
19043,p9456,1,60
19044,p9457,1,80
19047,p9458,1,10
19049,p9459,1,88
19052,p9460,1,19
19054,p9461,1,61
19057,p9462,1,54
19058,p9463,1,16
19061,p9464,1,3
19062,p9465,1,67
19064,p9466,1,69
19066,p9467,1,94
19067,p9468,1,16
19070,p9469,1,46
19073,p9470,1,15
19076,p9471,1,92
19077,p9472,1,49
19080,p9473,1,97
19082,p9474,1,17
19083,p9475,1,83
19086,p9476,1,21
19087,p9477,1,41
19089,p9478,1,17
19090,p9479,1,53
19092,p9480,1,56
19095,p9481,1,71
19096,p9482,1,71
19097,p9483,1,62
19100,p9484,1,34
19102,p9485,1,16
19105,p9486,1,59
19107,p9487,1,14
19108,p9488,1,86
19111,p9489,1,26
19113,p9490,1,30
19116,p9491,1,31
19117,p9492,1,20
19119,p9493,1,4
19121,p9494,1,36
19123,p9495,1,69
19126,p9496,1,47
19127,p9497,1,16
19128,p9498,1,4
19130,p9499,1,63
19133,p9500,1,38
19136,p9501,1,98
19138,p9502,1,45
19141,p9503,1,6
19144,p9504,1,85
19146,p9505,1,24
19148,p9506,1,60
19151,p9507,1,16
19152,p9508,1,16
19153,p9509,1,4
19156,p9510,1,71
19157,p9511,1,25
19158,p9512,1,80
19160,p9513,1,36
19162,p9514,1,69
19163,p9515,1,49
19164,p9516,1,99
19167,p9517,1,55
19170,p9518,1,77
19173,p9519,1,41
19175,p9520,1,13
19177,p9521,1,50
19179,p9522,1,31
19182,p9523,1,49
19184,p9524,1,45
19186,p9525,1,63
19188,p9526,1,18
19191,p9527,1,45
19192,p9528,1,3
19195,p9529,1,91
19198,p9530,1,14
19200,p9531,1,8
19203,p9532,1,89
19204,p9533,1,91
19207,p9534,1,78
19209,p9535,1,68
19211,p9536,1,18
19214,p9537,1,99
19215,p9538,1,32
19217,p9539,1,37
19218,p9540,1,44
19221,p9541,1,30
19222,p9542,1,17
19225,p9543,1,75
19226,p9544,1,46
19227,p9545,1,21
19230,p9546,1,67
19233,p9547,1,62
19236,p9548,1,78
19237,p9549,1,89
19239,p9550,1,7
19242,p9551,1,90
19243,p9552,1,14
19244,p9553,1,17
19247,p9554,1,37
19249,p9555,1,61
19252,p9556,1,42
19255,p9557,1,21
19258,p9558,1,63
19261,p9559,1,4
19262,p9560,1,33
19263,p9561,1,30
19264,p9562,1,36
19265,p9563,1,72
19267,p9564,1,25
19268,p9565,1,27
19270,p9566,1,95
19272,p9567,1,5
19275,p9568,1,66
19276,p9569,1,77
19277,p9570,1,79
19279,p9571,1,41
19280,p9572,1,4
19281,p9573,1,60
19284,p9574,1,32
19285,p9575,1,3
19288,p9576,1,22
19289,p9577,1,97
19290,p9578,1,17
19291,p9579,1,66
19293,p9580,1,68
19296,p9581,1,8
19299,p9582,1,51
19302,p9583,1,23
19303,p9584,1,89
19304,p9585,1,20
19305,p9586,1,11
19307,p9587,1,33
19310,p9588,1,58
19313,p9589,1,24
19314,p9590,1,100
19316,p9591,1,64
19319,p9592,1,55
19322,p9593,1,47
19324,p9594,1,24
19326,p9595,1,13
19329,p9596,1,99
19331,p9597,1,73
19332,p9598,1,74
19334,p9599,1,80
19335,p9600,1,48
19338,p9601,1,77
19340,p9602,1,46
19341,p9603,1,35
19343,p9604,1,71
19346,p9605,1,50
19348,p9606,1,18
19351,p9607,1,75
19352,p9608,1,15
19354,p9609,1,80
19357,p9610,1,26
19360,p9611,1,15
19362,p9612,1,57
19365,p9613,1,79
19367,p9614,1,75
19368,p9615,1,53
19371,p9616,1,74
19374,p9617,1,16
19375,p9618,1,72
19376,p9619,1,88
19377,p9620,1,74
19379,p9621,1,6
19381,p9622,1,72
19383,p9623,1,61
19385,p9624,1,25
19387,p9625,1,22
19389,p9626,1,46
19391,p9627,1,100
19393,p9628,1,42
19396,p9629,1,15
19398,p9630,1,57
19399,p9631,1,96
19401,p9632,1,93
19403,p9633,1,55
19404,p9634,1,50
19405,p9635,1,26
19406,p9636,1,98
19407,p9637,1,61
19408,p9638,1,3
19409,p9639,1,51
19412,p9640,1,28
19415,p9641,1,65
19417,p9642,1,39
19418,p9643,1,52
19420,p9644,1,48
19422,p9645,1,48
19423,p9646,1,80
19426,p9647,1,18
19427,p9648,1,84
19428,p9649,1,92
19431,p9650,1,68
19432,p9651,1,98
19435,p9652,1,84
19438,p9653,1,13
19441,p9654,1,4
19444,p9655,1,44
19445,p9656,1,12
19448,p9657,1,30
19451,p9658,1,73
19453,p9659,1,16
19456,p9660,1,51
19457,p9661,1,85
19459,p9662,1,100
19462,p9663,1,25
19464,p9664,1,11
19466,p9665,1,24
19467,p9666,1,48
19470,p9667,1,64
19471,p9668,1,59
19474,p9669,1,38
19476,p9670,1,28
19478,p9671,1,15
19480,p9672,1,73
19482,p9673,1,99
19484,p9674,1,40
19486,p9675,1,62
19487,p9676,1,80
19490,p9677,1,94
19491,p9678,1,69
19493,p9679,1,93
19494,p9680,1,61
19495,p9681,1,42
19498,p9682,1,4
19500,p9683,1,28
19503,p9684,1,49
19506,p9685,1,10
19508,p9686,1,62
19510,p9687,1,33
19511,p9688,1,96
19512,p9689,1,65
19515,p9690,1,97
19516,p9691,1,51
19517,p9692,1,70
19518,p9693,1,12
19521,p9694,1,91
19523,p9695,1,10
19526,p9696,1,86
19527,p9697,1,93
19530,p9698,1,87
19531,p9699,1,55
19532,p9700,1,26
19535,p9701,1,21
19538,p9702,1,3
19541,p9703,1,26
19543,p9704,1,56
19545,p9705,1,23
19547,p9706,1,8
19550,p9707,1,12
19552,p9708,1,37
19553,p9709,1,10
19555,p9710,1,18
19556,p9711,1,50
19558,p9712,1,67
19559,p9713,1,93
19561,p9714,1,36
19562,p9715,1,72
19565,p9716,1,66
19567,p9717,1,29
19570,p9718,1,17
19573,p9719,1,97
19574,p9720,1,16
19576,p9721,1,99
19579,p9722,1,49
19582,p9723,1,55
19583,p9724,1,5
19585,p9725,1,17
19586,p9726,1,99
19588,p9727,1,91
19590,p9728,1,24
19592,p9729,1,48
19594,p9730,1,38
19595,p9731,1,80
19596,p9732,1,74
19597,p9733,1,31
19600,p9734,1,37
19602,p9735,1,53
19604,p9736,1,16
19605,p9737,1,88
19608,p9738,1,89
19609,p9739,1,21
19611,p9740,1,68
19613,p9741,1,6
19614,p9742,1,62
19615,p9743,1,44
19618,p9744,1,44
19619,p9745,1,85
19620,p9746,1,42
19621,p9747,1,82
19623,p9748,1,21
19626,p9749,1,32
19629,p9750,1,94
19632,p9751,1,59
19633,p9752,1,5
19636,p9753,1,51
19638,p9754,1,10
19639,p9755,1,96
19642,p9756,1,89
19644,p9757,1,62
19647,p9758,1,98
19650,p9759,1,92
19652,p9760,1,46
19655,p9761,1,86
19656,p9762,1,56
19659,p9763,1,82
19660,p9764,1,82
19662,p9765,1,37
19665,p9766,1,45
19667,p9767,1,19
19669,p9768,1,16
19671,p9769,1,75
19672,p9770,1,89
19674,p9771,1,3
19677,p9772,1,81
19680,p9773,1,46
19682,p9774,1,27
19684,p9775,1,20
19686,p9776,1,21
19689,p9777,1,41
19691,p9778,1,45
19693,p9779,1,96
19695,p9780,1,26
19696,p9781,1,14
19697,p9782,1,58
19700,p9783,1,7
19703,p9784,1,12
19706,p9785,1,10
19707,p9786,1,10
19710,p9787,1,74
19713,p9788,1,76
19714,p9789,1,61
19716,p9790,1,35
19719,p9791,1,29
19722,p9792,1,20
19724,p9793,1,96
19726,p9794,1,94
19727,p9795,1,31
19730,p9796,1,77
19731,p9797,1,40
19733,p9798,1,94
19735,p9799,1,77
19737,p9800,1,98
19740,p9801,1,14
19741,p9802,1,80
19742,p9803,1,13
19743,p9804,1,71
19744,p9805,1,34
19746,p9806,1,40
19747,p9807,1,40
19750,p9808,1,39
19753,p9809,1,83
19754,p9810,1,55
19757,p9811,1,57
19759,p9812,1,97
19761,p9813,1,50
19763,p9814,1,63
19766,p9815,1,29
19768,p9816,1,66
19771,p9817,1,80
19774,p9818,1,61
19777,p9819,1,26
19778,p9820,1,7
19779,p9821,1,76
19780,p9822,1,70
19782,p9823,1,47
19785,p9824,1,6
19787,p9825,1,78
19789,p9826,1,39
19790,p9827,1,75
19791,p9828,1,42
19793,p9829,1,68
19796,p9830,1,99
19799,p9831,1,48
19801,p9832,1,87
19802,p9833,1,95
19805,p9834,1,47
19807,p9835,1,59
19808,p9836,1,7
19809,p9837,1,30
19811,p9838,1,70
19814,p9839,1,71
19815,p9840,1,93
19818,p9841,1,55
19821,p9842,1,3
19824,p9843,1,61
19825,p9844,1,27
19827,p9845,1,12
19828,p9846,1,64
19830,p9847,1,35
19833,p9848,1,33
19835,p9849,1,62
19837,p9850,1,45
19838,p9851,1,10
19840,p9852,1,2
19842,p9853,1,90
19845,p9854,1,36
19846,p9855,1,10
19847,p9856,1,74
19849,p9857,1,17
19852,p9858,1,39
19853,p9859,1,89
19856,p9860,1,22
19859,p9861,1,5
19860,p9862,1,41
19862,p9863,1,63
19863,p9864,1,22
19864,p9865,1,34
19865,p9866,1,72
19867,p9867,1,39
19869,p9868,1,14
19870,p9869,1,78
19872,p9870,1,39
19875,p9871,1,8
19876,p9872,1,45
19877,p9873,1,67
19879,p9874,1,84
19882,p9875,1,36
19885,p9876,1,59
19886,p9877,1,85
19888,p9878,1,49
19891,p9879,1,52
19894,p9880,1,50
19895,p9881,1,28
19896,p9882,1,14
19897,p9883,1,49
19898,p9884,1,76
19901,p9885,1,95
19904,p9886,1,9
19907,p9887,1,88
19910,p9888,1,62
19911,p9889,1,45
19913,p9890,1,34
19915,p9891,1,64
19916,p9892,1,63
19918,p9893,1,30
19919,p9894,1,70
19920,p9895,1,55
19923,p9896,1,91
19924,p9897,1,9
19926,p9898,1,59
19928,p9899,1,87
19930,p9900,1,98
19933,p9901,1,19
19935,p9902,1,91
19938,p9903,1,82
19939,p9904,1,10
19942,p9905,1,80
19943,p9906,1,5
19945,p9907,1,97
19948,p9908,1,4
19949,p9909,1,6
19951,p9910,1,57
19953,p9911,1,24
19954,p9912,1,45
19955,p9913,1,59
19957,p9914,1,35
19958,p9915,1,89
19960,p9916,1,92
19962,p9917,1,6
19963,p9918,1,39
19965,p9919,1,81
19967,p9920,1,71
19968,p9921,1,33
19969,p9922,1,96
19970,p9923,1,45
19972,p9924,1,20
19973,p9925,1,97
19974,p9926,1,5
19975,p9927,1,100
19978,p9928,1,71
19981,p9929,1,41
19983,p9930,1,7
19984,p9931,1,63
19987,p9932,1,63
19988,p9933,1,69
19990,p9934,1,23
19993,p9935,1,63
19994,p9936,1,53
19995,p9937,1,83
19998,p9938,1,58
19999,p9939,1,42
20000,p9940,1,98
20001,p9941,1,67
20002,p9942,1,70
20005,p9943,1,24
20006,p9944,1,82
20008,p9945,1,56
20010,p9946,1,47
20011,p9947,1,22
20013,p9948,1,19
20015,p9949,1,71
20018,p9950,1,19
20020,p9951,1,86
20023,p9952,1,78
20024,p9953,1,69
20026,p9954,1,74
20028,p9955,1,93
20030,p9956,1,28
20033,p9957,1,26
20034,p9958,1,62
20036,p9959,1,4
20038,p9960,1,22
20039,p9961,1,9
20041,p9962,1,38
20044,p9963,1,84
20046,p9964,1,78
20049,p9965,1,100
20050,p9966,1,26
20053,p9967,1,59
20056,p9968,1,75
20059,p9969,1,18
20060,p9970,1,47
20063,p9971,1,93
20064,p9972,1,26
20065,p9973,1,3
20068,p9974,1,69
20071,p9975,1,93
20072,p9976,1,31
20073,p9977,1,63
20075,p9978,1,32
20078,p9979,1,66
20079,p9980,1,74
20081,p9981,1,2
20082,p9982,1,78
20085,p9983,1,23
20088,p9984,1,64
20090,p9985,1,65
20092,p9986,1,98
20093,p9987,1,15
20095,p9988,1,26
20096,p9989,1,51
20097,p9990,1,82
20098,p9991,1,69
20100,p9992,1,41
20103,p9993,1,33
20106,p9994,1,16
20109,p9995,1,87
20111,p9996,1,17
20113,p9997,1,96
20115,p9998,1,40
20117,p9999,1,47
20119,p10000,1,37
20121,p10001,1,76
20124,p10002,1,5
20126,p10003,1,87
20127,p10004,1,33
20128,p10005,1,16
20130,p10006,1,20
20131,p10007,1,58
20134,p10008,1,66
20136,p10009,1,72
20138,p10010,1,95
20139,p10011,1,37
20142,p10012,1,59
20143,p10013,1,54
20145,p10014,1,72
20148,p10015,1,72
20149,p10016,1,53
20152,p10017,1,69
20154,p10018,1,46
20156,p10019,1,87
20159,p10020,1,95
20161,p10021,1,46
20163,p10022,1,87
20164,p10023,1,7
20166,p10024,1,24
20167,p10025,1,54
20168,p10026,1,60
20169,p10027,1,41
20170,p10028,1,19
20171,p10029,1,10
20173,p10030,1,19
20175,p10031,1,47
20176,p10032,1,93
20179,p10033,1,3
20182,p10034,1,99
20185,p10035,1,37
20186,p10036,1,57
20189,p10037,1,51
20191,p10038,1,25
20193,p10039,1,93
20194,p10040,1,26
20196,p10041,1,44
20198,p10042,1,24
20200,p10043,1,4
20203,p10044,1,81
20204,p10045,1,84
20205,p10046,1,96
20207,p10047,1,48
20208,p10048,1,52
20209,p10049,1,19
20212,p10050,1,27
20213,p10051,1,76
20216,p10052,1,72
20218,p10053,1,60
20221,p10054,1,43
20223,p10055,1,16
20226,p10056,1,52
20228,p10057,1,74
20230,p10058,1,15
20231,p10059,1,91
20234,p10060,1,4
20237,p10061,1,3
20239,p10062,1,51
20241,p10063,1,61
20243,p10064,1,100
20246,p10065,1,20
20248,p10066,1,81
20251,p10067,1,39
20252,p10068,1,15
20254,p10069,1,47
20255,p10070,1,65
20258,p10071,1,4
20259,p10072,1,52
20261,p10073,1,39
20263,p10074,1,18
20265,p10075,1,24
20268,p10076,1,60
20270,p10077,1,68
20271,p10078,1,31
20274,p10079,1,58
20277,p10080,1,57
20279,p10081,1,84
20282,p10082,1,98
20283,p10083,1,94
20285,p10084,1,18
20286,p10085,1,51
20287,p10086,1,73
20288,p10087,1,62
20291,p10088,1,59
20294,p10089,1,11
20295,p10090,1,51
20298,p10091,1,96
20299,p10092,1,94
20300,p10093,1,30
20301,p10094,1,17
20304,p10095,1,79
20306,p10096,1,80
20307,p10097,1,25
20309,p10098,1,23
20312,p10099,1,67
20313,p10100,1,86
20316,p10101,1,18
20319,p10102,1,33
20320,p10103,1,28
20321,p10104,1,100
20322,p10105,1,10
20324,p10106,1,85
20327,p10107,1,23
20328,p10108,1,59
20330,p10109,1,16
20331,p10110,1,55
20333,p10111,1,41
20334,p10112,1,12
20335,p10113,1,11
20337,p10114,1,4
20339,p10115,1,54
20341,p10116,1,5
20344,p10117,1,16
20345,p10118,1,2
20348,p10119,1,60
20351,p10120,1,51
20353,p10121,1,8
20354,p10122,1,72
20357,p10123,1,61
20360,p10124,1,42
20362,p10125,1,39
20364,p10126,1,72
20367,p10127,1,58
20370,p10128,1,84
20372,p10129,1,99
20373,p10130,1,6
20374,p10131,1,78
20377,p10132,1,86
20380,p10133,1,7
20383,p10134,1,47
20384,p10135,1,84
20385,p10136,1,89
20387,p10137,1,60
20389,p10138,1,35
20391,p10139,1,87
20393,p10140,1,5
20395,p10141,1,58
20396,p10142,1,90
20399,p10143,1,15
20401,p10144,1,95
20402,p10145,1,88
20405,p10146,1,78
20406,p10147,1,76
20407,p10148,1,60
20410,p10149,1,94
20412,p10150,1,58
20415,p10151,1,34
20418,p10152,1,36
20419,p10153,1,39
20421,p10154,1,85
20422,p10155,1,50
20425,p10156,1,88
20428,p10157,1,83
20430,p10158,1,29
20431,p10159,1,38
20433,p10160,1,74
20435,p10161,1,41
20436,p10162,1,4
20439,p10163,1,17
20441,p10164,1,70
20443,p10165,1,24
20444,p10166,1,21
20445,p10167,1,67
20448,p10168,1,36
20449,p10169,1,8
20451,p10170,1,90
20452,p10171,1,24
20455,p10172,1,60
20457,p10173,1,84
20460,p10174,1,4
20461,p10175,1,26
20462,p10176,1,26
20465,p10177,1,91
20466,p10178,1,38
20468,p10179,1,59
20470,p10180,1,69
20473,p10181,1,68
20476,p10182,1,73
20477,p10183,1,52
20480,p10184,1,89
20483,p10185,1,29
20484,p10186,1,5
20485,p10187,1,97
20486,p10188,1,84
20489,p10189,1,18
20490,p10190,1,20
20493,p10191,1,76
20496,p10192,1,58
20498,p10193,1,71
20500,p10194,1,98
20503,p10195,1,71
20504,p10196,1,11
20506,p10197,1,71
20508,p10198,1,85
20511,p10199,1,2
20513,p10200,1,23
20514,p10201,1,27
20516,p10202,1,7
20518,p10203,1,77
20521,p10204,1,71
20524,p10205,1,97
20526,p10206,1,92
20527,p10207,1,58
20528,p10208,1,90
20531,p10209,1,7
20533,p10210,1,97
20536,p10211,1,5
20539,p10212,1,37
20541,p10213,1,13
20544,p10214,1,65
20545,p10215,1,86
20546,p10216,1,44
20549,p10217,1,42
20550,p10218,1,79
20552,p10219,1,94
20554,p10220,1,74
20556,p10221,1,51
20559,p10222,1,24
20561,p10223,1,5
20563,p10224,1,47
20564,p10225,1,72
20567,p10226,1,33
20570,p10227,1,5
20572,p10228,1,26
20575,p10229,1,96
20577,p10230,1,17
20579,p10231,1,79
20580,p10232,1,73
20582,p10233,1,50
20583,p10234,1,90
20585,p10235,1,35
20587,p10236,1,13
20589,p10237,1,100
20590,p10238,1,75
20592,p10239,1,61
20595,p10240,1,50
20598,p10241,1,52
20599,p10242,1,21
20602,p10243,1,42
20605,p10244,1,25
20607,p10245,1,62
20609,p10246,1,64
20612,p10247,1,89
20614,p10248,1,78
20615,p10249,1,78
20617,p10250,1,58
20620,p10251,1,56
20622,p10252,1,95
20623,p10253,1,18
20626,p10254,1,59
20629,p10255,1,71
20632,p10256,1,22
20633,p10257,1,99
20636,p10258,1,94
20637,p10259,1,51
20639,p10260,1,26
20640,p10261,1,90
20643,p10262,1,91
20644,p10263,1,71
20645,p10264,1,83
20648,p10265,1,38
20649,p10266,1,17
20651,p10267,1,43
20654,p10268,1,93
20657,p10269,1,29
20660,p10270,1,56
20663,p10271,1,48
20664,p10272,1,84
20665,p10273,1,53
20667,p10274,1,16
20668,p10275,1,64
20670,p10276,1,89
20672,p10277,1,47
20675,p10278,1,30
20676,p10279,1,88
20677,p10280,1,48
20678,p10281,1,37
20680,p10282,1,11
20681,p10283,1,38
20684,p10284,1,12
20685,p10285,1,46
20688,p10286,1,68
20689,p10287,1,79
20690,p10288,1,96
20691,p10289,1,62
20694,p10290,1,42
20697,p10291,1,88
20698,p10292,1,50
20700,p10293,1,64
20702,p10294,1,9
20705,p10295,1,77
20706,p10296,1,33
20708,p10297,1,89
20709,p10298,1,50
20712,p10299,1,16
20713,p10300,1,50
20716,p10301,1,34
20718,p10302,1,21
20719,p10303,1,7
20721,p10304,1,93
20723,p10305,1,68
20724,p10306,1,5
20725,p10307,1,80
20728,p10308,1,25
20731,p10309,1,21
20734,p10310,1,97
20737,p10311,1,33
20740,p10312,1,7
20743,p10313,1,54
20746,p10314,1,57
20749,p10315,1,28
20751,p10316,1,90
20753,p10317,1,36
20755,p10318,1,65
20758,p10319,1,89
20759,p10320,1,24
20762,p10321,1,28
20763,p10322,1,21
20765,p10323,1,54
20766,p10324,1,51
20767,p10325,1,32
20768,p10326,1,68
20769,p10327,1,61
20771,p10328,1,41
20773,p10329,1,100
20776,p10330,1,8
20777,p10331,1,87
20780,p10332,1,2
20783,p10333,1,55
20786,p10334,1,32
20788,p10335,1,47
20790,p10336,1,51
20791,p10337,1,75
20793,p10338,1,25
20795,p10339,1,74
20796,p10340,1,83
20797,p10341,1,89
20799,p10342,1,58
20801,p10343,1,51
20802,p10344,1,55
20803,p10345,1,50
20805,p10346,1,38
20806,p10347,1,83
20807,p10348,1,70
20808,p10349,1,36
20809,p10350,1,92
20812,p10351,1,30
20815,p10352,1,54
20818,p10353,1,17
20819,p10354,1,50
20822,p10355,1,71
20825,p10356,1,91
20827,p10357,1,36
20830,p10358,1,16
20833,p10359,1,3
20836,p10360,1,15
20838,p10361,1,70
20840,p10362,1,49
20841,p10363,1,79
20843,p10364,1,97
20845,p10365,1,80
20847,p10366,1,38
20849,p10367,1,88
20852,p10368,1,95
20855,p10369,1,8
20857,p10370,1,69
20858,p10371,1,27
20859,p10372,1,95
20860,p10373,1,69
20862,p10374,1,84
20864,p10375,1,40
20867,p10376,1,55
20870,p10377,1,19
20872,p10378,1,64
20875,p10379,1,2
20876,p10380,1,70
20877,p10381,1,57
20878,p10382,1,23
20879,p10383,1,29
20881,p10384,1,60
20884,p10385,1,23
20886,p10386,1,33
20889,p10387,1,70
20890,p10388,1,31
20892,p10389,1,95
20894,p10390,1,21
20895,p10391,1,15
20897,p10392,1,35
20899,p10393,1,82
20900,p10394,1,15
20902,p10395,1,31
20904,p10396,1,71
20906,p10397,1,65
20907,p10398,1,68
20909,p10399,1,83
20912,p10400,1,5
20915,p10401,1,54
20918,p10402,1,42
20920,p10403,1,36
20921,p10404,1,69
20922,p10405,1,65
20923,p10406,1,14
20924,p10407,1,4
20925,p10408,1,6
20927,p10409,1,96
20930,p10410,1,3
20932,p10411,1,3
20934,p10412,1,22
20936,p10413,1,99
20938,p10414,1,61
20940,p10415,1,13
20943,p10416,1,17
20944,p10417,1,86
20945,p10418,1,25
20948,p10419,1,69
20950,p10420,1,14
20953,p10421,1,14
20954,p10422,1,25
20957,p10423,1,82
20959,p10424,1,77
20960,p10425,1,48
20961,p10426,1,67
20963,p10427,1,23
20966,p10428,1,99
20968,p10429,1,69
20970,p10430,1,53
20971,p10431,1,68
20973,p10432,1,82
20974,p10433,1,58
20977,p10434,1,55
20980,p10435,1,35
20983,p10436,1,12
20986,p10437,1,6
20987,p10438,1,67
20989,p10439,1,4
20990,p10440,1,78
20992,p10441,1,14
20995,p10442,1,86
20997,p10443,1,25
21000,p10444,1,92
21003,p10445,1,42
21006,p10446,1,97
21008,p10447,1,84
21011,p10448,1,18
21013,p10449,1,19
21014,p10450,1,82
21017,p10451,1,100
21020,p10452,1,44
21023,p10453,1,52
21026,p10454,1,28
21028,p10455,1,11
21031,p10456,1,37
21034,p10457,1,57
21035,p10458,1,12
21038,p10459,1,74
21041,p10460,1,43
21043,p10461,1,31
21045,p10462,1,2
21046,p10463,1,56
21047,p10464,1,90
21050,p10465,1,3
21052,p10466,1,11
21053,p10467,1,80
21055,p10468,1,31
21058,p10469,1,17
21061,p10470,1,49
21063,p10471,1,59
21064,p10472,1,31
21067,p10473,1,58
21068,p10474,1,77
21070,p10475,1,39
21072,p10476,1,23
21075,p10477,1,83
21078,p10478,1,56
21080,p10479,1,91
21081,p10480,1,42
21083,p10481,1,27
21085,p10482,1,17
21087,p10483,1,78
21088,p10484,1,19
21091,p10485,1,68
21093,p10486,1,47
21096,p10487,1,64
21098,p10488,1,64
21100,p10489,1,87
21102,p10490,1,64
21104,p10491,1,43
21106,p10492,1,38
21107,p10493,1,37
21110,p10494,1,28
21113,p10495,1,50
21116,p10496,1,81
21118,p10497,1,97
21119,p10498,1,49
21120,p10499,1,45
21123,p10500,1,79
21126,p10501,1,99
21128,p10502,1,36
21130,p10503,1,88
21132,p10504,1,9
21133,p10505,1,30
21134,p10506,1,25
21137,p10507,1,7
21138,p10508,1,28
21140,p10509,1,76
21141,p10510,1,58
21142,p10511,1,22
21144,p10512,1,10
21145,p10513,1,58
21147,p10514,1,25
21148,p10515,1,66
21149,p10516,1,40
21150,p10517,1,72
21153,p10518,1,68
21156,p10519,1,13
21157,p10520,1,72
21159,p10521,1,6
21162,p10522,1,26
21164,p10523,1,46
21166,p10524,1,45
21167,p10525,1,57
21169,p10526,1,76
21172,p10527,1,98
21173,p10528,1,47
21175,p10529,1,24
21178,p10530,1,90
21181,p10531,1,88
21184,p10532,1,19
21186,p10533,1,89
21187,p10534,1,56
21190,p10535,1,6
21192,p10536,1,96
21194,p10537,1,38
21197,p10538,1,55
21198,p10539,1,44
21199,p10540,1,36
21200,p10541,1,3
21201,p10542,1,88
21202,p10543,1,43
21203,p10544,1,38
21205,p10545,1,77
21207,p10546,1,10
21208,p10547,1,25
21210,p10548,1,48
21211,p10549,1,100
21212,p10550,1,80
21214,p10551,1,47
21215,p10552,1,13
21217,p10553,1,71
21218,p10554,1,100
21219,p10555,1,77
21222,p10556,1,25
21224,p10557,1,35
21227,p10558,1,24
21229,p10559,1,52
21232,p10560,1,52
21235,p10561,1,42
21238,p10562,1,69
21239,p10563,1,68
21241,p10564,1,70
21243,p10565,1,88
21246,p10566,1,41
21247,p10567,1,9
21250,p10568,1,86
21251,p10569,1,36
21252,p10570,1,68
21254,p10571,1,14
21255,p10572,1,26
21257,p10573,1,92
21260,p10574,1,87
21261,p10575,1,11
21263,p10576,1,47
21265,p10577,1,67
21266,p10578,1,33
21267,p10579,1,53
21268,p10580,1,67
21271,p10581,1,22
21273,p10582,1,25
21276,p10583,1,72
21278,p10584,1,8
21279,p10585,1,51
21280,p10586,1,63
21281,p10587,1,20
21282,p10588,1,20
21284,p10589,1,50
21286,p10590,1,2
21289,p10591,1,74
21292,p10592,1,41
21294,p10593,1,81
21295,p10594,1,6
21298,p10595,1,84
21301,p10596,1,63
21303,p10597,1,48
21305,p10598,1,36
21306,p10599,1,31
21307,p10600,1,7
21308,p10601,1,69
21310,p10602,1,25
21312,p10603,1,88
21315,p10604,1,50
21317,p10605,1,95
21320,p10606,1,53
21322,p10607,1,58
21324,p10608,1,92
21325,p10609,1,21
21328,p10610,1,19
21330,p10611,1,83
21331,p10612,1,3
21333,p10613,1,63
21334,p10614,1,22
21335,p10615,1,91
21338,p10616,1,11
21340,p10617,1,80
21341,p10618,1,18
21342,p10619,1,25
21343,p10620,1,98
21344,p10621,1,4
21345,p10622,1,10
21347,p10623,1,65
21350,p10624,1,66
21352,p10625,1,48
21354,p10626,1,60
21355,p10627,1,17
21358,p10628,1,75
21360,p10629,1,57
21362,p10630,1,56
21365,p10631,1,69
21368,p10632,1,31
21371,p10633,1,86
21374,p10634,1,59
21376,p10635,1,59
21378,p10636,1,8
21381,p10637,1,43
21383,p10638,1,82
21385,p10639,1,44
21388,p10640,1,35
21391,p10641,1,47
21393,p10642,1,47
21394,p10643,1,75
21396,p10644,1,14
21398,p10645,1,38
21400,p10646,1,30
21402,p10647,1,40
21403,p10648,1,48
21404,p10649,1,31
21405,p10650,1,96
21408,p10651,1,24
21410,p10652,1,58
21411,p10653,1,21
21413,p10654,1,50
21416,p10655,1,19
21419,p10656,1,14
21421,p10657,1,37
21422,p10658,1,40
21424,p10659,1,10
21426,p10660,1,91
21429,p10661,1,89
21430,p10662,1,55
21432,p10663,1,55
21435,p10664,1,86
21437,p10665,1,58
21440,p10666,1,35
21441,p10667,1,29
21443,p10668,1,19
21444,p10669,1,3
21445,p10670,1,53
21446,p10671,1,42
21448,p10672,1,61
21451,p10673,1,44
21453,p10674,1,46
21455,p10675,1,8
21458,p10676,1,15
21459,p10677,1,98
21461,p10678,1,29
21464,p10679,1,69
21467,p10680,1,14
21470,p10681,1,62
21473,p10682,1,36
21475,p10683,1,2
21478,p10684,1,12
21479,p10685,1,17
21480,p10686,1,70
21481,p10687,1,98
21483,p10688,1,20
21484,p10689,1,4
21486,p10690,1,98
21487,p10691,1,53
21488,p10692,1,13
21491,p10693,1,95
21493,p10694,1,93
21495,p10695,1,20
21496,p10696,1,87
21499,p10697,1,88
21502,p10698,1,43
21503,p10699,1,5
21504,p10700,1,56
21507,p10701,1,25
21510,p10702,1,48
21513,p10703,1,85
21515,p10704,1,55
21518,p10705,1,25
21520,p10706,1,55
21521,p10707,1,39
21524,p10708,1,23
21526,p10709,1,20
21528,p10710,1,36
21530,p10711,1,20
21533,p10712,1,88
21534,p10713,1,76
21536,p10714,1,13
21537,p10715,1,57
21538,p10716,1,10
21540,p10717,1,20
21541,p10718,1,98
21544,p10719,1,49
21545,p10720,1,24
21548,p10721,1,82
21549,p10722,1,91
21551,p10723,1,57
21553,p10724,1,3
21554,p10725,1,24
21556,p10726,1,18
21559,p10727,1,12
21562,p10728,1,40
21563,p10729,1,75
21565,p10730,1,94
21567,p10731,1,18
21568,p10732,1,44
21569,p10733,1,82
21570,p10734,1,15
21573,p10735,1,85
21575,p10736,1,55
21577,p10737,1,35
21579,p10738,1,52
21582,p10739,1,95
21584,p10740,1,95
21586,p10741,1,64
21587,p10742,1,18
21590,p10743,1,77
21593,p10744,1,10
21594,p10745,1,5
21595,p10746,1,56
21598,p10747,1,84
21601,p10748,1,9
21602,p10749,1,37
21603,p10750,1,10
21605,p10751,1,63
21608,p10752,1,82
21611,p10753,1,85
21612,p10754,1,68
21614,p10755,1,61
21616,p10756,1,52
21618,p10757,1,4
21620,p10758,1,79
21622,p10759,1,60
21624,p10760,1,68
21627,p10761,1,65
21630,p10762,1,55
21632,p10763,1,31
21634,p10764,1,28
21636,p10765,1,5
21639,p10766,1,43
21642,p10767,1,59
21645,p10768,1,20
21648,p10769,1,30
21649,p10770,1,78
21650,p10771,1,25
21651,p10772,1,79
21653,p10773,1,61
21655,p10774,1,53
21656,p10775,1,63
21658,p10776,1,52
21660,p10777,1,23
21663,p10778,1,96
21665,p10779,1,16
21666,p10780,1,2
21667,p10781,1,89
21670,p10782,1,48
21673,p10783,1,42
21675,p10784,1,79
21677,p10785,1,19
21679,p10786,1,77
21681,p10787,1,14
21682,p10788,1,53
21683,p10789,1,31
21686,p10790,1,55
21689,p10791,1,79
21691,p10792,1,88
21693,p10793,1,80
21694,p10794,1,88
21695,p10795,1,63
21697,p10796,1,93
21698,p10797,1,73
21700,p10798,1,90
21701,p10799,1,24
21703,p10800,1,35
21706,p10801,1,28
21707,p10802,1,16
21710,p10803,1,13
21712,p10804,1,59
21714,p10805,1,41
21716,p10806,1,42
21718,p10807,1,23
21721,p10808,1,25
21722,p10809,1,17
21723,p10810,1,65
21724,p10811,1,14
21727,p10812,1,55
21728,p10813,1,79
21731,p10814,1,52
21734,p10815,1,74
21737,p10816,1,52
21740,p10817,1,47
21742,p10818,1,54
21744,p10819,1,83
21746,p10820,1,63
21747,p10821,1,34
21749,p10822,1,28
21752,p10823,1,81
21753,p10824,1,62
21755,p10825,1,92
21758,p10826,1,4
21760,p10827,1,31
21763,p10828,1,75
21764,p10829,1,87
21765,p10830,1,7
21767,p10831,1,45
21770,p10832,1,67
21773,p10833,1,29
21776,p10834,1,8
21779,p10835,1,2
21781,p10836,1,91
21783,p10837,1,8
21785,p10838,1,85
21787,p10839,1,51
21789,p10840,1,28
21792,p10841,1,28
21794,p10842,1,53
21795,p10843,1,71
21796,p10844,1,36
21798,p10845,1,25
21799,p10846,1,2
21802,p10847,1,85
21804,p10848,1,93
21806,p10849,1,41
21807,p10850,1,36
21808,p10851,1,69
21810,p10852,1,57
21811,p10853,1,28
21812,p10854,1,2
21814,p10855,1,37
21817,p10856,1,76
21820,p10857,1,84
21821,p10858,1,86
21823,p10859,1,46
21825,p10860,1,14
21827,p10861,1,34
21828,p10862,1,53
21831,p10863,1,11
21834,p10864,1,18
21835,p10865,1,39
21837,p10866,1,36
21838,p10867,1,65
21840,p10868,1,74
21841,p10869,1,20
21844,p10870,1,44
21845,p10871,1,33
21847,p10872,1,9
21849,p10873,1,95
21851,p10874,1,71
21853,p10875,1,33
21854,p10876,1,74
21855,p10877,1,76
21858,p10878,1,96
21861,p10879,1,9
21862,p10880,1,45
21865,p10881,1,12
21866,p10882,1,84
21868,p10883,1,27
21871,p10884,1,51
21873,p10885,1,36
21875,p10886,1,88
21876,p10887,1,36
21879,p10888,1,46
21881,p10889,1,95
21882,p10890,1,69
21885,p10891,1,5
21886,p10892,1,17
21889,p10893,1,35
21891,p10894,1,22
21894,p10895,1,82
21897,p10896,1,9
21899,p10897,1,100
21900,p10898,1,92
21901,p10899,1,45
21904,p10900,1,64
21905,p10901,1,10
21908,p10902,1,41
21909,p10903,1,52
21911,p10904,1,63
21914,p10905,1,24
21915,p10906,1,80
21917,p10907,1,60
21920,p10908,1,71
21922,p10909,1,42
21924,p10910,1,3
21927,p10911,1,59
21929,p10912,1,70
21931,p10913,1,29
21932,p10914,1,29
21934,p10915,1,60
21936,p10916,1,32
21939,p10917,1,93
21940,p10918,1,89
21941,p10919,1,37
21942,p10920,1,64
21944,p10921,1,62
21945,p10922,1,48
21948,p10923,1,54
21951,p10924,1,57
21953,p10925,1,45
21955,p10926,1,93
21958,p10927,1,30
21959,p10928,1,99
21961,p10929,1,10
21962,p10930,1,91
21963,p10931,1,21
21966,p10932,1,74
21967,p10933,1,8
21968,p10934,1,3
21971,p10935,1,48
21972,p10936,1,4
21974,p10937,1,80
21977,p10938,1,88
21980,p10939,1,71
21981,p10940,1,15
21982,p10941,1,68
21983,p10942,1,40
21984,p10943,1,38
21985,p10944,1,87
21986,p10945,1,11
21989,p10946,1,63
21990,p10947,1,37
21993,p10948,1,68
21995,p10949,1,49
21996,p10950,1,11
21997,p10951,1,68
21998,p10952,1,41
22001,p10953,1,97
22004,p10954,1,50
22006,p10955,1,95
22008,p10956,1,74
22009,p10957,1,55
22010,p10958,1,21
22012,p10959,1,6
22015,p10960,1,72
22017,p10961,1,21
22020,p10962,1,65
22023,p10963,1,76
22026,p10964,1,21
22029,p10965,1,23
22031,p10966,1,84
22034,p10967,1,3
22036,p10968,1,5
22039,p10969,1,54
22041,p10970,1,4
22043,p10971,1,28
22045,p10972,1,27
22048,p10973,1,85
22049,p10974,1,32
22050,p10975,1,63
22053,p10976,1,93
22056,p10977,1,9
22059,p10978,1,17
22061,p10979,1,13
22062,p10980,1,98
22063,p10981,1,42
22065,p10982,1,83
22066,p10983,1,72
22068,p10984,1,50
22069,p10985,1,21
22072,p10986,1,5
22074,p10987,1,39
22075,p10988,1,81
22078,p10989,1,46
22079,p10990,1,89
22081,p10991,1,51
22084,p10992,1,22
22085,p10993,1,51
22088,p10994,1,92
22089,p10995,1,49
22091,p10996,1,79
22094,p10997,1,81
22095,p10998,1,62
22098,p10999,1,50
22100,p11000,1,70
22102,p11001,1,95
22105,p11002,1,96
22108,p11003,1,93
22109,p11004,1,27
22110,p11005,1,43
22112,p11006,1,48
22114,p11007,1,93
22116,p11008,1,41
22117,p11009,1,32
22119,p11010,1,47
22122,p11011,1,88
22123,p11012,1,97
22126,p11013,1,33
22129,p11014,1,44
22131,p11015,1,20
22132,p11016,1,41
22134,p11017,1,89
22136,p11018,1,16
22137,p11019,1,84
22139,p11020,1,17
22140,p11021,1,29
22141,p11022,1,93
22143,p11023,1,84
22145,p11024,1,62
22148,p11025,1,73
22150,p11026,1,82
22151,p11027,1,19
22152,p11028,1,44
22154,p11029,1,18
22155,p11030,1,39
22158,p11031,1,64
22159,p11032,1,100
22162,p11033,1,8
22164,p11034,1,84
22166,p11035,1,34
22167,p11036,1,74
22168,p11037,1,92
22171,p11038,1,71
22174,p11039,1,92
22177,p11040,1,78
22180,p11041,1,91
22182,p11042,1,30
22184,p11043,1,86
22187,p11044,1,45
22189,p11045,1,17
22192,p11046,1,63
22195,p11047,1,65
22196,p11048,1,46
22197,p11049,1,23
22200,p11050,1,37
22201,p11051,1,58
22203,p11052,1,86
22204,p11053,1,91
22206,p11054,1,75
22208,p11055,1,88
22211,p11056,1,11
22212,p11057,1,17
22213,p11058,1,64
22215,p11059,1,4
22216,p11060,1,48
22218,p11061,1,15
22221,p11062,1,21
22223,p11063,1,9
22226,p11064,1,94
22228,p11065,1,48
22229,p11066,1,25
22230,p11067,1,20
22233,p11068,1,67
22236,p11069,1,28
22237,p11070,1,29
22238,p11071,1,50
22241,p11072,1,13
22242,p11073,1,50
22245,p11074,1,67
22246,p11075,1,9
22249,p11076,1,51
22252,p11077,1,62
22254,p11078,1,65
22256,p11079,1,13
22257,p11080,1,77
22258,p11081,1,4
22260,p11082,1,57
22262,p11083,1,43
22264,p11084,1,6
22267,p11085,1,100
22269,p11086,1,62
22271,p11087,1,73
22273,p11088,1,87
22274,p11089,1,4
22275,p11090,1,77
22278,p11091,1,31
22280,p11092,1,52
22282,p11093,1,75
22284,p11094,1,9
22286,p11095,1,42
22287,p11096,1,2
22288,p11097,1,73
22290,p11098,1,19
22291,p11099,1,41
22292,p11100,1,37
22293,p11101,1,14
22295,p11102,1,60
22296,p11103,1,97
22298,p11104,1,55
22301,p11105,1,45
22304,p11106,1,68
22306,p11107,1,84
22307,p11108,1,96
22310,p11109,1,16
22311,p11110,1,67
22314,p11111,1,11
22315,p11112,1,68
22316,p11113,1,7
22319,p11114,1,54
22321,p11115,1,39
22322,p11116,1,58
22323,p11117,1,37
22325,p11118,1,73
22328,p11119,1,85
22330,p11120,1,77
22331,p11121,1,12
22332,p11122,1,53
22334,p11123,1,89
22336,p11124,1,86
22337,p11125,1,47
22340,p11126,1,38
22341,p11127,1,55
22343,p11128,1,78
22345,p11129,1,4
22346,p11130,1,17
22349,p11131,1,59
22352,p11132,1,44
22355,p11133,1,93
22357,p11134,1,47
22358,p11135,1,20
22361,p11136,1,98
22363,p11137,1,76
22364,p11138,1,76
22366,p11139,1,72
22367,p11140,1,7
22369,p11141,1,24
22370,p11142,1,71
22373,p11143,1,50
22376,p11144,1,9
22379,p11145,1,62
22380,p11146,1,16
22383,p11147,1,37
22385,p11148,1,25
22388,p11149,1,41
22390,p11150,1,14
22391,p11151,1,14
22392,p11152,1,30
22395,p11153,1,59
22396,p11154,1,13
22399,p11155,1,74
22400,p11156,1,26
22403,p11157,1,19
22406,p11158,1,69
22408,p11159,1,49
22409,p11160,1,87
22410,p11161,1,13
22413,p11162,1,44
22414,p11163,1,82
22416,p11164,1,64
22419,p11165,1,10
22421,p11166,1,70
22424,p11167,1,8
22425,p11168,1,4
22428,p11169,1,71
22431,p11170,1,36
22434,p11171,1,66
22437,p11172,1,14
22438,p11173,1,85
22440,p11174,1,22
22441,p11175,1,79
22444,p11176,1,35
22446,p11177,1,32
22448,p11178,1,14
22450,p11179,1,19
22452,p11180,1,12
22453,p11181,1,90
22456,p11182,1,22
22459,p11183,1,83
22461,p11184,1,57
22462,p11185,1,52
22465,p11186,1,35
22466,p11187,1,100
22468,p11188,1,75
22470,p11189,1,79
22472,p11190,1,39
22474,p11191,1,7
22475,p11192,1,44
22478,p11193,1,15
22479,p11194,1,72
22481,p11195,1,9
22484,p11196,1,62
22486,p11197,1,46
22489,p11198,1,27
22490,p11199,1,38
22493,p11200,1,44
22494,p11201,1,24
22497,p11202,1,65
22498,p11203,1,88
22501,p11204,1,60
22504,p11205,1,83
22507,p11206,1,47
22508,p11207,1,60
22509,p11208,1,60
22510,p11209,1,49
22513,p11210,1,99
22514,p11211,1,73
22516,p11212,1,47
22517,p11213,1,60
22520,p11214,1,64
22521,p11215,1,72
22524,p11216,1,32
22525,p11217,1,16
22527,p11218,1,16
22528,p11219,1,2
22529,p11220,1,92
22532,p11221,1,39
22533,p11222,1,44
22536,p11223,1,89
22539,p11224,1,81
22541,p11225,1,59
22544,p11226,1,91
22545,p11227,1,82
22546,p11228,1,27
22548,p11229,1,15
22549,p11230,1,87
22551,p11231,1,52
22552,p11232,1,22
22555,p11233,1,6
22557,p11234,1,4
22560,p11235,1,12
22562,p11236,1,35
22565,p11237,1,66
22566,p11238,1,11
22567,p11239,1,46
22570,p11240,1,5
22572,p11241,1,28
22574,p11242,1,18
22577,p11243,1,26
22579,p11244,1,9
22581,p11245,1,94
22584,p11246,1,11
22587,p11247,1,21
22590,p11248,1,75
22592,p11249,1,16
22593,p11250,1,61
22594,p11251,1,65
22595,p11252,1,74
22598,p11253,1,33
22599,p11254,1,92
22600,p11255,1,68
22601,p11256,1,26
22602,p11257,1,88
22605,p11258,1,49
22608,p11259,1,17
22610,p11260,1,75
22611,p11261,1,58
22614,p11262,1,83
22617,p11263,1,42
22618,p11264,1,51
22620,p11265,1,68
22621,p11266,1,75
22623,p11267,1,21
22624,p11268,1,35
22627,p11269,1,39
22628,p11270,1,94
22630,p11271,1,35
22631,p11272,1,44
22632,p11273,1,32
22633,p11274,1,91
22636,p11275,1,100
22639,p11276,1,28
22640,p11277,1,100
22642,p11278,1,21
22644,p11279,1,5
22646,p11280,1,62
22647,p11281,1,57
22648,p11282,1,14
22649,p11283,1,62
22652,p11284,1,93
22654,p11285,1,96
22656,p11286,1,13
22658,p11287,1,40
22660,p11288,1,84
22663,p11289,1,91
22666,p11290,1,98
22667,p11291,1,67
22670,p11292,1,81
22671,p11293,1,81
22674,p11294,1,55
22676,p11295,1,75
22679,p11296,1,3
22682,p11297,1,81
22685,p11298,1,75
22687,p11299,1,71
22689,p11300,1,96
22692,p11301,1,87
22694,p11302,1,37
22696,p11303,1,37
22699,p11304,1,59
22701,p11305,1,92
22703,p11306,1,94
22706,p11307,1,54
22708,p11308,1,63
22710,p11309,1,7
22711,p11310,1,14
22714,p11311,1,44
22715,p11312,1,79
22717,p11313,1,15
22719,p11314,1,67
22721,p11315,1,54
22723,p11316,1,8
22726,p11317,1,10
22728,p11318,1,10
22729,p11319,1,4
22730,p11320,1,39
22733,p11321,1,13
22735,p11322,1,70
22738,p11323,1,11
22739,p11324,1,56
22742,p11325,1,82
22743,p11326,1,69
22746,p11327,1,4
22747,p11328,1,50
22749,p11329,1,81
22750,p11330,1,12
22753,p11331,1,100
22755,p11332,1,32
22757,p11333,1,63
22758,p11334,1,37
22761,p11335,1,22
22764,p11336,1,26
22765,p11337,1,83
22767,p11338,1,5
22768,p11339,1,95
22769,p11340,1,89
22770,p11341,1,21
22771,p11342,1,78
22773,p11343,1,81
22775,p11344,1,26
22778,p11345,1,37
22779,p11346,1,98
22781,p11347,1,15
22782,p11348,1,59
22783,p11349,1,75
22785,p11350,1,96
22788,p11351,1,28
22790,p11352,1,33
22792,p11353,1,90
22793,p11354,1,95
22794,p11355,1,71
22796,p11356,1,61
22799,p11357,1,80
22802,p11358,1,54
22805,p11359,1,17
22806,p11360,1,51
22807,p11361,1,78
22809,p11362,1,32
22812,p11363,1,15
22815,p11364,1,54
22818,p11365,1,91
22821,p11366,1,69
22824,p11367,1,21
22825,p11368,1,75
22826,p11369,1,66
22828,p11370,1,75
22831,p11371,1,6
22834,p11372,1,10
22835,p11373,1,97
22837,p11374,1,89
22839,p11375,1,28
22840,p11376,1,67
22843,p11377,1,33
22845,p11378,1,77
22847,p11379,1,24
22849,p11380,1,57
22851,p11381,1,97
22853,p11382,1,35
22856,p11383,1,25
22858,p11384,1,73
22860,p11385,1,52
22863,p11386,1,59
22865,p11387,1,14
22867,p11388,1,66
22869,p11389,1,42
22870,p11390,1,42
22872,p11391,1,65
22873,p11392,1,31
22874,p11393,1,32
22876,p11394,1,51
22879,p11395,1,60
22880,p11396,1,65
22883,p11397,1,29
22884,p11398,1,71
22885,p11399,1,63
22887,p11400,1,40
22888,p11401,1,43
22891,p11402,1,97
22894,p11403,1,4
22895,p11404,1,66
22898,p11405,1,69
22901,p11406,1,95
22903,p11407,1,73
22905,p11408,1,91
22907,p11409,1,99
22908,p11410,1,46
22910,p11411,1,56
22913,p11412,1,95
22915,p11413,1,4
22917,p11414,1,73
22920,p11415,1,24
22922,p11416,1,100
22923,p11417,1,45
22925,p11418,1,2
22927,p11419,1,60
22928,p11420,1,78
22929,p11421,1,52
22932,p11422,1,42
22933,p11423,1,10
22936,p11424,1,32
22938,p11425,1,11
22940,p11426,1,84
22943,p11427,1,53
22946,p11428,1,61
22948,p11429,1,28
22950,p11430,1,10
22953,p11431,1,78
22954,p11432,1,16
22957,p11433,1,93
22958,p11434,1,87
22960,p11435,1,85
22963,p11436,1,40
22966,p11437,1,50
22968,p11438,1,24
22969,p11439,1,15
22971,p11440,1,42
22973,p11441,1,8
22975,p11442,1,18
22976,p11443,1,23
22979,p11444,1,74
22982,p11445,1,16
22984,p11446,1,2
22986,p11447,1,41
22989,p11448,1,84
22992,p11449,1,45
22995,p11450,1,33
22997,p11451,1,18
22998,p11452,1,40
23001,p11453,1,89
23003,p11454,1,82
23004,p11455,1,16
23005,p11456,1,28
23006,p11457,1,15
23009,p11458,1,18
23011,p11459,1,27
23012,p11460,1,25
23014,p11461,1,3
23017,p11462,1,42
23018,p11463,1,52
23019,p11464,1,53
23022,p11465,1,98
23024,p11466,1,19
23027,p11467,1,77
23029,p11468,1,72
23031,p11469,1,12
23034,p11470,1,93
23037,p11471,1,53
23040,p11472,1,26
23042,p11473,1,71
23043,p11474,1,40
23044,p11475,1,9
23045,p11476,1,66
23047,p11477,1,25
23049,p11478,1,55
23050,p11479,1,43
23051,p11480,1,37
23052,p11481,1,78
23055,p11482,1,91
23057,p11483,1,14
23059,p11484,1,26
23062,p11485,1,21
23064,p11486,1,31
23066,p11487,1,43
23068,p11488,1,92
23069,p11489,1,91
23071,p11490,1,43
23073,p11491,1,64
23076,p11492,1,67
23077,p11493,1,41
23080,p11494,1,37
23083,p11495,1,19
23084,p11496,1,11
23086,p11497,1,67
23087,p11498,1,22
23090,p11499,1,66
23091,p11500,1,48
23094,p11501,1,73
23097,p11502,1,76
23098,p11503,1,64
23100,p11504,1,32
23103,p11505,1,13
23106,p11506,1,43
23109,p11507,1,62
23110,p11508,1,100
23111,p11509,1,2
23114,p11510,1,69
23117,p11511,1,15
23120,p11512,1,57
23121,p11513,1,33
23123,p11514,1,58
23126,p11515,1,26
23127,p11516,1,7
23128,p11517,1,32
23131,p11518,1,34
23133,p11519,1,44
23134,p11520,1,56
23136,p11521,1,32
23139,p11522,1,27
23141,p11523,1,39
23144,p11524,1,11
23147,p11525,1,90
23150,p11526,1,51
23152,p11527,1,57
23154,p11528,1,71
23155,p11529,1,6
23157,p11530,1,73
23159,p11531,1,7
23160,p11532,1,72
23161,p11533,1,9
23164,p11534,1,18
23166,p11535,1,43
23169,p11536,1,90
23170,p11537,1,87
23171,p11538,1,29
23174,p11539,1,38
23177,p11540,1,91
23180,p11541,1,21
23182,p11542,1,17
23183,p11543,1,75
23186,p11544,1,36
23189,p11545,1,57
23190,p11546,1,32
23192,p11547,1,7
23195,p11548,1,29
23197,p11549,1,78
23198,p11550,1,47
23200,p11551,1,30
23203,p11552,1,27
23205,p11553,1,6
23207,p11554,1,81
23208,p11555,1,46
23210,p11556,1,78
23213,p11557,1,64
23215,p11558,1,8
23218,p11559,1,78
23221,p11560,1,91
23222,p11561,1,68
23223,p11562,1,57
23226,p11563,1,43
23228,p11564,1,24
23231,p11565,1,28
23233,p11566,1,24
23235,p11567,1,95
23237,p11568,1,77
23238,p11569,1,76
23241,p11570,1,53
23242,p11571,1,21
23245,p11572,1,29
23247,p11573,1,60
23250,p11574,1,94
23251,p11575,1,68
23253,p11576,1,100
23254,p11577,1,40
23257,p11578,1,48
23258,p11579,1,92
23259,p11580,1,79
23262,p11581,1,98
23263,p11582,1,98
23265,p11583,1,86
23266,p11584,1,77
23269,p11585,1,18
23272,p11586,1,96
23273,p11587,1,83
23275,p11588,1,94
23277,p11589,1,66
23278,p11590,1,99
23279,p11591,1,55
23280,p11592,1,73
23282,p11593,1,67
23283,p11594,1,65
23286,p11595,1,18
23288,p11596,1,49
23290,p11597,1,79
23292,p11598,1,44
23295,p11599,1,52
23297,p11600,1,50
23300,p11601,1,100
23301,p11602,1,89
23304,p11603,1,13
23306,p11604,1,2
23307,p11605,1,10
23308,p11606,1,48
23309,p11607,1,79
23312,p11608,1,24
23315,p11609,1,43
23316,p11610,1,84
23319,p11611,1,79
23320,p11612,1,35
23322,p11613,1,39
23325,p11614,1,57
23326,p11615,1,14
23328,p11616,1,29
23331,p11617,1,13
23333,p11618,1,74
23335,p11619,1,36
23336,p11620,1,68
23338,p11621,1,64
23339,p11622,1,16
23342,p11623,1,39
23345,p11624,1,44
23347,p11625,1,86
23349,p11626,1,21
23351,p11627,1,86
23354,p11628,1,35
23357,p11629,1,27
23360,p11630,1,34
23361,p11631,1,98
23363,p11632,1,11
23366,p11633,1,84
23368,p11634,1,82
23370,p11635,1,57
23372,p11636,1,44
23373,p11637,1,74
23375,p11638,1,53
23377,p11639,1,10
23378,p11640,1,38
23381,p11641,1,12
23382,p11642,1,89
23383,p11643,1,9
23385,p11644,1,25
23387,p11645,1,42
23390,p11646,1,19
23392,p11647,1,35
23395,p11648,1,73
23396,p11649,1,14
23397,p11650,1,73
23398,p11651,1,22
23401,p11652,1,6
23403,p11653,1,75
23404,p11654,1,15
23406,p11655,1,8
23407,p11656,1,33
23409,p11657,1,53
23410,p11658,1,21
23413,p11659,1,44
23416,p11660,1,5
23417,p11661,1,71
23420,p11662,1,12
23423,p11663,1,46
23425,p11664,1,34
23426,p11665,1,30
23428,p11666,1,31
23431,p11667,1,56
23433,p11668,1,79
23436,p11669,1,20
23438,p11670,1,15
23441,p11671,1,2
23444,p11672,1,53
23446,p11673,1,20
23449,p11674,1,39
23450,p11675,1,24
23453,p11676,1,100
23456,p11677,1,16
23459,p11678,1,58
23460,p11679,1,94
23461,p11680,1,77
23462,p11681,1,94
23464,p11682,1,9
23466,p11683,1,26
23468,p11684,1,4
23469,p11685,1,24
23472,p11686,1,11
23475,p11687,1,73
23476,p11688,1,71
23479,p11689,1,56
23482,p11690,1,97
23483,p11691,1,86
23484,p11692,1,2
23487,p11693,1,61
23489,p11694,1,80
23491,p11695,1,41
23493,p11696,1,43
23496,p11697,1,16
23499,p11698,1,87
23500,p11699,1,61
23501,p11700,1,21
23504,p11701,1,83
23505,p11702,1,70
23507,p11703,1,10
23510,p11704,1,81
23512,p11705,1,78
23514,p11706,1,64
23517,p11707,1,47
23518,p11708,1,98
23520,p11709,1,15
23523,p11710,1,87
23526,p11711,1,4
23529,p11712,1,19
23531,p11713,1,60
23532,p11714,1,96
23534,p11715,1,17
23536,p11716,1,65
23537,p11717,1,99
23539,p11718,1,84
23540,p11719,1,80
23541,p11720,1,42
23543,p11721,1,89
23544,p11722,1,70
23547,p11723,1,3
23548,p11724,1,29
23550,p11725,1,43
23553,p11726,1,77
23556,p11727,1,4
23559,p11728,1,6
23560,p11729,1,55
23561,p11730,1,62
23564,p11731,1,45
23566,p11732,1,10
23569,p11733,1,53
23570,p11734,1,36
23572,p11735,1,64
23575,p11736,1,90
23577,p11737,1,42
23579,p11738,1,2
23582,p11739,1,30
23585,p11740,1,64
23588,p11741,1,12
23590,p11742,1,72
23592,p11743,1,47
23593,p11744,1,59
23594,p11745,1,17
23595,p11746,1,81
23597,p11747,1,12
23600,p11748,1,24
23603,p11749,1,87
23606,p11750,1,56
23607,p11751,1,35
23608,p11752,1,58
23609,p11753,1,14
23612,p11754,1,43
23615,p11755,1,49
23617,p11756,1,11
23618,p11757,1,92
23620,p11758,1,26
23623,p11759,1,70
23626,p11760,1,37
23627,p11761,1,67
23630,p11762,1,52
23631,p11763,1,71
23633,p11764,1,11
23636,p11765,1,68
23638,p11766,1,64
23640,p11767,1,32
23643,p11768,1,95
23646,p11769,1,59
23647,p11770,1,95
23650,p11771,1,25
23652,p11772,1,57
23655,p11773,1,91
23658,p11774,1,7
23661,p11775,1,20
23662,p11776,1,80
23665,p11777,1,44
23667,p11778,1,25
23668,p11779,1,9
23671,p11780,1,100
23672,p11781,1,52
23673,p11782,1,46
23675,p11783,1,25
23678,p11784,1,98
23681,p11785,1,61
23684,p11786,1,34
23685,p11787,1,75
23688,p11788,1,9
23691,p11789,1,57
23694,p11790,1,92
23696,p11791,1,84
23699,p11792,1,41
23702,p11793,1,75
23703,p11794,1,64
23705,p11795,1,53
23708,p11796,1,72
23711,p11797,1,68
23712,p11798,1,31
23714,p11799,1,6
23717,p11800,1,90
23718,p11801,1,27
23721,p11802,1,41
23724,p11803,1,97
23727,p11804,1,99
23729,p11805,1,40
23730,p11806,1,63
23731,p11807,1,62
23732,p11808,1,46
23735,p11809,1,58
23738,p11810,1,9
23740,p11811,1,44
23743,p11812,1,32
23744,p11813,1,59
23745,p11814,1,2
23747,p11815,1,77
23750,p11816,1,26
23752,p11817,1,57
23753,p11818,1,42
23754,p11819,1,9
23755,p11820,1,14
23757,p11821,1,11
23758,p11822,1,45
23760,p11823,1,9
23763,p11824,1,18
23764,p11825,1,26
23767,p11826,1,74
23768,p11827,1,40
23769,p11828,1,67
23772,p11829,1,44
23775,p11830,1,26
23776,p11831,1,52
23777,p11832,1,29
23778,p11833,1,45
23781,p11834,1,21
23784,p11835,1,84
23786,p11836,1,43
23789,p11837,1,74
23791,p11838,1,33
23793,p11839,1,73
23794,p11840,1,39
23797,p11841,1,42
23800,p11842,1,32
23802,p11843,1,95
23804,p11844,1,81
23805,p11845,1,20
23807,p11846,1,34
23809,p11847,1,5
23812,p11848,1,45
23813,p11849,1,76
23815,p11850,1,6
23816,p11851,1,95
23818,p11852,1,57
23820,p11853,1,68
23821,p11854,1,30
23822,p11855,1,39
23825,p11856,1,89
23826,p11857,1,63
23829,p11858,1,43
23830,p11859,1,24
23831,p11860,1,51
23832,p11861,1,70
23834,p11862,1,69
23837,p11863,1,74
23838,p11864,1,16
23839,p11865,1,62
23841,p11866,1,80
23842,p11867,1,30
23845,p11868,1,3
23846,p11869,1,81
23848,p11870,1,45
23849,p11871,1,42
23851,p11872,1,20
23853,p11873,1,8
23854,p11874,1,24
23856,p11875,1,58
23859,p11876,1,4
23862,p11877,1,91
23865,p11878,1,40
23867,p11879,1,60
23869,p11880,1,53
23871,p11881,1,6
23872,p11882,1,3
23874,p11883,1,54
23877,p11884,1,87
23879,p11885,1,47
23882,p11886,1,88
23885,p11887,1,38
23887,p11888,1,39
23889,p11889,1,67
23891,p11890,1,96
23893,p11891,1,50
23894,p11892,1,44
23895,p11893,1,53
23897,p11894,1,53
23899,p11895,1,58
23902,p11896,1,93
23904,p11897,1,73
23905,p11898,1,10
23907,p11899,1,3
23908,p11900,1,11
23909,p11901,1,29
23910,p11902,1,59
23912,p11903,1,69
23915,p11904,1,11
23917,p11905,1,73
23919,p11906,1,24
23920,p11907,1,65
23923,p11908,1,59
23925,p11909,1,70
23927,p11910,1,15
23928,p11911,1,57
23929,p11912,1,97
23930,p11913,1,55
23932,p11914,1,86
23934,p11915,1,21
23937,p11916,1,72
23940,p11917,1,54
23943,p11918,1,54
23944,p11919,1,30
23946,p11920,1,98
23947,p11921,1,4
23949,p11922,1,49
23951,p11923,1,91
23952,p11924,1,93
23953,p11925,1,10
23956,p11926,1,8
23958,p11927,1,11
23959,p11928,1,97
23962,p11929,1,63
23964,p11930,1,56
23967,p11931,1,49
23969,p11932,1,57
23971,p11933,1,35
23972,p11934,1,79
23973,p11935,1,43
23975,p11936,1,43
23977,p11937,1,16
23980,p11938,1,87
23982,p11939,1,39
23983,p11940,1,10
23984,p11941,1,62
23985,p11942,1,6
23987,p11943,1,72
23988,p11944,1,2
23990,p11945,1,3
23991,p11946,1,35
23994,p11947,1,15
23996,p11948,1,8
23999,p11949,1,61
24002,p11950,1,15
24004,p11951,1,52
24005,p11952,1,62
24006,p11953,1,28
24007,p11954,1,48
24009,p11955,1,27
24012,p11956,1,35
24014,p11957,1,36
24017,p11958,1,44
24020,p11959,1,86
24021,p11960,1,14
24022,p11961,1,51
24024,p11962,1,22
24026,p11963,1,61
24027,p11964,1,64
24029,p11965,1,91
24030,p11966,1,95
24031,p11967,1,82
24032,p11968,1,71
24033,p11969,1,77
24034,p11970,1,50
24036,p11971,1,54
24038,p11972,1,44
24040,p11973,1,89
24041,p11974,1,54
24042,p11975,1,97
24044,p11976,1,13
24047,p11977,1,30
24048,p11978,1,36
24049,p11979,1,94
24051,p11980,1,21
24053,p11981,1,39
24055,p11982,1,99
24056,p11983,1,53
24059,p11984,1,60
24062,p11985,1,77
24065,p11986,1,96
24068,p11987,1,40
24070,p11988,1,26
24071,p11989,1,80
24072,p11990,1,74
24074,p11991,1,92
24075,p11992,1,60
24077,p11993,1,63
24080,p11994,1,35
24083,p11995,1,52
24084,p11996,1,37
24087,p11997,1,32
24089,p11998,1,100
24091,p11999,1,30
24094,p12000,1,46
24096,p12001,1,56
24097,p12002,1,45
24098,p12003,1,40
24101,p12004,1,26
24104,p12005,1,67
24106,p12006,1,61
24108,p12007,1,93
24110,p12008,1,19
24111,p12009,1,8
24114,p12010,1,35
24116,p12011,1,100
24118,p12012,1,54
24121,p12013,1,79
24123,p12014,1,36
24125,p12015,1,24
24127,p12016,1,7
24128,p12017,1,45
24129,p12018,1,19
24130,p12019,1,11
24133,p12020,1,99
24135,p12021,1,57
24136,p12022,1,93
24138,p12023,1,3
24140,p12024,1,92
24143,p12025,1,90
24146,p12026,1,49
24147,p12027,1,38
24150,p12028,1,26
24152,p12029,1,62
24155,p12030,1,41
24157,p12031,1,76
24158,p12032,1,54
24161,p12033,1,39
24162,p12034,1,19
24164,p12035,1,14
24166,p12036,1,18
24169,p12037,1,100
24172,p12038,1,58
24173,p12039,1,58
24174,p12040,1,81
24177,p12041,1,76
24180,p12042,1,18
24183,p12043,1,44
24184,p12044,1,62
24187,p12045,1,29
24190,p12046,1,86
24193,p12047,1,55
24194,p12048,1,68
24197,p12049,1,15
24199,p12050,1,11
24200,p12051,1,98
24202,p12052,1,73
24204,p12053,1,42
24205,p12054,1,48
24208,p12055,1,89
24209,p12056,1,32
24212,p12057,1,53
24215,p12058,1,6
24217,p12059,1,9
24219,p12060,1,84
24221,p12061,1,28
24222,p12062,1,77
24225,p12063,1,74
24227,p12064,1,41
24228,p12065,1,17
24231,p12066,1,23
24232,p12067,1,88
24234,p12068,1,58
24235,p12069,1,29
24238,p12070,1,89
24241,p12071,1,90
24242,p12072,1,84
24243,p12073,1,61
24246,p12074,1,77
24247,p12075,1,86
24249,p12076,1,33
24250,p12077,1,58
24252,p12078,1,63
24255,p12079,1,79
24258,p12080,1,50
24259,p12081,1,65
24260,p12082,1,4
24262,p12083,1,71
24265,p12084,1,26
24268,p12085,1,94
24269,p12086,1,59
24272,p12087,1,99
24273,p12088,1,65
24276,p12089,1,18
24279,p12090,1,80
24282,p12091,1,10
24284,p12092,1,4
24285,p12093,1,78
24288,p12094,1,26
24290,p12095,1,89
24293,p12096,1,23
24295,p12097,1,44
24298,p12098,1,4
24301,p12099,1,52
24304,p12100,1,13
24307,p12101,1,61
24308,p12102,1,54
24311,p12103,1,30
24313,p12104,1,79
24314,p12105,1,24
24317,p12106,1,18
24318,p12107,1,11
24320,p12108,1,76
24321,p12109,1,98
24323,p12110,1,7
24324,p12111,1,57
24327,p12112,1,17
24329,p12113,1,51
24332,p12114,1,29
24333,p12115,1,76
24334,p12116,1,22
24337,p12117,1,61
24340,p12118,1,39
24341,p12119,1,66
24344,p12120,1,57
24347,p12121,1,25
24350,p12122,1,5
24353,p12123,1,39
24354,p12124,1,37
24357,p12125,1,46
24360,p12126,1,25
24361,p12127,1,78
24364,p12128,1,46
24366,p12129,1,27
24368,p12130,1,96
24371,p12131,1,15
24374,p12132,1,97
24377,p12133,1,71
24380,p12134,1,47
24383,p12135,1,31
24385,p12136,1,4
24387,p12137,1,3
24389,p12138,1,40
24392,p12139,1,48
24395,p12140,1,67
24396,p12141,1,59
24399,p12142,1,79
24400,p12143,1,42
24403,p12144,1,33
24406,p12145,1,87
24407,p12146,1,88
24409,p12147,1,96
24411,p12148,1,72
24412,p12149,1,32
24413,p12150,1,43
24414,p12151,1,87
24417,p12152,1,82
24419,p12153,1,58
24422,p12154,1,65
24424,p12155,1,65
24427,p12156,1,53
24428,p12157,1,59
24431,p12158,1,75
24432,p12159,1,89
24434,p12160,1,42
24437,p12161,1,31
24440,p12162,1,70
24442,p12163,1,92
24444,p12164,1,29
24447,p12165,1,51
24450,p12166,1,74
24452,p12167,1,95
24454,p12168,1,72
24456,p12169,1,41
24459,p12170,1,7
24462,p12171,1,7
24463,p12172,1,76
24465,p12173,1,57
24466,p12174,1,14
24469,p12175,1,58
24472,p12176,1,70
24473,p12177,1,2
24474,p12178,1,27
24475,p12179,1,94
24477,p12180,1,28
24479,p12181,1,39
24480,p12182,1,21
24481,p12183,1,86
24483,p12184,1,32
24486,p12185,1,18
24488,p12186,1,82
24489,p12187,1,37
24490,p12188,1,19
24492,p12189,1,3
24494,p12190,1,73
24495,p12191,1,14
24496,p12192,1,12
24497,p12193,1,24
24499,p12194,1,24
24500,p12195,1,56
24502,p12196,1,23
24505,p12197,1,8
24507,p12198,1,40
24509,p12199,1,15
24510,p12200,1,38
24513,p12201,1,57
24516,p12202,1,57
24518,p12203,1,50
24521,p12204,1,12
24523,p12205,1,58
24526,p12206,1,25
24527,p12207,1,27
24528,p12208,1,50
24529,p12209,1,69
24532,p12210,1,94
24534,p12211,1,92
24536,p12212,1,94
24537,p12213,1,25
24539,p12214,1,21
24542,p12215,1,50
24543,p12216,1,69
24545,p12217,1,5
24547,p12218,1,74
24549,p12219,1,40
24550,p12220,1,61
24553,p12221,1,47
24555,p12222,1,58
24558,p12223,1,4
24561,p12224,1,93
24562,p12225,1,91
24564,p12226,1,12
24567,p12227,1,64
24570,p12228,1,58
24572,p12229,1,74
24573,p12230,1,64
24575,p12231,1,49
24578,p12232,1,84
24579,p12233,1,83
24580,p12234,1,18
24581,p12235,1,66
24582,p12236,1,74
24583,p12237,1,93
24585,p12238,1,20
24587,p12239,1,94
24588,p12240,1,17
24591,p12241,1,56
24593,p12242,1,79
24594,p12243,1,16
24595,p12244,1,63
24598,p12245,1,25
24600,p12246,1,50
24601,p12247,1,88
24602,p12248,1,81
24605,p12249,1,76
24608,p12250,1,19
24609,p12251,1,93
24611,p12252,1,51
24613,p12253,1,88
24616,p12254,1,26
24618,p12255,1,40
24619,p12256,1,19
24622,p12257,1,37
24623,p12258,1,74
24626,p12259,1,15
24627,p12260,1,11
24628,p12261,1,77
24629,p12262,1,80
24630,p12263,1,14
24631,p12264,1,6
24633,p12265,1,84
24636,p12266,1,89
24637,p12267,1,23
24639,p12268,1,95
24641,p12269,1,75
24643,p12270,1,5
24644,p12271,1,70
24647,p12272,1,71
24648,p12273,1,55
24650,p12274,1,61
24653,p12275,1,41
24656,p12276,1,11
24657,p12277,1,13
24660,p12278,1,76
24661,p12279,1,62
24663,p12280,1,64
24665,p12281,1,91
24668,p12282,1,77
24669,p12283,1,6
24670,p12284,1,82
24671,p12285,1,58
24674,p12286,1,6
24677,p12287,1,7
24680,p12288,1,80
24683,p12289,1,83
24685,p12290,1,65
24686,p12291,1,26
24688,p12292,1,11
24691,p12293,1,98
24694,p12294,1,6
24697,p12295,1,27
24699,p12296,1,6
24702,p12297,1,99
24705,p12298,1,70
24708,p12299,1,80
24710,p12300,1,70
24711,p12301,1,78
24714,p12302,1,44
24717,p12303,1,51
24720,p12304,1,77
24723,p12305,1,17
24726,p12306,1,16
24727,p12307,1,40
24729,p12308,1,11
24732,p12309,1,71
24735,p12310,1,67
24738,p12311,1,84
24739,p12312,1,45
24740,p12313,1,79
24743,p12314,1,7
24745,p12315,1,63
24746,p12316,1,12
24749,p12317,1,80
24751,p12318,1,96
24752,p12319,1,39
24755,p12320,1,82
24757,p12321,1,52
24760,p12322,1,98
24763,p12323,1,45
24764,p12324,1,68
24765,p12325,1,42
24767,p12326,1,79
24770,p12327,1,88
24771,p12328,1,53
24773,p12329,1,63
24776,p12330,1,4
24778,p12331,1,91
24780,p12332,1,28
24783,p12333,1,32
24784,p12334,1,87
24786,p12335,1,46
24787,p12336,1,5
24790,p12337,1,81
24793,p12338,1,78
24795,p12339,1,18
24796,p12340,1,57
24798,p12341,1,3
24801,p12342,1,36
24804,p12343,1,46
24805,p12344,1,94
24807,p12345,1,87
24810,p12346,1,66
24811,p12347,1,51
24814,p12348,1,34
24817,p12349,1,42
24820,p12350,1,76
24823,p12351,1,90
24825,p12352,1,27
24826,p12353,1,50
24828,p12354,1,61
24829,p12355,1,12
24832,p12356,1,90
24833,p12357,1,41
24835,p12358,1,26
24836,p12359,1,15
24838,p12360,1,56
24839,p12361,1,57
24841,p12362,1,93
24843,p12363,1,31
24846,p12364,1,98
24847,p12365,1,85
24848,p12366,1,88
24851,p12367,1,40
24853,p12368,1,28
24855,p12369,1,13
24857,p12370,1,87
24858,p12371,1,5
24861,p12372,1,67
24863,p12373,1,54
24866,p12374,1,91
24867,p12375,1,39
24868,p12376,1,18
24870,p12377,1,87
24872,p12378,1,76
24874,p12379,1,31
24875,p12380,1,45
24876,p12381,1,72
24878,p12382,1,4
24879,p12383,1,64
24880,p12384,1,14
24881,p12385,1,36
24883,p12386,1,8
24884,p12387,1,16
24885,p12388,1,43
24886,p12389,1,26
24887,p12390,1,62
24890,p12391,1,91
24893,p12392,1,26
24895,p12393,1,87
24898,p12394,1,97
24899,p12395,1,57
24900,p12396,1,32
24902,p12397,1,28
24905,p12398,1,6
24907,p12399,1,90
24908,p12400,1,72
24911,p12401,1,15
24913,p12402,1,61
24914,p12403,1,93
24915,p12404,1,87
24917,p12405,1,66
24919,p12406,1,61
24922,p12407,1,70
24925,p12408,1,73
24927,p12409,1,50
24928,p12410,1,63
24930,p12411,1,85
24932,p12412,1,15
24934,p12413,1,79
24936,p12414,1,9
24937,p12415,1,44
24940,p12416,1,7
24943,p12417,1,31
24945,p12418,1,54
24948,p12419,1,56
24950,p12420,1,41
24953,p12421,1,90
24956,p12422,1,94
24957,p12423,1,49
24958,p12424,1,26
24960,p12425,1,99
24961,p12426,1,39
24962,p12427,1,23
24963,p12428,1,47
24965,p12429,1,53
24966,p12430,1,54
24967,p12431,1,76
24969,p12432,1,19
24972,p12433,1,10
24973,p12434,1,75
24976,p12435,1,8
24979,p12436,1,74
24981,p12437,1,5
24983,p12438,1,41
24984,p12439,1,20
24985,p12440,1,40
24987,p12441,1,48
24990,p12442,1,76
24993,p12443,1,56
24996,p12444,1,100
24999,p12445,1,54
25001,p12446,1,77
25004,p12447,1,6
25007,p12448,1,39
25010,p12449,1,11
25011,p12450,1,52
25012,p12451,1,10
25013,p12452,1,16
25016,p12453,1,86
25018,p12454,1,81
25021,p12455,1,64
25022,p12456,1,94
25024,p12457,1,19
25027,p12458,1,40
25030,p12459,1,66
25032,p12460,1,8
25033,p12461,1,79
25036,p12462,1,26
25039,p12463,1,75
25042,p12464,1,18
25045,p12465,1,59
25048,p12466,1,10
25051,p12467,1,90
25053,p12468,1,25
25054,p12469,1,99
25056,p12470,1,41
25059,p12471,1,66
25061,p12472,1,11
25064,p12473,1,29
25067,p12474,1,94
25070,p12475,1,52
25072,p12476,1,29
25075,p12477,1,21
25077,p12478,1,92
25080,p12479,1,53
25082,p12480,1,40
25085,p12481,1,53
25088,p12482,1,63
25090,p12483,1,44
25092,p12484,1,28
25093,p12485,1,5
25095,p12486,1,18
25098,p12487,1,34
25099,p12488,1,4
25100,p12489,1,95
25102,p12490,1,72
25103,p12491,1,11
25105,p12492,1,56
25107,p12493,1,18
25110,p12494,1,89
25112,p12495,1,59
25113,p12496,1,23
25115,p12497,1,34
25116,p12498,1,33
25118,p12499,1,46
25119,p12500,1,89
25121,p12501,1,32
25124,p12502,1,96
25125,p12503,1,21
25128,p12504,1,16
25129,p12505,1,100
25132,p12506,1,80
25133,p12507,1,10
25135,p12508,1,90
25136,p12509,1,84
25137,p12510,1,27
25140,p12511,1,89
25143,p12512,1,95
25146,p12513,1,88
25149,p12514,1,93
25152,p12515,1,63
25154,p12516,1,53
25155,p12517,1,37
25157,p12518,1,59
25159,p12519,1,41
25161,p12520,1,59
25163,p12521,1,16
25166,p12522,1,68
25168,p12523,1,29
25169,p12524,1,10
25170,p12525,1,7
25173,p12526,1,23
25175,p12527,1,47
25178,p12528,1,61
25179,p12529,1,67
25180,p12530,1,29
25181,p12531,1,32
25183,p12532,1,91
25185,p12533,1,77
25187,p12534,1,59
25190,p12535,1,71
25192,p12536,1,97
25195,p12537,1,22
25198,p12538,1,73
25200,p12539,1,51
25203,p12540,1,62
25205,p12541,1,32
25206,p12542,1,6
25207,p12543,1,39
25209,p12544,1,75
25210,p12545,1,25
25211,p12546,1,74
25214,p12547,1,80
25215,p12548,1,88
25216,p12549,1,48
25219,p12550,1,84
25221,p12551,1,36
25223,p12552,1,43
25226,p12553,1,84
25228,p12554,1,84
25230,p12555,1,48
25231,p12556,1,51
25232,p12557,1,63
25233,p12558,1,61
25235,p12559,1,49
25238,p12560,1,61
25240,p12561,1,78
25242,p12562,1,63
25245,p12563,1,7
25246,p12564,1,90
25248,p12565,1,26
25249,p12566,1,32
25251,p12567,1,98
25252,p12568,1,100
25253,p12569,1,89
25254,p12570,1,66
25257,p12571,1,12
25258,p12572,1,23
25260,p12573,1,31
25261,p12574,1,46
25263,p12575,1,97
25266,p12576,1,28
25267,p12577,1,76
25268,p12578,1,43
25269,p12579,1,24
25271,p12580,1,46
25272,p12581,1,7
25273,p12582,1,58
25275,p12583,1,38
25277,p12584,1,61
25279,p12585,1,88
25281,p12586,1,16
25283,p12587,1,81
25285,p12588,1,80
25286,p12589,1,19
25289,p12590,1,69
25290,p12591,1,78
25293,p12592,1,67
25294,p12593,1,77
25297,p12594,1,4
25300,p12595,1,48
25301,p12596,1,100
25304,p12597,1,9
25306,p12598,1,44
25309,p12599,1,52
25312,p12600,1,58
25315,p12601,1,29
25318,p12602,1,86
25321,p12603,1,10
25324,p12604,1,49
25327,p12605,1,65
25329,p12606,1,35
25331,p12607,1,82
25334,p12608,1,29
25337,p12609,1,30
25340,p12610,1,16
25342,p12611,1,86
25345,p12612,1,89
25348,p12613,1,25
25351,p12614,1,95
25352,p12615,1,24
25354,p12616,1,30
25355,p12617,1,91
25358,p12618,1,65
25359,p12619,1,14
25360,p12620,1,9
25362,p12621,1,99
25365,p12622,1,61
25368,p12623,1,21
25369,p12624,1,81
25370,p12625,1,16
25371,p12626,1,100
25373,p12627,1,96
25376,p12628,1,65
25377,p12629,1,93
25378,p12630,1,80
25379,p12631,1,22
25381,p12632,1,46
25384,p12633,1,45
25386,p12634,1,33
25389,p12635,1,41
25391,p12636,1,71
25392,p12637,1,32
25394,p12638,1,99
25395,p12639,1,99
25396,p12640,1,13
25399,p12641,1,4
25401,p12642,1,57
25404,p12643,1,75
25407,p12644,1,100
25408,p12645,1,13
25409,p12646,1,68
25412,p12647,1,50
25413,p12648,1,70
25414,p12649,1,3
25415,p12650,1,62
25416,p12651,1,51
25419,p12652,1,15
25420,p12653,1,61
25421,p12654,1,86
25424,p12655,1,31
25426,p12656,1,34
25427,p12657,1,72
25430,p12658,1,9
25433,p12659,1,13
25434,p12660,1,99
25437,p12661,1,55
25440,p12662,1,48
25443,p12663,1,34
25446,p12664,1,85
25449,p12665,1,57
25451,p12666,1,96
25454,p12667,1,42
25457,p12668,1,56
25460,p12669,1,78
25461,p12670,1,52
25462,p12671,1,69
25463,p12672,1,53
25464,p12673,1,38
25467,p12674,1,44
25468,p12675,1,21
25470,p12676,1,53
25471,p12677,1,37
25473,p12678,1,79
25475,p12679,1,89
25478,p12680,1,99
25481,p12681,1,32
25482,p12682,1,39
25485,p12683,1,14
25487,p12684,1,96
25490,p12685,1,92
25493,p12686,1,39
25496,p12687,1,49
25498,p12688,1,66
25500,p12689,1,67
25503,p12690,1,48
25506,p12691,1,16
25509,p12692,1,25
25510,p12693,1,47
25511,p12694,1,99
25512,p12695,1,43
25513,p12696,1,54
25515,p12697,1,90
25517,p12698,1,68
25520,p12699,1,74
25521,p12700,1,13
25524,p12701,1,98
25527,p12702,1,25
25529,p12703,1,65
25530,p12704,1,45
25531,p12705,1,15
25532,p12706,1,49
25535,p12707,1,64
25536,p12708,1,51
25537,p12709,1,51
25539,p12710,1,45
25540,p12711,1,73
25542,p12712,1,62
25545,p12713,1,42
25548,p12714,1,15
25550,p12715,1,19
25551,p12716,1,30
25553,p12717,1,76
25555,p12718,1,88
25558,p12719,1,62
25559,p12720,1,18
25560,p12721,1,10
25562,p12722,1,78
25565,p12723,1,83
25568,p12724,1,81
25569,p12725,1,87
25571,p12726,1,31
25572,p12727,1,32
25574,p12728,1,81
25576,p12729,1,74
25579,p12730,1,28
25582,p12731,1,32
25585,p12732,1,42
25587,p12733,1,23
25588,p12734,1,9
25591,p12735,1,56
25594,p12736,1,65
25597,p12737,1,29
25599,p12738,1,30
25600,p12739,1,74
25601,p12740,1,13
25603,p12741,1,39
25606,p12742,1,96
25609,p12743,1,77
25610,p12744,1,13
25612,p12745,1,40
25613,p12746,1,17
25615,p12747,1,67
25617,p12748,1,55
25620,p12749,1,52
25622,p12750,1,45
25623,p12751,1,57
25625,p12752,1,41
25627,p12753,1,38
25628,p12754,1,52
25629,p12755,1,66
25630,p12756,1,63
25631,p12757,1,57
25634,p12758,1,34
25635,p12759,1,52
25637,p12760,1,87
25640,p12761,1,44
25643,p12762,1,49
25645,p12763,1,74
25646,p12764,1,81
25647,p12765,1,21
25650,p12766,1,53
25653,p12767,1,53
25655,p12768,1,59
25656,p12769,1,69
25657,p12770,1,85
25660,p12771,1,68
25662,p12772,1,90
25664,p12773,1,57
25665,p12774,1,11
25667,p12775,1,40
25668,p12776,1,24
25671,p12777,1,79
25674,p12778,1,74
25675,p12779,1,51
25677,p12780,1,34
25679,p12781,1,64
25682,p12782,1,70
25684,p12783,1,27
25685,p12784,1,24
25686,p12785,1,21
25688,p12786,1,100
25689,p12787,1,36
25692,p12788,1,55
25693,p12789,1,82
25695,p12790,1,24
25696,p12791,1,24
25698,p12792,1,48
25700,p12793,1,48
25701,p12794,1,78
25704,p12795,1,43
25706,p12796,1,32
25707,p12797,1,23
25710,p12798,1,53
25712,p12799,1,26
25714,p12800,1,42
25716,p12801,1,26
25719,p12802,1,83
25720,p12803,1,57
25722,p12804,1,91
25723,p12805,1,77
25725,p12806,1,67
25726,p12807,1,15
25728,p12808,1,63
25731,p12809,1,65
25733,p12810,1,96
25734,p12811,1,74
25737,p12812,1,99
25740,p12813,1,79
25741,p12814,1,4
25743,p12815,1,23
25744,p12816,1,34
25746,p12817,1,61
25747,p12818,1,12
25749,p12819,1,73
25750,p12820,1,93
25753,p12821,1,64
25755,p12822,1,95
25758,p12823,1,93
25760,p12824,1,42
25761,p12825,1,67
25763,p12826,1,57
25764,p12827,1,95
25767,p12828,1,36
25768,p12829,1,75
25771,p12830,1,22
25772,p12831,1,29
25774,p12832,1,13
25776,p12833,1,16
25779,p12834,1,88
25781,p12835,1,95
25783,p12836,1,28
25784,p12837,1,83
25787,p12838,1,73
25788,p12839,1,45
25790,p12840,1,6
25793,p12841,1,5
25794,p12842,1,55
25796,p12843,1,37
25797,p12844,1,34
25799,p12845,1,78
25800,p12846,1,81
25801,p12847,1,54
25804,p12848,1,10
25806,p12849,1,68
25809,p12850,1,3
25812,p12851,1,76
25815,p12852,1,7
25817,p12853,1,12
25820,p12854,1,94
25822,p12855,1,30
25824,p12856,1,20
25826,p12857,1,40
25827,p12858,1,11
25830,p12859,1,43
25832,p12860,1,100
25834,p12861,1,38
25837,p12862,1,75
25838,p12863,1,56
25841,p12864,1,60
25842,p12865,1,32
25843,p12866,1,62
25844,p12867,1,39
25847,p12868,1,43
25850,p12869,1,76
25852,p12870,1,82
25855,p12871,1,71
25858,p12872,1,26
25861,p12873,1,13
25863,p12874,1,90
25866,p12875,1,4
25868,p12876,1,39
25869,p12877,1,15
25872,p12878,1,69
25875,p12879,1,74
25876,p12880,1,59
25878,p12881,1,25
25879,p12882,1,55
25881,p12883,1,28
25882,p12884,1,8
25884,p12885,1,37
25886,p12886,1,63
25888,p12887,1,62
25891,p12888,1,73
25894,p12889,1,32
25895,p12890,1,35
25896,p12891,1,99
25899,p12892,1,36
25902,p12893,1,78
25903,p12894,1,85
25906,p12895,1,79
25908,p12896,1,74
25909,p12897,1,27
25911,p12898,1,17
25913,p12899,1,51
25915,p12900,1,89
25917,p12901,1,48
25920,p12902,1,83
25923,p12903,1,44
25924,p12904,1,57
25926,p12905,1,79
25927,p12906,1,50
25930,p12907,1,23
25931,p12908,1,72
25933,p12909,1,44
25934,p12910,1,42
25937,p12911,1,70
25938,p12912,1,81
25941,p12913,1,19
25942,p12914,1,97
25944,p12915,1,29
25946,p12916,1,26
25949,p12917,1,55
25952,p12918,1,48
25953,p12919,1,65
25956,p12920,1,11
25958,p12921,1,46
25959,p12922,1,81
25962,p12923,1,60
25963,p12924,1,6
25966,p12925,1,42
25968,p12926,1,62
25969,p12927,1,33
25972,p12928,1,51
25975,p12929,1,82
25977,p12930,1,28
25979,p12931,1,56
25982,p12932,1,93
25985,p12933,1,44
25988,p12934,1,71
25989,p12935,1,16
25990,p12936,1,9
25993,p12937,1,38
25996,p12938,1,5
25999,p12939,1,55
26000,p12940,1,53
26003,p12941,1,44
26004,p12942,1,51
26005,p12943,1,29
26008,p12944,1,56
26010,p12945,1,70
26013,p12946,1,58
26015,p12947,1,56
26016,p12948,1,29
26017,p12949,1,46
26019,p12950,1,47
26022,p12951,1,50
26025,p12952,1,33
26026,p12953,1,44
26028,p12954,1,6
26030,p12955,1,46
26033,p12956,1,53
26034,p12957,1,59
26037,p12958,1,12
26040,p12959,1,26
26042,p12960,1,99
26045,p12961,1,98
26046,p12962,1,34
26047,p12963,1,73
26049,p12964,1,76
26050,p12965,1,27
26052,p12966,1,72
26055,p12967,1,94
26058,p12968,1,45
26060,p12969,1,31
26063,p12970,1,11
26064,p12971,1,81
26067,p12972,1,6
26069,p12973,1,19
26071,p12974,1,42
26073,p12975,1,27
26075,p12976,1,33
26076,p12977,1,46
26078,p12978,1,96
26079,p12979,1,53
26080,p12980,1,23
26081,p12981,1,51
26083,p12982,1,99
26084,p12983,1,48
26086,p12984,1,70
26089,p12985,1,56
26092,p12986,1,26
26094,p12987,1,2
26096,p12988,1,16
26097,p12989,1,38
26100,p12990,1,4
26101,p12991,1,92
26103,p12992,1,12
26106,p12993,1,56
26108,p12994,1,39
26109,p12995,1,48
26112,p12996,1,31
26114,p12997,1,37
26115,p12998,1,88
26116,p12999,1,13
26118,p13000,1,53
26121,p13001,1,94
26122,p13002,1,65
26125,p13003,1,86
26128,p13004,1,36
26129,p13005,1,59
26131,p13006,1,49
26133,p13007,1,21
26136,p13008,1,76
26137,p13009,1,13
26140,p13010,1,63
26142,p13011,1,18
26144,p13012,1,25
26146,p13013,1,33
26148,p13014,1,63
26149,p13015,1,39
26150,p13016,1,35
26153,p13017,1,83
26156,p13018,1,31
26158,p13019,1,56
26159,p13020,1,93
26160,p13021,1,8
26161,p13022,1,92
26163,p13023,1,72
26165,p13024,1,39
26168,p13025,1,89
26169,p13026,1,79
26171,p13027,1,4
26172,p13028,1,95
26174,p13029,1,73
26175,p13030,1,37
26177,p13031,1,15
26178,p13032,1,27
26181,p13033,1,49
26184,p13034,1,16
26185,p13035,1,55
26186,p13036,1,29
26189,p13037,1,82
26192,p13038,1,24
26193,p13039,1,96
26195,p13040,1,98
26196,p13041,1,25
26197,p13042,1,63
26198,p13043,1,59
26200,p13044,1,97
26203,p13045,1,40
26204,p13046,1,54
26207,p13047,1,43
26208,p13048,1,4
26210,p13049,1,60
26213,p13050,1,25
26216,p13051,1,44
26218,p13052,1,5
26221,p13053,1,68
26224,p13054,1,52
26225,p13055,1,20
26226,p13056,1,49
26228,p13057,1,46
26230,p13058,1,36
26231,p13059,1,19
26234,p13060,1,79
26235,p13061,1,17
26238,p13062,1,99
26240,p13063,1,49
26241,p13064,1,34
26244,p13065,1,20
26246,p13066,1,7
26247,p13067,1,56
26248,p13068,1,95
26250,p13069,1,79
26251,p13070,1,31
26252,p13071,1,89
26255,p13072,1,72
26257,p13073,1,30
26259,p13074,1,45
26261,p13075,1,22
26263,p13076,1,22
26266,p13077,1,31
26268,p13078,1,46
26271,p13079,1,62
26274,p13080,1,85
26276,p13081,1,29
26279,p13082,1,43
26280,p13083,1,5
26283,p13084,1,100
26284,p13085,1,22
26286,p13086,1,71
26289,p13087,1,66
26291,p13088,1,81
26292,p13089,1,21
26295,p13090,1,99
26297,p13091,1,79
26299,p13092,1,33
26302,p13093,1,53
26304,p13094,1,29
26305,p13095,1,2
26307,p13096,1,92
26309,p13097,1,56
26312,p13098,1,19
26314,p13099,1,72
26317,p13100,1,38
26319,p13101,1,82
26322,p13102,1,79
26323,p13103,1,97
26326,p13104,1,100
26328,p13105,1,97
26330,p13106,1,14
26333,p13107,1,35
26335,p13108,1,14
26338,p13109,1,35
26341,p13110,1,39
26343,p13111,1,92
26346,p13112,1,55
26348,p13113,1,3
26349,p13114,1,85
26352,p13115,1,80
26355,p13116,1,77
26357,p13117,1,12
26359,p13118,1,35
26360,p13119,1,56
26363,p13120,1,98
26365,p13121,1,66
26367,p13122,1,62
26369,p13123,1,45
26372,p13124,1,9
26375,p13125,1,34
26376,p13126,1,98
26379,p13127,1,5
26382,p13128,1,18
26385,p13129,1,94
26387,p13130,1,13
26389,p13131,1,56
26392,p13132,1,91
26393,p13133,1,17
26396,p13134,1,18
26397,p13135,1,71
26398,p13136,1,79
26399,p13137,1,30
26401,p13138,1,86
26404,p13139,1,9
26406,p13140,1,14
26407,p13141,1,3
26409,p13142,1,77
26411,p13143,1,71
26412,p13144,1,48
26414,p13145,1,72
26417,p13146,1,52
26420,p13147,1,47
26421,p13148,1,30
26424,p13149,1,26
26426,p13150,1,12
26429,p13151,1,57
26432,p13152,1,83
26435,p13153,1,25
26436,p13154,1,41
26437,p13155,1,57
26440,p13156,1,39
26443,p13157,1,94
26444,p13158,1,45
26445,p13159,1,94
26448,p13160,1,54
26449,p13161,1,7
26452,p13162,1,55
26453,p13163,1,60
26455,p13164,1,91
26457,p13165,1,37
26460,p13166,1,68
26461,p13167,1,23
26462,p13168,1,74
26463,p13169,1,56
26464,p13170,1,84
26466,p13171,1,94
26469,p13172,1,83
26471,p13173,1,21
26472,p13174,1,86
26473,p13175,1,9
26476,p13176,1,17
26477,p13177,1,19
26480,p13178,1,69
26483,p13179,1,46
26486,p13180,1,17
26488,p13181,1,84
26491,p13182,1,78
26492,p13183,1,82
26494,p13184,1,85
26496,p13185,1,94
26498,p13186,1,98
26501,p13187,1,39
26503,p13188,1,27
26505,p13189,1,86
26506,p13190,1,29
26507,p13191,1,30
26509,p13192,1,65
26511,p13193,1,94
26512,p13194,1,46
26515,p13195,1,81
26517,p13196,1,92
26519,p13197,1,23
26522,p13198,1,70
26524,p13199,1,23
26525,p13200,1,48
26526,p13201,1,86
26529,p13202,1,10
26530,p13203,1,16
26531,p13204,1,66
26533,p13205,1,54
26536,p13206,1,99
26539,p13207,1,29
26542,p13208,1,37
26543,p13209,1,45
26546,p13210,1,88
26548,p13211,1,37
26551,p13212,1,33
26553,p13213,1,63
26556,p13214,1,25
26558,p13215,1,83
26561,p13216,1,27
26562,p13217,1,94
26563,p13218,1,28
26566,p13219,1,81
26569,p13220,1,17
26572,p13221,1,48
26574,p13222,1,18
26575,p13223,1,90
26578,p13224,1,67
26579,p13225,1,22
26582,p13226,1,77
26583,p13227,1,35
26585,p13228,1,39
26586,p13229,1,7
26588,p13230,1,14
26589,p13231,1,12
26592,p13232,1,52
26594,p13233,1,64
26595,p13234,1,55
26598,p13235,1,89
26601,p13236,1,95
26602,p13237,1,72
26604,p13238,1,34
26607,p13239,1,84
26608,p13240,1,15
26609,p13241,1,25
26612,p13242,1,6
26614,p13243,1,23
26615,p13244,1,60
26616,p13245,1,73
26619,p13246,1,86
26620,p13247,1,5
26621,p13248,1,74
26624,p13249,1,62
26627,p13250,1,62
26628,p13251,1,54
26631,p13252,1,54
26634,p13253,1,100
26636,p13254,1,68
26639,p13255,1,44
26640,p13256,1,32
26642,p13257,1,30
26645,p13258,1,3
26646,p13259,1,88
26647,p13260,1,62
26649,p13261,1,56
26650,p13262,1,78
26651,p13263,1,39
26653,p13264,1,61
26655,p13265,1,21
26657,p13266,1,77
26659,p13267,1,44
26660,p13268,1,29
26663,p13269,1,30
26665,p13270,1,66
26667,p13271,1,85
26669,p13272,1,64
26672,p13273,1,5
26674,p13274,1,22
26675,p13275,1,69
26678,p13276,1,82
26681,p13277,1,5
26682,p13278,1,63
26683,p13279,1,72
26686,p13280,1,32
26687,p13281,1,81
26690,p13282,1,40
26692,p13283,1,51
26693,p13284,1,99
26695,p13285,1,28
26697,p13286,1,69
26698,p13287,1,70
26699,p13288,1,28
26700,p13289,1,30
26702,p13290,1,54
26705,p13291,1,8
26707,p13292,1,39
26708,p13293,1,63
26709,p13294,1,16
26712,p13295,1,21
26714,p13296,1,43
26715,p13297,1,9
26716,p13298,1,86
26717,p13299,1,30
26719,p13300,1,96
26721,p13301,1,22
26724,p13302,1,86
26726,p13303,1,39
26728,p13304,1,30
26730,p13305,1,53
26732,p13306,1,41
26734,p13307,1,81
26736,p13308,1,63
26739,p13309,1,94
26741,p13310,1,91
26742,p13311,1,67
26745,p13312,1,47
26746,p13313,1,10
26749,p13314,1,53
26752,p13315,1,34
26755,p13316,1,72
26758,p13317,1,64
26759,p13318,1,62
26760,p13319,1,5
26762,p13320,1,23
26764,p13321,1,75
26767,p13322,1,30
26768,p13323,1,38
26770,p13324,1,15
26773,p13325,1,24
26776,p13326,1,53
26778,p13327,1,60
26781,p13328,1,41
26782,p13329,1,79
26784,p13330,1,56
26787,p13331,1,88
26789,p13332,1,97
26791,p13333,1,23
26792,p13334,1,3
26793,p13335,1,51
26796,p13336,1,57
26799,p13337,1,14
26800,p13338,1,34
26801,p13339,1,27
26803,p13340,1,12
26804,p13341,1,92
26807,p13342,1,94
26809,p13343,1,28
26812,p13344,1,55
26815,p13345,1,39
26818,p13346,1,52
26821,p13347,1,36
26824,p13348,1,54
26826,p13349,1,86
26827,p13350,1,96
26828,p13351,1,49
26830,p13352,1,56
26833,p13353,1,64
26835,p13354,1,51
26836,p13355,1,99
26839,p13356,1,79
26842,p13357,1,93
26844,p13358,1,32
26846,p13359,1,92
26848,p13360,1,21
26849,p13361,1,34
26851,p13362,1,67
26852,p13363,1,51
26854,p13364,1,20
26856,p13365,1,62
26859,p13366,1,79
26860,p13367,1,90
26862,p13368,1,21
26864,p13369,1,49
26866,p13370,1,74
26868,p13371,1,56
26871,p13372,1,28
26872,p13373,1,100
26875,p13374,1,57
26877,p13375,1,81
26879,p13376,1,53
26881,p13377,1,95
26882,p13378,1,46
26883,p13379,1,64
26885,p13380,1,7
26887,p13381,1,45
26890,p13382,1,46
26893,p13383,1,98
26896,p13384,1,68
26899,p13385,1,100
26900,p13386,1,91
26902,p13387,1,55
26904,p13388,1,85
26906,p13389,1,2
26907,p13390,1,54
26910,p13391,1,9
26911,p13392,1,49
26912,p13393,1,2
26915,p13394,1,13
26916,p13395,1,59
26917,p13396,1,98
26918,p13397,1,75
26919,p13398,1,46
26922,p13399,1,14
26924,p13400,1,69
26927,p13401,1,55
26928,p13402,1,47
26931,p13403,1,48
26934,p13404,1,82
26935,p13405,1,72
26937,p13406,1,87
26938,p13407,1,89
26941,p13408,1,73
26942,p13409,1,96
26943,p13410,1,10
26944,p13411,1,50
26945,p13412,1,38
26947,p13413,1,65
26949,p13414,1,83
26950,p13415,1,89
26953,p13416,1,96
26956,p13417,1,80
26957,p13418,1,51
26960,p13419,1,11
26961,p13420,1,25
26962,p13421,1,85
26965,p13422,1,41
26966,p13423,1,68
26968,p13424,1,82
26971,p13425,1,38
26974,p13426,1,88
26976,p13427,1,8
26977,p13428,1,34
26979,p13429,1,27
26981,p13430,1,99
26984,p13431,1,82
26986,p13432,1,87
26987,p13433,1,34
26988,p13434,1,6
26991,p13435,1,4
26994,p13436,1,13
26997,p13437,1,38
27000,p13438,1,53
27001,p13439,1,5
27002,p13440,1,16
27005,p13441,1,95
27006,p13442,1,4
27008,p13443,1,36
27010,p13444,1,31
27013,p13445,1,15
27014,p13446,1,29
27016,p13447,1,56
27019,p13448,1,6
27022,p13449,1,44
27025,p13450,1,41
27028,p13451,1,17
27030,p13452,1,2
27031,p13453,1,23
27033,p13454,1,82
27034,p13455,1,2
27037,p13456,1,99
27040,p13457,1,64
27041,p13458,1,66
27043,p13459,1,5
27044,p13460,1,48
27046,p13461,1,8
27049,p13462,1,83
27052,p13463,1,65
27055,p13464,1,8
27057,p13465,1,92
27059,p13466,1,74
27060,p13467,1,32
27063,p13468,1,48
27065,p13469,1,67
27067,p13470,1,35
27068,p13471,1,4
27070,p13472,1,19
27072,p13473,1,67
27074,p13474,1,14
27076,p13475,1,71
27077,p13476,1,13
27079,p13477,1,44
27081,p13478,1,35
27082,p13479,1,75
27084,p13480,1,29
27085,p13481,1,77
27087,p13482,1,39
27089,p13483,1,86
27090,p13484,1,12
27093,p13485,1,23
27094,p13486,1,79
27095,p13487,1,63
27096,p13488,1,10
27099,p13489,1,69
27102,p13490,1,89
27105,p13491,1,66
27106,p13492,1,26
27108,p13493,1,69
27111,p13494,1,84
27112,p13495,1,94
27113,p13496,1,16
27114,p13497,1,79
27115,p13498,1,55
27116,p13499,1,30
27118,p13500,1,36
27121,p13501,1,48
27124,p13502,1,61
27125,p13503,1,93
27126,p13504,1,56
27129,p13505,1,60
27130,p13506,1,45
27131,p13507,1,74
27134,p13508,1,56
27136,p13509,1,66
27138,p13510,1,27
27141,p13511,1,55
27142,p13512,1,81
27144,p13513,1,77
27145,p13514,1,47
27148,p13515,1,43
27151,p13516,1,48
27154,p13517,1,48
27157,p13518,1,55
27160,p13519,1,70
27161,p13520,1,91
27162,p13521,1,24
27165,p13522,1,48
27168,p13523,1,93
27171,p13524,1,90
27173,p13525,1,31
27176,p13526,1,32
27179,p13527,1,9
27181,p13528,1,65
27184,p13529,1,60
27187,p13530,1,92
27188,p13531,1,95
27190,p13532,1,36
27192,p13533,1,54
27194,p13534,1,57
27196,p13535,1,100
27199,p13536,1,36
27202,p13537,1,15
27205,p13538,1,16
27208,p13539,1,25
27210,p13540,1,79
27213,p13541,1,69
27215,p13542,1,91
27217,p13543,1,43
27219,p13544,1,68
27222,p13545,1,97
27225,p13546,1,51
27226,p13547,1,90
27229,p13548,1,8
27232,p13549,1,27
27234,p13550,1,44
27237,p13551,1,40
27240,p13552,1,2
27241,p13553,1,90
27244,p13554,1,48
27247,p13555,1,46
27249,p13556,1,37
27250,p13557,1,88
27252,p13558,1,35
27255,p13559,1,93
27258,p13560,1,62
27260,p13561,1,66
27261,p13562,1,22
27264,p13563,1,77
27267,p13564,1,44
27269,p13565,1,21
27270,p13566,1,52
27273,p13567,1,68
27274,p13568,1,98
27277,p13569,1,75
27279,p13570,1,11
27281,p13571,1,42
27284,p13572,1,40
27286,p13573,1,95
27287,p13574,1,70
27288,p13575,1,42
27291,p13576,1,79
27292,p13577,1,44
27294,p13578,1,100
27297,p13579,1,95
27298,p13580,1,58
27301,p13581,1,82
27302,p13582,1,4
27303,p13583,1,89
27305,p13584,1,64
27306,p13585,1,34
27309,p13586,1,29
27310,p13587,1,76
27312,p13588,1,63
27314,p13589,1,89
27316,p13590,1,81
27318,p13591,1,93
27319,p13592,1,3
27322,p13593,1,23
27323,p13594,1,31
27325,p13595,1,3
27328,p13596,1,80
27331,p13597,1,22
27333,p13598,1,91
27336,p13599,1,13
27339,p13600,1,72
27340,p13601,1,21
27343,p13602,1,24
27346,p13603,1,76
27347,p13604,1,77
27349,p13605,1,34
27352,p13606,1,75
27355,p13607,1,43
27358,p13608,1,37
27359,p13609,1,23
27362,p13610,1,27
27364,p13611,1,90
27367,p13612,1,24
27370,p13613,1,22
27372,p13614,1,71
27375,p13615,1,99
27378,p13616,1,39
27380,p13617,1,19
27382,p13618,1,42
27385,p13619,1,45
27386,p13620,1,21
27388,p13621,1,90
27389,p13622,1,46
27390,p13623,1,40
27393,p13624,1,84
27396,p13625,1,70
27399,p13626,1,96
27400,p13627,1,51
27402,p13628,1,19
27405,p13629,1,67
27406,p13630,1,52
27409,p13631,1,92
27410,p13632,1,9
27411,p13633,1,11
27414,p13634,1,29
27416,p13635,1,56
27419,p13636,1,35
27421,p13637,1,47
27423,p13638,1,35
27424,p13639,1,55
27426,p13640,1,7
27427,p13641,1,41
27430,p13642,1,94
27431,p13643,1,64
27432,p13644,1,29
27434,p13645,1,11
27436,p13646,1,96
27437,p13647,1,82
27440,p13648,1,48
27443,p13649,1,13
27446,p13650,1,61
27448,p13651,1,50
27451,p13652,1,75
27453,p13653,1,53
27456,p13654,1,100
27457,p13655,1,45
27459,p13656,1,76
27462,p13657,1,15
27463,p13658,1,48
27464,p13659,1,60
27466,p13660,1,46
27467,p13661,1,68
27470,p13662,1,33
27472,p13663,1,59
27473,p13664,1,56
27475,p13665,1,48
27478,p13666,1,7
27479,p13667,1,37
27482,p13668,1,28
27483,p13669,1,10
27484,p13670,1,9
27486,p13671,1,6
27488,p13672,1,39
27491,p13673,1,44
27494,p13674,1,23
27496,p13675,1,2
27499,p13676,1,61
27502,p13677,1,16
27503,p13678,1,9
27504,p13679,1,72
27506,p13680,1,55
27507,p13681,1,71
27509,p13682,1,100
27512,p13683,1,13
27515,p13684,1,39
27517,p13685,1,35
27519,p13686,1,69
27521,p13687,1,79
27523,p13688,1,99
27525,p13689,1,67
27528,p13690,1,8
27530,p13691,1,61
27531,p13692,1,45
27532,p13693,1,7
27535,p13694,1,21
27537,p13695,1,48
27540,p13696,1,37
27541,p13697,1,60
27543,p13698,1,36
27545,p13699,1,55
27548,p13700,1,85
27551,p13701,1,97
27552,p13702,1,99
27554,p13703,1,19
27556,p13704,1,100
27559,p13705,1,69
27561,p13706,1,39
27562,p13707,1,69
27565,p13708,1,33
27567,p13709,1,33
27568,p13710,1,25
27570,p13711,1,17
27571,p13712,1,49
27573,p13713,1,15
27576,p13714,1,2
27578,p13715,1,23
27579,p13716,1,78
27581,p13717,1,74
27583,p13718,1,70
27585,p13719,1,82
27587,p13720,1,93
27590,p13721,1,63
27593,p13722,1,48
27594,p13723,1,59
27595,p13724,1,72
27598,p13725,1,36
27600,p13726,1,12
27601,p13727,1,39
27604,p13728,1,52
27607,p13729,1,24
27608,p13730,1,31
27610,p13731,1,76
27612,p13732,1,24
27615,p13733,1,39
27616,p13734,1,82
27618,p13735,1,44
27621,p13736,1,56
27622,p13737,1,94
27623,p13738,1,36
27625,p13739,1,88
27628,p13740,1,31
27630,p13741,1,8
27631,p13742,1,40
27632,p13743,1,98
27633,p13744,1,30
27635,p13745,1,37
27637,p13746,1,35
27639,p13747,1,83
27640,p13748,1,86
27642,p13749,1,6
27645,p13750,1,38
27647,p13751,1,76
27648,p13752,1,52
27649,p13753,1,50
27652,p13754,1,64
27653,p13755,1,26
27655,p13756,1,57
27656,p13757,1,100
27657,p13758,1,23
27660,p13759,1,75
27663,p13760,1,97
27665,p13761,1,30
27667,p13762,1,61
27669,p13763,1,48
27672,p13764,1,36
27674,p13765,1,25
27675,p13766,1,70
27677,p13767,1,40
27678,p13768,1,62
27680,p13769,1,3
27683,p13770,1,84
27686,p13771,1,64
27688,p13772,1,42
27690,p13773,1,66
27693,p13774,1,44
27695,p13775,1,61
27698,p13776,1,78
27701,p13777,1,29
27703,p13778,1,67
27705,p13779,1,13
27708,p13780,1,2
27711,p13781,1,58
27714,p13782,1,70
27716,p13783,1,45
27719,p13784,1,92
27720,p13785,1,3
27722,p13786,1,52
27725,p13787,1,11
27727,p13788,1,14
27728,p13789,1,78
27731,p13790,1,20
27734,p13791,1,11
27735,p13792,1,47
27738,p13793,1,88
27741,p13794,1,43
27742,p13795,1,5
27745,p13796,1,74
27748,p13797,1,47
27750,p13798,1,67
27751,p13799,1,2
27752,p13800,1,90
27754,p13801,1,83
27756,p13802,1,95
27759,p13803,1,66
27761,p13804,1,89
27763,p13805,1,48
27766,p13806,1,31
27768,p13807,1,46
27770,p13808,1,19
27773,p13809,1,87
27775,p13810,1,33
27776,p13811,1,97
27778,p13812,1,97
27780,p13813,1,8
27783,p13814,1,97
27784,p13815,1,59
27785,p13816,1,58
27786,p13817,1,71
27788,p13818,1,45
27789,p13819,1,31
27790,p13820,1,60
27793,p13821,1,73
27794,p13822,1,31
27795,p13823,1,5
27797,p13824,1,94
27798,p13825,1,71
27801,p13826,1,11
27802,p13827,1,8
27804,p13828,1,14
27806,p13829,1,45
27808,p13830,1,51
27810,p13831,1,16
27813,p13832,1,25
27814,p13833,1,35
27816,p13834,1,25
27819,p13835,1,11
27822,p13836,1,25
27823,p13837,1,54
27824,p13838,1,75
27827,p13839,1,13
27830,p13840,1,43
27833,p13841,1,74
27835,p13842,1,69
27836,p13843,1,66
27839,p13844,1,48
27841,p13845,1,36
27844,p13846,1,31
27847,p13847,1,53
27848,p13848,1,68
27850,p13849,1,7
27851,p13850,1,12
27853,p13851,1,5
27856,p13852,1,2
27859,p13853,1,48
27861,p13854,1,69
27862,p13855,1,23
27863,p13856,1,63
27866,p13857,1,65
27868,p13858,1,99
27870,p13859,1,75
27872,p13860,1,43
27874,p13861,1,45
27875,p13862,1,10
27878,p13863,1,67
27881,p13864,1,85
27882,p13865,1,9
27884,p13866,1,56
27886,p13867,1,96
27887,p13868,1,45
27890,p13869,1,71
27892,p13870,1,10
27894,p13871,1,14
27897,p13872,1,70
27900,p13873,1,44
27903,p13874,1,6
27905,p13875,1,30
27907,p13876,1,72
27910,p13877,1,89
27911,p13878,1,13
27913,p13879,1,80
27915,p13880,1,4
27917,p13881,1,37
27918,p13882,1,39
27921,p13883,1,69
27924,p13884,1,72
27925,p13885,1,77
27927,p13886,1,80
27928,p13887,1,95
27931,p13888,1,47
27933,p13889,1,100
27936,p13890,1,38
27938,p13891,1,2
27939,p13892,1,90
27940,p13893,1,18
27941,p13894,1,12
27944,p13895,1,11
27947,p13896,1,69
27949,p13897,1,61
27950,p13898,1,82
27951,p13899,1,88
27954,p13900,1,82
27957,p13901,1,17
27959,p13902,1,68
27960,p13903,1,10
27961,p13904,1,97
27962,p13905,1,56
27964,p13906,1,100
27965,p13907,1,97
27968,p13908,1,98
27970,p13909,1,88
27973,p13910,1,88
27976,p13911,1,61
27979,p13912,1,26
27980,p13913,1,64
27982,p13914,1,53
27984,p13915,1,21
27986,p13916,1,36
27987,p13917,1,3
27988,p13918,1,51
27990,p13919,1,29
27993,p13920,1,84
27995,p13921,1,65
27996,p13922,1,51
27997,p13923,1,45
27998,p13924,1,91
28000,p13925,1,22
28003,p13926,1,58
28005,p13927,1,84
28008,p13928,1,55
28010,p13929,1,63
28011,p13930,1,54
28013,p13931,1,10
28014,p13932,1,33
28016,p13933,1,6
28019,p13934,1,68
28022,p13935,1,47
28025,p13936,1,2
28028,p13937,1,60
28030,p13938,1,60
28033,p13939,1,19
28035,p13940,1,68
28038,p13941,1,35
28040,p13942,1,51
28041,p13943,1,21
28044,p13944,1,2
28046,p13945,1,64
28049,p13946,1,96
28052,p13947,1,34
28055,p13948,1,43
28056,p13949,1,85
28057,p13950,1,11
28059,p13951,1,96
28061,p13952,1,59
28063,p13953,1,39
28065,p13954,1,36
28067,p13955,1,76
28068,p13956,1,4
28069,p13957,1,70
28070,p13958,1,73
28072,p13959,1,32
28074,p13960,1,23
28075,p13961,1,64
28076,p13962,1,53
28078,p13963,1,98
28079,p13964,1,62
28080,p13965,1,4
28081,p13966,1,42
28083,p13967,1,56
28086,p13968,1,4
28089,p13969,1,51
28091,p13970,1,91
28093,p13971,1,5
28094,p13972,1,61
28097,p13973,1,31
28099,p13974,1,66
28102,p13975,1,23
28104,p13976,1,89
28105,p13977,1,78
28108,p13978,1,27
28110,p13979,1,46
28112,p13980,1,55
28113,p13981,1,3
28114,p13982,1,41
28115,p13983,1,27
28118,p13984,1,79
28119,p13985,1,86
28120,p13986,1,61
28123,p13987,1,35
28124,p13988,1,6
28127,p13989,1,7
28130,p13990,1,91
28131,p13991,1,98
28134,p13992,1,30
28135,p13993,1,18
28137,p13994,1,9
28138,p13995,1,13
28139,p13996,1,99
28141,p13997,1,14
28142,p13998,1,10
28145,p13999,1,56
28146,p14000,1,71
28147,p14001,1,3
28148,p14002,1,31
28150,p14003,1,26
28152,p14004,1,64
28154,p14005,1,8
28157,p14006,1,61
28160,p14007,1,72
28163,p14008,1,38
28164,p14009,1,59
28166,p14010,1,82
28168,p14011,1,21
28170,p14012,1,35
28172,p14013,1,70
28173,p14014,1,14
28174,p14015,1,98
28176,p14016,1,47
28178,p14017,1,21
28181,p14018,1,91
28184,p14019,1,83
28185,p14020,1,74
28186,p14021,1,53
28189,p14022,1,77
28190,p14023,1,7
28192,p14024,1,29
28195,p14025,1,92
28196,p14026,1,91
28198,p14027,1,11
28200,p14028,1,41
28201,p14029,1,82
28203,p14030,1,74
28205,p14031,1,31
28207,p14032,1,64
28209,p14033,1,32
28210,p14034,1,98
28212,p14035,1,94
28215,p14036,1,58
28217,p14037,1,94
28219,p14038,1,42
28220,p14039,1,61
28223,p14040,1,12
28225,p14041,1,4
28226,p14042,1,88
28229,p14043,1,41
28232,p14044,1,78
28235,p14045,1,74
28238,p14046,1,10
28240,p14047,1,96
28243,p14048,1,99
28245,p14049,1,43
28246,p14050,1,69
28248,p14051,1,22
28249,p14052,1,20
28252,p14053,1,47
28253,p14054,1,9
28254,p14055,1,41
28255,p14056,1,19
28257,p14057,1,83
28260,p14058,1,71
28262,p14059,1,96
28265,p14060,1,94
28268,p14061,1,6
28271,p14062,1,37
28274,p14063,1,53
28277,p14064,1,99
28278,p14065,1,56
28280,p14066,1,4
28281,p14067,1,29
28284,p14068,1,24
28285,p14069,1,82
28288,p14070,1,11
28289,p14071,1,77
28290,p14072,1,32
28291,p14073,1,27
28292,p14074,1,68
28295,p14075,1,100
28298,p14076,1,92
28301,p14077,1,75
28303,p14078,1,65
28306,p14079,1,74
28308,p14080,1,27
28310,p14081,1,53
28313,p14082,1,35
28314,p14083,1,4
28316,p14084,1,39
28317,p14085,1,26
28319,p14086,1,30
28321,p14087,1,10
28322,p14088,1,78
28325,p14089,1,22
28328,p14090,1,33
28330,p14091,1,89
28332,p14092,1,47
28335,p14093,1,44
28338,p14094,1,19
28340,p14095,1,84
28343,p14096,1,63
28345,p14097,1,11
28346,p14098,1,8
28349,p14099,1,31
28351,p14100,1,85
28353,p14101,1,86
28354,p14102,1,27
28355,p14103,1,72
28356,p14104,1,8
28359,p14105,1,76
28360,p14106,1,34
28362,p14107,1,49
28365,p14108,1,4
28366,p14109,1,22
28368,p14110,1,91
28370,p14111,1,71
28371,p14112,1,39
28373,p14113,1,74
28374,p14114,1,28
28377,p14115,1,73
28380,p14116,1,51
28383,p14117,1,11
28385,p14118,1,37
28386,p14119,1,34
28387,p14120,1,69
28388,p14121,1,66
28390,p14122,1,82
28392,p14123,1,6
28393,p14124,1,56
28394,p14125,1,62
28395,p14126,1,8
28397,p14127,1,9
28400,p14128,1,87
28401,p14129,1,92
28402,p14130,1,58
28404,p14131,1,31
28407,p14132,1,98
28409,p14133,1,94
28410,p14134,1,81
28413,p14135,1,93
28414,p14136,1,43
28415,p14137,1,51
28418,p14138,1,17
28421,p14139,1,3
28422,p14140,1,85
28423,p14141,1,56
28425,p14142,1,97
28428,p14143,1,13
28429,p14144,1,66
28431,p14145,1,49
28432,p14146,1,53
28435,p14147,1,10
28438,p14148,1,74
28439,p14149,1,45
28442,p14150,1,25
28444,p14151,1,4
28445,p14152,1,92
28446,p14153,1,18
28447,p14154,1,12
28450,p14155,1,60
28453,p14156,1,93
28454,p14157,1,3
28455,p14158,1,84
28457,p14159,1,88
28459,p14160,1,98
28460,p14161,1,46
28461,p14162,1,17
28464,p14163,1,51
28465,p14164,1,94
28468,p14165,1,76
28469,p14166,1,14
28471,p14167,1,99
28472,p14168,1,88
28474,p14169,1,16
28475,p14170,1,64
28478,p14171,1,15
28479,p14172,1,51
28480,p14173,1,29
28483,p14174,1,69
28486,p14175,1,70
28487,p14176,1,20
28489,p14177,1,9
28491,p14178,1,94
28494,p14179,1,100
28496,p14180,1,75
28498,p14181,1,76
28499,p14182,1,90
28502,p14183,1,75
28504,p14184,1,59
28505,p14185,1,90
28507,p14186,1,69
28508,p14187,1,90
28510,p14188,1,27
28513,p14189,1,83
28516,p14190,1,46
28519,p14191,1,13
28522,p14192,1,2
28524,p14193,1,13
28526,p14194,1,23
28528,p14195,1,44
28531,p14196,1,77
28532,p14197,1,95
28534,p14198,1,82
28537,p14199,1,49
28538,p14200,1,66
28541,p14201,1,31
28542,p14202,1,72
28545,p14203,1,39
28548,p14204,1,92
28551,p14205,1,64
28553,p14206,1,48
28554,p14207,1,10
28556,p14208,1,42
28559,p14209,1,34
28562,p14210,1,35
28564,p14211,1,95
28565,p14212,1,93
28566,p14213,1,91
28568,p14214,1,50
28571,p14215,1,5
28572,p14216,1,71
28575,p14217,1,3
28576,p14218,1,39
28578,p14219,1,44
28581,p14220,1,55
28582,p14221,1,77
28585,p14222,1,35
28587,p14223,1,22
28588,p14224,1,53
28589,p14225,1,22
28590,p14226,1,8
28591,p14227,1,25
28592,p14228,1,34
28593,p14229,1,96
28595,p14230,1,92
28598,p14231,1,26
28600,p14232,1,27
28602,p14233,1,61
28604,p14234,1,58
28607,p14235,1,73
28610,p14236,1,51
28613,p14237,1,42
28616,p14238,1,87
28619,p14239,1,58
28621,p14240,1,18
28624,p14241,1,39
28627,p14242,1,99
28628,p14243,1,78
28629,p14244,1,34
28632,p14245,1,76
28633,p14246,1,17
28634,p14247,1,29
28636,p14248,1,19
28638,p14249,1,79
28639,p14250,1,92
28641,p14251,1,62
28644,p14252,1,32
28647,p14253,1,17
28649,p14254,1,18
28652,p14255,1,55
28655,p14256,1,12
28656,p14257,1,73
28659,p14258,1,5
28662,p14259,1,14
28665,p14260,1,62
28667,p14261,1,85
28670,p14262,1,49
28672,p14263,1,20
28675,p14264,1,27
28676,p14265,1,71
28679,p14266,1,37
28680,p14267,1,68
28683,p14268,1,12
28684,p14269,1,91
28686,p14270,1,52
28689,p14271,1,88
28691,p14272,1,83
28693,p14273,1,47
28696,p14274,1,84
28697,p14275,1,58
28699,p14276,1,15
28702,p14277,1,60
28705,p14278,1,8
28706,p14279,1,23
28709,p14280,1,34
28712,p14281,1,35
28713,p14282,1,8
28715,p14283,1,49
28717,p14284,1,64
28720,p14285,1,74
28722,p14286,1,3
28723,p14287,1,33
28724,p14288,1,2
28725,p14289,1,57
28728,p14290,1,15
28731,p14291,1,74
28733,p14292,1,77
28735,p14293,1,20
28738,p14294,1,44
28739,p14295,1,11
28741,p14296,1,28
28743,p14297,1,21
28744,p14298,1,41
28746,p14299,1,24
28748,p14300,1,90
28749,p14301,1,65
28750,p14302,1,25
28751,p14303,1,25
28753,p14304,1,71
28754,p14305,1,62
28757,p14306,1,19
28758,p14307,1,77
28759,p14308,1,27
28762,p14309,1,52
28764,p14310,1,51
28765,p14311,1,45
28766,p14312,1,30
28767,p14313,1,36
28768,p14314,1,100
28771,p14315,1,35
28772,p14316,1,79
28774,p14317,1,59
28776,p14318,1,8
28778,p14319,1,45
28781,p14320,1,8
28782,p14321,1,43
28784,p14322,1,88
28786,p14323,1,77
28789,p14324,1,27
28790,p14325,1,6
28793,p14326,1,68
28794,p14327,1,78
28795,p14328,1,19
28798,p14329,1,53
28801,p14330,1,30
28804,p14331,1,16
28807,p14332,1,19
28810,p14333,1,50
28812,p14334,1,81
28815,p14335,1,62
28818,p14336,1,39
28820,p14337,1,39
28823,p14338,1,94
28824,p14339,1,81
28827,p14340,1,93
28829,p14341,1,59
28831,p14342,1,32
28834,p14343,1,23
28837,p14344,1,58
28839,p14345,1,99
28840,p14346,1,54
28843,p14347,1,25
28846,p14348,1,27
28849,p14349,1,65
28851,p14350,1,75
28853,p14351,1,90
28855,p14352,1,93
28858,p14353,1,50
28861,p14354,1,45
28862,p14355,1,42
28863,p14356,1,56
28865,p14357,1,59
28868,p14358,1,68
28871,p14359,1,78
28874,p14360,1,11
28877,p14361,1,93
28879,p14362,1,17
28882,p14363,1,32
28883,p14364,1,72
28886,p14365,1,33
28889,p14366,1,94
28890,p14367,1,58
28892,p14368,1,67
28895,p14369,1,40
28897,p14370,1,23
28898,p14371,1,36
28901,p14372,1,58
28903,p14373,1,35
28906,p14374,1,25
28908,p14375,1,98
28909,p14376,1,76
28911,p14377,1,27
28913,p14378,1,62
28915,p14379,1,98
28916,p14380,1,3
28919,p14381,1,13
28920,p14382,1,58
28923,p14383,1,76
28925,p14384,1,53
28927,p14385,1,28
28930,p14386,1,28
28932,p14387,1,36
28934,p14388,1,2
28937,p14389,1,10
28938,p14390,1,31
28940,p14391,1,57
28941,p14392,1,27
28944,p14393,1,17
28946,p14394,1,81
28949,p14395,1,12
28951,p14396,1,91
28954,p14397,1,93
28956,p14398,1,29
28959,p14399,1,25
28962,p14400,1,9
28964,p14401,1,65
28966,p14402,1,72
28967,p14403,1,90
28969,p14404,1,50
28970,p14405,1,9
28972,p14406,1,63
28973,p14407,1,66
28974,p14408,1,83
28975,p14409,1,44
28976,p14410,1,90
28977,p14411,1,3
28980,p14412,1,68
28981,p14413,1,90
28983,p14414,1,83
28984,p14415,1,53
28987,p14416,1,58
28990,p14417,1,59
28993,p14418,1,49
28995,p14419,1,18
28996,p14420,1,7
28997,p14421,1,35
29000,p14422,1,23
29002,p14423,1,62
29004,p14424,1,90
29005,p14425,1,4
29008,p14426,1,52
29011,p14427,1,80
29014,p14428,1,21
29016,p14429,1,17
29017,p14430,1,32
29018,p14431,1,48
29021,p14432,1,87
29023,p14433,1,35
29024,p14434,1,84
29026,p14435,1,86
29028,p14436,1,14
29031,p14437,1,78
29034,p14438,1,38
29036,p14439,1,97
29038,p14440,1,45
29039,p14441,1,96
29040,p14442,1,88
29041,p14443,1,16
29044,p14444,1,76
29045,p14445,1,74
29046,p14446,1,33
29049,p14447,1,43
29051,p14448,1,18
29053,p14449,1,38
29054,p14450,1,22
29056,p14451,1,22
29058,p14452,1,14
29061,p14453,1,53
29063,p14454,1,90
29064,p14455,1,86
29065,p14456,1,29
29066,p14457,1,84
29068,p14458,1,50
29069,p14459,1,6
29072,p14460,1,59
29075,p14461,1,15
29078,p14462,1,70
29081,p14463,1,70
29083,p14464,1,92
29085,p14465,1,57
29088,p14466,1,27
29091,p14467,1,100
29092,p14468,1,85
29094,p14469,1,38
29095,p14470,1,36
29096,p14471,1,13
29097,p14472,1,24
29099,p14473,1,19
29100,p14474,1,26
29101,p14475,1,4
29103,p14476,1,70
29105,p14477,1,76
29108,p14478,1,16
29111,p14479,1,66
29113,p14480,1,15
29115,p14481,1,24
29116,p14482,1,35
29119,p14483,1,70
29122,p14484,1,24
29124,p14485,1,69
29126,p14486,1,96
29129,p14487,1,13
29131,p14488,1,51
29133,p14489,1,32
29135,p14490,1,78
29136,p14491,1,56
29139,p14492,1,20
29141,p14493,1,13
29143,p14494,1,48
29145,p14495,1,30
29148,p14496,1,91
29151,p14497,1,56
29154,p14498,1,73
29155,p14499,1,29
29157,p14500,1,82
29160,p14501,1,28
29162,p14502,1,86
29165,p14503,1,82
29168,p14504,1,23
29169,p14505,1,61
29170,p14506,1,24
29172,p14507,1,35
29175,p14508,1,38
29176,p14509,1,84
29179,p14510,1,47
29181,p14511,1,99
29182,p14512,1,94
29183,p14513,1,34
29186,p14514,1,65
29188,p14515,1,32
29191,p14516,1,75
29194,p14517,1,13
29197,p14518,1,44
29198,p14519,1,17
29201,p14520,1,31
29204,p14521,1,12
29207,p14522,1,55
29208,p14523,1,76
29209,p14524,1,37
29212,p14525,1,55
29215,p14526,1,99
29216,p14527,1,76
29218,p14528,1,12
29220,p14529,1,21
29223,p14530,1,56
29226,p14531,1,63
29228,p14532,1,60
29231,p14533,1,80
29233,p14534,1,100
29235,p14535,1,70
29238,p14536,1,45
29240,p14537,1,25
29243,p14538,1,34
29245,p14539,1,97
29247,p14540,1,43
29249,p14541,1,68
29250,p14542,1,59
29252,p14543,1,77
29253,p14544,1,33
29256,p14545,1,30
29259,p14546,1,30
29260,p14547,1,10
29261,p14548,1,72
29263,p14549,1,52
29266,p14550,1,82
29268,p14551,1,98
29271,p14552,1,10
29274,p14553,1,6
29275,p14554,1,87
29278,p14555,1,77
29279,p14556,1,51
29280,p14557,1,71
29281,p14558,1,97
29284,p14559,1,11
29287,p14560,1,72
29289,p14561,1,37
29291,p14562,1,16
29293,p14563,1,73
29296,p14564,1,61
29299,p14565,1,95
29300,p14566,1,11
29302,p14567,1,83
29303,p14568,1,17
29306,p14569,1,9
29309,p14570,1,83
29310,p14571,1,97
29312,p14572,1,85
29315,p14573,1,8
29317,p14574,1,62
29320,p14575,1,75
29323,p14576,1,43
29324,p14577,1,35
29326,p14578,1,10
29327,p14579,1,15
29330,p14580,1,49
29331,p14581,1,76
29333,p14582,1,21
29334,p14583,1,85
29336,p14584,1,52
29339,p14585,1,84
29340,p14586,1,12
29342,p14587,1,59
29343,p14588,1,71
29345,p14589,1,82
29347,p14590,1,73
29350,p14591,1,71
29351,p14592,1,37
29352,p14593,1,46
29354,p14594,1,18
29355,p14595,1,69
29357,p14596,1,90
29358,p14597,1,38
29360,p14598,1,20
29361,p14599,1,74
29362,p14600,1,98
29363,p14601,1,27
29365,p14602,1,58
29367,p14603,1,79
29368,p14604,1,90
29370,p14605,1,71
29373,p14606,1,41
29375,p14607,1,52
29377,p14608,1,80
29380,p14609,1,40
29382,p14610,1,18
29384,p14611,1,26
29386,p14612,1,78
29387,p14613,1,82
29390,p14614,1,38
29393,p14615,1,63
29394,p14616,1,42
29396,p14617,1,10
29399,p14618,1,48
29402,p14619,1,57
29404,p14620,1,81
29405,p14621,1,28
29408,p14622,1,15
29410,p14623,1,68
29412,p14624,1,69
29415,p14625,1,51
29417,p14626,1,21
29420,p14627,1,86
29422,p14628,1,10
29424,p14629,1,92
29427,p14630,1,30
29429,p14631,1,90
29432,p14632,1,74
29433,p14633,1,67
29436,p14634,1,98
29438,p14635,1,68
29439,p14636,1,43
29441,p14637,1,43
29442,p14638,1,74
29443,p14639,1,98
29445,p14640,1,49
29446,p14641,1,73
29448,p14642,1,38
29449,p14643,1,69
29452,p14644,1,57
29455,p14645,1,14
29458,p14646,1,2
29459,p14647,1,78
29461,p14648,1,68
29463,p14649,1,79
29464,p14650,1,43
29465,p14651,1,9
29466,p14652,1,89
29467,p14653,1,57
29469,p14654,1,11
29470,p14655,1,68
29472,p14656,1,56
29473,p14657,1,57
29474,p14658,1,40
29475,p14659,1,90
29476,p14660,1,73
29479,p14661,1,24
29481,p14662,1,51
29483,p14663,1,52
29485,p14664,1,42
29487,p14665,1,27
29490,p14666,1,70
29492,p14667,1,52
29494,p14668,1,83
29495,p14669,1,52
29496,p14670,1,94
29498,p14671,1,17
29501,p14672,1,66
29502,p14673,1,88
29503,p14674,1,69
29506,p14675,1,12
29509,p14676,1,25
29510,p14677,1,28
29513,p14678,1,17
29514,p14679,1,9
29517,p14680,1,68
29518,p14681,1,46
29520,p14682,1,31
29522,p14683,1,32
29523,p14684,1,75
29526,p14685,1,45
29529,p14686,1,88
29531,p14687,1,61
29532,p14688,1,90
29534,p14689,1,18
29535,p14690,1,13
29537,p14691,1,20
29540,p14692,1,55
29542,p14693,1,71
29543,p14694,1,64
29544,p14695,1,72
29545,p14696,1,89
29547,p14697,1,86
29550,p14698,1,20
29551,p14699,1,41
29552,p14700,1,77
29555,p14701,1,14
29557,p14702,1,80
29560,p14703,1,52
29561,p14704,1,33
29563,p14705,1,3
29565,p14706,1,91
29567,p14707,1,38
29568,p14708,1,81
29570,p14709,1,64
29571,p14710,1,17
29572,p14711,1,52
29573,p14712,1,12
29575,p14713,1,72
29578,p14714,1,46
29581,p14715,1,83
29582,p14716,1,20
29584,p14717,1,38
29585,p14718,1,72
29587,p14719,1,23
29589,p14720,1,10
29592,p14721,1,76
29595,p14722,1,54
29598,p14723,1,93
29600,p14724,1,54
29602,p14725,1,44
29605,p14726,1,51
29607,p14727,1,71
29608,p14728,1,41
29610,p14729,1,84
29612,p14730,1,60
29614,p14731,1,30
29615,p14732,1,20
29618,p14733,1,89
29619,p14734,1,82
29620,p14735,1,74
29623,p14736,1,9
29624,p14737,1,93
29626,p14738,1,25
29629,p14739,1,81
29630,p14740,1,88
29633,p14741,1,7
29635,p14742,1,30
29636,p14743,1,25
29637,p14744,1,78
29640,p14745,1,73
29643,p14746,1,10
29644,p14747,1,59
29647,p14748,1,73
29649,p14749,1,96
29652,p14750,1,4
29655,p14751,1,85
29657,p14752,1,51
29658,p14753,1,47
29659,p14754,1,83
29661,p14755,1,83
29664,p14756,1,14
29665,p14757,1,65
29666,p14758,1,43
29668,p14759,1,87
29670,p14760,1,21
29671,p14761,1,94
29672,p14762,1,100
29673,p14763,1,26
29674,p14764,1,91
29676,p14765,1,40
29677,p14766,1,34
29679,p14767,1,28
29681,p14768,1,29
29682,p14769,1,91
29683,p14770,1,30
29686,p14771,1,17
29687,p14772,1,76
29689,p14773,1,11
29692,p14774,1,66
29695,p14775,1,54
29696,p14776,1,71
29697,p14777,1,75
29698,p14778,1,53
29701,p14779,1,99
29703,p14780,1,68
29705,p14781,1,64
29707,p14782,1,99
29709,p14783,1,63
29712,p14784,1,21
29714,p14785,1,39
29716,p14786,1,18
29718,p14787,1,7
29719,p14788,1,68
29721,p14789,1,38
29724,p14790,1,79
29726,p14791,1,53
29728,p14792,1,28
29731,p14793,1,75
29734,p14794,1,67
29736,p14795,1,82
29737,p14796,1,32
29739,p14797,1,70
29742,p14798,1,19
29745,p14799,1,90
29746,p14800,1,54
29749,p14801,1,64
29752,p14802,1,6
29754,p14803,1,40
29755,p14804,1,56
29757,p14805,1,81
29758,p14806,1,2
29760,p14807,1,66
29762,p14808,1,35
29765,p14809,1,59
29766,p14810,1,36
29768,p14811,1,5
29770,p14812,1,45
29772,p14813,1,74
29775,p14814,1,34
29776,p14815,1,78
29779,p14816,1,69
29780,p14817,1,19
29782,p14818,1,32
29785,p14819,1,20
29786,p14820,1,92
29788,p14821,1,82
29790,p14822,1,52
29793,p14823,1,100
29796,p14824,1,31
29798,p14825,1,50
29800,p14826,1,76
29803,p14827,1,62
29805,p14828,1,89
29808,p14829,1,87
29811,p14830,1,39
29812,p14831,1,75
29813,p14832,1,43
29815,p14833,1,59
29818,p14834,1,2
29820,p14835,1,17
29821,p14836,1,84
29824,p14837,1,44
29826,p14838,1,16
29829,p14839,1,51
29830,p14840,1,97
29831,p14841,1,32
29834,p14842,1,76
29835,p14843,1,68
29837,p14844,1,58
29838,p14845,1,51
29840,p14846,1,29
29843,p14847,1,88
29846,p14848,1,56
29848,p14849,1,97
29851,p14850,1,75
29853,p14851,1,87
29854,p14852,1,87
29857,p14853,1,17
29858,p14854,1,83
29860,p14855,1,48
29861,p14856,1,13
29864,p14857,1,34
29867,p14858,1,79
29869,p14859,1,22
29870,p14860,1,45
29872,p14861,1,60
29875,p14862,1,13
29877,p14863,1,73
29880,p14864,1,37
29883,p14865,1,23
29884,p14866,1,19
29887,p14867,1,34
29890,p14868,1,41
29891,p14869,1,85
29892,p14870,1,31
29895,p14871,1,82
29896,p14872,1,63
29897,p14873,1,52
29899,p14874,1,46
29902,p14875,1,70
29904,p14876,1,63
29907,p14877,1,57
29909,p14878,1,99
29912,p14879,1,88
29915,p14880,1,36
29917,p14881,1,71
29920,p14882,1,73
29921,p14883,1,44
29924,p14884,1,91
29926,p14885,1,57
29929,p14886,1,25
29931,p14887,1,36
29934,p14888,1,72
29937,p14889,1,19
29938,p14890,1,27
29940,p14891,1,81
29942,p14892,1,36
29944,p14893,1,16
29947,p14894,1,92
29950,p14895,1,22
29951,p14896,1,2
29952,p14897,1,80
29953,p14898,1,6
29954,p14899,1,11
29956,p14900,1,98
29957,p14901,1,99
29958,p14902,1,63
29960,p14903,1,73
29962,p14904,1,20
29965,p14905,1,35
29967,p14906,1,47
29969,p14907,1,70
29970,p14908,1,7
29971,p14909,1,72
29974,p14910,1,65
29976,p14911,1,23
29979,p14912,1,99
29982,p14913,1,15
29984,p14914,1,58
29986,p14915,1,37
29989,p14916,1,26
29991,p14917,1,95
29992,p14918,1,33
29995,p14919,1,69
29997,p14920,1,92
29998,p14921,1,57
29999,p14922,1,85
30002,p14923,1,89
30004,p14924,1,33
30007,p14925,1,76
30008,p14926,1,96
30010,p14927,1,92
30012,p14928,1,91
30014,p14929,1,34
30015,p14930,1,55
30018,p14931,1,19
30021,p14932,1,41
30023,p14933,1,9
30025,p14934,1,11
30028,p14935,1,21
30029,p14936,1,98
30030,p14937,1,91
30031,p14938,1,59
30034,p14939,1,59
30035,p14940,1,33
30036,p14941,1,74
30038,p14942,1,32
30039,p14943,1,76
30042,p14944,1,67
30043,p14945,1,66
30044,p14946,1,38
30045,p14947,1,64
30047,p14948,1,95
30048,p14949,1,88
30051,p14950,1,58
30053,p14951,1,41
30055,p14952,1,60
30057,p14953,1,86
30058,p14954,1,85
30059,p14955,1,95
30060,p14956,1,89
30063,p14957,1,8
30064,p14958,1,48
30066,p14959,1,8
30067,p14960,1,37
30068,p14961,1,91
30071,p14962,1,57
30073,p14963,1,4
30074,p14964,1,90
30077,p14965,1,74
30078,p14966,1,35
30080,p14967,1,46
30082,p14968,1,73
30085,p14969,1,71
30086,p14970,1,52
30089,p14971,1,70
30090,p14972,1,53
30091,p14973,1,45
30093,p14974,1,30
30096,p14975,1,56
30097,p14976,1,61
30098,p14977,1,69
30099,p14978,1,8
30102,p14979,1,89
30104,p14980,1,4
30106,p14981,1,93
30109,p14982,1,9
30110,p14983,1,82
30112,p14984,1,15
30115,p14985,1,20
30118,p14986,1,89
30121,p14987,1,62
30122,p14988,1,15
30124,p14989,1,37
30127,p14990,1,65
30129,p14991,1,9
30132,p14992,1,29
30135,p14993,1,98
30136,p14994,1,83
30137,p14995,1,78
30138,p14996,1,88
30139,p14997,1,24
30142,p14998,1,81
30143,p14999,1,66
30146,p15000,1,83
30149,p15001,1,91
30152,p15002,1,98
30153,p15003,1,52
30155,p15004,1,76
30158,p15005,1,90
30161,p15006,1,5
30162,p15007,1,71
30163,p15008,1,41
30166,p15009,1,15
30169,p15010,1,76
30171,p15011,1,12
30172,p15012,1,44
30175,p15013,1,40
30177,p15014,1,8
30178,p15015,1,19
30179,p15016,1,80
30182,p15017,1,20
30185,p15018,1,17
30186,p15019,1,40
30189,p15020,1,17
30192,p15021,1,3
30194,p15022,1,46
30197,p15023,1,83
30199,p15024,1,7
30200,p15025,1,77
30201,p15026,1,27
30204,p15027,1,27
30205,p15028,1,73
30207,p15029,1,90
30208,p15030,1,15
30209,p15031,1,39
30212,p15032,1,49
30215,p15033,1,56
30218,p15034,1,30
30220,p15035,1,53
30221,p15036,1,29
30222,p15037,1,60
30225,p15038,1,60
30226,p15039,1,97
30227,p15040,1,31
30228,p15041,1,83
30231,p15042,1,27
30233,p15043,1,3
30236,p15044,1,56
30237,p15045,1,34
30238,p15046,1,88
30239,p15047,1,75
30242,p15048,1,58
30245,p15049,1,94
30246,p15050,1,9
30247,p15051,1,67
30249,p15052,1,77
30250,p15053,1,43
30252,p15054,1,95
30253,p15055,1,53
30256,p15056,1,41
30257,p15057,1,91
30260,p15058,1,20
30262,p15059,1,90
30265,p15060,1,80
30268,p15061,1,86
30269,p15062,1,87
30270,p15063,1,3
30273,p15064,1,11
30274,p15065,1,67
30276,p15066,1,10
30277,p15067,1,72
30278,p15068,1,51
30280,p15069,1,64
30281,p15070,1,52
30284,p15071,1,87
30285,p15072,1,62
30287,p15073,1,27
30288,p15074,1,63
30289,p15075,1,25
30291,p15076,1,25
30294,p15077,1,5
30296,p15078,1,62
30297,p15079,1,12
30300,p15080,1,53
30303,p15081,1,78
30306,p15082,1,80
30307,p15083,1,59
30308,p15084,1,100
30310,p15085,1,13
30311,p15086,1,55
30313,p15087,1,30
30314,p15088,1,66
30316,p15089,1,35
30319,p15090,1,16
30320,p15091,1,50
30321,p15092,1,64
30322,p15093,1,77
30323,p15094,1,42
30324,p15095,1,30
30326,p15096,1,85
30329,p15097,1,51
30330,p15098,1,6
30333,p15099,1,26
30336,p15100,1,14
30338,p15101,1,49
30340,p15102,1,45
30343,p15103,1,34
30344,p15104,1,96
30346,p15105,1,97
30349,p15106,1,76
30352,p15107,1,17
30353,p15108,1,57
30356,p15109,1,20
30358,p15110,1,4
30361,p15111,1,38
30363,p15112,1,94
30366,p15113,1,85
30367,p15114,1,7
30369,p15115,1,97
30370,p15116,1,10
30372,p15117,1,46
30374,p15118,1,44
30376,p15119,1,29
30377,p15120,1,39
30380,p15121,1,42
30381,p15122,1,51
30383,p15123,1,99
30386,p15124,1,39
30388,p15125,1,52
30390,p15126,1,23
30392,p15127,1,68
30395,p15128,1,56
30396,p15129,1,51
30399,p15130,1,90
30401,p15131,1,27
30403,p15132,1,62
30406,p15133,1,3
30409,p15134,1,80
30411,p15135,1,11
30413,p15136,1,62
30414,p15137,1,67
30415,p15138,1,93
30418,p15139,1,60
30421,p15140,1,23
30423,p15141,1,56
30426,p15142,1,16
30429,p15143,1,57
30430,p15144,1,63
30433,p15145,1,33
30434,p15146,1,99
30437,p15147,1,59
30439,p15148,1,46
30441,p15149,1,78
30444,p15150,1,80
30446,p15151,1,72
30449,p15152,1,62
30451,p15153,1,2
30453,p15154,1,2
30454,p15155,1,89
30457,p15156,1,31
30460,p15157,1,32
30461,p15158,1,57
30462,p15159,1,92
30463,p15160,1,16
30465,p15161,1,5
30468,p15162,1,67
30471,p15163,1,35
30474,p15164,1,14
30477,p15165,1,2
30480,p15166,1,39
30481,p15167,1,53
30483,p15168,1,39
30484,p15169,1,7
30485,p15170,1,74
30487,p15171,1,79
30489,p15172,1,99
30490,p15173,1,28
30493,p15174,1,71
30494,p15175,1,11
30496,p15176,1,45
30497,p15177,1,94
30500,p15178,1,36
30501,p15179,1,6
30502,p15180,1,79
30503,p15181,1,47
30504,p15182,1,3
30506,p15183,1,95
30507,p15184,1,92
30508,p15185,1,51
30510,p15186,1,20
30513,p15187,1,74
30514,p15188,1,48
30517,p15189,1,54
30518,p15190,1,81
30521,p15191,1,20
30524,p15192,1,54
30527,p15193,1,35
30529,p15194,1,97
30532,p15195,1,7
30535,p15196,1,64
30536,p15197,1,8
30537,p15198,1,41
30540,p15199,1,87
30543,p15200,1,96
30544,p15201,1,48
30545,p15202,1,16
30546,p15203,1,74
30547,p15204,1,93
30548,p15205,1,3
30551,p15206,1,16
30553,p15207,1,63
30555,p15208,1,9
30556,p15209,1,5
30558,p15210,1,71
30559,p15211,1,35
30560,p15212,1,63
30561,p15213,1,5
30562,p15214,1,96
30565,p15215,1,86
30566,p15216,1,62
30567,p15217,1,89
30568,p15218,1,96
30569,p15219,1,12
30571,p15220,1,35
30573,p15221,1,10
30576,p15222,1,36
30578,p15223,1,77
30579,p15224,1,100
30581,p15225,1,29
30582,p15226,1,89
30584,p15227,1,16
30585,p15228,1,59
30587,p15229,1,53
30588,p15230,1,56
30590,p15231,1,50
30592,p15232,1,32
30594,p15233,1,32
30596,p15234,1,4
30599,p15235,1,93
30602,p15236,1,21
30603,p15237,1,22
30606,p15238,1,68
30609,p15239,1,43
30610,p15240,1,39
30613,p15241,1,57
30616,p15242,1,20
30619,p15243,1,34
30621,p15244,1,72
30623,p15245,1,46
30624,p15246,1,68
30625,p15247,1,8
30627,p15248,1,2
30628,p15249,1,66
30630,p15250,1,66
30631,p15251,1,64
30634,p15252,1,89
30637,p15253,1,63
30638,p15254,1,31
30639,p15255,1,53
30641,p15256,1,74
30644,p15257,1,3
30645,p15258,1,69
30646,p15259,1,51
30647,p15260,1,60
30649,p15261,1,40
30650,p15262,1,68
30652,p15263,1,25
30655,p15264,1,72
30657,p15265,1,68
30658,p15266,1,85
30660,p15267,1,53
30662,p15268,1,27
30665,p15269,1,81
30668,p15270,1,61
30669,p15271,1,46
30672,p15272,1,15
30674,p15273,1,7
30677,p15274,1,93
30678,p15275,1,53
30679,p15276,1,100
30682,p15277,1,69
30685,p15278,1,27
30688,p15279,1,66
30690,p15280,1,99
30693,p15281,1,91
30696,p15282,1,25
30697,p15283,1,88
30698,p15284,1,9
30700,p15285,1,44
30702,p15286,1,94
30705,p15287,1,38
30707,p15288,1,35
30708,p15289,1,23
30709,p15290,1,31
30712,p15291,1,63
30713,p15292,1,8
30715,p15293,1,68
30717,p15294,1,68
30719,p15295,1,29
30722,p15296,1,69
30723,p15297,1,93
30726,p15298,1,15
30729,p15299,1,95
30731,p15300,1,39
30732,p15301,1,43
30733,p15302,1,77
30736,p15303,1,34
30738,p15304,1,22
30740,p15305,1,72
30743,p15306,1,21
30744,p15307,1,39
30745,p15308,1,94
30747,p15309,1,42
30748,p15310,1,24
30751,p15311,1,22
30752,p15312,1,53
30753,p15313,1,42
30756,p15314,1,94
30759,p15315,1,33
30760,p15316,1,26
30761,p15317,1,63
30762,p15318,1,96
30763,p15319,1,83
30765,p15320,1,70
30766,p15321,1,14
30769,p15322,1,82
30772,p15323,1,78
30773,p15324,1,50
30775,p15325,1,92
30778,p15326,1,54
30781,p15327,1,26
30783,p15328,1,46
30785,p15329,1,82
30787,p15330,1,57
30788,p15331,1,15
30790,p15332,1,26
30793,p15333,1,85
30795,p15334,1,33
30796,p15335,1,7
30798,p15336,1,97
30801,p15337,1,69
30804,p15338,1,66
30805,p15339,1,38
30808,p15340,1,81
30811,p15341,1,92
30813,p15342,1,40
30815,p15343,1,53
30817,p15344,1,57
30818,p15345,1,95
30820,p15346,1,12
30822,p15347,1,45
30825,p15348,1,58
30828,p15349,1,91
30829,p15350,1,74
30832,p15351,1,85
30833,p15352,1,99
30836,p15353,1,31
30839,p15354,1,86
30841,p15355,1,97
30842,p15356,1,63
30844,p15357,1,26
30845,p15358,1,73
30847,p15359,1,40
30849,p15360,1,16
30852,p15361,1,82
30855,p15362,1,24
30858,p15363,1,99
30860,p15364,1,63
30861,p15365,1,14
30863,p15366,1,91
30866,p15367,1,22
30868,p15368,1,2
30869,p15369,1,57
30872,p15370,1,72
30874,p15371,1,11
30875,p15372,1,100
30878,p15373,1,18
30881,p15374,1,19
30882,p15375,1,94
30885,p15376,1,88
30886,p15377,1,97
30888,p15378,1,37
30890,p15379,1,90
30892,p15380,1,20
30893,p15381,1,96
30896,p15382,1,72
30898,p15383,1,70
30901,p15384,1,42
30903,p15385,1,99
30905,p15386,1,48
30908,p15387,1,39
30909,p15388,1,50
30912,p15389,1,43
30914,p15390,1,7
30917,p15391,1,48
30920,p15392,1,64
30922,p15393,1,37
30924,p15394,1,75
30926,p15395,1,70
30927,p15396,1,59
30930,p15397,1,81
30931,p15398,1,2
30933,p15399,1,10
30936,p15400,1,67
30939,p15401,1,11
30940,p15402,1,66
30943,p15403,1,11
30945,p15404,1,74
30948,p15405,1,86
30949,p15406,1,53
30952,p15407,1,63
30954,p15408,1,27
30955,p15409,1,50
30956,p15410,1,51
30959,p15411,1,87
30960,p15412,1,26
30962,p15413,1,24
30965,p15414,1,20
30968,p15415,1,45
30970,p15416,1,58
30972,p15417,1,91
30975,p15418,1,9
30978,p15419,1,76
30981,p15420,1,75
30983,p15421,1,43
30985,p15422,1,24
30986,p15423,1,78
30988,p15424,1,77
30989,p15425,1,14
30992,p15426,1,12
30995,p15427,1,16
30997,p15428,1,60
31000,p15429,1,90
31003,p15430,1,53
31006,p15431,1,67
31008,p15432,1,16
31009,p15433,1,70
31010,p15434,1,34
31011,p15435,1,67
31014,p15436,1,44
31017,p15437,1,60
31020,p15438,1,61
31022,p15439,1,92
31025,p15440,1,4
31026,p15441,1,34
31029,p15442,1,74
31031,p15443,1,96
31032,p15444,1,26
31033,p15445,1,22
31036,p15446,1,24
31039,p15447,1,57
31042,p15448,1,47
31044,p15449,1,42
31045,p15450,1,14
31047,p15451,1,16
31050,p15452,1,63
31053,p15453,1,62
31056,p15454,1,25
31057,p15455,1,72
31058,p15456,1,2
31059,p15457,1,33
31061,p15458,1,17
31062,p15459,1,41
31064,p15460,1,29
31065,p15461,1,81
31067,p15462,1,78
31068,p15463,1,71
31069,p15464,1,49
31070,p15465,1,52
31072,p15466,1,92
31075,p15467,1,99
31076,p15468,1,82
31079,p15469,1,56
31081,p15470,1,57
31082,p15471,1,9
31084,p15472,1,26
31086,p15473,1,5
31088,p15474,1,80
31090,p15475,1,34
31092,p15476,1,38
31094,p15477,1,80
31096,p15478,1,25
31098,p15479,1,80
31101,p15480,1,83
31103,p15481,1,42
31104,p15482,1,66
31107,p15483,1,85
31110,p15484,1,38
31112,p15485,1,73
31115,p15486,1,57
31116,p15487,1,94
31118,p15488,1,27
31119,p15489,1,76
31121,p15490,1,13
31123,p15491,1,14
31126,p15492,1,59
31129,p15493,1,94
31132,p15494,1,13
31133,p15495,1,100
31135,p15496,1,28
31137,p15497,1,46
31139,p15498,1,77
31141,p15499,1,46
31142,p15500,1,6
31144,p15501,1,55
31145,p15502,1,38
31147,p15503,1,62
31149,p15504,1,12
31150,p15505,1,97
31151,p15506,1,99
31152,p15507,1,2
31154,p15508,1,14
31156,p15509,1,11
31157,p15510,1,23
31159,p15511,1,53
31162,p15512,1,50
31165,p15513,1,42
31168,p15514,1,58
31171,p15515,1,87
31174,p15516,1,68
31175,p15517,1,67
31176,p15518,1,18
31177,p15519,1,55
31180,p15520,1,65
31182,p15521,1,89
31185,p15522,1,10
31187,p15523,1,17
31190,p15524,1,15
31192,p15525,1,82
31195,p15526,1,34
31198,p15527,1,34
31201,p15528,1,14
31203,p15529,1,21
31205,p15530,1,52
31206,p15531,1,54
31209,p15532,1,73
31212,p15533,1,26
31213,p15534,1,34
31216,p15535,1,12
31219,p15536,1,29
31222,p15537,1,74
31223,p15538,1,17
31224,p15539,1,60
31226,p15540,1,37
31228,p15541,1,28
31231,p15542,1,6
31232,p15543,1,52
31234,p15544,1,23
31235,p15545,1,12
31238,p15546,1,76
31239,p15547,1,35
31242,p15548,1,7
31244,p15549,1,49
31246,p15550,1,18
31249,p15551,1,9
31250,p15552,1,76
31253,p15553,1,85
31254,p15554,1,100
31256,p15555,1,69
31258,p15556,1,33
31261,p15557,1,29
31263,p15558,1,35
31265,p15559,1,16
31266,p15560,1,81
31268,p15561,1,92
31271,p15562,1,66
31274,p15563,1,93
31277,p15564,1,3
31278,p15565,1,13
31280,p15566,1,54
31282,p15567,1,75
31283,p15568,1,42
31284,p15569,1,27
31285,p15570,1,63
31287,p15571,1,93
31288,p15572,1,46
31291,p15573,1,70
31293,p15574,1,4
31296,p15575,1,96
31297,p15576,1,43
31298,p15577,1,45
31301,p15578,1,77
31303,p15579,1,43
31305,p15580,1,67
31308,p15581,1,80
31309,p15582,1,73
31311,p15583,1,57
31312,p15584,1,49
31315,p15585,1,84
31317,p15586,1,42
31320,p15587,1,82
31322,p15588,1,41
31323,p15589,1,20
31324,p15590,1,80
31327,p15591,1,73
31330,p15592,1,29
31332,p15593,1,10
31333,p15594,1,14
31336,p15595,1,22
31337,p15596,1,3
31339,p15597,1,41
31341,p15598,1,81
31344,p15599,1,93
31345,p15600,1,5
31346,p15601,1,27
31347,p15602,1,50
31350,p15603,1,23
31351,p15604,1,6
31354,p15605,1,4
31356,p15606,1,32
31359,p15607,1,75
31362,p15608,1,89
31365,p15609,1,71
31366,p15610,1,97
31368,p15611,1,52
31369,p15612,1,43
31371,p15613,1,61
31372,p15614,1,23
31373,p15615,1,63
31376,p15616,1,69
31377,p15617,1,83
31378,p15618,1,23
31379,p15619,1,71
31380,p15620,1,14
31381,p15621,1,21
31382,p15622,1,55
31383,p15623,1,14
31384,p15624,1,24
31385,p15625,1,59
31386,p15626,1,46
31388,p15627,1,62
31390,p15628,1,35
31392,p15629,1,20
31394,p15630,1,83
31397,p15631,1,30
31399,p15632,1,46
31400,p15633,1,62
31402,p15634,1,34
31404,p15635,1,82
31406,p15636,1,11
31407,p15637,1,96
31410,p15638,1,42
31412,p15639,1,50
31414,p15640,1,67
31415,p15641,1,24
31418,p15642,1,7
31419,p15643,1,64
31421,p15644,1,54
31423,p15645,1,26
31426,p15646,1,95
31428,p15647,1,15
31429,p15648,1,87
31431,p15649,1,71
31434,p15650,1,21
31437,p15651,1,3
31440,p15652,1,75
31441,p15653,1,10
31443,p15654,1,39
31445,p15655,1,68
31446,p15656,1,66
31447,p15657,1,19
31450,p15658,1,42
31453,p15659,1,72
31455,p15660,1,48
31456,p15661,1,80
31457,p15662,1,68
31458,p15663,1,85
31459,p15664,1,56
31462,p15665,1,20
31464,p15666,1,93
31466,p15667,1,77
31468,p15668,1,96
31471,p15669,1,34
31474,p15670,1,7
31477,p15671,1,18
31480,p15672,1,7
31483,p15673,1,50
31486,p15674,1,62
31488,p15675,1,38
31489,p15676,1,87
31490,p15677,1,98
31491,p15678,1,59
31492,p15679,1,56
31495,p15680,1,30
31498,p15681,1,54
31499,p15682,1,37
31500,p15683,1,99
31502,p15684,1,43
31504,p15685,1,66
31506,p15686,1,76
31509,p15687,1,89
31511,p15688,1,33
31512,p15689,1,34
31513,p15690,1,16
31514,p15691,1,16
31515,p15692,1,61
31516,p15693,1,38
31519,p15694,1,10
31522,p15695,1,12
31524,p15696,1,99
31527,p15697,1,30
31528,p15698,1,20
31529,p15699,1,100
31530,p15700,1,96
31531,p15701,1,25
31534,p15702,1,91
31535,p15703,1,43
31538,p15704,1,47
31541,p15705,1,92
31542,p15706,1,17
31544,p15707,1,51
31546,p15708,1,69
31548,p15709,1,69
31549,p15710,1,73
31550,p15711,1,18
31552,p15712,1,15
31553,p15713,1,57
31555,p15714,1,79
31557,p15715,1,9
31558,p15716,1,45
31560,p15717,1,11
31561,p15718,1,29
31563,p15719,1,79
31566,p15720,1,39
31568,p15721,1,100
31571,p15722,1,22
31574,p15723,1,95
31575,p15724,1,19
31578,p15725,1,8
31580,p15726,1,30
31583,p15727,1,26
31584,p15728,1,92
31587,p15729,1,56
31588,p15730,1,40
31590,p15731,1,96
31593,p15732,1,76
31594,p15733,1,67
31597,p15734,1,80
31599,p15735,1,71
31600,p15736,1,77
31601,p15737,1,59
31602,p15738,1,60
31603,p15739,1,98
31605,p15740,1,69
31607,p15741,1,94
31610,p15742,1,35
31613,p15743,1,58
31615,p15744,1,15
31618,p15745,1,30
31619,p15746,1,86
31622,p15747,1,44
31624,p15748,1,82
31625,p15749,1,68
31626,p15750,1,99
31628,p15751,1,56
31631,p15752,1,64
31634,p15753,1,95
31636,p15754,1,60
31639,p15755,1,14
31642,p15756,1,26
31645,p15757,1,65
31648,p15758,1,38
31651,p15759,1,50
31654,p15760,1,62
31656,p15761,1,30
31658,p15762,1,15
31661,p15763,1,51
31664,p15764,1,26
31665,p15765,1,98
31666,p15766,1,85
31667,p15767,1,26
31669,p15768,1,12
31671,p15769,1,18
31673,p15770,1,39
31676,p15771,1,75
31678,p15772,1,18
31679,p15773,1,50
31681,p15774,1,35
31684,p15775,1,83
31687,p15776,1,73
31690,p15777,1,94
31693,p15778,1,19
31696,p15779,1,57
31697,p15780,1,12
31698,p15781,1,46
31700,p15782,1,2
31702,p15783,1,52
31705,p15784,1,32
31706,p15785,1,97
31707,p15786,1,20
31710,p15787,1,81
31711,p15788,1,97
31713,p15789,1,68
31714,p15790,1,35
31717,p15791,1,7
31718,p15792,1,94
31720,p15793,1,39
31723,p15794,1,51
31724,p15795,1,23
31727,p15796,1,91
31730,p15797,1,50
31733,p15798,1,73
31736,p15799,1,10
31737,p15800,1,17
31739,p15801,1,98
31740,p15802,1,29
31742,p15803,1,95
31743,p15804,1,56
31745,p15805,1,47
31747,p15806,1,83
31748,p15807,1,47
31750,p15808,1,87
31752,p15809,1,40
31754,p15810,1,19
31755,p15811,1,96
31756,p15812,1,93
31757,p15813,1,42
31760,p15814,1,68
31761,p15815,1,43
31763,p15816,1,27
31766,p15817,1,52
31769,p15818,1,78
31772,p15819,1,96
31773,p15820,1,70
31775,p15821,1,62
31777,p15822,1,92
31779,p15823,1,57
31780,p15824,1,21
31782,p15825,1,72
31783,p15826,1,82
31786,p15827,1,41
31788,p15828,1,51
31790,p15829,1,60
31791,p15830,1,34
31792,p15831,1,54
31793,p15832,1,8
31794,p15833,1,71
31797,p15834,1,77
31798,p15835,1,61
31800,p15836,1,100
31801,p15837,1,95
31802,p15838,1,97
31805,p15839,1,51
31806,p15840,1,90
31809,p15841,1,50
31812,p15842,1,36
31815,p15843,1,82
31817,p15844,1,20
31818,p15845,1,9
31820,p15846,1,60
31821,p15847,1,83
31824,p15848,1,46
31825,p15849,1,50
31828,p15850,1,67
31830,p15851,1,17
31831,p15852,1,54
31832,p15853,1,9
31834,p15854,1,53
31835,p15855,1,22
31838,p15856,1,56
31840,p15857,1,30
31843,p15858,1,28
31845,p15859,1,55
31847,p15860,1,16
31850,p15861,1,47
31851,p15862,1,96
31854,p15863,1,85
31856,p15864,1,90
31858,p15865,1,96
31859,p15866,1,47
31861,p15867,1,30
31863,p15868,1,91
31864,p15869,1,6
31867,p15870,1,52
31870,p15871,1,70
31871,p15872,1,12
31873,p15873,1,99
31875,p15874,1,62
31877,p15875,1,98
31878,p15876,1,41
31880,p15877,1,30
31883,p15878,1,91
31884,p15879,1,12
31886,p15880,1,18
31888,p15881,1,96
31889,p15882,1,74
31891,p15883,1,93
31893,p15884,1,95
31896,p15885,1,75
31897,p15886,1,20
31898,p15887,1,79
31900,p15888,1,98
31903,p15889,1,97
31906,p15890,1,50
31907,p15891,1,64
31910,p15892,1,70
31913,p15893,1,50
31916,p15894,1,71
31919,p15895,1,75
31922,p15896,1,62
31925,p15897,1,45
31928,p15898,1,86
31931,p15899,1,17
31932,p15900,1,62
31933,p15901,1,99
31936,p15902,1,17
31939,p15903,1,71
31941,p15904,1,48
31943,p15905,1,92
31944,p15906,1,23
31946,p15907,1,44
31947,p15908,1,77
31948,p15909,1,80
31950,p15910,1,49
31951,p15911,1,44
31952,p15912,1,38
31953,p15913,1,22
31956,p15914,1,77
31958,p15915,1,19
31961,p15916,1,8
31962,p15917,1,79
31964,p15918,1,36
31967,p15919,1,8
31970,p15920,1,3
31971,p15921,1,87
31972,p15922,1,53
31975,p15923,1,19
31976,p15924,1,24
31977,p15925,1,87
31979,p15926,1,98
31982,p15927,1,68
31983,p15928,1,52
31986,p15929,1,6
31988,p15930,1,28
31990,p15931,1,82
31993,p15932,1,5
31996,p15933,1,82
31999,p15934,1,68
32001,p15935,1,49
32004,p15936,1,64
32005,p15937,1,3
32007,p15938,1,53
32009,p15939,1,32
32011,p15940,1,28
32013,p15941,1,59
32016,p15942,1,97
32017,p15943,1,7
32020,p15944,1,92
32023,p15945,1,3
32024,p15946,1,84
32025,p15947,1,99
32027,p15948,1,63
32028,p15949,1,95
32031,p15950,1,89
32033,p15951,1,26
32034,p15952,1,43
32035,p15953,1,61
32038,p15954,1,55
32040,p15955,1,88
32042,p15956,1,94
32044,p15957,1,95
32045,p15958,1,90
32046,p15959,1,49
32047,p15960,1,68
32048,p15961,1,27
32050,p15962,1,50
32051,p15963,1,32
32052,p15964,1,31
32054,p15965,1,17
32056,p15966,1,84
32059,p15967,1,18
32061,p15968,1,21
32064,p15969,1,31
32066,p15970,1,63
32067,p15971,1,16
32069,p15972,1,76
32072,p15973,1,80
32074,p15974,1,56
32075,p15975,1,84
32078,p15976,1,98
32080,p15977,1,10
32082,p15978,1,36
32083,p15979,1,94
32084,p15980,1,73
32086,p15981,1,35
32087,p15982,1,33
32089,p15983,1,75
32092,p15984,1,54
32093,p15985,1,94
32095,p15986,1,68
32096,p15987,1,48
32099,p15988,1,99
32102,p15989,1,36
32105,p15990,1,42
32107,p15991,1,87
32110,p15992,1,69
32112,p15993,1,17
32114,p15994,1,11
32117,p15995,1,94
32119,p15996,1,9
32120,p15997,1,16
32121,p15998,1,87
32124,p15999,1,42
32126,p16000,1,65
32128,p16001,1,3
32131,p16002,1,74
32132,p16003,1,42
32134,p16004,1,40
32136,p16005,1,30
32139,p16006,1,45
32140,p16007,1,25
32143,p16008,1,82
32144,p16009,1,98
32147,p16010,1,92
32149,p16011,1,31
32150,p16012,1,31
32152,p16013,1,76
32153,p16014,1,98
32154,p16015,1,95
32157,p16016,1,62
32160,p16017,1,14
32161,p16018,1,32
32162,p16019,1,88
32164,p16020,1,62
32167,p16021,1,39
32169,p16022,1,69
32171,p16023,1,88
32172,p16024,1,18
32174,p16025,1,70
32177,p16026,1,34
32180,p16027,1,88
32183,p16028,1,89
32186,p16029,1,78
32187,p16030,1,15
32188,p16031,1,51
32191,p16032,1,58
32192,p16033,1,63
32194,p16034,1,48
32195,p16035,1,57
32198,p16036,1,13
32199,p16037,1,77
32201,p16038,1,81
32202,p16039,1,100
32204,p16040,1,100
32205,p16041,1,6
32208,p16042,1,86
32210,p16043,1,12
32212,p16044,1,89
32214,p16045,1,48
32216,p16046,1,38
32219,p16047,1,41
32221,p16048,1,86
32223,p16049,1,88
32224,p16050,1,6
32227,p16051,1,68
32230,p16052,1,77
32232,p16053,1,27
32233,p16054,1,56
32235,p16055,1,10
32236,p16056,1,32
32237,p16057,1,81
32240,p16058,1,89
32241,p16059,1,99
32243,p16060,1,13
32244,p16061,1,67
32245,p16062,1,80
32246,p16063,1,29
32249,p16064,1,7
32251,p16065,1,13
32252,p16066,1,22
32254,p16067,1,18
32255,p16068,1,93
32256,p16069,1,4
32258,p16070,1,91
32261,p16071,1,78
32262,p16072,1,71
32265,p16073,1,22
32267,p16074,1,46
32268,p16075,1,52
32269,p16076,1,35
32270,p16077,1,69
32272,p16078,1,90
32275,p16079,1,63
32278,p16080,1,33
32281,p16081,1,4
32283,p16082,1,11
32284,p16083,1,97
32285,p16084,1,73
32288,p16085,1,19
32290,p16086,1,55
32293,p16087,1,86
32295,p16088,1,94
32297,p16089,1,71
32299,p16090,1,74
32301,p16091,1,66
32303,p16092,1,41
32306,p16093,1,12
32308,p16094,1,18
32309,p16095,1,40
32312,p16096,1,61
32314,p16097,1,40
32315,p16098,1,26
32318,p16099,1,60
32320,p16100,1,53
32323,p16101,1,89
32326,p16102,1,89
32327,p16103,1,91
32328,p16104,1,45
32330,p16105,1,56
32331,p16106,1,78
32334,p16107,1,8
32335,p16108,1,38
32336,p16109,1,89
32338,p16110,1,68
32340,p16111,1,73
32342,p16112,1,57
32345,p16113,1,52
32347,p16114,1,51
32348,p16115,1,30
32351,p16116,1,6
32352,p16117,1,20
32354,p16118,1,42
32356,p16119,1,13
32357,p16120,1,19
32360,p16121,1,59
32362,p16122,1,17
32364,p16123,1,57
32366,p16124,1,95
32367,p16125,1,13
32370,p16126,1,42
32373,p16127,1,59
32376,p16128,1,6
32379,p16129,1,70
32382,p16130,1,68
32384,p16131,1,3
32387,p16132,1,50
32389,p16133,1,81
32392,p16134,1,79
32393,p16135,1,92
32394,p16136,1,77
32397,p16137,1,81
32399,p16138,1,58
32401,p16139,1,57
32402,p16140,1,61
32405,p16141,1,38
32407,p16142,1,4
32408,p16143,1,24
32409,p16144,1,6
32411,p16145,1,86
32414,p16146,1,6
32415,p16147,1,53
32416,p16148,1,54
32419,p16149,1,73
32422,p16150,1,32
32425,p16151,1,68
32428,p16152,1,70
32431,p16153,1,84
32432,p16154,1,92
32433,p16155,1,20
32436,p16156,1,93
32438,p16157,1,13
32440,p16158,1,75
32441,p16159,1,4
32443,p16160,1,93
32446,p16161,1,40
32447,p16162,1,48
32449,p16163,1,90
32451,p16164,1,94
32454,p16165,1,19
32456,p16166,1,96
32459,p16167,1,60
32461,p16168,1,91
32464,p16169,1,29
32467,p16170,1,52
32470,p16171,1,5
32473,p16172,1,49
32476,p16173,1,71
32477,p16174,1,8
32478,p16175,1,51
32480,p16176,1,47
32481,p16177,1,99
32484,p16178,1,100
32485,p16179,1,8
32487,p16180,1,63
32488,p16181,1,30
32489,p16182,1,16
32492,p16183,1,94
32493,p16184,1,93
32495,p16185,1,55
32496,p16186,1,20
32499,p16187,1,97
32500,p16188,1,59
32503,p16189,1,6
32504,p16190,1,81
32507,p16191,1,44
32508,p16192,1,10
32510,p16193,1,73
32511,p16194,1,2
32512,p16195,1,31
32514,p16196,1,4
32515,p16197,1,49
32518,p16198,1,6
32520,p16199,1,29
32523,p16200,1,99
32524,p16201,1,77
32527,p16202,1,70
32528,p16203,1,30
32529,p16204,1,73
32530,p16205,1,95
32533,p16206,1,29
32534,p16207,1,65
32536,p16208,1,94
32537,p16209,1,14
32538,p16210,1,17
32541,p16211,1,16
32542,p16212,1,22
32544,p16213,1,12
32547,p16214,1,94
32550,p16215,1,3
32552,p16216,1,100
32555,p16217,1,48
32558,p16218,1,32
32561,p16219,1,22
32564,p16220,1,19
32565,p16221,1,54
32567,p16222,1,76
32568,p16223,1,62
32569,p16224,1,27
32570,p16225,1,3
32571,p16226,1,82
32574,p16227,1,3
32575,p16228,1,81
32577,p16229,1,74
32578,p16230,1,69
32581,p16231,1,65
32584,p16232,1,51
32585,p16233,1,85
32586,p16234,1,67
32587,p16235,1,29
32590,p16236,1,11
32593,p16237,1,95
32596,p16238,1,2
32597,p16239,1,41
32599,p16240,1,13
32600,p16241,1,61
32602,p16242,1,75
32603,p16243,1,18
32605,p16244,1,94
32607,p16245,1,36
32610,p16246,1,71
32611,p16247,1,50
32614,p16248,1,64
32615,p16249,1,19
32618,p16250,1,35
32620,p16251,1,53
32622,p16252,1,51
32623,p16253,1,60
32625,p16254,1,43
32627,p16255,1,2
32630,p16256,1,13
32632,p16257,1,92
32633,p16258,1,68
32636,p16259,1,91
32639,p16260,1,27
32640,p16261,1,77
32643,p16262,1,44
32645,p16263,1,57
32646,p16264,1,12
32648,p16265,1,9
32651,p16266,1,82
32653,p16267,1,11
32654,p16268,1,12
32657,p16269,1,10
32658,p16270,1,89
32661,p16271,1,50
32664,p16272,1,29
32667,p16273,1,87
32670,p16274,1,30
32673,p16275,1,82
32676,p16276,1,24
32679,p16277,1,65
32680,p16278,1,6
32683,p16279,1,36
32684,p16280,1,55
32685,p16281,1,76
32688,p16282,1,32
32691,p16283,1,14
32693,p16284,1,5
32694,p16285,1,74
32696,p16286,1,91
32698,p16287,1,27
32700,p16288,1,72
32703,p16289,1,87
32705,p16290,1,94
32706,p16291,1,55
32708,p16292,1,11
32711,p16293,1,74
32713,p16294,1,98
32714,p16295,1,87
32716,p16296,1,75
32718,p16297,1,98
32720,p16298,1,31
32722,p16299,1,78
32725,p16300,1,50
32727,p16301,1,46
32730,p16302,1,77
32731,p16303,1,18
32733,p16304,1,58
32734,p16305,1,88
32736,p16306,1,18
32739,p16307,1,100
32740,p16308,1,35
32742,p16309,1,82
32744,p16310,1,49
32746,p16311,1,60
32747,p16312,1,82
32748,p16313,1,30
32751,p16314,1,72
32754,p16315,1,58
32757,p16316,1,85
32759,p16317,1,4
32762,p16318,1,51
32765,p16319,1,28
32768,p16320,1,72
32769,p16321,1,15
32771,p16322,1,50
32774,p16323,1,5
32776,p16324,1,19
32779,p16325,1,35
32780,p16326,1,19
32783,p16327,1,37
32785,p16328,1,31
32786,p16329,1,31
32787,p16330,1,37
32790,p16331,1,76
32793,p16332,1,99
32796,p16333,1,49
32797,p16334,1,32
32799,p16335,1,54
32801,p16336,1,57
32803,p16337,1,72
32804,p16338,1,64
32805,p16339,1,3
32807,p16340,1,17
32810,p16341,1,76
32813,p16342,1,50
32816,p16343,1,26
32817,p16344,1,13
32820,p16345,1,25
32823,p16346,1,71
32825,p16347,1,18
32827,p16348,1,35
32828,p16349,1,60
32829,p16350,1,21
32832,p16351,1,91
32833,p16352,1,12
32834,p16353,1,59
32837,p16354,1,27
32838,p16355,1,24
32840,p16356,1,91
32842,p16357,1,86
32843,p16358,1,89
32844,p16359,1,81
32846,p16360,1,90
32847,p16361,1,24
32849,p16362,1,32
32851,p16363,1,56
32854,p16364,1,55
32855,p16365,1,35
32858,p16366,1,96
32859,p16367,1,23
32861,p16368,1,91
32863,p16369,1,39
32864,p16370,1,16
32865,p16371,1,84
32866,p16372,1,80
32868,p16373,1,32
32871,p16374,1,47
32872,p16375,1,28
32874,p16376,1,38
32875,p16377,1,4
32878,p16378,1,2
32879,p16379,1,22
32880,p16380,1,26
32881,p16381,1,91
32883,p16382,1,45
32884,p16383,1,66
32885,p16384,1,90
32888,p16385,1,28
32891,p16386,1,26
32894,p16387,1,55
32895,p16388,1,26
32896,p16389,1,3
32897,p16390,1,89
32900,p16391,1,84
32901,p16392,1,12
32902,p16393,1,39
32903,p16394,1,4
32905,p16395,1,52
32907,p16396,1,95
32908,p16397,1,57
32910,p16398,1,14
32911,p16399,1,91
32913,p16400,1,59
32916,p16401,1,40
32918,p16402,1,87
32921,p16403,1,79
32923,p16404,1,92
32925,p16405,1,91
32926,p16406,1,31
32929,p16407,1,62
32932,p16408,1,87
32934,p16409,1,11
32935,p16410,1,93
32936,p16411,1,50
32939,p16412,1,8
32940,p16413,1,58
32941,p16414,1,97
32942,p16415,1,4
32943,p16416,1,74
32946,p16417,1,46
32948,p16418,1,97
32951,p16419,1,26
32953,p16420,1,47
32955,p16421,1,55
32958,p16422,1,18
32961,p16423,1,38
32963,p16424,1,51
32966,p16425,1,74
32967,p16426,1,3
32970,p16427,1,99
32972,p16428,1,83
32974,p16429,1,25
32976,p16430,1,52
32979,p16431,1,9
32981,p16432,1,72
32984,p16433,1,25
32986,p16434,1,57
32987,p16435,1,17
32989,p16436,1,49
32992,p16437,1,87
32994,p16438,1,12
32995,p16439,1,42
32996,p16440,1,85
32997,p16441,1,55
32999,p16442,1,93
33001,p16443,1,59
33004,p16444,1,21
33006,p16445,1,11
33009,p16446,1,97
33012,p16447,1,87
33014,p16448,1,25
33016,p16449,1,7
33018,p16450,1,34
33021,p16451,1,63
33024,p16452,1,90
33026,p16453,1,86
33027,p16454,1,39
33029,p16455,1,7
33032,p16456,1,6
33035,p16457,1,91
33036,p16458,1,17
33037,p16459,1,2
33040,p16460,1,71
33041,p16461,1,13
33043,p16462,1,10
33046,p16463,1,85
33047,p16464,1,60
33049,p16465,1,56
33051,p16466,1,60
33052,p16467,1,39
33053,p16468,1,82
33055,p16469,1,31
33058,p16470,1,79
33061,p16471,1,83
33064,p16472,1,24
33066,p16473,1,21
33067,p16474,1,92
33070,p16475,1,9
33071,p16476,1,31
33074,p16477,1,89
33075,p16478,1,68
33076,p16479,1,64
33077,p16480,1,6
33078,p16481,1,100
33080,p16482,1,34
33083,p16483,1,82
33085,p16484,1,27
33087,p16485,1,9
33089,p16486,1,67
33091,p16487,1,19
33092,p16488,1,95
33095,p16489,1,70
33097,p16490,1,33
33099,p16491,1,15
33101,p16492,1,5
33103,p16493,1,23
33104,p16494,1,22
33105,p16495,1,32
33107,p16496,1,42
33108,p16497,1,9
33111,p16498,1,98
33114,p16499,1,68
33116,p16500,1,7
33117,p16501,1,56
33119,p16502,1,8
33122,p16503,1,94
33124,p16504,1,5
33127,p16505,1,24
33130,p16506,1,78
33132,p16507,1,51
33133,p16508,1,78
33136,p16509,1,62
33137,p16510,1,89
33139,p16511,1,74
33140,p16512,1,62
33141,p16513,1,20
33144,p16514,1,60
33147,p16515,1,9
33149,p16516,1,9
33152,p16517,1,92
33153,p16518,1,19
33155,p16519,1,67
33156,p16520,1,67
33159,p16521,1,89
33162,p16522,1,9
33164,p16523,1,34
33166,p16524,1,70
33168,p16525,1,67
33171,p16526,1,48
33172,p16527,1,57
33174,p16528,1,99
33175,p16529,1,2
33178,p16530,1,43
33179,p16531,1,34
33182,p16532,1,82
33183,p16533,1,90
33185,p16534,1,14
33188,p16535,1,48
33189,p16536,1,12
33192,p16537,1,74
33195,p16538,1,92
33196,p16539,1,15
33198,p16540,1,41
33199,p16541,1,96
33200,p16542,1,5
33201,p16543,1,71
33203,p16544,1,75
33205,p16545,1,63
33207,p16546,1,36
33208,p16547,1,60
33211,p16548,1,27
33214,p16549,1,89
33217,p16550,1,37
33218,p16551,1,13
33220,p16552,1,28
33223,p16553,1,83
33224,p16554,1,47
33225,p16555,1,66
33227,p16556,1,52
33229,p16557,1,31
33230,p16558,1,55
33231,p16559,1,96
33234,p16560,1,68
33235,p16561,1,79
33236,p16562,1,54
33237,p16563,1,12
33240,p16564,1,59
33241,p16565,1,72
33244,p16566,1,9
33245,p16567,1,5
33247,p16568,1,57
33250,p16569,1,22
33253,p16570,1,35
33256,p16571,1,100
33258,p16572,1,94
33261,p16573,1,36
33263,p16574,1,57
33266,p16575,1,78
33269,p16576,1,65
33272,p16577,1,86
33274,p16578,1,40
33276,p16579,1,62
33279,p16580,1,33
33282,p16581,1,50
33285,p16582,1,67
33286,p16583,1,54
33288,p16584,1,73
33290,p16585,1,71
33292,p16586,1,8
33293,p16587,1,70
33294,p16588,1,24
33297,p16589,1,51
33298,p16590,1,62
33299,p16591,1,38
33301,p16592,1,61
33303,p16593,1,58
33304,p16594,1,59
33307,p16595,1,4
33310,p16596,1,44
33311,p16597,1,8
33312,p16598,1,15
33315,p16599,1,64
33317,p16600,1,38
33318,p16601,1,97
33319,p16602,1,36
33322,p16603,1,46
33324,p16604,1,72
33326,p16605,1,15
33329,p16606,1,47
33331,p16607,1,67
33333,p16608,1,40
33336,p16609,1,21
33337,p16610,1,76
33339,p16611,1,91
33342,p16612,1,8
33343,p16613,1,21
33346,p16614,1,20
33349,p16615,1,87
33352,p16616,1,81
33354,p16617,1,51
33356,p16618,1,59
33359,p16619,1,82
33362,p16620,1,82
33365,p16621,1,93
33366,p16622,1,8
33368,p16623,1,3
33371,p16624,1,74
33374,p16625,1,64
33376,p16626,1,78
33377,p16627,1,84
33380,p16628,1,89
33383,p16629,1,50
33384,p16630,1,18
33386,p16631,1,87
33388,p16632,1,77
33390,p16633,1,2
33392,p16634,1,63
33395,p16635,1,81
33396,p16636,1,77
33399,p16637,1,50
33400,p16638,1,93
33403,p16639,1,82
33405,p16640,1,20
33406,p16641,1,54
33408,p16642,1,14
33409,p16643,1,46
33412,p16644,1,48
33414,p16645,1,5
33415,p16646,1,49
33417,p16647,1,33
33419,p16648,1,9
33420,p16649,1,22
33422,p16650,1,77
33425,p16651,1,9
33427,p16652,1,56
33429,p16653,1,57
33432,p16654,1,6
33435,p16655,1,93
33437,p16656,1,40
33439,p16657,1,61
33442,p16658,1,91
33443,p16659,1,90
33444,p16660,1,64
33447,p16661,1,15
33449,p16662,1,38
33451,p16663,1,59
33452,p16664,1,45
33454,p16665,1,18
33456,p16666,1,22
33459,p16667,1,89
33462,p16668,1,99
33465,p16669,1,28
33468,p16670,1,74
33470,p16671,1,78
33471,p16672,1,33
33473,p16673,1,43
33476,p16674,1,87
33479,p16675,1,79
33482,p16676,1,46
33485,p16677,1,18
33488,p16678,1,35
33489,p16679,1,58
33490,p16680,1,48
33491,p16681,1,79
33492,p16682,1,80
33494,p16683,1,44
33497,p16684,1,30
33498,p16685,1,43
33499,p16686,1,49
33501,p16687,1,7
33503,p16688,1,69
33505,p16689,1,85
33508,p16690,1,59
33510,p16691,1,12
33511,p16692,1,7
33512,p16693,1,13
33515,p16694,1,75
33518,p16695,1,76
33521,p16696,1,78
33522,p16697,1,79
33524,p16698,1,83
33526,p16699,1,76
33529,p16700,1,71
33532,p16701,1,44
33533,p16702,1,33
33536,p16703,1,16
33537,p16704,1,72
33539,p16705,1,99
33540,p16706,1,29
33542,p16707,1,63
33544,p16708,1,85
33547,p16709,1,96
33548,p16710,1,79
33549,p16711,1,56
33550,p16712,1,5
33551,p16713,1,88
33554,p16714,1,19
33556,p16715,1,44
33559,p16716,1,77
33561,p16717,1,80
33563,p16718,1,63
33564,p16719,1,39
33566,p16720,1,90
33569,p16721,1,37
33570,p16722,1,95
33571,p16723,1,27
33574,p16724,1,31
33576,p16725,1,11
33579,p16726,1,4
33580,p16727,1,58
33582,p16728,1,11
33585,p16729,1,79
33587,p16730,1,48
33588,p16731,1,94
33590,p16732,1,58
33591,p16733,1,3
33592,p16734,1,2
33593,p16735,1,22
33594,p16736,1,59
33597,p16737,1,41
33599,p16738,1,86
33601,p16739,1,46
33602,p16740,1,24
33605,p16741,1,94
33608,p16742,1,51
33609,p16743,1,56
33611,p16744,1,8
33612,p16745,1,87
33613,p16746,1,3
33615,p16747,1,75
33617,p16748,1,93
33620,p16749,1,69
33622,p16750,1,17
33625,p16751,1,25
33627,p16752,1,68
33628,p16753,1,77
33629,p16754,1,77
33630,p16755,1,98
33633,p16756,1,29
33634,p16757,1,40
33636,p16758,1,84
33639,p16759,1,33
33641,p16760,1,90
33642,p16761,1,85
33644,p16762,1,6
33645,p16763,1,97
33647,p16764,1,92
33648,p16765,1,43
33649,p16766,1,58
33650,p16767,1,51
33653,p16768,1,42
33654,p16769,1,78
33655,p16770,1,50
33656,p16771,1,12
33659,p16772,1,38
33660,p16773,1,79
33662,p16774,1,3
33663,p16775,1,87
33666,p16776,1,98
33669,p16777,1,8
33671,p16778,1,61
33674,p16779,1,70
33675,p16780,1,19
33676,p16781,1,77
33679,p16782,1,53
33681,p16783,1,98
33684,p16784,1,37
33685,p16785,1,86
33686,p16786,1,81
33687,p16787,1,58
33688,p16788,1,53
33690,p16789,1,85
33692,p16790,1,86
33693,p16791,1,64
33696,p16792,1,66
33699,p16793,1,76
33702,p16794,1,56
33705,p16795,1,57
33708,p16796,1,77
33710,p16797,1,43
33712,p16798,1,48
33715,p16799,1,73
33718,p16800,1,22
33719,p16801,1,70
33720,p16802,1,69
33723,p16803,1,96
33724,p16804,1,93
33726,p16805,1,92
33729,p16806,1,62
33732,p16807,1,35
33735,p16808,1,36
33738,p16809,1,48
33740,p16810,1,77
33741,p16811,1,53
33744,p16812,1,77
33745,p16813,1,26
33747,p16814,1,82
33749,p16815,1,89
33751,p16816,1,25
33754,p16817,1,89
33757,p16818,1,100
33760,p16819,1,84
33762,p16820,1,4
33764,p16821,1,19
33766,p16822,1,86
33767,p16823,1,41
33768,p16824,1,58
33770,p16825,1,30
33772,p16826,1,13
33775,p16827,1,20
33778,p16828,1,38
33779,p16829,1,68
33781,p16830,1,96
33782,p16831,1,22
33785,p16832,1,87
33786,p16833,1,31
33789,p16834,1,79
33791,p16835,1,93
33793,p16836,1,99
33795,p16837,1,72
33797,p16838,1,74
33799,p16839,1,54
33800,p16840,1,25
33801,p16841,1,100
33802,p16842,1,57
33805,p16843,1,11
33807,p16844,1,84
33810,p16845,1,73
33812,p16846,1,73
33815,p16847,1,8
33817,p16848,1,48
33820,p16849,1,2
33823,p16850,1,84
33826,p16851,1,22
33828,p16852,1,56
33831,p16853,1,42
33832,p16854,1,16
33835,p16855,1,82
33836,p16856,1,74
33837,p16857,1,92
33840,p16858,1,91
33843,p16859,1,83
33846,p16860,1,9
33847,p16861,1,36
33850,p16862,1,44
33853,p16863,1,87
33856,p16864,1,4
33858,p16865,1,40
33859,p16866,1,67
33860,p16867,1,24
33863,p16868,1,55
33865,p16869,1,81
33868,p16870,1,3
33871,p16871,1,97
33874,p16872,1,89
33877,p16873,1,20
33878,p16874,1,23
33881,p16875,1,11
33884,p16876,1,22
33885,p16877,1,46
33888,p16878,1,51
33891,p16879,1,15
33894,p16880,1,16
33897,p16881,1,89
33900,p16882,1,92
33903,p16883,1,89
33904,p16884,1,19
33907,p16885,1,94
33908,p16886,1,80
33911,p16887,1,75
33913,p16888,1,5
33914,p16889,1,67
33916,p16890,1,91
33919,p16891,1,67
33922,p16892,1,20
33923,p16893,1,8
33924,p16894,1,49
33927,p16895,1,41
33930,p16896,1,39
33931,p16897,1,26
33933,p16898,1,53
33936,p16899,1,57
33938,p16900,1,57
33941,p16901,1,47
33944,p16902,1,8
33947,p16903,1,79
33949,p16904,1,82
33952,p16905,1,69
33953,p16906,1,4
33956,p16907,1,88
33958,p16908,1,100
33961,p16909,1,21
33963,p16910,1,50
33964,p16911,1,90
33967,p16912,1,50
33968,p16913,1,51
33971,p16914,1,35
33972,p16915,1,51
33975,p16916,1,39
33978,p16917,1,9
33979,p16918,1,85
33981,p16919,1,46
33982,p16920,1,37
33983,p16921,1,16
33984,p16922,1,78
33986,p16923,1,30
33989,p16924,1,91
33992,p16925,1,44
33993,p16926,1,50
33996,p16927,1,47
33998,p16928,1,6
34001,p16929,1,62
34002,p16930,1,71
34005,p16931,1,96
34007,p16932,1,42
34010,p16933,1,61
34011,p16934,1,41
34013,p16935,1,26
34016,p16936,1,96
34017,p16937,1,4
34020,p16938,1,21
34021,p16939,1,13
34023,p16940,1,78
34025,p16941,1,58
34028,p16942,1,46
34031,p16943,1,85
34032,p16944,1,70
34033,p16945,1,92
34036,p16946,1,36
34039,p16947,1,33
34040,p16948,1,45
34041,p16949,1,76
34044,p16950,1,3
34045,p16951,1,38
34048,p16952,1,6
34049,p16953,1,23
34050,p16954,1,21
34052,p16955,1,57
34055,p16956,1,16
34058,p16957,1,63
34059,p16958,1,27
34061,p16959,1,69
34062,p16960,1,40
34064,p16961,1,93
34065,p16962,1,88
34068,p16963,1,75
34070,p16964,1,17
34071,p16965,1,91
34072,p16966,1,52
34074,p16967,1,34
34076,p16968,1,58
34077,p16969,1,28
34080,p16970,1,74
34082,p16971,1,28
34083,p16972,1,9
34085,p16973,1,14
34086,p16974,1,65
34089,p16975,1,87
34090,p16976,1,67
34091,p16977,1,27
34094,p16978,1,32
34095,p16979,1,39
34097,p16980,1,53
34098,p16981,1,46
34100,p16982,1,78
34102,p16983,1,2
34105,p16984,1,78
34106,p16985,1,56
34107,p16986,1,42
34108,p16987,1,42
34111,p16988,1,9
34112,p16989,1,41
34115,p16990,1,34
34118,p16991,1,47
34119,p16992,1,38
34121,p16993,1,21
34123,p16994,1,73
34125,p16995,1,66
34128,p16996,1,5
34129,p16997,1,90
34130,p16998,1,72
34133,p16999,1,44
34135,p17000,1,63
34136,p17001,1,57
34139,p17002,1,53
34140,p17003,1,89
34141,p17004,1,61
34144,p17005,1,67
34146,p17006,1,58
34149,p17007,1,9
34151,p17008,1,92
34152,p17009,1,34
34153,p17010,1,38
34156,p17011,1,19
34159,p17012,1,48
34160,p17013,1,82
34161,p17014,1,85
34162,p17015,1,28
34164,p17016,1,42
34167,p17017,1,11
34168,p17018,1,27
34171,p17019,1,13
34173,p17020,1,68
34175,p17021,1,82
34176,p17022,1,60
34178,p17023,1,42
34180,p17024,1,7
34181,p17025,1,68
34182,p17026,1,50
34184,p17027,1,23
34187,p17028,1,46
34190,p17029,1,37
34192,p17030,1,49
34193,p17031,1,84
34195,p17032,1,83
34197,p17033,1,50
34199,p17034,1,62
34200,p17035,1,13
34202,p17036,1,100
34205,p17037,1,71
34206,p17038,1,73
34209,p17039,1,85
34212,p17040,1,4
34215,p17041,1,17
34218,p17042,1,63
34221,p17043,1,11
34222,p17044,1,6
34224,p17045,1,92
34225,p17046,1,80
34228,p17047,1,57
34231,p17048,1,74
34232,p17049,1,51
34235,p17050,1,31
34236,p17051,1,49
34238,p17052,1,20
34241,p17053,1,62
34243,p17054,1,66
34246,p17055,1,6
34248,p17056,1,83
34249,p17057,1,11
34250,p17058,1,84
34252,p17059,1,2
34253,p17060,1,63
34254,p17061,1,83
34256,p17062,1,96
34258,p17063,1,3
34259,p17064,1,5
34262,p17065,1,47
34265,p17066,1,95
34266,p17067,1,81
34268,p17068,1,59
34271,p17069,1,86
34274,p17070,1,10
34275,p17071,1,12
34278,p17072,1,22
34279,p17073,1,48
34281,p17074,1,62
34283,p17075,1,32
34285,p17076,1,67
34286,p17077,1,60
34287,p17078,1,24
34288,p17079,1,32
34290,p17080,1,17
34291,p17081,1,66
34292,p17082,1,31
34295,p17083,1,8
34297,p17084,1,49
34299,p17085,1,30
34302,p17086,1,16
34305,p17087,1,16
34308,p17088,1,50
34310,p17089,1,99
34311,p17090,1,42
34312,p17091,1,18
34314,p17092,1,32
34315,p17093,1,91
34317,p17094,1,16
34319,p17095,1,94
34322,p17096,1,82
34323,p17097,1,81
34326,p17098,1,85
34329,p17099,1,79
34331,p17100,1,96
34334,p17101,1,22
34336,p17102,1,29
34339,p17103,1,96
34342,p17104,1,4
34343,p17105,1,14
34344,p17106,1,74
34347,p17107,1,53
34350,p17108,1,27
34353,p17109,1,90
34354,p17110,1,87
34355,p17111,1,47
34357,p17112,1,78
34358,p17113,1,64
34359,p17114,1,62
34360,p17115,1,88
34362,p17116,1,49
34364,p17117,1,4
34367,p17118,1,89
34370,p17119,1,21
34373,p17120,1,21
34374,p17121,1,66
34375,p17122,1,48
34376,p17123,1,42
34377,p17124,1,12
34379,p17125,1,36
34381,p17126,1,66
34382,p17127,1,38
34385,p17128,1,57
34387,p17129,1,17
34390,p17130,1,11
34391,p17131,1,50
34393,p17132,1,84
34394,p17133,1,97
34396,p17134,1,48
34398,p17135,1,74
34399,p17136,1,44
34401,p17137,1,100
34404,p17138,1,39
34407,p17139,1,95
34410,p17140,1,64
34413,p17141,1,32
34415,p17142,1,21
34418,p17143,1,70
34419,p17144,1,41
34422,p17145,1,58
34423,p17146,1,17
34424,p17147,1,58
34427,p17148,1,66
34428,p17149,1,44
34430,p17150,1,20
34432,p17151,1,79
34433,p17152,1,26
34435,p17153,1,20
34437,p17154,1,16
34438,p17155,1,50
34441,p17156,1,81
34442,p17157,1,79
34445,p17158,1,69
34447,p17159,1,12
34450,p17160,1,86
34453,p17161,1,53
34454,p17162,1,42
34455,p17163,1,80
34457,p17164,1,78
34460,p17165,1,13
34462,p17166,1,87
34465,p17167,1,86
34468,p17168,1,25
34470,p17169,1,33
34471,p17170,1,44
34473,p17171,1,19
34475,p17172,1,79
34477,p17173,1,93
34478,p17174,1,89
34479,p17175,1,82
34480,p17176,1,39
34481,p17177,1,70
34482,p17178,1,18
34484,p17179,1,99
34486,p17180,1,21
34487,p17181,1,85
34488,p17182,1,90
34491,p17183,1,3
34493,p17184,1,54
34496,p17185,1,10
34497,p17186,1,95
34498,p17187,1,12
34499,p17188,1,86
34500,p17189,1,91
34503,p17190,1,26
34504,p17191,1,41
34507,p17192,1,83
34510,p17193,1,97
34513,p17194,1,13
34515,p17195,1,26
34516,p17196,1,65
34518,p17197,1,53
34520,p17198,1,26
34523,p17199,1,55
34524,p17200,1,30
34525,p17201,1,69
34527,p17202,1,32
34530,p17203,1,16
34532,p17204,1,42
34534,p17205,1,61
34537,p17206,1,27
34538,p17207,1,23
34541,p17208,1,39
34543,p17209,1,98
34544,p17210,1,75
34546,p17211,1,57
34548,p17212,1,12
34551,p17213,1,62
34554,p17214,1,95
34555,p17215,1,42
34556,p17216,1,82
34557,p17217,1,3
34560,p17218,1,9
34561,p17219,1,88
34564,p17220,1,96
34566,p17221,1,76
34569,p17222,1,15
34571,p17223,1,2
34573,p17224,1,36
34575,p17225,1,41
34578,p17226,1,33
34581,p17227,1,63
34583,p17228,1,76
34585,p17229,1,66
34586,p17230,1,23
34589,p17231,1,17
34590,p17232,1,8
34593,p17233,1,53
34594,p17234,1,92
34597,p17235,1,37
34598,p17236,1,46
34599,p17237,1,45
34600,p17238,1,24
34602,p17239,1,53
34603,p17240,1,48
34606,p17241,1,27
34609,p17242,1,46
34612,p17243,1,16
34614,p17244,1,88
34617,p17245,1,59
34618,p17246,1,66
34619,p17247,1,80
34620,p17248,1,53
34622,p17249,1,72
34623,p17250,1,85
34625,p17251,1,36
34628,p17252,1,2
34630,p17253,1,74
34632,p17254,1,93
34635,p17255,1,49
34636,p17256,1,33
34637,p17257,1,94
34639,p17258,1,35
34641,p17259,1,69
34643,p17260,1,14
34644,p17261,1,62
34646,p17262,1,84
34648,p17263,1,63
34650,p17264,1,27
34653,p17265,1,78
34655,p17266,1,41
34656,p17267,1,9
34659,p17268,1,41
34660,p17269,1,27
34662,p17270,1,51
34663,p17271,1,60
34665,p17272,1,31
34668,p17273,1,61
34669,p17274,1,20
34670,p17275,1,5
34671,p17276,1,41
34674,p17277,1,3
34676,p17278,1,12
34679,p17279,1,44
34680,p17280,1,65
34682,p17281,1,92
34685,p17282,1,89
34686,p17283,1,90
34688,p17284,1,90
34690,p17285,1,57
34691,p17286,1,15
34693,p17287,1,94
34694,p17288,1,65
34696,p17289,1,63
34697,p17290,1,33
34699,p17291,1,69
34700,p17292,1,100
34701,p17293,1,39
34703,p17294,1,70
34704,p17295,1,11
34705,p17296,1,10
34707,p17297,1,98
34710,p17298,1,22
34711,p17299,1,54
34714,p17300,1,20
34717,p17301,1,74
34719,p17302,1,92
34722,p17303,1,12
34725,p17304,1,28
34727,p17305,1,49
34728,p17306,1,79
34729,p17307,1,31
34730,p17308,1,89
34733,p17309,1,37
34735,p17310,1,25
34736,p17311,1,67
34739,p17312,1,37
34741,p17313,1,24
34742,p17314,1,75
34744,p17315,1,48
34746,p17316,1,20
34749,p17317,1,81
34751,p17318,1,56
34752,p17319,1,32
34754,p17320,1,92
34757,p17321,1,38
34758,p17322,1,11
34760,p17323,1,43
34763,p17324,1,41
34764,p17325,1,14
34767,p17326,1,26
34769,p17327,1,37
34772,p17328,1,97
34774,p17329,1,84
34776,p17330,1,80
34779,p17331,1,12
34782,p17332,1,34
34785,p17333,1,14
34787,p17334,1,82
34789,p17335,1,75
34791,p17336,1,45
34792,p17337,1,2
34793,p17338,1,6
34794,p17339,1,90
34797,p17340,1,22
34798,p17341,1,82
34800,p17342,1,42
34801,p17343,1,51
34802,p17344,1,17
34804,p17345,1,13
34807,p17346,1,90
34808,p17347,1,76
34811,p17348,1,95
34812,p17349,1,31
34814,p17350,1,20
34817,p17351,1,77
34820,p17352,1,86
34822,p17353,1,29
34823,p17354,1,16
34825,p17355,1,5
34828,p17356,1,71
34829,p17357,1,99
34830,p17358,1,23
34831,p17359,1,91
34832,p17360,1,13
34834,p17361,1,28
34835,p17362,1,62
34837,p17363,1,48
34838,p17364,1,29
34840,p17365,1,56
34841,p17366,1,62
34842,p17367,1,14
34844,p17368,1,51
34845,p17369,1,69
34847,p17370,1,59
34848,p17371,1,58
34849,p17372,1,3
34852,p17373,1,32
34854,p17374,1,58
34856,p17375,1,37
34857,p17376,1,23
34859,p17377,1,93
34861,p17378,1,82
34862,p17379,1,77
34864,p17380,1,7
34865,p17381,1,14
34867,p17382,1,16
34870,p17383,1,51
34872,p17384,1,77
34874,p17385,1,35
34875,p17386,1,44
34877,p17387,1,16
34879,p17388,1,72
34882,p17389,1,68
34883,p17390,1,74
34884,p17391,1,38
34886,p17392,1,39
34889,p17393,1,36
34892,p17394,1,29
34895,p17395,1,88
34898,p17396,1,91
34899,p17397,1,86
34900,p17398,1,77
34902,p17399,1,59
34904,p17400,1,67
34905,p17401,1,15
34908,p17402,1,44
34910,p17403,1,86
34911,p17404,1,3
34914,p17405,1,61
34915,p17406,1,50
34918,p17407,1,20
34920,p17408,1,29
34922,p17409,1,92
34923,p17410,1,70
34925,p17411,1,39
34926,p17412,1,53
34927,p17413,1,68
34930,p17414,1,72
34932,p17415,1,32
34935,p17416,1,97
34938,p17417,1,72
34940,p17418,1,51
34941,p17419,1,81
34944,p17420,1,92
34947,p17421,1,68
34950,p17422,1,53
34953,p17423,1,54
34956,p17424,1,16
34959,p17425,1,93
34961,p17426,1,55
34964,p17427,1,89
34965,p17428,1,43
34968,p17429,1,81
34971,p17430,1,99
34973,p17431,1,82
34975,p17432,1,37
34978,p17433,1,70
34981,p17434,1,23
34984,p17435,1,31
34985,p17436,1,65
34988,p17437,1,85
34991,p17438,1,23
34993,p17439,1,40
34994,p17440,1,21
34997,p17441,1,22
34999,p17442,1,84
35002,p17443,1,69
35003,p17444,1,25
35005,p17445,1,79
35007,p17446,1,8
35010,p17447,1,38
35013,p17448,1,6
35015,p17449,1,19
35017,p17450,1,61
35020,p17451,1,72
35022,p17452,1,28
35025,p17453,1,28
35027,p17454,1,12
35030,p17455,1,37
35032,p17456,1,83
35034,p17457,1,15
35035,p17458,1,25
35036,p17459,1,2
35038,p17460,1,69
35040,p17461,1,61
35042,p17462,1,40
35044,p17463,1,24
35046,p17464,1,8
35048,p17465,1,100
35050,p17466,1,78
35051,p17467,1,68
35053,p17468,1,72
35055,p17469,1,69
35057,p17470,1,24
35060,p17471,1,36
35061,p17472,1,57
35063,p17473,1,66
35065,p17474,1,29
35067,p17475,1,15
35070,p17476,1,52
35073,p17477,1,75
35076,p17478,1,33
35077,p17479,1,63
35080,p17480,1,48
35083,p17481,1,41
35086,p17482,1,38
35089,p17483,1,50
35091,p17484,1,60
35093,p17485,1,42
35095,p17486,1,80
35098,p17487,1,63
35100,p17488,1,97
35101,p17489,1,10
35103,p17490,1,44
35105,p17491,1,30
35107,p17492,1,99
35109,p17493,1,2
35110,p17494,1,57
35112,p17495,1,56
35114,p17496,1,57
35115,p17497,1,71
35116,p17498,1,15
35117,p17499,1,36
35120,p17500,1,17
35122,p17501,1,11
35124,p17502,1,73
35126,p17503,1,41
35127,p17504,1,60
35130,p17505,1,99
35133,p17506,1,40
35135,p17507,1,83
35137,p17508,1,99
35140,p17509,1,46
35143,p17510,1,69
35145,p17511,1,71
35146,p17512,1,67
35147,p17513,1,3
35149,p17514,1,43
35151,p17515,1,70
35153,p17516,1,87
35154,p17517,1,21
35156,p17518,1,94
35159,p17519,1,20
35161,p17520,1,66
35164,p17521,1,53
35167,p17522,1,44
35169,p17523,1,68
35170,p17524,1,38
35171,p17525,1,39
35172,p17526,1,31
35174,p17527,1,62
35176,p17528,1,97
35177,p17529,1,18
35178,p17530,1,16
35179,p17531,1,18
35180,p17532,1,38
35181,p17533,1,87
35183,p17534,1,61
35186,p17535,1,22
35188,p17536,1,3
35189,p17537,1,11
35191,p17538,1,55
35194,p17539,1,31
35195,p17540,1,53
35197,p17541,1,88
35199,p17542,1,22
35202,p17543,1,69
35204,p17544,1,17
35205,p17545,1,47
35206,p17546,1,71
35207,p17547,1,8
35209,p17548,1,70
35211,p17549,1,38
35214,p17550,1,31
35217,p17551,1,28
35220,p17552,1,61
35222,p17553,1,85
35224,p17554,1,50
35226,p17555,1,8
35228,p17556,1,27
35230,p17557,1,69
35233,p17558,1,22
35236,p17559,1,82
35238,p17560,1,60
35241,p17561,1,61
35242,p17562,1,12
35243,p17563,1,68
35244,p17564,1,72
35247,p17565,1,94
35248,p17566,1,35
35249,p17567,1,51
35251,p17568,1,9
35254,p17569,1,74
35255,p17570,1,10
35257,p17571,1,78
35259,p17572,1,75
35262,p17573,1,12
35263,p17574,1,66
35265,p17575,1,51
35267,p17576,1,46
35268,p17577,1,48
35270,p17578,1,13
35271,p17579,1,69
35272,p17580,1,65
35275,p17581,1,41
35276,p17582,1,3
35279,p17583,1,78
35281,p17584,1,7
35282,p17585,1,86
35285,p17586,1,50
35288,p17587,1,82
35290,p17588,1,20
35293,p17589,1,17
35294,p17590,1,70
35296,p17591,1,62
35298,p17592,1,15
35299,p17593,1,45
35301,p17594,1,77
35302,p17595,1,13
35303,p17596,1,36
35305,p17597,1,41
35308,p17598,1,7
35311,p17599,1,32
35314,p17600,1,64
35317,p17601,1,77
35320,p17602,1,36
35321,p17603,1,47
35324,p17604,1,11
35325,p17605,1,57
35327,p17606,1,2
35330,p17607,1,27
35332,p17608,1,60
35334,p17609,1,24
35337,p17610,1,32
35338,p17611,1,10
35339,p17612,1,19
35340,p17613,1,67
35342,p17614,1,6
35344,p17615,1,94
35347,p17616,1,95
35348,p17617,1,14
35351,p17618,1,33
35354,p17619,1,67
35355,p17620,1,84
35356,p17621,1,8
35358,p17622,1,22
35360,p17623,1,60
35363,p17624,1,80
35364,p17625,1,53
35366,p17626,1,42
35369,p17627,1,85
35372,p17628,1,88
35374,p17629,1,58
35375,p17630,1,47
35378,p17631,1,7
35380,p17632,1,77
35382,p17633,1,99
35385,p17634,1,31
35387,p17635,1,12
35389,p17636,1,24
35390,p17637,1,65
35391,p17638,1,54
35394,p17639,1,88
35395,p17640,1,45
35397,p17641,1,91
35400,p17642,1,41
35402,p17643,1,23
35405,p17644,1,58
35408,p17645,1,59
35411,p17646,1,26
35412,p17647,1,68
35415,p17648,1,64
35417,p17649,1,74
35418,p17650,1,49
35420,p17651,1,42
35423,p17652,1,51
35426,p17653,1,63
35429,p17654,1,74
35432,p17655,1,63
35435,p17656,1,28
35438,p17657,1,98
35440,p17658,1,74
35441,p17659,1,28
35443,p17660,1,65
35444,p17661,1,52
35445,p17662,1,15
35447,p17663,1,97
35448,p17664,1,12
35449,p17665,1,67
35450,p17666,1,6
35452,p17667,1,48
35455,p17668,1,10
35456,p17669,1,13
35459,p17670,1,61
35460,p17671,1,88
35462,p17672,1,30
35464,p17673,1,34
35465,p17674,1,2
35467,p17675,1,31
35468,p17676,1,80
35470,p17677,1,68
35472,p17678,1,12
35473,p17679,1,75
35476,p17680,1,4
35477,p17681,1,20
35478,p17682,1,72
35480,p17683,1,20
35482,p17684,1,92
35485,p17685,1,79
35486,p17686,1,52
35489,p17687,1,13
35491,p17688,1,86
35494,p17689,1,65
35496,p17690,1,58
35499,p17691,1,33
35501,p17692,1,11
35504,p17693,1,17
35507,p17694,1,17
35508,p17695,1,4
35509,p17696,1,76
35512,p17697,1,14
35514,p17698,1,92
35517,p17699,1,4
35519,p17700,1,86
35522,p17701,1,30
35523,p17702,1,75
35524,p17703,1,74
35525,p17704,1,11
35528,p17705,1,38
35529,p17706,1,69
35531,p17707,1,30
35533,p17708,1,69
35535,p17709,1,73
35537,p17710,1,44
35538,p17711,1,58
35541,p17712,1,98
35543,p17713,1,61
35545,p17714,1,47
35548,p17715,1,95
35549,p17716,1,71
35550,p17717,1,9
35552,p17718,1,74
35555,p17719,1,24
35556,p17720,1,33
35557,p17721,1,41
35559,p17722,1,2
35560,p17723,1,64
35561,p17724,1,20
35564,p17725,1,28
35566,p17726,1,34
35568,p17727,1,73
35571,p17728,1,64
35573,p17729,1,41
35575,p17730,1,93
35576,p17731,1,50
35579,p17732,1,96
35582,p17733,1,87
35583,p17734,1,17
35585,p17735,1,12
35588,p17736,1,35
35589,p17737,1,49
35592,p17738,1,87
35595,p17739,1,20
35598,p17740,1,83
35599,p17741,1,76
35601,p17742,1,9
35604,p17743,1,85
35605,p17744,1,18
35608,p17745,1,88
35611,p17746,1,25
35614,p17747,1,44
35616,p17748,1,31
35617,p17749,1,82
35618,p17750,1,74
35620,p17751,1,81
35622,p17752,1,5
35624,p17753,1,55
35625,p17754,1,32
35628,p17755,1,20
35630,p17756,1,47
35632,p17757,1,16
35633,p17758,1,81
35636,p17759,1,69
35637,p17760,1,89
35639,p17761,1,53
35642,p17762,1,25
35643,p17763,1,30
35644,p17764,1,89
35646,p17765,1,22
35649,p17766,1,61
35651,p17767,1,6
35654,p17768,1,69
35655,p17769,1,66
35657,p17770,1,57
35658,p17771,1,77
35659,p17772,1,9
35660,p17773,1,74
35661,p17774,1,42
35662,p17775,1,68
35664,p17776,1,21
35665,p17777,1,100
35668,p17778,1,29
35671,p17779,1,14
35672,p17780,1,2
35675,p17781,1,85
35677,p17782,1,99
35678,p17783,1,23
35679,p17784,1,3
35680,p17785,1,89
35683,p17786,1,16
35684,p17787,1,24
35687,p17788,1,15
35688,p17789,1,21
35691,p17790,1,68
35692,p17791,1,34
35695,p17792,1,68
35698,p17793,1,80
35699,p17794,1,19
35700,p17795,1,41
35703,p17796,1,32
35705,p17797,1,41
35708,p17798,1,79
35710,p17799,1,95
35711,p17800,1,46
35712,p17801,1,80
35713,p17802,1,73
35716,p17803,1,92
35717,p17804,1,22
35720,p17805,1,35
35722,p17806,1,32
35723,p17807,1,91
35725,p17808,1,87
35727,p17809,1,89
35728,p17810,1,16
35729,p17811,1,16
35732,p17812,1,27
35733,p17813,1,77
35735,p17814,1,16
35737,p17815,1,2
35738,p17816,1,79
35740,p17817,1,21
35741,p17818,1,67
35742,p17819,1,14
35745,p17820,1,19
35748,p17821,1,51
35750,p17822,1,65
35753,p17823,1,12
35756,p17824,1,50
35758,p17825,1,62
35759,p17826,1,10
35760,p17827,1,53
35762,p17828,1,70
35764,p17829,1,51
35765,p17830,1,6
35767,p17831,1,70
35769,p17832,1,49
35770,p17833,1,75
35772,p17834,1,65
35773,p17835,1,49
35775,p17836,1,5
35776,p17837,1,79
35778,p17838,1,37
35779,p17839,1,24
35780,p17840,1,23
35783,p17841,1,35
35784,p17842,1,29
35787,p17843,1,66
35790,p17844,1,47
35792,p17845,1,37
35795,p17846,1,36
35797,p17847,1,75
35800,p17848,1,65
35803,p17849,1,44
35806,p17850,1,18
35808,p17851,1,36
35810,p17852,1,99
35811,p17853,1,98
35812,p17854,1,31
35814,p17855,1,11
35816,p17856,1,25
35818,p17857,1,66
35819,p17858,1,50
35821,p17859,1,68
35822,p17860,1,53
35824,p17861,1,98
35825,p17862,1,75
35828,p17863,1,97
35830,p17864,1,26
35831,p17865,1,12
35834,p17866,1,71
35837,p17867,1,48
35839,p17868,1,41
35842,p17869,1,36
35843,p17870,1,12
35846,p17871,1,48
35849,p17872,1,22
35850,p17873,1,40
35851,p17874,1,14
35852,p17875,1,80
35855,p17876,1,37
35858,p17877,1,89
35859,p17878,1,53
35860,p17879,1,42
35863,p17880,1,51
35865,p17881,1,91
35867,p17882,1,83
35870,p17883,1,38
35872,p17884,1,8
35875,p17885,1,93
35878,p17886,1,90
35879,p17887,1,25
35882,p17888,1,89
35883,p17889,1,37
35884,p17890,1,90
35885,p17891,1,93
35887,p17892,1,17
35889,p17893,1,43
35890,p17894,1,28
35893,p17895,1,10
35896,p17896,1,91
35897,p17897,1,91
35899,p17898,1,52
35901,p17899,1,42
35904,p17900,1,32
35905,p17901,1,74
35907,p17902,1,55
35908,p17903,1,49
35909,p17904,1,39
35911,p17905,1,87
35912,p17906,1,70
35914,p17907,1,35
35917,p17908,1,35
35920,p17909,1,43
35921,p17910,1,87
35924,p17911,1,41
35925,p17912,1,56
35927,p17913,1,73
35928,p17914,1,55
35931,p17915,1,76
35933,p17916,1,87
35936,p17917,1,18
35937,p17918,1,90
35939,p17919,1,40
35940,p17920,1,50
35943,p17921,1,75
35945,p17922,1,71
35948,p17923,1,2
35950,p17924,1,95
35952,p17925,1,13
35955,p17926,1,34
35957,p17927,1,88
35958,p17928,1,27
35961,p17929,1,100
35963,p17930,1,72
35965,p17931,1,46
35967,p17932,1,10
35970,p17933,1,74
35973,p17934,1,44
35976,p17935,1,17
35979,p17936,1,11
35980,p17937,1,47
35983,p17938,1,19
35986,p17939,1,12
35987,p17940,1,47
35988,p17941,1,42
35991,p17942,1,24
35994,p17943,1,26
35997,p17944,1,61
36000,p17945,1,10
36001,p17946,1,7
36004,p17947,1,57
36007,p17948,1,78
36010,p17949,1,80
36012,p17950,1,99
36014,p17951,1,71
36015,p17952,1,97
36018,p17953,1,2
36019,p17954,1,86
36021,p17955,1,12
36022,p17956,1,12
36024,p17957,1,35
36027,p17958,1,65
36030,p17959,1,86
36031,p17960,1,96
36034,p17961,1,4
36035,p17962,1,72
36038,p17963,1,48
36039,p17964,1,29
36042,p17965,1,2
36043,p17966,1,53
36046,p17967,1,41
36048,p17968,1,3
36050,p17969,1,37
36053,p17970,1,71
36055,p17971,1,50
36058,p17972,1,13
36060,p17973,1,93
36063,p17974,1,6
36065,p17975,1,18
36068,p17976,1,57
36071,p17977,1,66
36074,p17978,1,69
36075,p17979,1,35
36077,p17980,1,28
36078,p17981,1,43
36079,p17982,1,55
36082,p17983,1,54
36085,p17984,1,76
36086,p17985,1,18
36089,p17986,1,86
36092,p17987,1,35
36094,p17988,1,74
36095,p17989,1,83
36096,p17990,1,8
36098,p17991,1,73
36100,p17992,1,88
36103,p17993,1,22
36104,p17994,1,67
36107,p17995,1,26
36109,p17996,1,60
36111,p17997,1,56
36113,p17998,1,43
36115,p17999,1,92
36118,p18000,1,10
36121,p18001,1,4
36124,p18002,1,2
36125,p18003,1,25
36127,p18004,1,36
36129,p18005,1,62
36130,p18006,1,81
36133,p18007,1,29
36135,p18008,1,19
36138,p18009,1,49
36139,p18010,1,33
36141,p18011,1,90
36143,p18012,1,87
36144,p18013,1,76
36145,p18014,1,49
36148,p18015,1,14
36150,p18016,1,33
36151,p18017,1,43
36153,p18018,1,54
36154,p18019,1,5
36155,p18020,1,3
36158,p18021,1,41
36159,p18022,1,47
36160,p18023,1,22
36163,p18024,1,66
36166,p18025,1,32
36168,p18026,1,4
36171,p18027,1,30
36172,p18028,1,89
36175,p18029,1,12
36176,p18030,1,28
36179,p18031,1,85
36180,p18032,1,95
36182,p18033,1,9
36185,p18034,1,48
36187,p18035,1,55
36189,p18036,1,58
36190,p18037,1,32
36192,p18038,1,29
36195,p18039,1,27
36197,p18040,1,49
36199,p18041,1,80
36200,p18042,1,51
36202,p18043,1,6
36204,p18044,1,83
36206,p18045,1,64
36208,p18046,1,44
36210,p18047,1,18
36213,p18048,1,7
36215,p18049,1,30
36216,p18050,1,29
36218,p18051,1,93
36221,p18052,1,67
36222,p18053,1,67
36223,p18054,1,16
36225,p18055,1,20
36227,p18056,1,65
36228,p18057,1,3
36230,p18058,1,88
36231,p18059,1,62
36234,p18060,1,99
36236,p18061,1,89
36238,p18062,1,99
36239,p18063,1,83
36240,p18064,1,39
36242,p18065,1,49
36245,p18066,1,92
36248,p18067,1,86
36249,p18068,1,67
36252,p18069,1,32
36253,p18070,1,5
36254,p18071,1,82
36255,p18072,1,38
36258,p18073,1,30
36261,p18074,1,37
36263,p18075,1,12
36264,p18076,1,54
36265,p18077,1,53
36267,p18078,1,13
36269,p18079,1,81
36271,p18080,1,89
36273,p18081,1,59
36274,p18082,1,19
36275,p18083,1,75
36276,p18084,1,76
36277,p18085,1,31
36280,p18086,1,25
36283,p18087,1,46
36284,p18088,1,7
36287,p18089,1,59
36290,p18090,1,71
36291,p18091,1,62
36293,p18092,1,75
36295,p18093,1,10
36297,p18094,1,98
36299,p18095,1,24
36300,p18096,1,4
36302,p18097,1,70
36304,p18098,1,6
36307,p18099,1,45
36308,p18100,1,6
36309,p18101,1,90
36310,p18102,1,57
36313,p18103,1,26
36316,p18104,1,54
36318,p18105,1,96
36320,p18106,1,95
36323,p18107,1,18
36324,p18108,1,35
36327,p18109,1,3
36328,p18110,1,6
36330,p18111,1,68
36333,p18112,1,10
36335,p18113,1,67
36337,p18114,1,63
36339,p18115,1,18
36341,p18116,1,97
36344,p18117,1,74
36346,p18118,1,36
36348,p18119,1,78
36349,p18120,1,99
36351,p18121,1,85
36353,p18122,1,97
36355,p18123,1,15
36356,p18124,1,31
36358,p18125,1,95
36360,p18126,1,48
36361,p18127,1,20
36364,p18128,1,96
36367,p18129,1,17
36368,p18130,1,84
36371,p18131,1,22
36374,p18132,1,92
36375,p18133,1,59
36376,p18134,1,11
36377,p18135,1,52
36379,p18136,1,71
36382,p18137,1,37
36385,p18138,1,39
36387,p18139,1,13
36388,p18140,1,96
36389,p18141,1,26
36392,p18142,1,2
36393,p18143,1,20
36394,p18144,1,18
36396,p18145,1,24
36397,p18146,1,9
36398,p18147,1,70
36401,p18148,1,26
36403,p18149,1,75
36405,p18150,1,11
36406,p18151,1,51
36409,p18152,1,98
36411,p18153,1,31
36413,p18154,1,60
36415,p18155,1,25
36417,p18156,1,50
36419,p18157,1,34
36422,p18158,1,77
36424,p18159,1,87
36425,p18160,1,44
36426,p18161,1,76
36429,p18162,1,56
36432,p18163,1,75
36435,p18164,1,30
36438,p18165,1,58
36440,p18166,1,42
36441,p18167,1,47
36442,p18168,1,46
36445,p18169,1,35
36448,p18170,1,4
36449,p18171,1,68
36452,p18172,1,31
36453,p18173,1,92
36456,p18174,1,7
36459,p18175,1,67
36461,p18176,1,33
36464,p18177,1,26
36467,p18178,1,88
36470,p18179,1,89
36473,p18180,1,25
36475,p18181,1,5
36477,p18182,1,10
36478,p18183,1,84
36479,p18184,1,55
36481,p18185,1,12
36483,p18186,1,4
36486,p18187,1,44
36488,p18188,1,58
36489,p18189,1,15
36492,p18190,1,84
36493,p18191,1,39
36494,p18192,1,94
36497,p18193,1,52
36498,p18194,1,64
36500,p18195,1,79
36501,p18196,1,92
36503,p18197,1,95
36504,p18198,1,64
36507,p18199,1,43
36508,p18200,1,80
36511,p18201,1,95
36514,p18202,1,84
36515,p18203,1,52
36518,p18204,1,100
36519,p18205,1,29
36520,p18206,1,29
36522,p18207,1,59
36525,p18208,1,58
36527,p18209,1,19
36529,p18210,1,49
36531,p18211,1,31
36533,p18212,1,90
36535,p18213,1,84
36536,p18214,1,59
36539,p18215,1,72
36541,p18216,1,63
36544,p18217,1,98
36545,p18218,1,50
36546,p18219,1,71
36547,p18220,1,27
36548,p18221,1,13
36549,p18222,1,16
36552,p18223,1,18
36553,p18224,1,97
36555,p18225,1,42
36557,p18226,1,19
36559,p18227,1,57
36561,p18228,1,34
36564,p18229,1,29
36565,p18230,1,24
36566,p18231,1,56
36568,p18232,1,19
36570,p18233,1,86
36573,p18234,1,67
36574,p18235,1,69
36575,p18236,1,82
36577,p18237,1,33
36579,p18238,1,67
36582,p18239,1,16
36583,p18240,1,84
36584,p18241,1,63
36586,p18242,1,95
36587,p18243,1,71
36588,p18244,1,78
36590,p18245,1,97
36591,p18246,1,77
36593,p18247,1,47
36594,p18248,1,83
36595,p18249,1,8
36598,p18250,1,20
36600,p18251,1,100
36603,p18252,1,62
36606,p18253,1,42
36609,p18254,1,66
36612,p18255,1,34
36614,p18256,1,28
36616,p18257,1,9
36618,p18258,1,36
36620,p18259,1,14
36623,p18260,1,77
36626,p18261,1,61
36628,p18262,1,66
36629,p18263,1,8
36632,p18264,1,21
36633,p18265,1,80
36635,p18266,1,74
36637,p18267,1,77
36640,p18268,1,39
36643,p18269,1,79
36644,p18270,1,59
36645,p18271,1,16
36648,p18272,1,19
36651,p18273,1,73
36652,p18274,1,53
36653,p18275,1,43
36655,p18276,1,10
36658,p18277,1,53
36661,p18278,1,41
36662,p18279,1,83
36664,p18280,1,35
36665,p18281,1,100
36668,p18282,1,24
36669,p18283,1,70
36670,p18284,1,80
36671,p18285,1,80
36674,p18286,1,89
36676,p18287,1,27
36678,p18288,1,47
36680,p18289,1,100
36681,p18290,1,22
36682,p18291,1,67
36685,p18292,1,26
36687,p18293,1,47
36688,p18294,1,13
36691,p18295,1,76
36694,p18296,1,58
36697,p18297,1,91
36700,p18298,1,4
36703,p18299,1,48
36706,p18300,1,80
36708,p18301,1,100
36710,p18302,1,48
36712,p18303,1,32
36715,p18304,1,59
36716,p18305,1,80
36718,p18306,1,13
36721,p18307,1,49
36724,p18308,1,72
36727,p18309,1,70
36729,p18310,1,63
36730,p18311,1,21
36731,p18312,1,24
36734,p18313,1,56
36737,p18314,1,66
36739,p18315,1,87
36742,p18316,1,61
36744,p18317,1,47
36747,p18318,1,13
36748,p18319,1,28
36749,p18320,1,49
36752,p18321,1,83
36754,p18322,1,33
36756,p18323,1,16
36759,p18324,1,54
36762,p18325,1,99
36764,p18326,1,22
36767,p18327,1,46
36770,p18328,1,49
36771,p18329,1,81
36774,p18330,1,63
36777,p18331,1,72
36780,p18332,1,71
36781,p18333,1,18
36782,p18334,1,57
36783,p18335,1,73
36786,p18336,1,63
36787,p18337,1,68
36790,p18338,1,77
36792,p18339,1,86
36794,p18340,1,17
36795,p18341,1,95
36797,p18342,1,41
36799,p18343,1,99
36802,p18344,1,79
36803,p18345,1,48
36804,p18346,1,10
36805,p18347,1,37
36806,p18348,1,15
36809,p18349,1,79
36810,p18350,1,60
36812,p18351,1,20
36814,p18352,1,60
36816,p18353,1,100
36817,p18354,1,3
36820,p18355,1,64
36822,p18356,1,96
36825,p18357,1,75
36827,p18358,1,38
36830,p18359,1,85
36832,p18360,1,63
36835,p18361,1,54
36837,p18362,1,98
36838,p18363,1,19
36840,p18364,1,78
36841,p18365,1,10
36842,p18366,1,21
36843,p18367,1,52
36844,p18368,1,73
36847,p18369,1,19
36849,p18370,1,77
36852,p18371,1,86
36854,p18372,1,83
36856,p18373,1,75
36859,p18374,1,61
36861,p18375,1,79
36864,p18376,1,85
36866,p18377,1,26
36868,p18378,1,10
36869,p18379,1,42
36870,p18380,1,22
36872,p18381,1,90
36875,p18382,1,43
36878,p18383,1,81
36880,p18384,1,7
36883,p18385,1,75
36884,p18386,1,47
36887,p18387,1,68
36890,p18388,1,72
36893,p18389,1,95
36894,p18390,1,9
36896,p18391,1,78
36899,p18392,1,32
36901,p18393,1,94
36904,p18394,1,55
36906,p18395,1,26
36907,p18396,1,48
36910,p18397,1,79
36913,p18398,1,9
36916,p18399,1,86
36919,p18400,1,29
36920,p18401,1,20
36922,p18402,1,34
36924,p18403,1,83
36927,p18404,1,16
36928,p18405,1,36
36930,p18406,1,8
36933,p18407,1,16
36935,p18408,1,97
36936,p18409,1,40
36939,p18410,1,9
36942,p18411,1,79
36943,p18412,1,68
36944,p18413,1,62
36945,p18414,1,89
36948,p18415,1,55
36950,p18416,1,97
36953,p18417,1,71
36955,p18418,1,3
36957,p18419,1,75
36960,p18420,1,46
36962,p18421,1,35
36964,p18422,1,48
36965,p18423,1,49
36966,p18424,1,4
36968,p18425,1,81
36971,p18426,1,11
36972,p18427,1,19
36974,p18428,1,20
36977,p18429,1,7
36980,p18430,1,48
36981,p18431,1,40
36983,p18432,1,49
36986,p18433,1,83
36987,p18434,1,56
36990,p18435,1,10
36992,p18436,1,17
36994,p18437,1,81
36995,p18438,1,41
36998,p18439,1,96
36999,p18440,1,96
37002,p18441,1,84
37003,p18442,1,40
37006,p18443,1,93
37009,p18444,1,86
37010,p18445,1,45
37011,p18446,1,49
37014,p18447,1,68
37017,p18448,1,12
37020,p18449,1,18
37021,p18450,1,32
37024,p18451,1,11
37027,p18452,1,84
37028,p18453,1,3
37029,p18454,1,86
37030,p18455,1,33
37033,p18456,1,78
37036,p18457,1,50
37039,p18458,1,51
37042,p18459,1,58
37045,p18460,1,67
37046,p18461,1,74
37047,p18462,1,66
37050,p18463,1,14
37051,p18464,1,8
37053,p18465,1,54
37054,p18466,1,84
37056,p18467,1,60
37057,p18468,1,12
37059,p18469,1,33
37061,p18470,1,85
37064,p18471,1,98
37066,p18472,1,53
37068,p18473,1,80
37071,p18474,1,23
37074,p18475,1,81
37075,p18476,1,6
37078,p18477,1,46
37080,p18478,1,51
37081,p18479,1,66
37084,p18480,1,8
37086,p18481,1,52
37087,p18482,1,16
37089,p18483,1,89
37090,p18484,1,74
37091,p18485,1,93
37093,p18486,1,45
37096,p18487,1,74
37097,p18488,1,82
37098,p18489,1,71
37099,p18490,1,29
37102,p18491,1,97
37103,p18492,1,5
37104,p18493,1,59
37107,p18494,1,66
37108,p18495,1,7
37109,p18496,1,39
37110,p18497,1,83
37112,p18498,1,56
37115,p18499,1,51
37118,p18500,1,68
37119,p18501,1,100
37122,p18502,1,25
37123,p18503,1,90
37124,p18504,1,25
37126,p18505,1,67
37128,p18506,1,88
37130,p18507,1,43
37131,p18508,1,67
37133,p18509,1,5
37134,p18510,1,60
37135,p18511,1,90
37138,p18512,1,91
37141,p18513,1,34
37142,p18514,1,96
37144,p18515,1,52
37147,p18516,1,61
37149,p18517,1,15
37152,p18518,1,82
37154,p18519,1,88
37156,p18520,1,86
37157,p18521,1,85
37160,p18522,1,96
37162,p18523,1,33
37163,p18524,1,69
37166,p18525,1,30
37168,p18526,1,50
37171,p18527,1,7
37174,p18528,1,71
37175,p18529,1,25
37177,p18530,1,19
37178,p18531,1,91
37179,p18532,1,96
37180,p18533,1,72
37183,p18534,1,19
37186,p18535,1,92
37187,p18536,1,58
37188,p18537,1,2
37189,p18538,1,51
37191,p18539,1,37
37192,p18540,1,24
37195,p18541,1,56
37197,p18542,1,96
37198,p18543,1,33
37201,p18544,1,11
37202,p18545,1,3
37205,p18546,1,71
37207,p18547,1,5
37208,p18548,1,94
37210,p18549,1,38
37211,p18550,1,96
37212,p18551,1,49
37215,p18552,1,56
37218,p18553,1,74
37219,p18554,1,98
37222,p18555,1,40
37223,p18556,1,83
37226,p18557,1,46
37229,p18558,1,86
37232,p18559,1,57
37234,p18560,1,13
37237,p18561,1,16
37239,p18562,1,47
37240,p18563,1,26
37243,p18564,1,80
37245,p18565,1,47
37246,p18566,1,13
37248,p18567,1,89
37249,p18568,1,18
37252,p18569,1,46
37255,p18570,1,63
37256,p18571,1,95
37259,p18572,1,100
37261,p18573,1,98
37264,p18574,1,62
37267,p18575,1,12
37268,p18576,1,61
37270,p18577,1,90
37271,p18578,1,94
37272,p18579,1,83
37275,p18580,1,90
37277,p18581,1,82
37279,p18582,1,42
37280,p18583,1,35
37282,p18584,1,4
37285,p18585,1,4
37288,p18586,1,80
37289,p18587,1,56
37290,p18588,1,63
37291,p18589,1,69
37292,p18590,1,81
37295,p18591,1,11
37298,p18592,1,58
37301,p18593,1,76
37304,p18594,1,26
37305,p18595,1,75
37308,p18596,1,28
37309,p18597,1,26
37311,p18598,1,76
37313,p18599,1,20
37315,p18600,1,59
37316,p18601,1,33
37318,p18602,1,63
37321,p18603,1,73
37322,p18604,1,85
37323,p18605,1,79
37326,p18606,1,54
37328,p18607,1,85
37331,p18608,1,3
37334,p18609,1,88
37336,p18610,1,83
37339,p18611,1,63
37341,p18612,1,10
37343,p18613,1,44
37345,p18614,1,50
37348,p18615,1,100
37349,p18616,1,76
37351,p18617,1,57
37353,p18618,1,61
37356,p18619,1,19
37359,p18620,1,96
37360,p18621,1,96
37362,p18622,1,16
37365,p18623,1,69
37368,p18624,1,15
37371,p18625,1,76
37373,p18626,1,92
37375,p18627,1,51
37377,p18628,1,51
37379,p18629,1,17
37382,p18630,1,85
37385,p18631,1,23
37386,p18632,1,16
37389,p18633,1,66
37390,p18634,1,8
37391,p18635,1,65
37392,p18636,1,81
37394,p18637,1,22
37396,p18638,1,55
37398,p18639,1,27
37401,p18640,1,10
37404,p18641,1,10
37407,p18642,1,25
37409,p18643,1,22
37412,p18644,1,62
37414,p18645,1,34
37415,p18646,1,10
37416,p18647,1,6
37417,p18648,1,16
37419,p18649,1,66
37420,p18650,1,58
37422,p18651,1,11
37423,p18652,1,63
37425,p18653,1,90
37426,p18654,1,42
37428,p18655,1,85
37429,p18656,1,44
37430,p18657,1,64
37432,p18658,1,31
37435,p18659,1,9
37436,p18660,1,75
37438,p18661,1,92
37441,p18662,1,27
37443,p18663,1,60
37445,p18664,1,6
37446,p18665,1,98
37447,p18666,1,47
37449,p18667,1,23
37450,p18668,1,55
37451,p18669,1,31
37452,p18670,1,14
37453,p18671,1,57
37456,p18672,1,71
37459,p18673,1,71
37460,p18674,1,93
37463,p18675,1,11
37465,p18676,1,17
37466,p18677,1,11
37469,p18678,1,67
37471,p18679,1,7
37473,p18680,1,44
37476,p18681,1,18
37479,p18682,1,25
37480,p18683,1,46
37483,p18684,1,13
37485,p18685,1,82
37486,p18686,1,20
37487,p18687,1,33
37490,p18688,1,3
37491,p18689,1,49
37494,p18690,1,52
37495,p18691,1,4
37496,p18692,1,47
37498,p18693,1,58
37501,p18694,1,40
37502,p18695,1,49
37503,p18696,1,94
37505,p18697,1,97
37506,p18698,1,51
37508,p18699,1,13
37510,p18700,1,100
37513,p18701,1,65
37514,p18702,1,3
37517,p18703,1,81
37518,p18704,1,87
37520,p18705,1,40
37521,p18706,1,11
37524,p18707,1,45
37525,p18708,1,13
37526,p18709,1,82
37528,p18710,1,23
37530,p18711,1,2
37531,p18712,1,82
37533,p18713,1,85
37536,p18714,1,55
37537,p18715,1,80
37538,p18716,1,38
37540,p18717,1,26
37543,p18718,1,46
37545,p18719,1,31
37547,p18720,1,77
37549,p18721,1,15
37551,p18722,1,4
37553,p18723,1,93
37556,p18724,1,56
37558,p18725,1,26
37559,p18726,1,22
37561,p18727,1,48
37562,p18728,1,79
37564,p18729,1,48
37565,p18730,1,59
37566,p18731,1,45
37569,p18732,1,48
37571,p18733,1,48
37574,p18734,1,12
37576,p18735,1,5
37577,p18736,1,66
37578,p18737,1,59
37579,p18738,1,14
37581,p18739,1,97
37582,p18740,1,45
37585,p18741,1,76
37586,p18742,1,22
37587,p18743,1,24
37589,p18744,1,48
37590,p18745,1,24
37593,p18746,1,74
37594,p18747,1,96
37597,p18748,1,39
37599,p18749,1,60
37600,p18750,1,81
37602,p18751,1,73
37603,p18752,1,45
37605,p18753,1,99
37607,p18754,1,55
37608,p18755,1,7
37610,p18756,1,46
37611,p18757,1,92
37613,p18758,1,54
37616,p18759,1,92
37617,p18760,1,35
37618,p18761,1,12
37620,p18762,1,70
37622,p18763,1,89
37625,p18764,1,86
37628,p18765,1,50
37630,p18766,1,46
37633,p18767,1,17
37634,p18768,1,55
37636,p18769,1,39
37639,p18770,1,10
37641,p18771,1,73
37643,p18772,1,51
37645,p18773,1,12
37647,p18774,1,60
37650,p18775,1,80
37651,p18776,1,57
37654,p18777,1,83
37655,p18778,1,92
37657,p18779,1,41
37660,p18780,1,34
37663,p18781,1,82
37666,p18782,1,81
37668,p18783,1,52
37671,p18784,1,10
37673,p18785,1,6
37674,p18786,1,63
37677,p18787,1,61
37680,p18788,1,16
37683,p18789,1,99
37685,p18790,1,50
37686,p18791,1,38
37687,p18792,1,22
37689,p18793,1,95
37692,p18794,1,84
37693,p18795,1,62
37695,p18796,1,22
37697,p18797,1,82
37698,p18798,1,47
37700,p18799,1,11
37702,p18800,1,47
37703,p18801,1,22
37706,p18802,1,11
37707,p18803,1,95
37708,p18804,1,60
37711,p18805,1,49
37712,p18806,1,100
37714,p18807,1,64
37716,p18808,1,40
37719,p18809,1,2
37722,p18810,1,80
37725,p18811,1,33
37727,p18812,1,36
37729,p18813,1,85
37732,p18814,1,56
37735,p18815,1,45
37736,p18816,1,57
37738,p18817,1,15
37741,p18818,1,56
37744,p18819,1,87
37746,p18820,1,77
37749,p18821,1,90
37752,p18822,1,92
37753,p18823,1,74
37755,p18824,1,5
37758,p18825,1,98
37759,p18826,1,89
37760,p18827,1,37
37762,p18828,1,32
37765,p18829,1,74
37768,p18830,1,82
37769,p18831,1,67
37770,p18832,1,100
37773,p18833,1,62
37776,p18834,1,33
37779,p18835,1,67
37781,p18836,1,11
37782,p18837,1,79
37785,p18838,1,61
37787,p18839,1,52
37790,p18840,1,38
37793,p18841,1,42
37794,p18842,1,2
37796,p18843,1,46
37797,p18844,1,86
37798,p18845,1,35
37799,p18846,1,28
37801,p18847,1,91
37802,p18848,1,89
37803,p18849,1,52
37804,p18850,1,53
37805,p18851,1,50
37807,p18852,1,88
37809,p18853,1,63
37812,p18854,1,85
37813,p18855,1,98
37816,p18856,1,87
37817,p18857,1,84
37820,p18858,1,48
37821,p18859,1,35
37824,p18860,1,31
37826,p18861,1,82
37828,p18862,1,47
37829,p18863,1,63
37830,p18864,1,50
37831,p18865,1,63
37833,p18866,1,82
37836,p18867,1,46
37837,p18868,1,67
37838,p18869,1,91
37840,p18870,1,58
37843,p18871,1,11
37846,p18872,1,9
37848,p18873,1,56
37850,p18874,1,91
37853,p18875,1,33
37856,p18876,1,29
37859,p18877,1,45
37860,p18878,1,88
37862,p18879,1,61
37863,p18880,1,16
37866,p18881,1,31
37868,p18882,1,17
37871,p18883,1,64
37872,p18884,1,7
37874,p18885,1,71
37875,p18886,1,78
37876,p18887,1,56
37878,p18888,1,100
37880,p18889,1,54
37882,p18890,1,52
37884,p18891,1,59
37885,p18892,1,68
37887,p18893,1,10
37889,p18894,1,86
37892,p18895,1,44
37894,p18896,1,58
37897,p18897,1,18
37899,p18898,1,72
37900,p18899,1,64
37902,p18900,1,13
37904,p18901,1,5
37906,p18902,1,76
37907,p18903,1,91
37910,p18904,1,81
37911,p18905,1,43
37913,p18906,1,69
37916,p18907,1,69
37918,p18908,1,67
37919,p18909,1,5
37922,p18910,1,11
37923,p18911,1,51
37926,p18912,1,36
37928,p18913,1,49
37929,p18914,1,84
37931,p18915,1,29
37934,p18916,1,40
37936,p18917,1,70
37937,p18918,1,72
37939,p18919,1,51
37940,p18920,1,71
37943,p18921,1,88
37945,p18922,1,24
37947,p18923,1,97
37950,p18924,1,43
37952,p18925,1,13
37953,p18926,1,35
37954,p18927,1,7
37957,p18928,1,98
37959,p18929,1,9
37960,p18930,1,7
37961,p18931,1,4
37964,p18932,1,2
37965,p18933,1,63
37968,p18934,1,52
37969,p18935,1,84
37970,p18936,1,48
37973,p18937,1,94
37976,p18938,1,76
37979,p18939,1,31
37982,p18940,1,18
37984,p18941,1,86
37987,p18942,1,13
37989,p18943,1,75
37991,p18944,1,98
37993,p18945,1,71
37995,p18946,1,68
37996,p18947,1,16
37999,p18948,1,30
38000,p18949,1,8
38002,p18950,1,41
38004,p18951,1,39
38007,p18952,1,26
38009,p18953,1,69
38011,p18954,1,40
38012,p18955,1,41
38015,p18956,1,13
38016,p18957,1,55
38017,p18958,1,84
38018,p18959,1,65
38020,p18960,1,26
38021,p18961,1,44
38022,p18962,1,82
38024,p18963,1,44
38026,p18964,1,88
38029,p18965,1,73
38031,p18966,1,44
38033,p18967,1,68
38035,p18968,1,55
38038,p18969,1,29
38041,p18970,1,86
38044,p18971,1,36
38046,p18972,1,30
38049,p18973,1,27
38051,p18974,1,100
38054,p18975,1,12
38057,p18976,1,3
38059,p18977,1,72
38061,p18978,1,76
38062,p18979,1,63
38065,p18980,1,81
38068,p18981,1,4
38069,p18982,1,55
38070,p18983,1,95
38072,p18984,1,43
38075,p18985,1,13
38077,p18986,1,80
38080,p18987,1,49
38083,p18988,1,8
38085,p18989,1,12
38087,p18990,1,7
38090,p18991,1,31
38091,p18992,1,26
38093,p18993,1,8
38094,p18994,1,57
38097,p18995,1,50
38098,p18996,1,20
38100,p18997,1,36
38103,p18998,1,96
38105,p18999,1,28
38107,p19000,1,40
38109,p19001,1,66
38110,p19002,1,13
38112,p19003,1,76
38114,p19004,1,66
38115,p19005,1,26
38118,p19006,1,76
38120,p19007,1,26
38121,p19008,1,39
38124,p19009,1,81
38126,p19010,1,72
38128,p19011,1,44
38130,p19012,1,69
38131,p19013,1,67
38132,p19014,1,2
38134,p19015,1,26
38136,p19016,1,74
38139,p19017,1,89
38142,p19018,1,59
38144,p19019,1,66
38145,p19020,1,44
38146,p19021,1,82
38148,p19022,1,42
38149,p19023,1,97
38152,p19024,1,97
38155,p19025,1,57
38157,p19026,1,42
38158,p19027,1,72
38159,p19028,1,98
38161,p19029,1,89
38162,p19030,1,28
38165,p19031,1,96
38167,p19032,1,35
38169,p19033,1,41
38170,p19034,1,97
38173,p19035,1,23
38176,p19036,1,19
38178,p19037,1,85
38180,p19038,1,43
38182,p19039,1,28
38185,p19040,1,77
38187,p19041,1,88
38188,p19042,1,58
38190,p19043,1,51
38191,p19044,1,82
38193,p19045,1,27
38196,p19046,1,53
38199,p19047,1,62
38201,p19048,1,99
38203,p19049,1,8
38206,p19050,1,82
38207,p19051,1,81
38210,p19052,1,86
38213,p19053,1,86
38216,p19054,1,88
38219,p19055,1,44
38222,p19056,1,4
38223,p19057,1,95
38226,p19058,1,20
38229,p19059,1,45
38230,p19060,1,12
38231,p19061,1,38
38232,p19062,1,87
38233,p19063,1,19
38236,p19064,1,43
38239,p19065,1,53
38240,p19066,1,21
38242,p19067,1,48
38244,p19068,1,80
38247,p19069,1,76
38249,p19070,1,57
38252,p19071,1,20
38255,p19072,1,11
38258,p19073,1,49
38260,p19074,1,82
38262,p19075,1,79
38263,p19076,1,67
38264,p19077,1,52
38265,p19078,1,49
38268,p19079,1,92
38270,p19080,1,7
38273,p19081,1,66
38274,p19082,1,33
38277,p19083,1,41
38278,p19084,1,13
38281,p19085,1,70
38282,p19086,1,93
38285,p19087,1,83
38287,p19088,1,6
38289,p19089,1,20
38290,p19090,1,16
38293,p19091,1,81
38296,p19092,1,96
38297,p19093,1,77
38298,p19094,1,24
38301,p19095,1,51
38302,p19096,1,16
38305,p19097,1,11
38306,p19098,1,25
38308,p19099,1,19
38311,p19100,1,40
38312,p19101,1,15
38314,p19102,1,58
38317,p19103,1,39
38320,p19104,1,7
38321,p19105,1,56
38322,p19106,1,56
38325,p19107,1,48
38328,p19108,1,12
38329,p19109,1,60
38331,p19110,1,20
38332,p19111,1,32
38335,p19112,1,87
38338,p19113,1,16
38339,p19114,1,23
38340,p19115,1,36
38341,p19116,1,19
38343,p19117,1,24
38344,p19118,1,87
38346,p19119,1,26
38347,p19120,1,7
38349,p19121,1,70
38352,p19122,1,77
38355,p19123,1,80
38357,p19124,1,89
38359,p19125,1,77
38360,p19126,1,50
38363,p19127,1,71
38366,p19128,1,39
38368,p19129,1,49
38369,p19130,1,93
38371,p19131,1,82
38372,p19132,1,51
38374,p19133,1,51
38376,p19134,1,25
38377,p19135,1,6
38379,p19136,1,55
38382,p19137,1,71
38383,p19138,1,69
38384,p19139,1,54
38386,p19140,1,2
38388,p19141,1,73
38389,p19142,1,38
38392,p19143,1,77
38395,p19144,1,8
38398,p19145,1,88
38401,p19146,1,83
38402,p19147,1,19
38405,p19148,1,11
38408,p19149,1,40
38411,p19150,1,38
38413,p19151,1,76
38415,p19152,1,45
38417,p19153,1,94
38420,p19154,1,96
38422,p19155,1,78
38425,p19156,1,75
38426,p19157,1,33
38429,p19158,1,99
38431,p19159,1,8
38434,p19160,1,94
38436,p19161,1,66
38438,p19162,1,17
38440,p19163,1,56
38442,p19164,1,63
38443,p19165,1,10
38444,p19166,1,26
38447,p19167,1,24
38448,p19168,1,38
38451,p19169,1,92
38454,p19170,1,16
38457,p19171,1,52
38460,p19172,1,17
38462,p19173,1,66
38464,p19174,1,41
38465,p19175,1,19
38468,p19176,1,51
38471,p19177,1,44
38473,p19178,1,91
38476,p19179,1,5
38477,p19180,1,86
38478,p19181,1,33
38481,p19182,1,51
38484,p19183,1,56
38487,p19184,1,72
38488,p19185,1,92
38490,p19186,1,43
38493,p19187,1,45
38496,p19188,1,64
38497,p19189,1,96
38499,p19190,1,8
38500,p19191,1,85
38501,p19192,1,5
38503,p19193,1,88
38505,p19194,1,33
38506,p19195,1,66
38507,p19196,1,38
38509,p19197,1,67
38510,p19198,1,58
38512,p19199,1,91
38513,p19200,1,18
38516,p19201,1,65
38517,p19202,1,100
38518,p19203,1,47
38520,p19204,1,29
38521,p19205,1,6
38522,p19206,1,65
38523,p19207,1,49
38524,p19208,1,87
38526,p19209,1,91
38529,p19210,1,83
38532,p19211,1,33
38535,p19212,1,63
38537,p19213,1,59
38538,p19214,1,12
38539,p19215,1,13
38542,p19216,1,11
38545,p19217,1,56
38548,p19218,1,73
38550,p19219,1,27
38551,p19220,1,52
38554,p19221,1,27
38557,p19222,1,47
38558,p19223,1,98
38560,p19224,1,92
38562,p19225,1,88
38565,p19226,1,93
38566,p19227,1,84
38567,p19228,1,6
38568,p19229,1,91
38571,p19230,1,67
38572,p19231,1,72
38573,p19232,1,2
38576,p19233,1,75
38579,p19234,1,32
38582,p19235,1,56
38584,p19236,1,35
38586,p19237,1,47
38587,p19238,1,57
38589,p19239,1,74
38591,p19240,1,76
38594,p19241,1,84
38596,p19242,1,3
38599,p19243,1,20
38601,p19244,1,43
38603,p19245,1,35
38606,p19246,1,72
38609,p19247,1,83
38611,p19248,1,25
38612,p19249,1,40
38613,p19250,1,56
38616,p19251,1,51
38617,p19252,1,99
38620,p19253,1,84
38621,p19254,1,77
38623,p19255,1,73
38624,p19256,1,22
38625,p19257,1,53
38626,p19258,1,45
38628,p19259,1,17
38631,p19260,1,2
38632,p19261,1,55
38633,p19262,1,47
38636,p19263,1,48
38637,p19264,1,92
38638,p19265,1,85
38640,p19266,1,42
38641,p19267,1,41
38643,p19268,1,22
38645,p19269,1,28
38648,p19270,1,12
38651,p19271,1,85
38653,p19272,1,35
38654,p19273,1,11
38655,p19274,1,61
38658,p19275,1,83
38660,p19276,1,81
38663,p19277,1,6
38664,p19278,1,23
38666,p19279,1,77
38669,p19280,1,20
38672,p19281,1,98
38674,p19282,1,44
38677,p19283,1,100
38680,p19284,1,85
38683,p19285,1,85
38685,p19286,1,86
38686,p19287,1,38
38689,p19288,1,50
38691,p19289,1,74
38693,p19290,1,12
38695,p19291,1,35
38697,p19292,1,60
38699,p19293,1,10
38702,p19294,1,100
38703,p19295,1,82
38704,p19296,1,9
38707,p19297,1,50
38709,p19298,1,32
38712,p19299,1,83
38715,p19300,1,56
38717,p19301,1,74
38720,p19302,1,26
38723,p19303,1,65
38724,p19304,1,49
38727,p19305,1,34
38730,p19306,1,26
38733,p19307,1,31
38735,p19308,1,34
38736,p19309,1,18
38738,p19310,1,76
38741,p19311,1,81
38743,p19312,1,81
38745,p19313,1,8
38748,p19314,1,95
38749,p19315,1,73
38750,p19316,1,33
38751,p19317,1,66
38753,p19318,1,50
38756,p19319,1,83
38758,p19320,1,48
38759,p19321,1,55
38762,p19322,1,79
38763,p19323,1,55
38765,p19324,1,72
38767,p19325,1,33
38770,p19326,1,64
38773,p19327,1,79
38776,p19328,1,84
38779,p19329,1,70
38780,p19330,1,70
38781,p19331,1,77
38783,p19332,1,8
38784,p19333,1,26
38785,p19334,1,4
38786,p19335,1,68
38788,p19336,1,12
38791,p19337,1,35
38793,p19338,1,84
38796,p19339,1,73
38797,p19340,1,12
38799,p19341,1,99
38801,p19342,1,42
38804,p19343,1,86
38806,p19344,1,9
38807,p19345,1,95
38808,p19346,1,41
38810,p19347,1,2
38813,p19348,1,44
38816,p19349,1,22
38819,p19350,1,20
38822,p19351,1,66
38824,p19352,1,84
38825,p19353,1,2
38826,p19354,1,65
38827,p19355,1,66
38829,p19356,1,41
38830,p19357,1,90
38832,p19358,1,66
38833,p19359,1,95
38835,p19360,1,40
38836,p19361,1,53
38838,p19362,1,58
38841,p19363,1,38
38843,p19364,1,13
38845,p19365,1,29
38846,p19366,1,47
38847,p19367,1,7
38848,p19368,1,95
38850,p19369,1,52
38851,p19370,1,95
38852,p19371,1,40
38855,p19372,1,72
38857,p19373,1,25
38859,p19374,1,68
38861,p19375,1,14
38862,p19376,1,22
38864,p19377,1,44
38867,p19378,1,28
38870,p19379,1,33
38873,p19380,1,26
38876,p19381,1,67
38878,p19382,1,21
38881,p19383,1,100
38884,p19384,1,71
38887,p19385,1,18
38890,p19386,1,2
38891,p19387,1,94
38893,p19388,1,16
38895,p19389,1,96
38896,p19390,1,85
38898,p19391,1,88
38901,p19392,1,28
38903,p19393,1,29
38905,p19394,1,54
38908,p19395,1,3
38910,p19396,1,77
38912,p19397,1,56
38914,p19398,1,14
38915,p19399,1,85
38917,p19400,1,34
38919,p19401,1,94
38921,p19402,1,52
38922,p19403,1,55
38924,p19404,1,52
38926,p19405,1,45
38928,p19406,1,52
38930,p19407,1,60
38931,p19408,1,94
38932,p19409,1,56
38934,p19410,1,4
38935,p19411,1,16
38936,p19412,1,30
38938,p19413,1,58
38939,p19414,1,48
38942,p19415,1,98
38945,p19416,1,12
38946,p19417,1,50
38947,p19418,1,82
38950,p19419,1,23
38952,p19420,1,49
38953,p19421,1,7
38956,p19422,1,40
38958,p19423,1,20
38959,p19424,1,25
38961,p19425,1,9
38963,p19426,1,21
38964,p19427,1,86
38967,p19428,1,96
38970,p19429,1,30
38973,p19430,1,72
38975,p19431,1,38
38978,p19432,1,57
38979,p19433,1,13
38982,p19434,1,56
38985,p19435,1,91
38987,p19436,1,50
38989,p19437,1,47
38992,p19438,1,22
38993,p19439,1,34
38995,p19440,1,67
38996,p19441,1,85
38998,p19442,1,67
39000,p19443,1,56
39002,p19444,1,29
39003,p19445,1,99
39004,p19446,1,59
39005,p19447,1,72
39007,p19448,1,20
39010,p19449,1,20
39012,p19450,1,36
39015,p19451,1,63
39017,p19452,1,53
39019,p19453,1,81
39020,p19454,1,84
39022,p19455,1,11
39025,p19456,1,94
39027,p19457,1,73
39029,p19458,1,27
39032,p19459,1,98
39035,p19460,1,79
39036,p19461,1,69
39039,p19462,1,67
39041,p19463,1,91
39043,p19464,1,47
39044,p19465,1,72
39046,p19466,1,85
39049,p19467,1,7
39052,p19468,1,48
39053,p19469,1,84
39054,p19470,1,11
39057,p19471,1,24
39058,p19472,1,53
39059,p19473,1,50
39061,p19474,1,28
39064,p19475,1,79
39065,p19476,1,8
39066,p19477,1,91
39069,p19478,1,74
39071,p19479,1,8
39073,p19480,1,23
39074,p19481,1,84
39077,p19482,1,87
39078,p19483,1,64
39080,p19484,1,33
39081,p19485,1,6
39083,p19486,1,31
39084,p19487,1,27
39086,p19488,1,22
39088,p19489,1,21
39090,p19490,1,6
39092,p19491,1,46
39093,p19492,1,61
39095,p19493,1,92
39098,p19494,1,65
39100,p19495,1,52
39102,p19496,1,40
39103,p19497,1,55
39106,p19498,1,86
39108,p19499,1,67
39109,p19500,1,61
39110,p19501,1,33
39113,p19502,1,4
39116,p19503,1,94
39119,p19504,1,4
39120,p19505,1,60
39122,p19506,1,83
39125,p19507,1,73
39127,p19508,1,54
39129,p19509,1,19
39132,p19510,1,5
39135,p19511,1,5
39137,p19512,1,10
39140,p19513,1,5
39142,p19514,1,51
39143,p19515,1,64
39146,p19516,1,95
39149,p19517,1,91
39151,p19518,1,9
39154,p19519,1,51
39156,p19520,1,85
39158,p19521,1,8
39160,p19522,1,93
39162,p19523,1,78
39165,p19524,1,98
39166,p19525,1,27
39167,p19526,1,26
39169,p19527,1,37
39170,p19528,1,87
39171,p19529,1,16
39174,p19530,1,17
39175,p19531,1,32
39177,p19532,1,84
39179,p19533,1,35
39182,p19534,1,51
39183,p19535,1,56
39185,p19536,1,4
39187,p19537,1,15
39189,p19538,1,23
39191,p19539,1,68
39192,p19540,1,20
39195,p19541,1,68
39198,p19542,1,82
39199,p19543,1,65
39201,p19544,1,33
39203,p19545,1,89
39205,p19546,1,73
39208,p19547,1,5
39209,p19548,1,100
39212,p19549,1,33
39215,p19550,1,63
39217,p19551,1,4
39219,p19552,1,69
39221,p19553,1,99
39224,p19554,1,75
39225,p19555,1,88
39227,p19556,1,60
39230,p19557,1,9
39233,p19558,1,40
39234,p19559,1,42
39237,p19560,1,26
39239,p19561,1,17
39240,p19562,1,92
39243,p19563,1,15
39244,p19564,1,64
39246,p19565,1,38
39247,p19566,1,61
39250,p19567,1,57
39253,p19568,1,70
39256,p19569,1,88
39259,p19570,1,56
39262,p19571,1,27
39264,p19572,1,85
39266,p19573,1,11
39267,p19574,1,96
39268,p19575,1,8
39269,p19576,1,23
39271,p19577,1,95
39274,p19578,1,24
39276,p19579,1,49
39277,p19580,1,36
39279,p19581,1,99
39281,p19582,1,66
39283,p19583,1,91
39285,p19584,1,69
39287,p19585,1,80
39290,p19586,1,25
39291,p19587,1,71
39293,p19588,1,73
39295,p19589,1,24
39298,p19590,1,79
39300,p19591,1,57
39303,p19592,1,73
39306,p19593,1,93
39307,p19594,1,85
39308,p19595,1,29
39310,p19596,1,89
39313,p19597,1,82
39315,p19598,1,63
39317,p19599,1,23
39319,p19600,1,56
39320,p19601,1,94
39323,p19602,1,87
39325,p19603,1,82
39327,p19604,1,53
39328,p19605,1,86
39329,p19606,1,25
39332,p19607,1,25
39334,p19608,1,56
39336,p19609,1,48
39337,p19610,1,84
39338,p19611,1,45
39339,p19612,1,76
39341,p19613,1,24
39342,p19614,1,15
39343,p19615,1,78
39345,p19616,1,8
39346,p19617,1,62
39348,p19618,1,90
39349,p19619,1,10
39352,p19620,1,74
39353,p19621,1,37
39356,p19622,1,75
39357,p19623,1,32
39358,p19624,1,50
39359,p19625,1,100
39362,p19626,1,93
39363,p19627,1,75
39364,p19628,1,63
39367,p19629,1,77
39369,p19630,1,65
39371,p19631,1,12
39372,p19632,1,14
39373,p19633,1,83
39376,p19634,1,92
39377,p19635,1,16
39379,p19636,1,3
39381,p19637,1,2
39383,p19638,1,15
39384,p19639,1,2
39387,p19640,1,2
39389,p19641,1,28
39391,p19642,1,91
39394,p19643,1,6
39395,p19644,1,100
39398,p19645,1,93
39399,p19646,1,43
39401,p19647,1,6
39404,p19648,1,50
39405,p19649,1,94
39408,p19650,1,15
39410,p19651,1,6
39411,p19652,1,55
39414,p19653,1,73
39415,p19654,1,3
39417,p19655,1,92
39420,p19656,1,95
39421,p19657,1,23
39424,p19658,1,19
39425,p19659,1,44
39428,p19660,1,15
39430,p19661,1,57
39431,p19662,1,88
39432,p19663,1,79
39435,p19664,1,42
39438,p19665,1,92
39440,p19666,1,31
39441,p19667,1,3
39444,p19668,1,38
39445,p19669,1,93
39446,p19670,1,28
39447,p19671,1,77
39450,p19672,1,3
39452,p19673,1,77
39453,p19674,1,20
39456,p19675,1,86
39457,p19676,1,88
39458,p19677,1,36
39460,p19678,1,29
39461,p19679,1,27
39463,p19680,1,71
39464,p19681,1,78
39465,p19682,1,65
39468,p19683,1,24
39470,p19684,1,47
39472,p19685,1,33
39474,p19686,1,12
39477,p19687,1,5
39479,p19688,1,100
39480,p19689,1,55
39483,p19690,1,3
39484,p19691,1,49
39486,p19692,1,95
39489,p19693,1,69
39492,p19694,1,29
39494,p19695,1,39
39496,p19696,1,84
39499,p19697,1,85
39500,p19698,1,84
39501,p19699,1,42
39502,p19700,1,71
39504,p19701,1,100
39506,p19702,1,46
39508,p19703,1,75
39509,p19704,1,84
39512,p19705,1,17
39513,p19706,1,40
39515,p19707,1,72
39518,p19708,1,33
39519,p19709,1,93
39520,p19710,1,43
39522,p19711,1,69
39523,p19712,1,90
39526,p19713,1,78
39529,p19714,1,8
39532,p19715,1,22
39534,p19716,1,2
39536,p19717,1,31
39537,p19718,1,16
39538,p19719,1,57
39539,p19720,1,14
39540,p19721,1,53
39542,p19722,1,71
39545,p19723,1,45
39547,p19724,1,55
39550,p19725,1,28
39552,p19726,1,17
39553,p19727,1,41
39554,p19728,1,28
39556,p19729,1,7
39559,p19730,1,59
39560,p19731,1,79
39562,p19732,1,84
39563,p19733,1,90
39566,p19734,1,59
39567,p19735,1,32
39569,p19736,1,34
39572,p19737,1,12
39575,p19738,1,13
39577,p19739,1,87
39580,p19740,1,60
39582,p19741,1,9
39585,p19742,1,85
39587,p19743,1,96
39590,p19744,1,39
39591,p19745,1,68
39593,p19746,1,63
39596,p19747,1,63
39597,p19748,1,31
39598,p19749,1,92
39600,p19750,1,23
39601,p19751,1,74
39602,p19752,1,11
39603,p19753,1,73
39606,p19754,1,66
39607,p19755,1,100
39608,p19756,1,62
39609,p19757,1,63
39611,p19758,1,53
39614,p19759,1,91
39617,p19760,1,51
39620,p19761,1,47
39621,p19762,1,30
39624,p19763,1,17
39625,p19764,1,5
39627,p19765,1,22
39629,p19766,1,10
39631,p19767,1,97
39634,p19768,1,16
39636,p19769,1,70
39639,p19770,1,8
39640,p19771,1,44
39643,p19772,1,91
39645,p19773,1,29
39648,p19774,1,54
39650,p19775,1,69
39652,p19776,1,87
39653,p19777,1,34
39655,p19778,1,33
39657,p19779,1,14
39659,p19780,1,18
39662,p19781,1,63
39663,p19782,1,80
39665,p19783,1,72
39668,p19784,1,34
39671,p19785,1,75
39674,p19786,1,87
39675,p19787,1,44
39676,p19788,1,97
39678,p19789,1,35
39679,p19790,1,7
39682,p19791,1,54
39683,p19792,1,79
39685,p19793,1,4
39686,p19794,1,10
39689,p19795,1,87
39692,p19796,1,88
39695,p19797,1,68
39698,p19798,1,98
39699,p19799,1,94
39701,p19800,1,29
39704,p19801,1,39
39705,p19802,1,35
39708,p19803,1,18
39711,p19804,1,74
39714,p19805,1,85
39715,p19806,1,81
39717,p19807,1,90
39718,p19808,1,74
39721,p19809,1,79
39724,p19810,1,31
39726,p19811,1,11
39727,p19812,1,61
39728,p19813,1,36
39731,p19814,1,56
39734,p19815,1,98
39735,p19816,1,79
39738,p19817,1,93
39740,p19818,1,32
39742,p19819,1,6
39743,p19820,1,29
39745,p19821,1,19
39748,p19822,1,16
39751,p19823,1,28
39754,p19824,1,12
39756,p19825,1,46
39758,p19826,1,49
39760,p19827,1,27
39762,p19828,1,77
39763,p19829,1,48
39765,p19830,1,76
39767,p19831,1,34
39769,p19832,1,56
39770,p19833,1,3
39772,p19834,1,99
39773,p19835,1,65
39775,p19836,1,25
39776,p19837,1,49
39777,p19838,1,26
39780,p19839,1,16
39782,p19840,1,2
39783,p19841,1,31
39784,p19842,1,79
39787,p19843,1,5
39788,p19844,1,24
39791,p19845,1,87
39792,p19846,1,86
39794,p19847,1,79
39796,p19848,1,45
39797,p19849,1,59
39799,p19850,1,38
39801,p19851,1,30
39803,p19852,1,27
39806,p19853,1,54
39807,p19854,1,51
39810,p19855,1,36
39813,p19856,1,35
39816,p19857,1,69
39818,p19858,1,9
39819,p19859,1,100
39820,p19860,1,39
39821,p19861,1,25
39822,p19862,1,45
39825,p19863,1,33
39827,p19864,1,75
39828,p19865,1,10
39831,p19866,1,4
39833,p19867,1,94
39835,p19868,1,72
39838,p19869,1,92
39841,p19870,1,57
39842,p19871,1,79
39845,p19872,1,30
39846,p19873,1,92
39847,p19874,1,94
39849,p19875,1,97
39852,p19876,1,36
39853,p19877,1,31
39854,p19878,1,81
39856,p19879,1,68
39858,p19880,1,36
39860,p19881,1,8
39863,p19882,1,18
39865,p19883,1,42
39868,p19884,1,68
39869,p19885,1,49
39872,p19886,1,22
39874,p19887,1,99
39877,p19888,1,86
39878,p19889,1,81
39879,p19890,1,97
39882,p19891,1,18
39883,p19892,1,41
39884,p19893,1,70
39885,p19894,1,37
39886,p19895,1,84
39888,p19896,1,24
39889,p19897,1,15
39892,p19898,1,73
39893,p19899,1,45
39895,p19900,1,84
39897,p19901,1,73
39899,p19902,1,95
39900,p19903,1,83
39903,p19904,1,30
39906,p19905,1,95
39908,p19906,1,5
39909,p19907,1,38
39910,p19908,1,49
39911,p19909,1,100
39912,p19910,1,25
39914,p19911,1,63
39915,p19912,1,29
39916,p19913,1,44
39918,p19914,1,45
39921,p19915,1,90
39923,p19916,1,94
39924,p19917,1,69
39927,p19918,1,2
39929,p19919,1,25
39931,p19920,1,13
39934,p19921,1,99
39935,p19922,1,7
39936,p19923,1,67
39937,p19924,1,31
39938,p19925,1,24
39940,p19926,1,49
39942,p19927,1,35
39945,p19928,1,5
39948,p19929,1,64
39950,p19930,1,69
39952,p19931,1,9
39955,p19932,1,92
39956,p19933,1,89
39958,p19934,1,22
39960,p19935,1,91
39962,p19936,1,63
39963,p19937,1,44
39965,p19938,1,39
39966,p19939,1,11
39969,p19940,1,95
39970,p19941,1,74
39971,p19942,1,38
39972,p19943,1,27
39975,p19944,1,99
39978,p19945,1,67
39980,p19946,1,52
39981,p19947,1,35
39983,p19948,1,2
39986,p19949,1,96
39987,p19950,1,95
39990,p19951,1,83
39991,p19952,1,76
39992,p19953,1,6
39993,p19954,1,65
39994,p19955,1,82
39997,p19956,1,94
39999,p19957,1,32
40000,p19958,1,38
40002,p19959,1,36
40003,p19960,1,7
40006,p19961,1,96
40009,p19962,1,80
40012,p19963,1,37
40015,p19964,1,55
40018,p19965,1,80
40019,p19966,1,30
40021,p19967,1,9
40024,p19968,1,44
40025,p19969,1,93
40026,p19970,1,49
40027,p19971,1,51
40028,p19972,1,96
40031,p19973,1,26
40032,p19974,1,83
40033,p19975,1,4
40034,p19976,1,8
40037,p19977,1,40
40038,p19978,1,30
40041,p19979,1,14
40044,p19980,1,27
40047,p19981,1,54
40048,p19982,1,36
40051,p19983,1,78
40052,p19984,1,41
40053,p19985,1,94
40056,p19986,1,87
40059,p19987,1,99
40061,p19988,1,41
40062,p19989,1,17
40064,p19990,1,21
40067,p19991,1,100
40070,p19992,1,61
40073,p19993,1,41
40075,p19994,1,66
40076,p19995,1,44
40078,p19996,1,67
40080,p19997,1,91
40082,p19998,1,83
40084,p19999,1,30
