time,id,source,dest
0,p0,1,72
2,p1,1,63
3,p2,1,30
6,p3,1,27
9,p4,1,22
12,p5,1,80
15,p6,1,82
18,p7,1,68
20,p8,1,62
23,p9,1,22
26,p10,1,35
28,p11,1,35
29,p12,1,80
31,p13,1,35
33,p14,1,74
35,p15,1,91
36,p16,1,80
39,p17,1,70
42,p18,1,34
45,p19,1,11
48,p20,1,54
51,p21,1,48
53,p22,1,10
55,p23,1,82
56,p24,1,72
57,p25,1,13
60,p26,1,65
63,p27,1,5
64,p28,1,5
65,p29,1,99
67,p30,1,23
68,p31,1,45
69,p32,1,40
70,p33,1,56
72,p34,1,15
73,p35,1,86
74,p36,1,98
77,p37,1,14
79,p38,1,65
81,p39,1,44
84,p40,1,90
85,p41,1,65
88,p42,1,32
91,p43,1,8
94,p44,1,43
95,p45,1,81
97,p46,1,79
99,p47,1,48
100,p48,1,13
103,p49,1,69
104,p50,1,73
105,p51,1,71
106,p52,1,2
107,p53,1,15
108,p54,1,15
110,p55,1,75
112,p56,1,45
113,p57,1,29
116,p58,1,88
117,p59,1,27
118,p60,1,79
120,p61,1,100
123,p62,1,43
124,p63,1,67
126,p64,1,61
129,p65,1,32
132,p66,1,25
134,p67,1,34
137,p68,1,54
139,p69,1,17
141,p70,1,46
143,p71,1,14
145,p72,1,44
148,p73,1,43
150,p74,1,15
153,p75,1,61
155,p76,1,93
158,p77,1,56
159,p78,1,50
162,p79,1,29
164,p80,1,3
167,p81,1,79
168,p82,1,65
170,p83,1,48
172,p84,1,86
173,p85,1,55
175,p86,1,43
177,p87,1,100
178,p88,1,77
179,p89,1,50
181,p90,1,7
182,p91,1,84
183,p92,1,95
184,p93,1,16
187,p94,1,20
189,p95,1,88
192,p96,1,31
195,p97,1,21
198,p98,1,4
199,p99,1,60
200,p100,1,5
201,p101,1,23
202,p102,1,36
205,p103,1,16
207,p104,1,62
210,p105,1,31
213,p106,1,20
215,p107,1,46
218,p108,1,15
220,p109,1,12
221,p110,1,35
224,p111,1,60
227,p112,1,100
230,p113,1,87
232,p114,1,99
233,p115,1,32
235,p116,1,23
236,p117,1,96
239,p118,1,52
241,p119,1,52
242,p120,1,23
244,p121,1,70
247,p122,1,40
248,p123,1,52
251,p124,1,52
252,p125,1,85
255,p126,1,12
258,p127,1,38
260,p128,1,83
262,p129,1,7
263,p130,1,51
265,p131,1,81
266,p132,1,20
269,p133,1,40
270,p134,1,83
273,p135,1,93
275,p136,1,91
277,p137,1,53
280,p138,1,65
281,p139,1,70
284,p140,1,61
286,p141,1,47
287,p142,1,91
289,p143,1,68
291,p144,1,87
292,p145,1,56
294,p146,1,59
295,p147,1,13
297,p148,1,48
300,p149,1,98
301,p150,1,80
302,p151,1,11
303,p152,1,66
305,p153,1,27
306,p154,1,32
307,p155,1,33
309,p156,1,43
310,p157,1,29
311,p158,1,3
313,p159,1,79
315,p160,1,68
316,p161,1,36
317,p162,1,43
320,p163,1,93
322,p164,1,78
324,p165,1,10
326,p166,1,8
329,p167,1,60
330,p168,1,62
332,p169,1,94
334,p170,1,48
336,p171,1,17
338,p172,1,39
339,p173,1,88
341,p174,1,24
344,p175,1,52
345,p176,1,6
347,p177,1,72
349,p178,1,92
350,p179,1,18
353,p180,1,10
356,p181,1,43
358,p182,1,72
361,p183,1,2
362,p184,1,75
363,p185,1,4
366,p186,1,74
367,p187,1,87
369,p188,1,4
371,p189,1,60
374,p190,1,62
375,p191,1,13
376,p192,1,77
377,p193,1,43
379,p194,1,94
380,p195,1,76
381,p196,1,25
383,p197,1,79
385,p198,1,64
387,p199,1,50
388,p200,1,55
390,p201,1,7
392,p202,1,2
395,p203,1,4
397,p204,1,95
400,p205,1,38
402,p206,1,61
405,p207,1,30
407,p208,1,93
409,p209,1,14
410,p210,1,50
411,p211,1,6
413,p212,1,18
414,p213,1,88
416,p214,1,73
419,p215,1,90
422,p216,1,85
423,p217,1,58
424,p218,1,7
426,p219,1,42
429,p220,1,28
432,p221,1,66
435,p222,1,100
437,p223,1,31
440,p224,1,99
442,p225,1,11
444,p226,1,16
447,p227,1,87
449,p228,1,98
450,p229,1,40
453,p230,1,43
455,p231,1,48
458,p232,1,50
460,p233,1,27
463,p234,1,9
466,p235,1,83
468,p236,1,51
471,p237,1,85
473,p238,1,32
474,p239,1,33
475,p240,1,64
478,p241,1,8
480,p242,1,100
482,p243,1,92
484,p244,1,16
486,p245,1,43
487,p246,1,62
488,p247,1,36
489,p248,1,10
492,p249,1,18
494,p250,1,73
497,p251,1,35
500,p252,1,86
503,p253,1,96
504,p254,1,39
507,p255,1,64
508,p256,1,67
509,p257,1,21
512,p258,1,86
515,p259,1,45
517,p260,1,37
519,p261,1,16
520,p262,1,51
522,p263,1,29
523,p264,1,56
526,p265,1,2
527,p266,1,9
528,p267,1,14
530,p268,1,57
531,p269,1,75
533,p270,1,11
536,p271,1,79
537,p272,1,74
538,p273,1,8
540,p274,1,78
543,p275,1,95
544,p276,1,22
547,p277,1,58
548,p278,1,99
551,p279,1,5
553,p280,1,100
555,p281,1,30
558,p282,1,82
561,p283,1,17
563,p284,1,42
566,p285,1,89
567,p286,1,58
570,p287,1,97
571,p288,1,84
573,p289,1,82
575,p290,1,28
576,p291,1,51
577,p292,1,100
578,p293,1,93
579,p294,1,35
580,p295,1,57
581,p296,1,89
583,p297,1,14
585,p298,1,95
586,p299,1,34
588,p300,1,17
591,p301,1,41
594,p302,1,13
596,p303,1,84
597,p304,1,100
598,p305,1,48
599,p306,1,48
600,p307,1,38
601,p308,1,23
602,p309,1,68
604,p310,1,55
606,p311,1,45
608,p312,1,73
611,p313,1,89
612,p314,1,49
613,p315,1,35
616,p316,1,77
618,p317,1,6
619,p318,1,29
622,p319,1,83
623,p320,1,69
625,p321,1,31
628,p322,1,50
629,p323,1,50
631,p324,1,35
634,p325,1,55
637,p326,1,44
640,p327,1,61
643,p328,1,21
644,p329,1,11
646,p330,1,60
649,p331,1,98
650,p332,1,21
653,p333,1,69
654,p334,1,72
655,p335,1,31
657,p336,1,91
658,p337,1,75
659,p338,1,98
660,p339,1,2
662,p340,1,37
663,p341,1,51
664,p342,1,46
667,p343,1,55
670,p344,1,90
673,p345,1,30
674,p346,1,46
677,p347,1,62
678,p348,1,27
680,p349,1,100
682,p350,1,7
684,p351,1,94
687,p352,1,43
690,p353,1,80
692,p354,1,23
693,p355,1,71
694,p356,1,92
696,p357,1,37
698,p358,1,98
700,p359,1,55
703,p360,1,91
705,p361,1,47
708,p362,1,36
710,p363,1,15
713,p364,1,75
716,p365,1,52
718,p366,1,3
719,p367,1,97
721,p368,1,18
723,p369,1,62
725,p370,1,92
726,p371,1,35
729,p372,1,96
732,p373,1,49
733,p374,1,65
736,p375,1,17
739,p376,1,75
741,p377,1,40
743,p378,1,89
744,p379,1,40
747,p380,1,34
748,p381,1,73
751,p382,1,48
752,p383,1,46
753,p384,1,54
756,p385,1,69
759,p386,1,77
761,p387,1,20
762,p388,1,4
764,p389,1,19
765,p390,1,15
767,p391,1,85
770,p392,1,69
772,p393,1,69
775,p394,1,94
777,p395,1,54
779,p396,1,10
780,p397,1,27
783,p398,1,86
786,p399,1,93
787,p400,1,15
788,p401,1,13
789,p402,1,36
790,p403,1,36
791,p404,1,84
793,p405,1,76
795,p406,1,49
798,p407,1,3
801,p408,1,19
802,p409,1,40
805,p410,1,90
808,p411,1,79
811,p412,1,52
812,p413,1,35
815,p414,1,23
816,p415,1,99
818,p416,1,86
820,p417,1,23
823,p418,1,90
826,p419,1,20
827,p420,1,48
828,p421,1,99
831,p422,1,50
834,p423,1,54
837,p424,1,10
839,p425,1,73
842,p426,1,58
844,p427,1,9
845,p428,1,38
848,p429,1,15
851,p430,1,83
854,p431,1,84
855,p432,1,99
857,p433,1,14
859,p434,1,42
861,p435,1,13
863,p436,1,74
865,p437,1,10
866,p438,1,79
869,p439,1,17
871,p440,1,7
872,p441,1,60
874,p442,1,92
875,p443,1,59
878,p444,1,17
880,p445,1,18
881,p446,1,29
882,p447,1,90
883,p448,1,20
886,p449,1,68
888,p450,1,71
890,p451,1,10
893,p452,1,33
896,p453,1,84
899,p454,1,42
901,p455,1,26
903,p456,1,100
904,p457,1,73
905,p458,1,19
906,p459,1,27
907,p460,1,35
908,p461,1,64
911,p462,1,73
912,p463,1,47
914,p464,1,37
915,p465,1,4
916,p466,1,71
917,p467,1,25
919,p468,1,2
920,p469,1,37
923,p470,1,28
925,p471,1,37
927,p472,1,42
929,p473,1,49
930,p474,1,81
933,p475,1,98
936,p476,1,55
939,p477,1,86
940,p478,1,28
941,p479,1,87
942,p480,1,78
944,p481,1,63
945,p482,1,3
947,p483,1,11
949,p484,1,67
951,p485,1,41
954,p486,1,93
957,p487,1,73
959,p488,1,83
961,p489,1,90
964,p490,1,10
966,p491,1,37
967,p492,1,89
970,p493,1,93
971,p494,1,97
974,p495,1,72
977,p496,1,99
980,p497,1,22
982,p498,1,4
983,p499,1,38
985,p500,1,64
987,p501,1,13
990,p502,1,17
993,p503,1,72
996,p504,1,2
998,p505,1,72
1001,p506,1,2
1004,p507,1,41
1007,p508,1,29
1008,p509,1,11
1010,p510,1,29
1013,p511,1,87
1015,p512,1,32
1016,p513,1,14
1017,p514,1,24
1019,p515,1,68
1022,p516,1,9
1024,p517,1,60
1027,p518,1,54
1030,p519,1,87
1031,p520,1,66
1032,p521,1,5
1034,p522,1,7
1035,p523,1,41
1036,p524,1,85
1038,p525,1,88
1040,p526,1,30
1043,p527,1,31
1045,p528,1,98
1046,p529,1,67
1047,p530,1,75
1050,p531,1,79
1052,p532,1,46
1053,p533,1,97
1055,p534,1,19
1057,p535,1,36
1060,p536,1,22
1063,p537,1,21
1066,p538,1,71
1068,p539,1,83
1069,p540,1,18
1070,p541,1,55
1073,p542,1,14
1076,p543,1,26
1078,p544,1,57
1080,p545,1,19
1081,p546,1,15
1083,p547,1,56
1086,p548,1,59
1087,p549,1,92
1089,p550,1,93
1090,p551,1,68
1092,p552,1,83
1093,p553,1,95
1094,p554,1,47
1095,p555,1,59
1096,p556,1,89
1097,p557,1,37
1098,p558,1,25
1099,p559,1,74
1101,p560,1,61
1104,p561,1,87
1105,p562,1,58
1106,p563,1,57
1109,p564,1,20
1110,p565,1,43
1112,p566,1,85
1113,p567,1,6
1114,p568,1,47
1117,p569,1,12
1120,p570,1,13
1122,p571,1,21
1123,p572,1,99
1126,p573,1,40
1127,p574,1,10
1129,p575,1,38
1130,p576,1,9
1133,p577,1,51
1136,p578,1,16
1138,p579,1,10
1140,p580,1,47
1143,p581,1,59
1145,p582,1,62
1148,p583,1,62
1150,p584,1,51
1151,p585,1,62
1153,p586,1,42
1155,p587,1,72
1156,p588,1,73
1157,p589,1,19
1158,p590,1,27
1161,p591,1,7
1163,p592,1,38
1166,p593,1,81
1168,p594,1,85
1170,p595,1,62
1171,p596,1,20
1174,p597,1,36
1177,p598,1,2
1179,p599,1,96
1180,p600,1,9
1182,p601,1,54
1184,p602,1,95
1185,p603,1,38
1187,p604,1,20
1189,p605,1,27
1191,p606,1,25
1193,p607,1,23
1195,p608,1,19
1197,p609,1,100
1198,p610,1,83
1200,p611,1,97
1202,p612,1,20
1205,p613,1,68
1206,p614,1,67
1207,p615,1,81
1210,p616,1,66
1212,p617,1,31
1213,p618,1,99
1214,p619,1,12
1216,p620,1,17
1217,p621,1,74
1218,p622,1,37
1220,p623,1,69
1221,p624,1,49
1223,p625,1,90
1226,p626,1,75
1228,p627,1,74
1229,p628,1,59
1230,p629,1,29
1232,p630,1,77
1234,p631,1,48
1236,p632,1,86
1237,p633,1,57
1240,p634,1,37
1243,p635,1,44
1244,p636,1,63
1245,p637,1,6
1246,p638,1,19
1248,p639,1,61
1251,p640,1,39
1252,p641,1,19
1254,p642,1,36
1255,p643,1,71
1257,p644,1,44
1258,p645,1,85
1260,p646,1,74
1261,p647,1,32
1263,p648,1,80
1266,p649,1,43
1269,p650,1,80
1271,p651,1,63
1274,p652,1,15
1276,p653,1,74
1279,p654,1,23
1281,p655,1,18
1284,p656,1,29
1287,p657,1,45
1290,p658,1,33
1293,p659,1,62
1295,p660,1,33
1296,p661,1,10
1299,p662,1,21
1300,p663,1,45
1303,p664,1,3
1305,p665,1,7
1308,p666,1,95
1311,p667,1,52
1313,p668,1,97
1316,p669,1,18
1317,p670,1,22
1319,p671,1,86
1322,p672,1,70
1323,p673,1,15
1325,p674,1,77
1326,p675,1,99
1328,p676,1,51
1330,p677,1,42
1331,p678,1,7
1333,p679,1,61
1336,p680,1,51
1338,p681,1,15
1341,p682,1,12
1344,p683,1,88
1346,p684,1,49
1348,p685,1,13
1349,p686,1,11
1351,p687,1,21
1353,p688,1,63
1355,p689,1,70
1356,p690,1,78
1358,p691,1,26
1361,p692,1,7
1364,p693,1,42
1366,p694,1,43
1368,p695,1,6
1371,p696,1,5
1373,p697,1,8
1374,p698,1,44
1376,p699,1,44
1379,p700,1,65
1381,p701,1,16
1383,p702,1,92
1384,p703,1,77
1385,p704,1,45
1387,p705,1,45
1390,p706,1,62
1391,p707,1,39
1394,p708,1,10
1396,p709,1,9
1399,p710,1,49
1400,p711,1,35
1402,p712,1,34
1405,p713,1,36
1408,p714,1,21
1411,p715,1,38
1412,p716,1,92
1413,p717,1,94
1416,p718,1,7
1418,p719,1,95
1421,p720,1,91
1422,p721,1,20
1424,p722,1,9
1426,p723,1,95
1428,p724,1,59
1431,p725,1,8
1434,p726,1,66
1437,p727,1,93
1438,p728,1,88
1439,p729,1,79
1442,p730,1,44
1445,p731,1,10
1448,p732,1,69
1449,p733,1,7
1452,p734,1,42
1453,p735,1,73
1455,p736,1,42
1458,p737,1,99
1461,p738,1,38
1463,p739,1,61
1466,p740,1,9
1469,p741,1,45
1472,p742,1,8
1473,p743,1,38
1475,p744,1,43
1476,p745,1,14
1477,p746,1,24
1478,p747,1,45
1481,p748,1,87
1484,p749,1,64
1487,p750,1,52
1488,p751,1,85
1491,p752,1,86
1494,p753,1,44
1496,p754,1,10
1499,p755,1,49
1501,p756,1,93
1503,p757,1,30
1506,p758,1,44
1508,p759,1,89
1510,p760,1,89
1512,p761,1,28
1513,p762,1,95
1515,p763,1,61
1518,p764,1,22
1519,p765,1,77
1522,p766,1,55
1525,p767,1,62
1527,p768,1,23
1528,p769,1,67
1531,p770,1,89
1533,p771,1,59
1534,p772,1,32
1536,p773,1,77
1537,p774,1,84
1539,p775,1,48
1541,p776,1,81
1544,p777,1,8
1546,p778,1,94
1549,p779,1,27
1552,p780,1,35
1553,p781,1,55
1556,p782,1,81
1559,p783,1,71
1561,p784,1,15
1564,p785,1,7
1566,p786,1,41
1568,p787,1,66
1569,p788,1,2
1570,p789,1,76
1571,p790,1,41
1573,p791,1,48
1575,p792,1,17
1576,p793,1,26
1579,p794,1,24
1581,p795,1,21
1584,p796,1,96
1585,p797,1,51
1586,p798,1,87
1587,p799,1,2
1590,p800,1,100
1592,p801,1,77
1593,p802,1,97
1594,p803,1,91
1595,p804,1,59
1598,p805,1,13
1600,p806,1,13
1602,p807,1,36
1605,p808,1,16
1607,p809,1,15
1608,p810,1,12
1609,p811,1,79
1612,p812,1,7
1615,p813,1,32
1616,p814,1,70
1618,p815,1,51
1619,p816,1,13
1621,p817,1,62
1622,p818,1,46
1625,p819,1,2
1627,p820,1,94
1630,p821,1,37
1633,p822,1,50
1635,p823,1,84
1638,p824,1,35
1639,p825,1,62
1640,p826,1,28
1641,p827,1,52
1642,p828,1,60
1643,p829,1,15
1645,p830,1,56
1646,p831,1,47
1649,p832,1,20
1650,p833,1,89
1652,p834,1,86
1653,p835,1,94
1656,p836,1,16
1658,p837,1,8
1659,p838,1,61
1662,p839,1,24
1664,p840,1,31
1666,p841,1,34
1669,p842,1,35
1671,p843,1,79
1672,p844,1,12
1673,p845,1,89
1674,p846,1,21
1676,p847,1,45
1679,p848,1,8
1681,p849,1,85
1684,p850,1,16
1686,p851,1,5
1689,p852,1,53
1692,p853,1,93
1695,p854,1,45
1697,p855,1,27
1698,p856,1,37
1701,p857,1,65
1703,p858,1,11
1704,p859,1,52
1706,p860,1,94
1707,p861,1,10
1709,p862,1,93
1711,p863,1,74
1713,p864,1,83
1714,p865,1,91
1715,p866,1,28
1717,p867,1,16
1718,p868,1,56
1719,p869,1,63
1721,p870,1,9
1723,p871,1,35
1724,p872,1,37
1725,p873,1,67
1726,p874,1,92
1728,p875,1,2
1729,p876,1,49
1731,p877,1,53
1734,p878,1,12
1737,p879,1,70
1740,p880,1,95
1742,p881,1,4
1743,p882,1,93
1746,p883,1,78
1748,p884,1,13
1749,p885,1,92
1750,p886,1,34
1752,p887,1,29
1755,p888,1,36
1757,p889,1,40
1758,p890,1,35
1761,p891,1,23
1763,p892,1,46
1765,p893,1,19
1768,p894,1,34
1769,p895,1,53
1770,p896,1,73
1773,p897,1,58
1776,p898,1,54
1777,p899,1,45
1778,p900,1,47
1780,p901,1,77
1782,p902,1,33
1785,p903,1,93
1786,p904,1,44
1788,p905,1,16
1790,p906,1,18
1791,p907,1,38
1794,p908,1,84
1795,p909,1,72
1796,p910,1,35
1799,p911,1,82
1801,p912,1,47
1804,p913,1,30
1806,p914,1,15
1808,p915,1,13
1810,p916,1,73
1812,p917,1,28
1815,p918,1,68
1817,p919,1,82
1819,p920,1,5
1821,p921,1,22
1823,p922,1,43
1824,p923,1,4
1826,p924,1,86
1829,p925,1,72
1830,p926,1,45
1832,p927,1,17
1834,p928,1,81
1836,p929,1,50
1837,p930,1,64
1838,p931,1,62
1839,p932,1,42
1841,p933,1,53
1842,p934,1,16
1843,p935,1,100
1845,p936,1,2
1847,p937,1,15
1849,p938,1,14
1850,p939,1,29
1853,p940,1,57
1855,p941,1,78
1857,p942,1,65
1860,p943,1,42
1861,p944,1,75
1864,p945,1,40
1865,p946,1,96
1868,p947,1,50
1871,p948,1,64
1873,p949,1,4
1875,p950,1,34
1877,p951,1,31
1880,p952,1,33
1883,p953,1,34
1886,p954,1,65
1889,p955,1,13
1890,p956,1,65
1892,p957,1,38
1893,p958,1,64
1895,p959,1,74
1898,p960,1,88
1899,p961,1,50
1900,p962,1,82
1903,p963,1,68
1905,p964,1,45
1908,p965,1,16
1909,p966,1,3
1912,p967,1,90
1913,p968,1,74
1915,p969,1,23
1918,p970,1,74
1921,p971,1,44
1922,p972,1,54
1925,p973,1,11
1928,p974,1,21
1931,p975,1,61
1932,p976,1,2
1933,p977,1,16
1934,p978,1,39
1936,p979,1,40
1937,p980,1,30
1938,p981,1,4
1939,p982,1,42
1941,p983,1,26
1944,p984,1,11
1945,p985,1,59
1946,p986,1,35
1947,p987,1,46
1949,p988,1,77
1950,p989,1,43
1951,p990,1,83
1953,p991,1,10
1954,p992,1,66
1957,p993,1,89
1958,p994,1,13
1960,p995,1,72
1963,p996,1,99
1964,p997,1,66
1966,p998,1,91
1969,p999,1,93
1971,p1000,1,27
1974,p1001,1,49
1975,p1002,1,38
1977,p1003,1,19
1978,p1004,1,72
1981,p1005,1,36
1983,p1006,1,87
1986,p1007,1,89
1988,p1008,1,61
1989,p1009,1,24
1991,p1010,1,47
1992,p1011,1,33
1993,p1012,1,58
1995,p1013,1,59
1997,p1014,1,87
2000,p1015,1,62
2003,p1016,1,47
2005,p1017,1,4
2008,p1018,1,82
2009,p1019,1,56
2011,p1020,1,93
2013,p1021,1,99
2016,p1022,1,25
2017,p1023,1,56
2018,p1024,1,34
2019,p1025,1,43
2021,p1026,1,60
2024,p1027,1,96
2027,p1028,1,32
2028,p1029,1,61
2030,p1030,1,85
2031,p1031,1,8
2033,p1032,1,74
2034,p1033,1,14
2037,p1034,1,87
2038,p1035,1,46
2039,p1036,1,94
2041,p1037,1,87
2043,p1038,1,17
2046,p1039,1,94
2047,p1040,1,13
2049,p1041,1,8
2051,p1042,1,44
2052,p1043,1,12
2054,p1044,1,84
2056,p1045,1,78
2057,p1046,1,39
2060,p1047,1,17
2063,p1048,1,48
2065,p1049,1,15
2066,p1050,1,32
2069,p1051,1,67
2072,p1052,1,83
2075,p1053,1,28
2076,p1054,1,39
2077,p1055,1,37
2078,p1056,1,59
2079,p1057,1,2
2080,p1058,1,79
2082,p1059,1,81
2085,p1060,1,57
2088,p1061,1,10
2090,p1062,1,9
2091,p1063,1,90
2092,p1064,1,84
2094,p1065,1,32
2096,p1066,1,59
2098,p1067,1,61
2099,p1068,1,55
2101,p1069,1,55
2104,p1070,1,79
2105,p1071,1,50
2108,p1072,1,50
2111,p1073,1,19
2112,p1074,1,20
2114,p1075,1,85
2115,p1076,1,55
2116,p1077,1,85
2119,p1078,1,60
2120,p1079,1,69
2121,p1080,1,65
2123,p1081,1,12
2124,p1082,1,97
2125,p1083,1,16
2126,p1084,1,18
2127,p1085,1,28
2128,p1086,1,92
2129,p1087,1,12
2131,p1088,1,32
2133,p1089,1,57
2134,p1090,1,71
2136,p1091,1,59
2137,p1092,1,7
2140,p1093,1,11
2142,p1094,1,53
2145,p1095,1,29
2147,p1096,1,71
2149,p1097,1,59
2151,p1098,1,4
2152,p1099,1,44
2154,p1100,1,34
2156,p1101,1,60
2157,p1102,1,12
2160,p1103,1,90
2163,p1104,1,7
2166,p1105,1,13
2167,p1106,1,58
2170,p1107,1,82
2171,p1108,1,57
2174,p1109,1,57
2175,p1110,1,10
2177,p1111,1,24
2180,p1112,1,43
2183,p1113,1,78
2184,p1114,1,80
2187,p1115,1,53
2190,p1116,1,65
2192,p1117,1,25
2195,p1118,1,79
2197,p1119,1,76
2200,p1120,1,20
2201,p1121,1,93
2204,p1122,1,58
2206,p1123,1,51
2207,p1124,1,20
2209,p1125,1,8
2211,p1126,1,3
2214,p1127,1,75
2215,p1128,1,76
2218,p1129,1,71
2220,p1130,1,89
2223,p1131,1,56
2225,p1132,1,77
2228,p1133,1,79
2229,p1134,1,13
2231,p1135,1,46
2232,p1136,1,4
2235,p1137,1,88
2236,p1138,1,27
2237,p1139,1,26
2238,p1140,1,8
2240,p1141,1,42
2241,p1142,1,92
2242,p1143,1,33
2244,p1144,1,13
2247,p1145,1,63
2250,p1146,1,22
2253,p1147,1,22
2255,p1148,1,85
2257,p1149,1,30
2259,p1150,1,74
2262,p1151,1,32
2263,p1152,1,29
2264,p1153,1,18
2265,p1154,1,45
2266,p1155,1,86
2269,p1156,1,31
2270,p1157,1,59
2272,p1158,1,50
2275,p1159,1,52
2278,p1160,1,80
2279,p1161,1,36
2281,p1162,1,74
2284,p1163,1,7
2286,p1164,1,88
2289,p1165,1,34
2292,p1166,1,56
2295,p1167,1,2
2298,p1168,1,31
2301,p1169,1,5
2304,p1170,1,42
2305,p1171,1,92
2306,p1172,1,98
2308,p1173,1,42
2311,p1174,1,63
2312,p1175,1,31
2314,p1176,1,16
2317,p1177,1,27
2320,p1178,1,93
2322,p1179,1,24
2324,p1180,1,46
2327,p1181,1,84
2329,p1182,1,66
2331,p1183,1,97
2332,p1184,1,49
2335,p1185,1,14
2337,p1186,1,62
2338,p1187,1,21
2339,p1188,1,7
2340,p1189,1,61
2341,p1190,1,77
2343,p1191,1,2
2345,p1192,1,2
2347,p1193,1,73
2349,p1194,1,41
2351,p1195,1,27
2354,p1196,1,83
2357,p1197,1,100
2360,p1198,1,20
2362,p1199,1,50
2365,p1200,1,30
2366,p1201,1,86
2368,p1202,1,54
2369,p1203,1,26
2372,p1204,1,94
2374,p1205,1,71
2376,p1206,1,45
2377,p1207,1,90
2380,p1208,1,24
2381,p1209,1,95
2383,p1210,1,77
2385,p1211,1,81
2388,p1212,1,49
2390,p1213,1,97
2393,p1214,1,82
2396,p1215,1,47
2397,p1216,1,14
2398,p1217,1,88
2400,p1218,1,13
2402,p1219,1,4
2403,p1220,1,11
2404,p1221,1,51
2407,p1222,1,98
2410,p1223,1,66
2412,p1224,1,70
2415,p1225,1,89
2418,p1226,1,95
2421,p1227,1,73
2424,p1228,1,64
2427,p1229,1,67
2430,p1230,1,10
2432,p1231,1,25
2433,p1232,1,3
2436,p1233,1,76
2437,p1234,1,97
2440,p1235,1,63
2442,p1236,1,97
2443,p1237,1,73
2444,p1238,1,91
2447,p1239,1,37
2449,p1240,1,35
2451,p1241,1,87
2453,p1242,1,100
2454,p1243,1,40
2456,p1244,1,8
2459,p1245,1,26
2462,p1246,1,35
2465,p1247,1,75
2468,p1248,1,76
2471,p1249,1,50
2474,p1250,1,14
2475,p1251,1,93
2476,p1252,1,99
2477,p1253,1,70
2478,p1254,1,89
2479,p1255,1,22
2480,p1256,1,44
2481,p1257,1,66
2482,p1258,1,52
2483,p1259,1,64
2484,p1260,1,37
2487,p1261,1,15
2489,p1262,1,51
2490,p1263,1,40
2491,p1264,1,71
2494,p1265,1,18
2495,p1266,1,57
2496,p1267,1,25
2498,p1268,1,34
2500,p1269,1,21
2501,p1270,1,37
2504,p1271,1,31
2507,p1272,1,10
2510,p1273,1,76
2511,p1274,1,98
2512,p1275,1,8
2513,p1276,1,24
2515,p1277,1,89
2518,p1278,1,13
2521,p1279,1,69
2522,p1280,1,74
2523,p1281,1,60
2526,p1282,1,82
2528,p1283,1,83
2531,p1284,1,28
2533,p1285,1,20
2534,p1286,1,75
2535,p1287,1,32
2537,p1288,1,95
2538,p1289,1,31
2539,p1290,1,24
2542,p1291,1,60
2545,p1292,1,37
2548,p1293,1,34
2550,p1294,1,14
2551,p1295,1,22
2553,p1296,1,82
2556,p1297,1,68
2558,p1298,1,50
2559,p1299,1,31
2561,p1300,1,73
2562,p1301,1,47
2565,p1302,1,25
2566,p1303,1,80
2569,p1304,1,3
2570,p1305,1,33
2573,p1306,1,30
2576,p1307,1,83
2578,p1308,1,91
2579,p1309,1,64
2581,p1310,1,71
2582,p1311,1,17
2584,p1312,1,5
2585,p1313,1,97
2587,p1314,1,17
2589,p1315,1,41
2590,p1316,1,63
2591,p1317,1,75
2594,p1318,1,39
2597,p1319,1,29
2599,p1320,1,83
2601,p1321,1,67
2604,p1322,1,97
2606,p1323,1,51
2608,p1324,1,21
2609,p1325,1,37
2611,p1326,1,78
2614,p1327,1,95
2617,p1328,1,28
2619,p1329,1,71
2620,p1330,1,32
2622,p1331,1,55
2623,p1332,1,61
2626,p1333,1,15
2627,p1334,1,45
2629,p1335,1,90
2632,p1336,1,88
2633,p1337,1,47
2634,p1338,1,45
2635,p1339,1,25
2638,p1340,1,22
2640,p1341,1,85
2641,p1342,1,66
2643,p1343,1,46
2646,p1344,1,43
2648,p1345,1,59
2649,p1346,1,27
2652,p1347,1,78
2654,p1348,1,17
2655,p1349,1,12
2657,p1350,1,50
2660,p1351,1,31
2662,p1352,1,16
2665,p1353,1,17
2667,p1354,1,3
2668,p1355,1,27
2669,p1356,1,64
2670,p1357,1,2
2671,p1358,1,21
2672,p1359,1,45
2675,p1360,1,6
2677,p1361,1,20
2680,p1362,1,57
2683,p1363,1,21
2684,p1364,1,75
2687,p1365,1,78
2690,p1366,1,29
2693,p1367,1,32
2694,p1368,1,97
2696,p1369,1,39
2699,p1370,1,80
2701,p1371,1,48
2703,p1372,1,86
2706,p1373,1,25
2709,p1374,1,90
2710,p1375,1,65
2711,p1376,1,30
2714,p1377,1,56
2715,p1378,1,14
2718,p1379,1,70
2720,p1380,1,30
2722,p1381,1,76
2725,p1382,1,72
2727,p1383,1,82
2728,p1384,1,26
2729,p1385,1,41
2732,p1386,1,94
2733,p1387,1,65
2734,p1388,1,7
2735,p1389,1,70
2736,p1390,1,97
2737,p1391,1,33
2739,p1392,1,71
2742,p1393,1,13
2744,p1394,1,76
2746,p1395,1,4
2748,p1396,1,30
2750,p1397,1,27
2753,p1398,1,28
2755,p1399,1,75
2757,p1400,1,9
2760,p1401,1,17
2761,p1402,1,8
2764,p1403,1,24
2765,p1404,1,67
2766,p1405,1,56
2769,p1406,1,41
2771,p1407,1,4
2772,p1408,1,88
2774,p1409,1,79
2777,p1410,1,45
2778,p1411,1,97
2779,p1412,1,74
2782,p1413,1,48
2785,p1414,1,75
2788,p1415,1,75
2790,p1416,1,69
2793,p1417,1,30
2794,p1418,1,45
2796,p1419,1,39
2797,p1420,1,27
2800,p1421,1,29
2803,p1422,1,26
2806,p1423,1,7
2808,p1424,1,50
2809,p1425,1,51
2811,p1426,1,87
2812,p1427,1,35
2813,p1428,1,91
2816,p1429,1,12
2817,p1430,1,43
2818,p1431,1,64
2819,p1432,1,70
2820,p1433,1,86
2823,p1434,1,28
2825,p1435,1,55
2827,p1436,1,94
2829,p1437,1,79
2831,p1438,1,45
2832,p1439,1,21
2835,p1440,1,5
2837,p1441,1,64
2840,p1442,1,73
2841,p1443,1,85
2843,p1444,1,37
2844,p1445,1,82
2846,p1446,1,43
2847,p1447,1,63
2850,p1448,1,98
2851,p1449,1,39
2854,p1450,1,74
2855,p1451,1,93
2856,p1452,1,31
2859,p1453,1,52
2861,p1454,1,83
2864,p1455,1,94
2866,p1456,1,21
2869,p1457,1,74
2870,p1458,1,83
2873,p1459,1,28
2875,p1460,1,84
2876,p1461,1,61
2879,p1462,1,14
2882,p1463,1,23
2885,p1464,1,90
2886,p1465,1,84
2889,p1466,1,14
2891,p1467,1,76
2892,p1468,1,78
2895,p1469,1,78
2896,p1470,1,93
2897,p1471,1,26
2899,p1472,1,81
2900,p1473,1,100
2903,p1474,1,65
2905,p1475,1,25
2906,p1476,1,9
2907,p1477,1,12
2909,p1478,1,60
2910,p1479,1,48
2913,p1480,1,33
2915,p1481,1,17
2917,p1482,1,46
2919,p1483,1,21
2921,p1484,1,100
2922,p1485,1,3
2924,p1486,1,97
2925,p1487,1,91
2926,p1488,1,38
2927,p1489,1,73
2929,p1490,1,14
2932,p1491,1,9
2935,p1492,1,93
2937,p1493,1,28
2938,p1494,1,24
2940,p1495,1,23
2941,p1496,1,53
2944,p1497,1,52
2946,p1498,1,59
2949,p1499,1,8
2951,p1500,1,55
2954,p1501,1,15
2955,p1502,1,79
2957,p1503,1,13
2960,p1504,1,73
2961,p1505,1,92
2964,p1506,1,34
2967,p1507,1,68
2969,p1508,1,88
2971,p1509,1,35
2972,p1510,1,41
2973,p1511,1,32
2976,p1512,1,16
2978,p1513,1,65
2979,p1514,1,71
2980,p1515,1,24
2983,p1516,1,76
2985,p1517,1,26
2988,p1518,1,79
2989,p1519,1,86
2990,p1520,1,42
2992,p1521,1,4
2994,p1522,1,13
2996,p1523,1,12
2998,p1524,1,73
2999,p1525,1,32
3001,p1526,1,71
3004,p1527,1,73
3006,p1528,1,63
3009,p1529,1,65
3010,p1530,1,66
3012,p1531,1,13
3013,p1532,1,39
3015,p1533,1,58
3017,p1534,1,26
3019,p1535,1,84
3021,p1536,1,63
3023,p1537,1,98
3024,p1538,1,87
3025,p1539,1,7
3027,p1540,1,78
3029,p1541,1,95
3032,p1542,1,96
3035,p1543,1,3
3037,p1544,1,93
3040,p1545,1,100
3041,p1546,1,20
3044,p1547,1,57
3046,p1548,1,97
3049,p1549,1,95
3050,p1550,1,78
3052,p1551,1,3
3055,p1552,1,97
3056,p1553,1,65
3059,p1554,1,87
3060,p1555,1,21
3062,p1556,1,77
3064,p1557,1,31
3065,p1558,1,90
3066,p1559,1,77
3069,p1560,1,85
3072,p1561,1,20
3075,p1562,1,54
3078,p1563,1,72
3079,p1564,1,67
3082,p1565,1,79
3084,p1566,1,83
3086,p1567,1,3
3088,p1568,1,8
3091,p1569,1,4
3092,p1570,1,43
3094,p1571,1,20
3095,p1572,1,41
3096,p1573,1,98
3098,p1574,1,71
3099,p1575,1,77
3101,p1576,1,74
3104,p1577,1,24
3105,p1578,1,86
3107,p1579,1,51
3109,p1580,1,49
3112,p1581,1,77
3115,p1582,1,3
3117,p1583,1,67
3119,p1584,1,25
3120,p1585,1,55
3123,p1586,1,80
3125,p1587,1,52
3128,p1588,1,97
3130,p1589,1,94
3131,p1590,1,71
3134,p1591,1,40
3137,p1592,1,22
3139,p1593,1,90
3140,p1594,1,62
3143,p1595,1,57
3144,p1596,1,34
3146,p1597,1,8
3147,p1598,1,11
3149,p1599,1,89
3150,p1600,1,82
3151,p1601,1,88
3152,p1602,1,14
3155,p1603,1,43
3158,p1604,1,41
3160,p1605,1,66
3161,p1606,1,52
3164,p1607,1,87
3166,p1608,1,19
3167,p1609,1,19
3170,p1610,1,48
3171,p1611,1,45
3172,p1612,1,20
3173,p1613,1,13
3176,p1614,1,63
3179,p1615,1,92
3180,p1616,1,40
3183,p1617,1,51
3186,p1618,1,50
3189,p1619,1,49
3191,p1620,1,32
3194,p1621,1,39
3196,p1622,1,23
3197,p1623,1,56
3198,p1624,1,83
3199,p1625,1,35
3200,p1626,1,43
3202,p1627,1,19
3204,p1628,1,70
3206,p1629,1,61
3208,p1630,1,33
3211,p1631,1,24
3212,p1632,1,96
3213,p1633,1,52
3215,p1634,1,53
3218,p1635,1,52
3221,p1636,1,42
3223,p1637,1,97
3226,p1638,1,74
3229,p1639,1,67
3232,p1640,1,39
3235,p1641,1,85
3237,p1642,1,92
3240,p1643,1,57
3241,p1644,1,70
3242,p1645,1,57
3244,p1646,1,26
3247,p1647,1,68
3250,p1648,1,79
3253,p1649,1,14
3255,p1650,1,95
3258,p1651,1,68
3261,p1652,1,82
3262,p1653,1,35
3265,p1654,1,55
3266,p1655,1,93
3267,p1656,1,34
3270,p1657,1,82
3271,p1658,1,57
3272,p1659,1,99
3275,p1660,1,21
3276,p1661,1,25
3277,p1662,1,29
3279,p1663,1,14
3282,p1664,1,43
3285,p1665,1,30
3287,p1666,1,11
3289,p1667,1,66
3292,p1668,1,26
3293,p1669,1,65
3294,p1670,1,24
3297,p1671,1,66
3299,p1672,1,85
3302,p1673,1,89
3305,p1674,1,3
3308,p1675,1,69
3310,p1676,1,93
3311,p1677,1,25
3312,p1678,1,15
3315,p1679,1,67
3316,p1680,1,8
3318,p1681,1,75
3319,p1682,1,35
3320,p1683,1,38
3323,p1684,1,13
3324,p1685,1,74
3325,p1686,1,20
3327,p1687,1,39
3328,p1688,1,81
3331,p1689,1,94
3332,p1690,1,10
3335,p1691,1,42
3338,p1692,1,30
3339,p1693,1,24
3341,p1694,1,95
3342,p1695,1,41
3344,p1696,1,30
3345,p1697,1,47
3347,p1698,1,49
3350,p1699,1,70
3351,p1700,1,29
3352,p1701,1,9
3355,p1702,1,86
3358,p1703,1,7
3360,p1704,1,81
3362,p1705,1,74
3364,p1706,1,99
3366,p1707,1,15
3369,p1708,1,9
3370,p1709,1,30
3371,p1710,1,96
3373,p1711,1,72
3374,p1712,1,38
3375,p1713,1,96
3377,p1714,1,67
3380,p1715,1,73
3383,p1716,1,36
3385,p1717,1,44
3388,p1718,1,42
3391,p1719,1,55
3392,p1720,1,48
3395,p1721,1,21
3396,p1722,1,15
3398,p1723,1,44
3399,p1724,1,91
3400,p1725,1,34
3402,p1726,1,36
3404,p1727,1,71
3407,p1728,1,83
3410,p1729,1,47
3411,p1730,1,7
3412,p1731,1,86
3414,p1732,1,96
3415,p1733,1,57
3418,p1734,1,31
3420,p1735,1,60
3423,p1736,1,88
3425,p1737,1,8
3427,p1738,1,7
3428,p1739,1,97
3431,p1740,1,76
3434,p1741,1,53
3436,p1742,1,62
3437,p1743,1,79
3440,p1744,1,94
3442,p1745,1,80
3444,p1746,1,35
3445,p1747,1,20
3448,p1748,1,49
3451,p1749,1,22
3452,p1750,1,52
3454,p1751,1,92
3456,p1752,1,56
3457,p1753,1,12
3460,p1754,1,88
3461,p1755,1,23
3463,p1756,1,61
3465,p1757,1,91
3466,p1758,1,15
3469,p1759,1,10
3470,p1760,1,64
3471,p1761,1,7
3473,p1762,1,9
3475,p1763,1,18
3477,p1764,1,99
3480,p1765,1,85
3482,p1766,1,2
3485,p1767,1,6
3488,p1768,1,66
3491,p1769,1,90
3494,p1770,1,40
3496,p1771,1,27
3498,p1772,1,94
3500,p1773,1,74
3503,p1774,1,16
3505,p1775,1,62
3508,p1776,1,87
3509,p1777,1,47
3510,p1778,1,52
3512,p1779,1,93
3514,p1780,1,40
3516,p1781,1,7
3517,p1782,1,16
3520,p1783,1,23
3521,p1784,1,20
3522,p1785,1,97
3525,p1786,1,66
3528,p1787,1,74
3529,p1788,1,81
3531,p1789,1,76
3532,p1790,1,48
3533,p1791,1,72
3536,p1792,1,60
3537,p1793,1,86
3538,p1794,1,37
3541,p1795,1,38
3544,p1796,1,52
3546,p1797,1,27
3548,p1798,1,70
3549,p1799,1,82
3550,p1800,1,71
3552,p1801,1,14
3554,p1802,1,38
3556,p1803,1,74
3557,p1804,1,72
3559,p1805,1,34
3560,p1806,1,49
3563,p1807,1,90
3566,p1808,1,57
3567,p1809,1,34
3568,p1810,1,77
3569,p1811,1,36
3570,p1812,1,15
3571,p1813,1,79
3572,p1814,1,100
3575,p1815,1,13
3578,p1816,1,28
3581,p1817,1,83
3582,p1818,1,5
3585,p1819,1,71
3587,p1820,1,31
3588,p1821,1,4
3589,p1822,1,71
3592,p1823,1,54
3595,p1824,1,89
3597,p1825,1,23
3599,p1826,1,19
3600,p1827,1,94
3601,p1828,1,40
3604,p1829,1,24
3607,p1830,1,94
3609,p1831,1,60
3611,p1832,1,21
3614,p1833,1,62
3616,p1834,1,26
3617,p1835,1,38
3619,p1836,1,70
3621,p1837,1,81
3623,p1838,1,25
3626,p1839,1,34
3628,p1840,1,83
3630,p1841,1,2
3632,p1842,1,59
3635,p1843,1,60
3638,p1844,1,29
3641,p1845,1,31
3644,p1846,1,72
3646,p1847,1,72
3649,p1848,1,70
3651,p1849,1,44
3654,p1850,1,66
3657,p1851,1,66
3660,p1852,1,42
3662,p1853,1,57
3664,p1854,1,48
3666,p1855,1,93
3669,p1856,1,38
3671,p1857,1,24
3674,p1858,1,61
3675,p1859,1,25
3676,p1860,1,34
3677,p1861,1,54
3678,p1862,1,42
3680,p1863,1,54
3683,p1864,1,89
3685,p1865,1,93
3686,p1866,1,10
3689,p1867,1,100
3691,p1868,1,34
3693,p1869,1,60
3694,p1870,1,27
3696,p1871,1,4
3698,p1872,1,43
3699,p1873,1,66
3702,p1874,1,94
3704,p1875,1,24
3706,p1876,1,46
3708,p1877,1,42
3711,p1878,1,2
3714,p1879,1,10
3717,p1880,1,21
3719,p1881,1,98
3722,p1882,1,70
3725,p1883,1,2
3727,p1884,1,25
3728,p1885,1,23
3731,p1886,1,43
3732,p1887,1,33
3735,p1888,1,35
3737,p1889,1,92
3740,p1890,1,45
3743,p1891,1,21
3746,p1892,1,73
3749,p1893,1,7
3750,p1894,1,84
3751,p1895,1,4
3752,p1896,1,18
3753,p1897,1,91
3756,p1898,1,21
3758,p1899,1,16
3761,p1900,1,38
3764,p1901,1,71
3767,p1902,1,63
3770,p1903,1,48
3772,p1904,1,11
3774,p1905,1,99
3777,p1906,1,71
3780,p1907,1,4
3781,p1908,1,66
3782,p1909,1,69
3784,p1910,1,70
3786,p1911,1,18
3788,p1912,1,74
3791,p1913,1,63
3794,p1914,1,34
3796,p1915,1,30
3797,p1916,1,9
3798,p1917,1,71
3801,p1918,1,53
3804,p1919,1,67
3806,p1920,1,62
3807,p1921,1,20
3809,p1922,1,66
3810,p1923,1,95
3811,p1924,1,31
3813,p1925,1,37
3814,p1926,1,53
3815,p1927,1,62
3818,p1928,1,72
3821,p1929,1,40
3822,p1930,1,3
3824,p1931,1,2
3827,p1932,1,52
3829,p1933,1,53
3830,p1934,1,78
3832,p1935,1,2
3834,p1936,1,16
3837,p1937,1,47
3838,p1938,1,29
3840,p1939,1,57
3841,p1940,1,49
3842,p1941,1,3
3843,p1942,1,11
3844,p1943,1,93
3846,p1944,1,97
3849,p1945,1,62
3850,p1946,1,96
3853,p1947,1,5
3856,p1948,1,100
3857,p1949,1,92
3859,p1950,1,94
3860,p1951,1,51
3861,p1952,1,83
3862,p1953,1,16
3865,p1954,1,56
3868,p1955,1,83
3871,p1956,1,80
3872,p1957,1,81
3874,p1958,1,63
3876,p1959,1,90
3878,p1960,1,34
3881,p1961,1,8
3884,p1962,1,40
3885,p1963,1,5
3888,p1964,1,96
3891,p1965,1,26
3893,p1966,1,21
3895,p1967,1,39
3898,p1968,1,52
3901,p1969,1,2
3904,p1970,1,43
3906,p1971,1,68
3909,p1972,1,71
3910,p1973,1,64
3913,p1974,1,12
3914,p1975,1,17
3916,p1976,1,62
3919,p1977,1,86
3920,p1978,1,95
3923,p1979,1,97
3926,p1980,1,70
3929,p1981,1,91
3932,p1982,1,2
3935,p1983,1,62
3936,p1984,1,53
3938,p1985,1,90
3941,p1986,1,79
3943,p1987,1,55
3945,p1988,1,32
3947,p1989,1,61
3948,p1990,1,17
3950,p1991,1,73
3953,p1992,1,32
3954,p1993,1,44
3956,p1994,1,18
3957,p1995,1,76
3958,p1996,1,33
3960,p1997,1,96
3961,p1998,1,2
3963,p1999,1,7
3965,p2000,1,77
3968,p2001,1,10
3971,p2002,1,5
3972,p2003,1,70
3973,p2004,1,71
3974,p2005,1,100
3975,p2006,1,8
3977,p2007,1,23
3980,p2008,1,89
3983,p2009,1,4
3985,p2010,1,7
3987,p2011,1,76
3990,p2012,1,54
3992,p2013,1,56
3995,p2014,1,30
3997,p2015,1,12
3999,p2016,1,94
4001,p2017,1,97
4003,p2018,1,62
4005,p2019,1,87
4008,p2020,1,49
4010,p2021,1,14
4011,p2022,1,39
4012,p2023,1,76
4013,p2024,1,70
4015,p2025,1,73
4016,p2026,1,100
4017,p2027,1,12
4019,p2028,1,60
4022,p2029,1,47
4023,p2030,1,44
4024,p2031,1,95
4026,p2032,1,79
4028,p2033,1,34
4030,p2034,1,45
4032,p2035,1,3
4035,p2036,1,23
4038,p2037,1,46
4040,p2038,1,81
4041,p2039,1,99
4042,p2040,1,85
4043,p2041,1,48
4044,p2042,1,85
4047,p2043,1,3
4049,p2044,1,55
4051,p2045,1,34
4054,p2046,1,23
4057,p2047,1,78
4060,p2048,1,33
4061,p2049,1,20
4064,p2050,1,57
4067,p2051,1,70
4070,p2052,1,81
4071,p2053,1,74
4074,p2054,1,68
4075,p2055,1,50
4077,p2056,1,92
4079,p2057,1,13
4081,p2058,1,82
4084,p2059,1,68
4087,p2060,1,78
4089,p2061,1,60
4092,p2062,1,7
4093,p2063,1,65
4096,p2064,1,21
4099,p2065,1,70
4100,p2066,1,59
4101,p2067,1,2
4103,p2068,1,55
4104,p2069,1,95
4106,p2070,1,17
4107,p2071,1,63
4109,p2072,1,77
4112,p2073,1,5
4114,p2074,1,10
4115,p2075,1,14
4116,p2076,1,82
4118,p2077,1,6
4121,p2078,1,100
4123,p2079,1,72
4124,p2080,1,29
4125,p2081,1,33
4126,p2082,1,69
4128,p2083,1,64
4130,p2084,1,4
4131,p2085,1,28
4134,p2086,1,42
4135,p2087,1,64
4137,p2088,1,99
4139,p2089,1,25
4140,p2090,1,20
4141,p2091,1,99
4143,p2092,1,73
4146,p2093,1,80
4148,p2094,1,13
4150,p2095,1,68
4151,p2096,1,36
4154,p2097,1,76
4157,p2098,1,29
4158,p2099,1,71
4161,p2100,1,63
4163,p2101,1,64
4165,p2102,1,53
4166,p2103,1,37
4168,p2104,1,4
4169,p2105,1,73
4172,p2106,1,55
4173,p2107,1,48
4176,p2108,1,90
4178,p2109,1,64
4180,p2110,1,60
4183,p2111,1,90
4186,p2112,1,43
4188,p2113,1,17
4190,p2114,1,19
4192,p2115,1,39
4194,p2116,1,73
4196,p2117,1,21
4197,p2118,1,65
4199,p2119,1,59
4201,p2120,1,64
4202,p2121,1,67
4205,p2122,1,31
4208,p2123,1,22
4209,p2124,1,53
4210,p2125,1,28
4213,p2126,1,28
4214,p2127,1,98
4216,p2128,1,57
4219,p2129,1,94
4221,p2130,1,19
4224,p2131,1,27
4227,p2132,1,75
4230,p2133,1,23
4232,p2134,1,71
4235,p2135,1,49
4238,p2136,1,61
4239,p2137,1,42
4240,p2138,1,38
4242,p2139,1,72
4244,p2140,1,73
4246,p2141,1,82
4249,p2142,1,79
4251,p2143,1,49
4252,p2144,1,53
4253,p2145,1,61
4254,p2146,1,77
4255,p2147,1,59
4258,p2148,1,81
4260,p2149,1,41
4262,p2150,1,24
4265,p2151,1,3
4268,p2152,1,14
4269,p2153,1,88
4272,p2154,1,11
4275,p2155,1,73
4276,p2156,1,89
4278,p2157,1,42
4280,p2158,1,41
4281,p2159,1,5
4282,p2160,1,69
4284,p2161,1,41
4287,p2162,1,71
4288,p2163,1,17
4291,p2164,1,92
4293,p2165,1,2
4294,p2166,1,94
4295,p2167,1,33
4298,p2168,1,20
4301,p2169,1,29
4304,p2170,1,90
4307,p2171,1,63
4310,p2172,1,57
4312,p2173,1,78
4313,p2174,1,68
4316,p2175,1,44
4319,p2176,1,5
4321,p2177,1,68
4323,p2178,1,23
4324,p2179,1,8
4327,p2180,1,26
4328,p2181,1,21
4330,p2182,1,62
4331,p2183,1,24
4333,p2184,1,31
4335,p2185,1,29
4337,p2186,1,3
4340,p2187,1,53
4341,p2188,1,66
4342,p2189,1,18
4345,p2190,1,55
4347,p2191,1,23
4348,p2192,1,97
4351,p2193,1,58
4352,p2194,1,27
4355,p2195,1,93
4358,p2196,1,36
4359,p2197,1,30
4362,p2198,1,35
4365,p2199,1,31
4367,p2200,1,41
4370,p2201,1,52
4372,p2202,1,69
4374,p2203,1,39
4375,p2204,1,40
4377,p2205,1,42
4378,p2206,1,36
4379,p2207,1,30
4381,p2208,1,44
4382,p2209,1,39
4384,p2210,1,77
4387,p2211,1,94
4388,p2212,1,89
4390,p2213,1,13
4391,p2214,1,21
4393,p2215,1,15
4396,p2216,1,96
4397,p2217,1,50
4398,p2218,1,55
4401,p2219,1,74
4402,p2220,1,57
4405,p2221,1,21
4407,p2222,1,68
4410,p2223,1,78
4413,p2224,1,76
4416,p2225,1,48
4419,p2226,1,33
4421,p2227,1,69
4423,p2228,1,29
4426,p2229,1,65
4428,p2230,1,78
4430,p2231,1,98
4433,p2232,1,46
4436,p2233,1,44
4439,p2234,1,21
4442,p2235,1,79
4445,p2236,1,94
4446,p2237,1,52
4449,p2238,1,21
4450,p2239,1,42
4452,p2240,1,21
4455,p2241,1,30
4456,p2242,1,66
4457,p2243,1,23
4460,p2244,1,8
4462,p2245,1,34
4463,p2246,1,96
4466,p2247,1,75
4467,p2248,1,80
4470,p2249,1,83
4473,p2250,1,41
4475,p2251,1,29
4478,p2252,1,62
4481,p2253,1,93
4482,p2254,1,27
4484,p2255,1,95
4486,p2256,1,74
4487,p2257,1,20
4490,p2258,1,82
4492,p2259,1,100
4494,p2260,1,68
4497,p2261,1,78
4498,p2262,1,26
4499,p2263,1,75
4502,p2264,1,44
4504,p2265,1,87
4506,p2266,1,34
4507,p2267,1,85
4509,p2268,1,9
4510,p2269,1,47
4513,p2270,1,45
4514,p2271,1,75
4517,p2272,1,85
4518,p2273,1,87
4521,p2274,1,39
4524,p2275,1,38
4526,p2276,1,52
4527,p2277,1,32
4530,p2278,1,8
4531,p2279,1,87
4534,p2280,1,55
4537,p2281,1,74
4540,p2282,1,16
4543,p2283,1,77
4544,p2284,1,7
4546,p2285,1,87
4548,p2286,1,26
4550,p2287,1,68
4553,p2288,1,68
4555,p2289,1,15
4557,p2290,1,16
4558,p2291,1,74
4559,p2292,1,70
4561,p2293,1,91
4564,p2294,1,24
4565,p2295,1,57
4566,p2296,1,7
4567,p2297,1,23
4568,p2298,1,83
4569,p2299,1,19
4572,p2300,1,41
4574,p2301,1,24
4575,p2302,1,52
4578,p2303,1,64
4581,p2304,1,83
4582,p2305,1,31
4583,p2306,1,100
4585,p2307,1,15
4586,p2308,1,71
4587,p2309,1,31
4590,p2310,1,97
4591,p2311,1,90
4592,p2312,1,58
4593,p2313,1,98
4594,p2314,1,20
4595,p2315,1,28
4597,p2316,1,23
4600,p2317,1,13
4602,p2318,1,12
4603,p2319,1,80
4604,p2320,1,79
4605,p2321,1,77
4607,p2322,1,40
4608,p2323,1,72
4610,p2324,1,93
4611,p2325,1,54
4613,p2326,1,95
4615,p2327,1,84
4616,p2328,1,88
4619,p2329,1,35
4622,p2330,1,41
4623,p2331,1,51
4624,p2332,1,93
4626,p2333,1,80
4629,p2334,1,23
4632,p2335,1,60
4634,p2336,1,48
4636,p2337,1,2
4639,p2338,1,37
4640,p2339,1,53
4641,p2340,1,27
4644,p2341,1,4
4647,p2342,1,75
4648,p2343,1,74
4649,p2344,1,51
4650,p2345,1,2
4651,p2346,1,26
4652,p2347,1,17
4655,p2348,1,30
4656,p2349,1,28
4659,p2350,1,54
4660,p2351,1,67
4661,p2352,1,45
4664,p2353,1,96
4666,p2354,1,75
4668,p2355,1,34
4671,p2356,1,50
4674,p2357,1,78
4677,p2358,1,4
4680,p2359,1,72
4683,p2360,1,59
4684,p2361,1,76
4685,p2362,1,68
4686,p2363,1,82
4687,p2364,1,32
4688,p2365,1,38
4691,p2366,1,21
4694,p2367,1,18
4695,p2368,1,97
4696,p2369,1,46
4698,p2370,1,24
4699,p2371,1,19
4702,p2372,1,69
4705,p2373,1,31
4707,p2374,1,85
4709,p2375,1,75
4712,p2376,1,20
4715,p2377,1,69
4718,p2378,1,30
4719,p2379,1,67
4720,p2380,1,44
4723,p2381,1,59
4725,p2382,1,65
4726,p2383,1,50
4729,p2384,1,85
4730,p2385,1,37
4732,p2386,1,95
4733,p2387,1,31
4734,p2388,1,100
4735,p2389,1,97
4736,p2390,1,11
4739,p2391,1,22
4741,p2392,1,7
4743,p2393,1,23
4744,p2394,1,82
4745,p2395,1,58
4746,p2396,1,61
4748,p2397,1,95
4750,p2398,1,87
4751,p2399,1,98
4752,p2400,1,58
4755,p2401,1,93
4756,p2402,1,23
4759,p2403,1,39
4761,p2404,1,4
4762,p2405,1,16
4765,p2406,1,60
4766,p2407,1,77
4768,p2408,1,50
4771,p2409,1,50
4773,p2410,1,82
4776,p2411,1,24
4778,p2412,1,25
4779,p2413,1,97
4780,p2414,1,75
4782,p2415,1,52
4785,p2416,1,21
4786,p2417,1,13
4787,p2418,1,18
4790,p2419,1,85
4793,p2420,1,70
4794,p2421,1,20
4796,p2422,1,40
4798,p2423,1,50
4800,p2424,1,4
4802,p2425,1,94
4805,p2426,1,3
4808,p2427,1,81
4810,p2428,1,87
4813,p2429,1,75
4815,p2430,1,24
4817,p2431,1,14
4818,p2432,1,39
4819,p2433,1,99
4821,p2434,1,28
4824,p2435,1,54
4826,p2436,1,28
4829,p2437,1,53
4830,p2438,1,85
4831,p2439,1,33
4833,p2440,1,53
4835,p2441,1,45
4836,p2442,1,44
4838,p2443,1,78
4840,p2444,1,37
4843,p2445,1,71
4846,p2446,1,87
4849,p2447,1,61
4851,p2448,1,22
4852,p2449,1,42
4853,p2450,1,27
4854,p2451,1,14
4855,p2452,1,17
4858,p2453,1,72
4860,p2454,1,87
4861,p2455,1,63
4864,p2456,1,95
4865,p2457,1,31
4867,p2458,1,4
4868,p2459,1,70
4871,p2460,1,20
4873,p2461,1,75
4874,p2462,1,33
4876,p2463,1,38
4879,p2464,1,73
4882,p2465,1,78
4884,p2466,1,5
4885,p2467,1,19
4887,p2468,1,15
4889,p2469,1,32
4891,p2470,1,25
4892,p2471,1,39
4895,p2472,1,79
4896,p2473,1,9
4899,p2474,1,51
4902,p2475,1,19
4904,p2476,1,27
4906,p2477,1,25
4907,p2478,1,82
4909,p2479,1,7
4911,p2480,1,20
4912,p2481,1,5
4914,p2482,1,50
4915,p2483,1,60
4917,p2484,1,31
4919,p2485,1,90
4921,p2486,1,57
4924,p2487,1,62
4926,p2488,1,39
4929,p2489,1,94
4931,p2490,1,2
4932,p2491,1,60
4933,p2492,1,25
4934,p2493,1,10
4935,p2494,1,42
4936,p2495,1,72
4938,p2496,1,16
4941,p2497,1,25
4943,p2498,1,17
4946,p2499,1,50
4948,p2500,1,67
4949,p2501,1,76
4951,p2502,1,26
4954,p2503,1,29
4957,p2504,1,59
4960,p2505,1,36
4961,p2506,1,6
4962,p2507,1,96
4965,p2508,1,75
4968,p2509,1,3
4971,p2510,1,82
4974,p2511,1,56
4976,p2512,1,54
4977,p2513,1,48
4979,p2514,1,70
4980,p2515,1,91
4982,p2516,1,21
4983,p2517,1,50
4984,p2518,1,95
4985,p2519,1,65
4987,p2520,1,23
4988,p2521,1,14
4989,p2522,1,10
4990,p2523,1,89
4992,p2524,1,21
4993,p2525,1,66
4996,p2526,1,5
4997,p2527,1,70
5000,p2528,1,92
5003,p2529,1,55
5004,p2530,1,54
5006,p2531,1,85
5008,p2532,1,87
5011,p2533,1,88
5012,p2534,1,27
5013,p2535,1,74
5015,p2536,1,2
5018,p2537,1,97
5021,p2538,1,66
5023,p2539,1,96
5025,p2540,1,11
5026,p2541,1,54
5029,p2542,1,77
5030,p2543,1,89
5031,p2544,1,46
5032,p2545,1,12
5034,p2546,1,50
5035,p2547,1,49
5037,p2548,1,79
5040,p2549,1,2
5042,p2550,1,15
5044,p2551,1,56
5045,p2552,1,96
5048,p2553,1,24
5050,p2554,1,87
5053,p2555,1,32
5055,p2556,1,31
5056,p2557,1,58
5058,p2558,1,28
5059,p2559,1,75
5062,p2560,1,52
5065,p2561,1,55
5068,p2562,1,99
5070,p2563,1,84
5071,p2564,1,42
5073,p2565,1,61
5074,p2566,1,59
5075,p2567,1,84
5077,p2568,1,55
5078,p2569,1,2
5079,p2570,1,35
5080,p2571,1,39
5081,p2572,1,57
5083,p2573,1,59
5084,p2574,1,86
5087,p2575,1,21
5090,p2576,1,26
5091,p2577,1,30
5092,p2578,1,21
5095,p2579,1,8
5096,p2580,1,29
5097,p2581,1,71
5099,p2582,1,89
5102,p2583,1,22
5105,p2584,1,25
5106,p2585,1,55
5109,p2586,1,37
5110,p2587,1,55
5111,p2588,1,36
5112,p2589,1,61
5115,p2590,1,40
5116,p2591,1,58
5119,p2592,1,26
5121,p2593,1,20
5122,p2594,1,77
5125,p2595,1,53
5128,p2596,1,45
5129,p2597,1,29
5130,p2598,1,12
5133,p2599,1,30
5134,p2600,1,60
5136,p2601,1,66
5139,p2602,1,16
5142,p2603,1,98
5144,p2604,1,11
5146,p2605,1,60
5148,p2606,1,29
5149,p2607,1,43
5151,p2608,1,32
5153,p2609,1,77
5154,p2610,1,10
5157,p2611,1,94
5158,p2612,1,22
5159,p2613,1,20
5161,p2614,1,30
5162,p2615,1,20
5163,p2616,1,10
5166,p2617,1,39
5167,p2618,1,94
5170,p2619,1,55
5172,p2620,1,5
5173,p2621,1,91
5176,p2622,1,95
5178,p2623,1,63
5180,p2624,1,49
5183,p2625,1,69
5186,p2626,1,44
5189,p2627,1,13
5192,p2628,1,51
5195,p2629,1,46
5198,p2630,1,26
5199,p2631,1,80
5202,p2632,1,24
5205,p2633,1,34
5208,p2634,1,63
5211,p2635,1,85
5213,p2636,1,73
5215,p2637,1,40
5218,p2638,1,14
5219,p2639,1,60
5222,p2640,1,84
5225,p2641,1,74
5227,p2642,1,63
5230,p2643,1,12
5232,p2644,1,83
5235,p2645,1,74
5237,p2646,1,21
5239,p2647,1,42
5240,p2648,1,64
5243,p2649,1,65
5244,p2650,1,43
5245,p2651,1,55
5248,p2652,1,17
5249,p2653,1,20
5252,p2654,1,71
5253,p2655,1,9
5254,p2656,1,3
5256,p2657,1,71
5257,p2658,1,44
5259,p2659,1,61
5262,p2660,1,40
5264,p2661,1,99
5265,p2662,1,32
5268,p2663,1,62
5270,p2664,1,86
5271,p2665,1,92
5274,p2666,1,63
5275,p2667,1,32
5278,p2668,1,28
5281,p2669,1,57
5283,p2670,1,56
5284,p2671,1,6
5285,p2672,1,73
5287,p2673,1,53
5289,p2674,1,47
5290,p2675,1,19
5293,p2676,1,74
5294,p2677,1,62
5296,p2678,1,65
5299,p2679,1,18
5301,p2680,1,37
5302,p2681,1,7
5303,p2682,1,48
5304,p2683,1,97
5305,p2684,1,51
5308,p2685,1,94
5309,p2686,1,49
5310,p2687,1,64
5313,p2688,1,100
5315,p2689,1,88
5318,p2690,1,93
5320,p2691,1,78
5323,p2692,1,74
5326,p2693,1,85
5329,p2694,1,73
5332,p2695,1,78
5333,p2696,1,71
5336,p2697,1,4
5339,p2698,1,99
5342,p2699,1,7
5343,p2700,1,13
5344,p2701,1,52
5346,p2702,1,82
5349,p2703,1,13
5352,p2704,1,75
5354,p2705,1,10
5355,p2706,1,3
5356,p2707,1,39
5359,p2708,1,22
5361,p2709,1,75
5364,p2710,1,85
5365,p2711,1,49
5367,p2712,1,58
5368,p2713,1,28
5371,p2714,1,21
5374,p2715,1,19
5376,p2716,1,17
5379,p2717,1,27
5382,p2718,1,69
5385,p2719,1,41
5386,p2720,1,95
5388,p2721,1,73
5389,p2722,1,13
5390,p2723,1,18
5391,p2724,1,12
5394,p2725,1,25
5395,p2726,1,5
5398,p2727,1,6
5400,p2728,1,62
5402,p2729,1,48
5404,p2730,1,52
5406,p2731,1,48
5409,p2732,1,27
5412,p2733,1,18
5413,p2734,1,56
5415,p2735,1,57
5416,p2736,1,10
5418,p2737,1,75
5421,p2738,1,76
5423,p2739,1,62
5426,p2740,1,62
5429,p2741,1,43
5432,p2742,1,64
5433,p2743,1,51
5436,p2744,1,29
5438,p2745,1,26
5439,p2746,1,91
5440,p2747,1,63
5443,p2748,1,2
5446,p2749,1,71
5448,p2750,1,43
5450,p2751,1,8
5453,p2752,1,42
5456,p2753,1,4
5459,p2754,1,6
5460,p2755,1,75
5461,p2756,1,16
5464,p2757,1,59
5467,p2758,1,9
5468,p2759,1,78
5469,p2760,1,26
5470,p2761,1,76
5473,p2762,1,58
5475,p2763,1,93
5477,p2764,1,25
5478,p2765,1,51
5480,p2766,1,4
5482,p2767,1,37
5485,p2768,1,48
5486,p2769,1,14
5487,p2770,1,18
5490,p2771,1,74
5491,p2772,1,70
5494,p2773,1,96
5496,p2774,1,60
5497,p2775,1,6
5500,p2776,1,37
5502,p2777,1,23
5505,p2778,1,97
5507,p2779,1,60
5508,p2780,1,59
5511,p2781,1,61
5514,p2782,1,59
5516,p2783,1,81
5517,p2784,1,9
5519,p2785,1,81
5521,p2786,1,74
5522,p2787,1,58
5525,p2788,1,30
5526,p2789,1,12
5527,p2790,1,56
5528,p2791,1,63
5529,p2792,1,37
5530,p2793,1,21
5533,p2794,1,66
5534,p2795,1,95
5535,p2796,1,4
5538,p2797,1,12
5539,p2798,1,53
5540,p2799,1,60
5542,p2800,1,83
5543,p2801,1,58
5545,p2802,1,81
5548,p2803,1,8
5549,p2804,1,38
5551,p2805,1,26
5552,p2806,1,59
5555,p2807,1,67
5556,p2808,1,5
5559,p2809,1,4
5561,p2810,1,3
5563,p2811,1,88
5566,p2812,1,63
5569,p2813,1,72
5570,p2814,1,58
5571,p2815,1,7
5574,p2816,1,83
5577,p2817,1,42
5578,p2818,1,62
5581,p2819,1,82
5583,p2820,1,100
5585,p2821,1,54
5586,p2822,1,98
5588,p2823,1,10
5590,p2824,1,80
5592,p2825,1,48
5595,p2826,1,22
5597,p2827,1,24
5599,p2828,1,94
5600,p2829,1,64
5603,p2830,1,87
5604,p2831,1,91
5607,p2832,1,17
5608,p2833,1,92
5611,p2834,1,31
5612,p2835,1,38
5615,p2836,1,41
5617,p2837,1,26
5619,p2838,1,89
5622,p2839,1,53
5625,p2840,1,10
5628,p2841,1,46
5631,p2842,1,32
5634,p2843,1,10
5636,p2844,1,51
5639,p2845,1,72
5642,p2846,1,10
5644,p2847,1,50
5646,p2848,1,41
5647,p2849,1,93
5650,p2850,1,50
5651,p2851,1,70
5653,p2852,1,68
5654,p2853,1,21
5655,p2854,1,53
5658,p2855,1,70
5661,p2856,1,87
5663,p2857,1,89
5665,p2858,1,7
5666,p2859,1,16
5667,p2860,1,63
5669,p2861,1,72
5670,p2862,1,79
5671,p2863,1,17
5672,p2864,1,46
5675,p2865,1,54
5677,p2866,1,69
5680,p2867,1,51
5683,p2868,1,66
5686,p2869,1,72
5688,p2870,1,56
5690,p2871,1,54
5693,p2872,1,74
5696,p2873,1,57
5699,p2874,1,65
5700,p2875,1,27
5701,p2876,1,47
5704,p2877,1,41
5706,p2878,1,48
5707,p2879,1,92
5709,p2880,1,84
5711,p2881,1,98
5712,p2882,1,65
5713,p2883,1,40
5715,p2884,1,66
5718,p2885,1,31
5719,p2886,1,32
5722,p2887,1,18
5724,p2888,1,17
5725,p2889,1,95
5727,p2890,1,27
5728,p2891,1,29
5729,p2892,1,25
5731,p2893,1,15
5732,p2894,1,4
5733,p2895,1,92
5734,p2896,1,81
5736,p2897,1,77
5738,p2898,1,52
5740,p2899,1,14
5743,p2900,1,72
5744,p2901,1,7
5746,p2902,1,68
5747,p2903,1,96
5749,p2904,1,4
5752,p2905,1,69
5755,p2906,1,20
5757,p2907,1,82
5758,p2908,1,62
5760,p2909,1,18
5763,p2910,1,80
5765,p2911,1,58
5766,p2912,1,41
5769,p2913,1,24
5771,p2914,1,73
5774,p2915,1,73
5775,p2916,1,76
5777,p2917,1,97
5778,p2918,1,50
5779,p2919,1,77
5781,p2920,1,90
5782,p2921,1,68
5785,p2922,1,67
5786,p2923,1,79
5787,p2924,1,40
5788,p2925,1,9
5789,p2926,1,77
5791,p2927,1,82
5792,p2928,1,22
5795,p2929,1,80
5796,p2930,1,3
5798,p2931,1,97
5800,p2932,1,37
5803,p2933,1,95
5806,p2934,1,4
5809,p2935,1,82
5811,p2936,1,88
5814,p2937,1,40
5815,p2938,1,16
5817,p2939,1,70
5820,p2940,1,94
5823,p2941,1,13
5825,p2942,1,55
5827,p2943,1,35
5829,p2944,1,18
5830,p2945,1,5
5833,p2946,1,34
5835,p2947,1,29
5837,p2948,1,5
5838,p2949,1,42
5839,p2950,1,87
5840,p2951,1,89
5841,p2952,1,2
5843,p2953,1,69
5844,p2954,1,30
5845,p2955,1,5
5846,p2956,1,28
5849,p2957,1,87
5852,p2958,1,80
5853,p2959,1,40
5856,p2960,1,22
5858,p2961,1,55
5861,p2962,1,49
5863,p2963,1,41
5864,p2964,1,45
5866,p2965,1,21
5869,p2966,1,94
5872,p2967,1,39
5873,p2968,1,27
5876,p2969,1,21
5879,p2970,1,17
5881,p2971,1,68
5884,p2972,1,43
5887,p2973,1,30
5889,p2974,1,60
5892,p2975,1,39
5894,p2976,1,6
5895,p2977,1,75
5898,p2978,1,33
5899,p2979,1,63
5901,p2980,1,28
5904,p2981,1,80
5907,p2982,1,37
5908,p2983,1,79
5911,p2984,1,60
5914,p2985,1,77
5916,p2986,1,22
5918,p2987,1,24
5920,p2988,1,9
5921,p2989,1,64
5922,p2990,1,25
5925,p2991,1,72
5926,p2992,1,51
5927,p2993,1,48
5930,p2994,1,31
5932,p2995,1,62
5935,p2996,1,10
5937,p2997,1,29
5938,p2998,1,8
5941,p2999,1,30
5943,p3000,1,6
5945,p3001,1,11
5948,p3002,1,52
5950,p3003,1,88
5952,p3004,1,95
5955,p3005,1,38
5957,p3006,1,75
5960,p3007,1,6
5961,p3008,1,93
5962,p3009,1,86
5965,p3010,1,29
5966,p3011,1,61
5968,p3012,1,55
5970,p3013,1,7
5973,p3014,1,80
5976,p3015,1,67
5978,p3016,1,64
5980,p3017,1,39
5982,p3018,1,26
5985,p3019,1,13
5987,p3020,1,91
5989,p3021,1,96
5991,p3022,1,69
5992,p3023,1,36
5995,p3024,1,49
5996,p3025,1,59
5997,p3026,1,55
5999,p3027,1,68
6000,p3028,1,99
6001,p3029,1,7
6004,p3030,1,9
6007,p3031,1,8
6010,p3032,1,34
6012,p3033,1,86
6014,p3034,1,28
6016,p3035,1,26
6018,p3036,1,66
6021,p3037,1,66
6022,p3038,1,28
6025,p3039,1,6
6026,p3040,1,21
6029,p3041,1,16
6031,p3042,1,42
6034,p3043,1,48
6035,p3044,1,39
6038,p3045,1,91
6041,p3046,1,66
6044,p3047,1,91
6046,p3048,1,69
6048,p3049,1,64
6049,p3050,1,70
6050,p3051,1,63
6052,p3052,1,63
6055,p3053,1,13
6057,p3054,1,30
6058,p3055,1,41
6060,p3056,1,33
6063,p3057,1,21
6066,p3058,1,25
6069,p3059,1,98
6070,p3060,1,9
6073,p3061,1,15
6076,p3062,1,65
6077,p3063,1,52
6079,p3064,1,27
6080,p3065,1,28
6081,p3066,1,94
6082,p3067,1,44
6084,p3068,1,45
6087,p3069,1,70
6088,p3070,1,37
6090,p3071,1,6
6092,p3072,1,26
6095,p3073,1,3
6098,p3074,1,70
6100,p3075,1,40
6102,p3076,1,27
6104,p3077,1,70
6105,p3078,1,48
6107,p3079,1,48
6108,p3080,1,24
6109,p3081,1,84
6111,p3082,1,2
6112,p3083,1,88
6115,p3084,1,68
6117,p3085,1,45
6120,p3086,1,45
6123,p3087,1,9
6124,p3088,1,38
6125,p3089,1,73
6128,p3090,1,46
6131,p3091,1,35
6132,p3092,1,22
6133,p3093,1,57
6134,p3094,1,83
6137,p3095,1,97
6139,p3096,1,87
6140,p3097,1,87
6143,p3098,1,85
6146,p3099,1,46
6148,p3100,1,24
6151,p3101,1,19
6153,p3102,1,93
6156,p3103,1,31
6159,p3104,1,33
6160,p3105,1,92
6162,p3106,1,51
6163,p3107,1,56
6165,p3108,1,79
6168,p3109,1,55
6169,p3110,1,25
6170,p3111,1,28
6173,p3112,1,9
6176,p3113,1,9
6179,p3114,1,50
6180,p3115,1,81
6183,p3116,1,35
6185,p3117,1,13
6188,p3118,1,49
6190,p3119,1,42
6193,p3120,1,10
6196,p3121,1,20
6197,p3122,1,92
6198,p3123,1,75
6199,p3124,1,24
6200,p3125,1,57
6203,p3126,1,12
6206,p3127,1,81
6209,p3128,1,89
6210,p3129,1,72
6212,p3130,1,81
6215,p3131,1,89
6217,p3132,1,33
6219,p3133,1,45
6220,p3134,1,14
6221,p3135,1,28
6224,p3136,1,51
6227,p3137,1,28
6229,p3138,1,70
6232,p3139,1,20
6233,p3140,1,84
6236,p3141,1,80
6239,p3142,1,65
6240,p3143,1,86
6242,p3144,1,84
6243,p3145,1,53
6245,p3146,1,11
6248,p3147,1,29
6251,p3148,1,22
6253,p3149,1,11
6255,p3150,1,32
6257,p3151,1,57
6260,p3152,1,59
6263,p3153,1,91
6266,p3154,1,68
6267,p3155,1,69
6270,p3156,1,41
6272,p3157,1,36
6273,p3158,1,67
6276,p3159,1,54
6279,p3160,1,70
6282,p3161,1,39
6283,p3162,1,4
6286,p3163,1,71
6288,p3164,1,85
6290,p3165,1,47
6292,p3166,1,86
6293,p3167,1,41
6295,p3168,1,43
6297,p3169,1,80
6298,p3170,1,21
6301,p3171,1,52
6303,p3172,1,38
6306,p3173,1,77
6308,p3174,1,78
6311,p3175,1,100
6312,p3176,1,41
6315,p3177,1,77
6316,p3178,1,88
6318,p3179,1,17
6319,p3180,1,82
6321,p3181,1,96
6322,p3182,1,16
6325,p3183,1,27
6328,p3184,1,19
6331,p3185,1,41
6333,p3186,1,72
6334,p3187,1,82
6336,p3188,1,21
6338,p3189,1,62
6339,p3190,1,13
6341,p3191,1,70
6344,p3192,1,17
6346,p3193,1,83
6347,p3194,1,42
6349,p3195,1,52
6352,p3196,1,50
6353,p3197,1,8
6354,p3198,1,53
6356,p3199,1,47
6359,p3200,1,64
6362,p3201,1,24
6363,p3202,1,74
6365,p3203,1,26
6366,p3204,1,100
6367,p3205,1,57
6368,p3206,1,31
6370,p3207,1,99
6371,p3208,1,11
6374,p3209,1,57
6375,p3210,1,82
6377,p3211,1,90
6380,p3212,1,90
6381,p3213,1,23
6382,p3214,1,24
6384,p3215,1,94
6387,p3216,1,28
6389,p3217,1,75
6392,p3218,1,90
6395,p3219,1,54
6396,p3220,1,70
6397,p3221,1,6
6400,p3222,1,36
6403,p3223,1,74
6405,p3224,1,52
6408,p3225,1,8
6409,p3226,1,47
6410,p3227,1,3
6411,p3228,1,52
6412,p3229,1,66
6415,p3230,1,95
6418,p3231,1,39
6421,p3232,1,56
6423,p3233,1,8
6426,p3234,1,70
6429,p3235,1,16
6432,p3236,1,62
6433,p3237,1,82
6436,p3238,1,78
6438,p3239,1,26
6439,p3240,1,53
6442,p3241,1,48
6445,p3242,1,17
6446,p3243,1,46
6447,p3244,1,47
6449,p3245,1,38
6451,p3246,1,28
6453,p3247,1,57
6454,p3248,1,56
6457,p3249,1,31
6458,p3250,1,66
6459,p3251,1,65
6461,p3252,1,72
6463,p3253,1,10
6465,p3254,1,29
6468,p3255,1,48
6470,p3256,1,96
6471,p3257,1,59
6473,p3258,1,29
6475,p3259,1,15
6476,p3260,1,72
6477,p3261,1,58
6479,p3262,1,92
6480,p3263,1,55
6481,p3264,1,30
6484,p3265,1,95
6487,p3266,1,99
6490,p3267,1,50
6491,p3268,1,32
6493,p3269,1,24
6494,p3270,1,99
6497,p3271,1,68
6500,p3272,1,54
6501,p3273,1,20
6502,p3274,1,96
6503,p3275,1,75
6506,p3276,1,32
6508,p3277,1,64
6509,p3278,1,85
6511,p3279,1,22
6512,p3280,1,79
6514,p3281,1,60
6516,p3282,1,49
6519,p3283,1,83
6521,p3284,1,9
6522,p3285,1,69
6525,p3286,1,51
6526,p3287,1,37
6529,p3288,1,7
6532,p3289,1,18
6535,p3290,1,74
6538,p3291,1,98
6541,p3292,1,47
6542,p3293,1,97
6545,p3294,1,46
6548,p3295,1,43
6551,p3296,1,89
6554,p3297,1,47
6555,p3298,1,16
6557,p3299,1,38
6560,p3300,1,62
6561,p3301,1,19
6562,p3302,1,72
6565,p3303,1,11
6567,p3304,1,60
6570,p3305,1,20
6571,p3306,1,51
6572,p3307,1,49
6574,p3308,1,72
6577,p3309,1,32
6580,p3310,1,9
6583,p3311,1,88
6584,p3312,1,70
6585,p3313,1,51
6586,p3314,1,99
6588,p3315,1,21
6591,p3316,1,11
6592,p3317,1,13
6594,p3318,1,79
6597,p3319,1,21
6599,p3320,1,2
6600,p3321,1,8
6603,p3322,1,21
6604,p3323,1,81
6605,p3324,1,50
6606,p3325,1,24
6607,p3326,1,27
6608,p3327,1,78
6609,p3328,1,72
6610,p3329,1,34
6613,p3330,1,59
6615,p3331,1,74
6617,p3332,1,63
6619,p3333,1,3
6622,p3334,1,68
6624,p3335,1,86
6626,p3336,1,77
6627,p3337,1,46
6628,p3338,1,97
6630,p3339,1,13
6633,p3340,1,38
6634,p3341,1,83
6637,p3342,1,78
6640,p3343,1,57
6641,p3344,1,96
6644,p3345,1,50
6647,p3346,1,43
6649,p3347,1,83
6652,p3348,1,78
6653,p3349,1,99
6656,p3350,1,33
6658,p3351,1,60
6659,p3352,1,44
6660,p3353,1,53
6663,p3354,1,19
6665,p3355,1,89
6666,p3356,1,32
6667,p3357,1,20
6670,p3358,1,78
6672,p3359,1,28
6675,p3360,1,46
6678,p3361,1,98
6680,p3362,1,51
6683,p3363,1,91
6686,p3364,1,88
6689,p3365,1,10
6691,p3366,1,95
6694,p3367,1,40
6696,p3368,1,22
6698,p3369,1,60
6699,p3370,1,65
6702,p3371,1,20
6703,p3372,1,92
6706,p3373,1,61
6709,p3374,1,65
6712,p3375,1,47
6713,p3376,1,56
6714,p3377,1,32
6717,p3378,1,73
6719,p3379,1,41
6722,p3380,1,58
6723,p3381,1,76
6724,p3382,1,49
6726,p3383,1,90
6729,p3384,1,83
6731,p3385,1,90
6733,p3386,1,56
6736,p3387,1,18
6739,p3388,1,96
6740,p3389,1,17
6743,p3390,1,12
6746,p3391,1,95
6748,p3392,1,36
6751,p3393,1,98
6753,p3394,1,40
6754,p3395,1,23
6756,p3396,1,93
6759,p3397,1,40
6762,p3398,1,38
6764,p3399,1,88
6765,p3400,1,84
6766,p3401,1,40
6768,p3402,1,49
6769,p3403,1,6
6771,p3404,1,67
6772,p3405,1,15
6773,p3406,1,67
6774,p3407,1,45
6775,p3408,1,66
6776,p3409,1,17
6778,p3410,1,34
6780,p3411,1,85
6783,p3412,1,71
6786,p3413,1,42
6789,p3414,1,84
6791,p3415,1,38
6794,p3416,1,74
6797,p3417,1,74
6798,p3418,1,27
6800,p3419,1,84
6801,p3420,1,19
6803,p3421,1,82
6805,p3422,1,17
6808,p3423,1,31
6809,p3424,1,14
6812,p3425,1,39
6815,p3426,1,55
6816,p3427,1,77
6818,p3428,1,36
6820,p3429,1,53
6821,p3430,1,22
6824,p3431,1,74
6827,p3432,1,67
6829,p3433,1,35
6832,p3434,1,20
6835,p3435,1,99
6836,p3436,1,71
6838,p3437,1,43
6840,p3438,1,78
6841,p3439,1,81
6842,p3440,1,46
6845,p3441,1,78
6847,p3442,1,42
6848,p3443,1,23
6849,p3444,1,33
6850,p3445,1,85
6853,p3446,1,48
6854,p3447,1,43
6856,p3448,1,20
6857,p3449,1,2
6858,p3450,1,70
6859,p3451,1,22
6860,p3452,1,42
6861,p3453,1,89
6862,p3454,1,20
6864,p3455,1,31
6865,p3456,1,35
6867,p3457,1,65
6869,p3458,1,39
6872,p3459,1,54
6874,p3460,1,76
6876,p3461,1,58
6879,p3462,1,18
6881,p3463,1,65
6882,p3464,1,29
6885,p3465,1,60
6888,p3466,1,40
6891,p3467,1,34
6893,p3468,1,30
6894,p3469,1,70
6895,p3470,1,2
6896,p3471,1,62
6898,p3472,1,87
6900,p3473,1,12
6901,p3474,1,4
6902,p3475,1,100
6903,p3476,1,51
6904,p3477,1,43
6907,p3478,1,85
6909,p3479,1,75
6912,p3480,1,99
6915,p3481,1,69
6918,p3482,1,63
6921,p3483,1,69
6924,p3484,1,40
6925,p3485,1,88
6926,p3486,1,79
6928,p3487,1,87
6930,p3488,1,41
6931,p3489,1,65
6932,p3490,1,42
6933,p3491,1,80
6935,p3492,1,45
6938,p3493,1,90
6941,p3494,1,81
6943,p3495,1,95
6946,p3496,1,21
6947,p3497,1,34
6949,p3498,1,21
6952,p3499,1,68
6954,p3500,1,71
6957,p3501,1,93
6958,p3502,1,65
6960,p3503,1,100
6962,p3504,1,6
6964,p3505,1,28
6965,p3506,1,11
6968,p3507,1,35
6971,p3508,1,29
6974,p3509,1,80
6976,p3510,1,50
6977,p3511,1,32
6980,p3512,1,35
6982,p3513,1,45
6984,p3514,1,21
6985,p3515,1,37
6987,p3516,1,96
6990,p3517,1,53
6992,p3518,1,24
6993,p3519,1,86
6996,p3520,1,96
6999,p3521,1,27
7001,p3522,1,85
7002,p3523,1,59
7003,p3524,1,99
7005,p3525,1,54
7007,p3526,1,25
7008,p3527,1,55
7009,p3528,1,20
7011,p3529,1,94
7014,p3530,1,89
7016,p3531,1,81
7019,p3532,1,26
7022,p3533,1,61
7024,p3534,1,44
7025,p3535,1,83
7028,p3536,1,11
7031,p3537,1,63
7034,p3538,1,13
7036,p3539,1,59
7038,p3540,1,54
7041,p3541,1,5
7044,p3542,1,55
7045,p3543,1,15
7046,p3544,1,38
7048,p3545,1,67
7051,p3546,1,4
7052,p3547,1,76
7054,p3548,1,44
7056,p3549,1,8
7059,p3550,1,98
7060,p3551,1,64
7062,p3552,1,5
7065,p3553,1,57
7067,p3554,1,25
7068,p3555,1,83
7069,p3556,1,70
7071,p3557,1,65
7072,p3558,1,45
7073,p3559,1,23
7076,p3560,1,37
7077,p3561,1,99
7078,p3562,1,51
7080,p3563,1,25
7082,p3564,1,100
7085,p3565,1,69
7086,p3566,1,27
7087,p3567,1,36
7088,p3568,1,25
7089,p3569,1,48
7091,p3570,1,34
7092,p3571,1,51
7094,p3572,1,63
7095,p3573,1,27
7096,p3574,1,33
7098,p3575,1,93
7099,p3576,1,37
7101,p3577,1,8
7102,p3578,1,86
7104,p3579,1,67
7107,p3580,1,33
7108,p3581,1,96
7109,p3582,1,37
7110,p3583,1,60
7111,p3584,1,66
7112,p3585,1,23
7114,p3586,1,48
7115,p3587,1,38
7117,p3588,1,62
7120,p3589,1,37
7122,p3590,1,67
7124,p3591,1,81
7127,p3592,1,3
7128,p3593,1,40
7130,p3594,1,95
7131,p3595,1,85
7134,p3596,1,26
7136,p3597,1,26
7137,p3598,1,43
7138,p3599,1,28
7141,p3600,1,42
7143,p3601,1,46
7144,p3602,1,10
7146,p3603,1,72
7147,p3604,1,81
7148,p3605,1,16
7150,p3606,1,23
7151,p3607,1,77
7154,p3608,1,98
7157,p3609,1,43
7160,p3610,1,76
7161,p3611,1,85
7162,p3612,1,4
7164,p3613,1,98
7167,p3614,1,94
7170,p3615,1,37
7171,p3616,1,20
7174,p3617,1,23
7177,p3618,1,55
7180,p3619,1,3
7182,p3620,1,51
7183,p3621,1,13
7184,p3622,1,15
7187,p3623,1,23
7190,p3624,1,62
7191,p3625,1,84
7193,p3626,1,67
7195,p3627,1,28
7198,p3628,1,57
7201,p3629,1,67
7204,p3630,1,20
7207,p3631,1,88
7209,p3632,1,6
7211,p3633,1,36
7213,p3634,1,70
7215,p3635,1,47
7217,p3636,1,29
7220,p3637,1,43
7221,p3638,1,41
7222,p3639,1,11
7224,p3640,1,4
7226,p3641,1,47
7228,p3642,1,49
7229,p3643,1,23
7232,p3644,1,12
7234,p3645,1,17
7237,p3646,1,84
7240,p3647,1,34
7242,p3648,1,7
7243,p3649,1,2
7244,p3650,1,70
7245,p3651,1,52
7247,p3652,1,6
7249,p3653,1,15
7252,p3654,1,96
7255,p3655,1,81
7256,p3656,1,38
7258,p3657,1,65
7260,p3658,1,74
7261,p3659,1,6
7262,p3660,1,14
7263,p3661,1,14
7264,p3662,1,99
7266,p3663,1,21
7267,p3664,1,12
7270,p3665,1,99
7273,p3666,1,29
7275,p3667,1,61
7278,p3668,1,47
7280,p3669,1,26
7283,p3670,1,93
7286,p3671,1,41
7288,p3672,1,90
7290,p3673,1,15
7291,p3674,1,41
7293,p3675,1,34
7294,p3676,1,54
7297,p3677,1,7
7299,p3678,1,12
7301,p3679,1,31
7304,p3680,1,31
7307,p3681,1,15
7308,p3682,1,3
7311,p3683,1,55
7314,p3684,1,81
7317,p3685,1,57
7318,p3686,1,77
7321,p3687,1,74
7322,p3688,1,39
7325,p3689,1,38
7326,p3690,1,89
7329,p3691,1,94
7330,p3692,1,34
7333,p3693,1,79
7336,p3694,1,51
7337,p3695,1,43
7340,p3696,1,44
7343,p3697,1,31
7345,p3698,1,40
7348,p3699,1,72
7349,p3700,1,11
7351,p3701,1,12
7354,p3702,1,70
7356,p3703,1,81
7357,p3704,1,4
7358,p3705,1,95
7359,p3706,1,86
7361,p3707,1,69
7362,p3708,1,2
7365,p3709,1,41
7366,p3710,1,70
7367,p3711,1,7
7370,p3712,1,94
7371,p3713,1,14
7373,p3714,1,36
7374,p3715,1,95
7376,p3716,1,73
7377,p3717,1,70
7379,p3718,1,55
7382,p3719,1,32
7384,p3720,1,17
7385,p3721,1,60
7386,p3722,1,96
7389,p3723,1,35
7391,p3724,1,43
7394,p3725,1,18
7396,p3726,1,77
7397,p3727,1,72
7400,p3728,1,99
7401,p3729,1,70
7402,p3730,1,14
7405,p3731,1,12
7406,p3732,1,35
7407,p3733,1,29
7409,p3734,1,2
7412,p3735,1,85
7413,p3736,1,53
7416,p3737,1,13
7417,p3738,1,28
7420,p3739,1,31
7422,p3740,1,30
7423,p3741,1,41
7424,p3742,1,15
7426,p3743,1,25
7428,p3744,1,74
7429,p3745,1,60
7430,p3746,1,14
7432,p3747,1,5
7435,p3748,1,29
7437,p3749,1,19
7438,p3750,1,72
7439,p3751,1,10
7440,p3752,1,10
7443,p3753,1,11
7444,p3754,1,26
7447,p3755,1,87
7450,p3756,1,88
7451,p3757,1,52
7453,p3758,1,60
7455,p3759,1,79
7458,p3760,1,58
7461,p3761,1,62
7462,p3762,1,9
7465,p3763,1,51
7468,p3764,1,17
7471,p3765,1,97
7474,p3766,1,99
7475,p3767,1,64
7477,p3768,1,82
7479,p3769,1,94
7481,p3770,1,55
7484,p3771,1,84
7485,p3772,1,57
7488,p3773,1,74
7490,p3774,1,43
7493,p3775,1,34
7496,p3776,1,100
7499,p3777,1,77
7502,p3778,1,40
7503,p3779,1,68
7504,p3780,1,100
7505,p3781,1,29
7507,p3782,1,35
7510,p3783,1,13
7512,p3784,1,11
7513,p3785,1,24
7516,p3786,1,44
7517,p3787,1,85
7518,p3788,1,73
7521,p3789,1,65
7522,p3790,1,80
7525,p3791,1,58
7528,p3792,1,57
7529,p3793,1,2
7531,p3794,1,9
7534,p3795,1,100
7535,p3796,1,62
7536,p3797,1,7
7538,p3798,1,20
7540,p3799,1,36
7541,p3800,1,49
7542,p3801,1,79
7543,p3802,1,66
7544,p3803,1,16
7545,p3804,1,58
7546,p3805,1,41
7547,p3806,1,24
7549,p3807,1,43
7551,p3808,1,43
7553,p3809,1,31
7556,p3810,1,66
7558,p3811,1,93
7560,p3812,1,83
7561,p3813,1,71
7563,p3814,1,70
7564,p3815,1,96
7567,p3816,1,73
7568,p3817,1,85
7570,p3818,1,22
7573,p3819,1,69
7576,p3820,1,93
7577,p3821,1,48
7580,p3822,1,85
7583,p3823,1,26
7585,p3824,1,94
7586,p3825,1,25
7587,p3826,1,100
7589,p3827,1,57
7590,p3828,1,51
7592,p3829,1,11
7594,p3830,1,83
7595,p3831,1,14
7598,p3832,1,88
7600,p3833,1,20
7603,p3834,1,5
7606,p3835,1,21
7607,p3836,1,28
7609,p3837,1,37
7611,p3838,1,100
7612,p3839,1,33
7615,p3840,1,34
7616,p3841,1,42
7618,p3842,1,16
7621,p3843,1,57
7623,p3844,1,55
7626,p3845,1,22
7629,p3846,1,20
7632,p3847,1,90
7635,p3848,1,36
7636,p3849,1,46
7637,p3850,1,4
7640,p3851,1,19
7642,p3852,1,20
7645,p3853,1,38
7647,p3854,1,66
7649,p3855,1,97
7652,p3856,1,39
7654,p3857,1,81
7655,p3858,1,62
7657,p3859,1,27
7659,p3860,1,17
7660,p3861,1,12
7662,p3862,1,91
7664,p3863,1,17
7667,p3864,1,77
7668,p3865,1,53
7669,p3866,1,53
7671,p3867,1,100
7673,p3868,1,21
7675,p3869,1,98
7678,p3870,1,15
7681,p3871,1,68
7684,p3872,1,8
7686,p3873,1,31
7688,p3874,1,74
7689,p3875,1,8
7690,p3876,1,59
7691,p3877,1,76
7692,p3878,1,51
7694,p3879,1,52
7697,p3880,1,77
7700,p3881,1,69
7702,p3882,1,48
7705,p3883,1,39
7708,p3884,1,65
7711,p3885,1,65
7714,p3886,1,67
7715,p3887,1,45
7716,p3888,1,9
7718,p3889,1,64
7721,p3890,1,70
7724,p3891,1,2
7726,p3892,1,24
7727,p3893,1,58
7729,p3894,1,47
7731,p3895,1,64
7734,p3896,1,76
7736,p3897,1,30
7739,p3898,1,21
7741,p3899,1,55
7742,p3900,1,28
7743,p3901,1,2
7746,p3902,1,17
7749,p3903,1,36
7752,p3904,1,23
7755,p3905,1,28
7756,p3906,1,77
7759,p3907,1,35
7760,p3908,1,17
7761,p3909,1,56
7762,p3910,1,7
7763,p3911,1,80
7766,p3912,1,42
7768,p3913,1,28
7770,p3914,1,75
7772,p3915,1,46
7773,p3916,1,13
7775,p3917,1,42
7777,p3918,1,68
7778,p3919,1,63
7781,p3920,1,35
7783,p3921,1,30
7786,p3922,1,5
7788,p3923,1,87
7790,p3924,1,53
7793,p3925,1,17
7796,p3926,1,74
7798,p3927,1,22
7801,p3928,1,16
7803,p3929,1,84
7804,p3930,1,84
7807,p3931,1,50
7809,p3932,1,76
7812,p3933,1,91
7814,p3934,1,22
7817,p3935,1,83
7818,p3936,1,98
7819,p3937,1,38
7822,p3938,1,17
7825,p3939,1,81
7828,p3940,1,50
7830,p3941,1,97
7831,p3942,1,99
7832,p3943,1,39
7834,p3944,1,66
7837,p3945,1,40
7838,p3946,1,36
7840,p3947,1,26
7842,p3948,1,20
7843,p3949,1,96
7846,p3950,1,81
7848,p3951,1,40
7850,p3952,1,62
7853,p3953,1,4
7856,p3954,1,99
7857,p3955,1,99
7859,p3956,1,13
7861,p3957,1,38
7864,p3958,1,86
7865,p3959,1,54
7868,p3960,1,98
7869,p3961,1,70
7870,p3962,1,70
7871,p3963,1,61
7874,p3964,1,28
7875,p3965,1,35
7877,p3966,1,63
7878,p3967,1,51
7881,p3968,1,42
7884,p3969,1,29
7887,p3970,1,55
7889,p3971,1,34
7891,p3972,1,32
7894,p3973,1,91
7897,p3974,1,15
7898,p3975,1,94
7899,p3976,1,50
7900,p3977,1,99
7902,p3978,1,48
7904,p3979,1,97
7907,p3980,1,41
7909,p3981,1,81
7912,p3982,1,51
7913,p3983,1,91
7914,p3984,1,87
7917,p3985,1,27
7920,p3986,1,36
7922,p3987,1,9
7924,p3988,1,21
7925,p3989,1,75
7928,p3990,1,18
7929,p3991,1,5
7931,p3992,1,89
7934,p3993,1,94
7936,p3994,1,62
7938,p3995,1,66
7939,p3996,1,51
7940,p3997,1,11
7941,p3998,1,33
7942,p3999,1,20
7945,p4000,1,16
7947,p4001,1,2
7948,p4002,1,28
7950,p4003,1,68
7952,p4004,1,15
7954,p4005,1,26
7956,p4006,1,72
7957,p4007,1,33
7960,p4008,1,38
7963,p4009,1,40
7966,p4010,1,7
7967,p4011,1,61
7970,p4012,1,58
7972,p4013,1,29
7975,p4014,1,29
7978,p4015,1,57
7981,p4016,1,53
7983,p4017,1,45
7986,p4018,1,68
7989,p4019,1,21
7990,p4020,1,80
7992,p4021,1,78
7995,p4022,1,45
7998,p4023,1,78
7999,p4024,1,96
8002,p4025,1,38
8003,p4026,1,20
8005,p4027,1,24
8008,p4028,1,24
8011,p4029,1,38
8012,p4030,1,88
8013,p4031,1,73
8015,p4032,1,79
8017,p4033,1,51
8020,p4034,1,21
8022,p4035,1,87
8024,p4036,1,44
8026,p4037,1,11
8029,p4038,1,91
8032,p4039,1,21
8035,p4040,1,71
8036,p4041,1,41
8039,p4042,1,88
8040,p4043,1,57
8042,p4044,1,66
8043,p4045,1,99
8044,p4046,1,97
8045,p4047,1,46
8048,p4048,1,41
8051,p4049,1,52
8052,p4050,1,46
8053,p4051,1,43
8054,p4052,1,99
8057,p4053,1,8
8060,p4054,1,32
8062,p4055,1,91
8065,p4056,1,70
8067,p4057,1,75
8070,p4058,1,5
8072,p4059,1,52
8074,p4060,1,7
8075,p4061,1,53
8076,p4062,1,13
8079,p4063,1,61
8080,p4064,1,30
8081,p4065,1,82
8083,p4066,1,59
8086,p4067,1,82
8089,p4068,1,12
8092,p4069,1,14
8094,p4070,1,87
8095,p4071,1,94
8098,p4072,1,46
8101,p4073,1,38
8102,p4074,1,92
8105,p4075,1,99
8106,p4076,1,95
8108,p4077,1,78
8111,p4078,1,70
8112,p4079,1,61
8115,p4080,1,96
8116,p4081,1,49
8117,p4082,1,90
8120,p4083,1,94
8121,p4084,1,86
8122,p4085,1,22
8125,p4086,1,83
8126,p4087,1,91
8129,p4088,1,66
8132,p4089,1,82
8133,p4090,1,53
8134,p4091,1,64
8135,p4092,1,93
8137,p4093,1,8
8140,p4094,1,59
8142,p4095,1,4
8144,p4096,1,50
8147,p4097,1,57
8149,p4098,1,92
8151,p4099,1,58
8152,p4100,1,3
8154,p4101,1,21
8157,p4102,1,66
8159,p4103,1,20
8161,p4104,1,19
8162,p4105,1,35
8163,p4106,1,93
8165,p4107,1,49
8166,p4108,1,90
8167,p4109,1,16
8170,p4110,1,47
8171,p4111,1,48
8174,p4112,1,76
8177,p4113,1,19
8180,p4114,1,90
8181,p4115,1,73
8184,p4116,1,73
8186,p4117,1,32
8188,p4118,1,41
8190,p4119,1,82
8191,p4120,1,100
8193,p4121,1,76
8195,p4122,1,29
8197,p4123,1,21
8199,p4124,1,68
8201,p4125,1,56
8202,p4126,1,35
8204,p4127,1,19
8207,p4128,1,85
8209,p4129,1,75
8210,p4130,1,81
8212,p4131,1,45
8214,p4132,1,33
8216,p4133,1,11
8219,p4134,1,60
8222,p4135,1,74
8225,p4136,1,33
8227,p4137,1,80
8229,p4138,1,66
8231,p4139,1,56
8234,p4140,1,96
8235,p4141,1,100
8237,p4142,1,93
8239,p4143,1,20
8240,p4144,1,20
8241,p4145,1,61
8242,p4146,1,91
8243,p4147,1,16
8244,p4148,1,17
8247,p4149,1,38
8248,p4150,1,73
8250,p4151,1,57
8253,p4152,1,78
8256,p4153,1,4
8258,p4154,1,56
8259,p4155,1,82
8261,p4156,1,36
8262,p4157,1,52
8265,p4158,1,99
8267,p4159,1,76
8268,p4160,1,67
8271,p4161,1,77
8274,p4162,1,28
8276,p4163,1,4
8278,p4164,1,97
8280,p4165,1,87
8283,p4166,1,38
8286,p4167,1,35
8289,p4168,1,69
8290,p4169,1,38
8293,p4170,1,61
8294,p4171,1,89
8297,p4172,1,84
8299,p4173,1,54
8302,p4174,1,71
8303,p4175,1,29
8306,p4176,1,14
8307,p4177,1,29
8309,p4178,1,88
8312,p4179,1,9
8313,p4180,1,25
8315,p4181,1,2
8318,p4182,1,52
8319,p4183,1,33
8321,p4184,1,29
8324,p4185,1,7
8326,p4186,1,73
8328,p4187,1,89
8330,p4188,1,34
8332,p4189,1,68
8334,p4190,1,56
8335,p4191,1,30
8338,p4192,1,50
8341,p4193,1,41
8343,p4194,1,72
8344,p4195,1,9
8346,p4196,1,44
8347,p4197,1,76
8350,p4198,1,94
8353,p4199,1,41
8354,p4200,1,25
8356,p4201,1,20
8358,p4202,1,54
8359,p4203,1,39
8360,p4204,1,33
8362,p4205,1,43
8365,p4206,1,36
8367,p4207,1,19
8368,p4208,1,80
8371,p4209,1,97
8372,p4210,1,42
8374,p4211,1,22
8376,p4212,1,13
8379,p4213,1,81
8381,p4214,1,38
8382,p4215,1,69
8385,p4216,1,31
8386,p4217,1,56
8388,p4218,1,27
8391,p4219,1,71
8392,p4220,1,2
8393,p4221,1,60
8396,p4222,1,62
8397,p4223,1,71
8398,p4224,1,34
8400,p4225,1,15
8403,p4226,1,50
8406,p4227,1,18
8409,p4228,1,76
8410,p4229,1,91
8413,p4230,1,37
8415,p4231,1,55
8417,p4232,1,8
8418,p4233,1,100
8420,p4234,1,40
8421,p4235,1,57
8422,p4236,1,33
8425,p4237,1,24
8428,p4238,1,97
8430,p4239,1,93
8432,p4240,1,93
8434,p4241,1,96
8435,p4242,1,56
8437,p4243,1,90
8439,p4244,1,48
8442,p4245,1,5
8443,p4246,1,74
8444,p4247,1,36
8447,p4248,1,40
8449,p4249,1,22
8452,p4250,1,71
8453,p4251,1,93
8455,p4252,1,5
8456,p4253,1,76
8459,p4254,1,52
8460,p4255,1,63
8461,p4256,1,23
8463,p4257,1,2
8465,p4258,1,31
8468,p4259,1,88
8471,p4260,1,83
8474,p4261,1,50
8475,p4262,1,4
8477,p4263,1,67
8478,p4264,1,30
8480,p4265,1,92
8481,p4266,1,41
8482,p4267,1,36
8484,p4268,1,19
8487,p4269,1,34
8488,p4270,1,32
8491,p4271,1,91
8494,p4272,1,52
8497,p4273,1,41
8498,p4274,1,33
8500,p4275,1,78
8503,p4276,1,70
8504,p4277,1,24
8507,p4278,1,76
8510,p4279,1,74
8511,p4280,1,10
8512,p4281,1,33
8515,p4282,1,29
8517,p4283,1,5
8518,p4284,1,63
8521,p4285,1,21
8522,p4286,1,57
8523,p4287,1,27
8525,p4288,1,43
8528,p4289,1,19
8530,p4290,1,51
8533,p4291,1,18
8536,p4292,1,68
8539,p4293,1,99
8541,p4294,1,99
8544,p4295,1,4
8546,p4296,1,72
8549,p4297,1,82
8551,p4298,1,4
8554,p4299,1,15
8557,p4300,1,42
8558,p4301,1,28
8559,p4302,1,69
8561,p4303,1,71
8564,p4304,1,92
8566,p4305,1,63
8568,p4306,1,77
8570,p4307,1,51
8571,p4308,1,76
8574,p4309,1,85
8576,p4310,1,96
8578,p4311,1,56
8581,p4312,1,35
8584,p4313,1,37
8587,p4314,1,55
8589,p4315,1,93
8591,p4316,1,38
8594,p4317,1,15
8596,p4318,1,99
8599,p4319,1,20
8602,p4320,1,24
8604,p4321,1,4
8605,p4322,1,46
8608,p4323,1,77
8609,p4324,1,99
8610,p4325,1,41
8613,p4326,1,67
8615,p4327,1,57
8617,p4328,1,80
8620,p4329,1,46
8623,p4330,1,75
8625,p4331,1,92
8628,p4332,1,96
8630,p4333,1,59
8633,p4334,1,34
8636,p4335,1,31
8638,p4336,1,91
8639,p4337,1,2
8640,p4338,1,23
8642,p4339,1,49
8643,p4340,1,85
8646,p4341,1,19
8647,p4342,1,91
8650,p4343,1,9
8651,p4344,1,35
8654,p4345,1,48
8657,p4346,1,53
8659,p4347,1,60
8661,p4348,1,35
8664,p4349,1,14
8666,p4350,1,34
8667,p4351,1,55
8669,p4352,1,3
8671,p4353,1,53
8673,p4354,1,58
8676,p4355,1,61
8678,p4356,1,29
8680,p4357,1,48
8683,p4358,1,58
8684,p4359,1,91
8685,p4360,1,56
8688,p4361,1,69
8690,p4362,1,70
8693,p4363,1,51
8695,p4364,1,90
8697,p4365,1,4
8700,p4366,1,85
8703,p4367,1,34
8704,p4368,1,19
8705,p4369,1,77
8708,p4370,1,72
8709,p4371,1,87
8710,p4372,1,57
8712,p4373,1,19
8713,p4374,1,21
8715,p4375,1,48
8716,p4376,1,16
8719,p4377,1,24
8721,p4378,1,10
8723,p4379,1,74
8725,p4380,1,94
8727,p4381,1,97
8729,p4382,1,66
8730,p4383,1,76
8732,p4384,1,74
8733,p4385,1,29
8736,p4386,1,14
8739,p4387,1,70
8741,p4388,1,2
8744,p4389,1,11
8746,p4390,1,82
8747,p4391,1,30
8748,p4392,1,87
8751,p4393,1,2
8754,p4394,1,88
8756,p4395,1,45
8759,p4396,1,16
8762,p4397,1,88
8765,p4398,1,61
8767,p4399,1,86
8770,p4400,1,26
8772,p4401,1,22
8773,p4402,1,71
8776,p4403,1,10
8779,p4404,1,55
8782,p4405,1,45
8785,p4406,1,92
8788,p4407,1,62
8789,p4408,1,8
8792,p4409,1,86
8795,p4410,1,14
8796,p4411,1,63
8797,p4412,1,11
8800,p4413,1,59
8802,p4414,1,28
8803,p4415,1,40
8806,p4416,1,35
8807,p4417,1,45
8808,p4418,1,37
8810,p4419,1,47
8812,p4420,1,48
8815,p4421,1,23
8817,p4422,1,54
8818,p4423,1,18
8820,p4424,1,77
8821,p4425,1,20
8824,p4426,1,80
8825,p4427,1,81
8828,p4428,1,54
8830,p4429,1,70
8833,p4430,1,6
8835,p4431,1,27
8836,p4432,1,78
8838,p4433,1,34
8839,p4434,1,2
8841,p4435,1,83
8844,p4436,1,29
8845,p4437,1,74
8848,p4438,1,94
8849,p4439,1,96
8850,p4440,1,60
8851,p4441,1,56
8853,p4442,1,93
8854,p4443,1,71
8856,p4444,1,14
8859,p4445,1,94
8861,p4446,1,39
8864,p4447,1,49
8865,p4448,1,100
8867,p4449,1,62
8868,p4450,1,77
8871,p4451,1,7
8873,p4452,1,27
8876,p4453,1,74
8879,p4454,1,39
8882,p4455,1,43
8884,p4456,1,98
8887,p4457,1,86
8889,p4458,1,28
8891,p4459,1,67
8892,p4460,1,60
8893,p4461,1,21
8894,p4462,1,29
8896,p4463,1,9
8898,p4464,1,82
8901,p4465,1,15
8902,p4466,1,8
8904,p4467,1,69
8906,p4468,1,36
8909,p4469,1,57
8912,p4470,1,65
8913,p4471,1,64
8914,p4472,1,23
8917,p4473,1,46
8919,p4474,1,67
8921,p4475,1,70
8924,p4476,1,71
8925,p4477,1,77
8928,p4478,1,32
8930,p4479,1,73
8933,p4480,1,97
8936,p4481,1,99
8937,p4482,1,13
8939,p4483,1,90
8941,p4484,1,75
8944,p4485,1,18
8946,p4486,1,52
8947,p4487,1,47
8948,p4488,1,42
8951,p4489,1,15
8954,p4490,1,79
8957,p4491,1,20
8959,p4492,1,78
8960,p4493,1,24
8963,p4494,1,30
8965,p4495,1,3
8966,p4496,1,70
8968,p4497,1,96
8971,p4498,1,9
8974,p4499,1,91
8977,p4500,1,9
8979,p4501,1,63
8982,p4502,1,89
8985,p4503,1,46
8986,p4504,1,33
8987,p4505,1,78
8988,p4506,1,9
8989,p4507,1,9
8991,p4508,1,28
8992,p4509,1,71
8993,p4510,1,7
8996,p4511,1,39
8998,p4512,1,100
8999,p4513,1,18
9002,p4514,1,13
9005,p4515,1,78
9006,p4516,1,64
9008,p4517,1,65
9009,p4518,1,24
9010,p4519,1,21
9013,p4520,1,17
9014,p4521,1,64
9017,p4522,1,80
9019,p4523,1,11
9020,p4524,1,95
9022,p4525,1,46
9023,p4526,1,18
9025,p4527,1,92
9027,p4528,1,13
9030,p4529,1,70
9031,p4530,1,86
9032,p4531,1,61
9033,p4532,1,66
9035,p4533,1,60
9038,p4534,1,59
9040,p4535,1,77
9041,p4536,1,92
9043,p4537,1,32
9045,p4538,1,39
9047,p4539,1,24
9050,p4540,1,21
9053,p4541,1,54
9054,p4542,1,86
9056,p4543,1,80
9059,p4544,1,65
9060,p4545,1,57
9061,p4546,1,55
9063,p4547,1,77
9064,p4548,1,84
9066,p4549,1,89
9068,p4550,1,43
9070,p4551,1,61
9073,p4552,1,16
9074,p4553,1,47
9077,p4554,1,95
9079,p4555,1,32
9081,p4556,1,96
9084,p4557,1,32
9087,p4558,1,16
9088,p4559,1,86
9091,p4560,1,82
9092,p4561,1,56
9093,p4562,1,59
9095,p4563,1,31
9098,p4564,1,31
9100,p4565,1,38
9102,p4566,1,32
9103,p4567,1,84
9104,p4568,1,29
9107,p4569,1,43
9110,p4570,1,98
9113,p4571,1,8
9115,p4572,1,20
9117,p4573,1,96
9120,p4574,1,30
9123,p4575,1,64
9126,p4576,1,8
9127,p4577,1,54
9130,p4578,1,97
9132,p4579,1,78
9135,p4580,1,19
9137,p4581,1,31
9139,p4582,1,97
9142,p4583,1,61
9143,p4584,1,37
9145,p4585,1,55
9147,p4586,1,73
9150,p4587,1,99
9153,p4588,1,60
9155,p4589,1,92
9156,p4590,1,3
9157,p4591,1,34
9160,p4592,1,49
9161,p4593,1,63
9162,p4594,1,96
9163,p4595,1,44
9166,p4596,1,33
9169,p4597,1,56
9172,p4598,1,43
9174,p4599,1,68
9176,p4600,1,6
9177,p4601,1,45
9178,p4602,1,88
9179,p4603,1,100
9181,p4604,1,86
9182,p4605,1,40
9185,p4606,1,97
9186,p4607,1,81
9188,p4608,1,77
9189,p4609,1,82
9190,p4610,1,61
9192,p4611,1,81
9194,p4612,1,53
9196,p4613,1,48
9198,p4614,1,77
9200,p4615,1,83
9202,p4616,1,63
9205,p4617,1,48
9206,p4618,1,67
9209,p4619,1,28
9211,p4620,1,80
9214,p4621,1,85
9215,p4622,1,85
9217,p4623,1,75
9219,p4624,1,32
9221,p4625,1,11
9224,p4626,1,54
9226,p4627,1,50
9229,p4628,1,18
9230,p4629,1,34
9231,p4630,1,63
9233,p4631,1,90
9234,p4632,1,79
9236,p4633,1,31
9239,p4634,1,98
9240,p4635,1,33
9242,p4636,1,79
9244,p4637,1,93
9245,p4638,1,85
9246,p4639,1,57
9249,p4640,1,37
9250,p4641,1,45
9253,p4642,1,83
9254,p4643,1,86
9257,p4644,1,19
9260,p4645,1,52
9263,p4646,1,22
9265,p4647,1,40
9267,p4648,1,67
9268,p4649,1,2
9269,p4650,1,75
9272,p4651,1,10
9273,p4652,1,52
9276,p4653,1,64
9279,p4654,1,94
9280,p4655,1,86
9282,p4656,1,75
9283,p4657,1,95
9284,p4658,1,62
9285,p4659,1,54
9287,p4660,1,15
9289,p4661,1,18
9292,p4662,1,96
9293,p4663,1,97
9294,p4664,1,64
9296,p4665,1,89
9299,p4666,1,91
9302,p4667,1,41
9305,p4668,1,78
9307,p4669,1,8
9308,p4670,1,72
9311,p4671,1,68
9312,p4672,1,89
9313,p4673,1,39
9314,p4674,1,36
9317,p4675,1,100
9320,p4676,1,12
9322,p4677,1,60
9324,p4678,1,33
9325,p4679,1,84
9328,p4680,1,42
9329,p4681,1,75
9331,p4682,1,59
9334,p4683,1,21
9337,p4684,1,45
9339,p4685,1,93
9341,p4686,1,91
9344,p4687,1,84
9345,p4688,1,59
9347,p4689,1,69
9348,p4690,1,65
9349,p4691,1,5
9350,p4692,1,98
9352,p4693,1,2
9355,p4694,1,94
9356,p4695,1,11
9358,p4696,1,94
9360,p4697,1,28
9362,p4698,1,85
9365,p4699,1,95
9367,p4700,1,40
9370,p4701,1,21
9372,p4702,1,91
9374,p4703,1,31
9376,p4704,1,22
9377,p4705,1,22
9379,p4706,1,57
9382,p4707,1,27
9384,p4708,1,12
9387,p4709,1,22
9388,p4710,1,76
9389,p4711,1,41
9392,p4712,1,76
9394,p4713,1,94
9397,p4714,1,60
9399,p4715,1,49
9402,p4716,1,12
9404,p4717,1,93
9405,p4718,1,61
9408,p4719,1,67
9409,p4720,1,56
9411,p4721,1,97
9412,p4722,1,90
9414,p4723,1,26
9417,p4724,1,95
9418,p4725,1,66
9420,p4726,1,57
9423,p4727,1,27
9425,p4728,1,19
9426,p4729,1,48
9429,p4730,1,45
9432,p4731,1,19
9434,p4732,1,28
9436,p4733,1,9
9437,p4734,1,42
9440,p4735,1,65
9441,p4736,1,57
9444,p4737,1,49
9446,p4738,1,26
9448,p4739,1,57
9449,p4740,1,2
9452,p4741,1,6
9453,p4742,1,95
9454,p4743,1,11
9456,p4744,1,80
9457,p4745,1,49
9460,p4746,1,33
9463,p4747,1,3
9464,p4748,1,51
9467,p4749,1,38
9470,p4750,1,75
9473,p4751,1,28
9474,p4752,1,31
9476,p4753,1,60
9479,p4754,1,24
9481,p4755,1,33
9482,p4756,1,100
9483,p4757,1,45
9486,p4758,1,81
9489,p4759,1,75
9492,p4760,1,25
9493,p4761,1,43
9496,p4762,1,11
9498,p4763,1,87
9499,p4764,1,68
9501,p4765,1,62
9502,p4766,1,15
9504,p4767,1,9
9506,p4768,1,49
9507,p4769,1,19
9509,p4770,1,69
9511,p4771,1,17
9513,p4772,1,86
9515,p4773,1,44
9518,p4774,1,77
9519,p4775,1,11
9522,p4776,1,14
9523,p4777,1,29
9526,p4778,1,55
9529,p4779,1,94
9531,p4780,1,80
9533,p4781,1,98
9536,p4782,1,35
9539,p4783,1,96
9542,p4784,1,95
9543,p4785,1,85
9546,p4786,1,30
9549,p4787,1,31
9550,p4788,1,14
9553,p4789,1,48
9555,p4790,1,35
9558,p4791,1,32
9559,p4792,1,44
9560,p4793,1,2
9562,p4794,1,63
9563,p4795,1,85
9564,p4796,1,43
9566,p4797,1,56
9568,p4798,1,35
9569,p4799,1,95
9572,p4800,1,64
9573,p4801,1,62
9574,p4802,1,97
9577,p4803,1,52
9578,p4804,1,52
9580,p4805,1,84
9582,p4806,1,88
9584,p4807,1,99
9585,p4808,1,50
9588,p4809,1,43
9589,p4810,1,31
9591,p4811,1,87
9593,p4812,1,16
9595,p4813,1,36
9597,p4814,1,28
9599,p4815,1,56
9602,p4816,1,97
9603,p4817,1,84
9604,p4818,1,38
9605,p4819,1,46
9608,p4820,1,65
9609,p4821,1,22
9612,p4822,1,98
9614,p4823,1,78
9617,p4824,1,50
9619,p4825,1,38
9622,p4826,1,97
9624,p4827,1,34
9626,p4828,1,34
9627,p4829,1,22
9628,p4830,1,84
9630,p4831,1,81
9632,p4832,1,12
9635,p4833,1,41
9636,p4834,1,14
9639,p4835,1,28
9640,p4836,1,44
9643,p4837,1,75
9644,p4838,1,90
9646,p4839,1,31
9649,p4840,1,11
9652,p4841,1,83
9653,p4842,1,33
9656,p4843,1,40
9657,p4844,1,36
9658,p4845,1,56
9659,p4846,1,14
9662,p4847,1,77
9663,p4848,1,99
9665,p4849,1,2
9667,p4850,1,53
9669,p4851,1,69
9671,p4852,1,2
9673,p4853,1,50
9675,p4854,1,95
9678,p4855,1,72
9679,p4856,1,26
9681,p4857,1,62
9682,p4858,1,4
9684,p4859,1,79
9686,p4860,1,81
9688,p4861,1,26
9689,p4862,1,26
9690,p4863,1,98
9691,p4864,1,95
9693,p4865,1,4
9694,p4866,1,32
9697,p4867,1,13
9699,p4868,1,57
9702,p4869,1,63
9703,p4870,1,35
9704,p4871,1,72
9706,p4872,1,43
9707,p4873,1,98
9710,p4874,1,39
9712,p4875,1,32
9713,p4876,1,45
9716,p4877,1,67
9717,p4878,1,4
9720,p4879,1,98
9723,p4880,1,25
9724,p4881,1,99
9725,p4882,1,52
9726,p4883,1,18
9728,p4884,1,26
9729,p4885,1,33
9732,p4886,1,31
9733,p4887,1,97
9734,p4888,1,52
9736,p4889,1,52
9737,p4890,1,27
9739,p4891,1,63
9741,p4892,1,30
9742,p4893,1,65
9744,p4894,1,61
9747,p4895,1,63
9748,p4896,1,48
9751,p4897,1,43
9754,p4898,1,66
9757,p4899,1,7
9760,p4900,1,27
9762,p4901,1,56
9764,p4902,1,82
9766,p4903,1,57
9768,p4904,1,15
9770,p4905,1,79
9773,p4906,1,81
9776,p4907,1,82
9779,p4908,1,56
9782,p4909,1,48
9784,p4910,1,38
9787,p4911,1,65
9790,p4912,1,46
9791,p4913,1,72
9792,p4914,1,79
9794,p4915,1,46
9796,p4916,1,72
9799,p4917,1,18
9802,p4918,1,70
9805,p4919,1,8
9806,p4920,1,86
9809,p4921,1,63
9812,p4922,1,4
9814,p4923,1,10
9815,p4924,1,95
9817,p4925,1,8
9818,p4926,1,76
9820,p4927,1,76
9822,p4928,1,56
9824,p4929,1,29
9827,p4930,1,39
9828,p4931,1,32
9830,p4932,1,99
9832,p4933,1,97
9833,p4934,1,61
9835,p4935,1,79
9838,p4936,1,28
9839,p4937,1,71
9842,p4938,1,78
9845,p4939,1,93
9847,p4940,1,73
9850,p4941,1,2
9853,p4942,1,31
9855,p4943,1,37
9856,p4944,1,97
9857,p4945,1,34
9860,p4946,1,70
9863,p4947,1,61
9866,p4948,1,89
9867,p4949,1,98
9870,p4950,1,54
9871,p4951,1,41
9873,p4952,1,63
9874,p4953,1,98
9875,p4954,1,66
9877,p4955,1,15
9880,p4956,1,49
9881,p4957,1,17
9883,p4958,1,17
9885,p4959,1,8
9886,p4960,1,94
9887,p4961,1,43
9890,p4962,1,20
9893,p4963,1,29
9894,p4964,1,94
9897,p4965,1,88
9899,p4966,1,76
9901,p4967,1,46
9902,p4968,1,12
9903,p4969,1,27
9906,p4970,1,21
9908,p4971,1,18
9910,p4972,1,11
9912,p4973,1,65
9913,p4974,1,89
9916,p4975,1,37
9918,p4976,1,57
9919,p4977,1,28
9922,p4978,1,85
9924,p4979,1,40
9925,p4980,1,76
9926,p4981,1,76
9929,p4982,1,88
9931,p4983,1,76
9933,p4984,1,45
9936,p4985,1,66
9937,p4986,1,61
9938,p4987,1,37
9939,p4988,1,64
9941,p4989,1,17
9944,p4990,1,78
9945,p4991,1,47
9946,p4992,1,89
9947,p4993,1,91
9948,p4994,1,44
9949,p4995,1,40
9950,p4996,1,79
9952,p4997,1,58
9955,p4998,1,41
9956,p4999,1,12
9958,p5000,1,19
9961,p5001,1,17
9963,p5002,1,67
9965,p5003,1,89
9966,p5004,1,6
9967,p5005,1,44
9968,p5006,1,97
9971,p5007,1,83
9972,p5008,1,85
9974,p5009,1,62
9976,p5010,1,38
9979,p5011,1,59
9980,p5012,1,44
9981,p5013,1,42
9984,p5014,1,60
9985,p5015,1,3
9986,p5016,1,87
9988,p5017,1,43
9989,p5018,1,59
9990,p5019,1,53
9991,p5020,1,73
9994,p5021,1,46
9997,p5022,1,39
10000,p5023,1,70
10002,p5024,1,99
10003,p5025,1,69
10005,p5026,1,94
10008,p5027,1,100
10011,p5028,1,20
10014,p5029,1,33
10016,p5030,1,29
10018,p5031,1,17
10019,p5032,1,32
10021,p5033,1,50
10023,p5034,1,60
10026,p5035,1,87
10029,p5036,1,67
10030,p5037,1,38
10032,p5038,1,45
10035,p5039,1,76
10038,p5040,1,72
10041,p5041,1,93
10044,p5042,1,72
10046,p5043,1,64
10049,p5044,1,39
10050,p5045,1,52
10051,p5046,1,31
10053,p5047,1,72
10055,p5048,1,35
10057,p5049,1,23
10058,p5050,1,79
10059,p5051,1,63
10060,p5052,1,33
10063,p5053,1,97
10065,p5054,1,97
10066,p5055,1,91
10069,p5056,1,75
10070,p5057,1,66
10071,p5058,1,3
10074,p5059,1,36
10077,p5060,1,44
10079,p5061,1,36
10081,p5062,1,57
10083,p5063,1,38
10086,p5064,1,16
10088,p5065,1,41
10090,p5066,1,85
10091,p5067,1,7
10094,p5068,1,31
10096,p5069,1,37
10098,p5070,1,77
10099,p5071,1,25
10100,p5072,1,34
10103,p5073,1,59
10105,p5074,1,97
10107,p5075,1,2
10109,p5076,1,68
10110,p5077,1,70
10111,p5078,1,73
10112,p5079,1,35
10114,p5080,1,20
10116,p5081,1,51
10117,p5082,1,42
10118,p5083,1,53
10121,p5084,1,41
10122,p5085,1,24
10124,p5086,1,16
10125,p5087,1,75
10128,p5088,1,55
10130,p5089,1,55
10131,p5090,1,80
10132,p5091,1,24
10134,p5092,1,8
10135,p5093,1,98
10137,p5094,1,44
10139,p5095,1,95
10142,p5096,1,51
10143,p5097,1,32
10144,p5098,1,8
10146,p5099,1,63
10147,p5100,1,47
10149,p5101,1,94
10150,p5102,1,45
10153,p5103,1,53
10156,p5104,1,93
10159,p5105,1,61
10162,p5106,1,66
10165,p5107,1,71
10168,p5108,1,65
10169,p5109,1,12
10170,p5110,1,62
10173,p5111,1,61
10174,p5112,1,73
10176,p5113,1,93
10178,p5114,1,8
10180,p5115,1,88
10182,p5116,1,49
10184,p5117,1,16
10185,p5118,1,37
10188,p5119,1,58
10189,p5120,1,54
10191,p5121,1,94
10194,p5122,1,42
10195,p5123,1,46
10198,p5124,1,14
10200,p5125,1,74
10201,p5126,1,25
10202,p5127,1,49
10205,p5128,1,30
10207,p5129,1,53
10209,p5130,1,71
10210,p5131,1,21
10212,p5132,1,19
10214,p5133,1,87
10215,p5134,1,17
10218,p5135,1,81
10221,p5136,1,23
10223,p5137,1,53
10224,p5138,1,17
10226,p5139,1,8
10228,p5140,1,37
10229,p5141,1,71
10230,p5142,1,7
10231,p5143,1,2
10232,p5144,1,81
10235,p5145,1,22
10236,p5146,1,74
10238,p5147,1,30
10241,p5148,1,89
10244,p5149,1,4
10247,p5150,1,34
10250,p5151,1,92
10253,p5152,1,23
10255,p5153,1,92
10257,p5154,1,71
10259,p5155,1,9
10262,p5156,1,100
10265,p5157,1,50
10266,p5158,1,4
10269,p5159,1,20
10272,p5160,1,23
10273,p5161,1,52
10274,p5162,1,11
10275,p5163,1,6
10276,p5164,1,74
10277,p5165,1,32
10279,p5166,1,32
10281,p5167,1,2
10282,p5168,1,58
10283,p5169,1,93
10286,p5170,1,92
10289,p5171,1,22
10292,p5172,1,97
10295,p5173,1,12
10296,p5174,1,2
10299,p5175,1,55
10300,p5176,1,66
10302,p5177,1,97
10305,p5178,1,12
10306,p5179,1,12
10308,p5180,1,44
10309,p5181,1,93
10312,p5182,1,33
10315,p5183,1,30
10317,p5184,1,46
10319,p5185,1,41
10321,p5186,1,87
10323,p5187,1,57
10324,p5188,1,50
10325,p5189,1,32
10326,p5190,1,100
10327,p5191,1,40
10329,p5192,1,22
10330,p5193,1,13
10331,p5194,1,70
10332,p5195,1,99
10333,p5196,1,2
10335,p5197,1,86
10336,p5198,1,27
10339,p5199,1,40
10341,p5200,1,22
10344,p5201,1,2
10346,p5202,1,70
10348,p5203,1,65
10349,p5204,1,78
10352,p5205,1,99
10355,p5206,1,14
10358,p5207,1,92
10360,p5208,1,56
10363,p5209,1,43
10366,p5210,1,22
10369,p5211,1,90
10371,p5212,1,77
10373,p5213,1,95
10376,p5214,1,49
10379,p5215,1,53
10380,p5216,1,84
10383,p5217,1,5
10385,p5218,1,39
10386,p5219,1,94
10387,p5220,1,20
10388,p5221,1,3
10390,p5222,1,8
10391,p5223,1,34
10394,p5224,1,17
10397,p5225,1,9
10399,p5226,1,11
10402,p5227,1,18
10405,p5228,1,99
10407,p5229,1,72
10410,p5230,1,29
10411,p5231,1,69
10413,p5232,1,60
10414,p5233,1,42
10417,p5234,1,90
10419,p5235,1,90
10420,p5236,1,86
10421,p5237,1,64
10424,p5238,1,88
10427,p5239,1,90
10430,p5240,1,18
10432,p5241,1,82
10433,p5242,1,99
10434,p5243,1,23
10437,p5244,1,82
10438,p5245,1,95
10441,p5246,1,98
10442,p5247,1,78
10444,p5248,1,100
10445,p5249,1,94
10446,p5250,1,66
10448,p5251,1,22
10450,p5252,1,23
10452,p5253,1,51
10454,p5254,1,88
10457,p5255,1,77
10460,p5256,1,90
10461,p5257,1,52
10462,p5258,1,37
10463,p5259,1,51
10464,p5260,1,73
10467,p5261,1,31
10469,p5262,1,14
10472,p5263,1,51
10474,p5264,1,65
10477,p5265,1,57
10480,p5266,1,3
10482,p5267,1,29
10485,p5268,1,46
10486,p5269,1,23
10487,p5270,1,65
10489,p5271,1,86
10491,p5272,1,35
10492,p5273,1,10
10495,p5274,1,45
10497,p5275,1,18
10498,p5276,1,82
10500,p5277,1,100
10502,p5278,1,9
10503,p5279,1,64
10505,p5280,1,9
10507,p5281,1,49
10508,p5282,1,57
10509,p5283,1,39
10510,p5284,1,58
10513,p5285,1,57
10514,p5286,1,30
10515,p5287,1,39
10518,p5288,1,96
10521,p5289,1,11
10524,p5290,1,90
10527,p5291,1,47
10530,p5292,1,60
10531,p5293,1,5
10534,p5294,1,54
10536,p5295,1,98
10539,p5296,1,50
10542,p5297,1,27
10545,p5298,1,52
10546,p5299,1,12
10549,p5300,1,49
10552,p5301,1,67
10554,p5302,1,4
10557,p5303,1,70
10560,p5304,1,3
10563,p5305,1,7
10564,p5306,1,88
10566,p5307,1,29
10567,p5308,1,21
10570,p5309,1,79
10571,p5310,1,88
10574,p5311,1,76
10575,p5312,1,46
10578,p5313,1,84
10580,p5314,1,61
10583,p5315,1,51
10586,p5316,1,36
10589,p5317,1,56
10591,p5318,1,19
10592,p5319,1,85
10595,p5320,1,51
10598,p5321,1,48
10599,p5322,1,90
10601,p5323,1,46
10602,p5324,1,44
10603,p5325,1,16
10605,p5326,1,83
10608,p5327,1,10
10609,p5328,1,2
10611,p5329,1,41
10614,p5330,1,77
10615,p5331,1,12
10617,p5332,1,77
10619,p5333,1,6
10620,p5334,1,6
10622,p5335,1,9
10623,p5336,1,31
10624,p5337,1,61
10627,p5338,1,12
10630,p5339,1,60
10633,p5340,1,70
10634,p5341,1,94
10635,p5342,1,46
10638,p5343,1,13
10641,p5344,1,74
10644,p5345,1,95
10647,p5346,1,5
10649,p5347,1,16
10651,p5348,1,65
10653,p5349,1,70
10655,p5350,1,53
10656,p5351,1,48
10658,p5352,1,91
10659,p5353,1,89
10660,p5354,1,96
10662,p5355,1,50
10664,p5356,1,51
10665,p5357,1,79
10666,p5358,1,85
10667,p5359,1,78
10669,p5360,1,49
10672,p5361,1,19
10674,p5362,1,38
10675,p5363,1,100
10676,p5364,1,5
10678,p5365,1,18
10681,p5366,1,37
10682,p5367,1,84
10685,p5368,1,59
10687,p5369,1,49
10689,p5370,1,67
10692,p5371,1,55
10693,p5372,1,4
10694,p5373,1,76
10695,p5374,1,5
10697,p5375,1,38
10699,p5376,1,89
10702,p5377,1,86
10703,p5378,1,35
10704,p5379,1,57
10707,p5380,1,59
10708,p5381,1,27
10711,p5382,1,50
10713,p5383,1,52
10716,p5384,1,38
10718,p5385,1,43
10720,p5386,1,6
10721,p5387,1,62
10722,p5388,1,59
10724,p5389,1,37
10726,p5390,1,8
10729,p5391,1,63
10731,p5392,1,9
10734,p5393,1,19
10737,p5394,1,32
10739,p5395,1,88
10742,p5396,1,9
10744,p5397,1,76
10746,p5398,1,25
10747,p5399,1,52
10748,p5400,1,73
10751,p5401,1,35
10754,p5402,1,91
10757,p5403,1,54
10760,p5404,1,98
10761,p5405,1,21
10764,p5406,1,87
10767,p5407,1,34
10770,p5408,1,60
10773,p5409,1,14
10775,p5410,1,55
10776,p5411,1,84
10779,p5412,1,8
10781,p5413,1,60
10784,p5414,1,42
10785,p5415,1,17
10787,p5416,1,3
10790,p5417,1,14
10792,p5418,1,58
10794,p5419,1,46
10795,p5420,1,13
10798,p5421,1,85
10799,p5422,1,81
10801,p5423,1,24
10804,p5424,1,83
10806,p5425,1,14
10808,p5426,1,31
10810,p5427,1,71
10811,p5428,1,92
10812,p5429,1,100
10815,p5430,1,66
10816,p5431,1,94
10817,p5432,1,67
10820,p5433,1,5
10823,p5434,1,42
10824,p5435,1,85
10826,p5436,1,93
10828,p5437,1,73
10829,p5438,1,34
10832,p5439,1,8
10833,p5440,1,8
10836,p5441,1,50
10838,p5442,1,4
10840,p5443,1,33
10842,p5444,1,58
10843,p5445,1,69
10844,p5446,1,2
10845,p5447,1,82
10846,p5448,1,31
10849,p5449,1,94
10851,p5450,1,52
10854,p5451,1,94
10856,p5452,1,52
10857,p5453,1,80
10860,p5454,1,83
10863,p5455,1,29
10865,p5456,1,37
10866,p5457,1,61
10869,p5458,1,56
10870,p5459,1,48
10873,p5460,1,46
10874,p5461,1,64
10876,p5462,1,85
10879,p5463,1,9
10880,p5464,1,100
10883,p5465,1,6
10885,p5466,1,47
10888,p5467,1,21
10889,p5468,1,3
10891,p5469,1,58
10894,p5470,1,39
10895,p5471,1,46
10896,p5472,1,6
10897,p5473,1,25
10899,p5474,1,72
10902,p5475,1,76
10904,p5476,1,75
10906,p5477,1,74
10907,p5478,1,45
10909,p5479,1,86
10911,p5480,1,31
10912,p5481,1,28
10915,p5482,1,8
10918,p5483,1,23
10921,p5484,1,41
10922,p5485,1,63
10923,p5486,1,50
10925,p5487,1,27
10926,p5488,1,22
10929,p5489,1,75
10930,p5490,1,64
10931,p5491,1,39
10932,p5492,1,16
10935,p5493,1,91
10936,p5494,1,7
10937,p5495,1,27
10938,p5496,1,44
10939,p5497,1,38
10942,p5498,1,63
10945,p5499,1,89
10948,p5500,1,19
10949,p5501,1,68
10950,p5502,1,32
10953,p5503,1,24
10956,p5504,1,85
10959,p5505,1,84
10961,p5506,1,3
10962,p5507,1,24
10965,p5508,1,12
10966,p5509,1,25
10967,p5510,1,44
10970,p5511,1,68
10971,p5512,1,10
10973,p5513,1,70
10975,p5514,1,61
10977,p5515,1,55
10980,p5516,1,91
10981,p5517,1,45
10982,p5518,1,79
10983,p5519,1,17
10986,p5520,1,6
10988,p5521,1,97
10989,p5522,1,42
10992,p5523,1,33
10993,p5524,1,55
10996,p5525,1,30
10999,p5526,1,28
11002,p5527,1,9
11003,p5528,1,12
11006,p5529,1,30
11008,p5530,1,94
11011,p5531,1,93
11013,p5532,1,26
11014,p5533,1,71
11016,p5534,1,81
11019,p5535,1,27
11022,p5536,1,17
11025,p5537,1,20
11028,p5538,1,15
11031,p5539,1,8
11033,p5540,1,37
11034,p5541,1,29
11036,p5542,1,62
11038,p5543,1,59
11040,p5544,1,82
11043,p5545,1,15
11046,p5546,1,50
11047,p5547,1,13
11050,p5548,1,50
11051,p5549,1,35
11052,p5550,1,16
11055,p5551,1,88
11056,p5552,1,38
11057,p5553,1,84
11059,p5554,1,52
11061,p5555,1,83
11062,p5556,1,53
11064,p5557,1,29
11065,p5558,1,62
11066,p5559,1,25
11067,p5560,1,98
11069,p5561,1,93
11070,p5562,1,47
11072,p5563,1,80
11074,p5564,1,92
11075,p5565,1,47
11078,p5566,1,84
11079,p5567,1,27
11080,p5568,1,16
11082,p5569,1,58
11084,p5570,1,60
11087,p5571,1,12
11089,p5572,1,26
11091,p5573,1,36
11093,p5574,1,5
11094,p5575,1,79
11095,p5576,1,53
11096,p5577,1,9
11099,p5578,1,88
11102,p5579,1,46
11103,p5580,1,67
11104,p5581,1,17
11107,p5582,1,70
11109,p5583,1,40
11111,p5584,1,31
11112,p5585,1,83
11113,p5586,1,40
11116,p5587,1,27
11118,p5588,1,60
11120,p5589,1,2
11121,p5590,1,59
11122,p5591,1,42
11125,p5592,1,58
11128,p5593,1,63
11129,p5594,1,54
11132,p5595,1,74
11134,p5596,1,72
11135,p5597,1,72
11138,p5598,1,96
11140,p5599,1,41
11141,p5600,1,8
11143,p5601,1,93
11144,p5602,1,36
11146,p5603,1,28
11149,p5604,1,95
11150,p5605,1,24
11151,p5606,1,82
11153,p5607,1,49
11155,p5608,1,82
11157,p5609,1,86
11160,p5610,1,29
11162,p5611,1,100
11163,p5612,1,65
11166,p5613,1,30
11168,p5614,1,31
11170,p5615,1,12
11171,p5616,1,86
11174,p5617,1,40
11175,p5618,1,11
11177,p5619,1,74
11179,p5620,1,21
11181,p5621,1,43
11182,p5622,1,3
11184,p5623,1,62
11186,p5624,1,41
11188,p5625,1,18
11190,p5626,1,62
11192,p5627,1,34
11195,p5628,1,46
11197,p5629,1,75
11199,p5630,1,98
11202,p5631,1,17
11205,p5632,1,4
11208,p5633,1,61
11211,p5634,1,45
11212,p5635,1,49
11213,p5636,1,42
11214,p5637,1,86
11215,p5638,1,97
11217,p5639,1,30
11218,p5640,1,3
11219,p5641,1,80
11222,p5642,1,43
11223,p5643,1,85
11225,p5644,1,72
11228,p5645,1,34
11230,p5646,1,23
11231,p5647,1,15
11232,p5648,1,73
11234,p5649,1,52
11236,p5650,1,78
11239,p5651,1,21
11241,p5652,1,90
11242,p5653,1,75
11244,p5654,1,63
11247,p5655,1,17
11248,p5656,1,64
11250,p5657,1,10
11251,p5658,1,83
11253,p5659,1,62
11256,p5660,1,49
11259,p5661,1,26
11262,p5662,1,3
11265,p5663,1,32
11266,p5664,1,15
11267,p5665,1,78
11268,p5666,1,77
11270,p5667,1,15
11273,p5668,1,41
11274,p5669,1,27
11275,p5670,1,22
11278,p5671,1,25
11281,p5672,1,70
11284,p5673,1,72
11285,p5674,1,15
11288,p5675,1,8
11289,p5676,1,99
11290,p5677,1,97
11291,p5678,1,42
11294,p5679,1,24
11295,p5680,1,4
11297,p5681,1,32
11298,p5682,1,93
11301,p5683,1,76
11303,p5684,1,89
11304,p5685,1,43
11306,p5686,1,10
11307,p5687,1,41
11308,p5688,1,4
11311,p5689,1,11
11313,p5690,1,70
11315,p5691,1,35
11317,p5692,1,54
11319,p5693,1,2
11321,p5694,1,65
11324,p5695,1,7
11325,p5696,1,76
11326,p5697,1,44
11327,p5698,1,81
11330,p5699,1,47
11331,p5700,1,65
11332,p5701,1,51
11335,p5702,1,45
11338,p5703,1,78
11341,p5704,1,46
11342,p5705,1,35
11345,p5706,1,45
11346,p5707,1,47
11349,p5708,1,21
11352,p5709,1,69
11353,p5710,1,63
11354,p5711,1,78
11355,p5712,1,76
11357,p5713,1,67
11360,p5714,1,28
11361,p5715,1,91
11362,p5716,1,11
11365,p5717,1,93
11367,p5718,1,56
11369,p5719,1,6
11371,p5720,1,7
11372,p5721,1,87
11375,p5722,1,99
11377,p5723,1,22
11379,p5724,1,91
11381,p5725,1,32
11382,p5726,1,8
11383,p5727,1,100
11386,p5728,1,52
11387,p5729,1,73
11388,p5730,1,58
11389,p5731,1,58
11391,p5732,1,19
11393,p5733,1,28
11394,p5734,1,94
11395,p5735,1,84
11396,p5736,1,77
11399,p5737,1,58
11402,p5738,1,67
11403,p5739,1,77
11406,p5740,1,28
11409,p5741,1,65
11411,p5742,1,81
11413,p5743,1,49
11416,p5744,1,61
11417,p5745,1,36
11420,p5746,1,65
11422,p5747,1,16
11425,p5748,1,34
11426,p5749,1,63
11428,p5750,1,29
11430,p5751,1,28
11433,p5752,1,66
11436,p5753,1,24
11437,p5754,1,54
11440,p5755,1,14
11442,p5756,1,35
11444,p5757,1,78
11447,p5758,1,63
11449,p5759,1,55
11452,p5760,1,67
11455,p5761,1,37
11457,p5762,1,32
11460,p5763,1,45
11463,p5764,1,25
11466,p5765,1,37
11469,p5766,1,73
11470,p5767,1,25
11473,p5768,1,52
11474,p5769,1,53
11475,p5770,1,41
11476,p5771,1,50
11479,p5772,1,68
11481,p5773,1,17
11482,p5774,1,28
11483,p5775,1,32
11486,p5776,1,60
11487,p5777,1,82
11489,p5778,1,99
11492,p5779,1,95
11493,p5780,1,82
11496,p5781,1,13
11497,p5782,1,9
11498,p5783,1,68
11499,p5784,1,73
11501,p5785,1,8
11504,p5786,1,33
11505,p5787,1,61
11507,p5788,1,16
11510,p5789,1,75
11512,p5790,1,62
11515,p5791,1,21
11516,p5792,1,75
11519,p5793,1,83
11522,p5794,1,35
11525,p5795,1,90
11527,p5796,1,94
11529,p5797,1,88
11531,p5798,1,64
11532,p5799,1,30
11533,p5800,1,30
11536,p5801,1,32
11539,p5802,1,63
11541,p5803,1,44
11542,p5804,1,26
11544,p5805,1,71
11546,p5806,1,8
11549,p5807,1,95
11551,p5808,1,19
11554,p5809,1,50
11557,p5810,1,78
11560,p5811,1,3
11563,p5812,1,85
11564,p5813,1,85
11567,p5814,1,7
11569,p5815,1,50
11571,p5816,1,97
11573,p5817,1,95
11574,p5818,1,81
11576,p5819,1,56
11579,p5820,1,51
11581,p5821,1,3
11582,p5822,1,49
11585,p5823,1,8
11588,p5824,1,24
11589,p5825,1,4
11590,p5826,1,39
11592,p5827,1,83
11593,p5828,1,52
11594,p5829,1,43
11596,p5830,1,93
11598,p5831,1,78
11601,p5832,1,49
11603,p5833,1,18
11604,p5834,1,27
11605,p5835,1,40
11608,p5836,1,37
11611,p5837,1,80
11613,p5838,1,32
11615,p5839,1,56
11618,p5840,1,70
11619,p5841,1,90
11622,p5842,1,18
11623,p5843,1,93
11624,p5844,1,51
11626,p5845,1,51
11628,p5846,1,98
11631,p5847,1,74
11632,p5848,1,14
11634,p5849,1,2
11637,p5850,1,49
11640,p5851,1,17
11642,p5852,1,8
11643,p5853,1,92
11646,p5854,1,74
11648,p5855,1,21
11651,p5856,1,77
11653,p5857,1,49
11654,p5858,1,5
11657,p5859,1,99
11659,p5860,1,47
11662,p5861,1,10
11663,p5862,1,42
11665,p5863,1,15
11668,p5864,1,12
11669,p5865,1,63
11672,p5866,1,11
11675,p5867,1,40
11678,p5868,1,23
11680,p5869,1,65
11681,p5870,1,42
11683,p5871,1,10
11686,p5872,1,92
11688,p5873,1,43
11689,p5874,1,77
11692,p5875,1,25
11693,p5876,1,73
11696,p5877,1,71
11697,p5878,1,78
11699,p5879,1,43
11702,p5880,1,11
11703,p5881,1,84
11705,p5882,1,88
11706,p5883,1,97
11709,p5884,1,31
11710,p5885,1,15
11713,p5886,1,71
11714,p5887,1,9
11715,p5888,1,59
11718,p5889,1,18
11721,p5890,1,64
11722,p5891,1,57
11724,p5892,1,66
11726,p5893,1,92
11729,p5894,1,61
11731,p5895,1,7
11732,p5896,1,73
11734,p5897,1,50
11736,p5898,1,9
11737,p5899,1,88
11740,p5900,1,42
11741,p5901,1,23
11744,p5902,1,74
11745,p5903,1,27
11748,p5904,1,82
11751,p5905,1,48
11752,p5906,1,18
11755,p5907,1,63
11758,p5908,1,13
11759,p5909,1,11
11762,p5910,1,11
11763,p5911,1,80
11766,p5912,1,18
11767,p5913,1,93
11768,p5914,1,78
11771,p5915,1,70
11773,p5916,1,66
11774,p5917,1,89
11777,p5918,1,87
11779,p5919,1,89
11780,p5920,1,82
11781,p5921,1,32
11783,p5922,1,75
11786,p5923,1,63
11787,p5924,1,27
11790,p5925,1,40
11793,p5926,1,79
11795,p5927,1,90
11796,p5928,1,67
11799,p5929,1,44
11802,p5930,1,11
11803,p5931,1,46
11804,p5932,1,13
11807,p5933,1,90
11809,p5934,1,39
11812,p5935,1,55
11813,p5936,1,74
11816,p5937,1,8
11819,p5938,1,30
11822,p5939,1,38
11824,p5940,1,2
11825,p5941,1,13
11826,p5942,1,64
11829,p5943,1,74
11831,p5944,1,44
11834,p5945,1,18
11835,p5946,1,8
11838,p5947,1,43
11841,p5948,1,24
11842,p5949,1,19
11843,p5950,1,52
11844,p5951,1,63
11846,p5952,1,90
11848,p5953,1,73
11850,p5954,1,13
11852,p5955,1,46
11853,p5956,1,33
11856,p5957,1,20
11858,p5958,1,12
11861,p5959,1,83
11862,p5960,1,7
11865,p5961,1,95
11866,p5962,1,2
11867,p5963,1,92
11868,p5964,1,98
11871,p5965,1,70
11873,p5966,1,23
11876,p5967,1,45
11879,p5968,1,8
11882,p5969,1,28
11885,p5970,1,72
11886,p5971,1,84
11889,p5972,1,12
11890,p5973,1,5
11891,p5974,1,62
11894,p5975,1,76
11895,p5976,1,68
11897,p5977,1,48
11898,p5978,1,93
11900,p5979,1,7
11902,p5980,1,96
11905,p5981,1,82
11908,p5982,1,51
11911,p5983,1,51
11913,p5984,1,71
11914,p5985,1,93
11917,p5986,1,83
11920,p5987,1,99
11922,p5988,1,36
11924,p5989,1,73
11926,p5990,1,23
11928,p5991,1,47
11930,p5992,1,82
11932,p5993,1,95
11934,p5994,1,29
11936,p5995,1,53
11939,p5996,1,98
11940,p5997,1,82
11942,p5998,1,3
11945,p5999,1,67
11947,p6000,1,84
11950,p6001,1,87
11952,p6002,1,60
11954,p6003,1,95
11956,p6004,1,47
11958,p6005,1,6
11959,p6006,1,65
11960,p6007,1,7
11962,p6008,1,62
11963,p6009,1,18
11966,p6010,1,44
11968,p6011,1,19
11971,p6012,1,5
11972,p6013,1,81
11975,p6014,1,14
11978,p6015,1,78
11980,p6016,1,39
11982,p6017,1,70
11983,p6018,1,87
11986,p6019,1,16
11987,p6020,1,31
11988,p6021,1,15
11991,p6022,1,75
11993,p6023,1,70
11995,p6024,1,71
11996,p6025,1,9
11999,p6026,1,79
12002,p6027,1,56
12003,p6028,1,14
12005,p6029,1,65
12008,p6030,1,48
12011,p6031,1,58
12012,p6032,1,89
12015,p6033,1,21
12016,p6034,1,97
12017,p6035,1,48
12018,p6036,1,10
12021,p6037,1,82
12022,p6038,1,34
12025,p6039,1,14
12027,p6040,1,95
12029,p6041,1,82
12030,p6042,1,38
12031,p6043,1,34
12034,p6044,1,44
12037,p6045,1,59
12040,p6046,1,72
12042,p6047,1,16
12045,p6048,1,19
12047,p6049,1,25
12049,p6050,1,29
12052,p6051,1,100
12055,p6052,1,27
12057,p6053,1,23
12060,p6054,1,79
12061,p6055,1,28
12063,p6056,1,67
12066,p6057,1,62
12069,p6058,1,86
12070,p6059,1,73
12071,p6060,1,92
12072,p6061,1,81
12074,p6062,1,45
12077,p6063,1,85
12078,p6064,1,70
12079,p6065,1,21
12082,p6066,1,73
12085,p6067,1,4
12088,p6068,1,22
12089,p6069,1,12
12090,p6070,1,57
12091,p6071,1,8
12094,p6072,1,55
12097,p6073,1,98
12100,p6074,1,36
12101,p6075,1,33
12102,p6076,1,5
12105,p6077,1,27
12106,p6078,1,90
12108,p6079,1,66
12109,p6080,1,53
12111,p6081,1,39
12114,p6082,1,52
12117,p6083,1,91
12120,p6084,1,81
12122,p6085,1,94
12123,p6086,1,98
12124,p6087,1,9
12125,p6088,1,59
12128,p6089,1,69
12130,p6090,1,42
12131,p6091,1,16
12132,p6092,1,78
12134,p6093,1,13
12136,p6094,1,83
12138,p6095,1,21
12140,p6096,1,53
12141,p6097,1,99
12144,p6098,1,47
12147,p6099,1,13
12150,p6100,1,13
12152,p6101,1,50
12153,p6102,1,26
12154,p6103,1,73
12155,p6104,1,4
12157,p6105,1,16
12160,p6106,1,42
12162,p6107,1,3
12164,p6108,1,36
12167,p6109,1,41
12170,p6110,1,15
12172,p6111,1,29
12175,p6112,1,37
12177,p6113,1,23
12180,p6114,1,18
12181,p6115,1,83
12184,p6116,1,35
12187,p6117,1,23
12189,p6118,1,59
12192,p6119,1,42
12195,p6120,1,59
12196,p6121,1,14
12197,p6122,1,40
12199,p6123,1,19
12201,p6124,1,90
12203,p6125,1,50
12204,p6126,1,34
12207,p6127,1,59
12210,p6128,1,31
12212,p6129,1,80
12213,p6130,1,86
12216,p6131,1,48
12219,p6132,1,99
12222,p6133,1,20
12225,p6134,1,67
12228,p6135,1,81
12231,p6136,1,94
12233,p6137,1,9
12236,p6138,1,10
12237,p6139,1,51
12240,p6140,1,11
12242,p6141,1,39
12245,p6142,1,31
12246,p6143,1,81
12247,p6144,1,98
12249,p6145,1,2
12252,p6146,1,48
12253,p6147,1,75
12255,p6148,1,21
12257,p6149,1,32
12259,p6150,1,54
12260,p6151,1,20
12263,p6152,1,38
12264,p6153,1,99
12267,p6154,1,48
12269,p6155,1,96
12271,p6156,1,50
12274,p6157,1,77
12277,p6158,1,61
12278,p6159,1,92
12280,p6160,1,60
12282,p6161,1,79
12285,p6162,1,39
12288,p6163,1,30
12291,p6164,1,85
12292,p6165,1,98
12294,p6166,1,21
12297,p6167,1,46
12300,p6168,1,2
12303,p6169,1,9
12304,p6170,1,67
12307,p6171,1,64
12308,p6172,1,54
12309,p6173,1,12
12311,p6174,1,43
12314,p6175,1,83
12316,p6176,1,75
12318,p6177,1,87
12319,p6178,1,16
12320,p6179,1,48
12323,p6180,1,44
12324,p6181,1,94
12325,p6182,1,97
12326,p6183,1,72
12329,p6184,1,18
12332,p6185,1,46
12335,p6186,1,43
12336,p6187,1,78
12339,p6188,1,68
12341,p6189,1,71
12344,p6190,1,83
12347,p6191,1,75
12348,p6192,1,7
12349,p6193,1,99
12352,p6194,1,76
12353,p6195,1,50
12354,p6196,1,63
12357,p6197,1,80
12358,p6198,1,29
12360,p6199,1,50
12361,p6200,1,21
12363,p6201,1,23
12365,p6202,1,15
12366,p6203,1,7
12368,p6204,1,22
12371,p6205,1,47
12374,p6206,1,70
12376,p6207,1,87
12378,p6208,1,62
12380,p6209,1,3
12381,p6210,1,92
12384,p6211,1,68
12386,p6212,1,50
12387,p6213,1,71
12390,p6214,1,56
12392,p6215,1,64
12395,p6216,1,8
12396,p6217,1,30
12398,p6218,1,89
12399,p6219,1,20
12401,p6220,1,70
12403,p6221,1,31
12404,p6222,1,54
12407,p6223,1,79
12408,p6224,1,99
12410,p6225,1,38
12412,p6226,1,27
12413,p6227,1,10
12416,p6228,1,63
12419,p6229,1,74
12420,p6230,1,23
12423,p6231,1,61
12425,p6232,1,18
12428,p6233,1,93
12430,p6234,1,13
12433,p6235,1,83
12436,p6236,1,51
12437,p6237,1,77
12438,p6238,1,90
12440,p6239,1,94
12442,p6240,1,2
12444,p6241,1,18
12447,p6242,1,86
12449,p6243,1,35
12451,p6244,1,8
12454,p6245,1,94
12456,p6246,1,18
12459,p6247,1,42
12462,p6248,1,22
12464,p6249,1,53
12467,p6250,1,64
12470,p6251,1,14
12471,p6252,1,82
12472,p6253,1,69
12473,p6254,1,27
12474,p6255,1,58
12476,p6256,1,34
12478,p6257,1,33
12479,p6258,1,87
12480,p6259,1,59
12482,p6260,1,11
12485,p6261,1,43
12488,p6262,1,23
12489,p6263,1,24
12491,p6264,1,69
12493,p6265,1,69
12496,p6266,1,40
12498,p6267,1,64
12499,p6268,1,38
12500,p6269,1,74
12501,p6270,1,81
12502,p6271,1,91
12504,p6272,1,98
12506,p6273,1,53
12509,p6274,1,63
12511,p6275,1,25
12514,p6276,1,87
12515,p6277,1,23
12518,p6278,1,78
12521,p6279,1,95
12524,p6280,1,53
12527,p6281,1,21
12530,p6282,1,88
12531,p6283,1,2
12532,p6284,1,86
12534,p6285,1,93
12537,p6286,1,36
12538,p6287,1,92
12539,p6288,1,28
12542,p6289,1,57
12545,p6290,1,67
12546,p6291,1,22
12547,p6292,1,48
12548,p6293,1,57
12550,p6294,1,90
12551,p6295,1,91
12554,p6296,1,65
12556,p6297,1,36
12557,p6298,1,9
12559,p6299,1,22
12561,p6300,1,99
12562,p6301,1,52
12565,p6302,1,60
12568,p6303,1,78
12571,p6304,1,97
12573,p6305,1,14
12575,p6306,1,6
12577,p6307,1,18
12578,p6308,1,72
12580,p6309,1,4
12581,p6310,1,2
12582,p6311,1,54
12584,p6312,1,69
12587,p6313,1,68
12590,p6314,1,19
12592,p6315,1,20
12593,p6316,1,94
12595,p6317,1,88
12598,p6318,1,17
12601,p6319,1,16
12603,p6320,1,3
12605,p6321,1,28
12607,p6322,1,70
12610,p6323,1,34
12612,p6324,1,19
12613,p6325,1,64
12614,p6326,1,20
12617,p6327,1,77
12618,p6328,1,27
12620,p6329,1,94
12621,p6330,1,11
12624,p6331,1,77
12626,p6332,1,73
12628,p6333,1,54
12630,p6334,1,12
12633,p6335,1,88
12634,p6336,1,40
12637,p6337,1,60
12639,p6338,1,69
12641,p6339,1,78
12643,p6340,1,4
12644,p6341,1,92
12645,p6342,1,99
12646,p6343,1,39
12648,p6344,1,32
12649,p6345,1,45
12651,p6346,1,62
12654,p6347,1,76
12656,p6348,1,49
12658,p6349,1,18
12661,p6350,1,42
12662,p6351,1,11
12663,p6352,1,37
12664,p6353,1,51
12666,p6354,1,97
12669,p6355,1,94
12671,p6356,1,92
12673,p6357,1,42
12676,p6358,1,89
12678,p6359,1,35
12679,p6360,1,91
12680,p6361,1,3
12683,p6362,1,90
12684,p6363,1,11
12687,p6364,1,30
12689,p6365,1,10
12690,p6366,1,81
12692,p6367,1,54
12693,p6368,1,45
12696,p6369,1,74
12697,p6370,1,14
12699,p6371,1,56
12701,p6372,1,19
12704,p6373,1,86
12706,p6374,1,7
12709,p6375,1,62
12712,p6376,1,86
12715,p6377,1,94
12717,p6378,1,62
12720,p6379,1,36
12721,p6380,1,64
12722,p6381,1,70
12724,p6382,1,61
12727,p6383,1,36
12728,p6384,1,69
12729,p6385,1,62
12730,p6386,1,93
12731,p6387,1,64
12734,p6388,1,99
12737,p6389,1,88
12738,p6390,1,82
12740,p6391,1,77
12741,p6392,1,76
12744,p6393,1,37
12746,p6394,1,28
12747,p6395,1,41
12748,p6396,1,78
12749,p6397,1,90
12750,p6398,1,86
12753,p6399,1,26
12755,p6400,1,78
12757,p6401,1,19
12759,p6402,1,94
12760,p6403,1,59
12763,p6404,1,58
12766,p6405,1,80
12769,p6406,1,54
12770,p6407,1,64
12773,p6408,1,64
12776,p6409,1,98
12778,p6410,1,21
12780,p6411,1,47
12782,p6412,1,84
12785,p6413,1,15
12788,p6414,1,55
12790,p6415,1,77
12793,p6416,1,96
12796,p6417,1,56
12798,p6418,1,45
12801,p6419,1,8
12803,p6420,1,45
12806,p6421,1,76
12809,p6422,1,81
12810,p6423,1,54
12811,p6424,1,97
12812,p6425,1,57
12814,p6426,1,84
12815,p6427,1,58
12818,p6428,1,47
12821,p6429,1,62
12823,p6430,1,59
12825,p6431,1,39
12828,p6432,1,97
12831,p6433,1,33
12834,p6434,1,24
12837,p6435,1,24
12838,p6436,1,33
12839,p6437,1,86
12840,p6438,1,61
12841,p6439,1,42
12842,p6440,1,95
12843,p6441,1,49
12844,p6442,1,3
12847,p6443,1,83
12848,p6444,1,84
12850,p6445,1,52
12851,p6446,1,42
12853,p6447,1,38
12856,p6448,1,28
12858,p6449,1,59
12861,p6450,1,70
12863,p6451,1,72
12864,p6452,1,59
12866,p6453,1,44
12869,p6454,1,5
12871,p6455,1,37
12872,p6456,1,33
12873,p6457,1,46
12875,p6458,1,99
12878,p6459,1,20
12881,p6460,1,16
12882,p6461,1,90
12883,p6462,1,21
12885,p6463,1,6
12887,p6464,1,6
12888,p6465,1,28
12890,p6466,1,66
12892,p6467,1,25
12895,p6468,1,47
12898,p6469,1,16
12900,p6470,1,87
12902,p6471,1,96
12905,p6472,1,85
12906,p6473,1,67
12909,p6474,1,13
12911,p6475,1,37
12912,p6476,1,82
12913,p6477,1,72
12914,p6478,1,23
12917,p6479,1,88
12920,p6480,1,56
12923,p6481,1,66
12925,p6482,1,63
12928,p6483,1,13
12930,p6484,1,22
12933,p6485,1,35
12936,p6486,1,31
12938,p6487,1,11
12940,p6488,1,68
12943,p6489,1,19
12944,p6490,1,73
12947,p6491,1,49
12949,p6492,1,38
12951,p6493,1,3
12952,p6494,1,90
12955,p6495,1,27
12956,p6496,1,54
12957,p6497,1,39
12958,p6498,1,76
12959,p6499,1,39
12962,p6500,1,33
12963,p6501,1,14
12965,p6502,1,57
12968,p6503,1,84
12970,p6504,1,21
12973,p6505,1,16
12974,p6506,1,51
12975,p6507,1,6
12978,p6508,1,50
12979,p6509,1,99
12981,p6510,1,94
12982,p6511,1,28
12984,p6512,1,20
12987,p6513,1,4
12988,p6514,1,88
12991,p6515,1,48
12994,p6516,1,93
12997,p6517,1,58
12999,p6518,1,19
13002,p6519,1,94
13004,p6520,1,81
13007,p6521,1,71
13008,p6522,1,23
13010,p6523,1,49
13011,p6524,1,26
13013,p6525,1,39
13014,p6526,1,42
13015,p6527,1,19
13017,p6528,1,87
13018,p6529,1,39
13021,p6530,1,18
13022,p6531,1,60
13025,p6532,1,34
13027,p6533,1,80
13029,p6534,1,13
13032,p6535,1,48
13035,p6536,1,2
13038,p6537,1,5
13041,p6538,1,77
13044,p6539,1,100
13047,p6540,1,95
13048,p6541,1,44
13050,p6542,1,80
13053,p6543,1,11
13054,p6544,1,97
13057,p6545,1,94
13060,p6546,1,9
13062,p6547,1,30
13064,p6548,1,95
13065,p6549,1,88
13067,p6550,1,65
13070,p6551,1,65
13071,p6552,1,96
13074,p6553,1,2
13076,p6554,1,16
13079,p6555,1,72
13080,p6556,1,11
13082,p6557,1,69
13084,p6558,1,47
13085,p6559,1,37
13088,p6560,1,87
13090,p6561,1,83
13092,p6562,1,37
13095,p6563,1,82
13097,p6564,1,80
13099,p6565,1,29
13102,p6566,1,84
13103,p6567,1,50
13106,p6568,1,52
13108,p6569,1,63
13109,p6570,1,2
13112,p6571,1,100
13114,p6572,1,22
13115,p6573,1,5
13118,p6574,1,14
13119,p6575,1,11
13121,p6576,1,71
13122,p6577,1,76
13124,p6578,1,38
13126,p6579,1,92
13127,p6580,1,23
13129,p6581,1,49
13131,p6582,1,83
13134,p6583,1,31
13135,p6584,1,58
13137,p6585,1,69
13139,p6586,1,36
13142,p6587,1,20
13144,p6588,1,21
13147,p6589,1,62
13149,p6590,1,71
13150,p6591,1,77
13151,p6592,1,13
13153,p6593,1,96
13154,p6594,1,94
13157,p6595,1,61
13160,p6596,1,34
13161,p6597,1,95
13162,p6598,1,63
13164,p6599,1,79
13166,p6600,1,47
13169,p6601,1,49
13172,p6602,1,26
13173,p6603,1,75
13175,p6604,1,23
13177,p6605,1,92
13180,p6606,1,91
13183,p6607,1,27
13186,p6608,1,33
13187,p6609,1,68
13188,p6610,1,37
13191,p6611,1,60
13193,p6612,1,16
13194,p6613,1,25
13196,p6614,1,50
13198,p6615,1,44
13201,p6616,1,21
13204,p6617,1,52
13205,p6618,1,39
13208,p6619,1,35
13209,p6620,1,83
13210,p6621,1,78
13211,p6622,1,59
13212,p6623,1,71
13215,p6624,1,7
13216,p6625,1,63
13219,p6626,1,82
13220,p6627,1,59
13223,p6628,1,30
13224,p6629,1,6
13226,p6630,1,11
13228,p6631,1,51
13230,p6632,1,57
13231,p6633,1,97
13234,p6634,1,70
13235,p6635,1,98
13237,p6636,1,52
13239,p6637,1,42
13240,p6638,1,61
13243,p6639,1,49
13245,p6640,1,24
13247,p6641,1,25
13250,p6642,1,36
13251,p6643,1,98
13253,p6644,1,52
13254,p6645,1,19
13257,p6646,1,22
13259,p6647,1,94
13260,p6648,1,66
13262,p6649,1,69
13264,p6650,1,58
13267,p6651,1,64
13270,p6652,1,69
13273,p6653,1,53
13274,p6654,1,32
13275,p6655,1,23
13276,p6656,1,83
13279,p6657,1,38
13281,p6658,1,61
13284,p6659,1,94
13285,p6660,1,88
13286,p6661,1,22
13287,p6662,1,13
13288,p6663,1,14
13291,p6664,1,35
13294,p6665,1,66
13295,p6666,1,47
13298,p6667,1,80
13301,p6668,1,72
13304,p6669,1,64
13306,p6670,1,41
13309,p6671,1,74
13310,p6672,1,45
13313,p6673,1,9
13315,p6674,1,40
13317,p6675,1,64
13318,p6676,1,83
13321,p6677,1,42
13324,p6678,1,88
13327,p6679,1,64
13328,p6680,1,85
13331,p6681,1,30
13333,p6682,1,35
13334,p6683,1,63
13335,p6684,1,42
13337,p6685,1,19
13339,p6686,1,12
13341,p6687,1,79
13344,p6688,1,57
13345,p6689,1,75
13346,p6690,1,26
13347,p6691,1,77
13350,p6692,1,87
13351,p6693,1,90
13352,p6694,1,49
13354,p6695,1,56
13357,p6696,1,40
13358,p6697,1,42
13361,p6698,1,81
13363,p6699,1,88
13365,p6700,1,15
13366,p6701,1,76
13368,p6702,1,84
13370,p6703,1,80
13372,p6704,1,33
13373,p6705,1,43
13375,p6706,1,17
13376,p6707,1,100
13377,p6708,1,6
13379,p6709,1,58
13380,p6710,1,8
13381,p6711,1,85
13383,p6712,1,35
13385,p6713,1,64
13386,p6714,1,17
13387,p6715,1,38
13390,p6716,1,64
13392,p6717,1,66
13395,p6718,1,43
13398,p6719,1,86
13399,p6720,1,31
13401,p6721,1,33
13404,p6722,1,84
13407,p6723,1,31
13408,p6724,1,6
13411,p6725,1,25
13414,p6726,1,40
13416,p6727,1,6
13419,p6728,1,19
13421,p6729,1,39
13424,p6730,1,80
13427,p6731,1,55
13429,p6732,1,60
13432,p6733,1,90
13435,p6734,1,23
13438,p6735,1,84
13440,p6736,1,34
13441,p6737,1,2
13442,p6738,1,69
13444,p6739,1,100
13447,p6740,1,5
13449,p6741,1,97
13451,p6742,1,21
13452,p6743,1,28
13453,p6744,1,15
13456,p6745,1,78
13458,p6746,1,36
13460,p6747,1,14
13461,p6748,1,31
13462,p6749,1,58
13463,p6750,1,93
13466,p6751,1,79
13468,p6752,1,99
13471,p6753,1,5
13473,p6754,1,49
13476,p6755,1,84
13478,p6756,1,72
13481,p6757,1,52
13484,p6758,1,48
13487,p6759,1,55
13488,p6760,1,90
13489,p6761,1,81
13490,p6762,1,22
13491,p6763,1,39
13493,p6764,1,30
13495,p6765,1,63
13497,p6766,1,48
13500,p6767,1,77
13503,p6768,1,20
13504,p6769,1,26
13506,p6770,1,49
13509,p6771,1,38
13510,p6772,1,31
13512,p6773,1,45
13514,p6774,1,70
13517,p6775,1,37
13518,p6776,1,84
13521,p6777,1,26
13524,p6778,1,49
13526,p6779,1,64
13529,p6780,1,11
13530,p6781,1,98
13532,p6782,1,58
13535,p6783,1,65
13537,p6784,1,36
13540,p6785,1,46
13542,p6786,1,24
13545,p6787,1,2
13547,p6788,1,29
13548,p6789,1,49
13550,p6790,1,84
13553,p6791,1,74
13556,p6792,1,29
13558,p6793,1,34
13559,p6794,1,99
13562,p6795,1,35
13565,p6796,1,83
13566,p6797,1,43
13567,p6798,1,98
13570,p6799,1,35
13571,p6800,1,98
13572,p6801,1,26
13575,p6802,1,30
13578,p6803,1,46
13580,p6804,1,36
13583,p6805,1,48
13585,p6806,1,46
13586,p6807,1,68
13587,p6808,1,73
13589,p6809,1,23
13592,p6810,1,58
13593,p6811,1,65
13594,p6812,1,74
13597,p6813,1,29
13599,p6814,1,5
13601,p6815,1,22
13602,p6816,1,13
13604,p6817,1,33
13605,p6818,1,70
13608,p6819,1,3
13611,p6820,1,39
13613,p6821,1,69
13614,p6822,1,48
13615,p6823,1,7
13616,p6824,1,23
13618,p6825,1,13
13621,p6826,1,66
13624,p6827,1,72
13625,p6828,1,37
13627,p6829,1,7
13630,p6830,1,81
13633,p6831,1,60
13635,p6832,1,31
13636,p6833,1,23
13637,p6834,1,58
13639,p6835,1,26
13642,p6836,1,30
13643,p6837,1,34
13646,p6838,1,22
13649,p6839,1,12
13650,p6840,1,95
13651,p6841,1,59
13652,p6842,1,19
13655,p6843,1,73
13657,p6844,1,80
13659,p6845,1,96
13662,p6846,1,7
13665,p6847,1,82
13666,p6848,1,57
13667,p6849,1,64
13669,p6850,1,21
13670,p6851,1,8
13671,p6852,1,59
13674,p6853,1,34
13677,p6854,1,61
13679,p6855,1,91
13682,p6856,1,77
13684,p6857,1,50
13686,p6858,1,100
13687,p6859,1,80
13689,p6860,1,20
13691,p6861,1,97
13693,p6862,1,95
13696,p6863,1,80
13697,p6864,1,41
13698,p6865,1,66
13699,p6866,1,74
13700,p6867,1,50
13701,p6868,1,95
13703,p6869,1,96
13705,p6870,1,45
13706,p6871,1,25
13707,p6872,1,12
13709,p6873,1,65
13712,p6874,1,83
13715,p6875,1,75
13717,p6876,1,40
13718,p6877,1,57
13721,p6878,1,54
13722,p6879,1,25
13725,p6880,1,43
13727,p6881,1,50
13728,p6882,1,78
13729,p6883,1,67
13731,p6884,1,97
13733,p6885,1,18
13736,p6886,1,76
13737,p6887,1,100
13740,p6888,1,58
13743,p6889,1,22
13746,p6890,1,71
13748,p6891,1,32
13751,p6892,1,86
13753,p6893,1,92
13755,p6894,1,73
13758,p6895,1,30
13759,p6896,1,90
13760,p6897,1,57
13761,p6898,1,65
13764,p6899,1,15
13767,p6900,1,88
13770,p6901,1,64
13772,p6902,1,70
13774,p6903,1,46
13775,p6904,1,26
13776,p6905,1,71
13777,p6906,1,37
13778,p6907,1,7
13781,p6908,1,89
13783,p6909,1,30
13784,p6910,1,85
13787,p6911,1,100
13790,p6912,1,82
13792,p6913,1,31
13795,p6914,1,89
13797,p6915,1,52
13798,p6916,1,13
13799,p6917,1,37
13801,p6918,1,32
13804,p6919,1,84
13806,p6920,1,26
13807,p6921,1,87
13810,p6922,1,53
13812,p6923,1,55
13814,p6924,1,5
13816,p6925,1,63
13819,p6926,1,65
13822,p6927,1,75
13823,p6928,1,53
13826,p6929,1,40
13827,p6930,1,61
13830,p6931,1,87
13831,p6932,1,64
13832,p6933,1,63
13833,p6934,1,72
13834,p6935,1,100
13836,p6936,1,91
13839,p6937,1,84
13840,p6938,1,23
13842,p6939,1,53
13844,p6940,1,33
13847,p6941,1,33
13849,p6942,1,28
13850,p6943,1,78
13853,p6944,1,60
13855,p6945,1,100
13856,p6946,1,53
13859,p6947,1,9
13860,p6948,1,49
13861,p6949,1,54
13864,p6950,1,24
13865,p6951,1,36
13867,p6952,1,2
13869,p6953,1,64
13871,p6954,1,26
13872,p6955,1,56
13874,p6956,1,64
13875,p6957,1,65
13876,p6958,1,20
13878,p6959,1,66
13879,p6960,1,51
13881,p6961,1,42
13883,p6962,1,24
13885,p6963,1,55
13887,p6964,1,34
13890,p6965,1,2
13891,p6966,1,75
13892,p6967,1,41
13893,p6968,1,73
13894,p6969,1,94
13896,p6970,1,11
13898,p6971,1,68
13899,p6972,1,83
13902,p6973,1,74
13905,p6974,1,11
13907,p6975,1,56
13908,p6976,1,48
13910,p6977,1,14
13912,p6978,1,95
13914,p6979,1,97
13916,p6980,1,70
13918,p6981,1,20
13921,p6982,1,42
13924,p6983,1,50
13926,p6984,1,44
13929,p6985,1,24
13931,p6986,1,94
13934,p6987,1,6
13935,p6988,1,36
13938,p6989,1,88
13940,p6990,1,42
13942,p6991,1,99
13944,p6992,1,82
13947,p6993,1,21
13948,p6994,1,28
13949,p6995,1,60
13950,p6996,1,14
13952,p6997,1,47
13954,p6998,1,2
13956,p6999,1,16
13959,p7000,1,97
13961,p7001,1,7
13963,p7002,1,7
13966,p7003,1,30
13968,p7004,1,79
13970,p7005,1,41
13972,p7006,1,5
13975,p7007,1,8
13978,p7008,1,68
13979,p7009,1,67
13982,p7010,1,61
13984,p7011,1,35
13985,p7012,1,74
13988,p7013,1,43
13991,p7014,1,23
13993,p7015,1,48
13994,p7016,1,25
13995,p7017,1,76
13996,p7018,1,3
13999,p7019,1,31
14001,p7020,1,15
14002,p7021,1,59
14005,p7022,1,20
14006,p7023,1,83
14008,p7024,1,75
14009,p7025,1,57
14012,p7026,1,36
14014,p7027,1,59
14017,p7028,1,72
14020,p7029,1,79
14022,p7030,1,68
14025,p7031,1,16
14028,p7032,1,39
14029,p7033,1,78
14030,p7034,1,48
14031,p7035,1,5
14032,p7036,1,45
14035,p7037,1,46
14038,p7038,1,70
14041,p7039,1,59
14044,p7040,1,84
14047,p7041,1,27
14049,p7042,1,74
14052,p7043,1,44
14053,p7044,1,41
14055,p7045,1,51
14057,p7046,1,41
14059,p7047,1,38
14062,p7048,1,67
14063,p7049,1,67
14065,p7050,1,70
14068,p7051,1,73
14071,p7052,1,64
14074,p7053,1,12
14077,p7054,1,74
14079,p7055,1,31
14082,p7056,1,57
14083,p7057,1,37
14084,p7058,1,40
14085,p7059,1,33
14088,p7060,1,97
14091,p7061,1,94
14092,p7062,1,48
14093,p7063,1,17
14094,p7064,1,25
14095,p7065,1,15
14098,p7066,1,3
14101,p7067,1,6
14102,p7068,1,4
14105,p7069,1,87
14108,p7070,1,40
14110,p7071,1,4
14111,p7072,1,9
14114,p7073,1,21
14116,p7074,1,15
14119,p7075,1,49
14122,p7076,1,26
14123,p7077,1,28
14125,p7078,1,32
14128,p7079,1,62
14131,p7080,1,35
14134,p7081,1,94
14137,p7082,1,98
14139,p7083,1,9
14142,p7084,1,21
14144,p7085,1,50
14147,p7086,1,98
14148,p7087,1,97
14149,p7088,1,94
14150,p7089,1,12
14153,p7090,1,7
14156,p7091,1,26
14159,p7092,1,19
14161,p7093,1,15
14163,p7094,1,58
14164,p7095,1,58
14167,p7096,1,97
14168,p7097,1,9
14169,p7098,1,58
14171,p7099,1,4
14172,p7100,1,91
14175,p7101,1,71
14176,p7102,1,74
14179,p7103,1,52
14181,p7104,1,69
14182,p7105,1,60
14183,p7106,1,18
14184,p7107,1,22
14185,p7108,1,9
14188,p7109,1,89
14189,p7110,1,99
14191,p7111,1,71
14194,p7112,1,47
14197,p7113,1,25
14199,p7114,1,63
14202,p7115,1,5
14204,p7116,1,10
14207,p7117,1,51
14208,p7118,1,27
14210,p7119,1,44
14211,p7120,1,31
14212,p7121,1,69
14214,p7122,1,95
14217,p7123,1,45
14218,p7124,1,53
14221,p7125,1,17
14222,p7126,1,67
14225,p7127,1,37
14228,p7128,1,64
14231,p7129,1,3
14232,p7130,1,27
14234,p7131,1,75
14236,p7132,1,71
14237,p7133,1,45
14240,p7134,1,2
14242,p7135,1,23
14245,p7136,1,27
14248,p7137,1,58
14250,p7138,1,21
14251,p7139,1,29
14253,p7140,1,15
14255,p7141,1,37
14257,p7142,1,84
14258,p7143,1,21
14259,p7144,1,20
14260,p7145,1,6
14262,p7146,1,84
14263,p7147,1,59
14265,p7148,1,43
14268,p7149,1,4
14270,p7150,1,72
14272,p7151,1,22
14274,p7152,1,12
14275,p7153,1,82
14278,p7154,1,86
14280,p7155,1,96
14282,p7156,1,68
14284,p7157,1,6
14285,p7158,1,87
14287,p7159,1,37
14289,p7160,1,71
14291,p7161,1,67
14294,p7162,1,96
14296,p7163,1,11
14297,p7164,1,82
14300,p7165,1,50
14303,p7166,1,77
14305,p7167,1,97
14307,p7168,1,78
14309,p7169,1,74
14312,p7170,1,58
14314,p7171,1,15
14317,p7172,1,9
14318,p7173,1,85
14321,p7174,1,33
14323,p7175,1,83
14325,p7176,1,42
14327,p7177,1,79
14329,p7178,1,30
14330,p7179,1,46
14332,p7180,1,95
14335,p7181,1,28
14336,p7182,1,38
14338,p7183,1,66
14340,p7184,1,72
14342,p7185,1,87
14345,p7186,1,86
14347,p7187,1,27
14350,p7188,1,6
14351,p7189,1,68
14353,p7190,1,53
14355,p7191,1,97
14358,p7192,1,8
14361,p7193,1,84
14363,p7194,1,75
14364,p7195,1,90
14365,p7196,1,15
14366,p7197,1,90
14369,p7198,1,33
14372,p7199,1,64
14373,p7200,1,67
14375,p7201,1,28
14376,p7202,1,4
14378,p7203,1,31
14380,p7204,1,39
14381,p7205,1,13
14384,p7206,1,61
14386,p7207,1,20
14388,p7208,1,54
14390,p7209,1,78
14392,p7210,1,66
14394,p7211,1,67
14397,p7212,1,39
14400,p7213,1,56
14403,p7214,1,51
14404,p7215,1,25
14406,p7216,1,96
14408,p7217,1,94
14411,p7218,1,93
14414,p7219,1,29
14416,p7220,1,68
14419,p7221,1,96
14421,p7222,1,31
14424,p7223,1,2
14426,p7224,1,16
14429,p7225,1,59
14430,p7226,1,60
14432,p7227,1,11
14433,p7228,1,34
14435,p7229,1,3
14436,p7230,1,82
14438,p7231,1,92
14440,p7232,1,54
14441,p7233,1,66
14443,p7234,1,82
14445,p7235,1,20
14447,p7236,1,20
14448,p7237,1,10
14449,p7238,1,65
14452,p7239,1,82
14455,p7240,1,12
14456,p7241,1,75
14457,p7242,1,50
14459,p7243,1,75
14460,p7244,1,81
14461,p7245,1,36
14464,p7246,1,89
14466,p7247,1,8
14469,p7248,1,75
14471,p7249,1,18
14473,p7250,1,35
14476,p7251,1,89
14477,p7252,1,16
14479,p7253,1,74
14481,p7254,1,66
14484,p7255,1,9
14487,p7256,1,32
14488,p7257,1,74
14491,p7258,1,81
14493,p7259,1,71
14496,p7260,1,29
14499,p7261,1,99
14501,p7262,1,11
14503,p7263,1,38
14504,p7264,1,83
14506,p7265,1,30
14508,p7266,1,25
14510,p7267,1,87
14511,p7268,1,100
14513,p7269,1,48
14516,p7270,1,39
14517,p7271,1,3
14518,p7272,1,52
14520,p7273,1,13
14522,p7274,1,29
14523,p7275,1,11
14524,p7276,1,100
14527,p7277,1,22
14529,p7278,1,43
14530,p7279,1,42
14531,p7280,1,100
14533,p7281,1,95
14536,p7282,1,99
14537,p7283,1,60
14538,p7284,1,56
14541,p7285,1,56
14544,p7286,1,35
14546,p7287,1,96
14549,p7288,1,31
14551,p7289,1,17
14554,p7290,1,81
14556,p7291,1,39
14559,p7292,1,11
14560,p7293,1,59
14562,p7294,1,79
14563,p7295,1,53
14565,p7296,1,15
14567,p7297,1,54
14570,p7298,1,37
14573,p7299,1,76
14576,p7300,1,60
14577,p7301,1,15
14578,p7302,1,40
14581,p7303,1,75
14582,p7304,1,27
14585,p7305,1,70
14586,p7306,1,100
14589,p7307,1,63
14590,p7308,1,29
14593,p7309,1,37
14596,p7310,1,70
14599,p7311,1,92
14602,p7312,1,100
14604,p7313,1,77
14606,p7314,1,51
14609,p7315,1,14
14612,p7316,1,3
14613,p7317,1,69
14616,p7318,1,86
14618,p7319,1,35
14621,p7320,1,91
14624,p7321,1,33
14625,p7322,1,78
14626,p7323,1,45
14627,p7324,1,33
14629,p7325,1,37
14632,p7326,1,8
14633,p7327,1,3
14635,p7328,1,51
14638,p7329,1,100
14641,p7330,1,84
14644,p7331,1,96
14647,p7332,1,62
14648,p7333,1,7
14651,p7334,1,66
14654,p7335,1,30
14655,p7336,1,97
14657,p7337,1,68
14659,p7338,1,82
14661,p7339,1,25
14664,p7340,1,43
14665,p7341,1,66
14666,p7342,1,90
14669,p7343,1,100
14671,p7344,1,29
14674,p7345,1,12
14675,p7346,1,82
14678,p7347,1,74
14681,p7348,1,32
14684,p7349,1,32
14687,p7350,1,79
14688,p7351,1,61
14691,p7352,1,89
14693,p7353,1,9
14694,p7354,1,51
14697,p7355,1,53
14700,p7356,1,82
14703,p7357,1,49
14706,p7358,1,37
14709,p7359,1,75
14710,p7360,1,32
14713,p7361,1,92
14715,p7362,1,50
14717,p7363,1,25
14719,p7364,1,89
14721,p7365,1,98
14723,p7366,1,47
14725,p7367,1,11
14727,p7368,1,77
14729,p7369,1,63
14732,p7370,1,14
14734,p7371,1,72
14737,p7372,1,8
14740,p7373,1,33
14741,p7374,1,16
14743,p7375,1,81
14744,p7376,1,98
14745,p7377,1,3
14746,p7378,1,61
14749,p7379,1,23
14750,p7380,1,14
14753,p7381,1,24
14756,p7382,1,83
14757,p7383,1,94
14759,p7384,1,26
14762,p7385,1,54
14765,p7386,1,11
14766,p7387,1,24
14769,p7388,1,45
14771,p7389,1,40
14773,p7390,1,5
14776,p7391,1,98
14779,p7392,1,60
14782,p7393,1,96
14783,p7394,1,65
14784,p7395,1,43
14785,p7396,1,63
14787,p7397,1,79
14789,p7398,1,36
14792,p7399,1,34
14795,p7400,1,42
14798,p7401,1,4
14799,p7402,1,67
14802,p7403,1,42
14805,p7404,1,29
14807,p7405,1,27
14810,p7406,1,58
14811,p7407,1,44
14814,p7408,1,50
14817,p7409,1,25
14820,p7410,1,6
14823,p7411,1,28
14824,p7412,1,20
14826,p7413,1,18
14829,p7414,1,99
14831,p7415,1,86
14834,p7416,1,70
14835,p7417,1,13
14836,p7418,1,75
14837,p7419,1,91
14840,p7420,1,51
14842,p7421,1,14
14844,p7422,1,20
14845,p7423,1,58
14846,p7424,1,64
14848,p7425,1,62
14850,p7426,1,20
14853,p7427,1,49
14855,p7428,1,83
14856,p7429,1,51
14857,p7430,1,96
14858,p7431,1,72
14859,p7432,1,56
14862,p7433,1,2
14864,p7434,1,7
14865,p7435,1,79
14867,p7436,1,79
14868,p7437,1,58
14869,p7438,1,86
14870,p7439,1,35
14871,p7440,1,64
14872,p7441,1,85
14875,p7442,1,90
14877,p7443,1,50
14879,p7444,1,29
14881,p7445,1,75
14882,p7446,1,93
14884,p7447,1,33
14885,p7448,1,23
14887,p7449,1,23
14888,p7450,1,75
14891,p7451,1,38
14894,p7452,1,26
14897,p7453,1,67
14898,p7454,1,18
14899,p7455,1,7
14902,p7456,1,98
14903,p7457,1,30
14906,p7458,1,12
14908,p7459,1,36
14909,p7460,1,23
14912,p7461,1,7
14913,p7462,1,92
14915,p7463,1,10
14917,p7464,1,88
14918,p7465,1,67
14921,p7466,1,12
14924,p7467,1,54
14925,p7468,1,68
14926,p7469,1,20
14928,p7470,1,28
14931,p7471,1,23
14932,p7472,1,53
14933,p7473,1,68
14935,p7474,1,73
14936,p7475,1,9
14939,p7476,1,13
14940,p7477,1,62
14942,p7478,1,15
14943,p7479,1,84
14946,p7480,1,73
14948,p7481,1,29
14949,p7482,1,96
14950,p7483,1,12
14952,p7484,1,38
14953,p7485,1,20
14955,p7486,1,56
14957,p7487,1,86
14960,p7488,1,85
14961,p7489,1,67
14964,p7490,1,60
14966,p7491,1,58
14967,p7492,1,27
14970,p7493,1,90
14972,p7494,1,71
14975,p7495,1,94
14978,p7496,1,69
14979,p7497,1,32
14982,p7498,1,74
14983,p7499,1,77
14985,p7500,1,16
14986,p7501,1,60
14987,p7502,1,80
14990,p7503,1,64
14991,p7504,1,22
14994,p7505,1,29
14995,p7506,1,63
14996,p7507,1,39
14998,p7508,1,95
14999,p7509,1,27
15001,p7510,1,50
15002,p7511,1,15
15004,p7512,1,79
15005,p7513,1,62
15008,p7514,1,5
15009,p7515,1,49
15010,p7516,1,63
15013,p7517,1,53
15016,p7518,1,75
15017,p7519,1,71
15018,p7520,1,4
15019,p7521,1,66
15020,p7522,1,57
15023,p7523,1,79
15026,p7524,1,23
15029,p7525,1,59
15031,p7526,1,62
15032,p7527,1,89
15034,p7528,1,40
15035,p7529,1,19
15037,p7530,1,44
15040,p7531,1,37
15042,p7532,1,41
15043,p7533,1,59
15044,p7534,1,5
15045,p7535,1,3
15046,p7536,1,46
15047,p7537,1,95
15050,p7538,1,2
15053,p7539,1,15
15056,p7540,1,25
15057,p7541,1,57
15058,p7542,1,67
15059,p7543,1,31
15061,p7544,1,54
15063,p7545,1,77
15064,p7546,1,34
15065,p7547,1,8
15067,p7548,1,98
15069,p7549,1,65
15072,p7550,1,5
15073,p7551,1,47
15075,p7552,1,80
15076,p7553,1,100
15078,p7554,1,86
15079,p7555,1,3
15081,p7556,1,60
15084,p7557,1,27
15086,p7558,1,8
15087,p7559,1,87
15090,p7560,1,17
15092,p7561,1,13
15093,p7562,1,88
15094,p7563,1,44
15097,p7564,1,18
15099,p7565,1,19
15100,p7566,1,13
15101,p7567,1,16
15103,p7568,1,70
15105,p7569,1,90
15106,p7570,1,7
15109,p7571,1,25
15110,p7572,1,20
15111,p7573,1,27
15113,p7574,1,82
15116,p7575,1,20
15119,p7576,1,20
15120,p7577,1,37
15123,p7578,1,87
15125,p7579,1,19
15128,p7580,1,62
15130,p7581,1,96
15133,p7582,1,13
15134,p7583,1,57
15136,p7584,1,29
15139,p7585,1,87
15142,p7586,1,17
15144,p7587,1,89
15146,p7588,1,16
15149,p7589,1,16
15152,p7590,1,44
15154,p7591,1,14
15156,p7592,1,35
15158,p7593,1,50
15159,p7594,1,22
15162,p7595,1,93
15165,p7596,1,79
15167,p7597,1,23
15170,p7598,1,14
15172,p7599,1,6
15174,p7600,1,30
15177,p7601,1,24
15179,p7602,1,42
15181,p7603,1,51
15183,p7604,1,11
15185,p7605,1,67
15188,p7606,1,77
15191,p7607,1,44
15194,p7608,1,46
15195,p7609,1,12
15198,p7610,1,41
15201,p7611,1,99
15204,p7612,1,98
15206,p7613,1,26
15208,p7614,1,50
15209,p7615,1,63
15212,p7616,1,71
15215,p7617,1,92
15218,p7618,1,5
15219,p7619,1,63
15222,p7620,1,29
15225,p7621,1,61
15226,p7622,1,66
15228,p7623,1,73
15229,p7624,1,33
15231,p7625,1,29
15234,p7626,1,17
15237,p7627,1,72
15239,p7628,1,96
15242,p7629,1,11
15245,p7630,1,33
15246,p7631,1,75
15247,p7632,1,84
15249,p7633,1,2
15250,p7634,1,31
15252,p7635,1,24
15255,p7636,1,45
15257,p7637,1,46
15259,p7638,1,36
15260,p7639,1,21
15262,p7640,1,37
15263,p7641,1,63
15264,p7642,1,38
15266,p7643,1,16
15269,p7644,1,77
15272,p7645,1,63
15275,p7646,1,59
15278,p7647,1,53
15280,p7648,1,40
15281,p7649,1,17
15282,p7650,1,25
15284,p7651,1,70
15287,p7652,1,54
15290,p7653,1,95
15293,p7654,1,74
15295,p7655,1,14
15298,p7656,1,20
15299,p7657,1,64
15300,p7658,1,31
15302,p7659,1,25
15305,p7660,1,72
15308,p7661,1,80
15309,p7662,1,47
15310,p7663,1,73
15313,p7664,1,58
15315,p7665,1,53
15316,p7666,1,56
15317,p7667,1,9
15318,p7668,1,18
15319,p7669,1,16
15320,p7670,1,12
15321,p7671,1,50
15323,p7672,1,94
15326,p7673,1,3
15329,p7674,1,66
15330,p7675,1,97
15332,p7676,1,32
15333,p7677,1,32
15335,p7678,1,56
15338,p7679,1,94
15340,p7680,1,90
15342,p7681,1,84
15344,p7682,1,48
15345,p7683,1,30
15348,p7684,1,12
15349,p7685,1,75
15350,p7686,1,18
15351,p7687,1,50
15354,p7688,1,85
15355,p7689,1,91
15357,p7690,1,48
15358,p7691,1,88
15361,p7692,1,98
15363,p7693,1,32
15364,p7694,1,64
15365,p7695,1,18
15367,p7696,1,7
15370,p7697,1,80
15373,p7698,1,98
15375,p7699,1,92
15377,p7700,1,83
15380,p7701,1,42
15383,p7702,1,98
15386,p7703,1,93
15387,p7704,1,90
15389,p7705,1,59
15391,p7706,1,51
15392,p7707,1,24
15393,p7708,1,90
15394,p7709,1,43
15396,p7710,1,81
15398,p7711,1,65
15399,p7712,1,88
15402,p7713,1,21
15404,p7714,1,44
15405,p7715,1,25
15407,p7716,1,15
15409,p7717,1,85
15412,p7718,1,75
15415,p7719,1,45
15416,p7720,1,70
15417,p7721,1,64
15418,p7722,1,3
15421,p7723,1,94
15424,p7724,1,54
15427,p7725,1,10
15428,p7726,1,100
15431,p7727,1,16
15432,p7728,1,86
15435,p7729,1,26
15437,p7730,1,41
15438,p7731,1,65
15440,p7732,1,73
15443,p7733,1,58
15444,p7734,1,49
15445,p7735,1,15
15448,p7736,1,57
15450,p7737,1,90
15453,p7738,1,85
15455,p7739,1,33
15457,p7740,1,10
15459,p7741,1,93
15460,p7742,1,65
15463,p7743,1,13
15466,p7744,1,39
15469,p7745,1,58
15471,p7746,1,51
15472,p7747,1,18
15474,p7748,1,32
15475,p7749,1,55
15478,p7750,1,8
15480,p7751,1,43
15481,p7752,1,6
15484,p7753,1,36
15487,p7754,1,67
15490,p7755,1,11
15492,p7756,1,95
15494,p7757,1,33
15495,p7758,1,90
15496,p7759,1,79
15498,p7760,1,58
15501,p7761,1,54
15504,p7762,1,14
15507,p7763,1,14
15508,p7764,1,53
15509,p7765,1,100
15510,p7766,1,100
15512,p7767,1,62
15513,p7768,1,53
15516,p7769,1,35
15518,p7770,1,15
15519,p7771,1,69
15521,p7772,1,31
15523,p7773,1,43
15526,p7774,1,62
15529,p7775,1,21
15532,p7776,1,10
15535,p7777,1,47
15536,p7778,1,68
15538,p7779,1,43
15540,p7780,1,75
15541,p7781,1,41
15542,p7782,1,64
15544,p7783,1,44
15547,p7784,1,14
15550,p7785,1,30
15551,p7786,1,53
15554,p7787,1,81
15557,p7788,1,68
15560,p7789,1,68
15561,p7790,1,93
15564,p7791,1,72
15567,p7792,1,94
15569,p7793,1,48
15572,p7794,1,72
15573,p7795,1,71
15574,p7796,1,22
15576,p7797,1,84
15577,p7798,1,93
15580,p7799,1,48
15581,p7800,1,83
15582,p7801,1,99
15583,p7802,1,86
15586,p7803,1,12
15587,p7804,1,44
15590,p7805,1,98
15593,p7806,1,20
15595,p7807,1,59
15598,p7808,1,90
15600,p7809,1,36
15601,p7810,1,58
15604,p7811,1,57
15605,p7812,1,69
15608,p7813,1,53
15610,p7814,1,4
15611,p7815,1,62
15613,p7816,1,5
15616,p7817,1,13
15617,p7818,1,57
15620,p7819,1,100
15621,p7820,1,73
15623,p7821,1,2
15624,p7822,1,87
15625,p7823,1,88
15626,p7824,1,78
15629,p7825,1,100
15631,p7826,1,67
15632,p7827,1,44
15633,p7828,1,41
15635,p7829,1,54
15637,p7830,1,26
15639,p7831,1,96
15640,p7832,1,14
15641,p7833,1,24
15643,p7834,1,37
15644,p7835,1,98
15646,p7836,1,76
15648,p7837,1,33
15651,p7838,1,53
15653,p7839,1,7
15656,p7840,1,66
15658,p7841,1,35
15661,p7842,1,21
15662,p7843,1,36
15665,p7844,1,49
15668,p7845,1,5
15669,p7846,1,66
15670,p7847,1,83
15673,p7848,1,64
15676,p7849,1,38
15679,p7850,1,26
15681,p7851,1,73
15682,p7852,1,53
15684,p7853,1,27
15685,p7854,1,80
15688,p7855,1,2
15689,p7856,1,89
15690,p7857,1,18
15693,p7858,1,50
15696,p7859,1,52
15697,p7860,1,89
15699,p7861,1,42
15700,p7862,1,78
15703,p7863,1,79
15705,p7864,1,4
15708,p7865,1,72
15709,p7866,1,82
15711,p7867,1,70
15714,p7868,1,77
15716,p7869,1,98
15717,p7870,1,42
15720,p7871,1,53
15721,p7872,1,46
15724,p7873,1,27
15725,p7874,1,3
15728,p7875,1,58
15729,p7876,1,21
15731,p7877,1,49
15732,p7878,1,44
15733,p7879,1,84
15734,p7880,1,67
15736,p7881,1,54
15739,p7882,1,17
15742,p7883,1,34
15744,p7884,1,54
15746,p7885,1,16
15747,p7886,1,57
15750,p7887,1,27
15752,p7888,1,44
15753,p7889,1,15
15755,p7890,1,38
15757,p7891,1,87
15759,p7892,1,47
15760,p7893,1,95
15761,p7894,1,60
15764,p7895,1,93
15767,p7896,1,89
15769,p7897,1,44
15772,p7898,1,29
15773,p7899,1,62
15775,p7900,1,63
15777,p7901,1,76
15778,p7902,1,35
15779,p7903,1,58
15781,p7904,1,36
15783,p7905,1,36
15786,p7906,1,26
15788,p7907,1,65
15790,p7908,1,58
15792,p7909,1,63
15795,p7910,1,29
15798,p7911,1,93
15800,p7912,1,73
15802,p7913,1,83
15804,p7914,1,94
15805,p7915,1,90
15806,p7916,1,92
15809,p7917,1,78
15810,p7918,1,14
15813,p7919,1,71
15814,p7920,1,44
15816,p7921,1,93
15817,p7922,1,75
15818,p7923,1,16
15821,p7924,1,63
15822,p7925,1,79
15825,p7926,1,51
15827,p7927,1,82
15829,p7928,1,59
15832,p7929,1,17
15833,p7930,1,30
15834,p7931,1,27
15837,p7932,1,8
15840,p7933,1,98
15841,p7934,1,5
15843,p7935,1,86
15845,p7936,1,10
15847,p7937,1,80
15849,p7938,1,63
15850,p7939,1,95
15853,p7940,1,21
15854,p7941,1,8
15856,p7942,1,8
15859,p7943,1,8
15860,p7944,1,52
15861,p7945,1,70
15862,p7946,1,28
15865,p7947,1,33
15868,p7948,1,93
15869,p7949,1,66
15872,p7950,1,36
15875,p7951,1,91
15878,p7952,1,10
15881,p7953,1,29
15882,p7954,1,79
15883,p7955,1,24
15886,p7956,1,39
15887,p7957,1,25
15888,p7958,1,8
15889,p7959,1,36
15890,p7960,1,3
15893,p7961,1,45
15896,p7962,1,29
15897,p7963,1,94
15900,p7964,1,71
15901,p7965,1,14
15902,p7966,1,74
15904,p7967,1,44
15907,p7968,1,67
15908,p7969,1,5
15909,p7970,1,40
15910,p7971,1,78
15911,p7972,1,86
15913,p7973,1,59
15914,p7974,1,47
15915,p7975,1,21
15918,p7976,1,61
15920,p7977,1,59
15922,p7978,1,92
15924,p7979,1,19
15926,p7980,1,48
15927,p7981,1,14
15930,p7982,1,84
15933,p7983,1,50
15936,p7984,1,66
15937,p7985,1,35
15939,p7986,1,82
15941,p7987,1,62
15943,p7988,1,61
15946,p7989,1,47
15948,p7990,1,20
15949,p7991,1,62
15951,p7992,1,2
15952,p7993,1,14
15955,p7994,1,39
15956,p7995,1,29
15958,p7996,1,63
15960,p7997,1,65
15963,p7998,1,75
15964,p7999,1,10
15967,p8000,1,7
15968,p8001,1,7
15971,p8002,1,39
15974,p8003,1,4
15977,p8004,1,79
15980,p8005,1,77
15981,p8006,1,17
15984,p8007,1,42
15986,p8008,1,15
15989,p8009,1,5
15991,p8010,1,80
15993,p8011,1,34
15995,p8012,1,16
15996,p8013,1,58
15998,p8014,1,49
15999,p8015,1,20
16002,p8016,1,62
16005,p8017,1,79
16006,p8018,1,17
16008,p8019,1,18
16010,p8020,1,83
16013,p8021,1,4
16014,p8022,1,57
16017,p8023,1,51
16018,p8024,1,45
16021,p8025,1,28
16023,p8026,1,45
16026,p8027,1,50
16027,p8028,1,82
16030,p8029,1,19
16032,p8030,1,94
16034,p8031,1,17
16036,p8032,1,35
16037,p8033,1,9
16040,p8034,1,50
16043,p8035,1,35
16044,p8036,1,39
16047,p8037,1,34
16048,p8038,1,28
16049,p8039,1,100
16051,p8040,1,6
16054,p8041,1,44
16057,p8042,1,60
16059,p8043,1,57
16062,p8044,1,78
16063,p8045,1,61
16066,p8046,1,9
16067,p8047,1,56
16069,p8048,1,85
16070,p8049,1,64
16073,p8050,1,54
16075,p8051,1,66
16077,p8052,1,36
16079,p8053,1,61
16082,p8054,1,99
16084,p8055,1,91
16085,p8056,1,44
16088,p8057,1,69
16090,p8058,1,32
16091,p8059,1,83
16093,p8060,1,92
16094,p8061,1,93
16097,p8062,1,23
16098,p8063,1,85
16099,p8064,1,41
16100,p8065,1,49
16101,p8066,1,11
16103,p8067,1,33
16106,p8068,1,13
16107,p8069,1,24
16110,p8070,1,53
16111,p8071,1,70
16114,p8072,1,37
16116,p8073,1,10
16119,p8074,1,79
16122,p8075,1,42
16125,p8076,1,51
16127,p8077,1,22
16128,p8078,1,16
16130,p8079,1,73
16133,p8080,1,93
16135,p8081,1,40
16138,p8082,1,80
16141,p8083,1,24
16143,p8084,1,87
16144,p8085,1,78
16146,p8086,1,18
16149,p8087,1,93
16152,p8088,1,10
16155,p8089,1,81
16156,p8090,1,84
16158,p8091,1,33
16159,p8092,1,87
16162,p8093,1,53
16163,p8094,1,50
16165,p8095,1,66
16166,p8096,1,65
16168,p8097,1,15
16171,p8098,1,26
16173,p8099,1,4
16176,p8100,1,62
16177,p8101,1,51
16179,p8102,1,74
16181,p8103,1,78
16183,p8104,1,60
16185,p8105,1,75
16186,p8106,1,26
16189,p8107,1,44
16190,p8108,1,88
16192,p8109,1,60
16193,p8110,1,97
16195,p8111,1,65
16197,p8112,1,53
16200,p8113,1,79
16202,p8114,1,82
16204,p8115,1,5
16207,p8116,1,55
16210,p8117,1,85
16211,p8118,1,7
16212,p8119,1,44
16213,p8120,1,29
16214,p8121,1,30
16215,p8122,1,45
16217,p8123,1,45
16220,p8124,1,21
16223,p8125,1,7
16225,p8126,1,30
16226,p8127,1,77
16229,p8128,1,65
16231,p8129,1,94
16233,p8130,1,66
16236,p8131,1,81
16239,p8132,1,82
16241,p8133,1,30
16242,p8134,1,2
16243,p8135,1,54
16244,p8136,1,7
16247,p8137,1,53
16249,p8138,1,76
16252,p8139,1,31
16255,p8140,1,68
16258,p8141,1,41
16259,p8142,1,21
16261,p8143,1,49
16264,p8144,1,84
16265,p8145,1,12
16266,p8146,1,90
16269,p8147,1,33
16270,p8148,1,67
16271,p8149,1,79
16273,p8150,1,65
16275,p8151,1,30
16277,p8152,1,10
16279,p8153,1,42
16280,p8154,1,10
16282,p8155,1,99
16283,p8156,1,44
16284,p8157,1,58
16287,p8158,1,96
16289,p8159,1,96
16290,p8160,1,74
16293,p8161,1,23
16295,p8162,1,19
16298,p8163,1,75
16300,p8164,1,25
16302,p8165,1,30
16305,p8166,1,15
16308,p8167,1,63
16310,p8168,1,44
16313,p8169,1,25
16315,p8170,1,5
16317,p8171,1,37
16320,p8172,1,34
16321,p8173,1,68
16324,p8174,1,55
16326,p8175,1,34
16329,p8176,1,33
16331,p8177,1,76
16332,p8178,1,68
16334,p8179,1,67
16336,p8180,1,74
16338,p8181,1,13
16341,p8182,1,89
16343,p8183,1,89
16345,p8184,1,86
16347,p8185,1,26
16350,p8186,1,14
16351,p8187,1,98
16354,p8188,1,97
16355,p8189,1,43
16356,p8190,1,78
16358,p8191,1,70
16360,p8192,1,17
16363,p8193,1,15
16365,p8194,1,44
16366,p8195,1,84
16369,p8196,1,91
16372,p8197,1,80
16373,p8198,1,81
16375,p8199,1,91
16376,p8200,1,8
16377,p8201,1,53
16379,p8202,1,67
16381,p8203,1,67
16382,p8204,1,33
16385,p8205,1,24
16386,p8206,1,31
16389,p8207,1,65
16390,p8208,1,33
16393,p8209,1,14
16395,p8210,1,36
16396,p8211,1,66
16399,p8212,1,30
16400,p8213,1,23
16402,p8214,1,66
16404,p8215,1,58
16406,p8216,1,38
16407,p8217,1,59
16409,p8218,1,27
16411,p8219,1,47
16412,p8220,1,29
16415,p8221,1,51
16418,p8222,1,61
16421,p8223,1,16
16424,p8224,1,35
16425,p8225,1,47
16427,p8226,1,57
16428,p8227,1,80
16430,p8228,1,35
16432,p8229,1,30
16433,p8230,1,28
16435,p8231,1,75
16436,p8232,1,8
16438,p8233,1,30
16441,p8234,1,45
16442,p8235,1,93
16444,p8236,1,43
16445,p8237,1,76
16447,p8238,1,22
16448,p8239,1,88
16449,p8240,1,67
16452,p8241,1,60
16453,p8242,1,45
16456,p8243,1,29
16458,p8244,1,9
16460,p8245,1,32
16463,p8246,1,37
16464,p8247,1,70
16466,p8248,1,3
16469,p8249,1,83
16472,p8250,1,4
16475,p8251,1,83
16478,p8252,1,66
16480,p8253,1,74
16481,p8254,1,67
16484,p8255,1,7
16486,p8256,1,89
16488,p8257,1,98
16490,p8258,1,13
16493,p8259,1,38
16494,p8260,1,79
16496,p8261,1,9
16497,p8262,1,75
16498,p8263,1,15
16501,p8264,1,74
16504,p8265,1,10
16507,p8266,1,7
16510,p8267,1,33
16511,p8268,1,28
16514,p8269,1,73
16517,p8270,1,96
16518,p8271,1,80
16519,p8272,1,28
16522,p8273,1,13
16525,p8274,1,46
16528,p8275,1,50
16531,p8276,1,99
16532,p8277,1,24
16533,p8278,1,84
16535,p8279,1,73
16537,p8280,1,51
16538,p8281,1,23
16540,p8282,1,88
16542,p8283,1,77
16543,p8284,1,18
16546,p8285,1,90
16549,p8286,1,60
16552,p8287,1,48
16553,p8288,1,93
16554,p8289,1,10
16557,p8290,1,91
16559,p8291,1,3
16560,p8292,1,51
16562,p8293,1,72
16565,p8294,1,70
16566,p8295,1,56
16567,p8296,1,71
16570,p8297,1,76
16573,p8298,1,81
16576,p8299,1,76
16577,p8300,1,55
16578,p8301,1,80
16579,p8302,1,90
16580,p8303,1,100
16582,p8304,1,22
16584,p8305,1,81
16585,p8306,1,61
16588,p8307,1,64
16591,p8308,1,43
16594,p8309,1,5
16597,p8310,1,100
16599,p8311,1,26
16600,p8312,1,78
16603,p8313,1,46
16605,p8314,1,76
16606,p8315,1,23
16607,p8316,1,66
16610,p8317,1,23
16613,p8318,1,72
16614,p8319,1,72
16617,p8320,1,91
16618,p8321,1,91
16620,p8322,1,20
16623,p8323,1,73
16626,p8324,1,53
16627,p8325,1,25
16629,p8326,1,14
16632,p8327,1,24
16634,p8328,1,38
16637,p8329,1,97
16640,p8330,1,12
16643,p8331,1,39
16645,p8332,1,33
16647,p8333,1,90
16648,p8334,1,84
16649,p8335,1,83
16652,p8336,1,79
16653,p8337,1,61
16654,p8338,1,76
16655,p8339,1,44
16657,p8340,1,32
16660,p8341,1,71
16661,p8342,1,92
16664,p8343,1,84
16667,p8344,1,16
16670,p8345,1,88
16671,p8346,1,80
16672,p8347,1,63
16674,p8348,1,77
16676,p8349,1,26
16679,p8350,1,81
16682,p8351,1,24
16685,p8352,1,67
16688,p8353,1,84
16689,p8354,1,80
16692,p8355,1,11
16694,p8356,1,51
16696,p8357,1,58
16699,p8358,1,33
16700,p8359,1,38
16701,p8360,1,30
16702,p8361,1,95
16703,p8362,1,21
16706,p8363,1,72
16708,p8364,1,37
16710,p8365,1,81
16713,p8366,1,23
16714,p8367,1,63
16715,p8368,1,76
16717,p8369,1,50
16720,p8370,1,19
16721,p8371,1,24
16724,p8372,1,88
16726,p8373,1,40
16729,p8374,1,96
16731,p8375,1,14
16732,p8376,1,65
16735,p8377,1,28
16738,p8378,1,81
16741,p8379,1,40
16742,p8380,1,14
16745,p8381,1,12
16746,p8382,1,23
16747,p8383,1,29
16749,p8384,1,92
16750,p8385,1,13
16753,p8386,1,86
16756,p8387,1,27
16758,p8388,1,66
16759,p8389,1,97
16762,p8390,1,20
16763,p8391,1,60
16764,p8392,1,90
16765,p8393,1,80
16768,p8394,1,56
16771,p8395,1,58
16774,p8396,1,25
16776,p8397,1,17
16778,p8398,1,89
16779,p8399,1,27
16780,p8400,1,50
16783,p8401,1,55
16784,p8402,1,39
16787,p8403,1,67
16790,p8404,1,29
16793,p8405,1,85
16796,p8406,1,56
16797,p8407,1,31
16800,p8408,1,37
16803,p8409,1,94
16804,p8410,1,93
16805,p8411,1,46
16806,p8412,1,68
16807,p8413,1,56
16809,p8414,1,70
16810,p8415,1,17
16813,p8416,1,55
16814,p8417,1,23
16817,p8418,1,93
16820,p8419,1,41
16823,p8420,1,28
16825,p8421,1,97
16828,p8422,1,57
16830,p8423,1,29
16831,p8424,1,62
16832,p8425,1,66
16835,p8426,1,21
16836,p8427,1,35
16839,p8428,1,14
16841,p8429,1,54
16842,p8430,1,99
16845,p8431,1,22
16847,p8432,1,7
16850,p8433,1,7
16851,p8434,1,47
16852,p8435,1,32
16855,p8436,1,16
16858,p8437,1,100
16859,p8438,1,40
16862,p8439,1,76
16865,p8440,1,39
16866,p8441,1,93
16869,p8442,1,14
16872,p8443,1,27
16874,p8444,1,44
16876,p8445,1,9
16879,p8446,1,51
16881,p8447,1,26
16884,p8448,1,16
16887,p8449,1,67
16888,p8450,1,38
16891,p8451,1,10
16893,p8452,1,49
16895,p8453,1,18
16898,p8454,1,7
16901,p8455,1,12
16903,p8456,1,40
16904,p8457,1,21
16905,p8458,1,30
16907,p8459,1,79
16908,p8460,1,41
16911,p8461,1,36
16914,p8462,1,82
16917,p8463,1,39
16919,p8464,1,16
16920,p8465,1,65
16922,p8466,1,59
16923,p8467,1,64
16925,p8468,1,63
16926,p8469,1,84
16928,p8470,1,59
16930,p8471,1,79
16933,p8472,1,58
16935,p8473,1,100
16938,p8474,1,62
16941,p8475,1,67
16943,p8476,1,33
16946,p8477,1,54
16948,p8478,1,6
16951,p8479,1,43
16954,p8480,1,25
16956,p8481,1,20
16957,p8482,1,18
16959,p8483,1,17
16962,p8484,1,66
16963,p8485,1,33
16965,p8486,1,87
16968,p8487,1,14
16971,p8488,1,50
16973,p8489,1,90
16974,p8490,1,29
16976,p8491,1,64
16978,p8492,1,72
16980,p8493,1,67
16981,p8494,1,96
16983,p8495,1,4
16985,p8496,1,83
16987,p8497,1,48
16988,p8498,1,88
16990,p8499,1,50
16991,p8500,1,91
16994,p8501,1,98
16995,p8502,1,33
16996,p8503,1,27
16997,p8504,1,97
16998,p8505,1,2
16999,p8506,1,84
17000,p8507,1,69
17001,p8508,1,2
17002,p8509,1,3
17004,p8510,1,65
17006,p8511,1,6
17007,p8512,1,23
17008,p8513,1,35
17009,p8514,1,27
17012,p8515,1,60
17013,p8516,1,17
17015,p8517,1,16
17018,p8518,1,70
17021,p8519,1,31
17024,p8520,1,5
17025,p8521,1,37
17027,p8522,1,58
17028,p8523,1,5
17031,p8524,1,40
17033,p8525,1,85
17035,p8526,1,29
17036,p8527,1,75
17038,p8528,1,90
17040,p8529,1,11
17041,p8530,1,25
17042,p8531,1,36
17043,p8532,1,70
17044,p8533,1,94
17047,p8534,1,6
17050,p8535,1,59
17051,p8536,1,24
17053,p8537,1,95
17054,p8538,1,21
17055,p8539,1,12
17056,p8540,1,83
17057,p8541,1,46
17058,p8542,1,58
17061,p8543,1,3
17062,p8544,1,12
17064,p8545,1,27
17065,p8546,1,67
17067,p8547,1,47
17069,p8548,1,90
17070,p8549,1,28
17071,p8550,1,90
17072,p8551,1,44
17074,p8552,1,4
17077,p8553,1,2
17078,p8554,1,15
17079,p8555,1,18
17082,p8556,1,52
17084,p8557,1,9
17085,p8558,1,26
17088,p8559,1,31
17090,p8560,1,68
17092,p8561,1,6
17095,p8562,1,68
17097,p8563,1,85
17100,p8564,1,99
17102,p8565,1,98
17103,p8566,1,53
17106,p8567,1,17
17108,p8568,1,15
17111,p8569,1,54
17113,p8570,1,41
17114,p8571,1,82
17115,p8572,1,96
17117,p8573,1,95
17118,p8574,1,71
17121,p8575,1,67
17123,p8576,1,22
17125,p8577,1,21
17126,p8578,1,54
17128,p8579,1,12
17130,p8580,1,65
17133,p8581,1,33
17134,p8582,1,89
17137,p8583,1,44
17140,p8584,1,82
17143,p8585,1,66
17144,p8586,1,26
17147,p8587,1,62
17148,p8588,1,85
17149,p8589,1,49
17150,p8590,1,76
17151,p8591,1,44
17154,p8592,1,82
17156,p8593,1,33
17158,p8594,1,80
17161,p8595,1,82
17164,p8596,1,84
17166,p8597,1,66
17169,p8598,1,9
17170,p8599,1,72
17173,p8600,1,25
17176,p8601,1,33
17177,p8602,1,94
17178,p8603,1,52
17181,p8604,1,24
17182,p8605,1,11
17184,p8606,1,19
17186,p8607,1,91
17188,p8608,1,7
17189,p8609,1,61
17190,p8610,1,65
17193,p8611,1,78
17195,p8612,1,20
17198,p8613,1,41
17200,p8614,1,81
17201,p8615,1,26
17203,p8616,1,94
17204,p8617,1,83
17207,p8618,1,55
17209,p8619,1,29
17210,p8620,1,27
17212,p8621,1,11
17213,p8622,1,29
17214,p8623,1,53
17215,p8624,1,7
17216,p8625,1,62
17218,p8626,1,22
17220,p8627,1,48
17223,p8628,1,88
17226,p8629,1,27
17228,p8630,1,52
17231,p8631,1,14
17232,p8632,1,69
17233,p8633,1,5
17235,p8634,1,71
17236,p8635,1,27
17237,p8636,1,24
17240,p8637,1,36
17242,p8638,1,73
17245,p8639,1,79
17248,p8640,1,16
17251,p8641,1,59
17253,p8642,1,47
17255,p8643,1,82
17256,p8644,1,88
17257,p8645,1,29
17260,p8646,1,25
17261,p8647,1,18
17262,p8648,1,68
17264,p8649,1,68
17265,p8650,1,44
17268,p8651,1,11
17271,p8652,1,37
17274,p8653,1,55
17276,p8654,1,80
17278,p8655,1,7
17281,p8656,1,97
17284,p8657,1,91
17287,p8658,1,9
17288,p8659,1,6
17291,p8660,1,50
17292,p8661,1,13
17295,p8662,1,95
17297,p8663,1,21
17299,p8664,1,19
17301,p8665,1,28
17302,p8666,1,39
17303,p8667,1,29
17306,p8668,1,62
17309,p8669,1,93
17312,p8670,1,65
17313,p8671,1,93
17314,p8672,1,69
17315,p8673,1,78
17317,p8674,1,98
17319,p8675,1,47
17321,p8676,1,81
17323,p8677,1,80
17324,p8678,1,40
17326,p8679,1,23
17328,p8680,1,53
17329,p8681,1,98
17331,p8682,1,85
17333,p8683,1,5
17336,p8684,1,13
17339,p8685,1,4
17340,p8686,1,96
17343,p8687,1,62
17345,p8688,1,97
17348,p8689,1,73
17351,p8690,1,79
17352,p8691,1,94
17355,p8692,1,61
17357,p8693,1,45
17360,p8694,1,20
17361,p8695,1,68
17364,p8696,1,65
17367,p8697,1,61
17368,p8698,1,98
17371,p8699,1,60
17374,p8700,1,90
17376,p8701,1,62
17378,p8702,1,5
17380,p8703,1,52
17382,p8704,1,42
17383,p8705,1,55
17384,p8706,1,13
17387,p8707,1,95
17389,p8708,1,17
17391,p8709,1,76
17392,p8710,1,31
17395,p8711,1,61
17396,p8712,1,100
17397,p8713,1,75
17398,p8714,1,9
17401,p8715,1,31
17403,p8716,1,99
17405,p8717,1,54
17406,p8718,1,61
17408,p8719,1,7
17409,p8720,1,6
17412,p8721,1,3
17414,p8722,1,96
17417,p8723,1,97
17419,p8724,1,99
17420,p8725,1,28
17423,p8726,1,3
17425,p8727,1,74
17426,p8728,1,7
17428,p8729,1,20
17431,p8730,1,37
17433,p8731,1,68
17435,p8732,1,89
17437,p8733,1,77
17439,p8734,1,36
17440,p8735,1,41
17443,p8736,1,70
17445,p8737,1,10
17448,p8738,1,32
17449,p8739,1,65
17452,p8740,1,48
17455,p8741,1,83
17456,p8742,1,42
17459,p8743,1,66
17462,p8744,1,39
17465,p8745,1,18
17468,p8746,1,44
17469,p8747,1,27
17470,p8748,1,40
17473,p8749,1,86
17474,p8750,1,28
17475,p8751,1,59
17477,p8752,1,82
17480,p8753,1,50
17483,p8754,1,49
17485,p8755,1,30
17486,p8756,1,31
17488,p8757,1,70
17490,p8758,1,37
17492,p8759,1,100
17494,p8760,1,93
17496,p8761,1,19
17498,p8762,1,42
17500,p8763,1,29
17501,p8764,1,14
17502,p8765,1,54
17505,p8766,1,75
17506,p8767,1,24
17507,p8768,1,27
17509,p8769,1,100
17510,p8770,1,46
17511,p8771,1,28
17512,p8772,1,2
17513,p8773,1,77
17515,p8774,1,7
17516,p8775,1,83
17518,p8776,1,92
17519,p8777,1,6
17522,p8778,1,33
17525,p8779,1,86
17526,p8780,1,62
17529,p8781,1,38
17530,p8782,1,36
17533,p8783,1,37
17535,p8784,1,14
17537,p8785,1,14
17538,p8786,1,45
17541,p8787,1,100
17544,p8788,1,66
17547,p8789,1,86
17549,p8790,1,34
17552,p8791,1,76
17554,p8792,1,13
17555,p8793,1,73
17557,p8794,1,45
17559,p8795,1,50
17561,p8796,1,35
17563,p8797,1,4
17565,p8798,1,34
17568,p8799,1,42
17570,p8800,1,94
17571,p8801,1,27
17572,p8802,1,100
17575,p8803,1,8
17576,p8804,1,73
17579,p8805,1,87
17582,p8806,1,9
17583,p8807,1,55
17586,p8808,1,94
17588,p8809,1,54
17589,p8810,1,18
17591,p8811,1,36
17592,p8812,1,50
17595,p8813,1,89
17598,p8814,1,49
17601,p8815,1,26
17602,p8816,1,29
17605,p8817,1,89
17608,p8818,1,44
17611,p8819,1,31
17613,p8820,1,16
17614,p8821,1,12
17616,p8822,1,77
17617,p8823,1,50
17618,p8824,1,55
17620,p8825,1,16
17622,p8826,1,5
17624,p8827,1,21
17625,p8828,1,15
17628,p8829,1,57
17630,p8830,1,2
17631,p8831,1,61
17632,p8832,1,24
17634,p8833,1,50
17636,p8834,1,21
17637,p8835,1,64
17638,p8836,1,45
17639,p8837,1,8
17640,p8838,1,85
17642,p8839,1,95
17644,p8840,1,86
17645,p8841,1,91
17648,p8842,1,43
17650,p8843,1,57
17653,p8844,1,31
17656,p8845,1,61
17658,p8846,1,57
17660,p8847,1,64
17662,p8848,1,79
17664,p8849,1,78
17665,p8850,1,10
17668,p8851,1,30
17671,p8852,1,57
17674,p8853,1,37
17676,p8854,1,91
17678,p8855,1,22
17679,p8856,1,55
17680,p8857,1,79
17683,p8858,1,9
17686,p8859,1,22
17687,p8860,1,40
17690,p8861,1,12
17691,p8862,1,51
17692,p8863,1,67
17695,p8864,1,64
17697,p8865,1,5
17699,p8866,1,25
17702,p8867,1,25
17703,p8868,1,19
17704,p8869,1,51
17707,p8870,1,30
17709,p8871,1,80
17711,p8872,1,97
17713,p8873,1,70
17716,p8874,1,36
17719,p8875,1,21
17721,p8876,1,93
17723,p8877,1,66
17724,p8878,1,53
17725,p8879,1,23
17728,p8880,1,6
17730,p8881,1,40
17732,p8882,1,6
17735,p8883,1,31
17738,p8884,1,92
17740,p8885,1,92
17741,p8886,1,2
17742,p8887,1,36
17743,p8888,1,92
17746,p8889,1,32
17747,p8890,1,33
17749,p8891,1,62
17751,p8892,1,81
17754,p8893,1,5
17755,p8894,1,48
17756,p8895,1,45
17758,p8896,1,78
17759,p8897,1,66
17762,p8898,1,90
17763,p8899,1,59
17764,p8900,1,79
17765,p8901,1,63
17767,p8902,1,91
17768,p8903,1,39
17771,p8904,1,38
17772,p8905,1,8
17775,p8906,1,60
17776,p8907,1,10
17778,p8908,1,61
17780,p8909,1,60
17782,p8910,1,9
17783,p8911,1,71
17786,p8912,1,20
17787,p8913,1,96
17790,p8914,1,30
17792,p8915,1,78
17793,p8916,1,95
17795,p8917,1,64
17797,p8918,1,70
17798,p8919,1,30
17799,p8920,1,40
17802,p8921,1,93
17804,p8922,1,100
17807,p8923,1,91
17808,p8924,1,5
17810,p8925,1,71
17813,p8926,1,31
17816,p8927,1,17
17818,p8928,1,31
17821,p8929,1,19
17823,p8930,1,81
17826,p8931,1,39
17828,p8932,1,32
17830,p8933,1,11
17833,p8934,1,21
17834,p8935,1,19
17836,p8936,1,81
17839,p8937,1,71
17841,p8938,1,38
17842,p8939,1,51
17845,p8940,1,25
17847,p8941,1,96
17850,p8942,1,26
17851,p8943,1,69
17854,p8944,1,63
17857,p8945,1,76
17860,p8946,1,38
17862,p8947,1,77
17863,p8948,1,53
17866,p8949,1,83
17867,p8950,1,94
17870,p8951,1,10
17873,p8952,1,30
17875,p8953,1,95
17877,p8954,1,89
17878,p8955,1,89
17879,p8956,1,47
17881,p8957,1,40
17883,p8958,1,97
17886,p8959,1,7
17888,p8960,1,54
17890,p8961,1,96
17892,p8962,1,14
17893,p8963,1,51
17894,p8964,1,84
17897,p8965,1,62
17900,p8966,1,41
17903,p8967,1,88
17906,p8968,1,44
17909,p8969,1,75
17911,p8970,1,7
17912,p8971,1,65
17913,p8972,1,82
17915,p8973,1,44
17916,p8974,1,29
17918,p8975,1,66
17919,p8976,1,12
17921,p8977,1,24
17924,p8978,1,23
17925,p8979,1,15
17927,p8980,1,69
17928,p8981,1,43
17929,p8982,1,12
17932,p8983,1,89
17934,p8984,1,100
17936,p8985,1,57
17939,p8986,1,42
17941,p8987,1,16
17942,p8988,1,97
17945,p8989,1,74
17947,p8990,1,68
17949,p8991,1,47
17952,p8992,1,66
17955,p8993,1,60
17958,p8994,1,14
17960,p8995,1,38
17962,p8996,1,52
17964,p8997,1,84
17965,p8998,1,9
17968,p8999,1,35
17970,p9000,1,13
17973,p9001,1,44
17974,p9002,1,23
17975,p9003,1,25
17977,p9004,1,79
17980,p9005,1,3
17981,p9006,1,91
17982,p9007,1,50
17983,p9008,1,97
17986,p9009,1,63
17988,p9010,1,80
17989,p9011,1,98
17991,p9012,1,82
17993,p9013,1,41
17994,p9014,1,37
17996,p9015,1,50
17999,p9016,1,61
18002,p9017,1,9
18004,p9018,1,84
18007,p9019,1,95
18008,p9020,1,49
18011,p9021,1,31
18014,p9022,1,37
18016,p9023,1,67
18018,p9024,1,18
18019,p9025,1,52
18020,p9026,1,55
18021,p9027,1,42
18023,p9028,1,12
18025,p9029,1,11
18026,p9030,1,87
18028,p9031,1,23
18029,p9032,1,4
18031,p9033,1,96
18034,p9034,1,85
18036,p9035,1,31
18039,p9036,1,52
18041,p9037,1,72
18043,p9038,1,27
18045,p9039,1,85
18046,p9040,1,52
18047,p9041,1,84
18048,p9042,1,18
18051,p9043,1,91
18054,p9044,1,20
18056,p9045,1,94
18058,p9046,1,6
18060,p9047,1,5
18062,p9048,1,32
18065,p9049,1,84
18066,p9050,1,70
18067,p9051,1,87
18070,p9052,1,37
18072,p9053,1,84
18074,p9054,1,21
18076,p9055,1,83
18078,p9056,1,98
18081,p9057,1,74
18082,p9058,1,37
18085,p9059,1,77
18088,p9060,1,60
18089,p9061,1,12
18090,p9062,1,75
18091,p9063,1,9
18093,p9064,1,82
18095,p9065,1,88
18096,p9066,1,40
18098,p9067,1,16
18100,p9068,1,30
18103,p9069,1,74
18106,p9070,1,5
18109,p9071,1,15
18112,p9072,1,60
18115,p9073,1,90
18116,p9074,1,61
18117,p9075,1,46
18118,p9076,1,14
18120,p9077,1,19
18122,p9078,1,22
18125,p9079,1,84
18127,p9080,1,72
18130,p9081,1,54
18133,p9082,1,37
18136,p9083,1,66
18139,p9084,1,5
18142,p9085,1,69
18143,p9086,1,49
18144,p9087,1,35
18146,p9088,1,96
18147,p9089,1,66
18149,p9090,1,75
18151,p9091,1,44
18153,p9092,1,6
18155,p9093,1,73
18157,p9094,1,84
18159,p9095,1,16
18160,p9096,1,48
18162,p9097,1,92
18165,p9098,1,34
18167,p9099,1,25
18170,p9100,1,16
18171,p9101,1,29
18174,p9102,1,87
18177,p9103,1,56
18179,p9104,1,4
18180,p9105,1,100
18183,p9106,1,25
18185,p9107,1,6
18188,p9108,1,83
18191,p9109,1,56
18194,p9110,1,5
18195,p9111,1,90
18197,p9112,1,83
18200,p9113,1,15
18202,p9114,1,40
18204,p9115,1,71
18206,p9116,1,9
18208,p9117,1,38
18209,p9118,1,85
18211,p9119,1,43
18212,p9120,1,40
18214,p9121,1,69
18216,p9122,1,50
18219,p9123,1,57
18220,p9124,1,95
18223,p9125,1,16
18224,p9126,1,49
18227,p9127,1,59
18228,p9128,1,91
18230,p9129,1,79
18233,p9130,1,86
18235,p9131,1,33
18238,p9132,1,40
18240,p9133,1,28
18242,p9134,1,86
18244,p9135,1,21
18247,p9136,1,51
18250,p9137,1,17
18252,p9138,1,42
18253,p9139,1,88
18255,p9140,1,34
18256,p9141,1,24
18258,p9142,1,5
18261,p9143,1,47
18264,p9144,1,86
18265,p9145,1,63
18268,p9146,1,75
18270,p9147,1,63
18271,p9148,1,8
18272,p9149,1,31
18275,p9150,1,59
18277,p9151,1,19
18280,p9152,1,13
18282,p9153,1,65
18284,p9154,1,72
18286,p9155,1,14
18288,p9156,1,94
18289,p9157,1,84
18292,p9158,1,2
18294,p9159,1,65
18296,p9160,1,37
18297,p9161,1,21
18300,p9162,1,79
18303,p9163,1,97
18306,p9164,1,100
18308,p9165,1,37
18309,p9166,1,77
18311,p9167,1,74
18314,p9168,1,100
18316,p9169,1,28
18318,p9170,1,10
18321,p9171,1,14
18324,p9172,1,26
18326,p9173,1,17
18328,p9174,1,97
18331,p9175,1,59
18333,p9176,1,51
18335,p9177,1,41
18337,p9178,1,90
18340,p9179,1,27
18343,p9180,1,6
18344,p9181,1,34
18345,p9182,1,82
18346,p9183,1,80
18348,p9184,1,93
18349,p9185,1,28
18350,p9186,1,47
18351,p9187,1,49
18353,p9188,1,71
18356,p9189,1,36
18359,p9190,1,7
18360,p9191,1,26
18363,p9192,1,70
18365,p9193,1,80
18367,p9194,1,32
18370,p9195,1,81
18372,p9196,1,77
18374,p9197,1,46
18375,p9198,1,36
18376,p9199,1,3
18379,p9200,1,96
18380,p9201,1,32
18381,p9202,1,46
18383,p9203,1,82
18386,p9204,1,49
18389,p9205,1,87
18391,p9206,1,27
18393,p9207,1,77
18396,p9208,1,13
18397,p9209,1,32
18400,p9210,1,6
18402,p9211,1,26
18403,p9212,1,49
18404,p9213,1,75
18405,p9214,1,42
18407,p9215,1,14
18408,p9216,1,37
18409,p9217,1,53
18411,p9218,1,98
18414,p9219,1,66
18417,p9220,1,62
18418,p9221,1,26
18420,p9222,1,88
18421,p9223,1,99
18424,p9224,1,2
18425,p9225,1,71
18427,p9226,1,35
18429,p9227,1,25
18430,p9228,1,34
18433,p9229,1,14
18434,p9230,1,51
18436,p9231,1,38
18438,p9232,1,92
18439,p9233,1,75
18440,p9234,1,58
18442,p9235,1,93
18445,p9236,1,23
18448,p9237,1,41
18451,p9238,1,49
18454,p9239,1,63
18455,p9240,1,88
18458,p9241,1,13
18460,p9242,1,32
18462,p9243,1,11
18465,p9244,1,77
18468,p9245,1,87
18471,p9246,1,30
18473,p9247,1,71
18475,p9248,1,29
18476,p9249,1,73
18477,p9250,1,50
18480,p9251,1,90
18483,p9252,1,51
18486,p9253,1,54
18487,p9254,1,73
18490,p9255,1,31
18491,p9256,1,75
18492,p9257,1,73
18493,p9258,1,63
18494,p9259,1,26
18497,p9260,1,89
18499,p9261,1,29
18502,p9262,1,85
18505,p9263,1,95
18508,p9264,1,11
18511,p9265,1,84
18513,p9266,1,27
18516,p9267,1,44
18517,p9268,1,33
18518,p9269,1,59
18519,p9270,1,88
18522,p9271,1,31
18523,p9272,1,18
18526,p9273,1,44
18527,p9274,1,75
18530,p9275,1,97
18533,p9276,1,88
18535,p9277,1,85
18536,p9278,1,3
18537,p9279,1,19
18540,p9280,1,54
18542,p9281,1,35
18543,p9282,1,3
18544,p9283,1,87
18547,p9284,1,39
18549,p9285,1,56
18550,p9286,1,80
18552,p9287,1,52
18554,p9288,1,17
18557,p9289,1,46
18558,p9290,1,71
18560,p9291,1,60
18563,p9292,1,60
18564,p9293,1,36
18567,p9294,1,87
18570,p9295,1,65
18573,p9296,1,89
18576,p9297,1,35
18578,p9298,1,12
18580,p9299,1,66
18582,p9300,1,51
18584,p9301,1,29
18586,p9302,1,59
18589,p9303,1,20
18590,p9304,1,93
18591,p9305,1,40
18593,p9306,1,97
18596,p9307,1,48
18597,p9308,1,98
18600,p9309,1,44
18603,p9310,1,48
18605,p9311,1,50
18607,p9312,1,83
18608,p9313,1,49
18610,p9314,1,56
18611,p9315,1,26
18612,p9316,1,4
18614,p9317,1,80
18616,p9318,1,77
18617,p9319,1,21
18620,p9320,1,29
18621,p9321,1,34
18623,p9322,1,58
18624,p9323,1,3
18626,p9324,1,88
18627,p9325,1,28
18629,p9326,1,65
18630,p9327,1,40
18631,p9328,1,61
18633,p9329,1,13
18636,p9330,1,26
18639,p9331,1,91
18641,p9332,1,74
18644,p9333,1,2
18647,p9334,1,42
18650,p9335,1,21
18652,p9336,1,50
18654,p9337,1,88
18656,p9338,1,29
18657,p9339,1,33
18659,p9340,1,44
18662,p9341,1,90
18664,p9342,1,14
18666,p9343,1,22
18669,p9344,1,59
18672,p9345,1,19
18675,p9346,1,88
18676,p9347,1,34
18678,p9348,1,69
18680,p9349,1,35
18683,p9350,1,88
18686,p9351,1,99
18688,p9352,1,83
18690,p9353,1,82
18692,p9354,1,57
18693,p9355,1,41
18695,p9356,1,51
18696,p9357,1,35
18699,p9358,1,14
18700,p9359,1,35
18702,p9360,1,54
18705,p9361,1,34
18706,p9362,1,63
18707,p9363,1,41
18708,p9364,1,5
18710,p9365,1,31
18711,p9366,1,72
18712,p9367,1,64
18715,p9368,1,31
18718,p9369,1,49
18719,p9370,1,69
18721,p9371,1,8
18722,p9372,1,67
18725,p9373,1,76
18728,p9374,1,93
18731,p9375,1,29
18732,p9376,1,39
18734,p9377,1,87
18735,p9378,1,60
18736,p9379,1,93
18737,p9380,1,71
18740,p9381,1,85
18741,p9382,1,39
18742,p9383,1,20
18744,p9384,1,82
18747,p9385,1,78
18748,p9386,1,24
18749,p9387,1,93
18752,p9388,1,44
18753,p9389,1,63
18755,p9390,1,99
18757,p9391,1,40
18758,p9392,1,67
18761,p9393,1,20
18764,p9394,1,21
18765,p9395,1,89
18767,p9396,1,30
18769,p9397,1,77
18770,p9398,1,24
18773,p9399,1,9
18775,p9400,1,18
18776,p9401,1,100
18778,p9402,1,7
18781,p9403,1,16
18784,p9404,1,9
18785,p9405,1,73
18786,p9406,1,34
18787,p9407,1,96
18789,p9408,1,28
18790,p9409,1,51
18792,p9410,1,12
18795,p9411,1,42
18798,p9412,1,31
18799,p9413,1,66
18800,p9414,1,84
18801,p9415,1,14
18804,p9416,1,74
18806,p9417,1,24
18808,p9418,1,67
18809,p9419,1,11
18812,p9420,1,24
18815,p9421,1,63
18816,p9422,1,38
18819,p9423,1,95
18821,p9424,1,86
18823,p9425,1,95
18824,p9426,1,16
18827,p9427,1,78
18828,p9428,1,46
18831,p9429,1,19
18833,p9430,1,77
18835,p9431,1,44
18838,p9432,1,68
18841,p9433,1,60
18842,p9434,1,98
18843,p9435,1,36
18844,p9436,1,37
18845,p9437,1,15
18846,p9438,1,72
18847,p9439,1,99
18850,p9440,1,23
18851,p9441,1,100
18853,p9442,1,93
18856,p9443,1,95
18859,p9444,1,67
18861,p9445,1,90
18862,p9446,1,81
18863,p9447,1,98
18866,p9448,1,28
18868,p9449,1,9
18870,p9450,1,91
18872,p9451,1,27
18874,p9452,1,84
18877,p9453,1,5
18878,p9454,1,77
18879,p9455,1,12
18881,p9456,1,90
18884,p9457,1,68
18885,p9458,1,54
18887,p9459,1,52
18888,p9460,1,60
18891,p9461,1,44
18893,p9462,1,19
18895,p9463,1,44
18896,p9464,1,86
18898,p9465,1,64
18901,p9466,1,86
18903,p9467,1,87
18906,p9468,1,69
18907,p9469,1,77
18909,p9470,1,76
18911,p9471,1,15
18912,p9472,1,22
18913,p9473,1,18
18916,p9474,1,98
18918,p9475,1,44
18920,p9476,1,74
18921,p9477,1,62
18924,p9478,1,51
18926,p9479,1,4
18928,p9480,1,83
18931,p9481,1,55
18932,p9482,1,13
18933,p9483,1,48
18935,p9484,1,26
18938,p9485,1,61
18940,p9486,1,38
18942,p9487,1,57
18945,p9488,1,92
18946,p9489,1,73
18948,p9490,1,42
18951,p9491,1,68
18953,p9492,1,36
18956,p9493,1,54
18957,p9494,1,53
18960,p9495,1,99
18961,p9496,1,15
18964,p9497,1,14
18966,p9498,1,16
18969,p9499,1,8
18972,p9500,1,16
18975,p9501,1,23
18977,p9502,1,77
18978,p9503,1,31
18981,p9504,1,57
18982,p9505,1,56
18984,p9506,1,82
18986,p9507,1,49
18988,p9508,1,80
18991,p9509,1,64
18993,p9510,1,77
18995,p9511,1,6
18996,p9512,1,38
18997,p9513,1,61
18999,p9514,1,89
19001,p9515,1,53
19002,p9516,1,76
19004,p9517,1,18
19005,p9518,1,62
19007,p9519,1,66
19008,p9520,1,33
19011,p9521,1,64
19014,p9522,1,27
19017,p9523,1,69
19020,p9524,1,100
19023,p9525,1,86
19026,p9526,1,66
19027,p9527,1,13
19029,p9528,1,32
19031,p9529,1,8
19033,p9530,1,22
19036,p9531,1,76
19038,p9532,1,94
19040,p9533,1,51
19041,p9534,1,62
19042,p9535,1,60
19044,p9536,1,61
19047,p9537,1,20
19049,p9538,1,60
19050,p9539,1,41
19052,p9540,1,17
19054,p9541,1,61
19055,p9542,1,12
19058,p9543,1,96
19060,p9544,1,81
19061,p9545,1,35
19063,p9546,1,18
19065,p9547,1,31
19066,p9548,1,17
19069,p9549,1,88
19071,p9550,1,25
19073,p9551,1,13
19074,p9552,1,16
19077,p9553,1,76
19078,p9554,1,58
19081,p9555,1,68
19084,p9556,1,66
19085,p9557,1,79
19087,p9558,1,91
19090,p9559,1,52
19093,p9560,1,20
19094,p9561,1,20
19096,p9562,1,24
19098,p9563,1,13
19099,p9564,1,64
19100,p9565,1,94
19101,p9566,1,42
19102,p9567,1,69
19105,p9568,1,71
19106,p9569,1,80
19108,p9570,1,89
19109,p9571,1,4
19112,p9572,1,76
19115,p9573,1,93
19116,p9574,1,89
19118,p9575,1,34
19119,p9576,1,98
19122,p9577,1,47
19124,p9578,1,17
19127,p9579,1,32
19130,p9580,1,23
19133,p9581,1,27
19135,p9582,1,42
19136,p9583,1,42
19139,p9584,1,33
19141,p9585,1,72
19142,p9586,1,16
19144,p9587,1,32
19146,p9588,1,30
19148,p9589,1,10
19151,p9590,1,26
19154,p9591,1,28
19156,p9592,1,11
19158,p9593,1,100
19161,p9594,1,32
19164,p9595,1,25
19165,p9596,1,61
19166,p9597,1,9
19169,p9598,1,77
19170,p9599,1,93
19173,p9600,1,31
19175,p9601,1,12
19178,p9602,1,90
19179,p9603,1,61
19180,p9604,1,91
19182,p9605,1,76
19183,p9606,1,86
19186,p9607,1,2
19189,p9608,1,26
19192,p9609,1,69
19193,p9610,1,47
19194,p9611,1,34
19196,p9612,1,36
19199,p9613,1,54
19202,p9614,1,87
19204,p9615,1,7
19206,p9616,1,62
19208,p9617,1,91
19209,p9618,1,8
19211,p9619,1,100
19214,p9620,1,29
19216,p9621,1,88
19219,p9622,1,30
19220,p9623,1,50
19223,p9624,1,98
19226,p9625,1,17
19227,p9626,1,77
19228,p9627,1,5
19230,p9628,1,10
19231,p9629,1,74
19232,p9630,1,49
19233,p9631,1,86
19235,p9632,1,9
19238,p9633,1,8
19240,p9634,1,12
19243,p9635,1,88
19244,p9636,1,36
19245,p9637,1,11
19248,p9638,1,18
19251,p9639,1,90
19254,p9640,1,58
19256,p9641,1,81
19259,p9642,1,79
19261,p9643,1,81
19264,p9644,1,69
19265,p9645,1,26
19267,p9646,1,83
19268,p9647,1,16
19270,p9648,1,97
19273,p9649,1,12
19276,p9650,1,71
19279,p9651,1,60
19280,p9652,1,57
19281,p9653,1,31
19282,p9654,1,93
19283,p9655,1,13
19286,p9656,1,53
19289,p9657,1,78
19290,p9658,1,59
19291,p9659,1,35
19292,p9660,1,60
19293,p9661,1,23
19296,p9662,1,77
19297,p9663,1,35
19300,p9664,1,86
19301,p9665,1,41
19302,p9666,1,61
19304,p9667,1,72
19305,p9668,1,80
19306,p9669,1,87
19307,p9670,1,59
19309,p9671,1,45
19310,p9672,1,51
19313,p9673,1,85
19316,p9674,1,78
19317,p9675,1,8
19320,p9676,1,67
19322,p9677,1,95
19324,p9678,1,48
19327,p9679,1,46
19330,p9680,1,40
19332,p9681,1,78
19334,p9682,1,22
19337,p9683,1,80
19340,p9684,1,89
19343,p9685,1,63
19344,p9686,1,43
19346,p9687,1,16
19348,p9688,1,59
19351,p9689,1,76
19352,p9690,1,70
19353,p9691,1,27
19354,p9692,1,49
19357,p9693,1,33
19359,p9694,1,12
19361,p9695,1,48
19363,p9696,1,91
19364,p9697,1,86
19366,p9698,1,21
19367,p9699,1,81
19369,p9700,1,68
19370,p9701,1,21
19372,p9702,1,35
19375,p9703,1,7
19376,p9704,1,50
19377,p9705,1,89
19380,p9706,1,20
19382,p9707,1,17
19384,p9708,1,8
19386,p9709,1,73
19387,p9710,1,42
19389,p9711,1,16
19390,p9712,1,41
19393,p9713,1,37
19394,p9714,1,35
19395,p9715,1,89
19397,p9716,1,10
19400,p9717,1,100
19401,p9718,1,17
19404,p9719,1,91
19407,p9720,1,95
19409,p9721,1,90
19412,p9722,1,99
19413,p9723,1,41
19416,p9724,1,83
19419,p9725,1,16
19420,p9726,1,52
19423,p9727,1,61
19424,p9728,1,85
19425,p9729,1,5
19428,p9730,1,93
19430,p9731,1,54
19433,p9732,1,23
19436,p9733,1,67
19437,p9734,1,58
19439,p9735,1,96
19440,p9736,1,61
19443,p9737,1,99
19444,p9738,1,87
19445,p9739,1,22
19448,p9740,1,30
19451,p9741,1,47
19454,p9742,1,50
19457,p9743,1,69
19458,p9744,1,5
19459,p9745,1,19
19461,p9746,1,84
19463,p9747,1,45
19464,p9748,1,98
19466,p9749,1,68
19467,p9750,1,57
19469,p9751,1,77
19470,p9752,1,21
19473,p9753,1,37
19475,p9754,1,38
19476,p9755,1,92
19478,p9756,1,57
19481,p9757,1,27
19484,p9758,1,27
19487,p9759,1,30
19488,p9760,1,34
19489,p9761,1,58
19492,p9762,1,3
19495,p9763,1,46
19496,p9764,1,74
19499,p9765,1,2
19500,p9766,1,30
19503,p9767,1,39
19506,p9768,1,46
19507,p9769,1,100
19510,p9770,1,94
19511,p9771,1,43
19514,p9772,1,95
19517,p9773,1,50
19518,p9774,1,45
19521,p9775,1,28
19524,p9776,1,64
19525,p9777,1,41
19527,p9778,1,47
19529,p9779,1,96
19530,p9780,1,94
19531,p9781,1,80
19532,p9782,1,40
19533,p9783,1,21
19535,p9784,1,97
19537,p9785,1,50
19540,p9786,1,20
19543,p9787,1,20
19544,p9788,1,97
19546,p9789,1,37
19549,p9790,1,2
19550,p9791,1,93
19553,p9792,1,39
19554,p9793,1,88
19556,p9794,1,81
19558,p9795,1,94
19560,p9796,1,23
19563,p9797,1,71
19565,p9798,1,11
19568,p9799,1,33
19569,p9800,1,45
19570,p9801,1,58
19571,p9802,1,87
19574,p9803,1,80
19577,p9804,1,62
19578,p9805,1,21
19579,p9806,1,100
19582,p9807,1,36
19585,p9808,1,27
19587,p9809,1,55
19588,p9810,1,46
19591,p9811,1,54
19592,p9812,1,41
19594,p9813,1,36
19597,p9814,1,55
19600,p9815,1,76
19602,p9816,1,9
19605,p9817,1,5
19606,p9818,1,2
19609,p9819,1,43
19610,p9820,1,30
19613,p9821,1,24
19616,p9822,1,26
19617,p9823,1,16
19619,p9824,1,88
19620,p9825,1,85
19623,p9826,1,48
19625,p9827,1,33
19627,p9828,1,77
19628,p9829,1,26
19629,p9830,1,55
19632,p9831,1,88
19634,p9832,1,71
19635,p9833,1,29
19636,p9834,1,70
19638,p9835,1,70
19639,p9836,1,98
19642,p9837,1,32
19643,p9838,1,40
19645,p9839,1,43
19648,p9840,1,48
19649,p9841,1,24
19652,p9842,1,83
19653,p9843,1,11
19656,p9844,1,80
19659,p9845,1,89
19660,p9846,1,14
19661,p9847,1,58
19662,p9848,1,5
19664,p9849,1,66
19666,p9850,1,96
19668,p9851,1,72
19670,p9852,1,81
19673,p9853,1,65
19674,p9854,1,55
19677,p9855,1,26
19678,p9856,1,13
19679,p9857,1,45
19682,p9858,1,86
19685,p9859,1,63
19687,p9860,1,82
19689,p9861,1,61
19690,p9862,1,58
19692,p9863,1,10
19695,p9864,1,55
19696,p9865,1,23
19697,p9866,1,93
19698,p9867,1,38
19699,p9868,1,81
19701,p9869,1,7
19703,p9870,1,73
19706,p9871,1,65
19707,p9872,1,55
19708,p9873,1,66
19710,p9874,1,71
19712,p9875,1,44
19713,p9876,1,77
19715,p9877,1,15
19718,p9878,1,42
19719,p9879,1,10
19720,p9880,1,44
19723,p9881,1,23
19724,p9882,1,99
19727,p9883,1,7
19728,p9884,1,47
19729,p9885,1,70
19730,p9886,1,80
19731,p9887,1,89
19732,p9888,1,63
19733,p9889,1,3
19734,p9890,1,20
19735,p9891,1,45
19738,p9892,1,12
19741,p9893,1,84
19744,p9894,1,48
19747,p9895,1,66
19748,p9896,1,98
19749,p9897,1,25
19751,p9898,1,10
19753,p9899,1,32
19756,p9900,1,90
19757,p9901,1,44
19758,p9902,1,81
19759,p9903,1,79
19760,p9904,1,40
19761,p9905,1,32
19763,p9906,1,51
19765,p9907,1,13
19768,p9908,1,32
19770,p9909,1,12
19773,p9910,1,26
19775,p9911,1,36
19776,p9912,1,42
19777,p9913,1,11
19780,p9914,1,87
19782,p9915,1,5
19783,p9916,1,26
19785,p9917,1,30
19787,p9918,1,100
19789,p9919,1,5
19790,p9920,1,38
19791,p9921,1,84
19793,p9922,1,25
19794,p9923,1,61
19797,p9924,1,61
19800,p9925,1,61
19803,p9926,1,34
19806,p9927,1,67
19809,p9928,1,33
19812,p9929,1,58
19815,p9930,1,45
19818,p9931,1,95
19821,p9932,1,31
19824,p9933,1,50
19826,p9934,1,84
19829,p9935,1,78
19830,p9936,1,20
19833,p9937,1,11
19836,p9938,1,85
19837,p9939,1,88
19840,p9940,1,91
19842,p9941,1,50
19843,p9942,1,72
19846,p9943,1,71
19848,p9944,1,85
19851,p9945,1,84
19852,p9946,1,53
19855,p9947,1,43
19858,p9948,1,21
19859,p9949,1,34
19861,p9950,1,52
19864,p9951,1,56
19865,p9952,1,38
19866,p9953,1,62
19867,p9954,1,56
19869,p9955,1,46
19870,p9956,1,5
19871,p9957,1,86
19872,p9958,1,97
19874,p9959,1,93
19875,p9960,1,36
19877,p9961,1,7
19879,p9962,1,56
19880,p9963,1,40
19883,p9964,1,69
19886,p9965,1,9
19889,p9966,1,76
19892,p9967,1,3
19893,p9968,1,37
19896,p9969,1,76
19897,p9970,1,93
19898,p9971,1,18
19901,p9972,1,90
19904,p9973,1,63
19905,p9974,1,59
19907,p9975,1,69
19908,p9976,1,13
19910,p9977,1,38
19911,p9978,1,7
19912,p9979,1,46
19915,p9980,1,45
19916,p9981,1,45
19919,p9982,1,7
19921,p9983,1,81
19923,p9984,1,54
19925,p9985,1,63
19927,p9986,1,58
19930,p9987,1,76
19931,p9988,1,86
19933,p9989,1,22
19935,p9990,1,39
19936,p9991,1,34
19937,p9992,1,49
19940,p9993,1,89
19943,p9994,1,80
19945,p9995,1,88
19947,p9996,1,62
19949,p9997,1,52
19952,p9998,1,63
19953,p9999,1,31
