time,id,source,dest
0,p0,1,34
0,p1,1,26
0,p2,1,25
0,p3,1,9
0,p4,1,58
0,p5,1,34
0,p6,1,9
0,p7,1,42
0,p8,1,74
0,p9,1,90
0,p10,1,79
0,p11,1,4
0,p12,1,13
0,p13,1,59
0,p14,1,95
0,p15,1,45
0,p16,1,71
0,p17,1,17
0,p18,1,94
0,p19,1,17
0,p20,1,93
0,p21,1,55
0,p22,1,53
0,p23,1,83
0,p24,1,56
0,p25,1,7
0,p26,1,9
0,p27,1,21
0,p28,1,48
0,p29,1,100
0,p30,1,12
0,p31,1,10
0,p32,1,87
0,p33,1,29
0,p34,1,69
0,p35,1,92
0,p36,1,63
0,p37,1,61
0,p38,1,95
0,p39,1,5
0,p40,1,69
0,p41,1,81
0,p42,1,88
0,p43,1,90
0,p44,1,98
0,p45,1,38
0,p46,1,54
0,p47,1,79
0,p48,1,22
0,p49,1,15
0,p50,1,16
0,p51,1,22
0,p52,1,45
0,p53,1,81
0,p54,1,70
0,p55,1,9
0,p56,1,7
0,p57,1,68
0,p58,1,23
0,p59,1,37
0,p60,1,17
0,p61,1,40
0,p62,1,80
0,p63,1,21
0,p64,1,87
0,p65,1,97
0,p66,1,58
0,p67,1,52
0,p68,1,91
0,p69,1,97
0,p70,1,90
0,p71,1,78
0,p72,1,90
0,p73,1,75
0,p74,1,26
0,p75,1,100
0,p76,1,22
0,p77,1,38
0,p78,1,10
0,p79,1,50
0,p80,1,51
0,p81,1,75
0,p82,1,46
0,p83,1,73
0,p84,1,34
0,p85,1,98
0,p86,1,23
0,p87,1,16
0,p88,1,70
0,p89,1,17
0,p90,1,56
0,p91,1,46
0,p92,1,80
0,p93,1,5
0,p94,1,15
0,p95,1,92
0,p96,1,16
0,p97,1,64
0,p98,1,59
0,p99,1,58
0,p100,1,11
0,p101,1,85
0,p102,1,12
0,p103,1,68
0,p104,1,95
0,p105,1,47
0,p106,1,45
0,p107,1,30
0,p108,1,2
0,p109,1,95
0,p110,1,32
0,p111,1,54
0,p112,1,49
0,p113,1,80
0,p114,1,55
0,p115,1,67
0,p116,1,53
0,p117,1,46
0,p118,1,34
0,p119,1,24
0,p120,1,38
0,p121,1,59
0,p122,1,21
0,p123,1,44
0,p124,1,38
0,p125,1,18
0,p126,1,55
0,p127,1,47
0,p128,1,86
0,p129,1,64
0,p130,1,62
0,p131,1,54
0,p132,1,97
0,p133,1,34
0,p134,1,13
0,p135,1,89
0,p136,1,60
0,p137,1,45
0,p138,1,27
0,p139,1,41
0,p140,1,48
0,p141,1,84
0,p142,1,70
0,p143,1,6
0,p144,1,6
0,p145,1,99
0,p146,1,32
0,p147,1,50
0,p148,1,24
0,p149,1,49
0,p150,1,16
0,p151,1,4
0,p152,1,99
0,p153,1,47
0,p154,1,64
0,p155,1,13
0,p156,1,67
0,p157,1,55
0,p158,1,24
0,p159,1,86
0,p160,1,53
0,p161,1,87
0,p162,1,11
0,p163,1,53
0,p164,1,19
0,p165,1,51
0,p166,1,55
0,p167,1,13
0,p168,1,26
0,p169,1,19
0,p170,1,91
0,p171,1,15
0,p172,1,14
0,p173,1,6
0,p174,1,29
0,p175,1,19
0,p176,1,83
0,p177,1,73
0,p178,1,35
0,p179,1,82
0,p180,1,19
0,p181,1,5
0,p182,1,62
0,p183,1,24
0,p184,1,39
0,p185,1,76
0,p186,1,100
0,p187,1,78
0,p188,1,43
0,p189,1,49
0,p190,1,37
0,p191,1,74
0,p192,1,62
0,p193,1,70
0,p194,1,48
0,p195,1,49
0,p196,1,62
0,p197,1,3
0,p198,1,69
0,p199,1,100
0,p200,1,86
0,p201,1,38
0,p202,1,66
0,p203,1,95
0,p204,1,47
0,p205,1,53
0,p206,1,52
0,p207,1,67
0,p208,1,47
0,p209,1,19
0,p210,1,49
0,p211,1,10
0,p212,1,56
0,p213,1,40
0,p214,1,27
0,p215,1,5
0,p216,1,55
0,p217,1,92
0,p218,1,89
0,p219,1,39
0,p220,1,28
0,p221,1,93
0,p222,1,45
0,p223,1,90
0,p224,1,34
0,p225,1,45
0,p226,1,70
0,p227,1,52
0,p228,1,43
0,p229,1,69
0,p230,1,79
0,p231,1,90
0,p232,1,30
0,p233,1,74
0,p234,1,4
0,p235,1,55
0,p236,1,29
0,p237,1,21
0,p238,1,31
0,p239,1,64
0,p240,1,11
0,p241,1,15
0,p242,1,31
0,p243,1,77
0,p244,1,25
0,p245,1,64
0,p246,1,92
0,p247,1,94
0,p248,1,50
0,p249,1,12
0,p250,1,34
0,p251,1,12
0,p252,1,23
0,p253,1,99
0,p254,1,34
0,p255,1,60
0,p256,1,69
0,p257,1,56
0,p258,1,72
0,p259,1,43
0,p260,1,60
0,p261,1,77
0,p262,1,81
0,p263,1,8
0,p264,1,3
0,p265,1,71
0,p266,1,31
0,p267,1,26
0,p268,1,58
0,p269,1,90
0,p270,1,22
0,p271,1,19
0,p272,1,14
0,p273,1,21
0,p274,1,50
0,p275,1,30
0,p276,1,82
0,p277,1,35
0,p278,1,73
0,p279,1,77
0,p280,1,91
0,p281,1,14
0,p282,1,22
0,p283,1,49
0,p284,1,35
0,p285,1,73
0,p286,1,96
0,p287,1,54
0,p288,1,18
0,p289,1,80
0,p290,1,76
0,p291,1,82
0,p292,1,56
0,p293,1,86
0,p294,1,17
0,p295,1,52
0,p296,1,81
0,p297,1,11
0,p298,1,18
0,p299,1,64
0,p300,1,71
0,p301,1,99
0,p302,1,6
0,p303,1,28
0,p304,1,86
0,p305,1,3
0,p306,1,93
0,p307,1,9
0,p308,1,80
0,p309,1,75
0,p310,1,18
0,p311,1,91
0,p312,1,46
0,p313,1,87
0,p314,1,21
0,p315,1,38
0,p316,1,26
0,p317,1,72
0,p318,1,79
0,p319,1,6
0,p320,1,78
0,p321,1,84
0,p322,1,72
0,p323,1,57
0,p324,1,44
0,p325,1,23
0,p326,1,42
0,p327,1,4
0,p328,1,94
0,p329,1,42
0,p330,1,75
0,p331,1,14
0,p332,1,51
0,p333,1,74
0,p334,1,7
0,p335,1,7
0,p336,1,27
0,p337,1,69
0,p338,1,2
0,p339,1,55
0,p340,1,61
0,p341,1,79
0,p342,1,73
0,p343,1,68
0,p344,1,59
0,p345,1,93
0,p346,1,26
0,p347,1,45
0,p348,1,83
0,p349,1,4
0,p350,1,78
0,p351,1,12
0,p352,1,84
0,p353,1,66
0,p354,1,19
0,p355,1,73
0,p356,1,53
0,p357,1,29
0,p358,1,44
0,p359,1,71
0,p360,1,28
0,p361,1,88
0,p362,1,77
0,p363,1,29
0,p364,1,89
0,p365,1,11
0,p366,1,85
0,p367,1,52
0,p368,1,52
0,p369,1,41
0,p370,1,44
0,p371,1,22
0,p372,1,70
0,p373,1,8
0,p374,1,40
0,p375,1,67
0,p376,1,6
0,p377,1,76
0,p378,1,38
0,p379,1,94
0,p380,1,11
0,p381,1,55
0,p382,1,3
0,p383,1,27
0,p384,1,72
0,p385,1,21
0,p386,1,68
0,p387,1,23
0,p388,1,48
0,p389,1,9
0,p390,1,58
0,p391,1,60
0,p392,1,23
0,p393,1,2
0,p394,1,91
0,p395,1,24
0,p396,1,60
0,p397,1,83
0,p398,1,12
0,p399,1,53
0,p400,1,39
0,p401,1,54
0,p402,1,41
0,p403,1,37
0,p404,1,77
0,p405,1,65
0,p406,1,9
0,p407,1,40
0,p408,1,95
0,p409,1,81
0,p410,1,42
0,p411,1,55
0,p412,1,4
0,p413,1,12
0,p414,1,96
0,p415,1,17
0,p416,1,30
0,p417,1,97
0,p418,1,93
0,p419,1,85
0,p420,1,44
0,p421,1,22
0,p422,1,41
0,p423,1,22
0,p424,1,11
0,p425,1,72
0,p426,1,64
0,p427,1,42
0,p428,1,20
0,p429,1,89
0,p430,1,2
0,p431,1,6
0,p432,1,18
0,p433,1,16
0,p434,1,28
0,p435,1,71
0,p436,1,3
0,p437,1,26
0,p438,1,28
0,p439,1,20
0,p440,1,51
0,p441,1,33
0,p442,1,90
0,p443,1,33
0,p444,1,86
0,p445,1,32
0,p446,1,76
0,p447,1,67
0,p448,1,58
0,p449,1,6
0,p450,1,88
0,p451,1,67
0,p452,1,39
0,p453,1,16
0,p454,1,16
0,p455,1,25
0,p456,1,46
0,p457,1,55
0,p458,1,35
0,p459,1,6
0,p460,1,32
0,p461,1,8
0,p462,1,61
0,p463,1,23
0,p464,1,76
0,p465,1,10
0,p466,1,31
0,p467,1,22
0,p468,1,30
0,p469,1,14
0,p470,1,73
0,p471,1,90
0,p472,1,47
0,p473,1,42
0,p474,1,12
0,p475,1,77
0,p476,1,83
0,p477,1,91
0,p478,1,100
0,p479,1,93
0,p480,1,92
0,p481,1,51
0,p482,1,82
0,p483,1,96
0,p484,1,71
0,p485,1,24
0,p486,1,73
0,p487,1,90
0,p488,1,50
0,p489,1,68
0,p490,1,2
0,p491,1,65
0,p492,1,88
0,p493,1,9
0,p494,1,46
0,p495,1,59
0,p496,1,33
0,p497,1,3
0,p498,1,93
0,p499,1,56
0,p500,1,63
0,p501,1,100
0,p502,1,47
0,p503,1,69
0,p504,1,91
0,p505,1,92
0,p506,1,85
0,p507,1,82
0,p508,1,22
0,p509,1,5
0,p510,1,31
0,p511,1,31
0,p512,1,27
0,p513,1,15
0,p514,1,45
0,p515,1,59
0,p516,1,52
0,p517,1,53
0,p518,1,82
0,p519,1,10
0,p520,1,83
0,p521,1,53
0,p522,1,97
0,p523,1,97
0,p524,1,19
0,p525,1,84
0,p526,1,27
0,p527,1,26
0,p528,1,58
0,p529,1,75
0,p530,1,80
0,p531,1,24
0,p532,1,59
0,p533,1,8
0,p534,1,86
0,p535,1,34
0,p536,1,36
0,p537,1,4
0,p538,1,9
0,p539,1,60
0,p540,1,78
0,p541,1,64
0,p542,1,95
0,p543,1,71
0,p544,1,49
0,p545,1,82
0,p546,1,60
0,p547,1,91
0,p548,1,64
0,p549,1,20
0,p550,1,74
0,p551,1,91
0,p552,1,28
0,p553,1,25
0,p554,1,71
0,p555,1,86
0,p556,1,100
0,p557,1,36
0,p558,1,41
0,p559,1,21
0,p560,1,82
0,p561,1,34
0,p562,1,83
0,p563,1,20
0,p564,1,68
0,p565,1,59
0,p566,1,72
0,p567,1,5
0,p568,1,84
0,p569,1,15
0,p570,1,9
0,p571,1,79
0,p572,1,47
0,p573,1,75
0,p574,1,99
0,p575,1,29
0,p576,1,32
0,p577,1,15
0,p578,1,57
0,p579,1,11
0,p580,1,50
0,p581,1,55
0,p582,1,61
0,p583,1,19
0,p584,1,77
0,p585,1,11
0,p586,1,32
0,p587,1,40
0,p588,1,78
0,p589,1,77
0,p590,1,46
0,p591,1,63
0,p592,1,5
0,p593,1,86
0,p594,1,67
0,p595,1,70
0,p596,1,78
0,p597,1,52
0,p598,1,30
0,p599,1,33
0,p600,1,64
0,p601,1,88
0,p602,1,42
0,p603,1,68
0,p604,1,65
0,p605,1,38
0,p606,1,31
0,p607,1,58
0,p608,1,42
0,p609,1,73
0,p610,1,67
0,p611,1,22
0,p612,1,78
0,p613,1,58
0,p614,1,78
0,p615,1,6
0,p616,1,62
0,p617,1,8
0,p618,1,75
0,p619,1,66
0,p620,1,66
0,p621,1,87
0,p622,1,83
0,p623,1,86
0,p624,1,23
0,p625,1,47
0,p626,1,5
0,p627,1,44
0,p628,1,66
0,p629,1,34
0,p630,1,58
0,p631,1,90
0,p632,1,47
0,p633,1,15
0,p634,1,64
0,p635,1,97
0,p636,1,67
0,p637,1,43
0,p638,1,25
0,p639,1,49
0,p640,1,75
0,p641,1,41
0,p642,1,67
0,p643,1,59
0,p644,1,64
0,p645,1,8
0,p646,1,79
0,p647,1,54
0,p648,1,48
0,p649,1,84
0,p650,1,52
0,p651,1,69
0,p652,1,99
0,p653,1,57
0,p654,1,28
0,p655,1,45
0,p656,1,74
0,p657,1,47
0,p658,1,100
0,p659,1,95
0,p660,1,78
0,p661,1,57
0,p662,1,84
0,p663,1,21
0,p664,1,63
0,p665,1,78
0,p666,1,43
0,p667,1,92
0,p668,1,4
0,p669,1,60
0,p670,1,33
0,p671,1,82
0,p672,1,14
0,p673,1,51
0,p674,1,82
0,p675,1,87
0,p676,1,39
0,p677,1,78
0,p678,1,68
0,p679,1,88
0,p680,1,25
0,p681,1,36
0,p682,1,55
0,p683,1,92
0,p684,1,76
0,p685,1,57
0,p686,1,42
0,p687,1,86
0,p688,1,34
0,p689,1,81
0,p690,1,86
0,p691,1,83
0,p692,1,60
0,p693,1,98
0,p694,1,49
0,p695,1,24
0,p696,1,94
0,p697,1,73
0,p698,1,8
0,p699,1,76
0,p700,1,92
0,p701,1,3
0,p702,1,50
0,p703,1,12
0,p704,1,73
0,p705,1,88
0,p706,1,18
0,p707,1,4
0,p708,1,6
0,p709,1,34
0,p710,1,53
0,p711,1,61
0,p712,1,32
0,p713,1,13
0,p714,1,30
0,p715,1,95
0,p716,1,59
0,p717,1,80
0,p718,1,94
0,p719,1,37
0,p720,1,60
0,p721,1,7
0,p722,1,27
0,p723,1,26
0,p724,1,4
0,p725,1,58
0,p726,1,23
0,p727,1,56
0,p728,1,2
0,p729,1,14
0,p730,1,33
0,p731,1,74
0,p732,1,5
0,p733,1,53
0,p734,1,78
0,p735,1,35
0,p736,1,71
0,p737,1,96
0,p738,1,61
0,p739,1,38
0,p740,1,14
0,p741,1,22
0,p742,1,57
0,p743,1,58
0,p744,1,84
0,p745,1,2
0,p746,1,34
0,p747,1,18
0,p748,1,25
0,p749,1,4
0,p750,1,42
0,p751,1,43
0,p752,1,4
0,p753,1,55
0,p754,1,10
0,p755,1,66
0,p756,1,41
0,p757,1,18
0,p758,1,93
0,p759,1,99
0,p760,1,5
0,p761,1,47
0,p762,1,80
0,p763,1,60
0,p764,1,94
0,p765,1,10
0,p766,1,96
0,p767,1,37
0,p768,1,89
0,p769,1,74
0,p770,1,86
0,p771,1,6
0,p772,1,33
0,p773,1,41
0,p774,1,66
0,p775,1,78
0,p776,1,80
0,p777,1,81
0,p778,1,37
0,p779,1,88
0,p780,1,51
0,p781,1,9
0,p782,1,10
0,p783,1,54
0,p784,1,95
0,p785,1,29
0,p786,1,29
0,p787,1,96
0,p788,1,54
0,p789,1,49
0,p790,1,64
0,p791,1,90
0,p792,1,36
0,p793,1,84
0,p794,1,83
0,p795,1,94
0,p796,1,92
0,p797,1,98
0,p798,1,29
0,p799,1,56
0,p800,1,9
0,p801,1,25
0,p802,1,17
0,p803,1,75
0,p804,1,53
0,p805,1,96
0,p806,1,47
0,p807,1,50
0,p808,1,9
0,p809,1,71
0,p810,1,46
0,p811,1,98
0,p812,1,88
0,p813,1,45
0,p814,1,36
0,p815,1,36
0,p816,1,96
0,p817,1,54
0,p818,1,13
0,p819,1,36
0,p820,1,95
0,p821,1,19
0,p822,1,90
0,p823,1,25
0,p824,1,6
0,p825,1,49
0,p826,1,92
0,p827,1,67
0,p828,1,36
0,p829,1,50
0,p830,1,26
0,p831,1,38
0,p832,1,58
0,p833,1,62
0,p834,1,32
0,p835,1,86
0,p836,1,10
0,p837,1,61
0,p838,1,49
0,p839,1,91
0,p840,1,85
0,p841,1,100
0,p842,1,54
0,p843,1,92
0,p844,1,69
0,p845,1,11
0,p846,1,20
0,p847,1,44
0,p848,1,42
0,p849,1,18
0,p850,1,87
0,p851,1,43
0,p852,1,93
0,p853,1,20
0,p854,1,70
0,p855,1,33
0,p856,1,70
0,p857,1,28
0,p858,1,26
0,p859,1,50
0,p860,1,10
0,p861,1,80
0,p862,1,73
0,p863,1,17
0,p864,1,93
0,p865,1,60
0,p866,1,99
0,p867,1,5
0,p868,1,34
0,p869,1,59
0,p870,1,87
0,p871,1,36
0,p872,1,56
0,p873,1,82
0,p874,1,35
0,p875,1,74
0,p876,1,64
0,p877,1,25
0,p878,1,26
0,p879,1,54
0,p880,1,34
0,p881,1,50
0,p882,1,14
0,p883,1,4
0,p884,1,71
0,p885,1,8
0,p886,1,94
0,p887,1,55
0,p888,1,9
0,p889,1,5
0,p890,1,57
0,p891,1,56
0,p892,1,49
0,p893,1,96
0,p894,1,58
0,p895,1,96
0,p896,1,93
0,p897,1,3
0,p898,1,8
0,p899,1,52
0,p900,1,93
0,p901,1,21
0,p902,1,92
0,p903,1,10
0,p904,1,90
0,p905,1,22
0,p906,1,74
0,p907,1,96
0,p908,1,2
0,p909,1,15
0,p910,1,69
0,p911,1,21
0,p912,1,76
0,p913,1,23
0,p914,1,86
0,p915,1,85
0,p916,1,6
0,p917,1,37
0,p918,1,61
0,p919,1,62
0,p920,1,53
0,p921,1,14
0,p922,1,4
0,p923,1,95
0,p924,1,28
0,p925,1,56
0,p926,1,56
0,p927,1,5
0,p928,1,48
0,p929,1,24
0,p930,1,11
0,p931,1,27
0,p932,1,19
0,p933,1,68
0,p934,1,89
0,p935,1,58
0,p936,1,24
0,p937,1,7
0,p938,1,97
0,p939,1,79
0,p940,1,53
0,p941,1,20
0,p942,1,76
0,p943,1,65
0,p944,1,86
0,p945,1,39
0,p946,1,98
0,p947,1,42
0,p948,1,44
0,p949,1,80
0,p950,1,56
0,p951,1,70
0,p952,1,66
0,p953,1,49
0,p954,1,100
0,p955,1,66
0,p956,1,80
0,p957,1,18
0,p958,1,30
0,p959,1,13
0,p960,1,61
0,p961,1,13
0,p962,1,30
0,p963,1,88
0,p964,1,81
0,p965,1,44
0,p966,1,9
0,p967,1,83
0,p968,1,15
0,p969,1,39
0,p970,1,20
0,p971,1,80
0,p972,1,98
0,p973,1,83
0,p974,1,9
0,p975,1,90
0,p976,1,87
0,p977,1,22
0,p978,1,56
0,p979,1,5
0,p980,1,11
0,p981,1,100
0,p982,1,81
0,p983,1,42
0,p984,1,75
0,p985,1,57
0,p986,1,9
0,p987,1,100
0,p988,1,16
0,p989,1,6
0,p990,1,74
0,p991,1,94
0,p992,1,30
0,p993,1,33
0,p994,1,44
0,p995,1,28
0,p996,1,29
0,p997,1,6
0,p998,1,52
0,p999,1,49
0,p1000,1,87
0,p1001,1,27
0,p1002,1,39
0,p1003,1,72
0,p1004,1,71
0,p1005,1,44
0,p1006,1,67
0,p1007,1,23
0,p1008,1,67
0,p1009,1,80
0,p1010,1,18
0,p1011,1,72
0,p1012,1,70
0,p1013,1,55
0,p1014,1,74
0,p1015,1,21
0,p1016,1,50
0,p1017,1,70
0,p1018,1,2
0,p1019,1,57
0,p1020,1,29
0,p1021,1,79
0,p1022,1,63
0,p1023,1,61
0,p1024,1,74
0,p1025,1,33
0,p1026,1,85
0,p1027,1,54
0,p1028,1,19
0,p1029,1,42
0,p1030,1,44
0,p1031,1,93
0,p1032,1,65
0,p1033,1,9
0,p1034,1,65
0,p1035,1,69
0,p1036,1,77
0,p1037,1,91
0,p1038,1,4
0,p1039,1,74
0,p1040,1,57
0,p1041,1,20
0,p1042,1,41
0,p1043,1,8
0,p1044,1,35
0,p1045,1,98
0,p1046,1,52
0,p1047,1,40
0,p1048,1,59
0,p1049,1,69
0,p1050,1,43
0,p1051,1,89
0,p1052,1,12
0,p1053,1,100
0,p1054,1,65
0,p1055,1,61
0,p1056,1,84
0,p1057,1,21
0,p1058,1,87
0,p1059,1,4
0,p1060,1,51
0,p1061,1,89
0,p1062,1,97
0,p1063,1,91
0,p1064,1,50
0,p1065,1,54
0,p1066,1,30
0,p1067,1,42
0,p1068,1,47
0,p1069,1,61
0,p1070,1,20
0,p1071,1,22
0,p1072,1,85
0,p1073,1,4
0,p1074,1,91
0,p1075,1,24
0,p1076,1,69
0,p1077,1,11
0,p1078,1,97
0,p1079,1,5
0,p1080,1,98
0,p1081,1,39
0,p1082,1,28
0,p1083,1,64
0,p1084,1,55
0,p1085,1,80
0,p1086,1,22
0,p1087,1,11
0,p1088,1,54
0,p1089,1,23
0,p1090,1,75
0,p1091,1,62
0,p1092,1,95
0,p1093,1,12
0,p1094,1,67
0,p1095,1,37
0,p1096,1,90
0,p1097,1,26
0,p1098,1,33
0,p1099,1,14
0,p1100,1,98
0,p1101,1,100
0,p1102,1,51
0,p1103,1,70
0,p1104,1,14
0,p1105,1,27
0,p1106,1,14
0,p1107,1,88
0,p1108,1,30
0,p1109,1,41
0,p1110,1,57
0,p1111,1,37
0,p1112,1,74
0,p1113,1,72
0,p1114,1,24
0,p1115,1,3
0,p1116,1,47
0,p1117,1,80
0,p1118,1,77
0,p1119,1,8
0,p1120,1,50
0,p1121,1,94
0,p1122,1,19
0,p1123,1,30
0,p1124,1,31
0,p1125,1,30
0,p1126,1,83
0,p1127,1,3
0,p1128,1,58
0,p1129,1,17
0,p1130,1,44
0,p1131,1,65
0,p1132,1,53
0,p1133,1,86
0,p1134,1,6
0,p1135,1,33
0,p1136,1,16
0,p1137,1,32
0,p1138,1,63
0,p1139,1,97
0,p1140,1,67
0,p1141,1,82
0,p1142,1,86
0,p1143,1,8
0,p1144,1,27
0,p1145,1,39
0,p1146,1,22
0,p1147,1,5
0,p1148,1,100
0,p1149,1,20
0,p1150,1,97
0,p1151,1,33
0,p1152,1,31
0,p1153,1,48
0,p1154,1,34
0,p1155,1,40
0,p1156,1,88
0,p1157,1,34
0,p1158,1,18
0,p1159,1,43
0,p1160,1,59
0,p1161,1,79
0,p1162,1,20
0,p1163,1,3
0,p1164,1,31
0,p1165,1,7
0,p1166,1,36
0,p1167,1,86
0,p1168,1,33
0,p1169,1,73
0,p1170,1,80
0,p1171,1,95
0,p1172,1,92
0,p1173,1,35
0,p1174,1,80
0,p1175,1,82
0,p1176,1,49
0,p1177,1,11
0,p1178,1,6
0,p1179,1,5
0,p1180,1,22
0,p1181,1,56
0,p1182,1,11
0,p1183,1,31
0,p1184,1,88
0,p1185,1,87
0,p1186,1,35
0,p1187,1,25
0,p1188,1,37
0,p1189,1,59
0,p1190,1,100
0,p1191,1,58
0,p1192,1,48
0,p1193,1,21
0,p1194,1,29
0,p1195,1,15
0,p1196,1,24
0,p1197,1,17
0,p1198,1,40
0,p1199,1,27
0,p1200,1,70
0,p1201,1,74
0,p1202,1,17
0,p1203,1,100
0,p1204,1,54
0,p1205,1,71
0,p1206,1,17
0,p1207,1,50
0,p1208,1,43
0,p1209,1,24
0,p1210,1,67
0,p1211,1,14
0,p1212,1,65
0,p1213,1,43
0,p1214,1,20
0,p1215,1,4
0,p1216,1,41
0,p1217,1,68
0,p1218,1,49
0,p1219,1,27
0,p1220,1,30
0,p1221,1,16
0,p1222,1,30
0,p1223,1,93
0,p1224,1,81
0,p1225,1,21
0,p1226,1,39
0,p1227,1,54
0,p1228,1,42
0,p1229,1,80
0,p1230,1,88
0,p1231,1,72
0,p1232,1,19
0,p1233,1,42
0,p1234,1,33
0,p1235,1,97
0,p1236,1,54
0,p1237,1,78
0,p1238,1,51
0,p1239,1,32
0,p1240,1,66
0,p1241,1,89
0,p1242,1,14
0,p1243,1,19
0,p1244,1,28
0,p1245,1,64
0,p1246,1,81
0,p1247,1,38
0,p1248,1,75
0,p1249,1,66
0,p1250,1,66
0,p1251,1,3
0,p1252,1,48
0,p1253,1,70
0,p1254,1,24
0,p1255,1,47
0,p1256,1,36
0,p1257,1,68
0,p1258,1,50
0,p1259,1,80
0,p1260,1,5
0,p1261,1,61
0,p1262,1,76
0,p1263,1,55
0,p1264,1,84
0,p1265,1,85
0,p1266,1,44
0,p1267,1,41
0,p1268,1,30
0,p1269,1,79
0,p1270,1,34
0,p1271,1,28
0,p1272,1,58
0,p1273,1,72
0,p1274,1,25
0,p1275,1,9
0,p1276,1,66
0,p1277,1,13
0,p1278,1,85
0,p1279,1,89
0,p1280,1,19
0,p1281,1,43
0,p1282,1,60
0,p1283,1,31
0,p1284,1,10
0,p1285,1,9
0,p1286,1,2
0,p1287,1,35
0,p1288,1,98
0,p1289,1,81
0,p1290,1,68
0,p1291,1,91
0,p1292,1,73
0,p1293,1,3
0,p1294,1,72
0,p1295,1,26
0,p1296,1,93
0,p1297,1,31
0,p1298,1,39
0,p1299,1,52
0,p1300,1,76
0,p1301,1,47
0,p1302,1,27
0,p1303,1,50
0,p1304,1,78
0,p1305,1,92
0,p1306,1,80
0,p1307,1,51
0,p1308,1,80
0,p1309,1,69
0,p1310,1,96
0,p1311,1,57
0,p1312,1,93
0,p1313,1,9
0,p1314,1,90
0,p1315,1,75
0,p1316,1,75
0,p1317,1,90
0,p1318,1,88
0,p1319,1,2
0,p1320,1,85
0,p1321,1,20
0,p1322,1,42
0,p1323,1,95
0,p1324,1,82
0,p1325,1,73
0,p1326,1,43
0,p1327,1,57
0,p1328,1,39
0,p1329,1,55
0,p1330,1,7
0,p1331,1,57
0,p1332,1,85
0,p1333,1,42
0,p1334,1,4
0,p1335,1,17
0,p1336,1,89
0,p1337,1,56
0,p1338,1,90
0,p1339,1,5
0,p1340,1,77
0,p1341,1,98
0,p1342,1,77
0,p1343,1,47
0,p1344,1,77
0,p1345,1,81
0,p1346,1,90
0,p1347,1,87
0,p1348,1,94
0,p1349,1,94
0,p1350,1,65
0,p1351,1,75
0,p1352,1,45
0,p1353,1,6
0,p1354,1,78
0,p1355,1,11
0,p1356,1,50
0,p1357,1,74
0,p1358,1,24
0,p1359,1,55
0,p1360,1,58
0,p1361,1,61
0,p1362,1,84
0,p1363,1,16
0,p1364,1,40
0,p1365,1,13
0,p1366,1,100
0,p1367,1,4
0,p1368,1,27
0,p1369,1,80
0,p1370,1,81
0,p1371,1,83
0,p1372,1,36
0,p1373,1,14
0,p1374,1,95
0,p1375,1,40
0,p1376,1,41
0,p1377,1,2
0,p1378,1,97
0,p1379,1,8
0,p1380,1,56
0,p1381,1,35
0,p1382,1,58
0,p1383,1,37
0,p1384,1,66
0,p1385,1,54
0,p1386,1,78
0,p1387,1,7
0,p1388,1,99
0,p1389,1,4
0,p1390,1,95
0,p1391,1,50
0,p1392,1,83
0,p1393,1,70
0,p1394,1,77
0,p1395,1,32
0,p1396,1,38
0,p1397,1,100
0,p1398,1,50
0,p1399,1,67
0,p1400,1,33
0,p1401,1,14
0,p1402,1,58
0,p1403,1,66
0,p1404,1,50
0,p1405,1,6
0,p1406,1,18
0,p1407,1,99
0,p1408,1,76
0,p1409,1,75
0,p1410,1,4
0,p1411,1,25
0,p1412,1,36
0,p1413,1,24
0,p1414,1,23
0,p1415,1,48
0,p1416,1,51
0,p1417,1,31
0,p1418,1,86
0,p1419,1,23
0,p1420,1,77
0,p1421,1,9
0,p1422,1,87
0,p1423,1,69
0,p1424,1,4
0,p1425,1,85
0,p1426,1,66
0,p1427,1,6
0,p1428,1,30
0,p1429,1,84
0,p1430,1,68
0,p1431,1,40
0,p1432,1,32
0,p1433,1,93
0,p1434,1,100
0,p1435,1,3
0,p1436,1,40
0,p1437,1,62
0,p1438,1,88
0,p1439,1,60
0,p1440,1,85
0,p1441,1,60
0,p1442,1,78
0,p1443,1,55
0,p1444,1,3
0,p1445,1,73
0,p1446,1,88
0,p1447,1,99
0,p1448,1,37
0,p1449,1,34
0,p1450,1,85
0,p1451,1,21
0,p1452,1,21
0,p1453,1,35
0,p1454,1,31
0,p1455,1,43
0,p1456,1,42
0,p1457,1,25
0,p1458,1,34
0,p1459,1,85
0,p1460,1,75
0,p1461,1,42
0,p1462,1,53
0,p1463,1,62
0,p1464,1,24
0,p1465,1,44
0,p1466,1,49
0,p1467,1,53
0,p1468,1,97
0,p1469,1,44
0,p1470,1,8
0,p1471,1,16
0,p1472,1,95
0,p1473,1,84
0,p1474,1,97
0,p1475,1,38
0,p1476,1,98
0,p1477,1,19
0,p1478,1,49
0,p1479,1,13
0,p1480,1,61
0,p1481,1,25
0,p1482,1,50
0,p1483,1,45
0,p1484,1,51
0,p1485,1,98
0,p1486,1,30
0,p1487,1,62
0,p1488,1,34
0,p1489,1,3
0,p1490,1,75
0,p1491,1,43
0,p1492,1,5
0,p1493,1,3
0,p1494,1,40
0,p1495,1,8
0,p1496,1,59
0,p1497,1,30
0,p1498,1,14
0,p1499,1,2
0,p1500,1,10
0,p1501,1,73
0,p1502,1,93
0,p1503,1,98
0,p1504,1,100
0,p1505,1,100
0,p1506,1,83
0,p1507,1,24
0,p1508,1,94
0,p1509,1,95
0,p1510,1,91
0,p1511,1,85
0,p1512,1,2
0,p1513,1,5
0,p1514,1,72
0,p1515,1,87
0,p1516,1,79
0,p1517,1,51
0,p1518,1,39
0,p1519,1,13
0,p1520,1,32
0,p1521,1,80
0,p1522,1,54
0,p1523,1,94
0,p1524,1,84
0,p1525,1,88
0,p1526,1,13
0,p1527,1,63
0,p1528,1,34
0,p1529,1,53
0,p1530,1,41
0,p1531,1,31
0,p1532,1,19
0,p1533,1,37
0,p1534,1,34
0,p1535,1,58
0,p1536,1,42
0,p1537,1,88
0,p1538,1,17
0,p1539,1,93
0,p1540,1,47
0,p1541,1,91
0,p1542,1,92
0,p1543,1,16
0,p1544,1,93
0,p1545,1,73
0,p1546,1,29
0,p1547,1,78
0,p1548,1,51
0,p1549,1,5
0,p1550,1,38
0,p1551,1,94
0,p1552,1,53
0,p1553,1,18
0,p1554,1,60
0,p1555,1,81
0,p1556,1,74
0,p1557,1,22
0,p1558,1,27
0,p1559,1,14
0,p1560,1,4
0,p1561,1,97
0,p1562,1,10
0,p1563,1,94
0,p1564,1,58
0,p1565,1,86
0,p1566,1,8
0,p1567,1,67
0,p1568,1,35
0,p1569,1,83
0,p1570,1,68
0,p1571,1,38
0,p1572,1,90
0,p1573,1,85
0,p1574,1,100
0,p1575,1,18
0,p1576,1,88
0,p1577,1,6
0,p1578,1,36
0,p1579,1,16
0,p1580,1,30
0,p1581,1,31
0,p1582,1,60
0,p1583,1,47
0,p1584,1,68
0,p1585,1,33
0,p1586,1,39
0,p1587,1,2
0,p1588,1,7
0,p1589,1,65
0,p1590,1,76
0,p1591,1,5
0,p1592,1,19
0,p1593,1,70
0,p1594,1,37
0,p1595,1,77
0,p1596,1,35
0,p1597,1,32
0,p1598,1,100
0,p1599,1,80
0,p1600,1,47
0,p1601,1,31
0,p1602,1,29
0,p1603,1,4
0,p1604,1,10
0,p1605,1,42
0,p1606,1,10
0,p1607,1,50
0,p1608,1,92
0,p1609,1,47
0,p1610,1,52
0,p1611,1,29
0,p1612,1,48
0,p1613,1,40
0,p1614,1,36
0,p1615,1,36
0,p1616,1,93
0,p1617,1,5
0,p1618,1,92
0,p1619,1,53
0,p1620,1,14
0,p1621,1,83
0,p1622,1,74
0,p1623,1,24
0,p1624,1,53
0,p1625,1,38
0,p1626,1,5
0,p1627,1,32
0,p1628,1,37
0,p1629,1,42
0,p1630,1,35
0,p1631,1,10
0,p1632,1,28
0,p1633,1,27
0,p1634,1,62
0,p1635,1,8
0,p1636,1,47
0,p1637,1,8
0,p1638,1,85
0,p1639,1,24
0,p1640,1,9
0,p1641,1,99
0,p1642,1,50
0,p1643,1,77
0,p1644,1,15
0,p1645,1,68
0,p1646,1,74
0,p1647,1,27
0,p1648,1,77
0,p1649,1,95
0,p1650,1,29
0,p1651,1,3
0,p1652,1,43
0,p1653,1,52
0,p1654,1,26
0,p1655,1,15
0,p1656,1,3
0,p1657,1,18
0,p1658,1,16
0,p1659,1,73
0,p1660,1,46
0,p1661,1,96
0,p1662,1,78
0,p1663,1,81
0,p1664,1,64
0,p1665,1,59
0,p1666,1,66
0,p1667,1,66
0,p1668,1,86
0,p1669,1,12
0,p1670,1,79
0,p1671,1,9
0,p1672,1,80
0,p1673,1,68
0,p1674,1,30
0,p1675,1,39
0,p1676,1,2
0,p1677,1,79
0,p1678,1,81
0,p1679,1,63
0,p1680,1,8
0,p1681,1,92
0,p1682,1,42
0,p1683,1,56
0,p1684,1,77
0,p1685,1,100
0,p1686,1,11
0,p1687,1,84
0,p1688,1,23
0,p1689,1,18
0,p1690,1,57
0,p1691,1,9
0,p1692,1,7
0,p1693,1,16
0,p1694,1,32
0,p1695,1,20
0,p1696,1,66
0,p1697,1,25
0,p1698,1,44
0,p1699,1,11
0,p1700,1,63
0,p1701,1,30
0,p1702,1,23
0,p1703,1,46
0,p1704,1,75
0,p1705,1,80
0,p1706,1,8
0,p1707,1,25
0,p1708,1,43
0,p1709,1,29
0,p1710,1,81
0,p1711,1,42
0,p1712,1,72
0,p1713,1,56
0,p1714,1,97
0,p1715,1,92
0,p1716,1,95
0,p1717,1,76
0,p1718,1,20
0,p1719,1,55
0,p1720,1,90
0,p1721,1,50
0,p1722,1,51
0,p1723,1,84
0,p1724,1,65
0,p1725,1,8
0,p1726,1,43
0,p1727,1,86
0,p1728,1,33
0,p1729,1,33
0,p1730,1,27
0,p1731,1,99
0,p1732,1,41
0,p1733,1,16
0,p1734,1,93
0,p1735,1,70
0,p1736,1,4
0,p1737,1,98
0,p1738,1,74
0,p1739,1,44
0,p1740,1,27
0,p1741,1,5
0,p1742,1,56
0,p1743,1,54
0,p1744,1,81
0,p1745,1,13
0,p1746,1,69
0,p1747,1,73
0,p1748,1,21
0,p1749,1,30
0,p1750,1,32
0,p1751,1,30
0,p1752,1,41
0,p1753,1,2
0,p1754,1,72
0,p1755,1,70
0,p1756,1,33
0,p1757,1,77
0,p1758,1,37
0,p1759,1,68
0,p1760,1,70
0,p1761,1,94
0,p1762,1,22
0,p1763,1,17
0,p1764,1,57
0,p1765,1,96
0,p1766,1,49
0,p1767,1,30
0,p1768,1,29
0,p1769,1,19
0,p1770,1,39
0,p1771,1,22
0,p1772,1,57
0,p1773,1,94
0,p1774,1,8
0,p1775,1,75
0,p1776,1,6
0,p1777,1,29
0,p1778,1,77
0,p1779,1,65
0,p1780,1,37
0,p1781,1,72
0,p1782,1,2
0,p1783,1,6
0,p1784,1,38
0,p1785,1,43
0,p1786,1,87
0,p1787,1,73
0,p1788,1,30
0,p1789,1,76
0,p1790,1,53
0,p1791,1,64
0,p1792,1,71
0,p1793,1,43
0,p1794,1,84
0,p1795,1,3
0,p1796,1,96
0,p1797,1,68
0,p1798,1,45
0,p1799,1,10
0,p1800,1,9
0,p1801,1,77
0,p1802,1,57
0,p1803,1,64
0,p1804,1,16
0,p1805,1,46
0,p1806,1,42
0,p1807,1,53
0,p1808,1,90
0,p1809,1,29
0,p1810,1,97
0,p1811,1,19
0,p1812,1,94
0,p1813,1,77
0,p1814,1,82
0,p1815,1,89
0,p1816,1,43
0,p1817,1,99
0,p1818,1,49
0,p1819,1,19
0,p1820,1,49
0,p1821,1,84
0,p1822,1,25
0,p1823,1,17
0,p1824,1,44
0,p1825,1,64
0,p1826,1,89
0,p1827,1,53
0,p1828,1,86
0,p1829,1,21
0,p1830,1,8
0,p1831,1,90
0,p1832,1,26
0,p1833,1,100
0,p1834,1,91
0,p1835,1,100
0,p1836,1,90
0,p1837,1,46
0,p1838,1,48
0,p1839,1,59
0,p1840,1,68
0,p1841,1,6
0,p1842,1,20
0,p1843,1,83
0,p1844,1,24
0,p1845,1,12
0,p1846,1,95
0,p1847,1,73
0,p1848,1,26
0,p1849,1,4
0,p1850,1,19
0,p1851,1,24
0,p1852,1,65
0,p1853,1,56
0,p1854,1,33
0,p1855,1,25
0,p1856,1,11
0,p1857,1,94
0,p1858,1,87
0,p1859,1,24
0,p1860,1,96
0,p1861,1,100
0,p1862,1,72
0,p1863,1,38
0,p1864,1,26
0,p1865,1,6
0,p1866,1,79
0,p1867,1,30
0,p1868,1,2
0,p1869,1,24
0,p1870,1,2
0,p1871,1,34
0,p1872,1,31
0,p1873,1,36
0,p1874,1,49
0,p1875,1,39
0,p1876,1,74
0,p1877,1,39
0,p1878,1,36
0,p1879,1,54
0,p1880,1,99
0,p1881,1,76
0,p1882,1,25
0,p1883,1,61
0,p1884,1,52
0,p1885,1,66
0,p1886,1,62
0,p1887,1,93
0,p1888,1,98
0,p1889,1,6
0,p1890,1,27
0,p1891,1,50
0,p1892,1,68
0,p1893,1,35
0,p1894,1,92
0,p1895,1,59
0,p1896,1,64
0,p1897,1,91
0,p1898,1,89
0,p1899,1,49
0,p1900,1,20
0,p1901,1,31
0,p1902,1,21
0,p1903,1,80
0,p1904,1,57
0,p1905,1,66
0,p1906,1,97
0,p1907,1,32
0,p1908,1,30
0,p1909,1,96
0,p1910,1,75
0,p1911,1,47
0,p1912,1,37
0,p1913,1,45
0,p1914,1,54
0,p1915,1,14
0,p1916,1,97
0,p1917,1,58
0,p1918,1,8
0,p1919,1,42
0,p1920,1,74
0,p1921,1,75
0,p1922,1,27
0,p1923,1,100
0,p1924,1,2
0,p1925,1,3
0,p1926,1,34
0,p1927,1,47
0,p1928,1,17
0,p1929,1,47
0,p1930,1,95
0,p1931,1,19
0,p1932,1,24
0,p1933,1,37
0,p1934,1,53
0,p1935,1,49
0,p1936,1,52
0,p1937,1,65
0,p1938,1,34
0,p1939,1,32
0,p1940,1,26
0,p1941,1,41
0,p1942,1,16
0,p1943,1,56
0,p1944,1,86
0,p1945,1,69
0,p1946,1,79
0,p1947,1,14
0,p1948,1,89
0,p1949,1,40
0,p1950,1,83
0,p1951,1,77
0,p1952,1,8
0,p1953,1,78
0,p1954,1,71
0,p1955,1,7
0,p1956,1,70
0,p1957,1,15
0,p1958,1,30
0,p1959,1,10
0,p1960,1,68
0,p1961,1,18
0,p1962,1,75
0,p1963,1,98
0,p1964,1,30
0,p1965,1,27
0,p1966,1,18
0,p1967,1,89
0,p1968,1,95
0,p1969,1,21
0,p1970,1,8
0,p1971,1,23
0,p1972,1,64
0,p1973,1,12
0,p1974,1,89
0,p1975,1,75
0,p1976,1,86
0,p1977,1,64
0,p1978,1,56
0,p1979,1,84
0,p1980,1,73
0,p1981,1,32
0,p1982,1,10
0,p1983,1,94
0,p1984,1,53
0,p1985,1,11
0,p1986,1,82
0,p1987,1,66
0,p1988,1,66
0,p1989,1,17
0,p1990,1,24
0,p1991,1,37
0,p1992,1,91
0,p1993,1,73
0,p1994,1,23
0,p1995,1,76
0,p1996,1,100
0,p1997,1,72
0,p1998,1,3
0,p1999,1,82
0,p2000,1,46
0,p2001,1,96
0,p2002,1,86
0,p2003,1,100
0,p2004,1,95
0,p2005,1,61
0,p2006,1,6
0,p2007,1,40
0,p2008,1,4
0,p2009,1,35
0,p2010,1,62
0,p2011,1,85
0,p2012,1,43
0,p2013,1,92
0,p2014,1,6
0,p2015,1,22
0,p2016,1,97
0,p2017,1,11
0,p2018,1,78
0,p2019,1,59
0,p2020,1,78
0,p2021,1,42
0,p2022,1,35
0,p2023,1,49
0,p2024,1,62
0,p2025,1,56
0,p2026,1,67
0,p2027,1,8
0,p2028,1,31
0,p2029,1,8
0,p2030,1,31
0,p2031,1,85
0,p2032,1,83
0,p2033,1,27
0,p2034,1,72
0,p2035,1,51
0,p2036,1,17
0,p2037,1,47
0,p2038,1,72
0,p2039,1,16
0,p2040,1,51
0,p2041,1,75
0,p2042,1,61
0,p2043,1,27
0,p2044,1,45
0,p2045,1,52
0,p2046,1,90
0,p2047,1,28
0,p2048,1,30
0,p2049,1,88
0,p2050,1,7
0,p2051,1,36
0,p2052,1,98
0,p2053,1,31
0,p2054,1,41
0,p2055,1,85
0,p2056,1,69
0,p2057,1,90
0,p2058,1,41
0,p2059,1,31
0,p2060,1,35
0,p2061,1,44
0,p2062,1,7
0,p2063,1,40
0,p2064,1,17
0,p2065,1,85
0,p2066,1,81
0,p2067,1,43
0,p2068,1,19
0,p2069,1,33
0,p2070,1,95
0,p2071,1,3
0,p2072,1,86
0,p2073,1,12
0,p2074,1,52
0,p2075,1,74
0,p2076,1,54
0,p2077,1,30
0,p2078,1,79
0,p2079,1,98
0,p2080,1,100
0,p2081,1,38
0,p2082,1,73
0,p2083,1,22
0,p2084,1,54
0,p2085,1,10
0,p2086,1,14
0,p2087,1,63
0,p2088,1,8
0,p2089,1,11
0,p2090,1,76
0,p2091,1,80
0,p2092,1,50
0,p2093,1,73
0,p2094,1,23
0,p2095,1,66
0,p2096,1,73
0,p2097,1,50
0,p2098,1,12
0,p2099,1,9
0,p2100,1,40
0,p2101,1,64
0,p2102,1,14
0,p2103,1,25
0,p2104,1,56
0,p2105,1,82
0,p2106,1,29
0,p2107,1,25
0,p2108,1,35
0,p2109,1,36
0,p2110,1,28
0,p2111,1,27
0,p2112,1,97
0,p2113,1,12
0,p2114,1,61
0,p2115,1,26
0,p2116,1,98
0,p2117,1,13
0,p2118,1,32
0,p2119,1,95
0,p2120,1,40
0,p2121,1,33
0,p2122,1,51
0,p2123,1,47
0,p2124,1,21
0,p2125,1,46
0,p2126,1,58
0,p2127,1,2
0,p2128,1,41
0,p2129,1,29
0,p2130,1,40
0,p2131,1,86
0,p2132,1,40
0,p2133,1,73
0,p2134,1,11
0,p2135,1,61
0,p2136,1,65
0,p2137,1,52
0,p2138,1,7
0,p2139,1,36
0,p2140,1,41
0,p2141,1,15
0,p2142,1,52
0,p2143,1,92
0,p2144,1,45
0,p2145,1,88
0,p2146,1,64
0,p2147,1,14
0,p2148,1,54
0,p2149,1,29
0,p2150,1,85
0,p2151,1,40
0,p2152,1,28
0,p2153,1,27
0,p2154,1,68
0,p2155,1,34
0,p2156,1,20
0,p2157,1,99
0,p2158,1,86
0,p2159,1,44
0,p2160,1,40
0,p2161,1,25
0,p2162,1,84
0,p2163,1,13
0,p2164,1,59
0,p2165,1,26
0,p2166,1,14
0,p2167,1,68
0,p2168,1,27
0,p2169,1,30
0,p2170,1,30
0,p2171,1,35
0,p2172,1,6
0,p2173,1,20
0,p2174,1,96
0,p2175,1,80
0,p2176,1,16
0,p2177,1,7
0,p2178,1,58
0,p2179,1,68
0,p2180,1,50
0,p2181,1,76
0,p2182,1,83
0,p2183,1,100
0,p2184,1,70
0,p2185,1,84
0,p2186,1,64
0,p2187,1,56
0,p2188,1,50
0,p2189,1,13
0,p2190,1,23
0,p2191,1,52
0,p2192,1,17
0,p2193,1,10
0,p2194,1,28
0,p2195,1,55
0,p2196,1,24
0,p2197,1,2
0,p2198,1,63
0,p2199,1,40
0,p2200,1,54
0,p2201,1,87
0,p2202,1,44
0,p2203,1,33
0,p2204,1,85
0,p2205,1,6
0,p2206,1,33
0,p2207,1,6
0,p2208,1,5
0,p2209,1,47
0,p2210,1,81
0,p2211,1,66
0,p2212,1,84
0,p2213,1,22
0,p2214,1,56
0,p2215,1,32
0,p2216,1,53
0,p2217,1,14
0,p2218,1,68
0,p2219,1,90
0,p2220,1,71
0,p2221,1,61
0,p2222,1,33
0,p2223,1,65
0,p2224,1,19
0,p2225,1,2
0,p2226,1,98
0,p2227,1,85
0,p2228,1,76
0,p2229,1,55
0,p2230,1,52
0,p2231,1,35
0,p2232,1,32
0,p2233,1,73
0,p2234,1,82
0,p2235,1,46
0,p2236,1,29
0,p2237,1,52
0,p2238,1,79
0,p2239,1,2
0,p2240,1,16
0,p2241,1,81
0,p2242,1,27
0,p2243,1,73
0,p2244,1,11
0,p2245,1,53
0,p2246,1,79
0,p2247,1,76
0,p2248,1,83
0,p2249,1,63
0,p2250,1,19
0,p2251,1,26
0,p2252,1,71
0,p2253,1,67
0,p2254,1,41
0,p2255,1,60
0,p2256,1,64
0,p2257,1,18
0,p2258,1,59
0,p2259,1,73
0,p2260,1,55
0,p2261,1,15
0,p2262,1,42
0,p2263,1,51
0,p2264,1,49
0,p2265,1,7
0,p2266,1,75
0,p2267,1,60
0,p2268,1,88
0,p2269,1,67
0,p2270,1,66
0,p2271,1,69
0,p2272,1,53
0,p2273,1,79
0,p2274,1,80
0,p2275,1,61
0,p2276,1,4
0,p2277,1,36
0,p2278,1,65
0,p2279,1,97
0,p2280,1,10
0,p2281,1,23
0,p2282,1,5
0,p2283,1,72
0,p2284,1,88
0,p2285,1,87
0,p2286,1,70
0,p2287,1,89
0,p2288,1,96
0,p2289,1,71
0,p2290,1,29
0,p2291,1,33
0,p2292,1,55
0,p2293,1,64
0,p2294,1,12
0,p2295,1,6
0,p2296,1,24
0,p2297,1,48
0,p2298,1,95
0,p2299,1,8
0,p2300,1,50
0,p2301,1,51
0,p2302,1,21
0,p2303,1,41
0,p2304,1,10
0,p2305,1,49
0,p2306,1,83
0,p2307,1,58
0,p2308,1,31
0,p2309,1,100
0,p2310,1,95
0,p2311,1,83
0,p2312,1,38
0,p2313,1,43
0,p2314,1,43
0,p2315,1,63
0,p2316,1,17
0,p2317,1,84
0,p2318,1,20
0,p2319,1,15
0,p2320,1,75
0,p2321,1,2
0,p2322,1,22
0,p2323,1,14
0,p2324,1,24
0,p2325,1,63
0,p2326,1,49
0,p2327,1,55
0,p2328,1,49
0,p2329,1,7
0,p2330,1,10
0,p2331,1,26
0,p2332,1,67
0,p2333,1,21
0,p2334,1,52
0,p2335,1,31
0,p2336,1,56
0,p2337,1,11
0,p2338,1,8
0,p2339,1,91
0,p2340,1,95
0,p2341,1,96
0,p2342,1,100
0,p2343,1,40
0,p2344,1,17
0,p2345,1,19
0,p2346,1,56
0,p2347,1,35
0,p2348,1,95
0,p2349,1,13
0,p2350,1,62
0,p2351,1,84
0,p2352,1,96
0,p2353,1,38
0,p2354,1,76
0,p2355,1,37
0,p2356,1,74
0,p2357,1,49
0,p2358,1,99
0,p2359,1,50
0,p2360,1,47
0,p2361,1,95
0,p2362,1,10
0,p2363,1,8
0,p2364,1,55
0,p2365,1,85
0,p2366,1,96
0,p2367,1,100
0,p2368,1,14
0,p2369,1,21
0,p2370,1,98
0,p2371,1,27
0,p2372,1,15
0,p2373,1,98
0,p2374,1,94
0,p2375,1,38
0,p2376,1,78
0,p2377,1,88
0,p2378,1,50
0,p2379,1,33
0,p2380,1,72
0,p2381,1,84
0,p2382,1,33
0,p2383,1,40
0,p2384,1,43
0,p2385,1,56
0,p2386,1,87
0,p2387,1,34
0,p2388,1,34
0,p2389,1,97
0,p2390,1,74
0,p2391,1,96
0,p2392,1,65
0,p2393,1,17
0,p2394,1,21
0,p2395,1,8
0,p2396,1,96
0,p2397,1,80
0,p2398,1,19
0,p2399,1,100
0,p2400,1,15
0,p2401,1,38
0,p2402,1,77
0,p2403,1,27
0,p2404,1,38
0,p2405,1,91
0,p2406,1,27
0,p2407,1,97
0,p2408,1,16
0,p2409,1,83
0,p2410,1,16
0,p2411,1,54
0,p2412,1,84
0,p2413,1,23
0,p2414,1,11
0,p2415,1,68
0,p2416,1,48
0,p2417,1,92
0,p2418,1,91
0,p2419,1,92
0,p2420,1,76
0,p2421,1,59
0,p2422,1,55
0,p2423,1,24
0,p2424,1,5
0,p2425,1,41
0,p2426,1,34
0,p2427,1,77
0,p2428,1,5
0,p2429,1,52
0,p2430,1,47
0,p2431,1,7
0,p2432,1,71
0,p2433,1,21
0,p2434,1,86
0,p2435,1,66
0,p2436,1,6
0,p2437,1,7
0,p2438,1,100
0,p2439,1,95
0,p2440,1,15
0,p2441,1,33
0,p2442,1,65
0,p2443,1,40
0,p2444,1,69
0,p2445,1,98
0,p2446,1,56
0,p2447,1,26
0,p2448,1,31
0,p2449,1,77
0,p2450,1,85
0,p2451,1,37
0,p2452,1,89
0,p2453,1,38
0,p2454,1,40
0,p2455,1,28
0,p2456,1,71
0,p2457,1,40
0,p2458,1,41
0,p2459,1,46
0,p2460,1,13
0,p2461,1,62
0,p2462,1,80
0,p2463,1,17
0,p2464,1,88
0,p2465,1,89
0,p2466,1,75
0,p2467,1,58
0,p2468,1,93
0,p2469,1,45
0,p2470,1,75
0,p2471,1,65
0,p2472,1,77
0,p2473,1,22
0,p2474,1,35
0,p2475,1,62
0,p2476,1,29
0,p2477,1,40
0,p2478,1,53
0,p2479,1,61
0,p2480,1,72
0,p2481,1,53
0,p2482,1,65
0,p2483,1,63
0,p2484,1,10
0,p2485,1,61
0,p2486,1,62
0,p2487,1,47
0,p2488,1,91
0,p2489,1,17
0,p2490,1,40
0,p2491,1,54
0,p2492,1,92
0,p2493,1,48
0,p2494,1,77
0,p2495,1,86
0,p2496,1,17
0,p2497,1,35
0,p2498,1,10
0,p2499,1,4
0,p2500,1,69
0,p2501,1,35
0,p2502,1,74
0,p2503,1,99
0,p2504,1,87
0,p2505,1,67
0,p2506,1,24
0,p2507,1,12
0,p2508,1,96
0,p2509,1,19
0,p2510,1,48
0,p2511,1,13
0,p2512,1,26
0,p2513,1,25
0,p2514,1,75
0,p2515,1,35
0,p2516,1,53
0,p2517,1,28
0,p2518,1,62
0,p2519,1,80
0,p2520,1,40
0,p2521,1,27
0,p2522,1,67
0,p2523,1,81
0,p2524,1,89
0,p2525,1,86
0,p2526,1,69
0,p2527,1,64
0,p2528,1,97
0,p2529,1,24
0,p2530,1,64
0,p2531,1,95
0,p2532,1,52
0,p2533,1,5
0,p2534,1,28
0,p2535,1,43
0,p2536,1,74
0,p2537,1,6
0,p2538,1,94
0,p2539,1,53
0,p2540,1,5
0,p2541,1,92
0,p2542,1,74
0,p2543,1,17
0,p2544,1,40
0,p2545,1,30
0,p2546,1,24
0,p2547,1,67
0,p2548,1,65
0,p2549,1,65
0,p2550,1,24
0,p2551,1,24
0,p2552,1,53
0,p2553,1,76
0,p2554,1,93
0,p2555,1,70
0,p2556,1,4
0,p2557,1,85
0,p2558,1,2
0,p2559,1,18
0,p2560,1,15
0,p2561,1,71
0,p2562,1,15
0,p2563,1,66
0,p2564,1,92
0,p2565,1,72
0,p2566,1,52
0,p2567,1,53
0,p2568,1,15
0,p2569,1,49
0,p2570,1,93
0,p2571,1,42
0,p2572,1,89
0,p2573,1,58
0,p2574,1,72
0,p2575,1,59
0,p2576,1,46
0,p2577,1,100
0,p2578,1,65
0,p2579,1,82
0,p2580,1,43
0,p2581,1,67
0,p2582,1,30
0,p2583,1,83
0,p2584,1,63
0,p2585,1,50
0,p2586,1,21
0,p2587,1,67
0,p2588,1,22
0,p2589,1,93
0,p2590,1,8
0,p2591,1,65
0,p2592,1,16
0,p2593,1,89
0,p2594,1,23
0,p2595,1,27
0,p2596,1,96
0,p2597,1,53
0,p2598,1,37
0,p2599,1,65
0,p2600,1,13
0,p2601,1,21
0,p2602,1,66
0,p2603,1,95
0,p2604,1,86
0,p2605,1,4
0,p2606,1,12
0,p2607,1,81
0,p2608,1,51
0,p2609,1,16
0,p2610,1,45
0,p2611,1,97
0,p2612,1,12
0,p2613,1,10
0,p2614,1,65
0,p2615,1,87
0,p2616,1,64
0,p2617,1,71
0,p2618,1,59
0,p2619,1,95
0,p2620,1,65
0,p2621,1,2
0,p2622,1,57
0,p2623,1,21
0,p2624,1,18
0,p2625,1,57
0,p2626,1,33
0,p2627,1,61
0,p2628,1,45
0,p2629,1,27
0,p2630,1,15
0,p2631,1,41
0,p2632,1,39
0,p2633,1,54
0,p2634,1,57
0,p2635,1,3
0,p2636,1,34
0,p2637,1,39
0,p2638,1,5
0,p2639,1,39
0,p2640,1,36
0,p2641,1,49
0,p2642,1,17
0,p2643,1,71
0,p2644,1,66
0,p2645,1,87
0,p2646,1,80
0,p2647,1,4
0,p2648,1,97
0,p2649,1,56
0,p2650,1,28
0,p2651,1,61
0,p2652,1,78
0,p2653,1,76
0,p2654,1,75
0,p2655,1,75
0,p2656,1,18
0,p2657,1,51
0,p2658,1,63
0,p2659,1,55
0,p2660,1,56
0,p2661,1,73
0,p2662,1,45
0,p2663,1,55
0,p2664,1,30
0,p2665,1,22
0,p2666,1,81
0,p2667,1,38
0,p2668,1,47
0,p2669,1,80
0,p2670,1,51
0,p2671,1,61
0,p2672,1,88
0,p2673,1,7
0,p2674,1,37
0,p2675,1,71
0,p2676,1,7
0,p2677,1,43
0,p2678,1,92
0,p2679,1,80
0,p2680,1,24
0,p2681,1,58
0,p2682,1,72
0,p2683,1,90
0,p2684,1,100
0,p2685,1,97
0,p2686,1,56
0,p2687,1,83
0,p2688,1,36
0,p2689,1,46
0,p2690,1,26
0,p2691,1,53
0,p2692,1,94
0,p2693,1,45
0,p2694,1,51
0,p2695,1,98
0,p2696,1,74
0,p2697,1,58
0,p2698,1,20
0,p2699,1,18
0,p2700,1,38
0,p2701,1,61
0,p2702,1,90
0,p2703,1,23
0,p2704,1,95
0,p2705,1,65
0,p2706,1,14
0,p2707,1,3
0,p2708,1,88
0,p2709,1,93
0,p2710,1,28
0,p2711,1,36
0,p2712,1,49
0,p2713,1,27
0,p2714,1,45
0,p2715,1,72
0,p2716,1,42
0,p2717,1,16
0,p2718,1,95
0,p2719,1,2
0,p2720,1,37
0,p2721,1,28
0,p2722,1,39
0,p2723,1,42
0,p2724,1,94
0,p2725,1,96
0,p2726,1,32
0,p2727,1,61
0,p2728,1,10
0,p2729,1,9
0,p2730,1,96
0,p2731,1,57
0,p2732,1,44
0,p2733,1,46
0,p2734,1,76
0,p2735,1,56
0,p2736,1,96
0,p2737,1,2
0,p2738,1,54
0,p2739,1,19
0,p2740,1,33
0,p2741,1,84
0,p2742,1,58
0,p2743,1,15
0,p2744,1,87
0,p2745,1,73
0,p2746,1,40
0,p2747,1,80
0,p2748,1,6
0,p2749,1,69
0,p2750,1,12
0,p2751,1,71
0,p2752,1,55
0,p2753,1,10
0,p2754,1,47
0,p2755,1,82
0,p2756,1,20
0,p2757,1,17
0,p2758,1,53
0,p2759,1,63
0,p2760,1,49
0,p2761,1,87
0,p2762,1,58
0,p2763,1,70
0,p2764,1,61
0,p2765,1,78
0,p2766,1,30
0,p2767,1,11
0,p2768,1,19
0,p2769,1,54
0,p2770,1,74
0,p2771,1,71
0,p2772,1,82
0,p2773,1,99
0,p2774,1,17
0,p2775,1,63
0,p2776,1,88
0,p2777,1,26
0,p2778,1,30
0,p2779,1,44
0,p2780,1,37
0,p2781,1,48
0,p2782,1,51
0,p2783,1,100
0,p2784,1,72
0,p2785,1,39
0,p2786,1,33
0,p2787,1,51
0,p2788,1,79
0,p2789,1,58
0,p2790,1,99
0,p2791,1,42
0,p2792,1,80
0,p2793,1,16
0,p2794,1,88
0,p2795,1,78
0,p2796,1,83
0,p2797,1,89
0,p2798,1,86
0,p2799,1,67
0,p2800,1,7
0,p2801,1,79
0,p2802,1,65
0,p2803,1,66
0,p2804,1,63
0,p2805,1,32
0,p2806,1,41
0,p2807,1,34
0,p2808,1,80
0,p2809,1,93
0,p2810,1,59
0,p2811,1,42
0,p2812,1,19
0,p2813,1,61
0,p2814,1,98
0,p2815,1,22
0,p2816,1,95
0,p2817,1,43
0,p2818,1,21
0,p2819,1,47
0,p2820,1,31
0,p2821,1,44
0,p2822,1,91
0,p2823,1,41
0,p2824,1,19
0,p2825,1,17
0,p2826,1,8
0,p2827,1,7
0,p2828,1,84
0,p2829,1,14
0,p2830,1,35
0,p2831,1,26
0,p2832,1,99
0,p2833,1,97
0,p2834,1,54
0,p2835,1,79
0,p2836,1,25
0,p2837,1,80
0,p2838,1,7
0,p2839,1,90
0,p2840,1,77
0,p2841,1,20
0,p2842,1,53
0,p2843,1,44
0,p2844,1,60
0,p2845,1,42
0,p2846,1,7
0,p2847,1,43
0,p2848,1,36
0,p2849,1,33
0,p2850,1,79
0,p2851,1,53
0,p2852,1,56
0,p2853,1,34
0,p2854,1,20
0,p2855,1,91
0,p2856,1,80
0,p2857,1,87
0,p2858,1,12
0,p2859,1,47
0,p2860,1,14
0,p2861,1,40
0,p2862,1,52
0,p2863,1,29
0,p2864,1,54
0,p2865,1,20
0,p2866,1,81
0,p2867,1,36
0,p2868,1,56
0,p2869,1,60
0,p2870,1,34
0,p2871,1,11
0,p2872,1,86
0,p2873,1,43
0,p2874,1,99
0,p2875,1,82
0,p2876,1,55
0,p2877,1,10
0,p2878,1,58
0,p2879,1,58
0,p2880,1,71
0,p2881,1,27
0,p2882,1,17
0,p2883,1,13
0,p2884,1,33
0,p2885,1,74
0,p2886,1,58
0,p2887,1,60
0,p2888,1,19
0,p2889,1,69
0,p2890,1,49
0,p2891,1,11
0,p2892,1,90
0,p2893,1,82
0,p2894,1,98
0,p2895,1,59
0,p2896,1,5
0,p2897,1,95
0,p2898,1,96
0,p2899,1,27
0,p2900,1,30
0,p2901,1,53
0,p2902,1,49
0,p2903,1,88
0,p2904,1,55
0,p2905,1,66
0,p2906,1,84
0,p2907,1,49
0,p2908,1,94
0,p2909,1,80
0,p2910,1,68
0,p2911,1,65
0,p2912,1,37
0,p2913,1,47
0,p2914,1,22
0,p2915,1,78
0,p2916,1,92
0,p2917,1,86
0,p2918,1,48
0,p2919,1,53
0,p2920,1,19
0,p2921,1,14
0,p2922,1,26
0,p2923,1,77
0,p2924,1,84
0,p2925,1,14
0,p2926,1,11
0,p2927,1,97
0,p2928,1,40
0,p2929,1,71
0,p2930,1,27
0,p2931,1,38
0,p2932,1,78
0,p2933,1,56
0,p2934,1,14
0,p2935,1,16
0,p2936,1,9
0,p2937,1,81
0,p2938,1,45
0,p2939,1,96
0,p2940,1,81
0,p2941,1,22
0,p2942,1,44
0,p2943,1,67
0,p2944,1,68
0,p2945,1,32
0,p2946,1,25
0,p2947,1,56
0,p2948,1,52
0,p2949,1,85
0,p2950,1,43
0,p2951,1,52
0,p2952,1,20
0,p2953,1,9
0,p2954,1,33
0,p2955,1,93
0,p2956,1,8
0,p2957,1,61
0,p2958,1,38
0,p2959,1,61
0,p2960,1,59
0,p2961,1,35
0,p2962,1,57
0,p2963,1,98
0,p2964,1,88
0,p2965,1,39
0,p2966,1,33
0,p2967,1,13
0,p2968,1,51
0,p2969,1,11
0,p2970,1,20
0,p2971,1,84
0,p2972,1,63
0,p2973,1,85
0,p2974,1,36
0,p2975,1,41
0,p2976,1,70
0,p2977,1,97
0,p2978,1,4
0,p2979,1,35
0,p2980,1,43
0,p2981,1,84
0,p2982,1,7
0,p2983,1,38
0,p2984,1,24
0,p2985,1,65
0,p2986,1,85
0,p2987,1,66
0,p2988,1,34
0,p2989,1,73
0,p2990,1,8
0,p2991,1,72
0,p2992,1,22
0,p2993,1,86
0,p2994,1,32
0,p2995,1,52
0,p2996,1,35
0,p2997,1,93
0,p2998,1,34
0,p2999,1,56
0,p3000,1,99
0,p3001,1,75
0,p3002,1,94
0,p3003,1,99
0,p3004,1,10
0,p3005,1,59
0,p3006,1,93
0,p3007,1,68
0,p3008,1,15
0,p3009,1,28
0,p3010,1,37
0,p3011,1,91
0,p3012,1,43
0,p3013,1,11
0,p3014,1,49
0,p3015,1,51
0,p3016,1,12
0,p3017,1,38
0,p3018,1,18
0,p3019,1,85
0,p3020,1,13
0,p3021,1,72
0,p3022,1,61
0,p3023,1,30
0,p3024,1,87
0,p3025,1,76
0,p3026,1,17
0,p3027,1,19
0,p3028,1,8
0,p3029,1,57
0,p3030,1,90
0,p3031,1,39
0,p3032,1,90
0,p3033,1,5
0,p3034,1,45
0,p3035,1,68
0,p3036,1,77
0,p3037,1,58
0,p3038,1,33
0,p3039,1,63
0,p3040,1,43
0,p3041,1,69
0,p3042,1,50
0,p3043,1,8
0,p3044,1,89
0,p3045,1,57
0,p3046,1,67
0,p3047,1,19
0,p3048,1,10
0,p3049,1,66
0,p3050,1,22
0,p3051,1,9
0,p3052,1,57
0,p3053,1,90
0,p3054,1,49
0,p3055,1,44
0,p3056,1,32
0,p3057,1,68
0,p3058,1,79
0,p3059,1,36
0,p3060,1,51
0,p3061,1,22
0,p3062,1,74
0,p3063,1,91
0,p3064,1,89
0,p3065,1,81
0,p3066,1,26
0,p3067,1,16
0,p3068,1,5
0,p3069,1,56
0,p3070,1,43
0,p3071,1,72
0,p3072,1,25
0,p3073,1,79
0,p3074,1,96
0,p3075,1,94
0,p3076,1,56
0,p3077,1,99
0,p3078,1,39
0,p3079,1,38
0,p3080,1,64
0,p3081,1,76
0,p3082,1,66
0,p3083,1,32
0,p3084,1,10
0,p3085,1,40
0,p3086,1,65
0,p3087,1,24
0,p3088,1,23
0,p3089,1,85
0,p3090,1,20
0,p3091,1,25
0,p3092,1,6
0,p3093,1,61
0,p3094,1,50
0,p3095,1,89
0,p3096,1,55
0,p3097,1,29
0,p3098,1,16
0,p3099,1,19
0,p3100,1,62
0,p3101,1,43
0,p3102,1,97
0,p3103,1,32
0,p3104,1,66
0,p3105,1,90
0,p3106,1,93
0,p3107,1,69
0,p3108,1,53
0,p3109,1,35
0,p3110,1,29
0,p3111,1,46
0,p3112,1,73
0,p3113,1,91
0,p3114,1,98
0,p3115,1,62
0,p3116,1,59
0,p3117,1,66
0,p3118,1,23
0,p3119,1,38
0,p3120,1,70
0,p3121,1,76
0,p3122,1,99
0,p3123,1,46
0,p3124,1,69
0,p3125,1,37
0,p3126,1,60
0,p3127,1,64
0,p3128,1,31
0,p3129,1,24
0,p3130,1,73
0,p3131,1,18
0,p3132,1,18
0,p3133,1,60
0,p3134,1,71
0,p3135,1,91
0,p3136,1,49
0,p3137,1,16
0,p3138,1,59
0,p3139,1,52
0,p3140,1,76
0,p3141,1,69
0,p3142,1,100
0,p3143,1,19
0,p3144,1,4
0,p3145,1,90
0,p3146,1,43
0,p3147,1,69
0,p3148,1,39
0,p3149,1,68
0,p3150,1,60
0,p3151,1,72
0,p3152,1,22
0,p3153,1,89
0,p3154,1,24
0,p3155,1,43
0,p3156,1,55
0,p3157,1,62
0,p3158,1,14
0,p3159,1,84
0,p3160,1,55
0,p3161,1,2
0,p3162,1,54
0,p3163,1,58
0,p3164,1,93
0,p3165,1,93
0,p3166,1,7
0,p3167,1,56
0,p3168,1,6
0,p3169,1,74
0,p3170,1,63
0,p3171,1,29
0,p3172,1,12
0,p3173,1,12
0,p3174,1,39
0,p3175,1,54
0,p3176,1,51
0,p3177,1,88
0,p3178,1,38
0,p3179,1,68
0,p3180,1,85
0,p3181,1,61
0,p3182,1,63
0,p3183,1,35
0,p3184,1,19
0,p3185,1,62
0,p3186,1,61
0,p3187,1,44
0,p3188,1,96
0,p3189,1,31
0,p3190,1,78
0,p3191,1,53
0,p3192,1,41
0,p3193,1,17
0,p3194,1,75
0,p3195,1,80
0,p3196,1,64
0,p3197,1,62
0,p3198,1,70
0,p3199,1,63
0,p3200,1,30
0,p3201,1,41
0,p3202,1,16
0,p3203,1,85
0,p3204,1,9
0,p3205,1,8
0,p3206,1,14
0,p3207,1,59
0,p3208,1,65
0,p3209,1,6
0,p3210,1,15
0,p3211,1,70
0,p3212,1,76
0,p3213,1,20
0,p3214,1,8
0,p3215,1,90
0,p3216,1,13
0,p3217,1,85
0,p3218,1,39
0,p3219,1,25
0,p3220,1,16
0,p3221,1,12
0,p3222,1,52
0,p3223,1,18
0,p3224,1,55
0,p3225,1,16
0,p3226,1,74
0,p3227,1,18
0,p3228,1,23
0,p3229,1,42
0,p3230,1,97
0,p3231,1,76
0,p3232,1,80
0,p3233,1,46
0,p3234,1,58
0,p3235,1,81
0,p3236,1,72
0,p3237,1,16
0,p3238,1,26
0,p3239,1,67
0,p3240,1,65
0,p3241,1,78
0,p3242,1,59
0,p3243,1,88
0,p3244,1,72
0,p3245,1,20
0,p3246,1,61
0,p3247,1,95
0,p3248,1,59
0,p3249,1,94
0,p3250,1,13
0,p3251,1,19
0,p3252,1,11
0,p3253,1,99
0,p3254,1,59
0,p3255,1,57
0,p3256,1,5
0,p3257,1,85
0,p3258,1,95
0,p3259,1,80
0,p3260,1,29
0,p3261,1,51
0,p3262,1,51
0,p3263,1,11
0,p3264,1,92
0,p3265,1,10
0,p3266,1,98
0,p3267,1,49
0,p3268,1,21
0,p3269,1,16
0,p3270,1,89
0,p3271,1,73
0,p3272,1,3
0,p3273,1,53
0,p3274,1,15
0,p3275,1,55
0,p3276,1,80
0,p3277,1,34
0,p3278,1,29
0,p3279,1,38
0,p3280,1,88
0,p3281,1,91
0,p3282,1,55
0,p3283,1,2
0,p3284,1,62
0,p3285,1,40
0,p3286,1,73
0,p3287,1,71
0,p3288,1,85
0,p3289,1,3
0,p3290,1,47
0,p3291,1,13
0,p3292,1,67
0,p3293,1,92
0,p3294,1,96
0,p3295,1,18
0,p3296,1,69
0,p3297,1,9
0,p3298,1,27
0,p3299,1,57
0,p3300,1,28
0,p3301,1,31
0,p3302,1,51
0,p3303,1,60
0,p3304,1,87
0,p3305,1,46
0,p3306,1,6
0,p3307,1,55
0,p3308,1,54
0,p3309,1,3
0,p3310,1,77
0,p3311,1,27
0,p3312,1,94
0,p3313,1,95
0,p3314,1,44
0,p3315,1,75
0,p3316,1,18
0,p3317,1,54
0,p3318,1,28
0,p3319,1,94
0,p3320,1,69
0,p3321,1,14
0,p3322,1,40
0,p3323,1,48
0,p3324,1,62
0,p3325,1,68
0,p3326,1,27
0,p3327,1,9
0,p3328,1,20
0,p3329,1,48
0,p3330,1,2
0,p3331,1,36
0,p3332,1,62
0,p3333,1,4
0,p3334,1,79
0,p3335,1,13
0,p3336,1,95
0,p3337,1,87
0,p3338,1,34
0,p3339,1,99
0,p3340,1,44
0,p3341,1,16
0,p3342,1,9
0,p3343,1,62
0,p3344,1,54
0,p3345,1,49
0,p3346,1,14
0,p3347,1,33
0,p3348,1,13
0,p3349,1,27
0,p3350,1,49
0,p3351,1,76
0,p3352,1,18
0,p3353,1,22
0,p3354,1,13
0,p3355,1,55
0,p3356,1,41
0,p3357,1,70
0,p3358,1,8
0,p3359,1,23
0,p3360,1,30
0,p3361,1,69
0,p3362,1,45
0,p3363,1,51
0,p3364,1,24
0,p3365,1,50
0,p3366,1,70
0,p3367,1,32
0,p3368,1,83
0,p3369,1,76
0,p3370,1,33
0,p3371,1,9
0,p3372,1,26
0,p3373,1,51
0,p3374,1,64
0,p3375,1,71
0,p3376,1,99
0,p3377,1,65
0,p3378,1,50
0,p3379,1,40
0,p3380,1,84
0,p3381,1,99
0,p3382,1,74
0,p3383,1,29
0,p3384,1,82
0,p3385,1,66
0,p3386,1,11
0,p3387,1,19
0,p3388,1,79
0,p3389,1,39
0,p3390,1,50
0,p3391,1,24
0,p3392,1,57
0,p3393,1,95
0,p3394,1,70
0,p3395,1,96
0,p3396,1,41
0,p3397,1,57
0,p3398,1,82
0,p3399,1,94
0,p3400,1,86
0,p3401,1,34
0,p3402,1,90
0,p3403,1,73
0,p3404,1,71
0,p3405,1,80
0,p3406,1,2
0,p3407,1,80
0,p3408,1,55
0,p3409,1,63
0,p3410,1,11
0,p3411,1,68
0,p3412,1,44
0,p3413,1,58
0,p3414,1,69
0,p3415,1,15
0,p3416,1,35
0,p3417,1,36
0,p3418,1,20
0,p3419,1,88
0,p3420,1,59
0,p3421,1,52
0,p3422,1,37
0,p3423,1,94
0,p3424,1,67
0,p3425,1,31
0,p3426,1,57
0,p3427,1,12
0,p3428,1,2
0,p3429,1,34
0,p3430,1,29
0,p3431,1,88
0,p3432,1,65
0,p3433,1,94
0,p3434,1,96
0,p3435,1,79
0,p3436,1,3
0,p3437,1,34
0,p3438,1,86
0,p3439,1,71
0,p3440,1,98
0,p3441,1,10
0,p3442,1,85
0,p3443,1,57
0,p3444,1,48
0,p3445,1,85
0,p3446,1,27
0,p3447,1,24
0,p3448,1,39
0,p3449,1,40
0,p3450,1,63
0,p3451,1,38
0,p3452,1,49
0,p3453,1,89
0,p3454,1,36
0,p3455,1,17
0,p3456,1,83
0,p3457,1,87
0,p3458,1,44
0,p3459,1,30
0,p3460,1,10
0,p3461,1,96
0,p3462,1,10
0,p3463,1,28
0,p3464,1,38
0,p3465,1,98
0,p3466,1,100
0,p3467,1,45
0,p3468,1,67
0,p3469,1,37
0,p3470,1,24
0,p3471,1,100
0,p3472,1,56
0,p3473,1,28
0,p3474,1,20
0,p3475,1,71
0,p3476,1,68
0,p3477,1,54
0,p3478,1,95
0,p3479,1,92
0,p3480,1,76
0,p3481,1,96
0,p3482,1,41
0,p3483,1,11
0,p3484,1,92
0,p3485,1,53
0,p3486,1,58
0,p3487,1,92
0,p3488,1,92
0,p3489,1,43
0,p3490,1,55
0,p3491,1,64
0,p3492,1,65
0,p3493,1,92
0,p3494,1,34
0,p3495,1,34
0,p3496,1,2
0,p3497,1,47
0,p3498,1,83
0,p3499,1,66
0,p3500,1,7
0,p3501,1,79
0,p3502,1,30
0,p3503,1,20
0,p3504,1,52
0,p3505,1,86
0,p3506,1,70
0,p3507,1,82
0,p3508,1,58
0,p3509,1,94
0,p3510,1,44
0,p3511,1,55
0,p3512,1,96
0,p3513,1,19
0,p3514,1,62
0,p3515,1,93
0,p3516,1,91
0,p3517,1,35
0,p3518,1,3
0,p3519,1,45
0,p3520,1,65
0,p3521,1,79
0,p3522,1,92
0,p3523,1,5
0,p3524,1,78
0,p3525,1,85
0,p3526,1,88
0,p3527,1,17
0,p3528,1,87
0,p3529,1,60
0,p3530,1,72
0,p3531,1,33
0,p3532,1,90
0,p3533,1,49
0,p3534,1,83
0,p3535,1,50
0,p3536,1,34
0,p3537,1,52
0,p3538,1,97
0,p3539,1,61
0,p3540,1,69
0,p3541,1,47
0,p3542,1,32
0,p3543,1,64
0,p3544,1,92
0,p3545,1,34
0,p3546,1,7
0,p3547,1,49
0,p3548,1,99
0,p3549,1,59
0,p3550,1,23
0,p3551,1,8
0,p3552,1,66
0,p3553,1,53
0,p3554,1,22
0,p3555,1,64
0,p3556,1,78
0,p3557,1,66
0,p3558,1,33
0,p3559,1,72
0,p3560,1,46
0,p3561,1,63
0,p3562,1,56
0,p3563,1,97
0,p3564,1,71
0,p3565,1,65
0,p3566,1,16
0,p3567,1,5
0,p3568,1,87
0,p3569,1,4
0,p3570,1,75
0,p3571,1,84
0,p3572,1,38
0,p3573,1,88
0,p3574,1,74
0,p3575,1,30
0,p3576,1,76
0,p3577,1,9
0,p3578,1,80
0,p3579,1,65
0,p3580,1,46
0,p3581,1,98
0,p3582,1,80
0,p3583,1,65
0,p3584,1,71
0,p3585,1,45
0,p3586,1,78
0,p3587,1,88
0,p3588,1,87
0,p3589,1,52
0,p3590,1,24
0,p3591,1,79
0,p3592,1,23
0,p3593,1,58
0,p3594,1,14
0,p3595,1,50
0,p3596,1,75
0,p3597,1,74
0,p3598,1,94
0,p3599,1,21
0,p3600,1,22
0,p3601,1,37
0,p3602,1,37
0,p3603,1,9
0,p3604,1,89
0,p3605,1,39
0,p3606,1,63
0,p3607,1,53
0,p3608,1,12
0,p3609,1,34
0,p3610,1,44
0,p3611,1,71
0,p3612,1,69
0,p3613,1,26
0,p3614,1,13
0,p3615,1,54
0,p3616,1,8
0,p3617,1,56
0,p3618,1,76
0,p3619,1,6
0,p3620,1,82
0,p3621,1,52
0,p3622,1,67
0,p3623,1,43
0,p3624,1,97
0,p3625,1,25
0,p3626,1,18
0,p3627,1,43
0,p3628,1,73
0,p3629,1,24
0,p3630,1,14
0,p3631,1,28
0,p3632,1,92
0,p3633,1,7
0,p3634,1,12
0,p3635,1,32
0,p3636,1,19
0,p3637,1,3
0,p3638,1,27
0,p3639,1,4
0,p3640,1,54
0,p3641,1,50
0,p3642,1,11
0,p3643,1,27
0,p3644,1,33
0,p3645,1,50
0,p3646,1,55
0,p3647,1,53
0,p3648,1,7
0,p3649,1,69
0,p3650,1,87
0,p3651,1,74
0,p3652,1,34
0,p3653,1,28
0,p3654,1,6
0,p3655,1,2
0,p3656,1,34
0,p3657,1,95
0,p3658,1,92
0,p3659,1,38
0,p3660,1,85
0,p3661,1,35
0,p3662,1,11
0,p3663,1,53
0,p3664,1,49
0,p3665,1,26
0,p3666,1,54
0,p3667,1,45
0,p3668,1,5
0,p3669,1,62
0,p3670,1,2
0,p3671,1,83
0,p3672,1,76
0,p3673,1,3
0,p3674,1,8
0,p3675,1,4
0,p3676,1,73
0,p3677,1,44
0,p3678,1,88
0,p3679,1,47
0,p3680,1,94
0,p3681,1,9
0,p3682,1,71
0,p3683,1,43
0,p3684,1,78
0,p3685,1,55
0,p3686,1,29
0,p3687,1,99
0,p3688,1,77
0,p3689,1,17
0,p3690,1,30
0,p3691,1,40
0,p3692,1,63
0,p3693,1,76
0,p3694,1,94
0,p3695,1,15
0,p3696,1,77
0,p3697,1,11
0,p3698,1,29
0,p3699,1,99
0,p3700,1,31
0,p3701,1,43
0,p3702,1,92
0,p3703,1,14
0,p3704,1,3
0,p3705,1,26
0,p3706,1,52
0,p3707,1,2
0,p3708,1,52
0,p3709,1,79
0,p3710,1,72
0,p3711,1,20
0,p3712,1,25
0,p3713,1,46
0,p3714,1,16
0,p3715,1,28
0,p3716,1,43
0,p3717,1,96
0,p3718,1,88
0,p3719,1,40
0,p3720,1,60
0,p3721,1,80
0,p3722,1,72
0,p3723,1,34
0,p3724,1,69
0,p3725,1,66
0,p3726,1,8
0,p3727,1,98
0,p3728,1,52
0,p3729,1,67
0,p3730,1,48
0,p3731,1,3
0,p3732,1,98
0,p3733,1,31
0,p3734,1,24
0,p3735,1,38
0,p3736,1,100
0,p3737,1,98
0,p3738,1,67
0,p3739,1,17
0,p3740,1,58
0,p3741,1,70
0,p3742,1,90
0,p3743,1,61
0,p3744,1,87
0,p3745,1,74
0,p3746,1,36
0,p3747,1,62
0,p3748,1,85
0,p3749,1,10
0,p3750,1,13
0,p3751,1,65
0,p3752,1,30
0,p3753,1,75
0,p3754,1,23
0,p3755,1,49
0,p3756,1,44
0,p3757,1,41
0,p3758,1,25
0,p3759,1,77
0,p3760,1,41
0,p3761,1,68
0,p3762,1,20
0,p3763,1,7
0,p3764,1,79
0,p3765,1,54
0,p3766,1,13
0,p3767,1,12
0,p3768,1,70
0,p3769,1,80
0,p3770,1,24
0,p3771,1,73
0,p3772,1,93
0,p3773,1,65
0,p3774,1,79
0,p3775,1,89
0,p3776,1,60
0,p3777,1,74
0,p3778,1,30
0,p3779,1,4
0,p3780,1,19
0,p3781,1,15
0,p3782,1,68
0,p3783,1,52
0,p3784,1,18
0,p3785,1,2
0,p3786,1,39
0,p3787,1,41
0,p3788,1,76
0,p3789,1,72
0,p3790,1,16
0,p3791,1,98
0,p3792,1,32
0,p3793,1,27
0,p3794,1,24
0,p3795,1,25
0,p3796,1,94
0,p3797,1,55
0,p3798,1,95
0,p3799,1,73
0,p3800,1,80
0,p3801,1,34
0,p3802,1,99
0,p3803,1,59
0,p3804,1,75
0,p3805,1,31
0,p3806,1,29
0,p3807,1,2
0,p3808,1,53
0,p3809,1,80
0,p3810,1,73
0,p3811,1,59
0,p3812,1,57
0,p3813,1,86
0,p3814,1,82
0,p3815,1,84
0,p3816,1,36
0,p3817,1,5
0,p3818,1,55
0,p3819,1,18
0,p3820,1,22
0,p3821,1,19
0,p3822,1,6
0,p3823,1,94
0,p3824,1,63
0,p3825,1,33
0,p3826,1,32
0,p3827,1,95
0,p3828,1,45
0,p3829,1,38
0,p3830,1,23
0,p3831,1,69
0,p3832,1,6
0,p3833,1,52
0,p3834,1,50
0,p3835,1,20
0,p3836,1,100
0,p3837,1,31
0,p3838,1,93
0,p3839,1,9
0,p3840,1,89
0,p3841,1,38
0,p3842,1,50
0,p3843,1,18
0,p3844,1,69
0,p3845,1,41
0,p3846,1,92
0,p3847,1,100
0,p3848,1,41
0,p3849,1,43
0,p3850,1,95
0,p3851,1,90
0,p3852,1,66
0,p3853,1,92
0,p3854,1,35
0,p3855,1,49
0,p3856,1,45
0,p3857,1,95
0,p3858,1,12
0,p3859,1,58
0,p3860,1,13
0,p3861,1,37
0,p3862,1,83
0,p3863,1,81
0,p3864,1,34
0,p3865,1,67
0,p3866,1,28
0,p3867,1,98
0,p3868,1,84
0,p3869,1,67
0,p3870,1,23
0,p3871,1,5
0,p3872,1,11
0,p3873,1,56
0,p3874,1,69
0,p3875,1,72
0,p3876,1,76
0,p3877,1,32
0,p3878,1,46
0,p3879,1,70
0,p3880,1,45
0,p3881,1,50
0,p3882,1,81
0,p3883,1,93
0,p3884,1,15
0,p3885,1,49
0,p3886,1,82
0,p3887,1,4
0,p3888,1,85
0,p3889,1,93
0,p3890,1,85
0,p3891,1,16
0,p3892,1,57
0,p3893,1,71
0,p3894,1,64
0,p3895,1,33
0,p3896,1,50
0,p3897,1,68
0,p3898,1,72
0,p3899,1,59
0,p3900,1,73
0,p3901,1,85
0,p3902,1,83
0,p3903,1,33
0,p3904,1,84
0,p3905,1,72
0,p3906,1,3
0,p3907,1,71
0,p3908,1,17
0,p3909,1,28
0,p3910,1,24
0,p3911,1,15
0,p3912,1,54
0,p3913,1,61
0,p3914,1,23
0,p3915,1,87
0,p3916,1,78
0,p3917,1,25
0,p3918,1,42
0,p3919,1,68
0,p3920,1,20
0,p3921,1,58
0,p3922,1,10
0,p3923,1,89
0,p3924,1,94
0,p3925,1,40
0,p3926,1,88
0,p3927,1,58
0,p3928,1,4
0,p3929,1,29
0,p3930,1,72
0,p3931,1,61
0,p3932,1,11
0,p3933,1,23
0,p3934,1,49
0,p3935,1,3
0,p3936,1,42
0,p3937,1,33
0,p3938,1,28
0,p3939,1,63
0,p3940,1,52
0,p3941,1,44
0,p3942,1,37
0,p3943,1,17
0,p3944,1,36
0,p3945,1,70
0,p3946,1,6
0,p3947,1,79
0,p3948,1,3
0,p3949,1,87
0,p3950,1,82
0,p3951,1,15
0,p3952,1,100
0,p3953,1,2
0,p3954,1,26
0,p3955,1,78
0,p3956,1,33
0,p3957,1,82
0,p3958,1,66
0,p3959,1,14
0,p3960,1,7
0,p3961,1,43
0,p3962,1,88
0,p3963,1,71
0,p3964,1,10
0,p3965,1,39
0,p3966,1,61
0,p3967,1,75
0,p3968,1,29
0,p3969,1,66
0,p3970,1,71
0,p3971,1,3
0,p3972,1,80
0,p3973,1,83
0,p3974,1,48
0,p3975,1,9
0,p3976,1,82
0,p3977,1,64
0,p3978,1,100
0,p3979,1,30
0,p3980,1,27
0,p3981,1,31
0,p3982,1,59
0,p3983,1,87
0,p3984,1,60
0,p3985,1,27
0,p3986,1,89
0,p3987,1,7
0,p3988,1,99
0,p3989,1,46
0,p3990,1,24
0,p3991,1,42
0,p3992,1,87
0,p3993,1,66
0,p3994,1,5
0,p3995,1,35
0,p3996,1,82
0,p3997,1,86
0,p3998,1,8
0,p3999,1,6
0,p4000,1,92
0,p4001,1,87
0,p4002,1,30
0,p4003,1,49
0,p4004,1,68
0,p4005,1,28
0,p4006,1,84
0,p4007,1,27
0,p4008,1,7
0,p4009,1,83
0,p4010,1,55
0,p4011,1,75
0,p4012,1,64
0,p4013,1,84
0,p4014,1,28
0,p4015,1,46
0,p4016,1,3
0,p4017,1,5
0,p4018,1,26
0,p4019,1,73
0,p4020,1,69
0,p4021,1,100
0,p4022,1,90
0,p4023,1,83
0,p4024,1,21
0,p4025,1,24
0,p4026,1,7
0,p4027,1,6
0,p4028,1,77
0,p4029,1,25
0,p4030,1,50
0,p4031,1,20
0,p4032,1,100
0,p4033,1,75
0,p4034,1,75
0,p4035,1,51
0,p4036,1,17
0,p4037,1,60
0,p4038,1,82
0,p4039,1,42
0,p4040,1,80
0,p4041,1,51
0,p4042,1,70
0,p4043,1,24
0,p4044,1,57
0,p4045,1,38
0,p4046,1,56
0,p4047,1,72
0,p4048,1,73
0,p4049,1,91
0,p4050,1,88
0,p4051,1,3
0,p4052,1,34
0,p4053,1,56
0,p4054,1,45
0,p4055,1,12
0,p4056,1,95
0,p4057,1,82
0,p4058,1,17
0,p4059,1,71
0,p4060,1,12
0,p4061,1,65
0,p4062,1,59
0,p4063,1,90
0,p4064,1,36
0,p4065,1,7
0,p4066,1,56
0,p4067,1,30
0,p4068,1,43
0,p4069,1,10
0,p4070,1,28
0,p4071,1,76
0,p4072,1,72
0,p4073,1,29
0,p4074,1,13
0,p4075,1,50
0,p4076,1,68
0,p4077,1,72
0,p4078,1,52
0,p4079,1,33
0,p4080,1,21
0,p4081,1,61
0,p4082,1,26
0,p4083,1,50
0,p4084,1,74
0,p4085,1,61
0,p4086,1,10
0,p4087,1,90
0,p4088,1,3
0,p4089,1,79
0,p4090,1,25
0,p4091,1,29
0,p4092,1,10
0,p4093,1,100
0,p4094,1,71
0,p4095,1,30
0,p4096,1,18
0,p4097,1,73
0,p4098,1,7
0,p4099,1,98
0,p4100,1,52
0,p4101,1,12
0,p4102,1,65
0,p4103,1,67
0,p4104,1,97
0,p4105,1,15
0,p4106,1,16
0,p4107,1,14
0,p4108,1,10
0,p4109,1,90
0,p4110,1,24
0,p4111,1,73
0,p4112,1,24
0,p4113,1,90
0,p4114,1,13
0,p4115,1,44
0,p4116,1,31
0,p4117,1,81
0,p4118,1,39
0,p4119,1,34
0,p4120,1,83
0,p4121,1,5
0,p4122,1,49
0,p4123,1,30
0,p4124,1,42
0,p4125,1,7
0,p4126,1,52
0,p4127,1,18
0,p4128,1,55
0,p4129,1,76
0,p4130,1,8
0,p4131,1,76
0,p4132,1,48
0,p4133,1,78
0,p4134,1,78
0,p4135,1,35
0,p4136,1,42
0,p4137,1,40
0,p4138,1,70
0,p4139,1,86
0,p4140,1,54
0,p4141,1,60
0,p4142,1,54
0,p4143,1,19
0,p4144,1,24
0,p4145,1,13
0,p4146,1,96
0,p4147,1,16
0,p4148,1,10
0,p4149,1,17
0,p4150,1,86
0,p4151,1,32
0,p4152,1,18
0,p4153,1,18
0,p4154,1,46
0,p4155,1,7
0,p4156,1,10
0,p4157,1,71
0,p4158,1,61
0,p4159,1,17
0,p4160,1,81
0,p4161,1,72
0,p4162,1,52
0,p4163,1,68
0,p4164,1,93
0,p4165,1,72
0,p4166,1,45
0,p4167,1,25
0,p4168,1,78
0,p4169,1,40
0,p4170,1,12
0,p4171,1,75
0,p4172,1,5
0,p4173,1,88
0,p4174,1,6
0,p4175,1,8
0,p4176,1,5
0,p4177,1,3
0,p4178,1,88
0,p4179,1,46
0,p4180,1,34
0,p4181,1,42
0,p4182,1,35
0,p4183,1,83
0,p4184,1,76
0,p4185,1,87
0,p4186,1,15
0,p4187,1,92
0,p4188,1,68
0,p4189,1,61
0,p4190,1,72
0,p4191,1,44
0,p4192,1,33
0,p4193,1,64
0,p4194,1,72
0,p4195,1,7
0,p4196,1,79
0,p4197,1,84
0,p4198,1,63
0,p4199,1,94
0,p4200,1,53
0,p4201,1,60
0,p4202,1,75
0,p4203,1,67
0,p4204,1,81
0,p4205,1,100
0,p4206,1,91
0,p4207,1,27
0,p4208,1,72
0,p4209,1,32
0,p4210,1,99
0,p4211,1,24
0,p4212,1,84
0,p4213,1,94
0,p4214,1,76
0,p4215,1,44
0,p4216,1,62
0,p4217,1,100
0,p4218,1,88
0,p4219,1,71
0,p4220,1,15
0,p4221,1,64
0,p4222,1,71
0,p4223,1,42
0,p4224,1,49
0,p4225,1,7
0,p4226,1,41
0,p4227,1,37
0,p4228,1,31
0,p4229,1,28
0,p4230,1,21
0,p4231,1,90
0,p4232,1,14
0,p4233,1,16
0,p4234,1,30
0,p4235,1,39
0,p4236,1,58
0,p4237,1,77
0,p4238,1,92
0,p4239,1,63
0,p4240,1,4
0,p4241,1,62
0,p4242,1,77
0,p4243,1,14
0,p4244,1,33
0,p4245,1,84
0,p4246,1,54
0,p4247,1,2
0,p4248,1,9
0,p4249,1,71
0,p4250,1,86
0,p4251,1,23
0,p4252,1,80
0,p4253,1,48
0,p4254,1,20
0,p4255,1,54
0,p4256,1,80
0,p4257,1,58
0,p4258,1,65
0,p4259,1,11
0,p4260,1,40
0,p4261,1,86
0,p4262,1,87
0,p4263,1,97
0,p4264,1,88
0,p4265,1,81
0,p4266,1,86
0,p4267,1,72
0,p4268,1,70
0,p4269,1,53
0,p4270,1,99
0,p4271,1,20
0,p4272,1,41
0,p4273,1,73
0,p4274,1,23
0,p4275,1,30
0,p4276,1,3
0,p4277,1,66
0,p4278,1,99
0,p4279,1,99
0,p4280,1,83
0,p4281,1,23
0,p4282,1,77
0,p4283,1,60
0,p4284,1,95
0,p4285,1,65
0,p4286,1,75
0,p4287,1,33
0,p4288,1,12
0,p4289,1,23
0,p4290,1,32
0,p4291,1,62
0,p4292,1,99
0,p4293,1,97
0,p4294,1,29
0,p4295,1,90
0,p4296,1,6
0,p4297,1,27
0,p4298,1,38
0,p4299,1,13
0,p4300,1,54
0,p4301,1,48
0,p4302,1,32
0,p4303,1,66
0,p4304,1,94
0,p4305,1,47
0,p4306,1,65
0,p4307,1,100
0,p4308,1,41
0,p4309,1,79
0,p4310,1,97
0,p4311,1,82
0,p4312,1,56
0,p4313,1,90
0,p4314,1,75
0,p4315,1,65
0,p4316,1,58
0,p4317,1,4
0,p4318,1,65
0,p4319,1,5
0,p4320,1,34
0,p4321,1,91
0,p4322,1,24
0,p4323,1,64
0,p4324,1,100
0,p4325,1,37
0,p4326,1,89
0,p4327,1,88
0,p4328,1,99
0,p4329,1,76
0,p4330,1,48
0,p4331,1,34
0,p4332,1,34
0,p4333,1,99
0,p4334,1,94
0,p4335,1,80
0,p4336,1,13
0,p4337,1,24
0,p4338,1,99
0,p4339,1,51
0,p4340,1,51
0,p4341,1,38
0,p4342,1,46
0,p4343,1,11
0,p4344,1,38
0,p4345,1,27
0,p4346,1,10
0,p4347,1,72
0,p4348,1,88
0,p4349,1,29
0,p4350,1,18
0,p4351,1,23
0,p4352,1,54
0,p4353,1,22
0,p4354,1,4
0,p4355,1,17
0,p4356,1,30
0,p4357,1,49
0,p4358,1,85
0,p4359,1,98
0,p4360,1,5
0,p4361,1,90
0,p4362,1,47
0,p4363,1,24
0,p4364,1,44
0,p4365,1,98
0,p4366,1,25
0,p4367,1,65
0,p4368,1,7
0,p4369,1,71
0,p4370,1,91
0,p4371,1,31
0,p4372,1,93
0,p4373,1,60
0,p4374,1,39
0,p4375,1,41
0,p4376,1,53
0,p4377,1,59
0,p4378,1,33
0,p4379,1,63
0,p4380,1,28
0,p4381,1,40
0,p4382,1,5
0,p4383,1,32
0,p4384,1,53
0,p4385,1,98
0,p4386,1,48
0,p4387,1,73
0,p4388,1,19
0,p4389,1,58
0,p4390,1,76
0,p4391,1,52
0,p4392,1,47
0,p4393,1,7
0,p4394,1,53
0,p4395,1,67
0,p4396,1,25
0,p4397,1,15
0,p4398,1,5
0,p4399,1,81
0,p4400,1,16
0,p4401,1,82
0,p4402,1,23
0,p4403,1,38
0,p4404,1,53
0,p4405,1,68
0,p4406,1,70
0,p4407,1,84
0,p4408,1,35
0,p4409,1,62
0,p4410,1,92
0,p4411,1,78
0,p4412,1,99
0,p4413,1,80
0,p4414,1,67
0,p4415,1,6
0,p4416,1,24
0,p4417,1,86
0,p4418,1,83
0,p4419,1,83
0,p4420,1,81
0,p4421,1,34
0,p4422,1,85
0,p4423,1,96
0,p4424,1,84
0,p4425,1,73
0,p4426,1,83
0,p4427,1,37
0,p4428,1,67
0,p4429,1,100
0,p4430,1,98
0,p4431,1,57
0,p4432,1,90
0,p4433,1,13
0,p4434,1,53
0,p4435,1,51
0,p4436,1,42
0,p4437,1,100
0,p4438,1,15
0,p4439,1,47
0,p4440,1,90
0,p4441,1,90
0,p4442,1,80
0,p4443,1,9
0,p4444,1,53
0,p4445,1,53
0,p4446,1,54
0,p4447,1,44
0,p4448,1,97
0,p4449,1,7
0,p4450,1,82
0,p4451,1,65
0,p4452,1,30
0,p4453,1,11
0,p4454,1,99
0,p4455,1,44
0,p4456,1,62
0,p4457,1,9
0,p4458,1,16
0,p4459,1,61
0,p4460,1,93
0,p4461,1,28
0,p4462,1,48
0,p4463,1,75
0,p4464,1,61
0,p4465,1,73
0,p4466,1,79
0,p4467,1,12
0,p4468,1,27
0,p4469,1,13
0,p4470,1,95
0,p4471,1,24
0,p4472,1,41
0,p4473,1,46
0,p4474,1,27
0,p4475,1,17
0,p4476,1,2
0,p4477,1,83
0,p4478,1,62
0,p4479,1,46
0,p4480,1,33
0,p4481,1,28
0,p4482,1,99
0,p4483,1,86
0,p4484,1,81
0,p4485,1,17
0,p4486,1,47
0,p4487,1,72
0,p4488,1,25
0,p4489,1,17
0,p4490,1,24
0,p4491,1,87
0,p4492,1,76
0,p4493,1,11
0,p4494,1,16
0,p4495,1,71
0,p4496,1,91
0,p4497,1,64
0,p4498,1,62
0,p4499,1,75
0,p4500,1,10
0,p4501,1,71
0,p4502,1,48
0,p4503,1,83
0,p4504,1,71
0,p4505,1,28
0,p4506,1,87
0,p4507,1,52
0,p4508,1,80
0,p4509,1,75
0,p4510,1,52
0,p4511,1,77
0,p4512,1,16
0,p4513,1,81
0,p4514,1,22
0,p4515,1,47
0,p4516,1,44
0,p4517,1,68
0,p4518,1,70
0,p4519,1,65
0,p4520,1,88
0,p4521,1,63
0,p4522,1,44
0,p4523,1,45
0,p4524,1,61
0,p4525,1,50
0,p4526,1,63
0,p4527,1,96
0,p4528,1,95
0,p4529,1,56
0,p4530,1,44
0,p4531,1,95
0,p4532,1,69
0,p4533,1,38
0,p4534,1,42
0,p4535,1,45
0,p4536,1,46
0,p4537,1,51
0,p4538,1,78
0,p4539,1,85
0,p4540,1,6
0,p4541,1,61
0,p4542,1,78
0,p4543,1,7
0,p4544,1,58
0,p4545,1,23
0,p4546,1,56
0,p4547,1,41
0,p4548,1,89
0,p4549,1,2
0,p4550,1,75
0,p4551,1,27
0,p4552,1,84
0,p4553,1,98
0,p4554,1,92
0,p4555,1,43
0,p4556,1,54
0,p4557,1,12
0,p4558,1,67
0,p4559,1,39
0,p4560,1,50
0,p4561,1,25
0,p4562,1,5
0,p4563,1,28
0,p4564,1,12
0,p4565,1,47
0,p4566,1,75
0,p4567,1,19
0,p4568,1,29
0,p4569,1,88
0,p4570,1,94
0,p4571,1,81
0,p4572,1,68
0,p4573,1,28
0,p4574,1,51
0,p4575,1,53
0,p4576,1,24
0,p4577,1,67
0,p4578,1,97
0,p4579,1,86
0,p4580,1,70
0,p4581,1,89
0,p4582,1,16
0,p4583,1,94
0,p4584,1,86
0,p4585,1,56
0,p4586,1,63
0,p4587,1,65
0,p4588,1,63
0,p4589,1,21
0,p4590,1,63
0,p4591,1,35
0,p4592,1,94
0,p4593,1,37
0,p4594,1,63
0,p4595,1,62
0,p4596,1,9
0,p4597,1,91
0,p4598,1,41
0,p4599,1,19
0,p4600,1,42
0,p4601,1,20
0,p4602,1,39
0,p4603,1,38
0,p4604,1,64
0,p4605,1,32
0,p4606,1,25
0,p4607,1,65
0,p4608,1,70
0,p4609,1,58
0,p4610,1,22
0,p4611,1,95
0,p4612,1,26
0,p4613,1,24
0,p4614,1,93
0,p4615,1,19
0,p4616,1,97
0,p4617,1,16
0,p4618,1,100
0,p4619,1,8
0,p4620,1,8
0,p4621,1,4
0,p4622,1,30
0,p4623,1,88
0,p4624,1,12
0,p4625,1,95
0,p4626,1,21
0,p4627,1,27
0,p4628,1,33
0,p4629,1,4
0,p4630,1,29
0,p4631,1,80
0,p4632,1,100
0,p4633,1,78
0,p4634,1,80
0,p4635,1,15
0,p4636,1,37
0,p4637,1,91
0,p4638,1,41
0,p4639,1,86
0,p4640,1,37
0,p4641,1,18
0,p4642,1,64
0,p4643,1,51
0,p4644,1,38
0,p4645,1,80
0,p4646,1,52
0,p4647,1,47
0,p4648,1,15
0,p4649,1,69
0,p4650,1,11
0,p4651,1,91
0,p4652,1,4
0,p4653,1,40
0,p4654,1,17
0,p4655,1,70
0,p4656,1,51
0,p4657,1,14
0,p4658,1,98
0,p4659,1,63
0,p4660,1,74
0,p4661,1,44
0,p4662,1,31
0,p4663,1,96
0,p4664,1,58
0,p4665,1,75
0,p4666,1,6
0,p4667,1,46
0,p4668,1,48
0,p4669,1,43
0,p4670,1,97
0,p4671,1,49
0,p4672,1,24
0,p4673,1,65
0,p4674,1,98
0,p4675,1,79
0,p4676,1,51
0,p4677,1,97
0,p4678,1,13
0,p4679,1,54
0,p4680,1,8
0,p4681,1,93
0,p4682,1,56
0,p4683,1,83
0,p4684,1,65
0,p4685,1,64
0,p4686,1,7
0,p4687,1,7
0,p4688,1,62
0,p4689,1,58
0,p4690,1,35
0,p4691,1,44
0,p4692,1,50
0,p4693,1,56
0,p4694,1,99
0,p4695,1,20
0,p4696,1,56
0,p4697,1,43
0,p4698,1,58
0,p4699,1,3
0,p4700,1,20
0,p4701,1,52
0,p4702,1,29
0,p4703,1,93
0,p4704,1,7
0,p4705,1,19
0,p4706,1,47
0,p4707,1,65
0,p4708,1,22
0,p4709,1,66
0,p4710,1,29
0,p4711,1,90
0,p4712,1,74
0,p4713,1,16
0,p4714,1,48
0,p4715,1,83
0,p4716,1,7
0,p4717,1,52
0,p4718,1,46
0,p4719,1,36
0,p4720,1,52
0,p4721,1,2
0,p4722,1,94
0,p4723,1,44
0,p4724,1,89
0,p4725,1,23
0,p4726,1,63
0,p4727,1,27
0,p4728,1,54
0,p4729,1,88
0,p4730,1,24
0,p4731,1,26
0,p4732,1,70
0,p4733,1,6
0,p4734,1,87
0,p4735,1,63
0,p4736,1,64
0,p4737,1,34
0,p4738,1,40
0,p4739,1,45
0,p4740,1,26
0,p4741,1,33
0,p4742,1,81
0,p4743,1,23
0,p4744,1,88
0,p4745,1,76
0,p4746,1,25
0,p4747,1,20
0,p4748,1,11
0,p4749,1,37
0,p4750,1,23
0,p4751,1,41
0,p4752,1,71
0,p4753,1,76
0,p4754,1,18
0,p4755,1,70
0,p4756,1,44
0,p4757,1,75
0,p4758,1,61
0,p4759,1,98
0,p4760,1,74
0,p4761,1,92
0,p4762,1,72
0,p4763,1,94
0,p4764,1,11
0,p4765,1,97
0,p4766,1,24
0,p4767,1,29
0,p4768,1,22
0,p4769,1,86
0,p4770,1,73
0,p4771,1,36
0,p4772,1,28
0,p4773,1,51
0,p4774,1,70
0,p4775,1,25
0,p4776,1,4
0,p4777,1,25
0,p4778,1,45
0,p4779,1,46
0,p4780,1,3
0,p4781,1,13
0,p4782,1,68
0,p4783,1,74
0,p4784,1,47
0,p4785,1,38
0,p4786,1,33
0,p4787,1,65
0,p4788,1,90
0,p4789,1,33
0,p4790,1,73
0,p4791,1,26
0,p4792,1,97
0,p4793,1,17
0,p4794,1,69
0,p4795,1,58
0,p4796,1,11
0,p4797,1,20
0,p4798,1,49
0,p4799,1,73
0,p4800,1,25
0,p4801,1,76
0,p4802,1,98
0,p4803,1,2
0,p4804,1,97
0,p4805,1,98
0,p4806,1,68
0,p4807,1,4
0,p4808,1,96
0,p4809,1,84
0,p4810,1,34
0,p4811,1,70
0,p4812,1,80
0,p4813,1,93
0,p4814,1,4
0,p4815,1,52
0,p4816,1,19
0,p4817,1,38
0,p4818,1,69
0,p4819,1,78
0,p4820,1,66
0,p4821,1,85
0,p4822,1,21
0,p4823,1,95
0,p4824,1,93
0,p4825,1,47
0,p4826,1,87
0,p4827,1,20
0,p4828,1,7
0,p4829,1,68
0,p4830,1,57
0,p4831,1,65
0,p4832,1,6
0,p4833,1,3
0,p4834,1,68
0,p4835,1,90
0,p4836,1,27
0,p4837,1,29
0,p4838,1,55
0,p4839,1,38
0,p4840,1,81
0,p4841,1,19
0,p4842,1,21
0,p4843,1,86
0,p4844,1,95
0,p4845,1,12
0,p4846,1,82
0,p4847,1,43
0,p4848,1,55
0,p4849,1,30
0,p4850,1,39
0,p4851,1,82
0,p4852,1,35
0,p4853,1,39
0,p4854,1,96
0,p4855,1,55
0,p4856,1,81
0,p4857,1,64
0,p4858,1,92
0,p4859,1,67
0,p4860,1,67
0,p4861,1,83
0,p4862,1,58
0,p4863,1,65
0,p4864,1,90
0,p4865,1,99
0,p4866,1,11
0,p4867,1,70
0,p4868,1,14
0,p4869,1,17
0,p4870,1,24
0,p4871,1,54
0,p4872,1,91
0,p4873,1,16
0,p4874,1,15
0,p4875,1,63
0,p4876,1,72
0,p4877,1,7
0,p4878,1,33
0,p4879,1,58
0,p4880,1,89
0,p4881,1,94
0,p4882,1,70
0,p4883,1,68
0,p4884,1,17
0,p4885,1,4
0,p4886,1,43
0,p4887,1,29
0,p4888,1,58
0,p4889,1,43
0,p4890,1,31
0,p4891,1,36
0,p4892,1,96
0,p4893,1,54
0,p4894,1,79
0,p4895,1,40
0,p4896,1,26
0,p4897,1,29
0,p4898,1,94
0,p4899,1,77
0,p4900,1,54
0,p4901,1,8
0,p4902,1,18
0,p4903,1,29
0,p4904,1,45
0,p4905,1,42
0,p4906,1,45
0,p4907,1,12
0,p4908,1,33
0,p4909,1,50
0,p4910,1,8
0,p4911,1,94
0,p4912,1,59
0,p4913,1,2
0,p4914,1,18
0,p4915,1,36
0,p4916,1,63
0,p4917,1,67
0,p4918,1,33
0,p4919,1,23
0,p4920,1,42
0,p4921,1,75
0,p4922,1,19
0,p4923,1,28
0,p4924,1,67
0,p4925,1,2
0,p4926,1,30
0,p4927,1,91
0,p4928,1,82
0,p4929,1,7
0,p4930,1,18
0,p4931,1,28
0,p4932,1,27
0,p4933,1,88
0,p4934,1,37
0,p4935,1,18
0,p4936,1,58
0,p4937,1,45
0,p4938,1,32
0,p4939,1,62
0,p4940,1,89
0,p4941,1,49
0,p4942,1,91
0,p4943,1,74
0,p4944,1,75
0,p4945,1,11
0,p4946,1,89
0,p4947,1,69
0,p4948,1,84
0,p4949,1,79
0,p4950,1,4
0,p4951,1,50
0,p4952,1,79
0,p4953,1,13
0,p4954,1,43
0,p4955,1,33
0,p4956,1,20
0,p4957,1,21
0,p4958,1,20
0,p4959,1,33
0,p4960,1,34
0,p4961,1,95
0,p4962,1,28
0,p4963,1,46
0,p4964,1,65
0,p4965,1,38
0,p4966,1,13
0,p4967,1,93
0,p4968,1,95
0,p4969,1,32
0,p4970,1,2
0,p4971,1,91
0,p4972,1,49
0,p4973,1,95
0,p4974,1,91
0,p4975,1,64
0,p4976,1,90
0,p4977,1,33
0,p4978,1,59
0,p4979,1,49
0,p4980,1,31
0,p4981,1,11
0,p4982,1,49
0,p4983,1,69
0,p4984,1,24
0,p4985,1,63
0,p4986,1,52
0,p4987,1,35
0,p4988,1,78
0,p4989,1,7
0,p4990,1,65
0,p4991,1,43
0,p4992,1,33
0,p4993,1,20
0,p4994,1,84
0,p4995,1,35
0,p4996,1,57
0,p4997,1,96
0,p4998,1,94
0,p4999,1,24
0,p5000,1,33
0,p5001,1,77
0,p5002,1,9
0,p5003,1,40
0,p5004,1,60
0,p5005,1,58
0,p5006,1,51
0,p5007,1,70
0,p5008,1,18
0,p5009,1,29
0,p5010,1,34
0,p5011,1,49
0,p5012,1,14
0,p5013,1,96
0,p5014,1,35
0,p5015,1,68
0,p5016,1,72
0,p5017,1,99
0,p5018,1,59
0,p5019,1,49
0,p5020,1,89
0,p5021,1,38
0,p5022,1,44
0,p5023,1,34
0,p5024,1,60
0,p5025,1,80
0,p5026,1,35
0,p5027,1,49
0,p5028,1,78
0,p5029,1,75
0,p5030,1,41
0,p5031,1,41
0,p5032,1,46
0,p5033,1,34
0,p5034,1,25
0,p5035,1,39
0,p5036,1,46
0,p5037,1,52
0,p5038,1,34
0,p5039,1,96
0,p5040,1,28
0,p5041,1,24
0,p5042,1,36
0,p5043,1,41
0,p5044,1,73
0,p5045,1,93
0,p5046,1,99
0,p5047,1,9
0,p5048,1,45
0,p5049,1,97
0,p5050,1,25
0,p5051,1,81
0,p5052,1,10
0,p5053,1,72
0,p5054,1,78
0,p5055,1,76
0,p5056,1,7
0,p5057,1,21
0,p5058,1,16
0,p5059,1,3
0,p5060,1,67
0,p5061,1,96
0,p5062,1,22
0,p5063,1,62
0,p5064,1,10
0,p5065,1,9
0,p5066,1,63
0,p5067,1,37
0,p5068,1,15
0,p5069,1,92
0,p5070,1,65
0,p5071,1,38
0,p5072,1,44
0,p5073,1,54
0,p5074,1,51
0,p5075,1,54
0,p5076,1,86
0,p5077,1,34
0,p5078,1,64
0,p5079,1,42
0,p5080,1,54
0,p5081,1,27
0,p5082,1,11
0,p5083,1,26
0,p5084,1,23
0,p5085,1,73
0,p5086,1,60
0,p5087,1,29
0,p5088,1,22
0,p5089,1,63
0,p5090,1,13
0,p5091,1,21
0,p5092,1,35
0,p5093,1,86
0,p5094,1,97
0,p5095,1,98
0,p5096,1,13
0,p5097,1,45
0,p5098,1,39
0,p5099,1,30
0,p5100,1,19
0,p5101,1,12
0,p5102,1,75
0,p5103,1,40
0,p5104,1,14
0,p5105,1,16
0,p5106,1,33
0,p5107,1,16
0,p5108,1,15
0,p5109,1,45
0,p5110,1,68
0,p5111,1,85
0,p5112,1,9
0,p5113,1,66
0,p5114,1,6
0,p5115,1,100
0,p5116,1,85
0,p5117,1,17
0,p5118,1,42
0,p5119,1,39
0,p5120,1,47
0,p5121,1,44
0,p5122,1,94
0,p5123,1,94
0,p5124,1,40
0,p5125,1,45
0,p5126,1,29
0,p5127,1,21
0,p5128,1,34
0,p5129,1,71
0,p5130,1,97
0,p5131,1,25
0,p5132,1,86
0,p5133,1,15
0,p5134,1,94
0,p5135,1,71
0,p5136,1,81
0,p5137,1,96
0,p5138,1,49
0,p5139,1,14
0,p5140,1,22
0,p5141,1,94
0,p5142,1,58
0,p5143,1,22
0,p5144,1,31
0,p5145,1,36
0,p5146,1,6
0,p5147,1,56
0,p5148,1,38
0,p5149,1,34
0,p5150,1,24
0,p5151,1,60
0,p5152,1,6
0,p5153,1,2
0,p5154,1,53
0,p5155,1,42
0,p5156,1,54
0,p5157,1,21
0,p5158,1,44
0,p5159,1,8
0,p5160,1,67
0,p5161,1,97
0,p5162,1,4
0,p5163,1,66
0,p5164,1,82
0,p5165,1,92
0,p5166,1,25
0,p5167,1,72
0,p5168,1,17
0,p5169,1,57
0,p5170,1,28
0,p5171,1,3
0,p5172,1,36
0,p5173,1,80
0,p5174,1,24
0,p5175,1,67
0,p5176,1,26
0,p5177,1,11
0,p5178,1,13
0,p5179,1,100
0,p5180,1,79
0,p5181,1,82
0,p5182,1,73
0,p5183,1,77
0,p5184,1,88
0,p5185,1,63
0,p5186,1,76
0,p5187,1,45
0,p5188,1,97
0,p5189,1,99
0,p5190,1,24
0,p5191,1,22
0,p5192,1,7
0,p5193,1,6
0,p5194,1,72
0,p5195,1,24
0,p5196,1,16
0,p5197,1,44
0,p5198,1,61
0,p5199,1,33
0,p5200,1,84
0,p5201,1,56
0,p5202,1,16
0,p5203,1,99
0,p5204,1,72
0,p5205,1,26
0,p5206,1,9
0,p5207,1,12
0,p5208,1,49
0,p5209,1,86
0,p5210,1,59
0,p5211,1,80
0,p5212,1,68
0,p5213,1,52
0,p5214,1,33
0,p5215,1,56
0,p5216,1,98
0,p5217,1,68
0,p5218,1,77
0,p5219,1,55
0,p5220,1,42
0,p5221,1,19
0,p5222,1,90
0,p5223,1,54
0,p5224,1,93
0,p5225,1,34
0,p5226,1,78
0,p5227,1,69
0,p5228,1,72
0,p5229,1,29
0,p5230,1,85
0,p5231,1,71
0,p5232,1,14
0,p5233,1,49
0,p5234,1,61
0,p5235,1,67
0,p5236,1,100
0,p5237,1,21
0,p5238,1,4
0,p5239,1,31
0,p5240,1,77
0,p5241,1,38
0,p5242,1,68
0,p5243,1,94
0,p5244,1,65
0,p5245,1,100
0,p5246,1,5
0,p5247,1,10
0,p5248,1,57
0,p5249,1,29
0,p5250,1,87
0,p5251,1,6
0,p5252,1,63
0,p5253,1,81
0,p5254,1,25
0,p5255,1,39
0,p5256,1,100
0,p5257,1,84
0,p5258,1,61
0,p5259,1,89
0,p5260,1,13
0,p5261,1,39
0,p5262,1,3
0,p5263,1,62
0,p5264,1,9
0,p5265,1,68
0,p5266,1,17
0,p5267,1,78
0,p5268,1,76
0,p5269,1,27
0,p5270,1,57
0,p5271,1,61
0,p5272,1,71
0,p5273,1,46
0,p5274,1,33
0,p5275,1,57
0,p5276,1,49
0,p5277,1,25
0,p5278,1,4
0,p5279,1,40
0,p5280,1,45
0,p5281,1,12
0,p5282,1,26
0,p5283,1,93
0,p5284,1,22
0,p5285,1,93
0,p5286,1,88
0,p5287,1,66
0,p5288,1,82
0,p5289,1,90
0,p5290,1,8
0,p5291,1,18
0,p5292,1,24
0,p5293,1,95
0,p5294,1,40
0,p5295,1,73
0,p5296,1,2
0,p5297,1,38
0,p5298,1,44
0,p5299,1,35
0,p5300,1,89
0,p5301,1,39
0,p5302,1,80
0,p5303,1,5
0,p5304,1,79
0,p5305,1,100
0,p5306,1,53
0,p5307,1,86
0,p5308,1,59
0,p5309,1,28
0,p5310,1,25
0,p5311,1,87
0,p5312,1,12
0,p5313,1,46
0,p5314,1,63
0,p5315,1,23
0,p5316,1,54
0,p5317,1,16
0,p5318,1,23
0,p5319,1,69
0,p5320,1,15
0,p5321,1,97
0,p5322,1,46
0,p5323,1,22
0,p5324,1,49
0,p5325,1,55
0,p5326,1,5
0,p5327,1,18
0,p5328,1,18
0,p5329,1,30
0,p5330,1,14
0,p5331,1,23
0,p5332,1,60
0,p5333,1,39
0,p5334,1,39
0,p5335,1,12
0,p5336,1,2
0,p5337,1,30
0,p5338,1,67
0,p5339,1,38
0,p5340,1,33
0,p5341,1,94
0,p5342,1,72
0,p5343,1,23
0,p5344,1,79
0,p5345,1,80
0,p5346,1,43
0,p5347,1,2
0,p5348,1,13
0,p5349,1,48
0,p5350,1,43
0,p5351,1,58
0,p5352,1,29
0,p5353,1,75
0,p5354,1,91
0,p5355,1,19
0,p5356,1,77
0,p5357,1,49
0,p5358,1,83
0,p5359,1,95
0,p5360,1,90
0,p5361,1,66
0,p5362,1,56
0,p5363,1,55
0,p5364,1,59
0,p5365,1,86
0,p5366,1,99
0,p5367,1,72
0,p5368,1,34
0,p5369,1,91
0,p5370,1,63
0,p5371,1,92
0,p5372,1,89
0,p5373,1,38
0,p5374,1,39
0,p5375,1,12
0,p5376,1,60
0,p5377,1,49
0,p5378,1,9
0,p5379,1,12
0,p5380,1,82
0,p5381,1,68
0,p5382,1,73
0,p5383,1,38
0,p5384,1,42
0,p5385,1,59
0,p5386,1,7
0,p5387,1,7
0,p5388,1,55
0,p5389,1,12
0,p5390,1,50
0,p5391,1,91
0,p5392,1,73
0,p5393,1,36
0,p5394,1,92
0,p5395,1,61
0,p5396,1,12
0,p5397,1,39
0,p5398,1,34
0,p5399,1,69
0,p5400,1,52
0,p5401,1,58
0,p5402,1,11
0,p5403,1,12
0,p5404,1,99
0,p5405,1,30
0,p5406,1,97
0,p5407,1,56
0,p5408,1,21
0,p5409,1,19
0,p5410,1,75
0,p5411,1,14
0,p5412,1,61
0,p5413,1,24
0,p5414,1,24
0,p5415,1,6
0,p5416,1,65
0,p5417,1,38
0,p5418,1,24
0,p5419,1,40
0,p5420,1,83
0,p5421,1,9
0,p5422,1,15
0,p5423,1,73
0,p5424,1,69
0,p5425,1,38
0,p5426,1,60
0,p5427,1,39
0,p5428,1,52
0,p5429,1,33
0,p5430,1,62
0,p5431,1,4
0,p5432,1,57
0,p5433,1,93
0,p5434,1,92
0,p5435,1,33
0,p5436,1,3
0,p5437,1,63
0,p5438,1,25
0,p5439,1,95
0,p5440,1,13
0,p5441,1,38
0,p5442,1,11
0,p5443,1,3
0,p5444,1,33
0,p5445,1,90
0,p5446,1,86
0,p5447,1,85
0,p5448,1,60
0,p5449,1,18
0,p5450,1,80
0,p5451,1,5
0,p5452,1,29
0,p5453,1,91
0,p5454,1,42
0,p5455,1,32
0,p5456,1,87
0,p5457,1,75
0,p5458,1,31
0,p5459,1,98
0,p5460,1,35
0,p5461,1,29
0,p5462,1,34
0,p5463,1,5
0,p5464,1,31
0,p5465,1,10
0,p5466,1,21
0,p5467,1,7
0,p5468,1,32
0,p5469,1,44
0,p5470,1,16
0,p5471,1,51
0,p5472,1,56
0,p5473,1,21
0,p5474,1,8
0,p5475,1,63
0,p5476,1,50
0,p5477,1,82
0,p5478,1,31
0,p5479,1,85
0,p5480,1,51
0,p5481,1,83
0,p5482,1,24
0,p5483,1,17
0,p5484,1,22
0,p5485,1,7
0,p5486,1,98
0,p5487,1,82
0,p5488,1,25
0,p5489,1,59
0,p5490,1,6
0,p5491,1,2
0,p5492,1,9
0,p5493,1,89
0,p5494,1,85
0,p5495,1,15
0,p5496,1,25
0,p5497,1,28
0,p5498,1,92
0,p5499,1,71
0,p5500,1,49
0,p5501,1,73
0,p5502,1,72
0,p5503,1,95
0,p5504,1,83
0,p5505,1,32
0,p5506,1,7
0,p5507,1,62
0,p5508,1,16
0,p5509,1,27
0,p5510,1,94
0,p5511,1,67
0,p5512,1,44
0,p5513,1,24
0,p5514,1,91
0,p5515,1,88
0,p5516,1,54
0,p5517,1,8
0,p5518,1,60
0,p5519,1,54
0,p5520,1,53
0,p5521,1,26
0,p5522,1,51
0,p5523,1,27
0,p5524,1,51
0,p5525,1,89
0,p5526,1,31
0,p5527,1,55
0,p5528,1,12
0,p5529,1,16
0,p5530,1,75
0,p5531,1,7
0,p5532,1,32
0,p5533,1,76
0,p5534,1,69
0,p5535,1,74
0,p5536,1,13
0,p5537,1,97
0,p5538,1,4
0,p5539,1,89
0,p5540,1,58
0,p5541,1,67
0,p5542,1,91
0,p5543,1,45
0,p5544,1,24
0,p5545,1,100
0,p5546,1,6
0,p5547,1,35
0,p5548,1,90
0,p5549,1,56
0,p5550,1,47
0,p5551,1,59
0,p5552,1,15
0,p5553,1,62
0,p5554,1,16
0,p5555,1,13
0,p5556,1,72
0,p5557,1,30
0,p5558,1,19
0,p5559,1,85
0,p5560,1,83
0,p5561,1,18
0,p5562,1,54
0,p5563,1,23
0,p5564,1,37
0,p5565,1,40
0,p5566,1,14
0,p5567,1,16
0,p5568,1,41
0,p5569,1,13
0,p5570,1,46
0,p5571,1,13
0,p5572,1,90
0,p5573,1,92
0,p5574,1,88
0,p5575,1,12
0,p5576,1,58
0,p5577,1,73
0,p5578,1,73
0,p5579,1,24
0,p5580,1,80
0,p5581,1,69
0,p5582,1,15
0,p5583,1,41
0,p5584,1,75
0,p5585,1,65
0,p5586,1,33
0,p5587,1,89
0,p5588,1,99
0,p5589,1,52
0,p5590,1,63
0,p5591,1,98
0,p5592,1,52
0,p5593,1,95
0,p5594,1,82
0,p5595,1,61
0,p5596,1,94
0,p5597,1,88
0,p5598,1,19
0,p5599,1,73
0,p5600,1,13
0,p5601,1,57
0,p5602,1,31
0,p5603,1,9
0,p5604,1,38
0,p5605,1,46
0,p5606,1,7
0,p5607,1,28
0,p5608,1,63
0,p5609,1,5
0,p5610,1,73
0,p5611,1,70
0,p5612,1,75
0,p5613,1,17
0,p5614,1,7
0,p5615,1,40
0,p5616,1,93
0,p5617,1,53
0,p5618,1,99
0,p5619,1,92
0,p5620,1,13
0,p5621,1,99
0,p5622,1,66
0,p5623,1,28
0,p5624,1,46
0,p5625,1,94
0,p5626,1,25
0,p5627,1,15
0,p5628,1,80
0,p5629,1,97
0,p5630,1,13
0,p5631,1,72
0,p5632,1,52
0,p5633,1,73
0,p5634,1,98
0,p5635,1,83
0,p5636,1,73
0,p5637,1,96
0,p5638,1,9
0,p5639,1,5
0,p5640,1,80
0,p5641,1,90
0,p5642,1,18
0,p5643,1,93
0,p5644,1,91
0,p5645,1,35
0,p5646,1,56
0,p5647,1,87
0,p5648,1,48
0,p5649,1,40
0,p5650,1,71
0,p5651,1,96
0,p5652,1,59
0,p5653,1,30
0,p5654,1,77
0,p5655,1,2
0,p5656,1,40
0,p5657,1,87
0,p5658,1,80
0,p5659,1,61
0,p5660,1,61
0,p5661,1,37
0,p5662,1,88
0,p5663,1,92
0,p5664,1,41
0,p5665,1,66
0,p5666,1,47
0,p5667,1,15
0,p5668,1,8
0,p5669,1,55
0,p5670,1,42
0,p5671,1,49
0,p5672,1,81
0,p5673,1,76
0,p5674,1,43
0,p5675,1,15
0,p5676,1,49
0,p5677,1,52
0,p5678,1,54
0,p5679,1,33
0,p5680,1,12
0,p5681,1,57
0,p5682,1,50
0,p5683,1,57
0,p5684,1,51
0,p5685,1,51
0,p5686,1,12
0,p5687,1,10
0,p5688,1,6
0,p5689,1,39
0,p5690,1,92
0,p5691,1,65
0,p5692,1,51
0,p5693,1,63
0,p5694,1,50
0,p5695,1,9
0,p5696,1,38
0,p5697,1,49
0,p5698,1,10
0,p5699,1,93
0,p5700,1,45
0,p5701,1,36
0,p5702,1,89
0,p5703,1,14
0,p5704,1,80
0,p5705,1,51
0,p5706,1,98
0,p5707,1,100
0,p5708,1,65
0,p5709,1,56
0,p5710,1,82
0,p5711,1,8
0,p5712,1,74
0,p5713,1,46
0,p5714,1,4
0,p5715,1,18
0,p5716,1,24
0,p5717,1,99
0,p5718,1,19
0,p5719,1,77
0,p5720,1,34
0,p5721,1,86
0,p5722,1,9
0,p5723,1,84
0,p5724,1,5
0,p5725,1,29
0,p5726,1,87
0,p5727,1,8
0,p5728,1,39
0,p5729,1,82
0,p5730,1,76
0,p5731,1,62
0,p5732,1,39
0,p5733,1,54
0,p5734,1,64
0,p5735,1,5
0,p5736,1,67
0,p5737,1,98
0,p5738,1,83
0,p5739,1,95
0,p5740,1,57
0,p5741,1,18
0,p5742,1,84
0,p5743,1,42
0,p5744,1,74
0,p5745,1,19
0,p5746,1,80
0,p5747,1,48
0,p5748,1,8
0,p5749,1,42
0,p5750,1,87
0,p5751,1,57
0,p5752,1,6
0,p5753,1,48
0,p5754,1,88
0,p5755,1,66
0,p5756,1,57
0,p5757,1,61
0,p5758,1,65
0,p5759,1,58
0,p5760,1,37
0,p5761,1,44
0,p5762,1,50
0,p5763,1,81
0,p5764,1,86
0,p5765,1,66
0,p5766,1,80
0,p5767,1,65
0,p5768,1,22
0,p5769,1,74
0,p5770,1,48
0,p5771,1,86
0,p5772,1,32
0,p5773,1,43
0,p5774,1,93
0,p5775,1,23
0,p5776,1,24
0,p5777,1,48
0,p5778,1,43
0,p5779,1,89
0,p5780,1,95
0,p5781,1,44
0,p5782,1,32
0,p5783,1,25
0,p5784,1,92
0,p5785,1,88
0,p5786,1,89
0,p5787,1,90
0,p5788,1,92
0,p5789,1,48
0,p5790,1,4
0,p5791,1,52
0,p5792,1,77
0,p5793,1,43
0,p5794,1,3
0,p5795,1,95
0,p5796,1,19
0,p5797,1,53
0,p5798,1,23
0,p5799,1,81
0,p5800,1,12
0,p5801,1,86
0,p5802,1,9
0,p5803,1,67
0,p5804,1,48
0,p5805,1,28
0,p5806,1,96
0,p5807,1,57
0,p5808,1,36
0,p5809,1,53
0,p5810,1,90
0,p5811,1,48
0,p5812,1,44
0,p5813,1,15
0,p5814,1,49
0,p5815,1,14
0,p5816,1,84
0,p5817,1,42
0,p5818,1,57
0,p5819,1,8
0,p5820,1,36
0,p5821,1,59
0,p5822,1,80
0,p5823,1,6
0,p5824,1,25
0,p5825,1,6
0,p5826,1,80
0,p5827,1,75
0,p5828,1,87
0,p5829,1,88
0,p5830,1,14
0,p5831,1,55
0,p5832,1,61
0,p5833,1,31
0,p5834,1,6
0,p5835,1,95
0,p5836,1,53
0,p5837,1,67
0,p5838,1,4
0,p5839,1,4
0,p5840,1,83
0,p5841,1,95
0,p5842,1,93
0,p5843,1,50
0,p5844,1,64
0,p5845,1,49
0,p5846,1,54
0,p5847,1,35
0,p5848,1,23
0,p5849,1,88
0,p5850,1,16
0,p5851,1,3
0,p5852,1,51
0,p5853,1,83
0,p5854,1,65
0,p5855,1,74
0,p5856,1,61
0,p5857,1,63
0,p5858,1,21
0,p5859,1,36
0,p5860,1,4
0,p5861,1,94
0,p5862,1,14
0,p5863,1,15
0,p5864,1,98
0,p5865,1,73
0,p5866,1,66
0,p5867,1,71
0,p5868,1,15
0,p5869,1,71
0,p5870,1,61
0,p5871,1,62
0,p5872,1,98
0,p5873,1,8
0,p5874,1,95
0,p5875,1,93
0,p5876,1,57
0,p5877,1,85
0,p5878,1,34
0,p5879,1,47
0,p5880,1,33
0,p5881,1,94
0,p5882,1,97
0,p5883,1,51
0,p5884,1,43
0,p5885,1,23
0,p5886,1,57
0,p5887,1,94
0,p5888,1,44
0,p5889,1,11
0,p5890,1,63
0,p5891,1,91
0,p5892,1,35
0,p5893,1,56
0,p5894,1,40
0,p5895,1,46
0,p5896,1,26
0,p5897,1,35
0,p5898,1,53
0,p5899,1,80
0,p5900,1,56
0,p5901,1,63
0,p5902,1,33
0,p5903,1,71
0,p5904,1,14
0,p5905,1,47
0,p5906,1,62
0,p5907,1,48
0,p5908,1,66
0,p5909,1,50
0,p5910,1,69
0,p5911,1,5
0,p5912,1,8
0,p5913,1,96
0,p5914,1,39
0,p5915,1,33
0,p5916,1,22
0,p5917,1,46
0,p5918,1,93
0,p5919,1,78
0,p5920,1,44
0,p5921,1,58
0,p5922,1,97
0,p5923,1,26
0,p5924,1,66
0,p5925,1,34
0,p5926,1,99
0,p5927,1,82
0,p5928,1,15
0,p5929,1,4
0,p5930,1,80
0,p5931,1,39
0,p5932,1,84
0,p5933,1,97
0,p5934,1,71
0,p5935,1,67
0,p5936,1,67
0,p5937,1,36
0,p5938,1,20
0,p5939,1,96
0,p5940,1,52
0,p5941,1,30
0,p5942,1,97
0,p5943,1,81
0,p5944,1,45
0,p5945,1,83
0,p5946,1,80
0,p5947,1,51
0,p5948,1,100
0,p5949,1,82
0,p5950,1,89
0,p5951,1,20
0,p5952,1,41
0,p5953,1,56
0,p5954,1,40
0,p5955,1,8
0,p5956,1,16
0,p5957,1,19
0,p5958,1,73
0,p5959,1,56
0,p5960,1,94
0,p5961,1,72
0,p5962,1,14
0,p5963,1,42
0,p5964,1,4
0,p5965,1,78
0,p5966,1,90
0,p5967,1,46
0,p5968,1,32
0,p5969,1,63
0,p5970,1,11
0,p5971,1,51
0,p5972,1,62
0,p5973,1,38
0,p5974,1,10
0,p5975,1,6
0,p5976,1,57
0,p5977,1,39
0,p5978,1,29
0,p5979,1,20
0,p5980,1,8
0,p5981,1,73
0,p5982,1,100
0,p5983,1,45
0,p5984,1,54
0,p5985,1,47
0,p5986,1,100
0,p5987,1,38
0,p5988,1,99
0,p5989,1,77
0,p5990,1,28
0,p5991,1,72
0,p5992,1,98
0,p5993,1,78
0,p5994,1,52
0,p5995,1,44
0,p5996,1,84
0,p5997,1,81
0,p5998,1,29
0,p5999,1,24
0,p6000,1,2
0,p6001,1,38
0,p6002,1,22
0,p6003,1,48
0,p6004,1,40
0,p6005,1,63
0,p6006,1,87
0,p6007,1,97
0,p6008,1,94
0,p6009,1,72
0,p6010,1,21
0,p6011,1,47
0,p6012,1,13
0,p6013,1,41
0,p6014,1,70
0,p6015,1,96
0,p6016,1,100
0,p6017,1,95
0,p6018,1,100
0,p6019,1,67
0,p6020,1,72
0,p6021,1,43
0,p6022,1,88
0,p6023,1,4
0,p6024,1,70
0,p6025,1,84
0,p6026,1,79
0,p6027,1,24
0,p6028,1,31
0,p6029,1,70
0,p6030,1,85
0,p6031,1,40
0,p6032,1,99
0,p6033,1,51
0,p6034,1,2
0,p6035,1,47
0,p6036,1,64
0,p6037,1,43
0,p6038,1,85
0,p6039,1,9
0,p6040,1,62
0,p6041,1,47
0,p6042,1,9
0,p6043,1,56
0,p6044,1,50
0,p6045,1,56
0,p6046,1,56
0,p6047,1,70
0,p6048,1,40
0,p6049,1,24
0,p6050,1,70
0,p6051,1,12
0,p6052,1,7
0,p6053,1,76
0,p6054,1,96
0,p6055,1,58
0,p6056,1,59
0,p6057,1,33
0,p6058,1,70
0,p6059,1,35
0,p6060,1,59
0,p6061,1,63
0,p6062,1,56
0,p6063,1,37
0,p6064,1,59
0,p6065,1,24
0,p6066,1,26
0,p6067,1,51
0,p6068,1,4
0,p6069,1,3
0,p6070,1,23
0,p6071,1,59
0,p6072,1,8
0,p6073,1,78
0,p6074,1,37
0,p6075,1,58
0,p6076,1,69
0,p6077,1,28
0,p6078,1,51
0,p6079,1,43
0,p6080,1,70
0,p6081,1,24
0,p6082,1,73
0,p6083,1,37
0,p6084,1,59
0,p6085,1,79
0,p6086,1,91
0,p6087,1,56
0,p6088,1,56
0,p6089,1,62
0,p6090,1,39
0,p6091,1,14
0,p6092,1,21
0,p6093,1,7
0,p6094,1,16
0,p6095,1,13
0,p6096,1,59
0,p6097,1,37
0,p6098,1,25
0,p6099,1,39
0,p6100,1,15
0,p6101,1,17
0,p6102,1,55
0,p6103,1,59
0,p6104,1,28
0,p6105,1,61
0,p6106,1,49
0,p6107,1,73
0,p6108,1,8
0,p6109,1,66
0,p6110,1,33
0,p6111,1,23
0,p6112,1,5
0,p6113,1,30
0,p6114,1,16
0,p6115,1,38
0,p6116,1,86
0,p6117,1,36
0,p6118,1,66
0,p6119,1,71
0,p6120,1,93
0,p6121,1,39
0,p6122,1,72
0,p6123,1,62
0,p6124,1,91
0,p6125,1,99
0,p6126,1,27
0,p6127,1,76
0,p6128,1,52
0,p6129,1,46
0,p6130,1,20
0,p6131,1,99
0,p6132,1,9
0,p6133,1,47
0,p6134,1,76
0,p6135,1,45
0,p6136,1,92
0,p6137,1,69
0,p6138,1,15
0,p6139,1,30
0,p6140,1,68
0,p6141,1,29
0,p6142,1,75
0,p6143,1,96
0,p6144,1,11
0,p6145,1,85
0,p6146,1,61
0,p6147,1,8
0,p6148,1,62
0,p6149,1,81
0,p6150,1,6
0,p6151,1,91
0,p6152,1,57
0,p6153,1,17
0,p6154,1,59
0,p6155,1,30
0,p6156,1,24
0,p6157,1,80
0,p6158,1,40
0,p6159,1,51
0,p6160,1,14
0,p6161,1,3
0,p6162,1,63
0,p6163,1,17
0,p6164,1,54
0,p6165,1,6
0,p6166,1,75
0,p6167,1,69
0,p6168,1,94
0,p6169,1,100
0,p6170,1,2
0,p6171,1,77
0,p6172,1,49
0,p6173,1,99
0,p6174,1,69
0,p6175,1,35
0,p6176,1,66
0,p6177,1,28
0,p6178,1,96
0,p6179,1,48
0,p6180,1,12
0,p6181,1,27
0,p6182,1,63
0,p6183,1,98
0,p6184,1,95
0,p6185,1,71
0,p6186,1,3
0,p6187,1,39
0,p6188,1,96
0,p6189,1,83
0,p6190,1,62
0,p6191,1,99
0,p6192,1,98
0,p6193,1,34
0,p6194,1,6
0,p6195,1,59
0,p6196,1,72
0,p6197,1,26
0,p6198,1,34
0,p6199,1,13
0,p6200,1,86
0,p6201,1,61
0,p6202,1,95
0,p6203,1,88
0,p6204,1,59
0,p6205,1,23
0,p6206,1,3
0,p6207,1,93
0,p6208,1,94
0,p6209,1,29
0,p6210,1,91
0,p6211,1,71
0,p6212,1,72
0,p6213,1,29
0,p6214,1,52
0,p6215,1,29
0,p6216,1,97
0,p6217,1,28
0,p6218,1,32
0,p6219,1,63
0,p6220,1,40
0,p6221,1,17
0,p6222,1,30
0,p6223,1,94
0,p6224,1,72
0,p6225,1,18
0,p6226,1,97
0,p6227,1,18
0,p6228,1,66
0,p6229,1,48
0,p6230,1,6
0,p6231,1,33
0,p6232,1,53
0,p6233,1,48
0,p6234,1,32
0,p6235,1,3
0,p6236,1,67
0,p6237,1,10
0,p6238,1,66
0,p6239,1,100
0,p6240,1,13
0,p6241,1,48
0,p6242,1,52
0,p6243,1,84
0,p6244,1,58
0,p6245,1,62
0,p6246,1,86
0,p6247,1,8
0,p6248,1,47
0,p6249,1,58
0,p6250,1,15
0,p6251,1,20
0,p6252,1,70
0,p6253,1,73
0,p6254,1,50
0,p6255,1,28
0,p6256,1,76
0,p6257,1,74
0,p6258,1,61
0,p6259,1,15
0,p6260,1,8
0,p6261,1,64
0,p6262,1,24
0,p6263,1,80
0,p6264,1,7
0,p6265,1,76
0,p6266,1,40
0,p6267,1,46
0,p6268,1,92
0,p6269,1,9
0,p6270,1,9
0,p6271,1,8
0,p6272,1,68
0,p6273,1,15
0,p6274,1,22
0,p6275,1,83
0,p6276,1,13
0,p6277,1,99
0,p6278,1,8
0,p6279,1,57
0,p6280,1,48
0,p6281,1,63
0,p6282,1,61
0,p6283,1,36
0,p6284,1,97
0,p6285,1,70
0,p6286,1,25
0,p6287,1,48
0,p6288,1,80
0,p6289,1,96
0,p6290,1,51
0,p6291,1,10
0,p6292,1,92
0,p6293,1,19
0,p6294,1,97
0,p6295,1,81
0,p6296,1,21
0,p6297,1,62
0,p6298,1,79
0,p6299,1,94
0,p6300,1,68
0,p6301,1,87
0,p6302,1,16
0,p6303,1,73
0,p6304,1,34
0,p6305,1,81
0,p6306,1,67
0,p6307,1,76
0,p6308,1,39
0,p6309,1,29
0,p6310,1,87
0,p6311,1,37
0,p6312,1,73
0,p6313,1,56
0,p6314,1,17
0,p6315,1,70
0,p6316,1,4
0,p6317,1,29
0,p6318,1,88
0,p6319,1,73
0,p6320,1,11
0,p6321,1,4
0,p6322,1,97
0,p6323,1,53
0,p6324,1,20
0,p6325,1,34
0,p6326,1,23
0,p6327,1,24
0,p6328,1,67
0,p6329,1,38
0,p6330,1,44
0,p6331,1,72
0,p6332,1,67
0,p6333,1,34
0,p6334,1,50
0,p6335,1,55
0,p6336,1,78
0,p6337,1,38
0,p6338,1,6
0,p6339,1,55
0,p6340,1,52
0,p6341,1,11
0,p6342,1,60
0,p6343,1,51
0,p6344,1,19
0,p6345,1,73
0,p6346,1,67
0,p6347,1,50
0,p6348,1,67
0,p6349,1,5
0,p6350,1,81
0,p6351,1,18
0,p6352,1,99
0,p6353,1,45
0,p6354,1,45
0,p6355,1,41
0,p6356,1,8
0,p6357,1,42
0,p6358,1,40
0,p6359,1,32
0,p6360,1,28
0,p6361,1,99
0,p6362,1,77
0,p6363,1,10
0,p6364,1,33
0,p6365,1,65
0,p6366,1,38
0,p6367,1,80
0,p6368,1,15
0,p6369,1,55
0,p6370,1,68
0,p6371,1,88
0,p6372,1,45
0,p6373,1,52
0,p6374,1,52
0,p6375,1,39
0,p6376,1,93
0,p6377,1,87
0,p6378,1,69
0,p6379,1,46
0,p6380,1,29
0,p6381,1,35
0,p6382,1,100
0,p6383,1,17
0,p6384,1,8
0,p6385,1,41
0,p6386,1,63
0,p6387,1,13
0,p6388,1,29
0,p6389,1,43
0,p6390,1,18
0,p6391,1,73
0,p6392,1,100
0,p6393,1,91
0,p6394,1,44
0,p6395,1,68
0,p6396,1,88
0,p6397,1,75
0,p6398,1,50
0,p6399,1,15
0,p6400,1,65
0,p6401,1,80
0,p6402,1,22
0,p6403,1,72
0,p6404,1,16
0,p6405,1,58
0,p6406,1,40
0,p6407,1,34
0,p6408,1,55
0,p6409,1,74
0,p6410,1,6
0,p6411,1,8
0,p6412,1,5
0,p6413,1,6
0,p6414,1,2
0,p6415,1,78
0,p6416,1,85
0,p6417,1,11
0,p6418,1,99
0,p6419,1,46
0,p6420,1,21
0,p6421,1,53
0,p6422,1,31
0,p6423,1,36
0,p6424,1,2
0,p6425,1,10
0,p6426,1,31
0,p6427,1,33
0,p6428,1,32
0,p6429,1,83
0,p6430,1,25
0,p6431,1,43
0,p6432,1,89
0,p6433,1,66
0,p6434,1,88
0,p6435,1,7
0,p6436,1,40
0,p6437,1,69
0,p6438,1,43
0,p6439,1,27
0,p6440,1,96
0,p6441,1,90
0,p6442,1,79
0,p6443,1,86
0,p6444,1,75
0,p6445,1,100
0,p6446,1,77
0,p6447,1,99
0,p6448,1,94
0,p6449,1,34
0,p6450,1,45
0,p6451,1,4
0,p6452,1,18
0,p6453,1,99
0,p6454,1,24
0,p6455,1,33
0,p6456,1,86
0,p6457,1,49
0,p6458,1,36
0,p6459,1,34
0,p6460,1,80
0,p6461,1,72
0,p6462,1,55
0,p6463,1,23
0,p6464,1,92
0,p6465,1,14
0,p6466,1,95
0,p6467,1,40
0,p6468,1,34
0,p6469,1,76
0,p6470,1,7
0,p6471,1,53
0,p6472,1,6
0,p6473,1,84
0,p6474,1,86
0,p6475,1,9
0,p6476,1,90
0,p6477,1,47
0,p6478,1,69
0,p6479,1,10
0,p6480,1,10
0,p6481,1,16
0,p6482,1,34
0,p6483,1,90
0,p6484,1,9
0,p6485,1,42
0,p6486,1,97
0,p6487,1,40
0,p6488,1,68
0,p6489,1,17
0,p6490,1,40
0,p6491,1,98
0,p6492,1,64
0,p6493,1,33
0,p6494,1,8
0,p6495,1,67
0,p6496,1,31
0,p6497,1,99
0,p6498,1,5
0,p6499,1,35
0,p6500,1,81
0,p6501,1,38
0,p6502,1,32
0,p6503,1,94
0,p6504,1,16
0,p6505,1,12
0,p6506,1,45
0,p6507,1,72
0,p6508,1,51
0,p6509,1,65
0,p6510,1,57
0,p6511,1,69
0,p6512,1,95
0,p6513,1,98
0,p6514,1,70
0,p6515,1,93
0,p6516,1,36
0,p6517,1,21
0,p6518,1,52
0,p6519,1,76
0,p6520,1,43
0,p6521,1,20
0,p6522,1,57
0,p6523,1,12
0,p6524,1,89
0,p6525,1,93
0,p6526,1,68
0,p6527,1,23
0,p6528,1,80
0,p6529,1,88
0,p6530,1,100
0,p6531,1,25
0,p6532,1,38
0,p6533,1,97
0,p6534,1,85
0,p6535,1,91
0,p6536,1,66
0,p6537,1,92
0,p6538,1,49
0,p6539,1,43
0,p6540,1,93
0,p6541,1,28
0,p6542,1,28
0,p6543,1,37
0,p6544,1,94
0,p6545,1,55
0,p6546,1,90
0,p6547,1,44
0,p6548,1,10
0,p6549,1,21
0,p6550,1,60
0,p6551,1,5
0,p6552,1,33
0,p6553,1,100
0,p6554,1,54
0,p6555,1,39
0,p6556,1,40
0,p6557,1,29
0,p6558,1,21
0,p6559,1,75
0,p6560,1,31
0,p6561,1,57
0,p6562,1,15
0,p6563,1,61
0,p6564,1,32
0,p6565,1,47
0,p6566,1,55
0,p6567,1,9
0,p6568,1,34
0,p6569,1,44
0,p6570,1,28
0,p6571,1,53
0,p6572,1,5
0,p6573,1,8
0,p6574,1,84
0,p6575,1,80
0,p6576,1,78
0,p6577,1,79
0,p6578,1,31
0,p6579,1,25
0,p6580,1,67
0,p6581,1,25
0,p6582,1,25
0,p6583,1,43
0,p6584,1,8
0,p6585,1,67
0,p6586,1,82
0,p6587,1,51
0,p6588,1,96
0,p6589,1,37
0,p6590,1,51
0,p6591,1,80
0,p6592,1,20
0,p6593,1,56
0,p6594,1,77
0,p6595,1,95
0,p6596,1,59
0,p6597,1,90
0,p6598,1,71
0,p6599,1,10
0,p6600,1,21
0,p6601,1,57
0,p6602,1,8
0,p6603,1,79
0,p6604,1,30
0,p6605,1,34
0,p6606,1,93
0,p6607,1,75
0,p6608,1,39
0,p6609,1,76
0,p6610,1,82
0,p6611,1,80
0,p6612,1,89
0,p6613,1,69
0,p6614,1,5
0,p6615,1,60
0,p6616,1,13
0,p6617,1,83
0,p6618,1,41
0,p6619,1,53
0,p6620,1,7
0,p6621,1,65
0,p6622,1,23
0,p6623,1,73
0,p6624,1,59
0,p6625,1,63
0,p6626,1,72
0,p6627,1,23
0,p6628,1,2
0,p6629,1,65
0,p6630,1,53
0,p6631,1,54
0,p6632,1,21
0,p6633,1,65
0,p6634,1,45
0,p6635,1,69
0,p6636,1,65
0,p6637,1,48
0,p6638,1,17
0,p6639,1,5
0,p6640,1,96
0,p6641,1,85
0,p6642,1,56
0,p6643,1,14
0,p6644,1,66
0,p6645,1,20
0,p6646,1,72
0,p6647,1,31
0,p6648,1,73
0,p6649,1,13
0,p6650,1,63
0,p6651,1,53
0,p6652,1,41
0,p6653,1,56
0,p6654,1,17
0,p6655,1,11
0,p6656,1,71
0,p6657,1,17
0,p6658,1,28
0,p6659,1,83
0,p6660,1,42
0,p6661,1,2
0,p6662,1,94
0,p6663,1,44
0,p6664,1,20
0,p6665,1,26
0,p6666,1,63
0,p6667,1,97
0,p6668,1,3
0,p6669,1,88
0,p6670,1,40
0,p6671,1,100
0,p6672,1,69
0,p6673,1,2
0,p6674,1,98
0,p6675,1,3
0,p6676,1,33
0,p6677,1,73
0,p6678,1,51
0,p6679,1,17
0,p6680,1,8
0,p6681,1,40
0,p6682,1,45
0,p6683,1,58
0,p6684,1,16
0,p6685,1,73
0,p6686,1,30
0,p6687,1,92
0,p6688,1,15
0,p6689,1,77
0,p6690,1,42
0,p6691,1,81
0,p6692,1,36
0,p6693,1,81
0,p6694,1,41
0,p6695,1,81
0,p6696,1,56
0,p6697,1,77
0,p6698,1,72
0,p6699,1,97
0,p6700,1,82
0,p6701,1,92
0,p6702,1,10
0,p6703,1,98
0,p6704,1,5
0,p6705,1,54
0,p6706,1,6
0,p6707,1,44
0,p6708,1,94
0,p6709,1,100
0,p6710,1,65
0,p6711,1,74
0,p6712,1,16
0,p6713,1,98
0,p6714,1,5
0,p6715,1,14
0,p6716,1,44
0,p6717,1,57
0,p6718,1,21
0,p6719,1,85
0,p6720,1,9
0,p6721,1,15
0,p6722,1,40
0,p6723,1,2
0,p6724,1,19
0,p6725,1,69
0,p6726,1,61
0,p6727,1,77
0,p6728,1,69
0,p6729,1,17
0,p6730,1,41
0,p6731,1,60
0,p6732,1,47
0,p6733,1,12
0,p6734,1,66
0,p6735,1,33
0,p6736,1,47
0,p6737,1,40
0,p6738,1,29
0,p6739,1,34
0,p6740,1,66
0,p6741,1,3
0,p6742,1,14
0,p6743,1,87
0,p6744,1,86
0,p6745,1,78
0,p6746,1,47
0,p6747,1,63
0,p6748,1,25
0,p6749,1,27
0,p6750,1,78
0,p6751,1,69
0,p6752,1,17
0,p6753,1,66
0,p6754,1,51
0,p6755,1,16
0,p6756,1,55
0,p6757,1,49
0,p6758,1,41
0,p6759,1,3
0,p6760,1,47
0,p6761,1,31
0,p6762,1,66
0,p6763,1,60
0,p6764,1,40
0,p6765,1,42
0,p6766,1,49
0,p6767,1,28
0,p6768,1,42
0,p6769,1,50
0,p6770,1,50
0,p6771,1,57
0,p6772,1,23
0,p6773,1,34
0,p6774,1,90
0,p6775,1,95
0,p6776,1,81
0,p6777,1,28
0,p6778,1,22
0,p6779,1,25
0,p6780,1,95
0,p6781,1,51
0,p6782,1,50
0,p6783,1,97
0,p6784,1,13
0,p6785,1,14
0,p6786,1,99
0,p6787,1,31
0,p6788,1,50
0,p6789,1,15
0,p6790,1,61
0,p6791,1,88
0,p6792,1,100
0,p6793,1,61
0,p6794,1,84
0,p6795,1,25
0,p6796,1,25
0,p6797,1,80
0,p6798,1,80
0,p6799,1,76
0,p6800,1,36
0,p6801,1,64
0,p6802,1,36
0,p6803,1,70
0,p6804,1,49
0,p6805,1,19
0,p6806,1,25
0,p6807,1,49
0,p6808,1,25
0,p6809,1,95
0,p6810,1,42
0,p6811,1,9
0,p6812,1,70
0,p6813,1,98
0,p6814,1,8
0,p6815,1,50
0,p6816,1,25
0,p6817,1,21
0,p6818,1,97
0,p6819,1,48
0,p6820,1,66
0,p6821,1,59
0,p6822,1,79
0,p6823,1,100
0,p6824,1,40
0,p6825,1,36
0,p6826,1,79
0,p6827,1,86
0,p6828,1,74
0,p6829,1,82
0,p6830,1,17
0,p6831,1,68
0,p6832,1,26
0,p6833,1,84
0,p6834,1,12
0,p6835,1,44
0,p6836,1,48
0,p6837,1,60
0,p6838,1,40
0,p6839,1,26
0,p6840,1,29
0,p6841,1,85
0,p6842,1,53
0,p6843,1,92
0,p6844,1,78
0,p6845,1,90
0,p6846,1,93
0,p6847,1,60
0,p6848,1,2
0,p6849,1,46
0,p6850,1,32
0,p6851,1,2
0,p6852,1,16
0,p6853,1,51
0,p6854,1,16
0,p6855,1,24
0,p6856,1,12
0,p6857,1,35
0,p6858,1,63
0,p6859,1,17
0,p6860,1,50
0,p6861,1,93
0,p6862,1,52
0,p6863,1,91
0,p6864,1,26
0,p6865,1,48
0,p6866,1,19
0,p6867,1,94
0,p6868,1,50
0,p6869,1,32
0,p6870,1,17
0,p6871,1,76
0,p6872,1,24
0,p6873,1,56
0,p6874,1,19
0,p6875,1,90
0,p6876,1,23
0,p6877,1,30
0,p6878,1,41
0,p6879,1,29
0,p6880,1,30
0,p6881,1,8
0,p6882,1,46
0,p6883,1,27
0,p6884,1,55
0,p6885,1,71
0,p6886,1,38
0,p6887,1,22
0,p6888,1,75
0,p6889,1,20
0,p6890,1,47
0,p6891,1,83
0,p6892,1,51
0,p6893,1,62
0,p6894,1,6
0,p6895,1,50
0,p6896,1,34
0,p6897,1,20
0,p6898,1,10
0,p6899,1,54
0,p6900,1,42
0,p6901,1,88
0,p6902,1,91
0,p6903,1,9
0,p6904,1,99
0,p6905,1,41
0,p6906,1,51
0,p6907,1,95
0,p6908,1,35
0,p6909,1,14
0,p6910,1,12
0,p6911,1,97
0,p6912,1,12
0,p6913,1,58
0,p6914,1,56
0,p6915,1,22
0,p6916,1,22
0,p6917,1,87
0,p6918,1,92
0,p6919,1,60
0,p6920,1,94
0,p6921,1,34
0,p6922,1,93
0,p6923,1,56
0,p6924,1,53
0,p6925,1,48
0,p6926,1,68
0,p6927,1,25
0,p6928,1,75
0,p6929,1,15
0,p6930,1,50
0,p6931,1,65
0,p6932,1,34
0,p6933,1,7
0,p6934,1,50
0,p6935,1,100
0,p6936,1,96
0,p6937,1,92
0,p6938,1,25
0,p6939,1,70
0,p6940,1,79
0,p6941,1,12
0,p6942,1,28
0,p6943,1,49
0,p6944,1,80
0,p6945,1,58
0,p6946,1,12
0,p6947,1,63
0,p6948,1,2
0,p6949,1,46
0,p6950,1,75
0,p6951,1,61
0,p6952,1,16
0,p6953,1,59
0,p6954,1,23
0,p6955,1,9
0,p6956,1,41
0,p6957,1,49
0,p6958,1,2
0,p6959,1,49
0,p6960,1,29
0,p6961,1,54
0,p6962,1,38
0,p6963,1,93
0,p6964,1,40
0,p6965,1,69
0,p6966,1,32
0,p6967,1,31
0,p6968,1,62
0,p6969,1,23
0,p6970,1,42
0,p6971,1,41
0,p6972,1,56
0,p6973,1,59
0,p6974,1,66
0,p6975,1,85
0,p6976,1,66
0,p6977,1,30
0,p6978,1,82
0,p6979,1,29
0,p6980,1,79
0,p6981,1,4
0,p6982,1,46
0,p6983,1,82
0,p6984,1,73
0,p6985,1,95
0,p6986,1,72
0,p6987,1,67
0,p6988,1,77
0,p6989,1,47
0,p6990,1,47
0,p6991,1,61
0,p6992,1,98
0,p6993,1,9
0,p6994,1,86
0,p6995,1,45
0,p6996,1,12
0,p6997,1,72
0,p6998,1,76
0,p6999,1,48
0,p7000,1,45
0,p7001,1,62
0,p7002,1,39
0,p7003,1,48
0,p7004,1,70
0,p7005,1,83
0,p7006,1,66
0,p7007,1,97
0,p7008,1,21
0,p7009,1,82
0,p7010,1,23
0,p7011,1,2
0,p7012,1,88
0,p7013,1,12
0,p7014,1,35
0,p7015,1,23
0,p7016,1,11
0,p7017,1,35
0,p7018,1,65
0,p7019,1,16
0,p7020,1,66
0,p7021,1,53
0,p7022,1,96
0,p7023,1,86
0,p7024,1,59
0,p7025,1,39
0,p7026,1,77
0,p7027,1,28
0,p7028,1,66
0,p7029,1,27
0,p7030,1,12
0,p7031,1,90
0,p7032,1,47
0,p7033,1,3
0,p7034,1,62
0,p7035,1,98
0,p7036,1,58
0,p7037,1,84
0,p7038,1,19
0,p7039,1,71
0,p7040,1,29
0,p7041,1,56
0,p7042,1,51
0,p7043,1,66
0,p7044,1,24
0,p7045,1,44
0,p7046,1,12
0,p7047,1,89
0,p7048,1,13
0,p7049,1,90
0,p7050,1,50
0,p7051,1,11
0,p7052,1,5
0,p7053,1,45
0,p7054,1,87
0,p7055,1,59
0,p7056,1,51
0,p7057,1,30
0,p7058,1,70
0,p7059,1,30
0,p7060,1,57
0,p7061,1,18
0,p7062,1,17
0,p7063,1,67
0,p7064,1,8
0,p7065,1,87
0,p7066,1,27
0,p7067,1,97
0,p7068,1,66
0,p7069,1,5
0,p7070,1,82
0,p7071,1,56
0,p7072,1,18
0,p7073,1,95
0,p7074,1,30
0,p7075,1,7
0,p7076,1,12
0,p7077,1,76
0,p7078,1,72
0,p7079,1,64
0,p7080,1,11
0,p7081,1,78
0,p7082,1,41
0,p7083,1,96
0,p7084,1,25
0,p7085,1,82
0,p7086,1,32
0,p7087,1,75
0,p7088,1,17
0,p7089,1,23
0,p7090,1,77
0,p7091,1,15
0,p7092,1,79
0,p7093,1,86
0,p7094,1,73
0,p7095,1,50
0,p7096,1,74
0,p7097,1,82
0,p7098,1,13
0,p7099,1,88
0,p7100,1,62
0,p7101,1,36
0,p7102,1,73
0,p7103,1,55
0,p7104,1,30
0,p7105,1,51
0,p7106,1,13
0,p7107,1,28
0,p7108,1,18
0,p7109,1,35
0,p7110,1,15
0,p7111,1,39
0,p7112,1,92
0,p7113,1,25
0,p7114,1,36
0,p7115,1,78
0,p7116,1,83
0,p7117,1,59
0,p7118,1,80
0,p7119,1,14
0,p7120,1,85
0,p7121,1,73
0,p7122,1,28
0,p7123,1,11
0,p7124,1,70
0,p7125,1,83
0,p7126,1,98
0,p7127,1,23
0,p7128,1,45
0,p7129,1,92
0,p7130,1,20
0,p7131,1,43
0,p7132,1,2
0,p7133,1,34
0,p7134,1,48
0,p7135,1,78
0,p7136,1,8
0,p7137,1,48
0,p7138,1,14
0,p7139,1,70
0,p7140,1,41
0,p7141,1,68
0,p7142,1,86
0,p7143,1,19
0,p7144,1,92
0,p7145,1,39
0,p7146,1,65
0,p7147,1,53
0,p7148,1,47
0,p7149,1,48
0,p7150,1,40
0,p7151,1,70
0,p7152,1,13
0,p7153,1,78
0,p7154,1,33
0,p7155,1,68
0,p7156,1,71
0,p7157,1,96
0,p7158,1,12
0,p7159,1,53
0,p7160,1,41
0,p7161,1,46
0,p7162,1,58
0,p7163,1,12
0,p7164,1,93
0,p7165,1,9
0,p7166,1,43
0,p7167,1,11
0,p7168,1,89
0,p7169,1,8
0,p7170,1,18
0,p7171,1,34
0,p7172,1,62
0,p7173,1,44
0,p7174,1,89
0,p7175,1,32
0,p7176,1,11
0,p7177,1,98
0,p7178,1,8
0,p7179,1,53
0,p7180,1,76
0,p7181,1,89
0,p7182,1,51
0,p7183,1,93
0,p7184,1,4
0,p7185,1,71
0,p7186,1,21
0,p7187,1,73
0,p7188,1,54
0,p7189,1,39
0,p7190,1,88
0,p7191,1,82
0,p7192,1,74
0,p7193,1,23
0,p7194,1,41
0,p7195,1,78
0,p7196,1,62
0,p7197,1,16
0,p7198,1,43
0,p7199,1,18
0,p7200,1,67
0,p7201,1,67
0,p7202,1,8
0,p7203,1,39
0,p7204,1,73
0,p7205,1,57
0,p7206,1,39
0,p7207,1,3
0,p7208,1,26
0,p7209,1,59
0,p7210,1,83
0,p7211,1,39
0,p7212,1,86
0,p7213,1,90
0,p7214,1,9
0,p7215,1,38
0,p7216,1,18
0,p7217,1,74
0,p7218,1,14
0,p7219,1,31
0,p7220,1,69
0,p7221,1,43
0,p7222,1,80
0,p7223,1,67
0,p7224,1,37
0,p7225,1,66
0,p7226,1,27
0,p7227,1,67
0,p7228,1,83
0,p7229,1,44
0,p7230,1,6
0,p7231,1,85
0,p7232,1,36
0,p7233,1,53
0,p7234,1,86
0,p7235,1,67
0,p7236,1,37
0,p7237,1,27
0,p7238,1,86
0,p7239,1,52
0,p7240,1,2
0,p7241,1,13
0,p7242,1,86
0,p7243,1,52
0,p7244,1,20
0,p7245,1,100
0,p7246,1,9
0,p7247,1,11
0,p7248,1,38
0,p7249,1,74
0,p7250,1,75
0,p7251,1,25
0,p7252,1,60
0,p7253,1,65
0,p7254,1,87
0,p7255,1,21
0,p7256,1,34
0,p7257,1,87
0,p7258,1,40
0,p7259,1,57
0,p7260,1,50
0,p7261,1,44
0,p7262,1,98
0,p7263,1,41
0,p7264,1,79
0,p7265,1,6
0,p7266,1,3
0,p7267,1,43
0,p7268,1,38
0,p7269,1,97
0,p7270,1,3
0,p7271,1,32
0,p7272,1,82
0,p7273,1,4
0,p7274,1,72
0,p7275,1,77
0,p7276,1,46
0,p7277,1,77
0,p7278,1,26
0,p7279,1,73
0,p7280,1,48
0,p7281,1,48
0,p7282,1,37
0,p7283,1,30
0,p7284,1,86
0,p7285,1,97
0,p7286,1,85
0,p7287,1,69
0,p7288,1,44
0,p7289,1,40
0,p7290,1,79
0,p7291,1,55
0,p7292,1,26
0,p7293,1,3
0,p7294,1,40
0,p7295,1,34
0,p7296,1,20
0,p7297,1,12
0,p7298,1,35
0,p7299,1,51
0,p7300,1,50
0,p7301,1,20
0,p7302,1,32
0,p7303,1,99
0,p7304,1,17
0,p7305,1,82
0,p7306,1,64
0,p7307,1,93
0,p7308,1,3
0,p7309,1,49
0,p7310,1,99
0,p7311,1,39
0,p7312,1,71
0,p7313,1,69
0,p7314,1,61
0,p7315,1,25
0,p7316,1,12
0,p7317,1,22
0,p7318,1,14
0,p7319,1,13
0,p7320,1,35
0,p7321,1,31
0,p7322,1,37
0,p7323,1,49
0,p7324,1,26
0,p7325,1,40
0,p7326,1,92
0,p7327,1,90
0,p7328,1,77
0,p7329,1,39
0,p7330,1,95
0,p7331,1,95
0,p7332,1,42
0,p7333,1,60
0,p7334,1,65
0,p7335,1,100
0,p7336,1,44
0,p7337,1,87
0,p7338,1,70
0,p7339,1,24
0,p7340,1,4
0,p7341,1,81
0,p7342,1,29
0,p7343,1,18
0,p7344,1,57
0,p7345,1,31
0,p7346,1,41
0,p7347,1,22
0,p7348,1,89
0,p7349,1,74
0,p7350,1,63
0,p7351,1,72
0,p7352,1,76
0,p7353,1,30
0,p7354,1,65
0,p7355,1,100
0,p7356,1,95
0,p7357,1,78
0,p7358,1,87
0,p7359,1,94
0,p7360,1,14
0,p7361,1,99
0,p7362,1,88
0,p7363,1,25
0,p7364,1,53
0,p7365,1,94
0,p7366,1,29
0,p7367,1,99
0,p7368,1,87
0,p7369,1,60
0,p7370,1,24
0,p7371,1,85
0,p7372,1,6
0,p7373,1,55
0,p7374,1,95
0,p7375,1,68
0,p7376,1,39
0,p7377,1,95
0,p7378,1,36
0,p7379,1,32
0,p7380,1,38
0,p7381,1,66
0,p7382,1,49
0,p7383,1,39
0,p7384,1,16
0,p7385,1,80
0,p7386,1,22
0,p7387,1,23
0,p7388,1,9
0,p7389,1,88
0,p7390,1,31
0,p7391,1,87
0,p7392,1,16
0,p7393,1,89
0,p7394,1,10
0,p7395,1,90
0,p7396,1,45
0,p7397,1,12
0,p7398,1,53
0,p7399,1,70
0,p7400,1,57
0,p7401,1,17
0,p7402,1,66
0,p7403,1,73
0,p7404,1,97
0,p7405,1,70
0,p7406,1,45
0,p7407,1,93
0,p7408,1,85
0,p7409,1,29
0,p7410,1,57
0,p7411,1,19
0,p7412,1,57
0,p7413,1,100
0,p7414,1,15
0,p7415,1,78
0,p7416,1,65
0,p7417,1,2
0,p7418,1,13
0,p7419,1,26
0,p7420,1,97
0,p7421,1,95
0,p7422,1,8
0,p7423,1,7
0,p7424,1,63
0,p7425,1,34
0,p7426,1,33
0,p7427,1,62
0,p7428,1,9
0,p7429,1,65
0,p7430,1,84
0,p7431,1,84
0,p7432,1,22
0,p7433,1,31
0,p7434,1,33
0,p7435,1,99
0,p7436,1,45
0,p7437,1,41
0,p7438,1,23
0,p7439,1,99
0,p7440,1,41
0,p7441,1,80
0,p7442,1,89
0,p7443,1,85
0,p7444,1,76
0,p7445,1,77
0,p7446,1,58
0,p7447,1,96
0,p7448,1,35
0,p7449,1,96
0,p7450,1,24
0,p7451,1,26
0,p7452,1,57
0,p7453,1,62
0,p7454,1,92
0,p7455,1,28
0,p7456,1,38
0,p7457,1,98
0,p7458,1,84
0,p7459,1,7
0,p7460,1,11
0,p7461,1,66
0,p7462,1,14
0,p7463,1,48
0,p7464,1,22
0,p7465,1,38
0,p7466,1,59
0,p7467,1,55
0,p7468,1,29
0,p7469,1,75
0,p7470,1,34
0,p7471,1,29
0,p7472,1,89
0,p7473,1,3
0,p7474,1,46
0,p7475,1,7
0,p7476,1,47
0,p7477,1,23
0,p7478,1,8
0,p7479,1,95
0,p7480,1,81
0,p7481,1,85
0,p7482,1,80
0,p7483,1,95
0,p7484,1,29
0,p7485,1,35
0,p7486,1,71
0,p7487,1,30
0,p7488,1,72
0,p7489,1,98
0,p7490,1,82
0,p7491,1,46
0,p7492,1,42
0,p7493,1,24
0,p7494,1,4
0,p7495,1,89
0,p7496,1,50
0,p7497,1,5
0,p7498,1,94
0,p7499,1,33
0,p7500,1,54
0,p7501,1,4
0,p7502,1,67
0,p7503,1,5
0,p7504,1,10
0,p7505,1,92
0,p7506,1,90
0,p7507,1,3
0,p7508,1,85
0,p7509,1,67
0,p7510,1,41
0,p7511,1,71
0,p7512,1,68
0,p7513,1,32
0,p7514,1,18
0,p7515,1,92
0,p7516,1,64
0,p7517,1,10
0,p7518,1,97
0,p7519,1,96
0,p7520,1,37
0,p7521,1,24
0,p7522,1,88
0,p7523,1,8
0,p7524,1,66
0,p7525,1,96
0,p7526,1,47
0,p7527,1,60
0,p7528,1,85
0,p7529,1,48
0,p7530,1,76
0,p7531,1,83
0,p7532,1,40
0,p7533,1,91
0,p7534,1,46
0,p7535,1,72
0,p7536,1,45
0,p7537,1,88
0,p7538,1,17
0,p7539,1,94
0,p7540,1,10
0,p7541,1,36
0,p7542,1,58
0,p7543,1,20
0,p7544,1,17
0,p7545,1,23
0,p7546,1,28
0,p7547,1,64
0,p7548,1,29
0,p7549,1,8
0,p7550,1,2
0,p7551,1,77
0,p7552,1,15
0,p7553,1,55
0,p7554,1,29
0,p7555,1,5
0,p7556,1,29
0,p7557,1,61
0,p7558,1,80
0,p7559,1,38
0,p7560,1,87
0,p7561,1,8
0,p7562,1,48
0,p7563,1,40
0,p7564,1,84
0,p7565,1,12
0,p7566,1,56
0,p7567,1,57
0,p7568,1,41
0,p7569,1,75
0,p7570,1,39
0,p7571,1,23
0,p7572,1,81
0,p7573,1,56
0,p7574,1,68
0,p7575,1,32
0,p7576,1,69
0,p7577,1,19
0,p7578,1,11
0,p7579,1,36
0,p7580,1,4
0,p7581,1,92
0,p7582,1,2
0,p7583,1,91
0,p7584,1,51
0,p7585,1,67
0,p7586,1,48
0,p7587,1,30
0,p7588,1,77
0,p7589,1,45
0,p7590,1,86
0,p7591,1,43
0,p7592,1,24
0,p7593,1,93
0,p7594,1,26
0,p7595,1,5
0,p7596,1,10
0,p7597,1,4
0,p7598,1,13
0,p7599,1,40
0,p7600,1,68
0,p7601,1,19
0,p7602,1,73
0,p7603,1,44
0,p7604,1,3
0,p7605,1,68
0,p7606,1,82
0,p7607,1,100
0,p7608,1,47
0,p7609,1,36
0,p7610,1,94
0,p7611,1,95
0,p7612,1,71
0,p7613,1,65
0,p7614,1,80
0,p7615,1,79
0,p7616,1,98
0,p7617,1,25
0,p7618,1,77
0,p7619,1,24
0,p7620,1,77
0,p7621,1,69
0,p7622,1,43
0,p7623,1,14
0,p7624,1,81
0,p7625,1,72
0,p7626,1,71
0,p7627,1,12
0,p7628,1,44
0,p7629,1,75
0,p7630,1,85
0,p7631,1,86
0,p7632,1,96
0,p7633,1,77
0,p7634,1,3
0,p7635,1,33
0,p7636,1,73
0,p7637,1,15
0,p7638,1,53
0,p7639,1,49
0,p7640,1,60
0,p7641,1,23
0,p7642,1,6
0,p7643,1,85
0,p7644,1,61
0,p7645,1,87
0,p7646,1,91
0,p7647,1,89
0,p7648,1,78
0,p7649,1,42
0,p7650,1,45
0,p7651,1,65
0,p7652,1,5
0,p7653,1,41
0,p7654,1,8
0,p7655,1,94
0,p7656,1,47
0,p7657,1,52
0,p7658,1,51
0,p7659,1,16
0,p7660,1,72
0,p7661,1,83
0,p7662,1,46
0,p7663,1,88
0,p7664,1,57
0,p7665,1,63
0,p7666,1,13
0,p7667,1,39
0,p7668,1,4
0,p7669,1,12
0,p7670,1,59
0,p7671,1,65
0,p7672,1,95
0,p7673,1,88
0,p7674,1,88
0,p7675,1,35
0,p7676,1,67
0,p7677,1,81
0,p7678,1,61
0,p7679,1,20
0,p7680,1,89
0,p7681,1,59
0,p7682,1,37
0,p7683,1,32
0,p7684,1,47
0,p7685,1,56
0,p7686,1,61
0,p7687,1,45
0,p7688,1,90
0,p7689,1,15
0,p7690,1,22
0,p7691,1,6
0,p7692,1,45
0,p7693,1,98
0,p7694,1,100
0,p7695,1,65
0,p7696,1,96
0,p7697,1,45
0,p7698,1,40
0,p7699,1,16
0,p7700,1,52
0,p7701,1,4
0,p7702,1,98
0,p7703,1,65
0,p7704,1,73
0,p7705,1,90
0,p7706,1,84
0,p7707,1,54
0,p7708,1,12
0,p7709,1,16
0,p7710,1,96
0,p7711,1,86
0,p7712,1,59
0,p7713,1,62
0,p7714,1,42
0,p7715,1,47
0,p7716,1,12
0,p7717,1,89
0,p7718,1,8
0,p7719,1,68
0,p7720,1,12
0,p7721,1,16
0,p7722,1,58
0,p7723,1,39
0,p7724,1,37
0,p7725,1,40
0,p7726,1,83
0,p7727,1,63
0,p7728,1,36
0,p7729,1,97
0,p7730,1,61
0,p7731,1,20
0,p7732,1,5
0,p7733,1,38
0,p7734,1,11
0,p7735,1,71
0,p7736,1,90
0,p7737,1,59
0,p7738,1,92
0,p7739,1,24
0,p7740,1,81
0,p7741,1,58
0,p7742,1,74
0,p7743,1,8
0,p7744,1,99
0,p7745,1,62
0,p7746,1,29
0,p7747,1,70
0,p7748,1,46
0,p7749,1,60
0,p7750,1,47
0,p7751,1,26
0,p7752,1,88
0,p7753,1,6
0,p7754,1,29
0,p7755,1,87
0,p7756,1,20
0,p7757,1,81
0,p7758,1,51
0,p7759,1,11
0,p7760,1,22
0,p7761,1,4
0,p7762,1,58
0,p7763,1,3
0,p7764,1,24
0,p7765,1,95
0,p7766,1,52
0,p7767,1,26
0,p7768,1,30
0,p7769,1,54
0,p7770,1,40
0,p7771,1,8
0,p7772,1,20
0,p7773,1,20
0,p7774,1,47
0,p7775,1,42
0,p7776,1,99
0,p7777,1,71
0,p7778,1,6
0,p7779,1,52
0,p7780,1,7
0,p7781,1,65
0,p7782,1,95
0,p7783,1,3
0,p7784,1,95
0,p7785,1,65
0,p7786,1,48
0,p7787,1,29
0,p7788,1,16
0,p7789,1,6
0,p7790,1,55
0,p7791,1,85
0,p7792,1,89
0,p7793,1,11
0,p7794,1,89
0,p7795,1,90
0,p7796,1,33
0,p7797,1,11
0,p7798,1,15
0,p7799,1,60
0,p7800,1,27
0,p7801,1,23
0,p7802,1,88
0,p7803,1,25
0,p7804,1,59
0,p7805,1,96
0,p7806,1,16
0,p7807,1,56
0,p7808,1,21
0,p7809,1,78
0,p7810,1,72
0,p7811,1,54
0,p7812,1,75
0,p7813,1,98
0,p7814,1,3
0,p7815,1,97
0,p7816,1,16
0,p7817,1,16
0,p7818,1,90
0,p7819,1,89
0,p7820,1,91
0,p7821,1,71
0,p7822,1,26
0,p7823,1,25
0,p7824,1,60
0,p7825,1,6
0,p7826,1,15
0,p7827,1,22
0,p7828,1,32
0,p7829,1,15
0,p7830,1,89
0,p7831,1,73
0,p7832,1,40
0,p7833,1,37
0,p7834,1,18
0,p7835,1,9
0,p7836,1,72
0,p7837,1,40
0,p7838,1,96
0,p7839,1,61
0,p7840,1,76
0,p7841,1,56
0,p7842,1,35
0,p7843,1,54
0,p7844,1,69
0,p7845,1,2
0,p7846,1,62
0,p7847,1,13
0,p7848,1,59
0,p7849,1,36
0,p7850,1,76
0,p7851,1,54
0,p7852,1,97
0,p7853,1,65
0,p7854,1,22
0,p7855,1,80
0,p7856,1,34
0,p7857,1,68
0,p7858,1,78
0,p7859,1,2
0,p7860,1,78
0,p7861,1,74
0,p7862,1,91
0,p7863,1,29
0,p7864,1,22
0,p7865,1,83
0,p7866,1,70
0,p7867,1,13
0,p7868,1,99
0,p7869,1,92
0,p7870,1,90
0,p7871,1,52
0,p7872,1,51
0,p7873,1,98
0,p7874,1,43
0,p7875,1,48
0,p7876,1,57
0,p7877,1,51
0,p7878,1,51
0,p7879,1,28
0,p7880,1,28
0,p7881,1,68
0,p7882,1,41
0,p7883,1,28
0,p7884,1,87
0,p7885,1,51
0,p7886,1,75
0,p7887,1,59
0,p7888,1,33
0,p7889,1,84
0,p7890,1,9
0,p7891,1,82
0,p7892,1,15
0,p7893,1,36
0,p7894,1,96
0,p7895,1,33
0,p7896,1,29
0,p7897,1,30
0,p7898,1,14
0,p7899,1,92
0,p7900,1,42
0,p7901,1,24
0,p7902,1,7
0,p7903,1,41
0,p7904,1,32
0,p7905,1,73
0,p7906,1,16
0,p7907,1,74
0,p7908,1,71
0,p7909,1,30
0,p7910,1,78
0,p7911,1,9
0,p7912,1,42
0,p7913,1,39
0,p7914,1,90
0,p7915,1,79
0,p7916,1,17
0,p7917,1,50
0,p7918,1,16
0,p7919,1,79
0,p7920,1,32
0,p7921,1,72
0,p7922,1,41
0,p7923,1,94
0,p7924,1,7
0,p7925,1,40
0,p7926,1,7
0,p7927,1,56
0,p7928,1,49
0,p7929,1,73
0,p7930,1,5
0,p7931,1,19
0,p7932,1,34
0,p7933,1,95
0,p7934,1,19
0,p7935,1,63
0,p7936,1,20
0,p7937,1,83
0,p7938,1,4
0,p7939,1,53
0,p7940,1,95
0,p7941,1,86
0,p7942,1,71
0,p7943,1,6
0,p7944,1,77
0,p7945,1,36
0,p7946,1,50
0,p7947,1,48
0,p7948,1,92
0,p7949,1,31
0,p7950,1,53
0,p7951,1,53
0,p7952,1,31
0,p7953,1,4
0,p7954,1,77
0,p7955,1,58
0,p7956,1,61
0,p7957,1,83
0,p7958,1,3
0,p7959,1,15
0,p7960,1,44
0,p7961,1,77
0,p7962,1,67
0,p7963,1,77
0,p7964,1,75
0,p7965,1,18
0,p7966,1,81
0,p7967,1,79
0,p7968,1,27
0,p7969,1,98
0,p7970,1,94
0,p7971,1,42
0,p7972,1,84
0,p7973,1,22
0,p7974,1,11
0,p7975,1,63
0,p7976,1,21
0,p7977,1,82
0,p7978,1,64
0,p7979,1,97
0,p7980,1,60
0,p7981,1,16
0,p7982,1,100
0,p7983,1,30
0,p7984,1,7
0,p7985,1,96
0,p7986,1,11
0,p7987,1,63
0,p7988,1,64
0,p7989,1,90
0,p7990,1,90
0,p7991,1,12
0,p7992,1,61
0,p7993,1,96
0,p7994,1,38
0,p7995,1,22
0,p7996,1,23
0,p7997,1,32
0,p7998,1,47
0,p7999,1,15
0,p8000,1,82
0,p8001,1,7
0,p8002,1,63
0,p8003,1,78
0,p8004,1,48
0,p8005,1,61
0,p8006,1,74
0,p8007,1,25
0,p8008,1,40
0,p8009,1,97
0,p8010,1,63
0,p8011,1,89
0,p8012,1,77
0,p8013,1,24
0,p8014,1,45
0,p8015,1,88
0,p8016,1,86
0,p8017,1,71
0,p8018,1,50
0,p8019,1,84
0,p8020,1,19
0,p8021,1,100
0,p8022,1,65
0,p8023,1,11
0,p8024,1,75
0,p8025,1,88
0,p8026,1,25
0,p8027,1,35
0,p8028,1,69
0,p8029,1,15
0,p8030,1,14
0,p8031,1,29
0,p8032,1,61
0,p8033,1,81
0,p8034,1,63
0,p8035,1,66
0,p8036,1,63
0,p8037,1,21
0,p8038,1,42
0,p8039,1,50
0,p8040,1,94
0,p8041,1,17
0,p8042,1,70
0,p8043,1,52
0,p8044,1,14
0,p8045,1,5
0,p8046,1,51
0,p8047,1,76
0,p8048,1,65
0,p8049,1,62
0,p8050,1,48
0,p8051,1,7
0,p8052,1,78
0,p8053,1,80
0,p8054,1,60
0,p8055,1,30
0,p8056,1,40
0,p8057,1,2
0,p8058,1,20
0,p8059,1,81
0,p8060,1,12
0,p8061,1,31
0,p8062,1,39
0,p8063,1,12
0,p8064,1,98
0,p8065,1,58
0,p8066,1,53
0,p8067,1,66
0,p8068,1,73
0,p8069,1,21
0,p8070,1,64
0,p8071,1,44
0,p8072,1,61
0,p8073,1,83
0,p8074,1,47
0,p8075,1,91
0,p8076,1,78
0,p8077,1,7
0,p8078,1,7
0,p8079,1,5
0,p8080,1,57
0,p8081,1,38
0,p8082,1,9
0,p8083,1,30
0,p8084,1,95
0,p8085,1,64
0,p8086,1,47
0,p8087,1,74
0,p8088,1,69
0,p8089,1,20
0,p8090,1,82
0,p8091,1,90
0,p8092,1,33
0,p8093,1,84
0,p8094,1,91
0,p8095,1,9
0,p8096,1,2
0,p8097,1,46
0,p8098,1,70
0,p8099,1,12
0,p8100,1,49
0,p8101,1,92
0,p8102,1,96
0,p8103,1,21
0,p8104,1,5
0,p8105,1,39
0,p8106,1,41
0,p8107,1,24
0,p8108,1,54
0,p8109,1,46
0,p8110,1,63
0,p8111,1,87
0,p8112,1,70
0,p8113,1,69
0,p8114,1,82
0,p8115,1,36
0,p8116,1,42
0,p8117,1,98
0,p8118,1,94
0,p8119,1,83
0,p8120,1,86
0,p8121,1,69
0,p8122,1,79
0,p8123,1,3
0,p8124,1,4
0,p8125,1,60
0,p8126,1,59
0,p8127,1,95
0,p8128,1,91
0,p8129,1,15
0,p8130,1,57
0,p8131,1,26
0,p8132,1,46
0,p8133,1,95
0,p8134,1,54
0,p8135,1,54
0,p8136,1,4
0,p8137,1,66
0,p8138,1,77
0,p8139,1,92
0,p8140,1,23
0,p8141,1,36
0,p8142,1,87
0,p8143,1,12
0,p8144,1,82
0,p8145,1,63
0,p8146,1,54
0,p8147,1,41
0,p8148,1,42
0,p8149,1,42
0,p8150,1,19
0,p8151,1,5
0,p8152,1,58
0,p8153,1,50
0,p8154,1,68
0,p8155,1,19
0,p8156,1,72
0,p8157,1,15
0,p8158,1,90
0,p8159,1,13
0,p8160,1,84
0,p8161,1,34
0,p8162,1,83
0,p8163,1,54
0,p8164,1,48
0,p8165,1,97
0,p8166,1,57
0,p8167,1,90
0,p8168,1,40
0,p8169,1,79
0,p8170,1,7
0,p8171,1,28
0,p8172,1,13
0,p8173,1,42
0,p8174,1,38
0,p8175,1,73
0,p8176,1,66
0,p8177,1,35
0,p8178,1,84
0,p8179,1,37
0,p8180,1,69
0,p8181,1,14
0,p8182,1,7
0,p8183,1,15
0,p8184,1,92
0,p8185,1,50
0,p8186,1,21
0,p8187,1,93
0,p8188,1,28
0,p8189,1,7
0,p8190,1,57
0,p8191,1,29
0,p8192,1,52
0,p8193,1,24
0,p8194,1,7
0,p8195,1,89
0,p8196,1,95
0,p8197,1,83
0,p8198,1,83
0,p8199,1,64
0,p8200,1,83
0,p8201,1,97
0,p8202,1,31
0,p8203,1,54
0,p8204,1,89
0,p8205,1,90
0,p8206,1,14
0,p8207,1,20
0,p8208,1,20
0,p8209,1,24
0,p8210,1,23
0,p8211,1,84
0,p8212,1,69
0,p8213,1,60
0,p8214,1,6
0,p8215,1,18
0,p8216,1,2
0,p8217,1,96
0,p8218,1,59
0,p8219,1,71
0,p8220,1,50
0,p8221,1,34
0,p8222,1,37
0,p8223,1,82
0,p8224,1,20
0,p8225,1,8
0,p8226,1,36
0,p8227,1,64
0,p8228,1,88
0,p8229,1,50
0,p8230,1,62
0,p8231,1,16
0,p8232,1,7
0,p8233,1,33
0,p8234,1,26
0,p8235,1,75
0,p8236,1,48
0,p8237,1,55
0,p8238,1,35
0,p8239,1,65
0,p8240,1,80
0,p8241,1,81
0,p8242,1,16
0,p8243,1,66
0,p8244,1,60
0,p8245,1,42
0,p8246,1,11
0,p8247,1,96
0,p8248,1,86
0,p8249,1,48
0,p8250,1,78
0,p8251,1,8
0,p8252,1,46
0,p8253,1,53
0,p8254,1,38
0,p8255,1,88
0,p8256,1,15
0,p8257,1,90
0,p8258,1,57
0,p8259,1,93
0,p8260,1,93
0,p8261,1,96
0,p8262,1,94
0,p8263,1,66
0,p8264,1,48
0,p8265,1,89
0,p8266,1,28
0,p8267,1,23
0,p8268,1,85
0,p8269,1,35
0,p8270,1,49
0,p8271,1,52
0,p8272,1,14
0,p8273,1,7
0,p8274,1,11
0,p8275,1,44
0,p8276,1,94
0,p8277,1,77
0,p8278,1,90
0,p8279,1,20
0,p8280,1,34
0,p8281,1,91
0,p8282,1,67
0,p8283,1,59
0,p8284,1,92
0,p8285,1,18
0,p8286,1,43
0,p8287,1,35
0,p8288,1,34
0,p8289,1,9
0,p8290,1,48
0,p8291,1,93
0,p8292,1,10
0,p8293,1,49
0,p8294,1,89
0,p8295,1,77
0,p8296,1,97
0,p8297,1,22
0,p8298,1,40
0,p8299,1,66
0,p8300,1,11
0,p8301,1,85
0,p8302,1,65
0,p8303,1,96
0,p8304,1,19
0,p8305,1,100
0,p8306,1,100
0,p8307,1,75
0,p8308,1,92
0,p8309,1,59
0,p8310,1,87
0,p8311,1,6
0,p8312,1,51
0,p8313,1,83
0,p8314,1,82
0,p8315,1,16
0,p8316,1,82
0,p8317,1,79
0,p8318,1,98
0,p8319,1,75
0,p8320,1,86
0,p8321,1,74
0,p8322,1,40
0,p8323,1,2
0,p8324,1,81
0,p8325,1,34
0,p8326,1,32
0,p8327,1,4
0,p8328,1,82
0,p8329,1,85
0,p8330,1,97
0,p8331,1,84
0,p8332,1,75
0,p8333,1,56
0,p8334,1,8
0,p8335,1,49
0,p8336,1,3
0,p8337,1,14
0,p8338,1,18
0,p8339,1,64
0,p8340,1,93
0,p8341,1,17
0,p8342,1,83
0,p8343,1,18
0,p8344,1,98
0,p8345,1,34
0,p8346,1,49
0,p8347,1,73
0,p8348,1,11
0,p8349,1,4
0,p8350,1,81
0,p8351,1,44
0,p8352,1,15
0,p8353,1,53
0,p8354,1,19
0,p8355,1,7
0,p8356,1,53
0,p8357,1,17
0,p8358,1,57
0,p8359,1,14
0,p8360,1,46
0,p8361,1,59
0,p8362,1,62
0,p8363,1,55
0,p8364,1,16
0,p8365,1,3
0,p8366,1,30
0,p8367,1,60
0,p8368,1,51
0,p8369,1,78
0,p8370,1,12
0,p8371,1,99
0,p8372,1,71
0,p8373,1,86
0,p8374,1,58
0,p8375,1,63
0,p8376,1,5
0,p8377,1,95
0,p8378,1,2
0,p8379,1,47
0,p8380,1,13
0,p8381,1,63
0,p8382,1,30
0,p8383,1,82
0,p8384,1,43
0,p8385,1,86
0,p8386,1,94
0,p8387,1,79
0,p8388,1,21
0,p8389,1,87
0,p8390,1,44
0,p8391,1,88
0,p8392,1,41
0,p8393,1,15
0,p8394,1,62
0,p8395,1,12
0,p8396,1,85
0,p8397,1,41
0,p8398,1,27
0,p8399,1,97
0,p8400,1,67
0,p8401,1,39
0,p8402,1,33
0,p8403,1,48
0,p8404,1,26
0,p8405,1,52
0,p8406,1,87
0,p8407,1,15
0,p8408,1,99
0,p8409,1,14
0,p8410,1,67
0,p8411,1,12
0,p8412,1,22
0,p8413,1,49
0,p8414,1,90
0,p8415,1,89
0,p8416,1,79
0,p8417,1,35
0,p8418,1,6
0,p8419,1,33
0,p8420,1,55
0,p8421,1,94
0,p8422,1,51
0,p8423,1,18
0,p8424,1,24
0,p8425,1,64
0,p8426,1,10
0,p8427,1,55
0,p8428,1,25
0,p8429,1,47
0,p8430,1,84
0,p8431,1,45
0,p8432,1,45
0,p8433,1,74
0,p8434,1,14
0,p8435,1,93
0,p8436,1,21
0,p8437,1,97
0,p8438,1,47
0,p8439,1,51
0,p8440,1,73
0,p8441,1,35
0,p8442,1,30
0,p8443,1,90
0,p8444,1,69
0,p8445,1,90
0,p8446,1,29
0,p8447,1,88
0,p8448,1,9
0,p8449,1,87
0,p8450,1,62
0,p8451,1,41
0,p8452,1,27
0,p8453,1,40
0,p8454,1,91
0,p8455,1,73
0,p8456,1,90
0,p8457,1,27
0,p8458,1,94
0,p8459,1,42
0,p8460,1,20
0,p8461,1,19
0,p8462,1,80
0,p8463,1,39
0,p8464,1,98
0,p8465,1,18
0,p8466,1,24
0,p8467,1,73
0,p8468,1,60
0,p8469,1,9
0,p8470,1,81
0,p8471,1,50
0,p8472,1,93
0,p8473,1,47
0,p8474,1,63
0,p8475,1,68
0,p8476,1,60
0,p8477,1,85
0,p8478,1,56
0,p8479,1,28
0,p8480,1,76
0,p8481,1,17
0,p8482,1,45
0,p8483,1,27
0,p8484,1,82
0,p8485,1,41
0,p8486,1,85
0,p8487,1,46
0,p8488,1,77
0,p8489,1,67
0,p8490,1,74
0,p8491,1,66
0,p8492,1,11
0,p8493,1,45
0,p8494,1,60
0,p8495,1,4
0,p8496,1,6
0,p8497,1,35
0,p8498,1,100
0,p8499,1,94
0,p8500,1,12
0,p8501,1,42
0,p8502,1,62
0,p8503,1,49
0,p8504,1,42
0,p8505,1,66
0,p8506,1,98
0,p8507,1,78
0,p8508,1,78
0,p8509,1,13
0,p8510,1,50
0,p8511,1,9
0,p8512,1,84
0,p8513,1,31
0,p8514,1,74
0,p8515,1,55
0,p8516,1,28
0,p8517,1,56
0,p8518,1,91
0,p8519,1,71
0,p8520,1,90
0,p8521,1,31
0,p8522,1,94
0,p8523,1,75
0,p8524,1,24
0,p8525,1,67
0,p8526,1,64
0,p8527,1,4
0,p8528,1,92
0,p8529,1,42
0,p8530,1,80
0,p8531,1,23
0,p8532,1,90
0,p8533,1,14
0,p8534,1,15
0,p8535,1,75
0,p8536,1,4
0,p8537,1,93
0,p8538,1,94
0,p8539,1,55
0,p8540,1,100
0,p8541,1,93
0,p8542,1,87
0,p8543,1,70
0,p8544,1,43
0,p8545,1,84
0,p8546,1,28
0,p8547,1,44
0,p8548,1,65
0,p8549,1,37
0,p8550,1,14
0,p8551,1,76
0,p8552,1,22
0,p8553,1,15
0,p8554,1,7
0,p8555,1,60
0,p8556,1,68
0,p8557,1,21
0,p8558,1,69
0,p8559,1,87
0,p8560,1,83
0,p8561,1,35
0,p8562,1,58
0,p8563,1,16
0,p8564,1,66
0,p8565,1,43
0,p8566,1,91
0,p8567,1,69
0,p8568,1,48
0,p8569,1,66
0,p8570,1,89
0,p8571,1,97
0,p8572,1,6
0,p8573,1,3
0,p8574,1,75
0,p8575,1,47
0,p8576,1,55
0,p8577,1,86
0,p8578,1,13
0,p8579,1,36
0,p8580,1,89
0,p8581,1,99
0,p8582,1,80
0,p8583,1,85
0,p8584,1,34
0,p8585,1,46
0,p8586,1,81
0,p8587,1,54
0,p8588,1,80
0,p8589,1,76
0,p8590,1,22
0,p8591,1,46
0,p8592,1,54
0,p8593,1,88
0,p8594,1,20
0,p8595,1,26
0,p8596,1,70
0,p8597,1,60
0,p8598,1,81
0,p8599,1,19
0,p8600,1,7
0,p8601,1,96
0,p8602,1,70
0,p8603,1,62
0,p8604,1,56
0,p8605,1,24
0,p8606,1,20
0,p8607,1,5
0,p8608,1,69
0,p8609,1,61
0,p8610,1,17
0,p8611,1,53
0,p8612,1,82
0,p8613,1,85
0,p8614,1,58
0,p8615,1,5
0,p8616,1,9
0,p8617,1,16
0,p8618,1,93
0,p8619,1,45
0,p8620,1,78
0,p8621,1,2
0,p8622,1,21
0,p8623,1,29
0,p8624,1,98
0,p8625,1,13
0,p8626,1,83
0,p8627,1,60
0,p8628,1,36
0,p8629,1,19
0,p8630,1,66
0,p8631,1,66
0,p8632,1,62
0,p8633,1,66
0,p8634,1,49
0,p8635,1,43
0,p8636,1,18
0,p8637,1,35
0,p8638,1,44
0,p8639,1,92
0,p8640,1,77
0,p8641,1,100
0,p8642,1,62
0,p8643,1,45
0,p8644,1,48
0,p8645,1,84
0,p8646,1,97
0,p8647,1,39
0,p8648,1,3
0,p8649,1,17
0,p8650,1,63
0,p8651,1,54
0,p8652,1,57
0,p8653,1,80
0,p8654,1,52
0,p8655,1,71
0,p8656,1,41
0,p8657,1,7
0,p8658,1,16
0,p8659,1,11
0,p8660,1,40
0,p8661,1,63
0,p8662,1,38
0,p8663,1,65
0,p8664,1,4
0,p8665,1,81
0,p8666,1,81
0,p8667,1,28
0,p8668,1,34
0,p8669,1,4
0,p8670,1,42
0,p8671,1,26
0,p8672,1,55
0,p8673,1,99
0,p8674,1,87
0,p8675,1,98
0,p8676,1,68
0,p8677,1,25
0,p8678,1,59
0,p8679,1,79
0,p8680,1,2
0,p8681,1,65
0,p8682,1,19
0,p8683,1,56
0,p8684,1,25
0,p8685,1,62
0,p8686,1,85
0,p8687,1,81
0,p8688,1,15
0,p8689,1,48
0,p8690,1,14
0,p8691,1,5
0,p8692,1,67
0,p8693,1,48
0,p8694,1,35
0,p8695,1,56
0,p8696,1,68
0,p8697,1,70
0,p8698,1,97
0,p8699,1,32
0,p8700,1,58
0,p8701,1,99
0,p8702,1,33
0,p8703,1,97
0,p8704,1,98
0,p8705,1,48
0,p8706,1,75
0,p8707,1,66
0,p8708,1,39
0,p8709,1,40
0,p8710,1,85
0,p8711,1,65
0,p8712,1,96
0,p8713,1,56
0,p8714,1,54
0,p8715,1,65
0,p8716,1,50
0,p8717,1,75
0,p8718,1,66
0,p8719,1,35
0,p8720,1,26
0,p8721,1,25
0,p8722,1,7
0,p8723,1,98
0,p8724,1,64
0,p8725,1,79
0,p8726,1,98
0,p8727,1,6
0,p8728,1,30
0,p8729,1,76
0,p8730,1,43
0,p8731,1,13
0,p8732,1,79
0,p8733,1,76
0,p8734,1,38
0,p8735,1,7
0,p8736,1,95
0,p8737,1,44
0,p8738,1,30
0,p8739,1,88
0,p8740,1,74
0,p8741,1,68
0,p8742,1,7
0,p8743,1,79
0,p8744,1,54
0,p8745,1,6
0,p8746,1,83
0,p8747,1,43
0,p8748,1,50
0,p8749,1,30
0,p8750,1,88
0,p8751,1,64
0,p8752,1,4
0,p8753,1,53
0,p8754,1,18
0,p8755,1,63
0,p8756,1,61
0,p8757,1,43
0,p8758,1,3
0,p8759,1,55
0,p8760,1,85
0,p8761,1,45
0,p8762,1,21
0,p8763,1,72
0,p8764,1,55
0,p8765,1,56
0,p8766,1,19
0,p8767,1,2
0,p8768,1,52
0,p8769,1,55
0,p8770,1,37
0,p8771,1,79
0,p8772,1,33
0,p8773,1,50
0,p8774,1,88
0,p8775,1,17
0,p8776,1,66
0,p8777,1,47
0,p8778,1,55
0,p8779,1,29
0,p8780,1,38
0,p8781,1,9
0,p8782,1,4
0,p8783,1,27
0,p8784,1,87
0,p8785,1,80
0,p8786,1,54
0,p8787,1,98
0,p8788,1,66
0,p8789,1,67
0,p8790,1,98
0,p8791,1,60
0,p8792,1,71
0,p8793,1,27
0,p8794,1,97
0,p8795,1,92
0,p8796,1,66
0,p8797,1,88
0,p8798,1,79
0,p8799,1,37
0,p8800,1,53
0,p8801,1,21
0,p8802,1,3
0,p8803,1,42
0,p8804,1,77
0,p8805,1,83
0,p8806,1,62
0,p8807,1,81
0,p8808,1,84
0,p8809,1,79
0,p8810,1,60
0,p8811,1,67
0,p8812,1,76
0,p8813,1,59
0,p8814,1,20
0,p8815,1,97
0,p8816,1,81
0,p8817,1,37
0,p8818,1,9
0,p8819,1,51
0,p8820,1,32
0,p8821,1,88
0,p8822,1,51
0,p8823,1,40
0,p8824,1,85
0,p8825,1,88
0,p8826,1,6
0,p8827,1,2
0,p8828,1,34
0,p8829,1,24
0,p8830,1,60
0,p8831,1,57
0,p8832,1,19
0,p8833,1,76
0,p8834,1,64
0,p8835,1,19
0,p8836,1,77
0,p8837,1,38
0,p8838,1,35
0,p8839,1,99
0,p8840,1,59
0,p8841,1,48
0,p8842,1,97
0,p8843,1,64
0,p8844,1,80
0,p8845,1,82
0,p8846,1,22
0,p8847,1,25
0,p8848,1,82
0,p8849,1,50
0,p8850,1,22
0,p8851,1,37
0,p8852,1,32
0,p8853,1,41
0,p8854,1,40
0,p8855,1,14
0,p8856,1,4
0,p8857,1,54
0,p8858,1,96
0,p8859,1,59
0,p8860,1,89
0,p8861,1,96
0,p8862,1,48
0,p8863,1,45
0,p8864,1,26
0,p8865,1,13
0,p8866,1,5
0,p8867,1,40
0,p8868,1,72
0,p8869,1,67
0,p8870,1,81
0,p8871,1,75
0,p8872,1,51
0,p8873,1,45
0,p8874,1,9
0,p8875,1,2
0,p8876,1,46
0,p8877,1,16
0,p8878,1,9
0,p8879,1,24
0,p8880,1,26
0,p8881,1,10
0,p8882,1,76
0,p8883,1,50
0,p8884,1,93
0,p8885,1,11
0,p8886,1,30
0,p8887,1,68
0,p8888,1,14
0,p8889,1,25
0,p8890,1,92
0,p8891,1,38
0,p8892,1,39
0,p8893,1,18
0,p8894,1,58
0,p8895,1,19
0,p8896,1,4
0,p8897,1,33
0,p8898,1,36
0,p8899,1,45
0,p8900,1,5
0,p8901,1,78
0,p8902,1,91
0,p8903,1,5
0,p8904,1,59
0,p8905,1,18
0,p8906,1,99
0,p8907,1,19
0,p8908,1,34
0,p8909,1,98
0,p8910,1,89
0,p8911,1,37
0,p8912,1,54
0,p8913,1,79
0,p8914,1,68
0,p8915,1,50
0,p8916,1,74
0,p8917,1,39
0,p8918,1,75
0,p8919,1,90
0,p8920,1,98
0,p8921,1,12
0,p8922,1,98
0,p8923,1,74
0,p8924,1,46
0,p8925,1,88
0,p8926,1,34
0,p8927,1,63
0,p8928,1,21
0,p8929,1,31
0,p8930,1,44
0,p8931,1,45
0,p8932,1,49
0,p8933,1,15
0,p8934,1,31
0,p8935,1,54
0,p8936,1,92
0,p8937,1,89
0,p8938,1,76
0,p8939,1,67
0,p8940,1,17
0,p8941,1,97
0,p8942,1,27
0,p8943,1,46
0,p8944,1,41
0,p8945,1,24
0,p8946,1,100
0,p8947,1,78
0,p8948,1,85
0,p8949,1,88
0,p8950,1,13
0,p8951,1,27
0,p8952,1,24
0,p8953,1,30
0,p8954,1,90
0,p8955,1,39
0,p8956,1,92
0,p8957,1,67
0,p8958,1,80
0,p8959,1,14
0,p8960,1,70
0,p8961,1,43
0,p8962,1,89
0,p8963,1,8
0,p8964,1,77
0,p8965,1,94
0,p8966,1,71
0,p8967,1,94
0,p8968,1,89
0,p8969,1,81
0,p8970,1,89
0,p8971,1,75
0,p8972,1,40
0,p8973,1,90
0,p8974,1,59
0,p8975,1,64
0,p8976,1,94
0,p8977,1,21
0,p8978,1,45
0,p8979,1,36
0,p8980,1,77
0,p8981,1,33
0,p8982,1,82
0,p8983,1,74
0,p8984,1,96
0,p8985,1,70
0,p8986,1,8
0,p8987,1,71
0,p8988,1,64
0,p8989,1,25
0,p8990,1,53
0,p8991,1,44
0,p8992,1,77
0,p8993,1,55
0,p8994,1,42
0,p8995,1,95
0,p8996,1,10
0,p8997,1,35
0,p8998,1,57
0,p8999,1,80
0,p9000,1,86
0,p9001,1,57
0,p9002,1,12
0,p9003,1,89
0,p9004,1,59
0,p9005,1,96
0,p9006,1,80
0,p9007,1,66
0,p9008,1,23
0,p9009,1,99
0,p9010,1,15
0,p9011,1,68
0,p9012,1,80
0,p9013,1,32
0,p9014,1,73
0,p9015,1,15
0,p9016,1,15
0,p9017,1,55
0,p9018,1,98
0,p9019,1,80
0,p9020,1,55
0,p9021,1,90
0,p9022,1,56
0,p9023,1,14
0,p9024,1,81
0,p9025,1,27
0,p9026,1,49
0,p9027,1,67
0,p9028,1,100
0,p9029,1,10
0,p9030,1,44
0,p9031,1,89
0,p9032,1,35
0,p9033,1,16
0,p9034,1,53
0,p9035,1,52
0,p9036,1,76
0,p9037,1,57
0,p9038,1,36
0,p9039,1,80
0,p9040,1,41
0,p9041,1,79
0,p9042,1,46
0,p9043,1,21
0,p9044,1,55
0,p9045,1,38
0,p9046,1,95
0,p9047,1,81
0,p9048,1,75
0,p9049,1,39
0,p9050,1,73
0,p9051,1,42
0,p9052,1,18
0,p9053,1,85
0,p9054,1,87
0,p9055,1,32
0,p9056,1,64
0,p9057,1,21
0,p9058,1,27
0,p9059,1,97
0,p9060,1,65
0,p9061,1,79
0,p9062,1,69
0,p9063,1,82
0,p9064,1,25
0,p9065,1,23
0,p9066,1,34
0,p9067,1,71
0,p9068,1,29
0,p9069,1,83
0,p9070,1,21
0,p9071,1,58
0,p9072,1,27
0,p9073,1,39
0,p9074,1,67
0,p9075,1,8
0,p9076,1,38
0,p9077,1,95
0,p9078,1,17
0,p9079,1,51
0,p9080,1,5
0,p9081,1,39
0,p9082,1,20
0,p9083,1,32
0,p9084,1,75
0,p9085,1,22
0,p9086,1,70
0,p9087,1,40
0,p9088,1,36
0,p9089,1,11
0,p9090,1,85
0,p9091,1,25
0,p9092,1,35
0,p9093,1,79
0,p9094,1,53
0,p9095,1,26
0,p9096,1,3
0,p9097,1,39
0,p9098,1,70
0,p9099,1,33
0,p9100,1,30
0,p9101,1,33
0,p9102,1,55
0,p9103,1,27
0,p9104,1,12
0,p9105,1,86
0,p9106,1,5
0,p9107,1,28
0,p9108,1,57
0,p9109,1,97
0,p9110,1,44
0,p9111,1,72
0,p9112,1,94
0,p9113,1,75
0,p9114,1,73
0,p9115,1,72
0,p9116,1,67
0,p9117,1,21
0,p9118,1,25
0,p9119,1,25
0,p9120,1,79
0,p9121,1,76
0,p9122,1,34
0,p9123,1,72
0,p9124,1,15
0,p9125,1,48
0,p9126,1,65
0,p9127,1,13
0,p9128,1,8
0,p9129,1,74
0,p9130,1,10
0,p9131,1,13
0,p9132,1,72
0,p9133,1,56
0,p9134,1,28
0,p9135,1,97
0,p9136,1,11
0,p9137,1,91
0,p9138,1,31
0,p9139,1,10
0,p9140,1,34
0,p9141,1,4
0,p9142,1,76
0,p9143,1,18
0,p9144,1,29
0,p9145,1,37
0,p9146,1,20
0,p9147,1,83
0,p9148,1,20
0,p9149,1,51
0,p9150,1,87
0,p9151,1,46
0,p9152,1,9
0,p9153,1,99
0,p9154,1,96
0,p9155,1,4
0,p9156,1,55
0,p9157,1,59
0,p9158,1,99
0,p9159,1,90
0,p9160,1,76
0,p9161,1,69
0,p9162,1,66
0,p9163,1,61
0,p9164,1,66
0,p9165,1,34
0,p9166,1,38
0,p9167,1,44
0,p9168,1,50
0,p9169,1,32
0,p9170,1,95
0,p9171,1,84
0,p9172,1,43
0,p9173,1,43
0,p9174,1,62
0,p9175,1,55
0,p9176,1,38
0,p9177,1,38
0,p9178,1,19
0,p9179,1,23
0,p9180,1,36
0,p9181,1,93
0,p9182,1,90
0,p9183,1,29
0,p9184,1,15
0,p9185,1,72
0,p9186,1,98
0,p9187,1,51
0,p9188,1,49
0,p9189,1,50
0,p9190,1,56
0,p9191,1,13
0,p9192,1,70
0,p9193,1,29
0,p9194,1,41
0,p9195,1,64
0,p9196,1,99
0,p9197,1,12
0,p9198,1,41
0,p9199,1,96
0,p9200,1,41
0,p9201,1,88
0,p9202,1,74
0,p9203,1,31
0,p9204,1,33
0,p9205,1,21
0,p9206,1,19
0,p9207,1,84
0,p9208,1,35
0,p9209,1,34
0,p9210,1,90
0,p9211,1,70
0,p9212,1,42
0,p9213,1,92
0,p9214,1,18
0,p9215,1,5
0,p9216,1,25
0,p9217,1,62
0,p9218,1,83
0,p9219,1,3
0,p9220,1,40
0,p9221,1,95
0,p9222,1,23
0,p9223,1,47
0,p9224,1,86
0,p9225,1,24
0,p9226,1,55
0,p9227,1,48
0,p9228,1,97
0,p9229,1,53
0,p9230,1,32
0,p9231,1,41
0,p9232,1,3
0,p9233,1,76
0,p9234,1,80
0,p9235,1,6
0,p9236,1,30
0,p9237,1,75
0,p9238,1,40
0,p9239,1,93
0,p9240,1,19
0,p9241,1,72
0,p9242,1,60
0,p9243,1,11
0,p9244,1,56
0,p9245,1,51
0,p9246,1,49
0,p9247,1,97
0,p9248,1,78
0,p9249,1,60
0,p9250,1,30
0,p9251,1,82
0,p9252,1,81
0,p9253,1,14
0,p9254,1,30
0,p9255,1,88
0,p9256,1,34
0,p9257,1,90
0,p9258,1,14
0,p9259,1,95
0,p9260,1,12
0,p9261,1,48
0,p9262,1,59
0,p9263,1,27
0,p9264,1,18
0,p9265,1,70
0,p9266,1,47
0,p9267,1,54
0,p9268,1,84
0,p9269,1,30
0,p9270,1,33
0,p9271,1,51
0,p9272,1,56
0,p9273,1,59
0,p9274,1,50
0,p9275,1,27
0,p9276,1,67
0,p9277,1,59
0,p9278,1,20
0,p9279,1,16
0,p9280,1,20
0,p9281,1,22
0,p9282,1,36
0,p9283,1,95
0,p9284,1,81
0,p9285,1,85
0,p9286,1,34
0,p9287,1,93
0,p9288,1,3
0,p9289,1,58
0,p9290,1,88
0,p9291,1,96
0,p9292,1,45
0,p9293,1,38
0,p9294,1,84
0,p9295,1,89
0,p9296,1,64
0,p9297,1,40
0,p9298,1,47
0,p9299,1,82
0,p9300,1,58
0,p9301,1,22
0,p9302,1,49
0,p9303,1,15
0,p9304,1,83
0,p9305,1,70
0,p9306,1,14
0,p9307,1,38
0,p9308,1,72
0,p9309,1,54
0,p9310,1,4
0,p9311,1,21
0,p9312,1,71
0,p9313,1,2
0,p9314,1,63
0,p9315,1,95
0,p9316,1,90
0,p9317,1,91
0,p9318,1,63
0,p9319,1,25
0,p9320,1,6
0,p9321,1,56
0,p9322,1,20
0,p9323,1,46
0,p9324,1,7
0,p9325,1,83
0,p9326,1,44
0,p9327,1,93
0,p9328,1,53
0,p9329,1,100
0,p9330,1,88
0,p9331,1,12
0,p9332,1,39
0,p9333,1,49
0,p9334,1,34
0,p9335,1,60
0,p9336,1,33
0,p9337,1,52
0,p9338,1,60
0,p9339,1,70
0,p9340,1,15
0,p9341,1,27
0,p9342,1,36
0,p9343,1,81
0,p9344,1,82
0,p9345,1,73
0,p9346,1,16
0,p9347,1,26
0,p9348,1,41
0,p9349,1,51
0,p9350,1,54
0,p9351,1,13
0,p9352,1,37
0,p9353,1,64
0,p9354,1,3
0,p9355,1,28
0,p9356,1,40
0,p9357,1,81
0,p9358,1,7
0,p9359,1,51
0,p9360,1,7
0,p9361,1,31
0,p9362,1,5
0,p9363,1,99
0,p9364,1,32
0,p9365,1,30
0,p9366,1,6
0,p9367,1,81
0,p9368,1,3
0,p9369,1,85
0,p9370,1,7
0,p9371,1,4
0,p9372,1,92
0,p9373,1,45
0,p9374,1,87
0,p9375,1,24
0,p9376,1,91
0,p9377,1,50
0,p9378,1,74
0,p9379,1,72
0,p9380,1,90
0,p9381,1,97
0,p9382,1,43
0,p9383,1,54
0,p9384,1,60
0,p9385,1,94
0,p9386,1,57
0,p9387,1,88
0,p9388,1,29
0,p9389,1,70
0,p9390,1,10
0,p9391,1,30
0,p9392,1,55
0,p9393,1,87
0,p9394,1,33
0,p9395,1,92
0,p9396,1,53
0,p9397,1,99
0,p9398,1,77
0,p9399,1,84
0,p9400,1,3
0,p9401,1,97
0,p9402,1,87
0,p9403,1,63
0,p9404,1,95
0,p9405,1,57
0,p9406,1,93
0,p9407,1,26
0,p9408,1,40
0,p9409,1,30
0,p9410,1,53
0,p9411,1,38
0,p9412,1,26
0,p9413,1,8
0,p9414,1,2
0,p9415,1,10
0,p9416,1,73
0,p9417,1,65
0,p9418,1,84
0,p9419,1,84
0,p9420,1,88
0,p9421,1,52
0,p9422,1,78
0,p9423,1,13
0,p9424,1,31
0,p9425,1,46
0,p9426,1,19
0,p9427,1,8
0,p9428,1,47
0,p9429,1,89
0,p9430,1,49
0,p9431,1,17
0,p9432,1,72
0,p9433,1,14
0,p9434,1,71
0,p9435,1,62
0,p9436,1,19
0,p9437,1,86
0,p9438,1,63
0,p9439,1,2
0,p9440,1,7
0,p9441,1,37
0,p9442,1,91
0,p9443,1,83
0,p9444,1,44
0,p9445,1,23
0,p9446,1,53
0,p9447,1,98
0,p9448,1,18
0,p9449,1,37
0,p9450,1,9
0,p9451,1,34
0,p9452,1,5
0,p9453,1,99
0,p9454,1,68
0,p9455,1,16
0,p9456,1,19
0,p9457,1,28
0,p9458,1,35
0,p9459,1,90
0,p9460,1,24
0,p9461,1,58
0,p9462,1,9
0,p9463,1,78
0,p9464,1,82
0,p9465,1,9
0,p9466,1,86
0,p9467,1,20
0,p9468,1,24
0,p9469,1,96
0,p9470,1,54
0,p9471,1,78
0,p9472,1,46
0,p9473,1,64
0,p9474,1,75
0,p9475,1,28
0,p9476,1,22
0,p9477,1,6
0,p9478,1,62
0,p9479,1,34
0,p9480,1,72
0,p9481,1,62
0,p9482,1,87
0,p9483,1,91
0,p9484,1,69
0,p9485,1,43
0,p9486,1,70
0,p9487,1,40
0,p9488,1,94
0,p9489,1,45
0,p9490,1,7
0,p9491,1,98
0,p9492,1,11
0,p9493,1,43
0,p9494,1,13
0,p9495,1,70
0,p9496,1,3
0,p9497,1,49
0,p9498,1,3
0,p9499,1,33
0,p9500,1,39
0,p9501,1,43
0,p9502,1,12
0,p9503,1,61
0,p9504,1,54
0,p9505,1,100
0,p9506,1,57
0,p9507,1,94
0,p9508,1,32
0,p9509,1,15
0,p9510,1,60
0,p9511,1,25
0,p9512,1,75
0,p9513,1,28
0,p9514,1,33
0,p9515,1,97
0,p9516,1,73
0,p9517,1,22
0,p9518,1,52
0,p9519,1,30
0,p9520,1,12
0,p9521,1,79
0,p9522,1,24
0,p9523,1,10
0,p9524,1,32
0,p9525,1,60
0,p9526,1,54
0,p9527,1,40
0,p9528,1,19
0,p9529,1,76
0,p9530,1,28
0,p9531,1,89
0,p9532,1,50
0,p9533,1,35
0,p9534,1,92
0,p9535,1,10
0,p9536,1,95
0,p9537,1,66
0,p9538,1,5
0,p9539,1,37
0,p9540,1,42
0,p9541,1,3
0,p9542,1,35
0,p9543,1,37
0,p9544,1,24
0,p9545,1,15
0,p9546,1,100
0,p9547,1,86
0,p9548,1,2
0,p9549,1,23
0,p9550,1,33
0,p9551,1,16
0,p9552,1,93
0,p9553,1,100
0,p9554,1,78
0,p9555,1,28
0,p9556,1,83
0,p9557,1,13
0,p9558,1,28
0,p9559,1,93
0,p9560,1,20
0,p9561,1,49
0,p9562,1,32
0,p9563,1,7
0,p9564,1,40
0,p9565,1,15
0,p9566,1,27
0,p9567,1,35
0,p9568,1,34
0,p9569,1,20
0,p9570,1,41
0,p9571,1,66
0,p9572,1,94
0,p9573,1,16
0,p9574,1,64
0,p9575,1,42
0,p9576,1,7
0,p9577,1,42
0,p9578,1,20
0,p9579,1,99
0,p9580,1,80
0,p9581,1,26
0,p9582,1,44
0,p9583,1,41
0,p9584,1,30
0,p9585,1,40
0,p9586,1,92
0,p9587,1,55
0,p9588,1,57
0,p9589,1,23
0,p9590,1,26
0,p9591,1,99
0,p9592,1,43
0,p9593,1,4
0,p9594,1,47
0,p9595,1,23
0,p9596,1,16
0,p9597,1,87
0,p9598,1,75
0,p9599,1,81
0,p9600,1,32
0,p9601,1,83
0,p9602,1,27
0,p9603,1,58
0,p9604,1,30
0,p9605,1,51
0,p9606,1,5
0,p9607,1,27
0,p9608,1,21
0,p9609,1,87
0,p9610,1,97
0,p9611,1,76
0,p9612,1,72
0,p9613,1,18
0,p9614,1,92
0,p9615,1,100
0,p9616,1,55
0,p9617,1,63
0,p9618,1,11
0,p9619,1,4
0,p9620,1,37
0,p9621,1,46
0,p9622,1,89
0,p9623,1,67
0,p9624,1,49
0,p9625,1,20
0,p9626,1,62
0,p9627,1,28
0,p9628,1,65
0,p9629,1,25
0,p9630,1,81
0,p9631,1,76
0,p9632,1,62
0,p9633,1,27
0,p9634,1,86
0,p9635,1,79
0,p9636,1,33
0,p9637,1,29
0,p9638,1,99
0,p9639,1,71
0,p9640,1,22
0,p9641,1,87
0,p9642,1,76
0,p9643,1,41
0,p9644,1,57
0,p9645,1,24
0,p9646,1,100
0,p9647,1,27
0,p9648,1,77
0,p9649,1,67
0,p9650,1,15
0,p9651,1,12
0,p9652,1,33
0,p9653,1,87
0,p9654,1,85
0,p9655,1,37
0,p9656,1,33
0,p9657,1,77
0,p9658,1,46
0,p9659,1,65
0,p9660,1,12
0,p9661,1,47
0,p9662,1,29
0,p9663,1,48
0,p9664,1,93
0,p9665,1,87
0,p9666,1,14
0,p9667,1,100
0,p9668,1,77
0,p9669,1,70
0,p9670,1,38
0,p9671,1,2
0,p9672,1,14
0,p9673,1,31
0,p9674,1,48
0,p9675,1,81
0,p9676,1,34
0,p9677,1,22
0,p9678,1,39
0,p9679,1,46
0,p9680,1,95
0,p9681,1,7
0,p9682,1,33
0,p9683,1,58
0,p9684,1,34
0,p9685,1,69
0,p9686,1,45
0,p9687,1,3
0,p9688,1,53
0,p9689,1,6
0,p9690,1,78
0,p9691,1,24
0,p9692,1,88
0,p9693,1,18
0,p9694,1,28
0,p9695,1,22
0,p9696,1,75
0,p9697,1,56
0,p9698,1,33
0,p9699,1,75
0,p9700,1,80
0,p9701,1,86
0,p9702,1,71
0,p9703,1,14
0,p9704,1,17
0,p9705,1,44
0,p9706,1,61
0,p9707,1,7
0,p9708,1,90
0,p9709,1,55
0,p9710,1,94
0,p9711,1,17
0,p9712,1,25
0,p9713,1,48
0,p9714,1,48
0,p9715,1,61
0,p9716,1,16
0,p9717,1,75
0,p9718,1,84
0,p9719,1,99
0,p9720,1,58
0,p9721,1,6
0,p9722,1,55
0,p9723,1,13
0,p9724,1,78
0,p9725,1,75
0,p9726,1,65
0,p9727,1,87
0,p9728,1,90
0,p9729,1,8
0,p9730,1,76
0,p9731,1,63
0,p9732,1,41
0,p9733,1,39
0,p9734,1,78
0,p9735,1,4
0,p9736,1,37
0,p9737,1,38
0,p9738,1,25
0,p9739,1,80
0,p9740,1,64
0,p9741,1,33
0,p9742,1,100
0,p9743,1,26
0,p9744,1,57
0,p9745,1,81
0,p9746,1,54
0,p9747,1,54
0,p9748,1,30
0,p9749,1,22
0,p9750,1,93
0,p9751,1,90
0,p9752,1,76
0,p9753,1,57
0,p9754,1,20
0,p9755,1,45
0,p9756,1,63
0,p9757,1,98
0,p9758,1,35
0,p9759,1,8
0,p9760,1,68
0,p9761,1,91
0,p9762,1,20
0,p9763,1,41
0,p9764,1,40
0,p9765,1,40
0,p9766,1,55
0,p9767,1,70
0,p9768,1,85
0,p9769,1,72
0,p9770,1,51
0,p9771,1,61
0,p9772,1,71
0,p9773,1,85
0,p9774,1,56
0,p9775,1,51
0,p9776,1,31
0,p9777,1,46
0,p9778,1,90
0,p9779,1,65
0,p9780,1,85
0,p9781,1,37
0,p9782,1,12
0,p9783,1,39
0,p9784,1,42
0,p9785,1,5
0,p9786,1,3
0,p9787,1,36
0,p9788,1,97
0,p9789,1,57
0,p9790,1,14
0,p9791,1,33
0,p9792,1,22
0,p9793,1,32
0,p9794,1,39
0,p9795,1,54
0,p9796,1,41
0,p9797,1,53
0,p9798,1,9
0,p9799,1,72
0,p9800,1,31
0,p9801,1,75
0,p9802,1,35
0,p9803,1,49
0,p9804,1,51
0,p9805,1,7
0,p9806,1,42
0,p9807,1,98
0,p9808,1,69
0,p9809,1,24
0,p9810,1,64
0,p9811,1,92
0,p9812,1,66
0,p9813,1,74
0,p9814,1,45
0,p9815,1,32
0,p9816,1,19
0,p9817,1,81
0,p9818,1,90
0,p9819,1,9
0,p9820,1,70
0,p9821,1,99
0,p9822,1,78
0,p9823,1,77
0,p9824,1,69
0,p9825,1,99
0,p9826,1,42
0,p9827,1,86
0,p9828,1,30
0,p9829,1,71
0,p9830,1,82
0,p9831,1,93
0,p9832,1,97
0,p9833,1,98
0,p9834,1,46
0,p9835,1,78
0,p9836,1,10
0,p9837,1,68
0,p9838,1,58
0,p9839,1,74
0,p9840,1,64
0,p9841,1,46
0,p9842,1,11
0,p9843,1,44
0,p9844,1,38
0,p9845,1,52
0,p9846,1,92
0,p9847,1,10
0,p9848,1,16
0,p9849,1,43
0,p9850,1,42
0,p9851,1,25
0,p9852,1,36
0,p9853,1,80
0,p9854,1,87
0,p9855,1,13
0,p9856,1,6
0,p9857,1,56
0,p9858,1,92
0,p9859,1,79
0,p9860,1,52
0,p9861,1,8
0,p9862,1,9
0,p9863,1,34
0,p9864,1,66
0,p9865,1,99
0,p9866,1,20
0,p9867,1,98
0,p9868,1,97
0,p9869,1,53
0,p9870,1,85
0,p9871,1,79
0,p9872,1,30
0,p9873,1,98
0,p9874,1,58
0,p9875,1,88
0,p9876,1,38
0,p9877,1,94
0,p9878,1,14
0,p9879,1,72
0,p9880,1,81
0,p9881,1,51
0,p9882,1,89
0,p9883,1,14
0,p9884,1,64
0,p9885,1,38
0,p9886,1,25
0,p9887,1,71
0,p9888,1,84
0,p9889,1,98
0,p9890,1,74
0,p9891,1,81
0,p9892,1,78
0,p9893,1,13
0,p9894,1,84
0,p9895,1,35
0,p9896,1,23
0,p9897,1,78
0,p9898,1,94
0,p9899,1,52
0,p9900,1,42
0,p9901,1,73
0,p9902,1,98
0,p9903,1,100
0,p9904,1,54
0,p9905,1,22
0,p9906,1,95
0,p9907,1,98
0,p9908,1,93
0,p9909,1,11
0,p9910,1,48
0,p9911,1,92
0,p9912,1,27
0,p9913,1,49
0,p9914,1,71
0,p9915,1,25
0,p9916,1,24
0,p9917,1,69
0,p9918,1,5
0,p9919,1,17
0,p9920,1,73
0,p9921,1,85
0,p9922,1,78
0,p9923,1,87
0,p9924,1,92
0,p9925,1,25
0,p9926,1,91
0,p9927,1,18
0,p9928,1,54
0,p9929,1,70
0,p9930,1,95
0,p9931,1,30
0,p9932,1,30
0,p9933,1,53
0,p9934,1,51
0,p9935,1,3
0,p9936,1,4
0,p9937,1,15
0,p9938,1,29
0,p9939,1,48
0,p9940,1,88
0,p9941,1,38
0,p9942,1,79
0,p9943,1,54
0,p9944,1,12
0,p9945,1,31
0,p9946,1,34
0,p9947,1,95
0,p9948,1,19
0,p9949,1,59
0,p9950,1,36
0,p9951,1,16
0,p9952,1,41
0,p9953,1,66
0,p9954,1,70
0,p9955,1,35
0,p9956,1,30
0,p9957,1,37
0,p9958,1,33
0,p9959,1,13
0,p9960,1,97
0,p9961,1,78
0,p9962,1,46
0,p9963,1,79
0,p9964,1,38
0,p9965,1,2
0,p9966,1,71
0,p9967,1,21
0,p9968,1,96
0,p9969,1,43
0,p9970,1,29
0,p9971,1,15
0,p9972,1,65
0,p9973,1,79
0,p9974,1,19
0,p9975,1,56
0,p9976,1,52
0,p9977,1,82
0,p9978,1,2
0,p9979,1,14
0,p9980,1,36
0,p9981,1,18
0,p9982,1,25
0,p9983,1,35
0,p9984,1,21
0,p9985,1,35
0,p9986,1,100
0,p9987,1,51
0,p9988,1,83
0,p9989,1,18
0,p9990,1,59
0,p9991,1,44
0,p9992,1,5
0,p9993,1,54
0,p9994,1,91
0,p9995,1,37
0,p9996,1,98
0,p9997,1,20
0,p9998,1,56
0,p9999,1,71
0,p10000,1,18
0,p10001,1,72
0,p10002,1,82
0,p10003,1,93
0,p10004,1,62
0,p10005,1,37
0,p10006,1,56
0,p10007,1,40
0,p10008,1,90
0,p10009,1,94
0,p10010,1,85
0,p10011,1,67
0,p10012,1,27
0,p10013,1,17
0,p10014,1,42
0,p10015,1,53
0,p10016,1,96
0,p10017,1,64
0,p10018,1,34
0,p10019,1,49
0,p10020,1,79
0,p10021,1,59
0,p10022,1,76
0,p10023,1,96
0,p10024,1,40
0,p10025,1,95
0,p10026,1,79
0,p10027,1,3
0,p10028,1,99
0,p10029,1,67
0,p10030,1,5
0,p10031,1,85
0,p10032,1,88
0,p10033,1,24
0,p10034,1,37
0,p10035,1,54
0,p10036,1,34
0,p10037,1,97
0,p10038,1,30
0,p10039,1,49
0,p10040,1,53
0,p10041,1,66
0,p10042,1,74
0,p10043,1,13
0,p10044,1,78
0,p10045,1,98
0,p10046,1,54
0,p10047,1,12
0,p10048,1,55
0,p10049,1,48
0,p10050,1,44
0,p10051,1,44
0,p10052,1,66
0,p10053,1,86
0,p10054,1,19
0,p10055,1,99
0,p10056,1,42
0,p10057,1,97
0,p10058,1,53
0,p10059,1,97
0,p10060,1,38
0,p10061,1,96
0,p10062,1,79
0,p10063,1,82
0,p10064,1,9
0,p10065,1,67
0,p10066,1,34
0,p10067,1,65
0,p10068,1,24
0,p10069,1,87
0,p10070,1,64
0,p10071,1,98
0,p10072,1,34
0,p10073,1,95
0,p10074,1,70
0,p10075,1,43
0,p10076,1,23
0,p10077,1,37
0,p10078,1,51
0,p10079,1,96
0,p10080,1,29
0,p10081,1,75
0,p10082,1,88
0,p10083,1,82
0,p10084,1,80
0,p10085,1,12
0,p10086,1,49
0,p10087,1,15
0,p10088,1,77
0,p10089,1,100
0,p10090,1,79
0,p10091,1,11
0,p10092,1,67
0,p10093,1,26
0,p10094,1,27
0,p10095,1,32
0,p10096,1,78
0,p10097,1,51
0,p10098,1,6
0,p10099,1,9
0,p10100,1,64
0,p10101,1,65
0,p10102,1,72
0,p10103,1,52
0,p10104,1,68
0,p10105,1,53
0,p10106,1,90
0,p10107,1,99
0,p10108,1,15
0,p10109,1,53
0,p10110,1,73
0,p10111,1,60
0,p10112,1,22
0,p10113,1,22
0,p10114,1,38
0,p10115,1,53
0,p10116,1,50
0,p10117,1,31
0,p10118,1,69
0,p10119,1,91
0,p10120,1,83
0,p10121,1,78
0,p10122,1,6
0,p10123,1,9
0,p10124,1,57
0,p10125,1,34
0,p10126,1,58
0,p10127,1,99
0,p10128,1,29
0,p10129,1,48
0,p10130,1,53
0,p10131,1,96
0,p10132,1,16
0,p10133,1,68
0,p10134,1,2
0,p10135,1,91
0,p10136,1,98
0,p10137,1,90
0,p10138,1,33
0,p10139,1,41
0,p10140,1,11
0,p10141,1,71
0,p10142,1,20
0,p10143,1,3
0,p10144,1,37
0,p10145,1,74
0,p10146,1,41
0,p10147,1,27
0,p10148,1,14
0,p10149,1,39
0,p10150,1,60
0,p10151,1,19
0,p10152,1,94
0,p10153,1,31
0,p10154,1,88
0,p10155,1,36
0,p10156,1,93
0,p10157,1,95
0,p10158,1,73
0,p10159,1,72
0,p10160,1,27
0,p10161,1,3
0,p10162,1,59
0,p10163,1,87
0,p10164,1,98
0,p10165,1,74
0,p10166,1,56
0,p10167,1,38
0,p10168,1,32
0,p10169,1,23
0,p10170,1,76
0,p10171,1,13
0,p10172,1,71
0,p10173,1,94
0,p10174,1,49
0,p10175,1,28
0,p10176,1,39
0,p10177,1,43
0,p10178,1,64
0,p10179,1,96
0,p10180,1,67
0,p10181,1,100
0,p10182,1,52
0,p10183,1,19
0,p10184,1,22
0,p10185,1,12
0,p10186,1,97
0,p10187,1,89
0,p10188,1,30
0,p10189,1,15
0,p10190,1,35
0,p10191,1,58
0,p10192,1,72
0,p10193,1,13
0,p10194,1,73
0,p10195,1,69
0,p10196,1,66
0,p10197,1,91
0,p10198,1,84
0,p10199,1,36
0,p10200,1,37
0,p10201,1,3
0,p10202,1,49
0,p10203,1,69
0,p10204,1,85
0,p10205,1,70
0,p10206,1,94
0,p10207,1,67
0,p10208,1,35
0,p10209,1,77
0,p10210,1,84
0,p10211,1,43
0,p10212,1,29
0,p10213,1,85
0,p10214,1,21
0,p10215,1,65
0,p10216,1,70
0,p10217,1,33
0,p10218,1,48
0,p10219,1,46
0,p10220,1,56
0,p10221,1,96
0,p10222,1,67
0,p10223,1,23
0,p10224,1,90
0,p10225,1,44
0,p10226,1,3
0,p10227,1,45
0,p10228,1,63
0,p10229,1,31
0,p10230,1,11
0,p10231,1,98
0,p10232,1,8
0,p10233,1,51
0,p10234,1,80
0,p10235,1,4
0,p10236,1,72
0,p10237,1,72
0,p10238,1,8
0,p10239,1,47
0,p10240,1,38
0,p10241,1,41
0,p10242,1,98
0,p10243,1,78
0,p10244,1,94
0,p10245,1,65
0,p10246,1,82
0,p10247,1,45
0,p10248,1,74
0,p10249,1,69
0,p10250,1,84
0,p10251,1,13
0,p10252,1,3
0,p10253,1,57
0,p10254,1,3
0,p10255,1,89
0,p10256,1,28
0,p10257,1,10
0,p10258,1,29
0,p10259,1,100
0,p10260,1,82
0,p10261,1,31
0,p10262,1,70
0,p10263,1,27
0,p10264,1,80
0,p10265,1,46
0,p10266,1,62
0,p10267,1,43
0,p10268,1,8
0,p10269,1,55
0,p10270,1,10
0,p10271,1,52
0,p10272,1,20
0,p10273,1,31
0,p10274,1,99
0,p10275,1,86
0,p10276,1,27
0,p10277,1,36
0,p10278,1,14
0,p10279,1,51
0,p10280,1,75
0,p10281,1,3
0,p10282,1,17
0,p10283,1,11
0,p10284,1,38
0,p10285,1,72
0,p10286,1,58
0,p10287,1,90
0,p10288,1,51
0,p10289,1,7
0,p10290,1,100
0,p10291,1,19
0,p10292,1,12
0,p10293,1,33
0,p10294,1,94
0,p10295,1,67
0,p10296,1,96
0,p10297,1,48
0,p10298,1,14
0,p10299,1,74
0,p10300,1,20
0,p10301,1,30
0,p10302,1,34
0,p10303,1,20
0,p10304,1,17
0,p10305,1,85
0,p10306,1,57
0,p10307,1,20
0,p10308,1,21
0,p10309,1,92
0,p10310,1,97
0,p10311,1,31
0,p10312,1,92
0,p10313,1,52
0,p10314,1,78
0,p10315,1,18
0,p10316,1,3
0,p10317,1,43
0,p10318,1,44
0,p10319,1,19
0,p10320,1,7
0,p10321,1,88
0,p10322,1,85
0,p10323,1,70
0,p10324,1,75
0,p10325,1,6
0,p10326,1,9
0,p10327,1,5
0,p10328,1,79
0,p10329,1,74
0,p10330,1,4
0,p10331,1,99
0,p10332,1,25
0,p10333,1,57
0,p10334,1,82
0,p10335,1,34
0,p10336,1,85
0,p10337,1,56
0,p10338,1,27
0,p10339,1,49
0,p10340,1,29
0,p10341,1,57
0,p10342,1,94
0,p10343,1,55
0,p10344,1,82
0,p10345,1,7
0,p10346,1,65
0,p10347,1,84
0,p10348,1,85
0,p10349,1,4
0,p10350,1,80
0,p10351,1,54
0,p10352,1,76
0,p10353,1,9
0,p10354,1,3
0,p10355,1,75
0,p10356,1,27
0,p10357,1,19
0,p10358,1,65
0,p10359,1,77
0,p10360,1,53
0,p10361,1,6
0,p10362,1,42
0,p10363,1,63
0,p10364,1,8
0,p10365,1,81
0,p10366,1,43
0,p10367,1,28
0,p10368,1,45
0,p10369,1,47
0,p10370,1,20
0,p10371,1,62
0,p10372,1,65
0,p10373,1,36
0,p10374,1,47
0,p10375,1,72
0,p10376,1,37
0,p10377,1,82
0,p10378,1,40
0,p10379,1,60
0,p10380,1,28
0,p10381,1,63
0,p10382,1,18
0,p10383,1,55
0,p10384,1,32
0,p10385,1,39
0,p10386,1,55
0,p10387,1,88
0,p10388,1,67
0,p10389,1,22
0,p10390,1,85
0,p10391,1,64
0,p10392,1,11
0,p10393,1,66
0,p10394,1,39
0,p10395,1,4
0,p10396,1,55
0,p10397,1,48
0,p10398,1,61
0,p10399,1,72
0,p10400,1,52
0,p10401,1,57
0,p10402,1,100
0,p10403,1,86
0,p10404,1,62
0,p10405,1,63
0,p10406,1,19
0,p10407,1,100
0,p10408,1,31
0,p10409,1,87
0,p10410,1,35
0,p10411,1,66
0,p10412,1,87
0,p10413,1,68
0,p10414,1,78
0,p10415,1,8
0,p10416,1,5
0,p10417,1,69
0,p10418,1,58
0,p10419,1,100
0,p10420,1,17
0,p10421,1,85
0,p10422,1,79
0,p10423,1,48
0,p10424,1,99
0,p10425,1,45
0,p10426,1,42
0,p10427,1,4
0,p10428,1,5
0,p10429,1,93
0,p10430,1,97
0,p10431,1,15
0,p10432,1,99
0,p10433,1,89
0,p10434,1,20
0,p10435,1,4
0,p10436,1,50
0,p10437,1,17
0,p10438,1,10
0,p10439,1,34
0,p10440,1,87
0,p10441,1,93
0,p10442,1,82
0,p10443,1,61
0,p10444,1,52
0,p10445,1,32
0,p10446,1,93
0,p10447,1,60
0,p10448,1,99
0,p10449,1,99
0,p10450,1,30
0,p10451,1,37
0,p10452,1,17
0,p10453,1,77
0,p10454,1,75
0,p10455,1,88
0,p10456,1,14
0,p10457,1,93
0,p10458,1,5
0,p10459,1,28
0,p10460,1,88
0,p10461,1,68
0,p10462,1,92
0,p10463,1,9
0,p10464,1,2
0,p10465,1,82
0,p10466,1,77
0,p10467,1,60
0,p10468,1,20
0,p10469,1,66
0,p10470,1,93
0,p10471,1,11
0,p10472,1,79
0,p10473,1,79
0,p10474,1,45
0,p10475,1,20
0,p10476,1,23
0,p10477,1,100
0,p10478,1,91
0,p10479,1,8
0,p10480,1,47
0,p10481,1,97
0,p10482,1,94
0,p10483,1,78
0,p10484,1,72
0,p10485,1,88
0,p10486,1,79
0,p10487,1,41
0,p10488,1,92
0,p10489,1,59
0,p10490,1,87
0,p10491,1,7
0,p10492,1,67
0,p10493,1,26
0,p10494,1,23
0,p10495,1,97
0,p10496,1,91
0,p10497,1,16
0,p10498,1,66
0,p10499,1,29
0,p10500,1,96
0,p10501,1,91
0,p10502,1,54
0,p10503,1,26
0,p10504,1,97
0,p10505,1,52
0,p10506,1,9
0,p10507,1,59
0,p10508,1,53
0,p10509,1,4
0,p10510,1,82
0,p10511,1,88
0,p10512,1,37
0,p10513,1,32
0,p10514,1,96
0,p10515,1,5
0,p10516,1,94
0,p10517,1,75
0,p10518,1,84
0,p10519,1,41
0,p10520,1,50
0,p10521,1,46
0,p10522,1,29
0,p10523,1,27
0,p10524,1,63
0,p10525,1,20
0,p10526,1,78
0,p10527,1,63
0,p10528,1,81
0,p10529,1,45
0,p10530,1,57
0,p10531,1,39
0,p10532,1,86
0,p10533,1,78
0,p10534,1,3
0,p10535,1,21
0,p10536,1,88
0,p10537,1,94
0,p10538,1,19
0,p10539,1,7
0,p10540,1,98
0,p10541,1,48
0,p10542,1,61
0,p10543,1,74
0,p10544,1,77
0,p10545,1,79
0,p10546,1,31
0,p10547,1,9
0,p10548,1,92
0,p10549,1,49
0,p10550,1,78
0,p10551,1,54
0,p10552,1,76
0,p10553,1,64
0,p10554,1,30
0,p10555,1,92
0,p10556,1,53
0,p10557,1,80
0,p10558,1,98
0,p10559,1,43
0,p10560,1,70
0,p10561,1,72
0,p10562,1,86
0,p10563,1,55
0,p10564,1,41
0,p10565,1,58
0,p10566,1,53
0,p10567,1,21
0,p10568,1,99
0,p10569,1,27
0,p10570,1,53
0,p10571,1,79
0,p10572,1,11
0,p10573,1,34
0,p10574,1,87
0,p10575,1,16
0,p10576,1,71
0,p10577,1,98
0,p10578,1,63
0,p10579,1,39
0,p10580,1,76
0,p10581,1,53
0,p10582,1,24
0,p10583,1,87
0,p10584,1,24
0,p10585,1,81
0,p10586,1,54
0,p10587,1,66
0,p10588,1,85
0,p10589,1,70
0,p10590,1,76
0,p10591,1,32
0,p10592,1,45
0,p10593,1,17
0,p10594,1,42
0,p10595,1,51
0,p10596,1,67
0,p10597,1,87
0,p10598,1,49
0,p10599,1,58
0,p10600,1,54
0,p10601,1,48
0,p10602,1,64
0,p10603,1,56
0,p10604,1,41
0,p10605,1,24
0,p10606,1,21
0,p10607,1,35
0,p10608,1,54
0,p10609,1,38
0,p10610,1,87
0,p10611,1,4
0,p10612,1,100
0,p10613,1,55
0,p10614,1,13
0,p10615,1,64
0,p10616,1,96
0,p10617,1,72
0,p10618,1,19
0,p10619,1,25
0,p10620,1,70
0,p10621,1,83
0,p10622,1,75
0,p10623,1,62
0,p10624,1,27
0,p10625,1,90
0,p10626,1,11
0,p10627,1,24
0,p10628,1,50
0,p10629,1,16
0,p10630,1,10
0,p10631,1,53
0,p10632,1,16
0,p10633,1,96
0,p10634,1,53
0,p10635,1,77
0,p10636,1,67
0,p10637,1,56
0,p10638,1,14
0,p10639,1,78
0,p10640,1,90
0,p10641,1,10
0,p10642,1,22
0,p10643,1,89
0,p10644,1,43
0,p10645,1,78
0,p10646,1,7
0,p10647,1,70
0,p10648,1,64
0,p10649,1,99
0,p10650,1,68
0,p10651,1,18
0,p10652,1,66
0,p10653,1,15
0,p10654,1,80
0,p10655,1,93
0,p10656,1,11
0,p10657,1,11
0,p10658,1,7
0,p10659,1,42
0,p10660,1,7
0,p10661,1,83
0,p10662,1,40
0,p10663,1,95
0,p10664,1,55
0,p10665,1,54
0,p10666,1,91
0,p10667,1,77
0,p10668,1,10
0,p10669,1,91
0,p10670,1,14
0,p10671,1,29
0,p10672,1,5
0,p10673,1,32
0,p10674,1,41
0,p10675,1,37
0,p10676,1,17
0,p10677,1,6
0,p10678,1,88
0,p10679,1,74
0,p10680,1,33
0,p10681,1,43
0,p10682,1,51
0,p10683,1,19
0,p10684,1,92
0,p10685,1,91
0,p10686,1,44
0,p10687,1,81
0,p10688,1,62
0,p10689,1,91
0,p10690,1,31
0,p10691,1,79
0,p10692,1,43
0,p10693,1,43
0,p10694,1,71
0,p10695,1,15
0,p10696,1,31
0,p10697,1,63
0,p10698,1,95
0,p10699,1,50
0,p10700,1,54
0,p10701,1,18
0,p10702,1,60
0,p10703,1,68
0,p10704,1,79
0,p10705,1,93
0,p10706,1,74
0,p10707,1,96
0,p10708,1,90
0,p10709,1,57
0,p10710,1,24
0,p10711,1,82
0,p10712,1,61
0,p10713,1,48
0,p10714,1,42
0,p10715,1,26
0,p10716,1,3
0,p10717,1,41
0,p10718,1,72
0,p10719,1,88
0,p10720,1,48
0,p10721,1,49
0,p10722,1,77
0,p10723,1,58
0,p10724,1,97
0,p10725,1,40
0,p10726,1,41
0,p10727,1,58
0,p10728,1,47
0,p10729,1,53
0,p10730,1,8
0,p10731,1,28
0,p10732,1,30
0,p10733,1,95
0,p10734,1,91
0,p10735,1,5
0,p10736,1,89
0,p10737,1,77
0,p10738,1,95
0,p10739,1,83
0,p10740,1,65
0,p10741,1,15
0,p10742,1,90
0,p10743,1,41
0,p10744,1,94
0,p10745,1,74
0,p10746,1,22
0,p10747,1,21
0,p10748,1,39
0,p10749,1,72
0,p10750,1,29
0,p10751,1,85
0,p10752,1,52
0,p10753,1,80
0,p10754,1,5
0,p10755,1,61
0,p10756,1,14
0,p10757,1,56
0,p10758,1,8
0,p10759,1,91
0,p10760,1,44
0,p10761,1,50
0,p10762,1,11
0,p10763,1,7
0,p10764,1,74
0,p10765,1,60
0,p10766,1,41
0,p10767,1,71
0,p10768,1,95
0,p10769,1,88
0,p10770,1,6
0,p10771,1,68
0,p10772,1,47
0,p10773,1,98
0,p10774,1,22
0,p10775,1,51
0,p10776,1,40
0,p10777,1,86
0,p10778,1,52
0,p10779,1,53
0,p10780,1,25
0,p10781,1,19
0,p10782,1,75
0,p10783,1,42
0,p10784,1,67
0,p10785,1,72
0,p10786,1,27
0,p10787,1,71
0,p10788,1,19
0,p10789,1,75
0,p10790,1,14
0,p10791,1,76
0,p10792,1,64
0,p10793,1,94
0,p10794,1,40
0,p10795,1,49
0,p10796,1,7
0,p10797,1,51
0,p10798,1,63
0,p10799,1,25
0,p10800,1,34
0,p10801,1,87
0,p10802,1,37
0,p10803,1,60
0,p10804,1,90
0,p10805,1,10
0,p10806,1,73
0,p10807,1,78
0,p10808,1,53
0,p10809,1,23
0,p10810,1,33
0,p10811,1,66
0,p10812,1,79
0,p10813,1,56
0,p10814,1,58
0,p10815,1,22
0,p10816,1,5
0,p10817,1,74
0,p10818,1,66
0,p10819,1,42
0,p10820,1,90
0,p10821,1,42
0,p10822,1,88
0,p10823,1,53
0,p10824,1,88
0,p10825,1,68
0,p10826,1,62
0,p10827,1,86
0,p10828,1,70
0,p10829,1,61
0,p10830,1,30
0,p10831,1,30
0,p10832,1,64
0,p10833,1,6
0,p10834,1,25
0,p10835,1,99
0,p10836,1,87
0,p10837,1,62
0,p10838,1,53
0,p10839,1,41
0,p10840,1,75
0,p10841,1,46
0,p10842,1,61
0,p10843,1,52
0,p10844,1,52
0,p10845,1,76
0,p10846,1,76
0,p10847,1,57
0,p10848,1,72
0,p10849,1,50
0,p10850,1,36
0,p10851,1,4
0,p10852,1,51
0,p10853,1,51
0,p10854,1,19
0,p10855,1,69
0,p10856,1,89
0,p10857,1,68
0,p10858,1,81
0,p10859,1,39
0,p10860,1,41
0,p10861,1,21
0,p10862,1,7
0,p10863,1,27
0,p10864,1,90
0,p10865,1,99
0,p10866,1,78
0,p10867,1,90
0,p10868,1,3
0,p10869,1,2
0,p10870,1,86
0,p10871,1,97
0,p10872,1,100
0,p10873,1,100
0,p10874,1,98
0,p10875,1,6
0,p10876,1,73
0,p10877,1,92
0,p10878,1,28
0,p10879,1,70
0,p10880,1,26
0,p10881,1,33
0,p10882,1,81
0,p10883,1,95
0,p10884,1,98
0,p10885,1,27
0,p10886,1,85
0,p10887,1,16
0,p10888,1,21
0,p10889,1,88
0,p10890,1,74
0,p10891,1,89
0,p10892,1,77
0,p10893,1,75
0,p10894,1,11
0,p10895,1,28
0,p10896,1,69
0,p10897,1,31
0,p10898,1,12
0,p10899,1,13
0,p10900,1,4
0,p10901,1,20
0,p10902,1,40
0,p10903,1,76
0,p10904,1,25
0,p10905,1,96
0,p10906,1,98
0,p10907,1,18
0,p10908,1,78
0,p10909,1,72
0,p10910,1,90
0,p10911,1,79
0,p10912,1,36
0,p10913,1,53
0,p10914,1,17
0,p10915,1,87
0,p10916,1,73
0,p10917,1,100
0,p10918,1,91
0,p10919,1,8
0,p10920,1,59
0,p10921,1,92
0,p10922,1,12
0,p10923,1,58
0,p10924,1,36
0,p10925,1,96
0,p10926,1,11
0,p10927,1,61
0,p10928,1,7
0,p10929,1,59
0,p10930,1,13
0,p10931,1,2
0,p10932,1,33
0,p10933,1,5
0,p10934,1,33
0,p10935,1,17
0,p10936,1,97
0,p10937,1,35
0,p10938,1,89
0,p10939,1,51
0,p10940,1,57
0,p10941,1,20
0,p10942,1,99
0,p10943,1,57
0,p10944,1,76
0,p10945,1,24
0,p10946,1,59
0,p10947,1,3
0,p10948,1,3
0,p10949,1,35
0,p10950,1,27
0,p10951,1,94
0,p10952,1,37
0,p10953,1,15
0,p10954,1,14
0,p10955,1,34
0,p10956,1,87
0,p10957,1,52
0,p10958,1,68
0,p10959,1,85
0,p10960,1,13
0,p10961,1,71
0,p10962,1,93
0,p10963,1,99
0,p10964,1,92
0,p10965,1,76
0,p10966,1,2
0,p10967,1,7
0,p10968,1,9
0,p10969,1,99
0,p10970,1,50
0,p10971,1,52
0,p10972,1,88
0,p10973,1,91
0,p10974,1,26
0,p10975,1,98
0,p10976,1,82
0,p10977,1,55
0,p10978,1,84
0,p10979,1,39
0,p10980,1,92
0,p10981,1,57
0,p10982,1,42
0,p10983,1,5
0,p10984,1,26
0,p10985,1,52
0,p10986,1,38
0,p10987,1,39
0,p10988,1,96
0,p10989,1,26
0,p10990,1,76
0,p10991,1,23
0,p10992,1,4
0,p10993,1,92
0,p10994,1,51
0,p10995,1,33
0,p10996,1,49
0,p10997,1,53
0,p10998,1,71
0,p10999,1,2
0,p11000,1,70
0,p11001,1,84
0,p11002,1,64
0,p11003,1,14
0,p11004,1,15
0,p11005,1,73
0,p11006,1,44
0,p11007,1,17
0,p11008,1,48
0,p11009,1,4
0,p11010,1,51
0,p11011,1,90
0,p11012,1,64
0,p11013,1,100
0,p11014,1,50
0,p11015,1,57
0,p11016,1,81
0,p11017,1,8
0,p11018,1,23
0,p11019,1,65
0,p11020,1,41
0,p11021,1,33
0,p11022,1,13
0,p11023,1,70
0,p11024,1,40
0,p11025,1,93
0,p11026,1,79
0,p11027,1,7
0,p11028,1,96
0,p11029,1,52
0,p11030,1,28
0,p11031,1,54
0,p11032,1,51
0,p11033,1,17
0,p11034,1,22
0,p11035,1,26
0,p11036,1,53
0,p11037,1,86
0,p11038,1,99
0,p11039,1,32
0,p11040,1,67
0,p11041,1,82
0,p11042,1,65
0,p11043,1,73
0,p11044,1,18
0,p11045,1,3
0,p11046,1,11
0,p11047,1,68
0,p11048,1,75
0,p11049,1,4
0,p11050,1,81
0,p11051,1,36
0,p11052,1,58
0,p11053,1,42
0,p11054,1,4
0,p11055,1,52
0,p11056,1,60
0,p11057,1,84
0,p11058,1,41
0,p11059,1,75
0,p11060,1,97
0,p11061,1,42
0,p11062,1,98
0,p11063,1,79
0,p11064,1,22
0,p11065,1,55
0,p11066,1,75
0,p11067,1,39
0,p11068,1,86
0,p11069,1,55
0,p11070,1,72
0,p11071,1,21
0,p11072,1,76
0,p11073,1,18
0,p11074,1,12
0,p11075,1,11
0,p11076,1,33
0,p11077,1,89
0,p11078,1,28
0,p11079,1,56
0,p11080,1,22
0,p11081,1,41
0,p11082,1,77
0,p11083,1,59
0,p11084,1,42
0,p11085,1,61
0,p11086,1,49
0,p11087,1,84
0,p11088,1,35
0,p11089,1,23
0,p11090,1,29
0,p11091,1,27
0,p11092,1,93
0,p11093,1,72
0,p11094,1,52
0,p11095,1,95
0,p11096,1,10
0,p11097,1,90
0,p11098,1,79
0,p11099,1,75
0,p11100,1,26
0,p11101,1,72
0,p11102,1,31
0,p11103,1,82
0,p11104,1,93
0,p11105,1,8
0,p11106,1,17
0,p11107,1,71
0,p11108,1,82
0,p11109,1,91
0,p11110,1,61
0,p11111,1,59
0,p11112,1,74
0,p11113,1,19
0,p11114,1,16
0,p11115,1,76
0,p11116,1,42
0,p11117,1,87
0,p11118,1,82
0,p11119,1,62
0,p11120,1,42
0,p11121,1,90
0,p11122,1,52
0,p11123,1,25
0,p11124,1,64
0,p11125,1,32
0,p11126,1,82
0,p11127,1,41
0,p11128,1,74
0,p11129,1,30
0,p11130,1,30
0,p11131,1,47
0,p11132,1,74
0,p11133,1,49
0,p11134,1,2
0,p11135,1,32
0,p11136,1,57
0,p11137,1,90
0,p11138,1,88
0,p11139,1,89
0,p11140,1,39
0,p11141,1,92
0,p11142,1,38
0,p11143,1,45
0,p11144,1,99
0,p11145,1,67
0,p11146,1,38
0,p11147,1,76
0,p11148,1,11
0,p11149,1,39
0,p11150,1,95
0,p11151,1,41
0,p11152,1,44
0,p11153,1,46
0,p11154,1,11
0,p11155,1,47
0,p11156,1,3
0,p11157,1,19
0,p11158,1,90
0,p11159,1,95
0,p11160,1,31
0,p11161,1,33
0,p11162,1,11
0,p11163,1,61
0,p11164,1,26
0,p11165,1,79
0,p11166,1,10
0,p11167,1,40
0,p11168,1,54
0,p11169,1,83
0,p11170,1,55
0,p11171,1,48
0,p11172,1,32
0,p11173,1,9
0,p11174,1,44
0,p11175,1,2
0,p11176,1,45
0,p11177,1,45
0,p11178,1,57
0,p11179,1,75
0,p11180,1,82
0,p11181,1,90
0,p11182,1,31
0,p11183,1,83
0,p11184,1,29
0,p11185,1,16
0,p11186,1,84
0,p11187,1,100
0,p11188,1,72
0,p11189,1,75
0,p11190,1,97
0,p11191,1,77
0,p11192,1,56
0,p11193,1,2
0,p11194,1,79
0,p11195,1,68
0,p11196,1,96
0,p11197,1,82
0,p11198,1,12
0,p11199,1,62
0,p11200,1,44
0,p11201,1,29
0,p11202,1,75
0,p11203,1,9
0,p11204,1,30
0,p11205,1,41
0,p11206,1,28
0,p11207,1,100
0,p11208,1,75
0,p11209,1,10
0,p11210,1,22
0,p11211,1,39
0,p11212,1,35
0,p11213,1,52
0,p11214,1,75
0,p11215,1,99
0,p11216,1,7
0,p11217,1,31
0,p11218,1,68
0,p11219,1,52
0,p11220,1,46
0,p11221,1,62
0,p11222,1,100
0,p11223,1,35
0,p11224,1,58
0,p11225,1,73
0,p11226,1,28
0,p11227,1,6
0,p11228,1,23
0,p11229,1,71
0,p11230,1,33
0,p11231,1,43
0,p11232,1,25
0,p11233,1,31
0,p11234,1,82
0,p11235,1,97
0,p11236,1,94
0,p11237,1,56
0,p11238,1,99
0,p11239,1,73
0,p11240,1,87
0,p11241,1,13
0,p11242,1,45
0,p11243,1,6
0,p11244,1,2
0,p11245,1,20
0,p11246,1,73
0,p11247,1,75
0,p11248,1,45
0,p11249,1,77
0,p11250,1,47
0,p11251,1,40
0,p11252,1,47
0,p11253,1,98
0,p11254,1,57
0,p11255,1,99
0,p11256,1,30
0,p11257,1,16
0,p11258,1,23
0,p11259,1,19
0,p11260,1,98
0,p11261,1,52
0,p11262,1,2
0,p11263,1,84
0,p11264,1,11
0,p11265,1,15
0,p11266,1,64
0,p11267,1,85
0,p11268,1,29
0,p11269,1,82
0,p11270,1,35
0,p11271,1,52
0,p11272,1,17
0,p11273,1,21
0,p11274,1,26
0,p11275,1,33
0,p11276,1,80
0,p11277,1,54
0,p11278,1,23
0,p11279,1,76
0,p11280,1,10
0,p11281,1,43
0,p11282,1,87
0,p11283,1,89
0,p11284,1,72
0,p11285,1,71
0,p11286,1,22
0,p11287,1,12
0,p11288,1,82
0,p11289,1,29
0,p11290,1,33
0,p11291,1,28
0,p11292,1,10
0,p11293,1,43
0,p11294,1,35
0,p11295,1,22
0,p11296,1,78
0,p11297,1,93
0,p11298,1,74
0,p11299,1,68
0,p11300,1,50
0,p11301,1,19
0,p11302,1,97
0,p11303,1,49
0,p11304,1,31
0,p11305,1,52
0,p11306,1,33
0,p11307,1,92
0,p11308,1,11
0,p11309,1,13
0,p11310,1,14
0,p11311,1,93
0,p11312,1,96
0,p11313,1,26
0,p11314,1,75
0,p11315,1,54
0,p11316,1,92
0,p11317,1,87
0,p11318,1,48
0,p11319,1,91
0,p11320,1,72
0,p11321,1,47
0,p11322,1,67
0,p11323,1,28
0,p11324,1,18
0,p11325,1,85
0,p11326,1,26
0,p11327,1,94
0,p11328,1,41
0,p11329,1,51
0,p11330,1,55
0,p11331,1,65
0,p11332,1,19
0,p11333,1,43
0,p11334,1,79
0,p11335,1,93
0,p11336,1,25
0,p11337,1,69
0,p11338,1,95
0,p11339,1,99
0,p11340,1,83
0,p11341,1,2
0,p11342,1,67
0,p11343,1,50
0,p11344,1,62
0,p11345,1,8
0,p11346,1,16
0,p11347,1,15
0,p11348,1,21
0,p11349,1,46
0,p11350,1,68
0,p11351,1,92
0,p11352,1,75
0,p11353,1,98
0,p11354,1,38
0,p11355,1,4
0,p11356,1,67
0,p11357,1,89
0,p11358,1,58
0,p11359,1,56
0,p11360,1,100
0,p11361,1,96
0,p11362,1,35
0,p11363,1,87
0,p11364,1,97
0,p11365,1,97
0,p11366,1,25
0,p11367,1,9
0,p11368,1,69
0,p11369,1,30
0,p11370,1,100
0,p11371,1,45
0,p11372,1,81
0,p11373,1,83
0,p11374,1,94
0,p11375,1,50
0,p11376,1,59
0,p11377,1,72
0,p11378,1,93
0,p11379,1,63
0,p11380,1,13
0,p11381,1,89
0,p11382,1,22
0,p11383,1,29
0,p11384,1,54
0,p11385,1,16
0,p11386,1,33
0,p11387,1,6
0,p11388,1,25
0,p11389,1,51
0,p11390,1,75
0,p11391,1,71
0,p11392,1,68
0,p11393,1,27
0,p11394,1,53
0,p11395,1,94
0,p11396,1,6
0,p11397,1,55
0,p11398,1,62
0,p11399,1,4
0,p11400,1,47
0,p11401,1,57
0,p11402,1,75
0,p11403,1,98
0,p11404,1,37
0,p11405,1,94
0,p11406,1,24
0,p11407,1,48
0,p11408,1,25
0,p11409,1,38
0,p11410,1,14
0,p11411,1,51
0,p11412,1,63
0,p11413,1,36
0,p11414,1,45
0,p11415,1,43
0,p11416,1,68
0,p11417,1,83
0,p11418,1,90
0,p11419,1,83
0,p11420,1,49
0,p11421,1,56
0,p11422,1,36
0,p11423,1,72
0,p11424,1,43
0,p11425,1,64
0,p11426,1,25
0,p11427,1,77
0,p11428,1,7
0,p11429,1,82
0,p11430,1,41
0,p11431,1,42
0,p11432,1,85
0,p11433,1,37
0,p11434,1,75
0,p11435,1,37
0,p11436,1,6
0,p11437,1,90
0,p11438,1,9
0,p11439,1,75
0,p11440,1,30
0,p11441,1,21
0,p11442,1,78
0,p11443,1,99
0,p11444,1,21
0,p11445,1,12
0,p11446,1,56
0,p11447,1,4
0,p11448,1,64
0,p11449,1,84
0,p11450,1,35
0,p11451,1,75
0,p11452,1,34
0,p11453,1,29
0,p11454,1,52
0,p11455,1,90
0,p11456,1,24
0,p11457,1,59
0,p11458,1,59
0,p11459,1,39
0,p11460,1,68
0,p11461,1,29
0,p11462,1,100
0,p11463,1,67
0,p11464,1,4
0,p11465,1,84
0,p11466,1,54
0,p11467,1,32
0,p11468,1,73
0,p11469,1,44
0,p11470,1,93
0,p11471,1,18
0,p11472,1,100
0,p11473,1,3
0,p11474,1,19
0,p11475,1,29
0,p11476,1,95
0,p11477,1,11
0,p11478,1,11
0,p11479,1,24
0,p11480,1,75
0,p11481,1,95
0,p11482,1,10
0,p11483,1,3
0,p11484,1,82
0,p11485,1,20
0,p11486,1,12
0,p11487,1,35
0,p11488,1,75
0,p11489,1,18
0,p11490,1,36
0,p11491,1,67
0,p11492,1,34
0,p11493,1,25
0,p11494,1,55
0,p11495,1,89
0,p11496,1,42
0,p11497,1,29
0,p11498,1,42
0,p11499,1,10
0,p11500,1,78
0,p11501,1,28
0,p11502,1,69
0,p11503,1,24
0,p11504,1,29
0,p11505,1,85
0,p11506,1,38
0,p11507,1,96
0,p11508,1,43
0,p11509,1,39
0,p11510,1,11
0,p11511,1,20
0,p11512,1,84
0,p11513,1,52
0,p11514,1,5
0,p11515,1,59
0,p11516,1,93
0,p11517,1,49
0,p11518,1,62
0,p11519,1,13
0,p11520,1,65
0,p11521,1,87
0,p11522,1,7
0,p11523,1,54
0,p11524,1,17
0,p11525,1,55
0,p11526,1,22
0,p11527,1,33
0,p11528,1,55
0,p11529,1,79
0,p11530,1,21
0,p11531,1,79
0,p11532,1,94
0,p11533,1,91
0,p11534,1,2
0,p11535,1,3
0,p11536,1,40
0,p11537,1,51
0,p11538,1,31
0,p11539,1,73
0,p11540,1,100
0,p11541,1,68
0,p11542,1,29
0,p11543,1,46
0,p11544,1,70
0,p11545,1,17
0,p11546,1,66
0,p11547,1,44
0,p11548,1,44
0,p11549,1,88
0,p11550,1,92
0,p11551,1,78
0,p11552,1,49
0,p11553,1,30
0,p11554,1,40
0,p11555,1,25
0,p11556,1,99
0,p11557,1,79
0,p11558,1,92
0,p11559,1,6
0,p11560,1,54
0,p11561,1,46
0,p11562,1,7
0,p11563,1,13
0,p11564,1,22
0,p11565,1,73
0,p11566,1,84
0,p11567,1,11
0,p11568,1,65
0,p11569,1,97
0,p11570,1,13
0,p11571,1,83
0,p11572,1,67
0,p11573,1,93
0,p11574,1,80
0,p11575,1,82
0,p11576,1,7
0,p11577,1,6
0,p11578,1,59
0,p11579,1,61
0,p11580,1,46
0,p11581,1,12
0,p11582,1,76
0,p11583,1,64
0,p11584,1,5
0,p11585,1,3
0,p11586,1,42
0,p11587,1,74
0,p11588,1,18
0,p11589,1,62
0,p11590,1,85
0,p11591,1,87
0,p11592,1,38
0,p11593,1,72
0,p11594,1,54
0,p11595,1,73
0,p11596,1,88
0,p11597,1,38
0,p11598,1,3
0,p11599,1,69
0,p11600,1,23
0,p11601,1,74
0,p11602,1,78
0,p11603,1,72
0,p11604,1,63
0,p11605,1,22
0,p11606,1,91
0,p11607,1,98
0,p11608,1,47
0,p11609,1,100
0,p11610,1,64
0,p11611,1,37
0,p11612,1,81
0,p11613,1,28
0,p11614,1,32
0,p11615,1,42
0,p11616,1,67
0,p11617,1,88
0,p11618,1,29
0,p11619,1,60
0,p11620,1,46
0,p11621,1,48
0,p11622,1,64
0,p11623,1,24
0,p11624,1,84
0,p11625,1,14
0,p11626,1,14
0,p11627,1,40
0,p11628,1,64
0,p11629,1,89
0,p11630,1,48
0,p11631,1,28
0,p11632,1,84
0,p11633,1,42
0,p11634,1,20
0,p11635,1,48
0,p11636,1,99
0,p11637,1,23
0,p11638,1,3
0,p11639,1,57
0,p11640,1,85
0,p11641,1,46
0,p11642,1,60
0,p11643,1,64
0,p11644,1,96
0,p11645,1,66
0,p11646,1,85
0,p11647,1,64
0,p11648,1,94
0,p11649,1,85
0,p11650,1,20
0,p11651,1,8
0,p11652,1,60
0,p11653,1,77
0,p11654,1,23
0,p11655,1,85
0,p11656,1,48
0,p11657,1,54
0,p11658,1,25
0,p11659,1,52
0,p11660,1,41
0,p11661,1,14
0,p11662,1,38
0,p11663,1,95
0,p11664,1,6
0,p11665,1,86
0,p11666,1,17
0,p11667,1,18
0,p11668,1,18
0,p11669,1,35
0,p11670,1,10
0,p11671,1,79
0,p11672,1,12
0,p11673,1,36
0,p11674,1,13
0,p11675,1,89
0,p11676,1,35
0,p11677,1,84
0,p11678,1,2
0,p11679,1,33
0,p11680,1,26
0,p11681,1,75
0,p11682,1,19
0,p11683,1,15
0,p11684,1,30
0,p11685,1,73
0,p11686,1,57
0,p11687,1,63
0,p11688,1,6
0,p11689,1,27
0,p11690,1,43
0,p11691,1,84
0,p11692,1,88
0,p11693,1,12
0,p11694,1,62
0,p11695,1,54
0,p11696,1,25
0,p11697,1,10
0,p11698,1,78
0,p11699,1,3
0,p11700,1,25
0,p11701,1,51
0,p11702,1,14
0,p11703,1,31
0,p11704,1,5
0,p11705,1,97
0,p11706,1,64
0,p11707,1,39
0,p11708,1,92
0,p11709,1,33
0,p11710,1,6
0,p11711,1,84
0,p11712,1,71
0,p11713,1,44
0,p11714,1,92
0,p11715,1,12
0,p11716,1,19
0,p11717,1,18
0,p11718,1,8
0,p11719,1,72
0,p11720,1,92
0,p11721,1,16
0,p11722,1,39
0,p11723,1,66
0,p11724,1,36
0,p11725,1,3
0,p11726,1,22
0,p11727,1,100
0,p11728,1,67
0,p11729,1,59
0,p11730,1,75
0,p11731,1,86
0,p11732,1,93
0,p11733,1,4
0,p11734,1,21
0,p11735,1,87
0,p11736,1,65
0,p11737,1,38
0,p11738,1,48
0,p11739,1,94
0,p11740,1,72
0,p11741,1,91
0,p11742,1,33
0,p11743,1,81
0,p11744,1,38
0,p11745,1,7
0,p11746,1,23
0,p11747,1,49
0,p11748,1,94
0,p11749,1,19
0,p11750,1,34
0,p11751,1,5
0,p11752,1,45
0,p11753,1,75
0,p11754,1,72
0,p11755,1,61
0,p11756,1,42
0,p11757,1,61
0,p11758,1,6
0,p11759,1,51
0,p11760,1,31
0,p11761,1,75
0,p11762,1,65
0,p11763,1,16
0,p11764,1,82
0,p11765,1,4
0,p11766,1,27
0,p11767,1,34
0,p11768,1,2
0,p11769,1,36
0,p11770,1,64
0,p11771,1,36
0,p11772,1,99
0,p11773,1,59
0,p11774,1,72
0,p11775,1,25
0,p11776,1,9
0,p11777,1,2
0,p11778,1,49
0,p11779,1,99
0,p11780,1,77
0,p11781,1,17
0,p11782,1,79
0,p11783,1,5
0,p11784,1,63
0,p11785,1,30
0,p11786,1,23
0,p11787,1,45
0,p11788,1,72
0,p11789,1,65
0,p11790,1,66
0,p11791,1,2
0,p11792,1,2
0,p11793,1,22
0,p11794,1,50
0,p11795,1,6
0,p11796,1,70
0,p11797,1,81
0,p11798,1,87
0,p11799,1,96
0,p11800,1,74
0,p11801,1,28
0,p11802,1,76
0,p11803,1,92
0,p11804,1,51
0,p11805,1,2
0,p11806,1,56
0,p11807,1,42
0,p11808,1,63
0,p11809,1,80
0,p11810,1,53
0,p11811,1,65
0,p11812,1,39
0,p11813,1,56
0,p11814,1,16
0,p11815,1,52
0,p11816,1,82
0,p11817,1,33
0,p11818,1,26
0,p11819,1,62
0,p11820,1,63
0,p11821,1,45
0,p11822,1,54
0,p11823,1,2
0,p11824,1,75
0,p11825,1,20
0,p11826,1,10
0,p11827,1,91
0,p11828,1,91
0,p11829,1,45
0,p11830,1,8
0,p11831,1,15
0,p11832,1,14
0,p11833,1,16
0,p11834,1,12
0,p11835,1,15
0,p11836,1,4
0,p11837,1,29
0,p11838,1,100
0,p11839,1,95
0,p11840,1,52
0,p11841,1,98
0,p11842,1,49
0,p11843,1,56
0,p11844,1,97
0,p11845,1,18
0,p11846,1,87
0,p11847,1,11
0,p11848,1,38
0,p11849,1,54
0,p11850,1,68
0,p11851,1,90
0,p11852,1,34
0,p11853,1,24
0,p11854,1,78
0,p11855,1,5
0,p11856,1,17
0,p11857,1,20
0,p11858,1,27
0,p11859,1,61
0,p11860,1,27
0,p11861,1,24
0,p11862,1,77
0,p11863,1,78
0,p11864,1,93
0,p11865,1,10
0,p11866,1,55
0,p11867,1,39
0,p11868,1,60
0,p11869,1,86
0,p11870,1,62
0,p11871,1,12
0,p11872,1,14
0,p11873,1,91
0,p11874,1,62
0,p11875,1,25
0,p11876,1,92
0,p11877,1,74
0,p11878,1,75
0,p11879,1,89
0,p11880,1,17
0,p11881,1,44
0,p11882,1,5
0,p11883,1,74
0,p11884,1,90
0,p11885,1,65
0,p11886,1,86
0,p11887,1,3
0,p11888,1,11
0,p11889,1,34
0,p11890,1,9
0,p11891,1,68
0,p11892,1,84
0,p11893,1,38
0,p11894,1,8
0,p11895,1,17
0,p11896,1,50
0,p11897,1,86
0,p11898,1,55
0,p11899,1,40
0,p11900,1,19
0,p11901,1,96
0,p11902,1,3
0,p11903,1,41
0,p11904,1,46
0,p11905,1,91
0,p11906,1,53
0,p11907,1,78
0,p11908,1,16
0,p11909,1,4
0,p11910,1,53
0,p11911,1,4
0,p11912,1,24
0,p11913,1,38
0,p11914,1,27
0,p11915,1,47
0,p11916,1,58
0,p11917,1,23
0,p11918,1,29
0,p11919,1,64
0,p11920,1,87
0,p11921,1,6
0,p11922,1,69
0,p11923,1,17
0,p11924,1,5
0,p11925,1,32
0,p11926,1,87
0,p11927,1,9
0,p11928,1,47
0,p11929,1,47
0,p11930,1,26
0,p11931,1,82
0,p11932,1,77
0,p11933,1,51
0,p11934,1,10
0,p11935,1,20
0,p11936,1,47
0,p11937,1,35
0,p11938,1,5
0,p11939,1,99
0,p11940,1,28
0,p11941,1,61
0,p11942,1,16
0,p11943,1,47
0,p11944,1,33
0,p11945,1,81
0,p11946,1,19
0,p11947,1,61
0,p11948,1,52
0,p11949,1,59
0,p11950,1,25
0,p11951,1,33
0,p11952,1,76
0,p11953,1,58
0,p11954,1,34
0,p11955,1,46
0,p11956,1,3
0,p11957,1,62
0,p11958,1,28
0,p11959,1,9
0,p11960,1,63
0,p11961,1,34
0,p11962,1,92
0,p11963,1,18
0,p11964,1,96
0,p11965,1,88
0,p11966,1,88
0,p11967,1,16
0,p11968,1,11
0,p11969,1,63
0,p11970,1,82
0,p11971,1,25
0,p11972,1,2
0,p11973,1,76
0,p11974,1,73
0,p11975,1,32
0,p11976,1,23
0,p11977,1,55
0,p11978,1,12
0,p11979,1,51
0,p11980,1,3
0,p11981,1,16
0,p11982,1,17
0,p11983,1,80
0,p11984,1,52
0,p11985,1,35
0,p11986,1,8
0,p11987,1,73
0,p11988,1,31
0,p11989,1,60
0,p11990,1,20
0,p11991,1,38
0,p11992,1,22
0,p11993,1,87
0,p11994,1,80
0,p11995,1,65
0,p11996,1,84
0,p11997,1,80
0,p11998,1,29
0,p11999,1,26
0,p12000,1,53
0,p12001,1,11
0,p12002,1,40
0,p12003,1,96
0,p12004,1,39
0,p12005,1,37
0,p12006,1,83
0,p12007,1,5
0,p12008,1,61
0,p12009,1,56
0,p12010,1,92
0,p12011,1,68
0,p12012,1,52
0,p12013,1,82
0,p12014,1,90
0,p12015,1,37
0,p12016,1,29
0,p12017,1,59
0,p12018,1,36
0,p12019,1,90
0,p12020,1,39
0,p12021,1,96
0,p12022,1,28
0,p12023,1,51
0,p12024,1,58
0,p12025,1,30
0,p12026,1,23
0,p12027,1,44
0,p12028,1,44
0,p12029,1,12
0,p12030,1,89
0,p12031,1,28
0,p12032,1,39
0,p12033,1,61
0,p12034,1,93
0,p12035,1,87
0,p12036,1,48
0,p12037,1,19
0,p12038,1,67
0,p12039,1,16
0,p12040,1,47
0,p12041,1,8
0,p12042,1,34
0,p12043,1,63
0,p12044,1,32
0,p12045,1,33
0,p12046,1,67
0,p12047,1,62
0,p12048,1,69
0,p12049,1,43
0,p12050,1,71
0,p12051,1,7
0,p12052,1,26
0,p12053,1,4
0,p12054,1,56
0,p12055,1,79
0,p12056,1,29
0,p12057,1,8
0,p12058,1,92
0,p12059,1,32
0,p12060,1,50
0,p12061,1,95
0,p12062,1,2
0,p12063,1,29
0,p12064,1,55
0,p12065,1,13
0,p12066,1,26
0,p12067,1,54
0,p12068,1,60
0,p12069,1,99
0,p12070,1,90
0,p12071,1,32
0,p12072,1,31
0,p12073,1,64
0,p12074,1,3
0,p12075,1,97
0,p12076,1,86
0,p12077,1,14
0,p12078,1,94
0,p12079,1,3
0,p12080,1,23
0,p12081,1,98
0,p12082,1,32
0,p12083,1,20
0,p12084,1,4
0,p12085,1,35
0,p12086,1,84
0,p12087,1,31
0,p12088,1,22
0,p12089,1,27
0,p12090,1,35
0,p12091,1,36
0,p12092,1,68
0,p12093,1,78
0,p12094,1,16
0,p12095,1,84
0,p12096,1,12
0,p12097,1,29
0,p12098,1,24
0,p12099,1,87
0,p12100,1,72
0,p12101,1,71
0,p12102,1,10
0,p12103,1,90
0,p12104,1,46
0,p12105,1,47
0,p12106,1,57
0,p12107,1,12
0,p12108,1,28
0,p12109,1,54
0,p12110,1,51
0,p12111,1,11
0,p12112,1,96
0,p12113,1,88
0,p12114,1,41
0,p12115,1,51
0,p12116,1,62
0,p12117,1,77
0,p12118,1,55
0,p12119,1,75
0,p12120,1,37
0,p12121,1,6
0,p12122,1,4
0,p12123,1,71
0,p12124,1,98
0,p12125,1,39
0,p12126,1,49
0,p12127,1,47
0,p12128,1,62
0,p12129,1,92
0,p12130,1,14
0,p12131,1,44
0,p12132,1,65
0,p12133,1,73
0,p12134,1,81
0,p12135,1,50
0,p12136,1,79
0,p12137,1,83
0,p12138,1,13
0,p12139,1,65
0,p12140,1,20
0,p12141,1,24
0,p12142,1,17
0,p12143,1,97
0,p12144,1,52
0,p12145,1,39
0,p12146,1,21
0,p12147,1,24
0,p12148,1,31
0,p12149,1,43
0,p12150,1,71
0,p12151,1,89
0,p12152,1,22
0,p12153,1,81
0,p12154,1,43
0,p12155,1,28
0,p12156,1,4
0,p12157,1,17
0,p12158,1,60
0,p12159,1,76
0,p12160,1,83
0,p12161,1,89
0,p12162,1,7
0,p12163,1,98
0,p12164,1,63
0,p12165,1,47
0,p12166,1,56
0,p12167,1,54
0,p12168,1,32
0,p12169,1,21
0,p12170,1,51
0,p12171,1,42
0,p12172,1,22
0,p12173,1,24
0,p12174,1,18
0,p12175,1,6
0,p12176,1,80
0,p12177,1,8
0,p12178,1,3
0,p12179,1,96
0,p12180,1,41
0,p12181,1,78
0,p12182,1,74
0,p12183,1,26
0,p12184,1,32
0,p12185,1,68
0,p12186,1,53
0,p12187,1,70
0,p12188,1,88
0,p12189,1,63
0,p12190,1,7
0,p12191,1,9
0,p12192,1,3
0,p12193,1,12
0,p12194,1,90
0,p12195,1,24
0,p12196,1,35
0,p12197,1,10
0,p12198,1,5
0,p12199,1,24
0,p12200,1,99
0,p12201,1,15
0,p12202,1,74
0,p12203,1,95
0,p12204,1,11
0,p12205,1,35
0,p12206,1,37
0,p12207,1,48
0,p12208,1,30
0,p12209,1,73
0,p12210,1,12
0,p12211,1,54
0,p12212,1,80
0,p12213,1,30
0,p12214,1,77
0,p12215,1,6
0,p12216,1,48
0,p12217,1,81
0,p12218,1,17
0,p12219,1,60
0,p12220,1,78
0,p12221,1,83
0,p12222,1,19
0,p12223,1,22
0,p12224,1,82
0,p12225,1,87
0,p12226,1,17
0,p12227,1,33
0,p12228,1,52
0,p12229,1,65
0,p12230,1,40
0,p12231,1,43
0,p12232,1,35
0,p12233,1,9
0,p12234,1,33
0,p12235,1,82
0,p12236,1,65
0,p12237,1,83
0,p12238,1,54
0,p12239,1,21
0,p12240,1,22
0,p12241,1,45
0,p12242,1,95
0,p12243,1,90
0,p12244,1,83
0,p12245,1,71
0,p12246,1,43
0,p12247,1,45
0,p12248,1,29
0,p12249,1,28
0,p12250,1,91
0,p12251,1,92
0,p12252,1,8
0,p12253,1,35
0,p12254,1,10
0,p12255,1,77
0,p12256,1,39
0,p12257,1,81
0,p12258,1,62
0,p12259,1,77
0,p12260,1,42
0,p12261,1,37
0,p12262,1,99
0,p12263,1,50
0,p12264,1,75
0,p12265,1,23
0,p12266,1,86
0,p12267,1,15
0,p12268,1,17
0,p12269,1,97
0,p12270,1,56
0,p12271,1,24
0,p12272,1,9
0,p12273,1,63
0,p12274,1,8
0,p12275,1,78
0,p12276,1,59
0,p12277,1,61
0,p12278,1,58
0,p12279,1,58
0,p12280,1,22
0,p12281,1,74
0,p12282,1,78
0,p12283,1,95
0,p12284,1,7
0,p12285,1,80
0,p12286,1,7
0,p12287,1,67
0,p12288,1,98
0,p12289,1,11
0,p12290,1,6
0,p12291,1,86
0,p12292,1,60
0,p12293,1,89
0,p12294,1,82
0,p12295,1,30
0,p12296,1,88
0,p12297,1,90
0,p12298,1,82
0,p12299,1,52
0,p12300,1,21
0,p12301,1,31
0,p12302,1,75
0,p12303,1,81
0,p12304,1,69
0,p12305,1,14
0,p12306,1,20
0,p12307,1,96
0,p12308,1,46
0,p12309,1,96
0,p12310,1,68
0,p12311,1,77
0,p12312,1,93
0,p12313,1,98
0,p12314,1,42
0,p12315,1,83
0,p12316,1,18
0,p12317,1,83
0,p12318,1,15
0,p12319,1,89
0,p12320,1,41
0,p12321,1,13
0,p12322,1,100
0,p12323,1,2
0,p12324,1,9
0,p12325,1,21
0,p12326,1,41
0,p12327,1,53
0,p12328,1,46
0,p12329,1,38
0,p12330,1,72
0,p12331,1,91
0,p12332,1,57
0,p12333,1,6
0,p12334,1,69
0,p12335,1,17
0,p12336,1,81
0,p12337,1,6
0,p12338,1,90
0,p12339,1,53
0,p12340,1,58
0,p12341,1,24
0,p12342,1,52
0,p12343,1,100
0,p12344,1,35
0,p12345,1,78
0,p12346,1,38
0,p12347,1,91
0,p12348,1,33
0,p12349,1,63
0,p12350,1,79
0,p12351,1,67
0,p12352,1,18
0,p12353,1,62
0,p12354,1,14
0,p12355,1,41
0,p12356,1,10
0,p12357,1,51
0,p12358,1,13
0,p12359,1,97
0,p12360,1,49
0,p12361,1,34
0,p12362,1,65
0,p12363,1,28
0,p12364,1,77
0,p12365,1,58
0,p12366,1,33
0,p12367,1,15
0,p12368,1,66
0,p12369,1,99
0,p12370,1,82
0,p12371,1,74
0,p12372,1,22
0,p12373,1,44
0,p12374,1,17
0,p12375,1,19
0,p12376,1,95
0,p12377,1,98
0,p12378,1,8
0,p12379,1,37
0,p12380,1,26
0,p12381,1,93
0,p12382,1,38
0,p12383,1,87
0,p12384,1,85
0,p12385,1,99
0,p12386,1,8
0,p12387,1,35
0,p12388,1,55
0,p12389,1,43
0,p12390,1,80
0,p12391,1,29
0,p12392,1,100
0,p12393,1,4
0,p12394,1,77
0,p12395,1,77
0,p12396,1,80
0,p12397,1,2
0,p12398,1,78
0,p12399,1,38
0,p12400,1,82
0,p12401,1,36
0,p12402,1,55
0,p12403,1,94
0,p12404,1,99
0,p12405,1,74
0,p12406,1,87
0,p12407,1,5
0,p12408,1,44
0,p12409,1,85
0,p12410,1,92
0,p12411,1,15
0,p12412,1,13
0,p12413,1,3
0,p12414,1,53
0,p12415,1,49
0,p12416,1,45
0,p12417,1,52
0,p12418,1,90
0,p12419,1,27
0,p12420,1,61
0,p12421,1,76
0,p12422,1,31
0,p12423,1,49
0,p12424,1,50
0,p12425,1,32
0,p12426,1,12
0,p12427,1,64
0,p12428,1,97
0,p12429,1,19
0,p12430,1,86
0,p12431,1,59
0,p12432,1,88
0,p12433,1,45
0,p12434,1,59
0,p12435,1,94
0,p12436,1,75
0,p12437,1,73
0,p12438,1,16
0,p12439,1,11
0,p12440,1,60
0,p12441,1,72
0,p12442,1,6
0,p12443,1,64
0,p12444,1,26
0,p12445,1,6
0,p12446,1,79
0,p12447,1,38
0,p12448,1,83
0,p12449,1,87
0,p12450,1,44
0,p12451,1,65
0,p12452,1,28
0,p12453,1,68
0,p12454,1,32
0,p12455,1,77
0,p12456,1,43
0,p12457,1,13
0,p12458,1,68
0,p12459,1,77
0,p12460,1,77
0,p12461,1,66
0,p12462,1,10
0,p12463,1,76
0,p12464,1,14
0,p12465,1,73
0,p12466,1,65
0,p12467,1,56
0,p12468,1,24
0,p12469,1,50
0,p12470,1,76
0,p12471,1,68
0,p12472,1,17
0,p12473,1,95
0,p12474,1,33
0,p12475,1,43
0,p12476,1,17
0,p12477,1,20
0,p12478,1,73
0,p12479,1,12
0,p12480,1,19
0,p12481,1,100
0,p12482,1,59
0,p12483,1,13
0,p12484,1,4
0,p12485,1,45
0,p12486,1,36
0,p12487,1,73
0,p12488,1,53
0,p12489,1,12
0,p12490,1,83
0,p12491,1,47
0,p12492,1,88
0,p12493,1,48
0,p12494,1,37
0,p12495,1,77
0,p12496,1,98
0,p12497,1,90
0,p12498,1,44
0,p12499,1,61
0,p12500,1,94
0,p12501,1,93
0,p12502,1,56
0,p12503,1,66
0,p12504,1,41
0,p12505,1,47
0,p12506,1,5
0,p12507,1,23
0,p12508,1,41
0,p12509,1,58
0,p12510,1,74
0,p12511,1,25
0,p12512,1,58
0,p12513,1,44
0,p12514,1,98
0,p12515,1,58
0,p12516,1,3
0,p12517,1,93
0,p12518,1,57
0,p12519,1,53
0,p12520,1,85
0,p12521,1,20
0,p12522,1,85
0,p12523,1,38
0,p12524,1,44
0,p12525,1,12
0,p12526,1,11
0,p12527,1,78
0,p12528,1,31
0,p12529,1,81
0,p12530,1,84
0,p12531,1,25
0,p12532,1,50
0,p12533,1,54
0,p12534,1,52
0,p12535,1,73
0,p12536,1,37
0,p12537,1,99
0,p12538,1,83
0,p12539,1,95
0,p12540,1,9
0,p12541,1,52
0,p12542,1,61
0,p12543,1,96
0,p12544,1,12
0,p12545,1,38
0,p12546,1,9
0,p12547,1,89
0,p12548,1,72
0,p12549,1,100
0,p12550,1,100
0,p12551,1,57
0,p12552,1,17
0,p12553,1,4
0,p12554,1,10
0,p12555,1,46
0,p12556,1,24
0,p12557,1,61
0,p12558,1,17
0,p12559,1,55
0,p12560,1,82
0,p12561,1,97
0,p12562,1,78
0,p12563,1,57
0,p12564,1,32
0,p12565,1,40
0,p12566,1,53
0,p12567,1,52
0,p12568,1,38
0,p12569,1,21
0,p12570,1,82
0,p12571,1,26
0,p12572,1,27
0,p12573,1,100
0,p12574,1,40
0,p12575,1,20
0,p12576,1,14
0,p12577,1,43
0,p12578,1,80
0,p12579,1,58
0,p12580,1,11
0,p12581,1,92
0,p12582,1,26
0,p12583,1,84
0,p12584,1,3
0,p12585,1,87
0,p12586,1,68
0,p12587,1,100
0,p12588,1,6
0,p12589,1,37
0,p12590,1,30
0,p12591,1,91
0,p12592,1,70
0,p12593,1,54
0,p12594,1,99
0,p12595,1,72
0,p12596,1,95
0,p12597,1,69
0,p12598,1,35
0,p12599,1,60
0,p12600,1,4
0,p12601,1,5
0,p12602,1,89
0,p12603,1,72
0,p12604,1,38
0,p12605,1,16
0,p12606,1,16
0,p12607,1,33
0,p12608,1,57
0,p12609,1,22
0,p12610,1,49
0,p12611,1,63
0,p12612,1,95
0,p12613,1,30
0,p12614,1,30
0,p12615,1,13
0,p12616,1,21
0,p12617,1,66
0,p12618,1,99
0,p12619,1,37
0,p12620,1,27
0,p12621,1,6
0,p12622,1,83
0,p12623,1,16
0,p12624,1,58
0,p12625,1,41
0,p12626,1,40
0,p12627,1,64
0,p12628,1,6
0,p12629,1,13
0,p12630,1,4
0,p12631,1,19
0,p12632,1,31
0,p12633,1,87
0,p12634,1,51
0,p12635,1,60
0,p12636,1,42
0,p12637,1,50
0,p12638,1,74
0,p12639,1,74
0,p12640,1,23
0,p12641,1,10
0,p12642,1,55
0,p12643,1,41
0,p12644,1,97
0,p12645,1,32
0,p12646,1,38
0,p12647,1,22
0,p12648,1,70
0,p12649,1,66
0,p12650,1,54
0,p12651,1,14
0,p12652,1,8
0,p12653,1,41
0,p12654,1,13
0,p12655,1,4
0,p12656,1,50
0,p12657,1,3
0,p12658,1,78
0,p12659,1,40
0,p12660,1,3
0,p12661,1,62
0,p12662,1,98
0,p12663,1,18
0,p12664,1,62
0,p12665,1,65
0,p12666,1,41
0,p12667,1,74
0,p12668,1,12
0,p12669,1,38
0,p12670,1,89
0,p12671,1,16
0,p12672,1,60
0,p12673,1,31
0,p12674,1,38
0,p12675,1,57
0,p12676,1,39
0,p12677,1,26
0,p12678,1,49
0,p12679,1,27
0,p12680,1,15
0,p12681,1,61
0,p12682,1,81
0,p12683,1,93
0,p12684,1,85
0,p12685,1,55
0,p12686,1,25
0,p12687,1,2
0,p12688,1,89
0,p12689,1,78
0,p12690,1,86
0,p12691,1,79
0,p12692,1,46
0,p12693,1,57
0,p12694,1,62
0,p12695,1,90
0,p12696,1,50
0,p12697,1,6
0,p12698,1,3
0,p12699,1,87
0,p12700,1,54
0,p12701,1,81
0,p12702,1,81
0,p12703,1,41
0,p12704,1,56
0,p12705,1,15
0,p12706,1,45
0,p12707,1,11
0,p12708,1,18
0,p12709,1,4
0,p12710,1,85
0,p12711,1,92
0,p12712,1,90
0,p12713,1,95
0,p12714,1,52
0,p12715,1,60
0,p12716,1,48
0,p12717,1,66
0,p12718,1,91
0,p12719,1,3
0,p12720,1,74
0,p12721,1,35
0,p12722,1,54
0,p12723,1,39
0,p12724,1,70
0,p12725,1,68
0,p12726,1,30
0,p12727,1,42
0,p12728,1,18
0,p12729,1,16
0,p12730,1,37
0,p12731,1,9
0,p12732,1,55
0,p12733,1,39
0,p12734,1,58
0,p12735,1,49
0,p12736,1,80
0,p12737,1,60
0,p12738,1,28
0,p12739,1,25
0,p12740,1,11
0,p12741,1,92
0,p12742,1,5
0,p12743,1,8
0,p12744,1,29
0,p12745,1,45
0,p12746,1,4
0,p12747,1,46
0,p12748,1,93
0,p12749,1,81
0,p12750,1,53
0,p12751,1,14
0,p12752,1,50
0,p12753,1,12
0,p12754,1,96
0,p12755,1,96
0,p12756,1,65
0,p12757,1,98
0,p12758,1,70
0,p12759,1,49
0,p12760,1,53
0,p12761,1,9
0,p12762,1,12
0,p12763,1,44
0,p12764,1,82
0,p12765,1,38
0,p12766,1,9
0,p12767,1,84
0,p12768,1,45
0,p12769,1,72
0,p12770,1,12
0,p12771,1,17
0,p12772,1,73
0,p12773,1,73
0,p12774,1,23
0,p12775,1,36
0,p12776,1,85
0,p12777,1,93
0,p12778,1,9
0,p12779,1,55
0,p12780,1,53
0,p12781,1,78
0,p12782,1,17
0,p12783,1,100
0,p12784,1,89
0,p12785,1,57
0,p12786,1,97
0,p12787,1,69
0,p12788,1,32
0,p12789,1,66
0,p12790,1,22
0,p12791,1,76
0,p12792,1,66
0,p12793,1,33
0,p12794,1,92
0,p12795,1,52
0,p12796,1,81
0,p12797,1,81
0,p12798,1,42
0,p12799,1,26
0,p12800,1,75
0,p12801,1,53
0,p12802,1,50
0,p12803,1,30
0,p12804,1,38
0,p12805,1,87
0,p12806,1,25
0,p12807,1,78
0,p12808,1,69
0,p12809,1,72
0,p12810,1,64
0,p12811,1,3
0,p12812,1,92
0,p12813,1,18
0,p12814,1,21
0,p12815,1,96
0,p12816,1,24
0,p12817,1,94
0,p12818,1,67
0,p12819,1,26
0,p12820,1,31
0,p12821,1,24
0,p12822,1,93
0,p12823,1,98
0,p12824,1,38
0,p12825,1,64
0,p12826,1,24
0,p12827,1,89
0,p12828,1,27
0,p12829,1,42
0,p12830,1,37
0,p12831,1,39
0,p12832,1,53
0,p12833,1,44
0,p12834,1,26
0,p12835,1,72
0,p12836,1,55
0,p12837,1,85
0,p12838,1,89
0,p12839,1,50
0,p12840,1,19
0,p12841,1,72
0,p12842,1,41
0,p12843,1,36
0,p12844,1,28
0,p12845,1,35
0,p12846,1,28
0,p12847,1,14
0,p12848,1,6
0,p12849,1,2
0,p12850,1,61
0,p12851,1,38
0,p12852,1,67
0,p12853,1,97
0,p12854,1,2
0,p12855,1,96
0,p12856,1,29
0,p12857,1,71
0,p12858,1,53
0,p12859,1,77
0,p12860,1,52
0,p12861,1,33
0,p12862,1,55
0,p12863,1,21
0,p12864,1,16
0,p12865,1,40
0,p12866,1,28
0,p12867,1,22
0,p12868,1,94
0,p12869,1,2
0,p12870,1,46
0,p12871,1,43
0,p12872,1,11
0,p12873,1,13
0,p12874,1,27
0,p12875,1,70
0,p12876,1,71
0,p12877,1,45
0,p12878,1,92
0,p12879,1,96
0,p12880,1,59
0,p12881,1,31
0,p12882,1,72
0,p12883,1,23
0,p12884,1,80
0,p12885,1,91
0,p12886,1,31
0,p12887,1,52
0,p12888,1,40
0,p12889,1,41
0,p12890,1,75
0,p12891,1,30
0,p12892,1,23
0,p12893,1,59
0,p12894,1,80
0,p12895,1,49
0,p12896,1,13
0,p12897,1,6
0,p12898,1,30
0,p12899,1,67
0,p12900,1,33
0,p12901,1,86
0,p12902,1,65
0,p12903,1,39
0,p12904,1,57
0,p12905,1,49
0,p12906,1,14
0,p12907,1,2
0,p12908,1,39
0,p12909,1,31
0,p12910,1,22
0,p12911,1,48
0,p12912,1,39
0,p12913,1,86
0,p12914,1,5
0,p12915,1,67
0,p12916,1,24
0,p12917,1,65
0,p12918,1,94
0,p12919,1,67
0,p12920,1,88
0,p12921,1,29
0,p12922,1,44
0,p12923,1,3
0,p12924,1,93
0,p12925,1,71
0,p12926,1,56
0,p12927,1,18
0,p12928,1,51
0,p12929,1,30
0,p12930,1,63
0,p12931,1,59
0,p12932,1,7
0,p12933,1,55
0,p12934,1,19
0,p12935,1,58
0,p12936,1,90
0,p12937,1,91
0,p12938,1,22
0,p12939,1,39
0,p12940,1,97
0,p12941,1,59
0,p12942,1,18
0,p12943,1,40
0,p12944,1,10
0,p12945,1,83
0,p12946,1,46
0,p12947,1,52
0,p12948,1,46
0,p12949,1,85
0,p12950,1,79
0,p12951,1,36
0,p12952,1,58
0,p12953,1,11
0,p12954,1,59
0,p12955,1,60
0,p12956,1,39
0,p12957,1,82
0,p12958,1,48
0,p12959,1,6
0,p12960,1,56
0,p12961,1,3
0,p12962,1,84
0,p12963,1,11
0,p12964,1,5
0,p12965,1,6
0,p12966,1,72
0,p12967,1,35
0,p12968,1,38
0,p12969,1,37
0,p12970,1,42
0,p12971,1,56
0,p12972,1,64
0,p12973,1,55
0,p12974,1,42
0,p12975,1,37
0,p12976,1,27
0,p12977,1,20
0,p12978,1,29
0,p12979,1,42
0,p12980,1,89
0,p12981,1,11
0,p12982,1,22
0,p12983,1,62
0,p12984,1,5
0,p12985,1,30
0,p12986,1,78
0,p12987,1,91
0,p12988,1,13
0,p12989,1,46
0,p12990,1,56
0,p12991,1,19
0,p12992,1,42
0,p12993,1,7
0,p12994,1,36
0,p12995,1,30
0,p12996,1,20
0,p12997,1,67
0,p12998,1,3
0,p12999,1,84
0,p13000,1,48
0,p13001,1,38
0,p13002,1,90
0,p13003,1,99
0,p13004,1,28
0,p13005,1,18
0,p13006,1,67
0,p13007,1,94
0,p13008,1,41
0,p13009,1,60
0,p13010,1,84
0,p13011,1,31
0,p13012,1,87
0,p13013,1,58
0,p13014,1,77
0,p13015,1,53
0,p13016,1,48
0,p13017,1,40
0,p13018,1,29
0,p13019,1,58
0,p13020,1,57
0,p13021,1,35
0,p13022,1,7
0,p13023,1,83
0,p13024,1,24
0,p13025,1,65
0,p13026,1,35
0,p13027,1,10
0,p13028,1,37
0,p13029,1,13
0,p13030,1,24
0,p13031,1,61
0,p13032,1,35
0,p13033,1,72
0,p13034,1,43
0,p13035,1,12
0,p13036,1,83
0,p13037,1,57
0,p13038,1,22
0,p13039,1,43
0,p13040,1,22
0,p13041,1,22
0,p13042,1,4
0,p13043,1,19
0,p13044,1,98
0,p13045,1,95
0,p13046,1,34
0,p13047,1,73
0,p13048,1,79
0,p13049,1,57
0,p13050,1,77
0,p13051,1,74
0,p13052,1,15
0,p13053,1,21
0,p13054,1,18
0,p13055,1,45
0,p13056,1,98
0,p13057,1,55
0,p13058,1,99
0,p13059,1,16
0,p13060,1,6
0,p13061,1,31
0,p13062,1,73
0,p13063,1,91
0,p13064,1,57
0,p13065,1,68
0,p13066,1,7
0,p13067,1,85
0,p13068,1,75
0,p13069,1,13
0,p13070,1,23
0,p13071,1,73
0,p13072,1,22
0,p13073,1,47
0,p13074,1,28
0,p13075,1,78
0,p13076,1,4
0,p13077,1,33
0,p13078,1,24
0,p13079,1,35
0,p13080,1,44
0,p13081,1,77
0,p13082,1,51
0,p13083,1,88
0,p13084,1,84
0,p13085,1,80
0,p13086,1,76
0,p13087,1,54
0,p13088,1,52
0,p13089,1,36
0,p13090,1,43
0,p13091,1,59
0,p13092,1,93
0,p13093,1,59
0,p13094,1,23
0,p13095,1,39
0,p13096,1,89
0,p13097,1,55
0,p13098,1,100
0,p13099,1,75
0,p13100,1,62
0,p13101,1,58
0,p13102,1,86
0,p13103,1,69
0,p13104,1,72
0,p13105,1,69
0,p13106,1,9
0,p13107,1,14
0,p13108,1,89
0,p13109,1,33
0,p13110,1,35
0,p13111,1,56
0,p13112,1,47
0,p13113,1,48
0,p13114,1,70
0,p13115,1,65
0,p13116,1,64
0,p13117,1,51
0,p13118,1,68
0,p13119,1,79
0,p13120,1,5
0,p13121,1,34
0,p13122,1,92
0,p13123,1,89
0,p13124,1,73
0,p13125,1,48
0,p13126,1,31
0,p13127,1,97
0,p13128,1,43
0,p13129,1,74
0,p13130,1,68
0,p13131,1,55
0,p13132,1,32
0,p13133,1,3
0,p13134,1,79
0,p13135,1,17
0,p13136,1,11
0,p13137,1,32
0,p13138,1,45
0,p13139,1,4
0,p13140,1,61
0,p13141,1,13
0,p13142,1,92
0,p13143,1,16
0,p13144,1,33
0,p13145,1,18
0,p13146,1,69
0,p13147,1,22
0,p13148,1,88
0,p13149,1,25
0,p13150,1,87
0,p13151,1,81
0,p13152,1,72
0,p13153,1,78
0,p13154,1,37
0,p13155,1,93
0,p13156,1,90
0,p13157,1,89
0,p13158,1,37
0,p13159,1,17
0,p13160,1,51
0,p13161,1,35
0,p13162,1,29
0,p13163,1,61
0,p13164,1,46
0,p13165,1,38
0,p13166,1,53
0,p13167,1,85
0,p13168,1,58
0,p13169,1,89
0,p13170,1,20
0,p13171,1,35
0,p13172,1,33
0,p13173,1,99
0,p13174,1,15
0,p13175,1,56
0,p13176,1,42
0,p13177,1,93
0,p13178,1,80
0,p13179,1,21
0,p13180,1,73
0,p13181,1,8
0,p13182,1,41
0,p13183,1,82
0,p13184,1,66
0,p13185,1,93
0,p13186,1,71
0,p13187,1,99
0,p13188,1,41
0,p13189,1,38
0,p13190,1,56
0,p13191,1,86
0,p13192,1,81
0,p13193,1,85
0,p13194,1,91
0,p13195,1,78
0,p13196,1,62
0,p13197,1,92
0,p13198,1,28
0,p13199,1,48
0,p13200,1,86
0,p13201,1,58
0,p13202,1,26
0,p13203,1,26
0,p13204,1,51
0,p13205,1,83
0,p13206,1,52
0,p13207,1,41
0,p13208,1,83
0,p13209,1,20
0,p13210,1,68
0,p13211,1,57
0,p13212,1,32
0,p13213,1,76
0,p13214,1,81
0,p13215,1,36
0,p13216,1,87
0,p13217,1,87
0,p13218,1,72
0,p13219,1,17
0,p13220,1,23
0,p13221,1,59
0,p13222,1,12
0,p13223,1,100
0,p13224,1,82
0,p13225,1,13
0,p13226,1,2
0,p13227,1,18
0,p13228,1,70
0,p13229,1,88
0,p13230,1,95
0,p13231,1,48
0,p13232,1,69
0,p13233,1,28
0,p13234,1,56
0,p13235,1,8
0,p13236,1,3
0,p13237,1,51
0,p13238,1,73
0,p13239,1,37
0,p13240,1,11
0,p13241,1,67
0,p13242,1,50
0,p13243,1,36
0,p13244,1,13
0,p13245,1,10
0,p13246,1,86
0,p13247,1,65
0,p13248,1,66
0,p13249,1,2
0,p13250,1,8
0,p13251,1,56
0,p13252,1,89
0,p13253,1,84
0,p13254,1,12
0,p13255,1,37
0,p13256,1,73
0,p13257,1,44
0,p13258,1,47
0,p13259,1,4
0,p13260,1,3
0,p13261,1,23
0,p13262,1,70
0,p13263,1,63
0,p13264,1,26
0,p13265,1,16
0,p13266,1,13
0,p13267,1,4
0,p13268,1,87
0,p13269,1,4
0,p13270,1,34
0,p13271,1,36
0,p13272,1,78
0,p13273,1,66
0,p13274,1,68
0,p13275,1,86
0,p13276,1,57
0,p13277,1,56
0,p13278,1,59
0,p13279,1,60
0,p13280,1,80
0,p13281,1,80
0,p13282,1,20
0,p13283,1,18
0,p13284,1,80
0,p13285,1,47
0,p13286,1,2
0,p13287,1,81
0,p13288,1,38
0,p13289,1,18
0,p13290,1,97
0,p13291,1,28
0,p13292,1,32
0,p13293,1,32
0,p13294,1,30
0,p13295,1,37
0,p13296,1,58
0,p13297,1,48
0,p13298,1,3
0,p13299,1,70
0,p13300,1,26
0,p13301,1,36
0,p13302,1,60
0,p13303,1,33
0,p13304,1,35
0,p13305,1,17
0,p13306,1,80
0,p13307,1,4
0,p13308,1,38
0,p13309,1,17
0,p13310,1,65
0,p13311,1,4
0,p13312,1,36
0,p13313,1,85
0,p13314,1,23
0,p13315,1,62
0,p13316,1,32
0,p13317,1,64
0,p13318,1,86
0,p13319,1,57
0,p13320,1,90
0,p13321,1,28
0,p13322,1,37
0,p13323,1,26
0,p13324,1,91
0,p13325,1,59
0,p13326,1,13
0,p13327,1,70
0,p13328,1,27
0,p13329,1,79
0,p13330,1,85
0,p13331,1,84
0,p13332,1,68
0,p13333,1,69
0,p13334,1,89
0,p13335,1,62
0,p13336,1,39
0,p13337,1,37
0,p13338,1,42
0,p13339,1,84
0,p13340,1,10
0,p13341,1,38
0,p13342,1,14
0,p13343,1,29
0,p13344,1,39
0,p13345,1,95
0,p13346,1,54
0,p13347,1,91
0,p13348,1,55
0,p13349,1,10
0,p13350,1,40
0,p13351,1,99
0,p13352,1,77
0,p13353,1,25
0,p13354,1,61
0,p13355,1,64
0,p13356,1,23
0,p13357,1,43
0,p13358,1,8
0,p13359,1,30
0,p13360,1,5
0,p13361,1,89
0,p13362,1,37
0,p13363,1,46
0,p13364,1,88
0,p13365,1,6
0,p13366,1,83
0,p13367,1,37
0,p13368,1,16
0,p13369,1,27
0,p13370,1,42
0,p13371,1,34
0,p13372,1,68
0,p13373,1,30
0,p13374,1,83
0,p13375,1,63
0,p13376,1,30
0,p13377,1,45
0,p13378,1,34
0,p13379,1,86
0,p13380,1,27
0,p13381,1,26
0,p13382,1,37
0,p13383,1,59
0,p13384,1,14
0,p13385,1,42
0,p13386,1,21
0,p13387,1,86
0,p13388,1,4
0,p13389,1,19
0,p13390,1,38
0,p13391,1,38
0,p13392,1,63
0,p13393,1,40
0,p13394,1,36
0,p13395,1,16
0,p13396,1,66
0,p13397,1,88
0,p13398,1,27
0,p13399,1,70
0,p13400,1,38
0,p13401,1,62
0,p13402,1,48
0,p13403,1,61
0,p13404,1,95
0,p13405,1,71
0,p13406,1,65
0,p13407,1,47
0,p13408,1,45
0,p13409,1,73
0,p13410,1,79
0,p13411,1,54
0,p13412,1,49
0,p13413,1,3
0,p13414,1,39
0,p13415,1,90
0,p13416,1,35
0,p13417,1,68
0,p13418,1,98
0,p13419,1,44
0,p13420,1,33
0,p13421,1,68
0,p13422,1,22
0,p13423,1,47
0,p13424,1,26
0,p13425,1,48
0,p13426,1,18
0,p13427,1,78
0,p13428,1,51
0,p13429,1,22
0,p13430,1,85
0,p13431,1,89
0,p13432,1,16
0,p13433,1,66
0,p13434,1,73
0,p13435,1,94
0,p13436,1,24
0,p13437,1,7
0,p13438,1,62
0,p13439,1,34
0,p13440,1,11
0,p13441,1,89
0,p13442,1,94
0,p13443,1,55
0,p13444,1,93
0,p13445,1,19
0,p13446,1,38
0,p13447,1,97
0,p13448,1,4
0,p13449,1,86
0,p13450,1,26
0,p13451,1,77
0,p13452,1,61
0,p13453,1,3
0,p13454,1,55
0,p13455,1,3
0,p13456,1,98
0,p13457,1,10
0,p13458,1,64
0,p13459,1,16
0,p13460,1,6
0,p13461,1,62
0,p13462,1,28
0,p13463,1,46
0,p13464,1,60
0,p13465,1,64
0,p13466,1,23
0,p13467,1,23
0,p13468,1,31
0,p13469,1,15
0,p13470,1,90
0,p13471,1,98
0,p13472,1,38
0,p13473,1,68
0,p13474,1,89
0,p13475,1,69
0,p13476,1,28
0,p13477,1,12
0,p13478,1,88
0,p13479,1,13
0,p13480,1,100
0,p13481,1,80
0,p13482,1,57
0,p13483,1,78
0,p13484,1,5
0,p13485,1,88
0,p13486,1,11
0,p13487,1,43
0,p13488,1,49
0,p13489,1,13
0,p13490,1,99
0,p13491,1,13
0,p13492,1,56
0,p13493,1,69
0,p13494,1,79
0,p13495,1,54
0,p13496,1,13
0,p13497,1,86
0,p13498,1,54
0,p13499,1,30
0,p13500,1,11
0,p13501,1,30
0,p13502,1,70
0,p13503,1,39
0,p13504,1,25
0,p13505,1,74
0,p13506,1,45
0,p13507,1,12
0,p13508,1,63
0,p13509,1,56
0,p13510,1,14
0,p13511,1,16
0,p13512,1,7
0,p13513,1,55
0,p13514,1,22
0,p13515,1,96
0,p13516,1,47
0,p13517,1,71
0,p13518,1,37
0,p13519,1,45
0,p13520,1,99
0,p13521,1,4
0,p13522,1,78
0,p13523,1,61
0,p13524,1,13
0,p13525,1,4
0,p13526,1,36
0,p13527,1,85
0,p13528,1,77
0,p13529,1,51
0,p13530,1,55
0,p13531,1,37
0,p13532,1,5
0,p13533,1,97
0,p13534,1,99
0,p13535,1,36
0,p13536,1,56
0,p13537,1,6
0,p13538,1,6
0,p13539,1,82
0,p13540,1,79
0,p13541,1,40
0,p13542,1,5
0,p13543,1,7
0,p13544,1,90
0,p13545,1,71
0,p13546,1,79
0,p13547,1,73
0,p13548,1,64
0,p13549,1,90
0,p13550,1,74
0,p13551,1,56
0,p13552,1,58
0,p13553,1,20
0,p13554,1,83
0,p13555,1,21
0,p13556,1,6
0,p13557,1,28
0,p13558,1,44
0,p13559,1,32
0,p13560,1,89
0,p13561,1,10
0,p13562,1,3
0,p13563,1,81
0,p13564,1,63
0,p13565,1,56
0,p13566,1,75
0,p13567,1,83
0,p13568,1,35
0,p13569,1,10
0,p13570,1,31
0,p13571,1,77
0,p13572,1,100
0,p13573,1,20
0,p13574,1,66
0,p13575,1,22
0,p13576,1,96
0,p13577,1,42
0,p13578,1,65
0,p13579,1,29
0,p13580,1,45
0,p13581,1,86
0,p13582,1,60
0,p13583,1,78
0,p13584,1,43
0,p13585,1,61
0,p13586,1,83
0,p13587,1,25
0,p13588,1,78
0,p13589,1,41
0,p13590,1,79
0,p13591,1,33
0,p13592,1,58
0,p13593,1,7
0,p13594,1,34
0,p13595,1,60
0,p13596,1,48
0,p13597,1,43
0,p13598,1,57
0,p13599,1,57
0,p13600,1,88
0,p13601,1,6
0,p13602,1,87
0,p13603,1,89
0,p13604,1,74
0,p13605,1,80
0,p13606,1,69
0,p13607,1,94
0,p13608,1,7
0,p13609,1,100
0,p13610,1,30
0,p13611,1,35
0,p13612,1,45
0,p13613,1,12
0,p13614,1,24
0,p13615,1,2
0,p13616,1,43
0,p13617,1,43
0,p13618,1,4
0,p13619,1,11
0,p13620,1,77
0,p13621,1,17
0,p13622,1,6
0,p13623,1,12
0,p13624,1,81
0,p13625,1,90
0,p13626,1,27
0,p13627,1,57
0,p13628,1,11
0,p13629,1,86
0,p13630,1,51
0,p13631,1,65
0,p13632,1,17
0,p13633,1,57
0,p13634,1,79
0,p13635,1,93
0,p13636,1,27
0,p13637,1,84
0,p13638,1,47
0,p13639,1,82
0,p13640,1,6
0,p13641,1,5
0,p13642,1,71
0,p13643,1,27
0,p13644,1,66
0,p13645,1,47
0,p13646,1,49
0,p13647,1,11
0,p13648,1,83
0,p13649,1,28
0,p13650,1,74
0,p13651,1,35
0,p13652,1,77
0,p13653,1,17
0,p13654,1,37
0,p13655,1,73
0,p13656,1,80
0,p13657,1,96
0,p13658,1,66
0,p13659,1,60
0,p13660,1,28
0,p13661,1,89
0,p13662,1,37
0,p13663,1,39
0,p13664,1,26
0,p13665,1,81
0,p13666,1,70
0,p13667,1,79
0,p13668,1,53
0,p13669,1,76
0,p13670,1,44
0,p13671,1,8
0,p13672,1,74
0,p13673,1,30
0,p13674,1,86
0,p13675,1,96
0,p13676,1,27
0,p13677,1,40
0,p13678,1,84
0,p13679,1,16
0,p13680,1,68
0,p13681,1,88
0,p13682,1,65
0,p13683,1,99
0,p13684,1,19
0,p13685,1,20
0,p13686,1,58
0,p13687,1,33
0,p13688,1,65
0,p13689,1,82
0,p13690,1,22
0,p13691,1,29
0,p13692,1,45
0,p13693,1,65
0,p13694,1,62
0,p13695,1,64
0,p13696,1,24
0,p13697,1,24
0,p13698,1,76
0,p13699,1,43
0,p13700,1,46
0,p13701,1,29
0,p13702,1,73
0,p13703,1,21
0,p13704,1,93
0,p13705,1,12
0,p13706,1,81
0,p13707,1,25
0,p13708,1,78
0,p13709,1,83
0,p13710,1,98
0,p13711,1,21
0,p13712,1,75
0,p13713,1,51
0,p13714,1,46
0,p13715,1,7
0,p13716,1,13
0,p13717,1,51
0,p13718,1,5
0,p13719,1,55
0,p13720,1,5
0,p13721,1,90
0,p13722,1,36
0,p13723,1,42
0,p13724,1,47
0,p13725,1,100
0,p13726,1,77
0,p13727,1,93
0,p13728,1,65
0,p13729,1,56
0,p13730,1,38
0,p13731,1,12
0,p13732,1,40
0,p13733,1,86
0,p13734,1,75
0,p13735,1,37
0,p13736,1,87
0,p13737,1,7
0,p13738,1,48
0,p13739,1,68
0,p13740,1,81
0,p13741,1,13
0,p13742,1,62
0,p13743,1,99
0,p13744,1,80
0,p13745,1,75
0,p13746,1,67
0,p13747,1,8
0,p13748,1,18
0,p13749,1,87
0,p13750,1,66
0,p13751,1,90
0,p13752,1,16
0,p13753,1,52
0,p13754,1,88
0,p13755,1,36
0,p13756,1,2
0,p13757,1,19
0,p13758,1,46
0,p13759,1,96
0,p13760,1,75
0,p13761,1,16
0,p13762,1,58
0,p13763,1,9
0,p13764,1,73
0,p13765,1,57
0,p13766,1,30
0,p13767,1,96
0,p13768,1,8
0,p13769,1,57
0,p13770,1,11
0,p13771,1,75
0,p13772,1,59
0,p13773,1,6
0,p13774,1,25
0,p13775,1,43
0,p13776,1,67
0,p13777,1,92
0,p13778,1,88
0,p13779,1,17
0,p13780,1,89
0,p13781,1,74
0,p13782,1,30
0,p13783,1,30
0,p13784,1,26
0,p13785,1,22
0,p13786,1,12
0,p13787,1,10
0,p13788,1,34
0,p13789,1,66
0,p13790,1,44
0,p13791,1,85
0,p13792,1,80
0,p13793,1,31
0,p13794,1,76
0,p13795,1,57
0,p13796,1,17
0,p13797,1,37
0,p13798,1,43
0,p13799,1,89
0,p13800,1,64
0,p13801,1,16
0,p13802,1,23
0,p13803,1,85
0,p13804,1,4
0,p13805,1,89
0,p13806,1,53
0,p13807,1,92
0,p13808,1,94
0,p13809,1,75
0,p13810,1,80
0,p13811,1,87
0,p13812,1,85
0,p13813,1,20
0,p13814,1,98
0,p13815,1,18
0,p13816,1,11
0,p13817,1,8
0,p13818,1,29
0,p13819,1,2
0,p13820,1,59
0,p13821,1,20
0,p13822,1,40
0,p13823,1,83
0,p13824,1,85
0,p13825,1,61
0,p13826,1,80
0,p13827,1,99
0,p13828,1,88
0,p13829,1,39
0,p13830,1,35
0,p13831,1,39
0,p13832,1,27
0,p13833,1,84
0,p13834,1,54
0,p13835,1,93
0,p13836,1,43
0,p13837,1,41
0,p13838,1,79
0,p13839,1,6
0,p13840,1,77
0,p13841,1,79
0,p13842,1,9
0,p13843,1,24
0,p13844,1,67
0,p13845,1,65
0,p13846,1,52
0,p13847,1,53
0,p13848,1,76
0,p13849,1,96
0,p13850,1,70
0,p13851,1,21
0,p13852,1,89
0,p13853,1,63
0,p13854,1,25
0,p13855,1,29
0,p13856,1,40
0,p13857,1,22
0,p13858,1,31
0,p13859,1,34
0,p13860,1,91
0,p13861,1,83
0,p13862,1,43
0,p13863,1,47
0,p13864,1,60
0,p13865,1,18
0,p13866,1,15
0,p13867,1,23
0,p13868,1,19
0,p13869,1,77
0,p13870,1,43
0,p13871,1,31
0,p13872,1,41
0,p13873,1,93
0,p13874,1,88
0,p13875,1,46
0,p13876,1,13
0,p13877,1,4
0,p13878,1,98
0,p13879,1,83
0,p13880,1,75
0,p13881,1,19
0,p13882,1,41
0,p13883,1,37
0,p13884,1,97
0,p13885,1,91
0,p13886,1,100
0,p13887,1,87
0,p13888,1,76
0,p13889,1,10
0,p13890,1,34
0,p13891,1,53
0,p13892,1,84
0,p13893,1,68
0,p13894,1,26
0,p13895,1,71
0,p13896,1,92
0,p13897,1,83
0,p13898,1,78
0,p13899,1,2
0,p13900,1,58
0,p13901,1,37
0,p13902,1,97
0,p13903,1,38
0,p13904,1,89
0,p13905,1,60
0,p13906,1,32
0,p13907,1,85
0,p13908,1,80
0,p13909,1,76
0,p13910,1,26
0,p13911,1,75
0,p13912,1,24
0,p13913,1,87
0,p13914,1,40
0,p13915,1,48
0,p13916,1,58
0,p13917,1,6
0,p13918,1,26
0,p13919,1,40
0,p13920,1,8
0,p13921,1,46
0,p13922,1,16
0,p13923,1,69
0,p13924,1,2
0,p13925,1,55
0,p13926,1,27
0,p13927,1,10
0,p13928,1,11
0,p13929,1,45
0,p13930,1,16
0,p13931,1,93
0,p13932,1,49
0,p13933,1,86
0,p13934,1,59
0,p13935,1,35
0,p13936,1,39
0,p13937,1,25
0,p13938,1,75
0,p13939,1,62
0,p13940,1,9
0,p13941,1,45
0,p13942,1,32
0,p13943,1,50
0,p13944,1,76
0,p13945,1,21
0,p13946,1,41
0,p13947,1,98
0,p13948,1,78
0,p13949,1,88
0,p13950,1,33
0,p13951,1,54
0,p13952,1,64
0,p13953,1,99
0,p13954,1,23
0,p13955,1,93
0,p13956,1,100
0,p13957,1,82
0,p13958,1,4
0,p13959,1,72
0,p13960,1,89
0,p13961,1,87
0,p13962,1,55
0,p13963,1,85
0,p13964,1,98
0,p13965,1,100
0,p13966,1,43
0,p13967,1,95
0,p13968,1,14
0,p13969,1,89
0,p13970,1,28
0,p13971,1,54
0,p13972,1,57
0,p13973,1,17
0,p13974,1,91
0,p13975,1,10
0,p13976,1,42
0,p13977,1,42
0,p13978,1,11
0,p13979,1,6
0,p13980,1,75
0,p13981,1,73
0,p13982,1,23
0,p13983,1,88
0,p13984,1,78
0,p13985,1,60
0,p13986,1,92
0,p13987,1,37
0,p13988,1,9
0,p13989,1,53
0,p13990,1,47
0,p13991,1,38
0,p13992,1,45
0,p13993,1,51
0,p13994,1,37
0,p13995,1,87
0,p13996,1,58
0,p13997,1,99
0,p13998,1,66
0,p13999,1,93
0,p14000,1,44
0,p14001,1,6
0,p14002,1,50
0,p14003,1,23
0,p14004,1,21
0,p14005,1,92
0,p14006,1,47
0,p14007,1,55
0,p14008,1,12
0,p14009,1,24
0,p14010,1,97
0,p14011,1,74
0,p14012,1,58
0,p14013,1,53
0,p14014,1,81
0,p14015,1,76
0,p14016,1,93
0,p14017,1,98
0,p14018,1,31
0,p14019,1,2
0,p14020,1,70
0,p14021,1,38
0,p14022,1,50
0,p14023,1,64
0,p14024,1,4
0,p14025,1,40
0,p14026,1,9
0,p14027,1,69
0,p14028,1,46
0,p14029,1,80
0,p14030,1,67
0,p14031,1,58
0,p14032,1,53
0,p14033,1,5
0,p14034,1,11
0,p14035,1,90
0,p14036,1,64
0,p14037,1,25
0,p14038,1,59
0,p14039,1,11
0,p14040,1,32
0,p14041,1,68
0,p14042,1,59
0,p14043,1,37
0,p14044,1,90
0,p14045,1,69
0,p14046,1,64
0,p14047,1,95
0,p14048,1,47
0,p14049,1,84
0,p14050,1,85
0,p14051,1,37
0,p14052,1,61
0,p14053,1,42
0,p14054,1,99
0,p14055,1,86
0,p14056,1,38
0,p14057,1,4
0,p14058,1,10
0,p14059,1,20
0,p14060,1,18
0,p14061,1,96
0,p14062,1,59
0,p14063,1,82
0,p14064,1,76
0,p14065,1,36
0,p14066,1,63
0,p14067,1,84
0,p14068,1,25
0,p14069,1,94
0,p14070,1,76
0,p14071,1,37
0,p14072,1,71
0,p14073,1,81
0,p14074,1,42
0,p14075,1,67
0,p14076,1,12
0,p14077,1,80
0,p14078,1,59
0,p14079,1,5
0,p14080,1,59
0,p14081,1,55
0,p14082,1,24
0,p14083,1,53
0,p14084,1,62
0,p14085,1,56
0,p14086,1,66
0,p14087,1,58
0,p14088,1,72
0,p14089,1,43
0,p14090,1,50
0,p14091,1,88
0,p14092,1,51
0,p14093,1,8
0,p14094,1,89
0,p14095,1,13
0,p14096,1,16
0,p14097,1,67
0,p14098,1,16
0,p14099,1,63
0,p14100,1,43
0,p14101,1,37
0,p14102,1,99
0,p14103,1,30
0,p14104,1,94
0,p14105,1,64
0,p14106,1,2
0,p14107,1,73
0,p14108,1,40
0,p14109,1,15
0,p14110,1,31
0,p14111,1,55
0,p14112,1,90
0,p14113,1,82
0,p14114,1,74
0,p14115,1,59
0,p14116,1,84
0,p14117,1,93
0,p14118,1,64
0,p14119,1,19
0,p14120,1,80
0,p14121,1,42
0,p14122,1,34
0,p14123,1,36
0,p14124,1,83
0,p14125,1,26
0,p14126,1,19
0,p14127,1,81
0,p14128,1,12
0,p14129,1,56
0,p14130,1,87
0,p14131,1,27
0,p14132,1,84
0,p14133,1,44
0,p14134,1,11
0,p14135,1,38
0,p14136,1,62
0,p14137,1,36
0,p14138,1,8
0,p14139,1,22
0,p14140,1,77
0,p14141,1,30
0,p14142,1,62
0,p14143,1,93
0,p14144,1,29
0,p14145,1,4
0,p14146,1,76
0,p14147,1,56
0,p14148,1,97
0,p14149,1,12
0,p14150,1,92
0,p14151,1,100
0,p14152,1,60
0,p14153,1,53
0,p14154,1,34
0,p14155,1,94
0,p14156,1,54
0,p14157,1,38
0,p14158,1,59
0,p14159,1,42
0,p14160,1,56
0,p14161,1,65
0,p14162,1,84
0,p14163,1,85
0,p14164,1,34
0,p14165,1,15
0,p14166,1,51
0,p14167,1,42
0,p14168,1,79
0,p14169,1,24
0,p14170,1,17
0,p14171,1,55
0,p14172,1,100
0,p14173,1,75
0,p14174,1,90
0,p14175,1,85
0,p14176,1,79
0,p14177,1,33
0,p14178,1,28
0,p14179,1,7
0,p14180,1,80
0,p14181,1,39
0,p14182,1,57
0,p14183,1,57
0,p14184,1,90
0,p14185,1,91
0,p14186,1,54
0,p14187,1,62
0,p14188,1,46
0,p14189,1,64
0,p14190,1,80
0,p14191,1,72
0,p14192,1,100
0,p14193,1,59
0,p14194,1,52
0,p14195,1,48
0,p14196,1,68
0,p14197,1,95
0,p14198,1,7
0,p14199,1,84
0,p14200,1,94
0,p14201,1,100
0,p14202,1,70
0,p14203,1,62
0,p14204,1,90
0,p14205,1,9
0,p14206,1,52
0,p14207,1,70
0,p14208,1,21
0,p14209,1,38
0,p14210,1,60
0,p14211,1,22
0,p14212,1,60
0,p14213,1,33
0,p14214,1,58
0,p14215,1,13
0,p14216,1,57
0,p14217,1,8
0,p14218,1,31
0,p14219,1,14
0,p14220,1,61
0,p14221,1,29
0,p14222,1,56
0,p14223,1,31
0,p14224,1,42
0,p14225,1,22
0,p14226,1,15
0,p14227,1,98
0,p14228,1,18
0,p14229,1,6
0,p14230,1,74
0,p14231,1,24
0,p14232,1,10
0,p14233,1,66
0,p14234,1,35
0,p14235,1,51
0,p14236,1,95
0,p14237,1,83
0,p14238,1,4
0,p14239,1,34
0,p14240,1,55
0,p14241,1,92
0,p14242,1,100
0,p14243,1,38
0,p14244,1,45
0,p14245,1,69
0,p14246,1,79
0,p14247,1,24
0,p14248,1,78
0,p14249,1,39
0,p14250,1,89
0,p14251,1,15
0,p14252,1,95
0,p14253,1,34
0,p14254,1,70
0,p14255,1,33
0,p14256,1,65
0,p14257,1,97
0,p14258,1,76
0,p14259,1,27
0,p14260,1,9
0,p14261,1,42
0,p14262,1,23
0,p14263,1,18
0,p14264,1,36
0,p14265,1,81
0,p14266,1,8
0,p14267,1,84
0,p14268,1,28
0,p14269,1,47
0,p14270,1,96
0,p14271,1,18
0,p14272,1,29
0,p14273,1,26
0,p14274,1,53
0,p14275,1,40
0,p14276,1,36
0,p14277,1,41
0,p14278,1,93
0,p14279,1,64
0,p14280,1,28
0,p14281,1,19
0,p14282,1,17
0,p14283,1,99
0,p14284,1,78
0,p14285,1,85
0,p14286,1,39
0,p14287,1,38
0,p14288,1,28
0,p14289,1,8
0,p14290,1,19
0,p14291,1,38
0,p14292,1,36
0,p14293,1,73
0,p14294,1,100
0,p14295,1,35
0,p14296,1,53
0,p14297,1,86
0,p14298,1,92
0,p14299,1,13
0,p14300,1,42
0,p14301,1,55
0,p14302,1,56
0,p14303,1,49
0,p14304,1,14
0,p14305,1,67
0,p14306,1,49
0,p14307,1,27
0,p14308,1,92
0,p14309,1,46
0,p14310,1,38
0,p14311,1,47
0,p14312,1,44
0,p14313,1,50
0,p14314,1,70
0,p14315,1,51
0,p14316,1,100
0,p14317,1,29
0,p14318,1,6
0,p14319,1,24
0,p14320,1,47
0,p14321,1,8
0,p14322,1,53
0,p14323,1,75
0,p14324,1,45
0,p14325,1,63
0,p14326,1,52
0,p14327,1,12
0,p14328,1,53
0,p14329,1,98
0,p14330,1,92
0,p14331,1,90
0,p14332,1,20
0,p14333,1,45
0,p14334,1,95
0,p14335,1,18
0,p14336,1,99
0,p14337,1,62
0,p14338,1,98
0,p14339,1,7
0,p14340,1,67
0,p14341,1,27
0,p14342,1,36
0,p14343,1,37
0,p14344,1,28
0,p14345,1,5
0,p14346,1,40
0,p14347,1,52
0,p14348,1,82
0,p14349,1,74
0,p14350,1,73
0,p14351,1,22
0,p14352,1,69
0,p14353,1,97
0,p14354,1,87
0,p14355,1,84
0,p14356,1,69
0,p14357,1,88
0,p14358,1,59
0,p14359,1,19
0,p14360,1,42
0,p14361,1,25
0,p14362,1,9
0,p14363,1,100
0,p14364,1,60
0,p14365,1,100
0,p14366,1,46
0,p14367,1,49
0,p14368,1,12
0,p14369,1,33
0,p14370,1,24
0,p14371,1,50
0,p14372,1,52
0,p14373,1,5
0,p14374,1,52
0,p14375,1,41
0,p14376,1,55
0,p14377,1,47
0,p14378,1,87
0,p14379,1,57
0,p14380,1,69
0,p14381,1,74
0,p14382,1,41
0,p14383,1,6
0,p14384,1,48
0,p14385,1,45
0,p14386,1,69
0,p14387,1,73
0,p14388,1,54
0,p14389,1,40
0,p14390,1,5
0,p14391,1,81
0,p14392,1,6
0,p14393,1,5
0,p14394,1,18
0,p14395,1,8
0,p14396,1,97
0,p14397,1,22
0,p14398,1,6
0,p14399,1,34
0,p14400,1,8
0,p14401,1,36
0,p14402,1,62
0,p14403,1,80
0,p14404,1,96
0,p14405,1,52
0,p14406,1,12
0,p14407,1,95
0,p14408,1,71
0,p14409,1,53
0,p14410,1,23
0,p14411,1,35
0,p14412,1,18
0,p14413,1,46
0,p14414,1,67
0,p14415,1,95
0,p14416,1,94
0,p14417,1,55
0,p14418,1,34
0,p14419,1,22
0,p14420,1,58
0,p14421,1,31
0,p14422,1,98
0,p14423,1,68
0,p14424,1,88
0,p14425,1,50
0,p14426,1,26
0,p14427,1,26
0,p14428,1,62
0,p14429,1,80
0,p14430,1,60
0,p14431,1,32
0,p14432,1,18
0,p14433,1,76
0,p14434,1,17
0,p14435,1,95
0,p14436,1,23
0,p14437,1,45
0,p14438,1,49
0,p14439,1,31
0,p14440,1,20
0,p14441,1,58
0,p14442,1,51
0,p14443,1,7
0,p14444,1,52
0,p14445,1,96
0,p14446,1,53
0,p14447,1,41
0,p14448,1,44
0,p14449,1,27
0,p14450,1,72
0,p14451,1,4
0,p14452,1,78
0,p14453,1,37
0,p14454,1,82
0,p14455,1,42
0,p14456,1,59
0,p14457,1,37
0,p14458,1,53
0,p14459,1,82
0,p14460,1,76
0,p14461,1,45
0,p14462,1,33
0,p14463,1,55
0,p14464,1,32
0,p14465,1,15
0,p14466,1,20
0,p14467,1,87
0,p14468,1,68
0,p14469,1,67
0,p14470,1,73
0,p14471,1,35
0,p14472,1,89
0,p14473,1,48
0,p14474,1,99
0,p14475,1,9
0,p14476,1,38
0,p14477,1,5
0,p14478,1,18
0,p14479,1,45
0,p14480,1,8
0,p14481,1,2
0,p14482,1,81
0,p14483,1,7
0,p14484,1,3
0,p14485,1,23
0,p14486,1,62
0,p14487,1,90
0,p14488,1,97
0,p14489,1,22
0,p14490,1,32
0,p14491,1,28
0,p14492,1,90
0,p14493,1,34
0,p14494,1,78
0,p14495,1,5
0,p14496,1,47
0,p14497,1,2
0,p14498,1,79
0,p14499,1,53
0,p14500,1,47
0,p14501,1,5
0,p14502,1,48
0,p14503,1,29
0,p14504,1,13
0,p14505,1,66
0,p14506,1,24
0,p14507,1,16
0,p14508,1,62
0,p14509,1,91
0,p14510,1,49
0,p14511,1,51
0,p14512,1,46
0,p14513,1,50
0,p14514,1,90
0,p14515,1,51
0,p14516,1,87
0,p14517,1,33
0,p14518,1,2
0,p14519,1,33
0,p14520,1,32
0,p14521,1,12
0,p14522,1,47
0,p14523,1,89
0,p14524,1,9
0,p14525,1,79
0,p14526,1,10
0,p14527,1,75
0,p14528,1,84
0,p14529,1,58
0,p14530,1,94
0,p14531,1,42
0,p14532,1,77
0,p14533,1,47
0,p14534,1,13
0,p14535,1,91
0,p14536,1,93
0,p14537,1,33
0,p14538,1,79
0,p14539,1,43
0,p14540,1,30
0,p14541,1,62
0,p14542,1,95
0,p14543,1,37
0,p14544,1,30
0,p14545,1,95
0,p14546,1,8
0,p14547,1,88
0,p14548,1,83
0,p14549,1,68
0,p14550,1,6
0,p14551,1,19
0,p14552,1,3
0,p14553,1,98
0,p14554,1,75
0,p14555,1,68
0,p14556,1,56
0,p14557,1,29
0,p14558,1,79
0,p14559,1,82
0,p14560,1,13
0,p14561,1,22
0,p14562,1,84
0,p14563,1,64
0,p14564,1,98
0,p14565,1,66
0,p14566,1,64
0,p14567,1,98
0,p14568,1,9
0,p14569,1,41
0,p14570,1,57
0,p14571,1,4
0,p14572,1,39
0,p14573,1,14
0,p14574,1,36
0,p14575,1,34
0,p14576,1,28
0,p14577,1,38
0,p14578,1,62
0,p14579,1,65
0,p14580,1,98
0,p14581,1,65
0,p14582,1,19
0,p14583,1,50
0,p14584,1,33
0,p14585,1,21
0,p14586,1,8
0,p14587,1,5
0,p14588,1,77
0,p14589,1,80
0,p14590,1,48
0,p14591,1,12
0,p14592,1,84
0,p14593,1,39
0,p14594,1,19
0,p14595,1,53
0,p14596,1,37
0,p14597,1,37
0,p14598,1,26
0,p14599,1,34
0,p14600,1,44
0,p14601,1,75
0,p14602,1,7
0,p14603,1,67
0,p14604,1,82
0,p14605,1,14
0,p14606,1,39
0,p14607,1,29
0,p14608,1,20
0,p14609,1,54
0,p14610,1,68
0,p14611,1,34
0,p14612,1,72
0,p14613,1,63
0,p14614,1,20
0,p14615,1,57
0,p14616,1,81
0,p14617,1,60
0,p14618,1,96
0,p14619,1,74
0,p14620,1,29
0,p14621,1,34
0,p14622,1,46
0,p14623,1,46
0,p14624,1,45
0,p14625,1,83
0,p14626,1,67
0,p14627,1,81
0,p14628,1,80
0,p14629,1,36
0,p14630,1,10
0,p14631,1,11
0,p14632,1,26
0,p14633,1,2
0,p14634,1,8
0,p14635,1,73
0,p14636,1,90
0,p14637,1,2
0,p14638,1,25
0,p14639,1,48
0,p14640,1,63
0,p14641,1,11
0,p14642,1,17
0,p14643,1,82
0,p14644,1,89
0,p14645,1,61
0,p14646,1,33
0,p14647,1,97
0,p14648,1,12
0,p14649,1,34
0,p14650,1,47
0,p14651,1,41
0,p14652,1,92
0,p14653,1,99
0,p14654,1,95
0,p14655,1,76
0,p14656,1,64
0,p14657,1,54
0,p14658,1,66
0,p14659,1,20
0,p14660,1,45
0,p14661,1,45
0,p14662,1,92
0,p14663,1,67
0,p14664,1,37
0,p14665,1,75
0,p14666,1,34
0,p14667,1,76
0,p14668,1,77
0,p14669,1,100
0,p14670,1,35
0,p14671,1,88
0,p14672,1,61
0,p14673,1,69
0,p14674,1,79
0,p14675,1,42
0,p14676,1,26
0,p14677,1,74
0,p14678,1,6
0,p14679,1,96
0,p14680,1,98
0,p14681,1,71
0,p14682,1,73
0,p14683,1,96
0,p14684,1,3
0,p14685,1,73
0,p14686,1,5
0,p14687,1,51
0,p14688,1,25
0,p14689,1,55
0,p14690,1,53
0,p14691,1,6
0,p14692,1,48
0,p14693,1,48
0,p14694,1,99
0,p14695,1,5
0,p14696,1,85
0,p14697,1,70
0,p14698,1,24
0,p14699,1,41
0,p14700,1,94
0,p14701,1,56
0,p14702,1,3
0,p14703,1,13
0,p14704,1,43
0,p14705,1,77
0,p14706,1,21
0,p14707,1,33
0,p14708,1,69
0,p14709,1,21
0,p14710,1,8
0,p14711,1,66
0,p14712,1,89
0,p14713,1,91
0,p14714,1,77
0,p14715,1,44
0,p14716,1,86
0,p14717,1,39
0,p14718,1,92
0,p14719,1,48
0,p14720,1,17
0,p14721,1,57
0,p14722,1,6
0,p14723,1,58
0,p14724,1,5
0,p14725,1,33
0,p14726,1,3
0,p14727,1,95
0,p14728,1,63
0,p14729,1,39
0,p14730,1,19
0,p14731,1,38
0,p14732,1,90
0,p14733,1,68
0,p14734,1,33
0,p14735,1,59
0,p14736,1,44
0,p14737,1,46
0,p14738,1,77
0,p14739,1,35
0,p14740,1,68
0,p14741,1,7
0,p14742,1,17
0,p14743,1,34
0,p14744,1,93
0,p14745,1,62
0,p14746,1,95
0,p14747,1,58
0,p14748,1,20
0,p14749,1,85
0,p14750,1,88
0,p14751,1,37
0,p14752,1,67
0,p14753,1,93
0,p14754,1,90
0,p14755,1,67
0,p14756,1,61
0,p14757,1,30
0,p14758,1,59
0,p14759,1,49
0,p14760,1,38
0,p14761,1,51
0,p14762,1,10
0,p14763,1,80
0,p14764,1,64
0,p14765,1,53
0,p14766,1,12
0,p14767,1,87
0,p14768,1,22
0,p14769,1,51
0,p14770,1,5
0,p14771,1,44
0,p14772,1,8
0,p14773,1,100
0,p14774,1,72
0,p14775,1,54
0,p14776,1,54
0,p14777,1,43
0,p14778,1,87
0,p14779,1,55
0,p14780,1,41
0,p14781,1,37
0,p14782,1,9
0,p14783,1,78
0,p14784,1,47
0,p14785,1,94
0,p14786,1,98
0,p14787,1,67
0,p14788,1,3
0,p14789,1,30
0,p14790,1,7
0,p14791,1,53
0,p14792,1,73
0,p14793,1,70
0,p14794,1,93
0,p14795,1,43
0,p14796,1,11
0,p14797,1,67
0,p14798,1,19
0,p14799,1,25
0,p14800,1,28
0,p14801,1,48
0,p14802,1,29
0,p14803,1,26
0,p14804,1,69
0,p14805,1,100
0,p14806,1,48
0,p14807,1,3
0,p14808,1,38
0,p14809,1,64
0,p14810,1,48
0,p14811,1,37
0,p14812,1,36
0,p14813,1,67
0,p14814,1,85
0,p14815,1,74
0,p14816,1,26
0,p14817,1,38
0,p14818,1,61
0,p14819,1,75
0,p14820,1,4
0,p14821,1,59
0,p14822,1,64
0,p14823,1,35
0,p14824,1,26
0,p14825,1,48
0,p14826,1,87
0,p14827,1,61
0,p14828,1,38
0,p14829,1,21
0,p14830,1,44
0,p14831,1,21
0,p14832,1,17
0,p14833,1,28
0,p14834,1,64
0,p14835,1,24
0,p14836,1,39
0,p14837,1,83
0,p14838,1,61
0,p14839,1,20
0,p14840,1,44
0,p14841,1,46
0,p14842,1,12
0,p14843,1,32
0,p14844,1,54
0,p14845,1,60
0,p14846,1,59
0,p14847,1,67
0,p14848,1,9
0,p14849,1,69
0,p14850,1,12
0,p14851,1,27
0,p14852,1,72
0,p14853,1,70
0,p14854,1,26
0,p14855,1,85
0,p14856,1,28
0,p14857,1,98
0,p14858,1,97
0,p14859,1,45
0,p14860,1,22
0,p14861,1,39
0,p14862,1,84
0,p14863,1,33
0,p14864,1,35
0,p14865,1,69
0,p14866,1,35
0,p14867,1,19
0,p14868,1,72
0,p14869,1,84
0,p14870,1,95
0,p14871,1,4
0,p14872,1,13
0,p14873,1,21
0,p14874,1,40
0,p14875,1,31
0,p14876,1,15
0,p14877,1,80
0,p14878,1,56
0,p14879,1,94
0,p14880,1,32
0,p14881,1,4
0,p14882,1,63
0,p14883,1,88
0,p14884,1,59
0,p14885,1,47
0,p14886,1,54
0,p14887,1,95
0,p14888,1,4
0,p14889,1,96
0,p14890,1,86
0,p14891,1,38
0,p14892,1,34
0,p14893,1,84
0,p14894,1,97
0,p14895,1,64
0,p14896,1,48
0,p14897,1,25
0,p14898,1,50
0,p14899,1,31
0,p14900,1,91
0,p14901,1,96
0,p14902,1,56
0,p14903,1,45
0,p14904,1,92
0,p14905,1,85
0,p14906,1,86
0,p14907,1,91
0,p14908,1,52
0,p14909,1,47
0,p14910,1,66
0,p14911,1,79
0,p14912,1,8
0,p14913,1,53
0,p14914,1,58
0,p14915,1,53
0,p14916,1,33
0,p14917,1,53
0,p14918,1,10
0,p14919,1,11
0,p14920,1,64
0,p14921,1,11
0,p14922,1,60
0,p14923,1,43
0,p14924,1,18
0,p14925,1,23
0,p14926,1,56
0,p14927,1,51
0,p14928,1,5
0,p14929,1,50
0,p14930,1,42
0,p14931,1,39
0,p14932,1,97
0,p14933,1,81
0,p14934,1,41
0,p14935,1,97
0,p14936,1,3
0,p14937,1,53
0,p14938,1,95
0,p14939,1,34
0,p14940,1,62
0,p14941,1,55
0,p14942,1,68
0,p14943,1,78
0,p14944,1,35
0,p14945,1,2
0,p14946,1,93
0,p14947,1,29
0,p14948,1,72
0,p14949,1,66
0,p14950,1,28
0,p14951,1,57
0,p14952,1,45
0,p14953,1,38
0,p14954,1,70
0,p14955,1,21
0,p14956,1,93
0,p14957,1,69
0,p14958,1,81
0,p14959,1,22
0,p14960,1,85
0,p14961,1,26
0,p14962,1,28
0,p14963,1,80
0,p14964,1,91
0,p14965,1,16
0,p14966,1,93
0,p14967,1,75
0,p14968,1,86
0,p14969,1,9
0,p14970,1,87
0,p14971,1,86
0,p14972,1,23
0,p14973,1,50
0,p14974,1,21
0,p14975,1,78
0,p14976,1,86
0,p14977,1,81
0,p14978,1,78
0,p14979,1,36
0,p14980,1,14
0,p14981,1,33
0,p14982,1,6
0,p14983,1,55
0,p14984,1,63
0,p14985,1,54
0,p14986,1,81
0,p14987,1,46
0,p14988,1,71
0,p14989,1,80
0,p14990,1,15
0,p14991,1,76
0,p14992,1,14
0,p14993,1,73
0,p14994,1,40
0,p14995,1,74
0,p14996,1,32
0,p14997,1,65
0,p14998,1,4
0,p14999,1,26
0,p15000,1,41
0,p15001,1,94
0,p15002,1,92
0,p15003,1,13
0,p15004,1,38
0,p15005,1,23
0,p15006,1,80
0,p15007,1,65
0,p15008,1,42
0,p15009,1,62
0,p15010,1,38
0,p15011,1,20
0,p15012,1,81
0,p15013,1,46
0,p15014,1,33
0,p15015,1,29
0,p15016,1,36
0,p15017,1,45
0,p15018,1,44
0,p15019,1,76
0,p15020,1,38
0,p15021,1,92
0,p15022,1,35
0,p15023,1,75
0,p15024,1,51
0,p15025,1,68
0,p15026,1,33
0,p15027,1,25
0,p15028,1,100
0,p15029,1,28
0,p15030,1,36
0,p15031,1,99
0,p15032,1,91
0,p15033,1,41
0,p15034,1,15
0,p15035,1,87
0,p15036,1,92
0,p15037,1,18
0,p15038,1,18
0,p15039,1,41
0,p15040,1,81
0,p15041,1,68
0,p15042,1,51
0,p15043,1,74
0,p15044,1,70
0,p15045,1,72
0,p15046,1,62
0,p15047,1,61
0,p15048,1,39
0,p15049,1,52
0,p15050,1,81
0,p15051,1,99
0,p15052,1,95
0,p15053,1,93
0,p15054,1,2
0,p15055,1,10
0,p15056,1,28
0,p15057,1,84
0,p15058,1,81
0,p15059,1,95
0,p15060,1,48
0,p15061,1,46
0,p15062,1,3
0,p15063,1,66
0,p15064,1,47
0,p15065,1,53
0,p15066,1,48
0,p15067,1,32
0,p15068,1,39
0,p15069,1,28
0,p15070,1,49
0,p15071,1,57
0,p15072,1,79
0,p15073,1,10
0,p15074,1,82
0,p15075,1,35
0,p15076,1,81
0,p15077,1,19
0,p15078,1,31
0,p15079,1,81
0,p15080,1,18
0,p15081,1,81
0,p15082,1,33
0,p15083,1,20
0,p15084,1,90
0,p15085,1,20
0,p15086,1,54
0,p15087,1,41
0,p15088,1,78
0,p15089,1,65
0,p15090,1,79
0,p15091,1,2
0,p15092,1,7
0,p15093,1,26
0,p15094,1,63
0,p15095,1,97
0,p15096,1,52
0,p15097,1,40
0,p15098,1,31
0,p15099,1,62
0,p15100,1,9
0,p15101,1,31
0,p15102,1,57
0,p15103,1,27
0,p15104,1,57
0,p15105,1,75
0,p15106,1,79
0,p15107,1,25
0,p15108,1,20
0,p15109,1,97
0,p15110,1,94
0,p15111,1,81
0,p15112,1,92
0,p15113,1,40
0,p15114,1,22
0,p15115,1,53
0,p15116,1,7
0,p15117,1,35
0,p15118,1,84
0,p15119,1,67
0,p15120,1,95
0,p15121,1,23
0,p15122,1,44
0,p15123,1,37
0,p15124,1,91
0,p15125,1,70
0,p15126,1,67
0,p15127,1,62
0,p15128,1,75
0,p15129,1,22
0,p15130,1,75
0,p15131,1,69
0,p15132,1,55
0,p15133,1,33
0,p15134,1,19
0,p15135,1,20
0,p15136,1,91
0,p15137,1,70
0,p15138,1,57
0,p15139,1,93
0,p15140,1,6
0,p15141,1,73
0,p15142,1,9
0,p15143,1,2
0,p15144,1,82
0,p15145,1,56
0,p15146,1,71
0,p15147,1,91
0,p15148,1,82
0,p15149,1,93
0,p15150,1,14
0,p15151,1,78
0,p15152,1,2
0,p15153,1,95
0,p15154,1,42
0,p15155,1,93
0,p15156,1,83
0,p15157,1,57
0,p15158,1,58
0,p15159,1,36
0,p15160,1,72
0,p15161,1,48
0,p15162,1,28
0,p15163,1,60
0,p15164,1,30
0,p15165,1,28
0,p15166,1,94
0,p15167,1,18
0,p15168,1,95
0,p15169,1,45
0,p15170,1,16
0,p15171,1,12
0,p15172,1,67
0,p15173,1,35
0,p15174,1,21
0,p15175,1,90
0,p15176,1,77
0,p15177,1,100
0,p15178,1,82
0,p15179,1,99
0,p15180,1,61
0,p15181,1,79
0,p15182,1,29
0,p15183,1,5
0,p15184,1,7
0,p15185,1,69
0,p15186,1,8
0,p15187,1,10
0,p15188,1,48
0,p15189,1,23
0,p15190,1,50
0,p15191,1,12
0,p15192,1,7
0,p15193,1,18
0,p15194,1,23
0,p15195,1,37
0,p15196,1,29
0,p15197,1,2
0,p15198,1,70
0,p15199,1,100
0,p15200,1,83
0,p15201,1,16
0,p15202,1,99
0,p15203,1,43
0,p15204,1,9
0,p15205,1,50
0,p15206,1,79
0,p15207,1,93
0,p15208,1,33
0,p15209,1,99
0,p15210,1,44
0,p15211,1,81
0,p15212,1,69
0,p15213,1,39
0,p15214,1,87
0,p15215,1,54
0,p15216,1,83
0,p15217,1,14
0,p15218,1,16
0,p15219,1,43
0,p15220,1,45
0,p15221,1,100
0,p15222,1,15
0,p15223,1,2
0,p15224,1,68
0,p15225,1,64
0,p15226,1,31
0,p15227,1,22
0,p15228,1,63
0,p15229,1,72
0,p15230,1,54
0,p15231,1,3
0,p15232,1,81
0,p15233,1,5
0,p15234,1,65
0,p15235,1,24
0,p15236,1,89
0,p15237,1,65
0,p15238,1,65
0,p15239,1,35
0,p15240,1,56
0,p15241,1,26
0,p15242,1,98
0,p15243,1,39
0,p15244,1,43
0,p15245,1,36
0,p15246,1,83
0,p15247,1,40
0,p15248,1,41
0,p15249,1,3
0,p15250,1,65
0,p15251,1,88
0,p15252,1,17
0,p15253,1,40
0,p15254,1,40
0,p15255,1,88
0,p15256,1,67
0,p15257,1,57
0,p15258,1,13
0,p15259,1,20
0,p15260,1,58
0,p15261,1,79
0,p15262,1,41
0,p15263,1,50
0,p15264,1,46
0,p15265,1,76
0,p15266,1,23
0,p15267,1,94
0,p15268,1,17
0,p15269,1,31
0,p15270,1,54
0,p15271,1,27
0,p15272,1,58
0,p15273,1,16
0,p15274,1,48
0,p15275,1,76
0,p15276,1,46
0,p15277,1,50
0,p15278,1,34
0,p15279,1,51
0,p15280,1,3
0,p15281,1,79
0,p15282,1,92
0,p15283,1,90
0,p15284,1,50
0,p15285,1,28
0,p15286,1,86
0,p15287,1,71
0,p15288,1,72
0,p15289,1,32
0,p15290,1,24
0,p15291,1,74
0,p15292,1,88
0,p15293,1,66
0,p15294,1,52
0,p15295,1,90
0,p15296,1,55
0,p15297,1,5
0,p15298,1,66
0,p15299,1,61
0,p15300,1,14
0,p15301,1,39
0,p15302,1,21
0,p15303,1,67
0,p15304,1,97
0,p15305,1,28
0,p15306,1,31
0,p15307,1,17
0,p15308,1,94
0,p15309,1,30
0,p15310,1,69
0,p15311,1,63
0,p15312,1,9
0,p15313,1,60
0,p15314,1,37
0,p15315,1,81
0,p15316,1,67
0,p15317,1,27
0,p15318,1,20
0,p15319,1,40
0,p15320,1,67
0,p15321,1,55
0,p15322,1,78
0,p15323,1,40
0,p15324,1,37
0,p15325,1,94
0,p15326,1,78
0,p15327,1,16
0,p15328,1,86
0,p15329,1,12
0,p15330,1,30
0,p15331,1,5
0,p15332,1,41
0,p15333,1,22
0,p15334,1,7
0,p15335,1,94
0,p15336,1,44
0,p15337,1,10
0,p15338,1,56
0,p15339,1,53
0,p15340,1,55
0,p15341,1,26
0,p15342,1,16
0,p15343,1,30
0,p15344,1,55
0,p15345,1,100
0,p15346,1,6
0,p15347,1,81
0,p15348,1,27
0,p15349,1,32
0,p15350,1,33
0,p15351,1,56
0,p15352,1,47
0,p15353,1,46
0,p15354,1,13
0,p15355,1,49
0,p15356,1,40
0,p15357,1,11
0,p15358,1,11
0,p15359,1,64
0,p15360,1,98
0,p15361,1,77
0,p15362,1,87
0,p15363,1,62
0,p15364,1,57
0,p15365,1,12
0,p15366,1,62
0,p15367,1,35
0,p15368,1,90
0,p15369,1,92
0,p15370,1,13
0,p15371,1,3
0,p15372,1,48
0,p15373,1,82
0,p15374,1,19
0,p15375,1,87
0,p15376,1,51
0,p15377,1,79
0,p15378,1,95
0,p15379,1,56
0,p15380,1,42
0,p15381,1,71
0,p15382,1,2
0,p15383,1,80
0,p15384,1,89
0,p15385,1,57
0,p15386,1,84
0,p15387,1,40
0,p15388,1,80
0,p15389,1,20
0,p15390,1,3
0,p15391,1,32
0,p15392,1,76
0,p15393,1,13
0,p15394,1,40
0,p15395,1,65
0,p15396,1,58
0,p15397,1,22
0,p15398,1,33
0,p15399,1,24
0,p15400,1,65
0,p15401,1,72
0,p15402,1,12
0,p15403,1,89
0,p15404,1,60
0,p15405,1,42
0,p15406,1,58
0,p15407,1,100
0,p15408,1,52
0,p15409,1,11
0,p15410,1,96
0,p15411,1,26
0,p15412,1,42
0,p15413,1,7
0,p15414,1,3
0,p15415,1,30
0,p15416,1,86
0,p15417,1,25
0,p15418,1,73
0,p15419,1,22
0,p15420,1,6
0,p15421,1,85
0,p15422,1,5
0,p15423,1,84
0,p15424,1,43
0,p15425,1,90
0,p15426,1,99
0,p15427,1,52
0,p15428,1,33
0,p15429,1,80
0,p15430,1,64
0,p15431,1,17
0,p15432,1,3
0,p15433,1,57
0,p15434,1,98
0,p15435,1,86
0,p15436,1,31
0,p15437,1,35
0,p15438,1,14
0,p15439,1,92
0,p15440,1,65
0,p15441,1,53
0,p15442,1,98
0,p15443,1,31
0,p15444,1,17
0,p15445,1,52
0,p15446,1,14
0,p15447,1,59
0,p15448,1,52
0,p15449,1,13
0,p15450,1,10
0,p15451,1,35
0,p15452,1,50
0,p15453,1,75
0,p15454,1,47
0,p15455,1,79
0,p15456,1,28
0,p15457,1,41
0,p15458,1,26
0,p15459,1,82
0,p15460,1,50
0,p15461,1,29
0,p15462,1,19
0,p15463,1,86
0,p15464,1,16
0,p15465,1,75
0,p15466,1,10
0,p15467,1,16
0,p15468,1,95
0,p15469,1,64
0,p15470,1,48
0,p15471,1,66
0,p15472,1,26
0,p15473,1,98
0,p15474,1,74
0,p15475,1,63
0,p15476,1,2
0,p15477,1,22
0,p15478,1,45
0,p15479,1,58
0,p15480,1,82
0,p15481,1,42
0,p15482,1,42
0,p15483,1,35
0,p15484,1,40
0,p15485,1,72
0,p15486,1,88
0,p15487,1,58
0,p15488,1,11
0,p15489,1,72
0,p15490,1,11
0,p15491,1,77
0,p15492,1,21
0,p15493,1,70
0,p15494,1,71
0,p15495,1,94
0,p15496,1,100
0,p15497,1,14
0,p15498,1,64
0,p15499,1,80
0,p15500,1,54
0,p15501,1,88
0,p15502,1,12
0,p15503,1,26
0,p15504,1,17
0,p15505,1,42
0,p15506,1,15
0,p15507,1,44
0,p15508,1,42
0,p15509,1,60
0,p15510,1,97
0,p15511,1,80
0,p15512,1,18
0,p15513,1,80
0,p15514,1,94
0,p15515,1,32
0,p15516,1,31
0,p15517,1,40
0,p15518,1,95
0,p15519,1,65
0,p15520,1,75
0,p15521,1,60
0,p15522,1,69
0,p15523,1,33
0,p15524,1,94
0,p15525,1,33
0,p15526,1,7
0,p15527,1,89
0,p15528,1,91
0,p15529,1,96
0,p15530,1,56
0,p15531,1,84
0,p15532,1,3
0,p15533,1,94
0,p15534,1,9
0,p15535,1,21
0,p15536,1,44
0,p15537,1,6
0,p15538,1,62
0,p15539,1,57
0,p15540,1,64
0,p15541,1,28
0,p15542,1,37
0,p15543,1,10
0,p15544,1,61
0,p15545,1,89
0,p15546,1,26
0,p15547,1,45
0,p15548,1,38
0,p15549,1,89
0,p15550,1,75
0,p15551,1,9
0,p15552,1,23
0,p15553,1,44
0,p15554,1,11
0,p15555,1,65
0,p15556,1,6
0,p15557,1,14
0,p15558,1,94
0,p15559,1,25
0,p15560,1,51
0,p15561,1,66
0,p15562,1,10
0,p15563,1,71
0,p15564,1,30
0,p15565,1,20
0,p15566,1,14
0,p15567,1,8
0,p15568,1,72
0,p15569,1,52
0,p15570,1,74
0,p15571,1,95
0,p15572,1,77
0,p15573,1,37
0,p15574,1,36
0,p15575,1,46
0,p15576,1,11
0,p15577,1,80
0,p15578,1,25
0,p15579,1,19
0,p15580,1,86
0,p15581,1,27
0,p15582,1,89
0,p15583,1,45
0,p15584,1,51
0,p15585,1,47
0,p15586,1,58
0,p15587,1,16
0,p15588,1,92
0,p15589,1,27
0,p15590,1,39
0,p15591,1,81
0,p15592,1,41
0,p15593,1,53
0,p15594,1,17
0,p15595,1,52
0,p15596,1,98
0,p15597,1,6
0,p15598,1,88
0,p15599,1,94
0,p15600,1,79
0,p15601,1,26
0,p15602,1,19
0,p15603,1,31
0,p15604,1,34
0,p15605,1,23
0,p15606,1,78
0,p15607,1,36
0,p15608,1,68
0,p15609,1,77
0,p15610,1,11
0,p15611,1,58
0,p15612,1,97
0,p15613,1,34
0,p15614,1,67
0,p15615,1,6
0,p15616,1,4
0,p15617,1,17
0,p15618,1,29
0,p15619,1,68
0,p15620,1,30
0,p15621,1,92
0,p15622,1,98
0,p15623,1,49
0,p15624,1,93
0,p15625,1,48
0,p15626,1,30
0,p15627,1,35
0,p15628,1,55
0,p15629,1,35
0,p15630,1,22
0,p15631,1,11
0,p15632,1,87
0,p15633,1,15
0,p15634,1,2
0,p15635,1,58
0,p15636,1,27
0,p15637,1,48
0,p15638,1,98
0,p15639,1,31
0,p15640,1,89
0,p15641,1,65
0,p15642,1,25
0,p15643,1,60
0,p15644,1,97
0,p15645,1,36
0,p15646,1,12
0,p15647,1,79
0,p15648,1,56
0,p15649,1,16
0,p15650,1,99
0,p15651,1,47
0,p15652,1,29
0,p15653,1,79
0,p15654,1,34
0,p15655,1,18
0,p15656,1,16
0,p15657,1,94
0,p15658,1,78
0,p15659,1,8
0,p15660,1,11
0,p15661,1,86
0,p15662,1,100
0,p15663,1,73
0,p15664,1,55
0,p15665,1,22
0,p15666,1,78
0,p15667,1,20
0,p15668,1,17
0,p15669,1,51
0,p15670,1,87
0,p15671,1,91
0,p15672,1,55
0,p15673,1,96
0,p15674,1,43
0,p15675,1,17
0,p15676,1,71
0,p15677,1,98
0,p15678,1,18
0,p15679,1,72
0,p15680,1,75
0,p15681,1,80
0,p15682,1,22
0,p15683,1,16
0,p15684,1,93
0,p15685,1,19
0,p15686,1,86
0,p15687,1,63
0,p15688,1,82
0,p15689,1,100
0,p15690,1,30
0,p15691,1,89
0,p15692,1,91
0,p15693,1,79
0,p15694,1,22
0,p15695,1,74
0,p15696,1,30
0,p15697,1,82
0,p15698,1,92
0,p15699,1,54
0,p15700,1,43
0,p15701,1,93
0,p15702,1,76
0,p15703,1,33
0,p15704,1,98
0,p15705,1,99
0,p15706,1,8
0,p15707,1,19
0,p15708,1,75
0,p15709,1,70
0,p15710,1,76
0,p15711,1,57
0,p15712,1,60
0,p15713,1,15
0,p15714,1,74
0,p15715,1,100
0,p15716,1,100
0,p15717,1,4
0,p15718,1,13
0,p15719,1,98
0,p15720,1,31
0,p15721,1,84
0,p15722,1,40
0,p15723,1,36
0,p15724,1,44
0,p15725,1,25
0,p15726,1,44
0,p15727,1,51
0,p15728,1,96
0,p15729,1,80
0,p15730,1,59
0,p15731,1,10
0,p15732,1,51
0,p15733,1,69
0,p15734,1,42
0,p15735,1,37
0,p15736,1,74
0,p15737,1,69
0,p15738,1,42
0,p15739,1,25
0,p15740,1,98
0,p15741,1,9
0,p15742,1,96
0,p15743,1,83
0,p15744,1,58
0,p15745,1,87
0,p15746,1,33
0,p15747,1,73
0,p15748,1,21
0,p15749,1,52
0,p15750,1,75
0,p15751,1,31
0,p15752,1,92
0,p15753,1,16
0,p15754,1,91
0,p15755,1,96
0,p15756,1,22
0,p15757,1,54
0,p15758,1,34
0,p15759,1,18
0,p15760,1,75
0,p15761,1,77
0,p15762,1,82
0,p15763,1,53
0,p15764,1,13
0,p15765,1,15
0,p15766,1,32
0,p15767,1,48
0,p15768,1,65
0,p15769,1,79
0,p15770,1,30
0,p15771,1,34
0,p15772,1,37
0,p15773,1,91
0,p15774,1,61
0,p15775,1,83
0,p15776,1,84
0,p15777,1,29
0,p15778,1,13
0,p15779,1,28
0,p15780,1,36
0,p15781,1,80
0,p15782,1,90
0,p15783,1,100
0,p15784,1,17
0,p15785,1,58
0,p15786,1,49
0,p15787,1,98
0,p15788,1,49
0,p15789,1,30
0,p15790,1,11
0,p15791,1,17
0,p15792,1,10
0,p15793,1,14
0,p15794,1,50
0,p15795,1,86
0,p15796,1,20
0,p15797,1,27
0,p15798,1,8
0,p15799,1,32
0,p15800,1,57
0,p15801,1,6
0,p15802,1,22
0,p15803,1,79
0,p15804,1,37
0,p15805,1,14
0,p15806,1,99
0,p15807,1,34
0,p15808,1,77
0,p15809,1,50
0,p15810,1,16
0,p15811,1,8
0,p15812,1,27
0,p15813,1,97
0,p15814,1,6
0,p15815,1,4
0,p15816,1,56
0,p15817,1,68
0,p15818,1,42
0,p15819,1,90
0,p15820,1,18
0,p15821,1,32
0,p15822,1,6
0,p15823,1,43
0,p15824,1,78
0,p15825,1,5
0,p15826,1,14
0,p15827,1,83
0,p15828,1,22
0,p15829,1,3
0,p15830,1,89
0,p15831,1,25
0,p15832,1,44
0,p15833,1,78
0,p15834,1,23
0,p15835,1,4
0,p15836,1,44
0,p15837,1,48
0,p15838,1,7
0,p15839,1,32
0,p15840,1,28
0,p15841,1,91
0,p15842,1,11
0,p15843,1,74
0,p15844,1,54
0,p15845,1,33
0,p15846,1,93
0,p15847,1,100
0,p15848,1,37
0,p15849,1,5
0,p15850,1,2
0,p15851,1,46
0,p15852,1,47
0,p15853,1,52
0,p15854,1,99
0,p15855,1,64
0,p15856,1,35
0,p15857,1,28
0,p15858,1,46
0,p15859,1,95
0,p15860,1,45
0,p15861,1,14
0,p15862,1,83
0,p15863,1,21
0,p15864,1,76
0,p15865,1,65
0,p15866,1,72
0,p15867,1,59
0,p15868,1,56
0,p15869,1,22
0,p15870,1,78
0,p15871,1,2
0,p15872,1,31
0,p15873,1,3
0,p15874,1,24
0,p15875,1,77
0,p15876,1,52
0,p15877,1,73
0,p15878,1,61
0,p15879,1,68
0,p15880,1,36
0,p15881,1,67
0,p15882,1,29
0,p15883,1,44
0,p15884,1,100
0,p15885,1,73
0,p15886,1,91
0,p15887,1,81
0,p15888,1,88
0,p15889,1,74
0,p15890,1,34
0,p15891,1,45
0,p15892,1,45
0,p15893,1,92
0,p15894,1,94
0,p15895,1,77
0,p15896,1,29
0,p15897,1,91
0,p15898,1,22
0,p15899,1,10
0,p15900,1,62
0,p15901,1,46
0,p15902,1,58
0,p15903,1,2
0,p15904,1,41
0,p15905,1,5
0,p15906,1,82
0,p15907,1,37
0,p15908,1,20
0,p15909,1,92
0,p15910,1,37
0,p15911,1,95
0,p15912,1,11
0,p15913,1,67
0,p15914,1,38
0,p15915,1,5
0,p15916,1,45
0,p15917,1,28
0,p15918,1,45
0,p15919,1,30
0,p15920,1,77
0,p15921,1,83
0,p15922,1,2
0,p15923,1,33
0,p15924,1,2
0,p15925,1,11
0,p15926,1,43
0,p15927,1,9
0,p15928,1,24
0,p15929,1,88
0,p15930,1,37
0,p15931,1,95
0,p15932,1,69
0,p15933,1,60
0,p15934,1,9
0,p15935,1,69
0,p15936,1,74
0,p15937,1,24
0,p15938,1,75
0,p15939,1,13
0,p15940,1,60
0,p15941,1,19
0,p15942,1,6
0,p15943,1,63
0,p15944,1,40
0,p15945,1,20
0,p15946,1,42
0,p15947,1,7
0,p15948,1,20
0,p15949,1,61
0,p15950,1,86
0,p15951,1,27
0,p15952,1,94
0,p15953,1,43
0,p15954,1,98
0,p15955,1,25
0,p15956,1,23
0,p15957,1,87
0,p15958,1,80
0,p15959,1,56
0,p15960,1,55
0,p15961,1,54
0,p15962,1,4
0,p15963,1,16
0,p15964,1,100
0,p15965,1,75
0,p15966,1,86
0,p15967,1,27
0,p15968,1,88
0,p15969,1,19
0,p15970,1,82
0,p15971,1,91
0,p15972,1,54
0,p15973,1,8
0,p15974,1,59
0,p15975,1,40
0,p15976,1,73
0,p15977,1,57
0,p15978,1,100
0,p15979,1,83
0,p15980,1,72
0,p15981,1,80
0,p15982,1,86
0,p15983,1,27
0,p15984,1,29
0,p15985,1,56
0,p15986,1,14
0,p15987,1,33
0,p15988,1,94
0,p15989,1,41
0,p15990,1,8
0,p15991,1,62
0,p15992,1,56
0,p15993,1,64
0,p15994,1,32
0,p15995,1,40
0,p15996,1,41
0,p15997,1,16
0,p15998,1,30
0,p15999,1,39
0,p16000,1,47
0,p16001,1,98
0,p16002,1,47
0,p16003,1,32
0,p16004,1,47
0,p16005,1,40
0,p16006,1,6
0,p16007,1,16
0,p16008,1,49
0,p16009,1,62
0,p16010,1,7
0,p16011,1,49
0,p16012,1,49
0,p16013,1,30
0,p16014,1,59
0,p16015,1,25
0,p16016,1,51
0,p16017,1,95
0,p16018,1,10
0,p16019,1,7
0,p16020,1,56
0,p16021,1,73
0,p16022,1,34
0,p16023,1,12
0,p16024,1,55
0,p16025,1,69
0,p16026,1,82
0,p16027,1,91
0,p16028,1,71
0,p16029,1,23
0,p16030,1,31
0,p16031,1,12
0,p16032,1,85
0,p16033,1,52
0,p16034,1,91
0,p16035,1,7
0,p16036,1,59
0,p16037,1,82
0,p16038,1,21
0,p16039,1,78
0,p16040,1,43
0,p16041,1,21
0,p16042,1,80
0,p16043,1,70
0,p16044,1,53
0,p16045,1,19
0,p16046,1,10
0,p16047,1,4
0,p16048,1,79
0,p16049,1,82
0,p16050,1,26
0,p16051,1,65
0,p16052,1,13
0,p16053,1,6
0,p16054,1,23
0,p16055,1,41
0,p16056,1,36
0,p16057,1,79
0,p16058,1,91
0,p16059,1,52
0,p16060,1,19
0,p16061,1,75
0,p16062,1,17
0,p16063,1,70
0,p16064,1,70
0,p16065,1,30
0,p16066,1,22
0,p16067,1,12
0,p16068,1,9
0,p16069,1,70
0,p16070,1,45
0,p16071,1,91
0,p16072,1,11
0,p16073,1,78
0,p16074,1,48
0,p16075,1,71
0,p16076,1,53
0,p16077,1,20
0,p16078,1,96
0,p16079,1,75
0,p16080,1,71
0,p16081,1,93
0,p16082,1,17
0,p16083,1,72
0,p16084,1,32
0,p16085,1,12
0,p16086,1,28
0,p16087,1,53
0,p16088,1,19
0,p16089,1,54
0,p16090,1,7
0,p16091,1,3
0,p16092,1,87
0,p16093,1,61
0,p16094,1,24
0,p16095,1,23
0,p16096,1,22
0,p16097,1,14
0,p16098,1,58
0,p16099,1,53
0,p16100,1,51
0,p16101,1,20
0,p16102,1,26
0,p16103,1,32
0,p16104,1,35
0,p16105,1,37
0,p16106,1,82
0,p16107,1,31
0,p16108,1,23
0,p16109,1,40
0,p16110,1,60
0,p16111,1,100
0,p16112,1,61
0,p16113,1,82
0,p16114,1,27
0,p16115,1,95
0,p16116,1,51
0,p16117,1,99
0,p16118,1,12
0,p16119,1,43
0,p16120,1,64
0,p16121,1,98
0,p16122,1,11
0,p16123,1,30
0,p16124,1,83
0,p16125,1,76
0,p16126,1,52
0,p16127,1,58
0,p16128,1,66
0,p16129,1,35
0,p16130,1,59
0,p16131,1,37
0,p16132,1,80
0,p16133,1,46
0,p16134,1,89
0,p16135,1,100
0,p16136,1,2
0,p16137,1,83
0,p16138,1,3
0,p16139,1,76
0,p16140,1,22
0,p16141,1,40
0,p16142,1,26
0,p16143,1,45
0,p16144,1,30
0,p16145,1,74
0,p16146,1,18
0,p16147,1,46
0,p16148,1,2
0,p16149,1,86
0,p16150,1,85
0,p16151,1,23
0,p16152,1,9
0,p16153,1,76
0,p16154,1,90
0,p16155,1,44
0,p16156,1,28
0,p16157,1,53
0,p16158,1,80
0,p16159,1,5
0,p16160,1,65
0,p16161,1,54
0,p16162,1,87
0,p16163,1,9
0,p16164,1,84
0,p16165,1,48
0,p16166,1,68
0,p16167,1,82
0,p16168,1,12
0,p16169,1,39
0,p16170,1,91
0,p16171,1,84
0,p16172,1,51
0,p16173,1,53
0,p16174,1,3
0,p16175,1,64
0,p16176,1,99
0,p16177,1,41
0,p16178,1,30
0,p16179,1,42
0,p16180,1,13
0,p16181,1,4
0,p16182,1,31
0,p16183,1,51
0,p16184,1,95
0,p16185,1,83
0,p16186,1,29
0,p16187,1,56
0,p16188,1,63
0,p16189,1,48
0,p16190,1,76
0,p16191,1,41
0,p16192,1,97
0,p16193,1,40
0,p16194,1,39
0,p16195,1,24
0,p16196,1,13
0,p16197,1,92
0,p16198,1,58
0,p16199,1,20
0,p16200,1,88
0,p16201,1,66
0,p16202,1,4
0,p16203,1,14
0,p16204,1,49
0,p16205,1,87
0,p16206,1,30
0,p16207,1,14
0,p16208,1,16
0,p16209,1,25
0,p16210,1,88
0,p16211,1,28
0,p16212,1,14
0,p16213,1,100
0,p16214,1,44
0,p16215,1,80
0,p16216,1,16
0,p16217,1,26
0,p16218,1,26
0,p16219,1,50
0,p16220,1,54
0,p16221,1,68
0,p16222,1,8
0,p16223,1,24
0,p16224,1,40
0,p16225,1,84
0,p16226,1,4
0,p16227,1,56
0,p16228,1,41
0,p16229,1,51
0,p16230,1,56
0,p16231,1,42
0,p16232,1,29
0,p16233,1,9
0,p16234,1,34
0,p16235,1,75
0,p16236,1,96
0,p16237,1,24
0,p16238,1,90
0,p16239,1,78
0,p16240,1,56
0,p16241,1,82
0,p16242,1,7
0,p16243,1,54
0,p16244,1,9
0,p16245,1,24
0,p16246,1,40
0,p16247,1,95
0,p16248,1,41
0,p16249,1,93
0,p16250,1,28
0,p16251,1,10
0,p16252,1,47
0,p16253,1,21
0,p16254,1,89
0,p16255,1,54
0,p16256,1,49
0,p16257,1,99
0,p16258,1,36
0,p16259,1,28
0,p16260,1,17
0,p16261,1,31
0,p16262,1,45
0,p16263,1,60
0,p16264,1,69
0,p16265,1,90
0,p16266,1,28
0,p16267,1,87
0,p16268,1,47
0,p16269,1,82
0,p16270,1,82
0,p16271,1,25
0,p16272,1,26
0,p16273,1,41
0,p16274,1,34
0,p16275,1,88
0,p16276,1,69
0,p16277,1,93
0,p16278,1,74
0,p16279,1,66
0,p16280,1,91
0,p16281,1,27
0,p16282,1,10
0,p16283,1,51
0,p16284,1,26
0,p16285,1,35
0,p16286,1,70
0,p16287,1,76
0,p16288,1,13
0,p16289,1,58
0,p16290,1,61
0,p16291,1,33
0,p16292,1,38
0,p16293,1,14
0,p16294,1,88
0,p16295,1,39
0,p16296,1,26
0,p16297,1,5
0,p16298,1,34
0,p16299,1,69
0,p16300,1,16
0,p16301,1,36
0,p16302,1,97
0,p16303,1,22
0,p16304,1,53
0,p16305,1,52
0,p16306,1,61
0,p16307,1,89
0,p16308,1,82
0,p16309,1,19
0,p16310,1,40
0,p16311,1,18
0,p16312,1,74
0,p16313,1,37
0,p16314,1,89
0,p16315,1,70
0,p16316,1,97
0,p16317,1,4
0,p16318,1,25
0,p16319,1,94
0,p16320,1,74
0,p16321,1,13
0,p16322,1,25
0,p16323,1,37
0,p16324,1,70
0,p16325,1,62
0,p16326,1,52
0,p16327,1,44
0,p16328,1,31
0,p16329,1,78
0,p16330,1,56
0,p16331,1,100
0,p16332,1,86
0,p16333,1,2
0,p16334,1,87
0,p16335,1,86
0,p16336,1,11
0,p16337,1,90
0,p16338,1,58
0,p16339,1,61
0,p16340,1,86
0,p16341,1,2
0,p16342,1,2
0,p16343,1,76
0,p16344,1,70
0,p16345,1,83
0,p16346,1,90
0,p16347,1,82
0,p16348,1,81
0,p16349,1,10
0,p16350,1,82
0,p16351,1,50
0,p16352,1,74
0,p16353,1,82
0,p16354,1,63
0,p16355,1,31
0,p16356,1,70
0,p16357,1,90
0,p16358,1,61
0,p16359,1,56
0,p16360,1,74
0,p16361,1,4
0,p16362,1,74
0,p16363,1,14
0,p16364,1,18
0,p16365,1,16
0,p16366,1,53
0,p16367,1,30
0,p16368,1,72
0,p16369,1,72
0,p16370,1,67
0,p16371,1,59
0,p16372,1,6
0,p16373,1,28
0,p16374,1,58
0,p16375,1,70
0,p16376,1,56
0,p16377,1,76
0,p16378,1,78
0,p16379,1,23
0,p16380,1,9
0,p16381,1,59
0,p16382,1,52
0,p16383,1,14
0,p16384,1,84
0,p16385,1,95
0,p16386,1,46
0,p16387,1,59
0,p16388,1,12
0,p16389,1,70
0,p16390,1,87
0,p16391,1,41
0,p16392,1,13
0,p16393,1,46
0,p16394,1,95
0,p16395,1,71
0,p16396,1,5
0,p16397,1,38
0,p16398,1,67
0,p16399,1,38
0,p16400,1,86
0,p16401,1,89
0,p16402,1,21
0,p16403,1,22
0,p16404,1,73
0,p16405,1,49
0,p16406,1,21
0,p16407,1,72
0,p16408,1,6
0,p16409,1,80
0,p16410,1,38
0,p16411,1,100
0,p16412,1,98
0,p16413,1,8
0,p16414,1,51
0,p16415,1,45
0,p16416,1,22
0,p16417,1,86
0,p16418,1,61
0,p16419,1,45
0,p16420,1,48
0,p16421,1,41
0,p16422,1,8
0,p16423,1,31
0,p16424,1,12
0,p16425,1,72
0,p16426,1,21
0,p16427,1,12
0,p16428,1,65
0,p16429,1,29
0,p16430,1,97
0,p16431,1,56
0,p16432,1,80
0,p16433,1,78
0,p16434,1,95
0,p16435,1,80
0,p16436,1,42
0,p16437,1,55
0,p16438,1,33
0,p16439,1,15
0,p16440,1,10
0,p16441,1,37
0,p16442,1,47
0,p16443,1,35
0,p16444,1,16
0,p16445,1,98
0,p16446,1,53
0,p16447,1,13
0,p16448,1,52
0,p16449,1,88
0,p16450,1,34
0,p16451,1,59
0,p16452,1,85
0,p16453,1,4
0,p16454,1,69
0,p16455,1,74
0,p16456,1,48
0,p16457,1,95
0,p16458,1,17
0,p16459,1,6
0,p16460,1,22
0,p16461,1,55
0,p16462,1,48
0,p16463,1,64
0,p16464,1,47
0,p16465,1,40
0,p16466,1,7
0,p16467,1,50
0,p16468,1,59
0,p16469,1,76
0,p16470,1,18
0,p16471,1,38
0,p16472,1,47
0,p16473,1,98
0,p16474,1,61
0,p16475,1,65
0,p16476,1,42
0,p16477,1,89
0,p16478,1,85
0,p16479,1,34
0,p16480,1,12
0,p16481,1,59
0,p16482,1,21
0,p16483,1,76
0,p16484,1,81
0,p16485,1,24
0,p16486,1,63
0,p16487,1,23
0,p16488,1,6
0,p16489,1,12
0,p16490,1,52
0,p16491,1,35
0,p16492,1,55
0,p16493,1,29
0,p16494,1,47
0,p16495,1,22
0,p16496,1,58
0,p16497,1,5
0,p16498,1,29
0,p16499,1,52
0,p16500,1,43
0,p16501,1,38
0,p16502,1,43
0,p16503,1,25
0,p16504,1,97
0,p16505,1,70
0,p16506,1,5
0,p16507,1,29
0,p16508,1,98
0,p16509,1,7
0,p16510,1,56
0,p16511,1,69
0,p16512,1,59
0,p16513,1,94
0,p16514,1,17
0,p16515,1,90
0,p16516,1,53
0,p16517,1,100
0,p16518,1,75
0,p16519,1,76
0,p16520,1,8
0,p16521,1,60
0,p16522,1,24
0,p16523,1,45
0,p16524,1,78
0,p16525,1,91
0,p16526,1,95
0,p16527,1,31
0,p16528,1,67
0,p16529,1,90
0,p16530,1,4
0,p16531,1,88
0,p16532,1,31
0,p16533,1,24
0,p16534,1,74
0,p16535,1,96
0,p16536,1,90
0,p16537,1,19
0,p16538,1,78
0,p16539,1,2
0,p16540,1,69
0,p16541,1,27
0,p16542,1,16
0,p16543,1,55
0,p16544,1,95
0,p16545,1,60
0,p16546,1,83
0,p16547,1,58
0,p16548,1,12
0,p16549,1,63
0,p16550,1,20
0,p16551,1,7
0,p16552,1,9
0,p16553,1,53
0,p16554,1,3
0,p16555,1,82
0,p16556,1,49
0,p16557,1,53
0,p16558,1,56
0,p16559,1,13
0,p16560,1,60
0,p16561,1,60
0,p16562,1,19
0,p16563,1,11
0,p16564,1,23
0,p16565,1,77
0,p16566,1,13
0,p16567,1,26
0,p16568,1,25
0,p16569,1,50
0,p16570,1,54
0,p16571,1,71
0,p16572,1,55
0,p16573,1,66
0,p16574,1,10
0,p16575,1,39
0,p16576,1,90
0,p16577,1,41
0,p16578,1,12
0,p16579,1,66
0,p16580,1,73
0,p16581,1,41
0,p16582,1,72
0,p16583,1,8
0,p16584,1,76
0,p16585,1,38
0,p16586,1,40
0,p16587,1,28
0,p16588,1,89
0,p16589,1,2
0,p16590,1,100
0,p16591,1,12
0,p16592,1,54
0,p16593,1,91
0,p16594,1,76
0,p16595,1,29
0,p16596,1,45
0,p16597,1,87
0,p16598,1,56
0,p16599,1,37
0,p16600,1,97
0,p16601,1,25
0,p16602,1,11
0,p16603,1,85
0,p16604,1,21
0,p16605,1,49
0,p16606,1,23
0,p16607,1,32
0,p16608,1,68
0,p16609,1,26
0,p16610,1,28
0,p16611,1,23
0,p16612,1,60
0,p16613,1,60
0,p16614,1,49
0,p16615,1,82
0,p16616,1,92
0,p16617,1,13
0,p16618,1,70
0,p16619,1,4
0,p16620,1,35
0,p16621,1,17
0,p16622,1,64
0,p16623,1,100
0,p16624,1,47
0,p16625,1,39
0,p16626,1,21
0,p16627,1,67
0,p16628,1,44
0,p16629,1,88
0,p16630,1,30
0,p16631,1,55
0,p16632,1,48
0,p16633,1,4
0,p16634,1,64
0,p16635,1,7
0,p16636,1,19
0,p16637,1,14
0,p16638,1,22
0,p16639,1,74
0,p16640,1,47
0,p16641,1,47
0,p16642,1,13
0,p16643,1,29
0,p16644,1,78
0,p16645,1,26
0,p16646,1,21
0,p16647,1,93
0,p16648,1,54
0,p16649,1,9
0,p16650,1,35
0,p16651,1,43
0,p16652,1,32
0,p16653,1,9
0,p16654,1,54
0,p16655,1,47
0,p16656,1,31
0,p16657,1,75
0,p16658,1,50
0,p16659,1,28
0,p16660,1,44
0,p16661,1,36
0,p16662,1,27
0,p16663,1,79
0,p16664,1,3
0,p16665,1,59
0,p16666,1,68
0,p16667,1,42
0,p16668,1,77
0,p16669,1,6
0,p16670,1,77
0,p16671,1,42
0,p16672,1,15
0,p16673,1,30
0,p16674,1,4
0,p16675,1,72
0,p16676,1,16
0,p16677,1,64
0,p16678,1,94
0,p16679,1,10
0,p16680,1,80
0,p16681,1,5
0,p16682,1,37
0,p16683,1,89
0,p16684,1,56
0,p16685,1,74
0,p16686,1,39
0,p16687,1,87
0,p16688,1,63
0,p16689,1,52
0,p16690,1,67
0,p16691,1,50
0,p16692,1,71
0,p16693,1,15
0,p16694,1,82
0,p16695,1,55
0,p16696,1,78
0,p16697,1,67
0,p16698,1,19
0,p16699,1,56
0,p16700,1,37
0,p16701,1,10
0,p16702,1,22
0,p16703,1,91
0,p16704,1,54
0,p16705,1,56
0,p16706,1,58
0,p16707,1,14
0,p16708,1,12
0,p16709,1,17
0,p16710,1,55
0,p16711,1,21
0,p16712,1,46
0,p16713,1,73
0,p16714,1,15
0,p16715,1,20
0,p16716,1,46
0,p16717,1,9
0,p16718,1,33
0,p16719,1,99
0,p16720,1,9
0,p16721,1,57
0,p16722,1,7
0,p16723,1,11
0,p16724,1,87
0,p16725,1,73
0,p16726,1,92
0,p16727,1,96
0,p16728,1,7
0,p16729,1,80
0,p16730,1,74
0,p16731,1,25
0,p16732,1,39
0,p16733,1,94
0,p16734,1,74
0,p16735,1,58
0,p16736,1,94
0,p16737,1,98
0,p16738,1,3
0,p16739,1,78
0,p16740,1,59
0,p16741,1,66
0,p16742,1,62
0,p16743,1,11
0,p16744,1,61
0,p16745,1,90
0,p16746,1,27
0,p16747,1,14
0,p16748,1,95
0,p16749,1,49
0,p16750,1,57
0,p16751,1,40
0,p16752,1,97
0,p16753,1,38
0,p16754,1,65
0,p16755,1,16
0,p16756,1,59
0,p16757,1,83
0,p16758,1,66
0,p16759,1,12
0,p16760,1,96
0,p16761,1,85
0,p16762,1,77
0,p16763,1,100
0,p16764,1,98
0,p16765,1,100
0,p16766,1,96
0,p16767,1,70
0,p16768,1,60
0,p16769,1,57
0,p16770,1,5
0,p16771,1,36
0,p16772,1,93
0,p16773,1,22
0,p16774,1,14
0,p16775,1,79
0,p16776,1,43
0,p16777,1,99
0,p16778,1,15
0,p16779,1,60
0,p16780,1,78
0,p16781,1,85
0,p16782,1,43
0,p16783,1,59
0,p16784,1,36
0,p16785,1,35
0,p16786,1,55
0,p16787,1,94
0,p16788,1,84
0,p16789,1,26
0,p16790,1,94
0,p16791,1,6
0,p16792,1,78
0,p16793,1,70
0,p16794,1,75
0,p16795,1,39
0,p16796,1,89
0,p16797,1,94
0,p16798,1,79
0,p16799,1,47
0,p16800,1,73
0,p16801,1,52
0,p16802,1,34
0,p16803,1,82
0,p16804,1,26
0,p16805,1,81
0,p16806,1,12
0,p16807,1,8
0,p16808,1,30
0,p16809,1,80
0,p16810,1,74
0,p16811,1,5
0,p16812,1,24
0,p16813,1,45
0,p16814,1,57
0,p16815,1,36
0,p16816,1,92
0,p16817,1,22
0,p16818,1,64
0,p16819,1,76
0,p16820,1,71
0,p16821,1,38
0,p16822,1,18
0,p16823,1,90
0,p16824,1,84
0,p16825,1,48
0,p16826,1,40
0,p16827,1,8
0,p16828,1,27
0,p16829,1,6
0,p16830,1,61
0,p16831,1,32
0,p16832,1,4
0,p16833,1,9
0,p16834,1,76
0,p16835,1,79
0,p16836,1,78
0,p16837,1,87
0,p16838,1,23
0,p16839,1,47
0,p16840,1,7
0,p16841,1,36
0,p16842,1,76
0,p16843,1,8
0,p16844,1,25
0,p16845,1,46
0,p16846,1,66
0,p16847,1,52
0,p16848,1,10
0,p16849,1,31
0,p16850,1,78
0,p16851,1,17
0,p16852,1,94
0,p16853,1,42
0,p16854,1,42
0,p16855,1,100
0,p16856,1,12
0,p16857,1,20
0,p16858,1,61
0,p16859,1,89
0,p16860,1,33
0,p16861,1,7
0,p16862,1,28
0,p16863,1,32
0,p16864,1,5
0,p16865,1,100
0,p16866,1,31
0,p16867,1,51
0,p16868,1,66
0,p16869,1,99
0,p16870,1,54
0,p16871,1,72
0,p16872,1,90
0,p16873,1,77
0,p16874,1,70
0,p16875,1,3
0,p16876,1,58
0,p16877,1,27
0,p16878,1,14
0,p16879,1,77
0,p16880,1,80
0,p16881,1,64
0,p16882,1,92
0,p16883,1,73
0,p16884,1,78
0,p16885,1,86
0,p16886,1,13
0,p16887,1,32
0,p16888,1,84
0,p16889,1,96
0,p16890,1,95
0,p16891,1,70
0,p16892,1,36
0,p16893,1,27
0,p16894,1,13
0,p16895,1,92
0,p16896,1,15
0,p16897,1,42
0,p16898,1,88
0,p16899,1,19
0,p16900,1,81
0,p16901,1,100
0,p16902,1,15
0,p16903,1,65
0,p16904,1,80
0,p16905,1,20
0,p16906,1,75
0,p16907,1,51
0,p16908,1,54
0,p16909,1,98
0,p16910,1,15
0,p16911,1,99
0,p16912,1,13
0,p16913,1,46
0,p16914,1,83
0,p16915,1,48
0,p16916,1,27
0,p16917,1,73
0,p16918,1,24
0,p16919,1,14
0,p16920,1,77
0,p16921,1,46
0,p16922,1,25
0,p16923,1,67
0,p16924,1,84
0,p16925,1,97
0,p16926,1,90
0,p16927,1,9
0,p16928,1,95
0,p16929,1,53
0,p16930,1,93
0,p16931,1,18
0,p16932,1,67
0,p16933,1,33
0,p16934,1,73
0,p16935,1,52
0,p16936,1,6
0,p16937,1,59
0,p16938,1,36
0,p16939,1,83
0,p16940,1,21
0,p16941,1,26
0,p16942,1,62
0,p16943,1,44
0,p16944,1,75
0,p16945,1,32
0,p16946,1,90
0,p16947,1,34
0,p16948,1,40
0,p16949,1,10
0,p16950,1,33
0,p16951,1,53
0,p16952,1,66
0,p16953,1,88
0,p16954,1,88
0,p16955,1,19
0,p16956,1,26
0,p16957,1,57
0,p16958,1,43
0,p16959,1,99
0,p16960,1,47
0,p16961,1,12
0,p16962,1,61
0,p16963,1,76
0,p16964,1,13
0,p16965,1,22
0,p16966,1,72
0,p16967,1,100
0,p16968,1,44
0,p16969,1,69
0,p16970,1,56
0,p16971,1,46
0,p16972,1,64
0,p16973,1,94
0,p16974,1,35
0,p16975,1,32
0,p16976,1,79
0,p16977,1,44
0,p16978,1,31
0,p16979,1,38
0,p16980,1,90
0,p16981,1,64
0,p16982,1,88
0,p16983,1,66
0,p16984,1,59
0,p16985,1,57
0,p16986,1,54
0,p16987,1,87
0,p16988,1,100
0,p16989,1,8
0,p16990,1,60
0,p16991,1,76
0,p16992,1,32
0,p16993,1,50
0,p16994,1,48
0,p16995,1,17
0,p16996,1,36
0,p16997,1,4
0,p16998,1,36
0,p16999,1,73
0,p17000,1,51
0,p17001,1,28
0,p17002,1,47
0,p17003,1,87
0,p17004,1,99
0,p17005,1,18
0,p17006,1,10
0,p17007,1,98
0,p17008,1,7
0,p17009,1,15
0,p17010,1,68
0,p17011,1,39
0,p17012,1,12
0,p17013,1,90
0,p17014,1,94
0,p17015,1,19
0,p17016,1,86
0,p17017,1,4
0,p17018,1,98
0,p17019,1,76
0,p17020,1,87
0,p17021,1,50
0,p17022,1,55
0,p17023,1,64
0,p17024,1,24
0,p17025,1,16
0,p17026,1,93
0,p17027,1,98
0,p17028,1,49
0,p17029,1,76
0,p17030,1,5
0,p17031,1,38
0,p17032,1,40
0,p17033,1,80
0,p17034,1,86
0,p17035,1,73
0,p17036,1,75
0,p17037,1,9
0,p17038,1,98
0,p17039,1,64
0,p17040,1,91
0,p17041,1,88
0,p17042,1,79
0,p17043,1,72
0,p17044,1,80
0,p17045,1,87
0,p17046,1,7
0,p17047,1,93
0,p17048,1,9
0,p17049,1,48
0,p17050,1,46
0,p17051,1,85
0,p17052,1,3
0,p17053,1,9
0,p17054,1,17
0,p17055,1,97
0,p17056,1,85
0,p17057,1,33
0,p17058,1,16
0,p17059,1,90
0,p17060,1,4
0,p17061,1,85
0,p17062,1,28
0,p17063,1,79
0,p17064,1,29
0,p17065,1,98
0,p17066,1,45
0,p17067,1,88
0,p17068,1,84
0,p17069,1,49
0,p17070,1,30
0,p17071,1,23
0,p17072,1,62
0,p17073,1,35
0,p17074,1,99
0,p17075,1,39
0,p17076,1,14
0,p17077,1,49
0,p17078,1,15
0,p17079,1,34
0,p17080,1,82
0,p17081,1,94
0,p17082,1,36
0,p17083,1,84
0,p17084,1,32
0,p17085,1,28
0,p17086,1,41
0,p17087,1,74
0,p17088,1,93
0,p17089,1,56
0,p17090,1,58
0,p17091,1,40
0,p17092,1,94
0,p17093,1,46
0,p17094,1,51
0,p17095,1,84
0,p17096,1,47
0,p17097,1,82
0,p17098,1,80
0,p17099,1,4
0,p17100,1,28
0,p17101,1,58
0,p17102,1,65
0,p17103,1,97
0,p17104,1,5
0,p17105,1,68
0,p17106,1,20
0,p17107,1,9
0,p17108,1,90
0,p17109,1,34
0,p17110,1,43
0,p17111,1,54
0,p17112,1,48
0,p17113,1,77
0,p17114,1,59
0,p17115,1,77
0,p17116,1,45
0,p17117,1,6
0,p17118,1,67
0,p17119,1,81
0,p17120,1,35
0,p17121,1,66
0,p17122,1,2
0,p17123,1,26
0,p17124,1,5
0,p17125,1,66
0,p17126,1,28
0,p17127,1,7
0,p17128,1,77
0,p17129,1,70
0,p17130,1,47
0,p17131,1,21
0,p17132,1,74
0,p17133,1,52
0,p17134,1,40
0,p17135,1,49
0,p17136,1,97
0,p17137,1,47
0,p17138,1,2
0,p17139,1,34
0,p17140,1,43
0,p17141,1,75
0,p17142,1,60
0,p17143,1,82
0,p17144,1,16
0,p17145,1,87
0,p17146,1,14
0,p17147,1,100
0,p17148,1,40
0,p17149,1,65
0,p17150,1,84
0,p17151,1,59
0,p17152,1,58
0,p17153,1,93
0,p17154,1,43
0,p17155,1,13
0,p17156,1,6
0,p17157,1,98
0,p17158,1,38
0,p17159,1,76
0,p17160,1,84
0,p17161,1,54
0,p17162,1,78
0,p17163,1,77
0,p17164,1,35
0,p17165,1,100
0,p17166,1,57
0,p17167,1,67
0,p17168,1,80
0,p17169,1,11
0,p17170,1,83
0,p17171,1,97
0,p17172,1,58
0,p17173,1,4
0,p17174,1,18
0,p17175,1,17
0,p17176,1,66
0,p17177,1,52
0,p17178,1,58
0,p17179,1,27
0,p17180,1,40
0,p17181,1,61
0,p17182,1,59
0,p17183,1,26
0,p17184,1,95
0,p17185,1,69
0,p17186,1,76
0,p17187,1,13
0,p17188,1,77
0,p17189,1,19
0,p17190,1,57
0,p17191,1,86
0,p17192,1,52
0,p17193,1,76
0,p17194,1,11
0,p17195,1,70
0,p17196,1,6
0,p17197,1,81
0,p17198,1,21
0,p17199,1,47
0,p17200,1,21
0,p17201,1,10
0,p17202,1,67
0,p17203,1,99
0,p17204,1,76
0,p17205,1,41
0,p17206,1,98
0,p17207,1,30
0,p17208,1,96
0,p17209,1,67
0,p17210,1,96
0,p17211,1,48
0,p17212,1,21
0,p17213,1,42
0,p17214,1,49
0,p17215,1,97
0,p17216,1,25
0,p17217,1,47
0,p17218,1,70
0,p17219,1,45
0,p17220,1,86
0,p17221,1,65
0,p17222,1,84
0,p17223,1,11
0,p17224,1,85
0,p17225,1,48
0,p17226,1,85
0,p17227,1,97
0,p17228,1,98
0,p17229,1,84
0,p17230,1,39
0,p17231,1,38
0,p17232,1,40
0,p17233,1,36
0,p17234,1,89
0,p17235,1,8
0,p17236,1,36
0,p17237,1,69
0,p17238,1,90
0,p17239,1,44
0,p17240,1,32
0,p17241,1,27
0,p17242,1,20
0,p17243,1,85
0,p17244,1,32
0,p17245,1,13
0,p17246,1,43
0,p17247,1,88
0,p17248,1,37
0,p17249,1,9
0,p17250,1,32
0,p17251,1,85
0,p17252,1,62
0,p17253,1,79
0,p17254,1,81
0,p17255,1,80
0,p17256,1,12
0,p17257,1,15
0,p17258,1,65
0,p17259,1,22
0,p17260,1,83
0,p17261,1,54
0,p17262,1,11
0,p17263,1,98
0,p17264,1,17
0,p17265,1,84
0,p17266,1,51
0,p17267,1,77
0,p17268,1,23
0,p17269,1,32
0,p17270,1,12
0,p17271,1,12
0,p17272,1,91
0,p17273,1,42
0,p17274,1,36
0,p17275,1,96
0,p17276,1,98
0,p17277,1,74
0,p17278,1,64
0,p17279,1,20
0,p17280,1,4
0,p17281,1,35
0,p17282,1,65
0,p17283,1,27
0,p17284,1,18
0,p17285,1,33
0,p17286,1,44
0,p17287,1,17
0,p17288,1,90
0,p17289,1,73
0,p17290,1,86
0,p17291,1,23
0,p17292,1,2
0,p17293,1,80
0,p17294,1,75
0,p17295,1,96
0,p17296,1,25
0,p17297,1,70
0,p17298,1,2
0,p17299,1,13
0,p17300,1,35
0,p17301,1,95
0,p17302,1,33
0,p17303,1,68
0,p17304,1,49
0,p17305,1,51
0,p17306,1,53
0,p17307,1,59
0,p17308,1,42
0,p17309,1,62
0,p17310,1,32
0,p17311,1,48
0,p17312,1,13
0,p17313,1,5
0,p17314,1,34
0,p17315,1,4
0,p17316,1,46
0,p17317,1,90
0,p17318,1,60
0,p17319,1,62
0,p17320,1,13
0,p17321,1,74
0,p17322,1,6
0,p17323,1,96
0,p17324,1,83
0,p17325,1,100
0,p17326,1,51
0,p17327,1,84
0,p17328,1,35
0,p17329,1,97
0,p17330,1,54
0,p17331,1,61
0,p17332,1,100
0,p17333,1,52
0,p17334,1,31
0,p17335,1,52
0,p17336,1,60
0,p17337,1,95
0,p17338,1,19
0,p17339,1,55
0,p17340,1,18
0,p17341,1,100
0,p17342,1,46
0,p17343,1,4
0,p17344,1,24
0,p17345,1,84
0,p17346,1,75
0,p17347,1,61
0,p17348,1,63
0,p17349,1,61
0,p17350,1,28
0,p17351,1,2
0,p17352,1,96
0,p17353,1,63
0,p17354,1,22
0,p17355,1,9
0,p17356,1,80
0,p17357,1,6
0,p17358,1,29
0,p17359,1,91
0,p17360,1,26
0,p17361,1,11
0,p17362,1,88
0,p17363,1,87
0,p17364,1,73
0,p17365,1,15
0,p17366,1,96
0,p17367,1,27
0,p17368,1,48
0,p17369,1,26
0,p17370,1,30
0,p17371,1,94
0,p17372,1,18
0,p17373,1,34
0,p17374,1,98
0,p17375,1,86
0,p17376,1,8
0,p17377,1,22
0,p17378,1,50
0,p17379,1,18
0,p17380,1,61
0,p17381,1,66
0,p17382,1,88
0,p17383,1,94
0,p17384,1,72
0,p17385,1,78
0,p17386,1,22
0,p17387,1,74
0,p17388,1,78
0,p17389,1,57
0,p17390,1,60
0,p17391,1,45
0,p17392,1,44
0,p17393,1,97
0,p17394,1,98
0,p17395,1,92
0,p17396,1,70
0,p17397,1,63
0,p17398,1,4
0,p17399,1,65
0,p17400,1,27
0,p17401,1,12
0,p17402,1,3
0,p17403,1,79
0,p17404,1,30
0,p17405,1,54
0,p17406,1,43
0,p17407,1,32
0,p17408,1,5
0,p17409,1,17
0,p17410,1,89
0,p17411,1,7
0,p17412,1,5
0,p17413,1,17
0,p17414,1,45
0,p17415,1,67
0,p17416,1,11
0,p17417,1,97
0,p17418,1,55
0,p17419,1,49
0,p17420,1,9
0,p17421,1,90
0,p17422,1,53
0,p17423,1,99
0,p17424,1,26
0,p17425,1,19
0,p17426,1,5
0,p17427,1,55
0,p17428,1,15
0,p17429,1,78
0,p17430,1,65
0,p17431,1,20
0,p17432,1,53
0,p17433,1,4
0,p17434,1,96
0,p17435,1,37
0,p17436,1,84
0,p17437,1,32
0,p17438,1,45
0,p17439,1,27
0,p17440,1,96
0,p17441,1,47
0,p17442,1,15
0,p17443,1,99
0,p17444,1,94
0,p17445,1,6
0,p17446,1,27
0,p17447,1,73
0,p17448,1,32
0,p17449,1,57
0,p17450,1,72
0,p17451,1,49
0,p17452,1,57
0,p17453,1,65
0,p17454,1,69
0,p17455,1,4
0,p17456,1,62
0,p17457,1,5
0,p17458,1,81
0,p17459,1,52
0,p17460,1,13
0,p17461,1,36
0,p17462,1,96
0,p17463,1,97
0,p17464,1,83
0,p17465,1,77
0,p17466,1,22
0,p17467,1,42
0,p17468,1,67
0,p17469,1,3
0,p17470,1,49
0,p17471,1,42
0,p17472,1,63
0,p17473,1,22
0,p17474,1,7
0,p17475,1,30
0,p17476,1,93
0,p17477,1,72
0,p17478,1,89
0,p17479,1,4
0,p17480,1,89
0,p17481,1,26
0,p17482,1,20
0,p17483,1,73
0,p17484,1,9
0,p17485,1,34
0,p17486,1,4
0,p17487,1,89
0,p17488,1,73
0,p17489,1,21
0,p17490,1,9
0,p17491,1,34
0,p17492,1,47
0,p17493,1,91
0,p17494,1,65
0,p17495,1,66
0,p17496,1,53
0,p17497,1,41
0,p17498,1,14
0,p17499,1,43
0,p17500,1,13
0,p17501,1,11
0,p17502,1,31
0,p17503,1,49
0,p17504,1,18
0,p17505,1,25
0,p17506,1,21
0,p17507,1,18
0,p17508,1,61
0,p17509,1,30
0,p17510,1,8
0,p17511,1,61
0,p17512,1,53
0,p17513,1,94
0,p17514,1,26
0,p17515,1,72
0,p17516,1,3
0,p17517,1,100
0,p17518,1,52
0,p17519,1,8
0,p17520,1,77
0,p17521,1,45
0,p17522,1,28
0,p17523,1,97
0,p17524,1,98
0,p17525,1,60
0,p17526,1,89
0,p17527,1,7
0,p17528,1,55
0,p17529,1,27
0,p17530,1,55
0,p17531,1,28
0,p17532,1,24
0,p17533,1,35
0,p17534,1,20
0,p17535,1,64
0,p17536,1,11
0,p17537,1,22
0,p17538,1,37
0,p17539,1,36
0,p17540,1,87
0,p17541,1,28
0,p17542,1,8
0,p17543,1,14
0,p17544,1,28
0,p17545,1,87
0,p17546,1,38
0,p17547,1,58
0,p17548,1,92
0,p17549,1,43
0,p17550,1,78
0,p17551,1,87
0,p17552,1,49
0,p17553,1,47
0,p17554,1,48
0,p17555,1,84
0,p17556,1,29
0,p17557,1,29
0,p17558,1,10
0,p17559,1,22
0,p17560,1,84
0,p17561,1,66
0,p17562,1,56
0,p17563,1,30
0,p17564,1,56
0,p17565,1,65
0,p17566,1,15
0,p17567,1,19
0,p17568,1,6
0,p17569,1,52
0,p17570,1,26
0,p17571,1,38
0,p17572,1,34
0,p17573,1,30
0,p17574,1,53
0,p17575,1,13
0,p17576,1,62
0,p17577,1,43
0,p17578,1,6
0,p17579,1,95
0,p17580,1,36
0,p17581,1,63
0,p17582,1,21
0,p17583,1,54
0,p17584,1,59
0,p17585,1,60
0,p17586,1,91
0,p17587,1,95
0,p17588,1,77
0,p17589,1,15
0,p17590,1,43
0,p17591,1,55
0,p17592,1,48
0,p17593,1,7
0,p17594,1,94
0,p17595,1,93
0,p17596,1,50
0,p17597,1,66
0,p17598,1,93
0,p17599,1,69
0,p17600,1,96
0,p17601,1,81
0,p17602,1,16
0,p17603,1,47
0,p17604,1,32
0,p17605,1,3
0,p17606,1,92
0,p17607,1,13
0,p17608,1,52
0,p17609,1,49
0,p17610,1,56
0,p17611,1,37
0,p17612,1,63
0,p17613,1,29
0,p17614,1,50
0,p17615,1,8
0,p17616,1,20
0,p17617,1,8
0,p17618,1,49
0,p17619,1,19
0,p17620,1,96
0,p17621,1,30
0,p17622,1,26
0,p17623,1,46
0,p17624,1,64
0,p17625,1,92
0,p17626,1,85
0,p17627,1,8
0,p17628,1,27
0,p17629,1,86
0,p17630,1,15
0,p17631,1,84
0,p17632,1,80
0,p17633,1,59
0,p17634,1,47
0,p17635,1,36
0,p17636,1,36
0,p17637,1,73
0,p17638,1,27
0,p17639,1,85
0,p17640,1,3
0,p17641,1,18
0,p17642,1,5
0,p17643,1,5
0,p17644,1,8
0,p17645,1,19
0,p17646,1,77
0,p17647,1,95
0,p17648,1,100
0,p17649,1,12
0,p17650,1,22
0,p17651,1,53
0,p17652,1,22
0,p17653,1,53
0,p17654,1,28
0,p17655,1,61
0,p17656,1,58
0,p17657,1,53
0,p17658,1,33
0,p17659,1,37
0,p17660,1,15
0,p17661,1,62
0,p17662,1,41
0,p17663,1,70
0,p17664,1,25
0,p17665,1,25
0,p17666,1,20
0,p17667,1,81
0,p17668,1,21
0,p17669,1,20
0,p17670,1,14
0,p17671,1,60
0,p17672,1,92
0,p17673,1,4
0,p17674,1,3
0,p17675,1,33
0,p17676,1,95
0,p17677,1,10
0,p17678,1,52
0,p17679,1,3
0,p17680,1,17
0,p17681,1,39
0,p17682,1,4
0,p17683,1,6
0,p17684,1,56
0,p17685,1,96
0,p17686,1,79
0,p17687,1,17
0,p17688,1,100
0,p17689,1,55
0,p17690,1,22
0,p17691,1,19
0,p17692,1,58
0,p17693,1,19
0,p17694,1,65
0,p17695,1,90
0,p17696,1,82
0,p17697,1,59
0,p17698,1,57
0,p17699,1,82
0,p17700,1,57
0,p17701,1,23
0,p17702,1,71
0,p17703,1,31
0,p17704,1,52
0,p17705,1,16
0,p17706,1,27
0,p17707,1,14
0,p17708,1,92
0,p17709,1,36
0,p17710,1,8
0,p17711,1,58
0,p17712,1,17
0,p17713,1,89
0,p17714,1,77
0,p17715,1,100
0,p17716,1,43
0,p17717,1,79
0,p17718,1,33
0,p17719,1,61
0,p17720,1,56
0,p17721,1,34
0,p17722,1,4
0,p17723,1,67
0,p17724,1,61
0,p17725,1,32
0,p17726,1,90
0,p17727,1,94
0,p17728,1,32
0,p17729,1,45
0,p17730,1,48
0,p17731,1,96
0,p17732,1,20
0,p17733,1,97
0,p17734,1,73
0,p17735,1,5
0,p17736,1,78
0,p17737,1,73
0,p17738,1,18
0,p17739,1,26
0,p17740,1,13
0,p17741,1,78
0,p17742,1,8
0,p17743,1,50
0,p17744,1,39
0,p17745,1,55
0,p17746,1,62
0,p17747,1,54
0,p17748,1,79
0,p17749,1,51
0,p17750,1,60
0,p17751,1,13
0,p17752,1,32
0,p17753,1,6
0,p17754,1,13
0,p17755,1,44
0,p17756,1,36
0,p17757,1,43
0,p17758,1,11
0,p17759,1,96
0,p17760,1,29
0,p17761,1,24
0,p17762,1,100
0,p17763,1,90
0,p17764,1,99
0,p17765,1,53
0,p17766,1,98
0,p17767,1,70
0,p17768,1,96
0,p17769,1,78
0,p17770,1,71
0,p17771,1,69
0,p17772,1,28
0,p17773,1,45
0,p17774,1,64
0,p17775,1,97
0,p17776,1,2
0,p17777,1,76
0,p17778,1,79
0,p17779,1,50
0,p17780,1,4
0,p17781,1,63
0,p17782,1,33
0,p17783,1,91
0,p17784,1,41
0,p17785,1,2
0,p17786,1,89
0,p17787,1,47
0,p17788,1,87
0,p17789,1,90
0,p17790,1,8
0,p17791,1,12
0,p17792,1,91
0,p17793,1,32
0,p17794,1,21
0,p17795,1,47
0,p17796,1,16
0,p17797,1,11
0,p17798,1,85
0,p17799,1,90
0,p17800,1,54
0,p17801,1,34
0,p17802,1,21
0,p17803,1,43
0,p17804,1,25
0,p17805,1,50
0,p17806,1,45
0,p17807,1,58
0,p17808,1,5
0,p17809,1,75
0,p17810,1,13
0,p17811,1,31
0,p17812,1,63
0,p17813,1,85
0,p17814,1,47
0,p17815,1,29
0,p17816,1,69
0,p17817,1,18
0,p17818,1,22
0,p17819,1,45
0,p17820,1,75
0,p17821,1,39
0,p17822,1,3
0,p17823,1,45
0,p17824,1,13
0,p17825,1,60
0,p17826,1,19
0,p17827,1,5
0,p17828,1,61
0,p17829,1,66
0,p17830,1,36
0,p17831,1,64
0,p17832,1,40
0,p17833,1,22
0,p17834,1,95
0,p17835,1,20
0,p17836,1,78
0,p17837,1,94
0,p17838,1,74
0,p17839,1,38
0,p17840,1,94
0,p17841,1,74
0,p17842,1,98
0,p17843,1,58
0,p17844,1,70
0,p17845,1,70
0,p17846,1,47
0,p17847,1,26
0,p17848,1,83
0,p17849,1,54
0,p17850,1,97
0,p17851,1,13
0,p17852,1,20
0,p17853,1,69
0,p17854,1,4
0,p17855,1,9
0,p17856,1,27
0,p17857,1,98
0,p17858,1,32
0,p17859,1,18
0,p17860,1,42
0,p17861,1,46
0,p17862,1,12
0,p17863,1,31
0,p17864,1,73
0,p17865,1,90
0,p17866,1,27
0,p17867,1,52
0,p17868,1,45
0,p17869,1,9
0,p17870,1,42
0,p17871,1,91
0,p17872,1,56
0,p17873,1,60
0,p17874,1,81
0,p17875,1,8
0,p17876,1,7
0,p17877,1,67
0,p17878,1,51
0,p17879,1,92
0,p17880,1,65
0,p17881,1,76
0,p17882,1,81
0,p17883,1,13
0,p17884,1,82
0,p17885,1,9
0,p17886,1,54
0,p17887,1,29
0,p17888,1,89
0,p17889,1,40
0,p17890,1,83
0,p17891,1,63
0,p17892,1,57
0,p17893,1,6
0,p17894,1,67
0,p17895,1,89
0,p17896,1,83
0,p17897,1,84
0,p17898,1,45
0,p17899,1,22
0,p17900,1,69
0,p17901,1,70
0,p17902,1,58
0,p17903,1,76
0,p17904,1,78
0,p17905,1,71
0,p17906,1,34
0,p17907,1,19
0,p17908,1,90
0,p17909,1,17
0,p17910,1,39
0,p17911,1,39
0,p17912,1,89
0,p17913,1,15
0,p17914,1,28
0,p17915,1,53
0,p17916,1,63
0,p17917,1,35
0,p17918,1,47
0,p17919,1,52
0,p17920,1,99
0,p17921,1,53
0,p17922,1,82
0,p17923,1,67
0,p17924,1,69
0,p17925,1,47
0,p17926,1,23
0,p17927,1,79
0,p17928,1,19
0,p17929,1,55
0,p17930,1,64
0,p17931,1,37
0,p17932,1,13
0,p17933,1,12
0,p17934,1,23
0,p17935,1,2
0,p17936,1,46
0,p17937,1,52
0,p17938,1,80
0,p17939,1,58
0,p17940,1,68
0,p17941,1,6
0,p17942,1,5
0,p17943,1,46
0,p17944,1,30
0,p17945,1,30
0,p17946,1,18
0,p17947,1,23
0,p17948,1,82
0,p17949,1,94
0,p17950,1,23
0,p17951,1,5
0,p17952,1,4
0,p17953,1,81
0,p17954,1,68
0,p17955,1,28
0,p17956,1,9
0,p17957,1,67
0,p17958,1,93
0,p17959,1,28
0,p17960,1,68
0,p17961,1,56
0,p17962,1,89
0,p17963,1,16
0,p17964,1,45
0,p17965,1,64
0,p17966,1,27
0,p17967,1,68
0,p17968,1,94
0,p17969,1,48
0,p17970,1,73
0,p17971,1,22
0,p17972,1,81
0,p17973,1,67
0,p17974,1,54
0,p17975,1,13
0,p17976,1,6
0,p17977,1,71
0,p17978,1,57
0,p17979,1,68
0,p17980,1,12
0,p17981,1,37
0,p17982,1,43
0,p17983,1,76
0,p17984,1,39
0,p17985,1,73
0,p17986,1,38
0,p17987,1,21
0,p17988,1,15
0,p17989,1,100
0,p17990,1,55
0,p17991,1,83
0,p17992,1,93
0,p17993,1,27
0,p17994,1,2
0,p17995,1,67
0,p17996,1,64
0,p17997,1,17
0,p17998,1,68
0,p17999,1,75
0,p18000,1,42
0,p18001,1,91
0,p18002,1,40
0,p18003,1,58
0,p18004,1,2
0,p18005,1,12
0,p18006,1,21
0,p18007,1,95
0,p18008,1,48
0,p18009,1,88
0,p18010,1,6
0,p18011,1,85
0,p18012,1,58
0,p18013,1,8
0,p18014,1,93
0,p18015,1,42
0,p18016,1,27
0,p18017,1,92
0,p18018,1,3
0,p18019,1,97
0,p18020,1,42
0,p18021,1,87
0,p18022,1,37
0,p18023,1,100
0,p18024,1,73
0,p18025,1,44
0,p18026,1,32
0,p18027,1,42
0,p18028,1,88
0,p18029,1,64
0,p18030,1,7
0,p18031,1,88
0,p18032,1,28
0,p18033,1,48
0,p18034,1,13
0,p18035,1,34
0,p18036,1,27
0,p18037,1,60
0,p18038,1,14
0,p18039,1,69
0,p18040,1,6
0,p18041,1,21
0,p18042,1,57
0,p18043,1,22
0,p18044,1,46
0,p18045,1,85
0,p18046,1,21
0,p18047,1,59
0,p18048,1,85
0,p18049,1,44
0,p18050,1,46
0,p18051,1,21
0,p18052,1,95
0,p18053,1,80
0,p18054,1,22
0,p18055,1,33
0,p18056,1,88
0,p18057,1,5
0,p18058,1,12
0,p18059,1,68
0,p18060,1,96
0,p18061,1,47
0,p18062,1,54
0,p18063,1,96
0,p18064,1,34
0,p18065,1,29
0,p18066,1,8
0,p18067,1,62
0,p18068,1,86
0,p18069,1,32
0,p18070,1,38
0,p18071,1,73
0,p18072,1,59
0,p18073,1,15
0,p18074,1,17
0,p18075,1,24
0,p18076,1,70
0,p18077,1,23
0,p18078,1,16
0,p18079,1,36
0,p18080,1,69
0,p18081,1,21
0,p18082,1,62
0,p18083,1,37
0,p18084,1,80
0,p18085,1,99
0,p18086,1,92
0,p18087,1,52
0,p18088,1,58
0,p18089,1,90
0,p18090,1,45
0,p18091,1,62
0,p18092,1,46
0,p18093,1,42
0,p18094,1,51
0,p18095,1,90
0,p18096,1,71
0,p18097,1,33
0,p18098,1,71
0,p18099,1,82
0,p18100,1,100
0,p18101,1,58
0,p18102,1,67
0,p18103,1,39
0,p18104,1,2
0,p18105,1,82
0,p18106,1,36
0,p18107,1,69
0,p18108,1,40
0,p18109,1,78
0,p18110,1,14
0,p18111,1,29
0,p18112,1,14
0,p18113,1,36
0,p18114,1,67
0,p18115,1,69
0,p18116,1,75
0,p18117,1,92
0,p18118,1,71
0,p18119,1,4
0,p18120,1,90
0,p18121,1,38
0,p18122,1,49
0,p18123,1,86
0,p18124,1,8
0,p18125,1,4
0,p18126,1,83
0,p18127,1,84
0,p18128,1,89
0,p18129,1,51
0,p18130,1,67
0,p18131,1,37
0,p18132,1,87
0,p18133,1,74
0,p18134,1,99
0,p18135,1,23
0,p18136,1,69
0,p18137,1,39
0,p18138,1,74
0,p18139,1,44
0,p18140,1,28
0,p18141,1,77
0,p18142,1,98
0,p18143,1,99
0,p18144,1,57
0,p18145,1,23
0,p18146,1,82
0,p18147,1,12
0,p18148,1,25
0,p18149,1,30
0,p18150,1,52
0,p18151,1,70
0,p18152,1,21
0,p18153,1,64
0,p18154,1,68
0,p18155,1,74
0,p18156,1,78
0,p18157,1,26
0,p18158,1,44
0,p18159,1,98
0,p18160,1,66
0,p18161,1,15
0,p18162,1,61
0,p18163,1,60
0,p18164,1,30
0,p18165,1,11
0,p18166,1,32
0,p18167,1,2
0,p18168,1,90
0,p18169,1,55
0,p18170,1,32
0,p18171,1,79
0,p18172,1,20
0,p18173,1,46
0,p18174,1,48
0,p18175,1,84
0,p18176,1,61
0,p18177,1,90
0,p18178,1,28
0,p18179,1,40
0,p18180,1,27
0,p18181,1,38
0,p18182,1,30
0,p18183,1,4
0,p18184,1,50
0,p18185,1,14
0,p18186,1,13
0,p18187,1,22
0,p18188,1,74
0,p18189,1,91
0,p18190,1,22
0,p18191,1,43
0,p18192,1,61
0,p18193,1,81
0,p18194,1,59
0,p18195,1,47
0,p18196,1,38
0,p18197,1,18
0,p18198,1,99
0,p18199,1,69
0,p18200,1,38
0,p18201,1,71
0,p18202,1,87
0,p18203,1,66
0,p18204,1,75
0,p18205,1,79
0,p18206,1,90
0,p18207,1,75
0,p18208,1,63
0,p18209,1,18
0,p18210,1,93
0,p18211,1,94
0,p18212,1,28
0,p18213,1,74
0,p18214,1,72
0,p18215,1,72
0,p18216,1,73
0,p18217,1,13
0,p18218,1,31
0,p18219,1,40
0,p18220,1,75
0,p18221,1,90
0,p18222,1,63
0,p18223,1,56
0,p18224,1,89
0,p18225,1,12
0,p18226,1,30
0,p18227,1,87
0,p18228,1,8
0,p18229,1,43
0,p18230,1,26
0,p18231,1,16
0,p18232,1,43
0,p18233,1,22
0,p18234,1,100
0,p18235,1,41
0,p18236,1,88
0,p18237,1,61
0,p18238,1,56
0,p18239,1,3
0,p18240,1,95
0,p18241,1,37
0,p18242,1,17
0,p18243,1,65
0,p18244,1,38
0,p18245,1,43
0,p18246,1,23
0,p18247,1,90
0,p18248,1,14
0,p18249,1,35
0,p18250,1,59
0,p18251,1,46
0,p18252,1,77
0,p18253,1,83
0,p18254,1,8
0,p18255,1,29
0,p18256,1,44
0,p18257,1,73
0,p18258,1,70
0,p18259,1,56
0,p18260,1,61
0,p18261,1,43
0,p18262,1,5
0,p18263,1,19
0,p18264,1,5
0,p18265,1,68
0,p18266,1,64
0,p18267,1,27
0,p18268,1,41
0,p18269,1,56
0,p18270,1,11
0,p18271,1,49
0,p18272,1,62
0,p18273,1,44
0,p18274,1,95
0,p18275,1,38
0,p18276,1,81
0,p18277,1,16
0,p18278,1,7
0,p18279,1,99
0,p18280,1,28
0,p18281,1,7
0,p18282,1,99
0,p18283,1,13
0,p18284,1,98
0,p18285,1,38
0,p18286,1,16
0,p18287,1,31
0,p18288,1,95
0,p18289,1,17
0,p18290,1,76
0,p18291,1,66
0,p18292,1,6
0,p18293,1,74
0,p18294,1,50
0,p18295,1,4
0,p18296,1,6
0,p18297,1,88
0,p18298,1,90
0,p18299,1,80
0,p18300,1,34
0,p18301,1,86
0,p18302,1,80
0,p18303,1,87
0,p18304,1,68
0,p18305,1,60
0,p18306,1,37
0,p18307,1,88
0,p18308,1,12
0,p18309,1,70
0,p18310,1,90
0,p18311,1,58
0,p18312,1,63
0,p18313,1,97
0,p18314,1,48
0,p18315,1,6
0,p18316,1,11
0,p18317,1,38
0,p18318,1,56
0,p18319,1,54
0,p18320,1,42
0,p18321,1,29
0,p18322,1,76
0,p18323,1,6
0,p18324,1,99
0,p18325,1,79
0,p18326,1,95
0,p18327,1,79
0,p18328,1,82
0,p18329,1,83
0,p18330,1,86
0,p18331,1,76
0,p18332,1,100
0,p18333,1,97
0,p18334,1,91
0,p18335,1,14
0,p18336,1,29
0,p18337,1,92
0,p18338,1,51
0,p18339,1,11
0,p18340,1,23
0,p18341,1,82
0,p18342,1,33
0,p18343,1,83
0,p18344,1,12
0,p18345,1,71
0,p18346,1,26
0,p18347,1,80
0,p18348,1,12
0,p18349,1,30
0,p18350,1,19
0,p18351,1,98
0,p18352,1,41
0,p18353,1,32
0,p18354,1,79
0,p18355,1,9
0,p18356,1,36
0,p18357,1,46
0,p18358,1,13
0,p18359,1,55
0,p18360,1,17
0,p18361,1,10
0,p18362,1,12
0,p18363,1,58
0,p18364,1,59
0,p18365,1,43
0,p18366,1,78
0,p18367,1,85
0,p18368,1,77
0,p18369,1,30
0,p18370,1,91
0,p18371,1,34
0,p18372,1,78
0,p18373,1,56
0,p18374,1,36
0,p18375,1,38
0,p18376,1,43
0,p18377,1,11
0,p18378,1,11
0,p18379,1,25
0,p18380,1,18
0,p18381,1,80
0,p18382,1,95
0,p18383,1,65
0,p18384,1,49
0,p18385,1,47
0,p18386,1,58
0,p18387,1,24
0,p18388,1,18
0,p18389,1,85
0,p18390,1,3
0,p18391,1,21
0,p18392,1,47
0,p18393,1,68
0,p18394,1,72
0,p18395,1,87
0,p18396,1,35
0,p18397,1,42
0,p18398,1,74
0,p18399,1,37
0,p18400,1,50
0,p18401,1,27
0,p18402,1,56
0,p18403,1,65
0,p18404,1,19
0,p18405,1,51
0,p18406,1,79
0,p18407,1,97
0,p18408,1,53
0,p18409,1,39
0,p18410,1,10
0,p18411,1,40
0,p18412,1,62
0,p18413,1,47
0,p18414,1,84
0,p18415,1,11
0,p18416,1,15
0,p18417,1,54
0,p18418,1,68
0,p18419,1,64
0,p18420,1,85
0,p18421,1,26
0,p18422,1,49
0,p18423,1,50
0,p18424,1,42
0,p18425,1,63
0,p18426,1,9
0,p18427,1,30
0,p18428,1,70
0,p18429,1,35
0,p18430,1,38
0,p18431,1,75
0,p18432,1,33
0,p18433,1,16
0,p18434,1,65
0,p18435,1,21
0,p18436,1,32
0,p18437,1,86
0,p18438,1,24
0,p18439,1,12
0,p18440,1,87
0,p18441,1,74
0,p18442,1,50
0,p18443,1,37
0,p18444,1,98
0,p18445,1,53
0,p18446,1,86
0,p18447,1,100
0,p18448,1,41
0,p18449,1,13
0,p18450,1,28
0,p18451,1,35
0,p18452,1,38
0,p18453,1,32
0,p18454,1,22
0,p18455,1,59
0,p18456,1,86
0,p18457,1,64
0,p18458,1,94
0,p18459,1,90
0,p18460,1,42
0,p18461,1,100
0,p18462,1,42
0,p18463,1,75
0,p18464,1,93
0,p18465,1,31
0,p18466,1,77
0,p18467,1,8
0,p18468,1,80
0,p18469,1,19
0,p18470,1,31
0,p18471,1,53
0,p18472,1,45
0,p18473,1,90
0,p18474,1,7
0,p18475,1,96
0,p18476,1,82
0,p18477,1,59
0,p18478,1,21
0,p18479,1,87
0,p18480,1,71
0,p18481,1,100
0,p18482,1,28
0,p18483,1,10
0,p18484,1,85
0,p18485,1,84
0,p18486,1,100
0,p18487,1,64
0,p18488,1,60
0,p18489,1,3
0,p18490,1,46
0,p18491,1,28
0,p18492,1,3
0,p18493,1,43
0,p18494,1,12
0,p18495,1,76
0,p18496,1,56
0,p18497,1,20
0,p18498,1,33
0,p18499,1,44
0,p18500,1,36
0,p18501,1,45
0,p18502,1,47
0,p18503,1,29
0,p18504,1,56
0,p18505,1,42
0,p18506,1,3
0,p18507,1,88
0,p18508,1,19
0,p18509,1,36
0,p18510,1,92
0,p18511,1,54
0,p18512,1,88
0,p18513,1,26
0,p18514,1,51
0,p18515,1,26
0,p18516,1,51
0,p18517,1,91
0,p18518,1,81
0,p18519,1,17
0,p18520,1,67
0,p18521,1,32
0,p18522,1,56
0,p18523,1,45
0,p18524,1,45
0,p18525,1,16
0,p18526,1,24
0,p18527,1,9
0,p18528,1,31
0,p18529,1,49
0,p18530,1,22
0,p18531,1,56
0,p18532,1,62
0,p18533,1,37
0,p18534,1,24
0,p18535,1,18
0,p18536,1,99
0,p18537,1,48
0,p18538,1,95
0,p18539,1,40
0,p18540,1,55
0,p18541,1,81
0,p18542,1,81
0,p18543,1,46
0,p18544,1,98
0,p18545,1,13
0,p18546,1,68
0,p18547,1,39
0,p18548,1,13
0,p18549,1,89
0,p18550,1,50
0,p18551,1,38
0,p18552,1,60
0,p18553,1,32
0,p18554,1,2
0,p18555,1,84
0,p18556,1,45
0,p18557,1,56
0,p18558,1,21
0,p18559,1,67
0,p18560,1,40
0,p18561,1,11
0,p18562,1,15
0,p18563,1,47
0,p18564,1,90
0,p18565,1,100
0,p18566,1,32
0,p18567,1,72
0,p18568,1,63
0,p18569,1,79
0,p18570,1,61
0,p18571,1,67
0,p18572,1,32
0,p18573,1,8
0,p18574,1,92
0,p18575,1,92
0,p18576,1,63
0,p18577,1,45
0,p18578,1,99
0,p18579,1,54
0,p18580,1,85
0,p18581,1,75
0,p18582,1,42
0,p18583,1,10
0,p18584,1,53
0,p18585,1,44
0,p18586,1,38
0,p18587,1,78
0,p18588,1,21
0,p18589,1,51
0,p18590,1,3
0,p18591,1,72
0,p18592,1,99
0,p18593,1,47
0,p18594,1,43
0,p18595,1,48
0,p18596,1,14
0,p18597,1,46
0,p18598,1,37
0,p18599,1,33
0,p18600,1,60
0,p18601,1,44
0,p18602,1,32
0,p18603,1,13
0,p18604,1,98
0,p18605,1,94
0,p18606,1,20
0,p18607,1,73
0,p18608,1,43
0,p18609,1,24
0,p18610,1,47
0,p18611,1,8
0,p18612,1,22
0,p18613,1,5
0,p18614,1,91
0,p18615,1,24
0,p18616,1,54
0,p18617,1,23
0,p18618,1,28
0,p18619,1,75
0,p18620,1,92
0,p18621,1,55
0,p18622,1,68
0,p18623,1,91
0,p18624,1,16
0,p18625,1,73
0,p18626,1,98
0,p18627,1,71
0,p18628,1,63
0,p18629,1,91
0,p18630,1,18
0,p18631,1,49
0,p18632,1,50
0,p18633,1,42
0,p18634,1,12
0,p18635,1,96
0,p18636,1,88
0,p18637,1,35
0,p18638,1,44
0,p18639,1,3
0,p18640,1,57
0,p18641,1,35
0,p18642,1,91
0,p18643,1,89
0,p18644,1,90
0,p18645,1,69
0,p18646,1,59
0,p18647,1,95
0,p18648,1,51
0,p18649,1,84
0,p18650,1,12
0,p18651,1,91
0,p18652,1,18
0,p18653,1,65
0,p18654,1,94
0,p18655,1,9
0,p18656,1,22
0,p18657,1,42
0,p18658,1,81
0,p18659,1,4
0,p18660,1,7
0,p18661,1,84
0,p18662,1,13
0,p18663,1,98
0,p18664,1,67
0,p18665,1,97
0,p18666,1,99
0,p18667,1,6
0,p18668,1,64
0,p18669,1,75
0,p18670,1,75
0,p18671,1,83
0,p18672,1,13
0,p18673,1,87
0,p18674,1,47
0,p18675,1,3
0,p18676,1,50
0,p18677,1,66
0,p18678,1,69
0,p18679,1,78
0,p18680,1,97
0,p18681,1,98
0,p18682,1,60
0,p18683,1,44
0,p18684,1,100
0,p18685,1,77
0,p18686,1,32
0,p18687,1,61
0,p18688,1,65
0,p18689,1,38
0,p18690,1,98
0,p18691,1,41
0,p18692,1,39
0,p18693,1,19
0,p18694,1,75
0,p18695,1,79
0,p18696,1,55
0,p18697,1,84
0,p18698,1,16
0,p18699,1,95
0,p18700,1,42
0,p18701,1,83
0,p18702,1,58
0,p18703,1,5
0,p18704,1,31
0,p18705,1,90
0,p18706,1,45
0,p18707,1,62
0,p18708,1,21
0,p18709,1,37
0,p18710,1,89
0,p18711,1,81
0,p18712,1,18
0,p18713,1,87
0,p18714,1,24
0,p18715,1,88
0,p18716,1,39
0,p18717,1,7
0,p18718,1,27
0,p18719,1,62
0,p18720,1,52
0,p18721,1,32
0,p18722,1,42
0,p18723,1,94
0,p18724,1,20
0,p18725,1,73
0,p18726,1,26
0,p18727,1,34
0,p18728,1,86
0,p18729,1,71
0,p18730,1,99
0,p18731,1,89
0,p18732,1,59
0,p18733,1,33
0,p18734,1,52
0,p18735,1,4
0,p18736,1,28
0,p18737,1,10
0,p18738,1,81
0,p18739,1,48
0,p18740,1,32
0,p18741,1,28
0,p18742,1,10
0,p18743,1,47
0,p18744,1,6
0,p18745,1,39
0,p18746,1,25
0,p18747,1,43
0,p18748,1,20
0,p18749,1,75
0,p18750,1,65
0,p18751,1,66
0,p18752,1,98
0,p18753,1,78
0,p18754,1,22
0,p18755,1,64
0,p18756,1,88
0,p18757,1,14
0,p18758,1,36
0,p18759,1,82
0,p18760,1,57
0,p18761,1,70
0,p18762,1,50
0,p18763,1,25
0,p18764,1,32
0,p18765,1,81
0,p18766,1,17
0,p18767,1,4
0,p18768,1,24
0,p18769,1,59
0,p18770,1,60
0,p18771,1,76
0,p18772,1,55
0,p18773,1,63
0,p18774,1,96
0,p18775,1,15
0,p18776,1,84
0,p18777,1,15
0,p18778,1,68
0,p18779,1,71
0,p18780,1,94
0,p18781,1,53
0,p18782,1,24
0,p18783,1,69
0,p18784,1,99
0,p18785,1,97
0,p18786,1,85
0,p18787,1,100
0,p18788,1,91
0,p18789,1,87
0,p18790,1,35
0,p18791,1,60
0,p18792,1,58
0,p18793,1,10
0,p18794,1,93
0,p18795,1,50
0,p18796,1,97
0,p18797,1,81
0,p18798,1,82
0,p18799,1,90
0,p18800,1,85
0,p18801,1,41
0,p18802,1,52
0,p18803,1,93
0,p18804,1,60
0,p18805,1,6
0,p18806,1,23
0,p18807,1,90
0,p18808,1,83
0,p18809,1,42
0,p18810,1,75
0,p18811,1,76
0,p18812,1,39
0,p18813,1,92
0,p18814,1,83
0,p18815,1,66
0,p18816,1,16
0,p18817,1,35
0,p18818,1,95
0,p18819,1,73
0,p18820,1,67
0,p18821,1,68
0,p18822,1,56
0,p18823,1,55
0,p18824,1,36
0,p18825,1,91
0,p18826,1,9
0,p18827,1,46
0,p18828,1,59
0,p18829,1,35
0,p18830,1,86
0,p18831,1,43
0,p18832,1,40
0,p18833,1,84
0,p18834,1,46
0,p18835,1,37
0,p18836,1,73
0,p18837,1,12
0,p18838,1,71
0,p18839,1,22
0,p18840,1,45
0,p18841,1,58
0,p18842,1,50
0,p18843,1,100
0,p18844,1,75
0,p18845,1,17
0,p18846,1,100
0,p18847,1,61
0,p18848,1,39
0,p18849,1,64
0,p18850,1,63
0,p18851,1,34
0,p18852,1,34
0,p18853,1,86
0,p18854,1,65
0,p18855,1,33
0,p18856,1,74
0,p18857,1,33
0,p18858,1,53
0,p18859,1,61
0,p18860,1,24
0,p18861,1,6
0,p18862,1,20
0,p18863,1,34
0,p18864,1,65
0,p18865,1,85
0,p18866,1,7
0,p18867,1,98
0,p18868,1,54
0,p18869,1,50
0,p18870,1,50
0,p18871,1,26
0,p18872,1,5
0,p18873,1,35
0,p18874,1,71
0,p18875,1,8
0,p18876,1,44
0,p18877,1,6
0,p18878,1,37
0,p18879,1,11
0,p18880,1,62
0,p18881,1,87
0,p18882,1,77
0,p18883,1,12
0,p18884,1,37
0,p18885,1,40
0,p18886,1,78
0,p18887,1,25
0,p18888,1,41
0,p18889,1,58
0,p18890,1,41
0,p18891,1,47
0,p18892,1,30
0,p18893,1,3
0,p18894,1,19
0,p18895,1,5
0,p18896,1,67
0,p18897,1,32
0,p18898,1,44
0,p18899,1,16
0,p18900,1,91
0,p18901,1,60
0,p18902,1,51
0,p18903,1,76
0,p18904,1,76
0,p18905,1,4
0,p18906,1,69
0,p18907,1,61
0,p18908,1,9
0,p18909,1,22
0,p18910,1,17
0,p18911,1,99
0,p18912,1,47
0,p18913,1,36
0,p18914,1,30
0,p18915,1,18
0,p18916,1,34
0,p18917,1,68
0,p18918,1,8
0,p18919,1,47
0,p18920,1,85
0,p18921,1,33
0,p18922,1,100
0,p18923,1,40
0,p18924,1,82
0,p18925,1,31
0,p18926,1,36
0,p18927,1,57
0,p18928,1,63
0,p18929,1,81
0,p18930,1,41
0,p18931,1,10
0,p18932,1,66
0,p18933,1,88
0,p18934,1,17
0,p18935,1,59
0,p18936,1,85
0,p18937,1,45
0,p18938,1,4
0,p18939,1,45
0,p18940,1,43
0,p18941,1,73
0,p18942,1,66
0,p18943,1,26
0,p18944,1,77
0,p18945,1,93
0,p18946,1,88
0,p18947,1,79
0,p18948,1,42
0,p18949,1,63
0,p18950,1,91
0,p18951,1,55
0,p18952,1,31
0,p18953,1,52
0,p18954,1,44
0,p18955,1,94
0,p18956,1,53
0,p18957,1,59
0,p18958,1,80
0,p18959,1,51
0,p18960,1,38
0,p18961,1,17
0,p18962,1,41
0,p18963,1,29
0,p18964,1,45
0,p18965,1,95
0,p18966,1,68
0,p18967,1,70
0,p18968,1,79
0,p18969,1,51
0,p18970,1,29
0,p18971,1,16
0,p18972,1,16
0,p18973,1,4
0,p18974,1,42
0,p18975,1,69
0,p18976,1,78
0,p18977,1,44
0,p18978,1,9
0,p18979,1,67
0,p18980,1,32
0,p18981,1,24
0,p18982,1,41
0,p18983,1,60
0,p18984,1,54
0,p18985,1,80
0,p18986,1,58
0,p18987,1,2
0,p18988,1,23
0,p18989,1,35
0,p18990,1,5
0,p18991,1,4
0,p18992,1,8
0,p18993,1,72
0,p18994,1,78
0,p18995,1,63
0,p18996,1,14
0,p18997,1,50
0,p18998,1,25
0,p18999,1,61
0,p19000,1,16
0,p19001,1,9
0,p19002,1,25
0,p19003,1,86
0,p19004,1,90
0,p19005,1,15
0,p19006,1,86
0,p19007,1,16
0,p19008,1,23
0,p19009,1,62
0,p19010,1,92
0,p19011,1,67
0,p19012,1,99
0,p19013,1,64
0,p19014,1,59
0,p19015,1,13
0,p19016,1,97
0,p19017,1,57
0,p19018,1,28
0,p19019,1,47
0,p19020,1,64
0,p19021,1,34
0,p19022,1,69
0,p19023,1,87
0,p19024,1,15
0,p19025,1,5
0,p19026,1,86
0,p19027,1,57
0,p19028,1,30
0,p19029,1,38
0,p19030,1,39
0,p19031,1,20
0,p19032,1,10
0,p19033,1,70
0,p19034,1,95
0,p19035,1,7
0,p19036,1,33
0,p19037,1,77
0,p19038,1,25
0,p19039,1,46
0,p19040,1,84
0,p19041,1,35
0,p19042,1,32
0,p19043,1,51
0,p19044,1,66
0,p19045,1,33
0,p19046,1,47
0,p19047,1,44
0,p19048,1,69
0,p19049,1,75
0,p19050,1,80
0,p19051,1,4
0,p19052,1,91
0,p19053,1,7
0,p19054,1,27
0,p19055,1,25
0,p19056,1,21
0,p19057,1,17
0,p19058,1,35
0,p19059,1,55
0,p19060,1,3
0,p19061,1,68
0,p19062,1,11
0,p19063,1,74
0,p19064,1,14
0,p19065,1,84
0,p19066,1,57
0,p19067,1,79
0,p19068,1,30
0,p19069,1,48
0,p19070,1,98
0,p19071,1,73
0,p19072,1,72
0,p19073,1,28
0,p19074,1,5
0,p19075,1,9
0,p19076,1,83
0,p19077,1,52
0,p19078,1,53
0,p19079,1,47
0,p19080,1,56
0,p19081,1,49
0,p19082,1,32
0,p19083,1,36
0,p19084,1,90
0,p19085,1,21
0,p19086,1,46
0,p19087,1,41
0,p19088,1,35
0,p19089,1,75
0,p19090,1,11
0,p19091,1,59
0,p19092,1,43
0,p19093,1,81
0,p19094,1,88
0,p19095,1,58
0,p19096,1,2
0,p19097,1,38
0,p19098,1,22
0,p19099,1,44
0,p19100,1,84
0,p19101,1,33
0,p19102,1,25
0,p19103,1,64
0,p19104,1,54
0,p19105,1,91
0,p19106,1,17
0,p19107,1,75
0,p19108,1,44
0,p19109,1,59
0,p19110,1,14
0,p19111,1,5
0,p19112,1,82
0,p19113,1,63
0,p19114,1,77
0,p19115,1,46
0,p19116,1,37
0,p19117,1,30
0,p19118,1,91
0,p19119,1,85
0,p19120,1,43
0,p19121,1,98
0,p19122,1,11
0,p19123,1,73
0,p19124,1,76
0,p19125,1,71
0,p19126,1,24
0,p19127,1,33
0,p19128,1,82
0,p19129,1,71
0,p19130,1,89
0,p19131,1,29
0,p19132,1,47
0,p19133,1,79
0,p19134,1,56
0,p19135,1,57
0,p19136,1,23
0,p19137,1,63
0,p19138,1,33
0,p19139,1,73
0,p19140,1,86
0,p19141,1,71
0,p19142,1,87
0,p19143,1,78
0,p19144,1,49
0,p19145,1,100
0,p19146,1,13
0,p19147,1,68
0,p19148,1,92
0,p19149,1,63
0,p19150,1,67
0,p19151,1,50
0,p19152,1,60
0,p19153,1,2
0,p19154,1,40
0,p19155,1,87
0,p19156,1,24
0,p19157,1,61
0,p19158,1,38
0,p19159,1,61
0,p19160,1,47
0,p19161,1,89
0,p19162,1,4
0,p19163,1,37
0,p19164,1,47
0,p19165,1,55
0,p19166,1,38
0,p19167,1,18
0,p19168,1,96
0,p19169,1,33
0,p19170,1,95
0,p19171,1,56
0,p19172,1,54
0,p19173,1,95
0,p19174,1,26
0,p19175,1,72
0,p19176,1,44
0,p19177,1,92
0,p19178,1,82
0,p19179,1,14
0,p19180,1,86
0,p19181,1,28
0,p19182,1,41
0,p19183,1,91
0,p19184,1,75
0,p19185,1,77
0,p19186,1,60
0,p19187,1,3
0,p19188,1,46
0,p19189,1,54
0,p19190,1,73
0,p19191,1,100
0,p19192,1,2
0,p19193,1,68
0,p19194,1,55
0,p19195,1,44
0,p19196,1,52
0,p19197,1,35
0,p19198,1,8
0,p19199,1,43
0,p19200,1,5
0,p19201,1,50
0,p19202,1,79
0,p19203,1,37
0,p19204,1,33
0,p19205,1,33
0,p19206,1,30
0,p19207,1,54
0,p19208,1,70
0,p19209,1,12
0,p19210,1,35
0,p19211,1,8
0,p19212,1,62
0,p19213,1,32
0,p19214,1,27
0,p19215,1,2
0,p19216,1,93
0,p19217,1,29
0,p19218,1,5
0,p19219,1,77
0,p19220,1,75
0,p19221,1,92
0,p19222,1,49
0,p19223,1,11
0,p19224,1,39
0,p19225,1,52
0,p19226,1,52
0,p19227,1,21
0,p19228,1,73
0,p19229,1,64
0,p19230,1,46
0,p19231,1,86
0,p19232,1,55
0,p19233,1,23
0,p19234,1,85
0,p19235,1,37
0,p19236,1,99
0,p19237,1,90
0,p19238,1,16
0,p19239,1,100
0,p19240,1,8
0,p19241,1,39
0,p19242,1,43
0,p19243,1,74
0,p19244,1,12
0,p19245,1,30
0,p19246,1,28
0,p19247,1,86
0,p19248,1,60
0,p19249,1,47
0,p19250,1,54
0,p19251,1,83
0,p19252,1,88
0,p19253,1,79
0,p19254,1,35
0,p19255,1,95
0,p19256,1,90
0,p19257,1,97
0,p19258,1,45
0,p19259,1,9
0,p19260,1,93
0,p19261,1,88
0,p19262,1,5
0,p19263,1,52
0,p19264,1,83
0,p19265,1,65
0,p19266,1,20
0,p19267,1,18
0,p19268,1,95
0,p19269,1,91
0,p19270,1,2
0,p19271,1,54
0,p19272,1,75
0,p19273,1,38
0,p19274,1,54
0,p19275,1,11
0,p19276,1,90
0,p19277,1,74
0,p19278,1,74
0,p19279,1,97
0,p19280,1,96
0,p19281,1,21
0,p19282,1,78
0,p19283,1,41
0,p19284,1,30
0,p19285,1,37
0,p19286,1,42
0,p19287,1,57
0,p19288,1,41
0,p19289,1,98
0,p19290,1,74
0,p19291,1,9
0,p19292,1,84
0,p19293,1,95
0,p19294,1,29
0,p19295,1,16
0,p19296,1,60
0,p19297,1,3
0,p19298,1,52
0,p19299,1,57
0,p19300,1,68
0,p19301,1,21
0,p19302,1,68
0,p19303,1,50
0,p19304,1,22
0,p19305,1,68
0,p19306,1,62
0,p19307,1,91
0,p19308,1,6
0,p19309,1,44
0,p19310,1,56
0,p19311,1,89
0,p19312,1,5
0,p19313,1,37
0,p19314,1,97
0,p19315,1,64
0,p19316,1,43
0,p19317,1,12
0,p19318,1,81
0,p19319,1,72
0,p19320,1,35
0,p19321,1,90
0,p19322,1,38
0,p19323,1,6
0,p19324,1,16
0,p19325,1,92
0,p19326,1,61
0,p19327,1,21
0,p19328,1,6
0,p19329,1,65
0,p19330,1,51
0,p19331,1,24
0,p19332,1,9
0,p19333,1,93
0,p19334,1,87
0,p19335,1,52
0,p19336,1,18
0,p19337,1,35
0,p19338,1,79
0,p19339,1,11
0,p19340,1,37
0,p19341,1,31
0,p19342,1,70
0,p19343,1,68
0,p19344,1,64
0,p19345,1,80
0,p19346,1,92
0,p19347,1,39
0,p19348,1,5
0,p19349,1,37
0,p19350,1,55
0,p19351,1,65
0,p19352,1,82
0,p19353,1,3
0,p19354,1,80
0,p19355,1,93
0,p19356,1,69
0,p19357,1,59
0,p19358,1,60
0,p19359,1,57
0,p19360,1,37
0,p19361,1,66
0,p19362,1,40
0,p19363,1,93
0,p19364,1,95
0,p19365,1,25
0,p19366,1,95
0,p19367,1,76
0,p19368,1,87
0,p19369,1,100
0,p19370,1,77
0,p19371,1,91
0,p19372,1,36
0,p19373,1,49
0,p19374,1,25
0,p19375,1,95
0,p19376,1,61
0,p19377,1,95
0,p19378,1,68
0,p19379,1,66
0,p19380,1,42
0,p19381,1,28
0,p19382,1,65
0,p19383,1,70
0,p19384,1,26
0,p19385,1,91
0,p19386,1,61
0,p19387,1,90
0,p19388,1,43
0,p19389,1,30
0,p19390,1,80
0,p19391,1,27
0,p19392,1,77
0,p19393,1,68
0,p19394,1,9
0,p19395,1,88
0,p19396,1,98
0,p19397,1,92
0,p19398,1,18
0,p19399,1,10
0,p19400,1,93
0,p19401,1,84
0,p19402,1,39
0,p19403,1,29
0,p19404,1,80
0,p19405,1,94
0,p19406,1,36
0,p19407,1,25
0,p19408,1,23
0,p19409,1,41
0,p19410,1,9
0,p19411,1,69
0,p19412,1,44
0,p19413,1,82
0,p19414,1,29
0,p19415,1,49
0,p19416,1,72
0,p19417,1,79
0,p19418,1,94
0,p19419,1,84
0,p19420,1,76
0,p19421,1,53
0,p19422,1,32
0,p19423,1,21
0,p19424,1,7
0,p19425,1,75
0,p19426,1,8
0,p19427,1,7
0,p19428,1,11
0,p19429,1,82
0,p19430,1,35
0,p19431,1,79
0,p19432,1,59
0,p19433,1,69
0,p19434,1,93
0,p19435,1,34
0,p19436,1,20
0,p19437,1,34
0,p19438,1,93
0,p19439,1,46
0,p19440,1,13
0,p19441,1,55
0,p19442,1,77
0,p19443,1,90
0,p19444,1,47
0,p19445,1,88
0,p19446,1,73
0,p19447,1,70
0,p19448,1,9
0,p19449,1,62
0,p19450,1,39
0,p19451,1,29
0,p19452,1,39
0,p19453,1,67
0,p19454,1,5
0,p19455,1,86
0,p19456,1,36
0,p19457,1,17
0,p19458,1,71
0,p19459,1,31
0,p19460,1,90
0,p19461,1,15
0,p19462,1,35
0,p19463,1,81
0,p19464,1,24
0,p19465,1,61
0,p19466,1,55
0,p19467,1,15
0,p19468,1,78
0,p19469,1,38
0,p19470,1,50
0,p19471,1,36
0,p19472,1,8
0,p19473,1,49
0,p19474,1,27
0,p19475,1,94
0,p19476,1,11
0,p19477,1,79
0,p19478,1,86
0,p19479,1,48
0,p19480,1,30
0,p19481,1,54
0,p19482,1,48
0,p19483,1,27
0,p19484,1,53
0,p19485,1,97
0,p19486,1,78
0,p19487,1,99
0,p19488,1,27
0,p19489,1,12
0,p19490,1,44
0,p19491,1,86
0,p19492,1,74
0,p19493,1,91
0,p19494,1,71
0,p19495,1,13
0,p19496,1,70
0,p19497,1,17
0,p19498,1,30
0,p19499,1,75
0,p19500,1,100
0,p19501,1,95
0,p19502,1,36
0,p19503,1,50
0,p19504,1,45
0,p19505,1,23
0,p19506,1,49
0,p19507,1,85
0,p19508,1,73
0,p19509,1,32
0,p19510,1,96
0,p19511,1,30
0,p19512,1,30
0,p19513,1,65
0,p19514,1,36
0,p19515,1,21
0,p19516,1,76
0,p19517,1,28
0,p19518,1,63
0,p19519,1,2
0,p19520,1,58
0,p19521,1,81
0,p19522,1,87
0,p19523,1,43
0,p19524,1,52
0,p19525,1,55
0,p19526,1,49
0,p19527,1,30
0,p19528,1,22
0,p19529,1,97
0,p19530,1,4
0,p19531,1,35
0,p19532,1,58
0,p19533,1,32
0,p19534,1,74
0,p19535,1,80
0,p19536,1,97
0,p19537,1,93
0,p19538,1,68
0,p19539,1,35
0,p19540,1,87
0,p19541,1,85
0,p19542,1,72
0,p19543,1,100
0,p19544,1,14
0,p19545,1,50
0,p19546,1,38
0,p19547,1,7
0,p19548,1,58
0,p19549,1,62
0,p19550,1,50
0,p19551,1,6
0,p19552,1,8
0,p19553,1,97
0,p19554,1,26
0,p19555,1,8
0,p19556,1,55
0,p19557,1,44
0,p19558,1,19
0,p19559,1,46
0,p19560,1,79
0,p19561,1,67
0,p19562,1,92
0,p19563,1,21
0,p19564,1,71
0,p19565,1,32
0,p19566,1,13
0,p19567,1,60
0,p19568,1,99
0,p19569,1,40
0,p19570,1,48
0,p19571,1,44
0,p19572,1,46
0,p19573,1,45
0,p19574,1,5
0,p19575,1,84
0,p19576,1,30
0,p19577,1,30
0,p19578,1,93
0,p19579,1,95
0,p19580,1,37
0,p19581,1,97
0,p19582,1,51
0,p19583,1,82
0,p19584,1,66
0,p19585,1,71
0,p19586,1,90
0,p19587,1,47
0,p19588,1,75
0,p19589,1,48
0,p19590,1,72
0,p19591,1,82
0,p19592,1,81
0,p19593,1,86
0,p19594,1,24
0,p19595,1,36
0,p19596,1,47
0,p19597,1,53
0,p19598,1,34
0,p19599,1,47
0,p19600,1,34
0,p19601,1,46
0,p19602,1,68
0,p19603,1,67
0,p19604,1,71
0,p19605,1,32
0,p19606,1,43
0,p19607,1,79
0,p19608,1,36
0,p19609,1,98
0,p19610,1,91
0,p19611,1,80
0,p19612,1,62
0,p19613,1,19
0,p19614,1,91
0,p19615,1,78
0,p19616,1,3
0,p19617,1,86
0,p19618,1,90
0,p19619,1,85
0,p19620,1,90
0,p19621,1,12
0,p19622,1,82
0,p19623,1,37
0,p19624,1,87
0,p19625,1,57
0,p19626,1,57
0,p19627,1,96
0,p19628,1,83
0,p19629,1,3
0,p19630,1,43
0,p19631,1,42
0,p19632,1,52
0,p19633,1,82
0,p19634,1,65
0,p19635,1,29
0,p19636,1,70
0,p19637,1,67
0,p19638,1,4
0,p19639,1,86
0,p19640,1,46
0,p19641,1,16
0,p19642,1,87
0,p19643,1,5
0,p19644,1,82
0,p19645,1,41
0,p19646,1,14
0,p19647,1,36
0,p19648,1,21
0,p19649,1,54
0,p19650,1,57
0,p19651,1,24
0,p19652,1,61
0,p19653,1,91
0,p19654,1,77
0,p19655,1,87
0,p19656,1,30
0,p19657,1,70
0,p19658,1,3
0,p19659,1,51
0,p19660,1,41
0,p19661,1,41
0,p19662,1,90
0,p19663,1,93
0,p19664,1,41
0,p19665,1,12
0,p19666,1,5
0,p19667,1,11
0,p19668,1,3
0,p19669,1,23
0,p19670,1,25
0,p19671,1,65
0,p19672,1,13
0,p19673,1,97
0,p19674,1,51
0,p19675,1,22
0,p19676,1,23
0,p19677,1,81
0,p19678,1,80
0,p19679,1,45
0,p19680,1,41
0,p19681,1,50
0,p19682,1,87
0,p19683,1,92
0,p19684,1,49
0,p19685,1,55
0,p19686,1,99
0,p19687,1,93
0,p19688,1,74
0,p19689,1,83
0,p19690,1,14
0,p19691,1,16
0,p19692,1,4
0,p19693,1,73
0,p19694,1,68
0,p19695,1,22
0,p19696,1,29
0,p19697,1,64
0,p19698,1,86
0,p19699,1,68
0,p19700,1,44
0,p19701,1,82
0,p19702,1,37
0,p19703,1,46
0,p19704,1,78
0,p19705,1,6
0,p19706,1,36
0,p19707,1,82
0,p19708,1,96
0,p19709,1,46
0,p19710,1,93
0,p19711,1,66
0,p19712,1,53
0,p19713,1,38
0,p19714,1,38
0,p19715,1,71
0,p19716,1,89
0,p19717,1,88
0,p19718,1,63
0,p19719,1,68
0,p19720,1,84
0,p19721,1,39
0,p19722,1,78
0,p19723,1,8
0,p19724,1,66
0,p19725,1,39
0,p19726,1,91
0,p19727,1,41
0,p19728,1,89
0,p19729,1,88
0,p19730,1,16
0,p19731,1,6
0,p19732,1,26
0,p19733,1,46
0,p19734,1,63
0,p19735,1,9
0,p19736,1,42
0,p19737,1,35
0,p19738,1,86
0,p19739,1,15
0,p19740,1,55
0,p19741,1,41
0,p19742,1,7
0,p19743,1,62
0,p19744,1,99
0,p19745,1,27
0,p19746,1,48
0,p19747,1,50
0,p19748,1,68
0,p19749,1,28
0,p19750,1,27
0,p19751,1,52
0,p19752,1,76
0,p19753,1,57
0,p19754,1,62
0,p19755,1,54
0,p19756,1,36
0,p19757,1,48
0,p19758,1,68
0,p19759,1,90
0,p19760,1,91
0,p19761,1,11
0,p19762,1,96
0,p19763,1,86
0,p19764,1,72
0,p19765,1,68
0,p19766,1,30
0,p19767,1,61
0,p19768,1,2
0,p19769,1,4
0,p19770,1,92
0,p19771,1,37
0,p19772,1,98
0,p19773,1,86
0,p19774,1,42
0,p19775,1,82
0,p19776,1,13
0,p19777,1,5
0,p19778,1,62
0,p19779,1,50
0,p19780,1,97
0,p19781,1,98
0,p19782,1,78
0,p19783,1,87
0,p19784,1,74
0,p19785,1,30
0,p19786,1,24
0,p19787,1,29
0,p19788,1,7
0,p19789,1,34
0,p19790,1,89
0,p19791,1,63
0,p19792,1,84
0,p19793,1,40
0,p19794,1,28
0,p19795,1,20
0,p19796,1,92
0,p19797,1,73
0,p19798,1,19
0,p19799,1,63
0,p19800,1,73
0,p19801,1,100
0,p19802,1,5
0,p19803,1,57
0,p19804,1,73
0,p19805,1,87
0,p19806,1,46
0,p19807,1,69
0,p19808,1,65
0,p19809,1,84
0,p19810,1,13
0,p19811,1,79
0,p19812,1,97
0,p19813,1,20
0,p19814,1,90
0,p19815,1,87
0,p19816,1,46
0,p19817,1,93
0,p19818,1,94
0,p19819,1,66
0,p19820,1,79
0,p19821,1,71
0,p19822,1,28
0,p19823,1,10
0,p19824,1,81
0,p19825,1,81
0,p19826,1,51
0,p19827,1,16
0,p19828,1,49
0,p19829,1,24
0,p19830,1,15
0,p19831,1,52
0,p19832,1,13
0,p19833,1,77
0,p19834,1,97
0,p19835,1,29
0,p19836,1,17
0,p19837,1,38
0,p19838,1,46
0,p19839,1,6
0,p19840,1,10
0,p19841,1,39
0,p19842,1,19
0,p19843,1,57
0,p19844,1,83
0,p19845,1,40
0,p19846,1,19
0,p19847,1,10
0,p19848,1,43
0,p19849,1,56
0,p19850,1,16
0,p19851,1,75
0,p19852,1,66
0,p19853,1,25
0,p19854,1,53
0,p19855,1,100
0,p19856,1,96
0,p19857,1,87
0,p19858,1,12
0,p19859,1,83
0,p19860,1,66
0,p19861,1,54
0,p19862,1,37
0,p19863,1,25
0,p19864,1,11
0,p19865,1,85
0,p19866,1,3
0,p19867,1,84
0,p19868,1,62
0,p19869,1,48
0,p19870,1,90
0,p19871,1,46
0,p19872,1,37
0,p19873,1,94
0,p19874,1,31
0,p19875,1,65
0,p19876,1,26
0,p19877,1,4
0,p19878,1,71
0,p19879,1,8
0,p19880,1,88
0,p19881,1,68
0,p19882,1,70
0,p19883,1,49
0,p19884,1,52
0,p19885,1,53
0,p19886,1,30
0,p19887,1,3
0,p19888,1,43
0,p19889,1,15
0,p19890,1,57
0,p19891,1,44
0,p19892,1,3
0,p19893,1,60
0,p19894,1,69
0,p19895,1,12
0,p19896,1,3
0,p19897,1,53
0,p19898,1,81
0,p19899,1,36
0,p19900,1,20
0,p19901,1,12
0,p19902,1,36
0,p19903,1,23
0,p19904,1,13
0,p19905,1,99
0,p19906,1,8
0,p19907,1,5
0,p19908,1,21
0,p19909,1,32
0,p19910,1,61
0,p19911,1,32
0,p19912,1,5
0,p19913,1,55
0,p19914,1,81
0,p19915,1,18
0,p19916,1,53
0,p19917,1,93
0,p19918,1,49
0,p19919,1,23
0,p19920,1,23
0,p19921,1,86
0,p19922,1,29
0,p19923,1,32
0,p19924,1,61
0,p19925,1,78
0,p19926,1,21
0,p19927,1,30
0,p19928,1,52
0,p19929,1,45
0,p19930,1,7
0,p19931,1,33
0,p19932,1,74
0,p19933,1,79
0,p19934,1,40
0,p19935,1,28
0,p19936,1,11
0,p19937,1,45
0,p19938,1,53
0,p19939,1,39
0,p19940,1,48
0,p19941,1,3
0,p19942,1,54
0,p19943,1,94
0,p19944,1,56
0,p19945,1,5
0,p19946,1,49
0,p19947,1,22
0,p19948,1,42
0,p19949,1,66
0,p19950,1,12
0,p19951,1,6
0,p19952,1,100
0,p19953,1,84
0,p19954,1,34
0,p19955,1,40
0,p19956,1,58
0,p19957,1,77
0,p19958,1,38
0,p19959,1,31
0,p19960,1,42
0,p19961,1,7
0,p19962,1,2
0,p19963,1,27
0,p19964,1,95
0,p19965,1,72
0,p19966,1,74
0,p19967,1,28
0,p19968,1,27
0,p19969,1,41
0,p19970,1,46
0,p19971,1,65
0,p19972,1,82
0,p19973,1,81
0,p19974,1,84
0,p19975,1,29
0,p19976,1,98
0,p19977,1,60
0,p19978,1,34
0,p19979,1,87
0,p19980,1,41
0,p19981,1,4
0,p19982,1,22
0,p19983,1,6
0,p19984,1,16
0,p19985,1,50
0,p19986,1,68
0,p19987,1,5
0,p19988,1,2
0,p19989,1,82
0,p19990,1,100
0,p19991,1,36
0,p19992,1,9
0,p19993,1,14
0,p19994,1,65
0,p19995,1,28
0,p19996,1,98
0,p19997,1,40
0,p19998,1,23
0,p19999,1,18
