case,seed,workload,floors,elevators,capacity,assignment,service_order,allowed_delay,passengers,ticks,wall_seconds,status,wait_min,wait_avg,wait_max,travel_max,total_min,total_avg,total_max,invariants,failed,first_failure,peek_checked,determinism_checked
1,0,up_peak,2,1,2,round-robin,request,,181,362,0.004,ok,0,0.895,4,1,1,1.895,5,PASS,,,1,1
2,0,up_peak,2,1,2,round-robin,direction,,33,67,0.001,ok,0,0.97,3,1,1,1.97,4,PASS,,,1,1
3,0,up_peak,2,1,2,round-robin,forecast,80,120,241,0.007,ok,0,1.058,3,1,1,2.058,4,PASS,,,1,1
4,0,up_peak,2,1,2,round-robin,forecast,0,43,84,0.004,ok,0,0.907,2,1,1,1.907,3,PASS,,,1,1
5,0,up_peak,2,1,2,round-robin,forecast,5,137,275,0.008,ok,0,0.847,3,1,1,1.847,4,PASS,,,1,1
6,0,up_peak,2,1,2,round-robin,forecast,none,112,225,0.008,ok,0,1.054,4,1,1,2.054,5,PASS,,,1,1
7,0,up_peak,2,1,2,nearest,request,,67,135,0.009,ok,0,0.791,3,1,1,1.791,4,PASS,,,1,1
8,0,up_peak,2,1,2,nearest,direction,,114,230,0.005,ok,0,0.956,3,1,1,1.956,4,PASS,,,1,1
9,0,up_peak,2,1,2,nearest,forecast,80,62,120,0.01,ok,0,1.306,5,1,1,2.306,6,PASS,,,1,1
10,0,up_peak,2,1,2,nearest,forecast,0,94,189,0.008,ok,0,1.106,5,1,1,2.106,6,PASS,,,1,1
11,0,up_peak,2,1,2,nearest,forecast,5,126,252,0.01,ok,0,1.048,3,1,1,2.048,4,PASS,,,1,1
12,0,up_peak,2,1,2,nearest,forecast,none,52,105,0.006,ok,0,0.923,3,1,1,1.923,4,PASS,,,1,1
13,0,up_peak,2,1,2,forecast,request,,94,189,0.005,ok,0,1.234,5,1,1,2.234,6,PASS,,,1,1
14,0,up_peak,2,1,2,forecast,direction,,59,120,0.034,ok,0,1.186,3,1,1,2.186,4,PASS,,,1,1
15,0,up_peak,2,1,2,forecast,forecast,80,118,237,0.022,ok,0,0.932,3,1,1,1.932,4,PASS,,,1,1
16,0,up_peak,2,1,2,forecast,forecast,0,47,96,0.012,ok,0,0.809,2,1,1,1.809,3,PASS,,,1,1
17,0,up_peak,2,1,2,forecast,forecast,5,11,23,0.002,ok,0,0.727,1,1,1,1.727,2,PASS,,,1,1
18,0,up_peak,2,1,2,forecast,forecast,none,125,250,0.018,ok,0,1.032,3,1,1,2.032,4,PASS,,,1,1
19,0,up_peak,100,1,1000,round-robin,request,,74,1711,0.053,ok,5,811.676,1485,99,59,862.338,1573,PASS,,,1,1
20,0,up_peak,100,1,1000,round-robin,direction,,237,721,0.237,ok,0,99.435,196,99,17,146.696,294,PASS,,,1,1
21,0,up_peak,100,1,1000,round-robin,forecast,80,107,494,3.513,ok,0,98.14,194,99,9,145.28,284,PASS,,,1,1
22,0,up_peak,100,1,1000,round-robin,forecast,0,52,347,2.655,ok,0,87.135,189,98,8,136.25,284,PASS,,,1,1
23,0,up_peak,100,1,1000,round-robin,forecast,5,6,132,0.002,ok,0,26,42,86,4,64,125,PASS,,,1,1
24,0,up_peak,100,1,1000,round-robin,forecast,none,138,551,2.675,ok,0,79.855,195,98,5,122.804,278,PASS,,,1,1
25,0,up_peak,100,1,1000,nearest,request,,240,4234,0.286,ok,0,1879.804,3681,99,12,1927.521,3760,PASS,,,1,1
26,0,up_peak,100,1,1000,nearest,direction,,112,483,0.149,ok,2,89.491,188,98,15,137.688,268,PASS,,,1,1
27,0,up_peak,100,1,1000,nearest,forecast,80,140,417,2.566,ok,0,97.536,200,98,30,145.979,280,PASS,,,1,1
28,0,up_peak,100,1,1000,nearest,forecast,0,46,272,0.631,ok,0,128.543,174,98,28,180.043,265,PASS,,,1,1
29,0,up_peak,100,1,1000,nearest,forecast,5,28,244,0.179,ok,0,97.464,199,95,61,144.857,205,PASS,,,1,1
30,0,up_peak,100,1,1000,nearest,forecast,none,65,399,0.886,ok,0,74.431,197,99,17,121.077,269,PASS,,,1,1
31,0,up_peak,100,1,1000,forecast,request,,42,1239,0.054,ok,0,476.476,1098,92,59,522.738,1160,PASS,,,1,1
32,0,up_peak,100,1,1000,forecast,direction,,74,429,0.12,ok,0,63.432,197,99,8,114.095,282,PASS,,,1,1
33,0,up_peak,100,1,1000,forecast,forecast,80,24,269,0.201,ok,0,129.792,175,90,36,173.708,251,PASS,,,1,1
34,0,up_peak,100,1,1000,forecast,forecast,0,1,33,0.0,ok,0,0,0,32,32,32,32,PASS,,,1,1
35,0,up_peak,100,1,1000,forecast,forecast,5,81,381,4.17,ok,1,94.543,185,97,41,146.765,278,PASS,,,1,1
36,0,up_peak,100,1,1000,forecast,forecast,none,5,226,0.003,ok,0,101.4,128,95,65,151.2,223,PASS,,,1,1
37,0,down_peak,2,1,2,round-robin,request,,100,201,0.021,ok,0,1.02,3,1,1,2.02,4,PASS,,,1,1
38,0,down_peak,2,1,2,round-robin,direction,,150,290,0.05,ok,0,1.167,6,1,1,2.167,7,PASS,,,1,1
39,0,down_peak,2,1,2,round-robin,forecast,80,98,198,0.007,ok,0,0.99,5,1,1,1.99,6,PASS,,,1,1
40,0,down_peak,2,1,2,round-robin,forecast,0,82,163,0.006,ok,0,1,4,1,1,2,5,PASS,,,1,1
41,0,down_peak,2,1,2,round-robin,forecast,5,59,112,0.007,ok,0,0.983,3,1,1,1.983,4,PASS,,,1,1
42,0,down_peak,2,1,2,round-robin,forecast,none,60,121,0.004,ok,0,0.833,3,1,1,1.833,4,PASS,,,1,1
43,0,down_peak,2,1,2,nearest,request,,183,366,0.004,ok,0,0.88,3,1,1,1.88,4,PASS,,,1,1
44,0,down_peak,2,1,2,nearest,direction,,249,495,0.02,ok,0,0.932,3,1,1,1.932,4,PASS,,,1,1
45,0,down_peak,2,1,2,nearest,forecast,80,31,64,0.003,ok,0,0.742,2,1,1,1.742,3,PASS,,,1,1
46,0,down_peak,2,1,2,nearest,forecast,0,76,154,0.005,ok,0,0.947,3,1,1,1.947,4,PASS,,,1,1
47,0,down_peak,2,1,2,nearest,forecast,5,97,193,0.008,ok,0,1.124,4,1,1,2.124,5,PASS,,,1,1
48,0,down_peak,2,1,2,nearest,forecast,none,118,235,0.021,ok,0,0.822,3,1,1,1.822,4,PASS,,,1,1
49,0,down_peak,2,1,2,forecast,request,,94,188,0.005,ok,0,1.255,4,1,1,2.255,5,PASS,,,1,1
50,0,down_peak,2,1,2,forecast,direction,,125,252,0.008,ok,0,1.2,4,1,1,2.2,5,PASS,,,1,1
51,0,down_peak,2,1,2,forecast,forecast,80,72,145,0.034,ok,0,1.514,5,1,1,2.514,6,PASS,,,1,1
52,0,down_peak,2,1,2,forecast,forecast,0,121,241,0.026,ok,0,0.901,4,1,1,1.901,5,PASS,,,1,1
53,0,down_peak,2,1,2,forecast,forecast,5,85,167,0.03,ok,0,0.918,3,1,1,1.918,4,PASS,,,1,1
54,0,down_peak,2,1,2,forecast,forecast,none,4,6,0.001,ok,1,1,1,1,2,2,2,PASS,,,1,1
55,0,down_peak,10,4,1,round-robin,request,,28,86,0.002,ok,2,13.036,33,9,4,18.25,42,PASS,,,1,1
56,0,down_peak,10,4,1,round-robin,direction,,74,187,0.009,ok,1,31.932,134,9,2,36.486,136,PASS,,,1,1
57,0,down_peak,10,4,1,round-robin,forecast,80,116,304,0.041,ok,0,17.207,105,9,1,22,114,PASS,,,1,1
58,0,down_peak,10,4,1,round-robin,forecast,0,20,63,0.003,ok,1,9.8,22,9,2,14.4,26,PASS,,,1,1
59,0,down_peak,10,4,1,round-robin,forecast,5,59,186,0.011,ok,1,15.39,62,9,2,20.424,70,PASS,,,1,1
60,0,down_peak,10,4,1,round-robin,forecast,none,75,190,0.007,ok,0,11.493,117,9,2,16,126,PASS,,,1,1
61,0,down_peak,10,4,1,nearest,request,,13,72,0.001,ok,0,16.923,50,9,4,22.615,54,PASS,,,1,1
62,0,down_peak,10,4,1,nearest,direction,,190,543,0.07,ok,0,77.163,346,9,1,81.953,349,PASS,,,1,1
63,0,down_peak,10,4,1,nearest,forecast,80,33,116,0.008,ok,0,16.182,54,9,2,20.788,63,PASS,,,1,1
64,0,down_peak,10,4,1,nearest,forecast,0,53,181,0.03,ok,0,24.396,77,9,2,29.132,80,PASS,,,1,1
65,0,down_peak,10,4,1,nearest,forecast,5,35,144,0.022,ok,0,18.257,71,9,2,22,75,PASS,,,1,1
66,0,down_peak,10,4,1,nearest,forecast,none,129,364,0.066,ok,0,36.372,254,9,2,41.302,263,PASS,,,1,1
67,0,down_peak,10,4,1,forecast,request,,85,213,0.025,ok,1,22.647,42,9,2,27.4,48,PASS,,,1,1
68,0,down_peak,10,4,1,forecast,direction,,89,259,0.064,ok,1,38.652,204,9,4,43.854,210,PASS,,,1,1
69,0,down_peak,10,4,1,forecast,forecast,80,87,208,0.096,ok,0,16.322,98,9,1,20.954,107,PASS,,,1,1
70,0,down_peak,10,4,1,forecast,forecast,0,75,179,0.044,ok,0,11.573,26,9,2,16.08,35,PASS,,,1,1
71,0,down_peak,10,4,1,forecast,forecast,5,123,307,0.182,ok,0,23.171,61,9,1,27.967,69,PASS,,,1,1
72,0,down_peak,10,4,1,forecast,forecast,none,52,136,0.031,ok,0,10.923,40,9,1,16.077,49,PASS,,,1,1
73,0,lunch,2,1,2,round-robin,request,,124,249,0.004,ok,0,0.806,4,1,1,1.806,5,PASS,,,1,1
74,0,lunch,2,1,2,round-robin,direction,,155,311,0.006,ok,0,0.555,2,1,1,1.555,3,PASS,,,1,1
75,0,lunch,2,1,2,round-robin,forecast,80,77,154,0.006,ok,0,0.519,3,1,1,1.519,4,PASS,,,1,1
76,0,lunch,2,1,2,round-robin,forecast,0,107,216,0.016,ok,0,0.523,2,1,1,1.523,3,PASS,,,1,1
77,0,lunch,2,1,2,round-robin,forecast,5,83,169,0.005,ok,0,0.59,2,1,1,1.59,3,PASS,,,1,1
78,0,lunch,2,1,2,round-robin,forecast,none,2,4,0.0,ok,0,0.5,1,1,1,1.5,2,PASS,,,1,1
79,0,lunch,2,1,2,nearest,request,,288,577,0.009,ok,0,0.788,4,1,1,1.788,5,PASS,,,1,1
80,0,lunch,2,1,2,nearest,direction,,85,165,0.004,ok,0,0.659,3,1,1,1.659,4,PASS,,,1,1
81,0,lunch,2,1,2,nearest,forecast,80,26,54,0.003,ok,0,0.615,3,1,1,1.615,4,PASS,,,1,1
82,0,lunch,2,1,2,nearest,forecast,0,125,250,0.007,ok,0,0.592,3,1,1,1.592,4,PASS,,,1,1
83,0,lunch,2,1,2,nearest,forecast,5,105,212,0.006,ok,0,0.571,2,1,1,1.571,3,PASS,,,1,1
84,0,lunch,2,1,2,nearest,forecast,none,120,241,0.007,ok,0,0.425,2,1,1,1.425,3,PASS,,,1,1
85,0,lunch,2,1,2,forecast,request,,97,195,0.005,ok,0,0.67,2,1,1,1.67,3,PASS,,,1,1
86,0,lunch,2,1,2,forecast,direction,,102,206,0.006,ok,0,0.598,2,1,1,1.598,3,PASS,,,1,1
87,0,lunch,2,1,2,forecast,forecast,80,133,266,0.024,ok,0,0.541,2,1,1,1.541,3,PASS,,,1,1
88,0,lunch,2,1,2,forecast,forecast,0,7,14,0.002,ok,0,0.714,1,1,1,1.714,2,PASS,,,1,1
89,0,lunch,2,1,2,forecast,forecast,5,77,154,0.009,ok,0,0.519,3,1,1,1.519,4,PASS,,,1,1
90,0,lunch,2,1,2,forecast,forecast,none,13,28,0.003,ok,0,0.385,1,1,1,1.385,2,PASS,,,1,1
91,0,lunch,100,1,2,round-robin,request,,23,1669,0.007,ok,89,781.609,1570,99,178,826.13,1625,PASS,,,1,1
92,0,lunch,100,1,2,round-robin,direction,,104,3310,0.651,ok,0,1556.423,3199,99,31,1602.279,3202,PASS,,,1,1
93,0,lunch,100,1,2,round-robin,forecast,80,52,1471,0.367,ok,4,583.788,1331,97,15,625.923,1373,PASS,,,1,1
94,0,lunch,100,1,2,round-robin,forecast,0,27,1000,0.145,ok,32,399.074,929,98,45,444.556,948,PASS,,,1,1
95,0,lunch,100,1,2,round-robin,forecast,5,88,2625,2.059,ok,9,1032.307,2398,97,31,1072.477,2451,PASS,,,1,1
96,0,lunch,100,1,2,round-robin,forecast,none,52,1438,0.381,ok,9,486.058,1303,97,22,528.192,1334,PASS,,,1,1
97,0,lunch,100,1,2,nearest,request,,73,4735,0.062,ok,0,2188.041,4511,99,70,2233.699,4590,PASS,,,1,1
98,0,lunch,100,1,2,nearest,direction,,51,1820,0.095,ok,4,861.294,1766,99,62,912.608,1772,PASS,,,1,1
99,0,lunch,100,1,2,nearest,forecast,80,20,724,0.061,ok,2,268.35,613,89,21,312.05,693,PASS,,,1,1
100,0,lunch,100,1,2,nearest,forecast,0,35,1434,0.276,ok,0,595.886,1287,96,61,642.429,1367,PASS,,,1,1
101,0,lunch,100,1,2,nearest,forecast,5,141,4707,6.33,ok,1,1927.064,4371,98,2,1975.128,4434,PASS,,,1,1
102,0,lunch,100,1,2,nearest,forecast,none,69,2756,1.158,ok,10,962.246,2587,99,30,1016,2640,PASS,,,1,1
103,0,lunch,100,1,2,forecast,request,,54,3692,0.083,ok,14,1793.333,3527,99,28,1844.352,3586,PASS,,,1,1
104,0,lunch,100,1,2,forecast,direction,,143,4988,1.667,ok,0,2186.273,4634,99,35,2236.469,4710,PASS,,,1,1
105,0,lunch,100,1,2,forecast,forecast,80,88,2281,4.191,ok,9,957.58,2056,97,31,997.75,2109,PASS,,,1,1
106,0,lunch,100,1,2,forecast,forecast,0,27,1000,0.31,ok,32,399.074,929,98,45,444.556,948,PASS,,,1,1
107,0,lunch,100,1,2,forecast,forecast,5,54,1972,1.908,ok,14,867.889,1831,99,28,918.907,1867,PASS,,,1,1
108,0,lunch,100,1,2,forecast,forecast,none,14,534,0.044,ok,0,165.857,424,89,29,219.5,513,PASS,,,1,1
109,0,interfloor,2,1,2,round-robin,request,,87,172,0.003,ok,0,0.931,4,1,1,1.931,5,PASS,,,1,1
110,0,interfloor,2,1,2,round-robin,direction,,44,90,0.002,ok,0,0.568,1,1,1,1.568,2,PASS,,,1,1
111,0,interfloor,2,1,2,round-robin,forecast,80,126,251,0.024,ok,0,0.579,3,1,1,1.579,4,PASS,,,1,1
112,0,interfloor,2,1,2,round-robin,forecast,0,72,145,0.008,ok,0,0.681,3,1,1,1.681,4,PASS,,,1,1
113,0,interfloor,2,1,2,round-robin,forecast,5,58,116,0.008,ok,0,0.672,2,1,1,1.672,3,PASS,,,1,1
114,0,interfloor,2,1,2,round-robin,forecast,none,56,112,0.054,ok,0,0.518,2,1,1,1.518,3,PASS,,,1,1
115,0,interfloor,2,1,2,nearest,request,,139,279,0.005,ok,0,0.856,3,1,1,1.856,4,PASS,,,1,1
116,0,interfloor,2,1,2,nearest,direction,,9,11,0.0,ok,0,0.556,1,1,1,1.556,2,PASS,,,1,1
117,0,interfloor,2,1,2,nearest,forecast,80,6,13,0.001,ok,0,0.5,1,1,1,1.5,2,PASS,,,1,1
118,0,interfloor,2,1,2,nearest,forecast,0,61,122,0.004,ok,0,0.574,2,1,1,1.574,3,PASS,,,1,1
119,0,interfloor,2,1,2,nearest,forecast,5,37,75,0.017,ok,0,0.757,3,1,1,1.757,4,PASS,,,1,1
120,0,interfloor,2,1,2,nearest,forecast,none,136,270,0.007,ok,0,0.515,2,1,1,1.515,3,PASS,,,1,1
121,0,interfloor,2,1,2,forecast,request,,134,269,0.006,ok,0,0.761,3,1,1,1.761,4,PASS,,,1,1
122,0,interfloor,2,1,2,forecast,direction,,113,221,0.006,ok,0,0.593,4,1,1,1.593,5,PASS,,,1,1
123,0,interfloor,2,1,2,forecast,forecast,80,60,119,0.012,ok,0,0.433,2,1,1,1.433,3,PASS,,,1,1
124,0,interfloor,2,1,2,forecast,forecast,0,123,240,0.015,ok,0,0.528,2,1,1,1.528,3,PASS,,,1,1
125,0,interfloor,2,1,2,forecast,forecast,5,43,85,0.02,ok,0,0.512,2,1,1,1.512,3,PASS,,,1,1
126,0,interfloor,2,1,2,forecast,forecast,none,68,131,0.019,ok,0,0.765,3,1,1,1.765,4,PASS,,,1,1
127,0,interfloor,3,2,10,round-robin,request,,266,535,0.005,ok,0,1.18,5,2,1,2.534,6,PASS,,,1,1
128,0,interfloor,3,2,10,round-robin,direction,,209,422,0.005,ok,0,0.995,3,2,1,2.335,5,PASS,,,1,1
129,0,interfloor,3,2,10,round-robin,forecast,80,1,5,0.0,ok,2,2,2,1,3,3,3,PASS,,,1,1
130,0,interfloor,3,2,10,round-robin,forecast,0,9,22,0.001,ok,0,0.667,3,2,1,2,5,PASS,,,1,1
131,0,interfloor,3,2,10,round-robin,forecast,5,118,239,0.006,ok,0,0.915,3,2,1,2.263,5,PASS,,,1,1
132,0,interfloor,3,2,10,round-robin,forecast,none,16,32,0.001,ok,0,1.125,3,2,1,2.438,5,PASS,,,1,1
133,0,interfloor,3,2,10,nearest,request,,199,403,0.027,ok,0,0.834,4,2,1,2.146,5,PASS,,,1,1
134,0,interfloor,3,2,10,nearest,direction,,36,71,0.002,ok,0,0.861,3,2,1,2.333,4,PASS,,,1,1
135,0,interfloor,3,2,10,nearest,forecast,80,124,245,0.024,ok,0,0.532,2,2,1,1.911,4,PASS,,,1,1
136,0,interfloor,3,2,10,nearest,forecast,0,72,144,0.012,ok,0,0.597,3,2,1,1.917,5,PASS,,,1,1
137,0,interfloor,3,2,10,nearest,forecast,5,56,113,0.01,ok,0,0.714,3,2,1,2.179,4,PASS,,,1,1
138,0,interfloor,3,2,10,nearest,forecast,none,7,17,0.001,ok,0,0.571,1,2,1,2,3,PASS,,,1,1
139,0,interfloor,3,2,10,forecast,request,,109,221,0.008,ok,0,0.679,3,2,1,2.092,4,PASS,,,1,1
140,0,interfloor,3,2,10,forecast,direction,,27,55,0.004,ok,0,0.704,2,2,1,2.111,4,PASS,,,1,1
141,0,interfloor,3,2,10,forecast,forecast,80,75,153,0.013,ok,0,0.4,2,2,1,1.747,4,PASS,,,1,1
142,0,interfloor,3,2,10,forecast,forecast,0,55,113,0.021,ok,0,0.782,3,2,1,2.182,4,PASS,,,1,1
143,0,interfloor,3,2,10,forecast,forecast,5,85,168,0.014,ok,0,0.588,2,2,1,1.894,4,PASS,,,1,1
144,0,interfloor,3,2,10,forecast,forecast,none,59,119,0.068,ok,0,0.661,3,2,1,1.881,4,PASS,,,1,1
145,0,hot_floor,2,1,2,round-robin,request,,115,228,0.008,ok,0,0.704,2,1,1,1.704,3,PASS,,,1,1
146,0,hot_floor,2,1,2,round-robin,direction,,299,597,0.007,ok,0,0.592,3,1,1,1.592,4,PASS,,,1,1
147,0,hot_floor,2,1,2,round-robin,forecast,80,36,70,0.016,ok,0,0.611,1,1,1,1.611,2,PASS,,,1,1
148,0,hot_floor,2,1,2,round-robin,forecast,0,10,22,0.001,ok,0,0.9,2,1,1,1.9,3,PASS,,,1,1
149,0,hot_floor,2,1,2,round-robin,forecast,5,140,280,0.008,ok,0,0.764,3,1,1,1.764,4,PASS,,,1,1
150,0,hot_floor,2,1,2,round-robin,forecast,none,128,253,0.026,ok,0,0.75,3,1,1,1.75,4,PASS,,,1,1
151,0,hot_floor,2,1,2,nearest,request,,243,487,0.005,ok,0,0.708,3,1,1,1.708,4,PASS,,,1,1
152,0,hot_floor,2,1,2,nearest,direction,,78,157,0.003,ok,0,0.577,3,1,1,1.577,4,PASS,,,1,1
153,0,hot_floor,2,1,2,nearest,forecast,80,40,81,0.004,ok,0,0.525,3,1,1,1.525,4,PASS,,,1,1
154,0,hot_floor,2,1,2,nearest,forecast,0,97,195,0.038,ok,0,0.546,2,1,1,1.546,3,PASS,,,1,1
155,0,hot_floor,2,1,2,nearest,forecast,5,109,219,0.01,ok,0,0.569,2,1,1,1.569,3,PASS,,,1,1
156,0,hot_floor,2,1,2,nearest,forecast,none,51,98,0.005,ok,0,0.529,2,1,1,1.529,3,PASS,,,1,1
157,0,hot_floor,2,1,2,forecast,request,,61,120,0.005,ok,0,0.705,3,1,1,1.705,4,PASS,,,1,1
158,0,hot_floor,2,1,2,forecast,direction,,88,177,0.005,ok,0,0.682,3,1,1,1.682,4,PASS,,,1,1
159,0,hot_floor,2,1,2,forecast,forecast,80,28,58,0.016,ok,0,0.464,1,1,1,1.464,2,PASS,,,1,1
160,0,hot_floor,2,1,2,forecast,forecast,0,66,128,0.013,ok,0,0.742,3,1,1,1.742,4,PASS,,,1,1
161,0,hot_floor,2,1,2,forecast,forecast,5,81,163,0.01,ok,0,0.519,2,1,1,1.519,3,PASS,,,1,1
162,0,hot_floor,2,1,2,forecast,forecast,none,103,207,0.014,ok,0,0.515,2,1,1,1.515,3,PASS,,,1,1
163,0,hot_floor,10,2,1,round-robin,request,,165,476,0.032,ok,3,70.297,145,6,4,73.255,148,PASS,,,1,1
164,0,hot_floor,10,2,1,round-robin,direction,,249,549,0.015,ok,0,19.157,85,5,1,22.088,87,PASS,,,1,1
165,0,hot_floor,10,2,1,round-robin,forecast,80,112,276,0.068,ok,0,24.464,124,7,3,28.036,131,PASS,,,1,1
166,0,hot_floor,10,2,1,round-robin,forecast,0,55,132,0.472,ok,1,9.036,25,6,2,12.091,29,PASS,,,1,1
167,0,hot_floor,10,2,1,round-robin,forecast,5,47,123,0.016,ok,0,14.064,35,7,1,17.468,42,PASS,,,1,1
168,0,hot_floor,10,2,1,round-robin,forecast,none,37,111,0.009,ok,0,10.243,43,7,1,14.162,50,PASS,,,1,1
169,0,hot_floor,10,2,1,nearest,request,,149,603,0.062,ok,1,122.289,317,8,8,126.389,322,PASS,,,1,1
170,0,hot_floor,10,2,1,nearest,direction,,217,559,0.037,ok,0,59.253,360,7,3,62.903,361,PASS,,,1,1
171,0,hot_floor,10,2,1,nearest,forecast,80,73,254,0.081,ok,0,34.767,118,9,1,40.027,125,PASS,,,1,1
172,0,hot_floor,10,2,1,nearest,forecast,0,32,121,0.038,ok,3,23.562,52,9,7,28.719,60,PASS,,,1,1
173,0,hot_floor,10,2,1,nearest,forecast,5,67,229,0.057,ok,0,35.119,98,9,1,39.701,105,PASS,,,1,1
174,0,hot_floor,10,2,1,nearest,forecast,none,34,99,0.006,ok,0,5.912,31,5,1,8.441,36,PASS,,,1,1
175,0,hot_floor,10,2,1,forecast,request,,116,270,0.02,ok,0,16.095,41,5,1,18.716,44,PASS,,,1,1
176,0,hot_floor,10,2,1,forecast,direction,,104,234,0.035,ok,0,13.087,55,6,1,16.471,57,PASS,,,1,1
177,0,hot_floor,10,2,1,forecast,forecast,80,44,93,0.035,ok,0,3.977,21,5,1,6.386,26,PASS,,,1,1
178,0,hot_floor,10,2,1,forecast,forecast,0,123,322,0.413,ok,0,35.252,78,8,2,39.382,84,PASS,,,1,1
179,0,hot_floor,10,2,1,forecast,forecast,5,58,120,0.196,ok,0,7.19,18,5,1,9.966,21,PASS,,,1,1
180,0,hot_floor,10,2,1,forecast,forecast,none,68,150,0.027,ok,0,5.191,26,6,1,8.059,30,PASS,,,1,1
181,0,all_at_0,2,1,2,round-robin,request,,278,231,0.31,ok,0,115.327,230,1,1,116.327,231,PASS,,,1,1
182,0,all_at_0,2,1,2,round-robin,direction,,268,139,0.761,ok,0,66.578,138,1,1,67.578,139,PASS,,,1,1
183,0,all_at_0,2,1,2,round-robin,forecast,80,55,31,17.805,ok,0,13.545,30,1,1,14.545,31,PASS,,,1,1
184,0,all_at_0,2,1,2,round-robin,forecast,0,6,6,0.002,ok,0,2.167,5,1,1,3.167,6,PASS,,,1,1
185,0,all_at_0,2,1,2,round-robin,forecast,5,49,25,0.626,ok,0,11.755,24,1,1,12.755,25,PASS,,,1,1
186,0,all_at_0,2,1,2,round-robin,forecast,none,12,8,0.012,ok,0,3,7,1,1,4,8,PASS,,,1,1
187,0,all_at_0,2,1,2,nearest,request,,75,63,0.048,ok,0,31.573,62,1,1,32.573,63,PASS,,,1,1
188,0,all_at_0,2,1,2,nearest,direction,,246,124,0.632,ok,0,61.008,123,1,1,62.008,124,PASS,,,1,1
189,0,all_at_0,2,1,2,nearest,forecast,80,29,16,0.148,ok,0,6.793,15,1,1,7.793,16,PASS,,,1,1
190,0,all_at_0,2,1,2,nearest,forecast,0,45,27,0.53,ok,0,11.111,26,1,1,12.111,27,PASS,,,1,1
191,0,all_at_0,2,1,2,nearest,forecast,5,33,19,0.201,ok,0,8.03,18,1,1,9.03,19,PASS,,,1,1
192,0,all_at_0,2,1,2,nearest,forecast,none,45,27,0.54,ok,0,11.111,26,1,1,12.111,27,PASS,,,1,1
193,0,all_at_0,2,1,2,forecast,request,,46,34,0.042,ok,1,16.457,33,1,2,17.457,34,PASS,,,1,1
194,0,all_at_0,2,1,2,forecast,direction,,35,20,0.034,ok,0,8.371,19,1,1,9.371,20,PASS,,,1,1
195,0,all_at_0,2,1,2,forecast,forecast,80,45,27,1.062,ok,0,11.111,26,1,1,12.111,27,PASS,,,1,1
196,0,all_at_0,2,1,2,forecast,forecast,0,10,7,0.024,ok,0,2.3,6,1,1,3.3,7,PASS,,,1,1
197,0,all_at_0,2,1,2,forecast,forecast,5,46,26,1.047,ok,0,11.152,25,1,1,12.152,26,PASS,,,1,1
198,0,all_at_0,2,1,2,forecast,forecast,none,54,31,1.848,ok,0,13.37,30,1,1,14.37,31,PASS,,,1,1
199,0,all_at_0,10,1,10,round-robin,request,,100,636,0.064,ok,3,316.11,632,9,5,319.75,636,PASS,,,1,1
200,0,all_at_0,10,1,10,round-robin,direction,,65,50,0.048,ok,0,15.246,43,9,2,18.831,50,PASS,,,1,1
201,0,all_at_0,10,1,10,round-robin,forecast,80,50,49,2.42,ok,0,16.44,42,9,1,20,49,PASS,,,1,1
202,0,all_at_0,10,1,10,round-robin,forecast,0,28,32,0.149,ok,0,9.714,25,8,2,12.893,32,PASS,,,1,1
203,0,all_at_0,10,1,10,round-robin,forecast,5,28,22,0.147,ok,0,10.929,19,8,2,14.107,22,PASS,,,1,1
204,0,all_at_0,10,1,10,round-robin,forecast,none,1,7,0.0,ok,6,6,6,1,7,7,7,PASS,,,1,1
205,0,all_at_0,10,1,10,nearest,request,,160,913,0.226,ok,9,449.525,907,9,16,452.994,913,PASS,,,1,1
206,0,all_at_0,10,1,10,nearest,direction,,40,36,0.021,ok,0,8.8,32,8,3,12.3,36,PASS,,,1,1
207,0,all_at_0,10,1,10,nearest,forecast,80,6,16,0.002,ok,1,7.5,13,5,6,10.5,16,PASS,,,1,1
208,0,all_at_0,10,1,10,nearest,forecast,0,26,48,0.126,ok,2,17.5,46,7,3,20.692,48,PASS,,,1,1
209,0,all_at_0,10,1,10,nearest,forecast,5,43,37,0.493,ok,1,12.744,34,8,3,16.465,37,PASS,,,1,1
210,0,all_at_0,10,1,10,nearest,forecast,none,52,37,0.272,ok,0,12.808,33,8,1,16.365,37,PASS,,,1,1
211,0,all_at_0,10,1,10,forecast,request,,34,195,0.038,ok,7,100.5,191,9,8,104,195,PASS,,,1,1
212,0,all_at_0,10,1,10,forecast,direction,,35,24,0.05,ok,0,8.543,21,9,1,12.2,24,PASS,,,1,1
213,0,all_at_0,10,1,10,forecast,forecast,80,14,34,0.046,ok,0,9.571,25,9,4,13.214,34,PASS,,,1,1
214,0,all_at_0,10,1,10,forecast,forecast,0,30,43,0.35,ok,0,12,35,8,1,15.533,43,PASS,,,1,1
215,0,all_at_0,10,1,10,forecast,forecast,5,24,34,0.187,ok,0,10.292,28,8,2,14.417,34,PASS,,,1,1
216,0,all_at_0,10,1,10,forecast,forecast,none,25,24,0.22,ok,0,10.32,20,9,2,13.4,24,PASS,,,1,1
217,0,bursts,2,1,2,round-robin,request,,229,1051,0.011,ok,0,4.118,13,1,1,5.118,14,PASS,,,1,1
218,0,bursts,2,1,2,round-robin,direction,,146,614,0.015,ok,0,2.281,8,1,1,3.281,9,PASS,,,1,1
219,0,bursts,2,1,2,round-robin,forecast,80,115,501,0.054,ok,0,2.4,11,1,1,3.4,12,PASS,,,1,1
220,0,bursts,2,1,2,round-robin,forecast,0,74,343,0.051,ok,0,2.419,9,1,1,3.419,10,PASS,,,1,1
221,0,bursts,2,1,2,round-robin,forecast,5,49,140,0.086,ok,0,3.204,9,1,1,4.204,10,PASS,,,1,1
222,0,bursts,2,1,2,round-robin,forecast,none,63,258,0.052,ok,0,2.603,11,1,1,3.603,12,PASS,,,1,1
223,0,bursts,2,1,2,nearest,request,,33,112,0.004,ok,0,4.848,10,1,1,5.848,11,PASS,,,1,1
224,0,bursts,2,1,2,nearest,direction,,297,1328,0.021,ok,0,2.424,10,1,1,3.424,11,PASS,,,1,1
225,0,bursts,2,1,2,nearest,forecast,80,9,56,0.003,ok,0,1.444,3,1,1,2.444,4,PASS,,,1,1
226,0,bursts,2,1,2,nearest,forecast,0,16,115,0.006,ok,0,1.438,6,1,1,2.438,7,PASS,,,1,1
227,0,bursts,2,1,2,nearest,forecast,5,68,261,0.038,ok,0,2.426,8,1,1,3.426,9,PASS,,,1,1
228,0,bursts,2,1,2,nearest,forecast,none,34,149,0.027,ok,0,2.118,7,1,1,3.118,8,PASS,,,1,1
229,0,bursts,2,1,2,forecast,request,,8,36,0.002,ok,0,2,4,1,1,3,5,PASS,,,1,1
230,0,bursts,2,1,2,forecast,direction,,9,56,0.002,ok,0,1.444,3,1,1,2.444,4,PASS,,,1,1
231,0,bursts,2,1,2,forecast,forecast,80,60,174,0.069,ok,0,2.483,9,1,1,3.483,10,PASS,,,1,1
232,0,bursts,2,1,2,forecast,forecast,0,118,517,0.157,ok,0,2.449,9,1,1,3.449,10,PASS,,,1,1
233,0,bursts,2,1,2,forecast,forecast,5,129,767,0.119,ok,0,2.217,8,1,1,3.217,9,PASS,,,1,1
234,0,bursts,2,1,2,forecast,forecast,none,57,268,0.306,ok,0,2.175,6,1,1,3.175,7,PASS,,,1,1
235,0,bursts,100,10,1,round-robin,request,,255,6667,0.037,ok,0,46.122,246,95,4,80.498,326,PASS,,,1,1
236,0,bursts,100,10,1,round-robin,direction,,151,3687,0.196,ok,0,45.695,192,94,7,76.033,262,PASS,,,1,1
237,0,bursts,100,10,1,round-robin,forecast,80,80,2187,0.049,ok,1,41.237,117,92,4,77.15,162,PASS,,,1,1
238,0,bursts,100,10,1,round-robin,forecast,0,62,2421,0.036,ok,0,38.855,152,91,6,71.871,234,PASS,,,1,1
239,0,bursts,100,10,1,round-robin,forecast,5,20,343,0.005,ok,3,43.45,97,82,17,76.95,133,PASS,,,1,1
240,0,bursts,100,10,1,round-robin,forecast,none,127,4529,0.029,ok,0,40.079,136,98,1,73.472,190,PASS,,,1,1
241,0,bursts,100,10,1,nearest,request,,224,6016,0.06,ok,0,55.335,482,96,1,89.951,562,PASS,,,1,1
242,0,bursts,100,10,1,nearest,direction,,185,6559,0.081,ok,0,67.049,508,97,1,102.097,564,PASS,,,1,1
243,0,bursts,100,10,1,nearest,forecast,80,64,2000,0.02,ok,0,41.078,470,90,3,73.438,537,PASS,,,1,1
244,0,bursts,100,10,1,nearest,forecast,0,33,823,0.011,ok,0,32.182,144,79,2,63.091,185,PASS,,,1,1
245,0,bursts,100,10,1,nearest,forecast,5,14,491,0.008,ok,3,77.5,160,72,4,99.857,196,PASS,,,1,1
246,0,bursts,100,10,1,nearest,forecast,none,54,2121,0.062,ok,0,79.722,465,84,9,114.741,529,PASS,,,1,1
247,0,bursts,100,10,1,forecast,request,,52,2310,0.042,ok,0,17.192,92,69,5,47.942,155,PASS,,,1,1
248,0,bursts,100,10,1,forecast,direction,,109,2487,0.077,ok,0,19.624,92,94,1,52.138,156,PASS,,,1,1
249,0,bursts,100,10,1,forecast,forecast,80,117,3521,0.191,ok,0,20.675,96,87,3,54.034,156,PASS,,,1,1
250,0,bursts,100,10,1,forecast,forecast,0,107,2110,0.131,ok,0,19.72,98,88,3,50.093,169,PASS,,,1,1
251,0,bursts,100,10,1,forecast,forecast,5,12,388,0.037,ok,2,24.583,58,47,9,48.833,105,PASS,,,1,1
252,0,bursts,100,10,1,forecast,forecast,none,81,2958,0.146,ok,0,15.506,70,93,3,49.012,139,PASS,,,1,1
253,0,sparse,2,1,2,round-robin,request,,179,723,0.005,ok,0,0.469,1,1,1,1.469,2,PASS,,,1,1
254,0,sparse,2,1,2,round-robin,direction,,63,246,0.002,ok,0,0.508,1,1,1,1.508,2,PASS,,,1,1
255,0,sparse,2,1,2,round-robin,forecast,80,139,560,0.008,ok,0,0.54,1,1,1,1.54,2,PASS,,,1,1
256,0,sparse,2,1,2,round-robin,forecast,0,36,146,0.011,ok,0,0.583,1,1,1,1.583,2,PASS,,,1,1
257,0,sparse,2,1,2,round-robin,forecast,5,112,451,0.033,ok,0,0.509,1,1,1,1.509,2,PASS,,,1,1
258,0,sparse,2,1,2,round-robin,forecast,none,130,535,0.005,ok,0,0.462,1,1,1,1.462,2,PASS,,,1,1
259,0,sparse,2,1,2,nearest,request,,1,8,0.0,ok,1,1,1,1,2,2,2,PASS,,,1,1
260,0,sparse,2,1,2,nearest,direction,,252,984,0.006,ok,0,0.552,1,1,1,1.552,2,PASS,,,1,1
261,0,sparse,2,1,2,nearest,forecast,80,40,162,0.003,ok,0,0.6,1,1,1,1.6,2,PASS,,,1,1
262,0,sparse,2,1,2,nearest,forecast,0,94,367,0.004,ok,0,0.521,1,1,1,1.521,2,PASS,,,1,1
263,0,sparse,2,1,2,nearest,forecast,5,30,115,0.002,ok,0,0.6,1,1,1,1.6,2,PASS,,,1,1
264,0,sparse,2,1,2,nearest,forecast,none,104,424,0.004,ok,0,0.452,1,1,1,1.452,2,PASS,,,1,1
265,0,sparse,2,1,2,forecast,request,,118,477,0.005,ok,0,0.534,1,1,1,1.534,2,PASS,,,1,1
266,0,sparse,2,1,2,forecast,direction,,50,205,0.035,ok,0,0.52,1,1,1,1.52,2,PASS,,,1,1
267,0,sparse,2,1,2,forecast,forecast,80,45,161,0.007,ok,0,0.378,1,1,1,1.378,2,PASS,,,1,1
268,0,sparse,2,1,2,forecast,forecast,0,66,264,0.005,ok,0,0.515,1,1,1,1.515,2,PASS,,,1,1
269,0,sparse,2,1,2,forecast,forecast,5,24,91,0.003,ok,0,0.458,1,1,1,1.458,2,PASS,,,1,1
270,0,sparse,2,1,2,forecast,forecast,none,3,16,0.001,ok,1,1,1,1,2,2,2,PASS,,,1,1
271,0,sparse,10,2,2,round-robin,request,,228,4534,0.021,ok,0,3.11,9,9,1,6.763,17,PASS,,,1,1
272,0,sparse,10,2,2,round-robin,direction,,172,3372,0.031,ok,0,3.424,9,9,1,6.669,16,PASS,,,1,1
273,0,sparse,10,2,2,round-robin,forecast,80,125,2583,0.008,ok,0,3.384,9,9,1,7.256,18,PASS,,,1,1
274,0,sparse,10,2,2,round-robin,forecast,0,8,179,0.001,ok,0,3.375,8,6,3,6.75,11,PASS,,,1,1
275,0,sparse,10,2,2,round-robin,forecast,5,91,1810,0.006,ok,0,3.33,9,9,1,7.286,16,PASS,,,1,1
276,0,sparse,10,2,2,round-robin,forecast,none,125,2583,0.008,ok,0,3.384,9,9,1,7.256,18,PASS,,,1,1
277,0,sparse,10,2,2,nearest,request,,29,575,0.002,ok,0,2.276,6,8,3,6.034,12,PASS,,,1,1
278,0,sparse,10,2,2,nearest,direction,,82,1798,0.007,ok,0,2.024,9,9,1,5.415,13,PASS,,,1,1
279,0,sparse,10,2,2,nearest,forecast,80,99,2031,0.01,ok,0,2.525,8,9,1,6.242,16,PASS,,,1,1
280,0,sparse,10,2,2,nearest,forecast,0,107,2171,0.007,ok,0,2.327,9,9,1,6.121,15,PASS,,,1,1
281,0,sparse,10,2,2,nearest,forecast,5,57,1259,0.063,ok,0,2.228,8,8,2,5.965,15,PASS,,,1,1
282,0,sparse,10,2,2,nearest,forecast,none,48,968,0.006,ok,0,2.479,8,9,2,7.271,15,PASS,,,1,1
283,0,sparse,10,2,2,forecast,request,,133,2667,0.011,ok,0,2.278,8,9,1,5.361,15,PASS,,,1,1
284,0,sparse,10,2,2,forecast,direction,,139,2750,0.012,ok,0,2.144,8,9,1,5.748,13,PASS,,,1,1
285,0,sparse,10,2,2,forecast,forecast,80,34,722,0.009,ok,0,2.382,8,9,1,5.824,16,PASS,,,1,1
286,0,sparse,10,2,2,forecast,forecast,0,31,622,0.014,ok,0,2.065,7,8,1,6.161,15,PASS,,,1,1
287,0,sparse,10,2,2,forecast,forecast,5,95,1894,0.034,ok,0,1.842,9,9,1,5.495,17,PASS,,,1,1
288,0,sparse,10,2,2,forecast,forecast,none,95,1894,0.022,ok,0,1.842,9,9,1,5.495,17,PASS,,,1,1
289,0,starvation,2,1,2,round-robin,request,,120,121,0.006,ok,1,1.5,2,1,2,2.5,3,PASS,,,1,1
290,0,starvation,2,1,2,round-robin,direction,,22,21,0.001,ok,0,0.455,1,1,1,1.455,2,PASS,,,1,1
291,0,starvation,2,1,2,round-robin,forecast,80,142,141,0.007,ok,0,0.493,1,1,1,1.493,2,PASS,,,1,1
292,0,starvation,2,1,2,round-robin,forecast,0,112,111,0.009,ok,0,0.491,1,1,1,1.491,2,PASS,,,1,1
293,0,starvation,2,1,2,round-robin,forecast,5,144,143,0.007,ok,0,0.493,1,1,1,1.493,2,PASS,,,1,1
294,0,starvation,2,1,2,round-robin,forecast,none,117,117,0.013,ok,0,0.496,1,1,1,1.496,2,PASS,,,1,1
295,0,starvation,2,1,2,nearest,request,,237,237,0.01,ok,0,0.498,1,1,1,1.498,2,PASS,,,1,1
296,0,starvation,2,1,2,nearest,direction,,258,257,0.009,ok,0,0.496,1,1,1,1.496,2,PASS,,,1,1
297,0,starvation,2,1,2,nearest,forecast,80,89,89,0.005,ok,0,0.506,1,1,1,1.506,2,PASS,,,1,1
298,0,starvation,2,1,2,nearest,forecast,0,145,145,0.007,ok,0,0.503,1,1,1,1.503,2,PASS,,,1,1
299,0,starvation,2,1,2,nearest,forecast,5,10,9,0.001,ok,0,0.5,1,1,1,1.5,2,PASS,,,1,1
300,0,starvation,2,1,2,nearest,forecast,none,97,97,0.005,ok,0,0.505,1,1,1,1.505,2,PASS,,,1,1
301,0,starvation,2,1,2,forecast,request,,35,35,0.004,ok,1,1.486,2,1,2,2.486,3,PASS,,,1,1
302,0,starvation,2,1,2,forecast,direction,,13,13,0.001,ok,0,0.462,1,1,1,1.462,2,PASS,,,1,1
303,0,starvation,2,1,2,forecast,forecast,80,34,33,0.017,ok,0,0.5,1,1,1,1.5,2,PASS,,,1,1
304,0,starvation,2,1,2,forecast,forecast,0,81,81,0.01,ok,0,0.506,1,1,1,1.506,2,PASS,,,1,1
305,0,starvation,2,1,2,forecast,forecast,5,129,129,0.03,ok,0,0.496,1,1,1,1.496,2,PASS,,,1,1
306,0,starvation,2,1,2,forecast,forecast,none,39,39,0.008,ok,0,0.487,1,1,1,1.487,2,PASS,,,1,1
307,0,starvation,2,4,10,round-robin,request,,18,7,0.001,ok,0,0.556,1,1,1,1.556,2,PASS,,,1,1
308,0,starvation,2,4,10,round-robin,direction,,295,99,0.006,ok,0,0.661,1,1,1,1.661,2,PASS,,,1,1
309,0,starvation,2,4,10,round-robin,forecast,80,91,31,0.005,ok,0,0.648,1,1,1,1.648,2,PASS,,,1,1
310,0,starvation,2,4,10,round-robin,forecast,0,98,34,0.005,ok,0,0.653,1,1,1,1.653,2,PASS,,,1,1
311,0,starvation,2,4,10,round-robin,forecast,5,92,32,0.005,ok,0,0.652,1,1,1,1.652,2,PASS,,,1,1
312,0,starvation,2,4,10,round-robin,forecast,none,55,19,0.283,ok,0,0.618,1,1,1,1.618,2,PASS,,,1,1
313,0,starvation,2,4,10,nearest,request,,292,97,0.005,ok,0,0.493,1,1,1,1.493,2,PASS,,,1,1
314,0,starvation,2,4,10,nearest,direction,,128,43,0.005,ok,0,0.5,1,1,1,1.5,2,PASS,,,1,1
315,0,starvation,2,4,10,nearest,forecast,80,90,31,0.008,ok,0,0.489,1,1,1,1.489,2,PASS,,,1,1
316,0,starvation,2,4,10,nearest,forecast,0,44,15,0.004,ok,0,0.5,1,1,1,1.5,2,PASS,,,1,1
317,0,starvation,2,4,10,nearest,forecast,5,123,41,0.007,ok,0,0.496,1,1,1,1.496,2,PASS,,,1,1
318,0,starvation,2,4,10,nearest,forecast,none,133,45,0.007,ok,0,0.496,1,1,1,1.496,2,PASS,,,1,1
319,0,starvation,2,4,10,forecast,request,,15,5,0.024,ok,0,0.4,1,1,1,1.4,2,PASS,,,1,1
320,0,starvation,2,4,10,forecast,direction,,87,29,0.014,ok,0,0.494,1,1,1,1.494,2,PASS,,,1,1
321,0,starvation,2,4,10,forecast,forecast,80,47,17,0.055,ok,0,0.468,1,1,1,1.468,2,PASS,,,1,1
322,0,starvation,2,4,10,forecast,forecast,0,43,15,0.038,ok,0,0.488,1,1,1,1.488,2,PASS,,,1,1
323,0,starvation,2,4,10,forecast,forecast,5,57,19,0.303,ok,0,0.491,1,1,1,1.491,2,PASS,,,1,1
324,0,starvation,2,4,10,forecast,forecast,none,75,25,0.048,ok,0,0.48,1,1,1,1.48,2,PASS,,,1,1
325,0,adjacent,2,1,2,round-robin,request,,222,444,0.005,ok,0,0.919,4,1,1,1.919,5,PASS,,,1,1
326,0,adjacent,2,1,2,round-robin,direction,,116,234,0.004,ok,0,0.552,2,1,1,1.552,3,PASS,,,1,1
327,0,adjacent,2,1,2,round-robin,forecast,80,144,288,0.007,ok,0,0.507,3,1,1,1.507,4,PASS,,,1,1
328,0,adjacent,2,1,2,round-robin,forecast,0,57,114,0.017,ok,0,0.596,2,1,1,1.596,3,PASS,,,1,1
329,0,adjacent,2,1,2,round-robin,forecast,5,72,146,0.004,ok,0,0.5,2,1,1,1.5,3,PASS,,,1,1
330,0,adjacent,2,1,2,round-robin,forecast,none,92,179,0.005,ok,0,0.609,3,1,1,1.609,4,PASS,,,1,1
331,0,adjacent,2,1,2,nearest,request,,138,278,0.017,ok,0,0.746,4,1,1,1.746,5,PASS,,,1,1
332,0,adjacent,2,1,2,nearest,direction,,105,207,0.005,ok,0,0.552,3,1,1,1.552,4,PASS,,,1,1
333,0,adjacent,2,1,2,nearest,forecast,80,97,195,0.006,ok,0,0.515,2,1,1,1.515,3,PASS,,,1,1
334,0,adjacent,2,1,2,nearest,forecast,0,21,43,0.002,ok,0,0.429,1,1,1,1.429,2,PASS,,,1,1
335,0,adjacent,2,1,2,nearest,forecast,5,93,186,0.01,ok,0,0.581,3,1,1,1.581,4,PASS,,,1,1
336,0,adjacent,2,1,2,nearest,forecast,none,95,188,0.009,ok,0,0.611,3,1,1,1.611,4,PASS,,,1,1
337,0,adjacent,2,1,2,forecast,request,,38,74,0.003,ok,0,0.763,2,1,1,1.763,3,PASS,,,1,1
338,0,adjacent,2,1,2,forecast,direction,,148,297,0.007,ok,0,0.622,3,1,1,1.622,4,PASS,,,1,1
339,0,adjacent,2,1,2,forecast,forecast,80,83,168,0.019,ok,0,0.627,3,1,1,1.627,4,PASS,,,1,1
340,0,adjacent,2,1,2,forecast,forecast,0,95,188,0.04,ok,0,0.611,3,1,1,1.611,4,PASS,,,1,1
341,0,adjacent,2,1,2,forecast,forecast,5,133,263,0.016,ok,0,0.496,2,1,1,1.496,3,PASS,,,1,1
342,0,adjacent,2,1,2,forecast,forecast,none,50,100,0.085,ok,0,0.52,1,1,1,1.52,2,PASS,,,1,1
343,0,adjacent,3,4,2,round-robin,request,,270,542,0.005,ok,0,0.8,2,1,1,1.8,3,PASS,,,1,1
344,0,adjacent,3,4,2,round-robin,direction,,159,313,0.006,ok,0,0.786,3,1,1,1.786,4,PASS,,,1,1
345,0,adjacent,3,4,2,round-robin,forecast,80,45,92,0.003,ok,0,0.667,2,1,1,1.667,3,PASS,,,1,1
346,0,adjacent,3,4,2,round-robin,forecast,0,147,296,0.009,ok,0,0.748,2,1,1,1.748,3,PASS,,,1,1
347,0,adjacent,3,4,2,round-robin,forecast,5,81,163,0.004,ok,0,0.852,3,1,1,1.852,4,PASS,,,1,1
348,0,adjacent,3,4,2,round-robin,forecast,none,106,212,0.009,ok,0,0.698,2,1,1,1.698,3,PASS,,,1,1
349,0,adjacent,3,4,2,nearest,request,,159,314,0.006,ok,0,0.484,3,1,1,1.484,4,PASS,,,1,1
350,0,adjacent,3,4,2,nearest,direction,,263,528,0.006,ok,0,0.319,3,1,1,1.319,4,PASS,,,1,1
351,0,adjacent,3,4,2,nearest,forecast,80,28,54,0.003,ok,0,0.429,2,1,1,1.429,3,PASS,,,1,1
352,0,adjacent,3,4,2,nearest,forecast,0,25,51,0.002,ok,0,0.8,3,1,1,1.8,4,PASS,,,1,1
353,0,adjacent,3,4,2,nearest,forecast,5,87,174,0.004,ok,0,0.287,2,1,1,1.287,3,PASS,,,1,1
354,0,adjacent,3,4,2,nearest,forecast,none,50,100,0.005,ok,0,0.32,2,1,1,1.32,3,PASS,,,1,1
355,0,adjacent,3,4,2,forecast,request,,147,294,0.013,ok,0,0.184,2,1,1,1.184,3,PASS,,,1,1
356,0,adjacent,3,4,2,forecast,direction,,88,175,0.049,ok,0,0.364,2,1,1,1.364,3,PASS,,,1,1
357,0,adjacent,3,4,2,forecast,forecast,80,59,120,0.073,ok,0,0.373,2,1,1,1.373,3,PASS,,,1,1
358,0,adjacent,3,4,2,forecast,forecast,0,127,253,0.028,ok,0,0.252,2,1,1,1.252,3,PASS,,,1,1
359,0,adjacent,3,4,2,forecast,forecast,5,46,93,0.033,ok,0,0.391,2,1,1,1.391,3,PASS,,,1,1
360,0,adjacent,3,4,2,forecast,forecast,none,124,245,0.029,ok,0,0.355,2,1,1,1.355,3,PASS,,,1,1
361,0,full_height,2,1,2,round-robin,request,,285,570,0.018,ok,0,0.789,4,1,1,1.789,5,PASS,,,1,1
362,0,full_height,2,1,2,round-robin,direction,,264,529,0.012,ok,0,0.602,3,1,1,1.602,4,PASS,,,1,1
363,0,full_height,2,1,2,round-robin,forecast,80,47,95,0.004,ok,0,0.617,3,1,1,1.617,4,PASS,,,1,1
364,0,full_height,2,1,2,round-robin,forecast,0,50,99,0.005,ok,0,0.44,1,1,1,1.44,2,PASS,,,1,1
365,0,full_height,2,1,2,round-robin,forecast,5,77,150,0.008,ok,0,0.597,2,1,1,1.597,3,PASS,,,1,1
366,0,full_height,2,1,2,round-robin,forecast,none,51,102,0.005,ok,0,0.549,2,1,1,1.549,3,PASS,,,1,1
367,0,full_height,2,1,2,nearest,request,,49,99,0.018,ok,0,0.469,2,1,1,1.469,3,PASS,,,1,1
368,0,full_height,2,1,2,nearest,direction,,175,350,0.026,ok,0,0.474,3,1,1,1.474,4,PASS,,,1,1
369,0,full_height,2,1,2,nearest,forecast,80,30,58,0.003,ok,0,0.5,1,1,1,1.5,2,PASS,,,1,1
370,0,full_height,2,1,2,nearest,forecast,0,49,99,0.005,ok,0,0.408,1,1,1,1.408,2,PASS,,,1,1
371,0,full_height,2,1,2,nearest,forecast,5,39,81,0.004,ok,0,0.513,2,1,1,1.513,3,PASS,,,1,1
372,0,full_height,2,1,2,nearest,forecast,none,141,282,0.008,ok,0,0.518,3,1,1,1.518,4,PASS,,,1,1
373,0,full_height,2,1,2,forecast,request,,27,49,0.003,ok,0,0.556,3,1,1,1.556,4,PASS,,,1,1
374,0,full_height,2,1,2,forecast,direction,,103,198,0.012,ok,0,0.592,2,1,1,1.592,3,PASS,,,1,1
375,0,full_height,2,1,2,forecast,forecast,80,77,150,0.012,ok,0,0.597,2,1,1,1.597,3,PASS,,,1,1
376,0,full_height,2,1,2,forecast,forecast,0,6,12,0.001,ok,0,0.667,1,1,1,1.667,2,PASS,,,1,1
377,0,full_height,2,1,2,forecast,forecast,5,10,18,0.002,ok,0,0.8,1,1,1,1.8,2,PASS,,,1,1
378,0,full_height,2,1,2,forecast,forecast,none,109,216,0.013,ok,0,0.459,1,1,1,1.459,2,PASS,,,1,1
379,0,full_height,10,2,10,round-robin,request,,236,593,0.023,ok,0,36.856,135,9,9,45.856,144,PASS,,,1,1
380,0,full_height,10,2,10,round-robin,direction,,275,572,0.018,ok,0,8.658,17,9,9,17.658,26,PASS,,,1,1
381,0,full_height,10,2,10,round-robin,forecast,80,23,68,0.019,ok,0,6.565,15,9,9,15.565,24,PASS,,,1,1
382,0,full_height,10,2,10,round-robin,forecast,0,33,82,0.025,ok,0,8.212,16,9,9,17.212,25,PASS,,,1,1
383,0,full_height,10,2,10,round-robin,forecast,5,56,126,0.046,ok,0,9.214,17,9,9,18.214,26,PASS,,,1,1
384,0,full_height,10,2,10,round-robin,forecast,none,12,45,0.002,ok,0,7.167,19,9,9,16.167,28,PASS,,,1,1
385,0,full_height,10,2,10,nearest,request,,218,442,0.015,ok,0,5.491,25,9,9,14.491,34,PASS,,,1,1
386,0,full_height,10,2,10,nearest,direction,,85,183,0.006,ok,0,4.259,11,9,9,13.259,20,PASS,,,1,1
387,0,full_height,10,2,10,nearest,forecast,80,24,63,0.006,ok,0,7.167,17,9,9,16.167,26,PASS,,,1,1
388,0,full_height,10,2,10,nearest,forecast,0,104,226,0.02,ok,0,4.26,12,9,9,13.26,21,PASS,,,1,1
389,0,full_height,10,2,10,nearest,forecast,5,29,75,0.006,ok,0,5.276,11,9,9,14.276,20,PASS,,,1,1
390,0,full_height,10,2,10,nearest,forecast,none,120,256,0.016,ok,0,5.05,19,9,9,14.05,28,PASS,,,1,1
391,0,full_height,10,2,10,forecast,request,,58,130,0.057,ok,0,5,11,9,9,14,20,PASS,,,1,1
392,0,full_height,10,2,10,forecast,direction,,109,228,0.017,ok,0,4.385,14,9,9,13.385,23,PASS,,,1,1
393,0,full_height,10,2,10,forecast,forecast,80,129,271,0.114,ok,0,4.674,15,9,9,13.674,24,PASS,,,1,1
394,0,full_height,10,2,10,forecast,forecast,0,89,200,0.091,ok,0,9.112,17,9,9,18.112,26,PASS,,,1,1
395,0,full_height,10,2,10,forecast,forecast,5,128,272,0.086,ok,0,3.812,14,9,9,12.812,23,PASS,,,1,1
396,0,full_height,10,2,10,forecast,forecast,none,60,129,0.039,ok,0,5.183,21,9,9,14.183,30,PASS,,,1,1
397,0,at_floor_1,2,1,2,round-robin,request,,14,27,0.001,ok,0,3.071,8,1,1,4.071,9,PASS,,,1,1
398,0,at_floor_1,2,1,2,round-robin,direction,,238,478,0.368,ok,0,62.479,160,1,1,63.479,161,PASS,,,1,1
399,0,at_floor_1,2,1,2,round-robin,forecast,80,132,262,1.877,ok,0,27.742,76,1,1,28.742,77,PASS,,,1,1
400,0,at_floor_1,2,1,2,round-robin,forecast,0,2,1,0.0,ok,0,0,0,1,1,1,1,PASS,,,1,1
401,0,at_floor_1,2,1,2,round-robin,forecast,5,100,194,1.182,ok,0,26.63,66,1,1,27.63,67,PASS,,,1,1
402,0,at_floor_1,2,1,2,round-robin,forecast,none,86,157,0.836,ok,0,24.314,59,1,1,25.314,60,PASS,,,1,1
403,0,at_floor_1,2,1,2,nearest,request,,252,492,0.125,ok,0,65.099,160,1,1,66.099,161,PASS,,,1,1
404,0,at_floor_1,2,1,2,nearest,direction,,151,297,0.656,ok,0,38.338,102,1,1,39.338,103,PASS,,,1,1
405,0,at_floor_1,2,1,2,nearest,forecast,80,122,240,2.2,ok,0,33.238,86,1,1,34.238,87,PASS,,,1,1
406,0,at_floor_1,2,1,2,nearest,forecast,0,42,84,0.074,ok,0,8.429,24,1,1,9.429,25,PASS,,,1,1
407,0,at_floor_1,2,1,2,nearest,forecast,5,116,220,1.986,ok,0,33.491,80,1,1,34.491,81,PASS,,,1,1
408,0,at_floor_1,2,1,2,nearest,forecast,none,51,104,0.187,ok,0,10.353,28,1,1,11.353,29,PASS,,,1,1
409,0,at_floor_1,2,1,2,forecast,request,,48,97,0.03,ok,0,13.312,34,1,1,14.312,35,PASS,,,1,1
410,0,at_floor_1,2,1,2,forecast,direction,,13,13,0.003,ok,0,4.077,10,1,1,5.077,11,PASS,,,1,1
411,0,at_floor_1,2,1,2,forecast,forecast,80,37,68,0.302,ok,0,10.595,26,1,1,11.595,27,PASS,,,1,1
412,0,at_floor_1,2,1,2,forecast,forecast,0,138,267,3.708,ok,0,33.203,83,1,1,34.203,84,PASS,,,1,1
413,0,at_floor_1,2,1,2,forecast,forecast,5,55,112,18.354,ok,0,16.618,40,1,1,17.618,41,PASS,,,1,1
414,0,at_floor_1,2,1,2,forecast,forecast,none,24,34,0.092,ok,0,7.167,16,1,1,8.167,17,PASS,,,1,1
415,0,at_floor_1,10,4,1,round-robin,request,,251,647,0.056,ok,0,216.171,394,9,6,221.108,397,PASS,,,1,1
416,0,at_floor_1,10,4,1,round-robin,direction,,87,262,0.028,ok,0,79.023,174,9,1,83.954,181,PASS,,,1,1
417,0,at_floor_1,10,4,1,round-robin,forecast,80,16,38,0.018,ok,0,6.062,18,7,1,10.375,25,PASS,,,1,1
418,0,at_floor_1,10,4,1,round-robin,forecast,0,108,277,0.158,ok,0,89.704,196,9,1,94.602,204,PASS,,,1,1
419,0,at_floor_1,10,4,1,round-robin,forecast,5,112,289,0.159,ok,0,88.045,188,9,1,92.804,191,PASS,,,1,1
420,0,at_floor_1,10,4,1,round-robin,forecast,none,50,121,0.134,ok,0,26.68,112,9,1,31.28,121,PASS,,,1,1
421,0,at_floor_1,10,4,1,nearest,request,,206,544,0.049,ok,0,169.33,368,9,6,174.359,376,PASS,,,1,1
422,0,at_floor_1,10,4,1,nearest,direction,,145,352,0.058,ok,0,105.207,229,9,1,109.972,232,PASS,,,1,1
423,0,at_floor_1,10,4,1,nearest,forecast,80,70,194,0.055,ok,0,43.571,164,9,1,48.7,173,PASS,,,1,1
424,0,at_floor_1,10,4,1,nearest,forecast,0,45,121,0.02,ok,0,35.422,72,9,4,40.533,81,PASS,,,1,1
425,0,at_floor_1,10,4,1,nearest,forecast,5,44,135,0.033,ok,0,32.409,86,9,1,37.318,91,PASS,,,1,1
426,0,at_floor_1,10,4,1,nearest,forecast,none,146,389,0.249,ok,0,84.459,336,9,1,89.226,345,PASS,,,1,1
427,0,at_floor_1,10,4,1,forecast,request,,54,127,0.058,ok,0,36.333,64,9,2,41.185,70,PASS,,,1,1
428,0,at_floor_1,10,4,1,forecast,direction,,19,53,0.006,ok,0,8,18,9,1,13.421,24,PASS,,,1,1
429,0,at_floor_1,10,4,1,forecast,forecast,80,58,137,0.904,ok,0,28,108,9,1,32.948,117,PASS,,,1,1
430,0,at_floor_1,10,4,1,forecast,forecast,0,34,86,0.123,ok,0,29.088,56,9,3,34.118,59,PASS,,,1,1
431,0,at_floor_1,10,4,1,forecast,forecast,5,104,287,0.743,ok,0,85.548,169,9,1,91.135,173,PASS,,,1,1
432,0,at_floor_1,10,4,1,forecast,forecast,none,130,335,1.396,ok,0,84.046,308,9,1,89.208,317,PASS,,,1,1
433,0,over_capacity,2,1,2,round-robin,request,,126,125,0.103,ok,0,62,124,1,1,63,125,PASS,,,1,1
434,0,over_capacity,2,1,2,round-robin,direction,,290,293,1.494,ok,0,144,288,1,1,145,289,PASS,,,1,1
435,0,over_capacity,2,1,2,round-robin,forecast,80,18,19,0.041,ok,1,9,17,1,2,10,18,PASS,,,1,1
436,0,over_capacity,2,1,2,round-robin,forecast,0,47,51,0.567,ok,1,23.511,47,1,2,24.511,48,PASS,,,1,1
437,0,over_capacity,2,1,2,round-robin,forecast,5,5,6,0.001,ok,0,1.6,4,1,1,2.6,5,PASS,,,1,1
438,0,over_capacity,2,1,2,round-robin,forecast,none,43,47,0.44,ok,1,21.512,43,1,2,22.512,44,PASS,,,1,1
439,0,over_capacity,2,1,2,nearest,request,,236,237,0.211,ok,1,118,235,1,2,119,236,PASS,,,1,1
440,0,over_capacity,2,1,2,nearest,direction,,6,9,0.0,ok,0,2,4,1,1,3,5,PASS,,,1,1
441,0,over_capacity,2,1,2,nearest,forecast,80,42,44,0.417,ok,0,20,40,1,1,21,41,PASS,,,1,1
442,0,over_capacity,2,1,2,nearest,forecast,0,32,37,0.188,ok,1,16,31,1,2,17,32,PASS,,,1,1
443,0,over_capacity,2,1,2,nearest,forecast,5,41,45,0.407,ok,0,19.512,40,1,1,20.512,41,PASS,,,1,1
444,0,over_capacity,2,1,2,nearest,forecast,none,48,49,0.581,ok,0,23,46,1,1,24,47,PASS,,,1,1
445,0,over_capacity,2,1,2,forecast,request,,21,26,0.008,ok,0,9.524,20,1,1,10.524,21,PASS,,,1,1
446,0,over_capacity,2,1,2,forecast,direction,,49,53,0.092,ok,0,23.51,48,1,1,24.51,49,PASS,,,1,1
447,0,over_capacity,2,1,2,forecast,forecast,80,29,34,0.326,ok,0,13.517,28,1,1,14.517,29,PASS,,,1,1
448,0,over_capacity,2,1,2,forecast,forecast,0,43,47,0.936,ok,1,21.512,43,1,2,22.512,44,PASS,,,1,1
449,0,over_capacity,2,1,2,forecast,forecast,5,11,12,0.045,ok,0,4.545,10,1,1,5.545,11,PASS,,,1,1
450,0,over_capacity,2,1,2,forecast,forecast,none,44,48,0.965,ok,1,22,43,1,2,23,44,PASS,,,1,1
451,0,over_capacity,10,4,2,round-robin,request,,151,194,0.153,ok,6,82.795,186,6,7,85.702,191,PASS,,,1,1
452,0,over_capacity,10,4,2,round-robin,direction,,224,350,0.073,ok,8,148.902,340,8,9,153.192,347,PASS,,,1,1
453,0,over_capacity,10,4,2,round-robin,forecast,80,30,53,0.012,ok,8,23.2,48,8,9,27.7,52,PASS,,,1,1
454,0,over_capacity,10,4,2,round-robin,forecast,0,8,10,0.001,ok,1,1.25,3,7,2,5.125,10,PASS,,,1,1
455,0,over_capacity,10,4,2,round-robin,forecast,5,49,72,0.063,ok,8,29.959,60,8,9,34.204,67,PASS,,,1,1
456,0,over_capacity,10,4,2,round-robin,forecast,none,46,83,0.059,ok,0,27,72,9,1,32.022,80,PASS,,,1,1
457,0,over_capacity,10,4,2,nearest,request,,242,370,0.05,ok,8,157.529,364,8,9,161.351,369,PASS,,,1,1
458,0,over_capacity,10,4,2,nearest,direction,,23,51,0.002,ok,8,19.652,40,8,9,24.391,47,PASS,,,1,1
459,0,over_capacity,10,4,2,nearest,forecast,80,7,10,0.001,ok,1,1,1,7,2,4.714,8,PASS,,,1,1
460,0,over_capacity,10,4,2,nearest,forecast,0,3,4,0.0,ok,0,0,0,4,2,2.667,4,PASS,,,1,1
461,0,over_capacity,10,4,2,nearest,forecast,5,49,72,0.059,ok,8,29.959,60,8,9,34.204,67,PASS,,,1,1
462,0,over_capacity,10,4,2,nearest,forecast,none,4,10,0.0,ok,5,5,5,4,7,8,9,PASS,,,1,1
463,0,over_capacity,10,4,2,forecast,request,,36,42,0.031,ok,4,17.778,34,5,5,20.472,39,PASS,,,1,1
464,0,over_capacity,10,4,2,forecast,direction,,6,11,0.002,ok,1,1,1,7,3,5.833,8,PASS,,,1,1
465,0,over_capacity,10,4,2,forecast,forecast,80,7,10,0.005,ok,1,1,1,7,2,4.714,8,PASS,,,1,1
466,0,over_capacity,10,4,2,forecast,forecast,0,8,8,0.006,ok,1,1.25,3,7,2,5.125,8,PASS,,,1,1
467,0,over_capacity,10,4,2,forecast,forecast,5,20,20,0.07,ok,3,6.7,13,6,4,9.45,19,PASS,,,1,1
468,0,over_capacity,10,4,2,forecast,forecast,none,24,23,0.07,ok,3,7.5,17,6,4,10.167,23,PASS,,,1,1
469,0,identical,2,1,2,round-robin,request,,64,64,0.032,ok,1,32,63,1,2,33,64,PASS,,,1,1
470,0,identical,2,1,2,round-robin,direction,,3,7,0.0,ok,1,1.667,3,1,2,2.667,4,PASS,,,1,1
471,0,identical,2,1,2,round-robin,forecast,80,40,42,0.354,ok,0,19,38,1,1,20,39,PASS,,,1,1
472,0,identical,2,1,2,round-robin,forecast,0,23,24,0.081,ok,0,10.522,22,1,1,11.522,23,PASS,,,1,1
473,0,identical,2,1,2,round-robin,forecast,5,41,42,0.389,ok,1,20.512,41,1,2,21.512,42,PASS,,,1,1
474,0,identical,2,1,2,round-robin,forecast,none,14,16,0.013,ok,1,7,13,1,2,8,14,PASS,,,1,1
475,0,identical,2,1,2,nearest,request,,94,94,0.069,ok,0,46,92,1,1,47,93,PASS,,,1,1
476,0,identical,2,1,2,nearest,direction,,250,251,0.994,ok,0,124,248,1,1,125,249,PASS,,,1,1
477,0,identical,2,1,2,nearest,forecast,80,28,28,0.132,ok,0,13,26,1,1,14,27,PASS,,,1,1
478,0,identical,2,1,2,nearest,forecast,0,59,62,5.032,ok,1,29.508,59,1,2,30.508,60,PASS,,,1,1
479,0,identical,2,1,2,nearest,forecast,5,49,50,0.65,ok,0,23.51,48,1,1,24.51,49,PASS,,,1,1
480,0,identical,2,1,2,nearest,forecast,none,19,22,0.052,ok,1,9.526,19,1,2,10.526,20,PASS,,,1,1
481,0,identical,2,1,2,forecast,request,,36,38,0.021,ok,1,18,35,1,2,19,36,PASS,,,1,1
482,0,identical,2,1,2,forecast,direction,,9,13,0.002,ok,1,4.556,9,1,2,5.556,10,PASS,,,1,1
483,0,identical,2,1,2,forecast,forecast,80,56,57,54.895,ok,0,27,54,1,1,28,55,PASS,,,1,1
484,0,identical,2,1,2,forecast,forecast,0,52,51,0.924,ok,0,25,50,1,1,26,51,PASS,,,1,1
485,0,identical,2,1,2,forecast,forecast,5,6,9,0.004,ok,1,3,5,1,2,4,6,PASS,,,1,1
486,0,identical,2,1,2,forecast,forecast,none,18,20,0.084,ok,0,8,16,1,1,9,17,PASS,,,1,1
487,0,identical,3,1,1000,round-robin,request,,8,6,0.001,ok,2,2,2,2,4,4,4,PASS,,,1,1
488,0,identical,3,1,1000,round-robin,direction,,186,3,0.153,ok,1,1,1,1,2,2,2,PASS,,,1,1
489,0,identical,3,1,1000,round-robin,forecast,80,44,2,0.409,ok,1,1,1,1,2,2,2,PASS,,,1,1
490,0,identical,3,1,1000,round-robin,forecast,0,43,4,0.383,ok,0,0,0,1,1,1,1,PASS,,,1,1
491,0,identical,3,1,1000,round-robin,forecast,5,59,2,4.392,ok,0,0,0,2,2,2,2,PASS,,,1,1
492,0,identical,3,1,1000,round-robin,forecast,none,51,5,0.526,ok,0,0,0,2,2,2,2,PASS,,,1,1
493,0,identical,3,1,1000,nearest,request,,174,3,0.639,ok,0,0,0,2,2,2,2,PASS,,,1,1
494,0,identical,3,1,1000,nearest,direction,,229,5,0.166,ok,2,2,2,2,4,4,4,PASS,,,1,1
495,0,identical,3,1,1000,nearest,forecast,80,23,4,0.069,ok,2,2,2,1,3,3,3,PASS,,,1,1
496,0,identical,3,1,1000,nearest,forecast,0,1,4,0.0,ok,1,1,1,1,2,2,2,PASS,,,1,1
497,0,identical,3,1,1000,nearest,forecast,5,37,3,0.253,ok,0,0,0,1,1,1,1,PASS,,,1,1
498,0,identical,3,1,1000,nearest,forecast,none,18,4,0.036,ok,1,1,1,1,2,2,2,PASS,,,1,1
499,0,identical,3,1,1000,forecast,request,,33,2,0.015,ok,0,0,0,1,1,1,1,PASS,,,1,1
500,0,identical,3,1,1000,forecast,direction,,18,4,0.005,ok,1,1,1,1,2,2,2,PASS,,,1,1
501,0,identical,3,1,1000,forecast,forecast,80,49,6,1.091,ok,2,2,2,1,3,3,3,PASS,,,1,1
502,0,identical,3,1,1000,forecast,forecast,0,42,4,0.735,ok,1,1,1,1,2,2,2,PASS,,,1,1
503,0,identical,3,1,1000,forecast,forecast,5,4,2,0.002,ok,1,1,1,1,2,2,2,PASS,,,1,1
504,0,identical,3,1,1000,forecast,forecast,none,28,1,0.236,ok,0,0,0,1,1,1,1,PASS,,,1,1
505,0,ties,2,1,2,round-robin,request,,125,98,0.11,ok,0,39.84,68,1,1,40.84,69,PASS,,,1,1
506,0,ties,2,1,2,round-robin,direction,,201,101,0.279,ok,0,39.224,65,1,1,40.224,66,PASS,,,1,1
507,0,ties,2,1,2,round-robin,forecast,80,36,18,0.144,ok,0,6.5,11,1,1,7.5,12,PASS,,,1,1
508,0,ties,2,1,2,round-robin,forecast,0,136,68,3.697,ok,0,26.25,41,1,1,27.25,42,PASS,,,1,1
509,0,ties,2,1,2,round-robin,forecast,5,27,14,0.082,ok,0,4.741,9,1,1,5.741,10,PASS,,,1,1
510,0,ties,2,1,2,round-robin,forecast,none,60,30,0.42,ok,0,11.033,19,1,1,12.033,20,PASS,,,1,1
511,0,ties,2,1,2,nearest,request,,84,66,0.049,ok,0,28.595,47,1,1,29.595,48,PASS,,,1,1
512,0,ties,2,1,2,nearest,direction,,210,106,0.294,ok,0,39.91,63,1,1,40.91,64,PASS,,,1,1
513,0,ties,2,1,2,nearest,forecast,80,82,42,1.05,ok,0,16.134,26,1,1,17.134,27,PASS,,,1,1
514,0,ties,2,1,2,nearest,forecast,0,76,38,0.782,ok,0,14.237,23,1,1,15.237,24,PASS,,,1,1
515,0,ties,2,1,2,nearest,forecast,5,8,4,0.003,ok,0,1.5,3,1,1,2.5,4,PASS,,,1,1
516,0,ties,2,1,2,nearest,forecast,none,27,14,0.071,ok,0,4.741,9,1,1,5.741,10,PASS,,,1,1
517,0,ties,2,1,2,forecast,request,,118,88,0.125,ok,0,36.025,59,1,1,37.025,60,PASS,,,1,1
518,0,ties,2,1,2,forecast,direction,,31,16,0.029,ok,0,6.258,11,1,1,7.258,12,PASS,,,1,1
519,0,ties,2,1,2,forecast,forecast,80,103,52,3.873,ok,0,19.485,33,1,1,20.485,34,PASS,,,1,1
520,0,ties,2,1,2,forecast,forecast,0,137,70,6.548,ok,0,26.146,42,1,1,27.146,43,PASS,,,1,1
521,0,ties,2,1,2,forecast,forecast,5,87,44,2.583,ok,0,17.437,31,1,1,18.437,32,PASS,,,1,1
522,0,ties,2,1,2,forecast,forecast,none,1,2,0.0,ok,1,1,1,1,2,2,2,PASS,,,1,1
523,0,ties,3,4,10,round-robin,request,,11,8,0.0,ok,0,2,5,2,1,3.364,6,PASS,,,1,1
524,0,ties,3,4,10,round-robin,direction,,213,79,0.028,ok,0,1.465,7,2,1,3.211,8,PASS,,,1,1
525,0,ties,3,4,10,round-robin,forecast,80,125,47,0.119,ok,0,1.264,4,2,1,2.848,6,PASS,,,1,1
526,0,ties,3,4,10,round-robin,forecast,0,133,52,0.026,ok,0,1.421,4,2,1,3.128,6,PASS,,,1,1
527,0,ties,3,4,10,round-robin,forecast,5,123,48,0.072,ok,0,1.317,4,2,1,2.967,6,PASS,,,1,1
528,0,ties,3,4,10,round-robin,forecast,none,95,34,0.031,ok,0,1.358,3,2,1,2.895,5,PASS,,,1,1
529,0,ties,3,4,10,nearest,request,,278,104,0.037,ok,0,18.432,38,2,1,20.115,40,PASS,,,1,1
530,0,ties,3,4,10,nearest,direction,,163,62,0.02,ok,0,0.73,7,2,1,2.399,8,PASS,,,1,1
531,0,ties,3,4,10,nearest,forecast,80,52,20,0.004,ok,0,0.596,4,2,1,2.25,6,PASS,,,1,1
532,0,ties,3,4,10,nearest,forecast,0,82,31,0.023,ok,0,0.659,4,2,1,2.293,6,PASS,,,1,1
533,0,ties,3,4,10,nearest,forecast,5,31,11,0.007,ok,0,1.032,4,2,1,2.742,6,PASS,,,1,1
534,0,ties,3,4,10,nearest,forecast,none,9,4,0.001,ok,0,1.111,3,2,1,2.556,4,PASS,,,1,1
535,0,ties,3,4,10,forecast,request,,58,22,0.128,ok,0,0.724,3,2,1,2.448,4,PASS,,,1,1
536,0,ties,3,4,10,forecast,direction,,130,47,0.062,ok,0,0.408,2,2,1,2.023,4,PASS,,,1,1
537,0,ties,3,4,10,forecast,forecast,80,141,53,0.195,ok,0,0.482,3,2,1,2.121,4,PASS,,,1,1
538,0,ties,3,4,10,forecast,forecast,0,36,14,0.061,ok,0,0.75,2,2,1,2.472,4,PASS,,,1,1
539,0,ties,3,4,10,forecast,forecast,5,116,35,0.251,ok,0,0.569,2,2,1,2.328,4,PASS,,,1,1
540,0,ties,3,4,10,forecast,forecast,none,132,47,0.357,ok,0,0.773,3,2,1,2.424,5,PASS,,,1,1
541,0,unsorted,2,1,2,round-robin,request,,12,24,0.0,ok,0,0.583,2,1,1,1.583,3,PASS,,,1,1
542,0,unsorted,2,1,2,round-robin,direction,,56,113,0.002,ok,0,0.429,1,1,1,1.429,2,PASS,,,1,1
543,0,unsorted,2,1,2,round-robin,forecast,80,86,172,0.005,ok,0,0.593,3,1,1,1.593,4,PASS,,,1,1
544,0,unsorted,2,1,2,round-robin,forecast,0,16,32,0.001,ok,0,0.438,1,1,1,1.438,2,PASS,,,1,1
545,0,unsorted,2,1,2,round-robin,forecast,5,59,120,0.006,ok,0,0.593,2,1,1,1.593,3,PASS,,,1,1
546,0,unsorted,2,1,2,round-robin,forecast,none,48,95,0.005,ok,0,0.667,2,1,1,1.667,3,PASS,,,1,1
547,0,unsorted,2,1,2,nearest,request,,261,524,0.006,ok,0,0.816,4,1,1,1.816,5,PASS,,,1,1
548,0,unsorted,2,1,2,nearest,direction,,167,335,0.377,ok,0,0.539,3,1,1,1.539,4,PASS,,,1,1
549,0,unsorted,2,1,2,nearest,forecast,80,60,120,0.004,ok,0,0.483,2,1,1,1.483,3,PASS,,,1,1
550,0,unsorted,2,1,2,nearest,forecast,0,144,291,0.009,ok,0,0.681,3,1,1,1.681,4,PASS,,,1,1
551,0,unsorted,2,1,2,nearest,forecast,5,145,292,0.008,ok,0,0.517,2,1,1,1.517,3,PASS,,,1,1
552,0,unsorted,2,1,2,nearest,forecast,none,10,21,0.001,ok,0,0.4,1,1,1,1.4,2,PASS,,,1,1
553,0,unsorted,2,1,2,forecast,request,,4,8,0.0,ok,0,1,2,1,1,2,3,PASS,,,1,1
554,0,unsorted,2,1,2,forecast,direction,,136,270,0.016,ok,0,0.632,2,1,1,1.632,3,PASS,,,1,1
555,0,unsorted,2,1,2,forecast,forecast,80,142,282,0.017,ok,0,0.655,3,1,1,1.655,4,PASS,,,1,1
556,0,unsorted,2,1,2,forecast,forecast,0,130,261,0.052,ok,0,0.538,2,1,1,1.538,3,PASS,,,1,1
557,0,unsorted,2,1,2,forecast,forecast,5,136,270,0.057,ok,0,0.632,2,1,1,1.632,3,PASS,,,1,1
558,0,unsorted,2,1,2,forecast,forecast,none,149,300,0.015,ok,0,0.53,2,1,1,1.53,3,PASS,,,1,1
559,0,unsorted,100,10,1,round-robin,request,,282,2111,0.079,ok,1,663.684,1554,92,7,697.113,1555,PASS,,,1,1
560,0,unsorted,100,10,1,round-robin,direction,,116,810,0.041,ok,0,196.379,700,90,5,227.776,724,PASS,,,1,1
561,0,unsorted,100,10,1,round-robin,forecast,80,147,926,0.056,ok,1,184.388,578,96,2,216.878,650,PASS,,,1,1
562,0,unsorted,100,10,1,round-robin,forecast,0,66,584,0.013,ok,1,147.439,416,85,8,179.121,457,PASS,,,1,1
563,0,unsorted,100,10,1,round-robin,forecast,5,24,226,0.005,ok,3,58.833,137,80,5,82.875,179,PASS,,,1,1
564,0,unsorted,100,10,1,round-robin,forecast,none,115,749,0.078,ok,0,158.87,541,99,6,195.722,615,PASS,,,1,1
565,0,unsorted,100,10,1,nearest,request,,247,2413,0.059,ok,0,733.47,1889,92,7,767.194,1921,PASS,,,1,1
566,0,unsorted,100,10,1,nearest,direction,,17,438,0.006,ok,2,153.294,417,42,18,171.353,432,PASS,,,1,1
567,0,unsorted,100,10,1,nearest,forecast,80,79,1844,0.192,ok,1,334.354,1657,81,15,367.342,1727,PASS,,,1,1
568,0,unsorted,100,10,1,nearest,forecast,0,128,1691,0.152,ok,1,339.828,1390,88,9,375.266,1440,PASS,,,1,1
569,0,unsorted,100,10,1,nearest,forecast,5,11,329,0.007,ok,9,133.636,289,70,45,170.636,310,PASS,,,1,1
570,0,unsorted,100,10,1,nearest,forecast,none,121,1553,0.104,ok,0,186.182,1431,93,7,219.777,1515,PASS,,,1,1
571,0,unsorted,100,10,1,forecast,request,,67,340,0.075,ok,5,96.03,159,81,23,125.537,219,PASS,,,1,1
572,0,unsorted,100,10,1,forecast,direction,,28,215,0.047,ok,5,43.107,97,94,16,77.143,163,PASS,,,1,1
573,0,unsorted,100,10,1,forecast,forecast,80,59,344,1.375,ok,0,70.644,170,92,2,108.458,235,PASS,,,1,1
574,0,unsorted,100,10,1,forecast,forecast,0,90,525,0.358,ok,2,111.978,273,98,8,146.544,351,PASS,,,1,1
575,0,unsorted,100,10,1,forecast,forecast,5,46,279,0.222,ok,0,78.804,162,75,13,109.457,201,PASS,,,1,1
576,0,unsorted,100,10,1,forecast,forecast,none,57,351,0.688,ok,0,74.088,194,94,4,109.246,280,PASS,,,1,1
577,0,mixed_random,2,1,2,round-robin,request,,177,1988,0.895,ok,0,37.124,78,1,1,38.124,79,PASS,,,1,1
578,0,mixed_random,2,1,2,round-robin,direction,,169,1994,0.366,ok,0,18.16,45,1,1,19.16,46,PASS,,,1,1
579,0,mixed_random,2,1,2,round-robin,forecast,80,71,1939,0.146,ok,0,5.197,15,1,1,6.197,16,PASS,,,1,1
580,0,mixed_random,2,1,2,round-robin,forecast,0,149,1949,1.219,ok,0,14.416,34,1,1,15.416,35,PASS,,,1,1
581,0,mixed_random,2,1,2,round-robin,forecast,5,148,1958,1.606,ok,0,17.284,40,1,1,18.284,41,PASS,,,1,1
582,0,mixed_random,2,1,2,round-robin,forecast,none,132,1811,1.274,ok,0,12.879,32,1,1,13.879,33,PASS,,,1,1
583,0,mixed_random,2,1,2,nearest,request,,166,1948,3.158,ok,0,31.102,66,1,1,32.102,67,PASS,,,1,1
584,0,mixed_random,2,1,2,nearest,direction,,45,1912,0.006,ok,0,2.356,10,1,1,3.356,11,PASS,,,1,1
585,0,mixed_random,2,1,2,nearest,forecast,80,1,7,0.0,ok,1,1,1,1,2,2,2,PASS,,,1,1
586,0,mixed_random,2,1,2,nearest,forecast,0,90,1964,0.253,ok,0,5.267,17,1,1,6.267,18,PASS,,,1,1
587,0,mixed_random,2,1,2,nearest,forecast,5,149,1949,1.143,ok,0,14.416,34,1,1,15.416,35,PASS,,,1,1
588,0,mixed_random,2,1,2,nearest,forecast,none,93,1720,0.544,ok,0,9.344,26,1,1,10.344,27,PASS,,,1,1
589,0,mixed_random,2,1,2,forecast,request,,84,1917,0.061,ok,0,16.667,38,1,1,17.667,39,PASS,,,1,1
590,0,mixed_random,2,1,2,forecast,direction,,84,1917,0.034,ok,0,8.238,22,1,1,9.238,23,PASS,,,1,1
591,0,mixed_random,2,1,2,forecast,forecast,80,80,1941,0.266,ok,0,4.062,14,1,1,5.062,15,PASS,,,1,1
592,0,mixed_random,2,1,2,forecast,forecast,0,46,1832,0.169,ok,0,3.391,11,1,1,4.391,12,PASS,,,1,1
593,0,mixed_random,2,1,2,forecast,forecast,5,126,1897,2.291,ok,0,12.73,34,1,1,13.73,35,PASS,,,1,1
594,0,mixed_random,2,1,2,forecast,forecast,none,110,1958,1.506,ok,0,10.7,30,1,1,11.7,31,PASS,,,1,1
595,0,mixed_random,2,4,1000,round-robin,request,,233,2001,0.03,ok,0,4.107,14,1,1,5.107,15,PASS,,,1,1
596,0,mixed_random,2,4,1000,round-robin,direction,,7,1467,0.006,ok,0,0.429,1,1,1,1.429,2,PASS,,,1,1
597,0,mixed_random,2,4,1000,round-robin,forecast,80,66,1936,0.011,ok,0,0.545,1,1,1,1.545,2,PASS,,,1,1
598,0,mixed_random,2,4,1000,round-robin,forecast,0,111,1866,0.036,ok,0,0.477,1,1,1,1.477,2,PASS,,,1,1
599,0,mixed_random,2,4,1000,round-robin,forecast,5,121,1999,0.014,ok,0,0.446,1,1,1,1.446,2,PASS,,,1,1
600,0,mixed_random,2,4,1000,round-robin,forecast,none,10,1592,0.006,ok,0,0.3,1,1,1,1.3,2,PASS,,,1,1
601,0,mixed_random,2,4,1000,nearest,request,,217,1966,0.04,ok,0,3.465,10,1,1,4.465,11,PASS,,,1,1
602,0,mixed_random,2,4,1000,nearest,direction,,158,1929,0.033,ok,0,0.354,1,1,1,1.354,2,PASS,,,1,1
603,0,mixed_random,2,4,1000,nearest,forecast,80,150,1997,0.043,ok,0,0.34,1,1,1,1.34,2,PASS,,,1,1
604,0,mixed_random,2,4,1000,nearest,forecast,0,145,1994,0.03,ok,0,0.317,1,1,1,1.317,2,PASS,,,1,1
605,0,mixed_random,2,4,1000,nearest,forecast,5,3,125,0.001,ok,0,0,0,1,1,1,1,PASS,,,1,1
606,0,mixed_random,2,4,1000,nearest,forecast,none,48,1691,0.011,ok,0,0.312,1,1,1,1.312,2,PASS,,,1,1
607,0,mixed_random,2,4,1000,forecast,request,,6,1700,0.007,ok,0,0.167,1,1,1,1.167,2,PASS,,,1,1
608,0,mixed_random,2,4,1000,forecast,direction,,78,1894,0.046,ok,0,0.551,1,1,1,1.551,2,PASS,,,1,1
609,0,mixed_random,2,4,1000,forecast,forecast,80,59,1968,0.247,ok,0,0.373,1,1,1,1.373,2,PASS,,,1,1
610,0,mixed_random,2,4,1000,forecast,forecast,0,44,1986,0.046,ok,0,0.273,1,1,1,1.273,2,PASS,,,1,1
611,0,mixed_random,2,4,1000,forecast,forecast,5,72,1831,0.081,ok,0,0.458,1,1,1,1.458,2,PASS,,,1,1
612,0,mixed_random,2,4,1000,forecast,forecast,none,73,1889,0.08,ok,0,0.301,1,1,1,1.301,2,PASS,,,1,1
613,0,at_current_floor,2,1,2,round-robin,request,,130,134,0.005,ok,0,1.338,4,1,1,2.338,5,PASS,,,1,1
614,0,at_current_floor,2,1,2,round-robin,direction,,102,103,0.016,ok,0,0.814,3,1,1,1.814,4,PASS,,,1,1
615,0,at_current_floor,2,1,2,round-robin,forecast,80,33,32,0.017,ok,0,0.667,2,1,1,1.667,3,PASS,,,1,1
616,0,at_current_floor,2,1,2,round-robin,forecast,0,32,32,0.005,ok,0,0.906,3,1,1,1.906,4,PASS,,,1,1
617,0,at_current_floor,2,1,2,round-robin,forecast,5,58,61,0.008,ok,0,0.603,2,1,1,1.603,3,PASS,,,1,1
618,0,at_current_floor,2,1,2,round-robin,forecast,none,87,88,0.008,ok,0,0.77,3,1,1,1.77,4,PASS,,,1,1
619,0,at_current_floor,2,1,2,nearest,request,,92,99,0.006,ok,0,3.283,8,1,1,4.283,9,PASS,,,1,1
620,0,at_current_floor,2,1,2,nearest,direction,,294,296,0.008,ok,0,0.956,5,1,1,1.956,6,PASS,,,1,1
621,0,at_current_floor,2,1,2,nearest,forecast,80,88,88,0.014,ok,0,0.716,3,1,1,1.716,4,PASS,,,1,1
622,0,at_current_floor,2,1,2,nearest,forecast,0,62,64,0.007,ok,0,1.435,6,1,1,2.435,7,PASS,,,1,1
623,0,at_current_floor,2,1,2,nearest,forecast,5,135,138,0.041,ok,0,0.948,3,1,1,1.948,4,PASS,,,1,1
624,0,at_current_floor,2,1,2,nearest,forecast,none,26,26,0.006,ok,0,1.385,6,1,1,2.385,7,PASS,,,1,1
625,0,at_current_floor,2,1,2,forecast,request,,115,121,0.009,ok,0,2.096,7,1,1,3.096,8,PASS,,,1,1
626,0,at_current_floor,2,1,2,forecast,direction,,71,73,0.012,ok,0,0.549,3,1,1,1.549,4,PASS,,,1,1
627,0,at_current_floor,2,1,2,forecast,forecast,80,108,109,0.02,ok,0,0.731,3,1,1,1.731,4,PASS,,,1,1
628,0,at_current_floor,2,1,2,forecast,forecast,0,109,105,0.021,ok,0,0.817,3,1,1,1.817,4,PASS,,,1,1
629,0,at_current_floor,2,1,2,forecast,forecast,5,144,147,0.03,ok,0,0.792,3,1,1,1.792,4,PASS,,,1,1
630,0,at_current_floor,2,1,2,forecast,forecast,none,79,82,0.016,ok,0,1.038,4,1,1,2.038,5,PASS,,,1,1
631,0,at_current_floor,2,4,1000,round-robin,request,,9,9,0.0,ok,0,0.778,1,1,1,1.778,2,PASS,,,1,1
632,0,at_current_floor,2,4,1000,round-robin,direction,,143,144,0.005,ok,0,0.497,1,1,1,1.497,2,PASS,,,1,1
633,0,at_current_floor,2,4,1000,round-robin,forecast,80,139,138,0.006,ok,0,0.561,1,1,1,1.561,2,PASS,,,1,1
634,0,at_current_floor,2,4,1000,round-robin,forecast,0,95,95,0.004,ok,0,0.495,1,1,1,1.495,2,PASS,,,1,1
635,0,at_current_floor,2,4,1000,round-robin,forecast,5,72,73,0.006,ok,0,0.528,1,1,1,1.528,2,PASS,,,1,1
636,0,at_current_floor,2,4,1000,round-robin,forecast,none,87,83,0.004,ok,0,0.471,1,1,1,1.471,2,PASS,,,1,1
637,0,at_current_floor,2,4,1000,nearest,request,,149,149,0.005,ok,0,0.181,1,1,1,1.181,2,PASS,,,1,1
638,0,at_current_floor,2,4,1000,nearest,direction,,136,136,0.005,ok,0,0.169,1,1,1,1.169,2,PASS,,,1,1
639,0,at_current_floor,2,4,1000,nearest,forecast,80,60,60,0.003,ok,0,0.1,1,1,1,1.1,2,PASS,,,1,1
640,0,at_current_floor,2,4,1000,nearest,forecast,0,110,112,0.005,ok,0,0.145,1,1,1,1.145,2,PASS,,,1,1
641,0,at_current_floor,2,4,1000,nearest,forecast,5,144,144,0.005,ok,0,0.194,1,1,1,1.194,2,PASS,,,1,1
642,0,at_current_floor,2,4,1000,nearest,forecast,none,56,58,0.002,ok,0,0.143,1,1,1,1.143,2,PASS,,,1,1
643,0,at_current_floor,2,4,1000,forecast,request,,141,141,0.014,ok,0,0.156,1,1,1,1.156,2,PASS,,,1,1
644,0,at_current_floor,2,4,1000,forecast,direction,,127,126,0.04,ok,0,0.157,1,1,1,1.157,2,PASS,,,1,1
645,0,at_current_floor,2,4,1000,forecast,forecast,80,96,97,0.038,ok,0,0.115,1,1,1,1.115,2,PASS,,,1,1
646,0,at_current_floor,2,4,1000,forecast,forecast,0,77,78,0.035,ok,0,0.221,1,1,1,1.221,2,PASS,,,1,1
647,0,at_current_floor,2,4,1000,forecast,forecast,5,9,9,0.004,ok,0,0.444,1,1,1,1.444,2,PASS,,,1,1
648,0,at_current_floor,2,4,1000,forecast,forecast,none,110,112,0.069,ok,0,0.145,1,1,1,1.145,2,PASS,,,1,1
649,1,up_peak,2,2,1,round-robin,request,,285,572,0.005,ok,0,1.116,3,1,1,2.116,4,PASS,,,1,1
650,1,up_peak,2,2,1,round-robin,direction,,194,389,0.004,ok,0,1.124,3,1,1,2.124,4,PASS,,,1,1
651,1,up_peak,2,2,1,round-robin,forecast,80,42,84,0.004,ok,0,1.095,4,1,1,2.095,5,PASS,,,1,1
652,1,up_peak,2,2,1,round-robin,forecast,0,105,212,0.005,ok,0,1.114,3,1,1,2.114,4,PASS,,,1,1
653,1,up_peak,2,2,1,round-robin,forecast,5,96,190,0.005,ok,0,1.115,4,1,1,2.115,5,PASS,,,1,1
654,1,up_peak,2,2,1,round-robin,forecast,none,145,291,0.007,ok,0,1.159,5,1,1,2.159,6,PASS,,,1,1
655,1,up_peak,2,2,1,nearest,request,,206,413,0.01,ok,0,1.505,8,1,1,2.505,9,PASS,,,1,1
656,1,up_peak,2,2,1,nearest,direction,,293,587,0.013,ok,0,1.683,6,1,1,2.683,7,PASS,,,1,1
657,1,up_peak,2,2,1,nearest,forecast,80,51,103,0.005,ok,0,1.667,6,1,1,2.667,7,PASS,,,1,1
658,1,up_peak,2,2,1,nearest,forecast,0,13,29,0.001,ok,0,1.538,4,1,1,2.538,5,PASS,,,1,1
659,1,up_peak,2,2,1,nearest,forecast,5,8,16,0.001,ok,0,1,4,1,1,2,5,PASS,,,1,1
660,1,up_peak,2,2,1,nearest,forecast,none,127,255,0.009,ok,0,1.961,12,1,1,2.961,13,PASS,,,1,1
661,1,up_peak,2,2,1,forecast,request,,49,99,0.006,ok,0,0.898,3,1,1,1.898,4,PASS,,,1,1
662,1,up_peak,2,2,1,forecast,direction,,129,261,0.041,ok,0,1.233,4,1,1,2.233,5,PASS,,,1,1
663,1,up_peak,2,2,1,forecast,forecast,80,39,77,0.011,ok,0,0.974,3,1,1,1.974,4,PASS,,,1,1
664,1,up_peak,2,2,1,forecast,forecast,0,5,13,0.002,ok,0,1,3,1,1,2,4,PASS,,,1,1
665,1,up_peak,2,2,1,forecast,forecast,5,145,291,0.031,ok,0,1.166,4,1,1,2.166,5,PASS,,,1,1
666,1,up_peak,2,2,1,forecast,forecast,none,26,55,0.007,ok,0,1.077,3,1,1,2.077,4,PASS,,,1,1
667,1,up_peak,3,1,10,round-robin,request,,209,423,0.043,ok,0,1.656,6,2,1,3.172,8,PASS,,,1,1
668,1,up_peak,3,1,10,round-robin,direction,,67,135,0.003,ok,0,1.194,3,2,1,2.687,5,PASS,,,1,1
669,1,up_peak,3,1,10,round-robin,forecast,80,26,53,0.003,ok,0,1.231,3,2,1,2.769,5,PASS,,,1,1
670,1,up_peak,3,1,10,round-robin,forecast,0,65,132,0.005,ok,0,1.431,3,2,1,2.831,5,PASS,,,1,1
671,1,up_peak,3,1,10,round-robin,forecast,5,112,225,0.01,ok,0,1.375,3,2,1,2.884,5,PASS,,,1,1
672,1,up_peak,3,1,10,round-robin,forecast,none,20,40,0.003,ok,0,1.5,3,2,1,2.95,5,PASS,,,1,1
673,1,up_peak,3,1,10,nearest,request,,279,560,0.01,ok,0,1.545,6,2,1,2.989,7,PASS,,,1,1
674,1,up_peak,3,1,10,nearest,direction,,285,574,0.008,ok,0,1.432,3,2,1,2.881,5,PASS,,,1,1
675,1,up_peak,3,1,10,nearest,forecast,80,101,194,0.013,ok,0,1.505,3,2,1,3.149,5,PASS,,,1,1
676,1,up_peak,3,1,10,nearest,forecast,0,23,47,0.003,ok,0,1.348,3,2,1,2.783,5,PASS,,,1,1
677,1,up_peak,3,1,10,nearest,forecast,5,79,161,0.024,ok,0,1.367,3,2,1,2.823,5,PASS,,,1,1
678,1,up_peak,3,1,10,nearest,forecast,none,90,181,0.024,ok,0,1.278,3,2,1,2.678,5,PASS,,,1,1
679,1,up_peak,3,1,10,forecast,request,,43,85,0.014,ok,0,1.279,3,2,1,2.674,5,PASS,,,1,1
680,1,up_peak,3,1,10,forecast,direction,,103,210,0.007,ok,0,1.282,3,2,1,2.777,5,PASS,,,1,1
681,1,up_peak,3,1,10,forecast,forecast,80,10,22,0.002,ok,0,0.7,2,2,1,1.9,3,PASS,,,1,1
682,1,up_peak,3,1,10,forecast,forecast,0,39,78,0.025,ok,0,1.359,3,2,1,2.769,5,PASS,,,1,1
683,1,up_peak,3,1,10,forecast,forecast,5,25,53,0.007,ok,0,1.28,3,2,1,2.8,5,PASS,,,1,1
684,1,up_peak,3,1,10,forecast,forecast,none,55,113,0.597,ok,0,1.436,3,2,1,2.855,5,PASS,,,1,1
685,1,down_peak,2,10,10,round-robin,request,,103,201,0.004,ok,0,0.913,1,1,1,1.913,2,PASS,,,1,1
686,1,down_peak,2,10,10,round-robin,direction,,71,144,0.003,ok,0,0.93,1,1,1,1.93,2,PASS,,,1,1
687,1,down_peak,2,10,10,round-robin,forecast,80,138,275,0.009,ok,0,0.884,1,1,1,1.884,2,PASS,,,1,1
688,1,down_peak,2,10,10,round-robin,forecast,0,114,230,0.005,ok,0,0.956,1,1,1,1.956,2,PASS,,,1,1
689,1,down_peak,2,10,10,round-robin,forecast,5,56,113,0.056,ok,0,0.875,1,1,1,1.875,2,PASS,,,1,1
690,1,down_peak,2,10,10,round-robin,forecast,none,147,295,0.006,ok,0,0.905,1,1,1,1.905,2,PASS,,,1,1
691,1,down_peak,2,10,10,nearest,request,,20,42,0.007,ok,0,0.85,1,1,1,1.85,2,PASS,,,1,1
692,1,down_peak,2,10,10,nearest,direction,,31,64,0.002,ok,0,0.742,1,1,1,1.742,2,PASS,,,1,1
693,1,down_peak,2,10,10,nearest,forecast,80,95,191,0.006,ok,0,0.6,1,1,1,1.6,2,PASS,,,1,1
694,1,down_peak,2,10,10,nearest,forecast,0,112,226,0.02,ok,0,0.589,1,1,1,1.589,2,PASS,,,1,1
695,1,down_peak,2,10,10,nearest,forecast,5,47,92,0.005,ok,0,0.702,1,1,1,1.702,2,PASS,,,1,1
696,1,down_peak,2,10,10,nearest,forecast,none,30,62,0.003,ok,0,0.733,1,1,1,1.733,2,PASS,,,1,1
697,1,down_peak,2,10,10,forecast,request,,91,181,0.022,ok,0,0.637,1,1,1,1.637,2,PASS,,,1,1
698,1,down_peak,2,10,10,forecast,direction,,136,272,0.071,ok,0,0.64,1,1,1,1.64,2,PASS,,,1,1
699,1,down_peak,2,10,10,forecast,forecast,80,56,113,0.433,ok,0,0.643,1,1,1,1.643,2,PASS,,,1,1
700,1,down_peak,2,10,10,forecast,forecast,0,11,23,0.01,ok,0,0.727,1,1,1,1.727,2,PASS,,,1,1
701,1,down_peak,2,10,10,forecast,forecast,5,23,44,0.02,ok,0,0.696,1,1,1,1.696,2,PASS,,,1,1
702,1,down_peak,2,10,10,forecast,forecast,none,60,120,0.037,ok,0,0.55,1,1,1,1.55,2,PASS,,,1,1
703,1,down_peak,3,1,10,round-robin,request,,266,535,0.007,ok,0,2.553,10,2,1,4.06,12,PASS,,,1,1
704,1,down_peak,3,1,10,round-robin,direction,,185,372,0.005,ok,0,1.378,3,2,1,2.827,5,PASS,,,1,1
705,1,down_peak,3,1,10,round-robin,forecast,80,121,243,0.009,ok,0,1.372,4,2,1,2.76,6,PASS,,,1,1
706,1,down_peak,3,1,10,round-robin,forecast,0,6,9,0.001,ok,0,1.667,3,2,1,3,5,PASS,,,1,1
707,1,down_peak,3,1,10,round-robin,forecast,5,116,234,0.012,ok,0,1.483,4,2,1,3,6,PASS,,,1,1
708,1,down_peak,3,1,10,round-robin,forecast,none,15,29,0.002,ok,0,1.2,3,2,1,2.467,4,PASS,,,1,1
709,1,down_peak,3,1,10,nearest,request,,66,131,0.003,ok,0,1.818,6,2,1,3.364,8,PASS,,,1,1
710,1,down_peak,3,1,10,nearest,direction,,76,155,0.004,ok,0,1.566,3,2,1,3.145,5,PASS,,,1,1
711,1,down_peak,3,1,10,nearest,forecast,80,32,61,0.004,ok,0,1.281,3,2,1,2.812,5,PASS,,,1,1
712,1,down_peak,3,1,10,nearest,forecast,0,122,245,0.015,ok,0,1.533,4,2,1,3.074,6,PASS,,,1,1
713,1,down_peak,3,1,10,nearest,forecast,5,68,137,0.006,ok,0,1.471,4,2,1,2.809,6,PASS,,,1,1
714,1,down_peak,3,1,10,nearest,forecast,none,67,139,0.005,ok,0,1.463,3,2,1,3,5,PASS,,,1,1
715,1,down_peak,3,1,10,forecast,request,,25,47,0.002,ok,0,1.32,4,2,1,2.6,6,PASS,,,1,1
716,1,down_peak,3,1,10,forecast,direction,,8,17,0.001,ok,0,1.25,2,2,2,2.625,4,PASS,,,1,1
717,1,down_peak,3,1,10,forecast,forecast,80,58,118,0.076,ok,0,1.241,3,2,1,2.621,5,PASS,,,1,1
718,1,down_peak,3,1,10,forecast,forecast,0,30,62,0.009,ok,0,1.567,4,2,1,3,6,PASS,,,1,1
719,1,down_peak,3,1,10,forecast,forecast,5,125,249,0.049,ok,0,1.536,4,2,1,3.064,6,PASS,,,1,1
720,1,down_peak,3,1,10,forecast,forecast,none,52,104,0.006,ok,0,1.25,3,2,1,2.615,5,PASS,,,1,1
721,1,lunch,3,1,10,round-robin,request,,169,341,0.044,ok,0,3.018,13,2,1,4.479,15,PASS,,,1,1
722,1,lunch,3,1,10,round-robin,direction,,271,541,0.008,ok,0,1.273,3,2,1,2.738,5,PASS,,,1,1
723,1,lunch,3,1,10,round-robin,forecast,80,81,164,0.009,ok,0,1.111,3,2,1,2.568,5,PASS,,,1,1
724,1,lunch,3,1,10,round-robin,forecast,0,122,245,0.015,ok,0,1.123,3,2,1,2.598,5,PASS,,,1,1
725,1,lunch,3,1,10,round-robin,forecast,5,8,16,0.001,ok,0,1.5,4,2,1,2.875,6,PASS,,,1,1
726,1,lunch,3,1,10,round-robin,forecast,none,120,241,0.01,ok,0,1.275,3,2,1,2.708,5,PASS,,,1,1
727,1,lunch,3,1,10,nearest,request,,130,265,0.006,ok,0,3.015,9,2,1,4.508,10,PASS,,,1,1
728,1,lunch,3,1,10,nearest,direction,,170,342,0.004,ok,0,1.418,3,2,1,2.888,5,PASS,,,1,1
729,1,lunch,3,1,10,nearest,forecast,80,126,252,0.009,ok,0,1.254,3,2,1,2.683,5,PASS,,,1,1
730,1,lunch,3,1,10,nearest,forecast,0,101,206,0.015,ok,0,1.208,3,2,1,2.663,5,PASS,,,1,1
731,1,lunch,3,1,10,nearest,forecast,5,78,156,0.006,ok,0,1.128,3,2,1,2.513,5,PASS,,,1,1
732,1,lunch,3,1,10,nearest,forecast,none,129,259,0.023,ok,0,1.372,3,2,1,2.775,5,PASS,,,1,1
733,1,lunch,3,1,10,forecast,request,,139,280,0.009,ok,0,2.928,12,2,1,4.41,14,PASS,,,1,1
734,1,lunch,3,1,10,forecast,direction,,86,173,0.006,ok,0,1.279,3,2,1,2.698,5,PASS,,,1,1
735,1,lunch,3,1,10,forecast,forecast,80,56,112,0.076,ok,0,1.179,3,2,1,2.661,5,PASS,,,1,1
736,1,lunch,3,1,10,forecast,forecast,0,26,54,0.006,ok,0,1,3,2,1,2.5,5,PASS,,,1,1
737,1,lunch,3,1,10,forecast,forecast,5,80,162,0.037,ok,0,1.05,3,2,1,2.487,5,PASS,,,1,1
738,1,lunch,3,1,10,forecast,forecast,none,33,68,0.01,ok,0,1.333,3,2,1,2.879,5,PASS,,,1,1
739,1,lunch,10,1,1,round-robin,request,,258,2114,0.29,ok,0,797.26,1594,9,8,802.089,1600,PASS,,,1,1
740,1,lunch,10,1,1,round-robin,direction,,95,556,0.155,ok,0,174.263,366,9,4,178.789,372,PASS,,,1,1
741,1,lunch,10,1,1,round-robin,forecast,80,19,106,0.013,ok,0,25.737,67,9,2,30.316,75,PASS,,,1,1
742,1,lunch,10,1,1,round-robin,forecast,0,55,400,7.965,ok,0,129.436,286,9,5,134.727,292,PASS,,,1,1
743,1,lunch,10,1,1,round-robin,forecast,5,65,371,0.434,ok,0,120.862,241,9,3,125.646,244,PASS,,,1,1
744,1,lunch,10,1,1,round-robin,forecast,none,143,858,1.754,ok,0,185.07,664,9,1,189.874,673,PASS,,,1,1
745,1,lunch,10,1,1,nearest,request,,156,1193,0.098,ok,6,439.455,880,9,9,444.006,881,PASS,,,1,1
746,1,lunch,10,1,1,nearest,direction,,33,211,0.011,ok,0,80.121,139,9,8,84.727,146,PASS,,,1,1
747,1,lunch,10,1,1,nearest,forecast,80,29,180,0.092,ok,1,47.241,121,9,9,52.552,130,PASS,,,1,1
748,1,lunch,10,1,1,nearest,forecast,0,30,221,0.106,ok,6,82.167,156,9,12,87.333,161,PASS,,,1,1
749,1,lunch,10,1,1,nearest,forecast,5,25,162,0.057,ok,8,45.64,107,9,9,50.08,114,PASS,,,1,1
750,1,lunch,10,1,1,nearest,forecast,none,22,102,0.026,ok,0,18.955,73,9,2,21.864,78,PASS,,,1,1
751,1,lunch,10,1,1,forecast,request,,64,593,0.077,ok,0,236.016,462,9,3,241.469,465,PASS,,,1,1
752,1,lunch,10,1,1,forecast,direction,,17,100,0.013,ok,0,36.353,91,9,4,40.882,92,PASS,,,1,1
753,1,lunch,10,1,1,forecast,forecast,80,52,284,0.316,ok,0,69.942,181,9,3,74.692,190,PASS,,,1,1
754,1,lunch,10,1,1,forecast,forecast,0,132,769,7.083,ok,4,236.53,502,9,5,241.439,507,PASS,,,1,1
755,1,lunch,10,1,1,forecast,forecast,5,120,701,5.304,ok,0,213.45,461,9,6,218.375,464,PASS,,,1,1
756,1,lunch,10,1,1,forecast,forecast,none,104,525,1.818,ok,0,107.923,345,9,1,112.163,354,PASS,,,1,1
757,1,interfloor,2,10,1,round-robin,request,,108,218,0.024,ok,0,0.5,1,1,1,1.5,2,PASS,,,1,1
758,1,interfloor,2,10,1,round-robin,direction,,171,343,0.169,ok,0,0.52,1,1,1,1.52,2,PASS,,,1,1
759,1,interfloor,2,10,1,round-robin,forecast,80,136,273,0.006,ok,0,0.529,1,1,1,1.529,2,PASS,,,1,1
760,1,interfloor,2,10,1,round-robin,forecast,0,129,259,0.006,ok,0,0.465,1,1,1,1.465,2,PASS,,,1,1
761,1,interfloor,2,10,1,round-robin,forecast,5,10,18,0.001,ok,0,0.6,1,1,1,1.6,2,PASS,,,1,1
762,1,interfloor,2,10,1,round-robin,forecast,none,17,35,0.001,ok,0,0.471,1,1,1,1.471,2,PASS,,,1,1
763,1,interfloor,2,10,1,nearest,request,,33,67,0.01,ok,0,0.273,2,1,1,1.273,3,PASS,,,1,1
764,1,interfloor,2,10,1,nearest,direction,,232,465,0.006,ok,0,0.056,2,1,1,1.056,3,PASS,,,1,1
765,1,interfloor,2,10,1,nearest,forecast,80,62,125,0.003,ok,0,0.048,2,1,1,1.048,3,PASS,,,1,1
766,1,interfloor,2,10,1,nearest,forecast,0,52,105,0.002,ok,0,0.077,2,1,1,1.077,3,PASS,,,1,1
767,1,interfloor,2,10,1,nearest,forecast,5,114,228,0.006,ok,0,0.123,2,1,1,1.123,3,PASS,,,1,1
768,1,interfloor,2,10,1,nearest,forecast,none,39,79,0.003,ok,0,0.128,2,1,1,1.128,3,PASS,,,1,1
769,1,interfloor,2,10,1,forecast,request,,36,72,0.013,ok,0,0.167,1,1,1,1.167,2,PASS,,,1,1
770,1,interfloor,2,10,1,forecast,direction,,17,34,0.008,ok,0,0.059,1,1,1,1.059,2,PASS,,,1,1
771,1,interfloor,2,10,1,forecast,forecast,80,86,173,0.044,ok,0,0.058,1,1,1,1.058,2,PASS,,,1,1
772,1,interfloor,2,10,1,forecast,forecast,0,72,145,0.065,ok,0,0.014,1,1,1,1.014,2,PASS,,,1,1
773,1,interfloor,2,10,1,forecast,forecast,5,77,154,0.048,ok,0,0.091,1,1,1,1.091,2,PASS,,,1,1
774,1,interfloor,2,10,1,forecast,forecast,none,115,228,0.09,ok,0,0.157,1,1,1,1.157,2,PASS,,,1,1
775,1,interfloor,3,1,10,round-robin,request,,39,83,0.002,ok,0,3.154,9,2,1,4.538,11,PASS,,,1,1
776,1,interfloor,3,1,10,round-robin,direction,,248,498,0.014,ok,0,1.399,3,2,1,2.79,5,PASS,,,1,1
777,1,interfloor,3,1,10,round-robin,forecast,80,31,64,0.005,ok,0,1.742,3,2,1,3.097,5,PASS,,,1,1
778,1,interfloor,3,1,10,round-robin,forecast,0,66,136,0.006,ok,0,1.379,3,2,1,2.773,5,PASS,,,1,1
779,1,interfloor,3,1,10,round-robin,forecast,5,74,149,0.02,ok,0,1.378,3,2,1,2.797,5,PASS,,,1,1
780,1,interfloor,3,1,10,round-robin,forecast,none,106,211,0.008,ok,0,1.349,3,2,1,2.736,5,PASS,,,1,1
781,1,interfloor,3,1,10,nearest,request,,239,485,0.007,ok,0,3.849,16,2,1,5.188,18,PASS,,,1,1
782,1,interfloor,3,1,10,nearest,direction,,16,36,0.013,ok,0,1.25,3,2,1,2.5,5,PASS,,,1,1
783,1,interfloor,3,1,10,nearest,forecast,80,44,88,0.017,ok,0,1.25,3,2,1,2.545,5,PASS,,,1,1
784,1,interfloor,3,1,10,nearest,forecast,0,112,226,0.009,ok,0,1.33,3,2,1,2.768,5,PASS,,,1,1
785,1,interfloor,3,1,10,nearest,forecast,5,33,69,0.005,ok,0,1.485,3,2,1,2.848,5,PASS,,,1,1
786,1,interfloor,3,1,10,nearest,forecast,none,121,243,0.009,ok,0,1.19,4,2,1,2.488,5,PASS,,,1,1
787,1,interfloor,3,1,10,forecast,request,,135,277,0.008,ok,0,2.504,7,2,1,3.896,9,PASS,,,1,1
788,1,interfloor,3,1,10,forecast,direction,,69,141,0.005,ok,0,1.42,3,2,1,2.797,5,PASS,,,1,1
789,1,interfloor,3,1,10,forecast,forecast,80,55,111,0.137,ok,0,1.418,4,2,1,2.691,6,PASS,,,1,1
790,1,interfloor,3,1,10,forecast,forecast,0,25,54,0.01,ok,0,1.4,3,2,1,2.84,5,PASS,,,1,1
791,1,interfloor,3,1,10,forecast,forecast,5,132,263,0.02,ok,0,1.182,3,2,1,2.462,5,PASS,,,1,1
792,1,interfloor,3,1,10,forecast,forecast,none,94,192,0.016,ok,0,1.319,3,2,1,2.606,5,PASS,,,1,1
793,1,hot_floor,3,1,10,round-robin,request,,264,534,0.011,ok,0,2.496,10,2,1,3.989,12,PASS,,,1,1
794,1,hot_floor,3,1,10,round-robin,direction,,81,163,0.004,ok,0,1.136,3,1,1,2.136,4,PASS,,,1,1
795,1,hot_floor,3,1,10,round-robin,forecast,80,50,102,0.038,ok,0,0.94,3,2,1,2.28,5,PASS,,,1,1
796,1,hot_floor,3,1,10,round-robin,forecast,0,139,279,0.014,ok,0,1.23,3,1,1,2.23,4,PASS,,,1,1
797,1,hot_floor,3,1,10,round-robin,forecast,5,39,76,0.004,ok,0,1.154,3,2,1,2.615,5,PASS,,,1,1
798,1,hot_floor,3,1,10,round-robin,forecast,none,72,146,0.005,ok,0,1.014,3,2,1,2.5,5,PASS,,,1,1
799,1,hot_floor,3,1,10,nearest,request,,9,21,0.0,ok,0,1.111,3,2,2,2.556,5,PASS,,,1,1
800,1,hot_floor,3,1,10,nearest,direction,,136,271,0.006,ok,0,1.103,3,1,1,2.103,4,PASS,,,1,1
801,1,hot_floor,3,1,10,nearest,forecast,80,100,203,0.009,ok,0,1.21,3,2,1,2.74,5,PASS,,,1,1
802,1,hot_floor,3,1,10,nearest,forecast,0,1,4,0.0,ok,1,1,1,1,2,2,2,PASS,,,1,1
803,1,hot_floor,3,1,10,nearest,forecast,5,31,64,0.004,ok,0,1.419,3,2,1,2.71,5,PASS,,,1,1
804,1,hot_floor,3,1,10,nearest,forecast,none,140,278,0.017,ok,0,1.143,3,1,1,2.143,4,PASS,,,1,1
805,1,hot_floor,3,1,10,forecast,request,,116,238,0.007,ok,0,2.052,7,2,1,3.56,9,PASS,,,1,1
806,1,hot_floor,3,1,10,forecast,direction,,78,157,0.005,ok,0,1.154,3,2,1,2.577,5,PASS,,,1,1
807,1,hot_floor,3,1,10,forecast,forecast,80,65,132,0.01,ok,0,1.077,3,2,1,2.6,5,PASS,,,1,1
808,1,hot_floor,3,1,10,forecast,forecast,0,96,191,0.045,ok,0,0.844,4,1,1,1.844,5,PASS,,,1,1
809,1,hot_floor,3,1,10,forecast,forecast,5,21,42,0.018,ok,0,1.19,3,1,1,2.19,4,PASS,,,1,1
810,1,hot_floor,3,1,10,forecast,forecast,none,144,287,0.018,ok,0,1.042,4,1,1,2.042,5,PASS,,,1,1
811,1,hot_floor,100,10,2,round-robin,request,,4,108,0.011,ok,15,37,67,61,33,71,101,PASS,,,1,1
812,1,hot_floor,100,10,2,round-robin,direction,,160,695,0.052,ok,3,147.525,535,84,27,186.169,539,PASS,,,1,1
813,1,hot_floor,100,10,2,round-robin,forecast,80,130,523,0.045,ok,0,88.808,274,52,6,115.823,316,PASS,,,1,1
814,1,hot_floor,100,10,2,round-robin,forecast,0,115,628,0.036,ok,1,140.948,397,90,12,183.974,479,PASS,,,1,1
815,1,hot_floor,100,10,2,round-robin,forecast,5,47,215,0.009,ok,0,42.277,95,54,3,67.34,131,PASS,,,1,1
816,1,hot_floor,100,10,2,round-robin,forecast,none,103,552,0.023,ok,0,89.388,381,83,5,122.233,440,PASS,,,1,1
817,1,hot_floor,100,10,2,nearest,request,,147,2574,0.059,ok,0,518.952,2242,76,12,554.823,2301,PASS,,,1,1
818,1,hot_floor,100,10,2,nearest,direction,,87,684,0.031,ok,0,114.483,532,95,4,160.034,550,PASS,,,1,1
819,1,hot_floor,100,10,2,nearest,forecast,80,57,973,0.789,ok,1,293.439,850,68,4,320.526,880,PASS,,,1,1
820,1,hot_floor,100,10,2,nearest,forecast,0,5,125,0.002,ok,39,63,107,52,61,87,116,PASS,,,1,1
821,1,hot_floor,100,10,2,nearest,forecast,5,136,806,0.117,ok,0,136.191,534,90,3,176.544,560,PASS,,,1,1
822,1,hot_floor,100,10,2,nearest,forecast,none,69,874,0.042,ok,0,131.899,724,75,5,168.13,746,PASS,,,1,1
823,1,hot_floor,100,10,2,forecast,request,,101,333,0.1,ok,0,45.891,76,58,31,71.475,133,PASS,,,1,1
824,1,hot_floor,100,10,2,forecast,direction,,91,281,0.075,ok,0,34.396,118,55,5,59.462,154,PASS,,,1,1
825,1,hot_floor,100,10,2,forecast,forecast,80,120,342,0.382,ok,0,42.892,142,70,2,74.017,180,PASS,,,1,1
826,1,hot_floor,100,10,2,forecast,forecast,0,32,207,0.085,ok,0,26.969,91,89,11,76.531,166,PASS,,,1,1
827,1,hot_floor,100,10,2,forecast,forecast,5,13,168,0.032,ok,1,36.462,97,62,15,67.154,159,PASS,,,1,1
828,1,hot_floor,100,10,2,forecast,forecast,none,108,296,0.279,ok,0,36.935,99,57,2,62.722,141,PASS,,,1,1
829,1,all_at_0,3,1,10,round-robin,request,,184,269,0.161,ok,1,133,268,2,2,134.342,269,PASS,,,1,1
830,1,all_at_0,3,1,10,round-robin,direction,,234,36,0.265,ok,0,15.944,35,2,1,17.338,36,PASS,,,1,1
831,1,all_at_0,3,1,10,round-robin,forecast,80,8,4,0.004,ok,0,0.625,2,2,1,2,4,PASS,,,1,1
832,1,all_at_0,3,1,10,round-robin,forecast,0,40,9,0.329,ok,0,2.4,8,2,1,3.625,9,PASS,,,1,1
833,1,all_at_0,3,1,10,round-robin,forecast,5,43,8,0.422,ok,0,2.488,6,2,1,3.86,8,PASS,,,1,1
834,1,all_at_0,3,1,10,round-robin,forecast,none,16,4,0.033,ok,0,1.25,3,2,1,2.438,4,PASS,,,1,1
835,1,all_at_0,3,1,10,nearest,request,,207,302,0.208,ok,0,152.628,300,2,1,153.971,302,PASS,,,1,1
836,1,all_at_0,3,1,10,nearest,direction,,263,40,0.374,ok,0,17.057,38,2,1,18.373,40,PASS,,,1,1
837,1,all_at_0,3,1,10,nearest,forecast,80,45,8,0.542,ok,0,2.511,7,2,1,3.867,8,PASS,,,1,1
838,1,all_at_0,3,1,10,nearest,forecast,0,56,10,25.666,ok,0,3.286,8,2,1,4.589,10,PASS,,,1,1
839,1,all_at_0,3,1,10,nearest,forecast,5,38,10,0.325,ok,0,2.368,8,2,1,3.658,10,PASS,,,1,1
840,1,all_at_0,3,1,10,nearest,forecast,none,29,8,0.147,ok,0,1.655,6,2,1,3.069,8,PASS,,,1,1
841,1,all_at_0,3,1,10,forecast,request,,54,83,0.114,ok,2,41.5,82,2,3,42.833,83,PASS,,,1,1
842,1,all_at_0,3,1,10,forecast,direction,,5,4,0.001,ok,0,1,3,2,1,2.6,4,PASS,,,1,1
843,1,all_at_0,3,1,10,forecast,forecast,80,1,2,0.0,ok,0,0,0,2,2,2,2,PASS,,,1,1
844,1,all_at_0,3,1,10,forecast,forecast,0,29,8,0.304,ok,0,1.655,6,2,1,3.069,8,PASS,,,1,1
845,1,all_at_0,3,1,10,forecast,forecast,5,41,10,0.739,ok,0,3.659,8,2,1,5.146,10,PASS,,,1,1
846,1,all_at_0,3,1,10,forecast,forecast,none,58,12,21.319,ok,0,4.207,10,2,1,5.569,12,PASS,,,1,1
847,1,all_at_0,3,10,2,round-robin,request,,53,12,0.003,ok,0,4.849,10,2,2,6.17,12,PASS,,,1,1
848,1,all_at_0,3,10,2,round-robin,direction,,242,21,0.025,ok,0,8.037,20,2,1,9.372,21,PASS,,,1,1
849,1,all_at_0,3,10,2,round-robin,forecast,80,6,4,0.001,ok,1,1.333,2,2,2,2.667,4,PASS,,,1,1
850,1,all_at_0,3,10,2,round-robin,forecast,0,40,6,0.008,ok,0,1.175,4,2,1,2.425,6,PASS,,,1,1
851,1,all_at_0,3,10,2,round-robin,forecast,5,12,4,0.001,ok,0,1.333,2,2,1,2.833,4,PASS,,,1,1
852,1,all_at_0,3,10,2,round-robin,forecast,none,3,4,0.0,ok,0,1.333,2,2,2,3,4,PASS,,,1,1
853,1,all_at_0,3,10,2,nearest,request,,54,12,0.003,ok,0,4.315,10,2,1,5.704,12,PASS,,,1,1
854,1,all_at_0,3,10,2,nearest,direction,,181,20,0.015,ok,0,6.436,18,2,1,7.751,20,PASS,,,1,1
855,1,all_at_0,3,10,2,nearest,forecast,80,4,3,0.0,ok,1,1.25,2,1,2,2.25,3,PASS,,,1,1
856,1,all_at_0,3,10,2,nearest,forecast,0,34,8,0.006,ok,0,1.706,6,2,1,3,8,PASS,,,1,1
857,1,all_at_0,3,10,2,nearest,forecast,5,47,8,0.028,ok,0,2.319,7,2,1,3.638,8,PASS,,,1,1
858,1,all_at_0,3,10,2,nearest,forecast,none,12,4,0.001,ok,0,1.333,2,2,1,2.833,4,PASS,,,1,1
859,1,all_at_0,3,10,2,forecast,request,,23,4,0.023,ok,0,1.043,2,2,1,2.348,4,PASS,,,1,1
860,1,all_at_0,3,10,2,forecast,direction,,58,8,0.299,ok,0,1.793,6,2,1,3.155,8,PASS,,,1,1
861,1,all_at_0,3,10,2,forecast,forecast,80,58,6,1.05,ok,0,1.552,4,2,1,2.914,6,PASS,,,1,1
862,1,all_at_0,3,10,2,forecast,forecast,0,13,4,0.031,ok,0,1.231,2,2,1,2.385,4,PASS,,,1,1
863,1,all_at_0,3,10,2,forecast,forecast,5,40,4,0.16,ok,0,0.975,3,2,1,2.225,4,PASS,,,1,1
864,1,all_at_0,3,10,2,forecast,forecast,none,51,6,0.204,ok,0,1.412,4,2,1,2.843,6,PASS,,,1,1
865,1,bursts,2,4,1,round-robin,request,,17,90,0.001,ok,0,1,3,1,1,2,4,PASS,,,1,1
866,1,bursts,2,4,1,round-robin,direction,,70,196,0.004,ok,0,1.414,7,1,1,2.414,8,PASS,,,1,1
867,1,bursts,2,4,1,round-robin,forecast,80,47,264,0.005,ok,0,1.085,3,1,1,2.085,4,PASS,,,1,1
868,1,bursts,2,4,1,round-robin,forecast,0,24,110,0.004,ok,0,1.292,4,1,1,2.292,5,PASS,,,1,1
869,1,bursts,2,4,1,round-robin,forecast,5,125,441,0.011,ok,0,1.424,5,1,1,2.424,6,PASS,,,1,1
870,1,bursts,2,4,1,round-robin,forecast,none,89,344,0.007,ok,0,1.247,5,1,1,2.247,6,PASS,,,1,1
871,1,bursts,2,4,1,nearest,request,,87,353,0.013,ok,0,2.379,14,1,1,3.379,15,PASS,,,1,1
872,1,bursts,2,4,1,nearest,direction,,168,800,0.189,ok,0,1.774,10,1,1,2.774,11,PASS,,,1,1
873,1,bursts,2,4,1,nearest,forecast,80,76,460,0.01,ok,0,2.697,18,1,1,3.697,19,PASS,,,1,1
874,1,bursts,2,4,1,nearest,forecast,0,28,124,0.003,ok,0,1.036,4,1,1,2.036,5,PASS,,,1,1
875,1,bursts,2,4,1,nearest,forecast,5,124,495,0.011,ok,0,1.911,8,1,1,2.911,9,PASS,,,1,1
876,1,bursts,2,4,1,nearest,forecast,none,136,633,0.03,ok,0,2.221,14,1,1,3.221,15,PASS,,,1,1
877,1,bursts,2,4,1,forecast,request,,75,270,0.014,ok,0,1.373,5,1,1,2.373,6,PASS,,,1,1
878,1,bursts,2,4,1,forecast,direction,,145,841,0.028,ok,0,0.862,5,1,1,1.862,6,PASS,,,1,1
879,1,bursts,2,4,1,forecast,forecast,80,104,564,0.104,ok,0,1.096,4,1,1,2.096,5,PASS,,,1,1
880,1,bursts,2,4,1,forecast,forecast,0,99,475,0.072,ok,0,0.99,5,1,1,1.99,6,PASS,,,1,1
881,1,bursts,2,4,1,forecast,forecast,5,68,378,0.058,ok,0,0.926,3,1,1,1.926,4,PASS,,,1,1
882,1,bursts,2,4,1,forecast,forecast,none,52,355,0.033,ok,0,0.788,4,1,1,1.788,5,PASS,,,1,1
883,1,bursts,3,1,10,round-robin,request,,16,51,0.001,ok,0,3.375,8,2,1,4.812,9,PASS,,,1,1
884,1,bursts,3,1,10,round-robin,direction,,93,417,0.014,ok,0,1.398,3,2,1,2.753,4,PASS,,,1,1
885,1,bursts,3,1,10,round-robin,forecast,80,122,567,0.065,ok,0,1.205,4,2,1,2.508,6,PASS,,,1,1
886,1,bursts,3,1,10,round-robin,forecast,0,35,154,0.02,ok,0,1.4,3,2,1,2.743,4,PASS,,,1,1
887,1,bursts,3,1,10,round-robin,forecast,5,129,814,0.054,ok,0,1.271,4,2,1,2.628,6,PASS,,,1,1
888,1,bursts,3,1,10,round-robin,forecast,none,31,93,0.018,ok,0,1.677,4,2,1,3.065,6,PASS,,,1,1
889,1,bursts,3,1,10,nearest,request,,53,270,0.005,ok,0,8.887,26,2,1,10.302,28,PASS,,,1,1
890,1,bursts,3,1,10,nearest,direction,,164,808,0.021,ok,0,1.384,3,2,1,2.787,5,PASS,,,1,1
891,1,bursts,3,1,10,nearest,forecast,80,141,799,0.061,ok,0,1.355,3,2,1,2.752,5,PASS,,,1,1
892,1,bursts,3,1,10,nearest,forecast,0,127,559,0.046,ok,0,1.591,4,2,1,2.89,6,PASS,,,1,1
893,1,bursts,3,1,10,nearest,forecast,5,131,606,0.047,ok,0,1.473,4,2,1,2.863,6,PASS,,,1,1
894,1,bursts,3,1,10,nearest,forecast,none,6,65,0.001,ok,0,0.833,3,2,1,2.167,4,PASS,,,1,1
895,1,bursts,3,1,10,forecast,request,,63,334,0.009,ok,0,5.317,14,2,1,6.603,15,PASS,,,1,1
896,1,bursts,3,1,10,forecast,direction,,20,52,0.017,ok,0,1.45,3,2,1,2.95,4,PASS,,,1,1
897,1,bursts,3,1,10,forecast,forecast,80,144,783,0.125,ok,0,1.215,4,2,1,2.556,6,PASS,,,1,1
898,1,bursts,3,1,10,forecast,forecast,0,20,52,0.042,ok,0,1.45,3,2,1,2.95,4,PASS,,,1,1
899,1,bursts,3,1,10,forecast,forecast,5,87,369,0.16,ok,0,1.506,4,2,1,2.862,6,PASS,,,1,1
900,1,bursts,3,1,10,forecast,forecast,none,22,105,0.039,ok,0,1.364,3,2,1,2.636,4,PASS,,,1,1
901,1,sparse,3,1,10,round-robin,request,,251,1531,0.01,ok,0,0.996,3,2,1,2.287,4,PASS,,,1,1
902,1,sparse,3,1,10,round-robin,direction,,164,974,0.007,ok,0,0.976,3,2,1,2.341,4,PASS,,,1,1
903,1,sparse,3,1,10,round-robin,forecast,80,106,632,0.005,ok,0,0.896,2,2,1,2.208,4,PASS,,,1,1
904,1,sparse,3,1,10,round-robin,forecast,0,4,22,0.0,ok,0,0.5,2,2,2,2.5,4,PASS,,,1,1
905,1,sparse,3,1,10,round-robin,forecast,5,56,333,0.068,ok,0,0.768,2,2,1,2.071,4,PASS,,,1,1
906,1,sparse,3,1,10,round-robin,forecast,none,141,844,0.006,ok,0,0.894,3,2,1,2.255,5,PASS,,,1,1
907,1,sparse,3,1,10,nearest,request,,258,1571,0.006,ok,0,0.926,3,2,1,2.291,4,PASS,,,1,1
908,1,sparse,3,1,10,nearest,direction,,100,594,0.004,ok,0,0.87,2,2,1,2.17,4,PASS,,,1,1
909,1,sparse,3,1,10,nearest,forecast,80,51,297,0.004,ok,0,0.843,2,2,1,2.157,4,PASS,,,1,1
910,1,sparse,3,1,10,nearest,forecast,0,148,881,0.006,ok,0,0.872,3,2,1,2.257,5,PASS,,,1,1
911,1,sparse,3,1,10,nearest,forecast,5,114,695,0.005,ok,0,0.956,3,2,1,2.333,5,PASS,,,1,1
912,1,sparse,3,1,10,nearest,forecast,none,28,177,0.002,ok,0,0.857,2,2,1,2.107,4,PASS,,,1,1
913,1,sparse,3,1,10,forecast,request,,144,864,0.005,ok,0,0.931,2,2,1,2.278,4,PASS,,,1,1
914,1,sparse,3,1,10,forecast,direction,,72,437,0.008,ok,0,0.917,2,2,1,2.236,4,PASS,,,1,1
915,1,sparse,3,1,10,forecast,forecast,80,122,730,0.027,ok,0,1.107,3,2,1,2.516,5,PASS,,,1,1
916,1,sparse,3,1,10,forecast,forecast,0,42,275,0.017,ok,0,0.833,2,2,1,2.119,4,PASS,,,1,1
917,1,sparse,3,1,10,forecast,forecast,5,136,822,0.011,ok,0,0.978,3,2,1,2.294,5,PASS,,,1,1
918,1,sparse,3,1,10,forecast,forecast,none,70,429,0.007,ok,0,0.943,2,2,1,2.257,4,PASS,,,1,1
919,1,sparse,3,10,1,round-robin,request,,84,510,0.007,ok,0,1.024,2,2,1,2.393,4,PASS,,,1,1
920,1,sparse,3,10,1,round-robin,direction,,55,340,0.012,ok,0,0.909,2,2,1,2.273,4,PASS,,,1,1
921,1,sparse,3,10,1,round-robin,forecast,80,101,592,0.007,ok,0,0.733,2,2,1,2.01,4,PASS,,,1,1
922,1,sparse,3,10,1,round-robin,forecast,0,138,852,0.009,ok,0,0.928,2,2,1,2.297,4,PASS,,,1,1
923,1,sparse,3,10,1,round-robin,forecast,5,74,445,0.005,ok,0,0.878,2,2,1,2.257,4,PASS,,,1,1
924,1,sparse,3,10,1,round-robin,forecast,none,35,204,0.004,ok,0,0.686,2,2,1,1.971,4,PASS,,,1,1
925,1,sparse,3,10,1,nearest,request,,181,1083,0.008,ok,0,0.166,2,2,1,1.519,4,PASS,,,1,1
926,1,sparse,3,10,1,nearest,direction,,152,938,0.032,ok,0,0.257,2,2,1,1.553,4,PASS,,,1,1
927,1,sparse,3,10,1,nearest,forecast,80,73,468,0.005,ok,0,0.233,2,2,1,1.589,3,PASS,,,1,1
928,1,sparse,3,10,1,nearest,forecast,0,13,81,0.002,ok,0,0.385,2,2,1,1.769,4,PASS,,,1,1
929,1,sparse,3,10,1,nearest,forecast,5,46,273,0.005,ok,0,0.283,2,2,1,1.63,3,PASS,,,1,1
930,1,sparse,3,10,1,nearest,forecast,none,68,404,0.005,ok,0,0.132,2,2,1,1.441,4,PASS,,,1,1
931,1,sparse,3,10,1,forecast,request,,115,716,0.05,ok,0,0.2,2,2,1,1.504,4,PASS,,,1,1
932,1,sparse,3,10,1,forecast,direction,,138,851,0.036,ok,0,0.217,2,2,1,1.587,4,PASS,,,1,1
933,1,sparse,3,10,1,forecast,forecast,80,2,12,0.002,ok,0,1,2,1,1,2,3,PASS,,,1,1
934,1,sparse,3,10,1,forecast,forecast,0,26,155,0.03,ok,0,0.346,2,2,1,1.615,3,PASS,,,1,1
935,1,sparse,3,10,1,forecast,forecast,5,103,634,0.102,ok,0,0.291,2,2,1,1.573,4,PASS,,,1,1
936,1,sparse,3,10,1,forecast,forecast,none,20,119,0.017,ok,0,0.4,2,2,1,1.8,4,PASS,,,1,1
937,1,starvation,3,1,10,round-robin,request,,53,54,0.003,ok,0,2.679,7,2,1,3.962,8,PASS,,,1,1
938,1,starvation,3,1,10,round-robin,direction,,64,64,0.013,ok,0,1.078,3,2,1,2.281,5,PASS,,,1,1
939,1,starvation,3,1,10,round-robin,forecast,80,35,36,0.006,ok,0,1.4,3,2,1,2.743,5,PASS,,,1,1
940,1,starvation,3,1,10,round-robin,forecast,0,6,6,0.001,ok,0,0.667,2,2,1,2.167,4,PASS,,,1,1
941,1,starvation,3,1,10,round-robin,forecast,5,114,114,0.012,ok,0,1.509,3,2,1,2.763,5,PASS,,,1,1
942,1,starvation,3,1,10,round-robin,forecast,none,104,104,0.011,ok,0,1.385,3,2,1,2.635,5,PASS,,,1,1
943,1,starvation,3,1,10,nearest,request,,231,254,0.018,ok,0,12.554,30,2,1,13.818,31,PASS,,,1,1
944,1,starvation,3,1,10,nearest,direction,,278,280,0.008,ok,0,1.309,3,2,1,2.586,5,PASS,,,1,1
945,1,starvation,3,1,10,nearest,forecast,80,59,60,0.048,ok,0,1.237,3,2,1,2.542,5,PASS,,,1,1
946,1,starvation,3,1,10,nearest,forecast,0,123,125,0.013,ok,0,1.317,3,2,1,2.618,5,PASS,,,1,1
947,1,starvation,3,1,10,nearest,forecast,5,106,106,0.011,ok,0,1.453,3,2,1,2.698,5,PASS,,,1,1
948,1,starvation,3,1,10,nearest,forecast,none,12,12,0.002,ok,0,1.5,3,2,1,2.917,5,PASS,,,1,1
949,1,starvation,3,1,10,forecast,request,,110,118,0.022,ok,0,3.791,11,2,1,5.036,13,PASS,,,1,1
950,1,starvation,3,1,10,forecast,direction,,108,110,0.009,ok,0,1.556,3,2,1,2.88,5,PASS,,,1,1
951,1,starvation,3,1,10,forecast,forecast,80,122,124,0.045,ok,0,1.385,3,2,1,2.656,5,PASS,,,1,1
952,1,starvation,3,1,10,forecast,forecast,0,107,107,0.024,ok,0,1.374,3,2,1,2.626,5,PASS,,,1,1
953,1,starvation,3,1,10,forecast,forecast,5,144,144,0.028,ok,0,1.396,3,2,1,2.639,5,PASS,,,1,1
954,1,starvation,3,1,10,forecast,forecast,none,127,128,0.037,ok,0,1.52,3,2,1,2.74,5,PASS,,,1,1
955,1,starvation,3,10,1000,round-robin,request,,150,28,0.037,ok,0,1.287,4,2,1,2.533,5,PASS,,,1,1
956,1,starvation,3,10,1000,round-robin,direction,,117,23,0.005,ok,0,1.299,3,2,1,2.65,5,PASS,,,1,1
957,1,starvation,3,10,1000,round-robin,forecast,80,99,19,0.006,ok,0,1.242,3,2,1,2.556,5,PASS,,,1,1
958,1,starvation,3,10,1000,round-robin,forecast,0,139,26,0.008,ok,0,1.388,3,2,1,2.669,5,PASS,,,1,1
959,1,starvation,3,10,1000,round-robin,forecast,5,11,2,0.001,ok,0,0.364,1,2,1,1.545,2,PASS,,,1,1
960,1,starvation,3,10,1000,round-robin,forecast,none,136,27,0.066,ok,0,1.382,3,2,1,2.669,5,PASS,,,1,1
961,1,starvation,3,10,1000,nearest,request,,249,44,0.007,ok,0,0.916,5,2,1,2.237,7,PASS,,,1,1
962,1,starvation,3,10,1000,nearest,direction,,229,40,0.007,ok,0,0.974,3,2,1,2.236,5,PASS,,,1,1
963,1,starvation,3,10,1000,nearest,forecast,80,87,17,0.008,ok,0,0.701,3,2,1,1.954,5,PASS,,,1,1
964,1,starvation,3,10,1000,nearest,forecast,0,66,12,0.009,ok,0,0.591,3,2,1,1.924,5,PASS,,,1,1
965,1,starvation,3,10,1000,nearest,forecast,5,142,28,0.01,ok,0,0.683,3,2,1,1.915,5,PASS,,,1,1
966,1,starvation,3,10,1000,nearest,forecast,none,10,4,0.001,ok,0,0.5,2,2,1,1.8,4,PASS,,,1,1
967,1,starvation,3,10,1000,forecast,request,,43,8,0.021,ok,0,0.465,2,2,1,1.698,4,PASS,,,1,1
968,1,starvation,3,10,1000,forecast,direction,,50,9,0.186,ok,0,0.62,2,2,1,1.98,4,PASS,,,1,1
969,1,starvation,3,10,1000,forecast,forecast,80,20,5,0.045,ok,0,0.4,2,2,1,1.7,4,PASS,,,1,1
970,1,starvation,3,10,1000,forecast,forecast,0,37,8,0.067,ok,0,0.486,2,2,1,1.595,3,PASS,,,1,1
971,1,starvation,3,10,1000,forecast,forecast,5,57,13,0.201,ok,0,0.614,2,2,1,1.86,4,PASS,,,1,1
972,1,starvation,3,10,1000,forecast,forecast,none,136,26,0.103,ok,0,0.559,2,2,1,1.846,4,PASS,,,1,1
973,1,adjacent,3,1,10,round-robin,request,,288,577,0.008,ok,0,2.417,9,1,1,3.417,10,PASS,,,1,1
974,1,adjacent,3,1,10,round-robin,direction,,92,183,0.004,ok,0,1.011,3,1,1,2.011,4,PASS,,,1,1
975,1,adjacent,3,1,10,round-robin,forecast,80,122,245,0.01,ok,0,1.074,3,1,1,2.074,4,PASS,,,1,1
976,1,adjacent,3,1,10,round-robin,forecast,0,133,269,0.011,ok,0,1.18,3,1,1,2.18,4,PASS,,,1,1
977,1,adjacent,3,1,10,round-robin,forecast,5,88,177,0.006,ok,0,1.148,3,1,1,2.148,4,PASS,,,1,1
978,1,adjacent,3,1,10,round-robin,forecast,none,25,54,0.003,ok,0,1.28,3,1,1,2.28,4,PASS,,,1,1
979,1,adjacent,3,1,10,nearest,request,,94,190,0.019,ok,0,1.904,7,1,1,2.904,8,PASS,,,1,1
980,1,adjacent,3,1,10,nearest,direction,,200,402,0.005,ok,0,1.175,3,1,1,2.175,4,PASS,,,1,1
981,1,adjacent,3,1,10,nearest,forecast,80,92,183,0.01,ok,0,1.152,4,1,1,2.152,5,PASS,,,1,1
982,1,adjacent,3,1,10,nearest,forecast,0,142,279,0.011,ok,0,1.176,4,1,1,2.176,5,PASS,,,1,1
983,1,adjacent,3,1,10,nearest,forecast,5,150,302,0.014,ok,0,1.107,3,1,1,2.107,4,PASS,,,1,1
984,1,adjacent,3,1,10,nearest,forecast,none,16,33,0.002,ok,0,0.938,3,1,1,1.938,4,PASS,,,1,1
985,1,adjacent,3,1,10,forecast,request,,19,40,0.002,ok,0,0.895,2,1,1,1.895,3,PASS,,,1,1
986,1,adjacent,3,1,10,forecast,direction,,19,40,0.002,ok,0,0.789,2,1,1,1.789,3,PASS,,,1,1
987,1,adjacent,3,1,10,forecast,forecast,80,34,68,0.009,ok,0,1.118,3,1,1,2.118,4,PASS,,,1,1
988,1,adjacent,3,1,10,forecast,forecast,0,27,55,0.006,ok,0,0.889,2,1,1,1.889,3,PASS,,,1,1
989,1,adjacent,3,1,10,forecast,forecast,5,76,156,0.012,ok,0,1.289,4,1,1,2.289,5,PASS,,,1,1
990,1,adjacent,3,1,10,forecast,forecast,none,43,90,0.01,ok,0,1,3,1,1,2,4,PASS,,,1,1
991,1,adjacent,10,1,1000,round-robin,request,,123,485,0.05,ok,5,109.512,245,1,6,110.512,246,PASS,,,1,1
992,1,adjacent,10,1,1000,round-robin,direction,,16,41,0.001,ok,1,7.188,17,1,2,8.188,18,PASS,,,1,1
993,1,adjacent,10,1,1000,round-robin,forecast,80,82,178,0.023,ok,0,7.098,22,1,1,8.098,23,PASS,,,1,1
994,1,adjacent,10,1,1000,round-robin,forecast,0,145,300,0.043,ok,0,8.455,22,1,1,9.455,23,PASS,,,1,1
995,1,adjacent,10,1,1000,round-robin,forecast,5,78,166,0.019,ok,0,5.577,18,1,1,6.577,19,PASS,,,1,1
996,1,adjacent,10,1,1000,round-robin,forecast,none,111,232,0.033,ok,0,6.054,24,1,1,7.054,25,PASS,,,1,1
997,1,adjacent,10,1,1000,nearest,request,,69,290,0.014,ok,8,70.536,152,1,9,71.536,153,PASS,,,1,1
998,1,adjacent,10,1,1000,nearest,direction,,41,89,0.003,ok,0,6.439,15,1,1,7.439,16,PASS,,,1,1
999,1,adjacent,10,1,1000,nearest,forecast,80,67,147,0.049,ok,0,7.493,27,1,1,8.493,28,PASS,,,1,1
1000,1,adjacent,10,1,1000,nearest,forecast,0,90,193,0.024,ok,0,6.389,15,1,1,7.389,16,PASS,,,1,1
1001,1,adjacent,10,1,1000,nearest,forecast,5,6,22,0.001,ok,1,6,10,1,2,7,11,PASS,,,1,1
1002,1,adjacent,10,1,1000,nearest,forecast,none,128,262,0.026,ok,0,5.523,22,1,1,6.523,23,PASS,,,1,1
1003,1,adjacent,10,1,1000,forecast,request,,14,69,0.003,ok,7,22,43,1,8,23,44,PASS,,,1,1
1004,1,adjacent,10,1,1000,forecast,direction,,45,95,0.009,ok,0,6.6,17,1,1,7.6,18,PASS,,,1,1
1005,1,adjacent,10,1,1000,forecast,forecast,80,113,234,0.083,ok,0,6.637,19,1,1,7.637,20,PASS,,,1,1
1006,1,adjacent,10,1,1000,forecast,forecast,0,113,242,0.1,ok,0,8,22,1,1,9,23,PASS,,,1,1
1007,1,adjacent,10,1,1000,forecast,forecast,5,40,92,0.039,ok,0,7.9,20,1,1,8.9,21,PASS,,,1,1
1008,1,adjacent,10,1,1000,forecast,forecast,none,120,247,0.097,ok,0,6.792,26,1,1,7.792,27,PASS,,,1,1
1009,1,full_height,3,1,10,round-robin,request,,271,543,0.007,ok,0,2.133,8,2,2,4.133,10,PASS,,,1,1
1010,1,full_height,3,1,10,round-robin,direction,,98,198,0.016,ok,0,1.469,3,2,2,3.469,5,PASS,,,1,1
1011,1,full_height,3,1,10,round-robin,forecast,80,31,65,0.008,ok,0,1.548,3,2,2,3.548,5,PASS,,,1,1
1012,1,full_height,3,1,10,round-robin,forecast,0,63,123,0.005,ok,0,1.19,3,2,2,3.19,5,PASS,,,1,1
1013,1,full_height,3,1,10,round-robin,forecast,5,70,141,0.009,ok,0,1.343,3,2,2,3.343,5,PASS,,,1,1
1014,1,full_height,3,1,10,round-robin,forecast,none,76,155,0.005,ok,0,1.197,3,2,2,3.197,5,PASS,,,1,1
1015,1,full_height,3,1,10,nearest,request,,212,430,0.006,ok,0,2.373,7,2,2,4.373,9,PASS,,,1,1
1016,1,full_height,3,1,10,nearest,direction,,59,122,0.003,ok,0,1.407,3,2,2,3.407,5,PASS,,,1,1
1017,1,full_height,3,1,10,nearest,forecast,80,25,54,0.003,ok,0,1.32,3,2,2,3.32,5,PASS,,,1,1
1018,1,full_height,3,1,10,nearest,forecast,0,56,116,0.25,ok,0,1.411,3,2,2,3.411,5,PASS,,,1,1
1019,1,full_height,3,1,10,nearest,forecast,5,40,82,0.005,ok,0,1.375,3,2,2,3.375,5,PASS,,,1,1
1020,1,full_height,3,1,10,nearest,forecast,none,82,167,0.006,ok,0,1.183,3,2,2,3.183,5,PASS,,,1,1
1021,1,full_height,3,1,10,forecast,request,,72,149,0.005,ok,0,2.472,11,2,2,4.472,13,PASS,,,1,1
1022,1,full_height,3,1,10,forecast,direction,,54,109,0.006,ok,0,1.093,3,2,2,3.093,5,PASS,,,1,1
1023,1,full_height,3,1,10,forecast,forecast,80,108,217,0.027,ok,0,1.176,3,2,2,3.176,5,PASS,,,1,1
1024,1,full_height,3,1,10,forecast,forecast,0,29,62,0.008,ok,0,1.034,3,2,2,3.034,5,PASS,,,1,1
1025,1,full_height,3,1,10,forecast,forecast,5,140,281,0.023,ok,0,1.393,3,2,2,3.393,5,PASS,,,1,1
1026,1,full_height,3,1,10,forecast,forecast,none,144,292,0.022,ok,0,1.333,3,2,2,3.333,5,PASS,,,1,1
1027,1,full_height,100,10,2,round-robin,request,,35,501,0.007,ok,0,147.429,337,99,99,246.429,436,PASS,,,1,1
1028,1,full_height,100,10,2,round-robin,direction,,250,2191,0.085,ok,0,461.148,1616,99,99,560.148,1715,PASS,,,1,1
1029,1,full_height,100,10,2,round-robin,forecast,80,34,466,0.011,ok,0,96.794,307,99,99,195.794,406,PASS,,,1,1
1030,1,full_height,100,10,2,round-robin,forecast,0,141,1212,0.065,ok,0,288.05,834,99,99,387.05,933,PASS,,,1,1
1031,1,full_height,100,10,2,round-robin,forecast,5,28,416,0.008,ok,0,100.25,266,99,99,199.25,365,PASS,,,1,1
1032,1,full_height,100,10,2,round-robin,forecast,none,107,899,0.052,ok,0,223.738,622,99,99,322.738,721,PASS,,,1,1
1033,1,full_height,100,10,2,nearest,request,,165,9999,2.723,ok,0,3399.915,9577,99,99,3498.915,9676,PASS,,,1,1
1034,1,full_height,100,10,2,nearest,direction,,265,11484,0.515,ok,0,3575.498,10890,99,99,3674.498,10989,PASS,,,1,1
1035,1,full_height,100,10,2,nearest,forecast,80,6,198,0.003,ok,0,62,99,99,99,161,198,PASS,,,1,1
1036,1,full_height,100,10,2,nearest,forecast,0,147,5743,2.804,ok,0,2115.279,5367,99,99,2214.279,5466,PASS,,,1,1
1037,1,full_height,100,10,2,nearest,forecast,5,128,5347,3.058,ok,0,1918.945,4998,99,99,2017.945,5097,PASS,,,1,1
1038,1,full_height,100,10,2,nearest,forecast,none,133,5149,2.351,ok,0,1611.226,4796,99,99,1710.226,4895,PASS,,,1,1
1039,1,full_height,100,10,2,forecast,request,,43,400,0.06,ok,0,88.628,217,99,99,187.628,316,PASS,,,1,1
1040,1,full_height,100,10,2,forecast,direction,,149,891,0.161,ok,0,244.523,504,99,99,343.523,603,PASS,,,1,1
1041,1,full_height,100,10,2,forecast,forecast,80,4,200,0.005,ok,0,48.25,99,99,99,147.25,198,PASS,,,1,1
1042,1,full_height,100,10,2,forecast,forecast,0,36,397,0.11,ok,0,86.111,226,99,99,185.111,325,PASS,,,1,1
1043,1,full_height,100,10,2,forecast,forecast,5,121,895,0.702,ok,0,217.479,571,99,99,316.479,670,PASS,,,1,1
1044,1,full_height,100,10,2,forecast,forecast,none,115,701,0.644,ok,0,200.078,407,99,99,299.078,506,PASS,,,1,1
1045,1,at_floor_1,3,1,10,round-robin,request,,260,507,0.133,ok,0,26.265,72,2,1,27.746,74,PASS,,,1,1
1046,1,at_floor_1,3,1,10,round-robin,direction,,224,449,0.08,ok,0,18.875,56,2,1,20.366,58,PASS,,,1,1
1047,1,at_floor_1,3,1,10,round-robin,forecast,80,28,44,0.05,ok,0,2.071,8,2,1,3.464,10,PASS,,,1,1
1048,1,at_floor_1,3,1,10,round-robin,forecast,0,6,2,0.002,ok,0,0,0,2,1,1.333,2,PASS,,,1,1
1049,1,at_floor_1,3,1,10,round-robin,forecast,5,43,81,0.271,ok,0,4.93,12,2,1,6.558,14,PASS,,,1,1
1050,1,at_floor_1,3,1,10,round-robin,forecast,none,103,206,0.709,ok,0,6.806,20,2,1,8.33,22,PASS,,,1,1
1051,1,at_floor_1,3,1,10,nearest,request,,152,304,0.168,ok,0,16.382,44,2,1,17.882,46,PASS,,,1,1
1052,1,at_floor_1,3,1,10,nearest,direction,,259,522,0.16,ok,0,23.151,66,2,1,24.664,67,PASS,,,1,1
1053,1,at_floor_1,3,1,10,nearest,forecast,80,17,27,0.049,ok,0,1.529,4,2,1,2.882,6,PASS,,,1,1
1054,1,at_floor_1,3,1,10,nearest,forecast,0,28,44,0.062,ok,0,2.071,8,2,1,3.464,10,PASS,,,1,1
1055,1,at_floor_1,3,1,10,nearest,forecast,5,141,282,1.571,ok,0,11.411,32,2,1,12.957,34,PASS,,,1,1
1056,1,at_floor_1,3,1,10,nearest,forecast,none,47,97,0.128,ok,0,2.83,8,2,1,4.34,10,PASS,,,1,1
1057,1,at_floor_1,3,1,10,forecast,request,,142,284,0.097,ok,0,16.218,40,2,1,17.704,42,PASS,,,1,1
1058,1,at_floor_1,3,1,10,forecast,direction,,47,97,0.015,ok,0,2.83,8,2,1,4.34,10,PASS,,,1,1
1059,1,at_floor_1,3,1,10,forecast,forecast,80,124,249,3.412,ok,0,10.976,32,2,1,12.468,34,PASS,,,1,1
1060,1,at_floor_1,3,1,10,forecast,forecast,0,88,178,1.292,ok,0,7.239,20,2,1,8.727,22,PASS,,,1,1
1061,1,at_floor_1,3,1,10,forecast,forecast,5,124,249,3.522,ok,0,10.976,32,2,1,12.468,34,PASS,,,1,1
1062,1,at_floor_1,3,1,10,forecast,forecast,none,77,156,1.099,ok,0,7.338,20,2,1,8.818,22,PASS,,,1,1
1063,1,at_floor_1,100,10,1000,round-robin,request,,142,473,0.014,ok,0,33.521,193,98,2,85.218,272,PASS,,,1,1
1064,1,at_floor_1,100,10,1000,round-robin,direction,,45,254,0.006,ok,0,24.333,168,97,1,67.467,235,PASS,,,1,1
1065,1,at_floor_1,100,10,1000,round-robin,forecast,80,31,227,0.02,ok,0,34.613,189,99,14,87.839,218,PASS,,,1,1
1066,1,at_floor_1,100,10,1000,round-robin,forecast,0,48,238,0.011,ok,0,23.604,193,97,3,68.979,201,PASS,,,1,1
1067,1,at_floor_1,100,10,1000,round-robin,forecast,5,51,281,0.026,ok,0,43.98,186,98,2,90.725,247,PASS,,,1,1
1068,1,at_floor_1,100,10,1000,round-robin,forecast,none,142,473,0.04,ok,0,33.521,193,98,2,85.218,272,PASS,,,1,1
1069,1,at_floor_1,100,10,1000,nearest,request,,192,536,0.016,ok,0,20.557,159,99,1,69.776,239,PASS,,,1,1
1070,1,at_floor_1,100,10,1000,nearest,direction,,111,320,0.029,ok,0,17.081,106,99,1,70.631,185,PASS,,,1,1
1071,1,at_floor_1,100,10,1000,nearest,forecast,80,96,319,0.132,ok,0,24.375,143,98,5,75.406,218,PASS,,,1,1
1072,1,at_floor_1,100,10,1000,nearest,forecast,0,81,314,0.044,ok,0,14.605,77,99,4,64.531,160,PASS,,,1,1
1073,1,at_floor_1,100,10,1000,nearest,forecast,5,116,353,0.137,ok,0,22.819,132,98,1,69.112,209,PASS,,,1,1
1074,1,at_floor_1,100,10,1000,nearest,forecast,none,31,185,0.022,ok,0,22.484,112,99,14,75.71,137,PASS,,,1,1
1075,1,at_floor_1,100,10,1000,forecast,request,,41,222,0.066,ok,0,26.439,122,95,4,81.732,195,PASS,,,1,1
1076,1,at_floor_1,100,10,1000,forecast,direction,,5,75,0.004,ok,0,0,0,74,39,59.8,74,PASS,,,1,1
1077,1,at_floor_1,100,10,1000,forecast,forecast,80,35,161,0.08,ok,0,10.886,40,95,4,61.2,126,PASS,,,1,1
1078,1,at_floor_1,100,10,1000,forecast,forecast,0,39,207,0.127,ok,0,12.615,54,99,4,61.154,153,PASS,,,1,1
1079,1,at_floor_1,100,10,1000,forecast,forecast,5,150,403,0.642,ok,0,22.1,125,98,2,72.087,209,PASS,,,1,1
1080,1,at_floor_1,100,10,1000,forecast,forecast,none,115,383,0.467,ok,0,23.209,137,95,1,76.504,216,PASS,,,1,1
1081,1,over_capacity,3,1,10,round-robin,request,,225,228,0.216,ok,1,119.133,223,1,2,120.133,224,PASS,,,1,1
1082,1,over_capacity,3,1,10,round-robin,direction,,23,8,0.003,ok,1,2.565,5,1,2,3.565,6,PASS,,,1,1
1083,1,over_capacity,3,1,10,round-robin,forecast,80,35,16,0.227,ok,0,5.143,12,2,1,6.714,14,PASS,,,1,1
1084,1,over_capacity,3,1,10,round-robin,forecast,0,54,25,0.87,ok,2,10.889,22,2,3,12.333,23,PASS,,,1,1
1085,1,over_capacity,3,1,10,round-robin,forecast,5,34,16,0.188,ok,0,4.941,12,2,1,6.294,13,PASS,,,1,1
1086,1,over_capacity,3,1,10,round-robin,forecast,none,5,3,0.001,ok,0,0,0,2,1,1.4,2,PASS,,,1,1
1087,1,over_capacity,3,1,10,nearest,request,,184,175,0.135,ok,1,79.761,171,1,2,80.761,172,PASS,,,1,1
1088,1,over_capacity,3,1,10,nearest,direction,,46,15,0.011,ok,1,4.652,9,1,2,5.652,10,PASS,,,1,1
1089,1,over_capacity,3,1,10,nearest,forecast,80,12,8,0.008,ok,0,0.667,4,2,1,2,6,PASS,,,1,1
1090,1,over_capacity,3,1,10,nearest,forecast,0,42,11,0.392,ok,1,4.333,9,1,2,5.333,10,PASS,,,1,1
1091,1,over_capacity,3,1,10,nearest,forecast,5,40,18,0.382,ok,2,8,14,2,3,9.45,16,PASS,,,1,1
1092,1,over_capacity,3,1,10,nearest,forecast,none,18,7,0.025,ok,0,0.889,2,2,1,2.222,4,PASS,,,1,1
1093,1,over_capacity,3,1,10,forecast,request,,54,25,0.071,ok,2,10.889,22,2,3,12.333,23,PASS,,,1,1
1094,1,over_capacity,3,1,10,forecast,direction,,46,15,0.044,ok,1,4.652,9,1,2,5.652,10,PASS,,,1,1
1095,1,over_capacity,3,1,10,forecast,forecast,80,49,25,1.207,ok,2,9.837,18,2,3,11.449,20,PASS,,,1,1
1096,1,over_capacity,3,1,10,forecast,forecast,0,9,7,0.009,ok,2,2,2,2,3,3.556,4,PASS,,,1,1
1097,1,over_capacity,3,1,10,forecast,forecast,5,41,10,0.744,ok,1,4.268,9,1,2,5.268,10,PASS,,,1,1
1098,1,over_capacity,3,1,10,forecast,forecast,none,34,16,0.437,ok,0,4.941,12,2,1,6.294,13,PASS,,,1,1
1099,1,over_capacity,100,4,2,round-robin,request,,176,2200,0.28,ok,24,970.955,2126,75,34,1002.96,2199,PASS,,,1,1
1100,1,over_capacity,100,4,2,round-robin,direction,,64,714,0.014,ok,66,318.469,644,65,72,345.719,709,PASS,,,1,1
1101,1,over_capacity,100,4,2,round-robin,forecast,80,52,780,0.048,ok,89,338.385,757,89,90,380.865,780,PASS,,,1,1
1102,1,over_capacity,100,4,2,round-robin,forecast,0,51,735,0.069,ok,12,279.216,722,87,16,316.333,735,PASS,,,1,1
1103,1,over_capacity,100,4,2,round-robin,forecast,5,31,570,0.034,ok,85,216.419,557,76,86,250.968,567,PASS,,,1,1
1104,1,over_capacity,100,4,2,round-robin,forecast,none,6,97,0.001,ok,1,1,1,96,46,63.167,97,PASS,,,1,1
1105,1,over_capacity,100,4,2,nearest,request,,133,1629,0.042,ok,79,815.436,1597,79,82,846.774,1627,PASS,,,1,1
1106,1,over_capacity,100,4,2,nearest,direction,,204,2242,0.119,ok,26,928.618,2192,73,37,958.706,2241,PASS,,,1,1
1107,1,over_capacity,100,4,2,nearest,forecast,80,46,551,0.046,ok,26,206.87,478,73,29,240.435,547,PASS,,,1,1
1108,1,over_capacity,100,4,2,nearest,forecast,0,34,419,0.027,ok,58,175.882,378,53,85,205.941,417,PASS,,,1,1
1109,1,over_capacity,100,4,2,nearest,forecast,5,57,576,0.148,ok,44,252.14,540,55,51,278.526,571,PASS,,,1,1
1110,1,over_capacity,100,4,2,nearest,forecast,none,40,530,0.038,ok,71,178.95,457,69,72,209.05,526,PASS,,,1,1
1111,1,over_capacity,100,4,2,forecast,request,,11,177,0.004,ok,76,90.909,158,74,82,121.727,174,PASS,,,1,1
1112,1,over_capacity,100,4,2,forecast,direction,,8,97,0.003,ok,42,49,70,43,56,78.125,93,PASS,,,1,1
1113,1,over_capacity,100,4,2,forecast,forecast,80,51,577,0.339,ok,12,174.627,498,87,16,211.745,577,PASS,,,1,1
1114,1,over_capacity,100,4,2,forecast,forecast,0,27,249,0.101,ok,27,98.778,229,63,30,125.407,248,PASS,,,1,1
1115,1,over_capacity,100,4,2,forecast,forecast,5,26,238,0.087,ok,44,111.692,212,53,53,137.885,235,PASS,,,1,1
1116,1,over_capacity,100,4,2,forecast,forecast,none,50,584,1.417,ok,84,210.56,498,81,86,245.86,579,PASS,,,1,1
1117,1,identical,3,1,10,round-robin,request,,66,14,0.04,ok,1,6.636,13,1,2,7.636,14,PASS,,,1,1
1118,1,identical,3,1,10,round-robin,direction,,297,118,0.524,ok,0,57.414,116,2,2,59.414,118,PASS,,,1,1
1119,1,identical,3,1,10,round-robin,forecast,80,13,4,0.012,ok,1,1.462,3,1,2,2.462,4,PASS,,,1,1
1120,1,identical,3,1,10,round-robin,forecast,0,5,5,0.001,ok,0,0,0,2,2,2,2,PASS,,,1,1
1121,1,identical,3,1,10,round-robin,forecast,5,16,5,0.029,ok,1,1.75,3,1,2,2.75,4,PASS,,,1,1
1122,1,identical,3,1,10,round-robin,forecast,none,14,4,0.012,ok,0,0.571,2,1,1,1.571,3,PASS,,,1,1
1123,1,identical,3,1,10,nearest,request,,156,66,0.148,ok,2,31.231,62,2,4,33.231,64,PASS,,,1,1
1124,1,identical,3,1,10,nearest,direction,,257,54,0.419,ok,2,26.708,52,1,3,27.708,53,PASS,,,1,1
1125,1,identical,3,1,10,nearest,forecast,80,18,6,0.039,ok,0,0.889,2,1,1,1.889,3,PASS,,,1,1
1126,1,identical,3,1,10,nearest,forecast,0,28,13,0.119,ok,2,5.714,10,2,4,7.714,12,PASS,,,1,1
1127,1,identical,3,1,10,nearest,forecast,5,5,5,0.001,ok,0,0,0,2,2,2,2,PASS,,,1,1
1128,1,identical,3,1,10,nearest,forecast,none,54,23,0.82,ok,0,8.889,20,2,2,10.889,22,PASS,,,1,1
1129,1,identical,3,1,10,forecast,request,,59,14,0.205,ok,1,5.915,11,1,2,6.915,12,PASS,,,1,1
1130,1,identical,3,1,10,forecast,direction,,20,6,0.007,ok,2,3,4,1,3,4,5,PASS,,,1,1
1131,1,identical,3,1,10,forecast,forecast,80,2,2,0.001,ok,1,1,1,1,2,2,2,PASS,,,1,1
1132,1,identical,3,1,10,forecast,forecast,0,33,17,0.394,ok,0,4.727,12,2,2,6.727,14,PASS,,,1,1
1133,1,identical,3,1,10,forecast,forecast,5,38,17,0.589,ok,0,5.684,12,2,2,7.684,14,PASS,,,1,1
1134,1,identical,3,1,10,forecast,forecast,none,53,15,3.564,ok,2,6.34,12,1,3,7.34,13,PASS,,,1,1
1135,1,identical,10,2,10,round-robin,request,,194,29,0.049,ok,9,17.722,27,1,10,18.722,28,PASS,,,1,1
1136,1,identical,10,2,10,round-robin,direction,,126,31,0.068,ok,2,12.667,26,2,4,14.667,28,PASS,,,1,1
1137,1,identical,10,2,10,round-robin,forecast,80,40,32,0.103,ok,8,15,22,7,15,22,29,PASS,,,1,1
1138,1,identical,10,2,10,round-robin,forecast,0,51,8,0.136,ok,2,3.647,6,1,3,4.647,7,PASS,,,1,1
1139,1,identical,10,2,10,round-robin,forecast,5,23,24,0.015,ok,9,10.304,19,5,14,15.304,24,PASS,,,1,1
1140,1,identical,10,2,10,round-robin,forecast,none,14,8,0.004,ok,5,5,5,2,7,7,7,PASS,,,1,1
1141,1,identical,10,2,10,nearest,request,,214,157,0.107,ok,7,75.037,147,7,14,82.037,154,PASS,,,1,1
1142,1,identical,10,2,10,nearest,direction,,121,113,0.06,ok,8,48.463,104,8,16,56.463,112,PASS,,,1,1
1143,1,identical,10,2,10,nearest,forecast,80,15,17,0.006,ok,9,9,9,5,14,14,14,PASS,,,1,1
1144,1,identical,10,2,10,nearest,forecast,0,55,27,2.794,ok,5,12.273,21,4,9,16.273,25,PASS,,,1,1
1145,1,identical,10,2,10,nearest,forecast,5,54,15,0.217,ok,2,5.556,10,2,4,7.556,12,PASS,,,1,1
1146,1,identical,10,2,10,nearest,forecast,none,42,19,0.116,ok,7,9.286,15,2,9,11.286,17,PASS,,,1,1
1147,1,identical,10,2,10,forecast,request,,51,8,0.042,ok,2,3.647,6,1,3,4.647,7,PASS,,,1,1
1148,1,identical,10,2,10,forecast,direction,,48,12,0.047,ok,7,8.5,11,1,8,9.5,12,PASS,,,1,1
1149,1,identical,10,2,10,forecast,forecast,80,43,33,0.386,ok,7,13.047,27,5,12,18.047,32,PASS,,,1,1
1150,1,identical,10,2,10,forecast,forecast,0,42,19,0.355,ok,7,9.286,15,2,9,11.286,17,PASS,,,1,1
1151,1,identical,10,2,10,forecast,forecast,5,4,10,0.002,ok,1,1,1,6,7,7,7,PASS,,,1,1
1152,1,identical,10,2,10,forecast,forecast,none,23,24,0.067,ok,9,10.304,19,5,14,15.304,24,PASS,,,1,1
1153,1,ties,3,1,10,round-robin,request,,1,2,0.0,ok,1,1,1,1,2,2,2,PASS,,,1,1
1154,1,ties,3,1,10,round-robin,direction,,73,26,0.014,ok,0,2.986,12,2,1,4.658,13,PASS,,,1,1
1155,1,ties,3,1,10,round-robin,forecast,80,137,49,0.791,ok,0,4.46,10,2,1,6.153,12,PASS,,,1,1
1156,1,ties,3,1,10,round-robin,forecast,0,26,10,0.06,ok,0,1.462,4,2,1,3.308,6,PASS,,,1,1
1157,1,ties,3,1,10,round-robin,forecast,5,82,32,0.407,ok,0,3.634,8,2,1,5.293,10,PASS,,,1,1
1158,1,ties,3,1,10,round-robin,forecast,none,89,32,0.343,ok,0,2.483,8,2,1,4.034,10,PASS,,,1,1
1159,1,ties,3,1,10,nearest,request,,271,388,0.293,ok,1,168.649,287,2,2,170.299,289,PASS,,,1,1
1160,1,ties,3,1,10,nearest,direction,,12,4,0.001,ok,0,1.167,3,2,1,2.833,4,PASS,,,1,1
1161,1,ties,3,1,10,nearest,forecast,80,121,46,0.778,ok,0,3.901,11,2,1,5.529,13,PASS,,,1,1
1162,1,ties,3,1,10,nearest,forecast,0,144,55,1.066,ok,0,4.868,12,2,1,6.576,14,PASS,,,1,1
1163,1,ties,3,1,10,nearest,forecast,5,67,28,0.143,ok,0,2.239,7,2,1,4.06,8,PASS,,,1,1
1164,1,ties,3,1,10,nearest,forecast,none,94,36,0.151,ok,0,1.649,5,2,1,3.287,7,PASS,,,1,1
1165,1,ties,3,1,10,forecast,request,,96,127,0.094,ok,0,53.708,93,2,2,55.417,94,PASS,,,1,1
1166,1,ties,3,1,10,forecast,direction,,12,4,0.003,ok,0,1.167,3,2,1,2.833,4,PASS,,,1,1
1167,1,ties,3,1,10,forecast,forecast,80,99,40,0.601,ok,0,2.636,7,2,1,4.333,9,PASS,,,1,1
1168,1,ties,3,1,10,forecast,forecast,0,49,22,0.388,ok,0,2.204,6,2,1,3.959,8,PASS,,,1,1
1169,1,ties,3,1,10,forecast,forecast,5,38,17,0.136,ok,0,1.526,4,2,1,3,6,PASS,,,1,1
1170,1,ties,3,1,10,forecast,forecast,none,82,32,0.8,ok,0,3.634,8,2,1,5.293,10,PASS,,,1,1
1171,1,ties,100,4,10,round-robin,request,,119,2171,0.03,ok,1,719.42,1494,97,65,770,1547,PASS,,,1,1
1172,1,ties,100,4,10,round-robin,direction,,226,2844,0.091,ok,0,137.239,418,99,3,186.115,423,PASS,,,1,1
1173,1,ties,100,4,10,round-robin,forecast,80,35,463,0.012,ok,2,71.429,218,95,16,125.629,296,PASS,,,1,1
1174,1,ties,100,4,10,round-robin,forecast,0,117,1490,0.154,ok,0,81.547,429,97,18,126.137,524,PASS,,,1,1
1175,1,ties,100,4,10,round-robin,forecast,5,108,1359,0.213,ok,2,89.167,360,95,18,142.87,455,PASS,,,1,1
1176,1,ties,100,4,10,round-robin,forecast,none,110,1434,0.126,ok,0,62.836,261,99,16,117.545,360,PASS,,,1,1
1177,1,ties,100,4,10,nearest,request,,120,2637,0.042,ok,22,725.242,1342,99,53,776.875,1440,PASS,,,1,1
1178,1,ties,100,4,10,nearest,direction,,245,2932,0.147,ok,0,174.294,844,99,22,230.102,853,PASS,,,1,1
1179,1,ties,100,4,10,nearest,forecast,80,112,1372,0.196,ok,0,79.884,354,99,15,130.062,433,PASS,,,1,1
1180,1,ties,100,4,10,nearest,forecast,0,47,560,0.053,ok,1,93.106,267,99,39,142.404,326,PASS,,,1,1
1181,1,ties,100,4,10,nearest,forecast,5,11,224,0.003,ok,21,50.182,90,81,52,86.636,135,PASS,,,1,1
1182,1,ties,100,4,10,nearest,forecast,none,35,479,0.018,ok,0,56.314,144,95,34,110.514,192,PASS,,,1,1
1183,1,ties,100,4,10,forecast,request,,83,972,0.06,ok,0,198.41,504,99,10,250.373,574,PASS,,,1,1
1184,1,ties,100,4,10,forecast,direction,,52,718,0.105,ok,0,45.5,101,93,32,103.115,186,PASS,,,1,1
1185,1,ties,100,4,10,forecast,forecast,80,68,869,0.273,ok,1,46.25,128,95,22,98.368,217,PASS,,,1,1
1186,1,ties,100,4,10,forecast,forecast,0,131,1625,1.248,ok,0,64.389,263,99,11,109.389,339,PASS,,,1,1
1187,1,ties,100,4,10,forecast,forecast,5,120,1461,0.769,ok,0,52.358,188,99,22,103.992,285,PASS,,,1,1
1188,1,ties,100,4,10,forecast,forecast,none,74,907,0.279,ok,0,45.203,143,99,30,104.851,240,PASS,,,1,1
1189,1,unsorted,2,10,1,round-robin,request,,253,508,0.006,ok,0,0.455,1,1,1,1.455,2,PASS,,,1,1
1190,1,unsorted,2,10,1,round-robin,direction,,133,263,0.012,ok,0,0.519,1,1,1,1.519,2,PASS,,,1,1
1191,1,unsorted,2,10,1,round-robin,forecast,80,91,182,0.004,ok,0,0.385,1,1,1,1.385,2,PASS,,,1,1
1192,1,unsorted,2,10,1,round-robin,forecast,0,119,234,0.011,ok,0,0.58,1,1,1,1.58,2,PASS,,,1,1
1193,1,unsorted,2,10,1,round-robin,forecast,5,129,260,0.015,ok,0,0.527,1,1,1,1.527,2,PASS,,,1,1
1194,1,unsorted,2,10,1,round-robin,forecast,none,91,182,0.004,ok,0,0.385,1,1,1,1.385,2,PASS,,,1,1
1195,1,unsorted,2,10,1,nearest,request,,292,585,0.008,ok,0,0.14,4,1,1,1.14,5,PASS,,,1,1
1196,1,unsorted,2,10,1,nearest,direction,,114,226,0.005,ok,0,0.167,2,1,1,1.167,3,PASS,,,1,1
1197,1,unsorted,2,10,1,nearest,forecast,80,110,218,0.005,ok,0,0.036,1,1,1,1.036,2,PASS,,,1,1
1198,1,unsorted,2,10,1,nearest,forecast,0,143,279,0.007,ok,0,0.35,4,1,1,1.35,5,PASS,,,1,1
1199,1,unsorted,2,10,1,nearest,forecast,5,90,180,0.004,ok,0,0.067,1,1,1,1.067,2,PASS,,,1,1
1200,1,unsorted,2,10,1,nearest,forecast,none,61,121,0.003,ok,0,0.098,1,1,1,1.098,2,PASS,,,1,1
1201,1,unsorted,2,10,1,forecast,request,,53,101,0.034,ok,0,0.075,1,1,1,1.075,2,PASS,,,1,1
1202,1,unsorted,2,10,1,forecast,direction,,1,3,0.001,ok,1,1,1,1,2,2,2,PASS,,,1,1
1203,1,unsorted,2,10,1,forecast,forecast,80,4,5,0.003,ok,0,0,0,1,1,1,1,PASS,,,1,1
1204,1,unsorted,2,10,1,forecast,forecast,0,47,93,0.055,ok,0,0.064,1,1,1,1.064,2,PASS,,,1,1
1205,1,unsorted,2,10,1,forecast,forecast,5,141,279,0.07,ok,0,0.057,1,1,1,1.057,2,PASS,,,1,1
1206,1,unsorted,2,10,1,forecast,forecast,none,62,124,0.041,ok,0,0.161,1,1,1,1.161,2,PASS,,,1,1
1207,1,unsorted,3,1,10,round-robin,request,,123,246,0.006,ok,0,2.967,10,2,1,4.333,12,PASS,,,1,1
1208,1,unsorted,3,1,10,round-robin,direction,,58,116,0.003,ok,0,1.138,3,2,1,2.448,5,PASS,,,1,1
1209,1,unsorted,3,1,10,round-robin,forecast,80,28,59,0.004,ok,0,1.357,3,2,1,2.821,5,PASS,,,1,1
1210,1,unsorted,3,1,10,round-robin,forecast,0,134,270,0.01,ok,0,1.201,4,2,1,2.537,6,PASS,,,1,1
1211,1,unsorted,3,1,10,round-robin,forecast,5,8,16,0.001,ok,0,0.625,2,2,1,2,4,PASS,,,1,1
1212,1,unsorted,3,1,10,round-robin,forecast,none,115,231,0.008,ok,0,1.139,3,2,1,2.409,5,PASS,,,1,1
1213,1,unsorted,3,1,10,nearest,request,,210,422,0.011,ok,0,3,13,2,1,4.424,14,PASS,,,1,1
1214,1,unsorted,3,1,10,nearest,direction,,231,455,0.011,ok,0,1.255,3,2,1,2.589,5,PASS,,,1,1
1215,1,unsorted,3,1,10,nearest,forecast,80,72,143,0.008,ok,0,1.375,3,2,1,2.694,5,PASS,,,1,1
1216,1,unsorted,3,1,10,nearest,forecast,0,19,43,0.002,ok,0,1.105,3,2,1,2.368,5,PASS,,,1,1
1217,1,unsorted,3,1,10,nearest,forecast,5,138,279,0.019,ok,0,1.13,4,2,1,2.457,6,PASS,,,1,1
1218,1,unsorted,3,1,10,nearest,forecast,none,82,162,0.023,ok,0,1.122,3,2,1,2.402,5,PASS,,,1,1
1219,1,unsorted,3,1,10,forecast,request,,125,253,0.008,ok,0,2.424,8,2,1,3.832,9,PASS,,,1,1
1220,1,unsorted,3,1,10,forecast,direction,,51,104,0.005,ok,0,1.216,3,2,1,2.549,5,PASS,,,1,1
1221,1,unsorted,3,1,10,forecast,forecast,80,72,143,0.015,ok,0,1.375,3,2,1,2.694,5,PASS,,,1,1
1222,1,unsorted,3,1,10,forecast,forecast,0,32,66,0.009,ok,0,1,3,2,1,2.406,5,PASS,,,1,1
1223,1,unsorted,3,1,10,forecast,forecast,5,12,26,0.004,ok,0,1.417,3,2,1,2.667,5,PASS,,,1,1
1224,1,unsorted,3,1,10,forecast,forecast,none,132,265,0.051,ok,0,1.295,3,2,1,2.659,5,PASS,,,1,1
1225,1,mixed_random,3,1,10,round-robin,request,,54,1914,0.008,ok,0,9.444,28,2,1,10.796,29,PASS,,,1,1
1226,1,mixed_random,3,1,10,round-robin,direction,,141,1932,0.031,ok,0,2.574,10,2,1,3.915,11,PASS,,,1,1
1227,1,mixed_random,3,1,10,round-robin,forecast,80,135,1941,0.76,ok,0,2.785,9,2,1,4.141,11,PASS,,,1,1
1228,1,mixed_random,3,1,10,round-robin,forecast,0,30,705,0.033,ok,0,1.467,3,2,1,2.7,5,PASS,,,1,1
1229,1,mixed_random,3,1,10,round-robin,forecast,5,1,2,0.0,ok,0,0,0,2,2,2,2,PASS,,,1,1
1230,1,mixed_random,3,1,10,round-robin,forecast,none,33,1668,0.029,ok,0,1.485,4,2,1,2.758,6,PASS,,,1,1
1231,1,mixed_random,3,1,10,nearest,request,,112,1968,0.059,ok,0,28.848,63,2,1,30.17,64,PASS,,,1,1
1232,1,mixed_random,3,1,10,nearest,direction,,190,1987,0.039,ok,0,3.321,14,2,1,4.611,15,PASS,,,1,1
1233,1,mixed_random,3,1,10,nearest,forecast,80,77,1925,0.153,ok,0,1.818,6,2,1,3.078,8,PASS,,,1,1
1234,1,mixed_random,3,1,10,nearest,forecast,0,11,1718,0.004,ok,0,0.909,2,2,1,2.273,4,PASS,,,1,1
1235,1,mixed_random,3,1,10,nearest,forecast,5,117,1839,0.261,ok,0,1.513,7,2,1,2.889,9,PASS,,,1,1
1236,1,mixed_random,3,1,10,nearest,forecast,none,51,1977,0.051,ok,0,1.49,6,2,1,2.941,7,PASS,,,1,1
1237,1,mixed_random,3,1,10,forecast,request,,95,1830,0.089,ok,0,37.516,72,2,1,38.853,73,PASS,,,1,1
1238,1,mixed_random,3,1,10,forecast,direction,,127,1981,0.049,ok,0,2.646,12,2,1,3.992,13,PASS,,,1,1
1239,1,mixed_random,3,1,10,forecast,forecast,80,44,1720,0.143,ok,0,1.864,4,2,1,3.182,6,PASS,,,1,1
1240,1,mixed_random,3,1,10,forecast,forecast,0,8,1465,0.004,ok,0,1.5,3,2,1,2.875,5,PASS,,,1,1
1241,1,mixed_random,3,1,10,forecast,forecast,5,101,1988,0.52,ok,0,2.03,7,2,1,3.356,8,PASS,,,1,1
1242,1,mixed_random,3,1,10,forecast,forecast,none,72,1948,0.109,ok,0,1.167,4,2,1,2.569,6,PASS,,,1,1
1243,1,mixed_random,10,4,1,round-robin,request,,223,1956,0.031,ok,0,115.386,282,9,1,119.296,284,PASS,,,1,1
1244,1,mixed_random,10,4,1,round-robin,direction,,204,1929,0.07,ok,0,60.539,186,9,1,64.152,187,PASS,,,1,1
1245,1,mixed_random,10,4,1,round-robin,forecast,80,60,1953,0.026,ok,0,10.033,45,9,3,14.05,52,PASS,,,1,1
1246,1,mixed_random,10,4,1,round-robin,forecast,0,31,2000,0.012,ok,0,7.226,35,9,1,10.935,40,PASS,,,1,1
1247,1,mixed_random,10,4,1,round-robin,forecast,5,113,1800,0.088,ok,0,24.965,85,9,1,28.398,90,PASS,,,1,1
1248,1,mixed_random,10,4,1,round-robin,forecast,none,82,1914,0.04,ok,0,11.744,50,9,2,15.512,57,PASS,,,1,1
1249,1,mixed_random,10,4,1,nearest,request,,238,1964,0.066,ok,0,121.109,298,9,1,124.807,304,PASS,,,1,1
1250,1,mixed_random,10,4,1,nearest,direction,,288,1988,0.17,ok,0,83.628,273,9,1,87.521,279,PASS,,,1,1
1251,1,mixed_random,10,4,1,nearest,forecast,80,96,1871,0.119,ok,0,28.854,104,9,1,32.76,110,PASS,,,1,1
1252,1,mixed_random,10,4,1,nearest,forecast,0,86,1895,0.038,ok,0,21.477,76,9,1,24.733,81,PASS,,,1,1
1253,1,mixed_random,10,4,1,nearest,forecast,5,93,1702,0.081,ok,0,28.172,91,9,1,31.946,98,PASS,,,1,1
1254,1,mixed_random,10,4,1,nearest,forecast,none,138,1997,0.154,ok,0,29.558,119,8,1,33.043,126,PASS,,,1,1
1255,1,mixed_random,10,4,1,forecast,request,,23,1837,0.026,ok,0,4.565,12,8,2,8.13,17,PASS,,,1,1
1256,1,mixed_random,10,4,1,forecast,direction,,57,1993,0.107,ok,0,7.825,37,9,1,11.211,44,PASS,,,1,1
1257,1,mixed_random,10,4,1,forecast,forecast,80,13,37,0.028,ok,1,7.385,17,8,4,11.692,25,PASS,,,1,1
1258,1,mixed_random,10,4,1,forecast,forecast,0,84,1831,0.247,ok,0,16.56,44,9,1,19.94,51,PASS,,,1,1
1259,1,mixed_random,10,4,1,forecast,forecast,5,143,1952,0.808,ok,0,32.448,96,9,1,36.413,102,PASS,,,1,1
1260,1,mixed_random,10,4,1,forecast,forecast,none,33,1934,0.063,ok,0,5.394,17,7,1,8.636,22,PASS,,,1,1
1261,1,at_current_floor,3,1,10,round-robin,request,,255,307,0.067,ok,0,33.816,58,2,1,35.153,60,PASS,,,1,1
1262,1,at_current_floor,3,1,10,round-robin,direction,,295,298,0.01,ok,0,1.254,3,2,1,2.563,5,PASS,,,1,1
1263,1,at_current_floor,3,1,10,round-robin,forecast,80,63,66,0.009,ok,0,1.286,3,2,1,2.587,5,PASS,,,1,1
1264,1,at_current_floor,3,1,10,round-robin,forecast,0,84,84,0.03,ok,0,1.381,3,2,1,2.738,5,PASS,,,1,1
1265,1,at_current_floor,3,1,10,round-robin,forecast,5,133,137,0.012,ok,0,1.075,3,2,1,2.361,5,PASS,,,1,1
1266,1,at_current_floor,3,1,10,round-robin,forecast,none,128,124,0.041,ok,0,1.359,3,2,1,2.656,5,PASS,,,1,1
1267,1,at_current_floor,3,1,10,nearest,request,,294,342,0.078,ok,1,30.456,53,2,2,31.765,54,PASS,,,1,1
1268,1,at_current_floor,3,1,10,nearest,direction,,112,108,0.006,ok,0,1.473,3,2,1,2.812,5,PASS,,,1,1
1269,1,at_current_floor,3,1,10,nearest,forecast,80,132,134,0.017,ok,0,1.341,3,2,1,2.621,5,PASS,,,1,1
1270,1,at_current_floor,3,1,10,nearest,forecast,0,10,15,0.002,ok,0,1.3,3,1,1,2.3,4,PASS,,,1,1
1271,1,at_current_floor,3,1,10,nearest,forecast,5,15,13,0.003,ok,0,1.4,3,2,1,2.867,5,PASS,,,1,1
1272,1,at_current_floor,3,1,10,nearest,forecast,none,133,137,0.041,ok,0,1.075,3,2,1,2.361,5,PASS,,,1,1
1273,1,at_current_floor,3,1,10,forecast,request,,45,56,0.012,ok,0,7.2,10,2,2,8.467,12,PASS,,,1,1
1274,1,at_current_floor,3,1,10,forecast,direction,,12,13,0.001,ok,0,0.667,3,2,1,2,4,PASS,,,1,1
1275,1,at_current_floor,3,1,10,forecast,forecast,80,28,29,0.029,ok,0,1.179,3,2,1,2.393,5,PASS,,,1,1
1276,1,at_current_floor,3,1,10,forecast,forecast,0,32,36,0.018,ok,0,1.375,3,2,1,2.625,5,PASS,,,1,1
1277,1,at_current_floor,3,1,10,forecast,forecast,5,24,25,0.027,ok,0,1.208,3,2,1,2.5,5,PASS,,,1,1
1278,1,at_current_floor,3,1,10,forecast,forecast,none,113,116,0.029,ok,0,1.248,3,2,1,2.54,5,PASS,,,1,1
1279,1,at_current_floor,100,4,1000,round-robin,request,,131,2131,0.051,ok,0,827.221,1788,91,31,862.656,1870,PASS,,,1,1
1280,1,at_current_floor,100,4,1000,round-robin,direction,,113,482,0.04,ok,0,102.221,197,94,6,138.832,274,PASS,,,1,1
1281,1,at_current_floor,100,4,1000,round-robin,forecast,80,61,380,0.023,ok,0,78.689,194,88,13,116.295,244,PASS,,,1,1
1282,1,at_current_floor,100,4,1000,round-robin,forecast,0,34,364,0.012,ok,0,87.647,216,76,8,118,292,PASS,,,1,1
1283,1,at_current_floor,100,4,1000,round-robin,forecast,5,29,341,0.014,ok,0,76.931,235,78,13,112.103,295,PASS,,,1,1
1284,1,at_current_floor,100,4,1000,round-robin,forecast,none,103,429,0.17,ok,0,87.631,231,89,9,120.592,254,PASS,,,1,1
1285,1,at_current_floor,100,4,1000,nearest,request,,92,1625,0.022,ok,0,563.109,1395,81,35,596.783,1435,PASS,,,1,1
1286,1,at_current_floor,100,4,1000,nearest,direction,,186,487,0.063,ok,0,51.941,183,90,3,87.742,237,PASS,,,1,1
1287,1,at_current_floor,100,4,1000,nearest,forecast,80,148,484,0.175,ok,0,65.365,272,95,4,98.054,299,PASS,,,1,1
1288,1,at_current_floor,100,4,1000,nearest,forecast,0,147,507,0.19,ok,0,89.517,280,89,4,119.245,334,PASS,,,1,1
1289,1,at_current_floor,100,4,1000,nearest,forecast,5,114,533,0.198,ok,0,98.044,400,79,1,129.351,459,PASS,,,1,1
1290,1,at_current_floor,100,4,1000,nearest,forecast,none,93,390,0.16,ok,0,49.581,143,89,9,79.634,229,PASS,,,1,1
1291,1,at_current_floor,100,4,1000,forecast,request,,150,1290,0.148,ok,0,475.94,937,96,7,510.3,996,PASS,,,1,1
1292,1,at_current_floor,100,4,1000,forecast,direction,,55,250,0.912,ok,0,37.636,98,77,11,68.745,144,PASS,,,1,1
1293,1,at_current_floor,100,4,1000,forecast,forecast,80,44,278,0.127,ok,0,36.045,104,64,7,62.795,147,PASS,,,1,1
1294,1,at_current_floor,100,4,1000,forecast,forecast,0,42,288,0.141,ok,0,42.357,98,89,8,78.595,163,PASS,,,1,1
1295,1,at_current_floor,100,4,1000,forecast,forecast,5,84,389,0.24,ok,0,32.452,106,95,3,64.321,162,PASS,,,1,1
1296,1,at_current_floor,100,4,1000,forecast,forecast,none,122,366,0.499,ok,0,30.336,171,98,9,62.705,243,PASS,,,1,1
1297,2,up_peak,10,2,1000,round-robin,request,,67,156,0.004,ok,0,9.881,26,9,2,14.94,30,PASS,,,1,1
1298,2,up_peak,10,2,1000,round-robin,direction,,143,292,0.023,ok,0,7.091,17,9,2,11.608,25,PASS,,,1,1
1299,2,up_peak,10,2,1000,round-robin,forecast,80,124,261,0.016,ok,0,7.129,17,9,1,12.065,25,PASS,,,1,1
1300,2,up_peak,10,2,1000,round-robin,forecast,0,33,81,0.017,ok,0,6.636,16,9,1,10.879,23,PASS,,,1,1
1301,2,up_peak,10,2,1000,round-robin,forecast,5,150,320,0.017,ok,0,6.72,17,9,1,11.353,25,PASS,,,1,1
1302,2,up_peak,10,2,1000,round-robin,forecast,none,24,58,0.004,ok,0,4.292,13,9,2,9.208,17,PASS,,,1,1
1303,2,up_peak,10,2,1000,nearest,request,,223,457,0.009,ok,0,6.031,23,9,1,10.583,32,PASS,,,1,1
1304,2,up_peak,10,2,1000,nearest,direction,,262,533,0.01,ok,0,4.088,11,9,1,9.214,19,PASS,,,1,1
1305,2,up_peak,10,2,1000,nearest,forecast,80,13,39,0.003,ok,0,2.923,7,8,3,8.308,15,PASS,,,1,1
1306,2,up_peak,10,2,1000,nearest,forecast,0,62,133,0.009,ok,0,4.419,14,9,1,9,20,PASS,,,1,1
1307,2,up_peak,10,2,1000,nearest,forecast,5,58,129,0.127,ok,0,5.345,14,9,2,10.224,22,PASS,,,1,1
1308,2,up_peak,10,2,1000,nearest,forecast,none,11,27,0.005,ok,0,4.545,11,9,3,9.273,18,PASS,,,1,1
1309,2,up_peak,10,2,1000,forecast,request,,108,224,0.017,ok,0,4.398,10,9,1,9.306,18,PASS,,,1,1
1310,2,up_peak,10,2,1000,forecast,direction,,8,21,0.002,ok,0,1.375,4,8,1,5.5,11,PASS,,,1,1
1311,2,up_peak,10,2,1000,forecast,forecast,80,145,299,0.066,ok,0,4.207,9,9,1,9.014,18,PASS,,,1,1
1312,2,up_peak,10,2,1000,forecast,forecast,0,143,298,0.079,ok,0,4.986,17,9,1,9.503,21,PASS,,,1,1
1313,2,up_peak,10,2,1000,forecast,forecast,5,34,71,0.026,ok,0,4.235,10,9,2,8.941,18,PASS,,,1,1
1314,2,up_peak,10,2,1000,forecast,forecast,none,150,313,0.061,ok,0,3.667,10,9,1,8.3,18,PASS,,,1,1
1315,2,up_peak,100,2,2,round-robin,request,,84,2645,0.051,ok,0,1189.417,2415,98,1,1234.19,2477,PASS,,,1,1
1316,2,up_peak,100,2,2,round-robin,direction,,160,5286,0.274,ok,0,2201.644,4884,99,35,2250.338,4967,PASS,,,1,1
1317,2,up_peak,100,2,2,round-robin,forecast,80,120,3639,1.34,ok,0,1398.183,3330,97,2,1444.992,3401,PASS,,,1,1
1318,2,up_peak,100,2,2,round-robin,forecast,0,72,2406,0.333,ok,0,971.278,2175,98,52,1021.292,2264,PASS,,,1,1
1319,2,up_peak,100,2,2,round-robin,forecast,5,21,893,0.016,ok,0,338.714,754,98,79,391,852,PASS,,,1,1
1320,2,up_peak,100,2,2,round-robin,forecast,none,135,3897,1.668,ok,0,1484.748,3585,99,30,1532.8,3646,PASS,,,1,1
1321,2,up_peak,100,2,2,nearest,request,,297,9811,0.213,ok,0,4440.539,9210,99,15,4487.875,9270,PASS,,,1,1
1322,2,up_peak,100,2,2,nearest,direction,,226,7923,0.329,ok,0,3106.049,7453,99,4,3152.531,7477,PASS,,,1,1
1323,2,up_peak,100,2,2,nearest,forecast,80,75,2261,0.34,ok,0,985.16,2053,99,29,1034.2,2148,PASS,,,1,1
1324,2,up_peak,100,2,2,nearest,forecast,0,19,1194,0.047,ok,0,484.158,1090,97,56,535.474,1158,PASS,,,1,1
1325,2,up_peak,100,2,2,nearest,forecast,5,26,1390,0.074,ok,0,590.154,1291,93,39,639.269,1341,PASS,,,1,1
1326,2,up_peak,100,2,2,nearest,forecast,none,110,5150,1.994,ok,0,1890.064,4866,99,1,1937.5,4932,PASS,,,1,1
1327,2,up_peak,100,2,2,forecast,request,,23,674,0.028,ok,0,273.739,581,91,11,313.13,628,PASS,,,1,1
1328,2,up_peak,100,2,2,forecast,direction,,18,536,0.022,ok,0,208.778,434,96,34,249.778,501,PASS,,,1,1
1329,2,up_peak,100,2,2,forecast,forecast,80,101,2693,2.552,ok,0,1069.248,2482,99,31,1116.554,2495,PASS,,,1,1
1330,2,up_peak,100,2,2,forecast,forecast,0,81,2219,1.249,ok,0,815.975,1985,97,12,863.123,2066,PASS,,,1,1
1331,2,up_peak,100,2,2,forecast,forecast,5,40,1181,0.334,ok,0,507.875,1078,99,15,556.9,1101,PASS,,,1,1
1332,2,up_peak,100,2,2,forecast,forecast,none,107,2913,2.932,ok,0,1050.748,2619,98,5,1096.28,2700,PASS,,,1,1
1333,2,down_peak,2,10,1,round-robin,request,,270,540,0.006,ok,0,0.859,1,1,1,1.859,2,PASS,,,1,1
1334,2,down_peak,2,10,1,round-robin,direction,,282,566,0.018,ok,0,0.911,1,1,1,1.911,2,PASS,,,1,1
1335,2,down_peak,2,10,1,round-robin,forecast,80,46,94,0.004,ok,0,0.957,1,1,1,1.957,2,PASS,,,1,1
1336,2,down_peak,2,10,1,round-robin,forecast,0,11,20,0.001,ok,1,1,1,1,2,2,2,PASS,,,1,1
1337,2,down_peak,2,10,1,round-robin,forecast,5,25,52,0.002,ok,1,1,1,1,2,2,2,PASS,,,1,1
1338,2,down_peak,2,10,1,round-robin,forecast,none,22,43,0.002,ok,0,0.955,1,1,1,1.955,2,PASS,,,1,1
1339,2,down_peak,2,10,1,nearest,request,,219,441,0.006,ok,0,1.397,8,1,1,2.397,9,PASS,,,1,1
1340,2,down_peak,2,10,1,nearest,direction,,34,63,0.002,ok,0,1.382,6,1,1,2.382,7,PASS,,,1,1
1341,2,down_peak,2,10,1,nearest,forecast,80,124,249,0.026,ok,0,1.266,6,1,1,2.266,7,PASS,,,1,1
1342,2,down_peak,2,10,1,nearest,forecast,0,13,27,0.001,ok,0,1.077,2,1,1,2.077,3,PASS,,,1,1
1343,2,down_peak,2,10,1,nearest,forecast,5,127,253,0.009,ok,0,1.433,6,1,1,2.433,7,PASS,,,1,1
1344,2,down_peak,2,10,1,nearest,forecast,none,69,141,0.005,ok,0,1.406,4,1,1,2.406,5,PASS,,,1,1
1345,2,down_peak,2,10,1,forecast,request,,7,12,0.003,ok,0,0.714,1,1,1,1.714,2,PASS,,,1,1
1346,2,down_peak,2,10,1,forecast,direction,,16,33,0.023,ok,1,1,1,1,2,2,2,PASS,,,1,1
1347,2,down_peak,2,10,1,forecast,forecast,80,54,110,0.088,ok,0,0.778,1,1,1,1.778,2,PASS,,,1,1
1348,2,down_peak,2,10,1,forecast,forecast,0,47,95,0.055,ok,0,0.915,1,1,1,1.915,2,PASS,,,1,1
1349,2,down_peak,2,10,1,forecast,forecast,5,29,54,0.054,ok,0,0.862,1,1,1,1.862,2,PASS,,,1,1
1350,2,down_peak,2,10,1,forecast,forecast,none,149,300,0.074,ok,0,0.893,1,1,1,1.893,2,PASS,,,1,1
1351,2,down_peak,10,2,1000,round-robin,request,,48,166,0.019,ok,3,40,70,9,5,45.083,76,PASS,,,1,1
1352,2,down_peak,10,2,1000,round-robin,direction,,43,98,0.003,ok,0,7.256,17,9,2,12.721,24,PASS,,,1,1
1353,2,down_peak,10,2,1000,round-robin,forecast,80,61,129,0.009,ok,0,7.098,26,9,2,12.066,34,PASS,,,1,1
1354,2,down_peak,10,2,1000,round-robin,forecast,0,3,19,0.0,ok,5,7,9,9,14,15.333,18,PASS,,,1,1
1355,2,down_peak,10,2,1000,round-robin,forecast,5,61,129,0.009,ok,0,7.918,20,9,2,12.885,29,PASS,,,1,1
1356,2,down_peak,10,2,1000,round-robin,forecast,none,13,41,0.002,ok,0,6.308,14,8,1,10,22,PASS,,,1,1
1357,2,down_peak,10,2,1000,nearest,request,,119,399,0.018,ok,0,64.303,163,9,3,69.101,171,PASS,,,1,1
1358,2,down_peak,10,2,1000,nearest,direction,,256,518,0.01,ok,0,5.445,17,9,1,10.41,23,PASS,,,1,1
1359,2,down_peak,10,2,1000,nearest,forecast,80,84,177,0.024,ok,0,5.131,21,9,1,10.06,30,PASS,,,1,1
1360,2,down_peak,10,2,1000,nearest,forecast,0,102,224,0.03,ok,0,7.02,36,9,1,11.902,44,PASS,,,1,1
1361,2,down_peak,10,2,1000,nearest,forecast,5,121,257,0.056,ok,0,5.884,19,9,2,10.579,28,PASS,,,1,1
1362,2,down_peak,10,2,1000,nearest,forecast,none,41,91,0.008,ok,0,4.171,10,9,2,9.098,18,PASS,,,1,1
1363,2,down_peak,10,2,1000,forecast,request,,73,165,0.02,ok,0,8.068,30,9,1,12.027,33,PASS,,,1,1
1364,2,down_peak,10,2,1000,forecast,direction,,51,116,0.021,ok,0,5.255,17,9,1,9.745,24,PASS,,,1,1
1365,2,down_peak,10,2,1000,forecast,forecast,80,101,219,0.066,ok,0,5.059,21,9,1,9.822,30,PASS,,,1,1
1366,2,down_peak,10,2,1000,forecast,forecast,0,137,288,0.065,ok,0,6.226,19,9,1,11.066,28,PASS,,,1,1
1367,2,down_peak,10,2,1000,forecast,forecast,5,7,21,0.004,ok,1,4.143,9,7,4,8.714,14,PASS,,,1,1
1368,2,down_peak,10,2,1000,forecast,forecast,none,111,231,0.068,ok,0,4.793,15,9,1,9.55,21,PASS,,,1,1
1369,2,lunch,3,1,1,round-robin,request,,141,323,0.033,ok,0,27.56,57,2,2,29.028,59,PASS,,,1,1
1370,2,lunch,3,1,1,round-robin,direction,,296,597,0.026,ok,0,6.135,39,2,1,7.588,40,PASS,,,1,1
1371,2,lunch,3,1,1,round-robin,forecast,80,87,186,0.021,ok,0,3.851,16,2,1,5.368,18,PASS,,,1,1
1372,2,lunch,3,1,1,round-robin,forecast,0,107,223,0.038,ok,0,6.065,23,2,1,7.579,24,PASS,,,1,1
1373,2,lunch,3,1,1,round-robin,forecast,5,12,29,0.002,ok,0,2.833,9,2,1,4.25,11,PASS,,,1,1
1374,2,lunch,3,1,1,round-robin,forecast,none,142,293,0.018,ok,0,3.866,23,2,1,5.331,25,PASS,,,1,1
1375,2,lunch,3,1,1,nearest,request,,193,477,0.053,ok,0,51.497,96,2,1,52.984,97,PASS,,,1,1
1376,2,lunch,3,1,1,nearest,direction,,171,351,0.095,ok,0,11.415,43,2,1,12.918,44,PASS,,,1,1
1377,2,lunch,3,1,1,nearest,forecast,80,10,25,0.001,ok,0,1.8,4,2,1,3.1,5,PASS,,,1,1
1378,2,lunch,3,1,1,nearest,forecast,0,30,73,0.009,ok,0,4.867,13,2,2,6.3,14,PASS,,,1,1
1379,2,lunch,3,1,1,nearest,forecast,5,89,175,0.045,ok,0,8.213,29,2,1,9.753,31,PASS,,,1,1
1380,2,lunch,3,1,1,nearest,forecast,none,132,268,0.066,ok,0,5.144,19,2,1,6.629,21,PASS,,,1,1
1381,2,lunch,3,1,1,forecast,request,,109,271,0.034,ok,0,28.78,56,2,2,30.275,57,PASS,,,1,1
1382,2,lunch,3,1,1,forecast,direction,,22,48,0.004,ok,0,4.545,15,2,1,6,16,PASS,,,1,1
1383,2,lunch,3,1,1,forecast,forecast,80,109,227,0.101,ok,0,5.22,19,2,1,6.716,21,PASS,,,1,1
1384,2,lunch,3,1,1,forecast,forecast,0,34,84,0.043,ok,0,6.265,16,2,1,7.765,17,PASS,,,1,1
1385,2,lunch,3,1,1,forecast,forecast,5,26,65,0.013,ok,0,4.846,16,2,1,6.269,18,PASS,,,1,1
1386,2,lunch,3,1,1,forecast,forecast,none,78,159,0.076,ok,0,4.718,22,2,1,6.179,24,PASS,,,1,1
1387,2,lunch,10,2,1000,round-robin,request,,48,148,0.004,ok,4,28.062,52,9,8,32.958,60,PASS,,,1,1
1388,2,lunch,10,2,1000,round-robin,direction,,17,39,0.001,ok,0,6.882,14,9,3,11.588,21,PASS,,,1,1
1389,2,lunch,10,2,1000,round-robin,forecast,80,50,114,0.036,ok,0,5.8,15,9,2,10.06,20,PASS,,,1,1
1390,2,lunch,10,2,1000,round-robin,forecast,0,148,315,0.02,ok,0,7.405,19,9,1,12.007,27,PASS,,,1,1
1391,2,lunch,10,2,1000,round-robin,forecast,5,98,205,0.027,ok,0,7.153,17,9,2,11.633,22,PASS,,,1,1
1392,2,lunch,10,2,1000,round-robin,forecast,none,111,239,0.036,ok,0,6.216,26,9,1,10.991,34,PASS,,,1,1
1393,2,lunch,10,2,1000,nearest,request,,149,462,0.035,ok,0,59.678,155,9,2,64.49,164,PASS,,,1,1
1394,2,lunch,10,2,1000,nearest,direction,,135,285,0.009,ok,0,4.052,17,9,1,8.496,24,PASS,,,1,1
1395,2,lunch,10,2,1000,nearest,forecast,80,78,165,0.009,ok,0,4.013,17,9,1,8.282,24,PASS,,,1,1
1396,2,lunch,10,2,1000,nearest,forecast,0,117,244,0.013,ok,0,4.308,23,9,1,9,27,PASS,,,1,1
1397,2,lunch,10,2,1000,nearest,forecast,5,64,138,0.007,ok,0,4.547,16,9,1,9.328,24,PASS,,,1,1
1398,2,lunch,10,2,1000,nearest,forecast,none,58,127,0.056,ok,0,4.017,22,9,2,8.69,30,PASS,,,1,1
1399,2,lunch,10,2,1000,forecast,request,,67,156,0.01,ok,0,9.343,21,9,2,14.254,29,PASS,,,1,1
1400,2,lunch,10,2,1000,forecast,direction,,36,86,0.011,ok,0,5.389,13,9,2,10.028,20,PASS,,,1,1
1401,2,lunch,10,2,1000,forecast,forecast,80,5,19,0.002,ok,0,1.6,4,8,1,4.4,10,PASS,,,1,1
1402,2,lunch,10,2,1000,forecast,forecast,0,103,220,0.039,ok,0,3.932,12,9,1,8.65,19,PASS,,,1,1
1403,2,lunch,10,2,1000,forecast,forecast,5,67,146,0.042,ok,0,3.672,13,9,1,8.582,20,PASS,,,1,1
1404,2,lunch,10,2,1000,forecast,forecast,none,22,53,0.029,ok,0,3.682,8,9,4,8.682,16,PASS,,,1,1
1405,2,interfloor,10,2,1000,round-robin,request,,229,655,0.039,ok,0,100.017,198,9,2,103.764,204,PASS,,,1,1
1406,2,interfloor,10,2,1000,round-robin,direction,,16,39,0.001,ok,2,6.812,13,9,5,10.812,17,PASS,,,1,1
1407,2,interfloor,10,2,1000,round-robin,forecast,80,88,197,0.018,ok,0,7.307,18,9,1,11.068,25,PASS,,,1,1
1408,2,interfloor,10,2,1000,round-robin,forecast,0,83,170,0.011,ok,0,5.867,20,9,2,9.53,26,PASS,,,1,1
1409,2,interfloor,10,2,1000,round-robin,forecast,5,58,126,0.055,ok,0,6.259,16,9,2,10.224,23,PASS,,,1,1
1410,2,interfloor,10,2,1000,round-robin,forecast,none,122,255,0.017,ok,0,7.566,23,9,2,11.27,28,PASS,,,1,1
1411,2,interfloor,10,2,1000,nearest,request,,41,116,0.004,ok,2,22.756,37,9,3,26.244,42,PASS,,,1,1
1412,2,interfloor,10,2,1000,nearest,direction,,161,333,0.025,ok,0,4.584,17,9,1,8.416,22,PASS,,,1,1
1413,2,interfloor,10,2,1000,nearest,forecast,80,137,281,0.015,ok,0,4.825,16,9,1,8.642,21,PASS,,,1,1
1414,2,interfloor,10,2,1000,nearest,forecast,0,23,51,0.004,ok,0,3.957,17,8,1,7.348,19,PASS,,,1,1
1415,2,interfloor,10,2,1000,nearest,forecast,5,60,129,0.008,ok,0,4.05,14,9,1,7.65,19,PASS,,,1,1
1416,2,interfloor,10,2,1000,nearest,forecast,none,44,100,0.007,ok,0,4.068,13,8,2,7.955,19,PASS,,,1,1
1417,2,interfloor,10,2,1000,forecast,request,,27,66,0.006,ok,0,5.667,12,9,3,9.741,19,PASS,,,1,1
1418,2,interfloor,10,2,1000,forecast,direction,,46,97,0.025,ok,0,3.543,10,9,1,7.239,14,PASS,,,1,1
1419,2,interfloor,10,2,1000,forecast,forecast,80,90,189,0.064,ok,0,3.711,11,9,1,7.678,18,PASS,,,1,1
1420,2,interfloor,10,2,1000,forecast,forecast,0,102,209,0.038,ok,0,4.99,13,9,1,8.637,22,PASS,,,1,1
1421,2,interfloor,10,2,1000,forecast,forecast,5,69,155,0.023,ok,0,4.652,13,9,1,8.406,19,PASS,,,1,1
1422,2,interfloor,10,2,1000,forecast,forecast,none,67,141,0.025,ok,0,4.104,17,9,1,7.582,21,PASS,,,1,1
1423,2,interfloor,10,4,1000,round-robin,request,,88,194,0.004,ok,0,4.955,18,9,2,8.966,21,PASS,,,1,1
1424,2,interfloor,10,4,1000,round-robin,direction,,14,36,0.001,ok,2,6.143,10,8,4,10.143,18,PASS,,,1,1
1425,2,interfloor,10,4,1000,round-robin,forecast,80,112,227,0.013,ok,0,4.679,18,9,1,8.634,26,PASS,,,1,1
1426,2,interfloor,10,4,1000,round-robin,forecast,0,31,85,0.003,ok,0,4.613,14,9,1,7.581,23,PASS,,,1,1
1427,2,interfloor,10,4,1000,round-robin,forecast,5,76,161,0.013,ok,0,4.658,14,9,1,8.566,17,PASS,,,1,1
1428,2,interfloor,10,4,1000,round-robin,forecast,none,55,125,0.009,ok,0,3.673,15,9,1,7.509,21,PASS,,,1,1
1429,2,interfloor,10,4,1000,nearest,request,,45,114,0.002,ok,0,4.556,24,9,1,8.467,26,PASS,,,1,1
1430,2,interfloor,10,4,1000,nearest,direction,,269,546,0.008,ok,0,1.926,15,9,1,5.602,19,PASS,,,1,1
1431,2,interfloor,10,4,1000,nearest,forecast,80,9,31,0.001,ok,1,4.111,9,8,2,8.333,14,PASS,,,1,1
1432,2,interfloor,10,4,1000,nearest,forecast,0,26,72,0.003,ok,0,2.769,16,8,1,6.615,20,PASS,,,1,1
1433,2,interfloor,10,4,1000,nearest,forecast,5,34,77,0.004,ok,0,1.912,8,8,1,5.588,13,PASS,,,1,1
1434,2,interfloor,10,4,1000,nearest,forecast,none,61,127,0.004,ok,0,1.984,9,9,1,5.902,17,PASS,,,1,1
1435,2,interfloor,10,4,1000,forecast,request,,82,165,0.016,ok,0,1.817,8,8,1,5.134,14,PASS,,,1,1
1436,2,interfloor,10,4,1000,forecast,direction,,102,206,0.017,ok,0,1.922,6,9,1,5.078,13,PASS,,,1,1
1437,2,interfloor,10,4,1000,forecast,forecast,80,145,294,0.051,ok,0,1.897,9,9,1,5.483,14,PASS,,,1,1
1438,2,interfloor,10,4,1000,forecast,forecast,0,69,139,0.048,ok,0,1.957,9,9,1,5.377,14,PASS,,,1,1
1439,2,interfloor,10,4,1000,forecast,forecast,5,107,216,0.055,ok,0,1.682,9,8,1,5.103,12,PASS,,,1,1
1440,2,interfloor,10,4,1000,forecast,forecast,none,63,136,0.02,ok,0,1.968,9,9,1,5.825,14,PASS,,,1,1
1441,2,hot_floor,10,2,1000,round-robin,request,,176,430,0.097,ok,0,39.114,84,8,1,43.142,90,PASS,,,1,1
1442,2,hot_floor,10,2,1000,round-robin,direction,,296,605,0.031,ok,0,5.628,17,6,1,8.652,21,PASS,,,1,1
1443,2,hot_floor,10,2,1000,round-robin,forecast,80,81,174,0.008,ok,0,4.864,17,6,1,7.975,22,PASS,,,1,1
1444,2,hot_floor,10,2,1000,round-robin,forecast,0,64,133,0.011,ok,0,7.453,29,8,3,11.781,32,PASS,,,1,1
1445,2,hot_floor,10,2,1000,round-robin,forecast,5,138,288,0.012,ok,0,5.043,17,6,1,8.326,22,PASS,,,1,1
1446,2,hot_floor,10,2,1000,round-robin,forecast,none,27,65,0.005,ok,1,4.407,12,8,2,8.519,18,PASS,,,1,1
1447,2,hot_floor,10,2,1000,nearest,request,,245,577,0.022,ok,0,45.959,91,7,2,49.502,98,PASS,,,1,1
1448,2,hot_floor,10,2,1000,nearest,direction,,174,351,0.053,ok,0,4.069,17,8,1,8.414,20,PASS,,,1,1
1449,2,hot_floor,10,2,1000,nearest,forecast,80,33,80,0.019,ok,0,4.97,13,8,3,9.697,19,PASS,,,1,1
1450,2,hot_floor,10,2,1000,nearest,forecast,0,141,296,0.015,ok,0,4.766,18,7,1,8.142,20,PASS,,,1,1
1451,2,hot_floor,10,2,1000,nearest,forecast,5,149,305,0.011,ok,0,3.356,15,5,1,5.96,18,PASS,,,1,1
1452,2,hot_floor,10,2,1000,nearest,forecast,none,60,129,0.014,ok,0,3.633,10,8,1,8.15,17,PASS,,,1,1
1453,2,hot_floor,10,2,1000,forecast,request,,110,233,0.033,ok,0,4.973,12,7,1,8.1,18,PASS,,,1,1
1454,2,hot_floor,10,2,1000,forecast,direction,,18,46,0.004,ok,0,3.389,9,9,2,8.889,16,PASS,,,1,1
1455,2,hot_floor,10,2,1000,forecast,forecast,80,119,247,0.054,ok,0,3.134,11,7,1,6.63,17,PASS,,,1,1
1456,2,hot_floor,10,2,1000,forecast,forecast,0,105,214,0.074,ok,0,3.924,15,7,1,7.286,22,PASS,,,1,1
1457,2,hot_floor,10,2,1000,forecast,forecast,5,44,92,0.029,ok,0,4.5,14,8,2,9.023,21,PASS,,,1,1
1458,2,hot_floor,10,2,1000,forecast,forecast,none,53,116,0.037,ok,0,2.34,9,9,1,6.679,18,PASS,,,1,1
1459,2,hot_floor,100,10,1,round-robin,request,,225,1500,0.044,ok,17,443.351,1011,71,28,473.489,1068,PASS,,,1,1
1460,2,hot_floor,100,10,1,round-robin,direction,,235,995,0.065,ok,3,263.183,844,54,10,289.123,862,PASS,,,1,1
1461,2,hot_floor,100,10,1,round-robin,forecast,80,33,366,0.009,ok,2,67.394,224,90,9,114.273,311,PASS,,,1,1
1462,2,hot_floor,100,10,1,round-robin,forecast,0,5,145,0.002,ok,5,47,81,72,20,94.4,142,PASS,,,1,1
1463,2,hot_floor,100,10,1,round-robin,forecast,5,144,1139,0.073,ok,3,320.257,848,97,26,367.535,858,PASS,,,1,1
1464,2,hot_floor,100,10,1,round-robin,forecast,none,82,449,0.03,ok,1,79.902,301,66,13,107.89,367,PASS,,,1,1
1465,2,hot_floor,100,10,1,nearest,request,,159,2772,0.065,ok,0,609.61,2418,97,3,658.352,2493,PASS,,,1,1
1466,2,hot_floor,100,10,1,nearest,direction,,87,1397,0.043,ok,0,297.31,1376,85,12,331.793,1387,PASS,,,1,1
1467,2,hot_floor,100,10,1,nearest,forecast,80,146,2425,0.504,ok,0,489.096,2130,64,2,515.829,2163,PASS,,,1,1
1468,2,hot_floor,100,10,1,nearest,forecast,0,104,1163,0.079,ok,0,237.904,891,84,6,277.298,965,PASS,,,1,1
1469,2,hot_floor,100,10,1,nearest,forecast,5,57,1060,0.21,ok,1,317.368,938,74,38,348.982,957,PASS,,,1,1
1470,2,hot_floor,100,10,1,nearest,forecast,none,5,287,0.003,ok,4,79.2,223,72,19,126.6,284,PASS,,,1,1
1471,2,hot_floor,100,10,1,forecast,request,,1,15,0.001,ok,10,10,10,4,14,14,14,PASS,,,1,1
1472,2,hot_floor,100,10,1,forecast,direction,,38,234,0.038,ok,2,56.868,185,49,25,84.105,230,PASS,,,1,1
1473,2,hot_floor,100,10,1,forecast,forecast,80,116,507,0.445,ok,0,85.638,238,73,1,117.172,279,PASS,,,1,1
1474,2,hot_floor,100,10,1,forecast,forecast,0,119,450,0.475,ok,3,88.782,185,57,11,112.546,226,PASS,,,1,1
1475,2,hot_floor,100,10,1,forecast,forecast,5,90,499,0.409,ok,0,126.7,271,75,9,161,326,PASS,,,1,1
1476,2,hot_floor,100,10,1,forecast,forecast,none,124,651,0.623,ok,1,126.097,513,82,6,165.25,592,PASS,,,1,1
1477,2,all_at_0,2,10,2,round-robin,request,,33,5,0.001,ok,0,1.424,4,1,1,2.424,5,PASS,,,1,1
1478,2,all_at_0,2,10,2,round-robin,direction,,212,16,0.017,ok,0,5.212,15,1,1,6.212,16,PASS,,,1,1
1479,2,all_at_0,2,10,2,round-robin,forecast,80,24,2,0.003,ok,0,0.542,1,1,1,1.542,2,PASS,,,1,1
1480,2,all_at_0,2,10,2,round-robin,forecast,0,17,2,0.001,ok,0,0.471,1,1,1,1.471,2,PASS,,,1,1
1481,2,all_at_0,2,10,2,round-robin,forecast,5,55,5,0.056,ok,0,1.182,4,1,1,2.182,5,PASS,,,1,1
1482,2,all_at_0,2,10,2,round-robin,forecast,none,5,2,0.0,ok,0,0.6,1,1,1,1.6,2,PASS,,,1,1
1483,2,all_at_0,2,10,2,nearest,request,,268,26,0.044,ok,0,11.392,25,1,1,12.392,26,PASS,,,1,1
1484,2,all_at_0,2,10,2,nearest,direction,,142,10,0.015,ok,0,3.303,9,1,1,4.303,10,PASS,,,1,1
1485,2,all_at_0,2,10,2,nearest,forecast,80,53,4,0.014,ok,0,1.057,3,1,1,2.057,4,PASS,,,1,1
1486,2,all_at_0,2,10,2,nearest,forecast,0,45,5,0.01,ok,0,0.956,4,1,1,1.956,5,PASS,,,1,1
1487,2,all_at_0,2,10,2,nearest,forecast,5,4,2,0.0,ok,0,0.5,1,1,1,1.5,2,PASS,,,1,1
1488,2,all_at_0,2,10,2,nearest,forecast,none,33,4,0.005,ok,0,0.697,3,1,1,1.697,4,PASS,,,1,1
1489,2,all_at_0,2,10,2,forecast,request,,36,4,0.049,ok,0,0.917,3,1,1,1.917,4,PASS,,,1,1
1490,2,all_at_0,2,10,2,forecast,direction,,42,4,0.042,ok,0,0.619,3,1,1,1.619,4,PASS,,,1,1
1491,2,all_at_0,2,10,2,forecast,forecast,80,34,2,0.135,ok,0,0.471,1,1,1,1.471,2,PASS,,,1,1
1492,2,all_at_0,2,10,2,forecast,forecast,0,28,2,0.088,ok,0,0.321,1,1,1,1.321,2,PASS,,,1,1
1493,2,all_at_0,2,10,2,forecast,forecast,5,20,2,0.039,ok,0,0.45,1,1,1,1.45,2,PASS,,,1,1
1494,2,all_at_0,2,10,2,forecast,forecast,none,6,2,0.006,ok,0,0.333,1,1,1,1.333,2,PASS,,,1,1
1495,2,all_at_0,10,2,1000,round-robin,request,,47,138,0.007,ok,0,62.149,136,8,3,65.787,138,PASS,,,1,1
1496,2,all_at_0,10,2,1000,round-robin,direction,,141,18,0.085,ok,0,6.752,17,9,1,10.426,18,PASS,,,1,1
1497,2,all_at_0,10,2,1000,round-robin,forecast,80,58,24,0.956,ok,0,9.707,20,9,1,13.448,24,PASS,,,1,1
1498,2,all_at_0,10,2,1000,round-robin,forecast,0,20,20,0.013,ok,0,5.9,19,7,1,8.7,20,PASS,,,1,1
1499,2,all_at_0,10,2,1000,round-robin,forecast,5,4,11,0.0,ok,0,4.5,8,4,1,7,11,PASS,,,1,1
1500,2,all_at_0,10,2,1000,round-robin,forecast,none,25,26,0.023,ok,1,10.48,20,9,4,14.24,26,PASS,,,1,1
1501,2,all_at_0,10,2,1000,nearest,request,,232,709,0.164,ok,6,340.849,702,9,8,344.397,709,PASS,,,1,1
1502,2,all_at_0,10,2,1000,nearest,direction,,50,18,0.024,ok,0,7.66,17,8,2,10.96,18,PASS,,,1,1
1503,2,all_at_0,10,2,1000,nearest,forecast,80,15,29,0.014,ok,0,7.8,20,9,3,11.933,29,PASS,,,1,1
1504,2,all_at_0,10,2,1000,nearest,forecast,0,43,33,0.152,ok,0,6.512,31,8,1,9.93,33,PASS,,,1,1
1505,2,all_at_0,10,2,1000,nearest,forecast,5,47,29,0.192,ok,0,9.766,23,8,2,13.404,29,PASS,,,1,1
1506,2,all_at_0,10,2,1000,nearest,forecast,none,60,32,0.27,ok,0,10.05,25,8,1,13.617,32,PASS,,,1,1
1507,2,all_at_0,10,2,1000,forecast,request,,36,94,0.037,ok,2,46.583,88,9,4,50.639,94,PASS,,,1,1
1508,2,all_at_0,10,2,1000,forecast,direction,,15,18,0.005,ok,0,5.8,10,9,3,9.933,18,PASS,,,1,1
1509,2,all_at_0,10,2,1000,forecast,forecast,80,57,18,2.012,ok,0,5.754,11,9,3,9.053,18,PASS,,,1,1
1510,2,all_at_0,10,2,1000,forecast,forecast,0,33,17,0.221,ok,0,5.545,10,8,2,9.121,17,PASS,,,1,1
1511,2,all_at_0,10,2,1000,forecast,forecast,5,32,21,0.378,ok,0,7.188,15,7,3,10.531,21,PASS,,,1,1
1512,2,all_at_0,10,2,1000,forecast,forecast,none,9,17,0.007,ok,3,7.889,12,6,5,11,17,PASS,,,1,1
1513,2,bursts,3,4,1000,round-robin,request,,108,532,0.01,ok,0,1.981,6,2,1,3.38,8,PASS,,,1,1
1514,2,bursts,3,4,1000,round-robin,direction,,139,668,0.009,ok,0,1.237,3,2,1,2.532,5,PASS,,,1,1
1515,2,bursts,3,4,1000,round-robin,forecast,80,28,109,0.004,ok,0,0.857,2,2,1,2.107,4,PASS,,,1,1
1516,2,bursts,3,4,1000,round-robin,forecast,0,102,462,0.02,ok,0,1.206,4,2,1,2.52,6,PASS,,,1,1
1517,2,bursts,3,4,1000,round-robin,forecast,5,16,60,0.003,ok,0,1.188,2,2,1,2.75,4,PASS,,,1,1
1518,2,bursts,3,4,1000,round-robin,forecast,none,47,417,0.016,ok,0,0.979,3,2,1,2.319,5,PASS,,,1,1
1519,2,bursts,3,4,1000,nearest,request,,41,220,0.003,ok,0,1.756,6,2,1,2.951,7,PASS,,,1,1
1520,2,bursts,3,4,1000,nearest,direction,,41,219,0.003,ok,0,0.683,3,2,1,1.878,4,PASS,,,1,1
1521,2,bursts,3,4,1000,nearest,forecast,80,95,375,0.009,ok,0,0.747,4,2,1,2.189,6,PASS,,,1,1
1522,2,bursts,3,4,1000,nearest,forecast,0,66,291,0.035,ok,0,0.833,3,2,1,2.167,4,PASS,,,1,1
1523,2,bursts,3,4,1000,nearest,forecast,5,8,4,0.001,ok,1,1.875,3,2,2,3,4,PASS,,,1,1
1524,2,bursts,3,4,1000,nearest,forecast,none,134,682,0.012,ok,0,0.448,4,2,1,1.791,6,PASS,,,1,1
1525,2,bursts,3,4,1000,forecast,request,,129,844,0.021,ok,0,0.682,4,2,1,2.008,6,PASS,,,1,1
1526,2,bursts,3,4,1000,forecast,direction,,47,415,0.022,ok,0,0.277,2,2,1,1.617,4,PASS,,,1,1
1527,2,bursts,3,4,1000,forecast,forecast,80,42,262,0.035,ok,0,0.214,2,2,1,1.524,3,PASS,,,1,1
1528,2,bursts,3,4,1000,forecast,forecast,0,137,617,0.063,ok,0,0.796,3,2,1,2.153,4,PASS,,,1,1
1529,2,bursts,3,4,1000,forecast,forecast,5,47,415,0.045,ok,0,0.277,2,2,1,1.617,4,PASS,,,1,1
1530,2,bursts,3,4,1000,forecast,forecast,none,65,356,0.029,ok,0,0.369,2,2,1,1.708,3,PASS,,,1,1
1531,2,bursts,10,2,1000,round-robin,request,,218,1385,0.009,ok,0,18.009,64,9,2,21.729,71,PASS,,,1,1
1532,2,bursts,10,2,1000,round-robin,direction,,294,1836,0.028,ok,0,6.83,17,9,1,10.643,22,PASS,,,1,1
1533,2,bursts,10,2,1000,round-robin,forecast,80,8,100,0.001,ok,1,6.375,15,8,3,10.125,16,PASS,,,1,1
1534,2,bursts,10,2,1000,round-robin,forecast,0,17,145,0.003,ok,0,5.176,16,8,4,8.765,20,PASS,,,1,1
1535,2,bursts,10,2,1000,round-robin,forecast,5,12,47,0.003,ok,0,5.833,12,6,1,8.833,16,PASS,,,1,1
1536,2,bursts,10,2,1000,round-robin,forecast,none,8,100,0.001,ok,1,6.375,15,8,3,10.125,16,PASS,,,1,1
1537,2,bursts,10,2,1000,nearest,request,,178,1131,0.029,ok,0,15.022,53,9,1,18.5,56,PASS,,,1,1
1538,2,bursts,10,2,1000,nearest,direction,,230,1241,0.011,ok,0,5.865,17,9,1,9.609,22,PASS,,,1,1
1539,2,bursts,10,2,1000,nearest,forecast,80,92,586,0.019,ok,0,4.402,17,9,1,8.076,19,PASS,,,1,1
1540,2,bursts,10,2,1000,nearest,forecast,0,14,83,0.003,ok,1,8.071,18,7,4,10.929,25,PASS,,,1,1
1541,2,bursts,10,2,1000,nearest,forecast,5,56,610,0.29,ok,0,4.089,17,9,1,8.054,25,PASS,,,1,1
1542,2,bursts,10,2,1000,nearest,forecast,none,10,18,0.003,ok,0,6.6,12,8,1,10.1,18,PASS,,,1,1
1543,2,bursts,10,2,1000,forecast,request,,33,219,0.02,ok,0,7.091,23,9,3,10.758,24,PASS,,,1,1
1544,2,bursts,10,2,1000,forecast,direction,,52,265,0.008,ok,0,4.846,12,9,1,8.538,19,PASS,,,1,1
1545,2,bursts,10,2,1000,forecast,forecast,80,32,141,0.058,ok,0,4,12,8,1,7.25,16,PASS,,,1,1
1546,2,bursts,10,2,1000,forecast,forecast,0,1,5,0.0,ok,3,3,3,2,5,5,5,PASS,,,1,1
1547,2,bursts,10,2,1000,forecast,forecast,5,16,249,0.008,ok,0,4.375,13,8,2,8.562,21,PASS,,,1,1
1548,2,bursts,10,2,1000,forecast,forecast,none,121,717,0.113,ok,0,3.38,15,9,1,6.934,18,PASS,,,1,1
1549,2,sparse,10,2,1000,round-robin,request,,168,3524,0.045,ok,0,3.298,9,9,1,6.988,17,PASS,,,1,1
1550,2,sparse,10,2,1000,round-robin,direction,,75,1539,0.007,ok,0,3.52,9,9,1,7.187,18,PASS,,,1,1
1551,2,sparse,10,2,1000,round-robin,forecast,80,106,2224,0.007,ok,0,3.292,8,9,1,7.132,17,PASS,,,1,1
1552,2,sparse,10,2,1000,round-robin,forecast,0,32,613,0.004,ok,0,3.375,9,8,1,6.906,17,PASS,,,1,1
1553,2,sparse,10,2,1000,round-robin,forecast,5,129,2612,0.008,ok,0,3.442,9,9,2,7.07,17,PASS,,,1,1
1554,2,sparse,10,2,1000,round-robin,forecast,none,40,777,0.004,ok,0,3.7,8,9,3,7.4,15,PASS,,,1,1
1555,2,sparse,10,2,1000,nearest,request,,21,438,0.002,ok,0,2.571,8,9,1,6.381,12,PASS,,,1,1
1556,2,sparse,10,2,1000,nearest,direction,,25,522,0.002,ok,0,2.52,7,8,2,6.12,12,PASS,,,1,1
1557,2,sparse,10,2,1000,nearest,forecast,80,44,888,0.005,ok,0,2.045,7,7,1,5.455,13,PASS,,,1,1
1558,2,sparse,10,2,1000,nearest,forecast,0,66,1369,0.004,ok,0,2.545,8,9,1,6.197,14,PASS,,,1,1
1559,2,sparse,10,2,1000,nearest,forecast,5,52,985,0.009,ok,0,2.519,7,8,2,6.615,11,PASS,,,1,1
1560,2,sparse,10,2,1000,nearest,forecast,none,126,2515,0.018,ok,0,2.19,8,8,1,5.54,16,PASS,,,1,1
1561,2,sparse,10,2,1000,forecast,request,,32,608,0.005,ok,0,2.25,8,8,2,5.781,15,PASS,,,1,1
1562,2,sparse,10,2,1000,forecast,direction,,101,1993,0.01,ok,0,2.485,9,9,1,6.554,17,PASS,,,1,1
1563,2,sparse,10,2,1000,forecast,forecast,80,111,2300,0.018,ok,0,2.477,8,9,1,5.829,16,PASS,,,1,1
1564,2,sparse,10,2,1000,forecast,forecast,0,138,2855,0.02,ok,0,2.145,9,9,1,5.659,13,PASS,,,1,1
1565,2,sparse,10,2,1000,forecast,forecast,5,149,3037,0.019,ok,0,2.416,8,9,1,5.866,17,PASS,,,1,1
1566,2,sparse,10,2,1000,forecast,forecast,none,74,1495,0.023,ok,0,2.514,8,9,1,6.311,14,PASS,,,1,1
1567,2,sparse,100,1,2,round-robin,request,,146,29149,0.084,ok,0,35.575,98,94,4,69.082,182,PASS,,,1,1
1568,2,sparse,100,1,2,round-robin,direction,,157,30561,0.071,ok,0,34.217,97,95,3,66.58,174,PASS,,,1,1
1569,2,sparse,100,1,2,round-robin,forecast,80,132,27061,0.035,ok,0,30.644,97,96,4,62.318,153,PASS,,,1,1
1570,2,sparse,100,1,2,round-robin,forecast,0,99,19390,0.052,ok,0,32.838,93,85,4,64.919,159,PASS,,,1,1
1571,2,sparse,100,1,2,round-robin,forecast,5,59,12564,0.195,ok,0,31.237,96,88,3,60.271,130,PASS,,,1,1
1572,2,sparse,100,1,2,round-robin,forecast,none,4,846,0.002,ok,1,32.25,80,37,38,61.75,88,PASS,,,1,1
1573,2,sparse,100,1,2,nearest,request,,101,20728,0.045,ok,0,37.861,145,89,7,72.673,189,PASS,,,1,1
1574,2,sparse,100,1,2,nearest,direction,,2,372,0.001,ok,11,31.5,52,43,34,64.5,95,PASS,,,1,1
1575,2,sparse,100,1,2,nearest,forecast,80,20,3945,0.028,ok,3,30.7,77,81,22,66.15,149,PASS,,,1,1
1576,2,sparse,100,1,2,nearest,forecast,0,29,5523,0.011,ok,2,34.862,98,83,8,75.448,163,PASS,,,1,1
1577,2,sparse,100,1,2,nearest,forecast,5,42,8523,0.025,ok,4,39.69,87,81,8,68.5,142,PASS,,,1,1
1578,2,sparse,100,1,2,nearest,forecast,none,66,12980,0.051,ok,2,34.955,95,84,8,69.5,174,PASS,,,1,1
1579,2,sparse,100,1,2,forecast,request,,42,8523,0.031,ok,4,39.69,87,81,8,68.5,142,PASS,,,1,1
1580,2,sparse,100,1,2,forecast,direction,,140,27567,0.038,ok,1,33.514,121,96,6,68.029,200,PASS,,,1,1
1581,2,sparse,100,1,2,forecast,forecast,80,120,23576,0.044,ok,0,30.325,96,90,3,63.133,170,PASS,,,1,1
1582,2,sparse,100,1,2,forecast,forecast,0,137,27668,0.039,ok,0,33.701,91,91,5,67.672,157,PASS,,,1,1
1583,2,sparse,100,1,2,forecast,forecast,5,86,16480,0.023,ok,1,38.395,95,83,16,73.953,166,PASS,,,1,1
1584,2,sparse,100,1,2,forecast,forecast,none,133,26200,0.099,ok,1,36.774,104,97,9,71.053,186,PASS,,,1,1
1585,2,starvation,10,2,1000,round-robin,request,,267,148,0.031,ok,0,8.876,23,9,1,10.165,25,PASS,,,1,1
1586,2,starvation,10,2,1000,round-robin,direction,,247,126,0.008,ok,0,1.834,17,5,1,3.138,19,PASS,,,1,1
1587,2,starvation,10,2,1000,round-robin,forecast,80,20,19,0.003,ok,0,1.75,14,5,1,3,19,PASS,,,1,1
1588,2,starvation,10,2,1000,round-robin,forecast,0,81,43,0.049,ok,0,3,17,5,1,4.247,18,PASS,,,1,1
1589,2,starvation,10,2,1000,round-robin,forecast,5,22,24,0.015,ok,0,4.818,16,9,1,6.455,22,PASS,,,1,1
1590,2,starvation,10,2,1000,round-robin,forecast,none,20,19,0.012,ok,0,1.75,14,5,1,3,19,PASS,,,1,1
1591,2,starvation,10,2,1000,nearest,request,,96,56,0.007,ok,0,3.906,17,5,1,5.208,18,PASS,,,1,1
1592,2,starvation,10,2,1000,nearest,direction,,211,107,0.024,ok,0,1.171,9,9,1,2.45,18,PASS,,,1,1
1593,2,starvation,10,2,1000,nearest,forecast,80,93,49,0.04,ok,0,1.387,9,9,1,2.774,18,PASS,,,1,1
1594,2,starvation,10,2,1000,nearest,forecast,0,130,67,0.027,ok,0,1.254,9,9,1,2.631,18,PASS,,,1,1
1595,2,starvation,10,2,1000,nearest,forecast,5,149,78,0.014,ok,0,1.248,9,9,1,2.537,18,PASS,,,1,1
1596,2,starvation,10,2,1000,nearest,forecast,none,133,70,0.015,ok,0,1.226,9,9,1,2.504,18,PASS,,,1,1
1597,2,starvation,10,2,1000,forecast,request,,33,20,0.029,ok,1,6.515,11,9,2,7.97,18,PASS,,,1,1
1598,2,starvation,10,2,1000,forecast,direction,,17,18,0.017,ok,0,1.941,9,9,1,3.647,18,PASS,,,1,1
1599,2,starvation,10,2,1000,forecast,forecast,80,62,32,0.043,ok,0,1.565,4,5,1,2.935,9,PASS,,,1,1
1600,2,starvation,10,2,1000,forecast,forecast,0,68,36,0.068,ok,0,1.662,9,9,1,2.971,18,PASS,,,1,1
1601,2,starvation,10,2,1000,forecast,forecast,5,77,38,0.057,ok,0,1.494,6,5,1,2.792,11,PASS,,,1,1
1602,2,starvation,10,2,1000,forecast,forecast,none,12,9,0.006,ok,0,1.25,4,5,1,2.917,9,PASS,,,1,1
1603,2,starvation,10,10,2,round-robin,request,,41,22,0.002,ok,0,2.317,17,5,1,3.683,19,PASS,,,1,1
1604,2,starvation,10,10,2,round-robin,direction,,265,50,0.008,ok,0,2.691,24,5,1,3.985,25,PASS,,,1,1
1605,2,starvation,10,10,2,round-robin,forecast,80,90,32,0.006,ok,0,1.733,23,9,1,3.056,32,PASS,,,1,1
1606,2,starvation,10,10,2,round-robin,forecast,0,54,24,0.006,ok,0,2.685,17,9,1,3.981,19,PASS,,,1,1
1607,2,starvation,10,10,2,round-robin,forecast,5,4,18,0.0,ok,0,2.75,9,9,2,6,18,PASS,,,1,1
1608,2,starvation,10,10,2,round-robin,forecast,none,94,25,0.006,ok,0,1.713,20,5,1,3.032,25,PASS,,,1,1
1609,2,starvation,10,10,2,nearest,request,,111,23,0.005,ok,0,1.559,9,9,1,2.91,18,PASS,,,1,1
1610,2,starvation,10,10,2,nearest,direction,,150,60,0.053,ok,0,7.967,36,5,1,9.26,37,PASS,,,1,1
1611,2,starvation,10,10,2,nearest,forecast,80,26,18,0.003,ok,0,1.077,9,9,1,2.808,18,PASS,,,1,1
1612,2,starvation,10,10,2,nearest,forecast,0,93,21,0.014,ok,0,2.075,11,5,1,3.462,12,PASS,,,1,1
1613,2,starvation,10,10,2,nearest,forecast,5,59,20,0.087,ok,0,2.322,10,5,1,3.695,11,PASS,,,1,1
1614,2,starvation,10,10,2,nearest,forecast,none,118,35,0.063,ok,0,5.542,20,9,1,6.847,21,PASS,,,1,1
1615,2,starvation,10,10,2,forecast,request,,121,22,0.042,ok,0,0.942,9,9,1,2.289,18,PASS,,,1,1
1616,2,starvation,10,10,2,forecast,direction,,81,18,0.046,ok,0,0.79,9,9,1,2.086,18,PASS,,,1,1
1617,2,starvation,10,10,2,forecast,forecast,80,105,20,0.138,ok,0,0.848,4,5,1,2.162,9,PASS,,,1,1
1618,2,starvation,10,10,2,forecast,forecast,0,48,10,0.106,ok,0,0.938,4,5,1,2.25,9,PASS,,,1,1
1619,2,starvation,10,10,2,forecast,forecast,5,39,18,0.096,ok,0,0.974,9,9,1,2.462,18,PASS,,,1,1
1620,2,starvation,10,10,2,forecast,forecast,none,120,22,0.146,ok,0,0.958,9,9,1,2.325,18,PASS,,,1,1
1621,2,adjacent,10,2,1000,round-robin,request,,3,12,0.0,ok,1,4.333,8,1,2,5.333,9,PASS,,,1,1
1622,2,adjacent,10,2,1000,round-robin,direction,,17,44,0.001,ok,0,3.706,11,1,1,4.706,12,PASS,,,1,1
1623,2,adjacent,10,2,1000,round-robin,forecast,80,127,259,0.011,ok,0,4.748,27,1,1,5.748,28,PASS,,,1,1
1624,2,adjacent,10,2,1000,round-robin,forecast,0,72,159,0.025,ok,1,5.903,16,1,2,6.903,17,PASS,,,1,1
1625,2,adjacent,10,2,1000,round-robin,forecast,5,144,294,0.01,ok,0,4.104,20,1,1,5.104,21,PASS,,,1,1
1626,2,adjacent,10,2,1000,round-robin,forecast,none,64,136,0.004,ok,0,3.688,16,1,1,4.688,17,PASS,,,1,1
1627,2,adjacent,10,2,1000,nearest,request,,140,285,0.032,ok,0,4.207,15,1,1,5.207,16,PASS,,,1,1
1628,2,adjacent,10,2,1000,nearest,direction,,265,525,0.007,ok,0,2.683,14,1,1,3.683,15,PASS,,,1,1
1629,2,adjacent,10,2,1000,nearest,forecast,80,58,121,0.032,ok,0,2.431,11,1,1,3.431,12,PASS,,,1,1
1630,2,adjacent,10,2,1000,nearest,forecast,0,138,278,0.01,ok,0,2.739,13,1,1,3.739,14,PASS,,,1,1
1631,2,adjacent,10,2,1000,nearest,forecast,5,149,299,0.008,ok,0,2.181,9,1,1,3.181,10,PASS,,,1,1
1632,2,adjacent,10,2,1000,nearest,forecast,none,100,205,0.016,ok,0,2.77,17,1,1,3.77,18,PASS,,,1,1
1633,2,adjacent,10,2,1000,forecast,request,,9,21,0.001,ok,1,2.667,5,1,2,3.667,6,PASS,,,1,1
1634,2,adjacent,10,2,1000,forecast,direction,,9,25,0.001,ok,1,4.111,10,1,2,5.111,11,PASS,,,1,1
1635,2,adjacent,10,2,1000,forecast,forecast,80,53,107,0.026,ok,0,1.774,5,1,1,2.774,6,PASS,,,1,1
1636,2,adjacent,10,2,1000,forecast,forecast,0,135,276,0.03,ok,0,2.696,8,1,1,3.696,9,PASS,,,1,1
1637,2,adjacent,10,2,1000,forecast,forecast,5,115,222,0.036,ok,0,2.261,9,1,1,3.261,10,PASS,,,1,1
1638,2,adjacent,10,2,1000,forecast,forecast,none,51,99,0.031,ok,0,2.118,9,1,1,3.118,10,PASS,,,1,1
1639,2,adjacent,10,4,2,round-robin,request,,156,312,0.004,ok,0,3.282,9,1,1,4.282,10,PASS,,,1,1
1640,2,adjacent,10,4,2,round-robin,direction,,281,569,0.016,ok,0,3.623,17,1,1,4.623,18,PASS,,,1,1
1641,2,adjacent,10,4,2,round-robin,forecast,80,65,137,0.007,ok,0,3.062,12,1,1,4.062,13,PASS,,,1,1
1642,2,adjacent,10,4,2,round-robin,forecast,0,9,25,0.001,ok,1,3.444,6,1,2,4.444,7,PASS,,,1,1
1643,2,adjacent,10,4,2,round-robin,forecast,5,43,91,0.014,ok,0,3.023,11,1,1,4.023,12,PASS,,,1,1
1644,2,adjacent,10,4,2,round-robin,forecast,none,12,29,0.001,ok,0,4.083,14,1,1,5.083,15,PASS,,,1,1
1645,2,adjacent,10,4,2,nearest,request,,34,69,0.014,ok,0,1.941,6,1,1,2.941,7,PASS,,,1,1
1646,2,adjacent,10,4,2,nearest,direction,,254,510,0.02,ok,0,1.043,7,1,1,2.043,8,PASS,,,1,1
1647,2,adjacent,10,4,2,nearest,forecast,80,121,245,0.007,ok,0,1.198,6,1,1,2.198,7,PASS,,,1,1
1648,2,adjacent,10,4,2,nearest,forecast,0,35,70,0.014,ok,0,1.371,7,1,1,2.371,8,PASS,,,1,1
1649,2,adjacent,10,4,2,nearest,forecast,5,80,161,0.016,ok,0,1.175,9,1,1,2.175,10,PASS,,,1,1
1650,2,adjacent,10,4,2,nearest,forecast,none,127,255,0.006,ok,0,1.094,7,1,1,2.094,8,PASS,,,1,1
1651,2,adjacent,10,4,2,forecast,request,,14,30,0.003,ok,0,1.5,6,1,1,2.5,7,PASS,,,1,1
1652,2,adjacent,10,4,2,forecast,direction,,110,221,0.015,ok,0,1.127,7,1,1,2.127,8,PASS,,,1,1
1653,2,adjacent,10,4,2,forecast,forecast,80,106,215,0.027,ok,0,1.019,8,1,1,2.019,9,PASS,,,1,1
1654,2,adjacent,10,4,2,forecast,forecast,0,72,146,0.032,ok,0,1.181,7,1,1,2.181,8,PASS,,,1,1
1655,2,adjacent,10,4,2,forecast,forecast,5,126,253,0.032,ok,0,1.095,9,1,1,2.095,10,PASS,,,1,1
1656,2,adjacent,10,4,2,forecast,forecast,none,119,229,0.06,ok,0,1.034,8,1,1,2.034,9,PASS,,,1,1
1657,2,full_height,3,1,2,round-robin,request,,131,264,0.009,ok,0,5.458,14,2,2,7.458,16,PASS,,,1,1
1658,2,full_height,3,1,2,round-robin,direction,,232,464,0.035,ok,0,2.047,7,2,2,4.047,9,PASS,,,1,1
1659,2,full_height,3,1,2,round-robin,forecast,80,34,71,0.005,ok,0,1.588,4,2,2,3.588,6,PASS,,,1,1
1660,2,full_height,3,1,2,round-robin,forecast,0,43,86,0.007,ok,0,1.791,5,2,2,3.791,7,PASS,,,1,1
1661,2,full_height,3,1,2,round-robin,forecast,5,106,219,0.009,ok,0,1.84,7,2,2,3.84,9,PASS,,,1,1
1662,2,full_height,3,1,2,round-robin,forecast,none,4,12,0.0,ok,0,1,2,2,2,3,4,PASS,,,1,1
1663,2,full_height,3,1,2,nearest,request,,39,80,0.002,ok,0,2.667,9,2,2,4.667,11,PASS,,,1,1
1664,2,full_height,3,1,2,nearest,direction,,62,126,0.01,ok,0,2.194,8,2,2,4.194,10,PASS,,,1,1
1665,2,full_height,3,1,2,nearest,forecast,80,131,264,0.017,ok,0,1.969,7,2,2,3.969,9,PASS,,,1,1
1666,2,full_height,3,1,2,nearest,forecast,0,87,178,0.023,ok,0,2.08,9,2,2,4.08,11,PASS,,,1,1
1667,2,full_height,3,1,2,nearest,forecast,5,129,257,0.041,ok,0,2.155,10,2,2,4.155,12,PASS,,,1,1
1668,2,full_height,3,1,2,nearest,forecast,none,47,98,0.013,ok,0,1.83,6,2,2,3.83,8,PASS,,,1,1
1669,2,full_height,3,1,2,forecast,request,,12,30,0.001,ok,0,1.333,4,2,2,3.333,6,PASS,,,1,1
1670,2,full_height,3,1,2,forecast,direction,,125,255,0.01,ok,0,2.248,8,2,2,4.248,10,PASS,,,1,1
1671,2,full_height,3,1,2,forecast,forecast,80,80,161,0.041,ok,0,2.15,7,2,2,4.15,9,PASS,,,1,1
1672,2,full_height,3,1,2,forecast,forecast,0,36,72,0.04,ok,0,2.111,6,2,2,4.111,8,PASS,,,1,1
1673,2,full_height,3,1,2,forecast,forecast,5,5,12,0.001,ok,0,0.4,2,2,2,2.4,4,PASS,,,1,1
1674,2,full_height,3,1,2,forecast,forecast,none,102,207,0.059,ok,0,2.127,7,2,2,4.127,9,PASS,,,1,1
1675,2,full_height,10,2,1000,round-robin,request,,16,69,0.001,ok,0,17.75,29,9,9,26.75,38,PASS,,,1,1
1676,2,full_height,10,2,1000,round-robin,direction,,287,588,0.015,ok,0,8.645,17,9,9,17.645,26,PASS,,,1,1
1677,2,full_height,10,2,1000,round-robin,forecast,80,142,305,0.036,ok,0,8.577,23,9,9,17.577,32,PASS,,,1,1
1678,2,full_height,10,2,1000,round-robin,forecast,0,90,200,0.027,ok,0,7.922,17,9,9,16.922,26,PASS,,,1,1
1679,2,full_height,10,2,1000,round-robin,forecast,5,118,254,0.022,ok,0,8.924,17,9,9,17.924,26,PASS,,,1,1
1680,2,full_height,10,2,1000,round-robin,forecast,none,88,197,0.014,ok,0,8.58,17,9,9,17.58,26,PASS,,,1,1
1681,2,full_height,10,2,1000,nearest,request,,163,431,0.019,ok,0,29.804,97,9,9,38.804,106,PASS,,,1,1
1682,2,full_height,10,2,1000,nearest,direction,,191,391,0.009,ok,0,7.068,17,9,9,16.068,26,PASS,,,1,1
1683,2,full_height,10,2,1000,nearest,forecast,80,68,152,0.01,ok,0,4.706,12,9,9,13.706,21,PASS,,,1,1
1684,2,full_height,10,2,1000,nearest,forecast,0,143,293,0.02,ok,0,4.021,12,9,9,13.021,21,PASS,,,1,1
1685,2,full_height,10,2,1000,nearest,forecast,5,64,138,0.013,ok,0,4.141,14,9,9,13.141,23,PASS,,,1,1
1686,2,full_height,10,2,1000,nearest,forecast,none,75,164,0.012,ok,0,4.267,14,9,9,13.267,23,PASS,,,1,1
1687,2,full_height,10,2,1000,forecast,request,,40,101,0.021,ok,0,5.175,14,9,9,14.175,23,PASS,,,1,1
1688,2,full_height,10,2,1000,forecast,direction,,73,156,0.019,ok,0,3.986,11,9,9,12.986,20,PASS,,,1,1
1689,2,full_height,10,2,1000,forecast,forecast,80,15,41,0.023,ok,0,4.733,11,9,9,13.733,20,PASS,,,1,1
1690,2,full_height,10,2,1000,forecast,forecast,0,130,270,0.071,ok,0,4.492,15,9,9,13.492,24,PASS,,,1,1
1691,2,full_height,10,2,1000,forecast,forecast,5,129,275,0.111,ok,0,4.434,13,9,9,13.434,22,PASS,,,1,1
1692,2,full_height,10,2,1000,forecast,forecast,none,116,248,0.096,ok,0,4.698,14,9,9,13.698,23,PASS,,,1,1
1693,2,at_floor_1,10,2,1000,round-robin,request,,74,136,0.008,ok,0,2.878,17,9,1,8.162,23,PASS,,,1,1
1694,2,at_floor_1,10,2,1000,round-robin,direction,,231,475,0.045,ok,0,2.251,17,9,1,7.177,23,PASS,,,1,1
1695,2,at_floor_1,10,2,1000,round-robin,forecast,80,8,27,0.001,ok,0,2.25,8,8,4,8.125,16,PASS,,,1,1
1696,2,at_floor_1,10,2,1000,round-robin,forecast,0,60,133,0.084,ok,0,1.733,16,9,1,6.467,21,PASS,,,1,1
1697,2,at_floor_1,10,2,1000,round-robin,forecast,5,87,191,0.17,ok,0,2.241,17,9,1,7.23,22,PASS,,,1,1
1698,2,at_floor_1,10,2,1000,round-robin,forecast,none,115,242,0.251,ok,0,2.496,14,9,1,7.217,23,PASS,,,1,1
1699,2,at_floor_1,10,2,1000,nearest,request,,152,302,0.111,ok,0,1.526,17,9,1,6.579,22,PASS,,,1,1
1700,2,at_floor_1,10,2,1000,nearest,direction,,62,124,0.023,ok,0,1.726,17,9,1,6.661,25,PASS,,,1,1
1701,2,at_floor_1,10,2,1000,nearest,forecast,80,137,288,0.373,ok,0,1.752,9,9,1,6.693,18,PASS,,,1,1
1702,2,at_floor_1,10,2,1000,nearest,forecast,0,133,273,0.47,ok,0,1.699,17,9,1,6.286,24,PASS,,,1,1
1703,2,at_floor_1,10,2,1000,nearest,forecast,5,67,137,0.085,ok,0,1.687,13,9,1,6.866,18,PASS,,,1,1
1704,2,at_floor_1,10,2,1000,nearest,forecast,none,98,205,0.261,ok,0,1.643,9,9,1,6.622,18,PASS,,,1,1
1705,2,at_floor_1,10,2,1000,forecast,request,,30,69,0.008,ok,0,2,9,9,1,6.733,15,PASS,,,1,1
1706,2,at_floor_1,10,2,1000,forecast,direction,,102,215,0.044,ok,0,1.843,15,9,1,6.765,22,PASS,,,1,1
1707,2,at_floor_1,10,2,1000,forecast,forecast,80,13,23,0.017,ok,0,0.769,9,9,2,5.077,10,PASS,,,1,1
1708,2,at_floor_1,10,2,1000,forecast,forecast,0,132,279,1.431,ok,0,1.583,9,9,1,6.614,17,PASS,,,1,1
1709,2,at_floor_1,10,2,1000,forecast,forecast,5,84,176,0.477,ok,0,2.131,14,9,1,7.274,18,PASS,,,1,1
1710,2,at_floor_1,10,2,1000,forecast,forecast,none,88,178,0.487,ok,0,1.989,17,9,1,6.966,24,PASS,,,1,1
1711,2,at_floor_1,100,4,10,round-robin,request,,261,1198,0.113,ok,0,435.234,793,99,3,485.739,853,PASS,,,1,1
1712,2,at_floor_1,100,4,10,round-robin,direction,,174,875,0.266,ok,0,266.046,559,99,1,317.132,657,PASS,,,1,1
1713,2,at_floor_1,100,4,10,round-robin,forecast,80,128,667,0.324,ok,0,168.297,386,99,2,219.969,482,PASS,,,1,1
1714,2,at_floor_1,100,4,10,round-robin,forecast,0,97,483,0.176,ok,0,114.371,318,99,9,167.773,364,PASS,,,1,1
1715,2,at_floor_1,100,4,10,round-robin,forecast,5,121,590,0.289,ok,0,152.364,394,99,3,206.57,492,PASS,,,1,1
1716,2,at_floor_1,100,4,10,round-robin,forecast,none,73,290,0.057,ok,0,63,196,99,1,116.329,288,PASS,,,1,1
1717,2,at_floor_1,100,4,10,nearest,request,,195,1514,0.063,ok,0,366.944,1124,99,6,416.144,1141,PASS,,,1,1
1718,2,at_floor_1,100,4,10,nearest,direction,,138,1125,0.057,ok,0,245.58,838,99,2,294.174,849,PASS,,,1,1
1719,2,at_floor_1,100,4,10,nearest,forecast,80,98,773,0.265,ok,0,157.969,536,97,4,203.643,615,PASS,,,1,1
1720,2,at_floor_1,100,4,10,nearest,forecast,0,79,453,0.07,ok,0,93.81,283,99,3,146.975,362,PASS,,,1,1
1721,2,at_floor_1,100,4,10,nearest,forecast,5,131,964,0.554,ok,0,226.557,638,99,1,280.481,735,PASS,,,1,1
1722,2,at_floor_1,100,4,10,nearest,forecast,none,148,1305,0.617,ok,0,292.392,925,99,2,338.75,1011,PASS,,,1,1
1723,2,at_floor_1,100,4,10,forecast,request,,60,273,0.058,ok,0,48.567,148,98,4,93.75,222,PASS,,,1,1
1724,2,at_floor_1,100,4,10,forecast,direction,,116,485,0.135,ok,0,143.078,342,99,2,196.647,431,PASS,,,1,1
1725,2,at_floor_1,100,4,10,forecast,forecast,80,100,449,0.949,ok,0,112.15,246,99,2,163.39,329,PASS,,,1,1
1726,2,at_floor_1,100,4,10,forecast,forecast,0,38,258,0.123,ok,0,34.868,164,97,1,95.105,241,PASS,,,1,1
1727,2,at_floor_1,100,4,10,forecast,forecast,5,50,263,0.786,ok,0,30,164,98,1,84.94,238,PASS,,,1,1
1728,2,at_floor_1,100,4,10,forecast,forecast,none,116,485,1.334,ok,0,143.078,342,99,2,196.647,431,PASS,,,1,1
1729,2,over_capacity,3,4,10,round-robin,request,,239,24,0.061,ok,0,9.958,20,2,1,11.481,22,PASS,,,1,1
1730,2,over_capacity,3,4,10,round-robin,direction,,79,7,0.009,ok,1,2.342,5,1,2,3.342,6,PASS,,,1,1
1731,2,over_capacity,3,4,10,round-robin,forecast,80,11,8,0.001,ok,1,1.545,3,1,2,2.545,4,PASS,,,1,1
1732,2,over_capacity,3,4,10,round-robin,forecast,0,43,7,0.038,ok,1,1.884,3,1,2,2.884,4,PASS,,,1,1
1733,2,over_capacity,3,4,10,round-robin,forecast,5,24,5,0.006,ok,2,2,2,2,3,3.542,4,PASS,,,1,1
1734,2,over_capacity,3,4,10,round-robin,forecast,none,11,8,0.002,ok,1,1.545,3,1,2,2.545,4,PASS,,,1,1
1735,2,over_capacity,3,4,10,nearest,request,,149,19,0.06,ok,0,5.557,12,2,1,7.081,14,PASS,,,1,1
1736,2,over_capacity,3,4,10,nearest,direction,,55,5,0.005,ok,1,1.982,3,1,2,2.982,4,PASS,,,1,1
1737,2,over_capacity,3,4,10,nearest,forecast,80,12,5,0.002,ok,2,2,2,2,3,3.417,4,PASS,,,1,1
1738,2,over_capacity,3,4,10,nearest,forecast,0,9,5,0.001,ok,2,2,2,2,3,3.556,4,PASS,,,1,1
1739,2,over_capacity,3,4,10,nearest,forecast,5,3,6,0.0,ok,2,2,2,2,3,3.667,4,PASS,,,1,1
1740,2,over_capacity,3,4,10,nearest,forecast,none,52,6,0.026,ok,1,2.154,3,1,2,3.154,4,PASS,,,1,1
1741,2,over_capacity,3,4,10,forecast,request,,9,5,0.003,ok,2,2,2,2,3,3.556,4,PASS,,,1,1
1742,2,over_capacity,3,4,10,forecast,direction,,21,6,0.008,ok,0,0,0,2,1,1.381,2,PASS,,,1,1
1743,2,over_capacity,3,4,10,forecast,forecast,80,27,9,0.084,ok,2,2,2,2,3,3.407,4,PASS,,,1,1
1744,2,over_capacity,3,4,10,forecast,forecast,0,40,3,0.187,ok,1,1,1,1,2,2,2,PASS,,,1,1
1745,2,over_capacity,3,4,10,forecast,forecast,5,7,3,0.004,ok,1,1,1,1,2,2,2,PASS,,,1,1
1746,2,over_capacity,3,4,10,forecast,forecast,none,50,11,1.09,ok,0,0.8,4,2,1,2.22,6,PASS,,,1,1
1747,2,over_capacity,10,2,1000,round-robin,request,,131,90,0.067,ok,1,30.13,81,8,2,34.298,89,PASS,,,1,1
1748,2,over_capacity,10,2,1000,round-robin,direction,,193,19,0.087,ok,3,7.352,15,6,4,10.358,18,PASS,,,1,1
1749,2,over_capacity,10,2,1000,round-robin,forecast,80,49,14,0.172,ok,0,0,0,9,1,4.694,9,PASS,,,1,1
1750,2,over_capacity,10,2,1000,round-robin,forecast,0,40,30,0.118,ok,6,9.1,22,6,7,12.125,28,PASS,,,1,1
1751,2,over_capacity,10,2,1000,round-robin,forecast,5,24,17,0.018,ok,4,7.583,12,5,5,9.958,16,PASS,,,1,1
1752,2,over_capacity,10,2,1000,round-robin,forecast,none,19,16,0.01,ok,3,5.211,7,6,4,8.842,13,PASS,,,1,1
1753,2,over_capacity,10,2,1000,nearest,request,,300,250,0.19,ok,8,123.533,244,8,9,127.517,250,PASS,,,1,1
1754,2,over_capacity,10,2,1000,nearest,direction,,284,21,0.176,ok,7,10,11,7,8,13.313,18,PASS,,,1,1
1755,2,over_capacity,10,2,1000,nearest,forecast,80,20,21,0.012,ok,2,4.8,16,7,3,8.4,18,PASS,,,1,1
1756,2,over_capacity,10,2,1000,nearest,forecast,0,9,27,0.002,ok,1,4.333,17,8,3,9,25,PASS,,,1,1
1757,2,over_capacity,10,2,1000,nearest,forecast,5,35,21,0.093,ok,9,9,9,9,10,13.486,18,PASS,,,1,1
1758,2,over_capacity,10,2,1000,nearest,forecast,none,24,17,0.022,ok,4,6.917,12,5,5,9.292,16,PASS,,,1,1
1759,2,over_capacity,10,2,1000,forecast,request,,31,23,0.04,ok,9,9,9,9,10,14.484,18,PASS,,,1,1
1760,2,over_capacity,10,2,1000,forecast,direction,,44,17,0.043,ok,4,4.227,14,5,5,6.955,16,PASS,,,1,1
1761,2,over_capacity,10,2,1000,forecast,forecast,80,16,15,0.05,ok,7,7.125,9,7,8,10.562,14,PASS,,,1,1
1762,2,over_capacity,10,2,1000,forecast,forecast,0,20,12,0.058,ok,2,2,2,7,3,5.6,9,PASS,,,1,1
1763,2,over_capacity,10,2,1000,forecast,forecast,5,45,11,0.498,ok,5,5.756,7,5,6,8.556,11,PASS,,,1,1
1764,2,over_capacity,10,2,1000,forecast,forecast,none,1,11,0.0,ok,4,4,4,2,6,6,6,PASS,,,1,1
1765,2,identical,2,2,2,round-robin,request,,13,11,0.001,ok,1,3.308,7,1,2,4.308,8,PASS,,,1,1
1766,2,identical,2,2,2,round-robin,direction,,253,130,0.34,ok,0,62.253,126,1,1,63.253,127,PASS,,,1,1
1767,2,identical,2,2,2,round-robin,forecast,80,55,29,3.166,ok,0,12.764,26,1,1,13.764,27,PASS,,,1,1
1768,2,identical,2,2,2,round-robin,forecast,0,58,31,0.935,ok,1,14.517,29,1,2,15.517,30,PASS,,,1,1
1769,2,identical,2,2,2,round-robin,forecast,5,1,2,0.0,ok,1,1,1,1,2,2,2,PASS,,,1,1
1770,2,identical,2,2,2,round-robin,forecast,none,49,26,0.168,ok,0,11.265,24,1,1,12.265,25,PASS,,,1,1
1771,2,identical,2,2,2,nearest,request,,92,46,0.045,ok,1,23,45,1,2,24,46,PASS,,,1,1
1772,2,identical,2,2,2,nearest,direction,,123,63,0.101,ok,0,29.756,60,1,1,30.756,61,PASS,,,1,1
1773,2,identical,2,2,2,nearest,forecast,80,37,20,0.097,ok,1,9.27,19,1,2,10.27,20,PASS,,,1,1
1774,2,identical,2,2,2,nearest,forecast,0,55,29,1.955,ok,0,12.764,26,1,1,13.764,27,PASS,,,1,1
1775,2,identical,2,2,2,nearest,forecast,5,54,28,0.271,ok,1,13.519,27,1,2,14.519,28,PASS,,,1,1
1776,2,identical,2,2,2,nearest,forecast,none,12,8,0.003,ok,0,2,4,1,1,3,5,PASS,,,1,1
1777,2,identical,2,2,2,forecast,request,,17,10,0.02,ok,1,4.294,9,1,2,5.294,10,PASS,,,1,1
1778,2,identical,2,2,2,forecast,direction,,17,10,0.006,ok,1,4.294,9,1,2,5.294,10,PASS,,,1,1
1779,2,identical,2,2,2,forecast,forecast,80,21,15,0.073,ok,1,5.286,11,1,2,6.286,12,PASS,,,1,1
1780,2,identical,2,2,2,forecast,forecast,0,7,4,0.004,ok,1,1.857,3,1,2,2.857,4,PASS,,,1,1
1781,2,identical,2,2,2,forecast,forecast,5,26,16,0.121,ok,0,5.538,12,1,1,6.538,13,PASS,,,1,1
1782,2,identical,2,2,2,forecast,forecast,none,29,18,0.136,ok,1,7.276,15,1,2,8.276,16,PASS,,,1,1
1783,2,identical,10,2,1000,round-robin,request,,57,6,0.011,ok,3,3,3,3,6,6,6,PASS,,,1,1
1784,2,identical,10,2,1000,round-robin,direction,,3,8,0.0,ok,6,6,6,1,7,7,7,PASS,,,1,1
1785,2,identical,10,2,1000,round-robin,forecast,80,38,3,0.084,ok,2,2,2,1,3,3,3,PASS,,,1,1
1786,2,identical,10,2,1000,round-robin,forecast,0,38,3,0.083,ok,2,2,2,1,3,3,3,PASS,,,1,1
1787,2,identical,10,2,1000,round-robin,forecast,5,54,15,0.241,ok,8,8,8,7,15,15,15,PASS,,,1,1
1788,2,identical,10,2,1000,round-robin,forecast,none,44,9,0.125,ok,7,7,7,2,9,9,9,PASS,,,1,1
1789,2,identical,10,2,1000,nearest,request,,149,10,0.082,ok,6,6,6,2,8,8,8,PASS,,,1,1
1790,2,identical,10,2,1000,nearest,direction,,99,9,0.027,ok,5,5,5,1,6,6,6,PASS,,,1,1
1791,2,identical,10,2,1000,nearest,forecast,80,54,15,0.204,ok,8,8,8,7,15,15,15,PASS,,,1,1
1792,2,identical,10,2,1000,nearest,forecast,0,52,5,0.129,ok,1,1,1,1,2,2,2,PASS,,,1,1
1793,2,identical,10,2,1000,nearest,forecast,5,18,9,0.008,ok,6,6,6,2,8,8,8,PASS,,,1,1
1794,2,identical,10,2,1000,nearest,forecast,none,44,9,0.132,ok,7,7,7,2,9,9,9,PASS,,,1,1
1795,2,identical,10,2,1000,forecast,request,,49,17,0.041,ok,9,9,9,7,16,16,16,PASS,,,1,1
1796,2,identical,10,2,1000,forecast,direction,,47,2,0.044,ok,1,1,1,1,2,2,2,PASS,,,1,1
1797,2,identical,10,2,1000,forecast,forecast,80,35,12,0.207,ok,5,5,5,5,10,10,10,PASS,,,1,1
1798,2,identical,10,2,1000,forecast,forecast,0,52,5,0.41,ok,1,1,1,1,2,2,2,PASS,,,1,1
1799,2,identical,10,2,1000,forecast,forecast,5,25,12,0.096,ok,6,6,6,5,11,11,11,PASS,,,1,1
1800,2,identical,10,2,1000,forecast,forecast,none,43,8,0.356,ok,5,5,5,3,8,8,8,PASS,,,1,1
1801,2,ties,10,2,1000,round-robin,request,,10,26,0.001,ok,1,11.5,21,7,8,16.9,26,PASS,,,1,1
1802,2,ties,10,2,1000,round-robin,direction,,89,118,0.014,ok,0,8.337,17,9,3,12.843,26,PASS,,,1,1
1803,2,ties,10,2,1000,round-robin,forecast,80,123,159,0.292,ok,0,7.341,22,9,1,11.756,30,PASS,,,1,1
1804,2,ties,10,2,1000,round-robin,forecast,0,134,185,0.474,ok,0,12.216,41,9,1,17.724,50,PASS,,,1,1
1805,2,ties,10,2,1000,round-robin,forecast,5,33,45,0.019,ok,0,6.818,17,9,3,12.485,26,PASS,,,1,1
1806,2,ties,10,2,1000,round-robin,forecast,none,21,36,0.009,ok,0,7.381,29,9,5,12.476,34,PASS,,,1,1
1807,2,ties,10,2,1000,nearest,request,,163,488,0.111,ok,1,206.331,386,9,8,211.564,395,PASS,,,1,1
1808,2,ties,10,2,1000,nearest,direction,,83,98,0.023,ok,0,6.096,17,9,2,10.807,26,PASS,,,1,1
1809,2,ties,10,2,1000,nearest,forecast,80,94,101,0.234,ok,0,6.691,17,9,1,11.862,26,PASS,,,1,1
1810,2,ties,10,2,1000,nearest,forecast,0,137,175,0.397,ok,0,7.204,33,9,1,11.737,42,PASS,,,1,1
1811,2,ties,10,2,1000,nearest,forecast,5,72,80,0.076,ok,0,5.681,17,9,1,11.403,26,PASS,,,1,1
1812,2,ties,10,2,1000,nearest,forecast,none,45,61,0.054,ok,0,6.356,17,9,3,11.667,26,PASS,,,1,1
1813,2,ties,10,2,1000,forecast,request,,80,127,0.049,ok,4,41.275,77,9,5,47.025,86,PASS,,,1,1
1814,2,ties,10,2,1000,forecast,direction,,69,84,0.033,ok,0,5.536,13,9,1,10.855,22,PASS,,,1,1
1815,2,ties,10,2,1000,forecast,forecast,80,137,175,0.775,ok,0,4.715,13,9,1,9.248,22,PASS,,,1,1
1816,2,ties,10,2,1000,forecast,forecast,0,150,193,0.798,ok,0,5.247,19,9,1,10.087,28,PASS,,,1,1
1817,2,ties,10,2,1000,forecast,forecast,5,23,36,0.038,ok,0,4.957,17,9,2,8.478,26,PASS,,,1,1
1818,2,ties,10,2,1000,forecast,forecast,none,54,53,0.466,ok,0,5.833,14,9,3,10.389,23,PASS,,,1,1
1819,2,ties,10,10,10,round-robin,request,,149,163,0.015,ok,0,24.913,72,9,2,29.98,79,PASS,,,1,1
1820,2,ties,10,10,10,round-robin,direction,,72,66,0.01,ok,0,5.181,17,9,3,9.958,20,PASS,,,1,1
1821,2,ties,10,10,10,round-robin,forecast,80,138,179,0.021,ok,0,5.906,27,9,1,10.964,36,PASS,,,1,1
1822,2,ties,10,10,10,round-robin,forecast,0,17,25,0.002,ok,0,4.176,10,9,2,8,18,PASS,,,1,1
1823,2,ties,10,10,10,round-robin,forecast,5,35,45,0.004,ok,0,5.2,15,9,2,10.943,24,PASS,,,1,1
1824,2,ties,10,10,10,round-robin,forecast,none,120,143,0.035,ok,0,5.892,18,9,1,10.925,27,PASS,,,1,1
1825,2,ties,10,10,10,nearest,request,,178,227,0.032,ok,0,23.112,98,9,1,28.067,103,PASS,,,1,1
1826,2,ties,10,10,10,nearest,direction,,135,168,0.029,ok,0,4.911,31,9,1,10.4,32,PASS,,,1,1
1827,2,ties,10,10,10,nearest,forecast,80,81,104,0.011,ok,0,4.333,18,9,1,9.704,25,PASS,,,1,1
1828,2,ties,10,10,10,nearest,forecast,0,65,77,0.029,ok,0,6.508,29,9,1,12.123,36,PASS,,,1,1
1829,2,ties,10,10,10,nearest,forecast,5,108,132,0.053,ok,0,4.565,21,9,1,9.306,30,PASS,,,1,1
1830,2,ties,10,10,10,nearest,forecast,none,45,51,0.015,ok,0,4.533,16,9,1,8.911,22,PASS,,,1,1
1831,2,ties,10,10,10,forecast,request,,65,76,0.062,ok,0,4.569,12,9,1,10.185,21,PASS,,,1,1
1832,2,ties,10,10,10,forecast,direction,,145,186,0.081,ok,0,3.138,12,9,1,8.579,21,PASS,,,1,1
1833,2,ties,10,10,10,forecast,forecast,80,45,51,0.163,ok,0,3.956,11,9,1,8.333,19,PASS,,,1,1
1834,2,ties,10,10,10,forecast,forecast,0,13,17,0.029,ok,0,3.462,8,7,3,7.846,15,PASS,,,1,1
1835,2,ties,10,10,10,forecast,forecast,5,116,137,0.233,ok,0,2.422,9,9,1,7.078,18,PASS,,,1,1
1836,2,ties,10,10,10,forecast,forecast,none,19,30,0.038,ok,0,3.211,8,9,3,8.421,15,PASS,,,1,1
1837,2,unsorted,3,2,1,round-robin,request,,143,285,0.005,ok,0,1.35,6,2,1,2.615,8,PASS,,,1,1
1838,2,unsorted,3,2,1,round-robin,direction,,203,409,0.007,ok,0,1.281,5,2,1,2.611,7,PASS,,,1,1
1839,2,unsorted,3,2,1,round-robin,forecast,80,69,145,0.004,ok,0,1.681,7,2,1,3.087,9,PASS,,,1,1
1840,2,unsorted,3,2,1,round-robin,forecast,0,140,281,0.012,ok,0,1.807,10,2,1,3.186,11,PASS,,,1,1
1841,2,unsorted,3,2,1,round-robin,forecast,5,101,204,0.008,ok,0,1.307,5,2,1,2.733,7,PASS,,,1,1
1842,2,unsorted,3,2,1,round-robin,forecast,none,8,14,0.001,ok,0,0.5,1,2,1,2,3,PASS,,,1,1
1843,2,unsorted,3,2,1,nearest,request,,242,482,0.005,ok,0,1.335,8,2,1,2.661,10,PASS,,,1,1
1844,2,unsorted,3,2,1,nearest,direction,,199,403,0.005,ok,0,1.161,9,2,1,2.477,10,PASS,,,1,1
1845,2,unsorted,3,2,1,nearest,forecast,80,82,168,0.004,ok,0,1.305,7,2,1,2.671,9,PASS,,,1,1
1846,2,unsorted,3,2,1,nearest,forecast,0,105,214,0.006,ok,0,1.152,6,2,1,2.61,8,PASS,,,1,1
1847,2,unsorted,3,2,1,nearest,forecast,5,127,253,0.012,ok,0,1.457,9,2,1,2.787,11,PASS,,,1,1
1848,2,unsorted,3,2,1,nearest,forecast,none,119,240,0.007,ok,0,1.143,10,2,1,2.42,12,PASS,,,1,1
1849,2,unsorted,3,2,1,forecast,request,,83,170,0.006,ok,0,1.193,5,2,1,2.59,6,PASS,,,1,1
1850,2,unsorted,3,2,1,forecast,direction,,120,244,0.01,ok,0,0.633,4,2,1,1.9,5,PASS,,,1,1
1851,2,unsorted,3,2,1,forecast,forecast,80,42,85,0.022,ok,0,0.81,3,2,1,2.048,5,PASS,,,1,1
1852,2,unsorted,3,2,1,forecast,forecast,0,112,224,0.019,ok,0,1,4,2,1,2.33,5,PASS,,,1,1
1853,2,unsorted,3,2,1,forecast,forecast,5,57,115,0.023,ok,0,0.789,4,2,1,2.053,6,PASS,,,1,1
1854,2,unsorted,3,2,1,forecast,forecast,none,111,218,0.029,ok,0,0.748,3,2,1,2.09,5,PASS,,,1,1
1855,2,unsorted,10,2,1000,round-robin,request,,263,786,0.074,ok,0,116.909,258,9,1,120.433,264,PASS,,,1,1
1856,2,unsorted,10,2,1000,round-robin,direction,,272,556,0.011,ok,0,6.798,17,9,1,10.393,24,PASS,,,1,1
1857,2,unsorted,10,2,1000,round-robin,forecast,80,23,55,0.003,ok,0,5.522,11,8,1,9.087,17,PASS,,,1,1
1858,2,unsorted,10,2,1000,round-robin,forecast,0,83,176,0.015,ok,0,9,28,9,2,12.627,32,PASS,,,1,1
1859,2,unsorted,10,2,1000,round-robin,forecast,5,128,271,0.017,ok,0,7.539,18,9,1,11.562,23,PASS,,,1,1
1860,2,unsorted,10,2,1000,round-robin,forecast,none,48,103,0.02,ok,1,5.896,15,9,2,9.042,19,PASS,,,1,1
1861,2,unsorted,10,2,1000,nearest,request,,105,328,0.012,ok,1,40.524,115,9,3,44.076,118,PASS,,,1,1
1862,2,unsorted,10,2,1000,nearest,direction,,277,574,0.011,ok,0,5.491,16,9,1,9.321,24,PASS,,,1,1
1863,2,unsorted,10,2,1000,nearest,forecast,80,24,59,0.004,ok,0,4.75,13,9,1,8.708,18,PASS,,,1,1
1864,2,unsorted,10,2,1000,nearest,forecast,0,121,253,0.043,ok,0,6.653,25,9,1,10.504,32,PASS,,,1,1
1865,2,unsorted,10,2,1000,nearest,forecast,5,150,311,0.015,ok,0,4.273,19,9,1,7.787,25,PASS,,,1,1
1866,2,unsorted,10,2,1000,nearest,forecast,none,130,269,0.021,ok,0,4.477,16,9,1,8.354,22,PASS,,,1,1
1867,2,unsorted,10,2,1000,forecast,request,,16,41,0.003,ok,0,2.688,7,9,4,6.938,13,PASS,,,1,1
1868,2,unsorted,10,2,1000,forecast,direction,,87,181,0.011,ok,0,3.402,15,9,1,6.724,17,PASS,,,1,1
1869,2,unsorted,10,2,1000,forecast,forecast,80,6,23,0.003,ok,0,5.333,10,6,3,9.667,15,PASS,,,1,1
1870,2,unsorted,10,2,1000,forecast,forecast,0,1,8,0.0,ok,5,5,5,3,8,8,8,PASS,,,1,1
1871,2,unsorted,10,2,1000,forecast,forecast,5,127,260,0.058,ok,0,4.22,14,9,1,7.677,21,PASS,,,1,1
1872,2,unsorted,10,2,1000,forecast,forecast,none,89,181,0.035,ok,0,3.506,10,9,2,7.506,16,PASS,,,1,1
1873,2,mixed_random,10,1,1000,round-robin,request,,212,1989,0.178,ok,0,356.42,789,9,2,360.047,792,PASS,,,1,1
1874,2,mixed_random,10,1,1000,round-robin,direction,,228,1943,0.097,ok,0,7.43,17,9,1,11.237,23,PASS,,,1,1
1875,2,mixed_random,10,1,1000,round-robin,forecast,80,127,1980,0.686,ok,0,6.071,17,9,2,9.441,23,PASS,,,1,1
1876,2,mixed_random,10,1,1000,round-robin,forecast,0,66,1909,0.215,ok,0,10.03,28,7,1,13.409,34,PASS,,,1,1
1877,2,mixed_random,10,1,1000,round-robin,forecast,5,41,1909,0.064,ok,1,9.561,20,8,3,13.61,26,PASS,,,1,1
1878,2,mixed_random,10,1,1000,round-robin,forecast,none,120,1976,0.73,ok,0,5.983,17,9,1,9.5,22,PASS,,,1,1
1879,2,mixed_random,10,1,1000,nearest,request,,88,1989,0.045,ok,0,108.886,281,9,1,112.625,284,PASS,,,1,1
1880,2,mixed_random,10,1,1000,nearest,direction,,91,1894,0.018,ok,0,6.934,17,9,1,10.396,24,PASS,,,1,1
1881,2,mixed_random,10,1,1000,nearest,forecast,80,141,1911,1.445,ok,0,9.362,25,9,2,13.227,31,PASS,,,1,1
1882,2,mixed_random,10,1,1000,nearest,forecast,0,136,1833,0.567,ok,0,6.941,24,9,1,10.559,32,PASS,,,1,1
1883,2,mixed_random,10,1,1000,nearest,forecast,5,113,1949,0.395,ok,0,7.044,17,8,1,10.628,24,PASS,,,1,1
1884,2,mixed_random,10,1,1000,nearest,forecast,none,31,1628,0.065,ok,0,6.613,17,8,2,10.194,25,PASS,,,1,1
1885,2,mixed_random,10,1,1000,forecast,request,,130,1982,0.164,ok,0,177.338,424,9,2,181.046,428,PASS,,,1,1
1886,2,mixed_random,10,1,1000,forecast,direction,,67,1653,0.038,ok,0,6.94,17,9,2,11.343,23,PASS,,,1,1
1887,2,mixed_random,10,1,1000,forecast,forecast,80,18,1641,0.01,ok,1,5.167,16,8,3,8.667,18,PASS,,,1,1
1888,2,mixed_random,10,1,1000,forecast,forecast,0,29,1995,0.118,ok,2,11.862,39,8,3,15.241,40,PASS,,,1,1
1889,2,mixed_random,10,1,1000,forecast,forecast,5,92,1948,0.871,ok,0,7.826,20,8,1,11.489,27,PASS,,,1,1
1890,2,mixed_random,10,1,1000,forecast,forecast,none,38,1862,0.1,ok,0,6.421,20,9,2,11.026,24,PASS,,,1,1
1891,2,mixed_random,10,2,1000,round-robin,request,,254,1986,0.118,ok,0,223.516,503,9,1,227.063,506,PASS,,,1,1
1892,2,mixed_random,10,2,1000,round-robin,direction,,155,1867,0.046,ok,0,7.181,17,9,1,10.839,24,PASS,,,1,1
1893,2,mixed_random,10,2,1000,round-robin,forecast,80,104,1788,0.132,ok,0,8.702,28,9,2,12.394,37,PASS,,,1,1
1894,2,mixed_random,10,2,1000,round-robin,forecast,0,6,800,0.002,ok,0,2.167,7,3,1,3.833,8,PASS,,,1,1
1895,2,mixed_random,10,2,1000,round-robin,forecast,5,39,1986,0.043,ok,0,7.59,24,8,1,11.179,27,PASS,,,1,1
1896,2,mixed_random,10,2,1000,round-robin,forecast,none,75,1897,0.044,ok,0,7.533,22,9,2,10.933,27,PASS,,,1,1
1897,2,mixed_random,10,2,1000,nearest,request,,142,1996,0.037,ok,0,111.394,280,9,1,115.437,285,PASS,,,1,1
1898,2,mixed_random,10,2,1000,nearest,direction,,256,1993,0.054,ok,0,6.816,17,9,1,10.344,25,PASS,,,1,1
1899,2,mixed_random,10,2,1000,nearest,forecast,80,72,1943,0.05,ok,0,6.556,17,9,1,10.264,21,PASS,,,1,1
1900,2,mixed_random,10,2,1000,nearest,forecast,0,147,1994,0.276,ok,0,7.626,30,9,1,11.429,32,PASS,,,1,1
1901,2,mixed_random,10,2,1000,nearest,forecast,5,101,1917,0.098,ok,0,6.109,31,9,1,9.703,40,PASS,,,1,1
1902,2,mixed_random,10,2,1000,nearest,forecast,none,102,1962,0.156,ok,0,5.559,17,8,1,8.971,22,PASS,,,1,1
1903,2,mixed_random,10,2,1000,forecast,request,,132,1911,0.16,ok,0,85.038,177,9,1,89.091,181,PASS,,,1,1
1904,2,mixed_random,10,2,1000,forecast,direction,,47,1721,0.021,ok,0,4.723,11,9,1,8.234,16,PASS,,,1,1
1905,2,mixed_random,10,2,1000,forecast,forecast,80,51,1956,0.194,ok,0,5.647,20,8,1,9.431,27,PASS,,,1,1
1906,2,mixed_random,10,2,1000,forecast,forecast,0,133,1962,0.758,ok,0,4.301,11,8,1,8.135,18,PASS,,,1,1
1907,2,mixed_random,10,2,1000,forecast,forecast,5,65,1990,0.13,ok,0,5.046,17,9,1,9.077,26,PASS,,,1,1
1908,2,mixed_random,10,2,1000,forecast,forecast,none,64,1612,0.175,ok,0,5.453,14,8,1,9.078,19,PASS,,,1,1
1909,2,at_current_floor,3,2,2,round-robin,request,,31,34,0.019,ok,0,0.806,3,2,1,2.129,4,PASS,,,1,1
1910,2,at_current_floor,3,2,2,round-robin,direction,,161,160,0.011,ok,0,1.323,5,2,1,2.621,6,PASS,,,1,1
1911,2,at_current_floor,3,2,2,round-robin,forecast,80,107,109,0.009,ok,0,1.234,7,2,1,2.561,9,PASS,,,1,1
1912,2,at_current_floor,3,2,2,round-robin,forecast,0,95,95,0.007,ok,0,1.242,4,2,1,2.547,6,PASS,,,1,1
1913,2,at_current_floor,3,2,2,round-robin,forecast,5,88,88,0.006,ok,0,1.318,4,2,1,2.659,6,PASS,,,1,1
1914,2,at_current_floor,3,2,2,round-robin,forecast,none,7,11,0.001,ok,0,0.857,3,1,1,1.857,4,PASS,,,1,1
1915,2,at_current_floor,3,2,2,nearest,request,,43,43,0.006,ok,0,1.093,6,2,1,2.419,7,PASS,,,1,1
1916,2,at_current_floor,3,2,2,nearest,direction,,188,190,0.004,ok,0,0.952,6,2,1,2.314,8,PASS,,,1,1
1917,2,at_current_floor,3,2,2,nearest,forecast,80,70,72,0.005,ok,0,0.871,4,2,1,2.171,6,PASS,,,1,1
1918,2,at_current_floor,3,2,2,nearest,forecast,0,130,130,0.012,ok,0,0.715,5,2,1,2.023,6,PASS,,,1,1
1919,2,at_current_floor,3,2,2,nearest,forecast,5,21,21,0.005,ok,0,1.095,4,2,1,2.476,6,PASS,,,1,1
1920,2,at_current_floor,3,2,2,nearest,forecast,none,106,111,0.007,ok,0,0.877,5,2,1,2.274,7,PASS,,,1,1
1921,2,at_current_floor,3,2,2,forecast,request,,137,140,0.01,ok,0,1.022,7,2,1,2.321,8,PASS,,,1,1
1922,2,at_current_floor,3,2,2,forecast,direction,,15,17,0.002,ok,0,0.733,2,2,1,2.2,4,PASS,,,1,1
1923,2,at_current_floor,3,2,2,forecast,forecast,80,59,60,0.194,ok,0,0.864,3,2,1,2.153,5,PASS,,,1,1
1924,2,at_current_floor,3,2,2,forecast,forecast,0,22,22,0.009,ok,0,0.727,3,2,1,2.136,5,PASS,,,1,1
1925,2,at_current_floor,3,2,2,forecast,forecast,5,146,145,0.036,ok,0,0.774,3,2,1,2.096,5,PASS,,,1,1
1926,2,at_current_floor,3,2,2,forecast,forecast,none,17,20,0.022,ok,0,1.118,3,2,1,2.647,5,PASS,,,1,1
1927,2,at_current_floor,10,2,1000,round-robin,request,,95,297,0.024,ok,0,93.211,187,9,1,97,195,PASS,,,1,1
1928,2,at_current_floor,10,2,1000,round-robin,direction,,38,52,0.003,ok,0,6.158,12,9,1,9.605,19,PASS,,,1,1
1929,2,at_current_floor,10,2,1000,round-robin,forecast,80,93,109,0.047,ok,0,8.237,26,8,1,11.946,30,PASS,,,1,1
1930,2,at_current_floor,10,2,1000,round-robin,forecast,0,92,109,0.045,ok,0,8.261,28,9,1,11.5,37,PASS,,,1,1
1931,2,at_current_floor,10,2,1000,round-robin,forecast,5,138,154,0.038,ok,0,6.971,19,9,1,10.391,28,PASS,,,1,1
1932,2,at_current_floor,10,2,1000,round-robin,forecast,none,27,49,0.011,ok,0,9.63,23,9,4,13.444,29,PASS,,,1,1
1933,2,at_current_floor,10,2,1000,nearest,request,,256,643,0.125,ok,0,188.746,378,9,2,192.18,383,PASS,,,1,1
1934,2,at_current_floor,10,2,1000,nearest,direction,,136,147,0.012,ok,0,5.449,17,9,1,8.89,21,PASS,,,1,1
1935,2,at_current_floor,10,2,1000,nearest,forecast,80,150,167,0.048,ok,0,5.6,21,9,1,9.307,24,PASS,,,1,1
1936,2,at_current_floor,10,2,1000,nearest,forecast,0,30,60,0.008,ok,0,5.867,17,8,2,9.267,22,PASS,,,1,1
1937,2,at_current_floor,10,2,1000,nearest,forecast,5,145,167,0.035,ok,0,5.303,17,9,1,8.621,22,PASS,,,1,1
1938,2,at_current_floor,10,2,1000,nearest,forecast,none,141,156,0.035,ok,0,5.177,20,9,1,8.66,24,PASS,,,1,1
1939,2,at_current_floor,10,2,1000,forecast,request,,3,16,0.001,ok,0,2,5,7,3,7,12,PASS,,,1,1
1940,2,at_current_floor,10,2,1000,forecast,direction,,56,65,0.086,ok,0,3.25,17,8,1,6.643,20,PASS,,,1,1
1941,2,at_current_floor,10,2,1000,forecast,forecast,80,50,70,0.191,ok,0,3.88,15,8,1,7.48,19,PASS,,,1,1
1942,2,at_current_floor,10,2,1000,forecast,forecast,0,91,107,0.064,ok,0,3.593,11,9,1,7.264,17,PASS,,,1,1
1943,2,at_current_floor,10,2,1000,forecast,forecast,5,45,51,0.097,ok,0,4.289,13,9,1,8.378,21,PASS,,,1,1
1944,2,at_current_floor,10,2,1000,forecast,forecast,none,47,58,0.063,ok,0,4.128,23,9,1,7.723,26,PASS,,,1,1
1945,3,up_peak,100,2,1,round-robin,request,,238,11348,0.169,ok,0,5409.223,10773,99,53,5455.739,10872,PASS,,,1,1
1946,3,up_peak,100,2,1,round-robin,direction,,229,11580,0.527,ok,0,5053.703,11098,99,5,5104.371,11123,PASS,,,1,1
1947,3,up_peak,100,2,1,round-robin,forecast,80,139,6493,1.496,ok,0,2838.439,6146,99,22,2885.82,6217,PASS,,,1,1
1948,3,up_peak,100,2,1,round-robin,forecast,0,117,5380,1.304,ok,0,2246.316,5140,99,14,2291.94,5146,PASS,,,1,1
1949,3,up_peak,100,2,1,round-robin,forecast,5,104,5230,1.033,ok,0,2359.394,4982,98,30,2409.096,5025,PASS,,,1,1
1950,3,up_peak,100,2,1,round-robin,forecast,none,7,433,0.003,ok,0,119.429,334,98,11,172,424,PASS,,,1,1
1951,3,up_peak,100,2,1,nearest,request,,172,8676,0.66,ok,0,3677.413,8349,99,49,3723.43,8402,PASS,,,1,1
1952,3,up_peak,100,2,1,nearest,direction,,34,3096,0.039,ok,0,1530.118,3008,98,93,1581.029,3033,PASS,,,1,1
1953,3,up_peak,100,2,1,nearest,forecast,80,122,8004,1.852,ok,0,2963.877,7684,99,9,3012.852,7760,PASS,,,1,1
1954,3,up_peak,100,2,1,nearest,forecast,0,129,6283,1.848,ok,0,2875.798,5984,99,65,2924.837,6029,PASS,,,1,1
1955,3,up_peak,100,2,1,nearest,forecast,5,116,5216,1.353,ok,0,2272.353,5003,99,5,2318.534,5052,PASS,,,1,1
1956,3,up_peak,100,2,1,nearest,forecast,none,129,11807,5.192,ok,0,3510.791,11607,99,1,3559.829,11706,PASS,,,1,1
1957,3,up_peak,100,2,1,forecast,request,,23,978,0.033,ok,0,398.217,876,93,19,441.913,938,PASS,,,1,1
1958,3,up_peak,100,2,1,forecast,direction,,76,3345,0.142,ok,0,1396.158,3141,99,12,1441.513,3194,PASS,,,1,1
1959,3,up_peak,100,2,1,forecast,forecast,80,87,4458,1.779,ok,0,1937.299,4194,99,15,1991.368,4286,PASS,,,1,1
1960,3,up_peak,100,2,1,forecast,forecast,0,149,6805,5.599,ok,0,3111.993,6416,98,7,3160.738,6507,PASS,,,1,1
1961,3,up_peak,100,2,1,forecast,forecast,5,130,6047,5.555,ok,0,2803.062,5766,99,35,2850.869,5789,PASS,,,1,1
1962,3,up_peak,100,2,1,forecast,forecast,none,9,459,0.009,ok,0,153.667,361,99,56,216.111,456,PASS,,,1,1
1963,3,up_peak,100,4,2,round-robin,request,,117,1895,0.053,ok,0,734.949,1602,99,20,779.641,1670,PASS,,,1,1
1964,3,up_peak,100,4,2,round-robin,direction,,276,4653,0.233,ok,0,1834.007,4067,99,13,1882.572,4112,PASS,,,1,1
1965,3,up_peak,100,4,2,round-robin,forecast,80,140,2085,0.347,ok,0,756.071,1729,99,14,804.786,1811,PASS,,,1,1
1966,3,up_peak,100,4,2,round-robin,forecast,0,16,379,0.004,ok,0,93.562,255,98,9,138.062,353,PASS,,,1,1
1967,3,up_peak,100,4,2,round-robin,forecast,5,82,1482,0.135,ok,0,563.707,1273,98,4,611.268,1327,PASS,,,1,1
1968,3,up_peak,100,4,2,round-robin,forecast,none,59,862,0.574,ok,0,273.966,687,96,42,320.661,770,PASS,,,1,1
1969,3,up_peak,100,4,2,nearest,request,,287,5197,0.095,ok,0,1963.01,4686,99,16,2009.965,4696,PASS,,,1,1
1970,3,up_peak,100,4,2,nearest,direction,,283,6355,0.285,ok,0,1991.131,5762,99,3,2039.83,5829,PASS,,,1,1
1971,3,up_peak,100,4,2,nearest,forecast,80,1,85,0.001,ok,0,0,0,83,83,83,83,PASS,,,1,1
1972,3,up_peak,100,4,2,nearest,forecast,0,36,1796,0.133,ok,0,596.889,1724,90,16,649.194,1726,PASS,,,1,1
1973,3,up_peak,100,4,2,nearest,forecast,5,101,2486,0.354,ok,0,746.802,2234,99,18,793.257,2285,PASS,,,1,1
1974,3,up_peak,100,4,2,nearest,forecast,none,88,1560,0.236,ok,0,481.932,1379,98,6,524.341,1466,PASS,,,1,1
1975,3,up_peak,100,4,2,forecast,request,,9,154,0.004,ok,0,22.222,86,95,22,63.111,138,PASS,,,1,1
1976,3,up_peak,100,4,2,forecast,direction,,139,2022,0.279,ok,0,812.072,1712,99,6,856.59,1752,PASS,,,1,1
1977,3,up_peak,100,4,2,forecast,forecast,80,62,807,0.276,ok,0,283.21,638,92,3,325.29,683,PASS,,,1,1
1978,3,up_peak,100,4,2,forecast,forecast,0,99,1574,1.013,ok,0,593.192,1299,97,1,641.657,1380,PASS,,,1,1
1979,3,up_peak,100,4,2,forecast,forecast,5,16,243,0.017,ok,0,61.125,121,98,9,105.625,217,PASS,,,1,1
1980,3,up_peak,100,4,2,forecast,forecast,none,69,887,0.451,ok,0,249.855,670,99,26,295.681,760,PASS,,,1,1
1981,3,down_peak,100,2,1,round-robin,request,,194,9785,0.104,ok,2,4740.211,9324,99,4,4789.108,9399,PASS,,,1,1
1982,3,down_peak,100,2,1,round-robin,direction,,219,10581,5.558,ok,6,6428.493,10565,99,26,6477.105,10567,PASS,,,1,1
1983,3,down_peak,100,2,1,round-robin,forecast,80,51,2814,0.23,ok,4,1061.059,2681,98,7,1109.549,2714,PASS,,,1,1
1984,3,down_peak,100,2,1,round-robin,forecast,0,51,2804,0.246,ok,21,1187.02,2671,98,42,1235.51,2704,PASS,,,1,1
1985,3,down_peak,100,2,1,round-robin,forecast,5,66,3315,0.294,ok,16,1312.818,3181,97,32,1356.545,3189,PASS,,,1,1
1986,3,down_peak,100,2,1,round-robin,forecast,none,117,6310,1.116,ok,1,1859.385,6146,98,2,1909.35,6244,PASS,,,1,1
1987,3,down_peak,100,2,1,nearest,request,,102,5866,0.067,ok,29,2518.667,5572,99,58,2564.078,5662,PASS,,,1,1
1988,3,down_peak,100,2,1,nearest,direction,,69,4642,0.218,ok,3,1953,4522,99,40,2002.377,4551,PASS,,,1,1
1989,3,down_peak,100,2,1,nearest,forecast,80,35,1686,0.097,ok,8,603.2,1573,91,16,645.714,1616,PASS,,,1,1
1990,3,down_peak,100,2,1,nearest,forecast,0,150,8859,3.28,ok,55,3377.82,8484,99,96,3423.893,8581,PASS,,,1,1
1991,3,down_peak,100,2,1,nearest,forecast,5,65,4316,0.546,ok,8,1614.092,4144,98,10,1666.708,4187,PASS,,,1,1
1992,3,down_peak,100,2,1,nearest,forecast,none,47,2990,0.202,ok,14,890.766,2811,99,20,945.574,2906,PASS,,,1,1
1993,3,down_peak,100,2,1,forecast,request,,7,381,0.003,ok,3,131.429,329,93,6,181.286,372,PASS,,,1,1
1994,3,down_peak,100,2,1,forecast,direction,,98,5867,1.553,ok,2,2490.592,5826,99,4,2542.153,5831,PASS,,,1,1
1995,3,down_peak,100,2,1,forecast,forecast,80,52,2217,0.56,ok,14,862.654,2057,95,28,907.288,2119,PASS,,,1,1
1996,3,down_peak,100,2,1,forecast,forecast,0,88,4577,2.197,ok,85,2163.886,4319,99,164,2215.148,4406,PASS,,,1,1
1997,3,down_peak,100,2,1,forecast,forecast,5,115,5519,4.137,ok,5,2466.861,5237,93,10,2515.583,5289,PASS,,,1,1
1998,3,down_peak,100,2,1,forecast,forecast,none,94,4116,1.856,ok,1,1178.223,3964,99,9,1222.862,4062,PASS,,,1,1
1999,3,down_peak,100,2,10,round-robin,request,,77,2416,0.036,ok,7,1046.299,2199,97,14,1085.597,2263,PASS,,,1,1
2000,3,down_peak,100,2,10,round-robin,direction,,282,1571,0.889,ok,3,630.716,1514,99,6,680.532,1535,PASS,,,1,1
2001,3,down_peak,100,2,10,round-robin,forecast,80,131,945,1.011,ok,3,264.672,655,99,4,309.565,702,PASS,,,1,1
2002,3,down_peak,100,2,10,round-robin,forecast,0,112,982,0.803,ok,0,304.804,760,97,15,355.714,807,PASS,,,1,1
2003,3,down_peak,100,2,10,round-robin,forecast,5,100,920,0.64,ok,0,277.32,645,99,19,324.34,744,PASS,,,1,1
2004,3,down_peak,100,2,10,round-robin,forecast,none,25,362,0.017,ok,0,109.2,245,99,3,159.32,322,PASS,,,1,1
2005,3,down_peak,100,2,10,nearest,request,,102,4490,0.051,ok,43,1743.696,4226,99,86,1790.775,4286,PASS,,,1,1
2006,3,down_peak,100,2,10,nearest,direction,,31,339,0.007,ok,8,108.581,263,94,33,161.065,338,PASS,,,1,1
2007,3,down_peak,100,2,10,nearest,forecast,80,111,1046,0.883,ok,1,305.405,793,99,16,360.838,888,PASS,,,1,1
2008,3,down_peak,100,2,10,nearest,forecast,0,47,534,0.14,ok,4,114.511,386,98,11,156.404,448,PASS,,,1,1
2009,3,down_peak,100,2,10,nearest,forecast,5,129,1251,1.789,ok,2,331.264,998,99,6,381.302,1094,PASS,,,1,1
2010,3,down_peak,100,2,10,nearest,forecast,none,70,617,0.372,ok,0,183.543,508,94,4,231.271,518,PASS,,,1,1
2011,3,down_peak,100,2,10,forecast,request,,131,3043,0.199,ok,36,1364.611,2684,99,72,1409.504,2781,PASS,,,1,1
2012,3,down_peak,100,2,10,forecast,direction,,62,407,0.089,ok,1,165.742,377,98,30,210.677,395,PASS,,,1,1
2013,3,down_peak,100,2,10,forecast,forecast,80,17,285,0.04,ok,2,64.471,181,93,4,104.176,274,PASS,,,1,1
2014,3,down_peak,100,2,10,forecast,forecast,0,116,1075,2.358,ok,1,278.233,794,99,7,331.638,858,PASS,,,1,1
2015,3,down_peak,100,2,10,forecast,forecast,5,111,920,2.642,ok,11,300.955,684,99,16,356.387,782,PASS,,,1,1
2016,3,down_peak,100,2,10,forecast,forecast,none,109,752,1.904,ok,6,196.312,500,98,16,243.037,558,PASS,,,1,1
2017,3,lunch,10,10,2,round-robin,request,,283,576,0.012,ok,0,3.597,12,9,1,8.318,18,PASS,,,1,1
2018,3,lunch,10,10,2,round-robin,direction,,2,5,0.0,ok,0,0,0,4,3,3.5,4,PASS,,,1,1
2019,3,lunch,10,10,2,round-robin,forecast,80,132,274,0.036,ok,0,3.22,9,9,2,7.917,18,PASS,,,1,1
2020,3,lunch,10,10,2,round-robin,forecast,0,119,244,0.008,ok,0,3.731,14,9,1,8.798,21,PASS,,,1,1
2021,3,lunch,10,10,2,round-robin,forecast,5,4,13,0.001,ok,0,3.5,7,5,3,6.5,10,PASS,,,1,1
2022,3,lunch,10,10,2,round-robin,forecast,none,13,39,0.001,ok,0,2.462,8,9,2,7.154,16,PASS,,,1,1
2023,3,lunch,10,10,2,nearest,request,,175,357,0.008,ok,0,1.326,17,9,1,5.863,26,PASS,,,1,1
2024,3,lunch,10,10,2,nearest,direction,,81,165,0.004,ok,0,0.642,8,9,1,4.728,16,PASS,,,1,1
2025,3,lunch,10,10,2,nearest,forecast,80,61,126,0.004,ok,0,1.721,16,9,1,6.967,25,PASS,,,1,1
2026,3,lunch,10,10,2,nearest,forecast,0,99,202,0.006,ok,0,1.081,13,9,1,6.263,22,PASS,,,1,1
2027,3,lunch,10,10,2,nearest,forecast,5,130,267,0.007,ok,0,0.723,10,9,1,5.254,18,PASS,,,1,1
2028,3,lunch,10,10,2,nearest,forecast,none,104,212,0.006,ok,0,0.74,9,9,1,4.779,12,PASS,,,1,1
2029,3,lunch,10,10,2,forecast,request,,123,258,0.043,ok,0,0.829,7,9,1,5.561,15,PASS,,,1,1
2030,3,lunch,10,10,2,forecast,direction,,138,279,0.051,ok,0,0.964,8,9,1,5.659,17,PASS,,,1,1
2031,3,lunch,10,10,2,forecast,forecast,80,2,5,0.002,ok,0,0,0,4,3,3.5,4,PASS,,,1,1
2032,3,lunch,10,10,2,forecast,forecast,0,54,111,0.083,ok,0,1.667,8,9,1,5.907,16,PASS,,,1,1
2033,3,lunch,10,10,2,forecast,forecast,5,115,231,0.09,ok,0,0.739,8,9,1,4.974,14,PASS,,,1,1
2034,3,lunch,10,10,2,forecast,forecast,none,147,300,0.07,ok,0,0.721,6,9,1,5.626,13,PASS,,,1,1
2035,3,lunch,100,2,1,round-robin,request,,182,7401,0.108,ok,0,3569.407,7032,99,18,3615.22,7038,PASS,,,1,1
2036,3,lunch,100,2,1,round-robin,direction,,211,6025,1.24,ok,0,2846.929,5838,98,16,2891.043,5863,PASS,,,1,1
2037,3,lunch,100,2,1,round-robin,forecast,80,112,3286,1.026,ok,0,1249.768,3014,98,17,1292.866,3066,PASS,,,1,1
2038,3,lunch,100,2,1,round-robin,forecast,0,107,3482,1.106,ok,0,1420.701,3215,99,51,1471.028,3269,PASS,,,1,1
2039,3,lunch,100,2,1,round-robin,forecast,5,48,1695,0.184,ok,0,641.875,1515,97,21,688.729,1599,PASS,,,1,1
2040,3,lunch,100,2,1,round-robin,forecast,none,78,2586,0.389,ok,0,713.526,2407,95,10,760.103,2502,PASS,,,1,1
2041,3,lunch,100,2,1,nearest,request,,36,2463,0.012,ok,0,1046.611,2338,99,43,1095.889,2392,PASS,,,1,1
2042,3,lunch,100,2,1,nearest,direction,,297,11219,5.418,ok,0,4503.603,10886,99,46,4548.003,10887,PASS,,,1,1
2043,3,lunch,100,2,1,nearest,forecast,80,85,3354,0.576,ok,0,1108.918,3138,99,1,1154.976,3184,PASS,,,1,1
2044,3,lunch,100,2,1,nearest,forecast,0,137,5854,2.176,ok,0,1966.336,5568,97,34,2007.912,5583,PASS,,,1,1
2045,3,lunch,100,2,1,nearest,forecast,5,81,3610,0.547,ok,0,1136.012,3385,98,3,1183.037,3450,PASS,,,1,1
2046,3,lunch,100,2,1,nearest,forecast,none,15,869,0.031,ok,20,288.667,756,96,45,337.533,845,PASS,,,1,1
2047,3,lunch,100,2,1,forecast,request,,9,391,0.003,ok,0,178.667,321,94,65,230.778,378,PASS,,,1,1
2048,3,lunch,100,2,1,forecast,direction,,94,3068,0.441,ok,0,1389.511,2916,99,4,1441.649,2963,PASS,,,1,1
2049,3,lunch,100,2,1,forecast,forecast,80,2,67,0.001,ok,0,16.5,33,33,12,39,66,PASS,,,1,1
2050,3,lunch,100,2,1,forecast,forecast,0,126,3288,5.058,ok,0,1293.254,2985,97,19,1336.349,3048,PASS,,,1,1
2051,3,lunch,100,2,1,forecast,forecast,5,14,543,0.03,ok,0,175.786,427,89,25,230,516,PASS,,,1,1
2052,3,lunch,100,2,1,forecast,forecast,none,28,736,0.135,ok,0,240.143,599,98,11,286.214,695,PASS,,,1,1
2053,3,interfloor,3,2,1000,round-robin,request,,299,600,0.006,ok,0,1.087,4,2,1,2.371,6,PASS,,,1,1
2054,3,interfloor,3,2,1000,round-robin,direction,,36,73,0.001,ok,0,0.889,3,2,1,2.222,5,PASS,,,1,1
2055,3,interfloor,3,2,1000,round-robin,forecast,80,77,158,0.004,ok,0,1,3,2,1,2.325,5,PASS,,,1,1
2056,3,interfloor,3,2,1000,round-robin,forecast,0,130,261,0.006,ok,0,1.031,3,2,1,2.315,4,PASS,,,1,1
2057,3,interfloor,3,2,1000,round-robin,forecast,5,26,52,0.003,ok,0,1,3,2,1,2.154,4,PASS,,,1,1
2058,3,interfloor,3,2,1000,round-robin,forecast,none,121,245,0.012,ok,0,1.116,3,2,1,2.471,5,PASS,,,1,1
2059,3,interfloor,3,2,1000,nearest,request,,170,340,0.003,ok,0,0.859,5,2,1,2.206,7,PASS,,,1,1
2060,3,interfloor,3,2,1000,nearest,direction,,137,267,0.005,ok,0,0.555,3,2,1,1.876,4,PASS,,,1,1
2061,3,interfloor,3,2,1000,nearest,forecast,80,78,157,0.004,ok,0,0.615,3,2,1,2,4,PASS,,,1,1
2062,3,interfloor,3,2,1000,nearest,forecast,0,10,22,0.001,ok,0,0.7,2,2,1,2.2,4,PASS,,,1,1
2063,3,interfloor,3,2,1000,nearest,forecast,5,24,51,0.002,ok,0,1.083,3,2,1,2.5,4,PASS,,,1,1
2064,3,interfloor,3,2,1000,nearest,forecast,none,104,205,0.006,ok,0,0.635,3,2,1,2.01,5,PASS,,,1,1
2065,3,interfloor,3,2,1000,forecast,request,,73,146,0.01,ok,0,0.712,3,2,1,2.041,5,PASS,,,1,1
2066,3,interfloor,3,2,1000,forecast,direction,,85,172,0.007,ok,0,0.588,2,2,1,1.929,4,PASS,,,1,1
2067,3,interfloor,3,2,1000,forecast,forecast,80,38,76,0.011,ok,0,0.474,3,2,1,1.737,5,PASS,,,1,1
2068,3,interfloor,3,2,1000,forecast,forecast,0,100,199,0.018,ok,0,0.59,3,2,1,1.93,4,PASS,,,1,1
2069,3,interfloor,3,2,1000,forecast,forecast,5,55,109,0.055,ok,0,0.6,3,2,1,1.909,4,PASS,,,1,1
2070,3,interfloor,3,2,1000,forecast,forecast,none,101,200,0.016,ok,0,0.644,2,2,1,1.941,4,PASS,,,1,1
2071,3,interfloor,100,2,1,round-robin,request,,160,5223,0.121,ok,10,2561.894,4879,90,69,2595.256,4903,PASS,,,1,1
2072,3,interfloor,100,2,1,round-robin,direction,,44,1311,0.04,ok,13,568.795,1263,81,45,607.659,1281,PASS,,,1,1
2073,3,interfloor,100,2,1,round-robin,forecast,80,133,2882,1.902,ok,3,1087.639,2582,85,15,1119.669,2631,PASS,,,1,1
2074,3,interfloor,100,2,1,round-robin,forecast,0,45,1263,0.171,ok,3,481.089,1121,81,5,515.844,1173,PASS,,,1,1
2075,3,interfloor,100,2,1,round-robin,forecast,5,122,2515,1.28,ok,2,895,2235,95,8,923.672,2285,PASS,,,1,1
2076,3,interfloor,100,2,1,round-robin,forecast,none,26,485,0.051,ok,2,157,394,86,5,184.462,446,PASS,,,1,1
2077,3,interfloor,100,2,1,nearest,request,,197,8565,0.127,ok,3,3368.168,8120,96,35,3401.959,8174,PASS,,,1,1
2078,3,interfloor,100,2,1,nearest,direction,,32,940,0.014,ok,0,365.25,860,93,4,398.062,888,PASS,,,1,1
2079,3,interfloor,100,2,1,nearest,forecast,80,84,2798,0.476,ok,3,901.726,2600,91,12,935.262,2641,PASS,,,1,1
2080,3,interfloor,100,2,1,nearest,forecast,0,66,2422,0.265,ok,9,759,2277,91,21,794.091,2292,PASS,,,1,1
2081,3,interfloor,100,2,1,nearest,forecast,5,59,2143,1.954,ok,8,648.39,1960,89,20,683.339,2027,PASS,,,1,1
2082,3,interfloor,100,2,1,nearest,forecast,none,85,2487,0.575,ok,4,670.859,2384,94,26,707.129,2475,PASS,,,1,1
2083,3,interfloor,100,2,1,forecast,request,,16,458,0.017,ok,52,194.25,376,89,57,222.25,430,PASS,,,1,1
2084,3,interfloor,100,2,1,forecast,direction,,10,338,0.021,ok,5,110.3,285,81,23,152.5,328,PASS,,,1,1
2085,3,interfloor,100,2,1,forecast,forecast,80,63,1352,2.39,ok,3,482.333,1169,85,7,513.81,1229,PASS,,,1,1
2086,3,interfloor,100,2,1,forecast,forecast,0,122,2485,4.157,ok,2,845.451,2161,95,10,874.123,2247,PASS,,,1,1
2087,3,interfloor,100,2,1,forecast,forecast,5,87,2056,1.728,ok,2,772.678,1840,93,3,807.655,1882,PASS,,,1,1
2088,3,interfloor,100,2,1,forecast,forecast,none,58,1187,18.005,ok,3,375.672,1035,84,19,408.121,1091,PASS,,,1,1
2089,3,hot_floor,3,2,10,round-robin,request,,46,92,0.002,ok,0,0.891,3,2,1,2.37,5,PASS,,,1,1
2090,3,hot_floor,3,2,10,round-robin,direction,,128,257,0.005,ok,0,0.922,3,1,1,1.922,4,PASS,,,1,1
2091,3,hot_floor,3,2,10,round-robin,forecast,80,62,127,0.003,ok,0,1.032,3,2,1,2.5,5,PASS,,,1,1
2092,3,hot_floor,3,2,10,round-robin,forecast,0,61,124,0.003,ok,0,0.803,3,1,1,1.803,4,PASS,,,1,1
2093,3,hot_floor,3,2,10,round-robin,forecast,5,20,42,0.002,ok,0,1.2,2,2,1,2.75,4,PASS,,,1,1
2094,3,hot_floor,3,2,10,round-robin,forecast,none,94,189,0.011,ok,0,0.872,3,2,1,2.309,5,PASS,,,1,1
2095,3,hot_floor,3,2,10,nearest,request,,283,567,0.024,ok,0,0.774,5,2,1,2.3,7,PASS,,,1,1
2096,3,hot_floor,3,2,10,nearest,direction,,245,492,0.006,ok,0,0.633,3,2,1,2.114,5,PASS,,,1,1
2097,3,hot_floor,3,2,10,nearest,forecast,80,8,19,0.001,ok,0,0.875,2,2,1,2.75,4,PASS,,,1,1
2098,3,hot_floor,3,2,10,nearest,forecast,0,54,109,0.004,ok,0,0.463,2,2,1,1.963,4,PASS,,,1,1
2099,3,hot_floor,3,2,10,nearest,forecast,5,8,19,0.001,ok,0,0.875,2,2,1,2.75,4,PASS,,,1,1
2100,3,hot_floor,3,2,10,nearest,forecast,none,136,275,0.007,ok,0,0.625,3,2,1,2.132,5,PASS,,,1,1
2101,3,hot_floor,3,2,10,forecast,request,,19,39,0.002,ok,0,0.737,2,1,1,1.737,3,PASS,,,1,1
2102,3,hot_floor,3,2,10,forecast,direction,,109,218,0.009,ok,0,0.523,2,1,1,1.523,3,PASS,,,1,1
2103,3,hot_floor,3,2,10,forecast,forecast,80,81,156,0.022,ok,0,0.58,3,2,1,2.111,5,PASS,,,1,1
2104,3,hot_floor,3,2,10,forecast,forecast,0,16,29,0.005,ok,0,0.812,3,1,1,1.812,4,PASS,,,1,1
2105,3,hot_floor,3,2,10,forecast,forecast,5,20,40,0.006,ok,0,0.4,2,2,1,1.95,4,PASS,,,1,1
2106,3,hot_floor,3,2,10,forecast,forecast,none,35,71,0.013,ok,0,0.457,2,1,1,1.457,3,PASS,,,1,1
2107,3,hot_floor,100,2,1,round-robin,request,,199,5920,0.142,ok,24,2708.432,5510,75,39,2741.678,5523,PASS,,,1,1
2108,3,hot_floor,100,2,1,round-robin,direction,,86,1786,0.144,ok,20,816.663,1723,67,43,846.035,1740,PASS,,,1,1
2109,3,hot_floor,100,2,1,round-robin,forecast,80,59,1985,1.547,ok,1,627.61,1812,97,31,672.915,1869,PASS,,,1,1
2110,3,hot_floor,100,2,1,round-robin,forecast,0,137,3743,1.568,ok,42,1691.847,3447,89,79,1733.372,3473,PASS,,,1,1
2111,3,hot_floor,100,2,1,round-robin,forecast,5,50,1207,0.691,ok,6,405.6,1061,68,7,433.88,1115,PASS,,,1,1
2112,3,hot_floor,100,2,1,round-robin,forecast,none,85,1785,0.333,ok,0,439.059,1613,76,7,470.294,1689,PASS,,,1,1
2113,3,hot_floor,100,2,1,nearest,request,,203,5266,0.113,ok,7,2304.621,4851,62,37,2331.138,4888,PASS,,,1,1
2114,3,hot_floor,100,2,1,nearest,direction,,209,8794,2.364,ok,1,3899.923,8461,97,4,3944.617,8465,PASS,,,1,1
2115,3,hot_floor,100,2,1,nearest,forecast,80,83,3387,1.596,ok,19,1228.157,3172,84,36,1264.759,3231,PASS,,,1,1
2116,3,hot_floor,100,2,1,nearest,forecast,0,47,873,0.171,ok,0,319.021,761,56,11,346.745,793,PASS,,,1,1
2117,3,hot_floor,100,2,1,nearest,forecast,5,34,713,0.092,ok,4,245.794,637,51,5,270.324,654,PASS,,,1,1
2118,3,hot_floor,100,2,1,nearest,forecast,none,112,2384,0.845,ok,2,662.107,2239,77,3,696.152,2316,PASS,,,1,1
2119,3,hot_floor,100,2,1,forecast,request,,141,3442,0.175,ok,59,1573.709,3113,63,82,1601.801,3160,PASS,,,1,1
2120,3,hot_floor,100,2,1,forecast,direction,,11,344,0.005,ok,8,157.818,264,82,41,201.818,323,PASS,,,1,1
2121,3,hot_floor,100,2,1,forecast,forecast,80,47,829,0.447,ok,0,298.936,692,56,16,326.66,744,PASS,,,1,1
2122,3,hot_floor,100,2,1,forecast,forecast,0,12,259,0.032,ok,3,110.167,195,56,49,137.5,237,PASS,,,1,1
2123,3,hot_floor,100,2,1,forecast,forecast,5,104,2545,2.9,ok,9,1087.625,2309,84,10,1126.346,2342,PASS,,,1,1
2124,3,hot_floor,100,2,1,forecast,forecast,none,117,1804,2.676,ok,0,553.376,1590,59,5,580.385,1648,PASS,,,1,1
2125,3,all_at_0,2,2,10,round-robin,request,,182,52,0.06,ok,0,24.022,51,1,1,25.022,52,PASS,,,1,1
2126,3,all_at_0,2,2,10,round-robin,direction,,106,8,0.04,ok,0,2.415,7,1,1,3.415,8,PASS,,,1,1
2127,3,all_at_0,2,2,10,round-robin,forecast,80,24,2,0.016,ok,0,0.5,1,1,1,1.5,2,PASS,,,1,1
2128,3,all_at_0,2,2,10,round-robin,forecast,0,5,2,0.001,ok,0,0.2,1,1,1,1.2,2,PASS,,,1,1
2129,3,all_at_0,2,2,10,round-robin,forecast,5,44,3,0.129,ok,0,0.75,2,1,1,1.75,3,PASS,,,1,1
2130,3,all_at_0,2,2,10,round-robin,forecast,none,14,2,0.004,ok,0,0.214,1,1,1,1.214,2,PASS,,,1,1
2131,3,all_at_0,2,2,10,nearest,request,,69,18,0.024,ok,0,6.884,17,1,1,7.884,18,PASS,,,1,1
2132,3,all_at_0,2,2,10,nearest,direction,,62,4,0.01,ok,0,1.177,3,1,1,2.177,4,PASS,,,1,1
2133,3,all_at_0,2,2,10,nearest,forecast,80,11,2,0.003,ok,0,0.545,1,1,1,1.545,2,PASS,,,1,1
2134,3,all_at_0,2,2,10,nearest,forecast,0,10,2,0.003,ok,0,0.6,1,1,1,1.6,2,PASS,,,1,1
2135,3,all_at_0,2,2,10,nearest,forecast,5,1,2,0.0,ok,1,1,1,1,2,2,2,PASS,,,1,1
2136,3,all_at_0,2,2,10,nearest,forecast,none,54,4,0.236,ok,0,1.037,3,1,1,2.037,4,PASS,,,1,1
2137,3,all_at_0,2,2,10,forecast,request,,38,4,0.046,ok,0,1.079,3,1,1,2.079,4,PASS,,,1,1
2138,3,all_at_0,2,2,10,forecast,direction,,58,4,0.18,ok,0,1.138,3,1,1,2.138,4,PASS,,,1,1
2139,3,all_at_0,2,2,10,forecast,forecast,80,55,4,5.022,ok,0,1.091,3,1,1,2.091,4,PASS,,,1,1
2140,3,all_at_0,2,2,10,forecast,forecast,0,25,2,0.105,ok,0,0.48,1,1,1,1.48,2,PASS,,,1,1
2141,3,all_at_0,2,2,10,forecast,forecast,5,23,2,0.075,ok,0,0.565,1,1,1,1.565,2,PASS,,,1,1
2142,3,all_at_0,2,2,10,forecast,forecast,none,27,2,0.119,ok,0,0.481,1,1,1,1.481,2,PASS,,,1,1
2143,3,all_at_0,100,2,1,round-robin,request,,231,7924,0.157,ok,70,3941.017,7905,97,120,3975.182,7924,PASS,,,1,1
2144,3,all_at_0,100,2,1,round-robin,direction,,96,2414,0.259,ok,2,991.833,2359,86,26,1027.344,2414,PASS,,,1,1
2145,3,all_at_0,100,2,1,round-robin,forecast,80,42,1053,0.14,ok,14,440.095,1016,76,20,475.381,1053,PASS,,,1,1
2146,3,all_at_0,100,2,1,round-robin,forecast,0,34,862,0.096,ok,2,365.529,820,89,6,397.735,862,PASS,,,1,1
2147,3,all_at_0,100,2,1,round-robin,forecast,5,21,715,0.04,ok,1,237,657,70,41,270.857,715,PASS,,,1,1
2148,3,all_at_0,100,2,1,round-robin,forecast,none,39,1035,0.114,ok,2,350.667,970,86,9,388.333,1035,PASS,,,1,1
2149,3,all_at_0,100,2,1,nearest,request,,131,4792,0.083,ok,45,2155.229,4752,94,77,2190.336,4792,PASS,,,1,1
2150,3,all_at_0,100,2,1,nearest,direction,,148,4128,0.906,ok,0,1675.547,4124,88,8,1711.831,4128,PASS,,,1,1
2151,3,all_at_0,100,2,1,nearest,forecast,80,36,1129,0.103,ok,4,431.944,1064,82,40,468.806,1129,PASS,,,1,1
2152,3,all_at_0,100,2,1,nearest,forecast,0,55,1447,1.984,ok,3,618.364,1417,90,44,651.491,1447,PASS,,,1,1
2153,3,all_at_0,100,2,1,nearest,forecast,5,20,725,0.026,ok,4,282.85,723,86,47,323.55,725,PASS,,,1,1
2154,3,all_at_0,100,2,1,nearest,forecast,none,31,990,0.075,ok,0,325.903,911,79,16,358.774,990,PASS,,,1,1
2155,3,all_at_0,100,2,1,forecast,request,,49,1597,0.054,ok,60,835.653,1574,92,82,868.061,1597,PASS,,,1,1
2156,3,all_at_0,100,2,1,forecast,direction,,51,1601,0.216,ok,2,531.333,1569,89,10,570,1601,PASS,,,1,1
2157,3,all_at_0,100,2,1,forecast,forecast,80,55,1202,5.217,ok,16,517.164,1179,90,48,550.291,1202,PASS,,,1,1
2158,3,all_at_0,100,2,1,forecast,forecast,0,28,778,0.179,ok,9,299.143,720,91,39,332.143,778,PASS,,,1,1
2159,3,all_at_0,100,2,1,forecast,forecast,5,20,621,0.095,ok,4,230.95,562,86,47,271.65,621,PASS,,,1,1
2160,3,all_at_0,100,2,1,forecast,forecast,none,45,1017,0.587,ok,2,364.756,958,89,17,400.689,1017,PASS,,,1,1
2161,3,bursts,2,10,10,round-robin,request,,57,232,0.004,ok,0,0.684,2,1,1,1.684,3,PASS,,,1,1
2162,3,bursts,2,10,10,round-robin,direction,,294,1461,0.013,ok,0,0.503,1,1,1,1.503,2,PASS,,,1,1
2163,3,bursts,2,10,10,round-robin,forecast,80,138,579,0.008,ok,0,0.529,1,1,1,1.529,2,PASS,,,1,1
2164,3,bursts,2,10,10,round-robin,forecast,0,4,2,0.0,ok,0,0.75,1,1,1,1.75,2,PASS,,,1,1
2165,3,bursts,2,10,10,round-robin,forecast,5,94,360,0.006,ok,0,0.564,1,1,1,1.564,2,PASS,,,1,1
2166,3,bursts,2,10,10,round-robin,forecast,none,88,398,0.006,ok,0,0.545,1,1,1,1.545,2,PASS,,,1,1
2167,3,bursts,2,10,10,nearest,request,,201,915,0.007,ok,0,0.02,1,1,1,1.02,2,PASS,,,1,1
2168,3,bursts,2,10,10,nearest,direction,,215,976,0.009,ok,0,0,0,1,1,1,1,PASS,,,1,1
2169,3,bursts,2,10,10,nearest,forecast,80,119,551,0.008,ok,0,0.059,1,1,1,1.059,2,PASS,,,1,1
2170,3,bursts,2,10,10,nearest,forecast,0,111,427,0.008,ok,0,0.081,1,1,1,1.081,2,PASS,,,1,1
2171,3,bursts,2,10,10,nearest,forecast,5,18,116,0.002,ok,0,0.167,1,1,1,1.167,2,PASS,,,1,1
2172,3,bursts,2,10,10,nearest,forecast,none,123,583,0.027,ok,0,0.081,1,1,1,1.081,2,PASS,,,1,1
2173,3,bursts,2,10,10,forecast,request,,139,639,0.041,ok,0,0.036,1,1,1,1.036,2,PASS,,,1,1
2174,3,bursts,2,10,10,forecast,direction,,140,906,0.047,ok,0,0.007,1,1,1,1.007,2,PASS,,,1,1
2175,3,bursts,2,10,10,forecast,forecast,80,104,802,0.092,ok,0,0.019,1,1,1,1.019,2,PASS,,,1,1
2176,3,bursts,2,10,10,forecast,forecast,0,127,624,0.112,ok,0,0.039,1,1,1,1.039,2,PASS,,,1,1
2177,3,bursts,2,10,10,forecast,forecast,5,103,501,0.09,ok,0,0.068,1,1,1,1.068,2,PASS,,,1,1
2178,3,bursts,2,10,10,forecast,forecast,none,115,556,0.113,ok,0,0.035,1,1,1,1.035,2,PASS,,,1,1
2179,3,bursts,100,2,1,round-robin,request,,7,374,0.001,ok,27,152.714,303,71,53,199.429,374,PASS,,,1,1
2180,3,bursts,100,2,1,round-robin,direction,,232,6196,0.103,ok,3,473.362,4234,94,22,507.254,4250,PASS,,,1,1
2181,3,bursts,100,2,1,round-robin,forecast,80,71,2632,0.016,ok,2,103.944,294,91,14,136.254,373,PASS,,,1,1
2182,3,bursts,100,2,1,round-robin,forecast,0,18,926,0.016,ok,18,94.278,215,86,28,128.944,285,PASS,,,1,1
2183,3,bursts,100,2,1,round-robin,forecast,5,135,3608,0.394,ok,16,590.541,1231,95,24,625.667,1258,PASS,,,1,1
2184,3,bursts,100,2,1,round-robin,forecast,none,40,1073,0.061,ok,7,197.975,812,90,20,229.725,902,PASS,,,1,1
2185,3,bursts,100,2,1,nearest,request,,206,7443,0.033,ok,16,810.485,2298,94,54,844.282,2350,PASS,,,1,1
2186,3,bursts,100,2,1,nearest,direction,,94,3697,0.039,ok,0,184.362,700,84,12,216.936,738,PASS,,,1,1
2187,3,bursts,100,2,1,nearest,forecast,80,101,2564,0.174,ok,4,429.396,1134,93,25,462.564,1177,PASS,,,1,1
2188,3,bursts,100,2,1,nearest,forecast,0,134,5361,0.165,ok,0,337.866,1376,94,20,374.53,1423,PASS,,,1,1
2189,3,bursts,100,2,1,nearest,forecast,5,49,2154,0.033,ok,8,183,679,90,16,221.98,692,PASS,,,1,1
2190,3,bursts,100,2,1,nearest,forecast,none,123,3673,0.085,ok,0,211.748,1541,95,8,245.033,1614,PASS,,,1,1
2191,3,bursts,100,2,1,forecast,request,,81,2556,0.06,ok,7,481.099,1151,93,30,511.716,1172,PASS,,,1,1
2192,3,bursts,100,2,1,forecast,direction,,11,472,0.004,ok,0,62.182,187,90,23,91,257,PASS,,,1,1
2193,3,bursts,100,2,1,forecast,forecast,80,66,2755,0.043,ok,1,101.47,404,94,16,136.758,486,PASS,,,1,1
2194,3,bursts,100,2,1,forecast,forecast,0,34,954,0.172,ok,0,295.971,609,98,9,333.559,669,PASS,,,1,1
2195,3,bursts,100,2,1,forecast,forecast,5,82,2412,0.308,ok,0,369.354,762,87,8,406.439,797,PASS,,,1,1
2196,3,bursts,100,2,1,forecast,forecast,none,148,5509,0.114,ok,0,103.351,526,98,5,135.277,582,PASS,,,1,1
2197,3,sparse,100,2,1,round-robin,request,,138,26539,0.092,ok,0,33.986,96,89,4,69.732,158,PASS,,,1,1
2198,3,sparse,100,2,1,round-robin,direction,,198,39668,0.101,ok,0,33.47,97,90,5,65.99,165,PASS,,,1,1
2199,3,sparse,100,2,1,round-robin,forecast,80,19,3945,0.028,ok,2,36.842,62,80,13,59.368,142,PASS,,,1,1
2200,3,sparse,100,2,1,round-robin,forecast,0,21,4041,0.011,ok,7,34.238,90,72,17,70.381,142,PASS,,,1,1
2201,3,sparse,100,2,1,round-robin,forecast,5,150,30014,0.038,ok,0,33.373,86,92,8,69.06,167,PASS,,,1,1
2202,3,sparse,100,2,1,round-robin,forecast,none,113,22783,0.054,ok,0,34.823,95,94,8,67.133,170,PASS,,,1,1
2203,3,sparse,100,2,1,nearest,request,,67,13281,0.031,ok,1,18.119,65,98,6,44,118,PASS,,,1,1
2204,3,sparse,100,2,1,nearest,direction,,157,31108,0.147,ok,0,20.395,76,93,2,54.968,169,PASS,,,1,1
2205,3,sparse,100,2,1,nearest,forecast,80,89,18562,0.031,ok,0,22.551,91,90,6,58.337,151,PASS,,,1,1
2206,3,sparse,100,2,1,nearest,forecast,0,96,19795,0.058,ok,0,22.719,75,93,11,60.25,167,PASS,,,1,1
2207,3,sparse,100,2,1,nearest,forecast,5,43,8219,0.034,ok,1,23.558,93,94,7,59.977,154,PASS,,,1,1
2208,3,sparse,100,2,1,nearest,forecast,none,16,3637,0.021,ok,6,36.812,71,90,25,78.375,154,PASS,,,1,1
2209,3,sparse,100,2,1,forecast,request,,139,27671,0.043,ok,0,21.878,90,91,3,57.568,166,PASS,,,1,1
2210,3,sparse,100,2,1,forecast,direction,,109,22230,0.058,ok,0,22.679,76,94,7,60.862,139,PASS,,,1,1
2211,3,sparse,100,2,1,forecast,forecast,80,140,27531,0.058,ok,0,24.429,68,91,2,56.114,144,PASS,,,1,1
2212,3,sparse,100,2,1,forecast,forecast,0,25,4969,0.034,ok,1,24.12,72,94,7,62.76,166,PASS,,,1,1
2213,3,sparse,100,2,1,forecast,forecast,5,128,25203,0.089,ok,0,25.195,82,93,4,58.023,142,PASS,,,1,1
2214,3,sparse,100,2,1,forecast,forecast,none,124,25009,0.078,ok,0,22.137,79,92,4,54.677,143,PASS,,,1,1
2215,3,sparse,100,4,1,round-robin,request,,4,1020,0.004,ok,4,41.5,66,60,64,76.75,97,PASS,,,1,1
2216,3,sparse,100,4,1,round-robin,direction,,217,43085,0.169,ok,0,34.41,93,90,4,67.521,183,PASS,,,1,1
2217,3,sparse,100,4,1,round-robin,forecast,80,80,16741,0.069,ok,1,32.013,81,88,9,67.55,161,PASS,,,1,1
2218,3,sparse,100,4,1,round-robin,forecast,0,53,10342,0.056,ok,1,33.321,95,93,13,67.189,174,PASS,,,1,1
2219,3,sparse,100,4,1,round-robin,forecast,5,133,26464,0.103,ok,0,32.812,96,92,4,64.444,165,PASS,,,1,1
2220,3,sparse,100,4,1,round-robin,forecast,none,66,13281,0.042,ok,0,35.167,88,84,4,63.621,172,PASS,,,1,1
2221,3,sparse,100,4,1,nearest,request,,174,35135,0.891,ok,0,13.23,72,97,2,47.943,142,PASS,,,1,1
2222,3,sparse,100,4,1,nearest,direction,,202,39631,0.182,ok,0,12.757,76,94,3,45.104,156,PASS,,,1,1
2223,3,sparse,100,4,1,nearest,forecast,80,87,18460,0.046,ok,0,11.598,84,95,5,39.966,118,PASS,,,1,1
2224,3,sparse,100,4,1,nearest,forecast,0,19,3713,0.03,ok,0,13.632,51,88,9,40.316,88,PASS,,,1,1
2225,3,sparse,100,4,1,nearest,forecast,5,90,19302,0.069,ok,0,19.467,90,98,4,54.378,172,PASS,,,1,1
2226,3,sparse,100,4,1,nearest,forecast,none,115,22836,0.087,ok,0,14.365,86,91,2,50.922,141,PASS,,,1,1
2227,3,sparse,100,4,1,forecast,request,,105,20078,0.09,ok,0,13.914,64,95,4,45.448,146,PASS,,,1,1
2228,3,sparse,100,4,1,forecast,direction,,10,2116,0.01,ok,2,18,43,84,16,55.2,113,PASS,,,1,1
2229,3,sparse,100,4,1,forecast,forecast,80,65,13002,0.056,ok,0,17.108,86,79,4,51.492,158,PASS,,,1,1
2230,3,sparse,100,4,1,forecast,forecast,0,8,1517,0.011,ok,6,29.75,79,80,20,60.625,121,PASS,,,1,1
2231,3,sparse,100,4,1,forecast,forecast,5,81,16696,0.091,ok,0,16.123,71,82,5,45.444,144,PASS,,,1,1
2232,3,sparse,100,4,1,forecast,forecast,none,41,8063,0.084,ok,1,17.146,62,88,11,52.537,133,PASS,,,1,1
2233,3,starvation,10,10,10,round-robin,request,,8,9,0.0,ok,0,0.875,4,5,1,2.625,9,PASS,,,1,1
2234,3,starvation,10,10,10,round-robin,direction,,95,20,0.004,ok,0,2.021,15,9,1,3.337,18,PASS,,,1,1
2235,3,starvation,10,10,10,round-robin,forecast,80,39,15,0.004,ok,0,1.154,10,5,1,2.41,15,PASS,,,1,1
2236,3,starvation,10,10,10,round-robin,forecast,0,35,20,0.013,ok,0,2.457,17,9,1,3.886,18,PASS,,,1,1
2237,3,starvation,10,10,10,round-robin,forecast,5,68,24,0.004,ok,0,1.956,16,5,1,3.294,18,PASS,,,1,1
2238,3,starvation,10,10,10,round-robin,forecast,none,59,26,0.068,ok,0,1.051,17,9,1,2.39,26,PASS,,,1,1
2239,3,starvation,10,10,10,nearest,request,,98,22,0.004,ok,0,1.214,16,5,1,2.551,17,PASS,,,1,1
2240,3,starvation,10,10,10,nearest,direction,,12,9,0.001,ok,0,0.75,4,5,1,2.25,9,PASS,,,1,1
2241,3,starvation,10,10,10,nearest,forecast,80,26,18,0.003,ok,0,1.423,9,9,1,3,18,PASS,,,1,1
2242,3,starvation,10,10,10,nearest,forecast,0,88,18,0.008,ok,0,0.705,4,5,1,1.955,9,PASS,,,1,1
2243,3,starvation,10,10,10,nearest,forecast,5,92,19,0.009,ok,0,0.88,9,9,1,2.228,18,PASS,,,1,1
2244,3,starvation,10,10,10,nearest,forecast,none,74,18,0.007,ok,0,0.824,9,9,1,2.176,18,PASS,,,1,1
2245,3,starvation,10,10,10,forecast,request,,129,25,0.07,ok,0,0.612,4,5,1,1.915,9,PASS,,,1,1
2246,3,starvation,10,10,10,forecast,direction,,113,22,0.05,ok,0,0.558,4,5,1,1.841,9,PASS,,,1,1
2247,3,starvation,10,10,10,forecast,forecast,80,42,18,0.086,ok,0,0.786,9,9,1,2.262,18,PASS,,,1,1
2248,3,starvation,10,10,10,forecast,forecast,0,63,18,0.077,ok,0,0.635,9,9,1,2.079,18,PASS,,,1,1
2249,3,starvation,10,10,10,forecast,forecast,5,97,18,0.124,ok,0,0.639,9,9,1,1.887,18,PASS,,,1,1
2250,3,starvation,10,10,10,forecast,forecast,none,90,17,0.096,ok,0,0.622,4,5,1,1.889,9,PASS,,,1,1
2251,3,starvation,100,2,1,round-robin,request,,91,306,0.035,ok,0,131.538,261,99,1,133.846,262,PASS,,,1,1
2252,3,starvation,100,2,1,round-robin,direction,,265,520,0.49,ok,0,200.347,393,99,2,201.966,394,PASS,,,1,1
2253,3,starvation,100,2,1,round-robin,forecast,80,110,332,0.39,ok,0,73.136,278,99,1,75.327,280,PASS,,,1,1
2254,3,starvation,100,2,1,round-robin,forecast,0,142,358,1.386,ok,0,144.549,287,50,1,146.077,288,PASS,,,1,1
2255,3,starvation,100,2,1,round-robin,forecast,5,134,355,1.51,ok,0,141.291,289,50,1,142.925,290,PASS,,,1,1
2256,3,starvation,100,2,1,round-robin,forecast,none,26,123,0.015,ok,0,9.769,73,50,2,12.808,123,PASS,,,1,1
2257,3,starvation,100,2,1,nearest,request,,262,662,0.252,ok,0,263.939,531,50,2,265.397,532,PASS,,,1,1
2258,3,starvation,100,2,1,nearest,direction,,235,586,1.099,ok,0,247.626,469,99,1,249.302,470,PASS,,,1,1
2259,3,starvation,100,2,1,nearest,forecast,80,130,314,4.102,ok,0,109.262,248,50,1,110.869,250,PASS,,,1,1
2260,3,starvation,100,2,1,nearest,forecast,0,125,307,4.116,ok,1,120.768,245,99,2,122.8,246,PASS,,,1,1
2261,3,starvation,100,2,1,nearest,forecast,5,5,99,0.001,ok,0,11.4,49,50,2,22.4,99,PASS,,,1,1
2262,3,starvation,100,2,1,nearest,forecast,none,39,119,0.074,ok,0,17.026,69,50,2,19.538,119,PASS,,,1,1
2263,3,starvation,100,2,1,forecast,request,,55,198,0.292,ok,1,54.491,107,99,2,57.509,198,PASS,,,1,1
2264,3,starvation,100,2,1,forecast,direction,,63,198,0.519,ok,1,67.079,126,99,2,69.905,198,PASS,,,1,1
2265,3,starvation,100,2,1,forecast,forecast,80,53,254,0.29,ok,0,17.189,155,99,2,20.226,254,PASS,,,1,1
2266,3,starvation,100,2,1,forecast,forecast,0,109,234,4.515,ok,1,104.266,180,99,2,106.422,198,PASS,,,1,1
2267,3,starvation,100,2,1,forecast,forecast,5,70,202,1.304,ok,0,59.629,121,99,2,62.229,202,PASS,,,1,1
2268,3,starvation,100,2,1,forecast,forecast,none,126,245,1.696,ok,0,35.778,195,50,2,37.373,245,PASS,,,1,1
2269,3,adjacent,100,2,1,round-robin,request,,108,2256,0.067,ok,37,796.713,2039,1,38,797.713,2040,PASS,,,1,1
2270,3,adjacent,100,2,1,round-robin,direction,,5,67,0.001,ok,32,49.6,64,1,33,50.6,65,PASS,,,1,1
2271,3,adjacent,100,2,1,round-robin,forecast,80,9,100,0.002,ok,6,47.111,89,1,7,48.111,90,PASS,,,1,1
2272,3,adjacent,100,2,1,round-robin,forecast,0,68,403,0.151,ok,0,109.485,274,1,1,110.485,275,PASS,,,1,1
2273,3,adjacent,100,2,1,round-robin,forecast,5,75,305,0.235,ok,2,96.013,193,1,3,97.013,194,PASS,,,1,1
2274,3,adjacent,100,2,1,round-robin,forecast,none,61,243,0.068,ok,0,62.672,172,1,1,63.672,173,PASS,,,1,1
2275,3,adjacent,100,2,1,nearest,request,,19,413,0.003,ok,78,205.947,374,1,79,206.947,375,PASS,,,1,1
2276,3,adjacent,100,2,1,nearest,direction,,231,713,0.078,ok,0,94.753,379,1,1,95.753,380,PASS,,,1,1
2277,3,adjacent,100,2,1,nearest,forecast,80,132,404,0.235,ok,0,50.265,170,1,1,51.265,171,PASS,,,1,1
2278,3,adjacent,100,2,1,nearest,forecast,0,48,309,0.135,ok,2,98.646,217,1,3,99.646,218,PASS,,,1,1
2279,3,adjacent,100,2,1,nearest,forecast,5,9,96,0.005,ok,8,46,85,1,9,47,86,PASS,,,1,1
2280,3,adjacent,100,2,1,nearest,forecast,none,70,252,0.108,ok,0,45.443,133,1,1,46.443,134,PASS,,,1,1
2281,3,adjacent,100,2,1,forecast,request,,18,318,0.007,ok,68,154.556,281,1,69,155.556,282,PASS,,,1,1
2282,3,adjacent,100,2,1,forecast,direction,,150,421,0.103,ok,1,69.213,296,1,2,70.213,297,PASS,,,1,1
2283,3,adjacent,100,2,1,forecast,forecast,80,80,233,0.612,ok,0,54.413,165,1,1,55.413,166,PASS,,,1,1
2284,3,adjacent,100,2,1,forecast,forecast,0,20,116,0.034,ok,0,39.95,78,1,1,40.95,79,PASS,,,1,1
2285,3,adjacent,100,2,1,forecast,forecast,5,136,372,0.969,ok,0,57.412,127,1,1,58.412,128,PASS,,,1,1
2286,3,adjacent,100,2,1,forecast,forecast,none,120,326,0.673,ok,0,47.35,172,1,1,48.35,173,PASS,,,1,1
2287,3,adjacent,100,10,2,round-robin,request,,175,731,0.088,ok,1,150.074,394,1,2,151.074,395,PASS,,,1,1
2288,3,adjacent,100,10,2,round-robin,direction,,192,521,0.014,ok,1,78.698,185,1,2,79.698,186,PASS,,,1,1
2289,3,adjacent,100,10,2,round-robin,forecast,80,5,88,0.001,ok,40,55.4,82,1,41,56.4,83,PASS,,,1,1
2290,3,adjacent,100,10,2,round-robin,forecast,0,138,402,0.027,ok,3,71.428,211,1,4,72.428,212,PASS,,,1,1
2291,3,adjacent,100,10,2,round-robin,forecast,5,16,109,0.002,ok,1,47,97,1,2,48,98,PASS,,,1,1
2292,3,adjacent,100,10,2,round-robin,forecast,none,128,373,0.016,ok,0,45.734,160,1,1,46.734,161,PASS,,,1,1
2293,3,adjacent,100,10,2,nearest,request,,220,602,0.018,ok,0,81.436,438,1,1,82.436,439,PASS,,,1,1
2294,3,adjacent,100,10,2,nearest,direction,,224,454,0.03,ok,0,16.955,103,1,1,17.955,104,PASS,,,1,1
2295,3,adjacent,100,10,2,nearest,forecast,80,137,277,0.032,ok,0,15.905,89,1,1,16.905,90,PASS,,,1,1
2296,3,adjacent,100,10,2,nearest,forecast,0,135,342,0.052,ok,0,42.548,159,1,1,43.548,160,PASS,,,1,1
2297,3,adjacent,100,10,2,nearest,forecast,5,105,237,0.057,ok,0,22.2,83,1,1,23.2,84,PASS,,,1,1
2298,3,adjacent,100,10,2,nearest,forecast,none,13,98,0.003,ok,9,48.231,97,1,10,49.231,98,PASS,,,1,1
2299,3,adjacent,100,10,2,forecast,request,,91,185,0.047,ok,0,17.231,87,1,1,18.231,88,PASS,,,1,1
2300,3,adjacent,100,10,2,forecast,direction,,11,100,0.008,ok,3,48.273,93,1,4,49.273,94,PASS,,,1,1
2301,3,adjacent,100,10,2,forecast,forecast,80,114,236,0.214,ok,0,15.816,107,1,1,16.816,108,PASS,,,1,1
2302,3,adjacent,100,10,2,forecast,forecast,0,42,111,0.17,ok,1,28.214,89,1,2,29.214,90,PASS,,,1,1
2303,3,adjacent,100,10,2,forecast,forecast,5,79,156,0.163,ok,0,17.924,84,1,1,18.924,85,PASS,,,1,1
2304,3,adjacent,100,10,2,forecast,forecast,none,74,162,0.235,ok,0,24.054,97,1,1,25.054,98,PASS,,,1,1
2305,3,full_height,3,4,1000,round-robin,request,,4,9,0.0,ok,0,1.5,2,2,2,3.5,4,PASS,,,1,1
2306,3,full_height,3,4,1000,round-robin,direction,,79,162,0.004,ok,0,1,3,2,2,3,5,PASS,,,1,1
2307,3,full_height,3,4,1000,round-robin,forecast,80,101,204,0.005,ok,0,0.99,2,2,2,2.99,4,PASS,,,1,1
2308,3,full_height,3,4,1000,round-robin,forecast,0,83,168,0.004,ok,0,1.096,3,2,2,3.096,5,PASS,,,1,1
2309,3,full_height,3,4,1000,round-robin,forecast,5,67,136,0.003,ok,0,0.821,2,2,2,2.821,4,PASS,,,1,1
2310,3,full_height,3,4,1000,round-robin,forecast,none,112,227,0.013,ok,0,1.036,3,2,2,3.036,5,PASS,,,1,1
2311,3,full_height,3,4,1000,nearest,request,,101,205,0.014,ok,0,0.465,2,2,2,2.465,4,PASS,,,1,1
2312,3,full_height,3,4,1000,nearest,direction,,238,478,0.006,ok,0,0.387,2,2,2,2.387,4,PASS,,,1,1
2313,3,full_height,3,4,1000,nearest,forecast,80,77,154,0.004,ok,0,0.234,2,2,2,2.234,4,PASS,,,1,1
2314,3,full_height,3,4,1000,nearest,forecast,0,4,7,0.001,ok,0,0.5,2,2,2,2.5,4,PASS,,,1,1
2315,3,full_height,3,4,1000,nearest,forecast,5,7,13,0.001,ok,0,0.143,1,2,2,2.143,3,PASS,,,1,1
2316,3,full_height,3,4,1000,nearest,forecast,none,31,64,0.005,ok,0,0.677,2,2,2,2.677,4,PASS,,,1,1
2317,3,full_height,3,4,1000,forecast,request,,126,253,0.026,ok,0,0.333,2,2,2,2.333,4,PASS,,,1,1
2318,3,full_height,3,4,1000,forecast,direction,,133,268,0.037,ok,0,0.316,2,2,2,2.316,4,PASS,,,1,1
2319,3,full_height,3,4,1000,forecast,forecast,80,34,70,0.034,ok,0,0.5,2,2,2,2.5,4,PASS,,,1,1
2320,3,full_height,3,4,1000,forecast,forecast,0,118,232,0.03,ok,0,0.237,2,2,2,2.237,4,PASS,,,1,1
2321,3,full_height,3,4,1000,forecast,forecast,5,26,54,0.021,ok,0,0.154,2,2,2,2.154,4,PASS,,,1,1
2322,3,full_height,3,4,1000,forecast,forecast,none,58,118,2.447,ok,0,0.397,2,2,2,2.397,4,PASS,,,1,1
2323,3,full_height,100,2,1,round-robin,request,,8,598,0.002,ok,99,291.25,483,99,198,390.25,582,PASS,,,1,1
2324,3,full_height,100,2,1,round-robin,direction,,46,2478,0.041,ok,0,1054.065,2290,99,99,1153.065,2389,PASS,,,1,1
2325,3,full_height,100,2,1,round-robin,forecast,80,123,6449,1.444,ok,5,2900.772,6132,99,104,2999.772,6231,PASS,,,1,1
2326,3,full_height,100,2,1,round-robin,forecast,0,3,297,0.001,ok,99,130.333,193,99,198,229.333,292,PASS,,,1,1
2327,3,full_height,100,2,1,round-robin,forecast,5,83,4654,0.51,ok,0,2001.253,4392,99,99,2100.253,4491,PASS,,,1,1
2328,3,full_height,100,2,1,round-robin,forecast,none,136,8233,1.929,ok,6,3286.706,7874,99,105,3385.706,7973,PASS,,,1,1
2329,3,full_height,100,2,1,nearest,request,,64,8811,0.079,ok,0,4319.438,8587,99,99,4418.438,8686,PASS,,,1,1
2330,3,full_height,100,2,1,nearest,direction,,105,10395,0.263,ok,0,4675.305,10089,99,99,4774.305,10188,PASS,,,1,1
2331,3,full_height,100,2,1,nearest,forecast,80,5,792,0.003,ok,0,314,685,99,99,413,784,PASS,,,1,1
2332,3,full_height,100,2,1,nearest,forecast,0,125,13563,5.744,ok,0,5897.792,13214,99,99,5996.792,13313,PASS,,,1,1
2333,3,full_height,100,2,1,nearest,forecast,5,83,9010,1.841,ok,0,3937.506,8748,99,99,4036.506,8847,PASS,,,1,1
2334,3,full_height,100,2,1,nearest,forecast,none,88,10008,1.304,ok,0,3497.727,9733,99,99,3596.727,9832,PASS,,,1,1
2335,3,full_height,100,2,1,forecast,request,,46,3171,0.047,ok,0,1523.196,2980,99,99,1622.196,3079,PASS,,,1,1
2336,3,full_height,100,2,1,forecast,direction,,103,5148,0.243,ok,0,2394.796,4845,99,99,2493.796,4944,PASS,,,1,1
2337,3,full_height,100,2,1,forecast,forecast,80,43,2476,0.429,ok,0,994.605,2292,99,99,1093.605,2391,PASS,,,1,1
2338,3,full_height,100,2,1,forecast,forecast,0,9,699,0.008,ok,0,247.111,583,99,99,346.111,682,PASS,,,1,1
2339,3,full_height,100,2,1,forecast,forecast,5,132,7136,5.399,ok,0,3120.826,6776,99,99,3219.826,6875,PASS,,,1,1
2340,3,full_height,100,2,1,forecast,forecast,none,135,7425,5.83,ok,0,3186.644,7057,99,99,3285.644,7156,PASS,,,1,1
2341,3,at_floor_1,2,4,1000,round-robin,request,,296,593,0.029,ok,0,0.372,1,1,1,1.372,2,PASS,,,1,1
2342,3,at_floor_1,2,4,1000,round-robin,direction,,9,20,0.0,ok,0,0.556,1,1,1,1.556,2,PASS,,,1,1
2343,3,at_floor_1,2,4,1000,round-robin,forecast,80,48,93,0.014,ok,0,0.312,1,1,1,1.312,2,PASS,,,1,1
2344,3,at_floor_1,2,4,1000,round-robin,forecast,0,42,82,0.01,ok,0,0.357,1,1,1,1.357,2,PASS,,,1,1
2345,3,at_floor_1,2,4,1000,round-robin,forecast,5,22,39,0.004,ok,0,0.182,1,1,1,1.182,2,PASS,,,1,1
2346,3,at_floor_1,2,4,1000,round-robin,forecast,none,3,1,0.0,ok,0,0,0,1,1,1,1,PASS,,,1,1
2347,3,at_floor_1,2,4,1000,nearest,request,,261,517,0.046,ok,0,0.253,1,1,1,1.253,2,PASS,,,1,1
2348,3,at_floor_1,2,4,1000,nearest,direction,,139,267,0.014,ok,0,0.259,1,1,1,1.259,2,PASS,,,1,1
2349,3,at_floor_1,2,4,1000,nearest,forecast,80,89,178,0.053,ok,0,0.236,1,1,1,1.236,2,PASS,,,1,1
2350,3,at_floor_1,2,4,1000,nearest,forecast,0,1,1,0.0,ok,0,0,0,1,1,1,1,PASS,,,1,1
2351,3,at_floor_1,2,4,1000,nearest,forecast,5,69,137,0.016,ok,0,0.319,1,1,1,1.319,2,PASS,,,1,1
2352,3,at_floor_1,2,4,1000,nearest,forecast,none,122,232,0.112,ok,0,0.254,1,1,1,1.254,2,PASS,,,1,1
2353,3,at_floor_1,2,4,1000,forecast,request,,89,178,0.047,ok,0,0.236,1,1,1,1.236,2,PASS,,,1,1
2354,3,at_floor_1,2,4,1000,forecast,direction,,42,82,0.015,ok,0,0.286,1,1,1,1.286,2,PASS,,,1,1
2355,3,at_floor_1,2,4,1000,forecast,forecast,80,71,138,0.153,ok,0,0.324,1,1,1,1.324,2,PASS,,,1,1
2356,3,at_floor_1,2,4,1000,forecast,forecast,0,19,33,0.026,ok,0,0.263,1,1,1,1.263,2,PASS,,,1,1
2357,3,at_floor_1,2,4,1000,forecast,forecast,5,36,63,0.033,ok,0,0.361,1,1,1,1.361,2,PASS,,,1,1
2358,3,at_floor_1,2,4,1000,forecast,forecast,none,78,145,0.197,ok,0,0.282,1,1,1,1.282,2,PASS,,,1,1
2359,3,at_floor_1,100,2,1,round-robin,request,,94,5259,0.05,ok,0,2443.596,5023,99,16,2497.064,5076,PASS,,,1,1
2360,3,at_floor_1,100,2,1,round-robin,direction,,266,13900,0.747,ok,0,6722.947,13332,99,53,6773.128,13370,PASS,,,1,1
2361,3,at_floor_1,100,2,1,round-robin,forecast,80,85,4881,0.549,ok,0,2047.294,4653,99,17,2098.694,4716,PASS,,,1,1
2362,3,at_floor_1,100,2,1,round-robin,forecast,0,105,5475,1.175,ok,0,2474.6,5260,99,9,2523.724,5279,PASS,,,1,1
2363,3,at_floor_1,100,2,1,round-robin,forecast,5,91,4596,0.71,ok,0,2035.516,4355,98,1,2085.209,4423,PASS,,,1,1
2364,3,at_floor_1,100,2,1,round-robin,forecast,none,38,2006,0.092,ok,0,722.289,1860,96,6,776.763,1953,PASS,,,1,1
2365,3,at_floor_1,100,2,1,nearest,request,,207,12630,0.133,ok,0,5181.309,12252,99,36,5231.792,12303,PASS,,,1,1
2366,3,at_floor_1,100,2,1,nearest,direction,,168,8907,13.348,ok,0,4169.375,8547,99,73,4219.577,8572,PASS,,,1,1
2367,3,at_floor_1,100,2,1,nearest,forecast,80,28,1779,0.079,ok,0,587.679,1639,95,2,631.143,1728,PASS,,,1,1
2368,3,at_floor_1,100,2,1,nearest,forecast,0,116,6403,1.483,ok,0,3037.345,6094,99,69,3091.069,6173,PASS,,,1,1
2369,3,at_floor_1,100,2,1,nearest,forecast,5,26,1204,0.035,ok,0,562.385,1102,98,24,607.769,1154,PASS,,,1,1
2370,3,at_floor_1,100,2,1,nearest,forecast,none,121,5402,1.29,ok,0,1525.76,5304,98,1,1568.603,5402,PASS,,,1,1
2371,3,at_floor_1,100,2,1,forecast,request,,113,6089,0.169,ok,0,2913.903,5776,99,2,2967.858,5875,PASS,,,1,1
2372,3,at_floor_1,100,2,1,forecast,direction,,23,1053,0.027,ok,0,444.522,978,85,17,491.304,1013,PASS,,,1,1
2373,3,at_floor_1,100,2,1,forecast,forecast,80,18,907,0.032,ok,0,331.944,809,92,18,385.722,876,PASS,,,1,1
2374,3,at_floor_1,100,2,1,forecast,forecast,0,147,7230,5.784,ok,0,3497.293,6854,99,61,3546.605,6936,PASS,,,1,1
2375,3,at_floor_1,100,2,1,forecast,forecast,5,101,5076,2.987,ok,0,2446.911,4798,99,1,2498.01,4876,PASS,,,1,1
2376,3,at_floor_1,100,2,1,forecast,forecast,none,81,3741,1.409,ok,0,1188.185,3570,99,1,1235.136,3668,PASS,,,1,1
2377,3,over_capacity,3,1,10,round-robin,request,,249,226,0.256,ok,1,118.052,225,1,2,119.052,226,PASS,,,1,1
2378,3,over_capacity,3,1,10,round-robin,direction,,149,65,0.261,ok,2,29.812,58,2,3,31.349,60,PASS,,,1,1
2379,3,over_capacity,3,1,10,round-robin,forecast,80,27,16,0.133,ok,2,5.556,10,2,3,6.852,12,PASS,,,1,1
2380,3,over_capacity,3,1,10,round-robin,forecast,0,48,22,0.548,ok,0,7.667,16,2,2,9.229,18,PASS,,,1,1
2381,3,over_capacity,3,1,10,round-robin,forecast,5,52,27,0.579,ok,2,10.462,22,2,3,12,24,PASS,,,1,1
2382,3,over_capacity,3,1,10,round-robin,forecast,none,44,20,0.436,ok,2,8.909,18,2,3,10.477,20,PASS,,,1,1
2383,3,over_capacity,3,1,10,nearest,request,,279,115,0.322,ok,2,55.806,110,2,3,57.315,112,PASS,,,1,1
2384,3,over_capacity,3,1,10,nearest,direction,,172,40,0.907,ok,1,17.233,35,1,2,18.233,36,PASS,,,1,1
2385,3,over_capacity,3,1,10,nearest,forecast,80,9,6,0.004,ok,0,0,0,2,1,1.556,2,PASS,,,1,1
2386,3,over_capacity,3,1,10,nearest,forecast,0,42,22,0.397,ok,0,6.476,16,2,1,7.929,17,PASS,,,1,1
2387,3,over_capacity,3,1,10,nearest,forecast,5,21,8,0.037,ok,1,2.429,5,1,2,3.429,6,PASS,,,1,1
2388,3,over_capacity,3,1,10,nearest,forecast,none,7,5,0.002,ok,1,2.143,3,1,2,3.143,4,PASS,,,1,1
2389,3,over_capacity,3,1,10,forecast,request,,30,44,0.021,ok,1,21.2,39,1,2,22.2,40,PASS,,,1,1
2390,3,over_capacity,3,1,10,forecast,direction,,11,10,0.003,ok,0,0.364,4,2,1,2,5,PASS,,,1,1
2391,3,over_capacity,3,1,10,forecast,forecast,80,12,7,0.021,ok,0,0.667,4,2,1,1.917,5,PASS,,,1,1
2392,3,over_capacity,3,1,10,forecast,forecast,0,22,8,0.125,ok,1,2.273,5,1,2,3.273,6,PASS,,,1,1
2393,3,over_capacity,3,1,10,forecast,forecast,5,36,19,0.553,ok,0,5.333,12,2,1,6.806,14,PASS,,,1,1
2394,3,over_capacity,3,1,10,forecast,forecast,none,41,22,0.743,ok,2,8.244,18,2,3,9.732,20,PASS,,,1,1
2395,3,over_capacity,100,2,1,round-robin,request,,100,4343,0.061,ok,88,1959.32,4342,86,129,1999.12,4343,PASS,,,1,1
2396,3,over_capacity,100,2,1,round-robin,direction,,158,3920,2.662,ok,53,2018.266,3907,52,66,2042.513,3917,PASS,,,1,1
2397,3,over_capacity,100,2,1,round-robin,forecast,80,55,1581,2.247,ok,26,712.945,1530,67,27,741.509,1579,PASS,,,1,1
2398,3,over_capacity,100,2,1,round-robin,forecast,0,21,1035,0.04,ok,93,542.429,941,93,141,590.714,1032,PASS,,,1,1
2399,3,over_capacity,100,2,1,round-robin,forecast,5,3,118,0.001,ok,89,96.333,111,20,100,107.667,114,PASS,,,1,1
2400,3,over_capacity,100,2,1,round-robin,forecast,none,3,113,0.001,ok,89,91,95,20,92,102.333,109,PASS,,,1,1
2401,3,over_capacity,100,2,1,nearest,request,,297,8566,0.207,ok,37,4179.646,8559,62,44,4207.35,8565,PASS,,,1,1
2402,3,over_capacity,100,2,1,nearest,direction,,95,4104,0.136,ok,7,1817.884,4039,91,72,1861.084,4102,PASS,,,1,1
2403,3,over_capacity,100,2,1,nearest,forecast,80,60,2300,0.277,ok,85,1077.667,2243,84,86,1114.183,2299,PASS,,,1,1
2404,3,over_capacity,100,2,1,nearest,forecast,0,9,344,0.003,ok,3,108.333,307,77,13,146.222,344,PASS,,,1,1
2405,3,over_capacity,100,2,1,nearest,forecast,5,60,2351,0.327,ok,85,1148.033,2345,84,86,1184.55,2350,PASS,,,1,1
2406,3,over_capacity,100,2,1,nearest,forecast,none,28,1467,0.049,ok,3,402.357,1373,92,5,448.857,1465,PASS,,,1,1
2407,3,over_capacity,100,2,1,forecast,request,,11,531,0.004,ok,92,326,484,87,164,368,529,PASS,,,1,1
2408,3,over_capacity,100,2,1,forecast,direction,,46,1838,0.077,ok,91,944.87,1773,90,97,983.826,1838,PASS,,,1,1
2409,3,over_capacity,100,2,1,forecast,forecast,80,41,1910,0.436,ok,90,767.171,1848,82,91,812.098,1905,PASS,,,1,1
2410,3,over_capacity,100,2,1,forecast,forecast,0,57,2230,11.299,ok,87,1116.158,2153,85,96,1154.596,2225,PASS,,,1,1
2411,3,over_capacity,100,2,1,forecast,forecast,5,2,57,0.001,ok,21,21,21,32,43,48,53,PASS,,,1,1
2412,3,over_capacity,100,2,1,forecast,forecast,none,51,1233,0.986,ok,54,431.961,1178,54,55,455.588,1232,PASS,,,1,1
2413,3,identical,100,2,1,round-robin,request,,35,2361,0.011,ok,84,1157.429,2294,65,149,1222.429,2359,PASS,,,1,1
2414,3,identical,100,2,1,round-robin,direction,,170,3813,1.317,ok,93,1941,3789,22,115,1963,3811,PASS,,,1,1
2415,3,identical,100,2,1,round-robin,forecast,80,41,640,0.151,ok,64,337.171,624,14,78,351.171,638,PASS,,,1,1
2416,3,identical,100,2,1,round-robin,forecast,0,50,967,0.842,ok,85,517,949,18,103,535,967,PASS,,,1,1
2417,3,identical,100,2,1,round-robin,forecast,5,13,435,0.019,ok,97,241,409,26,123,267,435,PASS,,,1,1
2418,3,identical,100,2,1,round-robin,forecast,none,39,700,0.123,ok,36,350.718,682,17,53,367.718,699,PASS,,,1,1
2419,3,identical,100,2,1,nearest,request,,56,3802,0.04,ok,6,1869,3732,69,75,1938,3801,PASS,,,1,1
2420,3,identical,100,2,1,nearest,direction,,117,8046,0.21,ok,89,3999.291,7977,68,157,4067.291,8045,PASS,,,1,1
2421,3,identical,100,2,1,nearest,forecast,80,42,3403,0.161,ok,82,1702,3322,81,163,1783,3403,PASS,,,1,1
2422,3,identical,100,2,1,nearest,forecast,0,24,220,0.027,ok,11,110,209,9,20,119,218,PASS,,,1,1
2423,3,identical,100,2,1,nearest,forecast,5,39,700,0.12,ok,36,350.718,682,17,53,367.718,699,PASS,,,1,1
2424,3,identical,100,2,1,nearest,forecast,none,41,640,0.142,ok,64,337.171,624,14,78,351.171,638,PASS,,,1,1
2425,3,identical,100,2,1,forecast,request,,48,139,0.05,ok,42,88,134,2,44,90,136,PASS,,,1,1
2426,3,identical,100,2,1,forecast,direction,,49,182,0.088,ok,34,104.531,178,3,37,107.531,181,PASS,,,1,1
2427,3,identical,100,2,1,forecast,forecast,80,6,496,0.005,ok,99,257,415,79,178,336,494,PASS,,,1,1
2428,3,identical,100,2,1,forecast,forecast,0,9,329,0.009,ok,56,162.667,296,30,86,192.667,326,PASS,,,1,1
2429,3,identical,100,2,1,forecast,forecast,5,2,60,0.001,ok,3,3,3,55,58,58,58,PASS,,,1,1
2430,3,identical,100,2,1,forecast,forecast,none,46,2333,0.566,ok,81,1181,2281,50,131,1231,2331,PASS,,,1,1
2431,3,identical,100,4,10,round-robin,request,,245,326,0.057,ok,38,151.143,302,22,60,173.143,324,PASS,,,1,1
2432,3,identical,100,4,10,round-robin,direction,,191,124,0.055,ok,85,100.246,117,4,89,104.246,121,PASS,,,1,1
2433,3,identical,100,4,10,round-robin,forecast,80,56,43,0.197,ok,4,11.429,30,13,17,24.429,43,PASS,,,1,1
2434,3,identical,100,4,10,round-robin,forecast,0,5,31,0.001,ok,18,18,18,13,31,31,31,PASS,,,1,1
2435,3,identical,100,4,10,round-robin,forecast,5,28,121,0.009,ok,93,93,93,27,120,120,120,PASS,,,1,1
2436,3,identical,100,4,10,round-robin,forecast,none,38,57,0.037,ok,23,23,23,32,55,55,55,PASS,,,1,1
2437,3,identical,100,4,10,nearest,request,,203,600,0.05,ok,37,245.522,547,51,88,296.522,598,PASS,,,1,1
2438,3,identical,100,4,10,nearest,direction,,140,218,0.041,ok,27,96.429,189,27,54,123.429,216,PASS,,,1,1
2439,3,identical,100,4,10,nearest,forecast,80,16,106,0.003,ok,95,95,95,9,104,104,104,PASS,,,1,1
2440,3,identical,100,4,10,nearest,forecast,0,58,18,1.962,ok,6,8.483,14,4,10,12.483,18,PASS,,,1,1
2441,3,identical,100,4,10,nearest,forecast,5,17,54,0.007,ok,38,38,38,13,51,51,51,PASS,,,1,1
2442,3,identical,100,4,10,nearest,forecast,none,45,127,0.039,ok,27,34.333,93,33,60,67.333,126,PASS,,,1,1
2443,3,identical,100,4,10,forecast,request,,21,59,0.024,ok,43,43,43,15,58,58,58,PASS,,,1,1
2444,3,identical,100,4,10,forecast,direction,,39,113,0.046,ok,78,78,78,35,113,113,113,PASS,,,1,1
2445,3,identical,100,4,10,forecast,forecast,80,51,58,0.39,ok,4,11.333,38,17,21,28.333,55,PASS,,,1,1
2446,3,identical,100,4,10,forecast,forecast,0,45,127,0.246,ok,27,34.333,93,33,60,67.333,126,PASS,,,1,1
2447,3,identical,100,4,10,forecast,forecast,5,21,59,0.068,ok,43,43,43,15,58,58,58,PASS,,,1,1
2448,3,identical,100,4,10,forecast,forecast,none,43,156,0.228,ok,92,94.93,134,21,113,115.93,155,PASS,,,1,1
2449,3,ties,10,10,2,round-robin,request,,189,228,0.02,ok,0,25.545,68,9,1,30.693,75,PASS,,,1,1
2450,3,ties,10,10,2,round-robin,direction,,136,161,0.029,ok,0,10.676,38,9,1,15.412,41,PASS,,,1,1
2451,3,ties,10,10,2,round-robin,forecast,80,96,78,0.02,ok,0,11.104,39,9,2,15.896,46,PASS,,,1,1
2452,3,ties,10,10,2,round-robin,forecast,0,146,182,0.043,ok,0,17.24,54,9,3,22.925,63,PASS,,,1,1
2453,3,ties,10,10,2,round-robin,forecast,5,123,158,0.023,ok,0,11.61,45,9,3,17.341,52,PASS,,,1,1
2454,3,ties,10,10,2,round-robin,forecast,none,82,109,0.03,ok,0,7.61,26,9,3,12.805,34,PASS,,,1,1
2455,3,ties,10,10,2,nearest,request,,27,36,0.002,ok,0,6.63,21,9,3,12.296,24,PASS,,,1,1
2456,3,ties,10,10,2,nearest,direction,,53,67,0.004,ok,0,5.358,24,9,1,9.038,31,PASS,,,1,1
2457,3,ties,10,10,2,nearest,forecast,80,60,67,0.022,ok,0,5,22,9,1,9.467,26,PASS,,,1,1
2458,3,ties,10,10,2,nearest,forecast,0,147,175,0.026,ok,0,11.694,50,9,1,16.748,59,PASS,,,1,1
2459,3,ties,10,10,2,nearest,forecast,5,133,169,0.05,ok,0,10.992,47,9,1,15.436,50,PASS,,,1,1
2460,3,ties,10,10,2,nearest,forecast,none,73,89,0.022,ok,0,5.603,32,9,1,10.274,41,PASS,,,1,1
2461,3,ties,10,10,2,forecast,request,,133,169,0.187,ok,0,11.767,23,9,1,16.211,32,PASS,,,1,1
2462,3,ties,10,10,2,forecast,direction,,98,97,0.127,ok,0,6.112,28,9,1,10.949,31,PASS,,,1,1
2463,3,ties,10,10,2,forecast,forecast,80,125,147,0.501,ok,0,7.952,28,9,1,13.064,31,PASS,,,1,1
2464,3,ties,10,10,2,forecast,forecast,0,139,175,0.305,ok,0,6.719,17,9,1,11.806,26,PASS,,,1,1
2465,3,ties,10,10,2,forecast,forecast,5,82,107,0.183,ok,0,4.244,12,9,2,9.439,20,PASS,,,1,1
2466,3,ties,10,10,2,forecast,forecast,none,36,39,0.087,ok,0,3.528,8,9,2,7.528,15,PASS,,,1,1
2467,3,ties,100,2,1,round-robin,request,,139,5768,0.116,ok,45,2418.266,4253,99,54,2468.302,4268,PASS,,,1,1
2468,3,ties,100,2,1,round-robin,direction,,62,1603,0.068,ok,3,863.468,1602,93,83,906.081,1603,PASS,,,1,1
2469,3,ties,100,2,1,round-robin,forecast,80,146,4452,1.207,ok,21,1552.61,2937,99,55,1598.158,3034,PASS,,,1,1
2470,3,ties,100,2,1,round-robin,forecast,0,68,2662,0.248,ok,5,1023.294,1825,99,64,1080.294,1862,PASS,,,1,1
2471,3,ties,100,2,1,round-robin,forecast,5,46,1939,0.164,ok,3,829.239,1548,95,69,883.717,1639,PASS,,,1,1
2472,3,ties,100,2,1,round-robin,forecast,none,55,1879,1.508,ok,22,575.345,1780,93,69,625.109,1873,PASS,,,1,1
2473,3,ties,100,2,1,nearest,request,,176,7483,0.499,ok,43,3086.443,5332,99,56,3134.284,5383,PASS,,,1,1
2474,3,ties,100,2,1,nearest,direction,,76,2544,0.2,ok,3,1335.316,2515,97,92,1383.947,2522,PASS,,,1,1
2475,3,ties,100,2,1,nearest,forecast,80,20,741,0.03,ok,12,251.5,651,89,74,294.5,740,PASS,,,1,1
2476,3,ties,100,2,1,nearest,forecast,0,104,4929,1.031,ok,2,1994.519,3871,99,43,2053.327,3968,PASS,,,1,1
2477,3,ties,100,2,1,nearest,forecast,5,13,631,0.006,ok,13,209.923,533,97,51,265.385,630,PASS,,,1,1
2478,3,ties,100,2,1,nearest,forecast,none,147,4175,1.235,ok,12,1232.816,3811,99,17,1278.959,3902,PASS,,,1,1
2479,3,ties,100,2,1,forecast,request,,108,3150,0.127,ok,23,1325.389,2059,99,76,1370.426,2134,PASS,,,1,1
2480,3,ties,100,2,1,forecast,direction,,67,2136,0.221,ok,1,789.627,2135,97,63,835.164,2136,PASS,,,1,1
2481,3,ties,100,2,1,forecast,forecast,80,44,1559,0.409,ok,9,641.045,1078,95,81,699.409,1159,PASS,,,1,1
2482,3,ties,100,2,1,forecast,forecast,0,20,588,0.061,ok,12,256.9,463,89,74,299.9,552,PASS,,,1,1
2483,3,ties,100,2,1,forecast,forecast,5,75,2773,0.992,ok,20,1091.88,1836,99,55,1152.373,1899,PASS,,,1,1
2484,3,ties,100,2,1,forecast,forecast,none,86,2238,1.237,ok,10,694.965,1623,87,51,741.547,1708,PASS,,,1,1
2485,3,unsorted,10,2,2,round-robin,request,,66,219,0.006,ok,0,35.03,85,8,1,39.091,87,PASS,,,1,1
2486,3,unsorted,10,2,2,round-robin,direction,,282,580,0.019,ok,0,8.897,36,9,1,12.539,37,PASS,,,1,1
2487,3,unsorted,10,2,2,round-robin,forecast,80,86,200,0.032,ok,0,8.698,33,9,2,12.558,42,PASS,,,1,1
2488,3,unsorted,10,2,2,round-robin,forecast,0,44,109,0.008,ok,0,6.841,16,9,2,10.432,25,PASS,,,1,1
2489,3,unsorted,10,2,2,round-robin,forecast,5,141,299,0.026,ok,0,9.844,29,8,2,13.496,37,PASS,,,1,1
2490,3,unsorted,10,2,2,round-robin,forecast,none,36,76,0.01,ok,0,8.361,34,9,2,11.583,39,PASS,,,1,1
2491,3,unsorted,10,2,2,nearest,request,,225,720,0.033,ok,1,103.902,287,9,5,107.871,288,PASS,,,1,1
2492,3,unsorted,10,2,2,nearest,direction,,289,576,0.029,ok,0,8.651,50,9,1,12.308,52,PASS,,,1,1
2493,3,unsorted,10,2,2,nearest,forecast,80,65,144,0.006,ok,0,4.477,15,9,1,8.2,19,PASS,,,1,1
2494,3,unsorted,10,2,2,nearest,forecast,0,117,264,0.046,ok,0,9.308,33,9,1,13.145,40,PASS,,,1,1
2495,3,unsorted,10,2,2,nearest,forecast,5,42,99,0.007,ok,0,4.738,18,9,1,7.952,22,PASS,,,1,1
2496,3,unsorted,10,2,2,nearest,forecast,none,58,136,0.091,ok,0,6.672,29,8,2,9.897,35,PASS,,,1,1
2497,3,unsorted,10,2,2,forecast,request,,55,152,0.106,ok,1,23.236,41,8,4,26.691,44,PASS,,,1,1
2498,3,unsorted,10,2,2,forecast,direction,,146,302,0.017,ok,0,4.418,25,9,1,7.575,26,PASS,,,1,1
2499,3,unsorted,10,2,2,forecast,forecast,80,129,271,0.081,ok,0,5.178,16,9,1,8.488,24,PASS,,,1,1
2500,3,unsorted,10,2,2,forecast,forecast,0,72,157,0.071,ok,0,5.931,15,9,2,9.278,21,PASS,,,1,1
2501,3,unsorted,10,2,2,forecast,forecast,5,97,202,0.057,ok,0,6.031,17,9,1,9.784,22,PASS,,,1,1
2502,3,unsorted,10,2,2,forecast,forecast,none,49,105,0.04,ok,0,5.959,17,9,2,9.551,26,PASS,,,1,1
2503,3,unsorted,100,2,1,round-robin,request,,237,8377,0.148,ok,1,4066.08,7903,89,46,4099.911,7905,PASS,,,1,1
2504,3,unsorted,100,2,1,round-robin,direction,,154,3305,0.615,ok,17,1362.721,3238,99,20,1395.675,3278,PASS,,,1,1
2505,3,unsorted,100,2,1,round-robin,forecast,80,34,809,0.075,ok,32,292.912,694,91,40,325.265,745,PASS,,,1,1
2506,3,unsorted,100,2,1,round-robin,forecast,0,73,1726,0.364,ok,11,682.438,1541,91,42,715.178,1588,PASS,,,1,1
2507,3,unsorted,100,2,1,round-robin,forecast,5,69,1927,0.284,ok,8,592.101,1722,90,19,625.58,1795,PASS,,,1,1
2508,3,unsorted,100,2,1,round-robin,forecast,none,78,1896,0.367,ok,3,525.91,1661,96,15,559.577,1750,PASS,,,1,1
2509,3,unsorted,100,2,1,nearest,request,,239,8220,0.141,ok,2,3682.51,7712,95,37,3715.054,7746,PASS,,,1,1
2510,3,unsorted,100,2,1,nearest,direction,,82,1817,0.141,ok,14,849.488,1762,85,48,883.732,1774,PASS,,,1,1
2511,3,unsorted,100,2,1,nearest,forecast,80,17,599,0.036,ok,4,200.412,521,59,27,228.412,570,PASS,,,1,1
2512,3,unsorted,100,2,1,nearest,forecast,0,39,1246,0.108,ok,28,466.795,1171,80,34,500.436,1173,PASS,,,1,1
2513,3,unsorted,100,2,1,nearest,forecast,5,28,1006,0.06,ok,17,332.429,903,76,25,361.429,952,PASS,,,1,1
2514,3,unsorted,100,2,1,nearest,forecast,none,33,944,0.075,ok,2,201.061,788,91,3,230.394,879,PASS,,,1,1
2515,3,unsorted,100,2,1,forecast,request,,62,2170,0.052,ok,54,1002.194,1961,86,73,1039.129,2047,PASS,,,1,1
2516,3,unsorted,100,2,1,forecast,direction,,118,2713,0.839,ok,3,912.424,2536,98,11,944.873,2591,PASS,,,1,1
2517,3,unsorted,100,2,1,forecast,forecast,80,2,175,0.001,ok,28,58,88,84,34,103,172,PASS,,,1,1
2518,3,unsorted,100,2,1,forecast,forecast,0,30,819,0.185,ok,14,317.467,691,81,34,354.167,761,PASS,,,1,1
2519,3,unsorted,100,2,1,forecast,forecast,5,31,891,0.18,ok,20,328.387,748,85,31,365.839,831,PASS,,,1,1
2520,3,unsorted,100,2,1,forecast,forecast,none,48,1190,0.598,ok,2,369.25,1059,90,21,407.771,1139,PASS,,,1,1
2521,3,mixed_random,100,1,10,round-robin,request,,122,7122,0.15,ok,3,3286.77,5442,93,10,3316.664,5463,PASS,,,1,1
2522,3,mixed_random,100,1,10,round-robin,direction,,86,2053,0.088,ok,1,110.651,334,74,19,139.488,364,PASS,,,1,1
2523,3,mixed_random,100,1,10,round-robin,forecast,80,120,2076,2.799,ok,1,165.033,469,94,7,199.658,527,PASS,,,1,1
2524,3,mixed_random,100,1,10,round-robin,forecast,0,26,1676,0.081,ok,3,99.423,398,87,37,132.346,458,PASS,,,1,1
2525,3,mixed_random,100,1,10,round-robin,forecast,5,48,2027,0.312,ok,1,206.583,633,83,9,241.667,692,PASS,,,1,1
2526,3,mixed_random,100,1,10,round-robin,forecast,none,39,1703,0.157,ok,4,84.59,193,88,12,118.949,259,PASS,,,1,1
2527,3,mixed_random,100,1,10,nearest,request,,213,12179,0.261,ok,11,5925.319,10232,95,39,5957.174,10256,PASS,,,1,1
2528,3,mixed_random,100,1,10,nearest,direction,,189,2221,1.933,ok,0,240.677,880,91,9,273.455,917,PASS,,,1,1
2529,3,mixed_random,100,1,10,nearest,forecast,80,146,1976,3.88,ok,1,230.63,661,83,6,265.205,728,PASS,,,1,1
2530,3,mixed_random,100,1,10,nearest,forecast,0,14,1674,0.02,ok,4,105.929,348,65,32,139.071,399,PASS,,,1,1
2531,3,mixed_random,100,1,10,nearest,forecast,5,82,1889,1.137,ok,1,153.841,468,91,19,188.829,559,PASS,,,1,1
2532,3,mixed_random,100,1,10,nearest,forecast,none,89,2019,1.189,ok,0,163.854,496,84,20,197.494,555,PASS,,,1,1
2533,3,mixed_random,100,1,10,forecast,request,,35,2238,0.032,ok,67,782.657,1473,93,71,817.371,1486,PASS,,,1,1
2534,3,mixed_random,100,1,10,forecast,direction,,89,2019,0.133,ok,0,159.438,524,84,16,193.079,564,PASS,,,1,1
2535,3,mixed_random,100,1,10,forecast,forecast,80,63,1972,2.603,ok,0,128.175,366,84,9,161.587,429,PASS,,,1,1
2536,3,mixed_random,100,1,10,forecast,forecast,0,119,2160,4.604,ok,0,190.303,699,95,24,227.571,747,PASS,,,1,1
2537,3,mixed_random,100,1,10,forecast,forecast,5,134,2202,7.917,ok,2,220.634,610,89,13,255.731,675,PASS,,,1,1
2538,3,mixed_random,100,1,10,forecast,forecast,none,90,2055,2.277,ok,10,126.667,341,89,22,158.233,414,PASS,,,1,1
2539,3,mixed_random,100,2,1,round-robin,request,,276,9843,0.238,ok,83,4527.058,7874,98,144,4559.942,7876,PASS,,,1,1
2540,3,mixed_random,100,2,1,round-robin,direction,,114,2736,0.301,ok,1,1017.202,2707,96,48,1053.246,2735,PASS,,,1,1
2541,3,mixed_random,100,2,1,round-robin,forecast,80,20,1722,0.011,ok,3,140.9,419,96,19,176.85,456,PASS,,,1,1
2542,3,mixed_random,100,2,1,round-robin,forecast,0,146,3688,1.184,ok,0,1042.849,2683,94,6,1074.247,2738,PASS,,,1,1
2543,3,mixed_random,100,2,1,round-robin,forecast,5,99,2755,0.667,ok,3,767.111,2070,90,5,798.202,2143,PASS,,,1,1
2544,3,mixed_random,100,2,1,round-robin,forecast,none,57,2013,0.503,ok,0,341.912,1117,87,10,375.123,1200,PASS,,,1,1
2545,3,mixed_random,100,2,1,nearest,request,,206,6905,0.106,ok,55,3029.218,4925,95,76,3061.301,4939,PASS,,,1,1
2546,3,mixed_random,100,2,1,nearest,direction,,269,6285,3.019,ok,0,2635.312,6240,97,49,2671.587,6248,PASS,,,1,1
2547,3,mixed_random,100,2,1,nearest,forecast,80,72,2001,0.283,ok,0,562.264,1488,94,9,593.625,1525,PASS,,,1,1
2548,3,mixed_random,100,2,1,nearest,forecast,0,111,3125,0.817,ok,12,967.171,2641,95,42,1002.171,2711,PASS,,,1,1
2549,3,mixed_random,100,2,1,nearest,forecast,5,96,2688,0.396,ok,9,758.344,1884,87,18,793.042,1888,PASS,,,1,1
2550,3,mixed_random,100,2,1,nearest,forecast,none,66,1975,0.2,ok,1,366.303,1671,91,2,399.227,1746,PASS,,,1,1
2551,3,mixed_random,100,2,1,forecast,request,,97,3398,0.081,ok,53,1465.186,2542,92,90,1502.196,2597,PASS,,,1,1
2552,3,mixed_random,100,2,1,forecast,direction,,114,2760,0.591,ok,1,871.325,2743,96,39,907.368,2760,PASS,,,1,1
2553,3,mixed_random,100,2,1,forecast,forecast,80,16,1790,0.034,ok,0,98.375,312,67,12,132.125,372,PASS,,,1,1
2554,3,mixed_random,100,2,1,forecast,forecast,0,128,2980,3.645,ok,2,957.531,2115,97,6,993.734,2212,PASS,,,1,1
2555,3,mixed_random,100,2,1,forecast,forecast,5,125,3023,3.727,ok,7,1065.32,2365,97,14,1100.576,2396,PASS,,,1,1
2556,3,mixed_random,100,2,1,forecast,forecast,none,76,2072,0.847,ok,3,375.289,1546,94,22,410.289,1628,PASS,,,1,1
2557,3,at_current_floor,10,10,2,round-robin,request,,70,87,0.016,ok,0,4.314,13,9,2,8.243,18,PASS,,,1,1
2558,3,at_current_floor,10,10,2,round-robin,direction,,62,74,0.003,ok,0,4.516,15,9,1,8.532,19,PASS,,,1,1
2559,3,at_current_floor,10,10,2,round-robin,forecast,80,134,153,0.007,ok,0,4.373,13,9,1,8.485,19,PASS,,,1,1
2560,3,at_current_floor,10,10,2,round-robin,forecast,0,126,138,0.006,ok,0,4.635,16,9,1,8.714,21,PASS,,,1,1
2561,3,at_current_floor,10,10,2,round-robin,forecast,5,13,23,0.001,ok,0,4.231,8,6,2,7.154,14,PASS,,,1,1
2562,3,at_current_floor,10,10,2,round-robin,forecast,none,149,164,0.007,ok,0,4.57,17,9,1,8.785,26,PASS,,,1,1
2563,3,at_current_floor,10,10,2,nearest,request,,180,189,0.009,ok,0,2.556,34,9,1,6.967,41,PASS,,,1,1
2564,3,at_current_floor,10,10,2,nearest,direction,,257,260,0.009,ok,0,1.658,21,9,1,5.755,26,PASS,,,1,1
2565,3,at_current_floor,10,10,2,nearest,forecast,80,117,143,0.008,ok,0,2.59,26,9,1,6.906,35,PASS,,,1,1
2566,3,at_current_floor,10,10,2,nearest,forecast,0,76,97,0.006,ok,0,2.355,28,9,1,6.461,33,PASS,,,1,1
2567,3,at_current_floor,10,10,2,nearest,forecast,5,77,94,0.005,ok,0,0.883,16,9,1,4.844,18,PASS,,,1,1
2568,3,at_current_floor,10,10,2,nearest,forecast,none,32,53,0.004,ok,0,1.688,7,9,1,5.406,15,PASS,,,1,1
2569,3,at_current_floor,10,10,2,forecast,request,,64,78,0.017,ok,0,0.562,6,9,1,4.766,11,PASS,,,1,1
2570,3,at_current_floor,10,10,2,forecast,direction,,120,130,0.056,ok,0,1.542,7,9,1,5.45,14,PASS,,,1,1
2571,3,at_current_floor,10,10,2,forecast,forecast,80,71,82,0.049,ok,0,1.62,9,9,1,6.211,18,PASS,,,1,1
2572,3,at_current_floor,10,10,2,forecast,forecast,0,140,155,0.108,ok,0,1.071,6,9,1,4.821,11,PASS,,,1,1
2573,3,at_current_floor,10,10,2,forecast,forecast,5,134,145,0.134,ok,0,1.284,9,9,1,5.396,14,PASS,,,1,1
2574,3,at_current_floor,10,10,2,forecast,forecast,none,5,17,0.005,ok,0,2,7,9,1,6.2,9,PASS,,,1,1
2575,3,at_current_floor,100,2,1,round-robin,request,,40,1179,0.008,ok,52,488.45,682,75,91,521.475,711,PASS,,,1,1
2576,3,at_current_floor,100,2,1,round-robin,direction,,42,1173,0.017,ok,9,372.071,1159,90,16,404.857,1164,PASS,,,1,1
2577,3,at_current_floor,100,2,1,round-robin,forecast,80,58,1556,0.237,ok,4,316.483,680,94,10,346.793,749,PASS,,,1,1
2578,3,at_current_floor,100,2,1,round-robin,forecast,0,29,987,0.019,ok,2,237.345,579,97,14,274.379,645,PASS,,,1,1
2579,3,at_current_floor,100,2,1,round-robin,forecast,5,51,1457,0.135,ok,4,370.235,741,93,13,405.137,760,PASS,,,1,1
2580,3,at_current_floor,100,2,1,round-robin,forecast,none,4,175,0.001,ok,8,38.75,94,69,17,68.25,115,PASS,,,1,1
2581,3,at_current_floor,100,2,1,nearest,request,,265,10808,0.219,ok,79,3717.634,7439,95,85,3750.453,7527,PASS,,,1,1
2582,3,at_current_floor,100,2,1,nearest,direction,,88,2630,0.098,ok,0,567.977,2187,92,18,602.75,2196,PASS,,,1,1
2583,3,at_current_floor,100,2,1,nearest,forecast,80,21,646,0.011,ok,2,127.095,454,86,14,158.476,523,PASS,,,1,1
2584,3,at_current_floor,100,2,1,nearest,forecast,0,132,3410,0.738,ok,0,827.008,2506,88,5,858.591,2556,PASS,,,1,1
2585,3,at_current_floor,100,2,1,nearest,forecast,5,130,3833,0.798,ok,6,908.254,2202,96,14,942.915,2252,PASS,,,1,1
2586,3,at_current_floor,100,2,1,nearest,forecast,none,55,1861,0.43,ok,5,327.509,1291,90,22,366.527,1341,PASS,,,1,1
2587,3,at_current_floor,100,2,1,forecast,request,,83,2420,0.055,ok,23,905.169,1334,84,36,939.072,1381,PASS,,,1,1
2588,3,at_current_floor,100,2,1,forecast,direction,,85,1739,0.099,ok,3,320.294,1234,87,8,347.659,1253,PASS,,,1,1
2589,3,at_current_floor,100,2,1,forecast,forecast,80,61,1114,0.269,ok,0,283.033,621,73,7,311.164,694,PASS,,,1,1
2590,3,at_current_floor,100,2,1,forecast,forecast,0,131,2933,1.792,ok,9,647.878,1474,81,18,678.634,1545,PASS,,,1,1
2591,3,at_current_floor,100,2,1,forecast,forecast,5,2,77,0.001,ok,22,35.5,49,33,51,53,55,PASS,,,1,1
2592,3,at_current_floor,100,2,1,forecast,forecast,none,94,2022,0.736,ok,0,391.798,1640,98,9,425.5,1716,PASS,,,1,1
2593,4,up_peak,2,4,2,round-robin,request,,108,218,0.004,ok,0,0.87,1,1,1,1.87,2,PASS,,,1,1
2594,4,up_peak,2,4,2,round-robin,direction,,175,352,0.018,ok,0,0.909,1,1,1,1.909,2,PASS,,,1,1
2595,4,up_peak,2,4,2,round-robin,forecast,80,16,34,0.001,ok,0,0.625,1,1,1,1.625,2,PASS,,,1,1
2596,4,up_peak,2,4,2,round-robin,forecast,0,39,78,0.003,ok,0,0.897,1,1,1,1.897,2,PASS,,,1,1
2597,4,up_peak,2,4,2,round-robin,forecast,5,95,192,0.014,ok,0,0.884,1,1,1,1.884,2,PASS,,,1,1
2598,4,up_peak,2,4,2,round-robin,forecast,none,18,36,0.001,ok,0,0.667,1,1,1,1.667,2,PASS,,,1,1
2599,4,up_peak,2,4,2,nearest,request,,259,519,0.006,ok,0,0.757,4,1,1,1.757,5,PASS,,,1,1
2600,4,up_peak,2,4,2,nearest,direction,,121,243,0.019,ok,0,0.678,2,1,1,1.678,3,PASS,,,1,1
2601,4,up_peak,2,4,2,nearest,forecast,80,2,3,0.0,ok,0,0,0,1,1,1,1,PASS,,,1,1
2602,4,up_peak,2,4,2,nearest,forecast,0,37,73,0.019,ok,0,0.784,2,1,1,1.784,3,PASS,,,1,1
2603,4,up_peak,2,4,2,nearest,forecast,5,7,16,0.001,ok,0,0.429,1,1,1,1.429,2,PASS,,,1,1
2604,4,up_peak,2,4,2,nearest,forecast,none,33,66,0.003,ok,0,0.636,1,1,1,1.636,2,PASS,,,1,1
2605,4,up_peak,2,4,2,forecast,request,,40,82,0.007,ok,0,0.525,1,1,1,1.525,2,PASS,,,1,1
2606,4,up_peak,2,4,2,forecast,direction,,24,50,0.016,ok,0,0.542,1,1,1,1.542,2,PASS,,,1,1
2607,4,up_peak,2,4,2,forecast,forecast,80,132,266,0.048,ok,0,0.621,1,1,1,1.621,2,PASS,,,1,1
2608,4,up_peak,2,4,2,forecast,forecast,0,84,170,0.025,ok,0,0.738,1,1,1,1.738,2,PASS,,,1,1
2609,4,up_peak,2,4,2,forecast,forecast,5,111,223,0.042,ok,0,0.64,1,1,1,1.64,2,PASS,,,1,1
2610,4,up_peak,2,4,2,forecast,forecast,none,78,156,0.035,ok,0,0.692,1,1,1,1.692,2,PASS,,,1,1
2611,4,up_peak,100,1,2,round-robin,request,,16,1036,0.004,ok,0,433.562,945,95,9,490.688,1006,PASS,,,1,1
2612,4,up_peak,100,1,2,round-robin,direction,,61,4139,0.079,ok,0,1843.213,3971,98,40,1893.541,4017,PASS,,,1,1
2613,4,up_peak,100,1,2,round-robin,forecast,80,110,6725,4.332,ok,0,3016.273,6459,98,61,3069.155,6506,PASS,,,1,1
2614,4,up_peak,100,1,2,round-robin,forecast,0,31,2126,0.184,ok,0,978.258,1976,95,53,1027.129,2070,PASS,,,1,1
2615,4,up_peak,100,1,2,round-robin,forecast,5,123,6838,6.161,ok,0,3000.545,6514,99,48,3042.65,6599,PASS,,,1,1
2616,4,up_peak,100,1,2,round-robin,forecast,none,13,781,0.026,ok,10,330.154,667,91,68,388.615,758,PASS,,,1,1
2617,4,up_peak,100,1,2,nearest,request,,152,10445,0.722,ok,0,4834.75,10095,99,38,4887.316,10142,PASS,,,1,1
2618,4,up_peak,100,1,2,nearest,direction,,283,16910,1.781,ok,0,7475.166,16291,99,36,7522.562,16346,PASS,,,1,1
2619,4,up_peak,100,1,2,nearest,forecast,80,8,328,0.004,ok,5,145.875,276,61,66,183.875,312,PASS,,,1,1
2620,4,up_peak,100,1,2,nearest,forecast,0,64,4143,2.484,ok,0,1866.625,3931,99,35,1919.094,4017,PASS,,,1,1
2621,4,up_peak,100,1,2,nearest,forecast,5,5,428,0.002,ok,0,211.4,338,98,98,282.4,420,PASS,,,1,1
2622,4,up_peak,100,1,2,nearest,forecast,none,100,4772,3.338,ok,0,1662.87,4502,99,70,1709.37,4596,PASS,,,1,1
2623,4,up_peak,100,1,2,forecast,request,,74,5102,0.104,ok,0,2551.878,4896,98,49,2603.108,4957,PASS,,,1,1
2624,4,up_peak,100,1,2,forecast,direction,,114,6614,0.409,ok,0,3062.482,6347,99,22,3105.07,6391,PASS,,,1,1
2625,4,up_peak,100,1,2,forecast,forecast,80,15,971,0.055,ok,0,418.867,876,98,66,467.4,941,PASS,,,1,1
2626,4,up_peak,100,1,2,forecast,forecast,0,48,3037,1.285,ok,0,1387.312,2854,99,21,1437.75,2943,PASS,,,1,1
2627,4,up_peak,100,1,2,forecast,forecast,5,125,6964,11.476,ok,0,2840.736,6702,98,29,2886.56,6714,PASS,,,1,1
2628,4,up_peak,100,1,2,forecast,forecast,none,109,6035,7.917,ok,0,2316.477,5747,99,3,2367.404,5828,PASS,,,1,1
2629,4,down_peak,2,4,2,round-robin,request,,85,172,0.015,ok,0,0.859,1,1,1,1.859,2,PASS,,,1,1
2630,4,down_peak,2,4,2,round-robin,direction,,121,241,0.005,ok,0,0.884,1,1,1,1.884,2,PASS,,,1,1
2631,4,down_peak,2,4,2,round-robin,forecast,80,120,242,0.005,ok,0,0.917,1,1,1,1.917,2,PASS,,,1,1
2632,4,down_peak,2,4,2,round-robin,forecast,0,34,69,0.003,ok,1,1,1,1,2,2,2,PASS,,,1,1
2633,4,down_peak,2,4,2,round-robin,forecast,5,45,91,0.003,ok,0,0.867,1,1,1,1.867,2,PASS,,,1,1
2634,4,down_peak,2,4,2,round-robin,forecast,none,121,241,0.005,ok,0,0.884,1,1,1,1.884,2,PASS,,,1,1
2635,4,down_peak,2,4,2,nearest,request,,89,180,0.004,ok,0,0.685,1,1,1,1.685,2,PASS,,,1,1
2636,4,down_peak,2,4,2,nearest,direction,,81,161,0.004,ok,0,0.753,2,1,1,1.753,3,PASS,,,1,1
2637,4,down_peak,2,4,2,nearest,forecast,80,6,11,0.001,ok,0,0.833,2,1,1,1.833,3,PASS,,,1,1
2638,4,down_peak,2,4,2,nearest,forecast,0,119,237,0.006,ok,0,0.723,2,1,1,1.723,3,PASS,,,1,1
2639,4,down_peak,2,4,2,nearest,forecast,5,40,81,0.006,ok,0,0.8,2,1,1,1.8,3,PASS,,,1,1
2640,4,down_peak,2,4,2,nearest,forecast,none,137,268,0.007,ok,0,0.766,2,1,1,1.766,3,PASS,,,1,1
2641,4,down_peak,2,4,2,forecast,request,,92,182,0.019,ok,0,0.663,1,1,1,1.663,2,PASS,,,1,1
2642,4,down_peak,2,4,2,forecast,direction,,142,280,0.017,ok,0,0.718,1,1,1,1.718,2,PASS,,,1,1
2643,4,down_peak,2,4,2,forecast,forecast,80,8,17,0.003,ok,0,0.75,1,1,1,1.75,2,PASS,,,1,1
2644,4,down_peak,2,4,2,forecast,forecast,0,84,169,0.022,ok,0,0.667,1,1,1,1.667,2,PASS,,,1,1
2645,4,down_peak,2,4,2,forecast,forecast,5,38,76,0.017,ok,0,0.684,1,1,1,1.684,2,PASS,,,1,1
2646,4,down_peak,2,4,2,forecast,forecast,none,80,160,0.025,ok,0,0.675,1,1,1,1.675,2,PASS,,,1,1
2647,4,down_peak,100,10,1000,round-robin,request,,226,1858,0.054,ok,3,535.115,1351,99,9,581.752,1412,PASS,,,1,1
2648,4,down_peak,100,10,1000,round-robin,direction,,200,595,0.044,ok,0,83.38,191,99,19,135.095,274,PASS,,,1,1
2649,4,down_peak,100,10,1000,round-robin,forecast,80,126,600,0.06,ok,0,90.238,325,98,6,136.897,421,PASS,,,1,1
2650,4,down_peak,100,10,1000,round-robin,forecast,0,110,557,0.028,ok,0,104.5,403,98,8,156.118,501,PASS,,,1,1
2651,4,down_peak,100,10,1000,round-robin,forecast,5,57,401,0.015,ok,1,76.211,246,98,2,123.333,344,PASS,,,1,1
2652,4,down_peak,100,10,1000,round-robin,forecast,none,125,484,0.051,ok,2,79.184,291,98,8,126.488,387,PASS,,,1,1
2653,4,down_peak,100,10,1000,nearest,request,,221,2248,0.054,ok,1,496.543,1792,96,2,545.063,1840,PASS,,,1,1
2654,4,down_peak,100,10,1000,nearest,direction,,289,746,0.046,ok,0,36.955,184,99,1,84.73,274,PASS,,,1,1
2655,4,down_peak,100,10,1000,nearest,forecast,80,26,315,0.027,ok,1,66.808,203,93,2,116.308,286,PASS,,,1,1
2656,4,down_peak,100,10,1000,nearest,forecast,0,113,937,0.071,ok,0,145.381,618,99,2,203.239,717,PASS,,,1,1
2657,4,down_peak,100,10,1000,nearest,forecast,5,122,588,0.111,ok,0,79.648,378,99,2,124.5,466,PASS,,,1,1
2658,4,down_peak,100,10,1000,nearest,forecast,none,106,352,0.044,ok,0,40.566,145,99,2,84.179,239,PASS,,,1,1
2659,4,down_peak,100,10,1000,forecast,request,,64,330,0.061,ok,0,43.438,113,98,7,92.656,211,PASS,,,1,1
2660,4,down_peak,100,10,1000,forecast,direction,,68,297,0.072,ok,0,25.912,100,99,2,68.015,177,PASS,,,1,1
2661,4,down_peak,100,10,1000,forecast,forecast,80,57,207,0.449,ok,0,27.544,99,98,2,74.667,196,PASS,,,1,1
2662,4,down_peak,100,10,1000,forecast,forecast,0,37,196,0.142,ok,1,38.216,96,96,16,94.784,192,PASS,,,1,1
2663,4,down_peak,100,10,1000,forecast,forecast,5,112,416,0.233,ok,0,25.125,99,98,2,71.768,196,PASS,,,1,1
2664,4,down_peak,100,10,1000,forecast,forecast,none,92,350,0.246,ok,0,26.587,103,95,2,75.261,198,PASS,,,1,1
2665,4,lunch,2,4,2,round-robin,request,,112,224,0.004,ok,0,0.429,1,1,1,1.429,2,PASS,,,1,1
2666,4,lunch,2,4,2,round-robin,direction,,141,282,0.005,ok,0,0.468,1,1,1,1.468,2,PASS,,,1,1
2667,4,lunch,2,4,2,round-robin,forecast,80,29,60,0.002,ok,0,0.483,1,1,1,1.483,2,PASS,,,1,1
2668,4,lunch,2,4,2,round-robin,forecast,0,29,60,0.002,ok,0,0.483,1,1,1,1.483,2,PASS,,,1,1
2669,4,lunch,2,4,2,round-robin,forecast,5,22,46,0.002,ok,0,0.364,1,1,1,1.364,2,PASS,,,1,1
2670,4,lunch,2,4,2,round-robin,forecast,none,97,195,0.004,ok,0,0.526,1,1,1,1.526,2,PASS,,,1,1
2671,4,lunch,2,4,2,nearest,request,,266,532,0.005,ok,0,0.158,1,1,1,1.158,2,PASS,,,1,1
2672,4,lunch,2,4,2,nearest,direction,,255,508,0.015,ok,0,0.18,2,1,1,1.18,3,PASS,,,1,1
2673,4,lunch,2,4,2,nearest,forecast,80,87,175,0.012,ok,0,0.172,1,1,1,1.172,2,PASS,,,1,1
2674,4,lunch,2,4,2,nearest,forecast,0,113,227,0.01,ok,0,0.133,1,1,1,1.133,2,PASS,,,1,1
2675,4,lunch,2,4,2,nearest,forecast,5,33,67,0.002,ok,0,0.152,1,1,1,1.152,2,PASS,,,1,1
2676,4,lunch,2,4,2,nearest,forecast,none,94,184,0.009,ok,0,0.191,1,1,1,1.191,2,PASS,,,1,1
2677,4,lunch,2,4,2,forecast,request,,3,7,0.001,ok,0,0.667,1,1,1,1.667,2,PASS,,,1,1
2678,4,lunch,2,4,2,forecast,direction,,26,53,0.025,ok,0,0.269,1,1,1,1.269,2,PASS,,,1,1
2679,4,lunch,2,4,2,forecast,forecast,80,84,167,0.024,ok,0,0.179,1,1,1,1.179,2,PASS,,,1,1
2680,4,lunch,2,4,2,forecast,forecast,0,148,297,0.035,ok,0,0.176,1,1,1,1.176,2,PASS,,,1,1
2681,4,lunch,2,4,2,forecast,forecast,5,54,108,0.041,ok,0,0.111,1,1,1,1.111,2,PASS,,,1,1
2682,4,lunch,2,4,2,forecast,forecast,none,72,145,0.018,ok,0,0.208,1,1,1,1.208,2,PASS,,,1,1
2683,4,lunch,100,1,1,round-robin,request,,269,20851,0.379,ok,0,9940.963,20242,99,39,9983.881,20313,PASS,,,1,1
2684,4,lunch,100,1,1,round-robin,direction,,15,1132,0.005,ok,0,516.2,1079,98,98,567.467,1102,PASS,,,1,1
2685,4,lunch,100,1,1,round-robin,forecast,80,51,3164,1.887,ok,0,1351.784,2963,99,55,1399.745,3062,PASS,,,1,1
2686,4,lunch,100,1,1,round-robin,forecast,0,83,5632,2.092,ok,0,2365.518,5372,99,8,2415.446,5466,PASS,,,1,1
2687,4,lunch,100,1,1,round-robin,forecast,5,133,8017,7.291,ok,2,3435.18,7733,99,4,3483.195,7753,PASS,,,1,1
2688,4,lunch,100,1,1,round-robin,forecast,none,126,6913,6.856,ok,0,2177.905,6677,99,5,2222.024,6775,PASS,,,1,1
2689,4,lunch,100,1,1,nearest,request,,20,1471,0.005,ok,53,670.35,1412,83,106,711.35,1436,PASS,,,1,1
2690,4,lunch,100,1,1,nearest,direction,,4,375,0.001,ok,0,211.5,367,83,83,254.5,368,PASS,,,1,1
2691,4,lunch,100,1,1,nearest,forecast,80,108,6001,3.986,ok,3,2416.472,5722,98,8,2461.593,5785,PASS,,,1,1
2692,4,lunch,100,1,1,nearest,forecast,0,61,3400,0.868,ok,29,1446.082,3217,99,82,1491.443,3279,PASS,,,1,1
2693,4,lunch,100,1,1,nearest,forecast,5,89,5068,2.437,ok,25,2321.955,4822,95,32,2369,4899,PASS,,,1,1
2694,4,lunch,100,1,1,nearest,forecast,none,111,6289,3.931,ok,4,2020.811,6008,99,6,2068.586,6106,PASS,,,1,1
2695,4,lunch,100,1,1,forecast,request,,150,11466,0.222,ok,0,5386.693,11084,93,53,5430.613,11167,PASS,,,1,1
2696,4,lunch,100,1,1,forecast,direction,,150,9162,2.373,ok,0,3962.587,8871,93,36,4006.507,8873,PASS,,,1,1
2697,4,lunch,100,1,1,forecast,forecast,80,16,1007,0.076,ok,4,452.812,924,90,54,495.562,983,PASS,,,1,1
2698,4,lunch,100,1,1,forecast,forecast,0,9,811,0.012,ok,3,278.111,718,95,32,333,793,PASS,,,1,1
2699,4,lunch,100,1,1,forecast,forecast,5,7,708,0.006,ok,0,249.429,608,96,24,316.857,697,PASS,,,1,1
2700,4,lunch,100,1,1,forecast,forecast,none,55,2986,1.939,ok,1,921.127,2872,96,12,966.218,2968,PASS,,,1,1
2701,4,interfloor,2,4,2,round-robin,request,,284,570,0.005,ok,0,0.539,1,1,1,1.539,2,PASS,,,1,1
2702,4,interfloor,2,4,2,round-robin,direction,,182,366,0.004,ok,0,0.511,1,1,1,1.511,2,PASS,,,1,1
2703,4,interfloor,2,4,2,round-robin,forecast,80,100,201,0.004,ok,0,0.51,1,1,1,1.51,2,PASS,,,1,1
2704,4,interfloor,2,4,2,round-robin,forecast,0,62,126,0.003,ok,0,0.403,1,1,1,1.403,2,PASS,,,1,1
2705,4,interfloor,2,4,2,round-robin,forecast,5,66,132,0.003,ok,0,0.455,1,1,1,1.455,2,PASS,,,1,1
2706,4,interfloor,2,4,2,round-robin,forecast,none,100,201,0.004,ok,0,0.51,1,1,1,1.51,2,PASS,,,1,1
2707,4,interfloor,2,4,2,nearest,request,,139,279,0.005,ok,0,0.158,1,1,1,1.158,2,PASS,,,1,1
2708,4,interfloor,2,4,2,nearest,direction,,127,255,0.005,ok,0,0.126,1,1,1,1.126,2,PASS,,,1,1
2709,4,interfloor,2,4,2,nearest,forecast,80,87,173,0.009,ok,0,0.276,2,1,1,1.276,3,PASS,,,1,1
2710,4,interfloor,2,4,2,nearest,forecast,0,133,263,0.005,ok,0,0.233,1,1,1,1.233,2,PASS,,,1,1
2711,4,interfloor,2,4,2,nearest,forecast,5,46,89,0.016,ok,0,0.261,2,1,1,1.261,3,PASS,,,1,1
2712,4,interfloor,2,4,2,nearest,forecast,none,66,132,0.003,ok,0,0.136,1,1,1,1.136,2,PASS,,,1,1
2713,4,interfloor,2,4,2,forecast,request,,137,274,0.013,ok,0,0.109,1,1,1,1.109,2,PASS,,,1,1
2714,4,interfloor,2,4,2,forecast,direction,,60,121,0.012,ok,0,0.133,1,1,1,1.133,2,PASS,,,1,1
2715,4,interfloor,2,4,2,forecast,forecast,80,10,22,0.004,ok,0,0.4,1,1,1,1.4,2,PASS,,,1,1
2716,4,interfloor,2,4,2,forecast,forecast,0,3,3,0.002,ok,0,0.667,1,1,1,1.667,2,PASS,,,1,1
2717,4,interfloor,2,4,2,forecast,forecast,5,88,177,0.02,ok,0,0.239,1,1,1,1.239,2,PASS,,,1,1
2718,4,interfloor,2,4,2,forecast,forecast,none,49,100,0.029,ok,0,0.224,1,1,1,1.224,2,PASS,,,1,1
2719,4,interfloor,3,1,10,round-robin,request,,48,98,0.002,ok,0,2.604,8,2,1,3.938,9,PASS,,,1,1
2720,4,interfloor,3,1,10,round-robin,direction,,162,327,0.018,ok,0,1.346,3,2,1,2.698,5,PASS,,,1,1
2721,4,interfloor,3,1,10,round-robin,forecast,80,119,241,0.011,ok,0,1.429,3,2,1,2.807,5,PASS,,,1,1
2722,4,interfloor,3,1,10,round-robin,forecast,0,20,42,0.002,ok,0,1.55,3,2,1,2.7,5,PASS,,,1,1
2723,4,interfloor,3,1,10,round-robin,forecast,5,36,72,0.005,ok,0,1.361,3,2,1,2.778,5,PASS,,,1,1
2724,4,interfloor,3,1,10,round-robin,forecast,none,134,267,0.009,ok,0,1.246,4,2,1,2.545,6,PASS,,,1,1
2725,4,interfloor,3,1,10,nearest,request,,87,179,0.005,ok,0,5.126,23,2,1,6.437,24,PASS,,,1,1
2726,4,interfloor,3,1,10,nearest,direction,,117,232,0.018,ok,0,1.179,3,2,1,2.496,5,PASS,,,1,1
2727,4,interfloor,3,1,10,nearest,forecast,80,5,11,0.001,ok,0,1.8,3,2,1,3,4,PASS,,,1,1
2728,4,interfloor,3,1,10,nearest,forecast,0,132,268,0.009,ok,0,1.144,4,2,1,2.462,6,PASS,,,1,1
2729,4,interfloor,3,1,10,nearest,forecast,5,138,269,0.012,ok,0,1.377,4,2,1,2.659,6,PASS,,,1,1
2730,4,interfloor,3,1,10,nearest,forecast,none,78,159,0.007,ok,0,1.256,3,2,1,2.59,5,PASS,,,1,1
2731,4,interfloor,3,1,10,forecast,request,,116,234,0.008,ok,0,2.836,12,2,1,4.19,14,PASS,,,1,1
2732,4,interfloor,3,1,10,forecast,direction,,137,275,0.016,ok,0,1.343,3,2,1,2.686,5,PASS,,,1,1
2733,4,interfloor,3,1,10,forecast,forecast,80,27,54,0.007,ok,0,0.963,3,2,1,2.444,4,PASS,,,1,1
2734,4,interfloor,3,1,10,forecast,forecast,0,127,255,0.046,ok,0,1.339,4,2,1,2.717,6,PASS,,,1,1
2735,4,interfloor,3,1,10,forecast,forecast,5,58,117,0.021,ok,0,1.121,3,2,1,2.431,5,PASS,,,1,1
2736,4,interfloor,3,1,10,forecast,forecast,none,69,138,0.03,ok,0,1.319,4,2,1,2.551,5,PASS,,,1,1
2737,4,hot_floor,2,4,2,round-robin,request,,292,584,0.006,ok,0,0.507,1,1,1,1.507,2,PASS,,,1,1
2738,4,hot_floor,2,4,2,round-robin,direction,,281,562,0.011,ok,0,0.52,1,1,1,1.52,2,PASS,,,1,1
2739,4,hot_floor,2,4,2,round-robin,forecast,80,95,189,0.006,ok,0,0.453,1,1,1,1.453,2,PASS,,,1,1
2740,4,hot_floor,2,4,2,round-robin,forecast,0,78,158,0.01,ok,0,0.5,1,1,1,1.5,2,PASS,,,1,1
2741,4,hot_floor,2,4,2,round-robin,forecast,5,131,262,0.005,ok,0,0.511,1,1,1,1.511,2,PASS,,,1,1
2742,4,hot_floor,2,4,2,round-robin,forecast,none,8,13,0.001,ok,0,0.5,1,1,1,1.5,2,PASS,,,1,1
2743,4,hot_floor,2,4,2,nearest,request,,184,364,0.013,ok,0,0.234,2,1,1,1.234,3,PASS,,,1,1
2744,4,hot_floor,2,4,2,nearest,direction,,226,450,0.019,ok,0,0.204,2,1,1,1.204,3,PASS,,,1,1
2745,4,hot_floor,2,4,2,nearest,forecast,80,55,111,0.005,ok,0,0.127,1,1,1,1.127,2,PASS,,,1,1
2746,4,hot_floor,2,4,2,nearest,forecast,0,62,125,0.003,ok,0,0.177,1,1,1,1.177,2,PASS,,,1,1
2747,4,hot_floor,2,4,2,nearest,forecast,5,60,119,0.004,ok,0,0.2,1,1,1,1.2,2,PASS,,,1,1
2748,4,hot_floor,2,4,2,nearest,forecast,none,125,250,0.006,ok,0,0.152,1,1,1,1.152,2,PASS,,,1,1
2749,4,hot_floor,2,4,2,forecast,request,,105,201,0.013,ok,0,0.124,1,1,1,1.124,2,PASS,,,1,1
2750,4,hot_floor,2,4,2,forecast,direction,,119,240,0.023,ok,0,0.168,1,1,1,1.168,2,PASS,,,1,1
2751,4,hot_floor,2,4,2,forecast,forecast,80,8,13,0.004,ok,0,0.5,1,1,1,1.5,2,PASS,,,1,1
2752,4,hot_floor,2,4,2,forecast,forecast,0,99,195,0.024,ok,0,0.162,1,1,1,1.162,2,PASS,,,1,1
2753,4,hot_floor,2,4,2,forecast,forecast,5,133,267,0.068,ok,0,0.203,1,1,1,1.203,2,PASS,,,1,1
2754,4,hot_floor,2,4,2,forecast,forecast,none,23,44,0.009,ok,0,0.217,1,1,1,1.217,2,PASS,,,1,1
2755,4,hot_floor,3,10,1,round-robin,request,,55,110,0.002,ok,0,0.818,2,2,1,2.345,4,PASS,,,1,1
2756,4,hot_floor,3,10,1,round-robin,direction,,192,384,0.005,ok,0,0.734,2,1,1,1.734,3,PASS,,,1,1
2757,4,hot_floor,3,10,1,round-robin,forecast,80,89,179,0.007,ok,0,0.843,2,2,1,2.371,4,PASS,,,1,1
2758,4,hot_floor,3,10,1,round-robin,forecast,0,4,9,0.0,ok,0,0.25,1,2,1,1.75,2,PASS,,,1,1
2759,4,hot_floor,3,10,1,round-robin,forecast,5,130,264,0.006,ok,0,0.754,2,2,1,2.238,4,PASS,,,1,1
2760,4,hot_floor,3,10,1,round-robin,forecast,none,45,92,0.004,ok,0,0.956,2,2,1,2.533,4,PASS,,,1,1
2761,4,hot_floor,3,10,1,nearest,request,,51,103,0.002,ok,0,0.157,2,2,1,1.647,3,PASS,,,1,1
2762,4,hot_floor,3,10,1,nearest,direction,,198,396,0.006,ok,0,0.258,4,1,1,1.258,5,PASS,,,1,1
2763,4,hot_floor,3,10,1,nearest,forecast,80,80,161,0.013,ok,0,0.275,2,1,1,1.275,3,PASS,,,1,1
2764,4,hot_floor,3,10,1,nearest,forecast,0,25,52,0.003,ok,0,0.92,4,2,1,2.48,6,PASS,,,1,1
2765,4,hot_floor,3,10,1,nearest,forecast,5,34,68,0.003,ok,0,0.559,3,1,1,1.559,4,PASS,,,1,1
2766,4,hot_floor,3,10,1,nearest,forecast,none,104,206,0.013,ok,0,0.231,4,2,1,1.731,6,PASS,,,1,1
2767,4,hot_floor,3,10,1,forecast,request,,116,233,0.065,ok,0,0.172,1,2,1,1.629,3,PASS,,,1,1
2768,4,hot_floor,3,10,1,forecast,direction,,135,270,0.098,ok,0,0.185,2,1,1,1.185,3,PASS,,,1,1
2769,4,hot_floor,3,10,1,forecast,forecast,80,145,290,0.084,ok,0,0.172,2,2,1,1.566,4,PASS,,,1,1
2770,4,hot_floor,3,10,1,forecast,forecast,0,36,69,0.044,ok,0,0.083,1,2,1,1.667,3,PASS,,,1,1
2771,4,hot_floor,3,10,1,forecast,forecast,5,125,251,0.085,ok,0,0.368,2,2,1,1.848,4,PASS,,,1,1
2772,4,hot_floor,3,10,1,forecast,forecast,none,107,215,0.087,ok,0,0.542,2,2,1,1.935,4,PASS,,,1,1
2773,4,all_at_0,2,4,2,round-robin,request,,189,43,0.409,ok,0,19.349,42,1,1,20.349,43,PASS,,,1,1
2774,4,all_at_0,2,4,2,round-robin,direction,,134,20,0.029,ok,0,8,19,1,1,9,20,PASS,,,1,1
2775,4,all_at_0,2,4,2,round-robin,forecast,80,14,4,0.002,ok,0,0.786,3,1,1,1.786,4,PASS,,,1,1
2776,4,all_at_0,2,4,2,round-robin,forecast,0,48,8,0.046,ok,0,2.812,7,1,1,3.812,8,PASS,,,1,1
2777,4,all_at_0,2,4,2,round-robin,forecast,5,22,4,0.006,ok,0,1.136,3,1,1,2.136,4,PASS,,,1,1
2778,4,all_at_0,2,4,2,round-robin,forecast,none,4,1,0.0,ok,0,0,0,1,1,1,1,PASS,,,1,1
2779,4,all_at_0,2,4,2,nearest,request,,255,52,0.068,ok,0,23.604,51,1,1,24.604,52,PASS,,,1,1
2780,4,all_at_0,2,4,2,nearest,direction,,122,20,0.032,ok,0,7.385,19,1,1,8.385,20,PASS,,,1,1
2781,4,all_at_0,2,4,2,nearest,forecast,80,13,4,0.002,ok,0,0.769,3,1,1,1.769,4,PASS,,,1,1
2782,4,all_at_0,2,4,2,nearest,forecast,0,48,8,0.034,ok,0,2.812,7,1,1,3.812,8,PASS,,,1,1
2783,4,all_at_0,2,4,2,nearest,forecast,5,44,8,0.046,ok,0,2.5,7,1,1,3.5,8,PASS,,,1,1
2784,4,all_at_0,2,4,2,nearest,forecast,none,14,4,0.002,ok,0,0.786,3,1,1,1.786,4,PASS,,,1,1
2785,4,all_at_0,2,4,2,forecast,request,,60,12,0.072,ok,1,5.767,11,1,2,6.767,12,PASS,,,1,1
2786,4,all_at_0,2,4,2,forecast,direction,,37,6,0.021,ok,0,1.946,5,1,1,2.946,6,PASS,,,1,1
2787,4,all_at_0,2,4,2,forecast,forecast,80,16,4,0.043,ok,0,0.688,3,1,1,1.688,4,PASS,,,1,1
2788,4,all_at_0,2,4,2,forecast,forecast,0,20,4,0.044,ok,0,1,3,1,1,2,4,PASS,,,1,1
2789,4,all_at_0,2,4,2,forecast,forecast,5,26,4,0.064,ok,0,1.385,3,1,1,2.385,4,PASS,,,1,1
2790,4,all_at_0,2,4,2,forecast,forecast,none,38,6,0.189,ok,0,1.974,5,1,1,2.974,6,PASS,,,1,1
2791,4,all_at_0,3,4,2,round-robin,request,,282,119,0.132,ok,1,57.649,118,2,2,58.975,119,PASS,,,1,1
2792,4,all_at_0,3,4,2,round-robin,direction,,93,24,0.017,ok,0,8.419,22,2,1,9.774,24,PASS,,,1,1
2793,4,all_at_0,3,4,2,round-robin,forecast,80,54,12,0.064,ok,0,4.167,11,2,1,5.537,12,PASS,,,1,1
2794,4,all_at_0,3,4,2,round-robin,forecast,0,28,10,0.021,ok,0,2.964,9,2,1,4.286,10,PASS,,,1,1
2795,4,all_at_0,3,4,2,round-robin,forecast,5,19,8,0.019,ok,0,1.789,6,2,1,3.316,8,PASS,,,1,1
2796,4,all_at_0,3,4,2,round-robin,forecast,none,28,10,0.024,ok,0,2.893,9,2,1,4.214,10,PASS,,,1,1
2797,4,all_at_0,3,4,2,nearest,request,,149,70,0.066,ok,0,30.04,68,2,1,31.396,70,PASS,,,1,1
2798,4,all_at_0,3,4,2,nearest,direction,,15,8,0.001,ok,0,2.333,6,2,1,3.933,8,PASS,,,1,1
2799,4,all_at_0,3,4,2,nearest,forecast,80,23,9,0.012,ok,0,2.435,8,2,1,3.696,9,PASS,,,1,1
2800,4,all_at_0,3,4,2,nearest,forecast,0,14,5,0.002,ok,0,1.5,4,2,1,3,5,PASS,,,1,1
2801,4,all_at_0,3,4,2,nearest,forecast,5,2,2,0.0,ok,0,0,0,2,1,1.5,2,PASS,,,1,1
2802,4,all_at_0,3,4,2,nearest,forecast,none,50,13,0.204,ok,0,4.12,12,2,1,5.34,13,PASS,,,1,1
2803,4,all_at_0,3,4,2,forecast,request,,59,18,0.289,ok,0,8.508,16,2,1,9.864,18,PASS,,,1,1
2804,4,all_at_0,3,4,2,forecast,direction,,55,13,0.065,ok,0,4.727,12,2,1,6.145,13,PASS,,,1,1
2805,4,all_at_0,3,4,2,forecast,forecast,80,39,8,0.208,ok,0,2.436,6,2,1,3.615,8,PASS,,,1,1
2806,4,all_at_0,3,4,2,forecast,forecast,0,53,10,0.402,ok,0,3.774,9,2,1,5.057,10,PASS,,,1,1
2807,4,all_at_0,3,4,2,forecast,forecast,5,4,4,0.002,ok,0,0.75,2,2,1,2,4,PASS,,,1,1
2808,4,all_at_0,3,4,2,forecast,forecast,none,32,7,0.148,ok,0,1.938,6,2,1,3.25,7,PASS,,,1,1
2809,4,bursts,2,4,2,round-robin,request,,294,1334,0.009,ok,0,1.116,4,1,1,2.116,5,PASS,,,1,1
2810,4,bursts,2,4,2,round-robin,direction,,58,307,0.003,ok,0,0.655,3,1,1,1.655,4,PASS,,,1,1
2811,4,bursts,2,4,2,round-robin,forecast,80,145,791,0.01,ok,0,0.648,3,1,1,1.648,4,PASS,,,1,1
2812,4,bursts,2,4,2,round-robin,forecast,0,131,444,0.011,ok,0,0.679,3,1,1,1.679,4,PASS,,,1,1
2813,4,bursts,2,4,2,round-robin,forecast,5,115,603,0.019,ok,0,0.678,3,1,1,1.678,4,PASS,,,1,1
2814,4,bursts,2,4,2,round-robin,forecast,none,102,572,0.022,ok,0,0.588,3,1,1,1.588,4,PASS,,,1,1
2815,4,bursts,2,4,2,nearest,request,,281,1204,0.008,ok,0,0.811,6,1,1,1.811,7,PASS,,,1,1
2816,4,bursts,2,4,2,nearest,direction,,187,879,0.005,ok,0,0.561,4,1,1,1.561,5,PASS,,,1,1
2817,4,bursts,2,4,2,nearest,forecast,80,121,548,0.042,ok,0,1.355,12,1,1,2.355,13,PASS,,,1,1
2818,4,bursts,2,4,2,nearest,forecast,0,53,268,0.021,ok,0,0.755,6,1,1,1.755,7,PASS,,,1,1
2819,4,bursts,2,4,2,nearest,forecast,5,137,658,0.016,ok,0,0.891,6,1,1,1.891,7,PASS,,,1,1
2820,4,bursts,2,4,2,nearest,forecast,none,119,514,0.015,ok,0,0.807,8,1,1,1.807,9,PASS,,,1,1
2821,4,bursts,2,4,2,forecast,request,,9,99,0.002,ok,0,0.111,1,1,1,1.111,2,PASS,,,1,1
2822,4,bursts,2,4,2,forecast,direction,,4,2,0.001,ok,0,0.5,1,1,1,1.5,2,PASS,,,1,1
2823,4,bursts,2,4,2,forecast,forecast,80,13,22,0.02,ok,0,0.308,1,1,1,1.308,2,PASS,,,1,1
2824,4,bursts,2,4,2,forecast,forecast,0,41,168,0.045,ok,0,0.39,1,1,1,1.39,2,PASS,,,1,1
2825,4,bursts,2,4,2,forecast,forecast,5,7,2,0.005,ok,0,0.571,1,1,1,1.571,2,PASS,,,1,1
2826,4,bursts,2,4,2,forecast,forecast,none,105,573,0.074,ok,0,0.2,1,1,1,1.2,2,PASS,,,1,1
2827,4,bursts,10,1,2,round-robin,request,,199,1221,0.065,ok,4,75.256,173,9,7,78.749,175,PASS,,,1,1
2828,4,bursts,10,1,2,round-robin,direction,,165,1021,0.019,ok,0,14.479,68,9,2,18.139,70,PASS,,,1,1
2829,4,bursts,10,1,2,round-robin,forecast,80,46,295,0.046,ok,0,16.696,49,8,1,19.978,57,PASS,,,1,1
2830,4,bursts,10,1,2,round-robin,forecast,0,11,124,0.003,ok,0,7.636,27,6,2,10.909,33,PASS,,,1,1
2831,4,bursts,10,1,2,round-robin,forecast,5,53,387,0.05,ok,0,14.17,45,9,2,17.906,52,PASS,,,1,1
2832,4,bursts,10,1,2,round-robin,forecast,none,51,264,0.091,ok,0,13.608,46,9,3,17,50,PASS,,,1,1
2833,4,bursts,10,1,2,nearest,request,,144,1018,0.033,ok,0,60.59,170,9,5,64.062,175,PASS,,,1,1
2834,4,bursts,10,1,2,nearest,direction,,249,1379,0.021,ok,0,14.47,49,9,1,17.932,52,PASS,,,1,1
2835,4,bursts,10,1,2,nearest,forecast,80,147,1059,0.062,ok,0,14.224,52,9,1,18.007,57,PASS,,,1,1
2836,4,bursts,10,1,2,nearest,forecast,0,93,430,0.104,ok,0,16.516,50,9,3,20.118,52,PASS,,,1,1
2837,4,bursts,10,1,2,nearest,forecast,5,34,240,0.016,ok,1,11.206,41,7,2,14.647,45,PASS,,,1,1
2838,4,bursts,10,1,2,nearest,forecast,none,88,637,0.112,ok,0,12.034,41,8,1,15.432,48,PASS,,,1,1
2839,4,bursts,10,1,2,forecast,request,,51,303,0.06,ok,2,49.941,96,9,4,53.333,100,PASS,,,1,1
2840,4,bursts,10,1,2,forecast,direction,,105,537,0.041,ok,0,14.029,56,9,1,17.381,58,PASS,,,1,1
2841,4,bursts,10,1,2,forecast,forecast,80,144,1004,0.143,ok,0,14.347,57,9,2,17.819,66,PASS,,,1,1
2842,4,bursts,10,1,2,forecast,forecast,0,9,49,0.006,ok,4,14.111,26,8,7,18.778,33,PASS,,,1,1
2843,4,bursts,10,1,2,forecast,forecast,5,106,643,0.191,ok,0,16.557,66,9,1,20.434,73,PASS,,,1,1
2844,4,bursts,10,1,2,forecast,forecast,none,52,299,0.117,ok,0,13.442,56,9,2,16.923,61,PASS,,,1,1
2845,4,sparse,2,4,2,round-robin,request,,236,930,0.005,ok,0,0.517,1,1,1,1.517,2,PASS,,,1,1
2846,4,sparse,2,4,2,round-robin,direction,,13,58,0.001,ok,0,0.462,1,1,1,1.462,2,PASS,,,1,1
2847,4,sparse,2,4,2,round-robin,forecast,80,12,56,0.001,ok,0,0.5,1,1,1,1.5,2,PASS,,,1,1
2848,4,sparse,2,4,2,round-robin,forecast,0,142,589,0.006,ok,0,0.465,1,1,1,1.465,2,PASS,,,1,1
2849,4,sparse,2,4,2,round-robin,forecast,5,138,580,0.006,ok,0,0.464,1,1,1,1.464,2,PASS,,,1,1
2850,4,sparse,2,4,2,round-robin,forecast,none,127,478,0.006,ok,0,0.488,1,1,1,1.488,2,PASS,,,1,1
2851,4,sparse,2,4,2,nearest,request,,250,1033,0.006,ok,0,0.224,1,1,1,1.224,2,PASS,,,1,1
2852,4,sparse,2,4,2,nearest,direction,,107,438,0.005,ok,0,0.065,1,1,1,1.065,2,PASS,,,1,1
2853,4,sparse,2,4,2,nearest,forecast,80,136,550,0.015,ok,0,0.228,1,1,1,1.228,2,PASS,,,1,1
2854,4,sparse,2,4,2,nearest,forecast,0,50,205,0.053,ok,0,0.28,1,1,1,1.28,2,PASS,,,1,1
2855,4,sparse,2,4,2,nearest,forecast,5,111,462,0.005,ok,0,0.198,1,1,1,1.198,2,PASS,,,1,1
2856,4,sparse,2,4,2,nearest,forecast,none,114,474,0.005,ok,0,0.193,1,1,1,1.193,2,PASS,,,1,1
2857,4,sparse,2,4,2,forecast,request,,87,336,0.023,ok,0,0.172,1,1,1,1.172,2,PASS,,,1,1
2858,4,sparse,2,4,2,forecast,direction,,8,38,0.002,ok,0,0.25,1,1,1,1.25,2,PASS,,,1,1
2859,4,sparse,2,4,2,forecast,forecast,80,89,366,0.037,ok,0,0.169,1,1,1,1.169,2,PASS,,,1,1
2860,4,sparse,2,4,2,forecast,forecast,0,143,568,0.028,ok,0,0.077,1,1,1,1.077,2,PASS,,,1,1
2861,4,sparse,2,4,2,forecast,forecast,5,147,569,0.028,ok,0,0.19,1,1,1,1.19,2,PASS,,,1,1
2862,4,sparse,2,4,2,forecast,forecast,none,91,382,0.029,ok,0,0.275,1,1,1,1.275,2,PASS,,,1,1
2863,4,sparse,100,1,1,round-robin,request,,140,28431,0.056,ok,1,31.214,93,96,2,62.086,166,PASS,,,1,1
2864,4,sparse,100,1,1,round-robin,direction,,19,3797,0.008,ok,3,33.684,68,70,35,70.526,116,PASS,,,1,1
2865,4,sparse,100,1,1,round-robin,forecast,80,18,3709,0.011,ok,5,39.556,84,92,20,85.667,150,PASS,,,1,1
2866,4,sparse,100,1,1,round-robin,forecast,0,102,20565,0.05,ok,0,38.686,92,92,1,68.814,175,PASS,,,1,1
2867,4,sparse,100,1,1,round-robin,forecast,5,20,3590,0.008,ok,1,30.6,97,84,27,58.05,98,PASS,,,1,1
2868,4,sparse,100,1,1,round-robin,forecast,none,150,29996,0.042,ok,0,34.033,90,93,5,64.507,169,PASS,,,1,1
2869,4,sparse,100,1,1,nearest,request,,210,40598,0.098,ok,0,32.624,94,94,1,66.114,171,PASS,,,1,1
2870,4,sparse,100,1,1,nearest,direction,,96,18477,0.037,ok,1,31.646,93,91,7,63.865,173,PASS,,,1,1
2871,4,sparse,100,1,1,nearest,forecast,80,102,20565,0.039,ok,0,38.686,92,92,1,68.814,175,PASS,,,1,1
2872,4,sparse,100,1,1,nearest,forecast,0,63,13366,0.267,ok,1,34.159,86,83,4,67.365,152,PASS,,,1,1
2873,4,sparse,100,1,1,nearest,forecast,5,23,4370,0.029,ok,2,29.783,71,76,18,62.043,145,PASS,,,1,1
2874,4,sparse,100,1,1,nearest,forecast,none,3,762,0.002,ok,49,60.667,82,61,99,105.333,110,PASS,,,1,1
2875,4,sparse,100,1,1,forecast,request,,50,10158,0.126,ok,0,36.88,92,96,15,73.44,178,PASS,,,1,1
2876,4,sparse,100,1,1,forecast,direction,,58,11714,0.132,ok,1,32.931,101,87,6,64.897,157,PASS,,,1,1
2877,4,sparse,100,1,1,forecast,forecast,80,51,9708,0.042,ok,1,35.608,158,83,11,69.412,187,PASS,,,1,1
2878,4,sparse,100,1,1,forecast,forecast,0,75,14814,0.02,ok,0,32.653,87,94,7,66.867,151,PASS,,,1,1
2879,4,sparse,100,1,1,forecast,forecast,5,62,12329,0.02,ok,3,34.29,94,97,15,70.726,161,PASS,,,1,1
2880,4,sparse,100,1,1,forecast,forecast,none,104,20377,0.043,ok,1,35.413,89,98,8,71.221,160,PASS,,,1,1
2881,4,starvation,2,4,2,round-robin,request,,41,15,0.001,ok,0,0.61,1,1,1,1.61,2,PASS,,,1,1
2882,4,starvation,2,4,2,round-robin,direction,,80,28,0.003,ok,0,0.65,1,1,1,1.65,2,PASS,,,1,1
2883,4,starvation,2,4,2,round-robin,forecast,80,61,21,0.003,ok,0,0.639,1,1,1,1.639,2,PASS,,,1,1
2884,4,starvation,2,4,2,round-robin,forecast,0,35,13,0.003,ok,0,0.629,1,1,1,1.629,2,PASS,,,1,1
2885,4,starvation,2,4,2,round-robin,forecast,5,112,38,0.006,ok,0,0.652,1,1,1,1.652,2,PASS,,,1,1
2886,4,starvation,2,4,2,round-robin,forecast,none,15,6,0.001,ok,0,0.533,1,1,1,1.533,2,PASS,,,1,1
2887,4,starvation,2,4,2,nearest,request,,128,43,0.004,ok,0,0.5,1,1,1,1.5,2,PASS,,,1,1
2888,4,starvation,2,4,2,nearest,direction,,278,93,0.015,ok,0,0.5,1,1,1,1.5,2,PASS,,,1,1
2889,4,starvation,2,4,2,nearest,forecast,80,131,45,0.007,ok,0,0.496,1,1,1,1.496,2,PASS,,,1,1
2890,4,starvation,2,4,2,nearest,forecast,0,19,7,0.002,ok,0,0.526,1,1,1,1.526,2,PASS,,,1,1
2891,4,starvation,2,4,2,nearest,forecast,5,121,41,0.007,ok,0,0.504,1,1,1,1.504,2,PASS,,,1,1
2892,4,starvation,2,4,2,nearest,forecast,none,32,11,0.003,ok,0,0.5,1,1,1,1.5,2,PASS,,,1,1
2893,4,starvation,2,4,2,forecast,request,,35,13,0.007,ok,0,0.486,1,1,1,1.486,2,PASS,,,1,1
2894,4,starvation,2,4,2,forecast,direction,,31,11,0.018,ok,0,0.484,1,1,1,1.484,2,PASS,,,1,1
2895,4,starvation,2,4,2,forecast,forecast,80,8,3,0.004,ok,0,0.375,1,1,1,1.375,2,PASS,,,1,1
2896,4,starvation,2,4,2,forecast,forecast,0,83,29,0.054,ok,0,0.494,1,1,1,1.494,2,PASS,,,1,1
2897,4,starvation,2,4,2,forecast,forecast,5,98,33,0.034,ok,0,0.49,1,1,1,1.49,2,PASS,,,1,1
2898,4,starvation,2,4,2,forecast,forecast,none,119,41,0.058,ok,0,0.487,1,1,1,1.487,2,PASS,,,1,1
2899,4,starvation,10,1,1,round-robin,request,,238,610,0.178,ok,9,195.122,372,9,18,196.408,374,PASS,,,1,1
2900,4,starvation,10,1,1,round-robin,direction,,141,370,0.381,ok,0,126.738,243,9,1,128.071,244,PASS,,,1,1
2901,4,starvation,10,1,1,round-robin,forecast,80,136,372,3.576,ok,1,104.346,236,9,2,105.728,238,PASS,,,1,1
2902,4,starvation,10,1,1,round-robin,forecast,0,54,150,0.612,ok,1,54.981,97,5,2,56.333,98,PASS,,,1,1
2903,4,starvation,10,1,1,round-robin,forecast,5,105,276,2.019,ok,1,91.524,172,9,2,92.857,174,PASS,,,1,1
2904,4,starvation,10,1,1,round-robin,forecast,none,123,320,1.801,ok,1,71.106,311,9,2,72.415,320,PASS,,,1,1
2905,4,starvation,10,1,1,nearest,request,,71,210,0.032,ok,1,69.239,140,5,2,70.69,141,PASS,,,1,1
2906,4,starvation,10,1,1,nearest,direction,,124,326,0.268,ok,0,112.25,207,5,1,113.548,208,PASS,,,1,1
2907,4,starvation,10,1,1,nearest,forecast,80,106,270,1.554,ok,1,75.698,170,9,2,76.991,172,PASS,,,1,1
2908,4,starvation,10,1,1,nearest,forecast,0,5,20,0.001,ok,0,8.2,17,9,1,10.8,18,PASS,,,1,1
2909,4,starvation,10,1,1,nearest,forecast,5,111,292,1.914,ok,1,89.405,181,5,2,90.703,183,PASS,,,1,1
2910,4,starvation,10,1,1,nearest,forecast,none,123,320,1.834,ok,1,71.106,311,9,2,72.415,320,PASS,,,1,1
2911,4,starvation,10,1,1,forecast,request,,62,170,0.041,ok,9,62.258,109,9,18,63.629,110,PASS,,,1,1
2912,4,starvation,10,1,1,forecast,direction,,120,316,0.414,ok,0,110.158,210,9,1,111.5,211,PASS,,,1,1
2913,4,starvation,10,1,1,forecast,forecast,80,5,22,0.002,ok,0,3.4,13,9,1,6,22,PASS,,,1,1
2914,4,starvation,10,1,1,forecast,forecast,0,113,282,4.892,ok,1,92.168,170,9,2,93.434,171,PASS,,,1,1
2915,4,starvation,10,1,1,forecast,forecast,5,111,292,4.023,ok,1,89.405,181,5,2,90.703,183,PASS,,,1,1
2916,4,starvation,10,1,1,forecast,forecast,none,133,346,4.701,ok,1,76.97,337,9,2,78.278,346,PASS,,,1,1
2917,4,adjacent,2,4,2,round-robin,request,,224,449,0.007,ok,0,0.536,1,1,1,1.536,2,PASS,,,1,1
2918,4,adjacent,2,4,2,round-robin,direction,,263,528,0.006,ok,0,0.525,1,1,1,1.525,2,PASS,,,1,1
2919,4,adjacent,2,4,2,round-robin,forecast,80,90,181,0.012,ok,0,0.489,1,1,1,1.489,2,PASS,,,1,1
2920,4,adjacent,2,4,2,round-robin,forecast,0,16,30,0.001,ok,0,0.25,1,1,1,1.25,2,PASS,,,1,1
2921,4,adjacent,2,4,2,round-robin,forecast,5,130,256,0.005,ok,0,0.485,1,1,1,1.485,2,PASS,,,1,1
2922,4,adjacent,2,4,2,round-robin,forecast,none,116,233,0.005,ok,0,0.534,1,1,1,1.534,2,PASS,,,1,1
2923,4,adjacent,2,4,2,nearest,request,,103,206,0.004,ok,0,0.214,2,1,1,1.214,3,PASS,,,1,1
2924,4,adjacent,2,4,2,nearest,direction,,202,405,0.014,ok,0,0.139,2,1,1,1.139,3,PASS,,,1,1
2925,4,adjacent,2,4,2,nearest,forecast,80,4,9,0.0,ok,0,0,0,1,1,1,1,PASS,,,1,1
2926,4,adjacent,2,4,2,nearest,forecast,0,88,172,0.009,ok,0,0.182,1,1,1,1.182,2,PASS,,,1,1
2927,4,adjacent,2,4,2,nearest,forecast,5,86,167,0.004,ok,0,0.163,1,1,1,1.163,2,PASS,,,1,1
2928,4,adjacent,2,4,2,nearest,forecast,none,3,7,0.0,ok,0,0,0,1,1,1,1,PASS,,,1,1
2929,4,adjacent,2,4,2,forecast,request,,124,246,0.033,ok,0,0.185,1,1,1,1.185,2,PASS,,,1,1
2930,4,adjacent,2,4,2,forecast,direction,,45,90,0.011,ok,0,0.089,1,1,1,1.089,2,PASS,,,1,1
2931,4,adjacent,2,4,2,forecast,forecast,80,102,205,0.041,ok,0,0.225,1,1,1,1.225,2,PASS,,,1,1
2932,4,adjacent,2,4,2,forecast,forecast,0,9,18,0.004,ok,0,0.333,1,1,1,1.333,2,PASS,,,1,1
2933,4,adjacent,2,4,2,forecast,forecast,5,50,101,0.129,ok,0,0.06,1,1,1,1.06,2,PASS,,,1,1
2934,4,adjacent,2,4,2,forecast,forecast,none,3,7,0.002,ok,0,0,0,1,1,1,1,PASS,,,1,1
2935,4,adjacent,100,2,10,round-robin,request,,100,1713,0.042,ok,13,708.42,1513,1,14,709.42,1514,PASS,,,1,1
2936,4,adjacent,100,2,10,round-robin,direction,,244,650,0.059,ok,0,96.205,190,1,1,97.205,191,PASS,,,1,1
2937,4,adjacent,100,2,10,round-robin,forecast,80,111,352,0.275,ok,0,62.532,181,1,1,63.532,182,PASS,,,1,1
2938,4,adjacent,100,2,10,round-robin,forecast,0,1,61,0.0,ok,59,59,59,1,60,60,60,PASS,,,1,1
2939,4,adjacent,100,2,10,round-robin,forecast,5,46,275,0.131,ok,1,95.283,233,1,2,96.283,234,PASS,,,1,1
2940,4,adjacent,100,2,10,round-robin,forecast,none,139,438,0.284,ok,1,77.165,236,1,2,78.165,237,PASS,,,1,1
2941,4,adjacent,100,2,10,nearest,request,,127,1972,0.069,ok,10,762.189,1720,1,11,763.189,1721,PASS,,,1,1
2942,4,adjacent,100,2,10,nearest,direction,,155,463,0.048,ok,1,62.006,186,1,2,63.006,187,PASS,,,1,1
2943,4,adjacent,100,2,10,nearest,forecast,80,100,332,0.26,ok,0,64.74,207,1,1,65.74,208,PASS,,,1,1
2944,4,adjacent,100,2,10,nearest,forecast,0,124,430,0.447,ok,0,67.944,237,1,1,68.944,238,PASS,,,1,1
2945,4,adjacent,100,2,10,nearest,forecast,5,40,193,0.184,ok,0,62.85,168,1,1,63.85,169,PASS,,,1,1
2946,4,adjacent,100,2,10,nearest,forecast,none,92,321,0.133,ok,0,44.87,170,1,1,45.87,171,PASS,,,1,1
2947,4,adjacent,100,2,10,forecast,request,,43,619,0.059,ok,58,263.256,533,1,59,264.256,534,PASS,,,1,1
2948,4,adjacent,100,2,10,forecast,direction,,132,397,0.132,ok,0,69.894,170,1,1,70.894,171,PASS,,,1,1
2949,4,adjacent,100,2,10,forecast,forecast,80,55,226,0.41,ok,0,40.8,120,1,1,41.8,121,PASS,,,1,1
2950,4,adjacent,100,2,10,forecast,forecast,0,37,186,0.261,ok,8,58.081,116,1,9,59.081,117,PASS,,,1,1
2951,4,adjacent,100,2,10,forecast,forecast,5,25,180,0.059,ok,0,50.24,131,1,1,51.24,132,PASS,,,1,1
2952,4,adjacent,100,2,10,forecast,forecast,none,27,108,0.103,ok,0,34.778,100,1,1,35.778,101,PASS,,,1,1
2953,4,full_height,2,4,2,round-robin,request,,108,216,0.003,ok,0,0.519,1,1,1,1.519,2,PASS,,,1,1
2954,4,full_height,2,4,2,round-robin,direction,,127,250,0.005,ok,0,0.543,1,1,1,1.543,2,PASS,,,1,1
2955,4,full_height,2,4,2,round-robin,forecast,80,133,267,0.025,ok,0,0.526,1,1,1,1.526,2,PASS,,,1,1
2956,4,full_height,2,4,2,round-robin,forecast,0,43,85,0.003,ok,0,0.488,1,1,1,1.488,2,PASS,,,1,1
2957,4,full_height,2,4,2,round-robin,forecast,5,135,269,0.005,ok,0,0.459,1,1,1,1.459,2,PASS,,,1,1
2958,4,full_height,2,4,2,round-robin,forecast,none,86,173,0.004,ok,0,0.581,1,1,1,1.581,2,PASS,,,1,1
2959,4,full_height,2,4,2,nearest,request,,243,484,0.015,ok,0,0.152,2,1,1,1.152,3,PASS,,,1,1
2960,4,full_height,2,4,2,nearest,direction,,83,166,0.003,ok,0,0.145,1,1,1,1.145,2,PASS,,,1,1
2961,4,full_height,2,4,2,nearest,forecast,80,136,275,0.006,ok,0,0.206,2,1,1,1.206,3,PASS,,,1,1
2962,4,full_height,2,4,2,nearest,forecast,0,75,151,0.003,ok,0,0.12,2,1,1,1.12,3,PASS,,,1,1
2963,4,full_height,2,4,2,nearest,forecast,5,82,163,0.007,ok,0,0.134,2,1,1,1.134,3,PASS,,,1,1
2964,4,full_height,2,4,2,nearest,forecast,none,63,121,0.004,ok,0,0.222,2,1,1,1.222,3,PASS,,,1,1
2965,4,full_height,2,4,2,forecast,request,,69,138,0.007,ok,0,0.174,1,1,1,1.174,2,PASS,,,1,1
2966,4,full_height,2,4,2,forecast,direction,,21,40,0.005,ok,0,0.143,1,1,1,1.143,2,PASS,,,1,1
2967,4,full_height,2,4,2,forecast,forecast,80,23,44,0.01,ok,0,0.348,1,1,1,1.348,2,PASS,,,1,1
2968,4,full_height,2,4,2,forecast,forecast,0,40,81,0.026,ok,0,0.15,1,1,1,1.15,2,PASS,,,1,1
2969,4,full_height,2,4,2,forecast,forecast,5,143,283,0.03,ok,0,0.168,1,1,1,1.168,2,PASS,,,1,1
2970,4,full_height,2,4,2,forecast,forecast,none,113,224,0.027,ok,0,0.212,1,1,1,1.212,2,PASS,,,1,1
2971,4,full_height,100,1,10,round-robin,request,,297,14454,0.37,ok,0,6542.64,13762,99,99,6641.64,13861,PASS,,,1,1
2972,4,full_height,100,1,10,round-robin,direction,,264,2873,0.362,ok,55,1109.917,2282,99,154,1208.917,2381,PASS,,,1,1
2973,4,full_height,100,1,10,round-robin,forecast,80,144,1782,4.488,ok,0,600.16,1396,99,99,699.16,1495,PASS,,,1,1
2974,4,full_height,100,1,10,round-robin,forecast,0,27,495,0.123,ok,51,181.074,360,99,150,280.074,459,PASS,,,1,1
2975,4,full_height,100,1,10,round-robin,forecast,5,112,1287,3.137,ok,0,487.036,992,99,99,586.036,1091,PASS,,,1,1
2976,4,full_height,100,1,10,round-robin,forecast,none,42,698,0.365,ok,0,231.595,529,99,99,330.595,628,PASS,,,1,1
2977,4,full_height,100,1,10,nearest,request,,183,9505,0.154,ok,0,4389.918,9051,99,99,4488.918,9150,PASS,,,1,1
2978,4,full_height,100,1,10,nearest,direction,,203,2278,0.156,ok,44,859.69,1820,99,143,958.69,1919,PASS,,,1,1
2979,4,full_height,100,1,10,nearest,forecast,80,25,501,0.069,ok,0,132.84,361,99,99,231.84,460,PASS,,,1,1
2980,4,full_height,100,1,10,nearest,forecast,0,18,297,0.034,ok,0,120.556,192,99,99,219.556,291,PASS,,,1,1
2981,4,full_height,100,1,10,nearest,forecast,5,29,495,0.123,ok,0,158.483,338,99,99,257.483,437,PASS,,,1,1
2982,4,full_height,100,1,10,nearest,forecast,none,7,298,0.003,ok,0,135.429,197,99,99,234.429,296,PASS,,,1,1
2983,4,full_height,100,1,10,forecast,request,,95,5149,0.127,ok,0,2495.737,4865,99,99,2594.737,4964,PASS,,,1,1
2984,4,full_height,100,1,10,forecast,direction,,144,1782,0.183,ok,0,600.16,1396,99,99,699.16,1495,PASS,,,1,1
2985,4,full_height,100,1,10,forecast,forecast,80,111,1287,6.093,ok,0,481.27,992,99,99,580.27,1091,PASS,,,1,1
2986,4,full_height,100,1,10,forecast,forecast,0,22,496,0.119,ok,0,141.682,355,99,99,240.682,454,PASS,,,1,1
2987,4,full_height,100,1,10,forecast,forecast,5,34,497,0.412,ok,0,196.824,357,99,99,295.824,456,PASS,,,1,1
2988,4,full_height,100,1,10,forecast,forecast,none,18,297,0.084,ok,0,120.556,192,99,99,219.556,291,PASS,,,1,1
2989,4,at_floor_1,2,4,2,round-robin,request,,178,356,0.058,ok,0,10.736,30,1,1,11.736,31,PASS,,,1,1
2990,4,at_floor_1,2,4,2,round-robin,direction,,151,303,0.088,ok,0,7.861,24,1,1,8.861,25,PASS,,,1,1
2991,4,at_floor_1,2,4,2,round-robin,forecast,80,58,117,0.118,ok,0,3.052,8,1,1,4.052,9,PASS,,,1,1
2992,4,at_floor_1,2,4,2,round-robin,forecast,0,139,271,0.194,ok,0,8.842,24,1,1,9.842,25,PASS,,,1,1
2993,4,at_floor_1,2,4,2,round-robin,forecast,5,124,249,0.121,ok,0,5.968,18,1,1,6.968,19,PASS,,,1,1
2994,4,at_floor_1,2,4,2,round-robin,forecast,none,142,276,0.172,ok,0,9.254,24,1,1,10.254,25,PASS,,,1,1
2995,4,at_floor_1,2,4,2,nearest,request,,140,273,0.032,ok,0,7.686,22,1,1,8.686,23,PASS,,,1,1
2996,4,at_floor_1,2,4,2,nearest,direction,,105,202,0.014,ok,0,7.248,20,1,1,8.248,21,PASS,,,1,1
2997,4,at_floor_1,2,4,2,nearest,forecast,80,57,106,0.04,ok,0,3.088,8,1,1,4.088,9,PASS,,,1,1
2998,4,at_floor_1,2,4,2,nearest,forecast,0,133,266,0.147,ok,0,6.617,20,1,1,7.617,21,PASS,,,1,1
2999,4,at_floor_1,2,4,2,nearest,forecast,5,138,272,0.134,ok,0,7.362,22,1,1,8.362,23,PASS,,,1,1
3000,4,at_floor_1,2,4,2,nearest,forecast,none,134,260,0.22,ok,0,7.843,22,1,1,8.843,23,PASS,,,1,1
3001,4,at_floor_1,2,4,2,forecast,request,,130,261,0.11,ok,0,6.715,20,1,1,7.715,21,PASS,,,1,1
3002,4,at_floor_1,2,4,2,forecast,direction,,4,6,0.001,ok,0,0,0,1,1,1,1,PASS,,,1,1
3003,4,at_floor_1,2,4,2,forecast,forecast,80,84,166,0.213,ok,0,3.393,11,1,1,4.393,12,PASS,,,1,1
3004,4,at_floor_1,2,4,2,forecast,forecast,0,39,79,0.102,ok,0,2.256,6,1,1,3.256,7,PASS,,,1,1
3005,4,at_floor_1,2,4,2,forecast,forecast,5,61,122,0.132,ok,0,2.508,8,1,1,3.508,9,PASS,,,1,1
3006,4,at_floor_1,2,4,2,forecast,forecast,none,126,246,0.64,ok,0,5.825,18,1,1,6.825,19,PASS,,,1,1
3007,4,at_floor_1,3,10,10,round-robin,request,,107,214,0.006,ok,0,0.551,2,2,1,2.103,4,PASS,,,1,1
3008,4,at_floor_1,3,10,10,round-robin,direction,,72,146,0.004,ok,0,0.653,2,2,1,2.153,4,PASS,,,1,1
3009,4,at_floor_1,3,10,10,round-robin,forecast,80,82,161,0.027,ok,0,0.524,2,2,1,2.073,4,PASS,,,1,1
3010,4,at_floor_1,3,10,10,round-robin,forecast,0,11,25,0.001,ok,0,0.182,2,2,1,1.818,4,PASS,,,1,1
3011,4,at_floor_1,3,10,10,round-robin,forecast,5,127,245,0.03,ok,0,0.488,2,2,1,1.953,4,PASS,,,1,1
3012,4,at_floor_1,3,10,10,round-robin,forecast,none,113,225,0.027,ok,0,0.673,2,2,1,2.115,4,PASS,,,1,1
3013,4,at_floor_1,3,10,10,nearest,request,,177,354,0.092,ok,0,0.74,4,2,1,2.175,6,PASS,,,1,1
3014,4,at_floor_1,3,10,10,nearest,direction,,95,187,0.015,ok,0,0.442,2,2,1,1.926,4,PASS,,,1,1
3015,4,at_floor_1,3,10,10,nearest,forecast,80,7,14,0.001,ok,0,0,0,2,1,1.429,2,PASS,,,1,1
3016,4,at_floor_1,3,10,10,nearest,forecast,0,144,282,0.027,ok,0,0.493,2,2,1,2.007,4,PASS,,,1,1
3017,4,at_floor_1,3,10,10,nearest,forecast,5,30,47,0.004,ok,0,0.167,1,2,1,1.633,3,PASS,,,1,1
3018,4,at_floor_1,3,10,10,nearest,forecast,none,105,212,0.037,ok,0,0.371,2,2,1,1.838,4,PASS,,,1,1
3019,4,at_floor_1,3,10,10,forecast,request,,149,297,0.079,ok,0,0.456,4,2,1,1.913,6,PASS,,,1,1
3020,4,at_floor_1,3,10,10,forecast,direction,,34,68,0.049,ok,0,0.324,2,2,1,1.794,4,PASS,,,1,1
3021,4,at_floor_1,3,10,10,forecast,forecast,80,45,94,0.099,ok,0,0.511,2,2,1,1.956,4,PASS,,,1,1
3022,4,at_floor_1,3,10,10,forecast,forecast,0,139,267,0.392,ok,0,0.432,2,2,1,1.871,4,PASS,,,1,1
3023,4,at_floor_1,3,10,10,forecast,forecast,5,90,174,0.226,ok,0,0.456,2,2,1,2.011,4,PASS,,,1,1
3024,4,at_floor_1,3,10,10,forecast,forecast,none,16,35,0.033,ok,0,0.375,1,2,1,1.875,3,PASS,,,1,1
3025,4,over_capacity,2,2,1,round-robin,request,,272,273,0.209,ok,0,135,270,1,1,136,271,PASS,,,1,1
3026,4,over_capacity,2,2,1,round-robin,direction,,164,165,0.295,ok,1,82,163,1,2,83,164,PASS,,,1,1
3027,4,over_capacity,2,2,1,round-robin,forecast,80,24,29,0.02,ok,1,12,23,1,2,13,24,PASS,,,1,1
3028,4,over_capacity,2,2,1,round-robin,forecast,0,46,46,0.156,ok,0,22,44,1,1,23,45,PASS,,,1,1
3029,4,over_capacity,2,2,1,round-robin,forecast,5,7,13,0.001,ok,1,3.571,7,1,2,4.571,8,PASS,,,1,1
3030,4,over_capacity,2,2,1,round-robin,forecast,none,40,42,0.121,ok,1,20,39,1,2,21,40,PASS,,,1,1
3031,4,over_capacity,2,2,1,nearest,request,,290,292,0.211,ok,0,144,288,1,1,145,289,PASS,,,1,1
3032,4,over_capacity,2,2,1,nearest,direction,,137,141,0.219,ok,1,68.504,137,1,2,69.504,138,PASS,,,1,1
3033,4,over_capacity,2,2,1,nearest,forecast,80,39,42,0.109,ok,1,19.513,39,1,2,20.513,40,PASS,,,1,1
3034,4,over_capacity,2,2,1,nearest,forecast,0,49,50,0.199,ok,0,23.51,48,1,1,24.51,49,PASS,,,1,1
3035,4,over_capacity,2,2,1,nearest,forecast,5,30,31,0.063,ok,0,14,28,1,1,15,29,PASS,,,1,1
3036,4,over_capacity,2,2,1,nearest,forecast,none,30,31,0.049,ok,0,14,28,1,1,15,29,PASS,,,1,1
3037,4,over_capacity,2,2,1,forecast,request,,22,26,0.022,ok,1,11,21,1,2,12,22,PASS,,,1,1
3038,4,over_capacity,2,2,1,forecast,direction,,33,36,0.027,ok,1,16.515,33,1,2,17.515,34,PASS,,,1,1
3039,4,over_capacity,2,2,1,forecast,forecast,80,44,46,0.495,ok,1,22,43,1,2,23,44,PASS,,,1,1
3040,4,over_capacity,2,2,1,forecast,forecast,0,11,15,0.031,ok,1,5.545,11,1,2,6.545,12,PASS,,,1,1
3041,4,over_capacity,2,2,1,forecast,forecast,5,1,2,0.0,ok,1,1,1,1,2,2,2,PASS,,,1,1
3042,4,over_capacity,2,2,1,forecast,forecast,none,10,11,0.021,ok,0,4,8,1,1,5,9,PASS,,,1,1
3043,4,over_capacity,2,4,2,round-robin,request,,113,31,0.034,ok,1,14.133,29,1,2,15.133,30,PASS,,,1,1
3044,4,over_capacity,2,4,2,round-robin,direction,,104,30,0.032,ok,1,13,25,1,2,14,26,PASS,,,1,1
3045,4,over_capacity,2,4,2,round-robin,forecast,80,11,4,0.002,ok,0,0.545,2,1,1,1.545,3,PASS,,,1,1
3046,4,over_capacity,2,4,2,round-robin,forecast,0,22,9,0.006,ok,1,2.818,5,1,2,3.818,6,PASS,,,1,1
3047,4,over_capacity,2,4,2,round-robin,forecast,5,42,17,0.04,ok,1,5.286,11,1,2,6.286,12,PASS,,,1,1
3048,4,over_capacity,2,4,2,round-robin,forecast,none,7,6,0.001,ok,1,1,1,1,2,2,2,PASS,,,1,1
3049,4,over_capacity,2,4,2,nearest,request,,174,47,0.11,ok,1,21.759,43,1,2,22.759,44,PASS,,,1,1
3050,4,over_capacity,2,4,2,nearest,direction,,130,38,0.052,ok,0,15.262,32,1,1,16.262,33,PASS,,,1,1
3051,4,over_capacity,2,4,2,nearest,forecast,80,4,6,0.0,ok,1,1,1,1,2,2,2,PASS,,,1,1
3052,4,over_capacity,2,4,2,nearest,forecast,0,43,16,0.046,ok,0,4.419,10,1,1,5.419,11,PASS,,,1,1
3053,4,over_capacity,2,4,2,nearest,forecast,5,41,12,0.036,ok,1,5.146,11,1,2,6.146,12,PASS,,,1,1
3054,4,over_capacity,2,4,2,nearest,forecast,none,5,2,0.0,ok,1,1,1,1,2,2,2,PASS,,,1,1
3055,4,over_capacity,2,4,2,forecast,request,,55,15,0.07,ok,0,5.891,12,1,1,6.891,13,PASS,,,1,1
3056,4,over_capacity,2,4,2,forecast,direction,,8,4,0.002,ok,0,0,0,1,1,1,1,PASS,,,1,1
3057,4,over_capacity,2,4,2,forecast,forecast,80,12,5,0.027,ok,1,1.667,3,1,2,2.667,4,PASS,,,1,1
3058,4,over_capacity,2,4,2,forecast,forecast,0,58,19,1.576,ok,1,7.276,15,1,2,8.276,16,PASS,,,1,1
3059,4,over_capacity,2,4,2,forecast,forecast,5,21,9,0.031,ok,1,2.714,5,1,2,3.714,6,PASS,,,1,1
3060,4,over_capacity,2,4,2,forecast,forecast,none,17,8,0.04,ok,0,1.176,4,1,1,2.176,5,PASS,,,1,1
3061,4,identical,2,4,2,round-robin,request,,250,65,0.074,ok,1,31.256,63,1,2,32.256,64,PASS,,,1,1
3062,4,identical,2,4,2,round-robin,direction,,249,64,0.147,ok,1,31.129,63,1,2,32.129,64,PASS,,,1,1
3063,4,identical,2,4,2,round-robin,forecast,80,36,12,0.018,ok,1,4.556,9,1,2,5.556,10,PASS,,,1,1
3064,4,identical,2,4,2,round-robin,forecast,0,20,8,0.004,ok,0,1.6,4,1,1,2.6,5,PASS,,,1,1
3065,4,identical,2,4,2,round-robin,forecast,5,43,14,0.039,ok,1,5.419,11,1,2,6.419,12,PASS,,,1,1
3066,4,identical,2,4,2,round-robin,forecast,none,31,8,0.024,ok,0,2.903,6,1,1,3.903,7,PASS,,,1,1
3067,4,identical,2,4,2,nearest,request,,248,62,0.048,ok,1,31,61,1,2,32,62,PASS,,,1,1
3068,4,identical,2,4,2,nearest,direction,,104,27,0.036,ok,1,13,25,1,2,14,26,PASS,,,1,1
3069,4,identical,2,4,2,nearest,forecast,80,29,8,0.012,ok,1,3.69,7,1,2,4.69,8,PASS,,,1,1
3070,4,identical,2,4,2,nearest,forecast,0,37,9,0.023,ok,0,3.676,8,1,1,4.676,9,PASS,,,1,1
3071,4,identical,2,4,2,nearest,forecast,5,57,16,0.124,ok,1,7.14,15,1,2,8.14,16,PASS,,,1,1
3072,4,identical,2,4,2,nearest,forecast,none,60,18,0.106,ok,1,7.533,15,1,2,8.533,16,PASS,,,1,1
3073,4,identical,2,4,2,forecast,request,,59,19,0.304,ok,1,7.407,15,1,2,8.407,16,PASS,,,1,1
3074,4,identical,2,4,2,forecast,direction,,32,7,0.039,ok,0,3,6,1,1,4,7,PASS,,,1,1
3075,4,identical,2,4,2,forecast,forecast,80,56,15,18.331,ok,0,6,12,1,1,7,13,PASS,,,1,1
3076,4,identical,2,4,2,forecast,forecast,0,4,2,0.002,ok,0,0,0,1,1,1,1,PASS,,,1,1
3077,4,identical,2,4,2,forecast,forecast,5,38,13,0.215,ok,1,4.789,9,1,2,5.789,10,PASS,,,1,1
3078,4,identical,2,4,2,forecast,forecast,none,59,19,2.049,ok,1,7.407,15,1,2,8.407,16,PASS,,,1,1
3079,4,identical,100,1,2,round-robin,request,,181,6566,0.164,ok,50,3272.099,6530,36,86,3308.099,6566,PASS,,,1,1
3080,4,identical,100,1,2,round-robin,direction,,56,1012,0.054,ok,22,508,994,18,40,526,1012,PASS,,,1,1
3081,4,identical,100,1,2,round-robin,forecast,80,20,573,0.051,ok,19,280,541,29,48,309,570,PASS,,,1,1
3082,4,identical,100,1,2,round-robin,forecast,0,31,550,0.179,ok,53,285.258,533,16,69,301.258,549,PASS,,,1,1
3083,4,identical,100,1,2,round-robin,forecast,5,10,172,0.006,ok,8,80,152,18,26,98,170,PASS,,,1,1
3084,4,identical,100,1,2,round-robin,forecast,none,18,1141,0.04,ok,69,573,1077,63,132,636,1140,PASS,,,1,1
3085,4,identical,100,1,2,nearest,request,,219,16740,0.288,ok,94,8340.174,16662,76,170,8416.174,16738,PASS,,,1,1
3086,4,identical,100,1,2,nearest,direction,,89,726,0.13,ok,14,362.045,718,8,22,370.045,726,PASS,,,1,1
3087,4,identical,100,1,2,nearest,forecast,80,40,1814,0.384,ok,56,911,1766,45,101,956,1811,PASS,,,1,1
3088,4,identical,100,1,2,nearest,forecast,0,34,1691,0.235,ok,6,822,1638,51,57,873,1689,PASS,,,1,1
3089,4,identical,100,1,2,nearest,forecast,5,14,659,0.015,ok,35,323,611,48,83,371,659,PASS,,,1,1
3090,4,identical,100,1,2,nearest,forecast,none,39,2617,0.326,ok,2,1242.359,2548,67,69,1309.359,2615,PASS,,,1,1
3091,4,identical,100,1,2,forecast,request,,37,2248,0.037,ok,25,1075.811,2185,60,85,1135.811,2245,PASS,,,1,1
3092,4,identical,100,1,2,forecast,direction,,22,949,0.013,ok,2,452,902,45,47,497,947,PASS,,,1,1
3093,4,identical,100,1,2,forecast,forecast,80,57,3157,54.546,ok,77,1562.474,3101,54,131,1616.474,3155,PASS,,,1,1
3094,4,identical,100,1,2,forecast,forecast,0,40,1814,0.773,ok,56,911,1766,45,101,956,1811,PASS,,,1,1
3095,4,identical,100,1,2,forecast,forecast,5,9,609,0.011,ok,69,282.333,549,60,129,342.333,609,PASS,,,1,1
3096,4,identical,100,1,2,forecast,forecast,none,47,1608,1.188,ok,56,798.851,1574,33,89,831.851,1607,PASS,,,1,1
3097,4,ties,2,4,2,round-robin,request,,254,64,0.044,ok,0,12,20,1,1,13,21,PASS,,,1,1
3098,4,ties,2,4,2,round-robin,direction,,226,57,0.011,ok,0,2.354,9,1,1,3.354,10,PASS,,,1,1
3099,4,ties,2,4,2,round-robin,forecast,80,108,25,0.036,ok,0,2.231,7,1,1,3.231,8,PASS,,,1,1
3100,4,ties,2,4,2,round-robin,forecast,0,9,4,0.001,ok,0,0.556,1,1,1,1.556,2,PASS,,,1,1
3101,4,ties,2,4,2,round-robin,forecast,5,4,2,0.0,ok,0,0.5,1,1,1,1.5,2,PASS,,,1,1
3102,4,ties,2,4,2,round-robin,forecast,none,83,20,0.012,ok,0,1.169,5,1,1,2.169,6,PASS,,,1,1
3103,4,ties,2,4,2,nearest,request,,82,18,0.018,ok,0,3.11,8,1,1,4.11,9,PASS,,,1,1
3104,4,ties,2,4,2,nearest,direction,,5,2,0.0,ok,0,0.4,1,1,1,1.4,2,PASS,,,1,1
3105,4,ties,2,4,2,nearest,forecast,80,132,31,0.12,ok,0,2.803,10,1,1,3.803,11,PASS,,,1,1
3106,4,ties,2,4,2,nearest,forecast,0,3,2,0.0,ok,0,0.333,1,1,1,1.333,2,PASS,,,1,1
3107,4,ties,2,4,2,nearest,forecast,5,92,23,0.028,ok,0,1.772,7,1,1,2.772,8,PASS,,,1,1
3108,4,ties,2,4,2,nearest,forecast,none,85,21,0.025,ok,0,1.588,5,1,1,2.588,6,PASS,,,1,1
3109,4,ties,2,4,2,forecast,request,,135,31,0.091,ok,0,3.644,7,1,1,4.644,8,PASS,,,1,1
3110,4,ties,2,4,2,forecast,direction,,92,23,0.038,ok,0,1.402,5,1,1,2.402,6,PASS,,,1,1
3111,4,ties,2,4,2,forecast,forecast,80,63,15,0.528,ok,0,0.825,3,1,1,1.825,4,PASS,,,1,1
3112,4,ties,2,4,2,forecast,forecast,0,39,9,0.058,ok,0,0.564,2,1,1,1.564,3,PASS,,,1,1
3113,4,ties,2,4,2,forecast,forecast,5,80,19,0.217,ok,0,1.962,5,1,1,2.962,6,PASS,,,1,1
3114,4,ties,2,4,2,forecast,forecast,none,87,21,0.184,ok,0,1.552,5,1,1,2.552,6,PASS,,,1,1
3115,4,ties,100,2,10,round-robin,request,,47,1233,0.011,ok,28,659.213,986,97,62,706.085,1035,PASS,,,1,1
3116,4,ties,100,2,10,round-robin,direction,,115,1396,0.095,ok,0,166.035,474,99,20,212.843,481,PASS,,,1,1
3117,4,ties,100,2,10,round-robin,forecast,80,30,476,0.036,ok,3,73.767,211,87,63,134.5,290,PASS,,,1,1
3118,4,ties,100,2,10,round-robin,forecast,0,28,284,0.03,ok,8,59.643,123,75,28,101.643,162,PASS,,,1,1
3119,4,ties,100,2,10,round-robin,forecast,5,47,482,0.102,ok,5,100.149,319,97,28,147.021,416,PASS,,,1,1
3120,4,ties,100,2,10,round-robin,forecast,none,133,1596,1.553,ok,10,212.459,559,99,21,260.617,629,PASS,,,1,1
3121,4,ties,100,2,10,nearest,request,,117,3686,0.071,ok,38,1516.692,2824,97,57,1565.726,2880,PASS,,,1,1
3122,4,ties,100,2,10,nearest,direction,,192,2347,0.171,ok,0,199.333,722,99,18,247.625,723,PASS,,,1,1
3123,4,ties,100,2,10,nearest,forecast,80,41,537,0.086,ok,0,60.366,156,91,37,98.976,247,PASS,,,1,1
3124,4,ties,100,2,10,nearest,forecast,0,76,944,0.152,ok,0,148.184,687,99,23,192.395,768,PASS,,,1,1
3125,4,ties,100,2,10,nearest,forecast,5,56,663,8.875,ok,1,99.25,322,99,44,156.75,396,PASS,,,1,1
3126,4,ties,100,2,10,nearest,forecast,none,149,1844,0.768,ok,2,156.409,488,99,19,204.913,571,PASS,,,1,1
3127,4,ties,100,2,10,forecast,request,,149,3056,0.181,ok,22,1140.013,2006,99,77,1188.517,2031,PASS,,,1,1
3128,4,ties,100,2,10,forecast,direction,,77,1075,0.095,ok,0,116.922,325,99,35,179.039,366,PASS,,,1,1
3129,4,ties,100,2,10,forecast,forecast,80,124,1561,1.868,ok,0,107.29,302,99,5,160.29,383,PASS,,,1,1
3130,4,ties,100,2,10,forecast,forecast,0,59,788,2.162,ok,2,74.915,214,99,35,117.136,306,PASS,,,1,1
3131,4,ties,100,2,10,forecast,forecast,5,111,1457,1.99,ok,3,148.189,363,99,17,200.324,435,PASS,,,1,1
3132,4,ties,100,2,10,forecast,forecast,none,118,1332,2.594,ok,1,157.534,445,99,32,204.669,540,PASS,,,1,1
3133,4,unsorted,2,4,2,round-robin,request,,263,527,0.005,ok,0,0.483,1,1,1,1.483,2,PASS,,,1,1
3134,4,unsorted,2,4,2,round-robin,direction,,242,482,0.005,ok,0,0.459,1,1,1,1.459,2,PASS,,,1,1
3135,4,unsorted,2,4,2,round-robin,forecast,80,93,187,0.006,ok,0,0.366,1,1,1,1.366,2,PASS,,,1,1
3136,4,unsorted,2,4,2,round-robin,forecast,0,75,152,0.003,ok,0,0.533,1,1,1,1.533,2,PASS,,,1,1
3137,4,unsorted,2,4,2,round-robin,forecast,5,84,169,0.004,ok,0,0.595,1,1,1,1.595,2,PASS,,,1,1
3138,4,unsorted,2,4,2,round-robin,forecast,none,55,111,0.004,ok,0,0.436,1,1,1,1.436,2,PASS,,,1,1
3139,4,unsorted,2,4,2,nearest,request,,193,387,0.004,ok,0,0.114,1,1,1,1.114,2,PASS,,,1,1
3140,4,unsorted,2,4,2,nearest,direction,,190,377,0.005,ok,0,0.184,2,1,1,1.184,3,PASS,,,1,1
3141,4,unsorted,2,4,2,nearest,forecast,80,7,15,0.001,ok,0,0.286,1,1,1,1.286,2,PASS,,,1,1
3142,4,unsorted,2,4,2,nearest,forecast,0,54,106,0.004,ok,0,0.13,1,1,1,1.13,2,PASS,,,1,1
3143,4,unsorted,2,4,2,nearest,forecast,5,140,279,0.005,ok,0,0.121,1,1,1,1.121,2,PASS,,,1,1
3144,4,unsorted,2,4,2,nearest,forecast,none,53,106,0.004,ok,0,0.189,1,1,1,1.189,2,PASS,,,1,1
3145,4,unsorted,2,4,2,forecast,request,,114,229,0.024,ok,0,0.211,1,1,1,1.211,2,PASS,,,1,1
3146,4,unsorted,2,4,2,forecast,direction,,32,65,0.02,ok,0,0.219,1,1,1,1.219,2,PASS,,,1,1
3147,4,unsorted,2,4,2,forecast,forecast,80,97,195,0.023,ok,0,0.113,1,1,1,1.113,2,PASS,,,1,1
3148,4,unsorted,2,4,2,forecast,forecast,0,24,46,0.028,ok,0,0.208,1,1,1,1.208,2,PASS,,,1,1
3149,4,unsorted,2,4,2,forecast,forecast,5,101,203,0.044,ok,0,0.089,1,1,1,1.089,2,PASS,,,1,1
3150,4,unsorted,2,4,2,forecast,forecast,none,40,79,0.021,ok,0,0.15,1,1,1,1.15,2,PASS,,,1,1
3151,4,unsorted,100,2,1,round-robin,request,,152,5172,0.453,ok,45,2405.98,4821,91,77,2438.105,4871,PASS,,,1,1
3152,4,unsorted,100,2,1,round-robin,direction,,162,4414,1.043,ok,1,1700.704,4308,96,17,1735.957,4357,PASS,,,1,1
3153,4,unsorted,100,2,1,round-robin,forecast,80,7,257,0.002,ok,24,64.143,151,92,36,87.286,243,PASS,,,1,1
3154,4,unsorted,100,2,1,round-robin,forecast,0,51,1291,0.415,ok,5,467.569,1128,84,6,494.118,1189,PASS,,,1,1
3155,4,unsorted,100,2,1,round-robin,forecast,5,11,331,0.004,ok,9,111.545,307,82,23,139.818,310,PASS,,,1,1
3156,4,unsorted,100,2,1,round-robin,forecast,none,26,604,0.068,ok,6,191.115,527,77,13,224.038,604,PASS,,,1,1
3157,4,unsorted,100,2,1,nearest,request,,17,574,0.003,ok,11,252.588,533,65,19,274.471,555,PASS,,,1,1
3158,4,unsorted,100,2,1,nearest,direction,,44,1436,0.039,ok,6,543.477,1418,90,12,572.682,1434,PASS,,,1,1
3159,4,unsorted,100,2,1,nearest,forecast,80,59,1696,1.359,ok,3,557.695,1516,82,10,591.508,1585,PASS,,,1,1
3160,4,unsorted,100,2,1,nearest,forecast,0,63,1662,0.752,ok,7,659,1529,95,17,692.032,1540,PASS,,,1,1
3161,4,unsorted,100,2,1,nearest,forecast,5,12,538,0.025,ok,9,193.25,467,75,62,230.417,515,PASS,,,1,1
3162,4,unsorted,100,2,1,nearest,forecast,none,4,127,0.001,ok,12,59.75,99,37,25,85.5,122,PASS,,,1,1
3163,4,unsorted,100,2,1,forecast,request,,49,1376,0.047,ok,31,586.98,1224,82,36,615.633,1280,PASS,,,1,1
3164,4,unsorted,100,2,1,forecast,direction,,94,2087,0.474,ok,15,758.223,2035,97,47,787.915,2077,PASS,,,1,1
3165,4,unsorted,100,2,1,forecast,forecast,80,140,3116,4.281,ok,11,1099.564,2783,96,21,1132.957,2840,PASS,,,1,1
3166,4,unsorted,100,2,1,forecast,forecast,0,58,1436,2.354,ok,14,527.483,1263,92,51,559.517,1324,PASS,,,1,1
3167,4,unsorted,100,2,1,forecast,forecast,5,61,1523,0.624,ok,2,526.656,1359,82,17,560.41,1405,PASS,,,1,1
3168,4,unsorted,100,2,1,forecast,forecast,none,142,2823,4.755,ok,3,900.246,2633,93,5,933.725,2712,PASS,,,1,1
3169,4,mixed_random,2,4,2,round-robin,request,,173,1965,0.031,ok,0,5.682,17,1,1,6.682,18,PASS,,,1,1
3170,4,mixed_random,2,4,2,round-robin,direction,,101,1962,0.012,ok,0,1.515,7,1,1,2.515,8,PASS,,,1,1
3171,4,mixed_random,2,4,2,round-robin,forecast,80,143,1979,0.034,ok,0,1.755,7,1,1,2.755,8,PASS,,,1,1
3172,4,mixed_random,2,4,2,round-robin,forecast,0,15,900,0.004,ok,0,0.533,1,1,1,1.533,2,PASS,,,1,1
3173,4,mixed_random,2,4,2,round-robin,forecast,5,50,1882,0.061,ok,0,0.6,2,1,1,1.6,3,PASS,,,1,1
3174,4,mixed_random,2,4,2,round-robin,forecast,none,128,1936,0.037,ok,0,1.805,7,1,1,2.805,8,PASS,,,1,1
3175,4,mixed_random,2,4,2,nearest,request,,118,1923,0.035,ok,0,3.102,10,1,1,4.102,11,PASS,,,1,1
3176,4,mixed_random,2,4,2,nearest,direction,,118,1923,0.014,ok,0,1.737,8,1,1,2.737,9,PASS,,,1,1
3177,4,mixed_random,2,4,2,nearest,forecast,80,149,1992,0.043,ok,0,1.906,9,1,1,2.906,10,PASS,,,1,1
3178,4,mixed_random,2,4,2,nearest,forecast,0,63,1707,0.015,ok,0,0.317,3,1,1,1.317,4,PASS,,,1,1
3179,4,mixed_random,2,4,2,nearest,forecast,5,45,1922,0.024,ok,0,0.622,3,1,1,1.622,4,PASS,,,1,1
3180,4,mixed_random,2,4,2,nearest,forecast,none,126,2001,0.023,ok,0,1.056,5,1,1,2.056,6,PASS,,,1,1
3181,4,mixed_random,2,4,2,forecast,request,,77,1988,0.036,ok,0,0.675,3,1,1,1.675,4,PASS,,,1,1
3182,4,mixed_random,2,4,2,forecast,direction,,95,1983,0.041,ok,0,0.789,3,1,1,1.789,4,PASS,,,1,1
3183,4,mixed_random,2,4,2,forecast,forecast,80,50,1882,0.153,ok,0,0.38,2,1,1,1.38,3,PASS,,,1,1
3184,4,mixed_random,2,4,2,forecast,forecast,0,129,1983,0.222,ok,0,1.302,5,1,1,2.302,6,PASS,,,1,1
3185,4,mixed_random,2,4,2,forecast,forecast,5,144,1962,0.178,ok,0,1.285,5,1,1,2.285,6,PASS,,,1,1
3186,4,mixed_random,2,4,2,forecast,forecast,none,104,1932,0.169,ok,0,1.029,4,1,1,2.029,5,PASS,,,1,1
3187,4,mixed_random,10,10,1000,round-robin,request,,272,1938,0.054,ok,0,38.018,95,9,2,41.647,98,PASS,,,1,1
3188,4,mixed_random,10,10,1000,round-robin,direction,,107,1893,0.04,ok,0,6.495,16,9,2,10.542,22,PASS,,,1,1
3189,4,mixed_random,10,10,1000,round-robin,forecast,80,97,1922,0.024,ok,0,5.619,16,9,1,9.031,22,PASS,,,1,1
3190,4,mixed_random,10,10,1000,round-robin,forecast,0,22,1719,0.034,ok,0,3.318,6,8,1,5.955,11,PASS,,,1,1
3191,4,mixed_random,10,10,1000,round-robin,forecast,5,87,1835,0.027,ok,0,5.793,17,9,2,9.586,20,PASS,,,1,1
3192,4,mixed_random,10,10,1000,round-robin,forecast,none,63,1873,0.121,ok,0,3.778,11,9,1,7.714,16,PASS,,,1,1
3193,4,mixed_random,10,10,1000,nearest,request,,192,1960,0.033,ok,0,21.542,66,9,1,25.016,74,PASS,,,1,1
3194,4,mixed_random,10,10,1000,nearest,direction,,287,1993,0.055,ok,0,4.993,17,9,1,8.606,24,PASS,,,1,1
3195,4,mixed_random,10,10,1000,nearest,forecast,80,122,1921,0.04,ok,0,3.648,23,9,1,7.32,29,PASS,,,1,1
3196,4,mixed_random,10,10,1000,nearest,forecast,0,89,1975,0.027,ok,0,4.427,20,9,1,8.382,27,PASS,,,1,1
3197,4,mixed_random,10,10,1000,nearest,forecast,5,70,1991,0.042,ok,0,2.814,17,8,1,6.529,21,PASS,,,1,1
3198,4,mixed_random,10,10,1000,nearest,forecast,none,81,1985,0.016,ok,0,3,11,9,1,6.568,17,PASS,,,1,1
3199,4,mixed_random,10,10,1000,forecast,request,,77,1923,0.033,ok,0,2.156,9,8,1,5.831,14,PASS,,,1,1
3200,4,mixed_random,10,10,1000,forecast,direction,,75,1998,0.072,ok,0,2.147,9,9,1,5.467,17,PASS,,,1,1
3201,4,mixed_random,10,10,1000,forecast,forecast,80,125,1928,0.324,ok,0,2.664,9,9,1,6.272,17,PASS,,,1,1
3202,4,mixed_random,10,10,1000,forecast,forecast,0,146,1974,0.345,ok,0,2.822,9,9,1,6.418,16,PASS,,,1,1
3203,4,mixed_random,10,10,1000,forecast,forecast,5,2,1264,0.012,ok,3,3.5,4,5,6,7,8,PASS,,,1,1
3204,4,mixed_random,10,10,1000,forecast,forecast,none,121,1987,0.264,ok,0,1.992,11,9,1,5.579,16,PASS,,,1,1
3205,4,at_current_floor,2,1,10,round-robin,request,,213,216,0.005,ok,0,0.836,3,1,1,1.836,4,PASS,,,1,1
3206,4,at_current_floor,2,1,10,round-robin,direction,,285,284,0.007,ok,0,0.418,1,1,1,1.418,2,PASS,,,1,1
3207,4,at_current_floor,2,1,10,round-robin,forecast,80,133,136,0.045,ok,0,0.459,1,1,1,1.459,2,PASS,,,1,1
3208,4,at_current_floor,2,1,10,round-robin,forecast,0,41,40,0.006,ok,0,0.488,1,1,1,1.488,2,PASS,,,1,1
3209,4,at_current_floor,2,1,10,round-robin,forecast,5,33,35,0.005,ok,0,0.455,1,1,1,1.455,2,PASS,,,1,1
3210,4,at_current_floor,2,1,10,round-robin,forecast,none,39,41,0.019,ok,0,0.513,1,1,1,1.513,2,PASS,,,1,1
3211,4,at_current_floor,2,1,10,nearest,request,,62,67,0.002,ok,0,0.597,2,1,1,1.597,3,PASS,,,1,1
3212,4,at_current_floor,2,1,10,nearest,direction,,253,254,0.01,ok,0,0.431,1,1,1,1.431,2,PASS,,,1,1
3213,4,at_current_floor,2,1,10,nearest,forecast,80,35,34,0.018,ok,0,0.4,1,1,1,1.4,2,PASS,,,1,1
3214,4,at_current_floor,2,1,10,nearest,forecast,0,37,37,0.004,ok,0,0.459,1,1,1,1.459,2,PASS,,,1,1
3215,4,at_current_floor,2,1,10,nearest,forecast,5,105,106,0.025,ok,0,0.476,1,1,1,1.476,2,PASS,,,1,1
3216,4,at_current_floor,2,1,10,nearest,forecast,none,68,71,0.005,ok,0,0.426,1,1,1,1.426,2,PASS,,,1,1
3217,4,at_current_floor,2,1,10,forecast,request,,138,141,0.008,ok,0,0.913,3,1,1,1.913,4,PASS,,,1,1
3218,4,at_current_floor,2,1,10,forecast,direction,,27,27,0.003,ok,0,0.556,1,1,1,1.556,2,PASS,,,1,1
3219,4,at_current_floor,2,1,10,forecast,forecast,80,52,54,0.012,ok,0,0.481,1,1,1,1.481,2,PASS,,,1,1
3220,4,at_current_floor,2,1,10,forecast,forecast,0,44,48,0.031,ok,0,0.523,1,1,1,1.523,2,PASS,,,1,1
3221,4,at_current_floor,2,1,10,forecast,forecast,5,107,104,0.037,ok,0,0.495,1,1,1,1.495,2,PASS,,,1,1
3222,4,at_current_floor,2,1,10,forecast,forecast,none,51,51,0.035,ok,0,0.353,1,1,1,1.353,2,PASS,,,1,1
3223,4,at_current_floor,2,4,2,round-robin,request,,177,178,0.04,ok,0,0.599,1,1,1,1.599,2,PASS,,,1,1
3224,4,at_current_floor,2,4,2,round-robin,direction,,256,254,0.005,ok,0,0.555,1,1,1,1.555,2,PASS,,,1,1
3225,4,at_current_floor,2,4,2,round-robin,forecast,80,10,11,0.001,ok,0,0.4,1,1,1,1.4,2,PASS,,,1,1
3226,4,at_current_floor,2,4,2,round-robin,forecast,0,133,131,0.005,ok,0,0.549,1,1,1,1.549,2,PASS,,,1,1
3227,4,at_current_floor,2,4,2,round-robin,forecast,5,99,100,0.004,ok,0,0.545,1,1,1,1.545,2,PASS,,,1,1
3228,4,at_current_floor,2,4,2,round-robin,forecast,none,49,49,0.003,ok,0,0.551,1,1,1,1.551,2,PASS,,,1,1
3229,4,at_current_floor,2,4,2,nearest,request,,297,297,0.006,ok,0,0.175,2,1,1,1.175,3,PASS,,,1,1
3230,4,at_current_floor,2,4,2,nearest,direction,,77,74,0.003,ok,0,0.234,1,1,1,1.234,2,PASS,,,1,1
3231,4,at_current_floor,2,4,2,nearest,forecast,80,134,136,0.005,ok,0,0.127,1,1,1,1.127,2,PASS,,,1,1
3232,4,at_current_floor,2,4,2,nearest,forecast,0,132,134,0.006,ok,0,0.212,2,1,1,1.212,3,PASS,,,1,1
3233,4,at_current_floor,2,4,2,nearest,forecast,5,18,19,0.001,ok,0,0.167,1,1,1,1.167,2,PASS,,,1,1
3234,4,at_current_floor,2,4,2,nearest,forecast,none,42,43,0.016,ok,0,0.095,1,1,1,1.095,2,PASS,,,1,1
3235,4,at_current_floor,2,4,2,forecast,request,,119,118,0.024,ok,0,0.151,1,1,1,1.151,2,PASS,,,1,1
3236,4,at_current_floor,2,4,2,forecast,direction,,34,32,0.015,ok,0,0.235,1,1,1,1.235,2,PASS,,,1,1
3237,4,at_current_floor,2,4,2,forecast,forecast,80,46,47,0.039,ok,0,0.13,1,1,1,1.13,2,PASS,,,1,1
3238,4,at_current_floor,2,4,2,forecast,forecast,0,116,117,0.044,ok,0,0.164,1,1,1,1.164,2,PASS,,,1,1
3239,4,at_current_floor,2,4,2,forecast,forecast,5,149,150,0.03,ok,0,0.168,1,1,1,1.168,2,PASS,,,1,1
3240,4,at_current_floor,2,4,2,forecast,forecast,none,65,64,0.087,ok,0,0.108,1,1,1,1.108,2,PASS,,,1,1
3241,5,up_peak,3,4,10,round-robin,request,,294,585,0.006,ok,0,1.408,3,2,1,2.918,5,PASS,,,1,1
3242,5,up_peak,3,4,10,round-robin,direction,,154,310,0.006,ok,0,1.448,3,2,1,3.026,5,PASS,,,1,1
3243,5,up_peak,3,4,10,round-robin,forecast,80,92,184,0.004,ok,0,1.413,3,2,1,2.935,5,PASS,,,1,1
3244,5,up_peak,3,4,10,round-robin,forecast,0,141,286,0.006,ok,0,1.411,3,2,1,2.965,4,PASS,,,1,1
3245,5,up_peak,3,4,10,round-robin,forecast,5,46,92,0.011,ok,0,1.239,2,2,1,2.717,4,PASS,,,1,1
3246,5,up_peak,3,4,10,round-robin,forecast,none,126,251,0.005,ok,0,1.341,2,2,1,2.794,4,PASS,,,1,1
3247,5,up_peak,3,4,10,nearest,request,,63,125,0.002,ok,0,1.032,3,2,1,2.54,5,PASS,,,1,1
3248,5,up_peak,3,4,10,nearest,direction,,294,583,0.008,ok,0,1.082,3,2,1,2.592,4,PASS,,,1,1
3249,5,up_peak,3,4,10,nearest,forecast,80,83,168,0.005,ok,0,0.867,3,2,1,2.386,4,PASS,,,1,1
3250,5,up_peak,3,4,10,nearest,forecast,0,95,193,0.006,ok,0,0.947,2,2,1,2.421,4,PASS,,,1,1
3251,5,up_peak,3,4,10,nearest,forecast,5,54,110,0.006,ok,0,1.037,2,2,1,2.463,4,PASS,,,1,1
3252,5,up_peak,3,4,10,nearest,forecast,none,10,19,0.001,ok,0,0.5,2,2,1,1.9,3,PASS,,,1,1
3253,5,up_peak,3,4,10,forecast,request,,149,300,0.014,ok,0,0.832,2,2,1,2.329,4,PASS,,,1,1
3254,5,up_peak,3,4,10,forecast,direction,,12,24,0.004,ok,0,0.25,1,2,1,2,3,PASS,,,1,1
3255,5,up_peak,3,4,10,forecast,forecast,80,77,155,0.045,ok,0,0.974,2,2,1,2.545,4,PASS,,,1,1
3256,5,up_peak,3,4,10,forecast,forecast,0,15,31,0.007,ok,0,0.667,2,2,1,2.267,4,PASS,,,1,1
3257,5,up_peak,3,4,10,forecast,forecast,5,88,179,0.025,ok,0,0.955,2,2,1,2.386,4,PASS,,,1,1
3258,5,up_peak,3,4,10,forecast,forecast,none,126,251,0.053,ok,0,1,2,2,1,2.452,4,PASS,,,1,1
3259,5,up_peak,100,10,1000,round-robin,request,,49,398,0.007,ok,0,88.571,268,99,36,140.306,314,PASS,,,1,1
3260,5,up_peak,100,10,1000,round-robin,direction,,136,476,0.031,ok,0,79.669,188,99,2,127.331,243,PASS,,,1,1
3261,5,up_peak,100,10,1000,round-robin,forecast,80,60,358,0.038,ok,0,67.133,191,98,2,116.867,265,PASS,,,1,1
3262,5,up_peak,100,10,1000,round-robin,forecast,0,23,262,0.005,ok,0,48.217,165,99,19,102.957,233,PASS,,,1,1
3263,5,up_peak,100,10,1000,round-robin,forecast,5,76,412,0.026,ok,0,69.868,270,95,2,116.618,291,PASS,,,1,1
3264,5,up_peak,100,10,1000,round-robin,forecast,none,32,228,0.007,ok,0,54.562,169,92,1,95.938,199,PASS,,,1,1
3265,5,up_peak,100,10,1000,nearest,request,,243,833,0.047,ok,0,89.638,383,99,2,138,460,PASS,,,1,1
3266,5,up_peak,100,10,1000,nearest,direction,,105,349,0.045,ok,0,30.8,102,99,6,79.943,183,PASS,,,1,1
3267,5,up_peak,100,10,1000,nearest,forecast,80,101,335,0.076,ok,0,14.723,60,99,1,58.287,138,PASS,,,1,1
3268,5,up_peak,100,10,1000,nearest,forecast,0,92,285,0.053,ok,0,16.402,44,97,13,69.946,127,PASS,,,1,1
3269,5,up_peak,100,10,1000,nearest,forecast,5,139,378,0.161,ok,0,16.475,52,98,1,66.446,145,PASS,,,1,1
3270,5,up_peak,100,10,1000,nearest,forecast,none,13,112,0.002,ok,0,4.385,30,93,11,53.462,93,PASS,,,1,1
3271,5,up_peak,100,10,1000,forecast,request,,69,247,0.088,ok,0,24.942,67,97,4,74.739,142,PASS,,,1,1
3272,5,up_peak,100,10,1000,forecast,direction,,79,260,0.078,ok,0,16.557,51,97,3,67.215,126,PASS,,,1,1
3273,5,up_peak,100,10,1000,forecast,forecast,80,71,243,0.177,ok,0,12.761,48,99,2,60.507,117,PASS,,,1,1
3274,5,up_peak,100,10,1000,forecast,forecast,0,108,301,0.408,ok,0,13.38,36,99,6,59.704,135,PASS,,,1,1
3275,5,up_peak,100,10,1000,forecast,forecast,5,122,319,0.733,ok,0,22.795,70,99,2,75.68,149,PASS,,,1,1
3276,5,up_peak,100,10,1000,forecast,forecast,none,117,334,0.425,ok,0,15.65,91,99,9,64.709,172,PASS,,,1,1
3277,5,down_peak,3,4,10,round-robin,request,,49,101,0.002,ok,0,1.327,2,2,1,2.857,4,PASS,,,1,1
3278,5,down_peak,3,4,10,round-robin,direction,,10,24,0.0,ok,1,1.4,2,2,2,2.8,4,PASS,,,1,1
3279,5,down_peak,3,4,10,round-robin,forecast,80,96,194,0.004,ok,0,1.49,3,2,1,3,5,PASS,,,1,1
3280,5,down_peak,3,4,10,round-robin,forecast,0,102,204,0.005,ok,0,1.451,3,2,1,2.951,5,PASS,,,1,1
3281,5,down_peak,3,4,10,round-robin,forecast,5,74,151,0.003,ok,0,1.459,3,2,1,3.027,5,PASS,,,1,1
3282,5,down_peak,3,4,10,round-robin,forecast,none,142,287,0.006,ok,0,1.352,3,2,1,2.824,5,PASS,,,1,1
3283,5,down_peak,3,4,10,nearest,request,,185,371,0.004,ok,0,1.254,4,2,1,2.832,5,PASS,,,1,1
3284,5,down_peak,3,4,10,nearest,direction,,291,583,0.008,ok,0,1.134,3,2,1,2.601,5,PASS,,,1,1
3285,5,down_peak,3,4,10,nearest,forecast,80,49,101,0.004,ok,0,1.143,3,2,1,2.673,5,PASS,,,1,1
3286,5,down_peak,3,4,10,nearest,forecast,0,120,241,0.006,ok,0,1.117,3,2,1,2.625,5,PASS,,,1,1
3287,5,down_peak,3,4,10,nearest,forecast,5,138,280,0.008,ok,0,1.203,3,2,1,2.804,5,PASS,,,1,1
3288,5,down_peak,3,4,10,nearest,forecast,none,39,83,0.004,ok,0,1.154,3,2,1,2.667,5,PASS,,,1,1
3289,5,down_peak,3,4,10,forecast,request,,9,19,0.002,ok,0,1.333,2,2,1,3,4,PASS,,,1,1
3290,5,down_peak,3,4,10,forecast,direction,,136,275,0.017,ok,0,1.074,2,2,1,2.581,4,PASS,,,1,1
3291,5,down_peak,3,4,10,forecast,forecast,80,3,7,0.002,ok,0,1,2,2,1,2.333,4,PASS,,,1,1
3292,5,down_peak,3,4,10,forecast,forecast,0,118,240,0.056,ok,0,1.051,2,2,1,2.483,4,PASS,,,1,1
3293,5,down_peak,3,4,10,forecast,forecast,5,8,12,0.004,ok,0,1.125,2,2,1,2.375,4,PASS,,,1,1
3294,5,down_peak,3,4,10,forecast,forecast,none,11,24,0.006,ok,0,1.091,2,2,1,2.545,4,PASS,,,1,1
3295,5,down_peak,100,4,10,round-robin,request,,109,2359,0.046,ok,8,878.78,2100,99,16,931.56,2142,PASS,,,1,1
3296,5,down_peak,100,4,10,round-robin,direction,,65,397,0.011,ok,2,119.6,351,97,30,164.785,360,PASS,,,1,1
3297,5,down_peak,100,4,10,round-robin,forecast,80,113,698,0.215,ok,1,163.628,404,99,9,213.628,483,PASS,,,1,1
3298,5,down_peak,100,4,10,round-robin,forecast,0,17,313,0.005,ok,33,97.176,229,90,43,146.235,304,PASS,,,1,1
3299,5,down_peak,100,4,10,round-robin,forecast,5,62,665,0.089,ok,0,123,457,99,37,172.258,556,PASS,,,1,1
3300,5,down_peak,100,4,10,round-robin,forecast,none,119,715,0.204,ok,2,147.269,384,98,7,196.378,480,PASS,,,1,1
3301,5,down_peak,100,4,10,nearest,request,,243,5190,0.136,ok,15,1832.963,4675,99,30,1881.428,4712,PASS,,,1,1
3302,5,down_peak,100,4,10,nearest,direction,,98,455,0.029,ok,1,97.469,293,98,13,143.01,333,PASS,,,1,1
3303,5,down_peak,100,4,10,nearest,forecast,80,88,488,0.136,ok,1,108.761,324,99,7,158.92,367,PASS,,,1,1
3304,5,down_peak,100,4,10,nearest,forecast,0,42,716,0.058,ok,0,162.619,563,95,18,212.69,649,PASS,,,1,1
3305,5,down_peak,100,4,10,nearest,forecast,5,58,520,0.197,ok,4,124.931,365,99,16,178.845,461,PASS,,,1,1
3306,5,down_peak,100,4,10,nearest,forecast,none,43,313,0.039,ok,3,75.07,193,99,14,121.767,256,PASS,,,1,1
3307,5,down_peak,100,4,10,forecast,request,,76,763,0.094,ok,6,219.355,520,99,12,270.118,611,PASS,,,1,1
3308,5,down_peak,100,4,10,forecast,direction,,97,349,0.127,ok,0,59.897,161,98,14,106.649,227,PASS,,,1,1
3309,5,down_peak,100,4,10,forecast,forecast,80,118,496,0.645,ok,1,75.212,192,98,9,122.737,266,PASS,,,1,1
3310,5,down_peak,100,4,10,forecast,forecast,0,90,536,0.571,ok,1,104.544,266,99,2,153.711,356,PASS,,,1,1
3311,5,down_peak,100,4,10,forecast,forecast,5,123,560,0.806,ok,0,82.415,266,99,3,130.667,363,PASS,,,1,1
3312,5,down_peak,100,4,10,forecast,forecast,none,137,491,0.654,ok,0,77.584,214,99,3,125.657,293,PASS,,,1,1
3313,5,lunch,2,10,1000,round-robin,request,,274,550,0.007,ok,0,0.496,1,1,1,1.496,2,PASS,,,1,1
3314,5,lunch,2,10,1000,round-robin,direction,,128,256,0.006,ok,0,0.555,1,1,1,1.555,2,PASS,,,1,1
3315,5,lunch,2,10,1000,round-robin,forecast,80,19,40,0.002,ok,0,0.421,1,1,1,1.421,2,PASS,,,1,1
3316,5,lunch,2,10,1000,round-robin,forecast,0,119,240,0.006,ok,0,0.471,1,1,1,1.471,2,PASS,,,1,1
3317,5,lunch,2,10,1000,round-robin,forecast,5,92,183,0.004,ok,0,0.467,1,1,1,1.467,2,PASS,,,1,1
3318,5,lunch,2,10,1000,round-robin,forecast,none,85,171,0.004,ok,0,0.576,1,1,1,1.576,2,PASS,,,1,1
3319,5,lunch,2,10,1000,nearest,request,,115,228,0.005,ok,0,0.122,1,1,1,1.122,2,PASS,,,1,1
3320,5,lunch,2,10,1000,nearest,direction,,266,530,0.008,ok,0,0.075,1,1,1,1.075,2,PASS,,,1,1
3321,5,lunch,2,10,1000,nearest,forecast,80,53,107,0.004,ok,0,0.094,1,1,1,1.094,2,PASS,,,1,1
3322,5,lunch,2,10,1000,nearest,forecast,0,102,198,0.005,ok,0,0.02,1,1,1,1.02,2,PASS,,,1,1
3323,5,lunch,2,10,1000,nearest,forecast,5,59,118,0.005,ok,0,0.102,1,1,1,1.102,2,PASS,,,1,1
3324,5,lunch,2,10,1000,nearest,forecast,none,149,298,0.006,ok,0,0.114,1,1,1,1.114,2,PASS,,,1,1
3325,5,lunch,2,10,1000,forecast,request,,148,295,0.043,ok,0,0.027,1,1,1,1.027,2,PASS,,,1,1
3326,5,lunch,2,10,1000,forecast,direction,,100,200,0.028,ok,0,0.07,1,1,1,1.07,2,PASS,,,1,1
3327,5,lunch,2,10,1000,forecast,forecast,80,51,101,0.142,ok,0,0.078,1,1,1,1.078,2,PASS,,,1,1
3328,5,lunch,2,10,1000,forecast,forecast,0,94,187,0.048,ok,0,0.128,1,1,1,1.128,2,PASS,,,1,1
3329,5,lunch,2,10,1000,forecast,forecast,5,13,28,0.011,ok,0,0.231,1,1,1,1.231,2,PASS,,,1,1
3330,5,lunch,2,10,1000,forecast,forecast,none,149,298,0.071,ok,0,0.114,1,1,1,1.114,2,PASS,,,1,1
3331,5,lunch,3,4,10,round-robin,request,,223,450,0.004,ok,0,0.928,3,2,1,2.404,5,PASS,,,1,1
3332,5,lunch,3,4,10,round-robin,direction,,130,263,0.005,ok,0,0.792,3,2,1,2.146,4,PASS,,,1,1
3333,5,lunch,3,4,10,round-robin,forecast,80,29,61,0.002,ok,0,1,2,2,1,2.552,4,PASS,,,1,1
3334,5,lunch,3,4,10,round-robin,forecast,0,81,163,0.007,ok,0,0.778,2,2,1,2.136,4,PASS,,,1,1
3335,5,lunch,3,4,10,round-robin,forecast,5,8,19,0.001,ok,0,0.75,2,2,1,2.125,3,PASS,,,1,1
3336,5,lunch,3,4,10,round-robin,forecast,none,11,18,0.001,ok,0,0.364,1,2,1,1.909,3,PASS,,,1,1
3337,5,lunch,3,4,10,nearest,request,,49,99,0.002,ok,0,0.306,2,2,1,1.735,4,PASS,,,1,1
3338,5,lunch,3,4,10,nearest,direction,,68,136,0.003,ok,0,0.382,2,2,1,1.838,4,PASS,,,1,1
3339,5,lunch,3,4,10,nearest,forecast,80,115,233,0.006,ok,0,0.304,2,2,1,1.843,4,PASS,,,1,1
3340,5,lunch,3,4,10,nearest,forecast,0,97,196,0.005,ok,0,0.433,2,2,1,1.938,4,PASS,,,1,1
3341,5,lunch,3,4,10,nearest,forecast,5,16,34,0.001,ok,0,0.188,1,2,1,1.562,3,PASS,,,1,1
3342,5,lunch,3,4,10,nearest,forecast,none,56,111,0.175,ok,0,0.357,2,2,1,1.768,4,PASS,,,1,1
3343,5,lunch,3,4,10,forecast,request,,121,243,0.04,ok,0,0.364,2,2,1,1.777,4,PASS,,,1,1
3344,5,lunch,3,4,10,forecast,direction,,92,184,0.029,ok,0,0.424,2,2,1,1.88,4,PASS,,,1,1
3345,5,lunch,3,4,10,forecast,forecast,80,111,222,0.052,ok,0,0.225,2,2,1,1.685,4,PASS,,,1,1
3346,5,lunch,3,4,10,forecast,forecast,0,147,295,0.031,ok,0,0.367,2,2,1,1.85,4,PASS,,,1,1
3347,5,lunch,3,4,10,forecast,forecast,5,84,170,0.023,ok,0,0.44,2,2,1,1.952,4,PASS,,,1,1
3348,5,lunch,3,4,10,forecast,forecast,none,115,233,0.054,ok,0,0.278,2,2,1,1.817,4,PASS,,,1,1
3349,5,interfloor,3,4,2,round-robin,request,,39,78,0.016,ok,0,0.872,2,2,1,2.282,4,PASS,,,1,1
3350,5,interfloor,3,4,2,round-robin,direction,,268,538,0.006,ok,0,0.877,2,2,1,2.198,4,PASS,,,1,1
3351,5,interfloor,3,4,2,round-robin,forecast,80,40,82,0.013,ok,0,0.95,2,2,1,2.25,4,PASS,,,1,1
3352,5,interfloor,3,4,2,round-robin,forecast,0,48,93,0.004,ok,0,0.771,2,2,1,2.125,4,PASS,,,1,1
3353,5,interfloor,3,4,2,round-robin,forecast,5,21,42,0.002,ok,0,0.857,2,2,1,2.143,4,PASS,,,1,1
3354,5,interfloor,3,4,2,round-robin,forecast,none,83,167,0.019,ok,0,0.819,2,2,1,2.157,4,PASS,,,1,1
3355,5,interfloor,3,4,2,nearest,request,,138,278,0.005,ok,0,0.29,3,2,1,1.652,5,PASS,,,1,1
3356,5,interfloor,3,4,2,nearest,direction,,58,117,0.002,ok,0,0.207,2,2,1,1.569,4,PASS,,,1,1
3357,5,interfloor,3,4,2,nearest,forecast,80,11,23,0.001,ok,0,0.091,1,2,1,1.545,2,PASS,,,1,1
3358,5,interfloor,3,4,2,nearest,forecast,0,69,136,0.003,ok,0,0.304,3,2,1,1.58,4,PASS,,,1,1
3359,5,interfloor,3,4,2,nearest,forecast,5,117,233,0.021,ok,0,0.453,3,2,1,1.812,5,PASS,,,1,1
3360,5,interfloor,3,4,2,nearest,forecast,none,60,121,0.004,ok,0,0.183,2,2,1,1.583,4,PASS,,,1,1
3361,5,interfloor,3,4,2,forecast,request,,22,42,0.004,ok,0,0.727,2,2,1,2,4,PASS,,,1,1
3362,5,interfloor,3,4,2,forecast,direction,,40,81,0.008,ok,0,0.275,2,2,1,1.575,4,PASS,,,1,1
3363,5,interfloor,3,4,2,forecast,forecast,80,67,134,0.055,ok,0,0.403,2,2,1,1.701,4,PASS,,,1,1
3364,5,interfloor,3,4,2,forecast,forecast,0,119,240,0.056,ok,0,0.311,2,2,1,1.63,4,PASS,,,1,1
3365,5,interfloor,3,4,2,forecast,forecast,5,102,207,0.058,ok,0,0.373,2,2,1,1.716,4,PASS,,,1,1
3366,5,interfloor,3,4,2,forecast,forecast,none,85,168,0.021,ok,0,0.271,2,2,1,1.529,4,PASS,,,1,1
3367,5,interfloor,3,4,10,round-robin,request,,220,441,0.005,ok,0,0.95,3,2,1,2.273,4,PASS,,,1,1
3368,5,interfloor,3,4,10,round-robin,direction,,115,232,0.005,ok,0,0.87,2,2,1,2.243,4,PASS,,,1,1
3369,5,interfloor,3,4,10,round-robin,forecast,80,102,206,0.013,ok,0,0.814,2,2,1,2.108,4,PASS,,,1,1
3370,5,interfloor,3,4,10,round-robin,forecast,0,105,211,0.004,ok,0,0.8,2,2,1,2.171,4,PASS,,,1,1
3371,5,interfloor,3,4,10,round-robin,forecast,5,137,276,0.005,ok,0,0.978,3,2,1,2.358,4,PASS,,,1,1
3372,5,interfloor,3,4,10,round-robin,forecast,none,134,270,0.006,ok,0,0.866,3,2,1,2.194,4,PASS,,,1,1
3373,5,interfloor,3,4,10,nearest,request,,168,338,0.186,ok,0,0.351,2,2,1,1.708,4,PASS,,,1,1
3374,5,interfloor,3,4,10,nearest,direction,,35,68,0.002,ok,0,0.429,2,2,1,1.743,4,PASS,,,1,1
3375,5,interfloor,3,4,10,nearest,forecast,80,56,112,0.158,ok,0,0.321,2,2,1,1.643,4,PASS,,,1,1
3376,5,interfloor,3,4,10,nearest,forecast,0,52,105,0.004,ok,0,0.288,3,2,1,1.692,5,PASS,,,1,1
3377,5,interfloor,3,4,10,nearest,forecast,5,98,196,0.004,ok,0,0.388,2,2,1,1.735,3,PASS,,,1,1
3378,5,interfloor,3,4,10,nearest,forecast,none,73,147,0.017,ok,0,0.274,3,2,1,1.562,4,PASS,,,1,1
3379,5,interfloor,3,4,10,forecast,request,,1,2,0.0,ok,1,1,1,1,2,2,2,PASS,,,1,1
3380,5,interfloor,3,4,10,forecast,direction,,140,284,0.017,ok,0,0.286,2,2,1,1.664,4,PASS,,,1,1
3381,5,interfloor,3,4,10,forecast,forecast,80,2,5,0.011,ok,1,1.5,2,2,3,3.5,4,PASS,,,1,1
3382,5,interfloor,3,4,10,forecast,forecast,0,100,200,0.035,ok,0,0.45,2,2,1,1.7,4,PASS,,,1,1
3383,5,interfloor,3,4,10,forecast,forecast,5,21,44,0.009,ok,0,0.476,2,2,1,1.81,4,PASS,,,1,1
3384,5,interfloor,3,4,10,forecast,forecast,none,98,196,0.059,ok,0,0.357,2,2,1,1.704,3,PASS,,,1,1
3385,5,hot_floor,2,4,1000,round-robin,request,,183,368,0.004,ok,0,0.514,1,1,1,1.514,2,PASS,,,1,1
3386,5,hot_floor,2,4,1000,round-robin,direction,,233,463,0.006,ok,0,0.498,1,1,1,1.498,2,PASS,,,1,1
3387,5,hot_floor,2,4,1000,round-robin,forecast,80,81,158,0.012,ok,0,0.494,1,1,1,1.494,2,PASS,,,1,1
3388,5,hot_floor,2,4,1000,round-robin,forecast,0,129,259,0.011,ok,0,0.512,1,1,1,1.512,2,PASS,,,1,1
3389,5,hot_floor,2,4,1000,round-robin,forecast,5,77,155,0.003,ok,0,0.584,1,1,1,1.584,2,PASS,,,1,1
3390,5,hot_floor,2,4,1000,round-robin,forecast,none,27,52,0.012,ok,0,0.593,1,1,1,1.593,2,PASS,,,1,1
3391,5,hot_floor,2,4,1000,nearest,request,,157,314,0.005,ok,0,0.153,1,1,1,1.153,2,PASS,,,1,1
3392,5,hot_floor,2,4,1000,nearest,direction,,62,124,0.002,ok,0,0.242,1,1,1,1.242,2,PASS,,,1,1
3393,5,hot_floor,2,4,1000,nearest,forecast,80,23,45,0.002,ok,0,0.13,1,1,1,1.13,2,PASS,,,1,1
3394,5,hot_floor,2,4,1000,nearest,forecast,0,127,255,0.006,ok,0,0.165,1,1,1,1.165,2,PASS,,,1,1
3395,5,hot_floor,2,4,1000,nearest,forecast,5,18,35,0.001,ok,0,0.389,1,1,1,1.389,2,PASS,,,1,1
3396,5,hot_floor,2,4,1000,nearest,forecast,none,149,299,0.01,ok,0,0.154,1,1,1,1.154,2,PASS,,,1,1
3397,5,hot_floor,2,4,1000,forecast,request,,108,217,0.012,ok,0,0.148,1,1,1,1.148,2,PASS,,,1,1
3398,5,hot_floor,2,4,1000,forecast,direction,,84,170,0.011,ok,0,0.214,1,1,1,1.214,2,PASS,,,1,1
3399,5,hot_floor,2,4,1000,forecast,forecast,80,146,285,0.051,ok,0,0.171,1,1,1,1.171,2,PASS,,,1,1
3400,5,hot_floor,2,4,1000,forecast,forecast,0,40,73,0.033,ok,0,0.225,1,1,1,1.225,2,PASS,,,1,1
3401,5,hot_floor,2,4,1000,forecast,forecast,5,96,193,0.044,ok,0,0.104,1,1,1,1.104,2,PASS,,,1,1
3402,5,hot_floor,2,4,1000,forecast,forecast,none,148,297,0.028,ok,0,0.182,1,1,1,1.182,2,PASS,,,1,1
3403,5,hot_floor,3,4,10,round-robin,request,,143,287,0.005,ok,0,0.916,2,2,1,2.371,4,PASS,,,1,1
3404,5,hot_floor,3,4,10,round-robin,direction,,223,449,0.005,ok,0,0.843,3,2,1,2.318,5,PASS,,,1,1
3405,5,hot_floor,3,4,10,round-robin,forecast,80,130,262,0.031,ok,0,0.8,3,2,1,2.315,5,PASS,,,1,1
3406,5,hot_floor,3,4,10,round-robin,forecast,0,50,102,0.004,ok,0,0.82,2,1,1,1.82,3,PASS,,,1,1
3407,5,hot_floor,3,4,10,round-robin,forecast,5,45,91,0.003,ok,0,0.978,2,2,1,2.511,4,PASS,,,1,1
3408,5,hot_floor,3,4,10,round-robin,forecast,none,101,204,0.006,ok,0,0.822,3,2,1,2.327,5,PASS,,,1,1
3409,5,hot_floor,3,4,10,nearest,request,,90,181,0.003,ok,0,0.456,4,2,1,1.9,5,PASS,,,1,1
3410,5,hot_floor,3,4,10,nearest,direction,,275,552,0.007,ok,0,0.458,3,2,1,1.956,4,PASS,,,1,1
3411,5,hot_floor,3,4,10,nearest,forecast,80,85,171,0.004,ok,0,0.259,3,2,1,1.776,5,PASS,,,1,1
3412,5,hot_floor,3,4,10,nearest,forecast,0,119,240,0.005,ok,0,0.319,2,2,1,1.866,4,PASS,,,1,1
3413,5,hot_floor,3,4,10,nearest,forecast,5,118,234,0.005,ok,0,0.305,2,1,1,1.305,3,PASS,,,1,1
3414,5,hot_floor,3,4,10,nearest,forecast,none,82,164,0.004,ok,0,0.22,2,2,1,1.671,4,PASS,,,1,1
3415,5,hot_floor,3,4,10,forecast,request,,60,120,0.023,ok,0,0.2,1,1,1,1.2,2,PASS,,,1,1
3416,5,hot_floor,3,4,10,forecast,direction,,7,15,0.002,ok,0,0.429,2,2,1,1.857,4,PASS,,,1,1
3417,5,hot_floor,3,4,10,forecast,forecast,80,108,215,0.026,ok,0,0.306,2,2,1,1.843,4,PASS,,,1,1
3418,5,hot_floor,3,4,10,forecast,forecast,0,102,205,0.029,ok,0,0.324,2,2,1,1.735,4,PASS,,,1,1
3419,5,hot_floor,3,4,10,forecast,forecast,5,88,174,0.022,ok,0,0.33,2,2,1,1.807,4,PASS,,,1,1
3420,5,hot_floor,3,4,10,forecast,forecast,none,36,72,0.032,ok,0,0.333,1,1,1,1.333,2,PASS,,,1,1
3421,5,all_at_0,2,10,2,round-robin,request,,211,20,0.015,ok,0,8.336,19,1,1,9.336,20,PASS,,,1,1
3422,5,all_at_0,2,10,2,round-robin,direction,,281,18,0.05,ok,0,6.811,17,1,1,7.811,18,PASS,,,1,1
3423,5,all_at_0,2,10,2,round-robin,forecast,80,45,4,0.016,ok,0,0.956,3,1,1,1.956,4,PASS,,,1,1
3424,5,all_at_0,2,10,2,round-robin,forecast,0,30,4,0.014,ok,0,0.633,3,1,1,1.633,4,PASS,,,1,1
3425,5,all_at_0,2,10,2,round-robin,forecast,5,26,4,0.003,ok,0,0.538,3,1,1,1.538,4,PASS,,,1,1
3426,5,all_at_0,2,10,2,round-robin,forecast,none,36,4,0.015,ok,0,0.75,3,1,1,1.75,4,PASS,,,1,1
3427,5,all_at_0,2,10,2,nearest,request,,82,9,0.006,ok,0,3.159,8,1,1,4.159,9,PASS,,,1,1
3428,5,all_at_0,2,10,2,nearest,direction,,98,8,0.008,ok,0,2.306,7,1,1,3.306,8,PASS,,,1,1
3429,5,all_at_0,2,10,2,nearest,forecast,80,16,2,0.002,ok,0,0.562,1,1,1,1.562,2,PASS,,,1,1
3430,5,all_at_0,2,10,2,nearest,forecast,0,2,2,0.001,ok,1,1,1,1,2,2,2,PASS,,,1,1
3431,5,all_at_0,2,10,2,nearest,forecast,5,47,5,0.021,ok,0,0.894,4,1,1,1.894,5,PASS,,,1,1
3432,5,all_at_0,2,10,2,nearest,forecast,none,34,4,0.006,ok,0,0.706,3,1,1,1.706,4,PASS,,,1,1
3433,5,all_at_0,2,10,2,forecast,request,,40,4,0.043,ok,0,0.875,3,1,1,1.875,4,PASS,,,1,1
3434,5,all_at_0,2,10,2,forecast,direction,,38,4,0.051,ok,0,0.605,3,1,1,1.605,4,PASS,,,1,1
3435,5,all_at_0,2,10,2,forecast,forecast,80,12,2,0.032,ok,0,0.583,1,1,1,1.583,2,PASS,,,1,1
3436,5,all_at_0,2,10,2,forecast,forecast,0,44,3,0.178,ok,0,0.682,2,1,1,1.682,3,PASS,,,1,1
3437,5,all_at_0,2,10,2,forecast,forecast,5,24,2,0.058,ok,0,0.458,1,1,1,1.458,2,PASS,,,1,1
3438,5,all_at_0,2,10,2,forecast,forecast,none,50,4,0.382,ok,0,1.12,3,1,1,2.12,4,PASS,,,1,1
3439,5,all_at_0,3,4,10,round-robin,request,,244,96,0.074,ok,0,43.16,95,2,2,44.48,96,PASS,,,1,1
3440,5,all_at_0,3,4,10,round-robin,direction,,216,10,0.035,ok,0,3.329,9,2,1,4.653,10,PASS,,,1,1
3441,5,all_at_0,3,4,10,round-robin,forecast,80,56,4,2.895,ok,0,1.179,3,2,1,2.554,4,PASS,,,1,1
3442,5,all_at_0,3,4,10,round-robin,forecast,0,27,4,0.022,ok,0,1.407,3,2,1,2.667,4,PASS,,,1,1
3443,5,all_at_0,3,4,10,round-robin,forecast,5,22,4,0.006,ok,0,1.136,2,2,1,2.455,4,PASS,,,1,1
3444,5,all_at_0,3,4,10,round-robin,forecast,none,13,4,0.002,ok,0,1.077,3,2,1,2.385,4,PASS,,,1,1
3445,5,all_at_0,3,4,10,nearest,request,,7,6,0.0,ok,0,2,4,2,2,3.571,6,PASS,,,1,1
3446,5,all_at_0,3,4,10,nearest,direction,,156,8,0.054,ok,0,2.705,7,2,1,4.032,8,PASS,,,1,1
3447,5,all_at_0,3,4,10,nearest,forecast,80,15,6,0.003,ok,0,1.8,4,2,1,3,6,PASS,,,1,1
3448,5,all_at_0,3,4,10,nearest,forecast,0,28,6,0.012,ok,0,1.607,4,2,1,3,6,PASS,,,1,1
3449,5,all_at_0,3,4,10,nearest,forecast,5,32,5,0.024,ok,0,1.312,4,2,1,2.594,5,PASS,,,1,1
3450,5,all_at_0,3,4,10,nearest,forecast,none,7,4,0.001,ok,0,1.429,3,2,2,3,4,PASS,,,1,1
3451,5,all_at_0,3,4,10,forecast,request,,52,6,0.062,ok,0,2.538,5,2,1,3.865,6,PASS,,,1,1
3452,5,all_at_0,3,4,10,forecast,direction,,8,4,0.003,ok,0,1.375,2,2,1,2.75,4,PASS,,,1,1
3453,5,all_at_0,3,4,10,forecast,forecast,80,5,3,0.003,ok,0,1.2,2,2,2,2.4,3,PASS,,,1,1
3454,5,all_at_0,3,4,10,forecast,forecast,0,38,4,0.204,ok,0,1.053,2,2,1,2.316,4,PASS,,,1,1
3455,5,all_at_0,3,4,10,forecast,forecast,5,12,3,0.011,ok,0,0.917,2,2,1,2.083,3,PASS,,,1,1
3456,5,all_at_0,3,4,10,forecast,forecast,none,45,4,0.266,ok,0,0.756,2,2,1,2.2,4,PASS,,,1,1
3457,5,bursts,3,1,1,round-robin,request,,74,530,0.005,ok,0,9.378,32,2,1,10.743,34,PASS,,,1,1
3458,5,bursts,3,1,1,round-robin,direction,,277,1499,0.022,ok,0,7.054,34,2,1,8.404,36,PASS,,,1,1
3459,5,bursts,3,1,1,round-robin,forecast,80,49,345,0.038,ok,0,5.776,21,2,1,7.082,23,PASS,,,1,1
3460,5,bursts,3,1,1,round-robin,forecast,0,74,528,0.022,ok,0,6.311,24,2,1,7.676,26,PASS,,,1,1
3461,5,bursts,3,1,1,round-robin,forecast,5,108,466,0.068,ok,0,7.574,21,2,1,8.88,22,PASS,,,1,1
3462,5,bursts,3,1,1,round-robin,forecast,none,123,504,0.072,ok,0,7.488,22,2,1,8.886,24,PASS,,,1,1
3463,5,bursts,3,1,1,nearest,request,,126,433,0.012,ok,0,14.722,37,2,1,16.119,38,PASS,,,1,1
3464,5,bursts,3,1,1,nearest,direction,,178,794,0.081,ok,0,7.489,24,2,1,8.77,25,PASS,,,1,1
3465,5,bursts,3,1,1,nearest,forecast,80,127,670,0.09,ok,0,6.575,23,2,1,7.937,25,PASS,,,1,1
3466,5,bursts,3,1,1,nearest,forecast,0,2,3,0.0,ok,1,1.5,2,1,2,2.5,3,PASS,,,1,1
3467,5,bursts,3,1,1,nearest,forecast,5,10,60,0.003,ok,0,2.8,6,2,1,4.1,8,PASS,,,1,1
3468,5,bursts,3,1,1,nearest,forecast,none,31,105,0.024,ok,0,6.226,19,2,1,7.516,20,PASS,,,1,1
3469,5,bursts,3,1,1,forecast,request,,38,166,0.022,ok,0,13.211,34,2,1,14.658,35,PASS,,,1,1
3470,5,bursts,3,1,1,forecast,direction,,61,441,0.009,ok,0,6.393,25,2,1,7.672,26,PASS,,,1,1
3471,5,bursts,3,1,1,forecast,forecast,80,4,41,0.001,ok,0,2.75,6,2,2,4.5,8,PASS,,,1,1
3472,5,bursts,3,1,1,forecast,forecast,0,111,560,0.147,ok,0,7.171,21,2,1,8.505,23,PASS,,,1,1
3473,5,bursts,3,1,1,forecast,forecast,5,20,122,0.042,ok,0,5.8,18,2,1,6.95,19,PASS,,,1,1
3474,5,bursts,3,1,1,forecast,forecast,none,16,55,0.022,ok,0,6.188,16,2,1,7.438,18,PASS,,,1,1
3475,5,bursts,3,4,10,round-robin,request,,271,1517,0.009,ok,0,1.731,9,2,1,3.089,10,PASS,,,1,1
3476,5,bursts,3,4,10,round-robin,direction,,13,34,0.001,ok,0,1.077,3,2,1,2.538,4,PASS,,,1,1
3477,5,bursts,3,4,10,round-robin,forecast,80,43,162,0.006,ok,0,1.116,4,2,1,2.326,5,PASS,,,1,1
3478,5,bursts,3,4,10,round-robin,forecast,0,93,421,0.007,ok,0,1.194,3,2,1,2.495,5,PASS,,,1,1
3479,5,bursts,3,4,10,round-robin,forecast,5,125,745,0.01,ok,0,1.168,4,2,1,2.44,6,PASS,,,1,1
3480,5,bursts,3,4,10,round-robin,forecast,none,42,337,0.006,ok,0,0.69,2,2,1,2.048,4,PASS,,,1,1
3481,5,bursts,3,4,10,nearest,request,,64,311,0.004,ok,0,0.781,5,2,1,2.094,6,PASS,,,1,1
3482,5,bursts,3,4,10,nearest,direction,,27,78,0.002,ok,0,1,3,2,1,2.333,4,PASS,,,1,1
3483,5,bursts,3,4,10,nearest,forecast,80,135,666,0.013,ok,0,0.733,4,2,1,2.126,6,PASS,,,1,1
3484,5,bursts,3,4,10,nearest,forecast,0,140,883,0.013,ok,0,0.457,4,2,1,1.814,5,PASS,,,1,1
3485,5,bursts,3,4,10,nearest,forecast,5,134,549,0.034,ok,0,0.448,4,2,1,1.821,6,PASS,,,1,1
3486,5,bursts,3,4,10,nearest,forecast,none,67,288,0.007,ok,0,0.597,3,2,1,1.955,4,PASS,,,1,1
3487,5,bursts,3,4,10,forecast,request,,112,617,0.019,ok,0,0.688,3,2,1,1.964,5,PASS,,,1,1
3488,5,bursts,3,4,10,forecast,direction,,112,617,0.021,ok,0,0.357,3,2,1,1.634,4,PASS,,,1,1
3489,5,bursts,3,4,10,forecast,forecast,80,116,465,0.099,ok,0,0.319,2,2,1,1.672,4,PASS,,,1,1
3490,5,bursts,3,4,10,forecast,forecast,0,124,501,0.101,ok,0,0.645,2,2,1,2.016,4,PASS,,,1,1
3491,5,bursts,3,4,10,forecast,forecast,5,76,341,0.038,ok,0,0.408,2,2,1,1.908,4,PASS,,,1,1
3492,5,bursts,3,4,10,forecast,forecast,none,119,623,0.068,ok,0,0.387,2,2,1,1.664,4,PASS,,,1,1
3493,5,sparse,3,2,10,round-robin,request,,135,805,0.012,ok,0,0.881,2,2,1,2.237,4,PASS,,,1,1
3494,5,sparse,3,2,10,round-robin,direction,,13,69,0.001,ok,0,0.846,2,2,1,2,3,PASS,,,1,1
3495,5,sparse,3,2,10,round-robin,forecast,80,83,490,0.004,ok,0,0.952,2,2,1,2.301,4,PASS,,,1,1
3496,5,sparse,3,2,10,round-robin,forecast,0,13,69,0.001,ok,0,0.846,2,2,1,2,3,PASS,,,1,1
3497,5,sparse,3,2,10,round-robin,forecast,5,124,710,0.005,ok,0,0.758,2,2,1,2.024,4,PASS,,,1,1
3498,5,sparse,3,2,10,round-robin,forecast,none,21,124,0.003,ok,0,0.952,2,2,1,2.476,4,PASS,,,1,1
3499,5,sparse,3,2,10,nearest,request,,218,1341,0.005,ok,0,0.477,2,2,1,1.849,4,PASS,,,1,1
3500,5,sparse,3,2,10,nearest,direction,,187,1155,0.004,ok,0,0.642,2,2,1,2.016,4,PASS,,,1,1
3501,5,sparse,3,2,10,nearest,forecast,80,68,385,0.003,ok,0,0.515,2,2,1,1.926,4,PASS,,,1,1
3502,5,sparse,3,2,10,nearest,forecast,0,138,853,0.015,ok,0,0.478,2,2,1,1.87,4,PASS,,,1,1
3503,5,sparse,3,2,10,nearest,forecast,5,121,719,0.005,ok,0,0.636,2,2,1,2.033,4,PASS,,,1,1
3504,5,sparse,3,2,10,nearest,forecast,none,110,671,0.005,ok,0,0.664,2,2,1,1.964,4,PASS,,,1,1
3505,5,sparse,3,2,10,forecast,request,,22,138,0.004,ok,0,0.727,2,2,1,2,4,PASS,,,1,1
3506,5,sparse,3,2,10,forecast,direction,,100,624,0.018,ok,0,0.58,2,2,1,1.95,4,PASS,,,1,1
3507,5,sparse,3,2,10,forecast,forecast,80,144,914,0.018,ok,0,0.597,2,2,1,2.014,4,PASS,,,1,1
3508,5,sparse,3,2,10,forecast,forecast,0,54,316,0.013,ok,0,0.667,2,2,1,2.019,4,PASS,,,1,1
3509,5,sparse,3,2,10,forecast,forecast,5,18,114,0.004,ok,0,0.444,2,2,1,1.778,3,PASS,,,1,1
3510,5,sparse,3,2,10,forecast,forecast,none,121,719,0.034,ok,0,0.636,2,2,1,2.033,4,PASS,,,1,1
3511,5,sparse,3,4,10,round-robin,request,,276,1664,0.016,ok,0,0.815,2,2,1,2.152,4,PASS,,,1,1
3512,5,sparse,3,4,10,round-robin,direction,,163,955,0.012,ok,0,0.945,2,2,1,2.288,4,PASS,,,1,1
3513,5,sparse,3,4,10,round-robin,forecast,80,144,872,0.007,ok,0,1,2,2,1,2.319,4,PASS,,,1,1
3514,5,sparse,3,4,10,round-robin,forecast,0,130,802,0.006,ok,0,0.977,2,2,1,2.346,4,PASS,,,1,1
3515,5,sparse,3,4,10,round-robin,forecast,5,75,414,0.005,ok,0,0.88,2,2,1,2.173,4,PASS,,,1,1
3516,5,sparse,3,4,10,round-robin,forecast,none,81,482,0.009,ok,0,0.951,2,2,1,2.222,4,PASS,,,1,1
3517,5,sparse,3,4,10,nearest,request,,220,1289,0.014,ok,0,0.377,2,2,1,1.759,4,PASS,,,1,1
3518,5,sparse,3,4,10,nearest,direction,,168,993,0.695,ok,0,0.476,2,2,1,1.833,4,PASS,,,1,1
3519,5,sparse,3,4,10,nearest,forecast,80,64,391,0.003,ok,0,0.469,2,2,1,1.875,4,PASS,,,1,1
3520,5,sparse,3,4,10,nearest,forecast,0,105,632,0.005,ok,0,0.257,1,2,1,1.6,3,PASS,,,1,1
3521,5,sparse,3,4,10,nearest,forecast,5,128,787,0.006,ok,0,0.391,2,2,1,1.727,4,PASS,,,1,1
3522,5,sparse,3,4,10,nearest,forecast,none,78,502,0.005,ok,0,0.397,2,2,1,1.718,4,PASS,,,1,1
3523,5,sparse,3,4,10,forecast,request,,20,113,0.004,ok,0,0.45,2,2,1,1.8,3,PASS,,,1,1
3524,5,sparse,3,4,10,forecast,direction,,32,179,0.007,ok,0,0.469,2,2,1,1.906,4,PASS,,,1,1
3525,5,sparse,3,4,10,forecast,forecast,80,56,330,1.144,ok,0,0.232,2,2,1,1.571,3,PASS,,,1,1
3526,5,sparse,3,4,10,forecast,forecast,0,64,391,0.015,ok,0,0.469,2,2,1,1.875,4,PASS,,,1,1
3527,5,sparse,3,4,10,forecast,forecast,5,95,559,0.022,ok,0,0.442,2,2,1,1.811,4,PASS,,,1,1
3528,5,sparse,3,4,10,forecast,forecast,none,107,655,0.042,ok,0,0.411,2,2,1,1.738,4,PASS,,,1,1
3529,5,starvation,2,4,2,round-robin,request,,104,36,0.003,ok,0,0.654,1,1,1,1.654,2,PASS,,,1,1
3530,5,starvation,2,4,2,round-robin,direction,,128,44,0.005,ok,0,0.648,1,1,1,1.648,2,PASS,,,1,1
3531,5,starvation,2,4,2,round-robin,forecast,80,48,17,0.004,ok,0,0.625,1,1,1,1.625,2,PASS,,,1,1
3532,5,starvation,2,4,2,round-robin,forecast,0,18,7,0.002,ok,0,0.5,1,1,1,1.5,2,PASS,,,1,1
3533,5,starvation,2,4,2,round-robin,forecast,5,110,38,0.016,ok,0,0.645,1,1,1,1.645,2,PASS,,,1,1
3534,5,starvation,2,4,2,round-robin,forecast,none,128,44,0.006,ok,0,0.648,1,1,1,1.648,2,PASS,,,1,1
3535,5,starvation,2,4,2,nearest,request,,216,73,0.004,ok,0,0.495,1,1,1,1.495,2,PASS,,,1,1
3536,5,starvation,2,4,2,nearest,direction,,119,41,0.013,ok,0,0.487,1,1,1,1.487,2,PASS,,,1,1
3537,5,starvation,2,4,2,nearest,forecast,80,107,37,0.006,ok,0,0.495,1,1,1,1.495,2,PASS,,,1,1
3538,5,starvation,2,4,2,nearest,forecast,0,88,29,0.005,ok,0,0.489,1,1,1,1.489,2,PASS,,,1,1
3539,5,starvation,2,4,2,nearest,forecast,5,49,17,0.004,ok,0,0.51,1,1,1,1.51,2,PASS,,,1,1
3540,5,starvation,2,4,2,nearest,forecast,none,90,31,0.005,ok,0,0.5,1,1,1,1.5,2,PASS,,,1,1
3541,5,starvation,2,4,2,forecast,request,,19,7,0.004,ok,0,0.526,1,1,1,1.526,2,PASS,,,1,1
3542,5,starvation,2,4,2,forecast,direction,,10,3,0.003,ok,0,0.3,1,1,1,1.3,2,PASS,,,1,1
3543,5,starvation,2,4,2,forecast,forecast,80,85,29,0.032,ok,0,0.494,1,1,1,1.494,2,PASS,,,1,1
3544,5,starvation,2,4,2,forecast,forecast,0,23,9,0.013,ok,0,0.478,1,1,1,1.478,2,PASS,,,1,1
3545,5,starvation,2,4,2,forecast,forecast,5,46,15,0.038,ok,0,0.457,1,1,1,1.457,2,PASS,,,1,1
3546,5,starvation,2,4,2,forecast,forecast,none,42,15,0.052,ok,0,0.476,1,1,1,1.476,2,PASS,,,1,1
3547,5,starvation,3,4,10,round-robin,request,,58,22,0.003,ok,0,1.845,5,2,1,3.052,6,PASS,,,1,1
3548,5,starvation,3,4,10,round-robin,direction,,78,29,0.003,ok,0,1.385,3,2,1,2.667,5,PASS,,,1,1
3549,5,starvation,3,4,10,round-robin,forecast,80,3,4,0.0,ok,0,1,2,2,2,2.667,4,PASS,,,1,1
3550,5,starvation,3,4,10,round-robin,forecast,0,111,39,0.008,ok,0,1.207,3,2,1,2.441,5,PASS,,,1,1
3551,5,starvation,3,4,10,round-robin,forecast,5,88,32,0.007,ok,0,1.352,3,2,1,2.591,5,PASS,,,1,1
3552,5,starvation,3,4,10,round-robin,forecast,none,79,30,0.014,ok,0,1.544,3,2,1,2.709,5,PASS,,,1,1
3553,5,starvation,3,4,10,nearest,request,,276,95,0.007,ok,0,1.134,5,2,1,2.42,6,PASS,,,1,1
3554,5,starvation,3,4,10,nearest,direction,,33,14,0.002,ok,0,1.394,3,2,1,2.545,5,PASS,,,1,1
3555,5,starvation,3,4,10,nearest,forecast,80,48,19,0.006,ok,0,0.854,3,2,1,2.146,5,PASS,,,1,1
3556,5,starvation,3,4,10,nearest,forecast,0,56,20,0.316,ok,0,0.714,3,2,1,2.018,5,PASS,,,1,1
3557,5,starvation,3,4,10,nearest,forecast,5,67,24,0.005,ok,0,0.881,3,2,1,2.209,5,PASS,,,1,1
3558,5,starvation,3,4,10,nearest,forecast,none,59,24,0.114,ok,0,0.797,3,2,1,2.102,5,PASS,,,1,1
3559,5,starvation,3,4,10,forecast,request,,114,40,0.032,ok,0,0.728,3,2,1,1.947,4,PASS,,,1,1
3560,5,starvation,3,4,10,forecast,direction,,104,36,0.024,ok,0,0.75,3,2,1,2.029,5,PASS,,,1,1
3561,5,starvation,3,4,10,forecast,forecast,80,33,14,0.039,ok,0,1.152,3,2,1,2.303,5,PASS,,,1,1
3562,5,starvation,3,4,10,forecast,forecast,0,103,36,0.09,ok,0,0.583,2,2,1,1.796,4,PASS,,,1,1
3563,5,starvation,3,4,10,forecast,forecast,5,104,36,0.056,ok,0,0.904,3,2,1,2.183,5,PASS,,,1,1
3564,5,starvation,3,4,10,forecast,forecast,none,93,32,0.059,ok,0,0.839,3,2,1,2.14,5,PASS,,,1,1
3565,5,adjacent,3,1,2,round-robin,request,,120,237,0.006,ok,0,2.075,7,1,1,3.075,8,PASS,,,1,1
3566,5,adjacent,3,1,2,round-robin,direction,,235,469,0.019,ok,0,1.379,6,1,1,2.379,7,PASS,,,1,1
3567,5,adjacent,3,1,2,round-robin,forecast,80,50,101,0.049,ok,0,1.38,3,1,1,2.38,4,PASS,,,1,1
3568,5,adjacent,3,1,2,round-robin,forecast,0,94,188,0.007,ok,0,1.245,6,1,1,2.245,7,PASS,,,1,1
3569,5,adjacent,3,1,2,round-robin,forecast,5,76,153,0.012,ok,0,1.118,3,1,1,2.118,4,PASS,,,1,1
3570,5,adjacent,3,1,2,round-robin,forecast,none,32,66,0.004,ok,0,0.938,3,1,1,1.938,4,PASS,,,1,1
3571,5,adjacent,3,1,2,nearest,request,,113,227,0.006,ok,0,2.487,9,1,1,3.487,10,PASS,,,1,1
3572,5,adjacent,3,1,2,nearest,direction,,62,125,0.003,ok,0,1.145,4,1,1,2.145,5,PASS,,,1,1
3573,5,adjacent,3,1,2,nearest,forecast,80,124,249,0.009,ok,0,1.315,4,1,1,2.315,5,PASS,,,1,1
3574,5,adjacent,3,1,2,nearest,forecast,0,135,271,0.01,ok,0,1.348,5,1,1,2.348,6,PASS,,,1,1
3575,5,adjacent,3,1,2,nearest,forecast,5,103,203,0.01,ok,0,1.398,5,1,1,2.398,6,PASS,,,1,1
3576,5,adjacent,3,1,2,nearest,forecast,none,37,67,0.005,ok,0,1.541,3,1,1,2.541,4,PASS,,,1,1
3577,5,adjacent,3,1,2,forecast,request,,132,262,0.02,ok,0,1.871,10,1,1,2.871,11,PASS,,,1,1
3578,5,adjacent,3,1,2,forecast,direction,,146,293,0.007,ok,0,0.966,4,1,1,1.966,5,PASS,,,1,1
3579,5,adjacent,3,1,2,forecast,forecast,80,78,154,0.012,ok,0,1.167,3,1,1,2.167,4,PASS,,,1,1
3580,5,adjacent,3,1,2,forecast,forecast,0,108,219,0.029,ok,0,1.222,4,1,1,2.222,5,PASS,,,1,1
3581,5,adjacent,3,1,2,forecast,forecast,5,17,35,0.005,ok,0,1.706,4,1,1,2.706,5,PASS,,,1,1
3582,5,adjacent,3,1,2,forecast,forecast,none,90,177,0.03,ok,0,1.422,4,1,1,2.422,5,PASS,,,1,1
3583,5,adjacent,3,4,10,round-robin,request,,202,402,0.005,ok,0,0.802,3,1,1,1.802,4,PASS,,,1,1
3584,5,adjacent,3,4,10,round-robin,direction,,183,367,0.004,ok,0,0.76,2,1,1,1.76,3,PASS,,,1,1
3585,5,adjacent,3,4,10,round-robin,forecast,80,70,141,0.003,ok,0,0.871,2,1,1,1.871,3,PASS,,,1,1
3586,5,adjacent,3,4,10,round-robin,forecast,0,125,253,0.006,ok,0,0.752,2,1,1,1.752,3,PASS,,,1,1
3587,5,adjacent,3,4,10,round-robin,forecast,5,128,255,0.005,ok,0,0.75,2,1,1,1.75,3,PASS,,,1,1
3588,5,adjacent,3,4,10,round-robin,forecast,none,102,204,0.011,ok,0,0.794,2,1,1,1.794,3,PASS,,,1,1
3589,5,adjacent,3,4,10,nearest,request,,200,402,0.004,ok,0,0.35,3,1,1,1.35,4,PASS,,,1,1
3590,5,adjacent,3,4,10,nearest,direction,,12,21,0.001,ok,0,0.583,2,1,1,1.583,3,PASS,,,1,1
3591,5,adjacent,3,4,10,nearest,forecast,80,19,36,0.002,ok,0,0.316,2,1,1,1.316,3,PASS,,,1,1
3592,5,adjacent,3,4,10,nearest,forecast,0,108,216,0.005,ok,0,0.417,2,1,1,1.417,3,PASS,,,1,1
3593,5,adjacent,3,4,10,nearest,forecast,5,37,77,0.003,ok,0,0.405,2,1,1,1.405,3,PASS,,,1,1
3594,5,adjacent,3,4,10,nearest,forecast,none,59,118,0.005,ok,0,0.22,1,1,1,1.22,2,PASS,,,1,1
3595,5,adjacent,3,4,10,forecast,request,,24,40,0.004,ok,0,0.458,2,1,1,1.458,3,PASS,,,1,1
3596,5,adjacent,3,4,10,forecast,direction,,53,107,0.011,ok,0,0.245,1,1,1,1.245,2,PASS,,,1,1
3597,5,adjacent,3,4,10,forecast,forecast,80,112,224,0.026,ok,0,0.295,2,1,1,1.295,3,PASS,,,1,1
3598,5,adjacent,3,4,10,forecast,forecast,0,138,277,0.042,ok,0,0.261,2,1,1,1.261,3,PASS,,,1,1
3599,5,adjacent,3,4,10,forecast,forecast,5,109,219,0.027,ok,0,0.275,1,1,1,1.275,2,PASS,,,1,1
3600,5,adjacent,3,4,10,forecast,forecast,none,36,72,0.014,ok,0,0.139,1,1,1,1.139,2,PASS,,,1,1
3601,5,full_height,3,4,10,round-robin,request,,37,75,0.001,ok,0,0.973,2,2,2,2.973,4,PASS,,,1,1
3602,5,full_height,3,4,10,round-robin,direction,,147,298,0.01,ok,0,1.082,2,2,2,3.082,4,PASS,,,1,1
3603,5,full_height,3,4,10,round-robin,forecast,80,5,9,0.001,ok,0,0.8,2,2,2,2.8,4,PASS,,,1,1
3604,5,full_height,3,4,10,round-robin,forecast,0,102,207,0.005,ok,0,1.235,2,2,2,3.235,4,PASS,,,1,1
3605,5,full_height,3,4,10,round-robin,forecast,5,29,62,0.002,ok,0,0.931,3,2,2,2.931,5,PASS,,,1,1
3606,5,full_height,3,4,10,round-robin,forecast,none,12,26,0.001,ok,0,1,2,2,2,3,4,PASS,,,1,1
3607,5,full_height,3,4,10,nearest,request,,280,562,0.009,ok,0,0.318,2,2,2,2.318,4,PASS,,,1,1
3608,5,full_height,3,4,10,nearest,direction,,118,240,0.005,ok,0,0.373,2,2,2,2.373,4,PASS,,,1,1
3609,5,full_height,3,4,10,nearest,forecast,80,33,66,0.002,ok,0,0.424,2,2,2,2.424,4,PASS,,,1,1
3610,5,full_height,3,4,10,nearest,forecast,0,119,240,0.006,ok,0,0.311,2,2,2,2.311,4,PASS,,,1,1
3611,5,full_height,3,4,10,nearest,forecast,5,68,137,0.003,ok,0,0.279,2,2,2,2.279,4,PASS,,,1,1
3612,5,full_height,3,4,10,nearest,forecast,none,5,11,0.012,ok,0,0.8,2,2,2,2.8,4,PASS,,,1,1
3613,5,full_height,3,4,10,forecast,request,,81,164,0.01,ok,0,0.284,2,2,2,2.284,4,PASS,,,1,1
3614,5,full_height,3,4,10,forecast,direction,,32,67,0.021,ok,0,0.375,2,2,2,2.375,4,PASS,,,1,1
3615,5,full_height,3,4,10,forecast,forecast,80,103,202,0.05,ok,0,0.417,3,2,2,2.417,5,PASS,,,1,1
3616,5,full_height,3,4,10,forecast,forecast,0,30,61,0.019,ok,0,0.5,2,2,2,2.5,4,PASS,,,1,1
3617,5,full_height,3,4,10,forecast,forecast,5,99,201,0.054,ok,0,0.192,2,2,2,2.192,4,PASS,,,1,1
3618,5,full_height,3,4,10,forecast,forecast,none,87,173,0.06,ok,0,0.184,2,2,2,2.184,4,PASS,,,1,1
3619,5,full_height,3,4,1000,round-robin,request,,277,555,0.005,ok,0,1.083,3,2,2,3.083,5,PASS,,,1,1
3620,5,full_height,3,4,1000,round-robin,direction,,214,429,0.03,ok,0,1.037,3,2,2,3.037,5,PASS,,,1,1
3621,5,full_height,3,4,1000,round-robin,forecast,80,7,16,0.001,ok,0,1.143,2,2,2,3.143,4,PASS,,,1,1
3622,5,full_height,3,4,1000,round-robin,forecast,0,85,172,0.015,ok,0,1.165,3,2,2,3.165,5,PASS,,,1,1
3623,5,full_height,3,4,1000,round-robin,forecast,5,123,242,0.015,ok,0,1.211,3,2,2,3.211,5,PASS,,,1,1
3624,5,full_height,3,4,1000,round-robin,forecast,none,136,274,0.005,ok,0,1.022,3,2,2,3.022,5,PASS,,,1,1
3625,5,full_height,3,4,1000,nearest,request,,136,272,0.005,ok,0,0.316,2,2,2,2.316,4,PASS,,,1,1
3626,5,full_height,3,4,1000,nearest,direction,,11,24,0.001,ok,0,0.364,2,2,2,2.364,4,PASS,,,1,1
3627,5,full_height,3,4,1000,nearest,forecast,80,18,40,0.001,ok,0,0.389,2,2,2,2.389,4,PASS,,,1,1
3628,5,full_height,3,4,1000,nearest,forecast,0,49,101,0.005,ok,0,0.551,2,2,2,2.551,4,PASS,,,1,1
3629,5,full_height,3,4,1000,nearest,forecast,5,16,34,0.002,ok,0,0.312,2,2,2,2.312,4,PASS,,,1,1
3630,5,full_height,3,4,1000,nearest,forecast,none,131,264,0.021,ok,0,0.29,2,2,2,2.29,4,PASS,,,1,1
3631,5,full_height,3,4,1000,forecast,request,,143,287,0.014,ok,0,0.517,2,2,2,2.517,4,PASS,,,1,1
3632,5,full_height,3,4,1000,forecast,direction,,139,277,0.018,ok,0,0.396,2,2,2,2.396,4,PASS,,,1,1
3633,5,full_height,3,4,1000,forecast,forecast,80,47,89,0.032,ok,0,0.383,2,2,2,2.383,4,PASS,,,1,1
3634,5,full_height,3,4,1000,forecast,forecast,0,114,224,0.062,ok,0,0.228,2,2,2,2.228,4,PASS,,,1,1
3635,5,full_height,3,4,1000,forecast,forecast,5,136,272,0.061,ok,0,0.316,2,2,2,2.316,4,PASS,,,1,1
3636,5,full_height,3,4,1000,forecast,forecast,none,101,203,0.064,ok,0,0.465,2,2,2,2.465,4,PASS,,,1,1
3637,5,at_floor_1,3,4,10,round-robin,request,,267,528,0.032,ok,0,4.543,16,2,1,6.034,18,PASS,,,1,1
3638,5,at_floor_1,3,4,10,round-robin,direction,,9,21,0.0,ok,0,0.556,2,2,1,2.111,4,PASS,,,1,1
3639,5,at_floor_1,3,4,10,round-robin,forecast,80,100,189,0.057,ok,0,1.51,4,2,1,3.07,6,PASS,,,1,1
3640,5,at_floor_1,3,4,10,round-robin,forecast,0,4,7,0.0,ok,0,0,0,2,1,1.5,2,PASS,,,1,1
3641,5,at_floor_1,3,4,10,round-robin,forecast,5,146,293,0.158,ok,0,2.856,8,2,1,4.37,10,PASS,,,1,1
3642,5,at_floor_1,3,4,10,round-robin,forecast,none,7,15,0.001,ok,0,0.286,2,2,1,2,4,PASS,,,1,1
3643,5,at_floor_1,3,4,10,nearest,request,,144,283,0.013,ok,0,2.118,8,2,1,3.674,10,PASS,,,1,1
3644,5,at_floor_1,3,4,10,nearest,direction,,260,522,0.065,ok,0,4.492,16,2,1,5.988,18,PASS,,,1,1
3645,5,at_floor_1,3,4,10,nearest,forecast,80,138,272,0.115,ok,0,2.413,8,2,1,3.971,10,PASS,,,1,1
3646,5,at_floor_1,3,4,10,nearest,forecast,0,100,189,0.083,ok,0,1.41,4,2,1,2.97,6,PASS,,,1,1
3647,5,at_floor_1,3,4,10,nearest,forecast,5,36,74,0.013,ok,0,0.583,2,2,1,2.167,4,PASS,,,1,1
3648,5,at_floor_1,3,4,10,nearest,forecast,none,42,77,0.006,ok,0,0.69,2,2,1,2.167,4,PASS,,,1,1
3649,5,at_floor_1,3,4,10,forecast,request,,89,182,0.065,ok,0,1.337,4,2,1,2.831,6,PASS,,,1,1
3650,5,at_floor_1,3,4,10,forecast,direction,,13,16,0.004,ok,0,0.385,2,2,1,1.846,4,PASS,,,1,1
3651,5,at_floor_1,3,4,10,forecast,forecast,80,137,275,0.765,ok,0,2.314,8,2,1,3.774,10,PASS,,,1,1
3652,5,at_floor_1,3,4,10,forecast,forecast,0,80,162,0.231,ok,0,1.038,4,2,1,2.55,6,PASS,,,1,1
3653,5,at_floor_1,3,4,10,forecast,forecast,5,11,13,0.008,ok,0,0.182,2,2,1,1.818,3,PASS,,,1,1
3654,5,at_floor_1,3,4,10,forecast,forecast,none,7,14,0.004,ok,0,0.143,1,2,1,1.857,3,PASS,,,1,1
3655,5,at_floor_1,10,10,1,round-robin,request,,46,101,0.003,ok,0,9.217,28,9,1,13.761,34,PASS,,,1,1
3656,5,at_floor_1,10,10,1,round-robin,direction,,57,119,0.004,ok,0,12.982,42,9,1,17.807,50,PASS,,,1,1
3657,5,at_floor_1,10,10,1,round-robin,forecast,80,122,247,0.066,ok,0,26.508,114,9,1,31.73,123,PASS,,,1,1
3658,5,at_floor_1,10,10,1,round-robin,forecast,0,19,42,0.002,ok,0,3.684,18,9,1,8.105,21,PASS,,,1,1
3659,5,at_floor_1,10,10,1,round-robin,forecast,5,72,154,0.012,ok,0,14.708,52,9,1,19.597,61,PASS,,,1,1
3660,5,at_floor_1,10,10,1,round-robin,forecast,none,31,54,0.003,ok,0,4.677,16,9,1,9.323,25,PASS,,,1,1
3661,5,at_floor_1,10,10,1,nearest,request,,258,518,0.019,ok,0,68.984,204,9,2,73.729,207,PASS,,,1,1
3662,5,at_floor_1,10,10,1,nearest,direction,,155,327,0.033,ok,0,39.51,120,9,1,44.297,128,PASS,,,1,1
3663,5,at_floor_1,10,10,1,nearest,forecast,80,10,9,0.001,ok,0,0,0,9,1,5.3,9,PASS,,,1,1
3664,5,at_floor_1,10,10,1,nearest,forecast,0,107,233,0.03,ok,0,21.869,76,9,1,26.664,80,PASS,,,1,1
3665,5,at_floor_1,10,10,1,nearest,forecast,5,58,132,0.066,ok,0,12.362,46,9,1,17.241,54,PASS,,,1,1
3666,5,at_floor_1,10,10,1,nearest,forecast,none,139,291,0.049,ok,0,28.252,112,9,1,33.187,121,PASS,,,1,1
3667,5,at_floor_1,10,10,1,forecast,request,,129,254,0.142,ok,0,31.264,84,9,1,36.07,90,PASS,,,1,1
3668,5,at_floor_1,10,10,1,forecast,direction,,83,164,0.088,ok,0,15.807,45,9,1,20.831,52,PASS,,,1,1
3669,5,at_floor_1,10,10,1,forecast,forecast,80,115,221,0.652,ok,0,22.13,84,9,1,26.539,93,PASS,,,1,1
3670,5,at_floor_1,10,10,1,forecast,forecast,0,86,181,0.27,ok,0,19.965,58,9,1,25.349,67,PASS,,,1,1
3671,5,at_floor_1,10,10,1,forecast,forecast,5,141,287,0.422,ok,0,23.553,80,9,1,28.369,84,PASS,,,1,1
3672,5,at_floor_1,10,10,1,forecast,forecast,none,148,307,0.607,ok,0,24.007,102,9,1,28.568,111,PASS,,,1,1
3673,5,over_capacity,3,4,10,round-robin,request,,99,17,0.014,ok,2,5.152,10,2,3,6.646,12,PASS,,,1,1
3674,5,over_capacity,3,4,10,round-robin,direction,,83,17,0.022,ok,2,4.217,10,2,3,5.747,12,PASS,,,1,1
3675,5,over_capacity,3,4,10,round-robin,forecast,80,37,8,0.032,ok,2,2,2,2,3,3.676,4,PASS,,,1,1
3676,5,over_capacity,3,4,10,round-robin,forecast,0,50,7,0.091,ok,0,0.8,4,2,1,2.2,6,PASS,,,1,1
3677,5,over_capacity,3,4,10,round-robin,forecast,5,25,4,0.009,ok,2,2,2,2,3,3.52,4,PASS,,,1,1
3678,5,over_capacity,3,4,10,round-robin,forecast,none,4,6,0.0,ok,1,1,1,1,2,2,2,PASS,,,1,1
3679,5,over_capacity,3,4,10,nearest,request,,48,9,0.004,ok,0,0.667,4,2,1,2.104,6,PASS,,,1,1
3680,5,over_capacity,3,4,10,nearest,direction,,230,28,0.072,ok,2,11.235,22,2,3,12.652,24,PASS,,,1,1
3681,5,over_capacity,3,4,10,nearest,forecast,80,17,7,0.004,ok,1,1.706,3,1,2,2.706,4,PASS,,,1,1
3682,5,over_capacity,3,4,10,nearest,forecast,0,52,9,0.052,ok,1,1.885,3,1,2,2.885,4,PASS,,,1,1
3683,5,over_capacity,3,4,10,nearest,forecast,5,17,7,0.003,ok,1,1.706,3,1,2,2.706,4,PASS,,,1,1
3684,5,over_capacity,3,4,10,nearest,forecast,none,38,9,0.019,ok,1,1.684,3,1,2,2.684,4,PASS,,,1,1
3685,5,over_capacity,3,4,10,forecast,request,,42,12,0.035,ok,2,2.19,6,2,3,3.667,7,PASS,,,1,1
3686,5,over_capacity,3,4,10,forecast,direction,,5,4,0.001,ok,0,0,0,2,1,1.4,2,PASS,,,1,1
3687,5,over_capacity,3,4,10,forecast,forecast,80,52,9,0.316,ok,1,1.462,3,1,2,2.462,4,PASS,,,1,1
3688,5,over_capacity,3,4,10,forecast,forecast,0,58,7,1.499,ok,1,2.069,3,1,2,3.069,4,PASS,,,1,1
3689,5,over_capacity,3,4,10,forecast,forecast,5,30,7,0.111,ok,0,0,0,2,1,1.467,2,PASS,,,1,1
3690,5,over_capacity,3,4,10,forecast,forecast,none,16,2,0.033,ok,0,0,0,2,1,1.438,2,PASS,,,1,1
3691,5,over_capacity,100,4,1000,round-robin,request,,271,2221,0.113,ok,44,925.852,2180,55,54,951.838,2217,PASS,,,1,1
3692,5,over_capacity,100,4,1000,round-robin,direction,,235,195,0.085,ok,6,19.174,190,92,7,61.021,195,PASS,,,1,1
3693,5,over_capacity,100,4,1000,round-robin,forecast,80,5,75,0.001,ok,48,48,48,27,52,59.2,75,PASS,,,1,1
3694,5,over_capacity,100,4,1000,round-robin,forecast,0,27,178,0.01,ok,88,88,88,88,97,134.444,176,PASS,,,1,1
3695,5,over_capacity,100,4,1000,round-robin,forecast,5,43,203,0.049,ok,46,91.442,158,53,52,118.605,201,PASS,,,1,1
3696,5,over_capacity,100,4,1000,round-robin,forecast,none,21,210,0.006,ok,46,67.81,166,47,50,92.143,207,PASS,,,1,1
3697,5,over_capacity,100,4,1000,nearest,request,,167,1473,3.46,ok,58,626.407,1416,58,61,652.048,1472,PASS,,,1,1
3698,5,over_capacity,100,4,1000,nearest,direction,,122,199,0.042,ok,2,6.639,196,97,3,54.508,197,PASS,,,1,1
3699,5,over_capacity,100,4,1000,nearest,forecast,80,6,89,0.001,ok,48,48,48,39,50,61.667,87,PASS,,,1,1
3700,5,over_capacity,100,4,1000,nearest,forecast,0,10,98,0.002,ok,1,1,1,97,18,52.3,98,PASS,,,1,1
3701,5,over_capacity,100,4,1000,nearest,forecast,5,7,122,0.001,ok,44,60.571,112,42,59,84.714,122,PASS,,,1,1
3702,5,over_capacity,100,4,1000,nearest,forecast,none,24,187,0.022,ok,94,96.667,102,91,95,137.75,187,PASS,,,1,1
3703,5,over_capacity,100,4,1000,forecast,request,,37,126,0.024,ok,64,64,64,59,69,92.486,123,PASS,,,1,1
3704,5,over_capacity,100,4,1000,forecast,direction,,59,136,0.366,ok,67,67,67,65,68,97.525,132,PASS,,,1,1
3705,5,over_capacity,100,4,1000,forecast,forecast,80,19,102,0.062,ok,48,48,48,51,53,76.105,99,PASS,,,1,1
3706,5,over_capacity,100,4,1000,forecast,forecast,0,13,145,0.014,ok,73,73,73,70,75,103.846,143,PASS,,,1,1
3707,5,over_capacity,100,4,1000,forecast,forecast,5,36,129,0.188,ok,64,64,64,61,65,89.667,125,PASS,,,1,1
3708,5,over_capacity,100,4,1000,forecast,forecast,none,15,114,0.035,ok,51,58.2,87,47,61,85.6,113,PASS,,,1,1
3709,5,identical,3,4,10,round-robin,request,,191,12,0.063,ok,1,4.812,9,1,2,5.812,10,PASS,,,1,1
3710,5,identical,3,4,10,round-robin,direction,,209,14,0.033,ok,2,6.258,12,1,3,7.258,13,PASS,,,1,1
3711,5,identical,3,4,10,round-robin,forecast,80,50,9,0.052,ok,2,2.8,6,2,4,4.8,8,PASS,,,1,1
3712,5,identical,3,4,10,round-robin,forecast,0,52,7,0.059,ok,0,0.923,4,2,2,2.923,6,PASS,,,1,1
3713,5,identical,3,4,10,round-robin,forecast,5,36,2,0.016,ok,0,0,0,2,2,2,2,PASS,,,1,1
3714,5,identical,3,4,10,round-robin,forecast,none,38,3,0.034,ok,0,0,0,2,2,2,2,PASS,,,1,1
3715,5,identical,3,4,10,nearest,request,,225,16,0.07,ok,2,6.667,12,1,3,7.667,13,PASS,,,1,1
3716,5,identical,3,4,10,nearest,direction,,123,19,0.021,ok,2,6.195,14,2,4,8.195,16,PASS,,,1,1
3717,5,identical,3,4,10,nearest,forecast,80,27,7,0.019,ok,2,2,2,2,4,4,4,PASS,,,1,1
3718,5,identical,3,4,10,nearest,forecast,0,57,6,0.54,ok,0,1.193,4,2,2,3.193,6,PASS,,,1,1
3719,5,identical,3,4,10,nearest,forecast,5,55,5,0.08,ok,1,1.545,3,1,2,2.545,4,PASS,,,1,1
3720,5,identical,3,4,10,nearest,forecast,none,8,3,0.001,ok,1,1,1,1,2,2,2,PASS,,,1,1
3721,5,identical,3,4,10,forecast,request,,20,5,0.007,ok,1,1,1,1,2,2,2,PASS,,,1,1
3722,5,identical,3,4,10,forecast,direction,,53,9,0.052,ok,2,2.981,6,2,4,4.981,8,PASS,,,1,1
3723,5,identical,3,4,10,forecast,forecast,80,1,3,0.0,ok,1,1,1,1,2,2,2,PASS,,,1,1
3724,5,identical,3,4,10,forecast,forecast,0,5,4,0.003,ok,1,1,1,1,2,2,2,PASS,,,1,1
3725,5,identical,3,4,10,forecast,forecast,5,14,3,0.013,ok,1,1,1,1,2,2,2,PASS,,,1,1
3726,5,identical,3,4,10,forecast,forecast,none,45,7,0.242,ok,1,1.222,3,1,2,2.222,4,PASS,,,1,1
3727,5,identical,10,10,1000,round-robin,request,,279,7,0.059,ok,3,3,3,1,4,4,4,PASS,,,1,1
3728,5,identical,10,10,1000,round-robin,direction,,283,10,0.024,ok,7,7,7,1,8,8,8,PASS,,,1,1
3729,5,identical,10,10,1000,round-robin,forecast,80,54,2,0.023,ok,0,0,0,1,1,1,1,PASS,,,1,1
3730,5,identical,10,10,1000,round-robin,forecast,0,48,9,0.01,ok,2,2,2,7,9,9,9,PASS,,,1,1
3731,5,identical,10,10,1000,round-robin,forecast,5,40,10,0.007,ok,7,7,7,3,10,10,10,PASS,,,1,1
3732,5,identical,10,10,1000,round-robin,forecast,none,46,8,0.009,ok,5,5,5,1,6,6,6,PASS,,,1,1
3733,5,identical,10,10,1000,nearest,request,,39,6,0.002,ok,4,4,4,1,5,5,5,PASS,,,1,1
3734,5,identical,10,10,1000,nearest,direction,,224,20,0.017,ok,9,9,9,8,17,17,17,PASS,,,1,1
3735,5,identical,10,10,1000,nearest,forecast,80,31,11,0.005,ok,3,3,3,5,8,8,8,PASS,,,1,1
3736,5,identical,10,10,1000,nearest,forecast,0,55,13,0.014,ok,9,9,9,3,12,12,12,PASS,,,1,1
3737,5,identical,10,10,1000,nearest,forecast,5,43,9,0.01,ok,1,1,1,5,6,6,6,PASS,,,1,1
3738,5,identical,10,10,1000,nearest,forecast,none,7,10,0.001,ok,4,4,4,3,7,7,7,PASS,,,1,1
3739,5,identical,10,10,1000,forecast,request,,40,10,0.065,ok,7,7,7,3,10,10,10,PASS,,,1,1
3740,5,identical,10,10,1000,forecast,direction,,31,11,0.034,ok,3,3,3,5,8,8,8,PASS,,,1,1
3741,5,identical,10,10,1000,forecast,forecast,80,14,7,0.032,ok,4,4,4,2,6,6,6,PASS,,,1,1
3742,5,identical,10,10,1000,forecast,forecast,0,51,11,0.623,ok,6,6,6,2,8,8,8,PASS,,,1,1
3743,5,identical,10,10,1000,forecast,forecast,5,57,6,0.975,ok,5,5,5,1,6,6,6,PASS,,,1,1
3744,5,identical,10,10,1000,forecast,forecast,none,36,9,0.127,ok,4,4,4,2,6,6,6,PASS,,,1,1
3745,5,ties,3,4,10,round-robin,request,,228,87,0.035,ok,0,12.89,29,2,1,14.539,31,PASS,,,1,1
3746,5,ties,3,4,10,round-robin,direction,,65,23,0.004,ok,0,1.338,3,2,1,3.077,5,PASS,,,1,1
3747,5,ties,3,4,10,round-robin,forecast,80,73,28,0.029,ok,0,1.397,3,2,1,3.068,5,PASS,,,1,1
3748,5,ties,3,4,10,round-robin,forecast,0,34,14,0.017,ok,0,1.029,3,2,1,2.441,5,PASS,,,1,1
3749,5,ties,3,4,10,round-robin,forecast,5,123,44,0.04,ok,0,1.48,5,2,1,3.203,7,PASS,,,1,1
3750,5,ties,3,4,10,round-robin,forecast,none,31,14,0.016,ok,0,1.323,3,2,1,3.258,5,PASS,,,1,1
3751,5,ties,3,4,10,nearest,request,,160,59,0.027,ok,0,9.931,24,2,1,11.544,25,PASS,,,1,1
3752,5,ties,3,4,10,nearest,direction,,230,83,0.01,ok,0,0.978,7,2,1,2.622,8,PASS,,,1,1
3753,5,ties,3,4,10,nearest,forecast,80,31,11,0.006,ok,0,0.871,3,2,1,2.806,5,PASS,,,1,1
3754,5,ties,3,4,10,nearest,forecast,0,103,38,0.019,ok,0,0.583,4,2,1,2.136,6,PASS,,,1,1
3755,5,ties,3,4,10,nearest,forecast,5,50,17,0.018,ok,0,0.86,4,2,1,2.5,6,PASS,,,1,1
3756,5,ties,3,4,10,nearest,forecast,none,88,31,0.011,ok,0,1.136,3,2,1,2.864,5,PASS,,,1,1
3757,5,ties,3,4,10,forecast,request,,80,26,0.041,ok,0,0.55,2,2,1,2.175,4,PASS,,,1,1
3758,5,ties,3,4,10,forecast,direction,,50,17,0.051,ok,0,0.58,2,2,1,2.22,4,PASS,,,1,1
3759,5,ties,3,4,10,forecast,forecast,80,106,35,0.241,ok,0,0.953,3,2,1,2.594,5,PASS,,,1,1
3760,5,ties,3,4,10,forecast,forecast,0,20,8,0.025,ok,0,1.15,3,2,1,3.05,5,PASS,,,1,1
3761,5,ties,3,4,10,forecast,forecast,5,32,7,0.057,ok,0,0.656,2,2,1,2.281,4,PASS,,,1,1
3762,5,ties,3,4,10,forecast,forecast,none,129,47,0.237,ok,0,0.581,3,2,1,2.209,5,PASS,,,1,1
3763,5,ties,3,10,1000,round-robin,request,,70,26,0.003,ok,0,1.571,6,2,1,3.229,8,PASS,,,1,1
3764,5,ties,3,10,1000,round-robin,direction,,187,70,0.017,ok,0,1.128,3,2,1,2.872,5,PASS,,,1,1
3765,5,ties,3,10,1000,round-robin,forecast,80,124,46,0.008,ok,0,1.315,4,2,1,2.976,6,PASS,,,1,1
3766,5,ties,3,10,1000,round-robin,forecast,0,141,55,0.013,ok,0,1.199,3,2,1,2.915,5,PASS,,,1,1
3767,5,ties,3,10,1000,round-robin,forecast,5,28,8,0.002,ok,0,0.821,2,2,1,2.536,4,PASS,,,1,1
3768,5,ties,3,10,1000,round-robin,forecast,none,7,4,0.001,ok,0,0.857,2,2,1,2.429,4,PASS,,,1,1
3769,5,ties,3,10,1000,nearest,request,,265,95,0.007,ok,0,1.038,12,2,1,2.691,14,PASS,,,1,1
3770,5,ties,3,10,1000,nearest,direction,,97,34,0.005,ok,0,0.794,3,2,1,2.474,5,PASS,,,1,1
3771,5,ties,3,10,1000,nearest,forecast,80,51,17,0.022,ok,0,0.412,2,2,1,1.882,4,PASS,,,1,1
3772,5,ties,3,10,1000,nearest,forecast,0,31,11,0.003,ok,0,1,3,2,1,2.871,5,PASS,,,1,1
3773,5,ties,3,10,1000,nearest,forecast,5,79,26,0.006,ok,0,0.722,3,2,1,2.418,5,PASS,,,1,1
3774,5,ties,3,10,1000,nearest,forecast,none,33,11,0.009,ok,0,0.818,2,2,1,2.636,4,PASS,,,1,1
3775,5,ties,3,10,1000,forecast,request,,5,2,0.002,ok,0,0.6,1,1,1,1.6,2,PASS,,,1,1
3776,5,ties,3,10,1000,forecast,direction,,111,40,0.088,ok,0,0.685,3,2,1,2.36,4,PASS,,,1,1
3777,5,ties,3,10,1000,forecast,forecast,80,126,47,0.245,ok,0,0.421,2,2,1,2.103,4,PASS,,,1,1
3778,5,ties,3,10,1000,forecast,forecast,0,13,5,0.036,ok,0,0.462,2,2,1,1.769,4,PASS,,,1,1
3779,5,ties,3,10,1000,forecast,forecast,5,35,14,0.062,ok,0,0.771,3,2,1,2.4,4,PASS,,,1,1
3780,5,ties,3,10,1000,forecast,forecast,none,42,14,0.082,ok,0,0.452,2,2,1,2.071,4,PASS,,,1,1
3781,5,unsorted,3,4,10,round-robin,request,,109,221,0.004,ok,0,0.963,3,2,1,2.275,4,PASS,,,1,1
3782,5,unsorted,3,4,10,round-robin,direction,,94,188,0.004,ok,0,0.894,2,2,1,2.202,4,PASS,,,1,1
3783,5,unsorted,3,4,10,round-robin,forecast,80,114,227,0.005,ok,0,0.982,3,2,1,2.395,5,PASS,,,1,1
3784,5,unsorted,3,4,10,round-robin,forecast,0,142,285,0.017,ok,0,0.887,2,2,1,2.261,4,PASS,,,1,1
3785,5,unsorted,3,4,10,round-robin,forecast,5,134,268,0.006,ok,0,0.896,2,2,1,2.239,4,PASS,,,1,1
3786,5,unsorted,3,4,10,round-robin,forecast,none,52,104,0.004,ok,0,0.788,2,2,1,2.115,4,PASS,,,1,1
3787,5,unsorted,3,4,10,nearest,request,,23,46,0.001,ok,0,0.435,2,2,1,1.87,4,PASS,,,1,1
3788,5,unsorted,3,4,10,nearest,direction,,85,171,0.004,ok,0,0.388,3,2,1,1.788,5,PASS,,,1,1
3789,5,unsorted,3,4,10,nearest,forecast,80,19,36,0.001,ok,0,0.368,2,2,1,1.684,4,PASS,,,1,1
3790,5,unsorted,3,4,10,nearest,forecast,0,131,263,0.006,ok,0,0.359,2,2,1,1.748,4,PASS,,,1,1
3791,5,unsorted,3,4,10,nearest,forecast,5,5,8,0.0,ok,0,0.2,1,2,1,1.8,3,PASS,,,1,1
3792,5,unsorted,3,4,10,nearest,forecast,none,70,139,0.003,ok,0,0.343,3,2,1,1.6,4,PASS,,,1,1
3793,5,unsorted,3,4,10,forecast,request,,71,142,0.022,ok,0,0.225,2,2,1,1.549,4,PASS,,,1,1
3794,5,unsorted,3,4,10,forecast,direction,,45,91,0.023,ok,0,0.489,2,2,1,1.8,4,PASS,,,1,1
3795,5,unsorted,3,4,10,forecast,forecast,80,27,54,0.011,ok,0,0.296,2,2,1,1.667,3,PASS,,,1,1
3796,5,unsorted,3,4,10,forecast,forecast,0,80,160,0.02,ok,0,0.287,2,2,1,1.688,4,PASS,,,1,1
3797,5,unsorted,3,4,10,forecast,forecast,5,100,202,0.032,ok,0,0.31,2,2,1,1.63,4,PASS,,,1,1
3798,5,unsorted,3,4,10,forecast,forecast,none,17,35,0.008,ok,0,0.529,2,2,1,1.882,4,PASS,,,1,1
3799,5,unsorted,100,1,2,round-robin,request,,251,14872,0.346,ok,84,7228.51,14313,89,85,7261.713,14371,PASS,,,1,1
3800,5,unsorted,100,1,2,round-robin,direction,,187,4032,2.176,ok,15,1694.781,3880,91,22,1727.342,3905,PASS,,,1,1
3801,5,unsorted,100,1,2,round-robin,forecast,80,9,451,0.007,ok,53,184.778,341,92,65,233.667,433,PASS,,,1,1
3802,5,unsorted,100,1,2,round-robin,forecast,0,54,1760,0.994,ok,6,671.167,1595,74,35,705.648,1654,PASS,,,1,1
3803,5,unsorted,100,1,2,round-robin,forecast,5,123,2756,5.719,ok,1,927.333,2438,92,17,958.163,2530,PASS,,,1,1
3804,5,unsorted,100,1,2,round-robin,forecast,none,6,276,0.003,ok,82,135.833,226,50,94,163.5,269,PASS,,,1,1
3805,5,unsorted,100,1,2,nearest,request,,184,11165,0.19,ok,34,5537.783,10748,95,39,5573.44,10798,PASS,,,1,1
3806,5,unsorted,100,1,2,nearest,direction,,186,4179,2.018,ok,4,1586.177,3939,90,18,1619.565,3979,PASS,,,1,1
3807,5,unsorted,100,1,2,nearest,forecast,80,101,2361,3.235,ok,1,828.931,2137,90,5,860.267,2166,PASS,,,1,1
3808,5,unsorted,100,1,2,nearest,forecast,0,89,2297,2.433,ok,8,820.562,2085,95,15,851.697,2122,PASS,,,1,1
3809,5,unsorted,100,1,2,nearest,forecast,5,32,981,0.221,ok,0,284.438,833,85,18,314.344,918,PASS,,,1,1
3810,5,unsorted,100,1,2,nearest,forecast,none,41,1166,0.403,ok,0,355.39,1033,91,8,386.927,1102,PASS,,,1,1
3811,5,unsorted,100,1,2,forecast,request,,119,7358,0.22,ok,16,3457.42,7048,98,40,3493.689,7122,PASS,,,1,1
3812,5,unsorted,100,1,2,forecast,direction,,73,1936,0.44,ok,0,790.877,1867,86,36,827.123,1908,PASS,,,1,1
3813,5,unsorted,100,1,2,forecast,forecast,80,131,3220,13.227,ok,12,1204.634,2928,96,16,1240.023,2978,PASS,,,1,1
3814,5,unsorted,100,1,2,forecast,forecast,0,57,1656,57.131,ok,5,582.895,1522,86,43,616.684,1542,PASS,,,1,1
3815,5,unsorted,100,1,2,forecast,forecast,5,68,1736,2.013,ok,4,623.882,1561,76,13,658.382,1602,PASS,,,1,1
3816,5,unsorted,100,1,2,forecast,forecast,none,127,2835,12.265,ok,0,921.409,2553,92,2,953.496,2604,PASS,,,1,1
3817,5,mixed_random,3,4,10,round-robin,request,,117,1959,0.015,ok,0,5.786,22,2,1,7.154,23,PASS,,,1,1
3818,5,mixed_random,3,4,10,round-robin,direction,,300,1979,0.037,ok,0,1.343,6,2,1,2.667,7,PASS,,,1,1
3819,5,mixed_random,3,4,10,round-robin,forecast,80,75,1991,0.016,ok,0,1.133,3,2,1,2.467,4,PASS,,,1,1
3820,5,mixed_random,3,4,10,round-robin,forecast,0,58,1887,0.067,ok,0,1.086,4,2,1,2.379,5,PASS,,,1,1
3821,5,mixed_random,3,4,10,round-robin,forecast,5,147,1988,0.036,ok,0,1.19,3,2,1,2.592,5,PASS,,,1,1
3822,5,mixed_random,3,4,10,round-robin,forecast,none,1,868,0.003,ok,1,1,1,1,2,2,2,PASS,,,1,1
3823,5,mixed_random,3,4,10,nearest,request,,152,1981,0.082,ok,0,6.776,25,2,1,8.132,27,PASS,,,1,1
3824,5,mixed_random,3,4,10,nearest,direction,,172,1956,0.016,ok,0,0.866,3,2,1,2.221,5,PASS,,,1,1
3825,5,mixed_random,3,4,10,nearest,forecast,80,67,1964,0.011,ok,0,0.94,3,2,1,2.299,5,PASS,,,1,1
3826,5,mixed_random,3,4,10,nearest,forecast,0,95,1925,0.015,ok,0,0.6,4,2,1,1.937,5,PASS,,,1,1
3827,5,mixed_random,3,4,10,nearest,forecast,5,96,1881,0.017,ok,0,0.802,4,2,1,2.135,6,PASS,,,1,1
3828,5,mixed_random,3,4,10,nearest,forecast,none,84,1909,0.021,ok,0,0.595,4,2,1,1.893,5,PASS,,,1,1
3829,5,mixed_random,3,4,10,forecast,request,,85,1948,0.044,ok,0,1.635,4,2,1,2.988,6,PASS,,,1,1
3830,5,mixed_random,3,4,10,forecast,direction,,6,45,0.002,ok,0,0.833,2,2,1,2.333,4,PASS,,,1,1
3831,5,mixed_random,3,4,10,forecast,forecast,80,102,1948,0.143,ok,0,0.637,2,2,1,1.98,4,PASS,,,1,1
3832,5,mixed_random,3,4,10,forecast,forecast,0,35,1968,0.038,ok,0,0.743,2,2,1,2.2,4,PASS,,,1,1
3833,5,mixed_random,3,4,10,forecast,forecast,5,7,45,0.003,ok,0,0.143,1,2,1,1.429,2,PASS,,,1,1
3834,5,mixed_random,3,4,10,forecast,forecast,none,27,1504,0.032,ok,0,0.593,3,2,1,1.778,4,PASS,,,1,1
3835,5,mixed_random,10,4,1000,round-robin,request,,151,1970,0.184,ok,0,77.06,179,9,1,81.093,180,PASS,,,1,1
3836,5,mixed_random,10,4,1000,round-robin,direction,,78,2004,0.034,ok,0,5.487,17,9,1,9.218,19,PASS,,,1,1
3837,5,mixed_random,10,4,1000,round-robin,forecast,80,26,1748,0.011,ok,0,3.923,15,8,2,7.962,17,PASS,,,1,1
3838,5,mixed_random,10,4,1000,round-robin,forecast,0,94,2000,0.051,ok,0,9.606,32,9,1,13.245,41,PASS,,,1,1
3839,5,mixed_random,10,4,1000,round-robin,forecast,5,12,1930,0.008,ok,0,2.5,7,6,2,5.833,11,PASS,,,1,1
3840,5,mixed_random,10,4,1000,round-robin,forecast,none,3,1767,0.008,ok,3,5,7,5,6,8,12,PASS,,,1,1
3841,5,mixed_random,10,4,1000,nearest,request,,190,1955,0.057,ok,0,54.037,139,9,1,57.311,142,PASS,,,1,1
3842,5,mixed_random,10,4,1000,nearest,direction,,222,1906,0.025,ok,0,5.419,17,9,1,9.275,25,PASS,,,1,1
3843,5,mixed_random,10,4,1000,nearest,forecast,80,38,1920,0.015,ok,0,3.684,14,9,1,7.158,22,PASS,,,1,1
3844,5,mixed_random,10,4,1000,nearest,forecast,0,140,1925,0.091,ok,0,6.093,28,9,1,9.979,32,PASS,,,1,1
3845,5,mixed_random,10,4,1000,nearest,forecast,5,33,1943,0.016,ok,0,5.424,16,8,2,8.758,19,PASS,,,1,1
3846,5,mixed_random,10,4,1000,nearest,forecast,none,81,1987,0.031,ok,0,4.778,15,9,1,8.617,24,PASS,,,1,1
3847,5,mixed_random,10,4,1000,forecast,request,,113,1920,0.076,ok,0,14.69,34,9,2,18.566,39,PASS,,,1,1
3848,5,mixed_random,10,4,1000,forecast,direction,,68,1995,0.024,ok,0,4.044,10,9,1,8.074,19,PASS,,,1,1
3849,5,mixed_random,10,4,1000,forecast,forecast,80,72,1968,0.103,ok,0,3.389,18,9,1,7.361,26,PASS,,,1,1
3850,5,mixed_random,10,4,1000,forecast,forecast,0,143,1899,0.366,ok,0,3.357,13,9,1,7.063,18,PASS,,,1,1
3851,5,mixed_random,10,4,1000,forecast,forecast,5,20,1717,0.045,ok,0,2.6,10,9,2,5.7,16,PASS,,,1,1
3852,5,mixed_random,10,4,1000,forecast,forecast,none,65,2012,0.133,ok,0,4.646,15,9,1,8.462,20,PASS,,,1,1
3853,5,at_current_floor,3,2,2,round-robin,request,,104,108,0.004,ok,0,2.077,6,2,1,3.404,7,PASS,,,1,1
3854,5,at_current_floor,3,2,2,round-robin,direction,,257,261,0.006,ok,0,1.288,7,2,1,2.623,8,PASS,,,1,1
3855,5,at_current_floor,3,2,2,round-robin,forecast,80,147,150,0.009,ok,0,1.204,4,2,1,2.531,6,PASS,,,1,1
3856,5,at_current_floor,3,2,2,round-robin,forecast,0,95,94,0.009,ok,0,1.547,6,2,1,2.874,8,PASS,,,1,1
3857,5,at_current_floor,3,2,2,round-robin,forecast,5,83,81,0.011,ok,0,1.518,6,2,1,2.855,7,PASS,,,1,1
3858,5,at_current_floor,3,2,2,round-robin,forecast,none,11,14,0.001,ok,0,1,3,2,1,2.273,5,PASS,,,1,1
3859,5,at_current_floor,3,2,2,nearest,request,,206,210,0.006,ok,0,2.947,10,2,1,4.257,12,PASS,,,1,1
3860,5,at_current_floor,3,2,2,nearest,direction,,208,210,0.006,ok,0,0.88,4,2,1,2.226,6,PASS,,,1,1
3861,5,at_current_floor,3,2,2,nearest,forecast,80,51,53,0.005,ok,0,0.529,2,2,1,1.765,4,PASS,,,1,1
3862,5,at_current_floor,3,2,2,nearest,forecast,0,145,142,0.014,ok,0,0.8,4,2,1,2.041,5,PASS,,,1,1
3863,5,at_current_floor,3,2,2,nearest,forecast,5,140,146,0.009,ok,0,1.093,6,2,1,2.414,7,PASS,,,1,1
3864,5,at_current_floor,3,2,2,nearest,forecast,none,113,115,0.007,ok,0,0.885,4,2,1,2.15,5,PASS,,,1,1
3865,5,at_current_floor,3,2,2,forecast,request,,120,123,0.033,ok,0,1.817,7,2,1,3.167,9,PASS,,,1,1
3866,5,at_current_floor,3,2,2,forecast,direction,,48,49,0.008,ok,0,0.708,4,2,1,1.979,5,PASS,,,1,1
3867,5,at_current_floor,3,2,2,forecast,forecast,80,7,9,0.002,ok,0,0.429,2,2,1,1.714,3,PASS,,,1,1
3868,5,at_current_floor,3,2,2,forecast,forecast,0,73,74,0.015,ok,0,0.589,2,2,1,1.904,4,PASS,,,1,1
3869,5,at_current_floor,3,2,2,forecast,forecast,5,92,94,0.02,ok,0,0.891,3,2,1,2.25,5,PASS,,,1,1
3870,5,at_current_floor,3,2,2,forecast,forecast,none,7,9,0.002,ok,0,0.429,2,2,1,1.714,3,PASS,,,1,1
3871,5,at_current_floor,3,4,10,round-robin,request,,95,100,0.003,ok,0,0.8,3,2,1,2.126,5,PASS,,,1,1
3872,5,at_current_floor,3,4,10,round-robin,direction,,90,91,0.004,ok,0,0.878,3,2,1,2.156,4,PASS,,,1,1
3873,5,at_current_floor,3,4,10,round-robin,forecast,80,150,153,0.006,ok,0,0.98,3,2,1,2.38,5,PASS,,,1,1
3874,5,at_current_floor,3,4,10,round-robin,forecast,0,119,122,0.007,ok,0,0.866,3,2,1,2.218,5,PASS,,,1,1
3875,5,at_current_floor,3,4,10,round-robin,forecast,5,7,9,0.001,ok,0,0.286,1,2,1,1.714,2,PASS,,,1,1
3876,5,at_current_floor,3,4,10,round-robin,forecast,none,1,5,0.0,ok,2,2,2,1,3,3,3,PASS,,,1,1
3877,5,at_current_floor,3,4,10,nearest,request,,164,167,0.005,ok,0,0.341,4,2,1,1.695,5,PASS,,,1,1
3878,5,at_current_floor,3,4,10,nearest,direction,,67,68,0.003,ok,0,0.463,3,2,1,1.761,4,PASS,,,1,1
3879,5,at_current_floor,3,4,10,nearest,forecast,80,50,52,0.004,ok,0,0.44,2,2,1,1.9,4,PASS,,,1,1
3880,5,at_current_floor,3,4,10,nearest,forecast,0,35,30,0.003,ok,0,0.457,2,2,1,1.8,4,PASS,,,1,1
3881,5,at_current_floor,3,4,10,nearest,forecast,5,19,19,0.002,ok,0,0.579,3,2,1,2.105,4,PASS,,,1,1
3882,5,at_current_floor,3,4,10,nearest,forecast,none,140,140,0.008,ok,0,0.314,3,2,1,1.65,5,PASS,,,1,1
3883,5,at_current_floor,3,4,10,forecast,request,,37,39,0.024,ok,0,0.324,2,2,1,1.703,3,PASS,,,1,1
3884,5,at_current_floor,3,4,10,forecast,direction,,118,119,0.017,ok,0,0.356,2,2,1,1.703,4,PASS,,,1,1
3885,5,at_current_floor,3,4,10,forecast,forecast,80,139,141,0.042,ok,0,0.223,1,2,1,1.547,3,PASS,,,1,1
3886,5,at_current_floor,3,4,10,forecast,forecast,0,29,31,0.012,ok,0,0.379,2,2,1,1.586,4,PASS,,,1,1
3887,5,at_current_floor,3,4,10,forecast,forecast,5,35,30,0.027,ok,0,0.457,2,2,1,1.8,4,PASS,,,1,1
3888,5,at_current_floor,3,4,10,forecast,forecast,none,117,118,0.043,ok,0,0.316,2,2,1,1.624,4,PASS,,,1,1
