experiment,impl,workload,passengers,arrival,pattern,floors,elevators,capacity,assignment,service_order,allowed_delay,seed,ticks,wall_s,read_s,write_s,log_bytes,peak_mb,finished,timeout_s,avg_wait,p95_wait,max_wait,avg_total,p95_total,max_total,result_hash,concurrent_workers,input_csv
growth_spread,repo,interfloor_n100_spread_f100_s1,100,spread,interfloor,100,4,10,forecast,direction,,1,308,0.045,0.0,,,20.3,yes,300,42.88,97,132,72.11,143,174,31c488e4be2a4d7b,4,perf_inputs/interfloor_n100_spread_f100_s1.csv
growth_spread,repo,interfloor_n100_spread_f100_s1,100,spread,interfloor,100,4,10,forecast,request,,1,840,0.057,0.0,,,20.4,yes,300,320.3,573,609,349.53,609,644,915b90e90d5f5ac8,4,perf_inputs/interfloor_n100_spread_f100_s1.csv
growth_spread,repo,interfloor_n100_spread_f100_s1,100,spread,interfloor,100,4,10,round-robin,forecast,80,1,389,0.057,0.0,,,20.2,yes,300,86.01,170,187,115.24,205,251,d7ac248076579d72,4,perf_inputs/interfloor_n100_spread_f100_s1.csv
growth_spread,repo,interfloor_n100_spread_f100_s1,100,spread,interfloor,100,4,10,forecast,forecast,80,1,303,0.21,0.0,,,20.3,yes,300,39.32,94,170,68.55,143,190,b1e6bdff01d0dd45,4,perf_inputs/interfloor_n100_spread_f100_s1.csv
growth_spread,repo,interfloor_n500_spread_f100_s1,500,spread,interfloor,100,4,10,forecast,direction,,1,1163,0.234,0.001,,,20.8,yes,300,36.77,82,134,71.27,138,190,0e6f18e2964ca9fc,4,perf_inputs/interfloor_n500_spread_f100_s1.csv
growth_spread,repo,interfloor_n500_spread_f100_s1,500,spread,interfloor,100,4,10,round-robin,forecast,80,1,1290,0.58,0.001,,,20.8,yes,300,100.48,193,278,134.98,240,342,95969228775899cc,4,perf_inputs/interfloor_n500_spread_f100_s1.csv
growth_spread,repo,interfloor_n1000_spread_f100_s1,1000,spread,interfloor,100,4,10,forecast,direction,,1,2157,0.543,0.001,,,21.3,yes,300,44.04,99,186,77.27,153,224,f6bc7325ad224d42,4,perf_inputs/interfloor_n1000_spread_f100_s1.csv
growth_spread,repo,interfloor_n500_spread_f100_s1,500,spread,interfloor,100,4,10,forecast,request,,1,3872,1.023,0.001,,,21.5,yes,300,1365.65,2603,2781,1400.14,2625,2832,66c0070ae871c5d9,4,perf_inputs/interfloor_n500_spread_f100_s1.csv
growth_spread,repo,interfloor_n500_spread_f100_s1,500,spread,interfloor,100,4,10,forecast,forecast,80,1,1156,0.994,0.001,,,20.8,yes,300,31.33,76,137,65.83,128,193,dca2657b5044329c,4,perf_inputs/interfloor_n500_spread_f100_s1.csv
growth_spread,repo,interfloor_n2000_spread_f100_s1,2000,spread,interfloor,100,4,10,forecast,direction,,1,4076,1.009,0.002,,,22.1,yes,300,37.56,84,228,72.02,133,267,ccf9c27103b870c9,4,perf_inputs/interfloor_n2000_spread_f100_s1.csv
growth_spread,repo,interfloor_n1000_spread_f100_s1,1000,spread,interfloor,100,4,10,round-robin,forecast,80,1,2179,1.234,0.001,,,21.4,yes,300,94.2,180,321,127.43,228,413,0dda0f04991e1b22,4,perf_inputs/interfloor_n1000_spread_f100_s1.csv
growth_spread,repo,interfloor_n1000_spread_f100_s1,1000,spread,interfloor,100,4,10,forecast,forecast,80,1,2110,2.189,0.001,,,21.1,yes,300,32.87,73,127,66.1,127,193,1e7bfb5dbeb19bb0,4,perf_inputs/interfloor_n1000_spread_f100_s1.csv
growth_spread,repo,interfloor_n5000_spread_f100_s1,5000,spread,interfloor,100,4,10,forecast,direction,,1,10227,2.449,0.005,,,24.7,yes,300,36.88,88,218,70.15,136,276,f432a433940f1764,4,perf_inputs/interfloor_n5000_spread_f100_s1.csv
growth_spread,repo,interfloor_n2000_spread_f100_s1,2000,spread,interfloor,100,4,10,round-robin,forecast,80,1,4150,2.554,0.002,,,22.0,yes,300,95.09,184,295,129.55,228,342,ee2c442de742cd20,4,perf_inputs/interfloor_n2000_spread_f100_s1.csv
growth_spread,repo,interfloor_n1000_spread_f100_s1,1000,spread,interfloor,100,4,10,forecast,request,,1,7542,4.087,0.001,,,22.0,yes,300,2804.37,5232,5489,2837.6,5271,5568,a019ed05424a0016,4,perf_inputs/interfloor_n1000_spread_f100_s1.csv
growth_spread,repo,interfloor_n2000_spread_f100_s1,2000,spread,interfloor,100,4,10,forecast,forecast,80,1,4111,5.286,0.002,,,22.2,yes,300,37.65,86,158,72.1,140,209,b4732f5a5fac41ff,4,perf_inputs/interfloor_n2000_spread_f100_s1.csv
growth_spread,repo,interfloor_n10000_spread_f100_s1,10000,spread,interfloor,100,4,10,forecast,direction,,1,19935,5.038,0.011,,,28.4,yes,300,37.77,87,378,71.37,139,411,37ef1d8161683ff0,4,perf_inputs/interfloor_n10000_spread_f100_s1.csv
growth_spread,repo,interfloor_n5000_spread_f100_s1,5000,spread,interfloor,100,4,10,round-robin,forecast,80,1,10300,6.545,0.005,,,25.2,yes,300,97.29,186,309,130.57,231,353,408bbbd6e3fa9fa7,4,perf_inputs/interfloor_n5000_spread_f100_s1.csv
growth_spread,repo,interfloor_n20000_spread_f100_s1,20000,spread,interfloor,100,4,10,forecast,direction,,1,40169,10.548,0.021,,,37.7,yes,300,40.89,100,279,74.83,148,327,9533752483849094,4,perf_inputs/interfloor_n20000_spread_f100_s1.csv
growth_spread,repo,interfloor_n100_spread_f100_s1,100,spread,interfloor,100,4,10,nearest,forecast,80,1,406,0.077,0.0,,,20.4,yes,300,59.98,186,221,89.21,235,266,21ca0e42b70a8be4,4,perf_inputs/interfloor_n100_spread_f100_s1.csv
growth_spread,repo,interfloor_n500_spread_f100_s1,500,spread,interfloor,100,4,10,nearest,forecast,80,1,1339,0.452,0.001,,,20.8,yes,300,66.57,204,315,101.07,250,378,bc7f58d468f26af0,4,perf_inputs/interfloor_n500_spread_f100_s1.csv
growth_spread,repo,interfloor_n2000_spread_f100_s1,2000,spread,interfloor,100,4,10,forecast,request,,1,15730,16.634,0.002,,,23.7,yes,300,5838.39,11039,11692,5872.85,11058,11777,69d481db342b03b1,4,perf_inputs/interfloor_n2000_spread_f100_s1.csv
growth_spread,repo,interfloor_n5000_spread_f100_s1,5000,spread,interfloor,100,4,10,forecast,forecast,80,1,10239,13.689,0.006,,,24.7,yes,300,39.34,99,197,72.61,148,276,1f10833cbabb9232,4,perf_inputs/interfloor_n5000_spread_f100_s1.csv
growth_spread,repo,interfloor_n1000_spread_f100_s1,1000,spread,interfloor,100,4,10,nearest,forecast,80,1,2181,1.987,0.001,,,21.5,yes,300,87.48,240,443,120.7,294,510,8e3e0fd7166682d1,4,perf_inputs/interfloor_n1000_spread_f100_s1.csv
growth_spread,repo,interfloor_n10000_spread_f100_s1,10000,spread,interfloor,100,4,10,round-robin,forecast,80,1,20016,14.33,0.011,,,28.6,yes,300,99.77,187,366,133.37,234,433,fd343c5b12f54685,4,perf_inputs/interfloor_n10000_spread_f100_s1.csv
growth_spread,repo,interfloor_n2000_spread_f100_s1,2000,spread,interfloor,100,4,10,nearest,forecast,80,1,4174,3.055,0.002,,,22.2,yes,300,77.56,233,407,112.01,288,452,f3e078d3e6985f19,4,perf_inputs/interfloor_n2000_spread_f100_s1.csv
growth_spread,repo,interfloor_n5000_spread_f100_s1,5000,spread,interfloor,100,4,10,nearest,forecast,80,1,10364,5.623,0.006,,,25.1,yes,300,65.99,213,341,99.26,256,428,6b7c68d018877a43,4,perf_inputs/interfloor_n5000_spread_f100_s1.csv
growth_spread,repo,interfloor_n10000_spread_f100_s1,10000,spread,interfloor,100,4,10,nearest,forecast,80,1,20079,15.689,0.011,,,28.8,yes,300,76.48,233,452,110.08,279,525,cff6a17f8f336752,4,perf_inputs/interfloor_n10000_spread_f100_s1.csv
growth_spread,repo,interfloor_n10000_spread_f100_s1,10000,spread,interfloor,100,4,10,forecast,forecast,80,1,19985,29.148,0.011,,,28.5,yes,300,39.57,97,193,73.17,147,270,becb73d9798663df,4,perf_inputs/interfloor_n10000_spread_f100_s1.csv
growth_spread,repo,interfloor_n20000_spread_f100_s1,20000,spread,interfloor,100,4,10,round-robin,forecast,80,1,40296,29.148,0.023,,,38.6,yes,300,100.2,189,389,134.13,238,451,69bd8ae1c171b439,4,perf_inputs/interfloor_n20000_spread_f100_s1.csv
growth_spread,repo,interfloor_n100_spread_f100_s1,100,spread,interfloor,100,4,10,round-robin,request,,1,1724,0.003,0.0,,,20.4,yes,300,637.21,1293,1523,666.44,1306,1531,a909f07558042c02,4,perf_inputs/interfloor_n100_spread_f100_s1.csv
growth_spread,repo,interfloor_n500_spread_f100_s1,500,spread,interfloor,100,4,10,round-robin,request,,1,8830,0.019,0.001,,,21.7,yes,300,3283.06,6421,7735,3317.56,6462,7783,21e3f44d92d65e42,4,perf_inputs/interfloor_n500_spread_f100_s1.csv
growth_spread,repo,interfloor_n1000_spread_f100_s1,1000,spread,interfloor,100,4,10,round-robin,request,,1,15033,0.032,0.001,,,22.5,yes,300,6383.97,12089,13051,6417.2,12118,13066,4103f5b8e9662909,4,perf_inputs/interfloor_n1000_spread_f100_s1.csv
growth_spread,repo,interfloor_n2000_spread_f100_s1,2000,spread,interfloor,100,4,10,round-robin,request,,1,30378,0.065,0.002,,,25.7,yes,300,12783.47,24106,26400,12817.92,24136,26427,ea28603e5b4a2642,4,perf_inputs/interfloor_n2000_spread_f100_s1.csv
growth_spread,repo,interfloor_n5000_spread_f100_s1,5000,spread,interfloor,100,4,10,round-robin,request,,1,73009,0.16,0.005,,,32.6,yes,300,30874.83,58651,62894,30908.1,58668,62897,756ad885b75a51e9,4,perf_inputs/interfloor_n5000_spread_f100_s1.csv
growth_spread,repo,interfloor_n10000_spread_f100_s1,10000,spread,interfloor,100,4,10,round-robin,request,,1,148881,0.326,0.01,,,47.2,yes,300,63201.68,120361,129080,63235.28,120382,129081,2c5d88d6e03bf9b9,4,perf_inputs/interfloor_n10000_spread_f100_s1.csv
growth_spread,repo,interfloor_n20000_spread_f100_s1,20000,spread,interfloor,100,4,10,round-robin,request,,1,298744,0.7,0.022,,,74.8,yes,300,126679.63,240968,258684,126713.57,241009,258736,c3c875b3c14a8041,4,perf_inputs/interfloor_n20000_spread_f100_s1.csv
growth_spread,repo,interfloor_n100_spread_f100_s1,100,spread,interfloor,100,4,10,round-robin,direction,,1,391,0.002,0.0,,,20.2,yes,300,87.95,167,189,117.18,209,253,d4f25ac37af4ab00,4,perf_inputs/interfloor_n100_spread_f100_s1.csv
growth_spread,repo,interfloor_n500_spread_f100_s1,500,spread,interfloor,100,4,10,round-robin,direction,,1,1252,0.006,0.001,,,20.6,yes,300,97.84,186,361,132.34,227,408,f3877b031593c941,4,perf_inputs/interfloor_n500_spread_f100_s1.csv
growth_spread,repo,interfloor_n1000_spread_f100_s1,1000,spread,interfloor,100,4,10,round-robin,direction,,1,2182,0.013,0.001,,,21.3,yes,300,97.77,183,584,131,229,602,eebc0b80feb727cd,4,perf_inputs/interfloor_n1000_spread_f100_s1.csv
growth_spread,repo,interfloor_n2000_spread_f100_s1,2000,spread,interfloor,100,4,10,round-robin,direction,,1,4242,0.025,0.002,,,22.1,yes,300,95.49,182,370,129.94,229,399,a973658728424d19,4,perf_inputs/interfloor_n2000_spread_f100_s1.csv
growth_spread,repo,interfloor_n5000_spread_f100_s1,5000,spread,interfloor,100,4,10,round-robin,direction,,1,10322,0.063,0.006,,,24.0,yes,300,97.17,184,695,130.45,230,750,0516c1839ede508d,4,perf_inputs/interfloor_n5000_spread_f100_s1.csv
growth_spread,repo,interfloor_n10000_spread_f100_s1,10000,spread,interfloor,100,4,10,round-robin,direction,,1,20042,0.121,0.011,,,27.2,yes,300,96.96,183,578,130.56,230,596,8b019845be8c221a,4,perf_inputs/interfloor_n10000_spread_f100_s1.csv
growth_spread,repo,interfloor_n20000_spread_f100_s1,20000,spread,interfloor,100,4,10,round-robin,direction,,1,40252,0.242,0.024,,,35.1,yes,300,97.3,184,514,131.23,231,571,f87b444e16e36fbb,4,perf_inputs/interfloor_n20000_spread_f100_s1.csv
growth_spread,repo,interfloor_n100_spread_f100_s1,100,spread,interfloor,100,4,10,nearest,request,,1,1547,0.003,0.0,,,20.5,yes,300,574.16,1299,1327,603.39,1327,1391,5fb0051228dd5b01,4,perf_inputs/interfloor_n100_spread_f100_s1.csv
growth_spread,repo,interfloor_n500_spread_f100_s1,500,spread,interfloor,100,4,10,nearest,request,,1,7881,0.017,0.001,,,21.7,yes,300,2796.91,6052,6786,2831.41,6070,6834,33b396bbbd2954a9,4,perf_inputs/interfloor_n500_spread_f100_s1.csv
growth_spread,repo,interfloor_n1000_spread_f100_s1,1000,spread,interfloor,100,4,10,nearest,request,,1,13573,0.031,0.001,,,22.9,yes,300,5148.33,10221,11584,5181.56,10256,11602,904fb3999f9c0a32,4,perf_inputs/interfloor_n1000_spread_f100_s1.csv
growth_spread,repo,interfloor_n2000_spread_f100_s1,2000,spread,interfloor,100,4,10,nearest,request,,1,31251,0.068,0.002,,,25.9,yes,300,10836.04,22251,27261,10870.5,22297,27331,8f84c2561910714e,4,perf_inputs/interfloor_n2000_spread_f100_s1.csv
growth_spread,repo,interfloor_n5000_spread_f100_s1,5000,spread,interfloor,100,4,10,nearest,request,,1,66446,0.151,0.005,,,31.6,yes,300,25563.98,50439,56313,25597.26,50442,56336,5ed34f4c5c71e12c,4,perf_inputs/interfloor_n5000_spread_f100_s1.csv
growth_spread,repo,interfloor_n10000_spread_f100_s1,10000,spread,interfloor,100,4,10,nearest,request,,1,126304,0.292,0.01,,,44.0,yes,300,51227.23,97961,106469,51260.83,97999,106527,faf9273381b12fea,4,perf_inputs/interfloor_n10000_spread_f100_s1.csv
growth_spread,repo,interfloor_n20000_spread_f100_s1,20000,spread,interfloor,100,4,10,nearest,request,,1,253626,0.611,0.021,,,67.8,yes,300,104409.31,196796,213537,104443.24,196841,213632,925835d918f0212d,4,perf_inputs/interfloor_n20000_spread_f100_s1.csv
growth_spread,repo,interfloor_n100_spread_f100_s1,100,spread,interfloor,100,4,10,nearest,direction,,1,377,0.002,0.0,,,20.1,yes,300,60.54,209,304,89.77,244,351,57dbfa13ae6a1be9,4,perf_inputs/interfloor_n100_spread_f100_s1.csv
growth_spread,repo,interfloor_n500_spread_f100_s1,500,spread,interfloor,100,4,10,nearest,direction,,1,1274,0.007,0.001,,,20.6,yes,300,60.54,189,355,95.04,242,381,762d6f3e573162bd,4,perf_inputs/interfloor_n500_spread_f100_s1.csv
growth_spread,repo,interfloor_n1000_spread_f100_s1,1000,spread,interfloor,100,4,10,nearest,direction,,1,2140,0.014,0.001,,,21.0,yes,300,81.18,237,1580,114.41,270,1619,1894142d72bfa442,4,perf_inputs/interfloor_n1000_spread_f100_s1.csv
growth_spread,repo,interfloor_n2000_spread_f100_s1,2000,spread,interfloor,100,4,10,nearest,direction,,1,4294,0.031,0.003,,,22.0,yes,300,122.86,437,1491,157.31,475,1505,9a4d2bb84230d706,4,perf_inputs/interfloor_n2000_spread_f100_s1.csv
growth_spread,repo,interfloor_n5000_spread_f100_s1,5000,spread,interfloor,100,4,10,nearest,direction,,1,10322,0.065,0.006,,,24.4,yes,300,75.64,242,825,108.92,274,865,7776b4a3af9206d5,4,perf_inputs/interfloor_n5000_spread_f100_s1.csv
growth_spread,repo,interfloor_n10000_spread_f100_s1,10000,spread,interfloor,100,4,10,nearest,direction,,1,20204,0.133,0.011,,,27.2,yes,300,85.99,278,1554,119.59,316,1560,c651e0a570c5c39a,4,perf_inputs/interfloor_n10000_spread_f100_s1.csv
growth_spread,repo,interfloor_n20000_spread_f100_s1,20000,spread,interfloor,100,4,10,nearest,direction,,1,40130,0.269,0.023,,,35.8,yes,300,83.64,262,1545,117.57,299,1576,d2dced4c0b431397,4,perf_inputs/interfloor_n20000_spread_f100_s1.csv
growth_spread,repo,interfloor_n20000_spread_f100_s1,20000,spread,interfloor,100,4,10,nearest,forecast,80,1,40299,38.076,0.022,,,37.7,yes,300,83.32,242,633,117.26,294,703,421e9b478888767b,4,perf_inputs/interfloor_n20000_spread_f100_s1.csv
long_idle,repo,long_idle_T100000,2,0 and 100000,two requests,100,4,10,nearest,direction,,,100050,0.135,0.0,0.036,1589772,33.0,yes,300,0,0,0,49,49,49,02ca4e16a06c9a25,5,perf_inputs/long_idle_T100000.csv
long_idle,repo,long_idle_T100000,2,0 and 100000,two requests,100,4,10,forecast,forecast,80,,100050,0.148,0.0,0.035,1589772,33.1,yes,300,0,0,0,49,49,49,02ca4e16a06c9a25,5,perf_inputs/long_idle_T100000.csv
long_idle,repo,long_idle_T100000,2,0 and 100000,two requests,100,10,10,nearest,direction,,,100050,0.305,0.0,0.058,2790438,47.5,yes,300,0,0,0,49,49,49,9f786896f069d512,5,perf_inputs/long_idle_T100000.csv
long_idle,repo,long_idle_T100000,2,0 and 100000,two requests,100,10,10,forecast,forecast,80,,100050,0.324,0.0,0.061,2790438,47.5,yes,300,0,0,0,49,49,49,9f786896f069d512,5,perf_inputs/long_idle_T100000.csv
long_idle,repo,long_idle_T1000000,2,0 and 1000000,two requests,100,4,10,nearest,direction,,,1000050,1.428,0.0,0.359,16889822,150.3,yes,300,0,0,0,49,49,49,99517d0cd944a9a6,5,perf_inputs/long_idle_T1000000.csv
long_idle,repo,long_idle_T1000000,2,0 and 1000000,two requests,100,4,10,forecast,forecast,80,,1000050,1.537,0.0,0.364,16889822,150.4,yes,300,0,0,0,49,49,49,99517d0cd944a9a6,5,perf_inputs/long_idle_T1000000.csv
long_idle,repo,long_idle_T1000000,2,0 and 1000000,two requests,100,10,10,nearest,direction,,,1000050,3.081,0.0,0.615,28890488,276.8,yes,300,0,0,0,49,49,49,5812bc2ee688b276,5,perf_inputs/long_idle_T1000000.csv
long_idle,repo,long_idle_T1000000,2,0 and 1000000,two requests,100,10,10,forecast,forecast,80,,1000050,3.295,0.0,0.609,28890488,277.3,yes,300,0,0,0,49,49,49,5812bc2ee688b276,5,perf_inputs/long_idle_T1000000.csv
growth_spread,repo,interfloor_n20000_spread_f100_s1,20000,spread,interfloor,100,4,10,forecast,forecast,80,1,40220,54.286,0.022,,,37.0,yes,300,38.08,92,212,72.01,143,302,1f6725d5da3ffe5e,4,perf_inputs/interfloor_n20000_spread_f100_s1.csv
long_idle,repo,long_idle_T10000000,2,0 and 10000000,two requests,100,4,10,nearest,direction,,,10000050,14.734,0.0,3.637,178889872,1303.8,yes,300,0,0,0,49,49,49,e2841b0aa25c7028,5,perf_inputs/long_idle_T10000000.csv
growth_spread,repo,interfloor_n5000_spread_f100_s1,5000,spread,interfloor,100,4,10,forecast,request,,1,39190,107.652,0.006,,,29.3,yes,300,14882.92,27714,29052,14916.19,27763,29085,95f2b26d82463970,4,perf_inputs/interfloor_n5000_spread_f100_s1.csv
long_idle,repo,long_idle_T10000000,2,0 and 10000000,two requests,100,10,10,nearest,direction,,,10000050,33.376,0.0,5.779,298890538,2571.2,yes,300,0,0,0,49,49,49,1cdbf99b2a80a79a,5,perf_inputs/long_idle_T10000000.csv
growth_tick0,repo,interfloor_n100_tick0_f100_s1,100,tick0,interfloor,100,4,10,forecast,request,,1,793,0.077,0.0,,,20.5,yes,300,410.22,701,744,446.19,750,792,69c80754ff1fb16d,4,perf_inputs/interfloor_n100_tick0_f100_s1.csv
growth_tick0,repo,interfloor_n100_tick0_f100_s1,100,tick0,interfloor,100,4,10,forecast,direction,,1,193,0.11,0.0,,,20.3,yes,300,68.96,150,161,104.93,181,192,d78481b73147af1a,4,perf_inputs/interfloor_n100_tick0_f100_s1.csv
growth_tick0,repo,interfloor_n100_tick0_f100_s1,100,tick0,interfloor,100,4,10,round-robin,forecast,80,1,293,0.243,0.0,,,20.2,yes,300,95.58,216,228,131.55,276,292,bb2c7da7d281b31e,4,perf_inputs/interfloor_n100_tick0_f100_s1.csv
growth_tick0,repo,interfloor_n100_tick0_f100_s1,100,tick0,interfloor,100,4,10,forecast,forecast,80,1,244,1.665,0.0,,,20.3,yes,300,67.3,140,214,103.27,185,243,142044a7a6351772,4,perf_inputs/interfloor_n100_tick0_f100_s1.csv
growth_tick0,repo,interfloor_n500_tick0_f100_s1,500,tick0,interfloor,100,4,10,forecast,request,,1,3752,2.731,0.001,,,21.8,yes,300,1832.98,3484,3689,1866.48,3516,3751,f4c168fb9de3687e,4,perf_inputs/interfloor_n500_tick0_f100_s1.csv
growth_tick0,repo,interfloor_n500_tick0_f100_s1,500,tick0,interfloor,100,4,10,forecast,direction,,1,950,7.068,0.001,,,21.0,yes,300,244.72,646,889,278.23,712,949,11dfe3b23fb7e9df,4,perf_inputs/interfloor_n500_tick0_f100_s1.csv
growth_tick0,repo,interfloor_n1000_tick0_f100_s1,1000,tick0,interfloor,100,4,10,forecast,request,,1,7898,10.827,0.002,,,22.4,yes,300,3940.78,7405,7860,3973.75,7415,7897,4c7160313e1ab335,4,perf_inputs/interfloor_n1000_tick0_f100_s1.csv
growth_tick0,repo,interfloor_n500_tick0_f100_s1,500,tick0,interfloor,100,4,10,round-robin,forecast,80,1,845,32.337,0.001,,,20.8,yes,300,261.91,623,795,295.42,677,844,cef442b4bbc99bb9,4,perf_inputs/interfloor_n500_tick0_f100_s1.csv
growth_tick0,repo,interfloor_n1000_tick0_f100_s1,1000,tick0,interfloor,100,4,10,forecast,direction,,1,1603,47.21,0.002,,,21.5,yes,300,440.36,1150,1553,473.32,1204,1602,c92e53d29aabe55a,4,perf_inputs/interfloor_n1000_tick0_f100_s1.csv
growth_tick0,repo,interfloor_n2000_tick0_f100_s1,2000,tick0,interfloor,100,4,10,forecast,request,,1,15591,42.115,0.003,,,23.8,yes,300,7839.64,14736,15555,7873.81,14779,15590,1820a18cc2843131,4,perf_inputs/interfloor_n2000_tick0_f100_s1.csv
growth_tick0,repo,interfloor_n500_tick0_f100_s1,500,tick0,interfloor,100,4,10,forecast,forecast,80,1,689,280.575,0.001,,,21.0,yes,300,218.18,529,634,251.69,575,688,1588b737b2b23b14,4,perf_inputs/interfloor_n500_tick0_f100_s1.csv
growth_tick0,repo,interfloor_n100_tick0_f100_s1,100,tick0,interfloor,100,4,10,nearest,forecast,80,1,283,0.394,0.001,,,20.1,yes,300,83.04,191,240,119.01,227,282,75dab9d63b68a8ae,4,perf_inputs/interfloor_n100_tick0_f100_s1.csv
growth_tick0,repo,interfloor_n1000_tick0_f100_s1,1000,tick0,interfloor,100,4,10,round-robin,forecast,80,1,,>300,,,,,timed out,300,,,,,,,,4,perf_inputs/interfloor_n1000_tick0_f100_s1.csv
growth_tick0,repo,interfloor_n100_tick0_f100_s1,100,tick0,interfloor,100,4,10,round-robin,request,,1,1565,0.005,0.0,,,20.4,yes,300,758.42,1409,1528,794.39,1449,1564,824e0ddeedefea01,4,perf_inputs/interfloor_n100_tick0_f100_s1.csv
growth_tick0,repo,interfloor_n500_tick0_f100_s1,500,tick0,interfloor,100,4,10,round-robin,request,,1,7433,0.021,0.001,,,21.6,yes,300,3575.14,6811,7378,3608.65,6843,7432,d8cc54ee4bfd41f0,4,perf_inputs/interfloor_n500_tick0_f100_s1.csv
growth_tick0,repo,interfloor_n1000_tick0_f100_s1,1000,tick0,interfloor,100,4,10,round-robin,request,,1,15340,0.045,0.002,,,23.2,yes,300,7337.11,13761,15282,7370.08,13763,15339,7e909cbfe4e0ec7f,4,perf_inputs/interfloor_n1000_tick0_f100_s1.csv
growth_tick0,repo,interfloor_n2000_tick0_f100_s1,2000,tick0,interfloor,100,4,10,round-robin,request,,1,29299,0.095,0.004,,,25.5,yes,300,14679.49,27652,29269,14713.65,27694,29298,13c5448cde1a3844,4,perf_inputs/interfloor_n2000_tick0_f100_s1.csv
growth_tick0,repo,interfloor_n5000_tick0_f100_s1,5000,tick0,interfloor,100,4,10,round-robin,request,,1,74598,0.238,0.008,,,32.8,yes,300,37107.31,70088,74561,37141.33,70115,74597,296db17591158f7c,4,perf_inputs/interfloor_n5000_tick0_f100_s1.csv
growth_tick0,repo,interfloor_n10000_tick0_f100_s1,10000,tick0,interfloor,100,4,10,round-robin,request,,1,148056,0.495,0.015,,,46.8,yes,300,72915.19,138083,148019,72948.49,138137,148055,df99bf204be48ef1,4,perf_inputs/interfloor_n10000_tick0_f100_s1.csv
growth_tick0,repo,interfloor_n500_tick0_f100_s1,500,tick0,interfloor,100,4,10,nearest,forecast,80,1,1181,51.302,0.002,,,20.9,yes,300,322.13,816,1131,355.63,866,1180,90be2e06242f1b42,4,perf_inputs/interfloor_n500_tick0_f100_s1.csv
growth_tick0,repo,interfloor_n20000_tick0_f100_s1,20000,tick0,interfloor,100,4,10,round-robin,request,,1,296563,1.071,0.03,,,72.1,yes,300,147257.29,279517,296548,147291.08,279557,296562,1e6476c9f2fdfa1f,4,perf_inputs/interfloor_n20000_tick0_f100_s1.csv
growth_tick0,repo,interfloor_n100_tick0_f100_s1,100,tick0,interfloor,100,4,10,round-robin,direction,,1,274,0.002,0.0,,,20.1,yes,300,79.28,172,232,115.25,190,273,7f1492765eec3f21,4,perf_inputs/interfloor_n100_tick0_f100_s1.csv
growth_tick0,repo,interfloor_n500_tick0_f100_s1,500,tick0,interfloor,100,4,10,round-robin,direction,,1,760,0.011,0.001,,,20.5,yes,300,270.14,627,704,303.65,646,759,30c37edf549a5299,4,perf_inputs/interfloor_n500_tick0_f100_s1.csv
growth_tick0,repo,interfloor_n1000_tick0_f100_s1,1000,tick0,interfloor,100,4,10,round-robin,direction,,1,1381,0.036,0.002,,,21.2,yes,300,493.11,1130,1331,526.08,1160,1380,0d5b2ec99c60ef32,4,perf_inputs/interfloor_n1000_tick0_f100_s1.csv
growth_tick0,repo,interfloor_n2000_tick0_f100_s1,2000,tick0,interfloor,100,4,10,round-robin,direction,,1,2584,0.131,0.004,,,21.8,yes,300,1033.34,2255,2542,1067.51,2272,2583,a83765cada370835,4,perf_inputs/interfloor_n2000_tick0_f100_s1.csv
growth_tick0,repo,interfloor_n5000_tick0_f100_s1,5000,tick0,interfloor,100,4,10,round-robin,direction,,1,6286,0.866,0.01,,,23.7,yes,300,2611.63,5565,6245,2645.65,5619,6285,73d99dd88c89e7c3,4,perf_inputs/interfloor_n5000_tick0_f100_s1.csv
growth_tick0,repo,interfloor_n10000_tick0_f100_s1,10000,tick0,interfloor,100,4,10,round-robin,direction,,1,12206,4.36,0.025,,,27.0,yes,300,5007.53,10900,12169,5040.83,10933,12205,7b0189173881eb5e,4,perf_inputs/interfloor_n10000_tick0_f100_s1.csv
growth_tick0,repo,interfloor_n2000_tick0_f100_s1,2000,tick0,interfloor,100,4,10,forecast,direction,,1,,>300,,,,,timed out,300,,,,,,,,4,perf_inputs/interfloor_n2000_tick0_f100_s1.csv
growth_tick0,repo,interfloor_n5000_tick0_f100_s1,5000,tick0,interfloor,100,4,10,forecast,request,,1,,>300,,,,,timed out,300,,,,,,,,4,perf_inputs/interfloor_n5000_tick0_f100_s1.csv
growth_tick0,repo,interfloor_n100_tick0_f100_s1,100,tick0,interfloor,100,4,10,nearest,direction,,1,283,0.004,0.001,,,20.3,yes,300,83.04,210,240,119.01,238,282,e3dca914076bcf3a,4,perf_inputs/interfloor_n100_tick0_f100_s1.csv
growth_tick0,repo,interfloor_n100_tick0_f100_s1,100,tick0,interfloor,100,4,10,nearest,request,,1,1613,0.01,0.001,,,20.6,yes,300,788.02,1518,1584,823.99,1539,1612,b10a2ab3a2647389,4,perf_inputs/interfloor_n100_tick0_f100_s1.csv
growth_tick0,repo,interfloor_n500_tick0_f100_s1,500,tick0,interfloor,100,4,10,nearest,direction,,1,934,0.024,0.004,,,20.6,yes,300,320.89,765,896,354.39,796,933,b5631478ba2158a1,4,perf_inputs/interfloor_n500_tick0_f100_s1.csv
growth_tick0,repo,interfloor_n500_tick0_f100_s1,500,tick0,interfloor,100,4,10,nearest,request,,1,7837,0.043,0.002,,,21.4,yes,300,3541.7,6748,7778,3575.21,6786,7836,2585c129718f5b4a,4,perf_inputs/interfloor_n500_tick0_f100_s1.csv
growth_tick0,repo,interfloor_n1000_tick0_f100_s1,1000,tick0,interfloor,100,4,10,nearest,direction,,1,2111,0.082,0.004,,,21.4,yes,300,724.63,1689,2054,757.6,1724,2110,82c7a1f31cb84dd3,4,perf_inputs/interfloor_n1000_tick0_f100_s1.csv
growth_tick0,repo,interfloor_n1000_tick0_f100_s1,1000,tick0,interfloor,100,4,10,nearest,request,,1,14716,0.079,0.004,,,23.0,yes,300,7006.28,13604,14681,7039.25,13654,14715,6f13e9f27d3961c8,4,perf_inputs/interfloor_n1000_tick0_f100_s1.csv
growth_tick0,repo,interfloor_n2000_tick0_f100_s1,2000,tick0,interfloor,100,4,10,nearest,request,,1,30091,0.147,0.005,,,25.5,yes,300,14232.02,27077,30046,14266.19,27111,30090,76a9bfecfffe2466,4,perf_inputs/interfloor_n2000_tick0_f100_s1.csv
growth_tick0,repo,interfloor_n2000_tick0_f100_s1,2000,tick0,interfloor,100,4,10,nearest,direction,,1,3611,0.222,0.007,,,22.0,yes,300,1223.57,2800,3578,1257.73,2805,3610,f2d0962df36e3cd0,4,perf_inputs/interfloor_n2000_tick0_f100_s1.csv
growth_tick0,repo,interfloor_n5000_tick0_f100_s1,5000,tick0,interfloor,100,4,10,nearest,request,,1,74485,0.544,0.013,,,33.4,yes,300,34133.93,68710,74481,34167.96,68747,74484,929569f722b6106b,4,perf_inputs/interfloor_n5000_tick0_f100_s1.csv
growth_tick0,repo,interfloor_n20000_tick0_f100_s1,20000,tick0,interfloor,100,4,10,round-robin,direction,,1,24514,17.365,0.03,,,34.1,yes,300,10120.2,22147,24476,10154.0,22180,24513,741cae526c3df1b4,4,perf_inputs/interfloor_n20000_tick0_f100_s1.csv
growth_tick0,repo,interfloor_n5000_tick0_f100_s1,5000,tick0,interfloor,100,4,10,nearest,direction,,1,8539,1.267,0.014,,,24.0,yes,300,3485.43,7358,8474,3519.46,7399,8538,5328ac49ef2f9577,4,perf_inputs/interfloor_n5000_tick0_f100_s1.csv
growth_tick0,repo,interfloor_n10000_tick0_f100_s1,10000,tick0,interfloor,100,4,10,nearest,request,,1,148692,0.606,0.024,,,46.5,yes,300,69209.3,136995,148684,69242.6,137016,148691,787f7791c20e9fe6,4,perf_inputs/interfloor_n10000_tick0_f100_s1.csv
growth_tick0,repo,interfloor_n20000_tick0_f100_s1,20000,tick0,interfloor,100,4,10,nearest,request,,1,297066,3.717,0.035,,,74.3,yes,300,145197.41,275308,297062,145231.2,275358,297065,6f6103097f7196b2,4,perf_inputs/interfloor_n20000_tick0_f100_s1.csv
growth_tick0,repo,interfloor_n10000_tick0_f100_s1,10000,tick0,interfloor,100,4,10,nearest,direction,,1,15003,5.152,0.017,,,26.7,yes,300,6138.74,13117,14962,6172.04,13145,15002,6d4bc41f2833b9ec,4,perf_inputs/interfloor_n10000_tick0_f100_s1.csv
growth_tick0,repo,interfloor_n20000_tick0_f100_s1,20000,tick0,interfloor,100,4,10,nearest,direction,,1,28962,11.308,0.025,,,35.9,yes,300,11217.34,24485,28914,11251.13,24529,28961,75df5952db10cb0a,4,perf_inputs/interfloor_n20000_tick0_f100_s1.csv
growth_tick0,repo,interfloor_n1000_tick0_f100_s1,1000,tick0,interfloor,100,4,10,nearest,forecast,80,1,2424,211.964,0.002,,,20.9,yes,300,719.99,1868,2365,752.95,1934,2423,8eefbc8eb2247fff,4,perf_inputs/interfloor_n1000_tick0_f100_s1.csv
patterns,repo,mixed_n100_spread_f100_s1,100,spread,mixed,100,4,10,forecast,forecast,80,1,290,0.196,0.0,,,20.2,yes,150,33.53,78,99,77.27,140,181,bed1f3d24f235c32,4,perf_inputs/mixed_n100_spread_f100_s1.csv
patterns,repo,down_peak_n100_spread_f100_s1,100,spread,down_peak,100,4,10,forecast,forecast,80,1,364,0.223,0.0,,,20.3,yes,150,69.44,146,185,119.38,224,266,79e4c755cde1d1d6,4,perf_inputs/down_peak_n100_spread_f100_s1.csv
patterns,repo,up_peak_n100_spread_f100_s1,100,spread,up_peak,100,4,10,forecast,forecast,80,1,608,0.592,0.0,,,20.3,yes,150,195.29,334,344,246.08,382,416,3c9e77bc780bbcc4,4,perf_inputs/up_peak_n100_spread_f100_s1.csv
patterns,repo,up_peak_n100_tick0_f100_s1,100,tick0,up_peak,100,4,10,forecast,forecast,80,1,449,0.71,0.0,,,20.5,yes,120,142.2,360,360,196.55,437,448,e9f3298ab5c24192,4,perf_inputs/up_peak_n100_tick0_f100_s1.csv
patterns,repo,mixed_n500_spread_f100_s1,500,spread,mixed,100,4,10,forecast,forecast,80,1,1173,2.492,0.001,,,20.8,yes,150,62.04,135,202,107.33,199,274,c72d82ded656cbf2,4,perf_inputs/mixed_n500_spread_f100_s1.csv
patterns,repo,mixed_n1000_spread_f100_s1,1000,spread,mixed,100,4,10,forecast,forecast,80,1,2135,5.954,0.001,,,21.3,yes,150,61.02,132,192,107.01,190,268,708d054df57c2d21,4,perf_inputs/mixed_n1000_spread_f100_s1.csv
patterns,repo,down_peak_n500_spread_f100_s1,500,spread,down_peak,100,4,10,forecast,forecast,80,1,1660,10.911,0.001,,,21.0,yes,150,254.28,538,629,305.17,614,724,d184267afe2ea99f,4,perf_inputs/down_peak_n500_spread_f100_s1.csv
patterns,repo,mixed_n2000_spread_f100_s1,2000,spread,mixed,100,4,10,forecast,forecast,80,1,4110,12.816,0.002,,,22.3,yes,150,57.62,123,193,101.94,186,275,d02817e16a6817d4,4,perf_inputs/mixed_n2000_spread_f100_s1.csv
patterns,repo,up_peak_n500_spread_f100_s1,500,spread,up_peak,100,4,10,forecast,forecast,80,1,2328,29.843,0.001,,,20.6,yes,150,590.77,1119,1230,641.08,1193,1313,c75ed4f04bea4cb9,4,perf_inputs/up_peak_n500_spread_f100_s1.csv
patterns,repo,mixed_n5000_spread_f100_s1,5000,spread,mixed,100,4,10,forecast,forecast,80,1,10226,27.247,0.006,,,22.5,yes,150,51.67,117,214,95.99,177,313,7e21573ec3f74e2c,4,perf_inputs/mixed_n5000_spread_f100_s1.csv
patterns,repo,up_peak_n500_tick0_f100_s1,500,tick0,up_peak,100,4,10,forecast,forecast,80,1,2245,92.69,0.001,,,20.7,yes,120,1058.08,2082,2172,1110.7,2124,2244,d6af3098ebfa7dd4,4,perf_inputs/up_peak_n500_tick0_f100_s1.csv
patterns,repo,down_peak_n100_tick0_f100_s1,100,tick0,down_peak,100,4,10,forecast,forecast,80,1,399,0.829,0.0,,,20.2,yes,120,128.95,294,307,173.86,366,398,158b6fe270b07358,4,perf_inputs/down_peak_n100_tick0_f100_s1.csv
patterns,repo,mixed_n10000_spread_f100_s1,10000,spread,mixed,100,4,10,forecast,forecast,80,1,20123,49.743,0.012,,,24.1,yes,150,49.33,111,212,94.13,172,290,9fe620140762bb24,4,perf_inputs/mixed_n10000_spread_f100_s1.csv
patterns,repo,down_peak_n1000_spread_f100_s1,1000,spread,down_peak,100,4,10,forecast,forecast,80,1,3221,97.581,0.001,,,20.9,yes,150,545.98,1049,1211,596.94,1112,1307,d745a6f967426adb,4,perf_inputs/down_peak_n1000_spread_f100_s1.csv
patterns,repo,mixed_n100_tick0_f100_s1,100,tick0,mixed,100,4,10,forecast,forecast,80,1,243,0.998,0.0,,,20.1,yes,120,65.2,160,231,113.35,218,242,03810d7b212cf705,4,perf_inputs/mixed_n100_tick0_f100_s1.csv
patterns,repo,up_peak_n1000_spread_f100_s1,1000,spread,up_peak,100,4,10,forecast,forecast,80,1,,>150,,,,,timed out,150,,,,,,,,4,perf_inputs/up_peak_n1000_spread_f100_s1.csv
patterns,repo,up_peak_n100_spread_f100_s1,100,spread,up_peak,100,4,10,forecast,request,,1,608,0.066,0.0,,,20.2,yes,150,195.29,334,344,246.08,382,416,3c9e77bc780bbcc4,4,perf_inputs/up_peak_n100_spread_f100_s1.csv
patterns,repo,up_peak_n500_spread_f100_s1,500,spread,up_peak,100,4,10,forecast,request,,1,2328,1.012,0.003,,,21.1,yes,150,590.77,1119,1230,641.08,1193,1313,c75ed4f04bea4cb9,4,perf_inputs/up_peak_n500_spread_f100_s1.csv
patterns,repo,up_peak_n1000_spread_f100_s1,1000,spread,up_peak,100,4,10,forecast,request,,1,4596,3.983,0.004,,,21.8,yes,150,1250.41,2369,2510,1300.05,2420,2593,7ee6f2adc8238843,4,perf_inputs/up_peak_n1000_spread_f100_s1.csv
patterns,repo,down_peak_n500_tick0_f100_s1,500,tick0,down_peak,100,4,10,forecast,forecast,80,1,1671,92.661,0.001,,,20.7,yes,120,681.92,1421,1582,732.62,1502,1670,252d30ab2ee607a3,4,perf_inputs/down_peak_n500_tick0_f100_s1.csv
patterns,repo,up_peak_n100_spread_f100_s1,100,spread,up_peak,100,4,10,forecast,direction,,1,608,0.071,0.0,,,20.3,yes,150,195.29,334,344,246.08,382,416,3c9e77bc780bbcc4,4,perf_inputs/up_peak_n100_spread_f100_s1.csv
patterns,repo,up_peak_n500_spread_f100_s1,500,spread,up_peak,100,4,10,forecast,direction,,1,2328,1.321,0.001,,,21.0,yes,150,590.77,1119,1230,641.08,1193,1313,c75ed4f04bea4cb9,4,perf_inputs/up_peak_n500_spread_f100_s1.csv
patterns,repo,up_peak_n1000_spread_f100_s1,1000,spread,up_peak,100,4,10,forecast,direction,,1,4596,6.495,0.001,,,21.4,yes,150,1250.41,2369,2510,1300.05,2420,2593,7ee6f2adc8238843,4,perf_inputs/up_peak_n1000_spread_f100_s1.csv
patterns,repo,up_peak_n2000_spread_f100_s1,2000,spread,up_peak,100,4,10,forecast,request,,1,9116,15.458,0.003,,,23.1,yes,150,2584.31,4878,5077,2633.98,4926,5158,14872c0540301017,4,perf_inputs/up_peak_n2000_spread_f100_s1.csv
patterns,repo,mixed_n20000_spread_f100_s1,20000,spread,mixed,100,4,10,forecast,forecast,80,1,40085,105.447,0.046,,,31.5,yes,150,49.88,113,225,94.2,174,314,b452ae414f2b1e57,4,perf_inputs/mixed_n20000_spread_f100_s1.csv
patterns,repo,down_peak_n100_spread_f100_s1,100,spread,down_peak,100,4,10,forecast,request,,1,870,0.067,0.001,,,20.4,yes,150,362.62,602,620,412.56,684,710,fa1072499887ce96,4,perf_inputs/down_peak_n100_spread_f100_s1.csv
patterns,repo,down_peak_n500_spread_f100_s1,500,spread,down_peak,100,4,10,forecast,request,,1,3864,1.272,0.001,,,21.5,yes,150,1341.82,2653,2800,1392.71,2680,2879,24f5fcf8996cb0e0,4,perf_inputs/down_peak_n500_spread_f100_s1.csv
patterns,repo,down_peak_n1000_spread_f100_s1,1000,spread,down_peak,100,4,10,forecast,request,,1,7929,5.279,0.003,,,22.5,yes,150,3099.39,5575,5837,3150.35,5631,5928,d29f8c037138ad90,4,perf_inputs/down_peak_n1000_spread_f100_s1.csv
patterns,repo,mixed_n500_tick0_f100_s1,500,tick0,mixed,100,4,10,forecast,forecast,80,1,798,102.428,0.001,,,20.9,yes,120,277.05,664,746,322.97,728,797,b405e959385960c4,4,perf_inputs/mixed_n500_tick0_f100_s1.csv
patterns,repo,down_peak_n100_spread_f100_s1,100,spread,down_peak,100,4,10,forecast,direction,,1,456,0.056,0.0,,,20.2,yes,150,74.44,139,293,124.38,203,362,d2e16e124c661c64,4,perf_inputs/down_peak_n100_spread_f100_s1.csv
patterns,repo,down_peak_n500_spread_f100_s1,500,spread,down_peak,100,4,10,forecast,direction,,1,1873,1.399,0.001,,,21.0,yes,150,265.94,952,1615,316.83,1007,1676,77fc5665841822ac,4,perf_inputs/down_peak_n500_spread_f100_s1.csv
patterns,repo,down_peak_n1000_spread_f100_s1,1000,spread,down_peak,100,4,10,forecast,direction,,1,3313,8.618,0.001,,,21.7,yes,150,467.6,1714,2833,518.56,1753,2896,0e20842410afb9c3,4,perf_inputs/down_peak_n1000_spread_f100_s1.csv
patterns,repo,down_peak_n2000_spread_f100_s1,2000,spread,down_peak,100,4,10,forecast,request,,1,16539,19.263,0.003,,,24.1,yes,150,6261.1,11837,12497,6312.3,11874,12592,ed74cfa676fcf6fe,4,perf_inputs/down_peak_n2000_spread_f100_s1.csv
patterns,repo,up_peak_n2000_spread_f100_s1,2000,spread,up_peak,100,4,10,forecast,direction,,1,9116,37.21,0.002,,,22.9,yes,150,2584.31,4878,5077,2633.98,4926,5158,14872c0540301017,4,perf_inputs/up_peak_n2000_spread_f100_s1.csv
patterns,repo,down_peak_n2000_spread_f100_s1,2000,spread,down_peak,100,4,10,forecast,direction,,1,6187,57.381,0.003,,,22.6,yes,150,869.64,3320,5559,920.83,3376,5560,15ba6a636c079d8c,4,perf_inputs/down_peak_n2000_spread_f100_s1.csv
patterns,repo,up_peak_n5000_spread_f100_s1,5000,spread,up_peak,100,4,10,forecast,request,,1,22804,91.114,0.006,,,27.0,yes,150,6365.02,12119,12755,6414.63,12145,12823,47fd6af5432387b4,4,perf_inputs/up_peak_n5000_spread_f100_s1.csv
patterns,repo,mixed_n100_spread_f100_s1,100,spread,mixed,100,4,10,forecast,request,,1,710,0.074,0.001,,,20.3,yes,150,264.69,442,470,308.43,482,534,8ab9e8b4e850b8a8,4,perf_inputs/mixed_n100_spread_f100_s1.csv
patterns,repo,mixed_n500_spread_f100_s1,500,spread,mixed,100,4,10,forecast,request,,1,3654,1.305,0.001,,,21.4,yes,150,1200.81,2453,2584,1246.1,2508,2662,fb37ad5faadbb80c,4,perf_inputs/mixed_n500_spread_f100_s1.csv
patterns,repo,mixed_n1000_spread_f100_s1,1000,spread,mixed,100,4,10,forecast,request,,1,6581,4.822,0.002,,,21.8,yes,150,2139.9,4176,4516,2185.89,4203,4601,36430386792b2518,4,perf_inputs/mixed_n1000_spread_f100_s1.csv
patterns,repo,mixed_n2000_spread_f100_s1,2000,spread,mixed,100,4,10,forecast,request,,1,13578,19.688,0.004,,,23.8,yes,150,4701.99,9040,9532,4746.31,9066,9621,f353c3bbb986e697,4,perf_inputs/mixed_n2000_spread_f100_s1.csv
patterns,repo,down_peak_n5000_spread_f100_s1,5000,spread,down_peak,100,4,10,forecast,request,,1,39727,120.108,0.008,,,28.7,yes,150,14855.75,28086,29728,14906.0,28125,29825,03c60abd11fd948f,4,perf_inputs/down_peak_n5000_spread_f100_s1.csv
patterns,repo,mixed_n100_spread_f100_s1,100,spread,mixed,100,4,10,forecast,direction,,1,308,0.045,0.001,,,20.4,yes,150,32.62,74,99,76.36,142,174,bf0bed61c0c7e073,4,perf_inputs/mixed_n100_spread_f100_s1.csv
patterns,repo,mixed_n500_spread_f100_s1,500,spread,mixed,100,4,10,forecast,direction,,1,1185,0.367,0.001,,,21.0,yes,150,47.04,100,529,92.33,164,567,0384b0109342d58b,4,perf_inputs/mixed_n500_spread_f100_s1.csv
patterns,repo,mixed_n1000_spread_f100_s1,1000,spread,mixed,100,4,10,forecast,direction,,1,2116,0.867,0.002,,,21.3,yes,150,57.41,123,320,103.4,190,351,5ba843be44e0cce4,4,perf_inputs/mixed_n1000_spread_f100_s1.csv
patterns,repo,mixed_n2000_spread_f100_s1,2000,spread,mixed,100,4,10,forecast,direction,,1,4110,1.667,0.003,,,22.3,yes,150,56.29,127,276,100.61,187,291,6d11e29e15e65312,4,perf_inputs/mixed_n2000_spread_f100_s1.csv
patterns,repo,mixed_n5000_spread_f100_s1,5000,spread,mixed,100,4,10,forecast,direction,,1,10069,4.017,0.01,,,24.5,yes,150,48.55,117,278,92.88,175,306,da752c4ad7dcd5e7,4,perf_inputs/mixed_n5000_spread_f100_s1.csv
patterns,repo,mixed_n10000_spread_f100_s1,10000,spread,mixed,100,4,10,forecast,direction,,1,20157,8.191,0.013,,,28.2,yes,150,53.13,122,358,97.93,183,426,886faec7948a28bf,4,perf_inputs/mixed_n10000_spread_f100_s1.csv
patterns,repo,up_peak_n5000_spread_f100_s1,5000,spread,up_peak,100,4,10,forecast,direction,,1,,>150,,,,,timed out,150,,,,,,,,4,perf_inputs/up_peak_n5000_spread_f100_s1.csv
patterns,repo,up_peak_n100_tick0_f100_s1,100,tick0,up_peak,100,4,10,forecast,request,,1,449,0.078,0.0,,,20.3,yes,120,142.2,360,360,196.55,437,448,e9f3298ab5c24192,4,perf_inputs/up_peak_n100_tick0_f100_s1.csv
patterns,repo,mixed_n20000_spread_f100_s1,20000,spread,mixed,100,4,10,forecast,direction,,1,40116,16.653,0.027,,,37.8,yes,150,54.11,121,416,98.43,182,449,d09f13a855f11709,4,perf_inputs/mixed_n20000_spread_f100_s1.csv
patterns,repo,up_peak_n100_tick0_f100_s1,100,tick0,up_peak,100,4,10,forecast,direction,,1,449,0.074,0.0,,,20.3,yes,120,142.2,360,360,196.55,437,448,e9f3298ab5c24192,4,perf_inputs/up_peak_n100_tick0_f100_s1.csv
patterns,repo,up_peak_n500_tick0_f100_s1,500,tick0,up_peak,100,4,10,forecast,request,,1,2245,1.739,0.001,,,21.3,yes,120,1058.08,2082,2172,1110.7,2124,2244,d6af3098ebfa7dd4,4,perf_inputs/up_peak_n500_tick0_f100_s1.csv
patterns,repo,up_peak_n500_tick0_f100_s1,500,tick0,up_peak,100,4,10,forecast,direction,,1,2245,2.786,0.001,,,21.0,yes,120,1058.08,2082,2172,1110.7,2124,2244,d6af3098ebfa7dd4,4,perf_inputs/up_peak_n500_tick0_f100_s1.csv
patterns,repo,up_peak_n1000_tick0_f100_s1,1000,tick0,up_peak,100,4,10,forecast,request,,1,4522,6.835,0.001,,,21.8,yes,120,2186.96,4252,4434,2237.97,4297,4521,9fa04272ea8f7a00,4,perf_inputs/up_peak_n1000_tick0_f100_s1.csv
patterns,repo,up_peak_n1000_tick0_f100_s1,1000,tick0,up_peak,100,4,10,forecast,direction,,1,4522,15.194,0.003,,,21.9,yes,120,2186.96,4252,4434,2237.97,4297,4521,9fa04272ea8f7a00,4,perf_inputs/up_peak_n1000_tick0_f100_s1.csv
patterns,repo,up_peak_n2000_tick0_f100_s1,2000,tick0,up_peak,100,4,10,forecast,request,,1,9066,26.888,0.003,,,23.0,yes,120,4446.31,8508,8990,4497.37,8563,9065,b7f13d64a97330ac,4,perf_inputs/up_peak_n2000_tick0_f100_s1.csv
patterns,repo,down_peak_n100_tick0_f100_s1,100,tick0,down_peak,100,4,10,forecast,request,,1,861,0.077,0.001,,,20.2,yes,120,388.11,698,763,433.02,708,860,6d1d18a3905db535,4,perf_inputs/down_peak_n100_tick0_f100_s1.csv
patterns,repo,down_peak_n500_tick0_f100_s1,500,tick0,down_peak,100,4,10,forecast,request,,1,4537,1.666,0.001,,,21.5,yes,120,2179.21,4255,4456,2229.91,4338,4536,616ab77a7fcc462b,4,perf_inputs/down_peak_n500_tick0_f100_s1.csv
patterns,repo,down_peak_n1000_tick0_f100_s1,1000,tick0,down_peak,100,4,10,forecast,request,,1,8481,6.686,0.001,,,22.1,yes,120,4151.57,7917,8389,4199.23,7958,8480,794e67bcbc1c2ebe,4,perf_inputs/down_peak_n1000_tick0_f100_s1.csv
patterns,repo,down_peak_n5000_spread_f100_s1,5000,spread,down_peak,100,4,10,forecast,direction,,1,,>150,,,,,timed out,150,,,,,,,,4,perf_inputs/down_peak_n5000_spread_f100_s1.csv
patterns,repo,down_peak_n100_tick0_f100_s1,100,tick0,down_peak,100,4,10,forecast,direction,,1,499,0.137,0.001,,,20.3,yes,120,140.83,293,451,185.74,366,498,4684336efea83a72,4,perf_inputs/down_peak_n100_tick0_f100_s1.csv
patterns,repo,down_peak_n500_tick0_f100_s1,500,tick0,down_peak,100,4,10,forecast,direction,,1,2003,8.337,0.001,,,21.2,yes,120,675.64,1590,1929,726.34,1676,2002,4e728a990e1c8781,4,perf_inputs/down_peak_n500_tick0_f100_s1.csv
patterns,repo,mixed_n5000_spread_f100_s1,5000,spread,mixed,100,4,10,forecast,request,,1,33033,125.996,0.007,,,27.8,yes,150,11879.76,21942,23000,11924.08,21988,23085,0f736555716320cd,4,perf_inputs/mixed_n5000_spread_f100_s1.csv
patterns,repo,mixed_n100_tick0_f100_s1,100,tick0,mixed,100,4,10,forecast,request,,1,783,0.085,0.001,,,20.4,yes,120,360.18,690,729,408.33,715,782,df80278e9b3df1a4,4,perf_inputs/mixed_n100_tick0_f100_s1.csv
patterns,repo,mixed_n500_tick0_f100_s1,500,tick0,mixed,100,4,10,forecast,request,,1,3316,1.747,0.001,,,21.3,yes,120,1578.74,3084,3224,1624.65,3115,3315,6a37e7059d78789c,4,perf_inputs/mixed_n500_tick0_f100_s1.csv
patterns,repo,down_peak_n2000_tick0_f100_s1,2000,tick0,down_peak,100,4,10,forecast,request,,1,15665,26.185,0.003,,,24.0,yes,120,7782.02,14814,15575,7830.91,14880,15664,64ad13f2071085fd,4,perf_inputs/down_peak_n2000_tick0_f100_s1.csv
patterns,repo,mixed_n100_tick0_f100_s1,100,tick0,mixed,100,4,10,forecast,direction,,1,259,0.094,0.0,,,20.1,yes,120,68.24,152,229,116.39,196,258,b0eeffd0dd977c52,4,perf_inputs/mixed_n100_tick0_f100_s1.csv
patterns,repo,mixed_n1000_tick0_f100_s1,1000,tick0,mixed,100,4,10,forecast,request,,1,6619,7.151,0.001,,,22.2,yes,120,3419.08,6338,6583,3464.79,6402,6618,e5d31d95112d1f9d,4,perf_inputs/mixed_n1000_tick0_f100_s1.csv
patterns,repo,mixed_n500_tick0_f100_s1,500,tick0,mixed,100,4,10,forecast,direction,,1,895,4.743,0.001,,,20.9,yes,120,308.11,713,823,354.03,780,894,6ba43a7f01ea624b,4,perf_inputs/mixed_n500_tick0_f100_s1.csv
patterns,repo,mixed_n2000_tick0_f100_s1,2000,tick0,mixed,100,4,10,forecast,request,,1,13707,28.05,0.003,,,23.8,yes,120,6831.43,12965,13628,6875.69,13040,13706,1baf687fbaec65e9,4,perf_inputs/mixed_n2000_tick0_f100_s1.csv
patterns,repo,up_peak_n100_spread_f100_s1,100,spread,up_peak,100,4,10,round-robin,forecast,80,1,626,0.164,0.001,,,20.3,yes,150,203.53,378,403,254.32,422,450,f0a89e8b07393ab9,4,perf_inputs/up_peak_n100_spread_f100_s1.csv
patterns,repo,up_peak_n500_spread_f100_s1,500,spread,up_peak,100,4,10,round-robin,forecast,80,1,2403,6.512,0.001,,,21.2,yes,150,640.46,1208,1331,690.77,1266,1411,4e35e4555b0e9ddf,4,perf_inputs/up_peak_n500_spread_f100_s1.csv
patterns,repo,mixed_n1000_tick0_f100_s1,1000,tick0,mixed,100,4,10,forecast,direction,,1,1897,32.695,0.002,,,21.2,yes,120,614.64,1389,1824,660.35,1459,1896,ab6a5c4e6bbe71d1,4,perf_inputs/mixed_n1000_tick0_f100_s1.csv
patterns,repo,up_peak_n2000_tick0_f100_s1,2000,tick0,up_peak,100,4,10,forecast,direction,,1,9066,89.61,0.003,,,23.4,yes,120,4446.31,8508,8990,4497.37,8563,9065,b7f13d64a97330ac,4,perf_inputs/up_peak_n2000_tick0_f100_s1.csv
patterns,repo,down_peak_n100_spread_f100_s1,100,spread,down_peak,100,4,10,round-robin,forecast,80,1,585,0.077,0.001,,,20.4,yes,150,119.15,294,367,169.09,390,445,4ebaf395d9402420,4,perf_inputs/down_peak_n100_spread_f100_s1.csv
patterns,repo,up_peak_n100_spread_f100_s1,100,spread,up_peak,100,4,10,nearest,forecast,80,1,1488,0.993,0.0,,,20.6,yes,150,509.81,1087,1257,560.6,1180,1345,2df26bcfa6be7d53,4,perf_inputs/up_peak_n100_spread_f100_s1.csv
patterns,repo,down_peak_n500_spread_f100_s1,500,spread,down_peak,100,4,10,round-robin,forecast,80,1,1939,4.198,0.001,,,21.1,yes,150,417.01,808,964,467.9,879,1043,6a44d8c951c499be,4,perf_inputs/down_peak_n500_spread_f100_s1.csv
patterns,repo,down_peak_n1000_tick0_f100_s1,1000,tick0,down_peak,100,4,10,forecast,direction,,1,3821,57.51,0.003,,,21.8,yes,120,1270.12,2988,3754,1317.79,3068,3820,418b121882876e02,4,perf_inputs/down_peak_n1000_tick0_f100_s1.csv
patterns,repo,down_peak_n100_spread_f100_s1,100,spread,down_peak,100,4,10,nearest,forecast,80,1,563,0.098,0.0,,,20.5,yes,150,121.68,304,398,171.62,368,445,1eaaf9b309faa38d,4,perf_inputs/down_peak_n100_spread_f100_s1.csv
patterns,repo,down_peak_n500_spread_f100_s1,500,spread,down_peak,100,4,10,nearest,forecast,80,1,1918,3.747,0.001,,,21.1,yes,150,345.87,832,1021,396.77,897,1053,99a69eea71085ebb,4,perf_inputs/down_peak_n500_spread_f100_s1.csv
patterns,repo,up_peak_n500_spread_f100_s1,500,spread,up_peak,100,4,10,nearest,forecast,80,1,2883,9.379,0.001,,,21.2,yes,150,722.5,1529,1853,772.81,1581,1945,342ad0249bd15cf9,4,perf_inputs/up_peak_n500_spread_f100_s1.csv
patterns,repo,down_peak_n1000_spread_f100_s1,1000,spread,down_peak,100,4,10,round-robin,forecast,80,1,3708,27.48,0.002,,,21.7,yes,150,734.88,1437,1636,785.84,1492,1729,c19829a589554e65,4,perf_inputs/down_peak_n1000_spread_f100_s1.csv
patterns,repo,up_peak_n1000_spread_f100_s1,1000,spread,up_peak,100,4,10,round-robin,forecast,80,1,4572,47.964,0.002,,,21.9,yes,150,1262.98,2360,2561,1312.61,2415,2620,bda01192893edca7,4,perf_inputs/up_peak_n1000_spread_f100_s1.csv
patterns,repo,down_peak_n1000_spread_f100_s1,1000,spread,down_peak,100,4,10,nearest,forecast,80,1,5195,48.059,0.002,,,22.1,yes,150,833.96,2624,3233,884.92,2659,3323,f0095155d6d1b53b,4,perf_inputs/down_peak_n1000_spread_f100_s1.csv
patterns,repo,up_peak_n1000_spread_f100_s1,1000,spread,up_peak,100,4,10,nearest,forecast,80,1,6775,93.731,0.002,,,22.4,yes,150,1622.93,3967,4691,1672.57,4014,4776,5963f93bbf1ab481,4,perf_inputs/up_peak_n1000_spread_f100_s1.csv
patterns,repo,mixed_n100_spread_f100_s1,100,spread,mixed,100,4,10,round-robin,forecast,80,1,420,0.098,0.001,,,20.3,yes,150,97.16,194,245,140.9,238,343,af8204dc57b76ea5,4,perf_inputs/mixed_n100_spread_f100_s1.csv
patterns,repo,mixed_n500_spread_f100_s1,500,spread,mixed,100,4,10,round-robin,forecast,80,1,1236,0.92,0.001,,,20.8,yes,150,104.66,206,260,149.95,264,315,a1afbbcacdea912e,4,perf_inputs/mixed_n500_spread_f100_s1.csv
patterns,repo,mixed_n1000_spread_f100_s1,1000,spread,mixed,100,4,10,round-robin,forecast,80,1,2206,2.255,0.002,,,21.3,yes,150,115.14,220,372,161.13,279,442,cc2753dbe2b8c9b1,4,perf_inputs/mixed_n1000_spread_f100_s1.csv
patterns,repo,mixed_n2000_spread_f100_s1,2000,spread,mixed,100,4,10,round-robin,forecast,80,1,4211,4.657,0.003,,,22.6,yes,150,115.43,226,325,159.74,286,402,69838ddb6d2c7327,4,perf_inputs/mixed_n2000_spread_f100_s1.csv
patterns,repo,mixed_n5000_spread_f100_s1,5000,spread,mixed,100,4,10,round-robin,forecast,80,1,10287,12.549,0.007,,,25.2,yes,150,118.97,240,471,163.3,295,525,915a36c4fdff8012,4,perf_inputs/mixed_n5000_spread_f100_s1.csv
patterns,repo,mixed_n10000_spread_f100_s1,10000,spread,mixed,100,4,10,round-robin,forecast,80,1,20392,24.411,0.013,,,28.9,yes,150,117.14,230,395,161.94,288,470,1ce882303df589be,4,perf_inputs/mixed_n10000_spread_f100_s1.csv
patterns,repo,down_peak_n2000_spread_f100_s1,2000,spread,down_peak,100,4,10,round-robin,forecast,80,1,,>150,,,,,timed out,150,,,,,,,,4,perf_inputs/down_peak_n2000_spread_f100_s1.csv
patterns,repo,mixed_n100_spread_f100_s1,100,spread,mixed,100,4,10,nearest,forecast,80,1,490,0.11,0.001,,,20.3,yes,150,65.64,209,241,109.38,276,327,c5023030ef19ce8e,4,perf_inputs/mixed_n100_spread_f100_s1.csv
patterns,repo,mixed_n500_spread_f100_s1,500,spread,mixed,100,4,10,nearest,forecast,80,1,1453,1.226,0.001,,,20.9,yes,150,108.38,343,438,153.67,393,513,71633447ed9165fa,4,perf_inputs/mixed_n500_spread_f100_s1.csv
patterns,repo,mixed_n1000_spread_f100_s1,1000,spread,mixed,100,4,10,nearest,forecast,80,1,2975,7.053,0.002,,,21.2,yes,150,179.61,793,971,225.6,839,1057,c37944f13fe7bccb,4,perf_inputs/mixed_n1000_spread_f100_s1.csv
patterns,repo,mixed_n20000_spread_f100_s1,20000,spread,mixed,100,4,10,round-robin,forecast,80,1,40245,44.166,0.026,,,38.0,yes,150,122.0,245,516,166.32,301,608,c38111a1adb539bd,4,perf_inputs/mixed_n20000_spread_f100_s1.csv
patterns,repo,up_peak_n100_tick0_f100_s1,100,tick0,up_peak,100,4,10,round-robin,forecast,80,1,482,0.128,0.001,,,20.2,yes,120,142.8,366,394,197.15,454,481,fb47973bb936ff9d,4,perf_inputs/up_peak_n100_tick0_f100_s1.csv
patterns,repo,mixed_n2000_spread_f100_s1,2000,spread,mixed,100,4,10,nearest,forecast,80,1,4354,4.906,0.003,,,21.9,yes,150,106.57,269,605,150.89,338,683,eb7973f8d2ffd637,4,perf_inputs/mixed_n2000_spread_f100_s1.csv
patterns,repo,up_peak_n2000_spread_f100_s1,2000,spread,up_peak,100,4,10,round-robin,forecast,80,1,,>150,,,,,timed out,150,,,,,,,,4,perf_inputs/up_peak_n2000_spread_f100_s1.csv
patterns,repo,up_peak_n100_tick0_f100_s1,100,tick0,up_peak,100,4,10,nearest,forecast,80,1,482,0.122,0.0,,,20.2,yes,120,142.8,366,394,197.15,454,481,fb47973bb936ff9d,4,perf_inputs/up_peak_n100_tick0_f100_s1.csv
patterns,repo,down_peak_n2000_spread_f100_s1,2000,spread,down_peak,100,4,10,nearest,forecast,80,1,,>150,,,,,timed out,150,,,,,,,,4,perf_inputs/down_peak_n2000_spread_f100_s1.csv
patterns,repo,down_peak_n100_tick0_f100_s1,100,tick0,down_peak,100,4,10,round-robin,forecast,80,1,635,0.122,0.001,,,20.3,yes,120,169.25,336,537,214.16,372,634,366edeb9ad63d843,4,perf_inputs/down_peak_n100_tick0_f100_s1.csv
patterns,repo,up_peak_n500_tick0_f100_s1,500,tick0,up_peak,100,4,10,round-robin,forecast,80,1,2296,13.823,0.001,,,20.8,yes,120,1063.24,2056,2244,1115.86,2112,2295,6dc8782170df35c1,4,perf_inputs/up_peak_n500_tick0_f100_s1.csv
patterns,repo,up_peak_n500_tick0_f100_s1,500,tick0,up_peak,100,4,10,nearest,forecast,80,1,2296,13.817,0.001,,,20.8,yes,120,1063.24,2056,2244,1115.86,2112,2295,6dc8782170df35c1,4,perf_inputs/up_peak_n500_tick0_f100_s1.csv
patterns,repo,down_peak_n500_tick0_f100_s1,500,tick0,down_peak,100,4,10,round-robin,forecast,80,1,2005,13.677,0.001,,,21.1,yes,120,772.22,1616,1910,822.92,1664,2004,45cd92a0fce61037,4,perf_inputs/down_peak_n500_tick0_f100_s1.csv
patterns,repo,mixed_n5000_spread_f100_s1,5000,spread,mixed,100,4,10,nearest,forecast,80,1,11124,41.114,0.006,,,25.1,yes,150,185.68,610,1445,230.0,674,1495,28b44729032ddd6c,4,perf_inputs/mixed_n5000_spread_f100_s1.csv
patterns,repo,mixed_n10000_spread_f100_s1,10000,spread,mixed,100,4,10,nearest,forecast,80,1,20923,57.708,0.012,,,28.3,yes,150,160.57,524,1017,205.37,581,1064,8932cf624e03c87f,4,perf_inputs/mixed_n10000_spread_f100_s1.csv
patterns,repo,up_peak_n1000_tick0_f100_s1,1000,tick0,up_peak,100,4,10,round-robin,forecast,80,1,4534,110.794,0.001,,,22.0,yes,120,2180.9,4234,4434,2231.91,4284,4533,d130602314451db5,4,perf_inputs/up_peak_n1000_tick0_f100_s1.csv
patterns,repo,down_peak_n100_tick0_f100_s1,100,tick0,down_peak,100,4,10,nearest,forecast,80,1,555,0.21,0.001,,,20.3,yes,120,158.77,318,478,203.68,370,554,946da0484456a0c1,4,perf_inputs/down_peak_n100_tick0_f100_s1.csv
patterns,repo,up_peak_n1000_tick0_f100_s1,1000,tick0,up_peak,100,4,10,nearest,forecast,80,1,4534,111.633,0.001,,,22.1,yes,120,2180.9,4234,4434,2231.91,4284,4533,d130602314451db5,4,perf_inputs/up_peak_n1000_tick0_f100_s1.csv
patterns,repo,mixed_n100_tick0_f100_s1,100,tick0,mixed,100,4,10,round-robin,forecast,80,1,390,0.133,0.001,,,20.2,yes,120,86.44,191,304,134.59,220,389,88a7350c7006e4e1,4,perf_inputs/mixed_n100_tick0_f100_s1.csv
patterns,repo,down_peak_n1000_tick0_f100_s1,1000,tick0,down_peak,100,4,10,round-robin,forecast,80,1,3493,107.919,0.001,,,21.8,yes,120,1525.01,2999,3445,1572.67,3054,3492,b6055692f786eb2c,4,perf_inputs/down_peak_n1000_tick0_f100_s1.csv
patterns,repo,mixed_n100_tick0_f100_s1,100,tick0,mixed,100,4,10,nearest,forecast,80,1,423,0.13,0.0,,,20.1,yes,120,104.04,342,378,152.19,418,422,837cc3124db6a165,4,perf_inputs/mixed_n100_tick0_f100_s1.csv
patterns,repo,mixed_n500_tick0_f100_s1,500,tick0,mixed,100,4,10,round-robin,forecast,80,1,1041,14.638,0.001,,,20.9,yes,120,345.21,798,972,391.13,854,1040,4e89781e83855803,4,perf_inputs/mixed_n500_tick0_f100_s1.csv
patterns,repo,mixed_n500_tick0_f100_s1,500,tick0,mixed,100,4,10,nearest,forecast,80,1,1592,14.625,0.001,,,20.9,yes,120,436.27,1151,1502,482.19,1224,1591,c27cf1edb408b825,4,perf_inputs/mixed_n500_tick0_f100_s1.csv
patterns,repo,down_peak_n500_tick0_f100_s1,500,tick0,down_peak,100,4,10,nearest,forecast,80,1,2095,38.291,0.001,,,21.2,yes,120,878.94,1812,2043,929.64,1850,2094,cf0b3d1e24fe6c6b,4,perf_inputs/down_peak_n500_tick0_f100_s1.csv
patterns,repo,up_peak_n100_spread_f100_s1,100,spread,up_peak,100,4,10,round-robin,request,,1,626,0.002,0.001,,,20.1,yes,150,203.53,378,403,254.32,422,450,f0a89e8b07393ab9,4,perf_inputs/up_peak_n100_spread_f100_s1.csv
patterns,repo,up_peak_n500_spread_f100_s1,500,spread,up_peak,100,4,10,round-robin,request,,1,2403,0.006,0.001,,,20.6,yes,150,640.46,1208,1331,690.77,1266,1411,4e35e4555b0e9ddf,4,perf_inputs/up_peak_n500_spread_f100_s1.csv
patterns,repo,up_peak_n1000_spread_f100_s1,1000,spread,up_peak,100,4,10,round-robin,request,,1,4572,0.012,0.002,,,21.0,yes,150,1262.98,2360,2561,1312.61,2415,2620,bda01192893edca7,4,perf_inputs/up_peak_n1000_spread_f100_s1.csv
patterns,repo,up_peak_n2000_spread_f100_s1,2000,spread,up_peak,100,4,10,round-robin,request,,1,9219,0.025,0.003,,,22.5,yes,150,2588.27,4857,5201,2637.94,4914,5272,84fd5de4789783d3,4,perf_inputs/up_peak_n2000_spread_f100_s1.csv
patterns,repo,up_peak_n5000_spread_f100_s1,5000,spread,up_peak,100,4,10,round-robin,request,,1,22848,0.06,0.006,,,26.1,yes,150,6371.02,12141,12839,6420.63,12196,12917,58515bf9dd6c7d9c,4,perf_inputs/up_peak_n5000_spread_f100_s1.csv
patterns,repo,up_peak_n10000_spread_f100_s1,10000,spread,up_peak,100,4,10,round-robin,request,,1,45654,0.12,0.01,,,30.7,yes,150,12751.98,24114,25681,12801.87,24154,25752,be06bc72d99c5717,4,perf_inputs/up_peak_n10000_spread_f100_s1.csv
patterns,repo,up_peak_n20000_spread_f100_s1,20000,spread,up_peak,100,4,10,round-robin,request,,1,91110,0.241,0.021,,,41.7,yes,150,25245.97,47924,50999,25296.31,47964,51081,625c34d4ba6dae0f,4,perf_inputs/up_peak_n20000_spread_f100_s1.csv
patterns,repo,up_peak_n100_spread_f100_s1,100,spread,up_peak,100,4,10,round-robin,direction,,1,626,0.003,0.0,,,20.2,yes,150,203.53,378,403,254.32,422,450,f0a89e8b07393ab9,4,perf_inputs/up_peak_n100_spread_f100_s1.csv
patterns,repo,up_peak_n500_spread_f100_s1,500,spread,up_peak,100,4,10,round-robin,direction,,1,2403,0.018,0.001,,,20.8,yes,150,640.46,1208,1331,690.77,1266,1411,4e35e4555b0e9ddf,4,perf_inputs/up_peak_n500_spread_f100_s1.csv
patterns,repo,up_peak_n1000_spread_f100_s1,1000,spread,up_peak,100,4,10,round-robin,direction,,1,4572,0.056,0.001,,,21.4,yes,150,1262.98,2360,2561,1312.61,2415,2620,bda01192893edca7,4,perf_inputs/up_peak_n1000_spread_f100_s1.csv
patterns,repo,up_peak_n2000_spread_f100_s1,2000,spread,up_peak,100,4,10,round-robin,direction,,1,9219,0.188,0.002,,,22.2,yes,150,2588.27,4857,5201,2637.94,4914,5272,84fd5de4789783d3,4,perf_inputs/up_peak_n2000_spread_f100_s1.csv
patterns,repo,up_peak_n5000_spread_f100_s1,5000,spread,up_peak,100,4,10,round-robin,direction,,1,22848,0.95,0.006,,,25.7,yes,150,6371.02,12141,12839,6420.63,12196,12917,58515bf9dd6c7d9c,4,perf_inputs/up_peak_n5000_spread_f100_s1.csv
patterns,repo,up_peak_n10000_spread_f100_s1,10000,spread,up_peak,100,4,10,round-robin,direction,,1,45654,3.442,0.01,,,30.8,yes,150,12751.98,24114,25681,12801.87,24154,25752,be06bc72d99c5717,4,perf_inputs/up_peak_n10000_spread_f100_s1.csv
patterns,repo,up_peak_n20000_spread_f100_s1,20000,spread,up_peak,100,4,10,round-robin,direction,,1,91110,12.778,0.02,,,43.3,yes,150,25245.97,47924,50999,25296.31,47964,51081,625c34d4ba6dae0f,4,perf_inputs/up_peak_n20000_spread_f100_s1.csv
patterns,repo,up_peak_n100_spread_f100_s1,100,spread,up_peak,100,4,10,nearest,request,,1,1488,0.003,0.0,,,20.2,yes,150,509.81,1087,1257,560.6,1180,1345,2df26bcfa6be7d53,4,perf_inputs/up_peak_n100_spread_f100_s1.csv
patterns,repo,up_peak_n500_spread_f100_s1,500,spread,up_peak,100,4,10,nearest,request,,1,2883,0.007,0.001,,,20.9,yes,150,722.5,1529,1853,772.81,1581,1945,342ad0249bd15cf9,4,perf_inputs/up_peak_n500_spread_f100_s1.csv
patterns,repo,up_peak_n1000_spread_f100_s1,1000,spread,up_peak,100,4,10,nearest,request,,1,6775,0.017,0.001,,,21.8,yes,150,1622.93,3967,4691,1672.57,4014,4776,5963f93bbf1ab481,4,perf_inputs/up_peak_n1000_spread_f100_s1.csv
patterns,repo,up_peak_n2000_spread_f100_s1,2000,spread,up_peak,100,4,10,nearest,request,,1,11280,0.031,0.002,,,22.5,yes,150,2749.06,6491,7259,2798.72,6539,7340,1d0def0ae0917b8e,4,perf_inputs/up_peak_n2000_spread_f100_s1.csv
patterns,repo,up_peak_n5000_spread_f100_s1,5000,spread,up_peak,100,4,10,nearest,request,,1,26438,0.075,0.005,,,26.5,yes,150,6641.22,14482,16479,6690.83,14543,16549,b7d0680b19ae570c,4,perf_inputs/up_peak_n5000_spread_f100_s1.csv
patterns,repo,up_peak_n10000_spread_f100_s1,10000,spread,up_peak,100,4,10,nearest,request,,1,49295,0.146,0.01,,,31.1,yes,150,12751.05,24655,29313,12800.94,24714,29397,059a66c7ffd6c70f,4,perf_inputs/up_peak_n10000_spread_f100_s1.csv
patterns,repo,up_peak_n20000_spread_f100_s1,20000,spread,up_peak,100,4,10,nearest,request,,1,97527,0.286,0.021,,,44.5,yes,150,25575.67,50580,57552,25626.01,50653,57612,307000e11fe19774,4,perf_inputs/up_peak_n20000_spread_f100_s1.csv
patterns,repo,up_peak_n100_spread_f100_s1,100,spread,up_peak,100,4,10,nearest,direction,,1,1488,0.005,0.0,,,20.4,yes,150,509.81,1087,1257,560.6,1180,1345,2df26bcfa6be7d53,4,perf_inputs/up_peak_n100_spread_f100_s1.csv
patterns,repo,up_peak_n500_spread_f100_s1,500,spread,up_peak,100,4,10,nearest,direction,,1,2883,0.022,0.001,,,20.5,yes,150,722.5,1529,1853,772.81,1581,1945,342ad0249bd15cf9,4,perf_inputs/up_peak_n500_spread_f100_s1.csv
patterns,repo,up_peak_n1000_spread_f100_s1,1000,spread,up_peak,100,4,10,nearest,direction,,1,6775,0.07,0.001,,,21.9,yes,150,1622.93,3967,4691,1672.57,4014,4776,5963f93bbf1ab481,4,perf_inputs/up_peak_n1000_spread_f100_s1.csv
patterns,repo,up_peak_n2000_spread_f100_s1,2000,spread,up_peak,100,4,10,nearest,direction,,1,11280,0.206,0.002,,,22.9,yes,150,2749.06,6491,7259,2798.72,6539,7340,1d0def0ae0917b8e,4,perf_inputs/up_peak_n2000_spread_f100_s1.csv
patterns,repo,up_peak_n5000_spread_f100_s1,5000,spread,up_peak,100,4,10,nearest,direction,,1,26438,1.021,0.005,,,26.2,yes,150,6641.22,14482,16479,6690.83,14543,16549,b7d0680b19ae570c,4,perf_inputs/up_peak_n5000_spread_f100_s1.csv
patterns,repo,up_peak_n10000_spread_f100_s1,10000,spread,up_peak,100,4,10,nearest,direction,,1,49295,3.446,0.01,,,31.6,yes,150,12751.05,24655,29313,12800.94,24714,29397,059a66c7ffd6c70f,4,perf_inputs/up_peak_n10000_spread_f100_s1.csv
patterns,repo,up_peak_n20000_spread_f100_s1,20000,spread,up_peak,100,4,10,nearest,direction,,1,97527,12.915,0.02,,,43.8,yes,150,25575.67,50580,57552,25626.01,50653,57612,307000e11fe19774,4,perf_inputs/up_peak_n20000_spread_f100_s1.csv
patterns,repo,down_peak_n100_spread_f100_s1,100,spread,down_peak,100,4,10,round-robin,request,,1,1900,0.004,0.0,,,20.5,yes,150,729.93,1492,1703,779.87,1560,1712,c226563e7c91e1f3,4,perf_inputs/down_peak_n100_spread_f100_s1.csv
patterns,repo,down_peak_n500_spread_f100_s1,500,spread,down_peak,100,4,10,round-robin,request,,1,8563,0.019,0.001,,,21.7,yes,150,3604.69,7035,7539,3655.58,7048,7562,b93d2cf02c2aa38d,4,perf_inputs/down_peak_n500_spread_f100_s1.csv
patterns,repo,down_peak_n1000_spread_f100_s1,1000,spread,down_peak,100,4,10,round-robin,request,,1,17854,0.041,0.002,,,23.3,yes,150,7599.56,14282,15762,7650.52,14323,15837,80426f0f1dc2de84,4,perf_inputs/down_peak_n1000_spread_f100_s1.csv
patterns,repo,down_peak_n2000_spread_f100_s1,2000,spread,down_peak,100,4,10,round-robin,request,,1,34419,0.079,0.003,,,25.9,yes,150,14762.64,28595,30443,14813.84,28630,30477,14b768743b730842,4,perf_inputs/down_peak_n2000_spread_f100_s1.csv
patterns,repo,down_peak_n5000_spread_f100_s1,5000,spread,down_peak,100,4,10,round-robin,request,,1,86916,0.189,0.006,,,34.3,yes,150,36955.04,70233,76921,37005.29,70302,77014,738f5f1bc5c61b69,4,perf_inputs/down_peak_n5000_spread_f100_s1.csv
patterns,repo,down_peak_n10000_spread_f100_s1,10000,spread,down_peak,100,4,10,round-robin,request,,1,168744,0.365,0.011,,,49.2,yes,150,73260.88,139235,148702,73311.0,139283,148766,8323e2e9f78ceb55,4,perf_inputs/down_peak_n10000_spread_f100_s1.csv
patterns,repo,down_peak_n20000_spread_f100_s1,20000,spread,down_peak,100,4,10,round-robin,request,,1,331871,0.757,0.022,,,76.1,yes,150,145608.36,275766,291620,145658.37,275804,291681,e13a814193dcd491,4,perf_inputs/down_peak_n20000_spread_f100_s1.csv
patterns,repo,down_peak_n100_spread_f100_s1,100,spread,down_peak,100,4,10,round-robin,direction,,1,413,0.002,0.0,,,20.0,yes,150,136.49,303,367,186.43,318,385,4b42f5ad70d28779,4,perf_inputs/down_peak_n100_spread_f100_s1.csv
patterns,repo,down_peak_n500_spread_f100_s1,500,spread,down_peak,100,4,10,round-robin,direction,,1,1576,0.017,0.001,,,20.4,yes,150,502.72,1288,1517,553.61,1310,1521,c13fd2155ac52811,4,perf_inputs/down_peak_n500_spread_f100_s1.csv
patterns,repo,down_peak_n1000_spread_f100_s1,1000,spread,down_peak,100,4,10,round-robin,direction,,1,3034,0.052,0.001,,,21.2,yes,150,965.29,2475,3010,1016.25,2497,3014,c483a76e19250075,4,perf_inputs/down_peak_n1000_spread_f100_s1.csv
patterns,repo,down_peak_n2000_spread_f100_s1,2000,spread,down_peak,100,4,10,round-robin,direction,,1,6003,0.177,0.002,,,22.2,yes,150,1918.88,5059,5831,1970.08,5067,5837,e2054b50792e590d,4,perf_inputs/down_peak_n2000_spread_f100_s1.csv
patterns,repo,down_peak_n5000_spread_f100_s1,5000,spread,down_peak,100,4,10,round-robin,direction,,1,14347,0.916,0.005,,,24.9,yes,150,4634.17,12349,14227,4684.42,12365,14229,5ee7d75bda606b4d,4,perf_inputs/down_peak_n5000_spread_f100_s1.csv
patterns,repo,down_peak_n10000_spread_f100_s1,10000,spread,down_peak,100,4,10,round-robin,direction,,1,28986,3.414,0.011,,,28.4,yes,150,9109.48,24720,28648,9159.6,24738,28650,3a2201f13cad095b,4,perf_inputs/down_peak_n10000_spread_f100_s1.csv
patterns,repo,down_peak_n20000_spread_f100_s1,20000,spread,down_peak,100,4,10,round-robin,direction,,1,57557,12.942,0.021,,,39.0,yes,150,18098.96,49027,57370,18148.97,49054,57374,109b51daacdb5f73,4,perf_inputs/down_peak_n20000_spread_f100_s1.csv
patterns,repo,down_peak_n100_spread_f100_s1,100,spread,down_peak,100,4,10,nearest,request,,1,1917,0.004,0.0,,,20.5,yes,150,689.49,1512,1648,739.43,1579,1723,c6f32a1d813e6c06,4,perf_inputs/down_peak_n100_spread_f100_s1.csv
patterns,repo,down_peak_n500_spread_f100_s1,500,spread,down_peak,100,4,10,nearest,request,,1,7517,0.017,0.001,,,21.5,yes,150,2880.6,5453,6494,2931.49,5465,6563,98b96ab83f47d7a4,4,perf_inputs/down_peak_n500_spread_f100_s1.csv
patterns,repo,down_peak_n1000_spread_f100_s1,1000,spread,down_peak,100,4,10,nearest,request,,1,14457,0.034,0.001,,,22.8,yes,150,5939.81,11452,12530,5990.77,11496,12572,5566ef4422f9d4f5,4,perf_inputs/down_peak_n1000_spread_f100_s1.csv
patterns,repo,down_peak_n2000_spread_f100_s1,2000,spread,down_peak,100,4,10,nearest,request,,1,31512,0.074,0.002,,,25.7,yes,150,12357.48,24923,27503,12408.67,24960,27550,6a9df8e0da875384,4,perf_inputs/down_peak_n2000_spread_f100_s1.csv
patterns,repo,down_peak_n5000_spread_f100_s1,5000,spread,down_peak,100,4,10,nearest,request,,1,81723,0.178,0.005,,,33.4,yes,150,29320.99,57793,71833,29371.24,57850,71911,ccc9b5ab952cafe5,4,perf_inputs/down_peak_n5000_spread_f100_s1.csv
patterns,repo,down_peak_n10000_spread_f100_s1,10000,spread,down_peak,100,4,10,nearest,request,,1,140973,0.329,0.011,,,45.1,yes,150,58163.49,109976,120939,58213.62,109993,120998,ad8a2a072c9a8a65,4,perf_inputs/down_peak_n10000_spread_f100_s1.csv
patterns,repo,down_peak_n20000_spread_f100_s1,20000,spread,down_peak,100,4,10,nearest,request,,1,283653,0.705,0.022,,,69.8,yes,150,114180.79,217471,243506,114230.81,217525,243525,4aeacdb1792b189e,4,perf_inputs/down_peak_n20000_spread_f100_s1.csv
patterns,repo,down_peak_n100_spread_f100_s1,100,spread,down_peak,100,4,10,nearest,direction,,1,515,0.002,0.0,,,20.1,yes,150,150.29,342,405,200.23,387,434,abba7bf594adc9ba,4,perf_inputs/down_peak_n100_spread_f100_s1.csv
patterns,repo,down_peak_n500_spread_f100_s1,500,spread,down_peak,100,4,10,nearest,direction,,1,1824,0.015,0.001,,,20.6,yes,150,414.56,1297,1520,465.45,1331,1546,fcbaf3a34e26951a,4,perf_inputs/down_peak_n500_spread_f100_s1.csv
patterns,repo,down_peak_n1000_spread_f100_s1,1000,spread,down_peak,100,4,10,nearest,direction,,1,3363,0.049,0.001,,,21.3,yes,150,893.96,2372,3160,944.91,2412,3179,32be830cd501fc29,4,perf_inputs/down_peak_n1000_spread_f100_s1.csv
patterns,repo,down_peak_n2000_spread_f100_s1,2000,spread,down_peak,100,4,10,nearest,direction,,1,7532,0.164,0.002,,,22.3,yes,150,1664.06,5082,6963,1715.26,5104,6973,c4b7bd6bc710cbf9,4,perf_inputs/down_peak_n2000_spread_f100_s1.csv
patterns,repo,down_peak_n5000_spread_f100_s1,5000,spread,down_peak,100,4,10,nearest,direction,,1,14970,0.851,0.006,,,24.7,yes,150,4130.18,11549,14793,4180.43,11575,14795,001f3acb35744b8f,4,perf_inputs/down_peak_n5000_spread_f100_s1.csv
patterns,repo,down_peak_n10000_spread_f100_s1,10000,spread,down_peak,100,4,10,nearest,direction,,1,35211,3.256,0.011,,,29.2,yes,150,8631.13,26843,34657,8681.26,26863,34658,630724aa3c0d5f6f,4,perf_inputs/down_peak_n10000_spread_f100_s1.csv
patterns,repo,down_peak_n20000_spread_f100_s1,20000,spread,down_peak,100,4,10,nearest,direction,,1,62520,11.152,0.021,,,39.4,yes,150,14977.2,47186,61787,15027.22,47228,61797,ddedf8a44340fc9d,4,perf_inputs/down_peak_n20000_spread_f100_s1.csv
patterns,repo,mixed_n100_spread_f100_s1,100,spread,mixed,100,4,10,round-robin,request,,1,1700,0.004,0.0,,,20.4,yes,150,680.32,1377,1444,724.06,1447,1511,8d851aba04ddbc4f,4,perf_inputs/mixed_n100_spread_f100_s1.csv
patterns,repo,mixed_n500_spread_f100_s1,500,spread,mixed,100,4,10,round-robin,request,,1,8341,0.02,0.001,,,21.7,yes,150,3454.95,6749,7272,3500.23,6832,7346,9ed86ac853fb8419,4,perf_inputs/mixed_n500_spread_f100_s1.csv
patterns,repo,mixed_n1000_spread_f100_s1,1000,spread,mixed,100,4,10,round-robin,request,,1,15700,0.038,0.002,,,23.1,yes,150,6814.26,12814,13631,6860.25,12869,13720,20ce1855d44a96d9,4,perf_inputs/mixed_n1000_spread_f100_s1.csv
patterns,repo,mixed_n2000_spread_f100_s1,2000,spread,mixed,100,4,10,round-robin,request,,1,31551,0.072,0.003,,,25.8,yes,150,13253.15,24907,27557,13297.47,24935,27598,dcdd6fd00d97ccd5,4,perf_inputs/mixed_n2000_spread_f100_s1.csv
patterns,repo,mixed_n5000_spread_f100_s1,5000,spread,mixed,100,4,10,round-robin,request,,1,79127,0.182,0.006,,,33.3,yes,150,33272.31,63297,69109,33316.63,63308,69179,6beaf8cd88dc3005,4,perf_inputs/mixed_n5000_spread_f100_s1.csv
patterns,repo,mixed_n10000_spread_f100_s1,10000,spread,mixed,100,4,10,round-robin,request,,1,158063,0.362,0.012,,,47.8,yes,150,68023.83,129492,138002,68068.62,129545,138042,40e05d7ef6887641,4,perf_inputs/mixed_n10000_spread_f100_s1.csv
patterns,repo,mixed_n20000_spread_f100_s1,20000,spread,mixed,100,4,10,round-robin,request,,1,310950,0.745,0.023,,,74.1,yes,150,134404.7,254696,270960,134449.02,254753,270978,68b72d9c7c0aa282,4,perf_inputs/mixed_n20000_spread_f100_s1.csv
patterns,repo,mixed_n100_spread_f100_s1,100,spread,mixed,100,4,10,round-robin,direction,,1,435,0.002,0.0,,,20.1,yes,150,89.8,174,205,133.54,239,259,bb387eb75b136c23,4,perf_inputs/mixed_n100_spread_f100_s1.csv
patterns,repo,mixed_n500_spread_f100_s1,500,spread,mixed,100,4,10,round-robin,direction,,1,1242,0.007,0.001,,,20.6,yes,150,103.31,190,496,148.6,247,518,26f3c036de2bce21,4,perf_inputs/mixed_n500_spread_f100_s1.csv
patterns,repo,mixed_n1000_spread_f100_s1,1000,spread,mixed,100,4,10,round-robin,direction,,1,2246,0.013,0.001,,,20.8,yes,150,117.13,249,812,163.12,306,834,89d6349783679ea6,4,perf_inputs/mixed_n1000_spread_f100_s1.csv
patterns,repo,mixed_n2000_spread_f100_s1,2000,spread,mixed,100,4,10,round-robin,direction,,1,4228,0.027,0.003,,,21.8,yes,150,113.45,231,1266,157.77,279,1281,4bf6ca407fe1714a,4,perf_inputs/mixed_n2000_spread_f100_s1.csv
patterns,repo,mixed_n5000_spread_f100_s1,5000,spread,mixed,100,4,10,round-robin,direction,,1,10291,0.068,0.006,,,24.0,yes,150,115.76,241,1537,160.09,286,1563,71ed6894790902a2,4,perf_inputs/mixed_n5000_spread_f100_s1.csv
patterns,repo,mixed_n10000_spread_f100_s1,10000,spread,mixed,100,4,10,round-robin,direction,,1,20270,0.133,0.012,,,27.2,yes,150,116.95,240,1791,161.75,288,1801,efc0d410aa959241,4,perf_inputs/mixed_n10000_spread_f100_s1.csv
patterns,repo,mixed_n20000_spread_f100_s1,20000,spread,mixed,100,4,10,round-robin,direction,,1,40197,0.257,0.024,,,34.7,yes,150,116.82,244,2149,161.14,289,2204,6cab7dda12a4fed8,4,perf_inputs/mixed_n20000_spread_f100_s1.csv
patterns,repo,mixed_n100_spread_f100_s1,100,spread,mixed,100,4,10,nearest,request,,1,1263,0.003,0.0,,,20.3,yes,150,421.34,893,1042,465.08,961,1071,67a6f9dfbe1ea1e8,4,perf_inputs/mixed_n100_spread_f100_s1.csv
patterns,repo,mixed_n500_spread_f100_s1,500,spread,mixed,100,4,10,nearest,request,,1,9933,0.022,0.001,,,21.8,yes,150,2811.93,7943,8916,2857.21,8019,8942,d28cc41e0aeee679,4,perf_inputs/mixed_n500_spread_f100_s1.csv
patterns,repo,mixed_n1000_spread_f100_s1,1000,spread,mixed,100,4,10,nearest,request,,1,16942,0.039,0.001,,,22.8,yes,150,5569.23,12954,14946,5615.22,12974,14987,5af02e3074a08f96,4,perf_inputs/mixed_n1000_spread_f100_s1.csv
patterns,repo,mixed_n2000_spread_f100_s1,2000,spread,mixed,100,4,10,nearest,request,,1,26181,0.068,0.003,,,25.0,yes,150,9960.64,19611,22217,10004.96,19669,22240,af61f5968684c6b7,4,perf_inputs/mixed_n2000_spread_f100_s1.csv
patterns,repo,mixed_n5000_spread_f100_s1,5000,spread,mixed,100,4,10,nearest,request,,1,71201,0.169,0.006,,,32.4,yes,150,26610.12,51010,61168,26654.45,51064,61243,a27d8e3f061fa7fc,4,perf_inputs/mixed_n5000_spread_f100_s1.csv
patterns,repo,mixed_n10000_spread_f100_s1,10000,spread,mixed,100,4,10,nearest,request,,1,131868,0.327,0.012,,,44.2,yes,150,51168.83,99297,111795,51213.63,99379,111844,f5e30afb42e640c1,4,perf_inputs/mixed_n10000_spread_f100_s1.csv
patterns,repo,mixed_n20000_spread_f100_s1,20000,spread,mixed,100,4,10,nearest,request,,1,250051,0.632,0.023,,,65.5,yes,150,102528.59,192887,210036,102572.91,192931,210084,657c998f5d59a139,4,perf_inputs/mixed_n20000_spread_f100_s1.csv
patterns,repo,mixed_n100_spread_f100_s1,100,spread,mixed,100,4,10,nearest,direction,,1,458,0.002,0.0,,,20.2,yes,150,65.97,209,342,109.71,260,343,0b2d4917b21b6896,4,perf_inputs/mixed_n100_spread_f100_s1.csv
patterns,repo,mixed_n500_spread_f100_s1,500,spread,mixed,100,4,10,nearest,direction,,1,1248,0.008,0.001,,,20.6,yes,150,108.16,324,1052,153.45,364,1076,429308f225b72e14,4,perf_inputs/mixed_n500_spread_f100_s1.csv
patterns,repo,mixed_n1000_spread_f100_s1,1000,spread,mixed,100,4,10,nearest,direction,,1,2464,0.016,0.001,,,20.9,yes,150,146.52,454,1211,192.51,508,1266,c5fdbf3522888797,4,perf_inputs/mixed_n1000_spread_f100_s1.csv
patterns,repo,mixed_n2000_spread_f100_s1,2000,spread,mixed,100,4,10,nearest,direction,,1,5039,0.04,0.002,,,21.6,yes,150,230.71,955,2736,275.03,1003,2737,f0b50d4f3fc9dfa6,4,perf_inputs/mixed_n2000_spread_f100_s1.csv
patterns,repo,mixed_n5000_spread_f100_s1,5000,spread,mixed,100,4,10,nearest,direction,,1,10879,0.09,0.006,,,24.0,yes,150,196.26,819,2956,240.58,858,2966,c0d3c114a1a4b5c7,4,perf_inputs/mixed_n5000_spread_f100_s1.csv
patterns,repo,mixed_n10000_spread_f100_s1,10000,spread,mixed,100,4,10,nearest,direction,,1,20714,0.247,0.011,,,26.9,yes,150,382.82,1733,6189,427.62,1764,6202,9dcdd56871d836af,4,perf_inputs/mixed_n10000_spread_f100_s1.csv
patterns,repo,mixed_n20000_spread_f100_s1,20000,spread,mixed,100,4,10,nearest,direction,,1,41272,0.457,0.022,,,36.4,yes,150,338.0,1369,8176,382.32,1404,8214,7996d04e9ef64d1c,4,perf_inputs/mixed_n20000_spread_f100_s1.csv
patterns,repo,up_peak_n100_tick0_f100_s1,100,tick0,up_peak,100,4,10,round-robin,request,,1,482,0.001,0.001,,,20.0,yes,120,142.8,366,394,197.15,454,481,fb47973bb936ff9d,4,perf_inputs/up_peak_n100_tick0_f100_s1.csv
patterns,repo,up_peak_n500_tick0_f100_s1,500,tick0,up_peak,100,4,10,round-robin,request,,1,2296,0.006,0.001,,,20.5,yes,120,1063.24,2056,2244,1115.86,2112,2295,6dc8782170df35c1,4,perf_inputs/up_peak_n500_tick0_f100_s1.csv
patterns,repo,up_peak_n1000_tick0_f100_s1,1000,tick0,up_peak,100,4,10,round-robin,request,,1,4534,0.012,0.001,,,21.3,yes,120,2180.9,4234,4434,2231.91,4284,4533,d130602314451db5,4,perf_inputs/up_peak_n1000_tick0_f100_s1.csv
patterns,repo,up_peak_n2000_tick0_f100_s1,2000,tick0,up_peak,100,4,10,round-robin,request,,1,9058,0.025,0.003,,,22.5,yes,120,4440.41,8486,8958,4491.47,8559,9057,1c3de70fb55928bc,4,perf_inputs/up_peak_n2000_tick0_f100_s1.csv
patterns,repo,up_peak_n5000_tick0_f100_s1,5000,tick0,up_peak,100,4,10,round-robin,request,,1,22698,0.059,0.005,,,25.6,yes,120,11149.46,21266,22618,11199.49,21347,22697,fcd4fdff2daf97e8,4,perf_inputs/up_peak_n5000_tick0_f100_s1.csv
patterns,repo,up_peak_n10000_tick0_f100_s1,10000,tick0,up_peak,100,4,10,round-robin,request,,1,45499,0.129,0.011,,,30.2,yes,120,22645.83,43034,45402,22695.92,43122,45498,211f5ccd79e90143,4,perf_inputs/up_peak_n10000_tick0_f100_s1.csv
patterns,repo,up_peak_n20000_tick0_f100_s1,20000,tick0,up_peak,100,4,10,round-robin,request,,1,91327,0.26,0.022,,,41.0,yes,120,45448.8,86418,91240,45498.99,86467,91326,64487ec40d75ff73,4,perf_inputs/up_peak_n20000_tick0_f100_s1.csv
patterns,repo,up_peak_n100_tick0_f100_s1,100,tick0,up_peak,100,4,10,round-robin,direction,,1,482,0.002,0.0,,,20.1,yes,120,142.8,366,394,197.15,454,481,fb47973bb936ff9d,4,perf_inputs/up_peak_n100_tick0_f100_s1.csv
patterns,repo,up_peak_n500_tick0_f100_s1,500,tick0,up_peak,100,4,10,round-robin,direction,,1,2296,0.026,0.001,,,20.8,yes,120,1063.24,2056,2244,1115.86,2112,2295,6dc8782170df35c1,4,perf_inputs/up_peak_n500_tick0_f100_s1.csv
patterns,repo,up_peak_n1000_tick0_f100_s1,1000,tick0,up_peak,100,4,10,round-robin,direction,,1,4534,0.086,0.001,,,21.4,yes,120,2180.9,4234,4434,2231.91,4284,4533,d130602314451db5,4,perf_inputs/up_peak_n1000_tick0_f100_s1.csv
patterns,repo,up_peak_n2000_tick0_f100_s1,2000,tick0,up_peak,100,4,10,round-robin,direction,,1,9058,0.308,0.002,,,22.2,yes,120,4440.41,8486,8958,4491.47,8559,9057,1c3de70fb55928bc,4,perf_inputs/up_peak_n2000_tick0_f100_s1.csv
patterns,repo,up_peak_n5000_tick0_f100_s1,5000,tick0,up_peak,100,4,10,round-robin,direction,,1,22698,1.625,0.005,,,25.7,yes,120,11149.46,21266,22618,11199.49,21347,22697,fcd4fdff2daf97e8,4,perf_inputs/up_peak_n5000_tick0_f100_s1.csv
patterns,repo,mixed_n20000_spread_f100_s1,20000,spread,mixed,100,4,10,nearest,forecast,80,1,,>150,,,,,timed out,150,,,,,,,,4,perf_inputs/mixed_n20000_spread_f100_s1.csv
patterns,repo,up_peak_n100_tick0_f100_s1,100,tick0,up_peak,100,4,10,nearest,request,,1,482,0.002,0.0,,,20.2,yes,120,142.8,366,394,197.15,454,481,fb47973bb936ff9d,4,perf_inputs/up_peak_n100_tick0_f100_s1.csv
patterns,repo,up_peak_n500_tick0_f100_s1,500,tick0,up_peak,100,4,10,nearest,request,,1,2296,0.006,0.001,,,20.8,yes,120,1063.24,2056,2244,1115.86,2112,2295,6dc8782170df35c1,4,perf_inputs/up_peak_n500_tick0_f100_s1.csv
patterns,repo,up_peak_n1000_tick0_f100_s1,1000,tick0,up_peak,100,4,10,nearest,request,,1,4534,0.013,0.001,,,21.4,yes,120,2180.9,4234,4434,2231.91,4284,4533,d130602314451db5,4,perf_inputs/up_peak_n1000_tick0_f100_s1.csv
patterns,repo,up_peak_n2000_tick0_f100_s1,2000,tick0,up_peak,100,4,10,nearest,request,,1,9058,0.028,0.002,,,22.5,yes,120,4440.41,8486,8958,4491.47,8559,9057,1c3de70fb55928bc,4,perf_inputs/up_peak_n2000_tick0_f100_s1.csv
patterns,repo,up_peak_n5000_tick0_f100_s1,5000,tick0,up_peak,100,4,10,nearest,request,,1,22698,0.065,0.005,,,25.6,yes,120,11149.46,21266,22618,11199.49,21347,22697,fcd4fdff2daf97e8,4,perf_inputs/up_peak_n5000_tick0_f100_s1.csv
patterns,repo,up_peak_n10000_tick0_f100_s1,10000,tick0,up_peak,100,4,10,nearest,request,,1,45499,0.13,0.01,,,30.6,yes,120,22645.83,43034,45402,22695.92,43122,45498,211f5ccd79e90143,4,perf_inputs/up_peak_n10000_tick0_f100_s1.csv
patterns,repo,up_peak_n20000_tick0_f100_s1,20000,tick0,up_peak,100,4,10,nearest,request,,1,91327,0.282,0.021,,,40.9,yes,120,45448.8,86418,91240,45498.99,86467,91326,64487ec40d75ff73,4,perf_inputs/up_peak_n20000_tick0_f100_s1.csv
patterns,repo,up_peak_n100_tick0_f100_s1,100,tick0,up_peak,100,4,10,nearest,direction,,1,482,0.002,0.0,,,20.1,yes,120,142.8,366,394,197.15,454,481,fb47973bb936ff9d,4,perf_inputs/up_peak_n100_tick0_f100_s1.csv
patterns,repo,up_peak_n500_tick0_f100_s1,500,tick0,up_peak,100,4,10,nearest,direction,,1,2296,0.026,0.001,,,20.7,yes,120,1063.24,2056,2244,1115.86,2112,2295,6dc8782170df35c1,4,perf_inputs/up_peak_n500_tick0_f100_s1.csv
patterns,repo,up_peak_n1000_tick0_f100_s1,1000,tick0,up_peak,100,4,10,nearest,direction,,1,4534,0.085,0.001,,,21.4,yes,120,2180.9,4234,4434,2231.91,4284,4533,d130602314451db5,4,perf_inputs/up_peak_n1000_tick0_f100_s1.csv
patterns,repo,up_peak_n2000_tick0_f100_s1,2000,tick0,up_peak,100,4,10,nearest,direction,,1,9058,0.302,0.002,,,22.2,yes,120,4440.41,8486,8958,4491.47,8559,9057,1c3de70fb55928bc,4,perf_inputs/up_peak_n2000_tick0_f100_s1.csv
patterns,repo,up_peak_n10000_tick0_f100_s1,10000,tick0,up_peak,100,4,10,round-robin,direction,,1,45499,5.974,0.01,,,30.5,yes,120,22645.83,43034,45402,22695.92,43122,45498,211f5ccd79e90143,4,perf_inputs/up_peak_n10000_tick0_f100_s1.csv
patterns,repo,up_peak_n5000_tick0_f100_s1,5000,tick0,up_peak,100,4,10,nearest,direction,,1,22698,1.612,0.006,,,25.6,yes,120,11149.46,21266,22618,11199.49,21347,22697,fcd4fdff2daf97e8,4,perf_inputs/up_peak_n5000_tick0_f100_s1.csv
patterns,repo,up_peak_n10000_tick0_f100_s1,10000,tick0,up_peak,100,4,10,nearest,direction,,1,45499,6.017,0.01,,,30.5,yes,120,22645.83,43034,45402,22695.92,43122,45498,211f5ccd79e90143,4,perf_inputs/up_peak_n10000_tick0_f100_s1.csv
patterns,repo,mixed_n1000_tick0_f100_s1,1000,tick0,mixed,100,4,10,round-robin,forecast,80,1,,>120,,,,,timed out,120,,,,,,,,4,perf_inputs/mixed_n1000_tick0_f100_s1.csv
patterns,repo,down_peak_n100_tick0_f100_s1,100,tick0,down_peak,100,4,10,round-robin,request,,1,1433,0.003,0.001,,,20.3,yes,120,706.61,1323,1402,751.52,1372,1432,b1953cec1ecb61ed,4,perf_inputs/down_peak_n100_tick0_f100_s1.csv
patterns,repo,down_peak_n500_tick0_f100_s1,500,tick0,down_peak,100,4,10,round-robin,request,,1,9219,0.021,0.001,,,21.7,yes,120,4347.83,8524,9189,4398.54,8616,9218,16402f9ba12d1973,4,perf_inputs/down_peak_n500_tick0_f100_s1.csv
patterns,repo,down_peak_n1000_tick0_f100_s1,1000,tick0,down_peak,100,4,10,round-robin,request,,1,16795,0.037,0.001,,,23.2,yes,120,8212.58,15420,16709,8260.24,15466,16794,0c46cb9ab82a6a27,4,perf_inputs/down_peak_n1000_tick0_f100_s1.csv
patterns,repo,down_peak_n2000_tick0_f100_s1,2000,tick0,down_peak,100,4,10,round-robin,request,,1,33165,0.074,0.003,,,25.6,yes,120,16032.48,30805,33157,16081.37,30834,33164,c0129c615ae63d79,4,perf_inputs/down_peak_n2000_tick0_f100_s1.csv
patterns,repo,down_peak_n5000_tick0_f100_s1,5000,tick0,down_peak,100,4,10,round-robin,request,,1,85543,0.194,0.005,,,34.0,yes,120,41689.81,78556,85487,41739.69,78606,85542,f89a87dfd9c30110,4,perf_inputs/down_peak_n5000_tick0_f100_s1.csv
patterns,repo,down_peak_n10000_tick0_f100_s1,10000,tick0,down_peak,100,4,10,round-robin,request,,1,168775,0.382,0.01,,,48.9,yes,120,82783.78,157033,168736,82833.86,157070,168774,dd0606e32e1aa263,4,perf_inputs/down_peak_n10000_tick0_f100_s1.csv
patterns,repo,down_peak_n20000_tick0_f100_s1,20000,tick0,down_peak,100,4,10,round-robin,request,,1,328929,0.776,0.021,,,75.8,yes,120,164331.27,311786,328869,164381.02,311850,328928,a2f8d6993bcbbdac,4,perf_inputs/down_peak_n20000_tick0_f100_s1.csv
patterns,repo,down_peak_n100_tick0_f100_s1,100,tick0,down_peak,100,4,10,round-robin,direction,,1,337,0.002,0.0,,,20.0,yes,120,210.79,318,335,255.7,324,336,680492d8f088c46e,4,perf_inputs/down_peak_n100_tick0_f100_s1.csv
patterns,repo,down_peak_n500_tick0_f100_s1,500,tick0,down_peak,100,4,10,round-robin,direction,,1,1465,0.022,0.001,,,20.4,yes,120,888.68,1399,1462,939.38,1406,1464,86f96cf6ce155c60,4,perf_inputs/down_peak_n500_tick0_f100_s1.csv
patterns,repo,down_peak_n1000_tick0_f100_s1,1000,tick0,down_peak,100,4,10,round-robin,direction,,1,2695,0.07,0.001,,,21.2,yes,120,1662.55,2530,2693,1710.22,2554,2694,034e13751cf2baea,4,perf_inputs/down_peak_n1000_tick0_f100_s1.csv
patterns,repo,down_peak_n2000_tick0_f100_s1,2000,tick0,down_peak,100,4,10,round-robin,direction,,1,5099,0.241,0.002,,,21.7,yes,120,3324.8,4961,5097,3373.69,4964,5098,976b46a9be59bf71,4,perf_inputs/down_peak_n2000_tick0_f100_s1.csv
patterns,repo,down_peak_n5000_tick0_f100_s1,5000,tick0,down_peak,100,4,10,round-robin,direction,,1,12683,1.375,0.005,,,24.2,yes,120,8312.61,12538,12681,8362.48,12542,12682,8e474d6e31d4415a,4,perf_inputs/down_peak_n5000_tick0_f100_s1.csv
patterns,repo,mixed_n1000_tick0_f100_s1,1000,tick0,mixed,100,4,10,nearest,forecast,80,1,,>120,,,,,timed out,120,,,,,,,,4,perf_inputs/mixed_n1000_tick0_f100_s1.csv
patterns,repo,down_peak_n100_tick0_f100_s1,100,tick0,down_peak,100,4,10,nearest,request,,1,1655,0.004,0.0,,,20.3,yes,120,774.61,1471,1590,819.52,1512,1654,2f1599d463e8b851,4,perf_inputs/down_peak_n100_tick0_f100_s1.csv
patterns,repo,down_peak_n500_tick0_f100_s1,500,tick0,down_peak,100,4,10,nearest,request,,1,10829,0.024,0.001,,,21.9,yes,120,4557.08,9822,10802,4607.79,9830,10828,2a1fa12b34893e45,4,perf_inputs/down_peak_n500_tick0_f100_s1.csv
patterns,repo,down_peak_n1000_tick0_f100_s1,1000,tick0,down_peak,100,4,10,nearest,request,,1,19215,0.039,0.001,,,23.4,yes,120,7135.76,17149,19123,7183.43,17228,19214,bdf80832db912be4,4,perf_inputs/down_peak_n1000_tick0_f100_s1.csv
patterns,repo,down_peak_n2000_tick0_f100_s1,2000,tick0,down_peak,100,4,10,nearest,request,,1,38737,0.082,0.002,,,26.6,yes,120,14928.72,32419,38647,14977.61,32482,38736,4ee9cf97f2f9c7a1,4,perf_inputs/down_peak_n2000_tick0_f100_s1.csv
patterns,repo,down_peak_n5000_tick0_f100_s1,5000,tick0,down_peak,100,4,10,nearest,request,,1,84647,0.19,0.005,,,33.6,yes,120,36827.53,76376,84608,36877.4,76396,84646,3eb2becb1b2bcd29,4,perf_inputs/down_peak_n5000_tick0_f100_s1.csv
patterns,repo,down_peak_n10000_tick0_f100_s1,10000,tick0,down_peak,100,4,10,nearest,request,,1,229387,0.453,0.01,,,56.6,yes,120,79898.92,198153,229317,79949.0,198184,229386,2b38d8a008fadd10,4,perf_inputs/down_peak_n10000_tick0_f100_s1.csv
patterns,repo,down_peak_n10000_tick0_f100_s1,10000,tick0,down_peak,100,4,10,round-robin,direction,,1,25427,5.225,0.01,,,27.6,yes,120,16723.32,25038,25425,16773.39,25050,25426,a1ea92d5cd0260d1,4,perf_inputs/down_peak_n10000_tick0_f100_s1.csv
patterns,repo,down_peak_n20000_tick0_f100_s1,20000,tick0,down_peak,100,4,10,nearest,request,,1,327303,0.762,0.022,,,74.0,yes,120,131655.36,300660,327248,131705.12,300730,327302,b7143af403126a0a,4,perf_inputs/down_peak_n20000_tick0_f100_s1.csv
patterns,repo,down_peak_n100_tick0_f100_s1,100,tick0,down_peak,100,4,10,nearest,direction,,1,471,0.002,0.0,,,20.1,yes,120,188.21,307,405,233.12,340,470,93d11f52710210c5,4,perf_inputs/down_peak_n100_tick0_f100_s1.csv
patterns,repo,down_peak_n500_tick0_f100_s1,500,tick0,down_peak,100,4,10,nearest,direction,,1,1671,0.022,0.001,,,21.0,yes,120,937.09,1650,1669,987.79,1656,1670,f528f2f8c919c4f9,4,perf_inputs/down_peak_n500_tick0_f100_s1.csv
patterns,repo,down_peak_n1000_tick0_f100_s1,1000,tick0,down_peak,100,4,10,nearest,direction,,1,3511,0.069,0.001,,,20.9,yes,120,1515.04,3192,3469,1562.71,3240,3510,b6b94f25e71ba3f5,4,perf_inputs/down_peak_n1000_tick0_f100_s1.csv
patterns,repo,down_peak_n2000_tick0_f100_s1,2000,tick0,down_peak,100,4,10,nearest,direction,,1,7319,0.234,0.002,,,22.4,yes,120,3156.11,6243,7273,3205,6298,7318,313edb67f200a0e7,4,perf_inputs/down_peak_n2000_tick0_f100_s1.csv
patterns,repo,down_peak_n5000_tick0_f100_s1,5000,tick0,down_peak,100,4,10,nearest,direction,,1,13477,1.382,0.005,,,24.9,yes,120,7634.56,12955,13417,7684.43,12970,13476,8fbc3e82a1e2d19d,4,perf_inputs/down_peak_n5000_tick0_f100_s1.csv
patterns,repo,up_peak_n20000_tick0_f100_s1,20000,tick0,up_peak,100,4,10,round-robin,direction,,1,91327,22.943,0.022,,,41.8,yes,120,45448.8,86418,91240,45498.99,86467,91326,64487ec40d75ff73,4,perf_inputs/up_peak_n20000_tick0_f100_s1.csv
patterns,repo,mixed_n100_tick0_f100_s1,100,tick0,mixed,100,4,10,round-robin,request,,1,1721,0.004,0.001,,,20.3,yes,120,799.32,1574,1709,847.47,1662,1720,93fd09a3a06872ec,4,perf_inputs/mixed_n100_tick0_f100_s1.csv
patterns,repo,mixed_n500_tick0_f100_s1,500,tick0,mixed,100,4,10,round-robin,request,,1,9034,0.019,0.001,,,21.8,yes,120,4016.55,7788,8942,4062.47,7814,9033,f0e14be0c027b043,4,perf_inputs/mixed_n500_tick0_f100_s1.csv
patterns,repo,mixed_n1000_tick0_f100_s1,1000,tick0,mixed,100,4,10,round-robin,request,,1,16484,0.036,0.002,,,22.8,yes,120,8131.07,15080,16454,8176.78,15147,16483,c611372c9e0ef79f,4,perf_inputs/mixed_n1000_tick0_f100_s1.csv
patterns,repo,mixed_n2000_tick0_f100_s1,2000,tick0,mixed,100,4,10,round-robin,request,,1,31312,0.071,0.003,,,25.6,yes,120,15338.6,29130,31290,15382.85,29151,31311,b028ac4f4f2b7e57,4,perf_inputs/mixed_n2000_tick0_f100_s1.csv
patterns,repo,mixed_n5000_tick0_f100_s1,5000,tick0,mixed,100,4,10,round-robin,request,,1,78994,0.181,0.006,,,33.2,yes,120,39011.29,73726,78973,39055.58,73768,78993,131ab581da2fb45e,4,perf_inputs/mixed_n5000_tick0_f100_s1.csv
patterns,repo,mixed_n10000_tick0_f100_s1,10000,tick0,mixed,100,4,10,round-robin,request,,1,155847,0.358,0.011,,,47.2,yes,120,76695.65,146144,155812,76740.25,146174,155846,7846652491cc9cc8,4,perf_inputs/mixed_n10000_tick0_f100_s1.csv
patterns,repo,mixed_n20000_tick0_f100_s1,20000,tick0,mixed,100,4,10,round-robin,request,,1,314347,0.767,0.023,,,75.0,yes,120,154396.23,294238,314327,154441.0,294276,314346,b614bdb406e339c8,4,perf_inputs/mixed_n20000_tick0_f100_s1.csv
patterns,repo,mixed_n100_tick0_f100_s1,100,tick0,mixed,100,4,10,round-robin,direction,,1,287,0.001,0.0,,,20.1,yes,120,82.9,191,267,131.05,196,286,6eb178d7668c2882,4,perf_inputs/mixed_n100_tick0_f100_s1.csv
patterns,repo,mixed_n500_tick0_f100_s1,500,tick0,mixed,100,4,10,round-robin,direction,,1,986,0.01,0.001,,,20.3,yes,120,374.37,804,942,420.29,830,985,7e35e26e8de72959,4,perf_inputs/mixed_n500_tick0_f100_s1.csv
patterns,repo,mixed_n1000_tick0_f100_s1,1000,tick0,mixed,100,4,10,round-robin,direction,,1,1709,0.034,0.001,,,21.0,yes,120,738.38,1515,1707,784.08,1556,1708,6849a1ac251ba22a,4,perf_inputs/mixed_n1000_tick0_f100_s1.csv
patterns,repo,mixed_n2000_tick0_f100_s1,2000,tick0,mixed,100,4,10,round-robin,direction,,1,3373,0.107,0.002,,,21.4,yes,120,1449.59,3023,3350,1493.84,3058,3372,c9f1c5cd727ea172,4,perf_inputs/mixed_n2000_tick0_f100_s1.csv
patterns,repo,mixed_n5000_tick0_f100_s1,5000,tick0,mixed,100,4,10,round-robin,direction,,1,7997,0.601,0.005,,,23.5,yes,120,3556.19,7354,7978,3600.47,7378,7996,66f82eda74dde613,4,perf_inputs/mixed_n5000_tick0_f100_s1.csv
patterns,repo,down_peak_n10000_tick0_f100_s1,10000,tick0,down_peak,100,4,10,nearest,direction,,1,41079,4.978,0.01,,,29.7,yes,120,16305.22,36654,41038,16355.29,36702,41078,a09a6706e1f9b37d,4,perf_inputs/down_peak_n10000_tick0_f100_s1.csv
patterns,repo,mixed_n10000_tick0_f100_s1,10000,tick0,mixed,100,4,10,round-robin,direction,,1,16586,2.249,0.01,,,27.4,yes,120,7087.19,14664,16515,7131.79,14731,16585,06d67cf671bdaaf9,4,perf_inputs/mixed_n10000_tick0_f100_s1.csv
patterns,repo,up_peak_n20000_tick0_f100_s1,20000,tick0,up_peak,100,4,10,nearest,direction,,1,91327,23.001,0.021,,,43.0,yes,120,45448.8,86418,91240,45498.99,86467,91326,64487ec40d75ff73,4,perf_inputs/up_peak_n20000_tick0_f100_s1.csv
patterns,repo,mixed_n100_tick0_f100_s1,100,tick0,mixed,100,4,10,nearest,request,,1,1886,0.004,0.0,,,20.4,yes,120,849.48,1684,1871,897.63,1769,1885,086f010b4fccfdcb,4,perf_inputs/mixed_n100_tick0_f100_s1.csv
patterns,repo,mixed_n500_tick0_f100_s1,500,tick0,mixed,100,4,10,nearest,request,,1,8623,0.019,0.001,,,21.7,yes,120,3598.32,7853,8574,3644.23,7883,8622,dd57ab04c371ed05,4,perf_inputs/mixed_n500_tick0_f100_s1.csv
patterns,repo,mixed_n1000_tick0_f100_s1,1000,tick0,mixed,100,4,10,nearest,request,,1,15649,0.036,0.001,,,22.7,yes,120,6953.06,13909,15613,6998.76,13930,15648,a3f97ca745cfb490,4,perf_inputs/mixed_n1000_tick0_f100_s1.csv
patterns,repo,mixed_n2000_tick0_f100_s1,2000,tick0,mixed,100,4,10,nearest,request,,1,32156,0.075,0.002,,,25.8,yes,120,14637.09,28838,32134,14681.35,28866,32155,b7aa55f36258560e,4,perf_inputs/mixed_n2000_tick0_f100_s1.csv
patterns,repo,mixed_n5000_tick0_f100_s1,5000,tick0,mixed,100,4,10,nearest,request,,1,74565,0.175,0.006,,,32.6,yes,120,36452.19,69280,74499,36496.47,69338,74564,0f9cf7a0b3367aad,4,perf_inputs/mixed_n5000_tick0_f100_s1.csv
patterns,repo,mixed_n10000_tick0_f100_s1,10000,tick0,mixed,100,4,10,nearest,request,,1,155520,0.361,0.011,,,47.0,yes,120,74344.96,141982,155498,74389.55,142027,155519,9c712c4394d6a862,4,perf_inputs/mixed_n10000_tick0_f100_s1.csv
patterns,repo,mixed_n20000_tick0_f100_s1,20000,tick0,mixed,100,4,10,nearest,request,,1,314561,0.752,0.021,,,75.2,yes,120,153279.13,291602,314541,153323.89,291648,314560,db946992795e6fae,4,perf_inputs/mixed_n20000_tick0_f100_s1.csv
patterns,repo,mixed_n100_tick0_f100_s1,100,tick0,mixed,100,4,10,nearest,direction,,1,351,0.002,0.0,,,20.0,yes,120,116.54,293,306,164.69,350,350,0e0b23354bc0c0ea,4,perf_inputs/mixed_n100_tick0_f100_s1.csv
patterns,repo,mixed_n500_tick0_f100_s1,500,tick0,mixed,100,4,10,nearest,direction,,1,1608,0.014,0.001,,,20.6,yes,120,466.62,1142,1540,512.54,1187,1607,26a7720102b176c0,4,perf_inputs/mixed_n500_tick0_f100_s1.csv
patterns,repo,mixed_n1000_tick0_f100_s1,1000,tick0,mixed,100,4,10,nearest,direction,,1,2870,0.049,0.001,,,20.8,yes,120,1075.76,2273,2772,1121.46,2280,2869,0e93266abd7f1a40,4,perf_inputs/mixed_n1000_tick0_f100_s1.csv
patterns,repo,mixed_n2000_tick0_f100_s1,2000,tick0,mixed,100,4,10,nearest,direction,,1,5951,0.141,0.003,,,21.8,yes,120,1791.86,4330,5872,1836.12,4401,5950,aa79d771807ca575,4,perf_inputs/mixed_n2000_tick0_f100_s1.csv
patterns,repo,mixed_n5000_tick0_f100_s1,5000,tick0,mixed,100,4,10,nearest,direction,,1,11208,0.681,0.005,,,24.0,yes,120,4009.06,8864,11125,4053.34,8884,11207,096a35a473de2ca3,4,perf_inputs/mixed_n5000_tick0_f100_s1.csv
patterns,repo,mixed_n10000_tick0_f100_s1,10000,tick0,mixed,100,4,10,nearest,direction,,1,23008,2.464,0.01,,,27.5,yes,120,7819.47,16045,22914,7864.06,16098,23007,ea3e8e133ec936c3,4,perf_inputs/mixed_n10000_tick0_f100_s1.csv
patterns,repo,mixed_n20000_tick0_f100_s1,20000,tick0,mixed,100,4,10,round-robin,direction,,1,32031,8.679,0.023,,,34.7,yes,120,14228.27,29446,31934,14273.03,29470,32030,90a471a469487f6e,4,perf_inputs/mixed_n20000_tick0_f100_s1.csv
patterns,repo,down_peak_n20000_tick0_f100_s1,20000,tick0,down_peak,100,4,10,round-robin,direction,,1,50085,19.901,0.021,,,37.4,yes,120,33187.06,49709,50083,33236.82,49716,50084,f5102213a7a928ec,4,perf_inputs/down_peak_n20000_tick0_f100_s1.csv
patterns,repo,down_peak_n20000_tick0_f100_s1,20000,tick0,down_peak,100,4,10,nearest,direction,,1,66055,15.695,0.021,,,40.0,yes,120,27020.92,56102,65972,27070.67,56132,66054,a53f93af31f7b1e4,4,perf_inputs/down_peak_n20000_tick0_f100_s1.csv
patterns,repo,mixed_n20000_tick0_f100_s1,20000,tick0,mixed,100,4,10,nearest,direction,,1,37290,8.71,0.021,,,34.5,yes,120,14644.13,29704,37190,14688.9,29734,37289,fc4ddd3de15ef33d,4,perf_inputs/mixed_n20000_tick0_f100_s1.csv
buildings,repo,interfloor_n1000_spread_f20_s1,1000,spread,interfloor,20,4,10,forecast,forecast,80,1,2028,0.29,0.001,,,21.1,yes,120,3.98,11,26,11.02,22,41,0335856bacd1deab,4,perf_inputs/interfloor_n1000_spread_f20_s1.csv
buildings,repo,interfloor_n1000_spread_f20_s1,1000,spread,interfloor,20,10,10,forecast,forecast,80,1,2027,0.436,0.001,,,21.2,yes,120,1.72,6,16,8.77,17,31,41afaa5eeeebd623,4,perf_inputs/interfloor_n1000_spread_f20_s1.csv
buildings,repo,interfloor_n1000_spread_f100_s1,1000,spread,interfloor,100,10,10,forecast,forecast,80,1,2081,0.985,0.001,,,21.3,yes,120,12.7,36,92,45.92,91,174,7c9b892b6d278a2c,4,perf_inputs/interfloor_n1000_spread_f100_s1.csv
buildings,repo,interfloor_n1000_spread_f20_s1,1000,spread,interfloor,20,1,10,forecast,forecast,80,1,2051,1.563,0.001,,,21.2,yes,120,17.51,35,50,24.56,44,58,d0fefde9baa203e8,4,perf_inputs/interfloor_n1000_spread_f20_s1.csv
buildings,repo,interfloor_n1000_spread_f100_s1,1000,spread,interfloor,100,4,10,forecast,forecast,80,1,2110,2.191,0.001,,,21.3,yes,120,32.87,73,127,66.1,127,193,1e7bfb5dbeb19bb0,4,perf_inputs/interfloor_n1000_spread_f100_s1.csv
buildings,repo,interfloor_n1000_spread_f500_s1,1000,spread,interfloor,500,10,10,forecast,forecast,80,1,3137,24.404,0.001,,,22.4,yes,120,299.51,611,805,469.09,876,1142,d2f8716b7e11c284,4,perf_inputs/interfloor_n1000_spread_f500_s1.csv
buildings,repo,interfloor_n1000_spread_f20_s1,1000,spread,interfloor,20,1,10,forecast,request,,1,11714,4.338,0.001,,,22.7,yes,120,4780.17,9244,9695,4787.21,9255,9696,a68b15a3789df933,4,perf_inputs/interfloor_n1000_spread_f20_s1.csv
buildings,repo,interfloor_n1000_spread_f20_s1,1000,spread,interfloor,20,1,10,forecast,direction,,1,2053,0.165,0.001,,,21.1,yes,120,17.92,35,77,24.96,44,84,c6b42a69b336bbfe,4,perf_inputs/interfloor_n1000_spread_f20_s1.csv
buildings,repo,interfloor_n1000_spread_f20_s1,1000,spread,interfloor,20,4,10,forecast,request,,1,2039,0.121,0.001,,,21.1,yes,120,5.69,14,24,12.73,25,42,154b612b35a18b83,4,perf_inputs/interfloor_n1000_spread_f20_s1.csv
buildings,repo,interfloor_n1000_spread_f20_s1,1000,spread,interfloor,20,4,10,forecast,direction,,1,2037,0.135,0.001,,,21.1,yes,120,4.36,12,24,11.4,23,39,66d21cfb946fa05a,4,perf_inputs/interfloor_n1000_spread_f20_s1.csv
buildings,repo,interfloor_n1000_spread_f20_s1,1000,spread,interfloor,20,10,10,forecast,request,,1,2027,0.197,0.001,,,21.4,yes,120,1.87,7,16,8.91,17,31,a5759208bf3e6a3b,4,perf_inputs/interfloor_n1000_spread_f20_s1.csv
buildings,repo,interfloor_n1000_spread_f20_s1,1000,spread,interfloor,20,10,10,forecast,direction,,1,2026,0.251,0.001,,,21.4,yes,120,1.72,6,17,8.76,17,31,ed717543ece07364,4,perf_inputs/interfloor_n1000_spread_f20_s1.csv
buildings,repo,interfloor_n1000_spread_f100_s1,1000,spread,interfloor,100,1,10,forecast,request,,1,57948,5.222,0.001,,,28.0,yes,120,27885.69,53293,55895,27918.92,53311,55974,9af779d674cbcd66,4,perf_inputs/interfloor_n1000_spread_f100_s1.csv
buildings,repo,interfloor_n1000_spread_f100_s1,1000,spread,interfloor,100,1,10,forecast,direction,,1,5045,29.396,0.001,,,21.8,yes,120,1224.7,3448,4471,1257.93,3488,4532,12b5b56d21571b6d,4,perf_inputs/interfloor_n1000_spread_f100_s1.csv
buildings,repo,interfloor_n1000_spread_f100_s1,1000,spread,interfloor,100,4,10,forecast,request,,1,7542,4.253,0.002,,,22.2,yes,120,2804.37,5232,5489,2837.6,5271,5568,a019ed05424a0016,4,perf_inputs/interfloor_n1000_spread_f100_s1.csv
buildings,repo,interfloor_n1000_spread_f100_s1,1000,spread,interfloor,100,4,10,forecast,direction,,1,2157,0.567,0.001,,,21.2,yes,120,44.04,99,186,77.27,153,224,f6bc7325ad224d42,4,perf_inputs/interfloor_n1000_spread_f100_s1.csv
buildings,repo,interfloor_n1000_spread_f100_s1,1000,spread,interfloor,100,10,10,forecast,request,,1,2107,0.456,0.001,,,21.6,yes,120,21.73,52,90,54.95,110,172,bfe9eac78601a7b3,4,perf_inputs/interfloor_n1000_spread_f100_s1.csv
buildings,repo,interfloor_n1000_spread_f100_s1,1000,spread,interfloor,100,10,10,forecast,direction,,1,2085,0.462,0.001,,,21.7,yes,120,14.0,39,92,47.23,93,174,2e6f95302bda70da,4,perf_inputs/interfloor_n1000_spread_f100_s1.csv
buildings,repo,interfloor_n1000_spread_f500_s1,1000,spread,interfloor,500,1,10,forecast,request,,1,300760,5.792,0.002,,,60.0,yes,120,149601.79,282211,298469,149771.37,282272,298751,7e4da6d4f562efc4,4,perf_inputs/interfloor_n1000_spread_f500_s1.csv
buildings,repo,interfloor_n1000_spread_f100_s1,1000,spread,interfloor,100,1,10,forecast,forecast,80,1,,>120,,,,,timed out,120,,,,,,,,4,perf_inputs/interfloor_n1000_spread_f100_s1.csv
buildings,repo,interfloor_n1000_spread_f500_s1,1000,spread,interfloor,500,1,10,forecast,forecast,80,1,,>120,,,,,timed out,120,,,,,,,,4,perf_inputs/interfloor_n1000_spread_f500_s1.csv
buildings,repo,interfloor_n1000_spread_f500_s1,1000,spread,interfloor,500,4,10,forecast,forecast,80,1,,>120,,,,,timed out,120,,,,,,,,4,perf_inputs/interfloor_n1000_spread_f500_s1.csv
buildings,repo,interfloor_n1000_spread_f500_s1,1000,spread,interfloor,500,4,10,forecast,request,,1,41393,5.582,0.002,,,29.6,yes,120,18902.78,36687,39010,19072.36,36830,39394,b308e0373fcdc22f,4,perf_inputs/interfloor_n1000_spread_f500_s1.csv
buildings,repo,interfloor_n1000_spread_f500_s1,1000,spread,interfloor,500,10,10,forecast,request,,1,8933,5.25,0.001,,,25.0,yes,120,3239.78,6102,6573,3409.36,6247,6934,3c65c1f10b300d23,4,perf_inputs/interfloor_n1000_spread_f500_s1.csv
buildings,repo,interfloor_n1000_spread_f20_s1,1000,spread,interfloor,20,1,10,round-robin,forecast,80,1,2051,0.726,0.002,,,20.9,yes,120,17.51,35,50,24.56,44,58,d0fefde9baa203e8,4,perf_inputs/interfloor_n1000_spread_f20_s1.csv
buildings,repo,interfloor_n1000_spread_f20_s1,1000,spread,interfloor,20,1,10,nearest,forecast,80,1,2051,0.732,0.001,,,21.2,yes,120,17.51,35,50,24.56,44,58,d0fefde9baa203e8,4,perf_inputs/interfloor_n1000_spread_f20_s1.csv
buildings,repo,interfloor_n1000_spread_f20_s1,1000,spread,interfloor,20,4,10,round-robin,forecast,80,1,2046,0.061,0.001,,,21.1,yes,120,12.89,32,58,19.93,43,76,6d1b98c64b44e1c5,4,perf_inputs/interfloor_n1000_spread_f20_s1.csv
buildings,repo,interfloor_n1000_spread_f20_s1,1000,spread,interfloor,20,4,10,nearest,forecast,80,1,2029,0.046,0.001,,,21.3,yes,120,5.1,17,41,12.15,27,43,54818589c72c0eaf,4,perf_inputs/interfloor_n1000_spread_f20_s1.csv
buildings,repo,interfloor_n1000_spread_f20_s1,1000,spread,interfloor,20,10,10,round-robin,forecast,80,1,2038,0.031,0.001,,,21.4,yes,120,6.97,16,31,14.02,28,41,0376455420de5ca2,4,perf_inputs/interfloor_n1000_spread_f20_s1.csv
buildings,repo,interfloor_n1000_spread_f500_s1,1000,spread,interfloor,500,10,10,forecast,direction,,1,3053,3.02,0.001,,,22.5,yes,120,276.41,584,1175,445.99,877,1396,a897cef7afb7720f,4,perf_inputs/interfloor_n1000_spread_f500_s1.csv
buildings,repo,interfloor_n1000_spread_f20_s1,1000,spread,interfloor,20,10,10,nearest,forecast,80,1,2027,0.032,0.001,,,21.5,yes,120,2.0,8,23,9.05,18,31,d4895d809480402f,4,perf_inputs/interfloor_n1000_spread_f20_s1.csv
buildings,repo,interfloor_n1000_spread_f500_s1,1000,spread,interfloor,500,4,10,forecast,direction,,1,6976,16.356,0.001,,,22.7,yes,120,1486.63,4390,6426,1656.2,4635,6720,03e6c614f95b12dd,4,perf_inputs/interfloor_n1000_spread_f500_s1.csv
buildings,repo,interfloor_n1000_spread_f100_s1,1000,spread,interfloor,100,4,10,round-robin,forecast,80,1,2179,1.287,0.001,,,21.2,yes,120,94.2,180,321,127.43,228,413,0dda0f04991e1b22,4,perf_inputs/interfloor_n1000_spread_f100_s1.csv
buildings,repo,interfloor_n1000_spread_f100_s1,1000,spread,interfloor,100,4,10,nearest,forecast,80,1,2181,2.018,0.001,,,21.4,yes,120,87.48,240,443,120.7,294,510,8e3e0fd7166682d1,4,perf_inputs/interfloor_n1000_spread_f100_s1.csv
buildings,repo,interfloor_n1000_spread_f100_s1,1000,spread,interfloor,100,10,10,round-robin,forecast,80,1,2185,0.24,0.001,,,21.5,yes,120,87.68,176,263,120.91,221,358,b8e033f3c3bed776,4,perf_inputs/interfloor_n1000_spread_f100_s1.csv
buildings,repo,interfloor_n1000_spread_f100_s1,1000,spread,interfloor,100,10,10,nearest,forecast,80,1,2065,0.127,0.001,,,21.3,yes,120,19.18,78,207,52.41,123,272,7050247536417d45,4,perf_inputs/interfloor_n1000_spread_f100_s1.csv
buildings,repo,interfloor_n1000_spread_f500_s1,1000,spread,interfloor,500,1,10,forecast,direction,,1,,>120,,,,,timed out,120,,,,,,,,4,perf_inputs/interfloor_n1000_spread_f500_s1.csv
buildings,repo,interfloor_n1000_spread_f100_s1,1000,spread,interfloor,100,1,10,round-robin,forecast,80,1,,>120,,,,,timed out,120,,,,,,,,4,perf_inputs/interfloor_n1000_spread_f100_s1.csv
buildings,repo,interfloor_n1000_spread_f100_s1,1000,spread,interfloor,100,1,10,nearest,forecast,80,1,,>120,,,,,timed out,120,,,,,,,,4,perf_inputs/interfloor_n1000_spread_f100_s1.csv
buildings,repo,interfloor_n1000_spread_f500_s1,1000,spread,interfloor,500,1,10,round-robin,forecast,80,1,,>120,,,,,timed out,120,,,,,,,,4,perf_inputs/interfloor_n1000_spread_f500_s1.csv
buildings,repo,interfloor_n1000_spread_f500_s1,1000,spread,interfloor,500,10,10,round-robin,forecast,80,1,4556,6.208,0.001,,,22.7,yes,120,771.93,1730,2516,941.51,1997,2821,793f2454b542e60e,4,perf_inputs/interfloor_n1000_spread_f500_s1.csv
buildings,repo,interfloor_n1000_spread_f500_s1,1000,spread,interfloor,500,10,10,nearest,forecast,80,1,6017,14.006,0.001,,,21.1,yes,120,845.03,2813,3951,1014.61,3039,4392,65f4b76f4626db7b,4,perf_inputs/interfloor_n1000_spread_f500_s1.csv
buildings,repo,interfloor_n1000_spread_f20_s1,1000,spread,interfloor,20,1,10,round-robin,request,,1,11714,0.01,0.002,,,22.1,yes,120,4780.17,9244,9695,4787.21,9255,9696,a68b15a3789df933,4,perf_inputs/interfloor_n1000_spread_f20_s1.csv
buildings,repo,interfloor_n1000_spread_f20_s1,1000,spread,interfloor,20,1,10,round-robin,direction,,1,2053,0.004,0.001,,,21.2,yes,120,17.92,35,77,24.96,44,84,c6b42a69b336bbfe,4,perf_inputs/interfloor_n1000_spread_f20_s1.csv
buildings,repo,interfloor_n1000_spread_f20_s1,1000,spread,interfloor,20,1,10,nearest,request,,1,11714,0.011,0.001,,,22.2,yes,120,4780.17,9244,9695,4787.21,9255,9696,a68b15a3789df933,4,perf_inputs/interfloor_n1000_spread_f20_s1.csv
buildings,repo,interfloor_n1000_spread_f20_s1,1000,spread,interfloor,20,1,10,nearest,direction,,1,2053,0.005,0.001,,,21.0,yes,120,17.92,35,77,24.96,44,84,c6b42a69b336bbfe,4,perf_inputs/interfloor_n1000_spread_f20_s1.csv
buildings,repo,interfloor_n1000_spread_f20_s1,1000,spread,interfloor,20,4,10,round-robin,request,,1,2846,0.007,0.001,,,21.2,yes,120,415.5,774,821,422.55,782,837,e174cd713f32bc40,4,perf_inputs/interfloor_n1000_spread_f20_s1.csv
buildings,repo,interfloor_n1000_spread_f20_s1,1000,spread,interfloor,20,4,10,round-robin,direction,,1,2048,0.008,0.001,,,21.0,yes,120,13.87,29,36,20.92,39,53,9b87089c0282e849,4,perf_inputs/interfloor_n1000_spread_f20_s1.csv
buildings,repo,interfloor_n1000_spread_f20_s1,1000,spread,interfloor,20,4,10,nearest,request,,1,2695,0.008,0.001,,,21.3,yes,120,286.9,608,683,293.94,618,692,c192e702b467f8db,4,perf_inputs/interfloor_n1000_spread_f20_s1.csv
buildings,repo,interfloor_n1000_spread_f20_s1,1000,spread,interfloor,20,4,10,nearest,direction,,1,2037,0.008,0.001,,,21.1,yes,120,5.55,21,37,12.6,29,50,8d1d556c80838dfb,4,perf_inputs/interfloor_n1000_spread_f20_s1.csv
buildings,repo,interfloor_n1000_spread_f20_s1,1000,spread,interfloor,20,10,10,round-robin,request,,1,2038,0.009,0.001,,,21.2,yes,120,7.04,16,30,14.08,28,40,73ac2e7e34c8e643,4,perf_inputs/interfloor_n1000_spread_f20_s1.csv
buildings,repo,interfloor_n1000_spread_f20_s1,1000,spread,interfloor,20,10,10,round-robin,direction,,1,2038,0.012,0.001,,,21.3,yes,120,7.01,16,34,14.06,28,40,06f66e7458ac542a,4,perf_inputs/interfloor_n1000_spread_f20_s1.csv
buildings,repo,interfloor_n1000_spread_f20_s1,1000,spread,interfloor,20,10,10,nearest,request,,1,2027,0.011,0.001,,,21.3,yes,120,2.82,13,41,9.87,22,51,1fceeaf4cdaa4753,4,perf_inputs/interfloor_n1000_spread_f20_s1.csv
buildings,repo,interfloor_n1000_spread_f20_s1,1000,spread,interfloor,20,10,10,nearest,direction,,1,2027,0.012,0.001,,,21.2,yes,120,2.2,8,32,9.25,18,44,a04191e5e5cc15cb,4,perf_inputs/interfloor_n1000_spread_f20_s1.csv
buildings,repo,interfloor_n1000_spread_f100_s1,1000,spread,interfloor,100,1,10,round-robin,request,,1,57948,0.042,0.002,,,27.5,yes,120,27885.69,53293,55895,27918.92,53311,55974,9af779d674cbcd66,4,perf_inputs/interfloor_n1000_spread_f100_s1.csv
buildings,repo,interfloor_n1000_spread_f100_s1,1000,spread,interfloor,100,1,10,round-robin,direction,,1,5045,0.045,0.001,,,21.2,yes,120,1224.7,3448,4471,1257.93,3488,4532,12b5b56d21571b6d,4,perf_inputs/interfloor_n1000_spread_f100_s1.csv
buildings,repo,interfloor_n1000_spread_f100_s1,1000,spread,interfloor,100,1,10,nearest,request,,1,57948,0.043,0.001,,,27.4,yes,120,27885.69,53293,55895,27918.92,53311,55974,9af779d674cbcd66,4,perf_inputs/interfloor_n1000_spread_f100_s1.csv
buildings,repo,interfloor_n1000_spread_f100_s1,1000,spread,interfloor,100,1,10,nearest,direction,,1,5045,0.045,0.001,,,21.2,yes,120,1224.7,3448,4471,1257.93,3488,4532,12b5b56d21571b6d,4,perf_inputs/interfloor_n1000_spread_f100_s1.csv
buildings,repo,interfloor_n1000_spread_f100_s1,1000,spread,interfloor,100,4,10,round-robin,request,,1,15033,0.032,0.001,,,23.0,yes,120,6383.97,12089,13051,6417.2,12118,13066,4103f5b8e9662909,4,perf_inputs/interfloor_n1000_spread_f100_s1.csv
buildings,repo,interfloor_n1000_spread_f100_s1,1000,spread,interfloor,100,4,10,round-robin,direction,,1,2182,0.012,0.001,,,20.7,yes,120,97.77,183,584,131,229,602,eebc0b80feb727cd,4,perf_inputs/interfloor_n1000_spread_f100_s1.csv
buildings,repo,interfloor_n1000_spread_f100_s1,1000,spread,interfloor,100,4,10,nearest,request,,1,13573,0.038,0.001,,,22.8,yes,120,5148.33,10221,11584,5181.56,10256,11602,904fb3999f9c0a32,4,perf_inputs/interfloor_n1000_spread_f100_s1.csv
buildings,repo,interfloor_n1000_spread_f100_s1,1000,spread,interfloor,100,4,10,nearest,direction,,1,2140,0.013,0.001,,,21.0,yes,120,81.18,237,1580,114.41,270,1619,1894142d72bfa442,4,perf_inputs/interfloor_n1000_spread_f100_s1.csv
buildings,repo,interfloor_n1000_spread_f100_s1,1000,spread,interfloor,100,10,10,round-robin,request,,1,6269,0.03,0.001,,,22.8,yes,120,1977.33,3800,4264,2010.56,3838,4307,70aec724d6769653,4,perf_inputs/interfloor_n1000_spread_f100_s1.csv
buildings,repo,interfloor_n1000_spread_f100_s1,1000,spread,interfloor,100,10,10,round-robin,direction,,1,2185,0.023,0.001,,,21.3,yes,120,88.27,171,195,121.49,213,264,42721ab68dce9955,4,perf_inputs/interfloor_n1000_spread_f100_s1.csv
buildings,repo,interfloor_n1000_spread_f100_s1,1000,spread,interfloor,100,10,10,nearest,request,,1,6300,0.032,0.001,,,22.7,yes,120,1244.53,2919,4311,1277.76,2963,4329,e6e96d11dc4f8e18,4,perf_inputs/interfloor_n1000_spread_f100_s1.csv
buildings,repo,interfloor_n1000_spread_f100_s1,1000,spread,interfloor,100,10,10,nearest,direction,,1,2170,0.021,0.001,,,21.2,yes,120,22.53,114,234,55.76,146,304,8e452bc3d52e89b8,4,perf_inputs/interfloor_n1000_spread_f100_s1.csv
buildings,repo,interfloor_n1000_spread_f500_s1,1000,spread,interfloor,500,1,10,round-robin,request,,1,300760,0.226,0.002,,,61.3,yes,120,149601.79,282211,298469,149771.37,282272,298751,7e4da6d4f562efc4,4,perf_inputs/interfloor_n1000_spread_f500_s1.csv
buildings,repo,interfloor_n1000_spread_f500_s1,1000,spread,interfloor,500,1,10,round-robin,direction,,1,24744,0.349,0.001,,,23.8,yes,120,9756.44,21632,23951,9926.01,21761,24200,3f663d83a6337fc7,4,perf_inputs/interfloor_n1000_spread_f500_s1.csv
buildings,repo,interfloor_n1000_spread_f500_s1,1000,spread,interfloor,500,1,10,nearest,request,,1,300760,0.222,0.001,,,61.0,yes,120,149601.79,282211,298469,149771.37,282272,298751,7e4da6d4f562efc4,4,perf_inputs/interfloor_n1000_spread_f500_s1.csv
buildings,repo,interfloor_n1000_spread_f500_s1,1000,spread,interfloor,500,1,10,nearest,direction,,1,24744,0.353,0.001,,,24.3,yes,120,9756.44,21632,23951,9926.01,21761,24200,3f663d83a6337fc7,4,perf_inputs/interfloor_n1000_spread_f500_s1.csv
buildings,repo,interfloor_n1000_spread_f500_s1,1000,spread,interfloor,500,4,10,round-robin,request,,1,77936,0.164,0.001,,,36.4,yes,120,35902.12,68895,75756,36071.69,69130,75935,8be6959d38b8cd56,4,perf_inputs/interfloor_n1000_spread_f500_s1.csv
buildings,repo,interfloor_n1000_spread_f500_s1,1000,spread,interfloor,500,4,10,round-robin,direction,,1,7275,0.103,0.001,,,22.6,yes,120,2030.66,5213,6798,2200.24,5315,6963,33acc6b563843374,4,perf_inputs/interfloor_n1000_spread_f500_s1.csv
buildings,repo,interfloor_n1000_spread_f500_s1,1000,spread,interfloor,500,4,10,nearest,request,,1,81920,0.166,0.001,,,36.0,yes,120,32290.94,62904,79629,32460.52,63153,79911,333416352c4f4ab2,4,perf_inputs/interfloor_n1000_spread_f500_s1.csv
buildings,repo,interfloor_n1000_spread_f500_s1,1000,spread,interfloor,500,4,10,nearest,direction,,1,14385,0.162,0.001,,,23.5,yes,120,3327.7,10009,13896,3497.28,10283,13915,0d948ccbe1123db7,4,perf_inputs/interfloor_n1000_spread_f500_s1.csv
buildings,repo,interfloor_n1000_spread_f500_s1,1000,spread,interfloor,500,10,10,round-robin,request,,1,33157,0.164,0.002,,,35.1,yes,120,13831.31,27014,30925,14000.88,27178,31161,223da4812bdfa1b7,4,perf_inputs/interfloor_n1000_spread_f500_s1.csv
buildings,repo,interfloor_n1000_spread_f500_s1,1000,spread,interfloor,500,10,10,round-robin,direction,,1,4216,0.062,0.001,,,22.7,yes,120,704.97,1903,3118,874.55,2013,3311,876e6d2781da6056,4,perf_inputs/interfloor_n1000_spread_f500_s1.csv
buildings,repo,interfloor_n1000_spread_f500_s1,1000,spread,interfloor,500,10,10,nearest,request,,1,40868,0.173,0.001,,,36.1,yes,120,11095.1,30326,38856,11264.68,30404,38994,f0e6fedb89ccfe77,4,perf_inputs/interfloor_n1000_spread_f500_s1.csv
buildings,repo,interfloor_n1000_spread_f500_s1,1000,spread,interfloor,500,10,10,nearest,direction,,1,8193,0.095,0.001,,,23.9,yes,120,1185.0,4210,7456,1354.58,4383,7563,f1e468ead0d03c4e,4,perf_inputs/interfloor_n1000_spread_f500_s1.csv
buildings,repo,interfloor_n1000_spread_f500_s1,1000,spread,interfloor,500,4,10,round-robin,forecast,80,1,7700,64.539,0.001,,,21.1,yes,120,1864.93,4356,5520,2034.51,4650,5707,37e6d01fceb536e2,4,perf_inputs/interfloor_n1000_spread_f500_s1.csv
buildings,repo,interfloor_n1000_spread_f500_s1,1000,spread,interfloor,500,1,10,nearest,forecast,80,1,,>120,,,,,timed out,120,,,,,,,,4,perf_inputs/interfloor_n1000_spread_f500_s1.csv
buildings,repo,interfloor_n1000_spread_f500_s1,1000,spread,interfloor,500,4,10,nearest,forecast,80,1,10401,88.518,0.001,,,21.0,yes,120,2126.22,5823,8081,2295.8,6155,8402,5e7e7f15124d3640,4,perf_inputs/interfloor_n1000_spread_f500_s1.csv
buildings_tick0,repo,interfloor_n200_tick0_f20_s1,200,tick0,interfloor,20,10,10,forecast,forecast,80,1,49,2.354,0.0,,,20.2,yes,120,11.56,22,32,18.98,34,48,43b3c5e16a564d01,4,perf_inputs/interfloor_n200_tick0_f20_s1.csv
buildings_tick0,repo,interfloor_n200_tick0_f20_s1,200,tick0,interfloor,20,4,10,forecast,forecast,80,1,77,4.968,0.0,,,20.3,yes,120,21.77,57,62,29.18,66,76,1c4d0449f296f204,4,perf_inputs/interfloor_n200_tick0_f20_s1.csv
buildings_tick0,repo,interfloor_n200_tick0_f100_s1,200,tick0,interfloor,100,10,10,forecast,forecast,80,1,198,2.452,0.0,,,20.4,yes,120,59.65,104,160,91.71,169,197,8bf15b4ebbbe02db,4,perf_inputs/interfloor_n200_tick0_f100_s1.csv
buildings_tick0,repo,interfloor_n200_tick0_f100_s1,200,tick0,interfloor,100,4,10,forecast,forecast,80,1,382,5.825,0.0,,,20.3,yes,120,105.91,286,317,137.97,324,381,e895774d4cb81675,4,perf_inputs/interfloor_n200_tick0_f100_s1.csv
buildings_tick0,repo,interfloor_n200_tick0_f500_s1,200,tick0,interfloor,500,4,10,forecast,forecast,80,1,1865,6.745,0.0,,,20.7,yes,120,523.15,1261,1496,686.25,1552,1864,a733592e0e5aef35,4,perf_inputs/interfloor_n200_tick0_f500_s1.csv
buildings_tick0,repo,interfloor_n200_tick0_f500_s1,200,tick0,interfloor,500,10,10,forecast,forecast,80,1,883,2.652,0.0,,,20.8,yes,120,282.7,523,584,445.8,807,882,0f1161058e9cea82,4,perf_inputs/interfloor_n200_tick0_f500_s1.csv
buildings_tick0,repo,interfloor_n200_tick0_f20_s1,200,tick0,interfloor,20,1,10,forecast,request,,1,2456,0.208,0.0,,,20.8,yes,120,1259.14,2328,2449,1266.56,2337,2455,31d112995c1d1e12,4,perf_inputs/interfloor_n200_tick0_f20_s1.csv
buildings_tick0,repo,interfloor_n200_tick0_f20_s1,200,tick0,interfloor,20,1,10,forecast,direction,,1,238,0.391,0.0,,,20.7,yes,120,88.98,210,233,96.39,216,237,443a85c6a0d004aa,4,perf_inputs/interfloor_n200_tick0_f20_s1.csv
buildings_tick0,repo,interfloor_n200_tick0_f20_s1,200,tick0,interfloor,20,4,10,forecast,request,,1,301,0.218,0.001,,,20.3,yes,120,151.38,274,290,158.78,283,300,98ba2473f2cf3fac,4,perf_inputs/interfloor_n200_tick0_f20_s1.csv
buildings_tick0,repo,interfloor_n200_tick0_f20_s1,200,tick0,interfloor,20,4,10,forecast,direction,,1,103,0.272,0.0,,,20.3,yes,120,24.18,59,90,31.59,74,102,f0fcf4fbb1f34308,4,perf_inputs/interfloor_n200_tick0_f20_s1.csv
buildings_tick0,repo,interfloor_n200_tick0_f20_s1,200,tick0,interfloor,20,10,10,forecast,request,,1,73,0.233,0.0,,,20.3,yes,120,31.8,53,58,39.22,62,72,813c5d7e872c660d,4,perf_inputs/interfloor_n200_tick0_f20_s1.csv
buildings_tick0,repo,interfloor_n200_tick0_f20_s1,200,tick0,interfloor,20,10,10,forecast,direction,,1,67,0.265,0.0,,,20.2,yes,120,12.43,24,50,19.84,36,66,ae8c935aca88afcf,4,perf_inputs/interfloor_n200_tick0_f20_s1.csv
buildings_tick0,repo,interfloor_n200_tick0_f100_s1,200,tick0,interfloor,100,1,10,forecast,request,,1,11748,0.22,0.0,,,21.9,yes,120,6070.62,11215,11744,6102.68,11220,11747,61ad9984c0a6c2c0,4,perf_inputs/interfloor_n200_tick0_f100_s1.csv
buildings_tick0,repo,interfloor_n200_tick0_f100_s1,200,tick0,interfloor,100,1,10,forecast,direction,,1,1119,0.853,0.0,,,20.7,yes,120,399.59,994,1091,431.65,1015,1118,e94029bf0ab05457,4,perf_inputs/interfloor_n200_tick0_f100_s1.csv
buildings_tick0,repo,interfloor_n200_tick0_f100_s1,200,tick0,interfloor,100,4,10,forecast,request,,1,1702,0.235,0.0,,,20.4,yes,120,806.66,1525,1676,838.72,1583,1701,a2a1c015557e3457,4,perf_inputs/interfloor_n200_tick0_f100_s1.csv
buildings_tick0,repo,interfloor_n200_tick0_f100_s1,200,tick0,interfloor,100,4,10,forecast,direction,,1,549,0.386,0.0,,,20.5,yes,120,123.71,317,484,155.77,390,548,393693082bf39c40,4,perf_inputs/interfloor_n200_tick0_f100_s1.csv
buildings_tick0,repo,interfloor_n200_tick0_f100_s1,200,tick0,interfloor,100,10,10,forecast,request,,1,418,0.259,0.0,,,20.4,yes,120,179.66,321,339,211.72,352,417,66345dfb2dda6f16,4,perf_inputs/interfloor_n200_tick0_f100_s1.csv
buildings_tick0,repo,interfloor_n200_tick0_f100_s1,200,tick0,interfloor,100,10,10,forecast,direction,,1,198,0.328,0.0,,,20.3,yes,120,59.63,104,133,91.69,169,197,d7cd978371b5d975,4,perf_inputs/interfloor_n200_tick0_f100_s1.csv
buildings_tick0,repo,interfloor_n200_tick0_f500_s1,200,tick0,interfloor,500,1,10,forecast,request,,1,59318,0.263,0.0,,,28.4,yes,120,29122.59,55855,59177,29285.69,55953,59317,7f93549d5fd16c98,4,perf_inputs/interfloor_n200_tick0_f500_s1.csv
buildings_tick0,repo,interfloor_n200_tick0_f500_s1,200,tick0,interfloor,500,1,10,forecast,direction,,1,5330,1.462,0.0,,,21.6,yes,120,2069.37,4524,5165,2232.47,4683,5329,8a91dfe99f7cbb02,4,perf_inputs/interfloor_n200_tick0_f500_s1.csv
buildings_tick0,repo,interfloor_n200_tick0_f500_s1,200,tick0,interfloor,500,4,10,forecast,request,,1,8380,0.258,0.0,,,22.3,yes,120,4105.58,7535,8205,4268.68,7723,8379,48912b49032aa378,4,perf_inputs/interfloor_n200_tick0_f500_s1.csv
buildings_tick0,repo,interfloor_n200_tick0_f500_s1,200,tick0,interfloor,500,4,10,forecast,direction,,1,1877,0.474,0.0,,,20.8,yes,120,512.56,1420,1634,675.66,1575,1876,c17970be09c0d73c,4,perf_inputs/interfloor_n200_tick0_f500_s1.csv
buildings_tick0,repo,interfloor_n200_tick0_f500_s1,200,tick0,interfloor,500,10,10,forecast,request,,1,2651,0.274,0.0,,,21.6,yes,120,1244.51,2137,2313,1407.61,2298,2650,7a0c22ef58df5083,4,perf_inputs/interfloor_n200_tick0_f500_s1.csv
buildings_tick0,repo,interfloor_n200_tick0_f500_s1,200,tick0,interfloor,500,10,10,forecast,direction,,1,883,0.38,0.0,,,20.7,yes,120,282.79,507,553,445.89,787,882,7be069cb9fe1edea,4,perf_inputs/interfloor_n200_tick0_f500_s1.csv
buildings_tick0,repo,interfloor_n200_tick0_f20_s1,200,tick0,interfloor,20,1,10,forecast,forecast,80,1,249,27.953,0.0,,,20.7,yes,120,81.41,213,244,88.81,221,248,dc4e27eb2dbf6de8,4,perf_inputs/interfloor_n200_tick0_f20_s1.csv
buildings_tick0,repo,interfloor_n200_tick0_f100_s1,200,tick0,interfloor,100,1,10,forecast,forecast,80,1,1364,33.865,0.0,,,20.8,yes,120,412.53,1096,1290,444.59,1146,1363,83c6e2f4945785b0,4,perf_inputs/interfloor_n200_tick0_f100_s1.csv
buildings_tick0,repo,interfloor_n200_tick0_f20_s1,200,tick0,interfloor,20,4,10,round-robin,forecast,80,1,96,0.966,0.0,,,20.4,yes,120,29.41,71,84,36.81,80,95,a42f43ab2581f0a8,4,perf_inputs/interfloor_n200_tick0_f20_s1.csv
buildings_tick0,repo,interfloor_n200_tick0_f20_s1,200,tick0,interfloor,20,4,10,nearest,forecast,80,1,101,0.965,0.001,,,20.3,yes,120,27.71,67,83,35.12,76,100,18865cdb32d92eed,4,perf_inputs/interfloor_n200_tick0_f20_s1.csv
buildings_tick0,repo,interfloor_n200_tick0_f20_s1,200,tick0,interfloor,20,10,10,round-robin,forecast,80,1,82,0.179,0.001,,,20.4,yes,120,21.79,44,64,29.2,54,81,010c0693fa9f15e1,4,perf_inputs/interfloor_n200_tick0_f20_s1.csv
buildings_tick0,repo,interfloor_n200_tick0_f20_s1,200,tick0,interfloor,20,10,10,nearest,forecast,80,1,80,0.185,0.0,,,20.1,yes,120,17.77,42,60,25.18,49,79,4ed95cc86bffe7ef,4,perf_inputs/interfloor_n200_tick0_f20_s1.csv
buildings_tick0,repo,interfloor_n200_tick0_f20_s1,200,tick0,interfloor,20,1,10,round-robin,forecast,80,1,249,14.246,0.0,,,20.7,yes,120,81.41,213,244,88.81,221,248,dc4e27eb2dbf6de8,4,perf_inputs/interfloor_n200_tick0_f20_s1.csv
buildings_tick0,repo,interfloor_n200_tick0_f20_s1,200,tick0,interfloor,20,1,10,nearest,forecast,80,1,249,14.255,0.0,,,20.6,yes,120,81.41,213,244,88.81,221,248,dc4e27eb2dbf6de8,4,perf_inputs/interfloor_n200_tick0_f20_s1.csv
buildings_tick0,repo,interfloor_n200_tick0_f100_s1,200,tick0,interfloor,100,4,10,round-robin,forecast,80,1,542,1.127,0.0,,,20.4,yes,120,146.76,344,446,178.82,382,541,717b1371e2bca6d3,4,perf_inputs/interfloor_n200_tick0_f100_s1.csv
buildings_tick0,repo,interfloor_n200_tick0_f500_s1,200,tick0,interfloor,500,1,10,forecast,forecast,80,1,5426,37.009,0.0,,,21.4,yes,120,1860.69,4578,5241,2023.79,4914,5425,04d659d25a0cbecf,4,perf_inputs/interfloor_n200_tick0_f500_s1.csv
buildings_tick0,repo,interfloor_n200_tick0_f100_s1,200,tick0,interfloor,100,4,10,nearest,forecast,80,1,575,1.085,0.0,,,20.6,yes,120,147.79,356,494,179.85,403,574,dffb082bdc3192f5,4,perf_inputs/interfloor_n200_tick0_f100_s1.csv
buildings_tick0,repo,interfloor_n200_tick0_f100_s1,200,tick0,interfloor,100,10,10,round-robin,forecast,80,1,373,0.194,0.0,,,20.4,yes,120,117.12,238,335,149.18,276,372,6ecd949212565a7d,4,perf_inputs/interfloor_n200_tick0_f100_s1.csv
buildings_tick0,repo,interfloor_n200_tick0_f100_s1,200,tick0,interfloor,100,10,10,nearest,forecast,80,1,408,0.196,0.0,,,20.2,yes,120,93.07,206,334,125.13,229,407,99c0bac87c281618,4,perf_inputs/interfloor_n200_tick0_f100_s1.csv
buildings_tick0,repo,interfloor_n200_tick0_f100_s1,200,tick0,interfloor,100,1,10,round-robin,forecast,80,1,1364,17.253,0.0,,,20.7,yes,120,412.53,1096,1290,444.59,1146,1363,83c6e2f4945785b0,4,perf_inputs/interfloor_n200_tick0_f100_s1.csv
buildings_tick0,repo,interfloor_n200_tick0_f500_s1,200,tick0,interfloor,500,4,10,round-robin,forecast,80,1,2606,1.185,0.0,,,20.9,yes,120,737.32,1613,2401,900.42,1870,2605,7d7187fa4e8a71c2,4,perf_inputs/interfloor_n200_tick0_f500_s1.csv
buildings_tick0,repo,interfloor_n200_tick0_f500_s1,200,tick0,interfloor,500,4,10,nearest,forecast,80,1,3349,1.192,0.0,,,21.1,yes,120,903.29,2278,3043,1066.39,2533,3348,cfff5eda883f308f,4,perf_inputs/interfloor_n200_tick0_f500_s1.csv
buildings_tick0,repo,interfloor_n200_tick0_f500_s1,200,tick0,interfloor,500,10,10,round-robin,forecast,80,1,2145,0.212,0.0,,,21.2,yes,120,545.61,1434,1990,708.71,1634,2144,5d4257632583bfc7,4,perf_inputs/interfloor_n200_tick0_f500_s1.csv
buildings_tick0,repo,interfloor_n200_tick0_f500_s1,200,tick0,interfloor,500,10,10,nearest,forecast,80,1,2262,0.215,0.0,,,21.2,yes,120,494.96,1331,2057,658.06,1633,2261,0f9fa8c7a6030663,4,perf_inputs/interfloor_n200_tick0_f500_s1.csv
buildings_tick0,repo,interfloor_n200_tick0_f20_s1,200,tick0,interfloor,20,1,10,round-robin,request,,1,2456,0.002,0.0,,,20.3,yes,120,1259.14,2328,2449,1266.56,2337,2455,31d112995c1d1e12,4,perf_inputs/interfloor_n200_tick0_f20_s1.csv
buildings_tick0,repo,interfloor_n200_tick0_f20_s1,200,tick0,interfloor,20,1,10,round-robin,direction,,1,238,0.001,0.001,,,20.1,yes,120,88.98,210,233,96.39,216,237,443a85c6a0d004aa,4,perf_inputs/interfloor_n200_tick0_f20_s1.csv
buildings_tick0,repo,interfloor_n200_tick0_f20_s1,200,tick0,interfloor,20,1,10,nearest,request,,1,2456,0.002,0.001,,,20.5,yes,120,1259.14,2328,2449,1266.56,2337,2455,31d112995c1d1e12,4,perf_inputs/interfloor_n200_tick0_f20_s1.csv
buildings_tick0,repo,interfloor_n200_tick0_f20_s1,200,tick0,interfloor,20,1,10,nearest,direction,,1,238,0.001,0.0,,,20.1,yes,120,88.98,210,233,96.39,216,237,443a85c6a0d004aa,4,perf_inputs/interfloor_n200_tick0_f20_s1.csv
buildings_tick0,repo,interfloor_n200_tick0_f20_s1,200,tick0,interfloor,20,4,10,round-robin,request,,1,642,0.002,0.0,,,20.3,yes,120,298.82,568,635,306.24,583,641,5a501f50cc88694b,4,perf_inputs/interfloor_n200_tick0_f20_s1.csv
buildings_tick0,repo,interfloor_n200_tick0_f20_s1,200,tick0,interfloor,20,4,10,round-robin,direction,,1,77,0.001,0.001,,,20.2,yes,120,25.34,61,68,32.76,68,76,c2ae0c796548c03f,4,perf_inputs/interfloor_n200_tick0_f20_s1.csv
buildings_tick0,repo,interfloor_n200_tick0_f20_s1,200,tick0,interfloor,20,4,10,nearest,request,,1,647,0.002,0.0,,,20.3,yes,120,295.25,562,631,302.65,565,646,c73e94f4c45ea3cf,4,perf_inputs/interfloor_n200_tick0_f20_s1.csv
buildings_tick0,repo,interfloor_n200_tick0_f20_s1,200,tick0,interfloor,20,4,10,nearest,direction,,1,73,0.001,0.001,,,20.2,yes,120,26.14,62,67,33.55,69,72,ee6f63bbe53decbd,4,perf_inputs/interfloor_n200_tick0_f20_s1.csv
buildings_tick0,repo,interfloor_n200_tick0_f100_s1,200,tick0,interfloor,100,1,10,nearest,forecast,80,1,1364,17.245,0.0,,,20.8,yes,120,412.53,1096,1290,444.59,1146,1363,83c6e2f4945785b0,4,perf_inputs/interfloor_n200_tick0_f100_s1.csv
buildings_tick0,repo,interfloor_n200_tick0_f20_s1,200,tick0,interfloor,20,10,10,round-robin,request,,1,291,0.002,0.0,,,20.2,yes,120,125.33,240,275,132.75,247,290,7de7ac8f4609985f,4,perf_inputs/interfloor_n200_tick0_f20_s1.csv
buildings_tick0,repo,interfloor_n200_tick0_f20_s1,200,tick0,interfloor,20,10,10,round-robin,direction,,1,54,0.001,0.0,,,20.2,yes,120,15.51,31,51,22.91,37,53,38f71e6701b1e961,4,perf_inputs/interfloor_n200_tick0_f20_s1.csv
buildings_tick0,repo,interfloor_n200_tick0_f20_s1,200,tick0,interfloor,20,10,10,nearest,request,,1,293,0.002,0.0,,,20.2,yes,120,119.05,242,277,126.45,249,292,a98b39f347fb5aa2,4,perf_inputs/interfloor_n200_tick0_f20_s1.csv
buildings_tick0,repo,interfloor_n200_tick0_f20_s1,200,tick0,interfloor,20,10,10,nearest,direction,,1,61,0.001,0.0,,,20.0,yes,120,15.72,31,51,23.14,37,60,62e544f50faf75c5,4,perf_inputs/interfloor_n200_tick0_f20_s1.csv
buildings_tick0,repo,interfloor_n200_tick0_f100_s1,200,tick0,interfloor,100,1,10,round-robin,request,,1,11748,0.009,0.001,,,21.8,yes,120,6070.62,11215,11744,6102.68,11220,11747,61ad9984c0a6c2c0,4,perf_inputs/interfloor_n200_tick0_f100_s1.csv
buildings_tick0,repo,interfloor_n200_tick0_f100_s1,200,tick0,interfloor,100,1,10,round-robin,direction,,1,1119,0.004,0.0,,,20.6,yes,120,399.59,994,1091,431.65,1015,1118,e94029bf0ab05457,4,perf_inputs/interfloor_n200_tick0_f100_s1.csv
buildings_tick0,repo,interfloor_n200_tick0_f100_s1,200,tick0,interfloor,100,1,10,nearest,direction,,1,1119,0.004,0.0,,,20.5,yes,120,399.59,994,1091,431.65,1015,1118,e94029bf0ab05457,4,perf_inputs/interfloor_n200_tick0_f100_s1.csv
buildings_tick0,repo,interfloor_n200_tick0_f100_s1,200,tick0,interfloor,100,1,10,nearest,request,,1,11748,0.009,0.001,,,21.8,yes,120,6070.62,11215,11744,6102.68,11220,11747,61ad9984c0a6c2c0,4,perf_inputs/interfloor_n200_tick0_f100_s1.csv
buildings_tick0,repo,interfloor_n200_tick0_f100_s1,200,tick0,interfloor,100,4,10,round-robin,direction,,1,371,0.002,0.0,,,20.2,yes,120,127.06,301,337,159.12,330,370,62acf48713358757,4,perf_inputs/interfloor_n200_tick0_f100_s1.csv
buildings_tick0,repo,interfloor_n200_tick0_f100_s1,200,tick0,interfloor,100,4,10,round-robin,request,,1,3206,0.007,0.0,,,21.0,yes,120,1470.46,2766,3150,1502.52,2798,3205,353a01f00f560377,4,perf_inputs/interfloor_n200_tick0_f100_s1.csv
buildings_tick0,repo,interfloor_n200_tick0_f100_s1,200,tick0,interfloor,100,4,10,nearest,direction,,1,410,0.003,0.0,,,20.3,yes,120,139.81,314,374,171.87,362,409,24e7d8bb16c158f1,4,perf_inputs/interfloor_n200_tick0_f100_s1.csv
buildings_tick0,repo,interfloor_n200_tick0_f100_s1,200,tick0,interfloor,100,4,10,nearest,request,,1,3346,0.007,0.0,,,20.7,yes,120,1462.05,2913,3290,1494.11,2932,3345,bae4b52796a11518,4,perf_inputs/interfloor_n200_tick0_f100_s1.csv
buildings_tick0,repo,interfloor_n200_tick0_f100_s1,200,tick0,interfloor,100,10,10,round-robin,request,,1,1326,0.006,0.0,,,20.5,yes,120,582.71,1112,1300,614.77,1169,1325,2cbced6ec306d5d8,4,perf_inputs/interfloor_n200_tick0_f100_s1.csv
buildings_tick0,repo,interfloor_n200_tick0_f100_s1,200,tick0,interfloor,100,10,10,round-robin,direction,,1,284,0.003,0.0,,,20.2,yes,120,89.47,165,253,121.53,194,283,b6a54169390f7229,4,perf_inputs/interfloor_n200_tick0_f100_s1.csv
buildings_tick0,repo,interfloor_n200_tick0_f100_s1,200,tick0,interfloor,100,10,10,nearest,direction,,1,319,0.003,0.0,,,20.2,yes,120,92.61,171,273,124.67,196,318,f4854c840118588c,4,perf_inputs/interfloor_n200_tick0_f100_s1.csv
buildings_tick0,repo,interfloor_n200_tick0_f100_s1,200,tick0,interfloor,100,10,10,nearest,request,,1,1490,0.007,0.0,,,20.9,yes,120,605.66,1195,1420,637.72,1230,1489,be21b12e27469fd7,4,perf_inputs/interfloor_n200_tick0_f100_s1.csv
buildings_tick0,repo,interfloor_n200_tick0_f500_s1,200,tick0,interfloor,500,1,10,round-robin,direction,,1,5330,0.02,0.0,,,20.8,yes,120,2069.37,4524,5165,2232.47,4683,5329,8a91dfe99f7cbb02,4,perf_inputs/interfloor_n200_tick0_f500_s1.csv
buildings_tick0,repo,interfloor_n200_tick0_f500_s1,200,tick0,interfloor,500,1,10,round-robin,request,,1,59318,0.043,0.0,,,27.8,yes,120,29122.59,55855,59177,29285.69,55953,59317,7f93549d5fd16c98,4,perf_inputs/interfloor_n200_tick0_f500_s1.csv
buildings_tick0,repo,interfloor_n200_tick0_f500_s1,200,tick0,interfloor,500,1,10,nearest,direction,,1,5330,0.021,0.001,,,21.2,yes,120,2069.37,4524,5165,2232.47,4683,5329,8a91dfe99f7cbb02,4,perf_inputs/interfloor_n200_tick0_f500_s1.csv
buildings_tick0,repo,interfloor_n200_tick0_f500_s1,200,tick0,interfloor,500,1,10,nearest,request,,1,59318,0.044,0.001,,,27.5,yes,120,29122.59,55855,59177,29285.69,55953,59317,7f93549d5fd16c98,4,perf_inputs/interfloor_n200_tick0_f500_s1.csv
buildings_tick0,repo,interfloor_n200_tick0_f500_s1,200,tick0,interfloor,500,4,10,round-robin,direction,,1,2220,0.011,0.0,,,20.5,yes,120,583.02,1475,2015,746.12,1672,2219,4d62f7ad8a17cd2e,4,perf_inputs/interfloor_n200_tick0_f500_s1.csv
buildings_tick0,repo,interfloor_n200_tick0_f500_s1,200,tick0,interfloor,500,4,10,round-robin,request,,1,16450,0.034,0.0,,,23.6,yes,120,7100.27,14338,16381,7263.37,14425,16449,49030bb3082eefa8,4,perf_inputs/interfloor_n200_tick0_f500_s1.csv
buildings_tick0,repo,interfloor_n200_tick0_f500_s1,200,tick0,interfloor,500,4,10,nearest,request,,1,16586,0.034,0.0,,,23.5,yes,120,7256.86,14686,16517,7419.96,14788,16585,063d98ce9174f639,4,perf_inputs/interfloor_n200_tick0_f500_s1.csv
buildings_tick0,repo,interfloor_n200_tick0_f500_s1,200,tick0,interfloor,500,4,10,nearest,direction,,1,2184,0.014,0.0,,,20.8,yes,120,808.62,1868,1992,971.72,1969,2183,25c1e5d3155b5fbc,4,perf_inputs/interfloor_n200_tick0_f500_s1.csv
buildings_tick0,repo,interfloor_n200_tick0_f500_s1,200,tick0,interfloor,500,10,10,round-robin,direction,,1,988,0.011,0.0,,,20.6,yes,120,393.55,796,972,556.65,948,987,8f664ef6ce79749d,4,perf_inputs/interfloor_n200_tick0_f500_s1.csv
buildings_tick0,repo,interfloor_n200_tick0_f500_s1,200,tick0,interfloor,500,10,10,round-robin,request,,1,7302,0.033,0.0,,,23.1,yes,120,3081.58,5971,7097,3244.68,6106,7301,cff00f85aeb63b2a,4,perf_inputs/interfloor_n200_tick0_f500_s1.csv
buildings_tick0,repo,interfloor_n200_tick0_f500_s1,200,tick0,interfloor,500,10,10,nearest,request,,1,7767,0.034,0.0,,,23.3,yes,120,3066.27,6325,7733,3229.37,6367,7766,0c9cce9d76c5f5d6,4,perf_inputs/interfloor_n200_tick0_f500_s1.csv
buildings_tick0,repo,interfloor_n200_tick0_f500_s1,200,tick0,interfloor,500,10,10,nearest,direction,,1,1404,0.013,0.001,,,20.8,yes,120,405.05,920,1212,568.15,974,1403,275f7ffbcaf50de1,4,perf_inputs/interfloor_n200_tick0_f500_s1.csv
buildings_tick0,repo,interfloor_n200_tick0_f500_s1,200,tick0,interfloor,500,1,10,round-robin,forecast,80,1,5426,18.305,0.0,,,21.5,yes,120,1860.69,4578,5241,2023.79,4914,5425,04d659d25a0cbecf,4,perf_inputs/interfloor_n200_tick0_f500_s1.csv
buildings_tick0,repo,interfloor_n200_tick0_f500_s1,200,tick0,interfloor,500,1,10,nearest,forecast,80,1,5426,18.407,0.0,,,21.4,yes,120,1860.69,4578,5241,2023.79,4914,5425,04d659d25a0cbecf,4,perf_inputs/interfloor_n200_tick0_f500_s1.csv
growth_spread_seq,repo,interfloor_n100_spread_f100_s1,100,spread,interfloor,100,4,10,forecast,forecast,80,1,303,0.203,0.001,,,20.1,yes,300,39.32,94,170,68.55,143,190,b1e6bdff01d0dd45,1,perf_inputs/interfloor_n100_spread_f100_s1.csv
growth_spread_seq,repo,interfloor_n500_spread_f100_s1,500,spread,interfloor,100,4,10,forecast,forecast,80,1,1156,0.965,0.001,,,20.7,yes,300,31.33,76,137,65.83,128,193,dca2657b5044329c,1,perf_inputs/interfloor_n500_spread_f100_s1.csv
growth_spread_seq,repo,interfloor_n1000_spread_f100_s1,1000,spread,interfloor,100,4,10,forecast,forecast,80,1,2110,2.111,0.001,,,20.9,yes,300,32.87,73,127,66.1,127,193,1e7bfb5dbeb19bb0,1,perf_inputs/interfloor_n1000_spread_f100_s1.csv
growth_spread_seq,repo,interfloor_n2000_spread_f100_s1,2000,spread,interfloor,100,4,10,forecast,forecast,80,1,4111,5.094,0.003,,,22.2,yes,300,37.65,86,158,72.1,140,209,b4732f5a5fac41ff,1,perf_inputs/interfloor_n2000_spread_f100_s1.csv
growth_spread_seq,repo,interfloor_n5000_spread_f100_s1,5000,spread,interfloor,100,4,10,forecast,forecast,80,1,10239,13.074,0.006,,,25.1,yes,300,39.34,99,197,72.61,148,276,1f10833cbabb9232,1,perf_inputs/interfloor_n5000_spread_f100_s1.csv
growth_spread_seq,repo,interfloor_n10000_spread_f100_s1,10000,spread,interfloor,100,4,10,forecast,forecast,80,1,19985,27.321,0.011,,,28.2,yes,300,39.57,97,193,73.17,147,270,becb73d9798663df,1,perf_inputs/interfloor_n10000_spread_f100_s1.csv
growth_spread_seq,repo,interfloor_n20000_spread_f100_s1,20000,spread,interfloor,100,4,10,forecast,forecast,80,1,40220,50.896,0.021,,,38.3,yes,300,38.08,92,212,72.01,143,302,1f6725d5da3ffe5e,1,perf_inputs/interfloor_n20000_spread_f100_s1.csv
growth_spread_seq,repo,interfloor_n100_spread_f100_s1,100,spread,interfloor,100,4,10,forecast,request,,1,840,0.054,0.0,,,20.2,yes,300,320.3,573,609,349.53,609,644,915b90e90d5f5ac8,1,perf_inputs/interfloor_n100_spread_f100_s1.csv
growth_spread_seq,repo,interfloor_n500_spread_f100_s1,500,spread,interfloor,100,4,10,forecast,request,,1,3872,0.987,0.001,,,21.3,yes,300,1365.65,2603,2781,1400.14,2625,2832,66c0070ae871c5d9,1,perf_inputs/interfloor_n500_spread_f100_s1.csv
growth_spread_seq,repo,interfloor_n1000_spread_f100_s1,1000,spread,interfloor,100,4,10,forecast,request,,1,7542,3.919,0.001,,,22.0,yes,300,2804.37,5232,5489,2837.6,5271,5568,a019ed05424a0016,1,perf_inputs/interfloor_n1000_spread_f100_s1.csv
growth_spread_seq,repo,interfloor_n2000_spread_f100_s1,2000,spread,interfloor,100,4,10,forecast,request,,1,15730,15.936,0.002,,,24.2,yes,300,5838.39,11039,11692,5872.85,11058,11777,69d481db342b03b1,1,perf_inputs/interfloor_n2000_spread_f100_s1.csv
growth_spread_seq,repo,interfloor_n5000_spread_f100_s1,5000,spread,interfloor,100,4,10,forecast,request,,1,39190,99.328,0.005,,,28.6,yes,300,14882.92,27714,29052,14916.19,27763,29085,95f2b26d82463970,1,perf_inputs/interfloor_n5000_spread_f100_s1.csv
growth_spread_seq,repo,interfloor_n10000_spread_f100_s1,10000,spread,interfloor,100,4,10,forecast,request,,1,,>300,,,,,timed out,300,,,,,,,,1,perf_inputs/interfloor_n10000_spread_f100_s1.csv
growth_spread_seq,repo,interfloor_n100_spread_f100_s1,100,spread,interfloor,100,4,10,forecast,direction,,1,308,0.043,0.0,,,20.2,yes,300,42.88,97,132,72.11,143,174,31c488e4be2a4d7b,1,perf_inputs/interfloor_n100_spread_f100_s1.csv
growth_spread_seq,repo,interfloor_n500_spread_f100_s1,500,spread,interfloor,100,4,10,forecast,direction,,1,1163,0.228,0.001,,,20.6,yes,300,36.77,82,134,71.27,138,190,0e6f18e2964ca9fc,1,perf_inputs/interfloor_n500_spread_f100_s1.csv
growth_spread_seq,repo,interfloor_n1000_spread_f100_s1,1000,spread,interfloor,100,4,10,forecast,direction,,1,2157,0.534,0.002,,,20.9,yes,300,44.04,99,186,77.27,153,224,f6bc7325ad224d42,1,perf_inputs/interfloor_n1000_spread_f100_s1.csv
growth_spread_seq,repo,interfloor_n2000_spread_f100_s1,2000,spread,interfloor,100,4,10,forecast,direction,,1,4076,0.996,0.003,,,21.6,yes,300,37.56,84,228,72.02,133,267,ccf9c27103b870c9,1,perf_inputs/interfloor_n2000_spread_f100_s1.csv
growth_spread_seq,repo,interfloor_n5000_spread_f100_s1,5000,spread,interfloor,100,4,10,forecast,direction,,1,10227,2.388,0.006,,,24.0,yes,300,36.88,88,218,70.15,136,276,f432a433940f1764,1,perf_inputs/interfloor_n5000_spread_f100_s1.csv
growth_spread_seq,repo,interfloor_n10000_spread_f100_s1,10000,spread,interfloor,100,4,10,forecast,direction,,1,19935,4.988,0.011,,,27.4,yes,300,37.77,87,378,71.37,139,411,37ef1d8161683ff0,1,perf_inputs/interfloor_n10000_spread_f100_s1.csv
growth_spread_seq,repo,interfloor_n20000_spread_f100_s1,20000,spread,interfloor,100,4,10,forecast,direction,,1,40169,10.318,0.021,,,36.1,yes,300,40.89,100,279,74.83,148,327,9533752483849094,1,perf_inputs/interfloor_n20000_spread_f100_s1.csv
growth_spread_seq,repo,interfloor_n100_spread_f100_s1,100,spread,interfloor,100,4,10,round-robin,forecast,80,1,389,0.055,0.0,,,20.2,yes,300,86.01,170,187,115.24,205,251,d7ac248076579d72,1,perf_inputs/interfloor_n100_spread_f100_s1.csv
growth_spread_seq,repo,interfloor_n500_spread_f100_s1,500,spread,interfloor,100,4,10,round-robin,forecast,80,1,1290,0.58,0.001,,,20.6,yes,300,100.48,193,278,134.98,240,342,95969228775899cc,1,perf_inputs/interfloor_n500_spread_f100_s1.csv
growth_spread_seq,repo,interfloor_n1000_spread_f100_s1,1000,spread,interfloor,100,4,10,round-robin,forecast,80,1,2179,1.208,0.001,,,20.9,yes,300,94.2,180,321,127.43,228,413,0dda0f04991e1b22,1,perf_inputs/interfloor_n1000_spread_f100_s1.csv
growth_spread_seq,repo,interfloor_n2000_spread_f100_s1,2000,spread,interfloor,100,4,10,round-robin,forecast,80,1,4150,2.537,0.003,,,22.2,yes,300,95.09,184,295,129.55,228,342,ee2c442de742cd20,1,perf_inputs/interfloor_n2000_spread_f100_s1.csv
growth_spread_seq,repo,interfloor_n5000_spread_f100_s1,5000,spread,interfloor,100,4,10,round-robin,forecast,80,1,10300,6.389,0.006,,,24.7,yes,300,97.29,186,309,130.57,231,353,408bbbd6e3fa9fa7,1,perf_inputs/interfloor_n5000_spread_f100_s1.csv
growth_spread_seq,repo,interfloor_n10000_spread_f100_s1,10000,spread,interfloor,100,4,10,round-robin,forecast,80,1,20016,14.075,0.011,,,28.9,yes,300,99.77,187,366,133.37,234,433,fd343c5b12f54685,1,perf_inputs/interfloor_n10000_spread_f100_s1.csv
growth_spread_seq,repo,interfloor_n20000_spread_f100_s1,20000,spread,interfloor,100,4,10,round-robin,forecast,80,1,40296,27.754,0.022,,,37.5,yes,300,100.2,189,389,134.13,238,451,69bd8ae1c171b439,1,perf_inputs/interfloor_n20000_spread_f100_s1.csv
growth_spread_seq,repo,interfloor_n100_spread_f100_s1,100,spread,interfloor,100,4,10,nearest,forecast,80,1,406,0.078,0.001,,,20.2,yes,300,59.98,186,221,89.21,235,266,21ca0e42b70a8be4,1,perf_inputs/interfloor_n100_spread_f100_s1.csv
growth_spread_seq,repo,interfloor_n500_spread_f100_s1,500,spread,interfloor,100,4,10,nearest,forecast,80,1,1339,0.438,0.001,,,20.7,yes,300,66.57,204,315,101.07,250,378,bc7f58d468f26af0,1,perf_inputs/interfloor_n500_spread_f100_s1.csv
growth_spread_seq,repo,interfloor_n1000_spread_f100_s1,1000,spread,interfloor,100,4,10,nearest,forecast,80,1,2181,1.921,0.002,,,21.2,yes,300,87.48,240,443,120.7,294,510,8e3e0fd7166682d1,1,perf_inputs/interfloor_n1000_spread_f100_s1.csv
growth_spread_seq,repo,interfloor_n2000_spread_f100_s1,2000,spread,interfloor,100,4,10,nearest,forecast,80,1,4174,2.946,0.003,,,22.2,yes,300,77.56,233,407,112.01,288,452,f3e078d3e6985f19,1,perf_inputs/interfloor_n2000_spread_f100_s1.csv
growth_spread_seq,repo,interfloor_n5000_spread_f100_s1,5000,spread,interfloor,100,4,10,nearest,forecast,80,1,10364,5.39,0.006,,,25.0,yes,300,65.99,213,341,99.26,256,428,6b7c68d018877a43,1,perf_inputs/interfloor_n5000_spread_f100_s1.csv
growth_spread_seq,repo,interfloor_n10000_spread_f100_s1,10000,spread,interfloor,100,4,10,nearest,forecast,80,1,20079,14.733,0.011,,,28.8,yes,300,76.48,233,452,110.08,279,525,cff6a17f8f336752,1,perf_inputs/interfloor_n10000_spread_f100_s1.csv
growth_spread_seq,repo,interfloor_n20000_spread_f100_s1,20000,spread,interfloor,100,4,10,nearest,forecast,80,1,40299,36.106,0.022,,,37.1,yes,300,83.32,242,633,117.26,294,703,421e9b478888767b,1,perf_inputs/interfloor_n20000_spread_f100_s1.csv
growth_spread_seq,repo,interfloor_n100_spread_f100_s1,100,spread,interfloor,100,4,10,round-robin,request,,1,1724,0.003,0.001,,,20.3,yes,300,637.21,1293,1523,666.44,1306,1531,a909f07558042c02,1,perf_inputs/interfloor_n100_spread_f100_s1.csv
growth_spread_seq,repo,interfloor_n500_spread_f100_s1,500,spread,interfloor,100,4,10,round-robin,request,,1,8830,0.017,0.001,,,21.3,yes,300,3283.06,6421,7735,3317.56,6462,7783,21e3f44d92d65e42,1,perf_inputs/interfloor_n500_spread_f100_s1.csv
growth_spread_seq,repo,interfloor_n1000_spread_f100_s1,1000,spread,interfloor,100,4,10,round-robin,request,,1,15033,0.032,0.001,,,23.0,yes,300,6383.97,12089,13051,6417.2,12118,13066,4103f5b8e9662909,1,perf_inputs/interfloor_n1000_spread_f100_s1.csv
growth_spread_seq,repo,interfloor_n2000_spread_f100_s1,2000,spread,interfloor,100,4,10,round-robin,request,,1,30378,0.065,0.003,,,25.5,yes,300,12783.47,24106,26400,12817.92,24136,26427,ea28603e5b4a2642,1,perf_inputs/interfloor_n2000_spread_f100_s1.csv
growth_spread_seq,repo,interfloor_n5000_spread_f100_s1,5000,spread,interfloor,100,4,10,round-robin,request,,1,73009,0.158,0.006,,,32.6,yes,300,30874.83,58651,62894,30908.1,58668,62897,756ad885b75a51e9,1,perf_inputs/interfloor_n5000_spread_f100_s1.csv
growth_spread_seq,repo,interfloor_n10000_spread_f100_s1,10000,spread,interfloor,100,4,10,round-robin,request,,1,148881,0.32,0.011,,,46.3,yes,300,63201.68,120361,129080,63235.28,120382,129081,2c5d88d6e03bf9b9,1,perf_inputs/interfloor_n10000_spread_f100_s1.csv
growth_spread_seq,repo,interfloor_n20000_spread_f100_s1,20000,spread,interfloor,100,4,10,round-robin,request,,1,298744,0.667,0.023,,,72.6,yes,300,126679.63,240968,258684,126713.57,241009,258736,c3c875b3c14a8041,1,perf_inputs/interfloor_n20000_spread_f100_s1.csv
growth_spread_seq,repo,interfloor_n100_spread_f100_s1,100,spread,interfloor,100,4,10,round-robin,direction,,1,391,0.002,0.0,,,20.1,yes,300,87.95,167,189,117.18,209,253,d4f25ac37af4ab00,1,perf_inputs/interfloor_n100_spread_f100_s1.csv
growth_spread_seq,repo,interfloor_n500_spread_f100_s1,500,spread,interfloor,100,4,10,round-robin,direction,,1,1252,0.006,0.001,,,20.5,yes,300,97.84,186,361,132.34,227,408,f3877b031593c941,1,perf_inputs/interfloor_n500_spread_f100_s1.csv
growth_spread_seq,repo,interfloor_n1000_spread_f100_s1,1000,spread,interfloor,100,4,10,round-robin,direction,,1,2182,0.012,0.001,,,21.0,yes,300,97.77,183,584,131,229,602,eebc0b80feb727cd,1,perf_inputs/interfloor_n1000_spread_f100_s1.csv
growth_spread_seq,repo,interfloor_n2000_spread_f100_s1,2000,spread,interfloor,100,4,10,round-robin,direction,,1,4242,0.023,0.002,,,21.8,yes,300,95.49,182,370,129.94,229,399,a973658728424d19,1,perf_inputs/interfloor_n2000_spread_f100_s1.csv
growth_spread_seq,repo,interfloor_n5000_spread_f100_s1,5000,spread,interfloor,100,4,10,round-robin,direction,,1,10322,0.057,0.005,,,23.9,yes,300,97.17,184,695,130.45,230,750,0516c1839ede508d,1,perf_inputs/interfloor_n5000_spread_f100_s1.csv
growth_spread_seq,repo,interfloor_n10000_spread_f100_s1,10000,spread,interfloor,100,4,10,round-robin,direction,,1,20042,0.112,0.01,,,26.9,yes,300,96.96,183,578,130.56,230,596,8b019845be8c221a,1,perf_inputs/interfloor_n10000_spread_f100_s1.csv
growth_spread_seq,repo,interfloor_n20000_spread_f100_s1,20000,spread,interfloor,100,4,10,round-robin,direction,,1,40252,0.227,0.021,,,35.5,yes,300,97.3,184,514,131.23,231,571,f87b444e16e36fbb,1,perf_inputs/interfloor_n20000_spread_f100_s1.csv
growth_spread_seq,repo,interfloor_n100_spread_f100_s1,100,spread,interfloor,100,4,10,nearest,request,,1,1547,0.003,0.0,,,20.5,yes,300,574.16,1299,1327,603.39,1327,1391,5fb0051228dd5b01,1,perf_inputs/interfloor_n100_spread_f100_s1.csv
growth_spread_seq,repo,interfloor_n500_spread_f100_s1,500,spread,interfloor,100,4,10,nearest,request,,1,7881,0.016,0.001,,,21.5,yes,300,2796.91,6052,6786,2831.41,6070,6834,33b396bbbd2954a9,1,perf_inputs/interfloor_n500_spread_f100_s1.csv
growth_spread_seq,repo,interfloor_n1000_spread_f100_s1,1000,spread,interfloor,100,4,10,nearest,request,,1,13573,0.031,0.001,,,22.7,yes,300,5148.33,10221,11584,5181.56,10256,11602,904fb3999f9c0a32,1,perf_inputs/interfloor_n1000_spread_f100_s1.csv
growth_spread_seq,repo,interfloor_n2000_spread_f100_s1,2000,spread,interfloor,100,4,10,nearest,request,,1,31251,0.067,0.002,,,25.6,yes,300,10836.04,22251,27261,10870.5,22297,27331,8f84c2561910714e,1,perf_inputs/interfloor_n2000_spread_f100_s1.csv
growth_spread_seq,repo,interfloor_n5000_spread_f100_s1,5000,spread,interfloor,100,4,10,nearest,request,,1,66446,0.151,0.005,,,31.7,yes,300,25563.98,50439,56313,25597.26,50442,56336,5ed34f4c5c71e12c,1,perf_inputs/interfloor_n5000_spread_f100_s1.csv
growth_spread_seq,repo,interfloor_n10000_spread_f100_s1,10000,spread,interfloor,100,4,10,nearest,request,,1,126304,0.287,0.01,,,43.7,yes,300,51227.23,97961,106469,51260.83,97999,106527,faf9273381b12fea,1,perf_inputs/interfloor_n10000_spread_f100_s1.csv
growth_spread_seq,repo,interfloor_n20000_spread_f100_s1,20000,spread,interfloor,100,4,10,nearest,request,,1,253626,0.596,0.021,,,65.7,yes,300,104409.31,196796,213537,104443.24,196841,213632,925835d918f0212d,1,perf_inputs/interfloor_n20000_spread_f100_s1.csv
growth_spread_seq,repo,interfloor_n100_spread_f100_s1,100,spread,interfloor,100,4,10,nearest,direction,,1,377,0.002,0.0,,,20.1,yes,300,60.54,209,304,89.77,244,351,57dbfa13ae6a1be9,1,perf_inputs/interfloor_n100_spread_f100_s1.csv
growth_spread_seq,repo,interfloor_n500_spread_f100_s1,500,spread,interfloor,100,4,10,nearest,direction,,1,1274,0.007,0.001,,,20.5,yes,300,60.54,189,355,95.04,242,381,762d6f3e573162bd,1,perf_inputs/interfloor_n500_spread_f100_s1.csv
growth_spread_seq,repo,interfloor_n1000_spread_f100_s1,1000,spread,interfloor,100,4,10,nearest,direction,,1,2140,0.013,0.001,,,20.8,yes,300,81.18,237,1580,114.41,270,1619,1894142d72bfa442,1,perf_inputs/interfloor_n1000_spread_f100_s1.csv
growth_spread_seq,repo,interfloor_n2000_spread_f100_s1,2000,spread,interfloor,100,4,10,nearest,direction,,1,4294,0.029,0.002,,,21.8,yes,300,122.86,437,1491,157.31,475,1505,9a4d2bb84230d706,1,perf_inputs/interfloor_n2000_spread_f100_s1.csv
growth_spread_seq,repo,interfloor_n5000_spread_f100_s1,5000,spread,interfloor,100,4,10,nearest,direction,,1,10322,0.064,0.006,,,24.0,yes,300,75.64,242,825,108.92,274,865,7776b4a3af9206d5,1,perf_inputs/interfloor_n5000_spread_f100_s1.csv
growth_spread_seq,repo,interfloor_n10000_spread_f100_s1,10000,spread,interfloor,100,4,10,nearest,direction,,1,20204,0.132,0.01,,,27.2,yes,300,85.99,278,1554,119.59,316,1560,c651e0a570c5c39a,1,perf_inputs/interfloor_n10000_spread_f100_s1.csv
growth_spread_seq,repo,interfloor_n20000_spread_f100_s1,20000,spread,interfloor,100,4,10,nearest,direction,,1,40130,0.258,0.021,,,34.8,yes,300,83.64,262,1545,117.57,299,1576,d2dced4c0b431397,1,perf_inputs/interfloor_n20000_spread_f100_s1.csv
growth_tick0_seq,repo,interfloor_n100_tick0_f100_s1,100,tick0,interfloor,100,4,10,forecast,forecast,80,1,244,0.849,0.001,,,20.2,yes,300,67.3,140,214,103.27,185,243,142044a7a6351772,1,perf_inputs/interfloor_n100_tick0_f100_s1.csv
growth_tick0_seq,repo,interfloor_n500_tick0_f100_s1,500,tick0,interfloor,100,4,10,forecast,forecast,80,1,689,82.264,0.001,,,20.7,yes,300,218.18,529,634,251.69,575,688,1588b737b2b23b14,1,perf_inputs/interfloor_n500_tick0_f100_s1.csv
growth_tick0_seq,repo,interfloor_n100_tick0_f100_s1,100,tick0,interfloor,100,4,10,forecast,request,,1,793,0.061,0.001,,,20.3,yes,300,410.22,701,744,446.19,750,792,69c80754ff1fb16d,1,perf_inputs/interfloor_n100_tick0_f100_s1.csv
growth_tick0_seq,repo,interfloor_n500_tick0_f100_s1,500,tick0,interfloor,100,4,10,forecast,request,,1,3752,1.368,0.002,,,21.3,yes,300,1832.98,3484,3689,1866.48,3516,3751,f4c168fb9de3687e,1,perf_inputs/interfloor_n500_tick0_f100_s1.csv
growth_tick0_seq,repo,interfloor_n1000_tick0_f100_s1,1000,tick0,interfloor,100,4,10,forecast,request,,1,7898,5.381,0.003,,,22.4,yes,300,3940.78,7405,7860,3973.75,7415,7897,4c7160313e1ab335,1,perf_inputs/interfloor_n1000_tick0_f100_s1.csv
growth_tick0_seq,repo,interfloor_n2000_tick0_f100_s1,2000,tick0,interfloor,100,4,10,forecast,request,,1,15591,21.377,0.003,,,23.6,yes,300,7839.64,14736,15555,7873.81,14779,15590,1820a18cc2843131,1,perf_inputs/interfloor_n2000_tick0_f100_s1.csv
growth_tick0_seq,repo,interfloor_n5000_tick0_f100_s1,5000,tick0,interfloor,100,4,10,forecast,request,,1,38406,136.592,0.005,,,28.8,yes,300,19149.5,36405,38371,19183.52,36440,38405,720f649af53021b8,1,perf_inputs/interfloor_n5000_tick0_f100_s1.csv
growth_tick0_seq,repo,interfloor_n100_tick0_f100_s1,100,tick0,interfloor,100,4,10,forecast,direction,,1,193,0.083,0.001,,,20.2,yes,300,68.96,150,161,104.93,181,192,d78481b73147af1a,1,perf_inputs/interfloor_n100_tick0_f100_s1.csv
growth_tick0_seq,repo,interfloor_n500_tick0_f100_s1,500,tick0,interfloor,100,4,10,forecast,direction,,1,950,3.611,0.001,,,20.8,yes,300,244.72,646,889,278.23,712,949,11dfe3b23fb7e9df,1,perf_inputs/interfloor_n500_tick0_f100_s1.csv
growth_tick0_seq,repo,interfloor_n1000_tick0_f100_s1,1000,tick0,interfloor,100,4,10,forecast,direction,,1,1603,23.689,0.002,,,21.2,yes,300,440.36,1150,1553,473.32,1204,1602,c92e53d29aabe55a,1,perf_inputs/interfloor_n1000_tick0_f100_s1.csv
growth_tick0_seq,repo,interfloor_n2000_tick0_f100_s1,2000,tick0,interfloor,100,4,10,forecast,direction,,1,3142,170.583,0.003,,,22.0,yes,300,969.86,2410,3068,1004.02,2450,3141,6f0211c627e3ce9c,1,perf_inputs/interfloor_n2000_tick0_f100_s1.csv
growth_tick0_seq,repo,interfloor_n100_tick0_f100_s1,100,tick0,interfloor,100,4,10,round-robin,forecast,80,1,293,0.141,0.0,,,20.0,yes,300,95.58,216,228,131.55,276,292,bb2c7da7d281b31e,1,perf_inputs/interfloor_n100_tick0_f100_s1.csv
growth_tick0_seq,repo,interfloor_n500_tick0_f100_s1,500,tick0,interfloor,100,4,10,round-robin,forecast,80,1,845,16.378,0.001,,,20.8,yes,300,261.91,623,795,295.42,677,844,cef442b4bbc99bb9,1,perf_inputs/interfloor_n500_tick0_f100_s1.csv
growth_tick0_seq,repo,interfloor_n1000_tick0_f100_s1,1000,tick0,interfloor,100,4,10,round-robin,forecast,80,1,1526,129.259,0.002,,,21.2,yes,300,503.6,1195,1462,536.57,1242,1525,b06c4f02da7e8e3d,1,perf_inputs/interfloor_n1000_tick0_f100_s1.csv
growth_tick0_seq,repo,interfloor_n100_tick0_f100_s1,100,tick0,interfloor,100,4,10,nearest,forecast,80,1,283,0.141,0.0,,,20.2,yes,300,83.04,191,240,119.01,227,282,75dab9d63b68a8ae,1,perf_inputs/interfloor_n100_tick0_f100_s1.csv
growth_tick0_seq,repo,interfloor_n500_tick0_f100_s1,500,tick0,interfloor,100,4,10,nearest,forecast,80,1,1181,16.049,0.001,,,20.9,yes,300,322.13,816,1131,355.63,866,1180,90be2e06242f1b42,1,perf_inputs/interfloor_n500_tick0_f100_s1.csv
growth_tick0_seq,repo,interfloor_n1000_tick0_f100_s1,1000,tick0,interfloor,100,4,10,nearest,forecast,80,1,2424,127.538,0.001,,,21.5,yes,300,719.99,1868,2365,752.95,1934,2423,8eefbc8eb2247fff,1,perf_inputs/interfloor_n1000_tick0_f100_s1.csv
growth_tick0_seq,repo,interfloor_n100_tick0_f100_s1,100,tick0,interfloor,100,4,10,round-robin,request,,1,1565,0.003,0.001,,,20.3,yes,300,758.42,1409,1528,794.39,1449,1564,824e0ddeedefea01,1,perf_inputs/interfloor_n100_tick0_f100_s1.csv
growth_tick0_seq,repo,interfloor_n500_tick0_f100_s1,500,tick0,interfloor,100,4,10,round-robin,request,,1,7433,0.016,0.001,,,21.2,yes,300,3575.14,6811,7378,3608.65,6843,7432,d8cc54ee4bfd41f0,1,perf_inputs/interfloor_n500_tick0_f100_s1.csv
growth_tick0_seq,repo,interfloor_n1000_tick0_f100_s1,1000,tick0,interfloor,100,4,10,round-robin,request,,1,15340,0.033,0.001,,,22.9,yes,300,7337.11,13761,15282,7370.08,13763,15339,7e909cbfe4e0ec7f,1,perf_inputs/interfloor_n1000_tick0_f100_s1.csv
growth_tick0_seq,repo,interfloor_n2000_tick0_f100_s1,2000,tick0,interfloor,100,4,10,round-robin,request,,1,29299,0.063,0.003,,,25.4,yes,300,14679.49,27652,29269,14713.65,27694,29298,13c5448cde1a3844,1,perf_inputs/interfloor_n2000_tick0_f100_s1.csv
growth_tick0_seq,repo,interfloor_n5000_tick0_f100_s1,5000,tick0,interfloor,100,4,10,round-robin,request,,1,74598,0.16,0.006,,,32.8,yes,300,37107.31,70088,74561,37141.33,70115,74597,296db17591158f7c,1,perf_inputs/interfloor_n5000_tick0_f100_s1.csv
growth_tick0_seq,repo,interfloor_n10000_tick0_f100_s1,10000,tick0,interfloor,100,4,10,round-robin,request,,1,148056,0.314,0.01,,,46.2,yes,300,72915.19,138083,148019,72948.49,138137,148055,df99bf204be48ef1,1,perf_inputs/interfloor_n10000_tick0_f100_s1.csv
growth_tick0_seq,repo,interfloor_n20000_tick0_f100_s1,20000,tick0,interfloor,100,4,10,round-robin,request,,1,296563,0.649,0.021,,,71.8,yes,300,147257.29,279517,296548,147291.08,279557,296562,1e6476c9f2fdfa1f,1,perf_inputs/interfloor_n20000_tick0_f100_s1.csv
growth_tick0_seq,repo,interfloor_n100_tick0_f100_s1,100,tick0,interfloor,100,4,10,round-robin,direction,,1,274,0.001,0.0,,,20.0,yes,300,79.28,172,232,115.25,190,273,7f1492765eec3f21,1,perf_inputs/interfloor_n100_tick0_f100_s1.csv
growth_tick0_seq,repo,interfloor_n500_tick0_f100_s1,500,tick0,interfloor,100,4,10,round-robin,direction,,1,760,0.008,0.001,,,20.5,yes,300,270.14,627,704,303.65,646,759,30c37edf549a5299,1,perf_inputs/interfloor_n500_tick0_f100_s1.csv
growth_tick0_seq,repo,interfloor_n1000_tick0_f100_s1,1000,tick0,interfloor,100,4,10,round-robin,direction,,1,1381,0.021,0.001,,,20.7,yes,300,493.11,1130,1331,526.08,1160,1380,0d5b2ec99c60ef32,1,perf_inputs/interfloor_n1000_tick0_f100_s1.csv
growth_tick0_seq,repo,interfloor_n2000_tick0_f100_s1,2000,tick0,interfloor,100,4,10,round-robin,direction,,1,2584,0.075,0.002,,,21.5,yes,300,1033.34,2255,2542,1067.51,2272,2583,a83765cada370835,1,perf_inputs/interfloor_n2000_tick0_f100_s1.csv
growth_tick0_seq,repo,interfloor_n5000_tick0_f100_s1,5000,tick0,interfloor,100,4,10,round-robin,direction,,1,6286,0.41,0.005,,,23.8,yes,300,2611.63,5565,6245,2645.65,5619,6285,73d99dd88c89e7c3,1,perf_inputs/interfloor_n5000_tick0_f100_s1.csv
growth_tick0_seq,repo,interfloor_n10000_tick0_f100_s1,10000,tick0,interfloor,100,4,10,round-robin,direction,,1,12206,1.459,0.01,,,26.7,yes,300,5007.53,10900,12169,5040.83,10933,12205,7b0189173881eb5e,1,perf_inputs/interfloor_n10000_tick0_f100_s1.csv
growth_tick0_seq,repo,interfloor_n20000_tick0_f100_s1,20000,tick0,interfloor,100,4,10,round-robin,direction,,1,24514,5.629,0.02,,,34.4,yes,300,10120.2,22147,24476,10154.0,22180,24513,741cae526c3df1b4,1,perf_inputs/interfloor_n20000_tick0_f100_s1.csv
growth_tick0_seq,repo,interfloor_n100_tick0_f100_s1,100,tick0,interfloor,100,4,10,nearest,request,,1,1613,0.003,0.0,,,20.4,yes,300,788.02,1518,1584,823.99,1539,1612,b10a2ab3a2647389,1,perf_inputs/interfloor_n100_tick0_f100_s1.csv
growth_tick0_seq,repo,interfloor_n500_tick0_f100_s1,500,tick0,interfloor,100,4,10,nearest,request,,1,7837,0.017,0.001,,,21.6,yes,300,3541.7,6748,7778,3575.21,6786,7836,2585c129718f5b4a,1,perf_inputs/interfloor_n500_tick0_f100_s1.csv
growth_tick0_seq,repo,interfloor_n1000_tick0_f100_s1,1000,tick0,interfloor,100,4,10,nearest,request,,1,14716,0.032,0.001,,,22.8,yes,300,7006.28,13604,14681,7039.25,13654,14715,6f13e9f27d3961c8,1,perf_inputs/interfloor_n1000_tick0_f100_s1.csv
growth_tick0_seq,repo,interfloor_n2000_tick0_f100_s1,2000,tick0,interfloor,100,4,10,nearest,request,,1,30091,0.065,0.002,,,25.5,yes,300,14232.02,27077,30046,14266.19,27111,30090,76a9bfecfffe2466,1,perf_inputs/interfloor_n2000_tick0_f100_s1.csv
growth_tick0_seq,repo,interfloor_n5000_tick0_f100_s1,5000,tick0,interfloor,100,4,10,nearest,request,,1,74485,0.162,0.005,,,32.7,yes,300,34133.93,68710,74481,34167.96,68747,74484,929569f722b6106b,1,perf_inputs/interfloor_n5000_tick0_f100_s1.csv
growth_tick0_seq,repo,interfloor_n10000_tick0_f100_s1,10000,tick0,interfloor,100,4,10,nearest,request,,1,148692,0.317,0.01,,,46.3,yes,300,69209.3,136995,148684,69242.6,137016,148691,787f7791c20e9fe6,1,perf_inputs/interfloor_n10000_tick0_f100_s1.csv
growth_tick0_seq,repo,interfloor_n20000_tick0_f100_s1,20000,tick0,interfloor,100,4,10,nearest,request,,1,297066,0.668,0.02,,,71.8,yes,300,145197.41,275308,297062,145231.2,275358,297065,6f6103097f7196b2,1,perf_inputs/interfloor_n20000_tick0_f100_s1.csv
growth_tick0_seq,repo,interfloor_n100_tick0_f100_s1,100,tick0,interfloor,100,4,10,nearest,direction,,1,283,0.001,0.0,,,20.1,yes,300,83.04,210,240,119.01,238,282,e3dca914076bcf3a,1,perf_inputs/interfloor_n100_tick0_f100_s1.csv
growth_tick0_seq,repo,interfloor_n500_tick0_f100_s1,500,tick0,interfloor,100,4,10,nearest,direction,,1,934,0.009,0.001,,,20.3,yes,300,320.89,765,896,354.39,796,933,b5631478ba2158a1,1,perf_inputs/interfloor_n500_tick0_f100_s1.csv
growth_tick0_seq,repo,interfloor_n1000_tick0_f100_s1,1000,tick0,interfloor,100,4,10,nearest,direction,,1,2111,0.032,0.001,,,20.9,yes,300,724.63,1689,2054,757.6,1724,2110,82c7a1f31cb84dd3,1,perf_inputs/interfloor_n1000_tick0_f100_s1.csv
growth_tick0_seq,repo,interfloor_n2000_tick0_f100_s1,2000,tick0,interfloor,100,4,10,nearest,direction,,1,3611,0.089,0.002,,,21.8,yes,300,1223.57,2800,3578,1257.73,2805,3610,f2d0962df36e3cd0,1,perf_inputs/interfloor_n2000_tick0_f100_s1.csv
growth_tick0_seq,repo,interfloor_n5000_tick0_f100_s1,5000,tick0,interfloor,100,4,10,nearest,direction,,1,8539,0.543,0.005,,,23.5,yes,300,3485.43,7358,8474,3519.46,7399,8538,5328ac49ef2f9577,1,perf_inputs/interfloor_n5000_tick0_f100_s1.csv
growth_tick0_seq,repo,interfloor_n10000_tick0_f100_s1,10000,tick0,interfloor,100,4,10,nearest,direction,,1,15003,1.779,0.01,,,27.1,yes,300,6138.74,13117,14962,6172.04,13145,15002,6d4bc41f2833b9ec,1,perf_inputs/interfloor_n10000_tick0_f100_s1.csv
growth_tick0_seq,repo,interfloor_n20000_tick0_f100_s1,20000,tick0,interfloor,100,4,10,nearest,direction,,1,28962,6.269,0.02,,,35.6,yes,300,11217.34,24485,28914,11251.13,24529,28961,75df5952db10cb0a,1,perf_inputs/interfloor_n20000_tick0_f100_s1.csv
fixes,repo,interfloor_n2000_spread_f100_s1,2000,spread,interfloor,100,4,10,forecast,forecast,80,1,4111,5.212,0.003,,,22.3,yes,300,37.65,86,158,72.1,140,209,b4732f5a5fac41ff,1,perf_inputs/interfloor_n2000_spread_f100_s1.csv
fixes,fast_a,interfloor_n2000_spread_f100_s1,2000,spread,interfloor,100,4,10,forecast,forecast,80,1,4111,2.468,0.002,,,22.2,yes,300,37.65,86,158,72.1,140,209,b4732f5a5fac41ff,1,perf_inputs/interfloor_n2000_spread_f100_s1.csv
fixes,fast_b,interfloor_n2000_spread_f100_s1,2000,spread,interfloor,100,4,10,forecast,forecast,80,1,4111,2.03,0.002,,,22.0,yes,300,37.65,86,158,72.1,140,209,b4732f5a5fac41ff,1,perf_inputs/interfloor_n2000_spread_f100_s1.csv
fixes,fast_c,interfloor_n2000_spread_f100_s1,2000,spread,interfloor,100,4,10,forecast,forecast,80,1,4111,1.697,0.002,,,22.2,yes,300,37.65,86,158,72.1,140,209,b4732f5a5fac41ff,1,perf_inputs/interfloor_n2000_spread_f100_s1.csv
fixes,repo,interfloor_n2000_spread_f100_s1,2000,spread,interfloor,100,4,10,forecast,request,,1,15730,16.107,0.002,,,23.7,yes,300,5838.39,11039,11692,5872.85,11058,11777,69d481db342b03b1,1,perf_inputs/interfloor_n2000_spread_f100_s1.csv
fixes,fast_a,interfloor_n2000_spread_f100_s1,2000,spread,interfloor,100,4,10,forecast,request,,1,15730,8.654,0.002,,,24.0,yes,300,5838.39,11039,11692,5872.85,11058,11777,69d481db342b03b1,1,perf_inputs/interfloor_n2000_spread_f100_s1.csv
fixes,fast_b,interfloor_n2000_spread_f100_s1,2000,spread,interfloor,100,4,10,forecast,request,,1,15730,8.653,0.002,,,23.9,yes,300,5838.39,11039,11692,5872.85,11058,11777,69d481db342b03b1,1,perf_inputs/interfloor_n2000_spread_f100_s1.csv
fixes,fast_c,interfloor_n2000_spread_f100_s1,2000,spread,interfloor,100,4,10,forecast,request,,1,15730,8.721,0.002,,,23.8,yes,300,5838.39,11039,11692,5872.85,11058,11777,69d481db342b03b1,1,perf_inputs/interfloor_n2000_spread_f100_s1.csv
fixes,repo,interfloor_n2000_spread_f100_s1,2000,spread,interfloor,100,4,10,forecast,direction,,1,4076,0.983,0.002,,,22.0,yes,300,37.56,84,228,72.02,133,267,ccf9c27103b870c9,1,perf_inputs/interfloor_n2000_spread_f100_s1.csv
fixes,fast_a,interfloor_n2000_spread_f100_s1,2000,spread,interfloor,100,4,10,forecast,direction,,1,4076,0.511,0.002,,,21.9,yes,300,37.56,84,228,72.02,133,267,ccf9c27103b870c9,1,perf_inputs/interfloor_n2000_spread_f100_s1.csv
fixes,fast_b,interfloor_n2000_spread_f100_s1,2000,spread,interfloor,100,4,10,forecast,direction,,1,4076,0.505,0.002,,,21.9,yes,300,37.56,84,228,72.02,133,267,ccf9c27103b870c9,1,perf_inputs/interfloor_n2000_spread_f100_s1.csv
fixes,fast_c,interfloor_n2000_spread_f100_s1,2000,spread,interfloor,100,4,10,forecast,direction,,1,4076,0.511,0.002,,,21.6,yes,300,37.56,84,228,72.02,133,267,ccf9c27103b870c9,1,perf_inputs/interfloor_n2000_spread_f100_s1.csv
fixes,repo,interfloor_n2000_spread_f100_s1,2000,spread,interfloor,100,4,10,round-robin,forecast,80,1,4150,2.537,0.002,,,22.1,yes,300,95.09,184,295,129.55,228,342,ee2c442de742cd20,1,perf_inputs/interfloor_n2000_spread_f100_s1.csv
fixes,fast_a,interfloor_n2000_spread_f100_s1,2000,spread,interfloor,100,4,10,round-robin,forecast,80,1,4150,1.302,0.002,,,21.6,yes,300,95.09,184,295,129.55,228,342,ee2c442de742cd20,1,perf_inputs/interfloor_n2000_spread_f100_s1.csv
fixes,fast_b,interfloor_n2000_spread_f100_s1,2000,spread,interfloor,100,4,10,round-robin,forecast,80,1,4150,1.312,0.002,,,22.2,yes,300,95.09,184,295,129.55,228,342,ee2c442de742cd20,1,perf_inputs/interfloor_n2000_spread_f100_s1.csv
fixes,fast_c,interfloor_n2000_spread_f100_s1,2000,spread,interfloor,100,4,10,round-robin,forecast,80,1,4150,1.016,0.002,,,22.5,yes,300,95.09,184,295,129.55,228,342,ee2c442de742cd20,1,perf_inputs/interfloor_n2000_spread_f100_s1.csv
fixes,repo,interfloor_n2000_spread_f100_s1,2000,spread,interfloor,100,4,10,nearest,forecast,80,1,4174,2.952,0.002,,,22.1,yes,300,77.56,233,407,112.01,288,452,f3e078d3e6985f19,1,perf_inputs/interfloor_n2000_spread_f100_s1.csv
fixes,fast_a,interfloor_n2000_spread_f100_s1,2000,spread,interfloor,100,4,10,nearest,forecast,80,1,4174,1.545,0.002,,,21.8,yes,300,77.56,233,407,112.01,288,452,f3e078d3e6985f19,1,perf_inputs/interfloor_n2000_spread_f100_s1.csv
fixes,fast_b,interfloor_n2000_spread_f100_s1,2000,spread,interfloor,100,4,10,nearest,forecast,80,1,4174,1.559,0.002,,,22.2,yes,300,77.56,233,407,112.01,288,452,f3e078d3e6985f19,1,perf_inputs/interfloor_n2000_spread_f100_s1.csv
fixes,fast_c,interfloor_n2000_spread_f100_s1,2000,spread,interfloor,100,4,10,nearest,forecast,80,1,4174,1.208,0.002,,,22.3,yes,300,77.56,233,407,112.01,288,452,f3e078d3e6985f19,1,perf_inputs/interfloor_n2000_spread_f100_s1.csv
fixes,repo,interfloor_n20000_spread_f100_s1,20000,spread,interfloor,100,4,10,forecast,forecast,80,1,40220,51.746,0.022,,,38.9,yes,300,38.08,92,212,72.01,143,302,1f6725d5da3ffe5e,1,perf_inputs/interfloor_n20000_spread_f100_s1.csv
fixes,fast_a,interfloor_n20000_spread_f100_s1,20000,spread,interfloor,100,4,10,forecast,forecast,80,1,40220,24.996,0.021,,,38.5,yes,300,38.08,92,212,72.01,143,302,1f6725d5da3ffe5e,1,perf_inputs/interfloor_n20000_spread_f100_s1.csv
fixes,fast_b,interfloor_n20000_spread_f100_s1,20000,spread,interfloor,100,4,10,forecast,forecast,80,1,40220,20.351,0.021,,,37.1,yes,300,38.08,92,212,72.01,143,302,1f6725d5da3ffe5e,1,perf_inputs/interfloor_n20000_spread_f100_s1.csv
fixes,fast_c,interfloor_n20000_spread_f100_s1,20000,spread,interfloor,100,4,10,forecast,forecast,80,1,40220,17.053,0.021,,,37.2,yes,300,38.08,92,212,72.01,143,302,1f6725d5da3ffe5e,1,perf_inputs/interfloor_n20000_spread_f100_s1.csv
fixes,repo,interfloor_n100_tick0_f100_s1,100,tick0,interfloor,100,4,10,forecast,forecast,80,1,244,0.842,0.001,,,20.1,yes,300,67.3,140,214,103.27,185,243,142044a7a6351772,1,perf_inputs/interfloor_n100_tick0_f100_s1.csv
fixes,fast_a,interfloor_n100_tick0_f100_s1,100,tick0,interfloor,100,4,10,forecast,forecast,80,1,244,0.446,0.0,,,20.1,yes,300,67.3,140,214,103.27,185,243,142044a7a6351772,1,perf_inputs/interfloor_n100_tick0_f100_s1.csv
fixes,fast_b,interfloor_n100_tick0_f100_s1,100,tick0,interfloor,100,4,10,forecast,forecast,80,1,244,0.357,0.0,,,20.0,yes,300,67.3,140,214,103.27,185,243,142044a7a6351772,1,perf_inputs/interfloor_n100_tick0_f100_s1.csv
fixes,fast_c,interfloor_n100_tick0_f100_s1,100,tick0,interfloor,100,4,10,forecast,forecast,80,1,244,0.259,0.0,,,20.1,yes,300,67.3,140,214,103.27,185,243,142044a7a6351772,1,perf_inputs/interfloor_n100_tick0_f100_s1.csv
fixes,repo,interfloor_n500_tick0_f100_s1,500,tick0,interfloor,100,4,10,forecast,forecast,80,1,689,81.946,0.001,,,20.8,yes,300,218.18,529,634,251.69,575,688,1588b737b2b23b14,1,perf_inputs/interfloor_n500_tick0_f100_s1.csv
fixes,fast_a,interfloor_n500_tick0_f100_s1,500,tick0,interfloor,100,4,10,forecast,forecast,80,1,689,46.478,0.001,,,20.7,yes,300,218.18,529,634,251.69,575,688,1588b737b2b23b14,1,perf_inputs/interfloor_n500_tick0_f100_s1.csv
fixes,fast_b,interfloor_n500_tick0_f100_s1,500,tick0,interfloor,100,4,10,forecast,forecast,80,1,689,37.225,0.001,,,20.7,yes,300,218.18,529,634,251.69,575,688,1588b737b2b23b14,1,perf_inputs/interfloor_n500_tick0_f100_s1.csv
fixes,fast_c,interfloor_n500_tick0_f100_s1,500,tick0,interfloor,100,4,10,forecast,forecast,80,1,689,25.728,0.001,,,20.6,yes,300,218.18,529,634,251.69,575,688,1588b737b2b23b14,1,perf_inputs/interfloor_n500_tick0_f100_s1.csv
fixes,repo,interfloor_n500_tick0_f100_s1,500,tick0,interfloor,100,4,10,round-robin,forecast,80,1,845,16.118,0.001,,,20.7,yes,300,261.91,623,795,295.42,677,844,cef442b4bbc99bb9,1,perf_inputs/interfloor_n500_tick0_f100_s1.csv
fixes,fast_a,interfloor_n500_tick0_f100_s1,500,tick0,interfloor,100,4,10,round-robin,forecast,80,1,845,9.317,0.001,,,20.6,yes,300,261.91,623,795,295.42,677,844,cef442b4bbc99bb9,1,perf_inputs/interfloor_n500_tick0_f100_s1.csv
fixes,fast_b,interfloor_n500_tick0_f100_s1,500,tick0,interfloor,100,4,10,round-robin,forecast,80,1,845,9.278,0.001,,,20.7,yes,300,261.91,623,795,295.42,677,844,cef442b4bbc99bb9,1,perf_inputs/interfloor_n500_tick0_f100_s1.csv
fixes,fast_c,interfloor_n500_tick0_f100_s1,500,tick0,interfloor,100,4,10,round-robin,forecast,80,1,845,6.225,0.001,,,20.7,yes,300,261.91,623,795,295.42,677,844,cef442b4bbc99bb9,1,perf_inputs/interfloor_n500_tick0_f100_s1.csv
fixes,repo,interfloor_n500_tick0_f100_s1,500,tick0,interfloor,100,4,10,forecast,direction,,1,950,3.553,0.001,,,20.8,yes,300,244.72,646,889,278.23,712,949,11dfe3b23fb7e9df,1,perf_inputs/interfloor_n500_tick0_f100_s1.csv
fixes,fast_a,interfloor_n500_tick0_f100_s1,500,tick0,interfloor,100,4,10,forecast,direction,,1,950,2.891,0.001,,,20.8,yes,300,244.72,646,889,278.23,712,949,11dfe3b23fb7e9df,1,perf_inputs/interfloor_n500_tick0_f100_s1.csv
fixes,fast_b,interfloor_n500_tick0_f100_s1,500,tick0,interfloor,100,4,10,forecast,direction,,1,950,2.892,0.001,,,20.8,yes,300,244.72,646,889,278.23,712,949,11dfe3b23fb7e9df,1,perf_inputs/interfloor_n500_tick0_f100_s1.csv
fixes,fast_c,interfloor_n500_tick0_f100_s1,500,tick0,interfloor,100,4,10,forecast,direction,,1,950,2.92,0.001,,,20.6,yes,300,244.72,646,889,278.23,712,949,11dfe3b23fb7e9df,1,perf_inputs/interfloor_n500_tick0_f100_s1.csv
fixes,repo,interfloor_n1000_tick0_f100_s1,1000,tick0,interfloor,100,4,10,forecast,request,,1,7898,5.369,0.002,,,22.3,yes,300,3940.78,7405,7860,3973.75,7415,7897,4c7160313e1ab335,1,perf_inputs/interfloor_n1000_tick0_f100_s1.csv
fixes,fast_a,interfloor_n1000_tick0_f100_s1,1000,tick0,interfloor,100,4,10,forecast,request,,1,7898,2.853,0.001,,,22.3,yes,300,3940.78,7405,7860,3973.75,7415,7897,4c7160313e1ab335,1,perf_inputs/interfloor_n1000_tick0_f100_s1.csv
fixes,fast_b,interfloor_n1000_tick0_f100_s1,1000,tick0,interfloor,100,4,10,forecast,request,,1,7898,2.87,0.001,,,22.2,yes,300,3940.78,7405,7860,3973.75,7415,7897,4c7160313e1ab335,1,perf_inputs/interfloor_n1000_tick0_f100_s1.csv
fixes,fast_c,interfloor_n1000_tick0_f100_s1,1000,tick0,interfloor,100,4,10,forecast,request,,1,7898,2.864,0.001,,,22.3,yes,300,3940.78,7405,7860,3973.75,7415,7897,4c7160313e1ab335,1,perf_inputs/interfloor_n1000_tick0_f100_s1.csv
fixes,repo,up_peak_n500_spread_f100_s1,500,spread,up_peak,100,4,10,forecast,forecast,80,1,2328,21.838,0.001,,,21.1,yes,300,590.77,1119,1230,641.08,1193,1313,c75ed4f04bea4cb9,1,perf_inputs/up_peak_n500_spread_f100_s1.csv
fixes,fast_a,up_peak_n500_spread_f100_s1,500,spread,up_peak,100,4,10,forecast,forecast,80,1,2328,10.419,0.001,,,20.9,yes,300,590.77,1119,1230,641.08,1193,1313,c75ed4f04bea4cb9,1,perf_inputs/up_peak_n500_spread_f100_s1.csv
fixes,fast_b,up_peak_n500_spread_f100_s1,500,spread,up_peak,100,4,10,forecast,forecast,80,1,2328,8.428,0.001,,,21.1,yes,300,590.77,1119,1230,641.08,1193,1313,c75ed4f04bea4cb9,1,perf_inputs/up_peak_n500_spread_f100_s1.csv
fixes,fast_c,up_peak_n500_spread_f100_s1,500,spread,up_peak,100,4,10,forecast,forecast,80,1,2328,7.371,0.001,,,20.8,yes,300,590.77,1119,1230,641.08,1193,1313,c75ed4f04bea4cb9,1,perf_inputs/up_peak_n500_spread_f100_s1.csv
fixes,repo,down_peak_n5000_spread_f100_s1,5000,spread,down_peak,100,4,10,forecast,forecast,80,1,,>300,,,,,timed out,300,,,,,,,,1,perf_inputs/down_peak_n5000_spread_f100_s1.csv
fixes,fast_a,down_peak_n5000_spread_f100_s1,5000,spread,down_peak,100,4,10,forecast,forecast,80,1,,>300,,,,,timed out,300,,,,,,,,1,perf_inputs/down_peak_n5000_spread_f100_s1.csv
fixes,fast_b,down_peak_n5000_spread_f100_s1,5000,spread,down_peak,100,4,10,forecast,forecast,80,1,,>300,,,,,timed out,300,,,,,,,,1,perf_inputs/down_peak_n5000_spread_f100_s1.csv
fixes,fast_c,down_peak_n5000_spread_f100_s1,5000,spread,down_peak,100,4,10,forecast,forecast,80,1,,>300,,,,,timed out,300,,,,,,,,1,perf_inputs/down_peak_n5000_spread_f100_s1.csv
fixes,repo,mixed_n200_tick0_f100_s1,200,tick0,mixed,100,4,10,forecast,forecast,80,1,406,5.558,0.001,,,20.3,yes,300,111.83,279,324,156.69,338,405,0a8cca35e9c2a91f,1,perf_inputs/mixed_n200_tick0_f100_s1.csv
fixes,fast_a,mixed_n200_tick0_f100_s1,200,tick0,mixed,100,4,10,forecast,forecast,80,1,406,2.691,0.001,,,20.4,yes,300,111.83,279,324,156.69,338,405,0a8cca35e9c2a91f,1,perf_inputs/mixed_n200_tick0_f100_s1.csv
fixes,fast_b,mixed_n200_tick0_f100_s1,200,tick0,mixed,100,4,10,forecast,forecast,80,1,406,2.154,0.001,,,20.2,yes,300,111.83,279,324,156.69,338,405,0a8cca35e9c2a91f,1,perf_inputs/mixed_n200_tick0_f100_s1.csv
fixes,fast_c,mixed_n200_tick0_f100_s1,200,tick0,mixed,100,4,10,forecast,forecast,80,1,406,1.598,0.001,,,20.1,yes,300,111.83,279,324,156.69,338,405,0a8cca35e9c2a91f,1,perf_inputs/mixed_n200_tick0_f100_s1.csv
fixes,repo,interfloor_n2000_spread_f100_s1,2000,spread,interfloor,100,4,10,nearest,direction,,1,4294,0.029,0.003,,,21.7,yes,300,122.86,437,1491,157.31,475,1505,9a4d2bb84230d706,1,perf_inputs/interfloor_n2000_spread_f100_s1.csv
fixes,fast_a,interfloor_n2000_spread_f100_s1,2000,spread,interfloor,100,4,10,nearest,direction,,1,4294,0.028,0.002,,,21.8,yes,300,122.86,437,1491,157.31,475,1505,9a4d2bb84230d706,1,perf_inputs/interfloor_n2000_spread_f100_s1.csv
fixes,fast_b,interfloor_n2000_spread_f100_s1,2000,spread,interfloor,100,4,10,nearest,direction,,1,4294,0.028,0.002,,,21.4,yes,300,122.86,437,1491,157.31,475,1505,9a4d2bb84230d706,1,perf_inputs/interfloor_n2000_spread_f100_s1.csv
fixes,fast_c,interfloor_n2000_spread_f100_s1,2000,spread,interfloor,100,4,10,nearest,direction,,1,4294,0.028,0.002,,,21.7,yes,300,122.86,437,1491,157.31,475,1505,9a4d2bb84230d706,1,perf_inputs/interfloor_n2000_spread_f100_s1.csv
fixes,repo,interfloor_n2000_spread_f100_s1,2000,spread,interfloor,100,4,10,round-robin,request,,1,30378,0.064,0.002,,,25.2,yes,300,12783.47,24106,26400,12817.92,24136,26427,ea28603e5b4a2642,1,perf_inputs/interfloor_n2000_spread_f100_s1.csv
fixes,fast_a,interfloor_n2000_spread_f100_s1,2000,spread,interfloor,100,4,10,round-robin,request,,1,30378,0.065,0.002,,,25.2,yes,300,12783.47,24106,26400,12817.92,24136,26427,ea28603e5b4a2642,1,perf_inputs/interfloor_n2000_spread_f100_s1.csv
fixes,fast_b,interfloor_n2000_spread_f100_s1,2000,spread,interfloor,100,4,10,round-robin,request,,1,30378,0.065,0.002,,,25.2,yes,300,12783.47,24106,26400,12817.92,24136,26427,ea28603e5b4a2642,1,perf_inputs/interfloor_n2000_spread_f100_s1.csv
fixes,fast_c,interfloor_n2000_spread_f100_s1,2000,spread,interfloor,100,4,10,round-robin,request,,1,30378,0.065,0.002,,,25.7,yes,300,12783.47,24106,26400,12817.92,24136,26427,ea28603e5b4a2642,1,perf_inputs/interfloor_n2000_spread_f100_s1.csv
