experiment,generator,workload,seed,floors,elevators,capacity,assignment,service_order,allowed_delay,passengers,ticks,wall_seconds,status,avg_wait,median_wait,p95_wait,max_wait,avg_total,median_total,p95_total,max_total,avg_travel,longest_wait_trip,served_per_elevator,rule_violations,k_violations,max_dropoff_minus_first_forecast,forecast_mismatches,peek_prefix_identical
ksweep,mine,down_peak,301,100,4,10,forecast,forecast,0,157,720,0.634,ok,85.26,82,204,266,131.47,132,288,362,46.21,97->1,37/35/39/46,0,0,0,0,
ksweep,mine,down_peak,301,100,4,10,forecast,forecast,100000,157,730,0.419,ok,55.95,48,145,265,102.16,92,214,357,46.21,93->1,38/46/30/43,0,0,224,0,
ksweep,mine,down_peak,301,100,4,10,forecast,forecast,20,157,649,0.474,ok,62.72,52,168,245,108.93,96,238,342,46.21,98->1,38/44/33/42,0,0,20,0,
ksweep,mine,down_peak,301,100,4,10,forecast,forecast,320,157,730,0.438,ok,55.95,48,145,265,102.16,92,214,357,46.21,93->1,38/46/30/43,0,0,224,0,
ksweep,mine,down_peak,301,100,4,10,forecast,forecast,80,157,594,0.408,ok,57.54,48,143,170,103.75,92,223,267,46.21,98->1,41/45/29/42,0,0,78,0,
ksweep,mine,down_peak,301,100,4,10,forecast,forecast,none,157,730,0.406,ok,55.95,48,145,265,102.16,92,214,357,46.21,93->1,38/46/30/43,0,0,224,0,
ksweep,mine,down_peak,301,100,4,10,nearest,forecast,0,157,864,0.186,ok,157.4,140,448,600,203.61,187,498,645,46.21,88->43,29/49/40/39,0,0,0,0,
ksweep,mine,down_peak,301,100,4,10,nearest,forecast,100000,157,899,0.168,ok,115.09,54,350,443,161.3,117,409,528,46.21,86->1,46/37/31/43,0,0,230,0,
ksweep,mine,down_peak,301,100,4,10,nearest,forecast,20,157,1311,0.524,ok,225.6,153,732,867,271.81,189,813,950,46.21,84->1,76/23/31/27,0,0,20,0,
ksweep,mine,down_peak,301,100,4,10,nearest,forecast,320,157,899,0.182,ok,115.09,54,350,443,161.3,117,409,528,46.21,86->1,46/37/31/43,0,0,230,0,
ksweep,mine,down_peak,301,100,4,10,nearest,forecast,80,157,750,0.192,ok,123.87,94,289,346,170.08,153,356,378,46.21,33->1,45/40/30/42,0,0,80,0,
ksweep,mine,down_peak,301,100,4,10,nearest,forecast,none,157,899,0.176,ok,115.09,54,350,443,161.3,117,409,528,46.21,86->1,46/37/31/43,0,0,230,0,
ksweep,mine,down_peak,301,100,4,10,round-robin,forecast,0,157,901,0.196,ok,169.24,144,438,619,215.45,187,495,717,46.21,99->1,40/39/39/39,0,0,0,0,
ksweep,mine,down_peak,301,100,4,10,round-robin,forecast,100000,157,716,0.161,ok,118.61,106,280,334,164.82,151,359,402,46.21,69->1,40/39/39/39,0,0,146,0,
ksweep,mine,down_peak,301,100,4,10,round-robin,forecast,20,157,805,0.171,ok,140.89,122,319,401,187.1,172,386,498,46.21,98->1,40/39/39/39,0,0,20,0,
ksweep,mine,down_peak,301,100,4,10,round-robin,forecast,320,157,716,0.155,ok,118.61,106,280,334,164.82,151,359,402,46.21,69->1,40/39/39/39,0,0,146,0,
ksweep,mine,down_peak,301,100,4,10,round-robin,forecast,80,157,773,0.155,ok,130.06,125,299,375,176.27,165,366,468,46.21,94->1,40/39/39/39,0,0,80,0,
ksweep,mine,down_peak,301,100,4,10,round-robin,forecast,none,157,716,0.156,ok,118.61,106,280,334,164.82,151,359,402,46.21,69->1,40/39/39/39,0,0,146,0,
ksweep,mine,down_peak,301,30,4,4,forecast,forecast,0,154,445,0.11,ok,15.69,14.5,31,48,30.18,28.0,57,76,14.49,29->1,36/44/38/36,0,0,0,0,
ksweep,mine,down_peak,301,30,4,4,forecast,forecast,100000,154,433,0.1,ok,14.21,11.0,37,57,28.71,26.0,62,75,14.49,19->1,43/40/36/35,0,0,36,0,
ksweep,mine,down_peak,301,30,4,4,forecast,forecast,20,154,433,0.109,ok,15.08,12.0,42,58,29.58,28.0,63,86,14.49,29->1,40/32/39/43,0,0,20,0,
ksweep,mine,down_peak,301,30,4,4,forecast,forecast,320,154,433,0.106,ok,14.21,11.0,37,57,28.71,26.0,62,75,14.49,19->1,43/40/36/35,0,0,36,0,
ksweep,mine,down_peak,301,30,4,4,forecast,forecast,80,154,433,0.104,ok,14.21,11.0,37,57,28.71,26.0,62,75,14.49,19->1,43/40/36/35,0,0,36,0,
ksweep,mine,down_peak,301,30,4,4,forecast,forecast,none,154,433,0.108,ok,14.21,11.0,37,57,28.71,26.0,62,75,14.49,19->1,43/40/36/35,0,0,36,0,
ksweep,mine,down_peak,301,30,4,4,nearest,forecast,0,154,523,0.058,ok,46.13,39.0,122,163,60.62,51.0,138,184,14.49,28->16,43/32/39/40,0,0,0,0,
ksweep,mine,down_peak,301,30,4,4,nearest,forecast,100000,154,435,0.036,ok,26.91,16.0,85,188,41.4,34.0,108,203,14.49,16->1,46/35/41/32,0,0,130,0,
ksweep,mine,down_peak,301,30,4,4,nearest,forecast,20,154,470,0.038,ok,26.76,20.0,77,101,41.25,36.0,96,130,14.49,30->1,40/42/36/36,0,0,20,0,
ksweep,mine,down_peak,301,30,4,4,nearest,forecast,320,154,435,0.035,ok,26.91,16.0,85,188,41.4,34.0,108,203,14.49,16->1,46/35/41/32,0,0,130,0,
ksweep,mine,down_peak,301,30,4,4,nearest,forecast,80,154,457,0.037,ok,26.69,14.0,94,128,41.19,31.0,110,146,14.49,12->1,37/38/40/39,0,0,62,0,
ksweep,mine,down_peak,301,30,4,4,nearest,forecast,none,154,435,0.042,ok,26.91,16.0,85,188,41.4,34.0,108,203,14.49,16->1,46/35/41/32,0,0,130,0,
ksweep,mine,down_peak,301,30,4,4,round-robin,forecast,0,154,547,0.041,ok,43.1,40.5,93,129,57.59,55.5,110,151,14.49,23->1,39/39/38/38,0,0,0,0,
ksweep,mine,down_peak,301,30,4,4,round-robin,forecast,100000,154,457,0.038,ok,29.33,26.0,69,101,43.82,40.0,93,126,14.49,15->1,39/39/38/38,0,0,72,0,
ksweep,mine,down_peak,301,30,4,4,round-robin,forecast,20,154,461,0.028,ok,31.72,30.0,66,89,46.21,45.0,91,113,14.49,25->1,39/39/38/38,0,0,20,0,
ksweep,mine,down_peak,301,30,4,4,round-robin,forecast,320,154,457,0.036,ok,29.33,26.0,69,101,43.82,40.0,93,126,14.49,15->1,39/39/38/38,0,0,72,0,
ksweep,mine,down_peak,301,30,4,4,round-robin,forecast,80,154,457,0.027,ok,29.33,26.0,69,101,43.82,40.0,93,126,14.49,15->1,39/39/38/38,0,0,72,0,
ksweep,mine,down_peak,301,30,4,4,round-robin,forecast,none,154,457,0.033,ok,29.33,26.0,69,101,43.82,40.0,93,126,14.49,15->1,39/39/38/38,0,0,72,0,
ksweep,mine,down_peak,302,100,4,10,forecast,forecast,0,124,618,0.324,ok,61.6,53.5,141,198,110.97,114.5,221,297,49.37,100->1,28/27/27/42,0,0,0,0,
ksweep,mine,down_peak,302,100,4,10,forecast,forecast,100000,124,538,0.279,ok,51.94,51.0,113,165,101.31,102.5,197,252,49.37,92->5,36/30/29/29,0,0,58,0,
ksweep,mine,down_peak,302,100,4,10,forecast,forecast,20,124,621,0.315,ok,61.42,51.0,149,170,110.79,112.0,221,262,49.37,92->1,42/24/27/31,0,0,20,0,
ksweep,mine,down_peak,302,100,4,10,forecast,forecast,320,124,538,0.269,ok,51.94,51.0,113,165,101.31,102.5,197,252,49.37,92->5,36/30/29/29,0,0,58,0,
ksweep,mine,down_peak,302,100,4,10,forecast,forecast,80,124,538,0.298,ok,51.94,51.0,113,165,101.31,102.5,197,252,49.37,92->5,36/30/29/29,0,0,58,0,
ksweep,mine,down_peak,302,100,4,10,forecast,forecast,none,124,538,0.271,ok,51.94,51.0,113,165,101.31,102.5,197,252,49.37,92->5,36/30/29/29,0,0,58,0,
ksweep,mine,down_peak,302,100,4,10,nearest,forecast,0,124,842,0.104,ok,152.15,127.0,393,433,201.52,171.0,446,530,49.37,98->1,36/35/27/26,0,0,0,0,
ksweep,mine,down_peak,302,100,4,10,nearest,forecast,100000,124,661,0.073,ok,85.77,65.0,222,281,135.15,121.5,285,375,49.37,95->1,36/32/24/32,0,0,160,0,
ksweep,mine,down_peak,302,100,4,10,nearest,forecast,20,124,735,0.126,ok,97.75,46.0,264,409,147.12,101.5,349,474,49.37,27->1,34/22/23/45,0,0,20,0,
ksweep,mine,down_peak,302,100,4,10,nearest,forecast,320,124,661,0.08,ok,85.77,65.0,222,281,135.15,121.5,285,375,49.37,95->1,36/32/24/32,0,0,160,0,
ksweep,mine,down_peak,302,100,4,10,nearest,forecast,80,124,661,0.089,ok,88.7,72.5,219,319,138.07,116.5,288,418,49.37,100->1,33/30/25/36,0,0,80,0,
ksweep,mine,down_peak,302,100,4,10,nearest,forecast,none,124,661,0.08,ok,85.77,65.0,222,281,135.15,121.5,285,375,49.37,95->1,36/32/24/32,0,0,160,0,
ksweep,mine,down_peak,302,100,4,10,round-robin,forecast,0,124,846,0.088,ok,138.57,118.5,398,537,187.94,165.5,496,636,49.37,100->1,31/31/31/31,0,0,0,0,
ksweep,mine,down_peak,302,100,4,10,round-robin,forecast,100000,124,610,0.094,ok,112.01,105.0,243,290,161.38,162.5,315,346,49.37,57->1,31/31/31/31,0,0,142,0,
ksweep,mine,down_peak,302,100,4,10,round-robin,forecast,20,124,780,0.084,ok,109.17,103.0,230,348,158.54,153.0,314,443,49.37,96->1,31/31/31/31,0,0,20,0,
ksweep,mine,down_peak,302,100,4,10,round-robin,forecast,320,124,610,0.094,ok,112.01,105.0,243,290,161.38,162.5,315,346,49.37,57->1,31/31/31/31,0,0,142,0,
ksweep,mine,down_peak,302,100,4,10,round-robin,forecast,80,124,662,0.078,ok,104.33,87.5,243,330,153.7,143.0,317,413,49.37,98->15,31/31/31/31,0,0,72,0,
ksweep,mine,down_peak,302,100,4,10,round-robin,forecast,none,124,610,0.092,ok,112.01,105.0,243,290,161.38,162.5,315,346,49.37,57->1,31/31/31/31,0,0,142,0,
ksweep,mine,down_peak,302,30,4,4,forecast,forecast,0,168,459,0.163,ok,19.79,19.0,43,51,33.87,32.0,69,79,14.08,29->1,43/45/45/35,0,0,0,0,
ksweep,mine,down_peak,302,30,4,4,forecast,forecast,100000,168,453,0.127,ok,14.54,12.0,36,48,28.61,27.0,58,71,14.08,8->1,43/45/34/46,0,0,36,0,
ksweep,mine,down_peak,302,30,4,4,forecast,forecast,20,168,447,0.124,ok,14.48,13.0,35,50,28.55,27.0,59,75,14.08,26->1,38/44/37/49,0,0,20,0,
ksweep,mine,down_peak,302,30,4,4,forecast,forecast,320,168,453,0.129,ok,14.54,12.0,36,48,28.61,27.0,58,71,14.08,8->1,43/45/34/46,0,0,36,0,
ksweep,mine,down_peak,302,30,4,4,forecast,forecast,80,168,453,0.135,ok,14.54,12.0,36,48,28.61,27.0,58,71,14.08,8->1,43/45/34/46,0,0,36,0,
ksweep,mine,down_peak,302,30,4,4,forecast,forecast,none,168,453,0.116,ok,14.54,12.0,36,48,28.61,27.0,58,71,14.08,8->1,43/45/34/46,0,0,36,0,
ksweep,mine,down_peak,302,30,4,4,nearest,forecast,0,168,612,0.073,ok,48.36,35.5,159,216,62.44,54.0,174,233,14.08,4->1,42/53/28/45,0,0,0,0,
ksweep,mine,down_peak,302,30,4,4,nearest,forecast,100000,168,468,0.046,ok,25.58,18.0,70,149,39.66,33.0,88,171,14.08,23->1,43/51/44/30,0,0,66,0,
ksweep,mine,down_peak,302,30,4,4,nearest,forecast,20,168,501,0.043,ok,31.12,21.0,101,133,45.2,38.0,117,161,14.08,29->1,36/50/48/34,0,0,20,0,
ksweep,mine,down_peak,302,30,4,4,nearest,forecast,320,168,468,0.04,ok,25.58,18.0,70,149,39.66,33.0,88,171,14.08,23->1,43/51/44/30,0,0,66,0,
ksweep,mine,down_peak,302,30,4,4,nearest,forecast,80,168,468,0.041,ok,25.58,18.0,70,149,39.66,33.0,88,171,14.08,23->1,43/51/44/30,0,0,66,0,
ksweep,mine,down_peak,302,30,4,4,nearest,forecast,none,168,468,0.034,ok,25.58,18.0,70,149,39.66,33.0,88,171,14.08,23->1,43/51/44/30,0,0,66,0,
ksweep,mine,down_peak,302,30,4,4,round-robin,forecast,0,168,534,0.065,ok,49.76,46.0,105,140,63.84,60.0,124,167,14.08,28->1,42/42/42/42,0,0,0,0,
ksweep,mine,down_peak,302,30,4,4,round-robin,forecast,100000,168,492,0.039,ok,34.21,28.5,86,152,48.29,45.0,103,167,14.08,16->1,42/42/42/42,0,0,92,0,
ksweep,mine,down_peak,302,30,4,4,round-robin,forecast,20,168,481,0.046,ok,33.44,30.0,69,106,47.52,45.0,89,134,14.08,29->1,42/42/42/42,0,0,20,0,
ksweep,mine,down_peak,302,30,4,4,round-robin,forecast,320,168,492,0.04,ok,34.21,28.5,86,152,48.29,45.0,103,167,14.08,16->1,42/42/42/42,0,0,92,0,
ksweep,mine,down_peak,302,30,4,4,round-robin,forecast,80,168,492,0.039,ok,34.46,28.5,89,123,48.54,45.0,104,152,14.08,30->1,42/42/42/42,0,0,66,0,
ksweep,mine,down_peak,302,30,4,4,round-robin,forecast,none,168,492,0.042,ok,34.21,28.5,86,152,48.29,45.0,103,167,14.08,16->1,42/42/42/42,0,0,92,0,
ksweep,mine,heavy,301,100,4,10,forecast,forecast,0,707,,90.0,timeout,,,,,,,,,,,,,,,,
ksweep,mine,heavy,301,100,4,10,forecast,forecast,100000,707,,90.0,timeout,,,,,,,,,,,,,,,,
ksweep,mine,heavy,301,100,4,10,forecast,forecast,20,707,,90.0,timeout,,,,,,,,,,,,,,,,
ksweep,mine,heavy,301,100,4,10,forecast,forecast,320,707,,90.0,timeout,,,,,,,,,,,,,,,,
ksweep,mine,heavy,301,100,4,10,forecast,forecast,80,707,,90.0,timeout,,,,,,,,,,,,,,,,
ksweep,mine,heavy,301,100,4,10,forecast,forecast,none,707,,90.0,timeout,,,,,,,,,,,,,,,,
ksweep,mine,heavy,301,100,4,10,nearest,forecast,0,707,1784,38.095,ok,373.61,283,970,1343,412.88,330,1033,1411,39.27,67->1,242/90/157/218,0,0,0,0,
ksweep,mine,heavy,301,100,4,10,nearest,forecast,100000,707,1512,31.474,ok,319.86,231,943,1106,359.13,273,986,1162,39.27,57->1,225/120/235/127,0,0,578,0,
ksweep,mine,heavy,301,100,4,10,nearest,forecast,20,707,2230,53.993,ok,406.57,225,1251,1773,445.83,290,1285,1849,39.27,6->82,196/82/314/115,0,0,20,0,
ksweep,mine,heavy,301,100,4,10,nearest,forecast,320,707,1609,31.085,ok,323.01,228,976,1218,362.28,270,1029,1232,39.27,46->32,237/120/225/125,0,0,320,0,
ksweep,mine,heavy,301,100,4,10,nearest,forecast,80,707,1640,31.894,ok,322.95,229,926,1177,362.22,265,994,1243,39.27,36->87,225/120/235/127,0,0,80,0,
ksweep,mine,heavy,301,100,4,10,nearest,forecast,none,707,1512,31.003,ok,319.86,231,943,1106,359.13,273,986,1162,39.27,57->1,225/120/235/127,0,0,578,0,
ksweep,mine,heavy,301,100,4,10,round-robin,forecast,0,707,1373,26.916,ok,332.57,268,798,954,371.84,299,856,1023,39.27,1->70,177/177/177/176,0,0,0,0,
ksweep,mine,heavy,301,100,4,10,round-robin,forecast,100000,707,1415,24.264,ok,288.51,242,706,1001,327.78,284,752,1047,39.27,24->70,177/177/177/176,0,0,214,0,
ksweep,mine,heavy,301,100,4,10,round-robin,forecast,20,707,1553,25.268,ok,301.82,261,668,1067,341.09,298,737,1156,39.27,1->85,177/177/177/176,0,0,20,0,
ksweep,mine,heavy,301,100,4,10,round-robin,forecast,320,707,1415,24.353,ok,288.51,242,706,1001,327.78,284,752,1047,39.27,24->70,177/177/177/176,0,0,214,0,
ksweep,mine,heavy,301,100,4,10,round-robin,forecast,80,707,1279,24.226,ok,291.48,248,698,859,330.74,287,748,935,39.27,24->70,177/177/177/176,0,0,80,0,
ksweep,mine,heavy,301,100,4,10,round-robin,forecast,none,707,1415,24.104,ok,288.51,242,706,1001,327.78,284,752,1047,39.27,24->70,177/177/177/176,0,0,214,0,
ksweep,mine,heavy,301,30,4,4,forecast,forecast,0,780,748,55.817,ok,124.67,109.0,285,338,136.5,120.0,305,362,11.83,29->5,196/200/185/199,0,0,0,0,
ksweep,mine,heavy,301,30,4,4,forecast,forecast,100000,780,760,53.579,ok,124.89,102.0,292,402,136.72,114.0,312,416,11.83,16->2,201/191/196/192,0,0,168,0,
ksweep,mine,heavy,301,30,4,4,forecast,forecast,20,780,768,56.278,ok,128.16,111.0,294,348,139.99,123.0,311,374,11.83,27->1,207/187/208/178,0,0,20,0,
ksweep,mine,heavy,301,30,4,4,forecast,forecast,320,780,760,53.888,ok,124.89,102.0,292,402,136.72,114.0,312,416,11.83,16->2,201/191/196/192,0,0,168,0,
ksweep,mine,heavy,301,30,4,4,forecast,forecast,80,780,778,54.377,ok,125.68,104.0,292,365,137.51,118.0,314,388,11.83,24->1,193/197/189/201,0,0,80,0,
ksweep,mine,heavy,301,30,4,4,forecast,forecast,none,780,760,52.977,ok,124.89,102.0,292,402,136.72,114.0,312,416,11.83,16->2,201/191/196/192,0,0,168,0,
ksweep,mine,heavy,301,30,4,4,nearest,forecast,0,780,1012,17.479,ok,174.45,143.0,465,631,186.27,151.0,478,646,11.83,30->15,199/181/181/219,0,0,0,0,
ksweep,mine,heavy,301,30,4,4,nearest,forecast,100000,780,1028,20.61,ok,180.87,142.5,479,656,192.7,155.5,495,671,11.83,7->22,230/176/232/142,0,0,186,0,
ksweep,mine,heavy,301,30,4,4,nearest,forecast,20,780,1175,22.902,ok,179.41,127.5,534,769,191.24,138.0,546,791,11.83,23->1,171/144/281/184,0,0,20,0,
ksweep,mine,heavy,301,30,4,4,nearest,forecast,320,780,1028,20.685,ok,180.87,142.5,479,656,192.7,155.5,495,671,11.83,7->22,230/176/232/142,0,0,186,0,
ksweep,mine,heavy,301,30,4,4,nearest,forecast,80,780,1024,20.941,ok,190.68,144.0,509,611,202.51,159.5,519,634,11.83,24->1,193/259/128/200,0,0,80,0,
ksweep,mine,heavy,301,30,4,4,nearest,forecast,none,780,1028,20.782,ok,180.87,142.5,479,656,192.7,155.5,495,671,11.83,7->22,230/176/232/142,0,0,186,0,
ksweep,mine,heavy,301,30,4,4,round-robin,forecast,0,780,998,18.553,ok,187.86,159.5,439,588,199.68,171.5,454,612,11.83,29->5,195/195/195/195,0,0,0,0,
ksweep,mine,heavy,301,30,4,4,round-robin,forecast,100000,780,914,16.126,ok,169.83,138.0,409,525,181.65,148.5,421,540,11.83,16->1,195/195/195/195,0,0,136,0,
ksweep,mine,heavy,301,30,4,4,round-robin,forecast,20,780,939,16.399,ok,175.27,149.0,410,531,187.09,161.5,426,544,11.83,1->14,195/195/195/195,0,0,20,0,
ksweep,mine,heavy,301,30,4,4,round-robin,forecast,320,780,914,15.978,ok,169.83,138.0,409,525,181.65,148.5,421,540,11.83,16->1,195/195/195/195,0,0,136,0,
ksweep,mine,heavy,301,30,4,4,round-robin,forecast,80,780,898,16.269,ok,169.83,138.0,394,497,181.66,153.5,414,521,11.83,26->2,195/195/195/195,0,0,80,0,
ksweep,mine,heavy,301,30,4,4,round-robin,forecast,none,780,914,15.708,ok,169.83,138.0,409,525,181.65,148.5,421,540,11.83,16->1,195/195/195/195,0,0,136,0,
ksweep,mine,heavy,302,100,4,10,forecast,forecast,0,695,,90.0,timeout,,,,,,,,,,,,,,,,
ksweep,mine,heavy,302,100,4,10,forecast,forecast,100000,695,,90.0,timeout,,,,,,,,,,,,,,,,
ksweep,mine,heavy,302,100,4,10,forecast,forecast,20,695,,90.0,timeout,,,,,,,,,,,,,,,,
ksweep,mine,heavy,302,100,4,10,forecast,forecast,320,695,,90.0,timeout,,,,,,,,,,,,,,,,
ksweep,mine,heavy,302,100,4,10,forecast,forecast,80,695,,90.0,timeout,,,,,,,,,,,,,,,,
ksweep,mine,heavy,302,100,4,10,forecast,forecast,none,695,,90.0,timeout,,,,,,,,,,,,,,,,
ksweep,mine,heavy,302,100,4,10,nearest,forecast,0,695,1734,24.674,ok,326.81,237,877,1352,367.88,276,931,1413,41.06,38->88,191/218/158/128,0,0,0,0,
ksweep,mine,heavy,302,100,4,10,nearest,forecast,100000,695,1824,48.218,ok,355.17,260,994,1393,396.23,295,1061,1468,41.06,76->1,108/160/280/147,0,0,394,0,
ksweep,mine,heavy,302,100,4,10,nearest,forecast,20,695,1883,40.8,ok,367.12,228,1168,1447,408.18,274,1223,1489,41.06,42->1,126/229/82/258,0,0,20,0,
ksweep,mine,heavy,302,100,4,10,nearest,forecast,320,695,1674,45.235,ok,343.52,256,988,1243,384.59,293,1059,1318,41.06,76->1,122/161/276/136,0,0,320,0,
ksweep,mine,heavy,302,100,4,10,nearest,forecast,80,695,1710,47.485,ok,358.9,257,1013,1303,399.96,293,1081,1354,41.06,59->31,108/160/280/147,0,0,78,0,
ksweep,mine,heavy,302,100,4,10,nearest,forecast,none,695,1824,47.099,ok,355.17,260,994,1393,396.23,295,1061,1468,41.06,76->1,108/160/280/147,0,0,394,0,
ksweep,mine,heavy,302,100,4,10,round-robin,forecast,0,695,1463,25.603,ok,330.34,305,761,975,371.41,343,810,1066,41.06,92->1,174/174/174/173,0,0,0,0,
ksweep,mine,heavy,302,100,4,10,round-robin,forecast,100000,695,1341,24.171,ok,294.3,247,692,886,335.37,286,739,950,41.06,25->35,174/174/174/173,0,0,312,0,
ksweep,mine,heavy,302,100,4,10,round-robin,forecast,20,695,1445,24.317,ok,303.9,256,695,955,344.97,302,757,1054,41.06,1->100,174/174/174/173,0,0,20,0,
ksweep,mine,heavy,302,100,4,10,round-robin,forecast,320,695,1341,24.019,ok,294.3,247,692,886,335.37,286,739,950,41.06,25->35,174/174/174/173,0,0,312,0,
ksweep,mine,heavy,302,100,4,10,round-robin,forecast,80,695,1245,24.46,ok,290.0,248,665,834,331.06,287,721,882,41.06,56->14,174/174/174/173,0,0,80,0,
ksweep,mine,heavy,302,100,4,10,round-robin,forecast,none,695,1341,24.038,ok,294.3,247,692,886,335.37,286,739,950,41.06,25->35,174/174/174/173,0,0,312,0,
ksweep,mine,heavy,302,30,4,4,forecast,forecast,0,699,674,35.208,ok,106.05,93,241,271,117.69,105,258,294,11.64,20->2,172/164/175/188,0,0,0,0,
ksweep,mine,heavy,302,30,4,4,forecast,forecast,100000,699,675,31.906,ok,97.47,80,229,296,109.1,92,249,310,11.64,15->29,179/170/190/160,0,0,62,0,
ksweep,mine,heavy,302,30,4,4,forecast,forecast,20,699,669,30.344,ok,96.47,83,225,270,108.11,95,244,282,11.64,19->10,175/169/179/176,0,0,20,0,
ksweep,mine,heavy,302,30,4,4,forecast,forecast,320,699,675,30.718,ok,97.47,80,229,296,109.1,92,249,310,11.64,15->29,179/170/190/160,0,0,62,0,
ksweep,mine,heavy,302,30,4,4,forecast,forecast,80,699,675,30.309,ok,97.47,80,229,296,109.1,92,249,310,11.64,15->29,179/170/190/160,0,0,62,0,
ksweep,mine,heavy,302,30,4,4,forecast,forecast,none,699,675,31.504,ok,97.47,80,229,296,109.1,92,249,310,11.64,15->29,179/170/190/160,0,0,62,0,
ksweep,mine,heavy,302,30,4,4,nearest,forecast,0,699,828,9.96,ok,143.87,125,356,435,155.51,135,370,463,11.64,29->1,160/183/177/179,0,0,0,0,
ksweep,mine,heavy,302,30,4,4,nearest,forecast,100000,699,947,14.945,ok,147.88,113,455,649,159.51,121,476,661,11.64,16->28,165/224/113/197,0,0,120,0,
ksweep,mine,heavy,302,30,4,4,nearest,forecast,20,699,974,11.479,ok,141.69,112,381,556,153.33,124,399,585,11.64,30->1,177/123/225/174,0,0,20,0,
ksweep,mine,heavy,302,30,4,4,nearest,forecast,320,699,947,14.906,ok,147.88,113,455,649,159.51,121,476,661,11.64,16->28,165/224/113/197,0,0,120,0,
ksweep,mine,heavy,302,30,4,4,nearest,forecast,80,699,954,15.073,ok,148.84,111,417,606,160.47,121,436,619,11.64,15->28,177/239/135/148,0,0,80,0,
ksweep,mine,heavy,302,30,4,4,nearest,forecast,none,699,947,14.768,ok,147.88,113,455,649,159.51,121,476,661,11.64,16->28,165/224/113/197,0,0,120,0,
ksweep,mine,heavy,302,30,4,4,round-robin,forecast,0,699,847,9.721,ok,141.74,124,329,445,153.37,134,351,459,11.64,1->13,175/175/175/174,0,0,0,0,
ksweep,mine,heavy,302,30,4,4,round-robin,forecast,100000,699,821,9.469,ok,136.87,121,319,422,148.5,136,337,439,11.64,18->1,175/175/175/174,0,0,212,0,
ksweep,mine,heavy,302,30,4,4,round-robin,forecast,20,699,824,9.707,ok,140.01,120,329,415,151.65,131,349,435,11.64,1->13,175/175/175/174,0,0,20,0,
ksweep,mine,heavy,302,30,4,4,round-robin,forecast,320,699,821,9.461,ok,136.87,121,319,422,148.5,136,337,439,11.64,18->1,175/175/175/174,0,0,212,0,
ksweep,mine,heavy,302,30,4,4,round-robin,forecast,80,699,821,9.789,ok,138.25,122,323,419,149.89,135,338,431,11.64,1->13,175/175/175/174,0,0,80,0,
ksweep,mine,heavy,302,30,4,4,round-robin,forecast,none,699,821,9.325,ok,136.87,121,319,422,148.5,136,337,439,11.64,18->1,175/175/175/174,0,0,212,0,
ksweep,mine,hot_floor,301,100,4,10,forecast,forecast,0,146,486,0.275,ok,32.78,28.0,77,100,64.49,62.5,118,141,31.71,100->87,38/35/32/41,0,0,0,0,
ksweep,mine,hot_floor,301,100,4,10,forecast,forecast,100000,146,479,0.255,ok,30.99,25.5,73,131,62.71,62.5,128,165,31.71,41->75,42/27/39/38,0,0,58,0,
ksweep,mine,hot_floor,301,100,4,10,forecast,forecast,20,146,503,0.36,ok,42.03,42.5,89,117,73.75,71.5,135,188,31.71,4->75,52/25/41/28,0,0,16,0,
ksweep,mine,hot_floor,301,100,4,10,forecast,forecast,320,146,479,0.247,ok,30.99,25.5,73,131,62.71,62.5,128,165,31.71,41->75,42/27/39/38,0,0,58,0,
ksweep,mine,hot_floor,301,100,4,10,forecast,forecast,80,146,479,0.246,ok,30.99,25.5,73,131,62.71,62.5,128,165,31.71,41->75,42/27/39/38,0,0,58,0,
ksweep,mine,hot_floor,301,100,4,10,forecast,forecast,none,146,479,0.245,ok,30.99,25.5,73,131,62.71,62.5,128,165,31.71,41->75,42/27/39/38,0,0,58,0,
ksweep,mine,hot_floor,301,100,4,10,nearest,forecast,0,146,763,0.229,ok,95.26,64.0,298,448,126.97,96.5,348,462,31.71,75->89,41/30/20/55,0,0,0,0,
ksweep,mine,hot_floor,301,100,4,10,nearest,forecast,100000,146,522,0.095,ok,53.04,39.5,136,231,84.75,73.5,175,281,31.71,8->11,51/39/28/28,0,0,196,0,
ksweep,mine,hot_floor,301,100,4,10,nearest,forecast,20,146,671,0.12,ok,69.98,48.5,192,252,101.69,76.5,237,325,31.71,99->26,48/19/47/32,0,0,20,0,
ksweep,mine,hot_floor,301,100,4,10,nearest,forecast,320,146,522,0.095,ok,53.04,39.5,136,231,84.75,73.5,175,281,31.71,8->11,51/39/28/28,0,0,196,0,
ksweep,mine,hot_floor,301,100,4,10,nearest,forecast,80,146,630,0.091,ok,50,31.0,155,211,81.71,66.0,181,284,31.71,99->26,53/35/36/22,0,0,66,0,
ksweep,mine,hot_floor,301,100,4,10,nearest,forecast,none,146,522,0.094,ok,53.04,39.5,136,231,84.75,73.5,175,281,31.71,8->11,51/39/28/28,0,0,196,0,
ksweep,mine,hot_floor,301,100,4,10,round-robin,forecast,0,146,767,0.171,ok,126.23,108.5,302,469,157.94,139.5,332,480,31.71,75->86,37/37/36/36,0,0,0,0,
ksweep,mine,hot_floor,301,100,4,10,round-robin,forecast,100000,146,580,0.117,ok,83.94,83.0,160,184,115.65,118.5,197,225,31.71,44->75,37/37/36/36,0,0,76,0,
ksweep,mine,hot_floor,301,100,4,10,round-robin,forecast,20,146,602,0.136,ok,99.53,101.5,204,282,131.24,129.0,223,338,31.71,92->93,37/37/36/36,0,0,20,0,
ksweep,mine,hot_floor,301,100,4,10,round-robin,forecast,320,146,580,0.1,ok,83.94,83.0,160,184,115.65,118.5,197,225,31.71,44->75,37/37/36/36,0,0,76,0,
ksweep,mine,hot_floor,301,100,4,10,round-robin,forecast,80,146,580,0.091,ok,83.94,83.0,160,184,115.65,118.5,197,225,31.71,44->75,37/37/36/36,0,0,76,0,
ksweep,mine,hot_floor,301,100,4,10,round-robin,forecast,none,146,580,0.112,ok,83.94,83.0,160,184,115.65,118.5,197,225,31.71,44->75,37/37/36/36,0,0,76,0,
ksweep,mine,hot_floor,301,30,4,4,forecast,forecast,0,162,413,0.08,ok,6.93,5.0,19,26,16.67,17.0,30,52,9.74,30->21,37/39/42/44,0,0,0,0,
ksweep,mine,hot_floor,301,30,4,4,forecast,forecast,100000,162,417,0.077,ok,6.69,6.0,18,25,16.43,15.0,30,38,9.74,29->22,34/46/41/41,0,0,12,0,
ksweep,mine,hot_floor,301,30,4,4,forecast,forecast,20,162,417,0.071,ok,6.69,6.0,18,25,16.43,15.0,30,38,9.74,29->22,34/46/41/41,0,0,12,0,
ksweep,mine,hot_floor,301,30,4,4,forecast,forecast,320,162,417,0.077,ok,6.69,6.0,18,25,16.43,15.0,30,38,9.74,29->22,34/46/41/41,0,0,12,0,
ksweep,mine,hot_floor,301,30,4,4,forecast,forecast,80,162,417,0.075,ok,6.69,6.0,18,25,16.43,15.0,30,38,9.74,29->22,34/46/41/41,0,0,12,0,
ksweep,mine,hot_floor,301,30,4,4,forecast,forecast,none,162,417,0.082,ok,6.69,6.0,18,25,16.43,15.0,30,38,9.74,29->22,34/46/41/41,0,0,12,0,
ksweep,mine,hot_floor,301,30,4,4,nearest,forecast,0,162,456,0.029,ok,14.43,7.0,48,66,24.17,19.0,57,93,9.74,2->29,44/43/40/35,0,0,0,0,
ksweep,mine,hot_floor,301,30,4,4,nearest,forecast,100000,162,451,0.016,ok,8.16,5.0,27,56,17.9,15.5,40,69,9.74,22->9,41/41/47/33,0,0,16,0,
ksweep,mine,hot_floor,301,30,4,4,nearest,forecast,20,162,451,0.018,ok,8.16,5.0,27,56,17.9,15.5,40,69,9.74,22->9,41/41/47/33,0,0,16,0,
ksweep,mine,hot_floor,301,30,4,4,nearest,forecast,320,162,451,0.016,ok,8.16,5.0,27,56,17.9,15.5,40,69,9.74,22->9,41/41/47/33,0,0,16,0,
ksweep,mine,hot_floor,301,30,4,4,nearest,forecast,80,162,451,0.017,ok,8.16,5.0,27,56,17.9,15.5,40,69,9.74,22->9,41/41/47/33,0,0,16,0,
ksweep,mine,hot_floor,301,30,4,4,nearest,forecast,none,162,451,0.016,ok,8.16,5.0,27,56,17.9,15.5,40,69,9.74,22->9,41/41/47/33,0,0,16,0,
ksweep,mine,hot_floor,301,30,4,4,round-robin,forecast,0,162,466,0.028,ok,27.62,25.5,59,96,37.36,33.5,77,104,9.74,22->30,41/41/40/40,0,0,0,0,
ksweep,mine,hot_floor,301,30,4,4,round-robin,forecast,100000,162,432,0.023,ok,21.36,20.0,51,71,31.1,29.0,68,82,9.74,13->8,41/41/40/40,0,0,38,0,
ksweep,mine,hot_floor,301,30,4,4,round-robin,forecast,20,162,447,0.032,ok,22.41,21.0,49,54,32.15,30.0,64,76,9.74,26->15,41/41/40/40,0,0,20,0,
ksweep,mine,hot_floor,301,30,4,4,round-robin,forecast,320,162,432,0.022,ok,21.36,20.0,51,71,31.1,29.0,68,82,9.74,13->8,41/41/40/40,0,0,38,0,
ksweep,mine,hot_floor,301,30,4,4,round-robin,forecast,80,162,432,0.031,ok,21.36,20.0,51,71,31.1,29.0,68,82,9.74,13->8,41/41/40/40,0,0,38,0,
ksweep,mine,hot_floor,301,30,4,4,round-robin,forecast,none,162,432,0.028,ok,21.36,20.0,51,71,31.1,29.0,68,82,9.74,13->8,41/41/40/40,0,0,38,0,
ksweep,mine,hot_floor,302,100,4,10,forecast,forecast,0,152,491,0.27,ok,33.67,31.0,83,98,62.15,62.5,121,148,28.48,26->72,57/29/31/35,0,0,0,0,
ksweep,mine,hot_floor,302,100,4,10,forecast,forecast,100000,152,488,0.284,ok,32.97,26.5,88,177,61.45,56.0,139,229,28.48,23->75,44/33/34/41,0,0,88,0,
ksweep,mine,hot_floor,302,100,4,10,forecast,forecast,20,152,465,0.266,ok,34.27,27.0,94,108,62.75,55.5,139,166,28.48,50->75,42/42/33/35,0,0,20,0,
ksweep,mine,hot_floor,302,100,4,10,forecast,forecast,320,152,488,0.253,ok,32.97,26.5,88,177,61.45,56.0,139,229,28.48,23->75,44/33/34/41,0,0,88,0,
ksweep,mine,hot_floor,302,100,4,10,forecast,forecast,80,152,486,0.274,ok,33.52,29.0,88,153,62,55.5,139,205,28.48,23->75,43/39/40/30,0,0,64,0,
ksweep,mine,hot_floor,302,100,4,10,forecast,forecast,none,152,488,0.299,ok,32.97,26.5,88,177,61.45,56.0,139,229,28.48,23->75,44/33/34/41,0,0,88,0,
ksweep,mine,hot_floor,302,100,4,10,nearest,forecast,0,152,858,0.197,ok,114.97,75.0,343,479,143.45,103.5,384,527,28.48,54->6,49/23/33/47,0,0,0,0,
ksweep,mine,hot_floor,302,100,4,10,nearest,forecast,100000,152,649,0.118,ok,54.99,38.5,164,232,83.47,67.0,196,269,28.48,93->56,52/23/29/48,0,0,142,0,
ksweep,mine,hot_floor,302,100,4,10,nearest,forecast,20,152,615,0.128,ok,62.22,43.0,188,234,90.7,74.5,223,306,28.48,75->3,44/32/34/42,0,0,20,0,
ksweep,mine,hot_floor,302,100,4,10,nearest,forecast,320,152,649,0.109,ok,54.99,38.5,164,232,83.47,67.0,196,269,28.48,93->56,52/23/29/48,0,0,142,0,
ksweep,mine,hot_floor,302,100,4,10,nearest,forecast,80,152,586,0.115,ok,52.64,38.5,155,199,81.12,65.5,191,241,28.48,33->75,49/31/33/39,0,0,78,0,
ksweep,mine,hot_floor,302,100,4,10,nearest,forecast,none,152,649,0.116,ok,54.99,38.5,164,232,83.47,67.0,196,269,28.48,93->56,52/23/29/48,0,0,142,0,
ksweep,mine,hot_floor,302,100,4,10,round-robin,forecast,0,152,696,0.107,ok,93.26,84.5,188,287,121.74,115.0,227,323,28.48,23->5,38/38/38/38,0,0,0,0,
ksweep,mine,hot_floor,302,100,4,10,round-robin,forecast,100000,152,568,0.101,ok,89.76,88.5,172,219,118.24,118.5,217,261,28.48,33->75,38/38/38/38,0,0,130,0,
ksweep,mine,hot_floor,302,100,4,10,round-robin,forecast,20,152,660,0.108,ok,84.82,77.0,186,261,113.3,105.5,227,266,28.48,5->6,38/38/38/38,0,0,18,0,
ksweep,mine,hot_floor,302,100,4,10,round-robin,forecast,320,152,568,0.111,ok,89.76,88.5,172,219,118.24,118.5,217,261,28.48,33->75,38/38/38/38,0,0,130,0,
ksweep,mine,hot_floor,302,100,4,10,round-robin,forecast,80,152,593,0.105,ok,88.18,85.0,172,216,116.66,114.0,207,248,28.48,31->63,38/38/38/38,0,0,78,0,
ksweep,mine,hot_floor,302,100,4,10,round-robin,forecast,none,152,568,0.119,ok,89.76,88.5,172,219,118.24,118.5,217,261,28.48,33->75,38/38/38/38,0,0,130,0,
ksweep,mine,hot_floor,302,30,4,4,forecast,forecast,0,151,415,0.069,ok,7.78,7,20,25,15.75,15,31,44,7.97,1->6,51/35/37/28,0,0,0,0,
ksweep,mine,hot_floor,302,30,4,4,forecast,forecast,100000,151,415,0.072,ok,6.69,6,18,24,14.66,13,32,42,7.97,28->22,40/44/40/27,0,0,6,0,
ksweep,mine,hot_floor,302,30,4,4,forecast,forecast,20,151,415,0.068,ok,6.69,6,18,24,14.66,13,32,42,7.97,28->22,40/44/40/27,0,0,6,0,
ksweep,mine,hot_floor,302,30,4,4,forecast,forecast,320,151,415,0.072,ok,6.69,6,18,24,14.66,13,32,42,7.97,28->22,40/44/40/27,0,0,6,0,
ksweep,mine,hot_floor,302,30,4,4,forecast,forecast,80,151,415,0.07,ok,6.69,6,18,24,14.66,13,32,42,7.97,28->22,40/44/40/27,0,0,6,0,
ksweep,mine,hot_floor,302,30,4,4,forecast,forecast,none,151,415,0.072,ok,6.69,6,18,24,14.66,13,32,42,7.97,28->22,40/44/40/27,0,0,6,0,
ksweep,mine,hot_floor,302,30,4,4,nearest,forecast,0,151,430,0.02,ok,10.83,6,41,51,18.81,16,46,68,7.97,1->9,43/43/33/32,0,0,0,0,
ksweep,mine,hot_floor,302,30,4,4,nearest,forecast,100000,151,413,0.014,ok,7.07,5,23,45,15.05,13,34,63,7.97,22->4,44/36/42/29,0,0,26,0,
ksweep,mine,hot_floor,302,30,4,4,nearest,forecast,20,151,407,0.014,ok,7.07,5,22,45,15.05,13,35,57,7.97,27->22,41/38/37/35,0,0,14,0,
ksweep,mine,hot_floor,302,30,4,4,nearest,forecast,320,151,413,0.014,ok,7.07,5,23,45,15.05,13,34,63,7.97,22->4,44/36/42/29,0,0,26,0,
ksweep,mine,hot_floor,302,30,4,4,nearest,forecast,80,151,413,0.014,ok,7.07,5,23,45,15.05,13,34,63,7.97,22->4,44/36/42/29,0,0,26,0,
ksweep,mine,hot_floor,302,30,4,4,nearest,forecast,none,151,413,0.026,ok,7.07,5,23,45,15.05,13,34,63,7.97,22->4,44/36/42/29,0,0,26,0,
ksweep,mine,hot_floor,302,30,4,4,round-robin,forecast,0,151,436,0.02,ok,22.19,19,47,74,30.17,28,63,94,7.97,6->26,38/38/38/37,0,0,0,0,
ksweep,mine,hot_floor,302,30,4,4,round-robin,forecast,100000,151,415,0.021,ok,18.24,13,48,57,26.21,22,62,79,7.97,11->3,38/38/38/37,0,0,34,0,
ksweep,mine,hot_floor,302,30,4,4,round-robin,forecast,20,151,417,0.025,ok,18.62,15,48,57,26.59,25,54,79,7.97,1->13,38/38/38/37,0,0,20,0,
ksweep,mine,hot_floor,302,30,4,4,round-robin,forecast,320,151,415,0.018,ok,18.24,13,48,57,26.21,22,62,79,7.97,11->3,38/38/38/37,0,0,34,0,
ksweep,mine,hot_floor,302,30,4,4,round-robin,forecast,80,151,415,0.03,ok,18.24,13,48,57,26.21,22,62,79,7.97,11->3,38/38/38/37,0,0,34,0,
ksweep,mine,hot_floor,302,30,4,4,round-robin,forecast,none,151,415,0.017,ok,18.24,13,48,57,26.21,22,62,79,7.97,11->3,38/38/38/37,0,0,34,0,
ksweep,mine,interfloor,301,100,4,10,forecast,forecast,0,156,516,0.343,ok,36.64,35.0,74,93,69.63,71.0,122,161,32.99,98->89,43/42/33/38,0,0,0,0,
ksweep,mine,interfloor,301,100,4,10,forecast,forecast,100000,156,509,0.35,ok,34.76,32.0,81,113,67.75,66.5,119,167,32.99,98->89,34/39/47/36,0,0,20,0,
ksweep,mine,interfloor,301,100,4,10,forecast,forecast,20,156,509,0.355,ok,34.76,32.0,81,113,67.75,66.5,119,167,32.99,98->89,34/39/47/36,0,0,20,0,
ksweep,mine,interfloor,301,100,4,10,forecast,forecast,320,156,509,0.361,ok,34.76,32.0,81,113,67.75,66.5,119,167,32.99,98->89,34/39/47/36,0,0,20,0,
ksweep,mine,interfloor,301,100,4,10,forecast,forecast,80,156,509,0.327,ok,34.76,32.0,81,113,67.75,66.5,119,167,32.99,98->89,34/39/47/36,0,0,20,0,
ksweep,mine,interfloor,301,100,4,10,forecast,forecast,none,156,509,0.35,ok,34.76,32.0,81,113,67.75,66.5,119,167,32.99,98->89,34/39/47/36,0,0,20,0,
ksweep,mine,interfloor,301,100,4,10,nearest,forecast,0,156,973,0.215,ok,116.44,56.5,395,573,149.43,93.0,472,646,32.99,14->87,34/28/61/33,0,0,0,0,
ksweep,mine,interfloor,301,100,4,10,nearest,forecast,100000,156,546,0.106,ok,53.13,34.0,166,202,86.13,75.0,206,230,32.99,42->62,46/30/38/42,0,0,64,0,
ksweep,mine,interfloor,301,100,4,10,nearest,forecast,20,156,624,0.168,ok,67.47,40.0,229,277,100.47,75.0,254,305,32.99,98->89,58/31/30/37,0,0,20,0,
ksweep,mine,interfloor,301,100,4,10,nearest,forecast,320,156,546,0.11,ok,53.13,34.0,166,202,86.13,75.0,206,230,32.99,42->62,46/30/38/42,0,0,64,0,
ksweep,mine,interfloor,301,100,4,10,nearest,forecast,80,156,546,0.101,ok,53.13,34.0,166,202,86.13,75.0,206,230,32.99,42->62,46/30/38/42,0,0,64,0,
ksweep,mine,interfloor,301,100,4,10,nearest,forecast,none,156,546,0.119,ok,53.13,34.0,166,202,86.13,75.0,206,230,32.99,42->62,46/30/38/42,0,0,64,0,
ksweep,mine,interfloor,301,100,4,10,round-robin,forecast,0,156,931,0.206,ok,148.42,128.0,373,529,181.41,158.5,445,543,32.99,4->18,39/39/39/39,0,0,0,0,
ksweep,mine,interfloor,301,100,4,10,round-robin,forecast,100000,156,583,0.156,ok,92.35,93.0,174,188,125.35,125.0,221,247,32.99,54->18,39/39/39/39,0,0,68,0,
ksweep,mine,interfloor,301,100,4,10,round-robin,forecast,20,156,622,0.168,ok,101.96,93.5,222,297,134.95,129.5,280,319,32.99,8->3,39/39/39/39,0,0,20,0,
ksweep,mine,interfloor,301,100,4,10,round-robin,forecast,320,156,583,0.151,ok,92.35,93.0,174,188,125.35,125.0,221,247,32.99,54->18,39/39/39/39,0,0,68,0,
ksweep,mine,interfloor,301,100,4,10,round-robin,forecast,80,156,583,0.168,ok,92.35,93.0,174,188,125.35,125.0,221,247,32.99,54->18,39/39/39/39,0,0,68,0,
ksweep,mine,interfloor,301,100,4,10,round-robin,forecast,none,156,583,0.16,ok,92.35,93.0,174,188,125.35,125.0,221,247,32.99,54->18,39/39/39/39,0,0,68,0,
ksweep,mine,interfloor,301,30,4,4,forecast,forecast,0,154,410,0.086,ok,6.94,5.0,19,29,16.77,16.0,35,50,9.82,30->9,37/43/35/39,0,0,0,0,
ksweep,mine,interfloor,301,30,4,4,forecast,forecast,100000,154,409,0.067,ok,6.7,5.0,19,36,16.53,15.0,35,56,9.82,8->28,41/42/33/38,0,0,16,0,
ksweep,mine,interfloor,301,30,4,4,forecast,forecast,20,154,409,0.082,ok,6.7,5.0,19,36,16.53,15.0,35,56,9.82,8->28,41/42/33/38,0,0,16,0,
ksweep,mine,interfloor,301,30,4,4,forecast,forecast,320,154,409,0.085,ok,6.7,5.0,19,36,16.53,15.0,35,56,9.82,8->28,41/42/33/38,0,0,16,0,
ksweep,mine,interfloor,301,30,4,4,forecast,forecast,80,154,409,0.069,ok,6.7,5.0,19,36,16.53,15.0,35,56,9.82,8->28,41/42/33/38,0,0,16,0,
ksweep,mine,interfloor,301,30,4,4,forecast,forecast,none,154,409,0.073,ok,6.7,5.0,19,36,16.53,15.0,35,56,9.82,8->28,41/42/33/38,0,0,16,0,
ksweep,mine,interfloor,301,30,4,4,nearest,forecast,0,154,409,0.023,ok,16.12,10.0,58,81,25.94,20.5,72,103,9.82,28->6,39/46/35/34,0,0,0,0,
ksweep,mine,interfloor,301,30,4,4,nearest,forecast,100000,154,410,0.02,ok,6.4,5.0,20,40,16.23,15.0,38,50,9.82,22->15,39/39/32/44,0,0,28,0,
ksweep,mine,interfloor,301,30,4,4,nearest,forecast,20,154,409,0.016,ok,8.96,6.0,26,58,18.79,17.0,41,80,9.82,28->6,48/36/35/35,0,0,16,0,
ksweep,mine,interfloor,301,30,4,4,nearest,forecast,320,154,410,0.014,ok,6.4,5.0,20,40,16.23,15.0,38,50,9.82,22->15,39/39/32/44,0,0,28,0,
ksweep,mine,interfloor,301,30,4,4,nearest,forecast,80,154,410,0.02,ok,6.4,5.0,20,40,16.23,15.0,38,50,9.82,22->15,39/39/32/44,0,0,28,0,
ksweep,mine,interfloor,301,30,4,4,nearest,forecast,none,154,410,0.014,ok,6.4,5.0,20,40,16.23,15.0,38,50,9.82,22->15,39/39/32/44,0,0,28,0,
ksweep,mine,interfloor,301,30,4,4,round-robin,forecast,0,154,433,0.026,ok,27.39,27.5,61,77,37.21,37.0,69,93,9.82,3->13,39/39/38/38,0,0,0,0,
ksweep,mine,interfloor,301,30,4,4,round-robin,forecast,100000,154,432,0.021,ok,22.64,20.0,48,73,32.46,30.5,60,93,9.82,1->21,39/39/38/38,0,0,38,0,
ksweep,mine,interfloor,301,30,4,4,round-robin,forecast,20,154,436,0.02,ok,21.77,18.0,53,62,31.59,28.0,63,79,9.82,29->14,39/39/38/38,0,0,20,0,
ksweep,mine,interfloor,301,30,4,4,round-robin,forecast,320,154,432,0.021,ok,22.64,20.0,48,73,32.46,30.5,60,93,9.82,1->21,39/39/38/38,0,0,38,0,
ksweep,mine,interfloor,301,30,4,4,round-robin,forecast,80,154,432,0.026,ok,22.64,20.0,48,73,32.46,30.5,60,93,9.82,1->21,39/39/38/38,0,0,38,0,
ksweep,mine,interfloor,301,30,4,4,round-robin,forecast,none,154,432,0.022,ok,22.64,20.0,48,73,32.46,30.5,60,93,9.82,1->21,39/39/38/38,0,0,38,0,
ksweep,mine,interfloor,302,100,4,10,forecast,forecast,0,165,551,0.465,ok,49.46,45,103,127,82.36,81,159,176,32.9,3->22,38/55/38/34,0,0,0,0,
ksweep,mine,interfloor,302,100,4,10,forecast,forecast,100000,165,477,0.416,ok,35.24,29,83,170,68.13,65,133,174,32.9,63->59,35/54/30/46,0,0,82,0,
ksweep,mine,interfloor,302,100,4,10,forecast,forecast,20,165,519,0.319,ok,29.38,28,65,93,62.28,56,124,150,32.9,94->96,43/44/47/31,0,0,20,0,
ksweep,mine,interfloor,302,100,4,10,forecast,forecast,320,165,477,0.38,ok,35.24,29,83,170,68.13,65,133,174,32.9,63->59,35/54/30/46,0,0,82,0,
ksweep,mine,interfloor,302,100,4,10,forecast,forecast,80,165,552,0.377,ok,37.61,31,93,156,70.5,65,151,181,32.9,63->59,35/55/29/46,0,0,68,0,
ksweep,mine,interfloor,302,100,4,10,forecast,forecast,none,165,477,0.387,ok,35.24,29,83,170,68.13,65,133,174,32.9,63->59,35/54/30/46,0,0,82,0,
ksweep,mine,interfloor,302,100,4,10,nearest,forecast,0,165,841,0.187,ok,86.78,46,229,428,119.67,89,287,476,32.9,100->94,44/62/31/28,0,0,0,0,
ksweep,mine,interfloor,302,100,4,10,nearest,forecast,100000,165,648,0.118,ok,57.16,37,182,222,90.06,76,218,296,32.9,92->18,46/48/35/36,0,0,94,0,
ksweep,mine,interfloor,302,100,4,10,nearest,forecast,20,165,695,0.15,ok,65.95,34,200,341,98.85,75,238,346,32.9,9->4,39/59/34/33,0,0,20,0,
ksweep,mine,interfloor,302,100,4,10,nearest,forecast,320,165,648,0.118,ok,57.16,37,182,222,90.06,76,218,296,32.9,92->18,46/48/35/36,0,0,94,0,
ksweep,mine,interfloor,302,100,4,10,nearest,forecast,80,165,648,0.114,ok,59.02,39,180,222,91.92,78,220,296,32.9,92->18,46/48/35/36,0,0,80,0,
ksweep,mine,interfloor,302,100,4,10,nearest,forecast,none,165,648,0.118,ok,57.16,37,182,222,90.06,76,218,296,32.9,92->18,46/48/35/36,0,0,94,0,
ksweep,mine,interfloor,302,100,4,10,round-robin,forecast,0,165,928,0.199,ok,138.82,108,435,628,171.72,147,485,663,32.9,99->84,42/41/41/41,0,0,0,0,
ksweep,mine,interfloor,302,100,4,10,round-robin,forecast,100000,165,623,0.165,ok,93.52,91,185,237,126.41,117,230,316,32.9,21->100,42/41/41/41,0,0,70,0,
ksweep,mine,interfloor,302,100,4,10,round-robin,forecast,20,165,766,0.16,ok,108.7,95,304,386,141.6,126,317,427,32.9,99->84,42/41/41/41,0,0,20,0,
ksweep,mine,interfloor,302,100,4,10,round-robin,forecast,320,165,623,0.163,ok,93.52,91,185,237,126.41,117,230,316,32.9,21->100,42/41/41/41,0,0,70,0,
ksweep,mine,interfloor,302,100,4,10,round-robin,forecast,80,165,623,0.152,ok,93.52,91,185,237,126.41,117,230,316,32.9,21->100,42/41/41/41,0,0,70,0,
ksweep,mine,interfloor,302,100,4,10,round-robin,forecast,none,165,623,0.161,ok,93.52,91,185,237,126.41,117,230,316,32.9,21->100,42/41/41/41,0,0,70,0,
ksweep,mine,interfloor,302,30,4,4,forecast,forecast,0,168,410,0.091,ok,8.26,6.0,23,31,18.55,18.0,36,57,10.3,2->28,36/48/39/45,0,0,0,0,
ksweep,mine,interfloor,302,30,4,4,forecast,forecast,100000,168,412,0.1,ok,8.06,6.0,21,28,18.36,17.5,37,52,10.3,13->15,58/42/31/37,0,0,16,0,
ksweep,mine,interfloor,302,30,4,4,forecast,forecast,20,168,412,0.094,ok,8.06,6.0,21,28,18.36,17.5,37,52,10.3,13->15,58/42/31/37,0,0,16,0,
ksweep,mine,interfloor,302,30,4,4,forecast,forecast,320,168,412,0.097,ok,8.06,6.0,21,28,18.36,17.5,37,52,10.3,13->15,58/42/31/37,0,0,16,0,
ksweep,mine,interfloor,302,30,4,4,forecast,forecast,80,168,412,0.113,ok,8.06,6.0,21,28,18.36,17.5,37,52,10.3,13->15,58/42/31/37,0,0,16,0,
ksweep,mine,interfloor,302,30,4,4,forecast,forecast,none,168,412,0.091,ok,8.06,6.0,21,28,18.36,17.5,37,52,10.3,13->15,58/42/31/37,0,0,16,0,
ksweep,mine,interfloor,302,30,4,4,nearest,forecast,0,168,422,0.018,ok,10.79,6.0,40,58,21.09,17.5,57,75,10.3,16->4,46/40/40/42,0,0,0,0,
ksweep,mine,interfloor,302,30,4,4,nearest,forecast,100000,168,409,0.019,ok,9.62,6.0,28,81,19.92,17.5,42,100,10.3,23->4,46/40/44/38,0,0,56,0,
ksweep,mine,interfloor,302,30,4,4,nearest,forecast,20,168,431,0.028,ok,9.9,6.0,30,72,20.2,18.0,44,94,10.3,25->3,40/47/46/35,0,0,18,0,
ksweep,mine,interfloor,302,30,4,4,nearest,forecast,320,168,409,0.019,ok,9.62,6.0,28,81,19.92,17.5,42,100,10.3,23->4,46/40/44/38,0,0,56,0,
ksweep,mine,interfloor,302,30,4,4,nearest,forecast,80,168,409,0.019,ok,9.62,6.0,28,81,19.92,17.5,42,100,10.3,23->4,46/40/44/38,0,0,56,0,
ksweep,mine,interfloor,302,30,4,4,nearest,forecast,none,168,409,0.022,ok,9.62,6.0,28,81,19.92,17.5,42,100,10.3,23->4,46/40/44/38,0,0,56,0,
ksweep,mine,interfloor,302,30,4,4,round-robin,forecast,0,168,447,0.039,ok,32.11,29.5,77,102,42.41,39.5,92,112,10.3,1->11,42/42/42/42,0,0,0,0,
ksweep,mine,interfloor,302,30,4,4,round-robin,forecast,100000,168,429,0.039,ok,21.72,18.0,48,62,32.02,30.0,63,88,10.3,28->2,42/42/42/42,0,0,26,0,
ksweep,mine,interfloor,302,30,4,4,round-robin,forecast,20,168,450,0.037,ok,23.61,21.0,50,62,33.91,31.0,66,88,10.3,28->2,42/42/42/42,0,0,20,0,
ksweep,mine,interfloor,302,30,4,4,round-robin,forecast,320,168,429,0.039,ok,21.72,18.0,48,62,32.02,30.0,63,88,10.3,28->2,42/42/42/42,0,0,26,0,
ksweep,mine,interfloor,302,30,4,4,round-robin,forecast,80,168,429,0.027,ok,21.72,18.0,48,62,32.02,30.0,63,88,10.3,28->2,42/42/42/42,0,0,26,0,
ksweep,mine,interfloor,302,30,4,4,round-robin,forecast,none,168,429,0.026,ok,21.72,18.0,48,62,32.02,30.0,63,88,10.3,28->2,42/42/42/42,0,0,26,0,
ksweep,mine,stream_long,301,100,4,10,forecast,forecast,0,465,410,0.319,ok,3.42,3,9,49,7.82,7,16,98,4.39,50->1,96/116/126/127,0,0,0,0,
ksweep,mine,stream_long,301,100,4,10,forecast,forecast,100000,465,407,0.329,ok,3.08,2,8,49,7.48,7,15,98,4.39,50->1,79/127/129/130,0,0,16,0,
ksweep,mine,stream_long,301,100,4,10,forecast,forecast,20,465,407,0.322,ok,3.08,2,8,49,7.48,7,15,98,4.39,50->1,79/127/129/130,0,0,16,0,
ksweep,mine,stream_long,301,100,4,10,forecast,forecast,320,465,407,0.284,ok,3.08,2,8,49,7.48,7,15,98,4.39,50->1,79/127/129/130,0,0,16,0,
ksweep,mine,stream_long,301,100,4,10,forecast,forecast,80,465,407,0.315,ok,3.08,2,8,49,7.48,7,15,98,4.39,50->1,79/127/129/130,0,0,16,0,
ksweep,mine,stream_long,301,100,4,10,forecast,forecast,none,465,407,0.282,ok,3.08,2,8,49,7.48,7,15,98,4.39,50->1,79/127/129/130,0,0,16,0,
ksweep,mine,stream_long,301,100,4,10,nearest,forecast,0,465,433,0.083,ok,6.66,3,20,86,11.05,9,26,98,4.39,8->6,102/125/119/119,0,0,0,0,
ksweep,mine,stream_long,301,100,4,10,nearest,forecast,100000,465,408,0.061,ok,4.05,3,13,65,8.44,7,18,114,4.39,50->1,88/126/132/119,0,0,16,0,
ksweep,mine,stream_long,301,100,4,10,nearest,forecast,20,465,408,0.066,ok,4.05,3,13,65,8.44,7,18,114,4.39,50->1,88/126/132/119,0,0,16,0,
ksweep,mine,stream_long,301,100,4,10,nearest,forecast,320,465,408,0.063,ok,4.05,3,13,65,8.44,7,18,114,4.39,50->1,88/126/132/119,0,0,16,0,
ksweep,mine,stream_long,301,100,4,10,nearest,forecast,80,465,408,0.07,ok,4.05,3,13,65,8.44,7,18,114,4.39,50->1,88/126/132/119,0,0,16,0,
ksweep,mine,stream_long,301,100,4,10,nearest,forecast,none,465,408,0.069,ok,4.05,3,13,65,8.44,7,18,114,4.39,50->1,88/126/132/119,0,0,16,0,
ksweep,mine,stream_long,301,100,4,10,round-robin,forecast,0,465,432,0.164,ok,13.08,11,31,96,17.47,15,39,102,4.39,3->9,117/116/116/116,0,0,0,0,
ksweep,mine,stream_long,301,100,4,10,round-robin,forecast,100000,465,502,0.099,ok,9.41,8,19,453,13.8,12,25,502,4.39,50->1,117/116/116/116,0,0,404,0,
ksweep,mine,stream_long,301,100,4,10,round-robin,forecast,20,465,426,0.145,ok,11.73,9,31,104,16.12,13,38,118,4.39,2->4,117/116/116/116,0,0,20,0,
ksweep,mine,stream_long,301,100,4,10,round-robin,forecast,320,465,429,0.121,ok,11.54,8,26,369,15.93,12,31,418,4.39,50->1,117/116/116/116,0,0,320,0,
ksweep,mine,stream_long,301,100,4,10,round-robin,forecast,80,465,426,0.155,ok,11.83,9,29,129,16.22,13,35,178,4.39,50->1,117/116/116/116,0,0,80,0,
ksweep,mine,stream_long,301,100,4,10,round-robin,forecast,none,465,502,0.088,ok,9.41,8,19,453,13.8,12,25,502,4.39,50->1,117/116/116/116,0,0,404,0,
ksweep,mine,stream_long,301,30,4,4,forecast,forecast,0,510,401,0.144,ok,0.36,0.0,1,14,1.68,2.0,3,28,1.33,15->1,176/143/115/76,0,0,0,0,
ksweep,mine,stream_long,301,30,4,4,forecast,forecast,100000,510,401,0.136,ok,0.36,0.0,1,14,1.68,2.0,3,28,1.33,15->1,176/143/115/76,0,0,0,0,
ksweep,mine,stream_long,301,30,4,4,forecast,forecast,20,510,401,0.166,ok,0.36,0.0,1,14,1.68,2.0,3,28,1.33,15->1,176/143/115/76,0,0,0,0,
ksweep,mine,stream_long,301,30,4,4,forecast,forecast,320,510,401,0.152,ok,0.36,0.0,1,14,1.68,2.0,3,28,1.33,15->1,176/143/115/76,0,0,0,0,
ksweep,mine,stream_long,301,30,4,4,forecast,forecast,80,510,401,0.148,ok,0.36,0.0,1,14,1.68,2.0,3,28,1.33,15->1,176/143/115/76,0,0,0,0,
ksweep,mine,stream_long,301,30,4,4,forecast,forecast,none,510,401,0.176,ok,0.36,0.0,1,14,1.68,2.0,3,28,1.33,15->1,176/143/115/76,0,0,0,0,
ksweep,mine,stream_long,301,30,4,4,nearest,forecast,0,510,401,0.025,ok,0.4,0.0,2,14,1.72,2.0,3,28,1.33,15->1,169/147/121/73,0,0,0,0,
ksweep,mine,stream_long,301,30,4,4,nearest,forecast,100000,510,401,0.022,ok,0.4,0.0,2,14,1.72,2.0,3,28,1.33,15->1,169/147/121/73,0,0,0,0,
ksweep,mine,stream_long,301,30,4,4,nearest,forecast,20,510,401,0.021,ok,0.4,0.0,2,14,1.72,2.0,3,28,1.33,15->1,169/147/121/73,0,0,0,0,
ksweep,mine,stream_long,301,30,4,4,nearest,forecast,320,510,401,0.021,ok,0.4,0.0,2,14,1.72,2.0,3,28,1.33,15->1,169/147/121/73,0,0,0,0,
ksweep,mine,stream_long,301,30,4,4,nearest,forecast,80,510,401,0.022,ok,0.4,0.0,2,14,1.72,2.0,3,28,1.33,15->1,169/147/121/73,0,0,0,0,
ksweep,mine,stream_long,301,30,4,4,nearest,forecast,none,510,401,0.023,ok,0.4,0.0,2,14,1.72,2.0,3,28,1.33,15->1,169/147/121/73,0,0,0,0,
ksweep,mine,stream_long,301,30,4,4,round-robin,forecast,0,510,403,0.026,ok,1.33,1.0,3,27,2.65,2.0,4,28,1.33,1->2,128/128/127/127,0,0,0,0,
ksweep,mine,stream_long,301,30,4,4,round-robin,forecast,100000,510,403,0.031,ok,1.57,1.0,3,176,2.9,2.0,5,190,1.33,15->1,128/128/127/127,0,0,162,0,
ksweep,mine,stream_long,301,30,4,4,round-robin,forecast,20,510,403,0.029,ok,1.3,1.0,3,34,2.63,2.0,4,48,1.33,15->1,128/128/127/127,0,0,20,0,
ksweep,mine,stream_long,301,30,4,4,round-robin,forecast,320,510,403,0.03,ok,1.57,1.0,3,176,2.9,2.0,5,190,1.33,15->1,128/128/127/127,0,0,162,0,
ksweep,mine,stream_long,301,30,4,4,round-robin,forecast,80,510,403,0.028,ok,1.55,1.0,3,92,2.87,2.0,5,106,1.33,15->1,128/128/127/127,0,0,78,0,
ksweep,mine,stream_long,301,30,4,4,round-robin,forecast,none,510,403,0.025,ok,1.57,1.0,3,176,2.9,2.0,5,190,1.33,15->1,128/128/127/127,0,0,162,0,
ksweep,mine,stream_long,302,100,4,10,forecast,forecast,0,482,407,0.304,ok,3.26,2.5,9,49,7.77,7.0,16,98,4.51,50->1,83/130/139/130,0,0,0,0,
ksweep,mine,stream_long,302,100,4,10,forecast,forecast,100000,482,407,0.3,ok,2.84,2.0,8,49,7.35,7.0,14,98,4.51,50->1,94/144/115/129,0,0,6,0,
ksweep,mine,stream_long,302,100,4,10,forecast,forecast,20,482,407,0.327,ok,2.84,2.0,8,49,7.35,7.0,14,98,4.51,50->1,94/144/115/129,0,0,6,0,
ksweep,mine,stream_long,302,100,4,10,forecast,forecast,320,482,407,0.277,ok,2.84,2.0,8,49,7.35,7.0,14,98,4.51,50->1,94/144/115/129,0,0,6,0,
ksweep,mine,stream_long,302,100,4,10,forecast,forecast,80,482,407,0.293,ok,2.84,2.0,8,49,7.35,7.0,14,98,4.51,50->1,94/144/115/129,0,0,6,0,
ksweep,mine,stream_long,302,100,4,10,forecast,forecast,none,482,407,0.29,ok,2.84,2.0,8,49,7.35,7.0,14,98,4.51,50->1,94/144/115/129,0,0,6,0,
ksweep,mine,stream_long,302,100,4,10,nearest,forecast,0,482,409,0.105,ok,6.71,4.0,23,49,11.23,9.0,28,98,4.51,50->1,95/123/139/125,0,0,0,0,
ksweep,mine,stream_long,302,100,4,10,nearest,forecast,100000,482,411,0.069,ok,3.81,3.0,12,65,8.33,7.0,17,114,4.51,50->1,97/133/126/126,0,0,16,0,
ksweep,mine,stream_long,302,100,4,10,nearest,forecast,20,482,411,0.067,ok,3.81,3.0,12,65,8.33,7.0,17,114,4.51,50->1,97/133/126/126,0,0,16,0,
ksweep,mine,stream_long,302,100,4,10,nearest,forecast,320,482,411,0.063,ok,3.81,3.0,12,65,8.33,7.0,17,114,4.51,50->1,97/133/126/126,0,0,16,0,
ksweep,mine,stream_long,302,100,4,10,nearest,forecast,80,482,411,0.066,ok,3.81,3.0,12,65,8.33,7.0,17,114,4.51,50->1,97/133/126/126,0,0,16,0,
ksweep,mine,stream_long,302,100,4,10,nearest,forecast,none,482,411,0.055,ok,3.81,3.0,12,65,8.33,7.0,17,114,4.51,50->1,97/133/126/126,0,0,16,0,
ksweep,mine,stream_long,302,100,4,10,round-robin,forecast,0,482,418,0.167,ok,13.37,12.0,29,97,17.88,16.0,35,98,4.51,3->4,121/121/120/120,0,0,0,0,
ksweep,mine,stream_long,302,100,4,10,round-robin,forecast,100000,482,508,0.101,ok,9.98,8.5,20,459,14.5,13.0,25,508,4.51,50->1,121/121/120/120,0,0,410,0,
ksweep,mine,stream_long,302,100,4,10,round-robin,forecast,20,482,417,0.162,ok,11.38,9.0,25,97,15.89,13.0,34,112,4.51,6->12,121/121/120/120,0,0,20,0,
ksweep,mine,stream_long,302,100,4,10,round-robin,forecast,320,482,427,0.141,ok,12.13,9.0,27,367,16.65,13.0,32,416,4.51,50->1,121/121/120/120,0,0,318,0,
ksweep,mine,stream_long,302,100,4,10,round-robin,forecast,80,482,417,0.196,ok,12.33,9.0,39,127,16.85,13.0,46,176,4.51,50->1,121/121/120/120,0,0,78,0,
ksweep,mine,stream_long,302,100,4,10,round-robin,forecast,none,482,508,0.096,ok,9.98,8.5,20,459,14.5,13.0,25,508,4.51,50->1,121/121/120/120,0,0,410,0,
ksweep,mine,stream_long,302,30,4,4,forecast,forecast,0,488,401,0.139,ok,0.37,0.0,1,14,1.71,2.0,3,28,1.34,15->1,181/137/95/75,0,0,0,0,
ksweep,mine,stream_long,302,30,4,4,forecast,forecast,100000,488,401,0.144,ok,0.37,0.0,1,14,1.71,2.0,3,28,1.34,15->1,181/137/95/75,0,0,0,0,
ksweep,mine,stream_long,302,30,4,4,forecast,forecast,20,488,401,0.13,ok,0.37,0.0,1,14,1.71,2.0,3,28,1.34,15->1,181/137/95/75,0,0,0,0,
ksweep,mine,stream_long,302,30,4,4,forecast,forecast,320,488,401,0.144,ok,0.37,0.0,1,14,1.71,2.0,3,28,1.34,15->1,181/137/95/75,0,0,0,0,
ksweep,mine,stream_long,302,30,4,4,forecast,forecast,80,488,401,0.162,ok,0.37,0.0,1,14,1.71,2.0,3,28,1.34,15->1,181/137/95/75,0,0,0,0,
ksweep,mine,stream_long,302,30,4,4,forecast,forecast,none,488,401,0.155,ok,0.37,0.0,1,14,1.71,2.0,3,28,1.34,15->1,181/137/95/75,0,0,0,0,
ksweep,mine,stream_long,302,30,4,4,nearest,forecast,0,488,401,0.022,ok,0.41,0.0,2,14,1.75,2.0,3,28,1.34,15->1,186/130/99/73,0,0,0,0,
ksweep,mine,stream_long,302,30,4,4,nearest,forecast,100000,488,401,0.021,ok,0.41,0.0,2,14,1.75,2.0,3,28,1.34,15->1,186/130/99/73,0,0,0,0,
ksweep,mine,stream_long,302,30,4,4,nearest,forecast,20,488,401,0.027,ok,0.41,0.0,2,14,1.75,2.0,3,28,1.34,15->1,186/130/99/73,0,0,0,0,
ksweep,mine,stream_long,302,30,4,4,nearest,forecast,320,488,401,0.021,ok,0.41,0.0,2,14,1.75,2.0,3,28,1.34,15->1,186/130/99/73,0,0,0,0,
ksweep,mine,stream_long,302,30,4,4,nearest,forecast,80,488,401,0.028,ok,0.41,0.0,2,14,1.75,2.0,3,28,1.34,15->1,186/130/99/73,0,0,0,0,
ksweep,mine,stream_long,302,30,4,4,nearest,forecast,none,488,401,0.021,ok,0.41,0.0,2,14,1.75,2.0,3,28,1.34,15->1,186/130/99/73,0,0,0,0,
ksweep,mine,stream_long,302,30,4,4,round-robin,forecast,0,488,400,0.023,ok,1.36,1.0,3,23,2.7,2.0,4,28,1.34,3->1,122/122/122/122,0,0,0,0,
ksweep,mine,stream_long,302,30,4,4,round-robin,forecast,100000,488,400,0.027,ok,2.1,1.0,3,352,3.44,2.0,5,366,1.34,15->1,122/122/122/122,0,0,338,0,
ksweep,mine,stream_long,302,30,4,4,round-robin,forecast,20,488,400,0.03,ok,1.38,1.0,3,32,2.72,2.0,4,46,1.34,15->1,122/122/122/122,0,0,18,0,
ksweep,mine,stream_long,302,30,4,4,round-robin,forecast,320,488,400,0.028,ok,1.99,1.0,3,330,3.33,2.0,5,344,1.34,15->1,122/122/122/122,0,0,316,0,
ksweep,mine,stream_long,302,30,4,4,round-robin,forecast,80,488,400,0.024,ok,1.42,1.0,3,92,2.76,2.0,4,106,1.34,15->1,122/122/122/122,0,0,78,0,
ksweep,mine,stream_long,302,30,4,4,round-robin,forecast,none,488,400,0.031,ok,2.1,1.0,3,352,3.44,2.0,5,366,1.34,15->1,122/122/122/122,0,0,338,0,
ksweep,mine,up_peak,301,100,4,10,forecast,forecast,0,146,717,0.882,ok,133.4,121.5,237,259,180.66,179.5,313,336,47.25,1->76,41/35/34/36,0,0,0,0,
ksweep,mine,up_peak,301,100,4,10,forecast,forecast,100000,146,679,0.837,ok,127.22,117.0,228,351,174.47,174.0,301,398,47.25,3->50,40/36/33/37,0,0,196,0,
ksweep,mine,up_peak,301,100,4,10,forecast,forecast,20,146,679,0.886,ok,127.22,118.5,228,265,174.47,176.0,301,338,47.25,1->60,44/36/29/37,0,0,6,0,
ksweep,mine,up_peak,301,100,4,10,forecast,forecast,320,146,679,0.796,ok,127.22,117.0,228,351,174.47,174.0,301,398,47.25,3->50,40/36/33/37,0,0,196,0,
ksweep,mine,up_peak,301,100,4,10,forecast,forecast,80,146,679,0.854,ok,127.22,118.5,228,265,174.47,176.0,301,338,47.25,1->60,44/36/29/37,0,0,6,0,
ksweep,mine,up_peak,301,100,4,10,forecast,forecast,none,146,679,0.865,ok,127.22,117.0,228,351,174.47,174.0,301,398,47.25,3->50,40/36/33/37,0,0,196,0,
ksweep,mine,up_peak,301,100,4,10,nearest,forecast,0,146,998,0.359,ok,209.61,190.0,564,594,256.86,234.0,609,662,47.25,1->10,36/19/41/50,0,0,0,0,
ksweep,mine,up_peak,301,100,4,10,nearest,forecast,100000,146,1025,0.405,ok,189.27,185.5,528,693,236.52,210.0,584,727,47.25,3->37,66/25/17/38,0,0,202,0,
ksweep,mine,up_peak,301,100,4,10,nearest,forecast,20,146,1025,0.409,ok,189.27,185.5,528,550,236.52,210.0,582,638,47.25,1->28,66/25/17/38,0,0,10,0,
ksweep,mine,up_peak,301,100,4,10,nearest,forecast,320,146,1025,0.433,ok,189.27,185.5,528,693,236.52,210.0,584,727,47.25,3->37,66/25/17/38,0,0,202,0,
ksweep,mine,up_peak,301,100,4,10,nearest,forecast,80,146,1025,0.412,ok,189.27,185.5,528,550,236.52,210.0,582,638,47.25,1->28,66/25/17/38,0,0,10,0,
ksweep,mine,up_peak,301,100,4,10,nearest,forecast,none,146,1025,0.447,ok,189.27,185.5,528,693,236.52,210.0,584,727,47.25,3->37,66/25/17/38,0,0,202,0,
ksweep,mine,up_peak,301,100,4,10,round-robin,forecast,0,146,819,0.217,ok,161.77,160.5,312,358,209.03,203.0,372,456,47.25,1->99,37/37/36/36,0,0,0,0,
ksweep,mine,up_peak,301,100,4,10,round-robin,forecast,100000,146,819,0.181,ok,163.66,164.5,324,502,210.92,206.0,390,536,47.25,3->37,37/37/36/36,0,0,192,0,
ksweep,mine,up_peak,301,100,4,10,round-robin,forecast,20,146,819,0.183,ok,164.87,166.5,323,357,212.12,209.0,374,432,47.25,1->11,37/37/36/36,0,0,20,0,
ksweep,mine,up_peak,301,100,4,10,round-robin,forecast,320,146,819,0.22,ok,163.66,164.5,324,502,210.92,206.0,390,536,47.25,3->37,37/37/36/36,0,0,192,0,
ksweep,mine,up_peak,301,100,4,10,round-robin,forecast,80,146,819,0.18,ok,164.87,166.5,323,357,212.12,209.0,374,432,47.25,1->11,37/37/36/36,0,0,20,0,
ksweep,mine,up_peak,301,100,4,10,round-robin,forecast,none,146,819,0.234,ok,163.66,164.5,324,502,210.92,206.0,390,536,47.25,3->37,37/37/36/36,0,0,192,0,
ksweep,mine,up_peak,301,30,4,4,forecast,forecast,0,167,495,0.335,ok,43.62,44,80,86,58.07,59,99,109,14.45,1->12,43/41/44/39,0,0,0,0,
ksweep,mine,up_peak,301,30,4,4,forecast,forecast,100000,167,480,0.241,ok,33.01,28,67,119,47.46,47,87,132,14.45,2->15,39/44/43/41,0,0,54,0,
ksweep,mine,up_peak,301,30,4,4,forecast,forecast,20,167,480,0.257,ok,33.38,29,68,73,47.83,47,88,99,14.45,1->26,37/44/42/44,0,0,16,0,
ksweep,mine,up_peak,301,30,4,4,forecast,forecast,320,167,480,0.241,ok,33.01,28,67,119,47.46,47,87,132,14.45,2->15,39/44/43/41,0,0,54,0,
ksweep,mine,up_peak,301,30,4,4,forecast,forecast,80,167,480,0.264,ok,33.01,28,67,119,47.46,47,87,132,14.45,2->15,39/44/43/41,0,0,54,0,
ksweep,mine,up_peak,301,30,4,4,forecast,forecast,none,167,480,0.231,ok,33.01,28,67,119,47.46,47,87,132,14.45,2->15,39/44/43/41,0,0,54,0,
ksweep,mine,up_peak,301,30,4,4,nearest,forecast,0,167,583,0.153,ok,63.18,54,179,223,77.63,71,186,243,14.45,1->5,40/38/39/50,0,0,0,0,
ksweep,mine,up_peak,301,30,4,4,nearest,forecast,100000,167,572,0.114,ok,52.77,48,153,205,67.22,61,175,225,14.45,1->12,41/37/41/48,0,0,54,0,
ksweep,mine,up_peak,301,30,4,4,nearest,forecast,20,167,527,0.103,ok,52.99,54,127,161,67.44,69,138,183,14.45,1->20,36/38/46/47,0,0,20,0,
ksweep,mine,up_peak,301,30,4,4,nearest,forecast,320,167,572,0.11,ok,52.77,48,153,205,67.22,61,175,225,14.45,1->12,41/37/41/48,0,0,54,0,
ksweep,mine,up_peak,301,30,4,4,nearest,forecast,80,167,572,0.097,ok,52.77,48,153,205,67.22,61,175,225,14.45,1->12,41/37/41/48,0,0,54,0,
ksweep,mine,up_peak,301,30,4,4,nearest,forecast,none,167,572,0.095,ok,52.77,48,153,205,67.22,61,175,225,14.45,1->12,41/37/41/48,0,0,54,0,
ksweep,mine,up_peak,301,30,4,4,round-robin,forecast,0,167,525,0.059,ok,51.29,49,104,125,65.74,64,119,150,14.45,1->26,42/42/42/41,0,0,0,0,
ksweep,mine,up_peak,301,30,4,4,round-robin,forecast,100000,167,516,0.059,ok,51.28,52,99,280,65.72,67,119,293,14.45,2->15,42/42/42/41,0,0,180,0,
ksweep,mine,up_peak,301,30,4,4,round-robin,forecast,20,167,525,0.064,ok,51.55,51,105,125,66,69,119,150,14.45,1->26,42/42/42/41,0,0,20,0,
ksweep,mine,up_peak,301,30,4,4,round-robin,forecast,320,167,516,0.075,ok,51.28,52,99,280,65.72,67,119,293,14.45,2->15,42/42/42/41,0,0,180,0,
ksweep,mine,up_peak,301,30,4,4,round-robin,forecast,80,167,516,0.071,ok,50.66,51,99,144,65.11,66,119,157,14.45,2->15,42/42/42/41,0,0,68,0,
ksweep,mine,up_peak,301,30,4,4,round-robin,forecast,none,167,516,0.059,ok,51.28,52,99,280,65.72,67,119,293,14.45,2->15,42/42/42/41,0,0,180,0,
ksweep,mine,up_peak,302,100,4,10,forecast,forecast,0,169,797,1.244,ok,164.95,166,308,330,216.95,219,377,404,52,1->27,46/44/45/34,0,0,0,0,
ksweep,mine,up_peak,302,100,4,10,forecast,forecast,100000,169,803,1.261,ok,164.02,164,296,336,216.02,218,371,410,52,1->27,47/44/44/34,0,0,6,0,
ksweep,mine,up_peak,302,100,4,10,forecast,forecast,20,169,803,1.338,ok,164.02,164,296,336,216.02,218,371,410,52,1->27,47/44/44/34,0,0,6,0,
ksweep,mine,up_peak,302,100,4,10,forecast,forecast,320,169,803,1.298,ok,164.02,164,296,336,216.02,218,371,410,52,1->27,47/44/44/34,0,0,6,0,
ksweep,mine,up_peak,302,100,4,10,forecast,forecast,80,169,803,1.311,ok,164.02,164,296,336,216.02,218,371,410,52,1->27,47/44/44/34,0,0,6,0,
ksweep,mine,up_peak,302,100,4,10,forecast,forecast,none,169,803,1.243,ok,164.02,164,296,336,216.02,218,371,410,52,1->27,47/44/44/34,0,0,6,0,
ksweep,mine,up_peak,302,100,4,10,nearest,forecast,0,169,1247,0.659,ok,260.17,218,606,778,312.17,285,697,862,52,1->82,31/72/33/33,0,0,0,0,
ksweep,mine,up_peak,302,100,4,10,nearest,forecast,100000,169,1247,0.625,ok,258.91,222,606,778,310.91,287,697,862,52,1->82,31/72/33/33,0,0,12,0,
ksweep,mine,up_peak,302,100,4,10,nearest,forecast,20,169,1247,0.673,ok,258.91,222,606,778,310.91,287,697,862,52,1->82,31/72/33/33,0,0,12,0,
ksweep,mine,up_peak,302,100,4,10,nearest,forecast,320,169,1247,0.648,ok,258.91,222,606,778,310.91,287,697,862,52,1->82,31/72/33/33,0,0,12,0,
ksweep,mine,up_peak,302,100,4,10,nearest,forecast,80,169,1247,0.63,ok,258.91,222,606,778,310.91,287,697,862,52,1->82,31/72/33/33,0,0,12,0,
ksweep,mine,up_peak,302,100,4,10,nearest,forecast,none,169,1247,0.648,ok,258.91,222,606,778,310.91,287,697,862,52,1->82,31/72/33/33,0,0,12,0,
ksweep,mine,up_peak,302,100,4,10,round-robin,forecast,0,169,804,0.252,ok,184.02,174,352,399,236.02,219,416,462,52,1->40,43/42/42/42,0,0,0,0,
ksweep,mine,up_peak,302,100,4,10,round-robin,forecast,100000,169,814,0.241,ok,175.63,167,351,399,227.63,216,405,455,52,1->40,43/42/42/42,0,0,186,0,
ksweep,mine,up_peak,302,100,4,10,round-robin,forecast,20,169,910,0.256,ok,180.42,167,366,466,232.42,217,414,549,52,1->84,43/42/42/42,0,0,18,0,
ksweep,mine,up_peak,302,100,4,10,round-robin,forecast,320,169,814,0.24,ok,175.63,167,351,399,227.63,216,405,455,52,1->40,43/42/42/42,0,0,186,0,
ksweep,mine,up_peak,302,100,4,10,round-robin,forecast,80,169,814,0.253,ok,177.73,167,352,399,229.73,217,405,455,52,1->40,43/42/42/42,0,0,26,0,
ksweep,mine,up_peak,302,100,4,10,round-robin,forecast,none,169,814,0.237,ok,175.63,167,351,399,227.63,216,405,455,52,1->40,43/42/42/42,0,0,186,0,
ksweep,mine,up_peak,302,30,4,4,forecast,forecast,0,169,482,0.298,ok,40.17,43,68,82,54.62,56,91,110,14.45,1->29,39/42/46/42,0,0,0,0,
ksweep,mine,up_peak,302,30,4,4,forecast,forecast,100000,169,472,0.281,ok,36.32,39,60,85,50.77,54,80,114,14.45,1->30,44/41/42/42,0,0,56,0,
ksweep,mine,up_peak,302,30,4,4,forecast,forecast,20,169,467,0.273,ok,37.44,41,64,68,51.89,55,83,95,14.45,1->2,40/42/45/42,0,0,16,0,
ksweep,mine,up_peak,302,30,4,4,forecast,forecast,320,169,472,0.264,ok,36.32,39,60,85,50.77,54,80,114,14.45,1->30,44/41/42/42,0,0,56,0,
ksweep,mine,up_peak,302,30,4,4,forecast,forecast,80,169,472,0.273,ok,36.32,39,60,85,50.77,54,80,114,14.45,1->30,44/41/42/42,0,0,56,0,
ksweep,mine,up_peak,302,30,4,4,forecast,forecast,none,169,472,0.285,ok,36.32,39,60,85,50.77,54,80,114,14.45,1->30,44/41/42/42,0,0,56,0,
ksweep,mine,up_peak,302,30,4,4,nearest,forecast,0,169,596,0.142,ok,71.31,64,166,202,85.76,79,187,217,14.45,1->2,50/27/54/38,0,0,0,0,
ksweep,mine,up_peak,302,30,4,4,nearest,forecast,100000,169,614,0.113,ok,63.31,51,176,233,77.76,63,186,256,14.45,1->24,48/22/59/40,0,0,68,0,
ksweep,mine,up_peak,302,30,4,4,nearest,forecast,20,169,625,0.117,ok,61.45,54,162,228,75.9,68,183,256,14.45,1->29,55/34/34/46,0,0,20,0,
ksweep,mine,up_peak,302,30,4,4,nearest,forecast,320,169,614,0.123,ok,63.31,51,176,233,77.76,63,186,256,14.45,1->24,48/22/59/40,0,0,68,0,
ksweep,mine,up_peak,302,30,4,4,nearest,forecast,80,169,614,0.117,ok,63.31,51,176,233,77.76,63,186,256,14.45,1->24,48/22/59/40,0,0,68,0,
ksweep,mine,up_peak,302,30,4,4,nearest,forecast,none,169,614,0.125,ok,63.31,51,176,233,77.76,63,186,256,14.45,1->24,48/22/59/40,0,0,68,0,
ksweep,mine,up_peak,302,30,4,4,round-robin,forecast,0,169,496,0.062,ok,48.88,48,95,116,63.33,64,112,136,14.45,1->5,43/42/42/42,0,0,0,0,
ksweep,mine,up_peak,302,30,4,4,round-robin,forecast,100000,169,495,0.074,ok,51.41,49,94,207,65.86,65,114,221,14.45,2->16,43/42/42/42,0,0,186,0,
ksweep,mine,up_peak,302,30,4,4,round-robin,forecast,20,169,496,0.071,ok,53.66,53,98,116,68.11,69,116,136,14.45,1->5,43/42/42/42,0,0,14,0,
ksweep,mine,up_peak,302,30,4,4,round-robin,forecast,320,169,495,0.061,ok,51.41,49,94,207,65.86,65,114,221,14.45,2->16,43/42/42/42,0,0,186,0,
ksweep,mine,up_peak,302,30,4,4,round-robin,forecast,80,169,504,0.061,ok,50.98,49,94,126,65.43,65,114,155,14.45,1->30,43/42/42/42,0,0,72,0,
ksweep,mine,up_peak,302,30,4,4,round-robin,forecast,none,169,495,0.071,ok,51.41,49,94,207,65.86,65,114,221,14.45,2->16,43/42/42/42,0,0,186,0,
main,mine,bursts,101,100,4,10,forecast,direction,none,110,554,0.045,ok,34.99,27.0,122,151,80.96,79.5,201,222,45.97,1->61,31/25/34/20,0,,,0,True
main,mine,bursts,101,100,4,10,forecast,forecast,80,110,498,0.197,ok,33.61,25.0,95,159,79.58,74.5,159,189,45.97,82->69,26/16/35/33,0,0,78,0,True
main,mine,bursts,101,100,4,10,forecast,request,none,110,540,0.059,ok,73.52,81.0,137,137,119.49,115.5,206,229,45.97,1->16,20/17/44/29,0,,,0,True
main,mine,bursts,101,100,4,10,nearest,direction,none,110,657,0.012,ok,87.72,51.0,254,282,133.69,96.0,318,348,45.97,86->38,24/6/50/30,0,,,0,True
main,mine,bursts,101,100,4,10,nearest,forecast,80,110,627,0.099,ok,72.87,31.0,224,224,118.85,88.5,281,295,45.97,1->16,24/23/34/29,0,0,78,0,True
main,mine,bursts,101,100,4,10,nearest,request,none,110,1404,0.022,ok,314.79,190.0,977,991,360.76,240.0,1034,1059,45.97,28->96,23/6/13/68,0,,,0,True
main,mine,bursts,101,100,4,10,round-robin,direction,none,110,595,0.012,ok,116.09,103.0,189,213,162.06,161.5,269,288,45.97,82->23,28/28/27/27,0,,,0,True
main,mine,bursts,101,100,4,10,round-robin,forecast,80,110,570,0.064,ok,94.78,101.0,194,239,140.75,149.5,255,335,45.97,1->68,28/28/27/27,0,0,56,0,True
main,mine,bursts,101,100,4,10,round-robin,request,none,110,945,0.019,ok,290.02,285.0,494,549,335.99,335.0,565,613,45.97,1->43,28/28/27/27,0,,,0,True
main,mine,bursts,101,30,4,4,forecast,direction,none,111,428,0.027,ok,16.83,14,46,60,30.9,28,69,85,14.07,30->5,27/35/24/25,0,,,0,True
main,mine,bursts,101,30,4,4,forecast,forecast,80,111,428,0.078,ok,14.75,12,42,60,28.82,26,63,85,14.07,30->5,32/30/27/22,0,0,38,0,True
main,mine,bursts,101,30,4,4,forecast,request,none,111,428,0.023,ok,17.95,15,46,60,32.02,30,69,85,14.07,30->5,33/30/19/29,0,,,0,True
main,mine,bursts,101,30,4,4,nearest,direction,none,111,570,0.009,ok,63.45,51,175,205,77.52,64,196,233,14.07,1->22,31/40/12/28,0,,,0,True
main,mine,bursts,101,30,4,4,nearest,forecast,80,111,650,0.095,ok,72.9,57,228,282,86.97,70,230,307,14.07,30->5,12/53/11/35,0,0,40,0,True
main,mine,bursts,101,30,4,4,nearest,request,none,111,570,0.008,ok,65.02,51,175,205,79.09,67,196,233,14.07,1->22,13/40/30/28,0,,,0,True
main,mine,bursts,101,30,4,4,round-robin,direction,none,111,454,0.005,ok,26.25,22,55,79,40.32,39,73,96,14.07,30->22,28/28/28/27,0,,,0,True
main,mine,bursts,101,30,4,4,round-robin,forecast,80,111,458,0.015,ok,23.75,22,54,74,37.82,34,72,100,14.07,1->22,28/28/28/27,0,0,38,0,True
main,mine,bursts,101,30,4,4,round-robin,request,none,111,459,0.006,ok,34.59,25,82,89,48.66,43,96,116,14.07,30->10,28/28/28/27,0,,,0,True
main,mine,bursts,102,100,4,10,forecast,direction,none,117,594,0.061,ok,59.59,63,108,126,107.88,102,187,206,48.29,86->78,30/28/26/33,0,,,0,
main,mine,bursts,102,100,4,10,forecast,forecast,80,117,610,0.292,ok,60.03,63,105,124,108.32,102,187,222,48.29,100->5,30/28/26/33,0,0,6,0,
main,mine,bursts,102,100,4,10,forecast,request,none,117,619,0.051,ok,74.68,84,133,140,122.97,118,220,231,48.29,76->88,21/34/28/34,0,,,0,
main,mine,bursts,102,100,4,10,nearest,direction,none,117,972,0.023,ok,124.84,56,383,642,173.13,97,478,656,48.29,91->77,28/20/52/17,0,,,0,
main,mine,bursts,102,100,4,10,nearest,forecast,80,117,1034,0.227,ok,120.4,54,362,558,168.69,107,456,646,48.29,100->12,46/39/15/17,0,0,76,0,
main,mine,bursts,102,100,4,10,nearest,request,none,117,1667,0.017,ok,345.66,234,987,1181,393.95,275,1084,1279,48.29,100->5,27/20/53/17,0,,,0,
main,mine,bursts,102,100,4,10,round-robin,direction,none,117,618,0.01,ok,97.61,101,175,189,145.9,154,233,264,48.29,69->56,30/29/29/29,0,,,0,
main,mine,bursts,102,100,4,10,round-robin,forecast,80,117,672,0.054,ok,100.15,101,197,209,148.44,151,264,294,48.29,100->15,30/29/29/29,0,0,30,0,
main,mine,bursts,102,100,4,10,round-robin,request,none,117,1128,0.011,ok,240.77,222,546,653,289.06,248,596,740,48.29,76->88,30/29/29/29,0,,,0,
main,mine,bursts,102,30,4,4,forecast,direction,none,118,417,0.036,ok,18.67,16.0,50,63,32.99,31.0,68,85,14.32,1->23,30/25/28/35,0,,,0,
main,mine,bursts,102,30,4,4,forecast,forecast,80,118,426,0.114,ok,20.06,19.5,49,63,34.38,32.0,68,85,14.32,1->23,29/26/31/32,0,0,0,0,
main,mine,bursts,102,30,4,4,forecast,request,none,118,426,0.034,ok,21.19,21.0,50,63,35.51,34.0,68,85,14.32,1->23,36/25/26/31,0,,,0,
main,mine,bursts,102,30,4,4,nearest,direction,none,118,546,0.01,ok,66.04,49.0,183,230,80.36,65.5,203,252,14.32,1->23,26/22/42/28,0,,,0,
main,mine,bursts,102,30,4,4,nearest,forecast,80,118,533,0.11,ok,57.79,36.0,183,230,72.11,50.0,201,252,14.32,1->23,26/38/22/32,0,0,20,0,
main,mine,bursts,102,30,4,4,nearest,request,none,118,569,0.008,ok,72.12,59.0,194,253,86.44,69.0,212,257,14.32,2->6,22/24/42/30,0,,,0,
main,mine,bursts,102,30,4,4,round-robin,direction,none,118,458,0.006,ok,25.45,22.5,68,92,39.77,35.5,92,117,14.32,5->30,30/30/29/29,0,,,0,
main,mine,bursts,102,30,4,4,round-robin,forecast,80,118,458,0.018,ok,25.15,21.0,65,92,39.47,38.0,88,117,14.32,5->30,30/30/29/29,0,0,56,0,
main,mine,bursts,102,30,4,4,round-robin,request,none,118,486,0.005,ok,40.77,34.0,83,119,55.09,47.5,98,136,14.32,1->18,30/30/29/29,0,,,0,
main,mine,bursts,103,100,4,10,forecast,direction,none,125,593,0.071,ok,55.82,62,99,119,103.08,99,169,218,47.26,1->29,32/25/44/24,0,,,0,
main,mine,bursts,103,100,4,10,forecast,forecast,80,125,633,0.405,ok,68.18,76,139,139,115.44,113,203,235,47.26,1->18,24/25/44/32,0,0,42,0,
main,mine,bursts,103,100,4,10,forecast,request,none,125,640,0.056,ok,74.54,75,146,164,121.81,121,209,242,47.26,1->61,23/39/42/21,0,,,0,
main,mine,bursts,103,100,4,10,nearest,direction,none,125,850,0.014,ok,120.94,61,356,356,168.21,121,373,452,47.26,1->61,25/32/24/44,0,,,0,
main,mine,bursts,103,100,4,10,nearest,forecast,80,125,850,0.186,ok,114.58,52,356,356,161.85,110,373,452,47.26,1->61,27/14/42/42,0,0,46,0,
main,mine,bursts,103,100,4,10,nearest,request,none,125,1077,0.013,ok,191.82,180,573,709,239.09,224,622,711,47.26,80->82,44/27/12/42,0,,,0,
main,mine,bursts,103,100,4,10,round-robin,direction,none,125,651,0.011,ok,91.58,97,176,344,138.85,141,241,383,47.26,30->69,32/31/31/31,0,,,0,
main,mine,bursts,103,100,4,10,round-robin,forecast,80,125,620,0.076,ok,87.1,81,176,214,134.37,136,239,276,47.26,15->36,32/31/31/31,0,0,48,0,
main,mine,bursts,103,100,4,10,round-robin,request,none,125,1105,0.016,ok,308.61,284,568,635,355.87,334,628,707,47.26,1->54,32/31/31/31,0,,,0,
main,mine,bursts,103,30,4,4,forecast,direction,none,118,451,0.03,ok,21.42,24.0,59,63,36.03,37.5,77,89,14.6,1->4,30/26/33/29,0,,,0,
main,mine,bursts,103,30,4,4,forecast,forecast,80,118,451,0.102,ok,20.75,22.0,58,59,35.36,36.0,77,85,14.6,1->21,32/30/31/25,0,0,36,0,
main,mine,bursts,103,30,4,4,forecast,request,none,118,446,0.026,ok,20.7,22.0,54,59,35.31,35.0,72,85,14.6,1->4,31/32/30/25,0,,,0,
main,mine,bursts,103,30,4,4,nearest,direction,none,118,719,0.015,ok,109.77,98.0,289,327,124.37,117.0,298,353,14.6,1->21,36/22/11/49,0,,,0,
main,mine,bursts,103,30,4,4,nearest,forecast,80,118,653,0.182,ok,107.77,71.5,308,356,122.37,86.0,326,382,14.6,1->27,36/42/11/29,0,0,56,0,
main,mine,bursts,103,30,4,4,nearest,request,none,118,652,0.01,ok,108.69,93.5,303,355,123.3,105.5,327,381,14.6,1->4,43/42/18/15,0,,,0,
main,mine,bursts,103,30,4,4,round-robin,direction,none,118,466,0.006,ok,32.67,29.0,73,116,47.27,47.0,96,142,14.6,1->27,30/30/29/29,0,,,0,
main,mine,bursts,103,30,4,4,round-robin,forecast,80,118,465,0.024,ok,29.3,26.0,72,116,43.9,40.5,92,142,14.6,1->27,30/30/29/29,0,0,26,0,
main,mine,bursts,103,30,4,4,round-robin,request,none,118,482,0.012,ok,36.33,29.0,73,116,50.93,51.0,96,142,14.6,1->27,30/30/29/29,0,,,0,
main,mine,down_peak,101,100,4,10,forecast,direction,none,171,626,0.156,ok,96.22,76,294,432,146.3,138,363,491,50.08,60->1,42/37/49/43,0,,,0,True
main,mine,down_peak,101,100,4,10,forecast,forecast,80,171,739,1.02,ok,98.18,90,207,286,148.26,145,286,385,50.08,100->1,44/39/41/47,0,0,78,0,True
main,mine,down_peak,101,100,4,10,forecast,request,none,171,1450,0.201,ok,495.65,480,937,1018,545.73,534,984,1068,50.08,23->1,39/46/46/40,0,,,0,True
main,mine,down_peak,101,100,4,10,nearest,direction,none,171,811,0.046,ok,178.05,93,514,722,228.13,176,565,766,50.08,45->1,67/39/32/33,0,,,0,True
main,mine,down_peak,101,100,4,10,nearest,forecast,80,171,873,0.295,ok,151.26,133,379,442,201.35,196,420,503,50.08,62->1,40/39/48/44,0,0,80,0,True
main,mine,down_peak,101,100,4,10,nearest,request,none,171,5986,0.056,ok,1907.9,1434,5038,5567,1957.98,1496,5060,5589,50.08,23->1,27/101/15/28,0,,,0,True
main,mine,down_peak,101,100,4,10,round-robin,direction,none,171,708,0.027,ok,163.22,136,440,531,213.3,192,480,560,50.08,9->1,43/43/43/42,0,,,0,True
main,mine,down_peak,101,100,4,10,round-robin,forecast,80,171,848,0.277,ok,159.09,160,318,425,209.18,202,386,524,50.08,100->1,43/43/43/42,0,0,80,0,True
main,mine,down_peak,101,100,4,10,round-robin,request,none,171,3661,0.033,ok,1464.1,1498,3029,3242,1514.18,1577,3067,3275,50.08,23->1,43/43/43/42,0,,,0,True
main,mine,down_peak,101,30,4,4,forecast,direction,none,180,433,0.061,ok,18.96,16.0,43,106,32.89,30.0,64,126,13.93,21->1,52/38/45/45,0,,,0,True
main,mine,down_peak,101,30,4,4,forecast,forecast,80,180,450,0.185,ok,19.27,17.5,48,64,33.2,32.0,66,83,13.93,16->1,54/40/43/43,0,0,32,0,True
main,mine,down_peak,101,30,4,4,forecast,request,none,180,563,0.083,ok,73.31,57.5,144,163,87.24,73.0,165,191,13.93,29->1,48/46/42/44,0,,,0,True
main,mine,down_peak,101,30,4,4,nearest,direction,none,180,499,0.013,ok,38.99,19.0,169,367,52.92,39.0,177,373,13.93,7->1,43/46/45/46,0,,,0,True
main,mine,down_peak,101,30,4,4,nearest,forecast,80,180,473,0.062,ok,35.29,22.5,98,160,49.22,42.0,118,181,13.93,22->1,50/43/43/44,0,0,80,0,True
main,mine,down_peak,101,30,4,4,nearest,request,none,180,901,0.026,ok,210.31,207.0,445,502,224.24,215.0,470,521,13.93,6->1,61/39/42/38,0,,,0,True
main,mine,down_peak,101,30,4,4,round-robin,direction,none,180,487,0.017,ok,66.76,37.0,239,365,80.68,55.0,245,368,13.93,4->1,45/45/45/45,0,,,0,True
main,mine,down_peak,101,30,4,4,round-robin,forecast,80,180,509,0.058,ok,40.62,29.0,103,141,54.55,44.5,121,165,13.93,25->1,45/45/45/45,0,0,60,0,True
main,mine,down_peak,101,30,4,4,round-robin,request,none,180,1004,0.026,ok,257.51,244.5,491,585,271.44,254.5,499,613,13.93,29->1,45/45/45/45,0,,,0,True
main,mine,down_peak,102,100,4,10,forecast,direction,none,152,672,0.103,ok,69.71,64.5,153,259,121,121.0,228,330,51.29,72->1,46/37/32/37,0,,,0,
main,mine,down_peak,102,100,4,10,forecast,forecast,80,152,609,0.529,ok,73.28,71.0,148,249,124.57,127.0,228,347,51.29,99->1,48/30/40/34,0,0,66,0,
main,mine,down_peak,102,100,4,10,forecast,request,none,152,1390,0.15,ok,450.49,412.5,814,912,501.78,450.0,872,1000,51.29,89->1,39/42/33/38,0,,,0,
main,mine,down_peak,102,100,4,10,nearest,direction,none,152,657,0.024,ok,133.2,89.5,412,529,184.49,155.0,451,562,51.29,34->1,43/40/39/30,0,,,0,
main,mine,down_peak,102,100,4,10,nearest,forecast,80,152,800,0.235,ok,140.53,106.5,336,387,191.82,156.5,410,458,51.29,72->1,54/29/31/38,0,0,72,0,
main,mine,down_peak,102,100,4,10,nearest,request,none,152,2651,0.024,ok,958.08,905.5,2030,2165,1009.37,978.0,2064,2256,51.29,92->1,33/43/33/43,0,,,0,
main,mine,down_peak,102,100,4,10,round-robin,direction,none,152,647,0.02,ok,146.01,127.0,378,544,197.3,180.0,417,547,51.29,2->1,38/38/38/38,0,,,0,
main,mine,down_peak,102,100,4,10,round-robin,forecast,80,152,841,0.18,ok,143.99,143.5,290,407,195.28,190.5,347,505,51.29,99->1,38/38/38/38,0,0,80,0,
main,mine,down_peak,102,100,4,10,round-robin,request,none,152,3017,0.027,ok,1186.39,1190.0,2394,2620,1237.68,1252.5,2453,2637,51.29,7->1,38/38/38/38,0,,,0,
main,mine,down_peak,102,30,4,4,forecast,direction,none,153,430,0.04,ok,15.48,15,32,41,29.61,29,55,64,14.12,4->21,35/34/43/41,0,,,0,
main,mine,down_peak,102,30,4,4,forecast,forecast,80,153,428,0.1,ok,14.39,13,31,58,28.51,30,56,81,14.12,24->1,31/42/40/40,0,0,34,0,
main,mine,down_peak,102,30,4,4,forecast,request,none,153,469,0.046,ok,31.85,32,52,66,45.97,45,75,86,14.12,30->20,35/42/36/40,0,,,0,
main,mine,down_peak,102,30,4,4,nearest,direction,none,153,474,0.016,ok,40.2,19,165,284,54.33,39,171,289,14.12,6->1,43/44/32/34,0,,,0,
main,mine,down_peak,102,30,4,4,nearest,forecast,80,153,475,0.04,ok,27.69,18,82,102,41.81,32,97,116,14.12,15->1,51/29/34/39,0,0,80,0,
main,mine,down_peak,102,30,4,4,nearest,request,none,153,739,0.014,ok,167.31,136,348,363,181.43,153,358,378,14.12,16->1,46/43/38/26,0,,,0,
main,mine,down_peak,102,30,4,4,round-robin,direction,none,153,459,0.009,ok,35.33,26,88,279,49.46,42,106,285,14.12,7->1,39/38/38/38,0,,,0,
main,mine,down_peak,102,30,4,4,round-robin,forecast,80,153,456,0.037,ok,30.98,27,70,122,45.1,43,89,150,14.12,29->1,39/38/38/38,0,0,38,0,
main,mine,down_peak,102,30,4,4,round-robin,request,none,153,882,0.014,ok,187.97,165,446,484,202.1,176,457,491,14.12,4->1,39/38/38/38,0,,,0,
main,mine,down_peak,103,100,4,10,forecast,direction,none,146,599,0.101,ok,53.29,42.5,133,273,98.51,98.0,204,335,45.21,72->10,39/28/39/40,0,,,0,
main,mine,down_peak,103,100,4,10,forecast,forecast,80,146,505,0.309,ok,43.51,36.5,99,143,88.72,91.0,167,242,45.21,100->1,40/32/39/35,0,0,50,0,
main,mine,down_peak,103,100,4,10,forecast,request,none,146,1355,0.167,ok,491.13,462.5,843,907,536.34,534.5,869,964,45.21,40->97,40/35/42/29,0,,,0,
main,mine,down_peak,103,100,4,10,nearest,direction,none,146,664,0.018,ok,107.62,55.5,372,610,152.84,126.5,376,634,45.21,25->1,47/43/23/33,0,,,0,
main,mine,down_peak,103,100,4,10,nearest,forecast,80,146,829,0.178,ok,132.64,105.0,298,377,177.85,163.0,383,438,45.21,54->1,35/42/24/45,0,0,80,0,
main,mine,down_peak,103,100,4,10,nearest,request,none,146,2970,0.031,ok,1014.4,1046.5,1932,2518,1059.61,1069.5,1964,2571,45.21,54->1,48/32/39/27,0,,,0,
main,mine,down_peak,103,100,4,10,round-robin,direction,none,146,610,0.017,ok,127.83,113.5,332,553,173.04,171.0,342,556,45.21,4->1,37/37/36/36,0,,,0,
main,mine,down_peak,103,100,4,10,round-robin,forecast,80,146,741,0.173,ok,128.88,124.0,256,312,174.1,174.5,334,405,45.21,59->100,37/37/36/36,0,0,78,0,
main,mine,down_peak,103,100,4,10,round-robin,request,none,146,2902,0.028,ok,1145.38,1153.5,2181,2485,1190.59,1195.5,2213,2509,45.21,25->1,37/37/36/36,0,,,0,
main,mine,down_peak,103,30,4,4,forecast,direction,none,166,466,0.044,ok,15.56,13.0,37,98,29.37,27.0,58,110,13.81,26->14,45/42/36/43,0,,,0,
main,mine,down_peak,103,30,4,4,forecast,forecast,80,166,457,0.127,ok,15.89,13.0,38,54,29.69,27.0,64,82,13.81,29->1,47/41/41/37,0,0,24,0,
main,mine,down_peak,103,30,4,4,forecast,request,none,166,482,0.052,ok,31.34,28.0,65,78,45.15,42.5,85,106,13.81,18->1,40/43/46/37,0,,,0,
main,mine,down_peak,103,30,4,4,nearest,direction,none,166,478,0.009,ok,26.9,18.5,84,135,40.71,33.5,98,153,13.81,8->1,43/40/43/40,0,,,0,
main,mine,down_peak,103,30,4,4,nearest,forecast,80,166,494,0.032,ok,25.33,14.5,78,98,39.13,30.0,96,119,13.81,22->1,39/37/45/45,0,0,66,0,
main,mine,down_peak,103,30,4,4,nearest,request,none,166,903,0.016,ok,186.6,172.0,450,480,200.4,186.0,459,504,13.81,25->1,44/35/43/44,0,,,0,
main,mine,down_peak,103,30,4,4,round-robin,direction,none,166,468,0.01,ok,37.54,30.0,114,209,51.35,45.0,121,214,13.81,6->1,42/42/41/41,0,,,0,
main,mine,down_peak,103,30,4,4,round-robin,forecast,80,166,494,0.045,ok,30.56,28.0,71,114,44.37,41.5,95,140,13.81,27->1,42/42/41/41,0,0,76,0,
main,mine,down_peak,103,30,4,4,round-robin,request,none,166,949,0.026,ok,206.93,186.0,467,556,220.73,192.0,485,573,13.81,5->4,42/42/41/41,0,,,0,
main,mine,heavy,101,100,4,10,forecast,direction,none,763,1203,6.861,ok,257.33,174,737,949,296.36,218,791,985,39.03,32->60,206/194/183/180,0,,,0,True
main,mine,heavy,101,100,4,10,forecast,forecast,80,763,,90.0,timeout,,,,,,,,,,,,,,,,
main,mine,heavy,101,100,4,10,forecast,request,none,763,5996,4.381,ok,2728.52,2706,5233,5509,2767.55,2741,5268,5597,39.03,1->89,197/212/181/173,0,,,0,True
main,mine,heavy,101,100,4,10,nearest,direction,none,763,2690,5.348,ok,623.42,340,2008,2563,662.45,386,2047,2604,39.03,39->40,107/462/86/108,0,,,0,True
main,mine,heavy,101,100,4,10,nearest,forecast,80,763,1864,36.923,ok,339.11,242,969,1492,378.13,294,1028,1545,39.03,58->13,263/175/136/189,0,0,80,0,True
main,mine,heavy,101,100,4,10,nearest,request,none,763,12993,0.606,ok,4920.66,4715,10742,12594,4959.68,4756,10791,12599,39.03,84->89,190/267/150/156,0,,,0,True
main,mine,heavy,101,100,4,10,round-robin,direction,none,763,1261,1.17,ok,337.91,242,876,1108,376.94,293,897,1165,39.03,20->1,191/191/191/190,0,,,0,True
main,mine,heavy,101,100,4,10,round-robin,forecast,80,763,1451,34.156,ok,317.47,258,726,964,356.5,293,780,1052,39.03,1->89,191/191/191/190,0,0,80,0,True
main,mine,heavy,101,100,4,10,round-robin,request,none,763,12849,0.582,ok,5874.69,5775,11165,12410,5913.72,5822,11219,12450,39.03,46->6,191/191/191/190,0,,,0,True
main,mine,heavy,101,30,4,4,forecast,direction,none,703,765,3.07,ok,112.72,64,352,610,125.02,77,365,628,12.3,19->1,167/178/194/164,0,,,0,True
main,mine,heavy,101,30,4,4,forecast,forecast,80,703,716,38.166,ok,114.9,97,267,315,127.2,112,284,327,12.3,6->18,177/173/167/186,0,0,78,0,True
main,mine,heavy,101,30,4,4,forecast,request,none,703,1650,2.927,ok,599.85,584,1149,1244,612.15,595,1157,1251,12.3,29->30,162/186/185/170,0,,,0,True
main,mine,heavy,101,30,4,4,nearest,direction,none,703,1138,0.832,ok,192.34,119,609,947,204.64,128,624,959,12.3,6->18,262/103/183/155,0,,,0,True
main,mine,heavy,101,30,4,4,nearest,forecast,80,703,1170,20.376,ok,180.7,132,535,754,193.0,147,563,771,12.3,18->1,270/187/102/144,0,0,80,0,True
main,mine,heavy,101,30,4,4,nearest,request,none,703,3502,0.414,ok,1287.07,1255,2639,3083,1299.37,1264,2654,3107,12.3,1->25,208/168/185/142,0,,,0,True
main,mine,heavy,101,30,4,4,round-robin,direction,none,703,849,0.532,ok,161.04,88,525,768,173.34,100,539,771,12.3,10->13,176/176/176/175,0,,,0,True
main,mine,heavy,101,30,4,4,round-robin,forecast,80,703,909,10.33,ok,150.69,122,374,503,162.99,134,390,519,12.3,4->20,176/176/176/175,0,0,80,0,True
main,mine,heavy,101,30,4,4,round-robin,request,none,703,3491,0.399,ok,1465.92,1463,2832,3074,1478.22,1474,2843,3093,12.3,23->4,176/176/176/175,0,,,0,True
main,mine,heavy,102,100,4,10,forecast,direction,none,702,1198,5.732,ok,235.71,154.0,646,1083,275.62,201.5,704,1135,39.91,14->66,183/202/171/146,0,,,0,
main,mine,heavy,102,100,4,10,forecast,forecast,80,702,,90.0,timeout,,,,,,,,,,,,,,,,
main,mine,heavy,102,100,4,10,forecast,request,none,702,5319,3.893,ok,2545.47,2615.5,4650,4871,2585.38,2633.0,4689,4921,39.91,1->51,164/177/186/175,0,,,0,
main,mine,heavy,102,100,4,10,nearest,direction,none,702,1443,1.042,ok,337.26,265.0,834,1274,377.17,304.0,882,1287,39.91,14->27,163/182/116/241,0,,,0,
main,mine,heavy,102,100,4,10,nearest,forecast,80,702,1611,31.838,ok,328.17,259.5,836,1162,368.08,309.0,907,1243,39.91,19->45,218/115/135/234,0,0,76,0,
main,mine,heavy,102,100,4,10,nearest,request,none,702,11681,0.462,ok,4623.18,4290.0,9887,11233,4663.09,4353.0,9971,11283,39.91,1->51,163/203/113/223,0,,,0,
main,mine,heavy,102,100,4,10,round-robin,direction,none,702,1251,0.866,ok,303.93,222.0,764,977,343.84,264.0,799,1035,39.91,15->66,176/176/175/175,0,,,0,
main,mine,heavy,102,100,4,10,round-robin,forecast,80,702,1279,23.629,ok,289.23,252.0,659,828,329.14,297.0,715,897,39.91,19->45,176/176/175/175,0,0,78,0,
main,mine,heavy,102,100,4,10,round-robin,request,none,702,11336,0.456,ok,5361.77,5432.0,10171,10900,5401.68,5476.5,10232,10937,39.91,73->50,176/176/175/175,0,,,0,
main,mine,heavy,102,30,4,4,forecast,direction,none,723,739,2.997,ok,108.96,56,376,671,121.02,70,394,687,12.06,5->21,221/166/181/155,0,,,0,
main,mine,heavy,102,30,4,4,forecast,forecast,80,723,708,42.263,ok,115.89,97,274,308,127.95,111,291,327,12.06,13->27,176/167/190/190,0,0,80,0,
main,mine,heavy,102,30,4,4,forecast,request,none,723,1720,2.986,ok,632.56,633,1237,1300,644.63,641,1249,1321,12.06,12->2,191/176/179/177,0,,,0,
main,mine,heavy,102,30,4,4,nearest,direction,none,723,941,0.752,ok,172.45,115,556,792,184.51,123,566,808,12.06,8->24,236/133/136/218,0,,,0,
main,mine,heavy,102,30,4,4,nearest,forecast,80,723,1087,20.482,ok,190.22,128,555,699,202.28,142,576,720,12.06,4->25,246/158/222/97,0,0,80,0,
main,mine,heavy,102,30,4,4,nearest,request,none,723,3176,0.535,ok,1162.32,1096,2353,2772,1174.38,1108,2363,2779,12.06,18->11,178/151/199/195,0,,,0,
main,mine,heavy,102,30,4,4,round-robin,direction,none,723,798,0.595,ok,161.96,102,463,620,174.02,114,473,632,12.06,14->26,181/181/181/180,0,,,0,
main,mine,heavy,102,30,4,4,round-robin,forecast,80,723,846,11.67,ok,154.02,134,359,466,166.08,144,373,485,12.06,1->20,181/181/181/180,0,0,80,0,
main,mine,heavy,102,30,4,4,round-robin,request,none,723,3681,0.423,ok,1548.24,1507,2981,3277,1560.3,1520,2991,3284,12.06,18->11,181/181/181/180,0,,,0,
main,mine,heavy,103,100,4,10,forecast,direction,none,734,1142,5.641,ok,220.97,146.5,619,964,257.69,185.0,669,1026,36.72,63->1,186/167/175/206,0,,,0,
main,mine,heavy,103,100,4,10,forecast,forecast,80,734,,90.0,timeout,,,,,,,,,,,,,,,,
main,mine,heavy,103,100,4,10,forecast,request,none,734,5573,3.81,ok,2550.35,2586.0,4863,5112,2587.07,2608.0,4886,5180,36.72,1->69,184/187/180/183,0,,,0,
main,mine,heavy,103,100,4,10,nearest,direction,none,734,1989,2.165,ok,429.73,272.0,1404,1865,466.45,301.0,1443,1870,36.72,39->44,120/312/217/85,0,,,0,
main,mine,heavy,103,100,4,10,nearest,forecast,80,734,1726,63.754,ok,387.84,270.0,1111,1372,424.56,297.0,1167,1409,36.72,42->79,98/265/84/287,0,0,80,0,
main,mine,heavy,103,100,4,10,nearest,request,none,734,13486,0.539,ok,4820.47,4646.5,10899,13057,4857.19,4694.5,10904,13088,36.72,14->45,234/137/158/205,0,,,0,
main,mine,heavy,103,100,4,10,round-robin,direction,none,734,1186,1.06,ok,303.58,233.5,787,997,340.3,270.0,822,1011,36.72,47->38,184/184/183/183,0,,,0,
main,mine,heavy,103,100,4,10,round-robin,forecast,80,734,1231,30.228,ok,293.5,255.0,664,788,330.22,298.0,716,857,36.72,13->69,184/184/183/183,0,0,80,0,
main,mine,heavy,103,100,4,10,round-robin,request,none,734,11694,0.488,ok,5345.78,5231.5,10356,11265,5382.5,5289.5,10406,11296,36.72,14->45,184/184/183/183,0,,,0,
main,mine,heavy,103,30,4,4,forecast,direction,none,718,780,3.407,ok,108.73,62.0,353,566,120.59,78.0,369,590,11.86,25->1,173/185/181/179,0,,,0,
main,mine,heavy,103,30,4,4,forecast,forecast,80,718,716,42.562,ok,107.73,97.0,240,314,119.59,114.0,255,335,11.86,22->1,175/173/193/177,0,0,80,0,
main,mine,heavy,103,30,4,4,forecast,request,none,718,1740,3.284,ok,668.32,669.5,1259,1333,680.18,680.5,1274,1344,11.86,1->2,178/186/172/182,0,,,0,
main,mine,heavy,103,30,4,4,nearest,direction,none,718,1024,0.734,ok,177.87,115.5,558,826,189.73,126.5,572,842,11.86,4->20,189/139/247/143,0,,,0,
main,mine,heavy,103,30,4,4,nearest,forecast,80,718,884,12.152,ok,146.41,131.0,345,482,158.27,148.5,358,495,11.86,19->8,175/205/174/164,0,0,80,0,
main,mine,heavy,103,30,4,4,nearest,request,none,718,3165,0.451,ok,1213.42,1219.5,2386,2754,1225.28,1230.0,2391,2766,11.86,16->28,155/198/190/175,0,,,0,
main,mine,heavy,103,30,4,4,round-robin,direction,none,718,824,0.521,ok,149.29,97.5,459,710,161.15,109.5,474,725,11.86,18->3,180/180/179/179,0,,,0,
main,mine,heavy,103,30,4,4,round-robin,forecast,80,718,922,12.467,ok,155.12,136.5,355,517,166.98,147.5,374,546,11.86,30->1,180/180/179/179,0,0,80,0,
main,mine,heavy,103,30,4,4,round-robin,request,none,718,3533,0.464,ok,1517.68,1542.5,2875,3128,1529.54,1555.5,2883,3136,11.86,28->20,180/180/179/179,0,,,0,
main,mine,hot_floor,101,100,4,10,forecast,direction,none,155,533,0.086,ok,38.43,35,86,129,70.57,64,147,174,32.14,37->29,56/38/35/26,0,,,0,True
main,mine,hot_floor,101,100,4,10,forecast,forecast,80,155,519,0.318,ok,34.88,31,74,124,67.02,61,119,190,32.14,67->1,55/45/24/31,0,0,58,0,True
main,mine,hot_floor,101,100,4,10,forecast,request,none,155,1246,0.167,ok,435.12,456,725,781,467.26,490,746,859,32.14,2->75,46/33/34/42,0,,,0,True
main,mine,hot_floor,101,100,4,10,nearest,direction,none,155,515,0.015,ok,51.11,35,163,315,83.25,69,189,326,32.14,51->62,47/24/40/44,0,,,0,True
main,mine,hot_floor,101,100,4,10,nearest,forecast,80,155,627,0.145,ok,65.34,54,215,252,97.48,85,250,325,32.14,75->2,48/26/34/47,0,0,72,0,True
main,mine,hot_floor,101,100,4,10,nearest,request,none,155,2793,0.031,ok,805.54,633,2087,2389,837.68,690,2142,2401,32.14,87->75,68/19/30/38,0,,,0,True
main,mine,hot_floor,101,100,4,10,round-robin,direction,none,155,640,0.016,ok,84.91,85,162,184,117.05,111,213,255,32.14,69->81,39/39/39/38,0,,,0,True
main,mine,hot_floor,101,100,4,10,round-robin,forecast,80,155,641,0.122,ok,82.17,78,165,196,114.31,109,219,249,32.14,68->22,39/39/39/38,0,0,52,0,True
main,mine,hot_floor,101,100,4,10,round-robin,request,none,155,2245,0.03,ok,916.32,935,1705,1841,948.45,949,1734,1853,32.14,87->75,39/39/39/38,0,,,0,True
main,mine,hot_floor,101,30,4,4,forecast,direction,none,155,413,0.046,ok,7.66,7,19,31,17.18,16,33,42,9.52,24->22,45/36/33/41,0,,,0,True
main,mine,hot_floor,101,30,4,4,forecast,forecast,80,155,415,0.076,ok,5.99,5,17,28,15.51,14,33,48,9.52,29->16,42/36/40/37,0,0,10,0,True
main,mine,hot_floor,101,30,4,4,forecast,request,none,155,414,0.029,ok,9.34,7,23,37,18.86,18,40,53,9.52,2->18,40/40/39/36,0,,,0,True
main,mine,hot_floor,101,30,4,4,nearest,direction,none,155,421,0.006,ok,8.45,6,28,52,17.97,16,41,61,9.52,19->17,49/39/40/27,0,,,0,True
main,mine,hot_floor,101,30,4,4,nearest,forecast,80,155,413,0.015,ok,7.59,5,21,52,17.12,15,38,67,9.52,19->17,39/39/45/32,0,0,36,0,True
main,mine,hot_floor,101,30,4,4,nearest,request,none,155,622,0.012,ok,111.7,113,198,232,121.23,121,204,248,9.52,21->22,47/34/42/32,0,,,0,True
main,mine,hot_floor,101,30,4,4,round-robin,direction,none,155,436,0.009,ok,19.39,17,42,55,28.91,28,56,70,9.52,22->18,39/39/39/38,0,,,0,True
main,mine,hot_floor,101,30,4,4,round-robin,forecast,80,155,427,0.022,ok,17.82,16,44,61,27.34,27,55,83,9.52,2->24,39/39/39/38,0,0,34,0,True
main,mine,hot_floor,101,30,4,4,round-robin,request,none,155,714,0.018,ok,115.53,107,284,313,125.05,119,292,321,9.52,16->8,39/39/39/38,0,,,0,True
main,mine,hot_floor,102,100,4,10,forecast,direction,none,165,505,0.087,ok,34.52,29,74,108,66.58,64,120,159,32.06,9->60,45/47/22/51,0,,,0,
main,mine,hot_floor,102,100,4,10,forecast,forecast,80,165,504,0.388,ok,37.17,27,98,154,69.23,58,149,202,32.06,49->88,30/50/48/37,0,0,76,0,
main,mine,hot_floor,102,100,4,10,forecast,request,none,165,1334,0.161,ok,452.82,457,812,875,484.88,490,844,941,32.06,9->75,33/47/41/44,0,,,0,
main,mine,hot_floor,102,100,4,10,nearest,direction,none,165,559,0.017,ok,38.41,25,156,199,70.47,63,166,237,32.06,69->75,60/33/36/36,0,,,0,
main,mine,hot_floor,102,100,4,10,nearest,forecast,80,165,594,0.099,ok,50.27,31,160,262,82.33,69,194,280,32.06,15->33,64/36/28/37,0,0,76,0,
main,mine,hot_floor,102,100,4,10,nearest,request,none,165,2747,0.033,ok,892.58,631,2197,2330,924.64,697,2261,2356,32.06,83->75,58/57/27/23,0,,,0,
main,mine,hot_floor,102,100,4,10,round-robin,direction,none,165,556,0.026,ok,88.71,93,173,187,120.77,123,216,256,32.06,35->83,42/41/41/41,0,,,0,
main,mine,hot_floor,102,100,4,10,round-robin,forecast,80,165,590,0.151,ok,85.5,85,191,217,117.56,113,228,290,32.06,16->29,42/41/41/41,0,0,78,0,
main,mine,hot_floor,102,100,4,10,round-robin,request,none,165,2297,0.026,ok,895.55,897,1723,1869,927.61,953,1731,1904,32.06,23->58,42/41/41/41,0,,,0,
main,mine,hot_floor,102,30,4,4,forecast,direction,none,154,412,0.034,ok,5.96,5.0,17,26,15.31,15.0,31,37,9.35,15->22,37/33/43/41,0,,,0,
main,mine,hot_floor,102,30,4,4,forecast,forecast,80,154,412,0.072,ok,6.14,5.0,17,28,15.49,15.5,31,39,9.35,17->22,40/40/44/30,0,0,18,0,
main,mine,hot_floor,102,30,4,4,forecast,request,none,154,415,0.03,ok,11.48,10.0,29,42,20.83,20.0,40,66,9.35,3->27,33/42/40/39,0,,,0,
main,mine,hot_floor,102,30,4,4,nearest,direction,none,154,420,0.006,ok,9.07,6.0,38,45,18.42,16.5,45,67,9.35,22->23,44/37/39/34,0,,,0,
main,mine,hot_floor,102,30,4,4,nearest,forecast,80,154,416,0.025,ok,10.12,7.0,30,54,19.47,18.0,47,73,9.35,22->3,43/29/45/37,0,0,22,0,
main,mine,hot_floor,102,30,4,4,nearest,request,none,154,580,0.009,ok,67.99,55.0,164,191,77.34,62.5,170,192,9.35,22->21,47/35/36/36,0,,,0,
main,mine,hot_floor,102,30,4,4,round-robin,direction,none,154,416,0.007,ok,19.58,19.0,41,54,28.93,27.0,49,71,9.35,17->22,39/39/38/38,0,,,0,
main,mine,hot_floor,102,30,4,4,round-robin,forecast,80,154,419,0.024,ok,16.57,14.0,36,78,25.92,23.0,57,93,9.35,4->19,39/39/38/38,0,0,42,0,
main,mine,hot_floor,102,30,4,4,round-robin,request,none,154,652,0.015,ok,116.08,126.0,232,259,125.44,135.5,243,270,9.35,22->11,39/39/38/38,0,,,0,
main,mine,hot_floor,103,100,4,10,forecast,direction,none,147,513,0.068,ok,25.59,22,56,109,58.69,59,111,180,33.11,100->75,31/49/30/37,0,,,0,
main,mine,hot_floor,103,100,4,10,forecast,forecast,80,147,497,0.212,ok,26.47,21,68,124,59.58,56,114,180,33.11,100->75,31/47/24/45,0,0,60,0,
main,mine,hot_floor,103,100,4,10,forecast,request,none,147,992,0.123,ok,263.99,259,476,525,297.1,296,506,597,33.11,99->27,38/38/38/33,0,,,0,
main,mine,hot_floor,103,100,4,10,nearest,direction,none,147,498,0.018,ok,46.79,38,159,185,79.9,72,186,248,33.11,12->75,40/32/33/42,0,,,0,
main,mine,hot_floor,103,100,4,10,nearest,forecast,80,147,582,0.099,ok,59.09,29,187,262,92.2,74,230,327,33.11,75->10,42/51/29/25,0,0,72,0,
main,mine,hot_floor,103,100,4,10,nearest,request,none,147,2011,0.029,ok,632.69,588,1292,1600,665.8,636,1369,1638,33.11,37->75,40/53/23/31,0,,,0,
main,mine,hot_floor,103,100,4,10,round-robin,direction,none,147,605,0.015,ok,85.22,81,166,188,118.33,119,208,241,33.11,74->39,37/37/37/36,0,,,0,
main,mine,hot_floor,103,100,4,10,round-robin,forecast,80,147,607,0.113,ok,86.37,77,172,253,119.48,118,219,336,33.11,100->17,37/37/37/36,0,0,78,0,
main,mine,hot_floor,103,100,4,10,round-robin,request,none,147,2081,0.022,ok,780.09,789,1409,1624,813.2,820,1443,1688,33.11,93->29,37/37/37/36,0,,,0,
main,mine,hot_floor,103,30,4,4,forecast,direction,none,136,412,0.026,ok,6.4,5.0,19,36,16.22,15.0,36,51,9.82,6->16,34/32/37/33,0,,,0,
main,mine,hot_floor,103,30,4,4,forecast,forecast,80,136,412,0.062,ok,6.54,5.0,17,26,16.36,14.5,34,43,9.82,23->12,34/25/32/45,0,0,10,0,
main,mine,hot_floor,103,30,4,4,forecast,request,none,136,412,0.026,ok,11.74,8.5,34,43,21.56,20.0,48,64,9.82,1->22,30/39/30/37,0,,,0,
main,mine,hot_floor,103,30,4,4,nearest,direction,none,136,412,0.005,ok,8.63,5.0,30,75,18.46,16.5,41,85,9.82,6->16,30/38/36/32,0,,,0,
main,mine,hot_floor,103,30,4,4,nearest,forecast,80,136,412,0.016,ok,10.23,5.5,28,106,20.05,16.0,41,127,9.82,1->22,33/35/31/37,0,0,70,0,
main,mine,hot_floor,103,30,4,4,nearest,request,none,136,507,0.008,ok,67.25,68.0,135,154,77.07,76.0,147,164,9.82,3->13,33/32/36/35,0,,,0,
main,mine,hot_floor,103,30,4,4,round-robin,direction,none,136,422,0.006,ok,18.53,16.5,41,54,28.35,27.5,55,68,9.82,23->30,34/34/34/34,0,,,0,
main,mine,hot_floor,103,30,4,4,round-robin,forecast,80,136,419,0.014,ok,15.39,12.5,41,98,25.21,21.0,55,114,9.82,29->13,34/34/34/34,0,0,52,0,
main,mine,hot_floor,103,30,4,4,round-robin,request,none,136,578,0.014,ok,71.93,75.0,147,170,81.76,85.5,153,188,9.82,22->4,34/34/34/34,0,,,0,
main,mine,interfloor,101,100,4,10,forecast,direction,none,148,495,0.094,ok,43.36,37.5,99,162,75.66,72.0,150,190,32.29,56->28,45/35/29/39,0,,,0,True
main,mine,interfloor,101,100,4,10,forecast,forecast,80,148,540,0.333,ok,40.22,39.0,88,164,72.51,69.0,146,256,32.29,100->8,40/26/44/38,0,0,72,0,True
main,mine,interfloor,101,100,4,10,forecast,request,none,148,1158,0.158,ok,444.65,478.5,708,760,476.94,498.0,734,788,32.29,81->58,33/40/38/37,0,,,0,True
main,mine,interfloor,101,100,4,10,nearest,direction,none,148,556,0.015,ok,59.7,46.5,154,336,91.99,77.0,203,366,32.29,51->21,41/41/36/30,0,,,0,True
main,mine,interfloor,101,100,4,10,nearest,forecast,80,148,535,0.124,ok,58.78,43.5,168,215,91.07,82.0,213,288,32.29,94->21,45/46/31/26,0,0,78,0,True
main,mine,interfloor,101,100,4,10,nearest,request,none,148,2360,0.024,ok,800.47,664.0,1803,1969,832.76,690.0,1832,1978,32.29,20->11,43/27/39/39,0,,,0,True
main,mine,interfloor,101,100,4,10,round-robin,direction,none,148,574,0.016,ok,87.53,90.5,172,188,119.82,115.5,222,247,32.29,7->47,37/37/37/37,0,,,0,True
main,mine,interfloor,101,100,4,10,round-robin,forecast,80,148,588,0.116,ok,85.95,84.0,177,186,118.24,113.5,222,239,32.29,75->70,37/37/37/37,0,0,76,0,True
main,mine,interfloor,101,100,4,10,round-robin,request,none,148,2568,0.025,ok,909.23,937.5,1644,2115,941.52,971.5,1674,2187,32.29,10->82,37/37/37/37,0,,,0,True
main,mine,interfloor,101,30,4,4,forecast,direction,none,162,422,0.042,ok,8.84,8.0,22,27,19.67,18.5,35,51,10.83,25->11,45/38/38/41,0,,,0,True
main,mine,interfloor,101,30,4,4,forecast,forecast,80,162,417,0.094,ok,8.85,7.0,23,33,19.68,19.0,40,54,10.83,25->11,43/43/42/34,0,0,16,0,True
main,mine,interfloor,101,30,4,4,forecast,request,none,162,430,0.04,ok,12.34,11.0,27,37,23.17,23.0,40,57,10.83,26->27,44/44/36/38,0,,,0,True
main,mine,interfloor,101,30,4,4,nearest,direction,none,162,418,0.008,ok,15.23,9.0,50,112,26.06,20.5,62,124,10.83,14->2,46/42/42/32,0,,,0,True
main,mine,interfloor,101,30,4,4,nearest,forecast,80,162,417,0.026,ok,11.46,6.0,39,79,22.29,19.0,52,91,10.83,14->2,47/46/36/33,0,0,66,0,True
main,mine,interfloor,101,30,4,4,nearest,request,none,162,734,0.015,ok,157.99,156.5,310,366,168.83,164.5,322,383,10.83,29->12,40/48/35/39,0,,,0,True
main,mine,interfloor,101,30,4,4,round-robin,direction,none,162,446,0.008,ok,23.17,21.0,46,95,34.01,32.0,61,96,10.83,20->19,41/41/40/40,0,,,0,True
main,mine,interfloor,101,30,4,4,round-robin,forecast,80,162,437,0.034,ok,21.25,21.0,43,55,32.09,31.0,57,72,10.83,23->11,41/41/40/40,0,0,24,0,True
main,mine,interfloor,101,30,4,4,round-robin,request,none,162,879,0.016,ok,192.93,202.5,393,472,203.76,211.5,413,483,10.83,4->7,41/41/40/40,0,,,0,True
main,mine,interfloor,102,100,4,10,forecast,direction,none,174,547,0.096,ok,33.33,29.5,81,107,66.37,62.5,125,163,33.05,96->87,45/50/15/64,0,,,0,
main,mine,interfloor,102,100,4,10,forecast,forecast,80,174,569,0.499,ok,42.03,31.5,112,136,75.07,68.5,152,198,33.05,64->2,50/47/25/52,0,0,78,0,
main,mine,interfloor,102,100,4,10,forecast,request,none,174,1451,0.206,ok,492.22,522.0,913,974,525.27,551.5,959,1056,33.05,9->59,47/41/48/38,0,,,0,
main,mine,interfloor,102,100,4,10,nearest,direction,none,174,570,0.018,ok,53.59,34.0,177,247,86.63,73.5,199,278,33.05,46->75,56/35/35/48,0,,,0,
main,mine,interfloor,102,100,4,10,nearest,forecast,80,174,587,0.179,ok,63.72,37.5,208,262,96.76,82.5,235,285,33.05,88->90,58/44/49/23,0,0,80,0,
main,mine,interfloor,102,100,4,10,nearest,request,none,174,3137,0.032,ok,995.43,855.5,2354,2706,1028.47,892.5,2420,2740,33.05,97->98,64/29/42/39,0,,,0,
main,mine,interfloor,102,100,4,10,round-robin,direction,none,174,600,0.02,ok,88.62,85.0,178,197,121.67,124.0,212,258,33.05,63->69,44/44/43/43,0,,,0,
main,mine,interfloor,102,100,4,10,round-robin,forecast,80,174,611,0.159,ok,83.16,83.0,177,197,116.21,112.5,217,275,33.05,45->75,44/44/43/43,0,0,66,0,
main,mine,interfloor,102,100,4,10,round-robin,request,none,174,2806,0.036,ok,1051.78,1021.0,2105,2359,1084.83,1048.0,2139,2409,33.05,9->59,44/44/43/43,0,,,0,
main,mine,interfloor,102,30,4,4,forecast,direction,none,144,414,0.034,ok,6.49,5.5,18,33,16.71,16.0,30,53,10.22,24->4,41/34/38/31,0,,,0,
main,mine,interfloor,102,30,4,4,forecast,forecast,80,144,420,0.065,ok,7.35,6.0,21,37,17.56,16.0,37,51,10.22,26->29,34/36/41/33,0,0,16,0,
main,mine,interfloor,102,30,4,4,forecast,request,none,144,428,0.042,ok,10.96,9.0,27,40,21.17,20.0,44,65,10.22,26->1,33/35/37/39,0,,,0,
main,mine,interfloor,102,30,4,4,nearest,direction,none,144,439,0.012,ok,10.38,6.0,40,48,20.59,18.0,46,66,10.22,11->3,42/42/29/31,0,,,0,
main,mine,interfloor,102,30,4,4,nearest,forecast,80,144,424,0.015,ok,9.56,6.0,28,56,19.78,17.0,46,77,10.22,9->30,38/43/36/27,0,0,42,0,
main,mine,interfloor,102,30,4,4,nearest,request,none,144,647,0.01,ok,87.91,85.5,191,250,98.12,99.5,212,263,10.22,3->16,28/39/38/39,0,,,0,
main,mine,interfloor,102,30,4,4,round-robin,direction,none,144,453,0.007,ok,21.47,20.5,44,49,31.68,31.0,56,65,10.22,25->20,36/36/36/36,0,,,0,
main,mine,interfloor,102,30,4,4,round-robin,forecast,80,144,444,0.018,ok,22.11,19.5,46,73,32.33,30.0,62,89,10.22,13->29,36/36/36/36,0,0,46,0,
main,mine,interfloor,102,30,4,4,round-robin,request,none,144,673,0.011,ok,136.89,131.0,249,285,147.1,141.0,264,292,10.22,2->9,36/36/36/36,0,,,0,
main,mine,interfloor,103,100,4,10,forecast,direction,none,163,532,0.093,ok,39.83,35,88,147,73.53,71,133,185,33.7,40->78,40/42/32/49,0,,,0,
main,mine,interfloor,103,100,4,10,forecast,forecast,80,163,499,0.418,ok,39.13,36,86,136,72.83,70,124,188,33.7,95->43,42/45/31/45,0,0,42,0,
main,mine,interfloor,103,100,4,10,forecast,request,none,163,1349,0.178,ok,472.84,448,866,900,506.54,490,887,951,33.7,53->39,44/42/36/41,0,,,0,
main,mine,interfloor,103,100,4,10,nearest,direction,none,163,629,0.019,ok,61.61,28,208,483,95.31,67,277,539,33.7,76->20,58/31/40/34,0,,,0,
main,mine,interfloor,103,100,4,10,nearest,forecast,80,163,555,0.137,ok,53.28,32,205,248,86.98,65,232,301,33.7,100->72,51/36/42/34,0,0,78,0,
main,mine,interfloor,103,100,4,10,nearest,request,none,163,2926,0.04,ok,1009.07,927,2227,2536,1042.77,930,2275,2547,33.7,20->10,56/50/24/33,0,,,0,
main,mine,interfloor,103,100,4,10,round-robin,direction,none,163,578,0.027,ok,87.46,90,169,194,121.16,130,218,253,33.7,31->90,41/41/41/40,0,,,0,
main,mine,interfloor,103,100,4,10,round-robin,forecast,80,163,612,0.151,ok,93.03,90,176,314,126.73,129,214,384,33.7,99->29,41/41/41/40,0,0,78,0,
main,mine,interfloor,103,100,4,10,round-robin,request,none,163,2588,0.027,ok,1048.67,1052,1927,2117,1082.37,1107,1982,2190,33.7,97->24,41/41/41/40,0,,,0,
main,mine,interfloor,103,30,4,4,forecast,direction,none,154,444,0.032,ok,7.52,7.0,19,28,17.87,17.0,35,49,10.35,4->25,40/46/35/33,0,,,0,
main,mine,interfloor,103,30,4,4,forecast,forecast,80,154,427,0.075,ok,7.23,6.0,20,33,17.58,17.0,36,44,10.35,25->29,40/45/40/29,0,0,10,0,
main,mine,interfloor,103,30,4,4,forecast,request,none,154,433,0.046,ok,22.83,23.0,43,56,33.18,34.0,57,68,10.35,29->17,38/39/35/42,0,,,0,
main,mine,interfloor,103,30,4,4,nearest,direction,none,154,439,0.007,ok,11.15,7.0,39,76,21.5,19.0,49,80,10.35,12->16,45/41/36/32,0,,,0,
main,mine,interfloor,103,30,4,4,nearest,forecast,80,154,439,0.015,ok,8.85,5.0,30,57,19.2,16.5,42,74,10.35,25->29,40/38/45/31,0,0,44,0,
main,mine,interfloor,103,30,4,4,nearest,request,none,154,754,0.022,ok,112.27,98.0,318,351,122.62,107.0,329,366,10.35,3->18,47/43/31/33,0,,,0,
main,mine,interfloor,103,30,4,4,round-robin,direction,none,154,458,0.008,ok,24.34,24.0,49,55,34.69,35.5,61,74,10.35,20->16,39/39/38/38,0,,,0,
main,mine,interfloor,103,30,4,4,round-robin,forecast,80,154,452,0.02,ok,19.83,17.0,47,73,30.18,26.5,63,95,10.35,2->24,39/39/38/38,0,0,32,0,
main,mine,interfloor,103,30,4,4,round-robin,request,none,154,716,0.014,ok,145.51,155.0,286,311,155.86,166.0,303,328,10.35,16->20,39/39/38/38,0,,,0,
main,mine,light,101,100,4,10,forecast,direction,none,51,465,0.015,ok,40.08,42,89,101,76.84,75,143,168,36.76,6->52,14/10/15/12,0,,,0,True
main,mine,light,101,100,4,10,forecast,forecast,80,51,441,0.033,ok,23.06,18,75,89,59.82,48,119,168,36.76,88->9,12/19/12/8,0,0,26,0,True
main,mine,light,101,100,4,10,forecast,request,none,51,476,0.015,ok,64.24,73,104,113,101,105,166,177,36.76,64->84,12/13/15/11,0,,,0,True
main,mine,light,101,100,4,10,nearest,direction,none,51,501,0.004,ok,43.16,32,105,172,79.92,77,157,249,36.76,20->97,15/13/13/10,0,,,0,True
main,mine,light,101,100,4,10,nearest,forecast,80,51,430,0.007,ok,24.94,14,89,127,61.71,51,161,172,36.76,49->4,15/14/10/12,0,0,46,0,True
main,mine,light,101,100,4,10,nearest,request,none,51,1095,0.006,ok,227.18,171,665,677,263.94,194,672,717,36.76,64->24,11/20/13/7,0,,,0,True
main,mine,light,101,100,4,10,round-robin,direction,none,51,572,0.004,ok,78.25,82,158,174,115.02,114,209,217,36.76,43->75,13/13/13/12,0,,,0,True
main,mine,light,101,100,4,10,round-robin,forecast,80,51,563,0.013,ok,75.39,87,164,172,112.16,120,211,237,36.76,75->36,13/13/13/12,0,0,72,0,True
main,mine,light,101,100,4,10,round-robin,request,none,51,807,0.005,ok,206.88,194,374,454,243.65,221,398,458,36.76,94->98,13/13/13/12,0,,,0,True
main,mine,light,101,30,4,4,forecast,direction,none,54,413,0.008,ok,4.13,4.0,10,22,14.28,13.0,30,37,10.15,23->8,14/13/16/11,0,,,0,True
main,mine,light,101,30,4,4,forecast,forecast,80,54,415,0.017,ok,4.31,3.5,13,22,14.46,15.0,30,37,10.15,23->8,13/13/18/10,0,0,10,0,True
main,mine,light,101,30,4,4,forecast,request,none,54,415,0.007,ok,5.11,5.0,11,22,15.26,14.5,30,37,10.15,23->8,15/14/15/10,0,,,0,True
main,mine,light,101,30,4,4,nearest,direction,none,54,413,0.002,ok,4.89,4.0,17,24,15.04,12.5,30,39,10.15,23->8,16/15/11/12,0,,,0,True
main,mine,light,101,30,4,4,nearest,forecast,80,54,415,0.004,ok,4.87,4.0,15,24,15.02,14.0,30,39,10.15,23->8,16/15/11/12,0,0,10,0,True
main,mine,light,101,30,4,4,nearest,request,none,54,415,0.002,ok,8.04,4.5,40,46,18.19,15.5,55,62,10.15,24->8,16/15/11/12,0,,,0,True
main,mine,light,101,30,4,4,round-robin,direction,none,54,431,0.003,ok,13.41,12.0,31,38,23.56,24.0,41,53,10.15,1->9,14/14/13/13,0,,,0,True
main,mine,light,101,30,4,4,round-robin,forecast,80,54,431,0.004,ok,11.94,9.5,38,45,22.09,20.0,45,67,10.15,28->6,14/14/13/13,0,0,18,0,True
main,mine,light,101,30,4,4,round-robin,request,none,54,435,0.002,ok,13.81,12.5,31,38,23.96,24.5,42,53,10.15,1->9,14/14/13/13,0,,,0,True
main,mine,light,102,100,4,10,forecast,direction,none,58,431,0.016,ok,22.9,16.0,64,91,57.16,54.0,136,168,34.26,90->45,17/17/10/14,0,,,0,
main,mine,light,102,100,4,10,forecast,forecast,80,58,431,0.034,ok,26.29,22.5,71,91,60.55,57.0,136,168,34.26,90->45,18/12/11/17,0,0,30,0,
main,mine,light,102,100,4,10,forecast,request,none,58,584,0.027,ok,121.1,132.0,189,191,155.36,161.5,226,276,34.26,1->86,18/12/16/12,0,,,0,
main,mine,light,102,100,4,10,nearest,direction,none,58,467,0.004,ok,45.79,30.0,160,162,80.05,67.0,184,213,34.26,40->91,19/11/9/19,0,,,0,
main,mine,light,102,100,4,10,nearest,forecast,80,58,448,0.009,ok,39.02,25.0,112,180,73.28,64.5,180,195,34.26,23->8,12/21/15/10,0,0,74,0,
main,mine,light,102,100,4,10,nearest,request,none,58,989,0.005,ok,237.47,207.5,634,644,271.72,238.0,682,692,34.26,54->81,14/19/13/12,0,,,0,
main,mine,light,102,100,4,10,round-robin,direction,none,58,528,0.005,ok,76.14,76.0,167,181,110.4,112.5,194,250,34.26,39->49,15/15/14/14,0,,,0,
main,mine,light,102,100,4,10,round-robin,forecast,80,58,502,0.011,ok,73.97,68.0,157,178,108.22,109.5,209,244,34.26,31->62,15/15/14/14,0,0,68,0,
main,mine,light,102,100,4,10,round-robin,request,none,58,1131,0.01,ok,283.52,269.5,602,767,317.78,309.5,646,775,34.26,2->10,15/15/14/14,0,,,0,
main,mine,light,102,30,4,4,forecast,direction,none,78,413,0.013,ok,5.26,4.0,16,28,14.72,12.5,30,53,9.46,27->2,18/18/20/22,0,,,0,
main,mine,light,102,30,4,4,forecast,forecast,80,78,413,0.025,ok,5.38,4.0,17,28,14.85,12.0,38,53,9.46,27->2,21/23/20/14,0,0,6,0,
main,mine,light,102,30,4,4,forecast,request,none,78,413,0.011,ok,6.09,4.0,20,27,15.55,15.0,34,51,9.46,28->6,21/20/22/15,0,,,0,
main,mine,light,102,30,4,4,nearest,direction,none,78,413,0.003,ok,6.78,5.0,26,34,16.24,14.5,36,53,9.46,9->22,18/21/20/19,0,,,0,
main,mine,light,102,30,4,4,nearest,forecast,80,78,416,0.011,ok,5.44,4.0,18,34,14.9,12.0,34,53,9.46,9->22,24/18/23/13,0,0,4,0,
main,mine,light,102,30,4,4,nearest,request,none,78,416,0.003,ok,19.08,9.0,73,105,28.54,20.0,95,114,9.46,28->19,19/21/17/21,0,,,0,
main,mine,light,102,30,4,4,round-robin,direction,none,78,418,0.003,ok,15.81,14.0,36,42,25.27,23.0,51,64,9.46,28->19,20/20/19/19,0,,,0,
main,mine,light,102,30,4,4,round-robin,forecast,80,78,418,0.007,ok,15.9,13.5,40,54,25.36,21.5,63,72,9.46,3->21,20/20/19/19,0,0,16,0,
main,mine,light,102,30,4,4,round-robin,request,none,78,418,0.003,ok,24,21.5,55,62,33.46,31.0,64,66,9.46,19->22,20/20/19/19,0,,,0,
main,mine,light,103,100,4,10,forecast,direction,none,54,433,0.015,ok,37.13,36.0,89,164,73.28,69.5,131,193,36.15,35->6,13/11/16/14,0,,,0,
main,mine,light,103,100,4,10,forecast,forecast,80,54,411,0.038,ok,39.39,29.5,95,112,75.54,71.5,157,184,36.15,87->46,13/12/16/13,0,0,56,0,
main,mine,light,103,100,4,10,forecast,request,none,54,477,0.026,ok,75.43,78.5,119,151,111.57,114.0,176,228,36.15,97->20,15/13/10/16,0,,,0,
main,mine,light,103,100,4,10,nearest,direction,none,54,460,0.004,ok,37.11,25.5,103,119,73.26,64.5,164,179,36.15,63->3,18/10/14/12,0,,,0,
main,mine,light,103,100,4,10,nearest,forecast,80,54,461,0.011,ok,38.46,35.0,103,119,74.61,77.5,142,179,36.15,63->3,14/15/15/10,0,0,40,0,
main,mine,light,103,100,4,10,nearest,request,none,54,1261,0.006,ok,285.61,289.5,801,877,321.76,323.0,827,922,36.15,11->56,16/18/12/8,0,,,0,
main,mine,light,103,100,4,10,round-robin,direction,none,54,487,0.004,ok,71.54,67.5,142,167,107.69,109.0,191,224,36.15,56->24,14/14/13/13,0,,,0,
main,mine,light,103,100,4,10,round-robin,forecast,80,54,493,0.009,ok,69.43,62.0,143,151,105.57,99.5,189,227,36.15,90->80,14/14/13/13,0,0,46,0,
main,mine,light,103,100,4,10,round-robin,request,none,54,922,0.005,ok,274.09,268.5,536,547,310.24,311.0,557,567,36.15,60->78,14/14/13/13,0,,,0,
main,mine,light,103,30,4,4,forecast,direction,none,59,418,0.013,ok,5.59,4,19,24,15.05,15,36,51,9.46,25->13,11/15/18/15,0,,,0,
main,mine,light,103,30,4,4,forecast,forecast,80,59,418,0.019,ok,5.59,4,19,24,15.05,15,36,51,9.46,25->13,11/15/18/15,0,0,0,0,
main,mine,light,103,30,4,4,forecast,request,none,59,418,0.008,ok,6.69,4,20,24,16.15,15,37,51,9.46,25->13,13/15/18/13,0,,,0,
main,mine,light,103,30,4,4,nearest,direction,none,59,418,0.003,ok,10.14,6,33,52,19.59,16,47,64,9.46,19->25,16/19/7/17,0,,,0,
main,mine,light,103,30,4,4,nearest,forecast,80,59,418,0.004,ok,8.08,5,26,35,17.54,16,41,54,9.46,26->21,15/21/23/0,0,0,16,0,
main,mine,light,103,30,4,4,nearest,request,none,59,442,0.002,ok,15.88,7,60,72,25.34,21,67,82,9.46,19->21,14/22/7/16,0,,,0,
main,mine,light,103,30,4,4,round-robin,direction,none,59,427,0.003,ok,15.41,15,32,52,24.86,25,47,60,9.46,3->2,15/15/15/14,0,,,0,
main,mine,light,103,30,4,4,round-robin,forecast,80,59,427,0.004,ok,12.86,13,26,37,22.32,21,44,47,9.46,13->4,15/15/15/14,0,0,8,0,
main,mine,light,103,30,4,4,round-robin,request,none,59,427,0.002,ok,15.73,16,32,52,25.19,25,47,60,9.46,3->2,15/15/15/14,0,,,0,
main,mine,lunch,101,100,4,10,forecast,direction,none,165,555,0.112,ok,51.63,47,124,165,97.55,90,197,236,45.92,69->1,37/46/46/36,0,,,0,True
main,mine,lunch,101,100,4,10,forecast,forecast,80,165,532,0.681,ok,49.4,47,100,143,95.32,96,165,187,45.92,45->1,50/55/33/27,0,0,78,0,True
main,mine,lunch,101,100,4,10,forecast,request,none,165,1053,0.16,ok,333.46,332,594,651,379.38,401,633,689,45.92,34->37,39/41/42/43,0,,,0,True
main,mine,lunch,101,100,4,10,nearest,direction,none,165,798,0.023,ok,96.24,58,371,469,142.16,105,401,550,45.92,6->87,15/41/33/76,0,,,0,True
main,mine,lunch,101,100,4,10,nearest,forecast,80,165,746,0.275,ok,73.25,39,238,381,119.18,91,287,468,45.92,1->88,36/67/25/37,0,0,56,0,True
main,mine,lunch,101,100,4,10,nearest,request,none,165,3337,0.034,ok,1094.71,946,2758,2922,1140.63,967,2783,2971,45.92,62->77,49/16/35/65,0,,,0,True
main,mine,lunch,101,100,4,10,round-robin,direction,none,165,654,0.02,ok,111.67,106,227,367,157.59,152,266,414,45.92,3->1,42/41/41/41,0,,,0,True
main,mine,lunch,101,100,4,10,round-robin,forecast,80,165,665,0.203,ok,108.76,109,209,290,154.68,153,267,338,45.92,1->49,42/41/41/41,0,0,70,0,True
main,mine,lunch,101,100,4,10,round-robin,request,none,165,2715,0.031,ok,1020.14,990,1982,2292,1066.06,1046,2015,2321,45.92,30->1,42/41/41/41,0,,,0,True
main,mine,lunch,101,30,4,4,forecast,direction,none,161,436,0.043,ok,11.16,10,27,40,25.27,24,48,63,14.11,1->11,37/38/44/42,0,,,0,True
main,mine,lunch,101,30,4,4,forecast,forecast,80,161,448,0.133,ok,11.19,9,28,40,25.3,25,48,63,14.11,1->11,36/40/43/42,0,0,14,0,True
main,mine,lunch,101,30,4,4,forecast,request,none,161,489,0.046,ok,24.86,22,52,63,38.96,37,67,90,14.11,1->28,36/47/43/35,0,,,0,True
main,mine,lunch,101,30,4,4,nearest,direction,none,161,485,0.008,ok,16.57,8,61,194,30.68,24,81,217,14.11,2->25,45/30/43/43,0,,,0,True
main,mine,lunch,101,30,4,4,nearest,forecast,80,161,501,0.041,ok,20.5,9,73,146,34.61,26,96,164,14.11,2->20,37/26/45/53,0,0,78,0,True
main,mine,lunch,101,30,4,4,nearest,request,none,161,814,0.015,ok,134.66,98,335,390,148.76,118,358,415,14.11,1->8,52/48/37/24,0,,,0,True
main,mine,lunch,101,30,4,4,round-robin,direction,none,161,469,0.018,ok,23.58,22,50,157,37.69,35,69,175,14.11,2->20,41/40/40/40,0,,,0,True
main,mine,lunch,101,30,4,4,round-robin,forecast,80,161,469,0.031,ok,23.88,22,54,77,37.99,36,73,96,14.11,1->20,41/40/40/40,0,0,16,0,True
main,mine,lunch,101,30,4,4,round-robin,request,none,161,717,0.013,ok,136.7,134,272,309,150.81,154,287,319,14.11,8->1,41/40/40/40,0,,,0,True
main,mine,lunch,102,100,4,10,forecast,direction,none,143,530,0.078,ok,40.13,30,101,181,88.64,84,163,226,48.51,46->1,25/43/39/36,0,,,0,
main,mine,lunch,102,100,4,10,forecast,forecast,80,143,596,0.396,ok,45.79,37,115,157,94.3,90,186,224,48.51,80->47,24/33/45/41,0,0,80,0,
main,mine,lunch,102,100,4,10,forecast,request,none,143,1010,0.116,ok,243.34,247,454,548,291.85,283,515,618,48.51,97->100,42/30/35/36,0,,,0,
main,mine,lunch,102,100,4,10,nearest,direction,none,143,646,0.013,ok,60.24,34,214,369,108.75,88,269,401,48.51,33->1,22/49/33/39,0,,,0,
main,mine,lunch,102,100,4,10,nearest,forecast,80,143,700,0.095,ok,54.73,38,202,221,103.24,86,236,305,48.51,1->75,22/51/29/41,0,0,64,0,
main,mine,lunch,102,100,4,10,nearest,request,none,143,1816,0.02,ok,509.95,439,1332,1415,558.46,488,1346,1419,48.51,97->100,27/36/54/26,0,,,0,
main,mine,lunch,102,100,4,10,round-robin,direction,none,143,658,0.015,ok,95.99,96,185,272,144.5,146,238,316,48.51,19->63,36/36/36/35,0,,,0,
main,mine,lunch,102,100,4,10,round-robin,forecast,80,143,689,0.128,ok,89.08,87,178,201,137.59,139,235,294,48.51,1->94,36/36/36/35,0,0,76,0,
main,mine,lunch,102,100,4,10,round-robin,request,none,143,2809,0.023,ok,906.02,876,1981,2408,954.53,934,2043,2411,48.51,97->100,36/36/36/35,0,,,0,
main,mine,lunch,102,30,4,4,forecast,direction,none,188,444,0.05,ok,11.92,8.0,35,47,24.92,23.0,52,70,13,1->11,38/53/49/48,0,,,0,
main,mine,lunch,102,30,4,4,forecast,forecast,80,188,445,0.16,ok,11.68,9.5,30,46,24.68,24.0,48,62,13,1->5,46/46/58/38,0,0,16,0,
main,mine,lunch,102,30,4,4,forecast,request,none,188,481,0.062,ok,24.18,18.0,67,73,37.18,32.0,80,97,13,1->19,49/43/50/46,0,,,0,
main,mine,lunch,102,30,4,4,nearest,direction,none,188,510,0.01,ok,19.77,8.0,62,114,32.77,25.0,83,139,13,3->28,55/46/42/45,0,,,0,
main,mine,lunch,102,30,4,4,nearest,forecast,80,188,483,0.047,ok,18.69,8.0,62,82,31.69,25.0,83,104,13,1->23,53/41/43/51,0,0,50,0,
main,mine,lunch,102,30,4,4,nearest,request,none,188,790,0.015,ok,115.75,73.5,304,367,128.75,80.0,312,393,13,27->1,51/36/49/52,0,,,0,
main,mine,lunch,102,30,4,4,round-robin,direction,none,188,463,0.01,ok,27.89,27.5,55,70,40.89,41.0,74,92,13,1->14,47/47/47/47,0,,,0,
main,mine,lunch,102,30,4,4,round-robin,forecast,80,188,466,0.044,ok,26.97,25.0,55,83,39.97,38.5,75,103,13,30->10,47/47/47/47,0,0,38,0,
main,mine,lunch,102,30,4,4,round-robin,request,none,188,1074,0.017,ok,193.18,144.5,488,651,206.18,161.0,500,677,13,27->1,47/47/47/47,0,,,0,
main,mine,lunch,103,100,4,10,forecast,direction,none,174,593,0.13,ok,66.41,66.5,142,164,114.14,117.0,208,249,47.73,86->1,34/24/60/56,0,,,0,
main,mine,lunch,103,100,4,10,forecast,forecast,80,174,563,0.673,ok,52.51,54.0,106,135,100.24,100.0,174,210,47.73,79->8,42/33/55/44,0,0,36,0,
main,mine,lunch,103,100,4,10,forecast,request,none,174,1190,0.172,ok,357.29,355.5,676,745,405.02,406.0,728,812,47.73,1->28,52/34/48/40,0,,,0,
main,mine,lunch,103,100,4,10,nearest,direction,none,174,687,0.024,ok,58.64,33.0,213,351,106.37,86.0,266,370,47.73,20->1,43/35/49/47,0,,,0,
main,mine,lunch,103,100,4,10,nearest,forecast,80,174,770,0.164,ok,58.44,34.0,200,303,106.17,90.0,244,385,47.73,1->83,32/30/62/50,0,0,66,0,
main,mine,lunch,103,100,4,10,nearest,request,none,174,3041,0.032,ok,896.52,697.0,2346,2620,944.25,742.0,2351,2644,47.73,25->1,42/18/52/62,0,,,0,
main,mine,lunch,103,100,4,10,round-robin,direction,none,174,630,0.02,ok,94.39,92.5,183,383,142.11,137.5,253,401,47.73,19->1,44/44/43/43,0,,,0,
main,mine,lunch,103,100,4,10,round-robin,forecast,80,174,630,0.195,ok,96.9,95.5,189,221,144.63,138.5,255,316,47.73,19->1,44/44/43/43,0,0,68,0,
main,mine,lunch,103,100,4,10,round-robin,request,none,174,2916,0.039,ok,909.94,881.5,2027,2495,957.67,922.5,2126,2519,47.73,25->1,44/44/43/43,0,,,0,
main,mine,lunch,103,30,4,4,forecast,direction,none,146,432,0.032,ok,6.18,5.0,16,33,18.67,18.0,35,51,12.49,30->12,35/29/45/37,0,,,0,
main,mine,lunch,103,30,4,4,forecast,forecast,80,146,434,0.078,ok,6.88,5.0,19,29,19.36,19.0,36,48,12.49,1->12,40/30/35/41,0,0,8,0,
main,mine,lunch,103,30,4,4,forecast,request,none,146,436,0.029,ok,8.91,8.0,22,28,21.4,20.5,40,46,12.49,12->10,36/37/40/33,0,,,0,
main,mine,lunch,103,30,4,4,nearest,direction,none,146,464,0.007,ok,11.5,6.0,51,94,23.99,20.0,61,104,12.49,11->1,38/33/35/40,0,,,0,
main,mine,lunch,103,30,4,4,nearest,forecast,80,146,474,0.031,ok,8.07,5.0,22,72,20.55,19.0,44,80,12.49,1->6,29/49/38/30,0,0,32,0,
main,mine,lunch,103,30,4,4,nearest,request,none,146,601,0.008,ok,58.79,52.5,164,208,71.28,63.5,189,220,12.49,1->13,32/40/33/41,0,,,0,
main,mine,lunch,103,30,4,4,round-robin,direction,none,146,455,0.007,ok,21.76,21.0,47,71,34.25,35.0,62,81,12.49,11->1,37/37/36/36,0,,,0,
main,mine,lunch,103,30,4,4,round-robin,forecast,80,146,459,0.022,ok,23.18,22.0,52,77,35.66,34.0,70,100,12.49,24->1,37/37/36/36,0,0,36,0,
main,mine,lunch,103,30,4,4,round-robin,request,none,146,700,0.015,ok,84.62,67.5,226,294,97.11,82.0,228,309,12.49,1->13,37/37/36/36,0,,,0,
main,mine,sparse,101,100,4,10,forecast,direction,none,16,451,0.005,ok,31.69,28.5,87,87,66.94,63.5,148,148,35.25,88->99,10/2/3/1,0,,,0,True
main,mine,sparse,101,100,4,10,forecast,forecast,80,16,451,0.006,ok,31.69,28.5,87,87,66.94,63.5,148,148,35.25,88->99,10/2/3/1,0,0,8,0,True
main,mine,sparse,101,100,4,10,forecast,request,none,16,480,0.003,ok,29.69,28.0,87,87,64.94,59.0,148,148,35.25,88->99,5/3/5/3,0,,,0,True
main,mine,sparse,101,100,4,10,nearest,direction,none,16,459,0.002,ok,38.06,26.0,136,136,73.31,63.5,163,163,35.25,37->10,10/5/1/0,0,,,0,True
main,mine,sparse,101,100,4,10,nearest,forecast,80,16,451,0.002,ok,37.44,31.5,87,87,72.69,69.5,148,148,35.25,88->99,10/4/2/0,0,0,8,0,True
main,mine,sparse,101,100,4,10,nearest,request,none,16,486,0.002,ok,96.88,82.0,230,230,132.12,106.0,284,284,35.25,55->29,9/5/1/1,0,,,0,True
main,mine,sparse,101,100,4,10,round-robin,direction,none,16,530,0.002,ok,50.19,35.5,127,127,85.44,85.0,163,163,35.25,79->87,4/4/4/4,0,,,0,True
main,mine,sparse,101,100,4,10,round-robin,forecast,80,16,530,0.002,ok,45.5,32.0,136,136,80.75,79.5,163,163,35.25,37->10,4/4/4/4,0,0,38,0,True
main,mine,sparse,101,100,4,10,round-robin,request,none,16,530,0.003,ok,50.19,35.5,127,127,85.44,85.0,163,163,35.25,79->87,4/4/4/4,0,,,0,True
main,mine,sparse,101,30,4,4,forecast,direction,none,12,381,0.002,ok,6.5,3.5,22,22,16,14.0,40,40,9.5,23->5,9/3/0/0,0,,,0,True
main,mine,sparse,101,30,4,4,forecast,forecast,80,12,381,0.005,ok,6.5,3.5,22,22,16,14.0,40,40,9.5,23->5,9/3/0/0,0,0,0,0,True
main,mine,sparse,101,30,4,4,forecast,request,none,12,381,0.002,ok,6.5,3.5,22,22,16,14.0,40,40,9.5,23->5,9/3/0/0,0,,,0,True
main,mine,sparse,101,30,4,4,nearest,direction,none,12,383,0.001,ok,6.67,3.5,22,22,16.17,14.0,40,40,9.5,23->5,10/2/0/0,0,,,0,True
main,mine,sparse,101,30,4,4,nearest,forecast,80,12,383,0.001,ok,6.67,3.5,22,22,16.17,14.0,40,40,9.5,23->5,10/2/0/0,0,0,0,0,True
main,mine,sparse,101,30,4,4,nearest,request,none,12,383,0.001,ok,6.67,3.5,22,22,16.17,14.0,40,40,9.5,23->5,10/2/0/0,0,,,0,True
main,mine,sparse,101,30,4,4,round-robin,direction,none,12,387,0.001,ok,11.83,14.0,22,22,21.33,24.5,40,40,9.5,23->5,3/3/3/3,0,,,0,True
main,mine,sparse,101,30,4,4,round-robin,forecast,80,12,387,0.001,ok,11.83,14.0,22,22,21.33,24.5,40,40,9.5,23->5,3/3/3/3,0,0,0,0,True
main,mine,sparse,101,30,4,4,round-robin,request,none,12,387,0.001,ok,11.83,14.0,22,22,21.33,24.5,40,40,9.5,23->5,3/3/3/3,0,,,0,True
main,mine,sparse,102,100,4,10,forecast,direction,none,8,431,0.002,ok,34.88,30.5,66,66,63.12,59.5,90,90,28.25,67->79,2/3/3/0,0,,,0,
main,mine,sparse,102,100,4,10,forecast,forecast,80,8,431,0.007,ok,34.88,30.5,66,66,63.12,59.5,90,90,28.25,67->79,2/3/3/0,0,0,10,0,
main,mine,sparse,102,100,4,10,forecast,request,none,8,431,0.002,ok,37.88,37.5,66,66,66.12,67.0,96,96,28.25,67->79,2/3/2/1,0,,,0,
main,mine,sparse,102,100,4,10,nearest,direction,none,8,445,0.001,ok,46.12,38.5,113,113,74.38,57.0,150,150,28.25,44->7,4/4/0/0,0,,,0,
main,mine,sparse,102,100,4,10,nearest,forecast,80,8,445,0.002,ok,46.12,38.5,113,113,74.38,57.0,150,150,28.25,44->7,4/4/0/0,0,0,70,0,
main,mine,sparse,102,100,4,10,nearest,request,none,8,445,0.001,ok,76.25,61.0,144,144,104.5,84.5,192,192,28.25,49->1,3/5/0/0,0,,,0,
main,mine,sparse,102,100,4,10,round-robin,direction,none,8,497,0.002,ok,62.88,57.0,109,109,91.12,88.0,157,157,28.25,13->61,2/2/2/2,0,,,0,
main,mine,sparse,102,100,4,10,round-robin,forecast,80,8,497,0.002,ok,57.88,45.5,112,112,86.12,88.0,139,139,28.25,67->79,2/2/2/2,0,0,46,0,
main,mine,sparse,102,100,4,10,round-robin,request,none,8,497,0.001,ok,62.88,57.0,109,109,91.12,88.0,157,157,28.25,13->61,2/2/2/2,0,,,0,
main,mine,sparse,102,30,4,4,forecast,direction,none,12,416,0.003,ok,8.25,6.5,19,19,19.17,15.5,41,41,10.92,27->6,6/6/0/0,0,,,0,
main,mine,sparse,102,30,4,4,forecast,forecast,80,12,416,0.004,ok,8.25,6.5,19,19,19.17,15.5,41,41,10.92,27->6,6/6/0/0,0,0,0,0,
main,mine,sparse,102,30,4,4,forecast,request,none,12,416,0.002,ok,8.25,6.5,19,19,19.17,15.5,41,41,10.92,27->6,6/6/0/0,0,,,0,
main,mine,sparse,102,30,4,4,nearest,direction,none,12,416,0.003,ok,8.25,6.5,19,19,19.17,15.5,41,41,10.92,27->6,6/6/0/0,0,,,0,
main,mine,sparse,102,30,4,4,nearest,forecast,80,12,416,0.002,ok,8.25,6.5,19,19,19.17,15.5,41,41,10.92,27->6,6/6/0/0,0,0,0,0,
main,mine,sparse,102,30,4,4,nearest,request,none,12,416,0.001,ok,8.25,6.5,19,19,19.17,15.5,41,41,10.92,27->6,6/6/0/0,0,,,0,
main,mine,sparse,102,30,4,4,round-robin,direction,none,12,424,0.001,ok,12.33,13.5,28,28,23.25,19.5,53,53,10.92,29->4,3/3/3/3,0,,,0,
main,mine,sparse,102,30,4,4,round-robin,forecast,80,12,424,0.002,ok,12.33,13.5,28,28,23.25,19.5,53,53,10.92,29->4,3/3/3/3,0,0,0,0,
main,mine,sparse,102,30,4,4,round-robin,request,none,12,424,0.001,ok,12.33,13.5,28,28,23.25,19.5,53,53,10.92,29->4,3/3/3/3,0,,,0,
main,mine,sparse,103,100,4,10,forecast,direction,none,14,446,0.003,ok,25.71,22.0,62,62,53.71,51.5,105,105,28,73->30,7/4/3/0,0,,,0,
main,mine,sparse,103,100,4,10,forecast,forecast,80,14,446,0.005,ok,29.43,25.0,104,104,57.43,43.0,147,147,28,73->30,8/3/3/0,0,0,42,0,
main,mine,sparse,103,100,4,10,forecast,request,none,14,446,0.006,ok,29.86,28.0,62,62,57.86,60.0,105,105,28,73->30,6/5/3/0,0,,,0,
main,mine,sparse,103,100,4,10,nearest,direction,none,14,446,0.004,ok,34.07,34.5,81,81,62.07,67.0,115,115,28,55->89,7/4/3/0,0,,,0,
main,mine,sparse,103,100,4,10,nearest,forecast,80,14,446,0.002,ok,29.43,25.0,104,104,57.43,43.0,147,147,28,73->30,8/3/3/0,0,0,42,0,
main,mine,sparse,103,100,4,10,nearest,request,none,14,480,0.002,ok,63.71,44.5,144,144,91.71,74.0,188,188,28,58->97,7/3/4/0,0,,,0,
main,mine,sparse,103,100,4,10,round-robin,direction,none,14,478,0.002,ok,31.5,34.5,72,72,59.5,45.5,115,115,28,73->30,4/4/3/3,0,,,0,
main,mine,sparse,103,100,4,10,round-robin,forecast,80,14,478,0.002,ok,31.5,34.5,72,72,59.5,45.5,115,115,28,73->30,4/4/3/3,0,0,0,0,
main,mine,sparse,103,100,4,10,round-robin,request,none,14,478,0.001,ok,31.5,34.5,72,72,59.5,45.5,115,115,28,73->30,4/4/3/3,0,,,0,
main,mine,sparse,103,30,4,4,forecast,direction,none,10,404,0.002,ok,4.2,4.0,8,8,17.8,18.5,28,28,13.6,9->20,5/3/2/0,0,,,0,
main,mine,sparse,103,30,4,4,forecast,forecast,80,10,404,0.003,ok,4.2,4.0,8,8,17.8,18.5,28,28,13.6,9->20,5/3/2/0,0,0,0,0,
main,mine,sparse,103,30,4,4,forecast,request,none,10,404,0.002,ok,4.2,4.0,8,8,17.8,18.5,28,28,13.6,9->20,5/3/2/0,0,,,0,
main,mine,sparse,103,30,4,4,nearest,direction,none,10,404,0.001,ok,4.2,4.0,8,8,17.8,18.5,28,28,13.6,9->20,5/3/2/0,0,,,0,
main,mine,sparse,103,30,4,4,nearest,forecast,80,10,404,0.001,ok,4.2,4.0,8,8,17.8,18.5,28,28,13.6,9->20,5/3/2/0,0,0,0,0,
main,mine,sparse,103,30,4,4,nearest,request,none,10,404,0.001,ok,4.2,4.0,8,8,17.8,18.5,28,28,13.6,9->20,5/3/2/0,0,,,0,
main,mine,sparse,103,30,4,4,round-robin,direction,none,10,409,0.001,ok,11.2,8.5,23,23,24.8,24.0,46,46,13.6,24->1,3/3/2/2,0,,,0,
main,mine,sparse,103,30,4,4,round-robin,forecast,80,10,409,0.001,ok,11.2,8.5,23,23,24.8,24.0,46,46,13.6,24->1,3/3/2/2,0,0,0,0,
main,mine,sparse,103,30,4,4,round-robin,request,none,10,409,0.001,ok,11.2,8.5,23,23,24.8,24.0,46,46,13.6,24->1,3/3/2/2,0,,,0,
main,mine,stream_long,101,100,4,10,forecast,direction,none,493,415,0.142,ok,3.7,3,10,49,8.05,7,16,98,4.35,50->1,109/138/130/116,0,,,0,True
main,mine,stream_long,101,100,4,10,forecast,forecast,80,493,406,0.332,ok,3.53,3,9,57,7.88,7,15,106,4.35,50->1,87/138/144/124,0,0,14,0,True
main,mine,stream_long,101,100,4,10,forecast,request,none,493,411,0.283,ok,20.75,23,33,49,25.1,27,38,98,4.35,50->1,109/136/122/126,0,,,0,True
main,mine,stream_long,101,100,4,10,nearest,direction,none,493,413,0.019,ok,4.73,3,16,49,9.08,8,20,98,4.35,50->1,106/124/132/131,0,,,0,True
main,mine,stream_long,101,100,4,10,nearest,forecast,80,493,410,0.092,ok,4.2,3,13,49,8.55,7,18,98,4.35,50->1,95/125/157/116,0,0,16,0,True
main,mine,stream_long,101,100,4,10,nearest,request,none,493,763,0.098,ok,171.25,169,329,365,175.6,172,333,370,4.35,8->3,111/132/120/130,0,,,0,True
main,mine,stream_long,101,100,4,10,round-robin,direction,none,493,422,0.033,ok,11.77,10,21,89,16.12,14,29,98,4.35,4->6,124/123/123/123,0,,,0,True
main,mine,stream_long,101,100,4,10,round-robin,forecast,80,493,422,0.211,ok,12.48,9,42,129,16.84,13,46,178,4.35,50->1,124/123/123/123,0,0,80,0,True
main,mine,stream_long,101,100,4,10,round-robin,request,none,493,890,0.125,ok,238.24,250,439,487,242.59,254,443,497,4.35,12->2,124/123/123/123,0,,,0,True
main,mine,stream_long,101,30,4,4,forecast,direction,none,533,401,0.073,ok,0.37,0,1,14,1.77,2,3,28,1.4,15->1,175/154/130/74,0,,,0,True
main,mine,stream_long,101,30,4,4,forecast,forecast,80,533,401,0.19,ok,0.37,0,1,14,1.77,2,3,28,1.4,15->1,175/154/130/74,0,0,0,0,True
main,mine,stream_long,101,30,4,4,forecast,request,none,533,401,0.074,ok,0.37,0,1,14,1.77,2,3,28,1.4,15->1,163/147/129/94,0,,,0,True
main,mine,stream_long,101,30,4,4,nearest,direction,none,533,401,0.011,ok,0.39,0,2,14,1.79,2,3,28,1.4,15->1,168/153/118/94,0,,,0,True
main,mine,stream_long,101,30,4,4,nearest,forecast,80,533,401,0.024,ok,0.44,0,2,14,1.84,2,3,28,1.4,15->1,165/150/121/97,0,0,0,0,True
main,mine,stream_long,101,30,4,4,nearest,request,none,533,401,0.009,ok,0.49,0,2,14,1.89,2,4,28,1.4,15->1,156/145/133/99,0,,,0,True
main,mine,stream_long,101,30,4,4,round-robin,direction,none,533,402,0.011,ok,1.2,1,3,22,2.6,2,4,28,1.4,2->3,134/133/133/133,0,,,0,True
main,mine,stream_long,101,30,4,4,round-robin,forecast,80,533,402,0.045,ok,1.4,1,3,90,2.8,2,5,104,1.4,15->1,134/133/133/133,0,0,76,0,True
main,mine,stream_long,101,30,4,4,round-robin,request,none,533,402,0.01,ok,1.49,1,4,22,2.89,2,5,28,1.4,2->3,134/133/133/133,0,,,0,True
main,mine,stream_long,102,100,4,10,forecast,direction,none,481,417,0.111,ok,3.15,2,8,49,7.52,7,15,98,4.37,50->1,101/128/116/136,0,,,0,
main,mine,stream_long,102,100,4,10,forecast,forecast,80,481,412,0.334,ok,3.06,2,9,49,7.43,6,15,98,4.37,50->1,89/123/128/141,0,0,12,0,
main,mine,stream_long,102,100,4,10,forecast,request,none,481,426,0.291,ok,23.72,23,40,49,28.09,27,45,98,4.37,50->1,115/118/127/121,0,,,0,
main,mine,stream_long,102,100,4,10,nearest,direction,none,481,419,0.017,ok,4.06,2,15,49,8.43,7,19,98,4.37,50->1,90/118/143/130,0,,,0,
main,mine,stream_long,102,100,4,10,nearest,forecast,80,481,418,0.078,ok,3.91,3,12,49,8.28,7,17,98,4.37,50->1,101/124/126/130,0,0,20,0,
main,mine,stream_long,102,100,4,10,nearest,request,none,481,809,0.114,ok,178.64,187,345,406,183.01,191,346,412,4.37,8->4,90/104/155/132,0,,,0,
main,mine,stream_long,102,100,4,10,round-robin,direction,none,481,424,0.024,ok,11.84,10,21,96,16.21,14,30,104,4.37,4->12,121/120/120/120,0,,,0,
main,mine,stream_long,102,100,4,10,round-robin,forecast,80,481,425,0.157,ok,11.81,9,28,127,16.18,13,34,176,4.37,50->1,121/120/120/120,0,0,78,0,
main,mine,stream_long,102,100,4,10,round-robin,request,none,481,959,0.154,ok,246.35,251,443,549,250.72,253,444,560,4.37,1->12,121/120/120/120,0,,,0,
main,mine,stream_long,102,30,4,4,forecast,direction,none,477,398,0.062,ok,0.41,0,1,14,1.77,2,3,28,1.36,15->1,161/131/105/80,0,,,0,
main,mine,stream_long,102,30,4,4,forecast,forecast,80,477,398,0.151,ok,0.41,0,1,14,1.77,2,3,28,1.36,15->1,161/131/105/80,0,0,0,0,
main,mine,stream_long,102,30,4,4,forecast,request,none,477,398,0.059,ok,0.4,0,1,14,1.76,2,3,28,1.36,15->1,155/132/115/75,0,,,0,
main,mine,stream_long,102,30,4,4,nearest,direction,none,477,398,0.01,ok,0.44,0,2,14,1.8,2,3,28,1.36,15->1,167/131/107/72,0,,,0,
main,mine,stream_long,102,30,4,4,nearest,forecast,80,477,398,0.021,ok,0.46,0,2,14,1.82,2,3,28,1.36,15->1,168/137/99/73,0,0,0,0,
main,mine,stream_long,102,30,4,4,nearest,request,none,477,398,0.009,ok,0.6,0,2,14,1.96,2,4,28,1.36,15->1,168/126/110/73,0,,,0,
main,mine,stream_long,102,30,4,4,round-robin,direction,none,477,399,0.01,ok,1.29,1,3,26,2.65,2,4,28,1.36,3->1,120/119/119/119,0,,,0,
main,mine,stream_long,102,30,4,4,round-robin,forecast,80,477,399,0.026,ok,1.44,1,3,92,2.8,2,4,106,1.36,15->1,120/119/119/119,0,0,78,0,
main,mine,stream_long,102,30,4,4,round-robin,request,none,477,399,0.008,ok,1.55,1,3,26,2.91,2,5,28,1.36,3->1,120/119/119/119,0,,,0,
main,mine,stream_long,103,100,4,10,forecast,direction,none,471,406,0.125,ok,3.05,2,8,49,7.54,7,14,98,4.48,50->1,102/131/118/120,0,,,0,
main,mine,stream_long,103,100,4,10,forecast,forecast,80,471,408,0.36,ok,3.28,2,10,49,7.77,7,15,98,4.48,50->1,93/131/125/122,0,0,12,0,
main,mine,stream_long,103,100,4,10,forecast,request,none,471,409,0.263,ok,21.32,23,41,49,25.8,27,46,98,4.48,50->1,107/112/126/126,0,,,0,
main,mine,stream_long,103,100,4,10,nearest,direction,none,471,418,0.019,ok,4.74,3,15,49,9.22,8,19,98,4.48,50->1,85/129/134/123,0,,,0,
main,mine,stream_long,103,100,4,10,nearest,forecast,80,471,413,0.069,ok,4.28,3,12,49,8.76,8,18,98,4.48,50->1,94/128/138/111,0,0,12,0,
main,mine,stream_long,103,100,4,10,nearest,request,none,471,757,0.116,ok,199.4,203,348,374,203.89,208,352,383,4.48,11->2,104/126/126/115,0,,,0,
main,mine,stream_long,103,100,4,10,round-robin,direction,none,471,419,0.027,ok,12.38,10,31,104,16.86,14,32,111,4.48,5->12,118/118/118/117,0,,,0,
main,mine,stream_long,103,100,4,10,round-robin,forecast,80,471,421,0.183,ok,12.59,9,39,127,17.08,14,46,176,4.48,50->1,118/118/118/117,0,0,78,0,
main,mine,stream_long,103,100,4,10,round-robin,request,none,471,884,0.126,ok,236.57,252,424,482,241.05,257,428,486,4.48,11->7,118/118/118/117,0,,,0,
main,mine,stream_long,103,30,4,4,forecast,direction,none,447,398,0.071,ok,0.35,0,1,14,1.7,2,3,28,1.35,15->1,143/131/100/73,0,,,0,
main,mine,stream_long,103,30,4,4,forecast,forecast,80,447,398,0.157,ok,0.35,0,1,14,1.7,2,3,28,1.35,15->1,143/131/100/73,0,0,0,0,
main,mine,stream_long,103,30,4,4,forecast,request,none,447,398,0.045,ok,0.34,0,1,14,1.69,2,3,28,1.35,15->1,146/131/101/69,0,,,0,
main,mine,stream_long,103,30,4,4,nearest,direction,none,447,398,0.01,ok,0.36,0,1,14,1.7,2,3,28,1.35,15->1,152/128/100/67,0,,,0,
main,mine,stream_long,103,30,4,4,nearest,forecast,80,447,398,0.033,ok,0.37,0,1,14,1.71,2,3,28,1.35,15->1,148/131/103/65,0,0,0,0,
main,mine,stream_long,103,30,4,4,nearest,request,none,447,398,0.008,ok,0.43,0,2,14,1.77,2,3,28,1.35,15->1,150/131/100/66,0,,,0,
main,mine,stream_long,103,30,4,4,round-robin,direction,none,447,400,0.009,ok,1.25,1,3,23,2.6,2,4,28,1.35,1->2,112/112/112/111,0,,,0,
main,mine,stream_long,103,30,4,4,round-robin,forecast,80,447,400,0.022,ok,1.52,1,3,86,2.87,2,4,100,1.35,15->1,112/112/112/111,0,0,72,0,
main,mine,stream_long,103,30,4,4,round-robin,request,none,447,400,0.008,ok,1.36,1,3,23,2.71,2,5,28,1.35,1->2,112/112/112/111,0,,,0,
main,mine,up_peak,101,100,4,10,forecast,direction,none,124,600,0.075,ok,74.62,77.0,135,171,121.69,124.0,201,232,47.06,1->55,25/27/30/42,0,,,0,True
main,mine,up_peak,101,100,4,10,forecast,forecast,80,124,600,0.397,ok,74.62,77.0,135,171,121.69,124.0,201,232,47.06,1->55,25/27/30/42,0,0,4,0,True
main,mine,up_peak,101,100,4,10,forecast,request,none,124,623,0.088,ok,121.16,139.5,190,205,168.23,170.0,251,277,47.06,15->5,32/33/26/33,0,,,0,True
main,mine,up_peak,101,100,4,10,nearest,direction,none,124,973,0.019,ok,163.35,80.5,497,523,210.41,157.0,513,605,47.06,1->48,54/12/28/30,0,,,0,True
main,mine,up_peak,101,100,4,10,nearest,forecast,80,124,977,0.281,ok,167.02,83.5,501,527,214.08,160.5,517,609,47.06,1->48,55/12/27/30,0,0,44,0,True
main,mine,up_peak,101,100,4,10,nearest,request,none,124,1289,0.016,ok,343.3,322.0,826,860,390.36,337.0,886,921,47.06,1->55,53/15/26/30,0,,,0,True
main,mine,up_peak,101,100,4,10,round-robin,direction,none,124,645,0.013,ok,111.03,105.0,227,257,158.1,162.5,279,326,47.06,1->70,31/31/31/31,0,,,0,True
main,mine,up_peak,101,100,4,10,round-robin,forecast,80,124,658,0.092,ok,112.31,110.0,229,262,159.37,165.0,281,326,47.06,1->6,31/31/31/31,0,0,70,0,True
main,mine,up_peak,101,100,4,10,round-robin,request,none,124,1406,0.014,ok,325.97,297.5,713,951,373.03,337.5,781,1009,47.06,1->59,31/31/31/31,0,,,0,True
main,mine,up_peak,101,30,4,4,forecast,direction,none,181,531,0.091,ok,60.48,63,117,127,75.25,77,136,154,14.77,1->18,47/43/45/46,0,,,0,True
main,mine,up_peak,101,30,4,4,forecast,forecast,80,181,521,0.45,ok,56.15,56,109,122,70.93,71,127,150,14.77,1->26,47/49/39/46,0,0,48,0,True
main,mine,up_peak,101,30,4,4,forecast,request,none,181,531,0.088,ok,64.62,67,115,122,79.39,83,133,150,14.77,1->29,49/48/42/42,0,,,0,True
main,mine,up_peak,101,30,4,4,nearest,direction,none,181,772,0.018,ok,81.76,63,272,368,96.54,77,284,387,14.77,1->18,67/38/35/41,0,,,0,True
main,mine,up_peak,101,30,4,4,nearest,forecast,80,181,628,0.145,ok,70.62,63,176,271,85.4,76,187,299,14.77,1->29,52/41/50/38,0,0,56,0,True
main,mine,up_peak,101,30,4,4,nearest,request,none,181,873,0.015,ok,113,77,372,467,127.77,93,397,492,14.77,1->26,68/39/44/30,0,,,0,True
main,mine,up_peak,101,30,4,4,round-robin,direction,none,181,609,0.015,ok,71.92,66,159,235,86.69,80,178,252,14.77,6->23,46/45/45/45,0,,,0,True
main,mine,up_peak,101,30,4,4,round-robin,forecast,80,181,590,0.089,ok,67.56,62,147,172,82.34,77,164,194,14.77,1->10,46/45/45/45,0,0,58,0,True
main,mine,up_peak,101,30,4,4,round-robin,request,none,181,700,0.014,ok,110.75,97,234,303,125.52,112,254,311,14.77,1->9,46/45/45/45,0,,,0,True
main,mine,up_peak,102,100,4,10,forecast,direction,none,147,694,0.126,ok,119.89,126,215,239,171.5,177,295,318,51.61,1->15,28/34/43/42,0,,,0,
main,mine,up_peak,102,100,4,10,forecast,forecast,80,147,706,0.739,ok,119.91,127,215,239,171.52,178,296,318,51.61,1->15,29/34/43/41,0,0,46,0,
main,mine,up_peak,102,100,4,10,forecast,request,none,147,825,0.117,ok,192.84,213,303,340,244.45,256,374,434,51.61,1->90,43/31/34/39,0,,,0,
main,mine,up_peak,102,100,4,10,nearest,direction,none,147,1368,0.034,ok,291.1,219,788,935,342.7,278,853,1012,51.61,1->10,14/17/41/75,0,,,0,
main,mine,up_peak,102,100,4,10,nearest,forecast,80,147,1193,0.608,ok,243.44,128,748,761,295.05,192,789,849,51.61,1->89,21/17/41/68,0,0,0,0,
main,mine,up_peak,102,100,4,10,nearest,request,none,147,2277,0.036,ok,658.71,434,1712,1791,710.32,458,1747,1886,51.61,1->27,18/7/35/87,0,,,0,
main,mine,up_peak,102,100,4,10,round-robin,direction,none,147,764,0.022,ok,150.1,151,264,590,201.7,206,327,627,51.61,5->42,37/37/37/36,0,,,0,
main,mine,up_peak,102,100,4,10,round-robin,forecast,80,147,839,0.176,ok,145.39,151,258,344,196.99,206,316,440,51.61,1->97,37/37/37/36,0,0,6,0,
main,mine,up_peak,102,100,4,10,round-robin,request,none,147,1202,0.017,ok,330.88,337,668,763,382.49,374,755,851,51.61,1->89,37/37/37/36,0,,,0,
main,mine,up_peak,102,30,4,4,forecast,direction,none,144,435,0.047,ok,21.77,22.0,43,49,35.9,35.5,63,68,14.13,1->16,38/29/36/41,0,,,0,
main,mine,up_peak,102,30,4,4,forecast,forecast,80,144,426,0.137,ok,21.98,23.5,41,77,36.11,35.0,59,100,14.13,1->24,37/30/39/38,0,0,38,0,
main,mine,up_peak,102,30,4,4,forecast,request,none,144,436,0.04,ok,30.08,29.5,59,66,44.21,43.0,77,87,14.13,1->19,36/34/34/40,0,,,0,
main,mine,up_peak,102,30,4,4,nearest,direction,none,144,526,0.01,ok,41.19,21.0,126,322,55.33,35.5,137,348,14.13,3->29,39/37/23/45,0,,,0,
main,mine,up_peak,102,30,4,4,nearest,forecast,80,144,516,0.09,ok,46.83,36.5,147,187,60.96,44.0,161,206,14.13,1->16,38/31/25/50,0,0,52,0,
main,mine,up_peak,102,30,4,4,nearest,request,none,144,600,0.01,ok,80.06,60.5,194,229,94.19,79.5,210,253,14.13,1->25,32/32/45/35,0,,,0,
main,mine,up_peak,102,30,4,4,round-robin,direction,none,144,444,0.008,ok,33.78,30.0,86,99,47.91,45.0,100,118,14.13,1->2,36/36/36/36,0,,,0,
main,mine,up_peak,102,30,4,4,round-robin,forecast,80,144,450,0.029,ok,32.6,29.0,74,99,46.73,46.5,90,115,14.13,1->2,36/36/36/36,0,0,44,0,
main,mine,up_peak,102,30,4,4,round-robin,request,none,144,550,0.008,ok,63.26,58.5,131,155,77.4,71.5,150,167,14.13,14->23,36/36/36/36,0,,,0,
main,mine,up_peak,103,100,4,10,forecast,direction,none,167,709,0.123,ok,113.35,106,229,239,158.63,157,277,332,45.28,1->51,35/43/42/47,0,,,0,
main,mine,up_peak,103,100,4,10,forecast,forecast,80,167,709,0.866,ok,113.35,106,229,239,158.63,157,277,332,45.28,1->51,35/43/42/47,0,0,36,0,
main,mine,up_peak,103,100,4,10,forecast,request,none,167,751,0.122,ok,134.26,128,262,290,179.54,173,314,360,45.28,1->71,39/37/44/47,0,,,0,
main,mine,up_peak,103,100,4,10,nearest,direction,none,167,1016,0.023,ok,157.51,177,403,591,202.79,209,461,620,45.28,1->30,45/16/47/59,0,,,0,
main,mine,up_peak,103,100,4,10,nearest,forecast,80,167,904,0.302,ok,138.77,126,372,479,184.05,187,420,552,45.28,1->74,34/53/44/36,0,0,50,0,
main,mine,up_peak,103,100,4,10,nearest,request,none,167,1453,0.026,ok,357.16,317,811,995,402.44,348,837,1059,45.28,1->65,12/57/29/69,0,,,0,
main,mine,up_peak,103,100,4,10,round-robin,direction,none,167,801,0.022,ok,145.29,147,292,388,190.57,195,332,407,45.28,27->45,42/42/42/41,0,,,0,
main,mine,up_peak,103,100,4,10,round-robin,forecast,80,167,837,0.199,ok,145.29,147,290,385,190.57,195,327,443,45.28,1->25,42/42/42/41,0,0,40,0,
main,mine,up_peak,103,100,4,10,round-robin,request,none,167,1573,0.021,ok,389.04,328,993,1127,434.32,366,1032,1179,45.28,1->9,42/42/42/41,0,,,0,
main,mine,up_peak,103,30,4,4,forecast,direction,none,150,446,0.045,ok,23.1,26.0,39,47,37.55,40.0,58,67,14.45,1->12,36/44/34/36,0,,,0,
main,mine,up_peak,103,30,4,4,forecast,forecast,80,150,446,0.134,ok,20.13,21.5,36,55,34.58,37.5,56,74,14.45,1->20,31/43/38/38,0,0,26,0,
main,mine,up_peak,103,30,4,4,forecast,request,none,150,449,0.046,ok,24.51,26.0,42,48,38.96,39.5,62,72,14.45,1->22,33/40/39/38,0,,,0,
main,mine,up_peak,103,30,4,4,nearest,direction,none,150,615,0.013,ok,69.37,67.0,166,233,83.82,84.5,183,250,14.45,1->18,18/54/44/34,0,,,0,
main,mine,up_peak,103,30,4,4,nearest,forecast,80,150,671,0.124,ok,72.19,51.0,215,268,86.64,68.0,233,292,14.45,1->25,26/40/57/27,0,0,44,0,
main,mine,up_peak,103,30,4,4,nearest,request,none,150,584,0.015,ok,92.09,94.5,189,228,106.54,105.0,205,249,14.45,1->18,35/38/34/43,0,,,0,
main,mine,up_peak,103,30,4,4,round-robin,direction,none,150,466,0.008,ok,29.39,28.5,62,95,43.85,42.0,79,113,14.45,3->21,38/38/37/37,0,,,0,
main,mine,up_peak,103,30,4,4,round-robin,forecast,80,150,493,0.027,ok,29.09,26.0,63,95,43.54,41.5,79,113,14.45,3->21,38/38/37/37,0,0,44,0,
main,mine,up_peak,103,30,4,4,round-robin,request,none,150,543,0.009,ok,63.86,62.0,135,172,78.31,73.0,150,189,14.45,1->18,38/38/37/37,0,,,0,
repro,repo,bursts,0,100,4,10,forecast,direction,none,136,556,0.096,ok,93.2,100.0,176,314,136.24,141.5,250,343,43.04,18->47,44/30/34/28,0,,,,
repro,repo,bursts,0,100,4,10,forecast,forecast,80,136,579,0.797,ok,99.85,100.0,246,246,142.89,135.0,283,339,43.04,1->79,38/42/29/27,0,0,22,,
repro,repo,bursts,0,100,4,10,forecast,request,none,136,643,0.09,ok,165.21,167.5,310,310,208.26,206.5,360,403,43.04,1->79,33/33/39/31,0,,,,
repro,repo,bursts,0,100,4,10,nearest,direction,none,136,890,0.004,ok,183.88,100.0,572,812,226.92,160.5,606,822,43.04,3->13,57/32/14/33,0,,,,
repro,repo,bursts,0,100,4,10,nearest,forecast,80,136,924,0.407,ok,170.49,105.5,570,760,213.54,148.0,604,804,43.04,1->45,57/36/11/32,0,0,50,,
repro,repo,bursts,0,100,4,10,nearest,request,none,136,1761,0.004,ok,518.28,316.0,1428,1428,561.32,376.5,1465,1521,43.04,1->79,80/32/13/11,0,,,,
repro,repo,bursts,0,100,4,10,round-robin,direction,none,136,599,0.003,ok,101.05,108.0,208,526,144.1,145.5,262,582,43.04,4->60,34/34/34/34,0,,,,
repro,repo,bursts,0,100,4,10,round-robin,forecast,80,136,581,0.115,ok,102.54,112.0,208,306,145.58,146.5,275,341,43.04,1->29,34/34/34/34,0,0,6,,
repro,repo,bursts,0,100,4,10,round-robin,request,none,136,1135,0.003,ok,343.73,360.0,807,818,386.77,407.0,820,895,43.04,75->62,34/34/34/34,0,,,,
repro,repo,bursts,0,30,4,4,forecast,direction,none,116,326,0.038,ok,28.8,29.0,71,73,42.83,41.0,81,89,14.03,1->11,30/29/31/26,0,,,,
repro,repo,bursts,0,30,4,4,forecast,forecast,80,116,323,0.143,ok,28.37,27.0,72,98,42.4,37.0,83,111,14.03,7->20,31/30/29/26,0,0,78,,
repro,repo,bursts,0,30,4,4,forecast,request,none,116,343,0.032,ok,36.07,38.0,79,90,50.09,50.0,92,103,14.03,1->11,32/29/29/26,0,,,,
repro,repo,bursts,0,30,4,4,nearest,direction,none,116,636,0.003,ok,137.41,113.0,383,399,151.44,125.0,393,419,14.03,1->10,48/50/7/11,0,,,,
repro,repo,bursts,0,30,4,4,nearest,forecast,80,116,507,0.202,ok,104.96,67.0,321,367,118.98,89.0,343,387,14.03,1->10,50/30/29/7,0,0,56,,
repro,repo,bursts,0,30,4,4,nearest,request,none,116,627,0.002,ok,124.04,117.0,354,398,138.07,122.0,366,408,14.03,1->3,27/49/10/30,0,,,,
repro,repo,bursts,0,30,4,4,round-robin,direction,none,116,337,0.002,ok,42.51,36.0,92,96,56.53,57.5,103,124,14.03,1->29,29/29/29/29,0,,,,
repro,repo,bursts,0,30,4,4,round-robin,forecast,80,116,343,0.024,ok,36.92,36.0,88,96,50.95,50.0,103,117,14.03,1->13,29/29/29/29,0,0,66,,
repro,repo,bursts,0,30,4,4,round-robin,request,none,116,442,0.001,ok,67.54,66.0,147,182,81.57,79.0,156,186,14.03,27->23,29/29/29/29,0,,,,
repro,repo,bursts,1,100,4,10,forecast,direction,none,122,500,0.071,ok,91.88,88.0,210,210,136.77,128.0,263,309,44.89,1->12,35/27/33/27,0,,,,
repro,repo,bursts,1,100,4,10,forecast,forecast,80,122,541,0.496,ok,93.09,88.0,180,261,137.98,134.5,245,295,44.89,8->42,39/27/29/27,0,0,6,,
repro,repo,bursts,1,100,4,10,forecast,request,none,122,560,0.066,ok,113.24,88.0,244,279,158.13,155.5,297,320,44.89,8->42,29/30/31/32,0,,,,
repro,repo,bursts,1,100,4,10,nearest,direction,none,122,811,0.004,ok,161.81,88.0,592,592,206.7,123.5,615,691,44.89,1->12,53/29/31/9,0,,,,
repro,repo,bursts,1,100,4,10,nearest,forecast,80,122,968,0.444,ok,231.36,247.0,592,688,276.25,264.0,629,722,44.89,8->42,51/56/8/7,0,0,42,,
repro,repo,bursts,1,100,4,10,nearest,request,none,122,1430,0.003,ok,406.48,351.0,1088,1132,451.37,392.5,1119,1164,44.89,99->95,73/33/8/8,0,,,,
repro,repo,bursts,1,100,4,10,round-robin,direction,none,122,581,0.003,ok,93.86,95.0,196,301,138.75,140.0,259,335,44.89,8->42,31/31/30/30,0,,,,
repro,repo,bursts,1,100,4,10,round-robin,forecast,80,122,581,0.081,ok,95.68,90.0,196,301,140.57,144.5,259,335,44.89,8->42,31/31/30/30,0,0,56,,
repro,repo,bursts,1,100,4,10,round-robin,request,none,122,904,0.002,ok,217.34,210.0,468,567,262.23,266.5,536,635,44.89,91->23,31/31/30/30,0,,,,
repro,repo,bursts,1,30,4,4,forecast,direction,none,124,330,0.039,ok,23.12,23.0,55,64,37.32,33.0,77,90,14.2,1->27,34/30/30/30,0,,,,
repro,repo,bursts,1,30,4,4,forecast,forecast,80,124,335,0.141,ok,25.66,26.0,61,68,39.86,38.0,85,95,14.2,1->23,40/27/26/31,0,0,42,,
repro,repo,bursts,1,30,4,4,forecast,request,none,124,346,0.043,ok,26.19,21.0,57,85,40.4,36.0,81,106,14.2,7->25,35/31/29/29,0,,,,
repro,repo,bursts,1,30,4,4,nearest,direction,none,124,835,0.003,ok,160.32,96.0,510,568,174.52,114.0,518,595,14.2,1->23,16/71/27/10,0,,,,
repro,repo,bursts,1,30,4,4,nearest,forecast,80,124,473,0.098,ok,67.25,48.0,178,208,81.45,69.5,195,233,14.2,1->9,33/34/32/25,0,0,50,,
repro,repo,bursts,1,30,4,4,nearest,request,none,124,705,0.002,ok,129.56,96.0,423,432,143.77,108.5,429,461,14.2,1->30,15/10/45/54,0,,,,
repro,repo,bursts,1,30,4,4,round-robin,direction,none,124,367,0.002,ok,38.28,35.0,92,100,52.48,45.0,113,129,14.2,1->30,31/31/31/31,0,,,,
repro,repo,bursts,1,30,4,4,round-robin,forecast,80,124,380,0.027,ok,38.36,38.0,82,120,52.56,44.5,106,149,14.2,1->30,31/31/31/31,0,0,62,,
repro,repo,bursts,1,30,4,4,round-robin,request,none,124,480,0.001,ok,71.52,70.5,158,218,85.73,79.5,178,229,14.2,18->17,31/31/31/31,0,,,,
repro,repo,bursts,2,100,4,10,forecast,direction,none,125,605,0.074,ok,99.14,110,196,274,142.26,138,252,365,43.12,1->92,27/38/32/28,0,,,,
repro,repo,bursts,2,100,4,10,forecast,forecast,80,125,605,0.517,ok,100.87,110,196,274,143.99,139,261,365,43.12,1->92,27/38/32/28,0,0,50,,
repro,repo,bursts,2,100,4,10,forecast,request,none,125,611,0.074,ok,152.81,156,272,324,195.93,201,335,371,43.12,1->2,28/31/32/34,0,,,,
repro,repo,bursts,2,100,4,10,nearest,direction,none,125,857,0.008,ok,191.13,138,582,582,234.25,166,591,677,43.12,1->19,50/28/33/14,0,,,,
repro,repo,bursts,2,100,4,10,nearest,forecast,80,125,825,0.278,ok,181.47,138,550,550,224.59,167,559,645,43.12,1->19,50/31/32/12,0,0,50,,
repro,repo,bursts,2,100,4,10,nearest,request,none,125,842,0.003,ok,214.06,138,560,560,257.18,221,569,655,43.12,1->19,50/32/8/35,0,,,,
repro,repo,bursts,2,100,4,10,round-robin,direction,none,125,631,0.003,ok,107.24,116,216,364,150.36,146,295,391,43.12,11->18,32/31/31/31,0,,,,
repro,repo,bursts,2,100,4,10,round-robin,forecast,80,125,670,0.08,ok,103.58,110,236,301,146.7,141,297,390,43.12,6->95,32/31/31/31,0,0,20,,
repro,repo,bursts,2,100,4,10,round-robin,request,none,125,935,0.003,ok,202.23,138,512,596,245.35,217,538,650,43.12,14->68,32/31/31/31,0,,,,
repro,repo,bursts,2,30,4,4,forecast,direction,none,131,325,0.047,ok,28.32,27,73,134,42.2,41,88,154,13.88,3->23,33/37/32/29,0,,,,
repro,repo,bursts,2,30,4,4,forecast,forecast,80,131,336,0.182,ok,26.34,24,65,70,40.22,39,84,96,13.88,3->23,36/34/29/32,0,0,58,,
repro,repo,bursts,2,30,4,4,forecast,request,none,131,350,0.046,ok,40.03,44,90,98,53.91,53,99,115,13.88,1->2,35/34/30/32,0,,,,
repro,repo,bursts,2,30,4,4,nearest,direction,none,131,598,0.003,ok,107.31,61,337,393,121.19,86,348,418,13.88,1->10,31/49/14/37,0,,,,
repro,repo,bursts,2,30,4,4,nearest,forecast,80,131,579,0.205,ok,97.97,58,341,371,111.85,74,351,399,13.88,1->29,32/50/17/32,0,0,46,,
repro,repo,bursts,2,30,4,4,nearest,request,none,131,629,0.002,ok,116.44,74,347,403,130.31,91,362,428,13.88,1->10,50/32/32/17,0,,,,
repro,repo,bursts,2,30,4,4,round-robin,direction,none,131,343,0.002,ok,41.7,38,94,154,55.58,52,108,161,13.88,4->6,33/33/33/32,0,,,,
repro,repo,bursts,2,30,4,4,round-robin,forecast,80,131,344,0.031,ok,36.59,36,94,104,50.47,49,107,128,13.88,1->4,33/33/33/32,0,0,62,,
repro,repo,bursts,2,30,4,4,round-robin,request,none,131,542,0.002,ok,110.8,108,242,268,124.68,124,247,281,13.88,1->11,33/33/33/32,0,,,,
repro,repo,bursts,3,100,4,10,forecast,direction,none,128,485,0.089,ok,88.51,100.0,170,170,133.52,135.5,242,269,45.01,1->64,39/31/28/30,0,,,,
repro,repo,bursts,3,100,4,10,forecast,forecast,80,128,535,0.616,ok,95.12,114.0,198,198,140.12,148.0,248,295,45.01,1->8,38/28/30/32,0,0,68,,
repro,repo,bursts,3,100,4,10,forecast,request,none,128,613,0.073,ok,123.34,113.5,276,276,168.34,165.5,315,373,45.01,1->8,34/33/32/29,0,,,,
repro,repo,bursts,3,100,4,10,nearest,direction,none,128,752,0.003,ok,162.83,100.0,536,536,207.84,146.5,572,632,45.01,1->79,38/49/33/8,0,,,,
repro,repo,bursts,3,100,4,10,nearest,forecast,80,128,906,0.441,ok,211.7,126.5,569,569,256.71,193.0,619,666,45.01,1->8,16/49/53/10,0,0,14,,
repro,repo,bursts,3,100,4,10,nearest,request,none,128,1245,0.003,ok,288.7,237.0,739,926,333.7,304.5,816,972,45.01,6->26,36/28/53/11,0,,,,
repro,repo,bursts,3,100,4,10,round-robin,direction,none,128,599,0.003,ok,102.59,106.0,236,337,147.59,150.0,269,357,45.01,6->26,32/32/32/32,0,,,,
repro,repo,bursts,3,100,4,10,round-robin,forecast,80,128,599,0.087,ok,102.59,106.0,236,337,147.59,150.0,269,357,45.01,6->26,32/32/32/32,0,0,18,,
repro,repo,bursts,3,100,4,10,round-robin,request,none,128,914,0.003,ok,232.2,222.0,504,618,277.2,266.5,593,647,45.01,81->57,32/32/32/32,0,,,,
repro,repo,bursts,3,30,4,4,forecast,direction,none,127,314,0.037,ok,24.68,22,55,79,38.61,36,76,101,13.94,2->24,27/34/32/34,0,,,,
repro,repo,bursts,3,30,4,4,forecast,forecast,80,127,322,0.162,ok,25.17,24,56,88,39.11,37,77,107,13.94,1->20,27/35/32/33,0,0,54,,
repro,repo,bursts,3,30,4,4,forecast,request,none,127,336,0.046,ok,33.06,33,65,72,46.99,47,82,91,13.94,1->3,28/32/32/35,0,,,,
repro,repo,bursts,3,30,4,4,nearest,direction,none,127,472,0.002,ok,65.82,47,184,206,79.76,57,204,232,13.94,1->10,31/30/31/35,0,,,,
repro,repo,bursts,3,30,4,4,nearest,forecast,80,127,472,0.092,ok,66.22,47,190,206,80.16,58,205,232,13.94,1->10,32/29/31/35,0,0,40,,
repro,repo,bursts,3,30,4,4,nearest,request,none,127,546,0.002,ok,105.96,73,326,382,119.9,83,338,393,13.94,19->8,31/32/49/15,0,,,,
repro,repo,bursts,3,30,4,4,round-robin,direction,none,127,395,0.002,ok,39.9,36,86,205,53.83,48,107,227,13.94,2->24,32/32/32/31,0,,,,
repro,repo,bursts,3,30,4,4,round-robin,forecast,80,127,364,0.041,ok,34.97,32,80,98,48.91,45,102,124,13.94,1->27,32/32/32/31,0,0,54,,
repro,repo,bursts,3,30,4,4,round-robin,request,none,127,546,0.001,ok,105.13,114,206,256,119.06,127,227,271,13.94,1->16,32/32/32/31,0,,,,
repro,repo,bursts,4,100,4,10,forecast,direction,none,121,552,0.075,ok,107.49,98,232,232,157.02,165,284,312,49.54,1->3,35/33/28/25,0,,,,
repro,repo,bursts,4,100,4,10,forecast,forecast,80,121,556,0.554,ok,108.2,98,236,236,157.74,165,284,316,49.54,1->3,36/32/28/25,0,0,12,,
repro,repo,bursts,4,100,4,10,forecast,request,none,121,628,0.074,ok,144.88,138,308,308,194.42,200,355,388,49.54,1->3,32/32/28/29,0,,,,
repro,repo,bursts,4,100,4,10,nearest,direction,none,121,579,0.003,ok,108.58,61,259,259,158.12,122,323,341,49.54,1->3,34/29/28/30,0,,,,
repro,repo,bursts,4,100,4,10,nearest,forecast,80,121,913,0.298,ok,171.85,99,593,593,221.39,143,640,673,49.54,1->3,33/29/50/9,0,0,40,,
repro,repo,bursts,4,100,4,10,nearest,request,none,121,1440,0.003,ok,421.62,384,1120,1120,471.16,416,1167,1200,49.54,1->3,74/28/8/11,0,,,,
repro,repo,bursts,4,100,4,10,round-robin,direction,none,121,470,0.002,ok,95.55,98,196,210,145.08,143,254,278,49.54,1->55,31/30/30/30,0,,,,
repro,repo,bursts,4,100,4,10,round-robin,forecast,80,121,490,0.079,ok,95.36,96,210,222,144.9,139,254,304,49.54,1->5,31/30/30/30,0,0,48,,
repro,repo,bursts,4,100,4,10,round-robin,request,none,121,942,0.003,ok,241.5,240,542,622,291.03,274,584,702,49.54,1->14,31/30/30/30,0,,,,
repro,repo,bursts,4,30,4,4,forecast,direction,none,114,335,0.036,ok,27.75,26.0,67,69,41.68,40.5,85,95,13.93,1->18,25/33/32/24,0,,,,
repro,repo,bursts,4,30,4,4,forecast,forecast,80,114,335,0.133,ok,27.32,26.0,67,70,41.25,37.5,86,96,13.93,1->18,24/36/30/24,0,0,12,,
repro,repo,bursts,4,30,4,4,forecast,request,none,114,332,0.036,ok,29.68,26.0,69,73,43.61,42.0,85,95,13.93,8->5,22/30/31/31,0,,,,
repro,repo,bursts,4,30,4,4,nearest,direction,none,114,821,0.003,ok,172.11,127.0,503,553,186.04,138.0,527,581,13.93,1->8,8/30/10/66,0,,,,
repro,repo,bursts,4,30,4,4,nearest,forecast,80,114,560,0.189,ok,103.59,73.0,305,351,117.52,94.0,326,380,13.93,1->30,8/51/47/8,0,0,18,,
repro,repo,bursts,4,30,4,4,nearest,request,none,114,691,0.002,ok,103.59,87.0,317,407,117.52,100.0,341,418,13.93,12->1,10/58/30/16,0,,,,
repro,repo,bursts,4,30,4,4,round-robin,direction,none,114,378,0.002,ok,36.07,40.0,85,110,50,50.0,95,138,13.93,1->29,29/29/28/28,0,,,,
repro,repo,bursts,4,30,4,4,round-robin,forecast,80,114,378,0.02,ok,32.23,28.0,80,110,46.16,42.5,96,138,13.93,1->29,29/29/28/28,0,0,56,,
repro,repo,bursts,4,30,4,4,round-robin,request,none,114,410,0.001,ok,47.63,46.5,112,160,61.56,58.0,133,167,13.93,1->8,29/29/28/28,0,,,,
repro,repo,down_peak,0,100,4,10,forecast,direction,none,167,664,0.173,ok,115.41,83,321,613,163.6,149,360,664,48.19,52->1,38/36/49/44,0,,,,
repro,repo,down_peak,0,100,4,10,forecast,forecast,80,167,634,1.077,ok,100.01,102,192,261,148.2,157,275,345,48.19,85->1,46/54/31/36,0,0,80,,
repro,repo,down_peak,0,100,4,10,forecast,request,none,167,1420,0.176,ok,563.85,571,976,1039,612.04,635,1018,1123,48.19,85->1,41/40/43/43,0,,,,
repro,repo,down_peak,0,100,4,10,nearest,direction,none,167,1004,0.006,ok,223.25,100,808,931,271.44,174,843,972,48.19,42->1,69/40/36/22,0,,,,
repro,repo,down_peak,0,100,4,10,nearest,forecast,80,167,958,0.373,ok,185.02,143,480,626,233.22,220,510,699,48.19,45->26,46/37/43/41,0,0,78,,
repro,repo,down_peak,0,100,4,10,nearest,request,none,167,3643,0.008,ok,1151.72,994,2617,3260,1199.92,1061,2706,3345,48.19,86->1,33/54/25/55,0,,,,
repro,repo,down_peak,0,100,4,10,round-robin,direction,none,167,605,0.004,ok,199.27,145,474,591,247.46,203,496,604,48.19,14->1,42/42/42/41,0,,,,
repro,repo,down_peak,0,100,4,10,round-robin,forecast,80,167,814,0.278,ok,181.31,182,402,461,229.5,222,449,555,48.19,95->1,42/42/42/41,0,0,80,,
repro,repo,down_peak,0,100,4,10,round-robin,request,none,167,3156,0.008,ok,1272.06,1273,2502,2790,1320.25,1312,2548,2866,48.19,77->1,42/42/42/41,0,,,,
repro,repo,down_peak,0,30,4,4,forecast,direction,none,131,331,0.032,ok,15.24,13,35,87,28.44,26,55,105,13.2,19->1,38/32/29/32,0,,,,
repro,repo,down_peak,0,30,4,4,forecast,forecast,80,131,329,0.105,ok,14.41,13,33,63,27.61,26,55,78,13.2,16->1,37/33/34/27,0,0,40,,
repro,repo,down_peak,0,30,4,4,forecast,request,none,131,406,0.045,ok,41.53,37,82,103,54.73,53,102,128,13.2,27->2,36/32/29/34,0,,,,
repro,repo,down_peak,0,30,4,4,nearest,direction,none,131,437,0.002,ok,45.01,18,178,334,58.21,38,187,346,13.2,13->1,44/44/20/23,0,,,,
repro,repo,down_peak,0,30,4,4,nearest,forecast,80,131,362,0.025,ok,25.08,19,71,78,38.28,32,86,105,13.2,28->1,38/37/24/32,0,0,62,,
repro,repo,down_peak,0,30,4,4,nearest,request,none,131,657,0.002,ok,142.86,113,333,365,156.06,128,347,382,13.2,15->1,33/36/25/37,0,,,,
repro,repo,down_peak,0,30,4,4,round-robin,direction,none,131,352,0.002,ok,37.53,26,112,192,50.73,42,120,193,13.2,2->1,33/33/33/32,0,,,,
repro,repo,down_peak,0,30,4,4,round-robin,forecast,80,131,385,0.033,ok,28.09,22,83,115,41.29,36,105,133,13.2,14->1,33/33/33/32,0,0,76,,
repro,repo,down_peak,0,30,4,4,round-robin,request,none,131,745,0.002,ok,156.44,144,329,430,169.64,160,338,448,13.2,19->1,33/33/33/32,0,,,,
repro,repo,down_peak,1,100,4,10,forecast,direction,none,147,661,0.115,ok,89.78,64,251,523,139.7,116,330,571,49.92,49->1,32/46/34/35,0,,,,
repro,repo,down_peak,1,100,4,10,forecast,forecast,80,147,572,0.63,ok,83.89,67,187,232,133.81,124,277,316,49.92,85->1,49/34/32/32,0,0,74,,
repro,repo,down_peak,1,100,4,10,forecast,request,none,147,1359,0.127,ok,446.25,425,929,985,496.17,468,987,1079,49.92,95->1,35/36/41/35,0,,,,
repro,repo,down_peak,1,100,4,10,nearest,direction,none,147,655,0.004,ok,150.48,85,442,538,200.39,152,478,597,49.92,60->1,39/53/31/24,0,,,,
repro,repo,down_peak,1,100,4,10,nearest,forecast,80,147,819,0.294,ok,166.77,124,451,502,216.69,168,524,564,49.92,59->1,36/24/27/60,0,0,80,,
repro,repo,down_peak,1,100,4,10,nearest,request,none,147,3578,0.011,ok,1071.78,944,2773,3239,1121.69,982,2854,3282,49.92,44->1,21/65/22/39,0,,,,
repro,repo,down_peak,1,100,4,10,round-robin,direction,none,147,546,0.003,ok,164.57,126,420,489,214.49,194,445,492,49.92,4->1,37/37/37/36,0,,,,
repro,repo,down_peak,1,100,4,10,round-robin,forecast,80,147,736,0.191,ok,144.9,127,298,360,194.82,180,358,451,49.92,92->1,37/37/37/36,0,0,80,,
repro,repo,down_peak,1,100,4,10,round-robin,request,none,147,2580,0.006,ok,1056.44,1097,1988,2251,1106.35,1139,2048,2300,49.92,38->1,37/37/37/36,0,,,,
repro,repo,down_peak,1,30,4,4,forecast,direction,none,143,445,0.053,ok,33.42,21,116,204,49.42,38,128,214,16,24->14,34/36/39/34,0,,,,
repro,repo,down_peak,1,30,4,4,forecast,forecast,80,143,398,0.215,ok,29.91,22,81,114,45.91,39,110,131,16,18->1,34/39/37/33,0,0,72,,
repro,repo,down_peak,1,30,4,4,forecast,request,none,143,478,0.067,ok,67.93,55,142,161,83.93,81,159,190,16,30->1,41/34/34/34,0,,,,
repro,repo,down_peak,1,30,4,4,nearest,direction,none,143,499,0.002,ok,72.85,26,314,389,88.85,48,327,398,16,10->1,42/30/52/19,0,,,,
repro,repo,down_peak,1,30,4,4,nearest,forecast,80,143,456,0.054,ok,43.12,27,124,164,59.12,44,147,178,16,15->1,34/33/40/36,0,0,80,,
repro,repo,down_peak,1,30,4,4,nearest,request,none,143,873,0.002,ok,183.86,140,486,582,199.86,159,507,586,16,2->1,37/32/34/40,0,,,,
repro,repo,down_peak,1,30,4,4,round-robin,direction,none,143,414,0.002,ok,59.53,32,192,338,75.53,56,205,348,16,11->1,36/36/36/35,0,,,,
repro,repo,down_peak,1,30,4,4,round-robin,forecast,80,143,440,0.051,ok,50.96,40,128,153,66.96,59,149,171,16,19->1,36/36/36/35,0,0,80,,
repro,repo,down_peak,1,30,4,4,round-robin,request,none,143,828,0.002,ok,184.69,163,429,505,200.69,172,454,533,16,29->1,36/36/36/35,0,,,,
repro,repo,down_peak,2,100,4,10,forecast,direction,none,166,635,0.161,ok,109.02,76.5,321,457,157.58,125.0,360,526,48.56,70->1,47/42/40/37,0,,,,
repro,repo,down_peak,2,100,4,10,forecast,forecast,80,166,625,0.97,ok,96.66,83.5,208,254,145.22,137.0,279,337,48.56,84->1,32/33/52/49,0,0,74,,
repro,repo,down_peak,2,100,4,10,forecast,request,none,166,1547,0.181,ok,628.44,628.0,1094,1206,677,673.0,1148,1259,48.56,86->49,43/38/45/40,0,,,,
repro,repo,down_peak,2,100,4,10,nearest,direction,none,166,700,0.004,ok,180.21,174.5,542,641,228.77,199.0,563,648,48.56,8->1,46/58/30/32,0,,,,
repro,repo,down_peak,2,100,4,10,nearest,forecast,80,166,946,0.557,ok,210.39,201.0,562,618,258.95,241.5,591,665,48.56,41->1,41/33/29/63,0,0,80,,
repro,repo,down_peak,2,100,4,10,nearest,request,none,166,3263,0.008,ok,1238.07,1246.5,2617,2892,1286.63,1302.5,2680,2975,48.56,84->1,55/23/34/54,0,,,,
repro,repo,down_peak,2,100,4,10,round-robin,direction,none,166,611,0.004,ok,198.62,152.5,453,551,247.18,223.5,466,559,48.56,9->1,42/42/41/41,0,,,,
repro,repo,down_peak,2,100,4,10,round-robin,forecast,80,166,774,0.299,ok,168.98,167.5,334,434,217.54,216.5,395,503,48.56,86->49,42/42/41/41,0,0,80,,
repro,repo,down_peak,2,100,4,10,round-robin,request,none,166,3028,0.008,ok,1273.32,1235.0,2436,2705,1321.88,1283.5,2483,2744,48.56,34->1,42/42/41/41,0,,,,
repro,repo,down_peak,2,30,4,4,forecast,direction,none,158,375,0.08,ok,37.6,23.0,136,217,53.11,41.5,151,238,15.51,22->1,32/37/45/44,0,,,,
repro,repo,down_peak,2,30,4,4,forecast,forecast,80,158,404,0.295,ok,36.59,29.0,88,148,52.09,47.0,111,171,15.51,24->1,43/37/39/39,0,0,80,,
repro,repo,down_peak,2,30,4,4,forecast,request,none,158,490,0.081,ok,88.23,98.0,148,169,103.74,115.0,167,195,15.51,24->1,41/40/43/34,0,,,,
repro,repo,down_peak,2,30,4,4,nearest,direction,none,158,480,0.003,ok,87.8,28.0,337,400,103.3,51.5,345,405,15.51,6->1,32/34/44/48,0,,,,
repro,repo,down_peak,2,30,4,4,nearest,forecast,80,158,474,0.078,ok,54.13,42.5,158,205,69.64,58.5,186,222,15.51,18->1,38/40/41/39,0,0,80,,
repro,repo,down_peak,2,30,4,4,nearest,request,none,158,751,0.002,ok,172.71,169.0,371,430,188.22,183.5,398,456,15.51,24->1,31/41/46/40,0,,,,
repro,repo,down_peak,2,30,4,4,round-robin,direction,none,158,407,0.002,ok,85.61,42.0,277,384,101.12,66.5,283,388,15.51,5->1,40/40/39/39,0,,,,
repro,repo,down_peak,2,30,4,4,round-robin,forecast,80,158,419,0.067,ok,57.35,49.5,132,177,72.85,65.0,148,205,15.51,29->1,40/40/39/39,0,0,80,,
repro,repo,down_peak,2,30,4,4,round-robin,request,none,158,861,0.002,ok,215.6,214.5,459,540,231.11,227.5,473,563,15.51,24->1,40/40/39/39,0,,,,
repro,repo,down_peak,3,100,4,10,forecast,direction,none,121,441,0.077,ok,74.41,64,200,259,125.97,119,254,331,51.55,73->1,34/30/23/34,0,,,,
repro,repo,down_peak,3,100,4,10,forecast,forecast,80,121,492,0.421,ok,74.05,72,167,211,125.6,122,250,308,51.55,98->1,28/29/27/37,0,0,62,,
repro,repo,down_peak,3,100,4,10,forecast,request,none,121,1194,0.093,ok,412.3,431,743,817,463.85,485,784,912,51.55,81->1,32/33/27/29,0,,,,
repro,repo,down_peak,3,100,4,10,nearest,direction,none,121,533,0.003,ok,106.46,74,343,409,158.02,133,406,431,51.55,8->1,36/27/32/26,0,,,,
repro,repo,down_peak,3,100,4,10,nearest,forecast,80,121,612,0.138,ok,111.21,75,287,422,162.76,141,325,491,51.55,70->1,26/38/28/29,0,0,80,,
repro,repo,down_peak,3,100,4,10,nearest,request,none,121,3269,0.007,ok,1078.45,932,2426,2892,1130.01,1011,2521,2972,51.55,81->1,21/32/24/44,0,,,,
repro,repo,down_peak,3,100,4,10,round-robin,direction,none,121,541,0.003,ok,129.66,116,335,378,181.21,168,364,433,51.55,7->1,31/30/30/30,0,,,,
repro,repo,down_peak,3,100,4,10,round-robin,forecast,80,121,621,0.103,ok,124.87,113,279,348,176.42,161,347,437,51.55,98->85,31/30/30/30,0,0,80,,
repro,repo,down_peak,3,100,4,10,round-robin,request,none,121,2539,0.006,ok,991.26,950,1990,2183,1042.82,1008,2025,2257,51.55,61->1,31/30/30/30,0,,,,
repro,repo,down_peak,3,30,4,4,forecast,direction,none,126,339,0.033,ok,16.17,16.0,36,46,30.32,31.0,58,66,14.15,8->1,32/32/40/22,0,,,,
repro,repo,down_peak,3,30,4,4,forecast,forecast,80,126,333,0.097,ok,16.24,14.5,35,42,30.39,31.0,58,65,14.15,12->1,34/35/34/23,0,0,28,,
repro,repo,down_peak,3,30,4,4,forecast,request,none,126,391,0.043,ok,46.06,46.0,79,90,60.21,59.5,99,118,14.15,29->1,35/30/27/34,0,,,,
repro,repo,down_peak,3,30,4,4,nearest,direction,none,126,384,0.002,ok,41.56,19.0,139,180,55.71,42.0,143,186,14.15,7->1,30/34/30/32,0,,,,
repro,repo,down_peak,3,30,4,4,nearest,forecast,80,126,397,0.024,ok,26.15,13.0,92,131,40.3,30.5,108,141,14.15,11->1,36/36/30/24,0,0,78,,
repro,repo,down_peak,3,30,4,4,nearest,request,none,126,681,0.003,ok,165.37,147.5,352,376,179.52,167.5,368,390,14.15,11->1,32/34/20/40,0,,,,
repro,repo,down_peak,3,30,4,4,round-robin,direction,none,126,355,0.003,ok,44.48,26.0,173,288,58.63,46.0,178,290,14.15,3->1,32/32/31/31,0,,,,
repro,repo,down_peak,3,30,4,4,round-robin,forecast,80,126,377,0.025,ok,33.91,30.5,89,108,48.06,44.0,110,132,14.15,16->1,32/32/31/31,0,0,60,,
repro,repo,down_peak,3,30,4,4,round-robin,request,none,126,684,0.002,ok,182.64,186.0,355,382,196.79,194.0,369,398,14.15,7->1,32/32/31/31,0,,,,
repro,repo,down_peak,4,100,4,10,forecast,direction,none,148,704,0.102,ok,94.06,56.5,305,596,141.07,113.0,390,648,47.01,53->1,38/32/40/38,0,,,,
repro,repo,down_peak,4,100,4,10,forecast,forecast,80,148,556,0.59,ok,80.55,69.5,186,222,127.57,113.0,266,319,47.01,98->1,48/38/32/30,0,0,80,,
repro,repo,down_peak,4,100,4,10,forecast,request,none,148,1249,0.125,ok,444.34,488.5,803,864,491.35,520.0,860,959,47.01,96->1,37/34/39/38,0,,,,
repro,repo,down_peak,4,100,4,10,nearest,direction,none,148,625,0.004,ok,169.82,120.0,417,550,216.83,173.0,461,586,47.01,17->1,49/22/42/35,0,,,,
repro,repo,down_peak,4,100,4,10,nearest,forecast,80,148,692,0.268,ok,136.68,88.5,390,483,183.69,132.0,447,555,47.01,73->1,49/41/28/30,0,0,78,,
repro,repo,down_peak,4,100,4,10,nearest,request,none,148,2218,0.006,ok,909.91,904.0,1759,1906,956.93,922.5,1816,1962,47.01,57->1,37/34/33/44,0,,,,
repro,repo,down_peak,4,100,4,10,round-robin,direction,none,148,558,0.004,ok,178.01,136.0,447,502,225.02,205.5,452,518,47.01,17->1,37/37/37/37,0,,,,
repro,repo,down_peak,4,100,4,10,round-robin,forecast,80,148,716,0.205,ok,146.33,141.5,308,351,193.34,194.0,374,436,47.01,86->1,37/37/37/37,0,0,80,,
repro,repo,down_peak,4,100,4,10,round-robin,request,none,148,2620,0.006,ok,1042.44,979.5,2112,2298,1089.45,1036.0,2154,2339,47.01,28->1,37/37/37/37,0,,,,
repro,repo,down_peak,4,30,4,4,forecast,direction,none,150,405,0.045,ok,23.25,17.0,73,145,37.65,34.0,87,158,14.41,20->7,37/35/40/38,0,,,,
repro,repo,down_peak,4,30,4,4,forecast,forecast,80,150,363,0.151,ok,20.2,15.0,53,76,34.61,30.5,76,98,14.41,23->1,41/34/37/38,0,0,44,,
repro,repo,down_peak,4,30,4,4,forecast,request,none,150,418,0.051,ok,40.44,30.0,101,116,54.85,48.0,120,138,14.41,20->22,38/34/40/38,0,,,,
repro,repo,down_peak,4,30,4,4,nearest,direction,none,150,492,0.003,ok,81.09,27.0,316,459,95.5,47.0,321,468,14.41,10->1,35/33/52/30,0,,,,
repro,repo,down_peak,4,30,4,4,nearest,forecast,80,150,457,0.059,ok,43.37,24.5,132,172,57.77,45.0,152,191,14.41,20->1,44/41/35/30,0,0,78,,
repro,repo,down_peak,4,30,4,4,nearest,request,none,150,928,0.003,ok,177.25,162.5,520,616,191.65,179.0,540,634,14.41,20->22,43/29/33/45,0,,,,
repro,repo,down_peak,4,30,4,4,round-robin,direction,none,150,381,0.002,ok,51.83,32.0,165,324,66.23,51.0,171,325,14.41,2->1,38/38/37/37,0,,,,
repro,repo,down_peak,4,30,4,4,round-robin,forecast,80,150,397,0.033,ok,36.17,31.0,89,110,50.58,47.5,107,128,14.41,19->1,38/38/37/37,0,0,68,,
repro,repo,down_peak,4,30,4,4,round-robin,request,none,150,781,0.002,ok,194.76,175.0,410,473,209.17,187.5,435,484,14.41,12->1,38/38/37/37,0,,,,
repro,repo,heavy,0,100,4,10,forecast,direction,none,403,686,1.119,ok,118.55,92,336,456,153.74,132,384,480,35.19,43->56,131/90/87/95,0,,,,
repro,repo,heavy,0,100,4,10,forecast,forecast,80,403,693,16.242,ok,126.19,116,260,334,161.38,155,314,394,35.19,83->23,106/103/98/96,0,0,80,,
repro,repo,heavy,0,100,4,10,forecast,request,none,403,3317,1.145,ok,1437.11,1433,2746,2954,1472.3,1480,2805,3018,35.19,1->65,100/98/115/90,0,,,,
repro,repo,heavy,0,100,4,10,nearest,direction,none,403,1081,0.014,ok,204.52,132,685,995,239.71,165,728,1016,35.19,45->66,115/75/55/158,0,,,,
repro,repo,heavy,0,100,4,10,nearest,forecast,80,403,1018,5.256,ok,190.49,147,569,707,225.68,179,612,752,35.19,40->85,96/71/104/132,0,0,80,,
repro,repo,heavy,0,100,4,10,nearest,request,none,403,6865,0.019,ok,2634.42,2507,5801,6528,2669.61,2537,5802,6571,35.19,50->64,124/84/60/135,0,,,,
repro,repo,heavy,0,100,4,10,round-robin,direction,none,403,756,0.013,ok,167.97,127,468,693,203.16,165,504,695,35.19,45->47,101/101/101/100,0,,,,
repro,repo,heavy,0,100,4,10,round-robin,forecast,80,403,868,3.892,ok,171.13,154,380,518,206.32,188,440,582,35.19,30->92,101/101/101/100,0,0,78,,
repro,repo,heavy,0,100,4,10,round-robin,request,none,403,6118,0.016,ok,2771.11,2828,5317,5784,2806.3,2850,5381,5819,35.19,8->43,101/101/101/100,0,,,,
repro,repo,heavy,0,30,4,4,forecast,direction,none,411,451,0.373,ok,31.11,21,100,184,41.05,32,116,198,9.94,20->6,104/104/97/106,0,,,,
repro,repo,heavy,0,30,4,4,forecast,forecast,80,411,430,3.699,ok,36.18,33,87,121,46.12,43,101,146,9.94,27->2,105/106/109/91,0,0,58,,
repro,repo,heavy,0,30,4,4,forecast,request,none,411,933,0.893,ok,310.48,300,570,618,320.42,310,585,635,9.94,5->22,95/102/108/106,0,,,,
repro,repo,heavy,0,30,4,4,nearest,direction,none,411,515,0.004,ok,68.98,48,237,418,78.92,54,247,427,9.94,17->8,90/111/111/99,0,,,,
repro,repo,heavy,0,30,4,4,nearest,forecast,80,411,552,1.506,ok,65.67,54,202,268,75.62,63,212,280,9.94,18->6,78/127/74/132,0,0,80,,
repro,repo,heavy,0,30,4,4,nearest,request,none,411,1584,0.005,ok,555.72,521,1163,1261,565.66,528,1173,1289,9.94,8->29,114/110/78/109,0,,,,
repro,repo,heavy,0,30,4,4,round-robin,direction,none,411,484,0.004,ok,62.33,42,205,339,72.27,54,213,340,9.94,18->17,103/103/103/102,0,,,,
repro,repo,heavy,0,30,4,4,round-robin,forecast,80,411,528,1.357,ok,63.93,54,153,254,73.88,65,165,268,9.94,15->1,103/103/103/102,0,0,78,,
repro,repo,heavy,0,30,4,4,round-robin,request,none,411,1903,0.005,ok,748.67,742,1460,1595,758.62,758,1464,1607,9.94,28->16,103/103/103/102,0,,,,
repro,repo,heavy,1,100,4,10,forecast,direction,none,436,654,1.355,ok,114.82,94.5,329,514,148.18,129.0,363,597,33.36,13->96,99/108/122/107,0,,,,
repro,repo,heavy,1,100,4,10,forecast,forecast,80,436,633,19.251,ok,110.66,98.5,241,316,144.02,131.0,302,374,33.36,48->39,120/95/102/119,0,0,80,,
repro,repo,heavy,1,100,4,10,forecast,request,none,436,3518,1.409,ok,1580.99,1595.5,2995,3176,1614.34,1634.0,3034,3219,33.36,84->100,113/114/103/106,0,,,,
repro,repo,heavy,1,100,4,10,nearest,direction,none,436,1237,0.009,ok,208.18,137.0,660,1060,241.53,163.0,689,1109,33.36,33->82,80/66/100/190,0,,,,
repro,repo,heavy,1,100,4,10,nearest,forecast,80,436,1199,11.64,ok,219.72,164.0,599,853,253.08,194.5,660,905,33.36,61->9,153/47/71/165,0,0,64,,
repro,repo,heavy,1,100,4,10,nearest,request,none,436,7156,0.018,ok,2684.1,2442.5,5940,6848,2717.45,2477.5,5970,6860,33.36,65->77,83/118/135/100,0,,,,
repro,repo,heavy,1,100,4,10,round-robin,direction,none,436,780,0.007,ok,174.67,136.5,452,665,208.02,172.0,486,718,33.36,55->2,109/109/109/109,0,,,,
repro,repo,heavy,1,100,4,10,round-robin,forecast,80,436,829,5.68,ok,175.65,162.0,389,522,209.01,192.0,429,583,33.36,50->23,109/109/109/109,0,0,60,,
repro,repo,heavy,1,100,4,10,round-robin,request,none,436,6652,0.017,ok,2998.5,3064.5,5773,6274,3031.85,3104.5,5795,6353,33.36,99->20,109/109/109/109,0,,,,
repro,repo,heavy,1,30,4,4,forecast,direction,none,441,448,0.603,ok,46.88,28,147,285,56.87,41,165,289,9.99,17->13,121/108/119/93,0,,,,
repro,repo,heavy,1,30,4,4,forecast,forecast,80,441,422,5.455,ok,45.65,37,108,160,55.64,48,121,172,9.99,13->19,115/106/113/107,0,0,78,,
repro,repo,heavy,1,30,4,4,forecast,request,none,441,1020,1.044,ok,363.5,369,684,716,373.49,384,695,726,9.99,2->7,110/97/120/114,0,,,,
repro,repo,heavy,1,30,4,4,nearest,direction,none,441,564,0.005,ok,85.53,51,300,377,95.52,57,307,390,9.99,14->21,93/97/122/129,0,,,,
repro,repo,heavy,1,30,4,4,nearest,forecast,80,441,618,2.394,ok,82.3,61,240,360,92.29,69,267,372,9.99,6->18,130/88/116/107,0,0,62,,
repro,repo,heavy,1,30,4,4,nearest,request,none,441,2016,0.006,ok,714.12,674,1498,1705,724.11,684,1501,1718,9.99,15->2,117/137/81/106,0,,,,
repro,repo,heavy,1,30,4,4,round-robin,direction,none,441,497,0.004,ok,84.3,46,272,464,94.29,58,284,474,9.99,16->6,111/110/110/110,0,,,,
repro,repo,heavy,1,30,4,4,round-robin,forecast,80,441,571,2.13,ok,83.77,70,192,302,93.76,80,209,320,9.99,30->12,111/110/110/110,0,0,80,,
repro,repo,heavy,1,30,4,4,round-robin,request,none,441,2143,0.006,ok,818.14,811,1610,1841,828.13,817,1622,1844,9.99,10->13,111/110/110/110,0,,,,
repro,repo,heavy,2,100,4,10,forecast,direction,none,425,676,1.193,ok,111.54,91,318,410,144.33,131,358,462,32.79,70->40,119/113/110/83,0,,,,
repro,repo,heavy,2,100,4,10,forecast,forecast,80,425,604,17.815,ok,110.43,102,238,269,143.22,136,283,325,32.79,32->64,130/106/89/100,0,0,76,,
repro,repo,heavy,2,100,4,10,forecast,request,none,425,3462,1.26,ok,1558.87,1524,2970,3104,1591.65,1547,2996,3163,32.79,74->15,96/114/117/98,0,,,,
repro,repo,heavy,2,100,4,10,nearest,direction,none,425,755,0.008,ok,177.08,150,490,679,209.87,170,518,724,32.79,53->8,122/82/132/89,0,,,,
repro,repo,heavy,2,100,4,10,nearest,forecast,80,425,1111,7.346,ok,181.34,121,591,733,214.13,162,626,818,32.79,4->89,152/148/50/75,0,0,80,,
repro,repo,heavy,2,100,4,10,nearest,request,none,425,8706,0.019,ok,2816.59,2421,7443,8356,2849.38,2457,7456,8408,32.79,82->30,98/166/78/83,0,,,,
repro,repo,heavy,2,100,4,10,round-robin,direction,none,425,757,0.006,ok,160.8,127,455,685,193.58,161,476,730,32.79,53->8,107/106/106/106,0,,,,
repro,repo,heavy,2,100,4,10,round-robin,forecast,80,425,793,5.253,ok,167.77,156,371,501,200.56,189,416,556,32.79,22->77,107/106/106/106,0,0,78,,
repro,repo,heavy,2,100,4,10,round-robin,request,none,425,6768,0.017,ok,3023.88,3056,5860,6466,3056.67,3081,5905,6470,32.79,87->91,107/106/106/106,0,,,,
repro,repo,heavy,2,30,4,4,forecast,direction,none,403,388,0.347,ok,31.65,27,74,229,41.65,38,86,235,10.0,13->19,110/93/102/98,0,,,,
repro,repo,heavy,2,30,4,4,forecast,forecast,80,403,388,2.603,ok,32.63,33,62,115,42.63,42,80,129,10.0,13->27,108/94/106/95,0,0,68,,
repro,repo,heavy,2,30,4,4,forecast,request,none,403,908,0.895,ok,321.09,326,568,603,331.1,334,586,617,10.0,27->21,96/103/100/104,0,,,,
repro,repo,heavy,2,30,4,4,nearest,direction,none,403,570,0.007,ok,74.86,42,280,381,84.86,52,288,387,10.0,21->15,116/144/73/70,0,,,,
repro,repo,heavy,2,30,4,4,nearest,forecast,80,403,575,1.39,ok,62.58,54,176,263,72.58,62,190,281,10.0,9->27,87/83/122/111,0,0,78,,
repro,repo,heavy,2,30,4,4,nearest,request,none,403,2042,0.006,ok,601.35,550,1487,1736,611.35,566,1492,1749,10.0,26->13,126/88/95/94,0,,,,
repro,repo,heavy,2,30,4,4,round-robin,direction,none,403,496,0.003,ok,62.39,41,204,353,72.39,52,212,358,10.0,19->14,101/101/101/100,0,,,,
repro,repo,heavy,2,30,4,4,round-robin,forecast,80,403,498,1.082,ok,64.81,57,135,214,74.81,68,150,233,10.0,28->9,101/101/101/100,0,0,78,,
repro,repo,heavy,2,30,4,4,round-robin,request,none,403,1795,0.005,ok,703.55,679,1341,1477,713.56,683,1358,1497,10.0,25->7,101/101/101/100,0,,,,
repro,repo,heavy,3,100,4,10,forecast,direction,none,440,742,1.518,ok,129.77,103.5,356,486,163.99,136.0,409,515,34.23,40->69,121/97/102/120,0,,,,
repro,repo,heavy,3,100,4,10,forecast,forecast,80,440,699,22.735,ok,129.25,117.5,273,367,163.48,150.5,320,407,34.23,47->50,93/123/114/110,0,0,78,,
repro,repo,heavy,3,100,4,10,forecast,request,none,440,3457,1.357,ok,1522.05,1462.0,2922,3107,1556.28,1518.5,2959,3160,34.23,31->84,115/108/114/103,0,,,,
repro,repo,heavy,3,100,4,10,nearest,direction,none,440,1137,0.009,ok,226.47,150.0,769,1019,260.69,178.0,806,1062,34.23,26->69,85/60/109/186,0,,,,
repro,repo,heavy,3,100,4,10,nearest,forecast,80,440,983,8.085,ok,208.23,175.5,584,752,242.46,203.5,622,782,34.23,50->80,147/66/105/122,0,0,76,,
repro,repo,heavy,3,100,4,10,nearest,request,none,440,8062,0.019,ok,2777.96,2431.0,6972,7758,2812.19,2465.0,6996,7763,34.23,55->60,115/104/154/67,0,,,,
repro,repo,heavy,3,100,4,10,round-robin,direction,none,440,849,0.007,ok,190.66,148.0,505,703,224.89,185.5,526,722,34.23,47->28,110/110/110/110,0,,,,
repro,repo,heavy,3,100,4,10,round-robin,forecast,80,440,878,6.151,ok,190.88,167.0,446,539,225.1,196.0,497,597,34.23,58->40,110/110/110/110,0,0,80,,
repro,repo,heavy,3,100,4,10,round-robin,request,none,440,7128,0.018,ok,3200.85,3237.5,6029,6782,3235.08,3273.0,6084,6833,34.23,44->80,110/110/110/110,0,,,,
repro,repo,heavy,3,30,4,4,forecast,direction,none,426,452,0.651,ok,53.61,37.0,163,256,64.11,50.0,177,272,10.49,6->22,119/96/118/93,0,,,,
repro,repo,heavy,3,30,4,4,forecast,forecast,80,426,432,5.736,ok,49.79,41.0,118,187,60.28,51.0,138,197,10.49,10->16,122/95/102/107,0,0,78,,
repro,repo,heavy,3,30,4,4,forecast,request,none,426,1010,1.058,ok,369.62,385.5,656,701,380.11,394.0,667,713,10.49,19->25,99/115/105/107,0,,,,
repro,repo,heavy,3,30,4,4,nearest,direction,none,426,596,0.005,ok,88.14,53.0,317,486,98.63,63.5,318,487,10.49,14->15,146/90/100/90,0,,,,
repro,repo,heavy,3,30,4,4,nearest,forecast,80,426,558,2.03,ok,86.14,71.0,232,283,96.63,82.0,242,293,10.49,10->1,122/107/107/90,0,0,80,,
repro,repo,heavy,3,30,4,4,nearest,request,none,426,1792,0.01,ok,647.96,644.0,1316,1478,658.45,654.0,1317,1505,10.49,1->28,106/112/115/93,0,,,,
repro,repo,heavy,3,30,4,4,round-robin,direction,none,426,518,0.008,ok,76.79,46.0,248,450,87.28,57.0,257,454,10.49,11->12,107/107/106/106,0,,,,
repro,repo,heavy,3,30,4,4,round-robin,forecast,80,426,562,1.683,ok,78.64,63.0,176,255,89.13,77.0,192,273,10.49,10->26,107/107/106/106,0,0,78,,
repro,repo,heavy,3,30,4,4,round-robin,request,none,426,2025,0.005,ok,792.95,793.0,1517,1722,803.44,804.5,1521,1727,10.49,18->22,107/107/106/106,0,,,,
repro,repo,heavy,4,100,4,10,forecast,direction,none,402,678,0.946,ok,95.16,73.0,296,469,127.03,107.0,335,517,31.88,47->95,115/99/102/86,0,,,,
repro,repo,heavy,4,100,4,10,forecast,forecast,80,402,651,13.505,ok,106.51,89.5,236,302,138.39,122.0,283,357,31.88,68->13,97/104/94/107,0,0,60,,
repro,repo,heavy,4,100,4,10,forecast,request,none,402,3181,1.147,ok,1465.64,1421.0,2697,2863,1497.51,1469.0,2727,2886,31.88,71->73,103/102/102/95,0,,,,
repro,repo,heavy,4,100,4,10,nearest,direction,none,402,1039,0.01,ok,192.36,126.0,612,820,224.23,162.0,632,832,31.88,69->57,95/109/38/160,0,,,,
repro,repo,heavy,4,100,4,10,nearest,forecast,80,402,914,4.225,ok,137.68,113.5,377,596,169.56,153.5,424,645,31.88,45->72,136/99/59/108,0,0,76,,
repro,repo,heavy,4,100,4,10,nearest,request,none,402,8749,0.02,ok,2830.0,2211.5,7417,8395,2861.88,2238.0,7474,8450,31.88,57->2,75/162/113/52,0,,,,
repro,repo,heavy,4,100,4,10,round-robin,direction,none,402,665,0.006,ok,144.54,114.5,376,551,176.42,151.5,413,586,31.88,27->31,101/101/100/100,0,,,,
repro,repo,heavy,4,100,4,10,round-robin,forecast,80,402,704,3.836,ok,151.02,143.0,332,402,182.9,172.5,367,454,31.88,45->97,101/101/100/100,0,0,80,,
repro,repo,heavy,4,100,4,10,round-robin,request,none,402,6619,0.016,ok,2757.97,2665.0,5345,6290,2789.85,2676.0,5370,6323,31.88,40->7,101/101/100/100,0,,,,
repro,repo,heavy,4,30,4,4,forecast,direction,none,423,398,0.411,ok,34.11,25,97,236,44.18,34,117,242,10.07,14->20,97/109/114/103,0,,,,
repro,repo,heavy,4,30,4,4,forecast,forecast,80,423,425,3.529,ok,36.27,32,85,134,46.34,42,101,142,10.07,7->15,96/116/110/101,0,0,38,,
repro,repo,heavy,4,30,4,4,forecast,request,none,423,984,0.935,ok,327.36,317,611,663,337.43,326,622,685,10.07,2->24,101/111/100/111,0,,,,
repro,repo,heavy,4,30,4,4,nearest,direction,none,423,444,0.004,ok,59.69,28,223,391,69.75,46,230,392,10.07,12->13,114/94/105/110,0,,,,
repro,repo,heavy,4,30,4,4,nearest,forecast,80,423,563,2.041,ok,78.34,62,221,322,88.41,72,233,337,10.07,13->28,89/127/88/119,0,0,80,,
repro,repo,heavy,4,30,4,4,nearest,request,none,423,1883,0.006,ok,593.37,530,1366,1585,603.43,543,1369,1591,10.07,12->7,85/138/108/92,0,,,,
repro,repo,heavy,4,30,4,4,round-robin,direction,none,423,495,0.004,ok,70.63,44,234,341,80.7,55,247,345,10.07,20->24,106/106/106/105,0,,,,
repro,repo,heavy,4,30,4,4,round-robin,forecast,80,423,562,1.446,ok,69.51,60,164,241,79.57,68,179,263,10.07,2->24,106/106/106/105,0,0,80,,
repro,repo,heavy,4,30,4,4,round-robin,request,none,423,1952,0.005,ok,735.99,716,1394,1631,746.06,725,1404,1653,10.07,2->24,106/106/106/105,0,,,,
repro,repo,hot_floor,0,100,4,10,forecast,direction,none,153,447,0.071,ok,29.74,23,81,101,54.84,51,118,160,25.1,86->35,40/37/36/40,0,,,,
repro,repo,hot_floor,0,100,4,10,forecast,forecast,80,153,433,0.327,ok,28.62,24,76,109,53.72,48,118,152,25.1,85->76,37/31/43/42,0,0,34,,
repro,repo,hot_floor,0,100,4,10,forecast,request,none,153,916,0.122,ok,270.81,225,534,607,295.91,258,595,617,25.1,6->16,40/42/35/36,0,,,,
repro,repo,hot_floor,0,100,4,10,nearest,direction,none,153,488,0.003,ok,63.01,47,162,214,88.1,80,188,223,25.1,52->43,39/34/34/46,0,,,,
repro,repo,hot_floor,0,100,4,10,nearest,forecast,80,153,478,0.18,ok,59.05,38,168,218,84.15,67,200,277,25.1,85->76,41/37/20/55,0,0,80,,
repro,repo,hot_floor,0,100,4,10,nearest,request,none,153,1499,0.004,ok,492.89,468,982,1199,517.99,498,994,1201,25.1,50->52,28/40/44/41,0,,,,
repro,repo,hot_floor,0,100,4,10,round-robin,direction,none,153,490,0.003,ok,89.52,91,173,188,114.61,116,204,221,25.1,50->17,39/38/38/38,0,,,,
repro,repo,hot_floor,0,100,4,10,round-robin,forecast,80,153,498,0.132,ok,85.23,91,181,219,110.33,115,207,260,25.1,84->50,39/38/38/38,0,0,68,,
repro,repo,hot_floor,0,100,4,10,round-robin,request,none,153,1908,0.005,ok,685.16,611,1401,1593,710.26,634,1424,1609,25.1,50->34,39/38/38/38,0,,,,
repro,repo,hot_floor,0,30,4,4,forecast,direction,none,137,323,0.025,ok,7.17,6,18,42,16.06,14,33,54,8.89,15->3,40/27/30/40,0,,,,
repro,repo,hot_floor,0,30,4,4,forecast,forecast,80,137,318,0.064,ok,6.83,5,20,29,15.72,14,30,44,8.89,30->15,35/33/37/32,0,0,12,,
repro,repo,hot_floor,0,30,4,4,forecast,request,none,137,336,0.029,ok,11.45,9,27,33,20.34,19,37,48,8.89,15->5,40/31/33/33,0,,,,
repro,repo,hot_floor,0,30,4,4,nearest,direction,none,137,329,0.002,ok,12.15,6,44,82,21.04,16,49,93,8.89,15->4,44/29/29/35,0,,,,
repro,repo,hot_floor,0,30,4,4,nearest,forecast,80,137,326,0.024,ok,11.06,6,44,74,19.95,15,56,87,8.89,15->28,40/35/31/31,0,0,30,,
repro,repo,hot_floor,0,30,4,4,nearest,request,none,137,666,0.002,ok,120.76,75,327,377,129.65,81,337,387,8.89,15->25,44/26/40/27,0,,,,
repro,repo,hot_floor,0,30,4,4,round-robin,direction,none,137,332,0.002,ok,21.5,20,47,54,30.39,29,54,62,8.89,20->13,35/34/34/34,0,,,,
repro,repo,hot_floor,0,30,4,4,round-robin,forecast,80,137,339,0.019,ok,19.81,15,53,67,28.7,24,65,78,8.89,6->15,35/34/34/34,0,0,40,,
repro,repo,hot_floor,0,30,4,4,round-robin,request,none,137,563,0.002,ok,127.52,132,214,250,136.41,137,222,265,8.89,15->30,35/34/34/34,0,,,,
repro,repo,hot_floor,1,100,4,10,forecast,direction,none,149,393,0.071,ok,37.66,38,72,103,64.42,63,114,133,26.77,94->64,44/44/34/27,0,,,,
repro,repo,hot_floor,1,100,4,10,forecast,forecast,80,149,373,0.262,ok,27.38,23,71,145,54.14,50,107,181,26.77,86->50,38/38/36/37,0,0,60,,
repro,repo,hot_floor,1,100,4,10,forecast,request,none,149,935,0.127,ok,309.46,303,575,626,336.23,316,599,663,26.77,28->50,35/35/44/35,0,,,,
repro,repo,hot_floor,1,100,4,10,nearest,direction,none,149,450,0.002,ok,64.31,49,154,286,91.07,87,187,292,26.77,56->50,46/41/31/31,0,,,,
repro,repo,hot_floor,1,100,4,10,nearest,forecast,80,149,444,0.146,ok,51.97,27,179,240,78.74,55,221,289,26.77,94->64,59/31/29/30,0,0,80,,
repro,repo,hot_floor,1,100,4,10,nearest,request,none,149,1686,0.004,ok,598.3,590,1182,1368,625.06,615,1200,1403,26.77,50->85,29/50/36/34,0,,,,
repro,repo,hot_floor,1,100,4,10,round-robin,direction,none,149,502,0.003,ok,89.85,85,179,191,116.62,119,210,235,26.77,75->50,38/37/37/37,0,,,,
repro,repo,hot_floor,1,100,4,10,round-robin,forecast,80,149,532,0.142,ok,81.68,76,177,192,108.44,103,205,265,26.77,94->21,38/37/37/37,0,0,64,,
repro,repo,hot_floor,1,100,4,10,round-robin,request,none,149,1737,0.005,ok,718.23,724,1316,1398,744.99,745,1329,1438,26.77,90->50,38/37/37/37,0,,,,
repro,repo,hot_floor,1,30,4,4,forecast,direction,none,149,319,0.027,ok,6.38,5,17,29,15.09,13,35,44,8.71,30->15,33/30/41/45,0,,,,
repro,repo,hot_floor,1,30,4,4,forecast,forecast,80,149,326,0.07,ok,6.34,4,18,27,15.05,14,32,43,8.71,24->15,37/42/36/34,0,0,14,,
repro,repo,hot_floor,1,30,4,4,forecast,request,none,149,326,0.044,ok,22.54,23,42,54,31.26,31,56,60,8.71,18->15,34/33/43/39,0,,,,
repro,repo,hot_floor,1,30,4,4,nearest,direction,none,149,317,0.002,ok,9.69,7,33,61,18.4,16,44,70,8.71,14->5,36/38/46/29,0,,,,
repro,repo,hot_floor,1,30,4,4,nearest,forecast,80,149,332,0.012,ok,9.29,7,31,54,18,15,44,76,8.71,24->2,37/34/44/34,0,0,40,,
repro,repo,hot_floor,1,30,4,4,nearest,request,none,149,647,0.002,ok,117.18,106,262,352,125.89,115,279,356,8.71,15->19,34/29/38/48,0,,,,
repro,repo,hot_floor,1,30,4,4,round-robin,direction,none,149,337,0.002,ok,22.33,20,45,89,31.04,28,58,98,8.71,14->5,38/37/37/37,0,,,,
repro,repo,hot_floor,1,30,4,4,round-robin,forecast,80,149,333,0.02,ok,18.99,16,44,80,27.7,24,58,98,8.71,6->15,38/37/37/37,0,0,48,,
repro,repo,hot_floor,1,30,4,4,round-robin,request,none,149,625,0.002,ok,161.11,162,276,310,169.82,175,289,326,8.71,20->4,38/37/37/37,0,,,,
repro,repo,hot_floor,2,100,4,10,forecast,direction,none,175,388,0.111,ok,35.34,33,84,144,63.24,62,113,149,27.9,45->50,51/53/29/42,0,,,,
repro,repo,hot_floor,2,100,4,10,forecast,forecast,80,175,393,0.392,ok,29.71,27,69,101,57.61,57,110,147,27.9,96->50,55/40/39/41,0,0,48,,
repro,repo,hot_floor,2,100,4,10,forecast,request,none,175,1211,0.183,ok,460.55,453,811,878,488.45,486,852,916,27.9,88->50,42/43/40/50,0,,,,
repro,repo,hot_floor,2,100,4,10,nearest,direction,none,175,519,0.003,ok,65.17,40,183,380,93.06,71,211,387,27.9,57->50,42/59/41/33,0,,,,
repro,repo,hot_floor,2,100,4,10,nearest,forecast,80,175,527,0.249,ok,64.39,39,199,240,92.29,70,225,330,27.9,96->6,70/27/49/29,0,0,78,,
repro,repo,hot_floor,2,100,4,10,nearest,request,none,175,2405,0.006,ok,849.94,804,1957,2098,877.84,853,1988,2124,27.9,50->59,62/42/27/44,0,,,,
repro,repo,hot_floor,2,100,4,10,round-robin,direction,none,175,530,0.003,ok,87.64,88,175,189,115.54,117,209,238,27.9,48->50,44/44/44/43,0,,,,
repro,repo,hot_floor,2,100,4,10,round-robin,forecast,80,175,484,0.178,ok,82.42,73,176,217,110.31,101,232,251,27.9,17->50,44/44/44/43,0,0,64,,
repro,repo,hot_floor,2,100,4,10,round-robin,request,none,175,2222,0.006,ok,880.55,859,1642,1890,908.45,874,1666,1927,27.9,13->50,44/44/44/43,0,,,,
repro,repo,hot_floor,2,30,4,4,forecast,direction,none,132,307,0.024,ok,7.2,6.0,19,28,15.02,13.0,32,45,7.83,24->7,37/27/42/26,0,,,,
repro,repo,hot_floor,2,30,4,4,forecast,forecast,80,132,313,0.063,ok,6.83,6.0,20,28,14.66,12.5,31,45,7.83,24->7,37/20/47/28,0,0,12,,
repro,repo,hot_floor,2,30,4,4,forecast,request,none,132,313,0.031,ok,10.96,11.0,23,28,18.79,17.0,35,49,7.83,30->9,35/28/33/36,0,,,,
repro,repo,hot_floor,2,30,4,4,nearest,direction,none,132,317,0.001,ok,9.11,6.0,29,56,16.93,13.0,41,60,7.83,23->22,39/32/40/21,0,,,,
repro,repo,hot_floor,2,30,4,4,nearest,forecast,80,132,319,0.013,ok,9.22,5.0,31,80,17.05,13.0,45,87,7.83,27->22,49/35/26/22,0,0,60,,
repro,repo,hot_floor,2,30,4,4,nearest,request,none,132,482,0.001,ok,59.14,37.5,196,207,66.96,47.0,202,226,7.83,2->15,39/36/31/26,0,,,,
repro,repo,hot_floor,2,30,4,4,round-robin,direction,none,132,343,0.001,ok,18.49,17.0,42,53,26.32,25.0,55,64,7.83,5->15,33/33/33/33,0,,,,
repro,repo,hot_floor,2,30,4,4,round-robin,forecast,80,132,352,0.011,ok,16.14,14.0,44,66,23.97,21.0,53,90,7.83,6->30,33/33/33/33,0,0,30,,
repro,repo,hot_floor,2,30,4,4,round-robin,request,none,132,476,0.001,ok,82.85,72.5,172,179,90.67,79.0,173,184,7.83,15->11,33/33/33/33,0,,,,
repro,repo,hot_floor,3,100,4,10,forecast,direction,none,145,376,0.06,ok,24.47,21,54,79,51.49,49,93,109,27.02,65->50,37/32/46/30,0,,,,
repro,repo,hot_floor,3,100,4,10,forecast,forecast,80,145,398,0.242,ok,25.92,23,61,79,52.94,50,100,115,27.02,65->50,36/29/49/31,0,0,44,,
repro,repo,hot_floor,3,100,4,10,forecast,request,none,145,930,0.116,ok,299.37,304,538,604,326.39,328,564,634,27.02,2->29,34/39/37/35,0,,,,
repro,repo,hot_floor,3,100,4,10,nearest,direction,none,145,470,0.003,ok,52.98,35,147,223,80,63,181,243,27.02,51->71,36/39/55/15,0,,,,
repro,repo,hot_floor,3,100,4,10,nearest,forecast,80,145,513,0.153,ok,53.61,35,162,214,80.63,64,192,255,27.02,50->91,36/32/34/43,0,0,80,,
repro,repo,hot_floor,3,100,4,10,nearest,request,none,145,2331,0.005,ok,702.44,503,1865,2014,729.46,527,1878,2035,27.02,33->54,61/34/30/20,0,,,,
repro,repo,hot_floor,3,100,4,10,round-robin,direction,none,145,483,0.005,ok,82.87,72,174,187,109.89,104,205,235,27.02,50->69,37/36/36/36,0,,,,
repro,repo,hot_floor,3,100,4,10,round-robin,forecast,80,145,556,0.135,ok,89.01,78,186,239,116.03,109,228,272,27.02,33->54,37/36/36/36,0,0,56,,
repro,repo,hot_floor,3,100,4,10,round-robin,request,none,145,1907,0.005,ok,643.03,619,1320,1579,670.06,650,1360,1611,27.02,18->50,37/36/36/36,0,,,,
repro,repo,hot_floor,3,30,4,4,forecast,direction,none,145,321,0.038,ok,7.38,6,19,34,15.41,14,29,48,8.03,15->1,37/38/37/33,0,,,,
repro,repo,hot_floor,3,30,4,4,forecast,forecast,80,145,322,0.068,ok,7.1,6,19,36,15.13,13,35,50,8.03,29->15,39/36/37/33,0,0,24,,
repro,repo,hot_floor,3,30,4,4,forecast,request,none,145,327,0.039,ok,14.88,15,31,40,22.9,23,43,56,8.03,1->9,34/45/34/32,0,,,,
repro,repo,hot_floor,3,30,4,4,nearest,direction,none,145,346,0.002,ok,13.44,6,44,75,21.47,18,48,83,8.03,15->23,31/39/38/37,0,,,,
repro,repo,hot_floor,3,30,4,4,nearest,forecast,80,145,327,0.015,ok,10.01,6,29,74,18.03,14,41,85,8.03,1->4,40/43/32/30,0,0,34,,
repro,repo,hot_floor,3,30,4,4,nearest,request,none,145,570,0.002,ok,114.12,103,268,296,122.14,109,274,305,8.03,15->14,37/35/37/36,0,,,,
repro,repo,hot_floor,3,30,4,4,round-robin,direction,none,145,360,0.002,ok,18.93,15,45,56,26.96,25,52,67,8.03,15->25,37/36/36/36,0,,,,
repro,repo,hot_floor,3,30,4,4,round-robin,forecast,80,145,351,0.017,ok,18.28,15,44,59,26.31,24,51,81,8.03,15->7,37/36/36/36,0,0,24,,
repro,repo,hot_floor,3,30,4,4,round-robin,request,none,145,538,0.003,ok,103.5,114,198,234,111.53,122,209,239,8.03,15->17,37/36/36/36,0,,,,
repro,repo,hot_floor,4,100,4,10,forecast,direction,none,125,436,0.071,ok,40.36,39,79,90,69.97,69,123,158,29.61,100->50,32/32/34/27,0,,,,
repro,repo,hot_floor,4,100,4,10,forecast,forecast,80,125,388,0.263,ok,38.62,39,85,122,68.22,69,120,138,29.61,65->50,40/28/29/28,0,0,58,,
repro,repo,hot_floor,4,100,4,10,forecast,request,none,125,848,0.09,ok,281.97,317,461,503,311.58,338,489,552,29.61,84->41,30/31/30/34,0,,,,
repro,repo,hot_floor,4,100,4,10,nearest,direction,none,125,544,0.003,ok,63.26,35,180,350,92.87,66,244,404,29.61,43->97,40/33/20/32,0,,,,
repro,repo,hot_floor,4,100,4,10,nearest,forecast,80,125,486,0.082,ok,63.14,51,166,189,92.75,75,202,220,29.61,75->50,41/31/29/24,0,0,52,,
repro,repo,hot_floor,4,100,4,10,nearest,request,none,125,1717,0.004,ok,514.53,430,1222,1389,544.14,455,1285,1434,29.61,17->62,43/37/20/25,0,,,,
repro,repo,hot_floor,4,100,4,10,round-robin,direction,none,125,493,0.003,ok,86.7,82,170,190,116.3,111,203,219,29.61,86->100,32/31/31/31,0,,,,
repro,repo,hot_floor,4,100,4,10,round-robin,forecast,80,125,533,0.101,ok,87.62,85,164,187,117.23,114,205,237,29.61,100->50,32/31/31/31,0,0,62,,
repro,repo,hot_floor,4,100,4,10,round-robin,request,none,125,1630,0.004,ok,616.65,623,1112,1291,646.26,642,1155,1334,29.61,84->41,32/31/31/31,0,,,,
repro,repo,hot_floor,4,30,4,4,forecast,direction,none,151,318,0.029,ok,7.34,5,21,46,15.66,14,36,57,8.31,4->15,44/34/40/33,0,,,,
repro,repo,hot_floor,4,30,4,4,forecast,forecast,80,151,310,0.075,ok,5.99,5,18,38,14.3,13,30,46,8.31,23->15,42/37/34/38,0,0,16,,
repro,repo,hot_floor,4,30,4,4,forecast,request,none,151,345,0.05,ok,22.51,24,43,50,30.82,31,54,64,8.31,4->18,33/42/38/38,0,,,,
repro,repo,hot_floor,4,30,4,4,nearest,direction,none,151,343,0.002,ok,13.23,6,47,103,21.54,16,54,105,8.31,8->6,46/33/33/39,0,,,,
repro,repo,hot_floor,4,30,4,4,nearest,forecast,80,151,326,0.022,ok,11.89,7,49,75,20.21,15,53,83,8.31,23->15,40/34/29/48,0,0,26,,
repro,repo,hot_floor,4,30,4,4,nearest,request,none,151,643,0.002,ok,111.77,95,250,345,120.08,106,272,354,8.31,10->1,38/35/49/29,0,,,,
repro,repo,hot_floor,4,30,4,4,round-robin,direction,none,151,347,0.002,ok,22.17,21,46,56,30.48,29,55,68,8.31,15->12,38/38/38/37,0,,,,
repro,repo,hot_floor,4,30,4,4,round-robin,forecast,80,151,344,0.018,ok,21.21,18,52,58,29.52,27,63,71,8.31,15->2,38/38/38/37,0,0,26,,
repro,repo,hot_floor,4,30,4,4,round-robin,request,none,151,587,0.002,ok,127.39,126,254,289,135.7,131,261,298,8.31,10->1,38/38/38/37,0,,,,
repro,repo,interfloor,0,100,4,10,forecast,direction,none,133,418,0.079,ok,41.08,38,83,135,75.8,74,143,176,34.73,60->45,31/41/31/30,0,,,,
repro,repo,interfloor,0,100,4,10,forecast,forecast,80,133,418,0.326,ok,37.75,37,84,135,72.48,70,141,176,34.73,79->56,33/37/29/34,0,0,44,,
repro,repo,interfloor,0,100,4,10,forecast,request,none,133,1414,0.128,ok,505.42,485,959,1036,540.15,520,980,1118,34.73,98->16,35/33/31/34,0,,,,
repro,repo,interfloor,0,100,4,10,nearest,direction,none,133,534,0.005,ok,62.44,51,146,266,97.17,93,199,334,34.73,81->13,49/31/22/31,0,,,,
repro,repo,interfloor,0,100,4,10,nearest,forecast,80,133,495,0.117,ok,59.15,33,201,225,93.88,70,241,311,34.73,59->98,47/31/21/34,0,0,80,,
repro,repo,interfloor,0,100,4,10,nearest,request,none,133,2743,0.013,ok,820.98,722,2249,2425,855.71,762,2257,2449,34.73,5->29,41/42/24/26,0,,,,
repro,repo,interfloor,0,100,4,10,round-robin,direction,none,133,560,0.003,ok,92.04,91,176,191,126.77,130,225,264,34.73,24->2,34/33/33/33,0,,,,
repro,repo,interfloor,0,100,4,10,round-robin,forecast,80,133,490,0.116,ok,88.64,82,181,246,123.37,118,233,333,34.73,12->99,34/33/33/33,0,0,76,,
repro,repo,interfloor,0,100,4,10,round-robin,request,none,133,2202,0.005,ok,899.66,863,1682,1841,934.39,911,1708,1906,34.73,93->42,34/33/33/33,0,,,,
repro,repo,interfloor,0,30,4,4,forecast,direction,none,144,321,0.029,ok,6.95,5.0,18,27,16.78,16.0,35,46,9.83,3->22,38/34/40/32,0,,,,
repro,repo,interfloor,0,30,4,4,forecast,forecast,80,144,325,0.078,ok,7.31,6.0,21,35,17.14,16.0,40,46,9.83,4->10,38/39/33/34,0,0,10,,
repro,repo,interfloor,0,30,4,4,forecast,request,none,144,372,0.05,ok,28.98,28.0,56,68,38.81,37.0,66,91,9.83,1->24,29/36/40/39,0,,,,
repro,repo,interfloor,0,30,4,4,nearest,direction,none,144,340,0.002,ok,13.18,7.0,48,66,23.01,18.5,54,80,9.83,15->25,45/31/35/33,0,,,,
repro,repo,interfloor,0,30,4,4,nearest,forecast,80,144,323,0.017,ok,10.02,6.0,33,61,19.85,17.0,41,73,9.83,12->24,44/31/38/31,0,0,54,,
repro,repo,interfloor,0,30,4,4,nearest,request,none,144,735,0.002,ok,162.92,151.0,374,445,172.75,163.0,378,449,9.83,27->23,30/38/32/44,0,,,,
repro,repo,interfloor,0,30,4,4,round-robin,direction,none,144,336,0.001,ok,22.73,21.5,47,62,32.56,32.0,59,70,9.83,13->21,36/36/36/36,0,,,,
repro,repo,interfloor,0,30,4,4,round-robin,forecast,80,144,354,0.021,ok,21.3,19.5,50,89,31.13,27.0,66,110,9.83,1->22,36/36/36/36,0,0,52,,
repro,repo,interfloor,0,30,4,4,round-robin,request,none,144,656,0.002,ok,131.08,128.5,302,361,140.91,140.5,311,363,9.83,10->12,36/36/36/36,0,,,,
repro,repo,interfloor,1,100,4,10,forecast,direction,none,127,452,0.079,ok,47.44,46,95,111,81.1,82,155,190,33.66,2->14,31/30/25/41,0,,,,
repro,repo,interfloor,1,100,4,10,forecast,forecast,80,127,408,0.318,ok,41.77,36,87,155,75.43,76,143,191,33.66,32->5,26/32/39/30,0,0,76,,
repro,repo,interfloor,1,100,4,10,forecast,request,none,127,1126,0.107,ok,403.92,391,747,766,437.58,440,773,839,33.66,22->95,33/25/37/32,0,,,,
repro,repo,interfloor,1,100,4,10,nearest,direction,none,127,477,0.003,ok,80.65,78,190,352,114.31,115,207,365,33.66,30->43,45/41/19/22,0,,,,
repro,repo,interfloor,1,100,4,10,nearest,forecast,80,127,499,0.076,ok,64.28,39,198,230,97.94,86,225,288,33.66,14->72,28/30/35/34,0,0,78,,
repro,repo,interfloor,1,100,4,10,nearest,request,none,127,2010,0.008,ok,798.68,774,1612,1697,832.34,801,1636,1712,33.66,62->58,38/30/40/19,0,,,,
repro,repo,interfloor,1,100,4,10,round-robin,direction,none,127,473,0.002,ok,99.79,106,179,191,133.45,140,207,249,33.66,8->15,32/32/32/31,0,,,,
repro,repo,interfloor,1,100,4,10,round-robin,forecast,80,127,541,0.086,ok,98.43,102,179,248,132.09,137,235,308,33.66,93->33,32/32/32/31,0,0,76,,
repro,repo,interfloor,1,100,4,10,round-robin,request,none,127,2037,0.005,ok,865.76,867,1541,1722,899.42,925,1597,1738,33.66,5->21,32/32/32/31,0,,,,
repro,repo,interfloor,1,30,4,4,forecast,direction,none,155,314,0.041,ok,10.27,9,23,32,20.29,19,41,49,10.02,2->19,32/39/42/42,0,,,,
repro,repo,interfloor,1,30,4,4,forecast,forecast,80,155,314,0.094,ok,8.59,8,22,33,18.61,17,34,50,10.02,18->1,43/48/36/28,0,0,20,,
repro,repo,interfloor,1,30,4,4,forecast,request,none,155,429,0.069,ok,62.51,66,118,132,72.53,76,130,150,10.02,29->11,38/42/34/41,0,,,,
repro,repo,interfloor,1,30,4,4,nearest,direction,none,155,329,0.002,ok,14.43,8,55,82,24.45,20,69,89,10.02,21->19,43/36/46/30,0,,,,
repro,repo,interfloor,1,30,4,4,nearest,forecast,80,155,331,0.022,ok,15.41,9,56,100,25.43,21,69,109,10.02,21->30,39/35/33/48,0,0,52,,
repro,repo,interfloor,1,30,4,4,nearest,request,none,155,581,0.002,ok,151.15,150,274,304,161.17,160,289,310,10.02,5->6,37/40/33/45,0,,,,
repro,repo,interfloor,1,30,4,4,round-robin,direction,none,155,332,0.002,ok,25.5,24,48,90,35.52,34,64,91,10.02,12->13,39/39/39/38,0,,,,
repro,repo,interfloor,1,30,4,4,round-robin,forecast,80,155,338,0.029,ok,24.21,22,49,76,34.23,34,61,93,10.02,30->13,39/39/39/38,0,0,38,,
repro,repo,interfloor,1,30,4,4,round-robin,request,none,155,703,0.002,ok,217.02,239,392,410,227.04,247,399,424,10.02,14->13,39/39/39/38,0,,,,
repro,repo,interfloor,2,100,4,10,forecast,direction,none,147,436,0.069,ok,31.14,30,64,90,65.39,62,123,159,34.26,94->61,23/36/36/52,0,,,,
repro,repo,interfloor,2,100,4,10,forecast,forecast,80,147,474,0.294,ok,32.87,29,81,117,67.13,62,126,210,34.26,94->1,30/42/42/33,0,0,38,,
repro,repo,interfloor,2,100,4,10,forecast,request,none,147,1171,0.153,ok,369.86,333,720,822,404.12,383,774,872,34.26,2->52,31/36/39/41,0,,,,
repro,repo,interfloor,2,100,4,10,nearest,direction,none,147,604,0.003,ok,80.2,61,264,298,114.46,100,290,372,34.26,19->93,49/26/45/27,0,,,,
repro,repo,interfloor,2,100,4,10,nearest,forecast,80,147,511,0.107,ok,58.85,35,183,228,93.11,74,219,287,34.26,94->61,48/22/34/43,0,0,78,,
repro,repo,interfloor,2,100,4,10,nearest,request,none,147,3206,0.007,ok,933.27,828,2409,2857,967.53,875,2457,2907,34.26,2->52,31/47/56/13,0,,,,
repro,repo,interfloor,2,100,4,10,round-robin,direction,none,147,502,0.003,ok,92.39,89,176,189,126.65,131,219,269,34.26,22->65,37/37/37/36,0,,,,
repro,repo,interfloor,2,100,4,10,round-robin,forecast,80,147,528,0.129,ok,89.03,84,184,219,123.29,117,226,293,34.26,97->23,37/37/37/36,0,0,78,,
repro,repo,interfloor,2,100,4,10,round-robin,request,none,147,2188,0.005,ok,778.17,688,1570,1839,812.43,726,1639,1889,34.26,2->52,37/37/37/36,0,,,,
repro,repo,interfloor,2,30,4,4,forecast,direction,none,157,318,0.043,ok,10.96,10,28,41,21.59,21,43,60,10.64,21->26,35/40/43/39,0,,,,
repro,repo,interfloor,2,30,4,4,forecast,forecast,80,157,324,0.131,ok,10.84,10,26,54,21.48,20,44,65,10.64,10->21,39/33/43/42,0,0,34,,
repro,repo,interfloor,2,30,4,4,forecast,request,none,157,390,0.075,ok,59.61,61,95,112,70.24,70,108,129,10.64,30->26,37/41/40/39,0,,,,
repro,repo,interfloor,2,30,4,4,nearest,direction,none,157,355,0.002,ok,22.52,12,67,166,33.15,25,78,167,10.64,15->16,37/36/34/50,0,,,,
repro,repo,interfloor,2,30,4,4,nearest,forecast,80,157,340,0.035,ok,19.62,12,69,87,30.26,23,86,104,10.64,13->30,37/36/42/42,0,0,64,,
repro,repo,interfloor,2,30,4,4,nearest,request,none,157,712,0.002,ok,181.42,177,406,453,192.06,187,423,457,10.64,25->28,39/28/44/46,0,,,,
repro,repo,interfloor,2,30,4,4,round-robin,direction,none,157,360,0.002,ok,26.09,26,53,90,36.73,36,68,92,10.64,16->14,40/39/39/39,0,,,,
repro,repo,interfloor,2,30,4,4,round-robin,forecast,80,157,348,0.032,ok,23.49,21,54,71,34.13,32,66,90,10.64,6->24,40/39/39/39,0,0,56,,
repro,repo,interfloor,2,30,4,4,round-robin,request,none,157,801,0.002,ok,240.85,232,480,507,251.49,242,486,509,10.64,26->24,40/39/39/39,0,,,,
repro,repo,interfloor,3,100,4,10,forecast,direction,none,132,385,0.079,ok,38.2,34.0,89,146,72.27,68.0,147,189,34.08,38->33,41/32/30/29,0,,,,
repro,repo,interfloor,3,100,4,10,forecast,forecast,80,132,443,0.349,ok,41.39,34.5,96,149,75.46,68.5,148,189,34.08,18->34,27/36/43/26,0,0,80,,
repro,repo,interfloor,3,100,4,10,forecast,request,none,132,1255,0.097,ok,382.91,343.5,818,875,416.98,369.0,839,960,34.08,87->2,31/32/34/35,0,,,,
repro,repo,interfloor,3,100,4,10,nearest,direction,none,132,490,0.003,ok,72.17,54.5,185,303,106.25,94.5,228,314,34.08,53->54,41/33/44/14,0,,,,
repro,repo,interfloor,3,100,4,10,nearest,forecast,80,132,610,0.201,ok,80.85,53.0,220,350,114.92,89.5,266,402,34.08,73->21,29/49/40/14,0,0,68,,
repro,repo,interfloor,3,100,4,10,nearest,request,none,132,2445,0.006,ok,696.95,590.0,1817,2131,731.02,632.5,1823,2159,34.08,55->83,33/44/36/19,0,,,,
repro,repo,interfloor,3,100,4,10,round-robin,direction,none,132,465,0.003,ok,90.17,86.0,179,196,124.24,121.5,223,259,34.08,42->69,33/33/33/33,0,,,,
repro,repo,interfloor,3,100,4,10,round-robin,forecast,80,132,516,0.127,ok,96.58,100.5,185,234,130.65,136.0,228,315,34.08,93->12,33/33/33/33,0,0,72,,
repro,repo,interfloor,3,100,4,10,round-robin,request,none,132,2359,0.006,ok,852.65,827.5,1727,1979,886.73,870.5,1764,2064,34.08,87->2,33/33/33/33,0,,,,
repro,repo,interfloor,3,30,4,4,forecast,direction,none,160,340,0.047,ok,10.31,9.0,23,66,20.68,19.0,41,73,10.37,13->6,41/34/43/42,0,,,,
repro,repo,interfloor,3,30,4,4,forecast,forecast,80,160,328,0.103,ok,8.34,7.0,20,32,18.71,18.0,35,46,10.37,5->19,46/38/42/34,0,0,20,,
repro,repo,interfloor,3,30,4,4,forecast,request,none,160,366,0.054,ok,35.62,38.0,53,66,45.99,47.0,70,79,10.37,10->18,37/44/39/40,0,,,,
repro,repo,interfloor,3,30,4,4,nearest,direction,none,160,358,0.002,ok,19.38,9.0,67,127,29.75,23.5,80,145,10.37,11->29,44/36/40/40,0,,,,
repro,repo,interfloor,3,30,4,4,nearest,forecast,80,160,358,0.024,ok,14.05,7.0,53,89,24.42,19.5,64,105,10.37,17->1,42/49/39/30,0,0,58,,
repro,repo,interfloor,3,30,4,4,nearest,request,none,160,729,0.002,ok,164.91,149.5,327,412,175.28,158.5,341,433,10.37,26->5,38/37/42/43,0,,,,
repro,repo,interfloor,3,30,4,4,round-robin,direction,none,160,347,0.002,ok,26.62,24.5,53,143,36.99,34.5,64,151,10.37,15->23,40/40/40/40,0,,,,
repro,repo,interfloor,3,30,4,4,round-robin,forecast,80,160,359,0.034,ok,26.84,27.0,52,79,37.21,36.0,66,97,10.37,11->29,40/40/40/40,0,0,48,,
repro,repo,interfloor,3,30,4,4,round-robin,request,none,160,717,0.002,ok,197.89,197.0,362,416,208.26,209.5,374,431,10.37,21->27,40/40/40/40,0,,,,
repro,repo,interfloor,4,100,4,10,forecast,direction,none,149,437,0.082,ok,38.56,35,87,135,71.2,71,140,171,32.64,33->29,32/37/40/40,0,,,,
repro,repo,interfloor,4,100,4,10,forecast,forecast,80,149,442,0.356,ok,33.7,30,80,129,66.35,64,138,176,32.64,62->91,46/42/36/25,0,0,80,,
repro,repo,interfloor,4,100,4,10,forecast,request,none,149,1357,0.13,ok,450.34,446,892,968,482.98,477,937,1065,32.64,100->3,39/39/35/36,0,,,,
repro,repo,interfloor,4,100,4,10,nearest,direction,none,149,506,0.003,ok,75.54,68,188,291,108.19,100,220,296,32.64,48->53,31/53/25/40,0,,,,
repro,repo,interfloor,4,100,4,10,nearest,forecast,80,149,541,0.176,ok,65.19,45,191,244,97.84,87,233,293,32.64,91->42,34/58/26/31,0,0,80,,
repro,repo,interfloor,4,100,4,10,nearest,request,none,149,2844,0.006,ok,862.65,740,2044,2490,895.3,785,2074,2545,32.64,82->27,51/45/20/33,0,,,,
repro,repo,interfloor,4,100,4,10,round-robin,direction,none,149,572,0.003,ok,96.64,97,181,191,129.28,127,228,280,32.64,43->80,38/37/37/37,0,,,,
repro,repo,interfloor,4,100,4,10,round-robin,forecast,80,149,534,0.179,ok,99.28,94,195,230,131.93,131,238,295,32.64,39->78,38/37/37/37,0,0,76,,
repro,repo,interfloor,4,100,4,10,round-robin,request,none,149,2519,0.006,ok,979.6,951,1943,2200,1012.25,956,1991,2221,32.64,4->25,38/37/37/37,0,,,,
repro,repo,interfloor,4,30,4,4,forecast,direction,none,147,329,0.038,ok,8.97,8,21,42,19.53,19,36,48,10.56,10->14,37/35/36/39,0,,,,
repro,repo,interfloor,4,30,4,4,forecast,forecast,80,147,316,0.08,ok,7.93,7,21,28,18.49,17,38,48,10.56,17->7,41/34/41/31,0,0,12,,
repro,repo,interfloor,4,30,4,4,forecast,request,none,147,399,0.065,ok,56.04,59,98,109,66.61,69,110,135,10.56,9->22,40/41/31/35,0,,,,
repro,repo,interfloor,4,30,4,4,nearest,direction,none,147,330,0.002,ok,15.32,10,53,115,25.88,22,64,116,10.56,11->12,37/31/45/34,0,,,,
repro,repo,interfloor,4,30,4,4,nearest,forecast,80,147,325,0.022,ok,16.56,10,57,83,27.12,22,69,101,10.56,6->24,43/41/31/32,0,0,46,,
repro,repo,interfloor,4,30,4,4,nearest,request,none,147,713,0.002,ok,163.33,152,324,409,173.89,163,339,424,10.56,3->18,41/40/34/32,0,,,,
repro,repo,interfloor,4,30,4,4,round-robin,direction,none,147,332,0.002,ok,27.4,25,51,96,37.97,39,63,108,10.56,10->22,37/37/37/36,0,,,,
repro,repo,interfloor,4,30,4,4,round-robin,forecast,80,147,355,0.025,ok,26.11,26,54,85,36.67,36,72,107,10.56,30->8,37/37/37/36,0,0,48,,
repro,repo,interfloor,4,30,4,4,round-robin,request,none,147,742,0.002,ok,210.05,202,385,439,220.62,215,396,443,10.56,17->21,37/37/37/36,0,,,,
repro,repo,light,0,100,4,10,forecast,direction,none,38,404,0.009,ok,38.13,29.5,91,99,76.47,81.0,139,146,38.34,94->86,6/7/11/14,0,,,,
repro,repo,light,0,100,4,10,forecast,forecast,80,38,379,0.022,ok,35.24,29.0,97,101,73.58,65.0,127,141,38.34,94->86,8/13/9/8,0,0,42,,
repro,repo,light,0,100,4,10,forecast,request,none,38,438,0.013,ok,49.21,49.0,93,103,87.55,95.0,143,180,38.34,100->23,10/9/10/9,0,,,,
repro,repo,light,0,100,4,10,nearest,direction,none,38,350,0.001,ok,39.5,34.0,105,179,77.84,76.0,139,191,38.34,14->2,10/9/9/10,0,,,,
repro,repo,light,0,100,4,10,nearest,forecast,80,38,365,0.003,ok,33.82,34.0,99,105,72.16,73.0,133,139,38.34,62->34,10/9/11/8,0,0,44,,
repro,repo,light,0,100,4,10,nearest,request,none,38,647,0.003,ok,157.92,158.0,332,333,196.26,190.5,364,386,38.34,55->26,14/6/10/8,0,,,,
repro,repo,light,0,100,4,10,round-robin,direction,none,38,492,0.002,ok,87.16,92.0,168,169,125.5,124.5,230,234,38.34,30->81,10/10/9/9,0,,,,
repro,repo,light,0,100,4,10,round-robin,forecast,80,38,492,0.005,ok,76.42,77.0,139,157,114.76,123.0,212,234,38.34,100->23,10/10/9/9,0,0,68,,
repro,repo,light,0,100,4,10,round-robin,request,none,38,788,0.002,ok,204.21,187.0,430,453,242.55,234.0,484,530,38.34,100->23,10/10/9/9,0,,,,
repro,repo,light,0,30,4,4,forecast,direction,none,32,320,0.004,ok,7.59,6.0,24,25,17.41,17.0,36,44,9.81,28->26,12/7/6/7,0,,,,
repro,repo,light,0,30,4,4,forecast,forecast,80,32,316,0.008,ok,7.97,6.5,21,23,17.78,18.0,30,36,9.81,27->24,13/7/5/7,0,0,12,,
repro,repo,light,0,30,4,4,forecast,request,none,32,318,0.004,ok,8.5,7.0,22,25,18.31,18.0,36,42,9.81,27->24,14/7/7/4,0,,,,
repro,repo,light,0,30,4,4,nearest,direction,none,32,328,0.001,ok,8.81,6.5,33,34,18.62,17.5,46,52,9.81,25->20,12/9/5/6,0,,,,
repro,repo,light,0,30,4,4,nearest,forecast,80,32,316,0.002,ok,8.09,6.0,23,36,17.91,18.5,33,56,9.81,27->7,10/11/5/6,0,0,20,,
repro,repo,light,0,30,4,4,nearest,request,none,32,328,0.001,ok,18.41,7.5,65,66,28.22,20.5,68,73,9.81,30->23,14/7/5/6,0,,,,
repro,repo,light,0,30,4,4,round-robin,direction,none,32,326,0.001,ok,13.44,12.5,27,28,23.25,23.0,46,53,9.81,1->12,8/8/8/8,0,,,,
repro,repo,light,0,30,4,4,round-robin,forecast,80,32,326,0.001,ok,13.44,12.5,27,28,23.25,23.0,46,53,9.81,1->12,8/8/8/8,0,0,0,,
repro,repo,light,0,30,4,4,round-robin,request,none,32,326,0.001,ok,13.44,12.5,27,28,23.25,23.0,46,53,9.81,1->12,8/8/8/8,0,,,,
repro,repo,light,1,100,4,10,forecast,direction,none,37,387,0.008,ok,29.27,24,84,94,61.46,52,140,142,32.19,95->49,7/10/8/12,0,,,,
repro,repo,light,1,100,4,10,forecast,forecast,80,37,381,0.016,ok,28.97,24,84,94,61.16,57,140,142,32.19,95->49,8/9/8/12,0,0,30,,
repro,repo,light,1,100,4,10,forecast,request,none,37,413,0.013,ok,36.89,30,90,94,69.08,68,126,140,32.19,95->49,10/8/9/10,0,,,,
repro,repo,light,1,100,4,10,nearest,direction,none,37,481,0.002,ok,40.3,31,118,179,72.49,64,151,266,32.19,99->12,10/5/8/14,0,,,,
repro,repo,light,1,100,4,10,nearest,forecast,80,37,383,0.007,ok,32.89,29,86,99,65.08,67,131,145,32.19,95->49,10/6/9/12,0,0,0,,
repro,repo,light,1,100,4,10,nearest,request,none,37,613,0.001,ok,96.03,82,245,315,128.22,99,321,336,32.19,94->73,8/12/8/9,0,,,,
repro,repo,light,1,100,4,10,round-robin,direction,none,37,495,0.003,ok,75.32,71,167,172,107.51,103,220,237,32.19,95->47,10/9/9/9,0,,,,
repro,repo,light,1,100,4,10,round-robin,forecast,80,37,445,0.003,ok,57.49,37,143,160,89.68,80,206,230,32.19,95->49,10/9/9/9,0,0,66,,
repro,repo,light,1,100,4,10,round-robin,request,none,37,823,0.002,ok,173.32,122,496,531,205.51,140,530,560,32.19,41->70,10/9/9/9,0,,,,
repro,repo,light,1,30,4,4,forecast,direction,none,32,312,0.004,ok,4.62,3.0,15,19,13.88,12.0,29,34,9.25,20->5,8/9/10/5,0,,,,
repro,repo,light,1,30,4,4,forecast,forecast,80,32,309,0.012,ok,4.31,3.0,15,19,13.56,12.0,29,34,9.25,20->5,7/9/11/5,0,0,2,,
repro,repo,light,1,30,4,4,forecast,request,none,32,314,0.004,ok,6.94,7.0,15,19,16.19,15.5,32,34,9.25,20->5,10/10/8/4,0,,,,
repro,repo,light,1,30,4,4,nearest,direction,none,32,322,0.001,ok,9.28,3.0,50,52,18.53,16.0,55,69,9.25,7->4,12/5/10/5,0,,,,
repro,repo,light,1,30,4,4,nearest,forecast,80,32,310,0.002,ok,7,4.5,27,28,16.25,15.5,35,42,9.25,10->17,13/11/4/4,0,0,16,,
repro,repo,light,1,30,4,4,nearest,request,none,32,310,0.001,ok,9.22,5.5,37,56,18.47,15.5,51,75,9.25,3->22,12/5/10/5,0,,,,
repro,repo,light,1,30,4,4,round-robin,direction,none,32,321,0.001,ok,10.59,9.0,23,25,19.84,17.5,40,42,9.25,20->5,8/8/8/8,0,,,,
repro,repo,light,1,30,4,4,round-robin,forecast,80,32,321,0.001,ok,10.59,9.0,23,25,19.84,17.5,40,42,9.25,20->5,8/8/8/8,0,0,6,,
repro,repo,light,1,30,4,4,round-robin,request,none,32,321,0.001,ok,11.47,10.0,23,35,20.72,19.0,39,42,9.25,19->23,8/8/8/8,0,,,,
repro,repo,light,2,100,4,10,forecast,direction,none,39,358,0.009,ok,26.13,23,59,90,68.44,60,122,162,42.31,91->19,12/9/8/10,0,,,,
repro,repo,light,2,100,4,10,forecast,forecast,80,39,372,0.019,ok,26.03,21,72,90,68.33,60,143,162,42.31,91->19,12/9/10/8,0,0,46,,
repro,repo,light,2,100,4,10,forecast,request,none,39,429,0.013,ok,44.31,46,90,96,86.62,80,154,162,42.31,79->37,11/11/10/7,0,,,,
repro,repo,light,2,100,4,10,nearest,direction,none,39,452,0.002,ok,37.03,27,139,150,79.33,73,161,162,42.31,56->63,9/10/12/8,0,,,,
repro,repo,light,2,100,4,10,nearest,forecast,80,39,422,0.004,ok,40.21,37,102,230,82.51,74,191,265,42.31,98->63,10/10/10/9,0,0,74,,
repro,repo,light,2,100,4,10,nearest,request,none,39,638,0.002,ok,109.85,90,334,355,152.15,149,336,369,42.31,16->2,10/14/9/6,0,,,,
repro,repo,light,2,100,4,10,round-robin,direction,none,39,464,0.002,ok,69.54,76,145,157,111.85,116,217,217,42.31,38->98,10/10/10/9,0,,,,
repro,repo,light,2,100,4,10,round-robin,forecast,80,39,464,0.005,ok,74.41,76,146,161,116.72,120,212,218,42.31,73->22,10/10/10/9,0,0,74,,
repro,repo,light,2,100,4,10,round-robin,request,none,39,858,0.003,ok,167.13,140,485,523,209.44,186,497,576,42.31,71->18,10/10/10/9,0,,,,
repro,repo,light,2,30,4,4,forecast,direction,none,33,297,0.005,ok,7.18,7,18,23,15.09,14,30,31,7.91,30->23,10/10/10/3,0,,,,
repro,repo,light,2,30,4,4,forecast,forecast,80,33,297,0.009,ok,7.18,7,18,23,15.09,13,30,31,7.91,30->23,10/10/10/3,0,0,0,,
repro,repo,light,2,30,4,4,forecast,request,none,33,297,0.004,ok,7.45,6,23,24,15.36,14,30,31,7.91,28->30,9/8/10/6,0,,,,
repro,repo,light,2,30,4,4,nearest,direction,none,33,297,0.001,ok,8.79,5,37,43,16.7,15,46,52,7.91,10->7,15/9/7/2,0,,,,
repro,repo,light,2,30,4,4,nearest,forecast,80,33,297,0.002,ok,7.73,5,24,37,15.64,13,32,52,7.91,19->4,14/8/9/2,0,0,22,,
repro,repo,light,2,30,4,4,nearest,request,none,33,297,0.001,ok,10.79,7,39,44,18.7,15,45,47,7.91,30->29,10/8/8/7,0,,,,
repro,repo,light,2,30,4,4,round-robin,direction,none,33,296,0.001,ok,11.91,11,26,33,19.82,23,36,36,7.91,4->1,9/8/8/8,0,,,,
repro,repo,light,2,30,4,4,round-robin,forecast,80,33,296,0.001,ok,11.91,11,26,33,19.82,23,36,36,7.91,4->1,9/8/8/8,0,0,0,,
repro,repo,light,2,30,4,4,round-robin,request,none,33,296,0.001,ok,11.91,11,26,33,19.82,23,36,36,7.91,4->1,9/8/8/8,0,,,,
repro,repo,light,3,100,4,10,forecast,direction,none,41,486,0.01,ok,40.44,32,100,107,74.71,69,151,200,34.27,99->6,12/9/12/8,0,,,,
repro,repo,light,3,100,4,10,forecast,forecast,80,41,496,0.03,ok,39.2,31,100,117,73.46,69,151,210,34.27,99->6,12/10/12/7,0,0,24,,
repro,repo,light,3,100,4,10,forecast,request,none,41,515,0.011,ok,90.54,92,140,155,124.8,121,198,229,34.27,37->24,13/9/9/10,0,,,,
repro,repo,light,3,100,4,10,nearest,direction,none,41,447,0.002,ok,46.22,38,132,169,80.49,69,161,177,34.27,23->16,13/8/7/13,0,,,,
repro,repo,light,3,100,4,10,nearest,forecast,80,41,420,0.005,ok,48.76,38,122,189,83.02,73,185,253,34.27,99->35,12/8/10/11,0,0,60,,
repro,repo,light,3,100,4,10,nearest,request,none,41,829,0.004,ok,195.78,138,474,511,230.05,174,490,542,34.27,4->35,12/7/14/8,0,,,,
repro,repo,light,3,100,4,10,round-robin,direction,none,41,476,0.002,ok,95.2,88,157,172,129.46,120,207,231,34.27,88->53,11/10/10/10,0,,,,
repro,repo,light,3,100,4,10,round-robin,forecast,80,41,496,0.005,ok,87.78,72,172,241,122.05,110,231,321,34.27,8->88,11/10/10/10,0,0,78,,
repro,repo,light,3,100,4,10,round-robin,request,none,41,784,0.002,ok,185.83,193,334,434,220.1,206,384,498,34.27,86->22,11/10/10/10,0,,,,
repro,repo,light,3,30,4,4,forecast,direction,none,30,299,0.008,ok,7.07,5.0,18,20,16.37,16.0,32,34,9.3,27->25,5/6/11/8,0,,,,
repro,repo,light,3,30,4,4,forecast,forecast,80,30,299,0.008,ok,7.07,5.0,18,20,16.37,16.0,32,34,9.3,27->25,5/6/11/8,0,0,4,,
repro,repo,light,3,30,4,4,forecast,request,none,30,299,0.003,ok,7.2,5.0,20,20,16.5,15.5,34,46,9.3,27->25,6/8/9/7,0,,,,
repro,repo,light,3,30,4,4,nearest,direction,none,30,299,0.001,ok,12.27,8.0,31,42,21.57,17.5,47,48,9.3,21->25,14/7/8/1,0,,,,
repro,repo,light,3,30,4,4,nearest,forecast,80,30,299,0.002,ok,8.7,5.0,30,50,18,16.5,52,56,9.3,27->25,10/11/8/1,0,0,6,,
repro,repo,light,3,30,4,4,nearest,request,none,30,299,0.001,ok,16.7,9.0,56,78,26,19.5,72,79,9.3,20->21,10/13/7/0,0,,,,
repro,repo,light,3,30,4,4,round-robin,direction,none,30,308,0.001,ok,13,9.0,31,33,22.3,20.0,51,52,9.3,20->2,8/8/7/7,0,,,,
repro,repo,light,3,30,4,4,round-robin,forecast,80,30,308,0.001,ok,13,9.0,31,33,22.3,20.0,51,52,9.3,20->2,8/8/7/7,0,0,14,,
repro,repo,light,3,30,4,4,round-robin,request,none,30,308,0.001,ok,13.33,9.0,25,53,22.63,20.5,46,55,9.3,27->25,8/8/7/7,0,,,,
repro,repo,light,4,100,4,10,forecast,direction,none,39,390,0.009,ok,30.49,30,71,118,63.82,54,145,157,33.33,81->42,16/12/7/4,0,,,,
repro,repo,light,4,100,4,10,forecast,forecast,80,39,390,0.03,ok,30.49,30,71,118,63.82,54,145,157,33.33,81->42,16/12/7/4,0,0,38,,
repro,repo,light,4,100,4,10,forecast,request,none,39,458,0.019,ok,76,77,116,131,109.33,106,160,206,33.33,14->89,11/11/9/8,0,,,,
repro,repo,light,4,100,4,10,nearest,direction,none,39,381,0.001,ok,38.59,32,118,118,71.92,68,145,157,33.33,81->42,14/7/7/11,0,,,,
repro,repo,light,4,100,4,10,nearest,forecast,80,39,383,0.004,ok,43.85,32,127,130,77.18,69,159,196,33.33,83->17,13/10/7/9,0,0,76,,
repro,repo,light,4,100,4,10,nearest,request,none,39,806,0.002,ok,168.15,148,455,464,201.49,173,518,536,33.33,95->41,12/8/10/9,0,,,,
repro,repo,light,4,100,4,10,round-robin,direction,none,39,468,0.002,ok,76.08,74,141,161,109.41,108,176,180,33.33,14->29,10/10/10/9,0,,,,
repro,repo,light,4,100,4,10,round-robin,forecast,80,39,472,0.009,ok,77.41,86,138,143,110.74,115,173,188,33.33,73->96,10/10/10/9,0,0,64,,
repro,repo,light,4,100,4,10,round-robin,request,none,39,730,0.002,ok,159.1,130,367,372,192.44,161,400,432,33.33,18->78,10/10/10/9,0,,,,
repro,repo,light,4,30,4,4,forecast,direction,none,44,310,0.006,ok,5.89,4.5,17,19,17,16.0,30,35,11.11,2->15,12/9/12/11,0,,,,
repro,repo,light,4,30,4,4,forecast,forecast,80,44,310,0.012,ok,5.89,4.5,17,19,17,16.0,30,35,11.11,2->15,12/9/12/11,0,0,2,,
repro,repo,light,4,30,4,4,forecast,request,none,44,310,0.006,ok,6.45,5.0,17,19,17.57,16.5,30,35,11.11,2->15,10/12/12/10,0,,,,
repro,repo,light,4,30,4,4,nearest,direction,none,44,312,0.001,ok,7.82,5.0,33,35,18.93,15.0,40,45,11.11,18->8,15/7/11/11,0,,,,
repro,repo,light,4,30,4,4,nearest,forecast,80,44,310,0.002,ok,7.77,5.0,28,32,18.89,17.0,38,49,11.11,17->27,14/12/7/11,0,0,20,,
repro,repo,light,4,30,4,4,nearest,request,none,44,310,0.001,ok,15.89,7.5,52,54,27,26.0,58,67,11.11,20->12,15/10/9/10,0,,,,
repro,repo,light,4,30,4,4,round-robin,direction,none,44,310,0.001,ok,14.98,16.0,29,45,26.09,26.0,45,58,11.11,2->15,11/11/11/11,0,,,,
repro,repo,light,4,30,4,4,round-robin,forecast,80,44,310,0.005,ok,14.11,13.5,31,45,25.23,25.5,52,58,11.11,2->15,11/11/11/11,0,0,14,,
repro,repo,light,4,30,4,4,round-robin,request,none,44,310,0.001,ok,16.34,16.0,30,45,27.45,27.0,52,58,11.11,2->15,11/11/11/11,0,,,,
repro,repo,lunch,0,100,4,10,forecast,direction,none,116,402,0.062,ok,35.54,34.5,67,102,80.08,74.0,147,196,44.53,95->1,28/21/27/40,0,,,,
repro,repo,lunch,0,100,4,10,forecast,forecast,80,116,447,0.266,ok,34.91,34.0,67,102,79.45,74.0,148,196,44.53,95->1,28/23/26/39,0,0,38,,
repro,repo,lunch,0,100,4,10,forecast,request,none,116,838,0.081,ok,254.48,223.5,453,487,299.02,275.0,504,545,44.53,68->42,24/31/26/35,0,,,,
repro,repo,lunch,0,100,4,10,nearest,direction,none,116,462,0.003,ok,74.22,48.0,233,384,118.75,98.5,261,394,44.53,11->1,40/17/29/30,0,,,,
repro,repo,lunch,0,100,4,10,nearest,forecast,80,116,500,0.081,ok,68.66,40.0,208,224,113.19,88.5,280,292,44.53,68->1,32/33/25/26,0,0,68,,
repro,repo,lunch,0,100,4,10,nearest,request,none,116,2588,0.006,ok,924.81,794.5,2204,2271,969.34,839.5,2218,2302,44.53,74->99,29/48/22/17,0,,,,
repro,repo,lunch,0,100,4,10,round-robin,direction,none,116,494,0.003,ok,97.16,96.5,185,196,141.69,150.0,222,289,44.53,35->1,29/29/29/29,0,,,,
repro,repo,lunch,0,100,4,10,round-robin,forecast,80,116,535,0.08,ok,104.33,107.5,193,226,148.86,152.5,245,273,44.53,95->78,29/29/29/29,0,0,80,,
repro,repo,lunch,0,100,4,10,round-robin,request,none,116,2087,0.005,ok,652.21,564.5,1363,1722,696.74,616.0,1428,1789,44.53,1->68,29/29/29/29,0,,,,
repro,repo,lunch,0,30,4,4,forecast,direction,none,160,328,0.036,ok,9.34,8.0,25,40,23.21,22.0,45,61,13.87,8->1,42/38/42/38,0,,,,
repro,repo,lunch,0,30,4,4,forecast,forecast,80,160,344,0.091,ok,7.86,7.0,22,30,21.73,21.5,43,54,13.87,10->1,38/42/41/39,0,0,8,,
repro,repo,lunch,0,30,4,4,forecast,request,none,160,363,0.047,ok,14.71,13.5,34,48,28.57,26.5,51,74,13.87,29->3,39/37/42/42,0,,,,
repro,repo,lunch,0,30,4,4,nearest,direction,none,160,369,0.002,ok,12.98,7.0,55,67,26.85,23.0,66,85,13.87,2->1,42/34/42/42,0,,,,
repro,repo,lunch,0,30,4,4,nearest,forecast,80,160,378,0.023,ok,13.78,7.0,56,100,27.64,23.0,67,123,13.87,3->26,33/46/41/40,0,0,60,,
repro,repo,lunch,0,30,4,4,nearest,request,none,160,864,0.002,ok,167.58,145.0,391,562,181.45,160.5,394,569,13.87,27->20,25/43/44/48,0,,,,
repro,repo,lunch,0,30,4,4,round-robin,direction,none,160,367,0.002,ok,29.96,29.0,54,106,43.83,44.0,75,107,13.87,2->1,40/40/40/40,0,,,,
repro,repo,lunch,0,30,4,4,round-robin,forecast,80,160,367,0.031,ok,28.58,28.5,54,97,42.45,43.0,73,103,13.87,6->12,40/40/40/40,0,0,50,,
repro,repo,lunch,0,30,4,4,round-robin,request,none,160,754,0.002,ok,204.39,206.5,418,452,218.26,220.5,428,466,13.87,1->8,40/40/40/40,0,,,,
repro,repo,lunch,1,100,4,10,forecast,direction,none,124,454,0.058,ok,36.7,33.5,80,104,88.04,87.5,153,187,51.34,83->1,38/23/26/37,0,,,,
repro,repo,lunch,1,100,4,10,forecast,forecast,80,124,457,0.264,ok,32.91,31.0,71,112,84.25,83.0,146,194,51.34,83->1,30/26/33/35,0,0,30,,
repro,repo,lunch,1,100,4,10,forecast,request,none,124,1009,0.082,ok,299.51,297.0,606,637,350.85,348.5,657,720,51.34,1->28,37/27/27/33,0,,,,
repro,repo,lunch,1,100,4,10,nearest,direction,none,124,787,0.005,ok,100.74,48.0,295,422,152.08,107.0,375,498,51.34,1->63,20/58/21/25,0,,,,
repro,repo,lunch,1,100,4,10,nearest,forecast,80,124,478,0.091,ok,50.83,32.0,188,229,102.17,89.0,266,304,51.34,73->36,29/30/31/34,0,0,74,,
repro,repo,lunch,1,100,4,10,nearest,request,none,124,2232,0.006,ok,699.19,597.5,1510,1913,750.52,667.5,1593,1963,51.34,23->1,27/45/34/18,0,,,,
repro,repo,lunch,1,100,4,10,round-robin,direction,none,124,500,0.003,ok,91.52,93.0,179,184,142.85,140.0,239,270,51.34,60->1,31/31/31/31,0,,,,
repro,repo,lunch,1,100,4,10,round-robin,forecast,80,124,515,0.097,ok,92.31,94.0,175,196,143.65,142.0,240,260,51.34,23->1,31/31/31/31,0,0,72,,
repro,repo,lunch,1,100,4,10,round-robin,request,none,124,2360,0.012,ok,811.5,787.0,1730,2003,862.84,832.5,1778,2062,51.34,60->1,31/31/31/31,0,,,,
repro,repo,lunch,1,30,4,4,forecast,direction,none,135,331,0.029,ok,8.75,7,24,28,21.9,21,44,55,13.15,25->1,32/35/31/37,0,,,,
repro,repo,lunch,1,30,4,4,forecast,forecast,80,135,328,0.082,ok,8.03,6,24,28,21.18,20,44,55,13.15,25->1,30/38/33/34,0,0,10,,
repro,repo,lunch,1,30,4,4,forecast,request,none,135,332,0.03,ok,17.31,15,38,50,30.46,29,57,67,13.15,14->17,35/31/35/34,0,,,,
repro,repo,lunch,1,30,4,4,nearest,direction,none,135,347,0.002,ok,12.75,7,55,85,25.9,23,68,86,13.15,2->1,30/34/41/30,0,,,,
repro,repo,lunch,1,30,4,4,nearest,forecast,80,135,347,0.014,ok,11.47,7,43,61,24.61,21,55,87,13.15,1->27,44/27/38/26,0,0,26,,
repro,repo,lunch,1,30,4,4,nearest,request,none,135,708,0.002,ok,136.99,128,304,402,150.14,140,324,416,13.15,29->15,30/40/40/25,0,,,,
repro,repo,lunch,1,30,4,4,round-robin,direction,none,135,353,0.002,ok,26.69,25,52,88,39.84,38,69,91,13.15,4->1,34/34/34/33,0,,,,
repro,repo,lunch,1,30,4,4,round-robin,forecast,80,135,344,0.027,ok,24.69,24,56,77,37.84,35,71,96,13.15,29->23,34/34/34/33,0,0,34,,
repro,repo,lunch,1,30,4,4,round-robin,request,none,135,687,0.002,ok,179.47,177,318,376,192.62,183,330,399,13.15,24->1,34/34/34/33,0,,,,
repro,repo,lunch,2,100,4,10,forecast,direction,none,131,431,0.062,ok,31.16,28,67,101,76.1,74,136,178,44.94,1->78,28/34/37/32,0,,,,
repro,repo,lunch,2,100,4,10,forecast,forecast,80,131,462,0.311,ok,38.63,34,98,131,83.57,82,159,178,44.94,100->53,33/35/40/23,0,0,44,,
repro,repo,lunch,2,100,4,10,forecast,request,none,131,840,0.103,ok,230.42,218,380,452,275.36,269,442,544,44.94,93->1,28/35/43/25,0,,,,
repro,repo,lunch,2,100,4,10,nearest,direction,none,131,558,0.003,ok,69.47,48,204,273,114.4,98,260,326,44.94,9->39,18/44/34/35,0,,,,
repro,repo,lunch,2,100,4,10,nearest,forecast,80,131,553,0.113,ok,66.21,42,204,255,111.15,100,256,344,44.94,90->1,52/26/25/28,0,0,80,,
repro,repo,lunch,2,100,4,10,nearest,request,none,131,2432,0.006,ok,814.03,743,1846,2128,858.97,786,1919,2139,44.94,12->1,23/29/57/22,0,,,,
repro,repo,lunch,2,100,4,10,round-robin,direction,none,131,480,0.003,ok,95.08,88,179,186,140.02,144,228,261,44.94,39->45,33/33/33/32,0,,,,
repro,repo,lunch,2,100,4,10,round-robin,forecast,80,131,525,0.096,ok,93.44,95,174,197,138.37,138,231,262,44.94,66->1,33/33/33/32,0,0,62,,
repro,repo,lunch,2,100,4,10,round-robin,request,none,131,2126,0.005,ok,868.37,869,1582,1773,913.31,894,1621,1832,44.94,60->1,33/33/33/32,0,,,,
repro,repo,lunch,2,30,4,4,forecast,direction,none,136,322,0.028,ok,7.15,6.0,17,26,21.6,22.0,38,43,14.44,18->1,37/38/34/27,0,,,,
repro,repo,lunch,2,30,4,4,forecast,forecast,80,136,321,0.074,ok,7.12,6.0,19,25,21.57,23.0,38,47,14.44,1->9,36/33/33/34,0,0,8,,
repro,repo,lunch,2,30,4,4,forecast,request,none,136,335,0.027,ok,12.21,8.0,38,51,26.65,25.0,55,77,14.44,27->1,35/37/29/35,0,,,,
repro,repo,lunch,2,30,4,4,nearest,direction,none,136,328,0.002,ok,11.34,6.0,52,96,25.78,22.0,67,97,14.44,2->1,41/38/31/26,0,,,,
repro,repo,lunch,2,30,4,4,nearest,forecast,80,136,342,0.018,ok,11.5,7.0,56,66,25.94,24.0,68,92,14.44,1->7,35/37/28/36,0,0,12,,
repro,repo,lunch,2,30,4,4,nearest,request,none,136,532,0.002,ok,63.4,55.0,209,221,77.84,64.5,231,249,14.44,1->29,31/29/39/37,0,,,,
repro,repo,lunch,2,30,4,4,round-robin,direction,none,136,354,0.002,ok,24.1,22.5,55,75,38.54,38.0,74,86,14.44,12->1,34/34/34/34,0,,,,
repro,repo,lunch,2,30,4,4,round-robin,forecast,80,136,354,0.019,ok,23.44,19.0,56,80,37.88,35.0,74,107,14.44,28->1,34/34/34/34,0,0,38,,
repro,repo,lunch,2,30,4,4,round-robin,request,none,136,628,0.002,ok,124.69,133.0,245,313,139.13,144.0,258,331,14.44,19->1,34/34/34/34,0,,,,
repro,repo,lunch,3,100,4,10,forecast,direction,none,154,481,0.096,ok,52.73,47.0,110,135,102.28,100.5,170,212,49.55,10->1,36/38/32/48,0,,,,
repro,repo,lunch,3,100,4,10,forecast,forecast,80,154,481,0.665,ok,52.73,47.0,110,135,102.28,100.5,170,212,49.55,10->1,36/38/32/48,0,0,24,,
repro,repo,lunch,3,100,4,10,forecast,request,none,154,931,0.13,ok,263.43,251.0,530,594,312.98,316.0,589,640,49.55,44->1,40/37/47/30,0,,,,
repro,repo,lunch,3,100,4,10,nearest,direction,none,154,676,0.004,ok,91.62,56.0,281,500,141.17,115.5,342,509,49.55,26->35,28/44/55/27,0,,,,
repro,repo,lunch,3,100,4,10,nearest,forecast,80,154,676,0.26,ok,87.57,56.5,244,419,137.12,112.5,324,504,49.55,8->32,19/47/53/35,0,0,78,,
repro,repo,lunch,3,100,4,10,nearest,request,none,154,1979,0.005,ok,718.54,755.0,1558,1658,768.09,781.5,1604,1718,49.55,1->6,19/49/48/38,0,,,,
repro,repo,lunch,3,100,4,10,round-robin,direction,none,154,526,0.003,ok,108.69,106.5,206,299,158.24,158.0,259,316,49.55,26->35,39/39/38/38,0,,,,
repro,repo,lunch,3,100,4,10,round-robin,forecast,80,154,526,0.195,ok,104.88,104.5,206,244,154.44,153.0,262,320,49.55,1->72,39/39/38/38,0,0,54,,
repro,repo,lunch,3,100,4,10,round-robin,request,none,154,2806,0.007,ok,1106.77,1047.5,2273,2469,1156.32,1115.5,2326,2512,49.55,44->1,39/39/38/38,0,,,,
repro,repo,lunch,3,30,4,4,forecast,direction,none,149,335,0.033,ok,9.78,8,23,40,24.01,24,46,51,14.23,11->1,36/38/39/36,0,,,,
repro,repo,lunch,3,30,4,4,forecast,forecast,80,149,350,0.117,ok,9.69,9,23,28,23.93,24,44,56,14.23,11->20,42/36/28/43,0,0,6,,
repro,repo,lunch,3,30,4,4,forecast,request,none,149,371,0.047,ok,27.29,27,58,66,41.52,41,77,90,14.23,1->12,42/36/33/38,0,,,,
repro,repo,lunch,3,30,4,4,nearest,direction,none,149,373,0.002,ok,20.36,10,63,166,34.59,28,80,169,14.23,4->7,33/45/40/31,0,,,,
repro,repo,lunch,3,30,4,4,nearest,forecast,80,149,361,0.026,ok,17.29,9,66,126,31.52,23,83,135,14.23,2->11,27/46/44/32,0,0,64,,
repro,repo,lunch,3,30,4,4,nearest,request,none,149,707,0.002,ok,169.42,168,357,391,183.66,181,375,413,14.23,22->8,34/39/38/38,0,,,,
repro,repo,lunch,3,30,4,4,round-robin,direction,none,149,379,0.002,ok,26.7,25,54,70,40.94,38,74,87,14.23,1->18,38/37/37/37,0,,,,
repro,repo,lunch,3,30,4,4,round-robin,forecast,80,149,379,0.032,ok,26.03,25,52,67,40.27,38,74,90,14.23,1->24,38/37/37/37,0,0,14,,
repro,repo,lunch,3,30,4,4,round-robin,request,none,149,738,0.002,ok,191.28,187,385,429,205.52,202,396,443,14.23,22->8,38/37/37/37,0,,,,
repro,repo,lunch,4,100,4,10,forecast,direction,none,148,442,0.097,ok,46.57,40.5,99,127,97.52,99.5,173,179,50.95,24->1,39/17/44/48,0,,,,
repro,repo,lunch,4,100,4,10,forecast,forecast,80,148,481,0.598,ok,50,46.0,108,137,100.95,96.0,185,207,50.95,29->35,31/34/41/42,0,0,56,,
repro,repo,lunch,4,100,4,10,forecast,request,none,148,1011,0.124,ok,259.3,181.0,525,620,310.25,244.5,578,718,50.95,99->1,32/44/40/32,0,,,,
repro,repo,lunch,4,100,4,10,nearest,direction,none,148,579,0.003,ok,80.53,49.5,234,394,131.48,112.0,286,470,50.95,3->79,14/44/36/54,0,,,,
repro,repo,lunch,4,100,4,10,nearest,forecast,80,148,579,0.206,ok,80.17,42.0,224,256,131.12,107.5,288,309,50.95,24->1,38/7/43/60,0,0,66,,
repro,repo,lunch,4,100,4,10,nearest,request,none,148,2455,0.006,ok,775.72,680.0,1925,2113,826.67,723.0,2023,2156,50.95,1->44,42/40/50/16,0,,,,
repro,repo,lunch,4,100,4,10,round-robin,direction,none,148,514,0.003,ok,101.6,92.0,187,361,152.55,152.5,269,376,50.95,18->33,37/37/37/37,0,,,,
repro,repo,lunch,4,100,4,10,round-robin,forecast,80,148,544,0.175,ok,99.33,96.0,183,224,150.28,147.0,251,309,50.95,1->86,37/37/37/37,0,0,58,,
repro,repo,lunch,4,100,4,10,round-robin,request,none,148,2474,0.007,ok,892.22,832.0,1864,2083,943.18,872.0,1926,2181,50.95,99->1,37/37/37/37,0,,,,
repro,repo,lunch,4,30,4,4,forecast,direction,none,159,325,0.049,ok,11.34,11,26,33,24.9,24,48,55,13.56,5->1,33/39/41/46,0,,,,
repro,repo,lunch,4,30,4,4,forecast,forecast,80,159,320,0.125,ok,10.8,10,26,33,24.36,24,49,61,13.56,29->1,41/46/34/38,0,0,18,,
repro,repo,lunch,4,30,4,4,forecast,request,none,159,351,0.047,ok,27.4,26,45,54,40.96,41,65,75,13.56,22->13,38/44/39/38,0,,,,
repro,repo,lunch,4,30,4,4,nearest,direction,none,159,360,0.002,ok,21.6,12,67,156,35.16,27,85,168,13.56,13->1,40/44/41/34,0,,,,
repro,repo,lunch,4,30,4,4,nearest,forecast,80,159,357,0.037,ok,20.99,15,60,93,34.55,30,80,108,13.56,16->1,53/34/39/33,0,0,44,,
repro,repo,lunch,4,30,4,4,nearest,request,none,159,834,0.003,ok,177.8,131,457,525,191.36,139,470,538,13.56,1->10,38/38/49/34,0,,,,
repro,repo,lunch,4,30,4,4,round-robin,direction,none,159,364,0.002,ok,27.45,25,52,94,41.01,42,73,104,13.56,11->1,40/40/40/39,0,,,,
repro,repo,lunch,4,30,4,4,round-robin,forecast,80,159,354,0.04,ok,28.55,28,54,82,42.11,42,76,110,13.56,29->1,40/40/40/39,0,0,54,,
repro,repo,lunch,4,30,4,4,round-robin,request,none,159,740,0.002,ok,208.22,206,397,434,221.78,214,409,446,13.56,13->1,40/40/40/39,0,,,,
repro,repo,sparse,0,100,4,10,forecast,direction,none,20,363,0.004,ok,23.6,22.0,56,71,53.5,47.5,96,99,29.9,72->51,8/7/2/3,0,,,,
repro,repo,sparse,0,100,4,10,forecast,forecast,80,20,363,0.011,ok,24.05,21.5,47,71,53.95,47.5,99,102,29.9,72->51,7/5/2/6,0,0,6,,
repro,repo,sparse,0,100,4,10,forecast,request,none,20,363,0.003,ok,22.95,22.0,47,61,52.85,46.0,96,99,29.9,72->51,6/3/5/6,0,,,,
repro,repo,sparse,0,100,4,10,nearest,direction,none,20,386,0.001,ok,37.45,31.5,93,142,67.35,60.0,117,144,29.9,37->35,11/6/3/0,0,,,,
repro,repo,sparse,0,100,4,10,nearest,forecast,80,20,396,0.003,ok,60.2,52.0,173,177,90.1,78.5,194,224,29.9,11->58,8/8/4/0,0,0,78,,
repro,repo,sparse,0,100,4,10,nearest,request,none,20,664,0.001,ok,143.2,90.5,375,376,173.1,123.0,405,407,29.9,77->46,10/4/5/1,0,,,,
repro,repo,sparse,0,100,4,10,round-robin,direction,none,20,371,0.001,ok,68.2,44.0,130,154,98.1,89.5,150,163,29.9,97->88,5/5/5/5,0,,,,
repro,repo,sparse,0,100,4,10,round-robin,forecast,80,20,358,0.002,ok,47.8,35.5,108,145,77.7,77.0,144,192,29.9,11->58,5/5/5/5,0,0,48,,
repro,repo,sparse,0,100,4,10,round-robin,request,none,20,402,0.001,ok,73.4,69.0,130,154,103.3,100.0,161,163,29.9,97->88,5/5/5/5,0,,,,
repro,repo,sparse,0,30,4,4,forecast,direction,none,27,300,0.004,ok,5.33,3,18,24,14.56,14,32,34,9.22,25->17,10/6/7/4,0,,,,
repro,repo,sparse,0,30,4,4,forecast,forecast,80,27,300,0.013,ok,5.33,3,18,24,14.56,14,32,34,9.22,25->17,10/6/7/4,0,0,0,,
repro,repo,sparse,0,30,4,4,forecast,request,none,27,300,0.003,ok,5.33,3,18,24,14.56,14,32,34,9.22,25->17,10/6/7/4,0,,,,
repro,repo,sparse,0,30,4,4,nearest,direction,none,27,300,0.001,ok,5.33,3,18,24,14.56,14,32,34,9.22,25->17,10/6/7/4,0,,,,
repro,repo,sparse,0,30,4,4,nearest,forecast,80,27,300,0.001,ok,5.33,3,18,24,14.56,14,32,34,9.22,25->17,10/6/7/4,0,0,0,,
repro,repo,sparse,0,30,4,4,nearest,request,none,27,300,0.001,ok,5.33,3,18,24,14.56,14,32,34,9.22,25->17,10/6/7/4,0,,,,
repro,repo,sparse,0,30,4,4,round-robin,direction,none,27,294,0.001,ok,9.59,9,24,26,18.81,16,34,45,9.22,2->21,7/7/7/6,0,,,,
repro,repo,sparse,0,30,4,4,round-robin,forecast,80,27,294,0.001,ok,9.59,9,24,26,18.81,16,34,45,9.22,2->21,7/7/7/6,0,0,0,,
repro,repo,sparse,0,30,4,4,round-robin,request,none,27,294,0.001,ok,9.59,9,24,26,18.81,16,34,45,9.22,2->21,7/7/7/6,0,,,,
repro,repo,sparse,1,100,4,10,forecast,direction,none,23,376,0.005,ok,41.26,40,98,114,77.52,70,130,179,36.26,56->66,8/5/6/4,0,,,,
repro,repo,sparse,1,100,4,10,forecast,forecast,80,23,357,0.011,ok,33.57,35,77,98,69.83,66,111,179,36.26,87->6,7/3/7/6,0,0,12,,
repro,repo,sparse,1,100,4,10,forecast,request,none,23,380,0.01,ok,55.87,54,86,90,92.13,90,133,167,36.26,97->65,6/6/6/5,0,,,,
repro,repo,sparse,1,100,4,10,nearest,direction,none,23,453,0.001,ok,49.57,35,130,150,85.83,81,158,169,36.26,95->76,6/12/5/0,0,,,,
repro,repo,sparse,1,100,4,10,nearest,forecast,80,23,422,0.003,ok,42,35,117,125,78.26,69,145,206,36.26,87->6,7/8/4/4,0,0,26,,
repro,repo,sparse,1,100,4,10,nearest,request,none,23,514,0.001,ok,117.61,116,259,295,153.87,164,269,327,36.26,97->65,6/8/6/3,0,,,,
repro,repo,sparse,1,100,4,10,round-robin,direction,none,23,440,0.001,ok,76.09,86,129,150,112.35,102,182,185,36.26,97->65,6/6/6/5,0,,,,
repro,repo,sparse,1,100,4,10,round-robin,forecast,80,23,428,0.002,ok,72.43,58,150,159,108.7,109,182,195,36.26,100->93,6/6/6/5,0,0,60,,
repro,repo,sparse,1,100,4,10,round-robin,request,none,23,504,0.001,ok,96.87,96,151,199,133.13,133,182,233,36.26,28->62,6/6/6/5,0,,,,
repro,repo,sparse,1,30,4,4,forecast,direction,none,26,319,0.009,ok,8.27,7.0,19,29,19.46,17.0,39,41,11.19,30->23,6/5/7/8,0,,,,
repro,repo,sparse,1,30,4,4,forecast,forecast,80,26,319,0.007,ok,8.27,7.0,19,29,19.46,17.0,39,41,11.19,30->23,6/5/7/8,0,0,0,,
repro,repo,sparse,1,30,4,4,forecast,request,none,26,314,0.003,ok,8.35,7.0,19,29,19.54,17.5,39,41,11.19,30->23,6/6/8/6,0,,,,
repro,repo,sparse,1,30,4,4,nearest,direction,none,26,314,0.001,ok,9.31,7.5,26,29,20.5,17.5,44,46,11.19,30->23,6/7/6/7,0,,,,
repro,repo,sparse,1,30,4,4,nearest,forecast,80,26,314,0.002,ok,9.31,7.5,26,29,20.5,17.5,44,46,11.19,30->23,6/7/6/7,0,0,0,,
repro,repo,sparse,1,30,4,4,nearest,request,none,26,313,0.001,ok,9.85,7.5,28,29,21.04,19.0,44,46,11.19,30->23,6/6/6/8,0,,,,
repro,repo,sparse,1,30,4,4,round-robin,direction,none,26,311,0.001,ok,12.12,10.5,26,29,23.31,19.5,44,49,11.19,30->23,7/7/6/6,0,,,,
repro,repo,sparse,1,30,4,4,round-robin,forecast,80,26,311,0.001,ok,12.12,10.5,26,29,23.31,19.5,44,49,11.19,30->23,7/7/6/6,0,0,0,,
repro,repo,sparse,1,30,4,4,round-robin,request,none,26,311,0.001,ok,12.12,10.5,26,29,23.31,19.5,44,49,11.19,30->23,7/7/6/6,0,,,,
repro,repo,sparse,2,100,4,10,forecast,direction,none,18,332,0.003,ok,24.94,23.5,58,58,49.72,44.5,98,98,24.78,98->84,9/4/3/2,0,,,,
repro,repo,sparse,2,100,4,10,forecast,forecast,80,18,418,0.006,ok,29.33,24.5,91,91,54.11,49.0,132,132,24.78,10->51,9/3/3/3,0,0,12,,
repro,repo,sparse,2,100,4,10,forecast,request,none,18,353,0.003,ok,25.83,24.5,58,58,50.61,46.0,98,98,24.78,98->84,9/4/3/2,0,,,,
repro,repo,sparse,2,100,4,10,nearest,direction,none,18,370,0.001,ok,32.89,25.5,125,125,57.67,53.0,132,132,24.78,22->15,10/2/3/3,0,,,,
repro,repo,sparse,2,100,4,10,nearest,forecast,80,18,423,0.002,ok,29.06,24.5,96,96,53.83,49.0,137,137,24.78,10->51,9/3/4/2,0,0,12,,
repro,repo,sparse,2,100,4,10,nearest,request,none,18,423,0.002,ok,30.28,26.0,96,96,55.06,46.0,137,137,24.78,10->51,10/2/4/2,0,,,,
repro,repo,sparse,2,100,4,10,round-robin,direction,none,18,406,0.001,ok,54.94,47.5,134,134,79.72,66.5,161,161,24.78,65->47,5/5/4/4,0,,,,
repro,repo,sparse,2,100,4,10,round-robin,forecast,80,18,391,0.002,ok,48.83,44.5,107,107,73.61,66.5,152,152,24.78,54->99,5/5/4/4,0,0,2,,
repro,repo,sparse,2,100,4,10,round-robin,request,none,18,519,0.001,ok,58.39,50.0,192,192,83.17,72.0,233,233,24.78,10->51,5/5/4/4,0,,,,
repro,repo,sparse,2,30,4,4,forecast,direction,none,41,309,0.006,ok,5.9,4,17,30,15.49,14,27,43,9.59,27->26,13/14/5/9,0,,,,
repro,repo,sparse,2,30,4,4,forecast,forecast,80,41,310,0.016,ok,5.85,3,17,26,15.44,14,27,45,9.59,27->26,14/13/6/8,0,0,6,,
repro,repo,sparse,2,30,4,4,forecast,request,none,41,309,0.005,ok,6.22,4,17,26,15.8,14,27,43,9.59,27->26,7/19/10/5,0,,,,
repro,repo,sparse,2,30,4,4,nearest,direction,none,41,309,0.001,ok,6.63,4,21,30,16.22,16,29,43,9.59,27->26,15/11/9/6,0,,,,
repro,repo,sparse,2,30,4,4,nearest,forecast,80,41,310,0.002,ok,6.02,4,18,26,15.61,15,27,45,9.59,27->26,14/10/8/9,0,0,6,,
repro,repo,sparse,2,30,4,4,nearest,request,none,41,309,0.001,ok,12.54,7,53,58,22.12,19,60,79,9.59,12->18,10/14/7/10,0,,,,
repro,repo,sparse,2,30,4,4,round-robin,direction,none,41,316,0.001,ok,12.29,10,34,38,21.88,20,44,51,9.59,13->26,11/10/10/10,0,,,,
repro,repo,sparse,2,30,4,4,round-robin,forecast,80,41,316,0.002,ok,10.2,9,26,40,19.78,18,36,62,9.59,23->1,11/10/10/10,0,0,18,,
repro,repo,sparse,2,30,4,4,round-robin,request,none,41,316,0.001,ok,12.29,10,34,38,21.88,20,44,51,9.59,13->26,11/10/10/10,0,,,,
repro,repo,sparse,3,100,4,10,forecast,direction,none,19,334,0.004,ok,32.89,33,85,85,65.21,58,109,109,32.32,93->86,7/7/4/1,0,,,,
repro,repo,sparse,3,100,4,10,forecast,forecast,80,19,334,0.007,ok,32.89,33,85,85,65.21,58,109,109,32.32,93->86,7/7/4/1,0,0,0,,
repro,repo,sparse,3,100,4,10,forecast,request,none,19,380,0.003,ok,42.26,35,85,85,74.58,70,168,168,32.32,93->86,5/5/4/5,0,,,,
repro,repo,sparse,3,100,4,10,nearest,direction,none,19,365,0.001,ok,35,20,108,108,67.32,64,168,168,32.32,46->48,5/6/6/2,0,,,,
repro,repo,sparse,3,100,4,10,nearest,forecast,80,19,365,0.002,ok,39.74,32,143,143,72.05,70,194,194,32.32,59->8,9/4/4/2,0,0,62,,
repro,repo,sparse,3,100,4,10,nearest,request,none,19,607,0.001,ok,105.21,76,337,337,137.53,132,344,344,32.32,2->9,10/3/5/1,0,,,,
repro,repo,sparse,3,100,4,10,round-robin,direction,none,19,410,0.001,ok,56.11,40,145,145,88.42,70,209,209,32.32,83->19,5/5/5/4,0,,,,
repro,repo,sparse,3,100,4,10,round-robin,forecast,80,19,410,0.002,ok,56.11,40,145,145,88.42,70,209,209,32.32,83->19,5/5/5/4,0,0,44,,
repro,repo,sparse,3,100,4,10,round-robin,request,none,19,457,0.001,ok,72.32,58,187,187,104.63,108,236,236,32.32,2->9,5/5/5/4,0,,,,
repro,repo,sparse,3,30,4,4,forecast,direction,none,28,310,0.004,ok,7.18,5.0,22,32,17.96,15.5,40,43,10.79,25->17,7/9/10/2,0,,,,
repro,repo,sparse,3,30,4,4,forecast,forecast,80,28,308,0.008,ok,6.89,5.0,22,32,17.68,14.5,40,43,10.79,25->17,7/8/11/2,0,0,8,,
repro,repo,sparse,3,30,4,4,forecast,request,none,28,310,0.003,ok,7.39,5.0,24,27,18.18,15.5,39,48,10.79,28->7,8/6/4/10,0,,,,
repro,repo,sparse,3,30,4,4,nearest,direction,none,28,313,0.001,ok,6.61,5.0,23,32,17.39,14.5,43,43,10.79,25->17,6/9/11/2,0,,,,
repro,repo,sparse,3,30,4,4,nearest,forecast,80,28,313,0.001,ok,6.61,5.0,23,32,17.39,14.5,43,43,10.79,25->17,6/9/11/2,0,0,12,,
repro,repo,sparse,3,30,4,4,nearest,request,none,28,327,0.001,ok,12.68,5.0,70,71,23.46,15.5,73,90,10.79,29->10,8/6/10/4,0,,,,
repro,repo,sparse,3,30,4,4,round-robin,direction,none,28,311,0.001,ok,10.04,7.0,27,28,20.82,14.0,47,48,10.79,29->10,7/7/7/7,0,,,,
repro,repo,sparse,3,30,4,4,round-robin,forecast,80,28,311,0.001,ok,10.04,7.0,27,28,20.82,14.0,47,48,10.79,29->10,7/7/7/7,0,0,0,,
repro,repo,sparse,3,30,4,4,round-robin,request,none,28,311,0.001,ok,10.04,7.0,27,28,20.82,14.0,47,48,10.79,29->10,7/7/7/7,0,,,,
repro,repo,sparse,4,100,4,10,forecast,direction,none,25,374,0.004,ok,23.52,13,82,89,53.2,40,106,113,29.68,90->91,7/4/8/6,0,,,,
repro,repo,sparse,4,100,4,10,forecast,forecast,80,25,374,0.009,ok,23.52,13,82,89,53.2,40,106,113,29.68,90->91,7/4/8/6,0,0,12,,
repro,repo,sparse,4,100,4,10,forecast,request,none,25,384,0.004,ok,35.88,37,76,89,65.56,65,108,162,29.68,90->91,8/4/6/7,0,,,,
repro,repo,sparse,4,100,4,10,nearest,direction,none,25,374,0.001,ok,23.52,13,82,89,53.2,40,106,113,29.68,90->91,7/4/8/6,0,,,,
repro,repo,sparse,4,100,4,10,nearest,forecast,80,25,374,0.002,ok,23.52,13,82,89,53.2,40,106,113,29.68,90->91,7/4/8/6,0,0,12,,
repro,repo,sparse,4,100,4,10,nearest,request,none,25,467,0.001,ok,65.24,26,202,241,94.92,80,229,327,29.68,6->92,8/5/6/6,0,,,,
repro,repo,sparse,4,100,4,10,round-robin,direction,none,25,483,0.002,ok,80.52,89,157,162,110.2,110,188,206,29.68,24->68,7/6/6/6,0,,,,
repro,repo,sparse,4,100,4,10,round-robin,forecast,80,25,385,0.002,ok,50.84,45,101,151,80.52,73,169,187,29.68,94->76,7/6/6/6,0,0,58,,
repro,repo,sparse,4,100,4,10,round-robin,request,none,25,519,0.001,ok,112.2,109,163,188,141.88,138,208,224,29.68,46->26,7/6/6/6,0,,,,
repro,repo,sparse,4,30,4,4,forecast,direction,none,29,320,0.004,ok,5.52,4,15,27,15.48,14,37,52,9.97,28->3,11/7/5/6,0,,,,
repro,repo,sparse,4,30,4,4,forecast,forecast,80,29,320,0.014,ok,5.52,4,15,27,15.48,14,37,52,9.97,28->3,11/7/5/6,0,0,0,,
repro,repo,sparse,4,30,4,4,forecast,request,none,29,320,0.003,ok,5.52,4,15,27,15.48,14,37,52,9.97,28->3,11/7/5/6,0,,,,
repro,repo,sparse,4,30,4,4,nearest,direction,none,29,321,0.001,ok,5.9,4,15,27,15.86,15,37,52,9.97,28->3,13/7/5/4,0,,,,
repro,repo,sparse,4,30,4,4,nearest,forecast,80,29,321,0.001,ok,5.83,4,15,27,15.79,15,37,52,9.97,28->3,13/7/5/4,0,0,10,,
repro,repo,sparse,4,30,4,4,nearest,request,none,29,321,0.001,ok,5.9,4,15,27,15.86,15,37,52,9.97,28->3,13/7/5/4,0,,,,
repro,repo,sparse,4,30,4,4,round-robin,direction,none,29,322,0.001,ok,14.79,12,36,37,24.76,25,47,52,9.97,28->18,8/7/7/7,0,,,,
repro,repo,sparse,4,30,4,4,round-robin,forecast,80,29,322,0.001,ok,14.79,12,36,37,24.76,25,47,52,9.97,28->18,8/7/7/7,0,0,0,,
repro,repo,sparse,4,30,4,4,round-robin,request,none,29,322,0.001,ok,14.79,12,36,37,24.76,25,47,52,9.97,28->18,8/7/7/7,0,,,,
repro,repo,stream_long,0,100,4,10,forecast,direction,none,300,311,0.05,ok,3.41,2.0,9,98,6.63,5.0,13,196,3.22,99->1,24/90/92/94,0,,,,
repro,repo,stream_long,0,100,4,10,forecast,forecast,80,300,311,0.174,ok,3.31,2.0,9,98,6.52,5.0,14,196,3.22,99->1,24/100/82/94,0,0,8,,
repro,repo,stream_long,0,100,4,10,forecast,request,none,300,311,0.063,ok,5.62,5.0,13,98,8.84,7.0,17,196,3.22,99->1,23/100/82/95,0,,,,
repro,repo,stream_long,0,100,4,10,nearest,direction,none,300,307,0.002,ok,4.51,4.0,11,98,7.73,6.0,16,196,3.22,99->1,30/96/81/93,0,,,,
repro,repo,stream_long,0,100,4,10,nearest,forecast,80,300,318,0.028,ok,4.27,3.0,13,98,7.48,6.0,17,196,3.22,99->1,25/110/95/70,0,0,6,,
repro,repo,stream_long,0,100,4,10,nearest,request,none,300,458,0.002,ok,78.67,81.0,140,197,81.88,82.0,146,200,3.22,4->7,31/94/84/91,0,,,,
repro,repo,stream_long,0,100,4,10,round-robin,direction,none,300,311,0.002,ok,23.74,7.0,144,197,26.95,10.0,150,201,3.22,6->10,75/75/75/75,0,,,,
repro,repo,stream_long,0,100,4,10,round-robin,forecast,80,300,321,0.261,ok,22.12,6.0,142,195,25.34,10.0,144,272,3.22,4->10,75/75/75/75,0,0,76,,
repro,repo,stream_long,0,100,4,10,round-robin,request,none,300,542,0.002,ok,92.51,63.0,237,249,95.73,66.0,240,253,3.22,3->7,75/75/75/75,0,,,,
repro,repo,stream_long,0,30,4,4,forecast,direction,none,300,303,0.047,ok,1.03,1.0,2,28,2.41,2.0,4,56,1.38,29->1,115/109/55/21,0,,,,
repro,repo,stream_long,0,30,4,4,forecast,forecast,80,300,303,0.087,ok,1.03,1.0,2,28,2.41,2.0,4,56,1.38,29->1,115/109/55/21,0,0,0,,
repro,repo,stream_long,0,30,4,4,forecast,request,none,300,303,0.05,ok,1.03,1.0,2,28,2.41,2.0,4,56,1.38,29->1,115/109/55/21,0,,,,
repro,repo,stream_long,0,30,4,4,nearest,direction,none,300,303,0.001,ok,1.14,1.0,3,28,2.52,2.0,4,56,1.38,29->1,122/111/52/15,0,,,,
repro,repo,stream_long,0,30,4,4,nearest,forecast,80,300,303,0.011,ok,1.09,1.0,3,28,2.47,2.0,4,56,1.38,29->1,113/119/54/14,0,0,0,,
repro,repo,stream_long,0,30,4,4,nearest,request,none,300,303,0.001,ok,1.19,1.0,3,28,2.57,2.0,5,56,1.38,29->1,106/118/65/11,0,,,,
repro,repo,stream_long,0,30,4,4,round-robin,direction,none,300,302,0.001,ok,2.66,1.0,10,50,4.04,2.5,11,56,1.38,2->3,75/75/75/75,0,,,,
repro,repo,stream_long,0,30,4,4,round-robin,forecast,80,300,302,0.014,ok,3.01,1.0,6,106,4.39,2.0,7,134,1.38,29->1,75/75/75/75,0,0,78,,
repro,repo,stream_long,0,30,4,4,round-robin,request,none,300,302,0.001,ok,2.97,1.0,18,50,4.35,2.0,19,56,1.38,2->3,75/75/75/75,0,,,,
repro,repo,stream_long,1,100,4,10,forecast,direction,none,332,312,0.073,ok,3.65,3.0,10,98,6.97,5.0,15,196,3.32,99->1,37/104/100/91,0,,,,
repro,repo,stream_long,1,100,4,10,forecast,forecast,80,332,309,0.199,ok,3.59,2.0,9,98,6.91,6.0,15,196,3.32,99->1,38/102/100/92,0,0,8,,
repro,repo,stream_long,1,100,4,10,forecast,request,none,332,313,0.063,ok,7.02,7.0,15,98,10.33,10.0,19,196,3.32,99->1,34/92/106/100,0,,,,
repro,repo,stream_long,1,100,4,10,nearest,direction,none,332,307,0.002,ok,4.9,3.0,13,98,8.22,7.0,17,196,3.32,99->1,42/100/113/77,0,,,,
repro,repo,stream_long,1,100,4,10,nearest,forecast,80,332,315,0.036,ok,4.72,3.0,14,98,8.04,6.0,19,196,3.32,99->1,42/102/96/92,0,0,8,,
repro,repo,stream_long,1,100,4,10,nearest,request,none,332,463,0.002,ok,82.95,84.0,150,214,86.27,87.0,154,216,3.32,5->7,51/92/88/101,0,,,,
repro,repo,stream_long,1,100,4,10,round-robin,direction,none,332,319,0.002,ok,23.41,8.0,140,201,26.72,11.0,144,205,3.32,4->8,83/83/83/83,0,,,,
repro,repo,stream_long,1,100,4,10,round-robin,forecast,80,332,323,0.322,ok,21.58,7.0,134,189,24.9,10.0,136,276,3.32,6->8,83/83/83/83,0,0,80,,
repro,repo,stream_long,1,100,4,10,round-robin,request,none,332,658,0.002,ok,111.11,73.5,293,358,114.42,76.0,295,360,3.32,1->3,83/83/83/83,0,,,,
repro,repo,stream_long,1,30,4,4,forecast,direction,none,308,300,0.042,ok,0.94,1.0,2,28,2.22,2.0,4,56,1.28,29->1,127/97/55/29,0,,,,
repro,repo,stream_long,1,30,4,4,forecast,forecast,80,308,300,0.094,ok,0.94,1.0,2,28,2.22,2.0,4,56,1.28,29->1,128/96/55/29,0,0,0,,
repro,repo,stream_long,1,30,4,4,forecast,request,none,308,300,0.029,ok,0.94,1.0,2,28,2.22,2.0,4,56,1.28,29->1,128/96/55/29,0,,,,
repro,repo,stream_long,1,30,4,4,nearest,direction,none,308,300,0.001,ok,1.08,1.0,3,28,2.37,2.0,4,56,1.28,29->1,133/115/46/14,0,,,,
repro,repo,stream_long,1,30,4,4,nearest,forecast,80,308,301,0.017,ok,1.02,1.0,3,28,2.31,2.0,4,56,1.28,29->1,129/117/48/14,0,0,0,,
repro,repo,stream_long,1,30,4,4,nearest,request,none,308,301,0.001,ok,1.12,1.0,3,28,2.4,2.0,5,56,1.28,29->1,127/117/50/14,0,,,,
repro,repo,stream_long,1,30,4,4,round-robin,direction,none,308,301,0.001,ok,2.66,1.0,7,49,3.94,2.0,8,56,1.28,1->2,77/77/77/77,0,,,,
repro,repo,stream_long,1,30,4,4,round-robin,forecast,80,308,301,0.013,ok,2.69,1.0,5,102,3.97,2.0,6,130,1.28,29->1,77/77/77/77,0,0,74,,
repro,repo,stream_long,1,30,4,4,round-robin,request,none,308,301,0.001,ok,2.84,1.0,11,49,4.12,2.0,12,56,1.28,1->2,77/77/77/77,0,,,,
repro,repo,stream_long,2,100,4,10,forecast,direction,none,300,305,0.06,ok,3.43,2.0,9,98,6.97,6.0,14,196,3.54,99->1,40/95/78/87,0,,,,
repro,repo,stream_long,2,100,4,10,forecast,forecast,80,300,304,0.184,ok,3.72,2.0,10,98,7.26,6.0,16,196,3.54,99->1,30/98/77/95,0,0,8,,
repro,repo,stream_long,2,100,4,10,forecast,request,none,300,304,0.061,ok,7.92,6.0,21,98,11.46,9.0,25,196,3.54,99->1,33/101/81/85,0,,,,
repro,repo,stream_long,2,100,4,10,nearest,direction,none,300,306,0.002,ok,4.45,3.0,13,98,7.99,7.0,16,196,3.54,99->1,34/90/82/94,0,,,,
repro,repo,stream_long,2,100,4,10,nearest,forecast,80,300,303,0.028,ok,4.23,3.0,12,98,7.77,6.0,18,196,3.54,99->1,35/97/95/73,0,0,12,,
repro,repo,stream_long,2,100,4,10,nearest,request,none,300,466,0.002,ok,74.29,67.0,148,198,77.83,69.0,151,200,3.54,8->10,19/104/94/83,0,,,,
repro,repo,stream_long,2,100,4,10,round-robin,direction,none,300,311,0.003,ok,22.7,8.0,135,194,26.24,11.0,139,203,3.54,1->10,75/75/75/75,0,,,,
repro,repo,stream_long,2,100,4,10,round-robin,forecast,80,300,323,0.286,ok,23.14,7.0,137,194,26.68,11.0,138,276,3.54,5->7,75/75/75/75,0,0,80,,
repro,repo,stream_long,2,100,4,10,round-robin,request,none,300,598,0.003,ok,98.65,70.0,268,298,102.19,72.0,271,306,3.54,2->10,75/75/75/75,0,,,,
repro,repo,stream_long,2,30,4,4,forecast,direction,none,307,301,0.041,ok,1.0,1,2,28,2.35,2,4,56,1.34,29->1,121/96/69/21,0,,,,
repro,repo,stream_long,2,30,4,4,forecast,forecast,80,307,301,0.092,ok,1.0,1,2,28,2.35,2,4,56,1.34,29->1,121/96/69/21,0,0,0,,
repro,repo,stream_long,2,30,4,4,forecast,request,none,307,301,0.03,ok,1.0,1,2,28,2.35,2,4,56,1.34,29->1,121/96/69/21,0,,,,
repro,repo,stream_long,2,30,4,4,nearest,direction,none,307,301,0.001,ok,1.1,1,3,28,2.45,2,4,56,1.34,29->1,131/106/52/18,0,,,,
repro,repo,stream_long,2,30,4,4,nearest,forecast,80,307,303,0.017,ok,1.05,1,2,28,2.39,2,4,56,1.34,29->1,126/102/56/23,0,0,0,,
repro,repo,stream_long,2,30,4,4,nearest,request,none,307,303,0.001,ok,1.11,1,3,28,2.45,2,5,56,1.34,29->1,124/103/57/23,0,,,,
repro,repo,stream_long,2,30,4,4,round-robin,direction,none,307,303,0.001,ok,2.32,1,3,53,3.66,2,5,56,1.34,2->3,77/77/77/76,0,,,,
repro,repo,stream_long,2,30,4,4,round-robin,forecast,80,307,303,0.012,ok,2.58,1,4,100,3.92,2,6,128,1.34,29->1,77/77/77/76,0,0,72,,
repro,repo,stream_long,2,30,4,4,round-robin,request,none,307,303,0.001,ok,2.46,1,3,53,3.8,2,5,56,1.34,2->3,77/77/77/76,0,,,,
repro,repo,stream_long,3,100,4,10,forecast,direction,none,304,304,0.053,ok,3.42,2.0,9,98,6.79,5.0,14,196,3.37,99->1,43/82/94/85,0,,,,
repro,repo,stream_long,3,100,4,10,forecast,forecast,80,304,304,0.153,ok,3.42,2.0,9,98,6.79,5.0,14,196,3.37,99->1,44/89/85/86,0,0,8,,
repro,repo,stream_long,3,100,4,10,forecast,request,none,304,304,0.056,ok,5.03,4.0,12,98,8.4,7.0,17,196,3.37,99->1,35/92/84/93,0,,,,
repro,repo,stream_long,3,100,4,10,nearest,direction,none,304,308,0.002,ok,4.48,3.0,13,98,7.85,7.0,16,196,3.37,99->1,35/102/86/81,0,,,,
repro,repo,stream_long,3,100,4,10,nearest,forecast,80,304,313,0.029,ok,4.13,3.0,11,98,7.5,6.0,17,196,3.37,99->1,41/104/84/75,0,0,14,,
repro,repo,stream_long,3,100,4,10,nearest,request,none,304,450,0.002,ok,64.03,62.0,138,208,67.39,65.5,142,209,3.37,8->9,33/86/96/89,0,,,,
repro,repo,stream_long,3,100,4,10,round-robin,direction,none,304,310,0.003,ok,22.86,8.0,138,204,26.22,11.0,148,208,3.37,5->9,76/76/76/76,0,,,,
repro,repo,stream_long,3,100,4,10,round-robin,forecast,80,304,313,0.266,ok,20.77,6.0,122,191,24.14,10.0,129,274,3.37,3->8,76/76/76/76,0,0,78,,
repro,repo,stream_long,3,100,4,10,round-robin,request,none,304,554,0.002,ok,97.26,65.0,248,261,100.62,68.0,251,265,3.37,3->5,76/76/76/76,0,,,,
repro,repo,stream_long,3,30,4,4,forecast,direction,none,285,302,0.032,ok,0.99,1,2,28,2.36,2,4,56,1.37,29->1,108/103/54/20,0,,,,
repro,repo,stream_long,3,30,4,4,forecast,forecast,80,285,302,0.08,ok,0.99,1,2,28,2.36,2,4,56,1.37,29->1,108/103/54/20,0,0,0,,
repro,repo,stream_long,3,30,4,4,forecast,request,none,285,302,0.038,ok,0.99,1,2,28,2.36,2,4,56,1.37,29->1,108/103/54/20,0,,,,
repro,repo,stream_long,3,30,4,4,nearest,direction,none,285,301,0.001,ok,1.15,1,3,28,2.52,2,4,56,1.37,29->1,128/99/43/15,0,,,,
repro,repo,stream_long,3,30,4,4,nearest,forecast,80,285,303,0.011,ok,1.09,1,3,28,2.46,2,4,56,1.37,29->1,120/106/41/18,0,0,0,,
repro,repo,stream_long,3,30,4,4,nearest,request,none,285,303,0.001,ok,1.11,1,3,28,2.47,2,4,56,1.37,29->1,120/106/41/18,0,,,,
repro,repo,stream_long,3,30,4,4,round-robin,direction,none,285,302,0.001,ok,2.68,1,10,51,4.05,2,11,56,1.37,1->2,72/71/71/71,0,,,,
repro,repo,stream_long,3,30,4,4,round-robin,forecast,80,285,302,0.013,ok,2.72,1,5,100,4.08,2,6,128,1.37,29->1,72/71/71/71,0,0,72,,
repro,repo,stream_long,3,30,4,4,round-robin,request,none,285,302,0.001,ok,2.98,1,16,51,4.35,2,17,56,1.37,1->2,72/71/71/71,0,,,,
repro,repo,stream_long,4,100,4,10,forecast,direction,none,276,309,0.077,ok,3.57,2.0,9,98,6.95,6.0,14,196,3.38,99->1,43/78/67/88,0,,,,
repro,repo,stream_long,4,100,4,10,forecast,forecast,80,276,309,0.152,ok,3.82,3.0,9,98,7.19,6.0,16,196,3.38,99->1,38/94/70/74,0,0,10,,
repro,repo,stream_long,4,100,4,10,forecast,request,none,276,310,0.081,ok,5.92,5.0,14,98,9.3,8.0,18,196,3.38,99->1,34/93/67/82,0,,,,
repro,repo,stream_long,4,100,4,10,nearest,direction,none,276,310,0.002,ok,4.86,3.0,13,98,8.24,7.0,16,196,3.38,99->1,47/94/70/65,0,,,,
repro,repo,stream_long,4,100,4,10,nearest,forecast,80,276,315,0.026,ok,4.41,3.0,13,98,7.79,6.0,18,196,3.38,99->1,35/86/87/68,0,0,8,,
repro,repo,stream_long,4,100,4,10,nearest,request,none,276,381,0.002,ok,51.95,46.0,119,208,55.33,48.5,124,209,3.38,9->10,36/75/97/68,0,,,,
repro,repo,stream_long,4,100,4,10,round-robin,direction,none,276,309,0.002,ok,22.79,7.0,130,199,26.17,10.0,138,201,3.38,5->7,69/69/69/69,0,,,,
repro,repo,stream_long,4,100,4,10,round-robin,forecast,80,276,319,0.277,ok,24.4,6.0,151,194,27.78,9.0,153,264,3.38,1->10,69/69/69/69,0,0,68,,
repro,repo,stream_long,4,100,4,10,round-robin,request,none,276,529,0.002,ok,79.72,52.0,215,229,83.1,55.0,219,234,3.38,6->8,69/69/69/69,0,,,,
repro,repo,stream_long,4,30,4,4,forecast,direction,none,278,298,0.031,ok,1,1.0,2,28,2.32,2.0,4,56,1.32,29->1,124/104/34/16,0,,,,
repro,repo,stream_long,4,30,4,4,forecast,forecast,80,278,299,0.075,ok,1.04,1.0,2,28,2.36,2.0,4,56,1.32,29->1,124/101/34/19,0,0,0,,
repro,repo,stream_long,4,30,4,4,forecast,request,none,278,299,0.026,ok,1.04,1.0,2,28,2.36,2.0,4,56,1.32,29->1,124/101/34/19,0,,,,
repro,repo,stream_long,4,30,4,4,nearest,direction,none,278,298,0.001,ok,1.06,1.0,3,28,2.38,2.0,4,56,1.32,29->1,129/105/31/13,0,,,,
repro,repo,stream_long,4,30,4,4,nearest,forecast,80,278,299,0.013,ok,1.06,1.0,3,28,2.38,2.0,4,56,1.32,29->1,120/111/34/13,0,0,0,,
repro,repo,stream_long,4,30,4,4,nearest,request,none,278,299,0.001,ok,1.07,1.0,3,28,2.39,2.0,4,56,1.32,29->1,122/108/35/13,0,,,,
repro,repo,stream_long,4,30,4,4,round-robin,direction,none,278,299,0.002,ok,2.54,1.0,3,53,3.86,2.0,5,56,1.32,1->2,70/70/69/69,0,,,,
repro,repo,stream_long,4,30,4,4,round-robin,forecast,80,278,299,0.014,ok,3.12,1.0,8,106,4.44,2.0,10,134,1.32,29->1,70/70/69/69,0,0,78,,
repro,repo,stream_long,4,30,4,4,round-robin,request,none,278,299,0.002,ok,2.77,1.0,6,53,4.09,2.0,7,56,1.32,1->2,70/70/69/69,0,,,,
repro,repo,up_peak,0,100,4,10,forecast,direction,none,155,800,0.138,ok,194.28,190,389,420,247.79,258,449,515,53.51,1->96,48/40/34/33,0,,,,
repro,repo,up_peak,0,100,4,10,forecast,forecast,80,155,800,1.392,ok,194.28,190,389,420,247.79,258,449,515,53.51,1->96,48/40/34/33,0,0,30,,
repro,repo,up_peak,0,100,4,10,forecast,request,none,155,804,0.158,ok,206.28,188,412,424,259.79,253,472,519,53.51,1->96,36/42/35/42,0,,,,
repro,repo,up_peak,0,100,4,10,nearest,direction,none,155,1017,0.006,ok,263.54,222,611,778,317.05,289,688,864,53.51,1->78,50/35/34/36,0,,,,
repro,repo,up_peak,0,100,4,10,nearest,forecast,80,155,1107,0.739,ok,323.3,264,721,749,376.81,355,745,822,53.51,1->43,61/45/3/46,0,0,0,,
repro,repo,up_peak,0,100,4,10,nearest,request,none,155,1166,0.003,ok,436.15,434,918,930,489.66,505,955,999,53.51,1->50,46/53/3/53,0,,,,
repro,repo,up_peak,0,100,4,10,round-robin,direction,none,155,829,0.005,ok,212.63,209,406,498,266.14,262,483,576,53.51,2->80,39/39/39/38,0,,,,
repro,repo,up_peak,0,100,4,10,round-robin,forecast,80,155,797,0.24,ok,194.48,190,406,442,247.99,247,465,510,53.51,1->8,39/39/39/38,0,0,16,,
repro,repo,up_peak,0,100,4,10,round-robin,request,none,155,1276,0.003,ok,400.35,383,803,961,453.86,431,877,994,53.51,1->34,39/39/39/38,0,,,,
repro,repo,up_peak,0,30,4,4,forecast,direction,none,158,482,0.095,ok,78.3,84.0,167,173,93.54,96.0,173,199,15.25,1->23,36/41/45/36,0,,,,
repro,repo,up_peak,0,30,4,4,forecast,forecast,80,158,482,0.595,ok,75.8,81.5,144,172,91.04,94.5,165,192,15.25,1->10,33/41/43/41,0,0,56,,
repro,repo,up_peak,0,30,4,4,forecast,request,none,158,484,0.079,ok,84.27,95.5,155,177,99.51,108.5,176,195,15.25,1->19,39/42/43/34,0,,,,
repro,repo,up_peak,0,30,4,4,nearest,direction,none,158,606,0.003,ok,93.87,63.5,277,300,109.11,88.0,281,329,15.25,1->30,49/36/32/41,0,,,,
repro,repo,up_peak,0,30,4,4,nearest,forecast,80,158,662,0.239,ok,101.03,60.5,324,359,116.27,79.5,337,388,15.25,1->30,56/36/36/30,0,0,56,,
repro,repo,up_peak,0,30,4,4,nearest,request,none,158,754,0.002,ok,114.25,89.0,327,438,129.49,107.5,344,461,15.25,27->4,49/36/38/35,0,,,,
repro,repo,up_peak,0,30,4,4,round-robin,direction,none,158,510,0.003,ok,84.85,94.0,161,206,100.1,111.0,172,224,15.25,1->19,40/40/39/39,0,,,,
repro,repo,up_peak,0,30,4,4,round-robin,forecast,80,158,508,0.106,ok,83.63,88.5,163,204,98.87,104.5,174,222,15.25,1->19,40/40/39/39,0,0,58,,
repro,repo,up_peak,0,30,4,4,round-robin,request,none,158,547,0.002,ok,100.12,102.0,208,249,115.37,117.5,224,256,15.25,1->8,40/40/39/39,0,,,,
repro,repo,up_peak,1,100,4,10,forecast,direction,none,149,668,0.128,ok,163.43,186,318,326,207.99,211,377,399,44.56,1->68,44/40/33/32,0,,,,
repro,repo,up_peak,1,100,4,10,forecast,forecast,80,149,668,1.159,ok,163.43,186,318,326,207.99,211,377,399,44.56,1->68,44/40/33/32,0,0,6,,
repro,repo,up_peak,1,100,4,10,forecast,request,none,149,751,0.107,ok,204.17,214,385,447,248.73,258,437,461,44.56,1->11,40/38/34/37,0,,,,
repro,repo,up_peak,1,100,4,10,nearest,direction,none,149,1130,0.005,ok,299.91,226,697,866,344.47,287,778,944,44.56,1->60,63/23/7/56,0,,,,
repro,repo,up_peak,1,100,4,10,nearest,forecast,80,149,1130,0.717,ok,298.91,226,722,866,343.46,280,782,944,44.56,1->60,63/23/7/56,0,0,16,,
repro,repo,up_peak,1,100,4,10,nearest,request,none,149,1332,0.003,ok,366.25,363,864,977,410.81,399,917,1051,44.56,1->65,59/26/8/56,0,,,,
repro,repo,up_peak,1,100,4,10,round-robin,direction,none,149,845,0.004,ok,216.46,188,410,567,261.02,245,464,614,44.56,2->49,38/37/37/37,0,,,,
repro,repo,up_peak,1,100,4,10,round-robin,forecast,80,149,828,0.28,ok,215.15,203,423,529,259.7,245,470,560,44.56,1->32,38/37/37/37,0,0,48,,
repro,repo,up_peak,1,100,4,10,round-robin,request,none,149,1005,0.003,ok,277.42,281,569,671,321.97,320,626,763,44.56,1->93,38/37/37/37,0,,,,
repro,repo,up_peak,1,30,4,4,forecast,direction,none,141,406,0.064,ok,55.93,56,101,109,70.02,68,120,127,14.09,1->15,37/34/34/36,0,,,,
repro,repo,up_peak,1,30,4,4,forecast,forecast,80,141,406,0.295,ok,46.37,51,93,115,60.46,61,108,138,14.09,1->24,38/31/35/37,0,0,56,,
repro,repo,up_peak,1,30,4,4,forecast,request,none,141,405,0.069,ok,57.7,57,99,112,71.79,70,118,121,14.09,1->2,35/34/35/37,0,,,,
repro,repo,up_peak,1,30,4,4,nearest,direction,none,141,575,0.003,ok,106.21,94,265,282,120.3,102,280,292,14.09,1->2,51/47/15/28,0,,,,
repro,repo,up_peak,1,30,4,4,nearest,forecast,80,141,461,0.124,ok,72.96,61,182,197,87.06,77,188,218,14.09,1->14,45/41/36/19,0,0,56,,
repro,repo,up_peak,1,30,4,4,nearest,request,none,141,685,0.002,ok,128.49,106,356,408,142.58,126,370,421,14.09,1->6,55/30/33/23,0,,,,
repro,repo,up_peak,1,30,4,4,round-robin,direction,none,141,468,0.002,ok,70.62,70,136,186,84.71,85,148,196,14.09,6->10,36/35/35/35,0,,,,
repro,repo,up_peak,1,30,4,4,round-robin,forecast,80,141,471,0.069,ok,67.23,67,131,165,81.32,83,143,193,14.09,1->29,36/35/35/35,0,0,56,,
repro,repo,up_peak,1,30,4,4,round-robin,request,none,141,531,0.002,ok,101.48,102,191,231,115.57,117,209,249,14.09,1->19,36/35/35/35,0,,,,
repro,repo,up_peak,2,100,4,10,forecast,direction,none,133,654,0.128,ok,177.05,167,307,319,229.22,223,387,407,52.17,1->89,34/27/37/35,0,,,,
repro,repo,up_peak,2,100,4,10,forecast,forecast,80,133,662,0.752,ok,127.91,125,274,289,180.08,183,330,376,52.17,1->18,28/34/36/35,0,0,80,,
repro,repo,up_peak,2,100,4,10,forecast,request,none,133,648,0.092,ok,185.95,174,314,326,238.11,230,387,407,52.17,58->95,32/32/34/35,0,,,,
repro,repo,up_peak,2,100,4,10,nearest,direction,none,133,1200,0.005,ok,280.37,259,770,950,332.53,272,866,1024,52.17,1->25,33/63/13/24,0,,,,
repro,repo,up_peak,2,100,4,10,nearest,forecast,80,133,1182,0.64,ok,278.25,162,752,932,330.41,229,848,1006,52.17,1->25,34/63/12/24,0,0,34,,
repro,repo,up_peak,2,100,4,10,nearest,request,none,133,1815,0.004,ok,554.05,519,1427,1462,606.21,548,1479,1521,52.17,1->18,25/18/75/15,0,,,,
repro,repo,up_peak,2,100,4,10,round-robin,direction,none,133,764,0.004,ok,184.89,175,334,414,237.06,227,406,470,52.17,1->57,34/33/33/33,0,,,,
repro,repo,up_peak,2,100,4,10,round-robin,forecast,80,133,664,0.192,ok,183.98,173,329,361,236.14,225,402,444,52.17,1->42,34/33/33/33,0,0,40,,
repro,repo,up_peak,2,100,4,10,round-robin,request,none,133,1361,0.003,ok,367.18,334,856,1002,419.35,386,881,1072,52.17,1->71,34/33/33/33,0,,,,
repro,repo,up_peak,2,30,4,4,forecast,direction,none,155,470,0.087,ok,67.25,73,125,159,81.86,87,148,181,14.61,1->2,41/39/37/38,0,,,,
repro,repo,up_peak,2,30,4,4,forecast,forecast,80,155,446,0.493,ok,63.46,76,118,148,78.07,84,138,177,14.61,1->30,36/41/37/41,0,0,54,,
repro,repo,up_peak,2,30,4,4,forecast,request,none,155,476,0.075,ok,77.43,82,140,165,92.05,95,160,187,14.61,1->2,37/44/37/37,0,,,,
repro,repo,up_peak,2,30,4,4,nearest,direction,none,155,577,0.003,ok,83.57,70,219,350,98.19,83,236,373,14.61,2->25,52/39/30/34,0,,,,
repro,repo,up_peak,2,30,4,4,nearest,forecast,80,155,555,0.146,ok,83.9,70,218,268,98.51,80,231,280,14.61,1->13,48/39/24/44,0,0,66,,
repro,repo,up_peak,2,30,4,4,nearest,request,none,155,627,0.002,ok,107.76,109,264,321,122.37,122,276,340,14.61,1->17,40/39/25/51,0,,,,
repro,repo,up_peak,2,30,4,4,round-robin,direction,none,155,483,0.002,ok,77.25,84,147,184,91.86,95,163,202,14.61,1->12,39/39/39/38,0,,,,
repro,repo,up_peak,2,30,4,4,round-robin,forecast,80,155,487,0.092,ok,71.15,73,153,190,85.76,88,164,202,14.61,1->12,39/39/39/38,0,0,54,,
repro,repo,up_peak,2,30,4,4,round-robin,request,none,155,571,0.002,ok,114.04,122,207,268,128.65,135,229,273,14.61,1->6,39/39/39/38,0,,,,
repro,repo,up_peak,3,100,4,10,forecast,direction,none,153,792,0.137,ok,200.42,207,402,419,247.55,246,463,506,47.12,1->88,35/35/49/34,0,,,,
repro,repo,up_peak,3,100,4,10,forecast,forecast,80,153,792,1.52,ok,200.18,208,402,419,247.31,246,463,506,47.12,1->88,36/35/48/34,0,0,4,,
repro,repo,up_peak,3,100,4,10,forecast,request,none,153,792,0.126,ok,213.62,211,402,419,260.75,260,463,506,47.12,1->88,40/35/44/34,0,,,,
repro,repo,up_peak,3,100,4,10,nearest,direction,none,153,1356,0.006,ok,334.39,263,803,967,381.51,334,866,1062,47.12,1->96,11/45/73/24,0,,,,
repro,repo,up_peak,3,100,4,10,nearest,forecast,80,153,1333,0.787,ok,279.99,190,770,960,327.12,248,862,1039,47.12,1->79,23/28/70/32,0,0,14,,
repro,repo,up_peak,3,100,4,10,nearest,request,none,153,1612,0.004,ok,471.94,388,1248,1298,519.07,432,1317,1377,47.12,1->80,15/48/70/20,0,,,,
repro,repo,up_peak,3,100,4,10,round-robin,direction,none,153,828,0.005,ok,222.32,208,404,529,269.44,255,458,553,47.12,6->18,39/38/38/38,0,,,,
repro,repo,up_peak,3,100,4,10,round-robin,forecast,80,153,815,0.269,ok,206.23,195,386,482,253.35,244,441,519,47.12,1->38,39/38/38/38,0,0,24,,
repro,repo,up_peak,3,100,4,10,round-robin,request,none,153,1341,0.003,ok,436.88,418,958,1016,484.01,447,995,1063,47.12,1->10,39/38/38/38,0,,,,
repro,repo,up_peak,3,30,4,4,forecast,direction,none,156,457,0.078,ok,58.92,55.0,112,130,73.9,72.0,126,159,14.98,1->30,34/42/43/37,0,,,,
repro,repo,up_peak,3,30,4,4,forecast,forecast,80,156,467,0.453,ok,58.6,53.0,116,140,73.58,68.0,136,169,14.98,1->3,32/38/48/38,0,0,52,,
repro,repo,up_peak,3,30,4,4,forecast,request,none,156,462,0.077,ok,63.98,65.0,113,135,78.96,80.0,128,164,14.98,1->30,33/41/39/43,0,,,,
repro,repo,up_peak,3,30,4,4,nearest,direction,none,156,621,0.003,ok,125.68,125.0,261,305,140.66,142.5,279,326,14.98,1->22,24/45/49/38,0,,,,
repro,repo,up_peak,3,30,4,4,nearest,forecast,80,156,638,0.271,ok,121.85,101.5,353,431,136.83,112.0,369,451,14.98,1->21,29/42/54/31,0,0,58,,
repro,repo,up_peak,3,30,4,4,nearest,request,none,156,954,0.003,ok,178.69,130.0,539,638,193.67,147.5,555,659,14.98,1->22,24/26/33/73,0,,,,
repro,repo,up_peak,3,30,4,4,round-robin,direction,none,156,495,0.003,ok,70.99,63.0,145,230,85.97,77.0,161,234,14.98,3->7,39/39/39/39,0,,,,
repro,repo,up_peak,3,30,4,4,round-robin,forecast,80,156,495,0.07,ok,60.84,57.5,137,172,75.82,70.0,147,199,14.98,1->28,39/39/39/39,0,0,60,,
repro,repo,up_peak,3,30,4,4,round-robin,request,none,156,539,0.002,ok,95.08,90.5,182,240,110.06,107.0,198,245,14.98,22->17,39/39/39/39,0,,,,
repro,repo,up_peak,4,100,4,10,forecast,direction,none,161,805,0.166,ok,204.07,236,368,436,253.74,258,432,517,49.66,1->23,35/48/33/45,0,,,,
repro,repo,up_peak,4,100,4,10,forecast,forecast,80,161,717,1.577,ok,175.42,150,348,352,225.08,218,405,445,49.66,1->30,43/44/35/39,0,0,46,,
repro,repo,up_peak,4,100,4,10,forecast,request,none,161,809,0.15,ok,254.71,252,458,472,304.37,309,505,566,49.66,1->11,32/45/36/48,0,,,,
repro,repo,up_peak,4,100,4,10,nearest,direction,none,161,1603,0.007,ok,360.99,218,1050,1234,410.66,273,1122,1315,49.66,1->27,20/83/32/26,0,,,,
repro,repo,up_peak,4,100,4,10,nearest,forecast,80,161,1371,1.014,ok,348.99,237,964,1150,398.66,307,1010,1201,49.66,1->9,11/71/25/54,0,0,38,,
repro,repo,up_peak,4,100,4,10,nearest,request,none,161,1855,0.004,ok,505.84,360,1314,1521,555.5,404,1362,1610,49.66,96->7,13/71/21/56,0,,,,
repro,repo,up_peak,4,100,4,10,round-robin,direction,none,161,845,0.005,ok,246.75,255,479,523,296.42,303,509,594,49.66,1->72,41/40/40/40,0,,,,
repro,repo,up_peak,4,100,4,10,round-robin,forecast,80,161,835,0.407,ok,229.5,233,455,523,279.16,275,493,594,49.66,1->72,41/40/40/40,0,0,22,,
repro,repo,up_peak,4,100,4,10,round-robin,request,none,161,1358,0.006,ok,469.48,425,969,1057,519.15,482,1006,1082,49.66,76->89,41/40/40/40,0,,,,
repro,repo,up_peak,4,30,4,4,forecast,direction,none,131,400,0.065,ok,51.11,52,91,101,64.95,71,108,118,13.83,1->18,33/37/27/34,0,,,,
repro,repo,up_peak,4,30,4,4,forecast,forecast,80,131,399,0.289,ok,49.75,53,105,114,63.58,67,115,140,13.83,1->27,30/37/34/30,0,0,48,,
repro,repo,up_peak,4,30,4,4,forecast,request,none,131,420,0.046,ok,56.98,60,100,106,70.82,77,112,132,13.83,1->27,32/35/28/36,0,,,,
repro,repo,up_peak,4,30,4,4,nearest,direction,none,131,460,0.002,ok,67.04,60,156,211,80.87,69,174,224,13.83,1->10,37/27/30/37,0,,,,
repro,repo,up_peak,4,30,4,4,nearest,forecast,80,131,487,0.075,ok,64.39,52,168,217,78.22,63,187,238,13.83,1->22,29/35/30/37,0,0,46,,
repro,repo,up_peak,4,30,4,4,nearest,request,none,131,763,0.002,ok,124.43,97,399,464,138.26,108,405,481,13.83,1->7,57/20/24/30,0,,,,
repro,repo,up_peak,4,30,4,4,round-robin,direction,none,131,419,0.002,ok,54.62,57,101,203,68.45,73,120,206,13.83,3->6,33/33/33/32,0,,,,
repro,repo,up_peak,4,30,4,4,round-robin,forecast,80,131,391,0.038,ok,45.96,44,97,123,59.79,56,111,128,13.83,1->5,33/33/33/32,0,0,30,,
repro,repo,up_peak,4,30,4,4,round-robin,request,none,131,551,0.002,ok,82.07,71,205,247,95.9,86,225,271,13.83,1->25,33/33/33/32,0,,,,
shape,mine,heavy,201,10,1,1,forecast,direction,none,161,784,0.416,ok,183.32,161,460,569,187.3,166,463,571,3.99,3->5,161,0,,,0,
shape,mine,heavy,201,10,1,1,forecast,forecast,80,161,775,3.304,ok,142.2,123,324,401,146.19,128,330,410,3.99,10->1,161,0,0,80,0,
shape,mine,heavy,201,10,1,1,forecast,request,none,161,1183,0.19,ok,382.48,351,742,776,386.47,357,744,784,3.99,9->1,161,0,,,0,
shape,mine,heavy,201,10,1,1,nearest,direction,none,161,784,0.148,ok,183.32,161,460,569,187.3,166,463,571,3.99,3->5,161,0,,,0,
shape,mine,heavy,201,10,1,1,nearest,forecast,80,161,775,1.64,ok,142.2,123,324,401,146.19,128,330,410,3.99,10->1,161,0,0,80,0,
shape,mine,heavy,201,10,1,1,nearest,request,none,161,1183,0.063,ok,382.48,351,742,776,386.47,357,744,784,3.99,9->1,161,0,,,0,
shape,mine,heavy,201,10,1,1,round-robin,direction,none,161,784,0.152,ok,183.32,161,460,569,187.3,166,463,571,3.99,3->5,161,0,,,0,
shape,mine,heavy,201,10,1,1,round-robin,forecast,80,161,775,1.687,ok,142.2,123,324,401,146.19,128,330,410,3.99,10->1,161,0,0,80,0,
shape,mine,heavy,201,10,1,1,round-robin,request,none,161,1183,0.057,ok,382.48,351,742,776,386.47,357,744,784,3.99,9->1,161,0,,,0,
shape,mine,heavy,201,10,10,1,forecast,direction,none,1776,872,30.716,ok,155.83,110.0,414,819,159.92,114.5,418,825,4.09,7->1,180/125/180/130/185/184/184/260/169/179,0,,,0,
shape,mine,heavy,201,10,10,1,forecast,forecast,80,1776,,90.0,timeout,,,,,,,,,,,,,,,,
shape,mine,heavy,201,10,10,1,forecast,request,none,1776,950,12.221,ok,276.54,283.0,523,546,280.63,286.0,527,551,4.09,3->5,177/190/176/174/171/186/174/181/170/177,0,,,0,
shape,mine,heavy,201,10,10,1,nearest,direction,none,1776,1032,2.186,ok,213.11,172.0,551,734,217.2,177.0,555,740,4.09,3->9,185/198/172/171/152/179/173/182/178/186,0,,,0,
shape,mine,heavy,201,10,10,1,nearest,forecast,80,1776,1096,35.338,ok,205.83,186.0,494,708,209.92,189.5,498,717,4.09,1->10,173/166/158/166/191/188/202/173/177/182,0,0,80,0,
shape,mine,heavy,201,10,10,1,nearest,request,none,1776,1486,0.833,ok,468.5,468.0,911,1082,472.59,470.5,915,1089,4.09,1->8,180/169/175/167/190/187/184/176/162/186,0,,,0,
shape,mine,heavy,201,10,10,1,round-robin,direction,none,1776,884,2.383,ok,216.18,187.0,529,661,220.27,189.5,534,668,4.09,3->9,178/178/178/178/178/178/177/177/177/177,0,,,0,
shape,mine,heavy,201,10,10,1,round-robin,forecast,80,1776,890,32.741,ok,190.45,180.5,413,503,194.54,185.5,420,512,4.09,10->1,178/178/178/178/178/178/177/177/177/177,0,0,80,0,
shape,mine,heavy,201,10,10,1,round-robin,request,none,1776,1412,0.867,ok,485.56,486.0,921,1013,489.65,490.0,926,1014,4.09,6->7,178/178/178/178/178/178/177/177/177/177,0,,,0,
shape,mine,heavy,201,10,4,4,forecast,direction,none,724,410,0.202,ok,3.3,3.0,8,15,7.4,7.0,14,20,4.11,5->7,184/177/168/195,0,,,0,
shape,mine,heavy,201,10,4,4,forecast,forecast,80,724,411,0.579,ok,3.08,3.0,8,17,7.19,7.0,14,21,4.11,5->1,192/163/182/187,0,0,10,0,
shape,mine,heavy,201,10,4,4,forecast,request,none,724,502,0.746,ok,45.51,41.0,90,102,49.62,45.0,94,110,4.11,9->1,167/191/186/180,0,,,0,
shape,mine,heavy,201,10,4,4,nearest,direction,none,724,415,0.042,ok,6.53,3.0,22,79,10.64,8.0,27,85,4.11,3->9,155/189/182/198,0,,,0,
shape,mine,heavy,201,10,4,4,nearest,forecast,80,724,417,0.189,ok,6.08,4.0,19,30,10.19,8.0,25,38,4.11,6->10,171/198/190/165,0,0,18,0,
shape,mine,heavy,201,10,4,4,nearest,request,none,724,984,0.244,ok,245.76,248.0,507,582,249.86,252.0,512,591,4.11,10->1,196/170/185/173,0,,,0,
shape,mine,heavy,201,10,4,4,round-robin,direction,none,724,418,0.073,ok,9.2,9.0,18,56,13.31,13.0,24,60,4.11,6->2,181/181/181/181,0,,,0,
shape,mine,heavy,201,10,4,4,round-robin,forecast,80,724,421,0.261,ok,8.94,8.0,19,43,13.05,13.0,25,48,4.11,6->1,181/181/181/181,0,0,32,0,
shape,mine,heavy,201,10,4,4,round-robin,request,none,724,1156,0.302,ok,340.31,342.5,650,754,344.42,346.0,656,763,4.11,10->1,181/181/181/181,0,,,0,
shape,mine,heavy,201,100,1,10,forecast,direction,none,195,1262,0.83,ok,333,266,787,1124,372.4,296,839,1173,39.4,40->89,195,0,,,0,
shape,mine,heavy,201,100,1,10,forecast,forecast,80,195,1246,15.915,ok,300.28,277,692,776,339.68,321,743,853,39.4,20->97,195,0,0,36,0,
shape,mine,heavy,201,100,1,10,forecast,request,none,195,13306,0.375,ok,6090.48,5784,12170,12865,6129.88,5853,12181,12907,39.4,21->63,195,0,,,0,
shape,mine,heavy,201,100,1,10,nearest,direction,none,195,1262,0.277,ok,333,266,787,1124,372.4,296,839,1173,39.4,40->89,195,0,,,0,
shape,mine,heavy,201,100,1,10,nearest,forecast,80,195,1246,8.047,ok,300.28,277,692,776,339.68,321,743,853,39.4,20->97,195,0,0,36,0,
shape,mine,heavy,201,100,1,10,nearest,request,none,195,13306,0.138,ok,6090.48,5784,12170,12865,6129.88,5853,12181,12907,39.4,21->63,195,0,,,0,
shape,mine,heavy,201,100,1,10,round-robin,direction,none,195,1262,0.27,ok,333,266,787,1124,372.4,296,839,1173,39.4,40->89,195,0,,,0,
shape,mine,heavy,201,100,1,10,round-robin,forecast,80,195,1246,7.946,ok,300.28,277,692,776,339.68,321,743,853,39.4,20->97,195,0,0,36,0,
shape,mine,heavy,201,100,1,10,round-robin,request,none,195,13306,0.149,ok,6090.48,5784,12170,12865,6129.88,5853,12181,12907,39.4,21->63,195,0,,,0,
shape,mine,heavy,201,100,10,10,forecast,direction,none,1871,1148,33.964,ok,210.32,143,618,1030,249.02,189,670,1084,38.7,16->63,186/172/212/187/192/202/162/196/178/184,0,,,0,
shape,mine,heavy,201,100,10,10,forecast,forecast,80,1871,,90.0,timeout,,,,,,,,,,,,,,,,
shape,mine,heavy,201,100,10,10,forecast,request,none,1871,2790,24.703,ok,1189.8,1182,2187,2308,1228.49,1218,2225,2392,38.7,99->15,190/192/193/188/194/197/184/179/169/185,0,,,0,
shape,mine,heavy,201,100,10,10,nearest,direction,none,1871,2207,6.718,ok,460.74,230,1541,1981,499.44,290,1575,2025,38.7,43->3,64/125/207/127/68/360/382/322/127/89,0,,,0,
shape,mine,heavy,201,100,10,10,nearest,forecast,80,1871,,90.0,timeout,,,,,,,,,,,,,,,,
shape,mine,heavy,201,100,10,10,nearest,request,none,1871,11832,1.45,ok,4520.25,4090,10137,11430,4558.95,4135,10152,11433,38.7,30->27,177/218/237/124/230/260/202/97/150/176,0,,,0,
shape,mine,heavy,201,100,10,10,round-robin,direction,none,1871,1273,2.494,ok,309.47,209,828,1128,348.16,257,855,1162,38.7,27->61,188/187/187/187/187/187/187/187/187/187,0,,,0,
shape,mine,heavy,201,100,10,10,round-robin,forecast,80,1871,1304,80.63,ok,309.29,270,695,881,347.99,309,748,947,38.7,47->17,188/187/187/187/187/187/187/187/187/187,0,0,80,0,
shape,mine,heavy,201,100,10,10,round-robin,request,none,1871,13070,1.364,ok,5998.36,5950,11339,12642,6037.06,5984,11390,12671,38.7,1->30,188/187/187/187/187/187/187/187/187/187,0,,,0,
shape,mine,heavy,201,100,4,4,forecast,direction,none,719,2694,13.844,ok,665.93,533,1722,2465,703.94,571,1783,2511,38.02,75->29,177/175/164/203,0,,,0,
shape,mine,heavy,201,100,4,4,forecast,forecast,80,719,,90.0,timeout,,,,,,,,,,,,,,,,
shape,mine,heavy,201,100,4,4,forecast,request,none,719,5773,4.069,ok,2641.5,2637,5045,5332,2679.52,2684,5070,5374,38.02,60->47,194/165/185/175,0,,,0,
shape,mine,heavy,201,100,4,4,nearest,direction,none,719,3504,3.524,ok,1006.82,806,2681,3333,1044.83,853,2708,3363,38.02,31->55,144/241/251/83,0,,,0,
shape,mine,heavy,201,100,4,4,nearest,forecast,80,719,3831,37.149,ok,853.37,673,2441,3392,891.38,715,2504,3441,38.02,61->34,154/187/187/191,0,0,80,0,
shape,mine,heavy,201,100,4,4,nearest,request,none,719,13099,0.556,ok,4923.14,4624,10867,12667,4961.16,4702,10903,12704,38.02,29->66,238/207/149/125,0,,,0,
shape,mine,heavy,201,100,4,4,round-robin,direction,none,719,2643,2.244,ok,842.49,747,1921,2492,880.51,789,1969,2502,38.02,51->41,180/180/180/179,0,,,0,
shape,mine,heavy,201,100,4,4,round-robin,forecast,80,719,2903,36.875,ok,805.13,675,1952,2444,843.14,728,1992,2504,38.02,82->22,180/180/180/179,0,0,80,0,
shape,mine,heavy,201,100,4,4,round-robin,request,none,719,11967,0.516,ok,5675.53,5797,10743,11508,5713.54,5824,10794,11568,38.02,82->22,180/180/180/179,0,,,0,
shape,mine,heavy,201,30,1,4,forecast,direction,none,180,740,0.346,ok,144.74,97.0,408,582,156.34,113.0,429,593,11.59,15->4,180,0,,,0,
shape,mine,heavy,201,30,1,4,forecast,forecast,80,180,770,5.017,ok,136.3,110.0,300,379,147.89,116.0,319,391,11.59,13->25,180,0,0,80,0,
shape,mine,heavy,201,30,1,4,forecast,request,none,180,3526,0.292,ok,1488.91,1459.5,2925,3103,1500.51,1474.5,2933,3128,11.59,28->3,180,0,,,0,
shape,mine,heavy,201,30,1,4,nearest,direction,none,180,740,0.119,ok,144.74,97.0,408,582,156.34,113.0,429,593,11.59,15->4,180,0,,,0,
shape,mine,heavy,201,30,1,4,nearest,forecast,80,180,770,2.456,ok,136.3,110.0,300,379,147.89,116.0,319,391,11.59,13->25,180,0,0,80,0,
shape,mine,heavy,201,30,1,4,nearest,request,none,180,3526,0.099,ok,1488.91,1459.5,2925,3103,1500.51,1474.5,2933,3128,11.59,28->3,180,0,,,0,
shape,mine,heavy,201,30,1,4,round-robin,direction,none,180,740,0.115,ok,144.74,97.0,408,582,156.34,113.0,429,593,11.59,15->4,180,0,,,0,
shape,mine,heavy,201,30,1,4,round-robin,forecast,80,180,770,2.412,ok,136.3,110.0,300,379,147.89,116.0,319,391,11.59,13->25,180,0,0,80,0,
shape,mine,heavy,201,30,1,4,round-robin,request,none,180,3526,0.1,ok,1488.91,1459.5,2925,3103,1500.51,1474.5,2933,3128,11.59,28->3,180,0,,,0,
shape,mine,heavy,201,30,10,4,forecast,direction,none,1857,711,16.157,ok,96.35,54,309,603,108.29,68,328,621,11.94,4->22,161/169/199/190/166/202/210/214/175/171,0,,,0,
shape,mine,heavy,201,30,10,4,forecast,forecast,80,1857,,90.01,timeout,,,,,,,,,,,,,,,,
shape,mine,heavy,201,30,10,4,forecast,request,none,1857,1043,15.316,ok,303.7,304,572,619,315.64,315,587,644,11.94,29->4,187/165/195/192/199/174/175/193/190/187,0,,,0,
shape,mine,heavy,201,30,10,4,nearest,direction,none,1857,1628,3.966,ok,233.14,120,851,1423,245.08,134,859,1433,11.94,11->21,108/167/383/187/126/124/262/276/100/124,0,,,0,
shape,mine,heavy,201,30,10,4,nearest,forecast,80,1857,1170,43.14,ok,167.91,130,479,762,179.85,142,495,783,11.94,23->2,181/147/158/187/178/268/187/177/211/163,0,0,80,0,
shape,mine,heavy,201,30,10,4,nearest,request,none,1857,3066,1.082,ok,1027.07,1010,2149,2644,1039.01,1022,2156,2667,11.94,1->21,165/164/191/200/168/180/153/207/178/251,0,,,0,
shape,mine,heavy,201,30,10,4,round-robin,direction,none,1857,848,1.562,ok,165.68,96,492,714,177.62,111,503,726,11.94,18->6,186/186/186/186/186/186/186/185/185/185,0,,,0,
shape,mine,heavy,201,30,10,4,round-robin,forecast,80,1857,894,33.653,ok,162.09,138,373,484,174.03,153,390,501,11.94,15->8,186/186/186/186/186/186/186/185/185/185,0,0,80,0,
shape,mine,heavy,201,30,10,4,round-robin,request,none,1857,3789,1.117,ok,1553.95,1558,3004,3388,1565.89,1571,3017,3392,11.94,1->5,186/186/186/186/186/186/186/185/185/185,0,,,0,
shape,mine,heavy,201,30,2,4,forecast,direction,none,370,811,1.346,ok,148.58,73.5,473,702,160.75,85.0,486,706,12.17,19->15,179/191,0,,,0,
shape,mine,heavy,201,30,2,4,forecast,forecast,80,370,771,20.635,ok,156.01,122.5,346,406,168.18,136.5,357,421,12.17,17->2,185/185,0,0,80,0,
shape,mine,heavy,201,30,2,4,forecast,request,none,370,2848,1.055,ok,1266.44,1316.5,2352,2445,1278.61,1328.0,2369,2449,12.17,29->25,194/176,0,,,0,
shape,mine,heavy,201,30,2,4,nearest,direction,none,370,841,0.369,ok,186.66,108.0,548,705,198.83,118.0,559,707,12.17,14->16,175/195,0,,,0,
shape,mine,heavy,201,30,2,4,nearest,forecast,80,370,844,7.509,ok,170.67,148.5,391,460,182.84,159.0,403,465,12.17,10->15,171/199,0,0,80,0,
shape,mine,heavy,201,30,2,4,nearest,request,none,370,4104,0.207,ok,1609.53,1584.5,3411,3701,1621.7,1605.0,3413,3705,12.17,29->25,162/208,0,,,0,
shape,mine,heavy,201,30,2,4,round-robin,direction,none,370,860,0.368,ok,188.58,106.0,556,718,200.75,122.5,568,731,12.17,14->1,185/185,0,,,0,
shape,mine,heavy,201,30,2,4,round-robin,forecast,80,370,862,7.508,ok,176.42,158.0,395,473,188.59,172.0,412,488,12.17,21->19,185/185,0,0,80,0,
shape,mine,heavy,201,30,2,4,round-robin,request,none,370,3694,0.216,ok,1612.24,1635.0,3069,3291,1624.41,1644.5,3080,3295,12.17,29->25,185/185,0,,,0,
shape,mine,heavy,201,30,4,1,forecast,direction,none,756,3078,29.241,ok,838.91,708.0,2093,3038,850.67,722.0,2112,3060,11.76,23->1,223/182/204/147,0,,,0,
shape,mine,heavy,201,30,4,1,forecast,forecast,80,756,,90.0,timeout,,,,,,,,,,,,,,,,
shape,mine,heavy,201,30,4,1,forecast,request,none,756,3447,3.831,ok,1522.34,1510.0,2887,3048,1534.1,1524.5,2893,3050,11.76,4->2,187/180/191/198,0,,,0,
shape,mine,heavy,201,30,4,1,nearest,direction,none,756,3484,5.051,ok,1067.61,924.5,2541,3212,1079.36,936.0,2545,3216,11.76,17->13,204/160/203/189,0,,,0,
shape,mine,heavy,201,30,4,1,nearest,forecast,80,756,3262,46.135,ok,1005.97,933.0,2261,2838,1017.73,941.5,2279,2866,11.76,29->1,204/188/169/195,0,0,80,0,
shape,mine,heavy,201,30,4,1,nearest,request,none,756,4590,0.488,ok,1893.12,1832.5,3740,4177,1904.88,1847.0,3757,4196,11.76,20->1,189/219/171/177,0,,,0,
shape,mine,heavy,201,30,4,1,round-robin,direction,none,756,2977,5.071,ok,1057.34,952.5,2342,2754,1069.1,968.0,2358,2762,11.76,16->8,189/189/189/189,0,,,0,
shape,mine,heavy,201,30,4,1,round-robin,forecast,80,756,2984,47.199,ok,969.8,863.5,2105,2574,981.56,878.0,2118,2596,11.76,23->1,189/189/189/189,0,0,80,0,
shape,mine,heavy,201,30,4,1,round-robin,request,none,756,4437,0.492,ok,1907.98,1874.0,3661,4012,1919.74,1880.0,3682,4041,11.76,1->30,189/189/189/189,0,,,0,
shape,mine,heavy,201,30,4,10,forecast,direction,none,756,446,0.55,ok,12.66,11.0,28,56,24.42,23.0,45,63,11.76,18->22,187/172/230/167,0,,,0,
shape,mine,heavy,201,30,4,10,forecast,forecast,80,756,433,3.293,ok,12.3,11.0,29,72,24.06,23.0,48,85,11.76,12->2,203/189/199/165,0,0,54,0,
shape,mine,heavy,201,30,4,10,forecast,request,none,756,1662,3.399,ok,637.9,668.0,1182,1242,649.66,677.5,1191,1266,11.76,30->27,175/192/194/195,0,,,0,
shape,mine,heavy,201,30,4,10,nearest,direction,none,756,625,0.292,ok,49.61,29.0,203,454,61.37,42.0,212,471,11.76,4->9,131/143/146/336,0,,,0,
shape,mine,heavy,201,30,4,10,nearest,forecast,80,756,513,3.314,ok,33.08,19.0,99,129,44.84,32.5,116,146,11.76,14->4,147/231/186/192,0,0,68,0,
shape,mine,heavy,201,30,4,10,nearest,request,none,756,3084,0.511,ok,1241.56,1251.0,2406,2684,1253.31,1258.5,2412,2687,11.76,30->27,192/191/206/167,0,,,0,
shape,mine,heavy,201,30,4,10,round-robin,direction,none,756,483,0.125,ok,30.48,28.5,57,167,42.24,41.0,76,180,11.76,14->1,189/189/189/189,0,,,0,
shape,mine,heavy,201,30,4,10,round-robin,forecast,80,756,472,2.238,ok,33.4,33.0,67,123,45.16,44.0,85,136,11.76,14->1,189/189/189/189,0,0,36,0,
shape,mine,heavy,201,30,4,10,round-robin,request,none,756,3656,0.465,ok,1547.19,1508.0,3026,3254,1558.94,1525.0,3034,3261,11.76,30->23,189/189/189/189,0,,,0,
shape,mine,heavy,201,30,4,4,forecast,direction,none,756,854,3.635,ok,120.94,63.0,427,707,132.69,76.0,445,711,11.76,19->15,193/211/179/173,0,,,0,
shape,mine,heavy,201,30,4,4,forecast,forecast,80,756,762,48.601,ok,116.42,98.0,281,347,128.17,111.0,302,370,11.76,24->1,199/181/194/182,0,0,80,0,
shape,mine,heavy,201,30,4,4,forecast,request,none,756,1734,3.559,ok,676.01,691.0,1250,1316,687.77,695.0,1270,1338,11.76,4->2,192/182/184/198,0,,,0,
shape,mine,heavy,201,30,4,4,nearest,direction,none,756,1030,1.059,ok,198.23,123.0,638,837,209.99,135.5,641,852,11.76,16->1,111/150/219/276,0,,,0,
shape,mine,heavy,201,30,4,4,nearest,forecast,80,756,914,16.428,ok,171.79,148.0,420,498,183.55,162.0,428,518,11.76,21->7,205/184/177/190,0,0,80,0,
shape,mine,heavy,201,30,4,4,nearest,request,none,756,3827,0.432,ok,1298.37,1260.0,2772,3429,1310.13,1270.0,2773,3434,11.76,16->15,176/187/228/165,0,,,0,
shape,mine,heavy,201,30,4,4,round-robin,direction,none,756,917,0.676,ok,174.55,104.5,529,765,186.31,120.0,537,777,11.76,16->4,189/189/189/189,0,,,0,
shape,mine,heavy,201,30,4,4,round-robin,forecast,80,756,932,15.354,ok,168.89,144.0,392,527,180.65,156.5,414,553,11.76,23->1,189/189/189/189,0,0,80,0,
shape,mine,heavy,201,30,4,4,round-robin,request,none,756,3656,0.461,ok,1547.19,1508.0,3026,3254,1558.94,1525.0,3034,3261,11.76,30->23,189/189/189/189,0,,,0,
shape,mine,interfloor,201,10,1,1,forecast,direction,none,36,402,0.003,ok,8.25,5.5,28,36,11.81,9.5,30,38,3.56,5->7,36,0,,,0,
shape,mine,interfloor,201,10,1,1,forecast,forecast,80,36,400,0.005,ok,6.25,6.0,15,22,9.81,9.0,20,31,3.56,1->10,36,0,0,10,0,
shape,mine,interfloor,201,10,1,1,forecast,request,none,36,404,0.002,ok,8.44,7.5,22,23,12,10.5,26,28,3.56,4->7,36,0,,,0,
shape,mine,interfloor,201,10,1,1,nearest,direction,none,36,402,0.001,ok,8.25,5.5,28,36,11.81,9.5,30,38,3.56,5->7,36,0,,,0,
shape,mine,interfloor,201,10,1,1,nearest,forecast,80,36,400,0.004,ok,6.25,6.0,15,22,9.81,9.0,20,31,3.56,1->10,36,0,0,10,0,
shape,mine,interfloor,201,10,1,1,nearest,request,none,36,404,0.001,ok,8.44,7.5,22,23,12,10.5,26,28,3.56,4->7,36,0,,,0,
shape,mine,interfloor,201,10,1,1,round-robin,direction,none,36,402,0.001,ok,8.25,5.5,28,36,11.81,9.5,30,38,3.56,5->7,36,0,,,0,
shape,mine,interfloor,201,10,1,1,round-robin,forecast,80,36,400,0.003,ok,6.25,6.0,15,22,9.81,9.0,20,31,3.56,1->10,36,0,0,10,0,
shape,mine,interfloor,201,10,1,1,round-robin,request,none,36,404,0.002,ok,8.44,7.5,22,23,12,10.5,26,28,3.56,4->7,36,0,,,0,
shape,mine,interfloor,201,10,10,1,forecast,direction,none,410,403,0.135,ok,1.33,1.0,4,10,5.04,5.0,10,18,3.71,9->1,56/53/50/51/50/39/29/33/29/20,0,,,0,
shape,mine,interfloor,201,10,10,1,forecast,forecast,80,410,403,0.269,ok,1.34,1.0,4,10,5.06,5.0,10,18,3.71,9->1,53/58/58/47/38/41/34/30/32/19,0,0,2,0,
shape,mine,interfloor,201,10,10,1,forecast,request,none,410,403,0.128,ok,1.38,1.0,4,8,5.09,5.0,10,16,3.71,9->1,51/53/41/47/55/44/29/27/29/34,0,,,0,
shape,mine,interfloor,201,10,10,1,nearest,direction,none,410,412,0.014,ok,3.78,1.0,16,50,7.49,5.5,21,51,3.71,2->3,49/50/49/39/44/38/33/34/40/34,0,,,0,
shape,mine,interfloor,201,10,10,1,nearest,forecast,80,410,412,0.027,ok,2.96,1.0,13,48,6.67,5.0,19,56,3.71,9->1,55/52/53/58/35/42/36/25/32/22,0,0,40,0,
shape,mine,interfloor,201,10,10,1,nearest,request,none,410,417,0.011,ok,4.85,1.0,20,40,8.57,6.0,23,44,3.71,6->2,55/42/51/48/40/39/47/35/29/24,0,,,0,
shape,mine,interfloor,201,10,10,1,round-robin,direction,none,410,411,0.011,ok,4.28,4.0,10,26,8.0,7.0,15,27,3.71,2->3,41/41/41/41/41/41/41/41/41/41,0,,,0,
shape,mine,interfloor,201,10,10,1,round-robin,forecast,80,410,411,0.019,ok,4.14,4.0,10,21,7.85,7.0,15,28,3.71,10->7,41/41/41/41/41/41/41/41/41/41,0,0,14,0,
shape,mine,interfloor,201,10,10,1,round-robin,request,none,410,411,0.009,ok,4.29,4.0,10,17,8.01,7.0,15,21,3.71,2->3,41/41/41/41/41/41/41/41/41/41,0,,,0,
shape,mine,interfloor,201,10,4,4,forecast,direction,none,174,400,0.024,ok,1.7,1.0,5,9,5.08,5.0,11,17,3.38,10->8,50/40/44/40,0,,,0,
shape,mine,interfloor,201,10,4,4,forecast,forecast,80,174,398,0.06,ok,1.68,1.0,5,11,5.06,4.0,11,19,3.38,1->9,46/36/50/42,0,0,2,0,
shape,mine,interfloor,201,10,4,4,forecast,request,none,174,400,0.021,ok,1.75,1.0,5,9,5.13,5.0,11,13,3.38,10->8,51/40/43/40,0,,,0,
shape,mine,interfloor,201,10,4,4,nearest,direction,none,174,399,0.005,ok,2.08,1.0,8,16,5.46,4.0,13,20,3.38,10->7,46/43/49/36,0,,,0,
shape,mine,interfloor,201,10,4,4,nearest,forecast,80,174,399,0.009,ok,1.94,1.0,7,12,5.32,4.0,12,17,3.38,7->2,48/38/50/38,0,0,6,0,
shape,mine,interfloor,201,10,4,4,nearest,request,none,174,399,0.004,ok,3.68,2.0,17,28,7.06,5.0,20,32,3.38,2->6,51/41/42/40,0,,,0,
shape,mine,interfloor,201,10,4,4,round-robin,direction,none,174,404,0.005,ok,4.53,4.0,10,15,7.91,8.0,15,18,3.38,10->7,44/44/43/43,0,,,0,
shape,mine,interfloor,201,10,4,4,round-robin,forecast,80,174,404,0.009,ok,4.44,4.0,10,15,7.82,8.0,16,18,3.38,10->7,44/44/43/43,0,0,6,0,
shape,mine,interfloor,201,10,4,4,round-robin,request,none,174,404,0.005,ok,6.11,5.0,16,27,9.49,9.0,20,31,3.38,5->1,44/44/43/43,0,,,0,
shape,mine,interfloor,201,100,1,10,forecast,direction,none,37,537,0.008,ok,75.16,68,161,162,100.68,90,196,205,25.51,44->51,37,0,,,0,
shape,mine,interfloor,201,100,1,10,forecast,forecast,80,37,531,0.044,ok,72.41,63,161,180,97.92,90,199,239,25.51,38->97,37,0,0,56,0,
shape,mine,interfloor,201,100,1,10,forecast,request,none,37,1955,0.015,ok,800.95,763,1516,1566,826.46,768,1528,1569,25.51,41->44,37,0,,,0,
shape,mine,interfloor,201,100,1,10,nearest,direction,none,37,537,0.005,ok,75.16,68,161,162,100.68,90,196,205,25.51,44->51,37,0,,,0,
shape,mine,interfloor,201,100,1,10,nearest,forecast,80,37,531,0.022,ok,72.41,63,161,180,97.92,90,199,239,25.51,38->97,37,0,0,56,0,
shape,mine,interfloor,201,100,1,10,nearest,request,none,37,1955,0.007,ok,800.95,763,1516,1566,826.46,768,1528,1569,25.51,41->44,37,0,,,0,
shape,mine,interfloor,201,100,1,10,round-robin,direction,none,37,537,0.003,ok,75.16,68,161,162,100.68,90,196,205,25.51,44->51,37,0,,,0,
shape,mine,interfloor,201,100,1,10,round-robin,forecast,80,37,531,0.026,ok,72.41,63,161,180,97.92,90,199,239,25.51,38->97,37,0,0,56,0,
shape,mine,interfloor,201,100,1,10,round-robin,request,none,37,1955,0.006,ok,800.95,763,1516,1566,826.46,768,1528,1569,25.51,41->44,37,0,,,0,
shape,mine,interfloor,201,100,10,10,forecast,direction,none,385,483,0.421,ok,19.83,15,54,93,54.35,51,106,160,34.52,97->30,50/38/32/37/30/43/51/36/32/36,0,,,0,
shape,mine,interfloor,201,100,10,10,forecast,forecast,80,385,479,1.3,ok,18.94,15,51,96,53.45,50,100,170,34.52,81->7,63/43/24/28/43/35/39/41/36/33,0,0,44,0,
shape,mine,interfloor,201,100,10,10,forecast,request,none,385,737,0.736,ok,163.78,174,275,294,198.3,209,313,346,34.52,7->36,32/45/38/37/44/39/42/38/36/34,0,,,0,
shape,mine,interfloor,201,100,10,10,nearest,direction,none,385,583,0.051,ok,52.11,13,242,468,86.62,57,284,500,34.52,49->29,41/63/32/24/25/60/28/51/36/25,0,,,0,
shape,mine,interfloor,201,100,10,10,nearest,forecast,80,385,597,0.353,ok,46.62,16,207,371,81.13,55,266,441,34.52,76->49,54/45/44/25/22/50/51/27/29/38,0,0,78,0,
shape,mine,interfloor,201,100,10,10,nearest,request,none,385,2930,0.074,ok,824.56,704,1957,2521,859.08,729,2020,2531,34.52,32->42,64/35/32/22/26/54/45/16/43/48,0,,,0,
shape,mine,interfloor,201,100,10,10,round-robin,direction,none,385,587,0.044,ok,92.88,90,176,194,127.4,126,231,276,34.52,83->81,39/39/39/39/39/38/38/38/38/38,0,,,0,
shape,mine,interfloor,201,100,10,10,round-robin,forecast,80,385,615,0.35,ok,93.45,89,188,235,127.97,125,236,303,34.52,2->70,39/39/39/39/39/38/38/38/38/38,0,0,76,0,
shape,mine,interfloor,201,100,10,10,round-robin,request,none,385,2594,0.063,ok,928.51,900,1834,2164,963.03,926,1847,2198,34.52,93->59,39/39/39/39/39/38/38/38/38/38,0,,,0,
shape,mine,interfloor,201,100,4,4,forecast,direction,none,168,723,0.169,ok,105.98,79.0,283,374,142.67,126.0,344,422,36.69,42->81,35/45/41/47,0,,,0,
shape,mine,interfloor,201,100,4,4,forecast,forecast,80,168,689,0.855,ok,100.88,90.5,221,288,137.57,130.5,275,337,36.69,46->95,35/46/48/39,0,0,76,0,
shape,mine,interfloor,201,100,4,4,forecast,request,none,168,1497,0.217,ok,543.87,498.0,1049,1075,580.56,535.5,1070,1119,36.69,39->67,42/40/38/48,0,,,0,
shape,mine,interfloor,201,100,4,4,nearest,direction,none,168,1150,0.05,ok,226.3,105.0,707,939,262.99,156.0,746,1003,36.69,76->12,28/58/17/65,0,,,0,
shape,mine,interfloor,201,100,4,4,nearest,forecast,80,168,963,0.236,ok,154.51,142.5,390,548,191.2,170.5,446,600,36.69,68->16,41/43/47/37,0,0,80,0,
shape,mine,interfloor,201,100,4,4,nearest,request,none,168,3867,0.043,ok,1081.98,849.5,3242,3466,1118.67,882.0,3284,3470,36.69,50->52,37/23/74/34,0,,,0,
shape,mine,interfloor,201,100,4,4,round-robin,direction,none,168,858,0.03,ok,184.07,140.5,478,602,220.76,178.5,528,612,36.69,68->58,42/42/42/42,0,,,0,
shape,mine,interfloor,201,100,4,4,round-robin,forecast,80,168,922,0.294,ok,179.17,159.0,396,501,215.86,202.5,464,573,36.69,68->16,42/42/42/42,0,0,78,0,
shape,mine,interfloor,201,100,4,4,round-robin,request,none,168,2637,0.036,ok,1032.36,988.0,2113,2224,1069.05,1008.0,2131,2239,36.69,76->79,42/42/42/42,0,,,0,
shape,mine,interfloor,201,30,1,4,forecast,direction,none,47,446,0.006,ok,21.91,20,45,50,32.06,29,57,58,10.15,4->6,47,0,,,0,
shape,mine,interfloor,201,30,1,4,forecast,forecast,80,47,450,0.028,ok,24.11,24,47,51,34.26,31,67,68,10.15,5->21,47,0,0,20,0,
shape,mine,interfloor,201,30,1,4,forecast,request,none,47,847,0.015,ok,231.06,209,414,434,241.21,218,421,448,10.15,8->22,47,0,,,0,
shape,mine,interfloor,201,30,1,4,nearest,direction,none,47,446,0.003,ok,21.91,20,45,50,32.06,29,57,58,10.15,4->6,47,0,,,0,
shape,mine,interfloor,201,30,1,4,nearest,forecast,80,47,450,0.011,ok,24.11,24,47,51,34.26,31,67,68,10.15,5->21,47,0,0,20,0,
shape,mine,interfloor,201,30,1,4,nearest,request,none,47,847,0.006,ok,231.06,209,414,434,241.21,218,421,448,10.15,8->22,47,0,,,0,
shape,mine,interfloor,201,30,1,4,round-robin,direction,none,47,446,0.003,ok,21.91,20,45,50,32.06,29,57,58,10.15,4->6,47,0,,,0,
shape,mine,interfloor,201,30,1,4,round-robin,forecast,80,47,450,0.011,ok,24.11,24,47,51,34.26,31,67,68,10.15,5->21,47,0,0,20,0,
shape,mine,interfloor,201,30,1,4,round-robin,request,none,47,847,0.006,ok,231.06,209,414,434,241.21,218,421,448,10.15,8->22,47,0,,,0,
shape,mine,interfloor,201,30,10,4,forecast,direction,none,370,425,0.162,ok,3.45,2.0,11,32,13.57,13.0,29,45,10.12,25->12,39/48/55/30/39/39/39/29/30/22,0,,,0,
shape,mine,interfloor,201,30,10,4,forecast,forecast,80,370,420,0.347,ok,3.25,2.0,10,31,13.37,13.0,28,51,10.12,25->12,44/47/39/39/35/37/32/35/33/29,0,0,16,0,
shape,mine,interfloor,201,30,10,4,forecast,request,none,370,424,0.14,ok,3.52,2.0,11,25,13.64,13.0,28,38,10.12,27->23,39/44/39/31/38/45/32/32/32/38,0,,,0,
shape,mine,interfloor,201,30,10,4,nearest,direction,none,370,430,0.014,ok,4.64,2.0,19,50,14.76,14.0,31,58,10.12,30->26,40/39/41/42/33/31/33/40/33/38,0,,,0,
shape,mine,interfloor,201,30,10,4,nearest,forecast,80,370,422,0.031,ok,4.26,2.0,15,45,14.38,12.5,32,59,10.12,15->29,40/49/37/36/33/40/40/37/30/28,0,0,36,0,
shape,mine,interfloor,201,30,10,4,nearest,request,none,370,651,0.024,ok,71.03,54.0,220,257,81.16,66.5,229,270,10.12,4->1,39/32/39/45/35/31/41/43/33/32,0,,,0,
shape,mine,interfloor,201,30,10,4,round-robin,direction,none,370,448,0.017,ok,22.18,21.0,45,55,32.3,32.0,58,69,10.12,12->25,37/37/37/37/37/37/37/37/37/37,0,,,0,
shape,mine,interfloor,201,30,10,4,round-robin,forecast,80,370,449,0.045,ok,21.06,18.0,48,76,31.18,28.0,63,97,10.12,30->9,37/37/37/37/37/37/37/37/37/37,0,0,50,0,
shape,mine,interfloor,201,30,10,4,round-robin,request,none,370,763,0.039,ok,148.69,147.0,299,344,158.81,152.0,312,365,10.12,6->27,37/37/37/37/37/37/37/37/37/37,0,,,0,
shape,mine,interfloor,201,30,2,4,forecast,direction,none,73,429,0.011,ok,12.49,10,32,41,24.03,22,49,67,11.53,4->30,35/38,0,,,0,
shape,mine,interfloor,201,30,2,4,forecast,forecast,80,73,449,0.034,ok,14.93,12,35,54,26.47,27,52,73,11.53,20->1,34/39,0,0,18,0,
shape,mine,interfloor,201,30,2,4,forecast,request,none,73,565,0.017,ok,73.33,45,155,163,84.86,57,166,176,11.53,4->2,37/36,0,,,0,
shape,mine,interfloor,201,30,2,4,nearest,direction,none,73,441,0.004,ok,15,10,46,51,26.53,24,54,66,11.53,19->16,34/39,0,,,0,
shape,mine,interfloor,201,30,2,4,nearest,forecast,80,73,447,0.011,ok,17.14,12,52,98,28.67,25,64,105,11.53,17->10,40/33,0,0,50,0,
shape,mine,interfloor,201,30,2,4,nearest,request,none,73,712,0.006,ok,150.78,142,293,310,162.32,163,311,323,11.53,4->2,37/36,0,,,0,
shape,mine,interfloor,201,30,2,4,round-robin,direction,none,73,459,0.004,ok,25.3,25,52,66,36.84,36,63,77,11.53,17->10,37/36,0,,,0,
shape,mine,interfloor,201,30,2,4,round-robin,forecast,80,73,455,0.01,ok,20.37,20,45,62,31.9,33,65,75,11.53,17->10,37/36,0,0,20,0,
shape,mine,interfloor,201,30,2,4,round-robin,request,none,73,736,0.006,ok,136.29,113,317,334,147.82,118,323,347,11.53,4->2,37/36,0,,,0,
shape,mine,interfloor,201,30,4,1,forecast,direction,none,156,559,0.09,ok,53.9,31.5,166,416,63.92,43.0,182,426,10.02,19->9,37/31/45/43,0,,,0,
shape,mine,interfloor,201,30,4,1,forecast,forecast,80,156,541,0.285,ok,48.97,35.0,146,192,58.99,44.5,173,216,10.02,29->14,43/37/45/31,0,0,80,0,
shape,mine,interfloor,201,30,4,1,forecast,request,none,156,631,0.096,ok,121.63,129.0,205,232,131.65,140.0,216,233,10.02,23->22,46/40/36/34,0,,,0,
shape,mine,interfloor,201,30,4,1,nearest,direction,none,156,662,0.029,ok,103.86,51.0,352,505,113.88,61.0,372,510,10.02,19->14,36/52/32/36,0,,,0,
shape,mine,interfloor,201,30,4,1,nearest,forecast,80,156,773,0.118,ok,85.65,49.0,295,356,95.67,58.0,303,381,10.02,26->1,39/49/34/34,0,0,80,0,
shape,mine,interfloor,201,30,4,1,nearest,request,none,156,990,0.015,ok,205.67,211.5,491,584,215.69,218.5,499,592,10.02,5->13,50/35/34/37,0,,,0,
shape,mine,interfloor,201,30,4,1,round-robin,direction,none,156,636,0.024,ok,106.36,55.0,363,576,116.38,66.5,366,581,10.02,19->14,39/39/39/39,0,,,0,
shape,mine,interfloor,201,30,4,1,round-robin,forecast,80,156,645,0.066,ok,74.53,52.5,223,267,84.54,61.5,236,292,10.02,19->6,39/39/39/39,0,0,80,0,
shape,mine,interfloor,201,30,4,1,round-robin,request,none,156,837,0.015,ok,205.15,198.0,398,422,215.17,213.5,408,441,10.02,27->8,39/39/39/39,0,,,0,
shape,mine,interfloor,201,30,4,10,forecast,direction,none,156,430,0.036,ok,8.92,7.0,24,32,18.94,17.0,41,55,10.02,27->4,43/41/34/38,0,,,0,
shape,mine,interfloor,201,30,4,10,forecast,forecast,80,156,429,0.083,ok,8.59,7.0,23,38,18.61,17.0,42,55,10.02,13->23,36/40/42/38,0,0,24,0,
shape,mine,interfloor,201,30,4,10,forecast,request,none,156,428,0.033,ok,14.23,13.0,32,52,24.25,23.0,49,75,10.02,30->7,39/39/41/37,0,,,0,
shape,mine,interfloor,201,30,4,10,nearest,direction,none,156,466,0.007,ok,11.76,8.0,39,53,21.78,19.0,48,75,10.02,30->8,58/29/27/42,0,,,0,
shape,mine,interfloor,201,30,4,10,nearest,forecast,80,156,436,0.019,ok,9.1,6.0,30,42,19.12,16.0,44,55,10.02,19->25,46/34/40/36,0,0,24,0,
shape,mine,interfloor,201,30,4,10,nearest,request,none,156,797,0.015,ok,156.74,156.0,356,382,166.76,167.5,365,401,10.02,27->8,47/31/29/49,0,,,0,
shape,mine,interfloor,201,30,4,10,round-robin,direction,none,156,452,0.008,ok,21.9,21.0,46,54,31.92,30.0,57,69,10.02,16->21,39/39/39/39,0,,,0,
shape,mine,interfloor,201,30,4,10,round-robin,forecast,80,156,451,0.019,ok,19.9,16.0,48,60,29.92,25.5,62,81,10.02,29->8,39/39/39/39,0,0,38,0,
shape,mine,interfloor,201,30,4,10,round-robin,request,none,156,729,0.015,ok,163.04,159.0,296,330,173.06,171.0,307,331,10.02,23->22,39/39/39/39,0,,,0,
shape,mine,interfloor,201,30,4,4,forecast,direction,none,156,430,0.041,ok,8.95,7.0,24,32,18.97,17.5,41,55,10.02,27->4,42/34/43/37,0,,,0,
shape,mine,interfloor,201,30,4,4,forecast,forecast,80,156,425,0.085,ok,7.59,6.0,23,37,17.61,16.0,38,55,10.02,19->25,40/39/48/29,0,0,28,0,
shape,mine,interfloor,201,30,4,4,forecast,request,none,156,428,0.033,ok,14.21,13.0,32,52,24.22,23.0,49,75,10.02,30->7,39/38/39/40,0,,,0,
shape,mine,interfloor,201,30,4,4,nearest,direction,none,156,444,0.011,ok,11.6,6.0,39,109,21.62,18.0,52,114,10.02,19->14,53/41/31/31,0,,,0,
shape,mine,interfloor,201,30,4,4,nearest,forecast,80,156,425,0.021,ok,10.24,6.0,38,73,20.26,17.0,55,83,10.02,19->14,49/28/40/39,0,0,32,0,
shape,mine,interfloor,201,30,4,4,nearest,request,none,156,797,0.014,ok,156.74,156.0,356,382,166.76,167.5,365,401,10.02,27->8,47/31/29/49,0,,,0,
shape,mine,interfloor,201,30,4,4,round-robin,direction,none,156,452,0.007,ok,21.9,21.0,46,54,31.92,30.0,57,69,10.02,16->21,39/39/39/39,0,,,0,
shape,mine,interfloor,201,30,4,4,round-robin,forecast,80,156,451,0.02,ok,19.9,16.0,48,60,29.92,25.5,62,81,10.02,29->8,39/39/39/39,0,0,38,0,
shape,mine,interfloor,201,30,4,4,round-robin,request,none,156,729,0.02,ok,163.04,159.0,296,330,173.06,171.0,307,331,10.02,23->22,39/39/39/39,0,,,0,
shape,mine,stream_long,201,10,1,1,forecast,direction,none,117,398,0.006,ok,1.91,1,6,15,3.26,3,8,16,1.35,2->3,117,0,,,0,
shape,mine,stream_long,201,10,1,1,forecast,forecast,80,117,398,0.015,ok,1.83,1,6,9,3.18,2,8,11,1.35,1->3,117,0,0,4,0,
shape,mine,stream_long,201,10,1,1,forecast,request,none,117,398,0.006,ok,2.7,2,8,11,4.05,4,9,12,1.35,2->3,117,0,,,0,
shape,mine,stream_long,201,10,1,1,nearest,direction,none,117,398,0.003,ok,1.91,1,6,15,3.26,3,8,16,1.35,2->3,117,0,,,0,
shape,mine,stream_long,201,10,1,1,nearest,forecast,80,117,398,0.008,ok,1.83,1,6,9,3.18,2,8,11,1.35,1->3,117,0,0,4,0,
shape,mine,stream_long,201,10,1,1,nearest,request,none,117,398,0.003,ok,2.7,2,8,11,4.05,4,9,12,1.35,2->3,117,0,,,0,
shape,mine,stream_long,201,10,1,1,round-robin,direction,none,117,398,0.003,ok,1.91,1,6,15,3.26,3,8,16,1.35,2->3,117,0,,,0,
shape,mine,stream_long,201,10,1,1,round-robin,forecast,80,117,398,0.007,ok,1.83,1,6,9,3.18,2,8,11,1.35,1->3,117,0,0,4,0,
shape,mine,stream_long,201,10,1,1,round-robin,request,none,117,398,0.003,ok,2.7,2,8,11,4.05,4,9,12,1.35,2->3,117,0,,,0,
shape,mine,stream_long,201,10,10,1,forecast,direction,none,1245,402,0.355,ok,0.24,0,1,4,1.56,1,3,8,1.32,5->1,216/194/174/149/125/115/91/82/57/42,0,,,0,
shape,mine,stream_long,201,10,10,1,forecast,forecast,80,1245,402,0.893,ok,0.24,0,1,4,1.56,1,3,8,1.32,5->1,216/194/174/149/125/115/91/82/57/42,0,0,0,0,
shape,mine,stream_long,201,10,10,1,forecast,request,none,1245,402,0.363,ok,0.24,0,1,4,1.56,1,3,8,1.32,5->1,214/193/163/145/136/118/88/91/58/39,0,,,0,
shape,mine,stream_long,201,10,10,1,nearest,direction,none,1245,405,0.032,ok,0.58,0,4,12,1.91,1,5,14,1.32,1->3,202/195/178/143/129/118/96/82/55/47,0,,,0,
shape,mine,stream_long,201,10,10,1,nearest,forecast,80,1245,408,0.054,ok,0.52,0,3,12,1.84,1,5,14,1.32,1->3,195/187/182/159/139/113/93/63/63/51,0,0,8,0,
shape,mine,stream_long,201,10,10,1,nearest,request,none,1245,409,0.029,ok,0.62,0,4,12,1.94,1,5,14,1.32,1->3,190/183/191/145/134/113/95/76/62/56,0,,,0,
shape,mine,stream_long,201,10,10,1,round-robin,direction,none,1245,405,0.024,ok,1.1,1,3,7,2.42,2,4,8,1.32,2->1,125/125/125/125/125/124/124/124/124/124,0,,,0,
shape,mine,stream_long,201,10,10,1,round-robin,forecast,80,1245,404,0.064,ok,1.07,1,2,10,2.39,2,4,12,1.32,3->1,125/125/125/125/125/124/124/124/124/124,0,0,4,0,
shape,mine,stream_long,201,10,10,1,round-robin,request,none,1245,405,0.021,ok,1.11,1,3,6,2.43,2,4,8,1.32,3->1,125/125/125/125/125/124/124/124/124/124,0,,,0,
shape,mine,stream_long,201,10,4,4,forecast,direction,none,489,400,0.06,ok,0.29,0,1,4,1.65,2,3,8,1.37,5->1,166/134/105/84,0,,,0,
shape,mine,stream_long,201,10,4,4,forecast,forecast,80,489,400,0.127,ok,0.29,0,1,4,1.65,2,3,8,1.37,5->1,166/134/105/84,0,0,0,0,
shape,mine,stream_long,201,10,4,4,forecast,request,none,489,400,0.057,ok,0.3,0,1,4,1.67,2,3,8,1.37,5->1,168/136/100/85,0,,,0,
shape,mine,stream_long,201,10,4,4,nearest,direction,none,489,400,0.01,ok,0.31,0,1,4,1.67,2,3,8,1.37,5->1,170/140/98/81,0,,,0,
shape,mine,stream_long,201,10,4,4,nearest,forecast,80,489,400,0.027,ok,0.31,0,1,4,1.68,2,3,8,1.37,5->1,178/137/103/71,0,0,0,0,
shape,mine,stream_long,201,10,4,4,nearest,request,none,489,400,0.009,ok,0.52,0,2,8,1.88,2,4,9,1.37,2->3,168/138/108/75,0,,,0,
shape,mine,stream_long,201,10,4,4,round-robin,direction,none,489,401,0.01,ok,1.1,1,3,4,2.47,2,4,8,1.37,5->1,123/122/122/122,0,,,0,
shape,mine,stream_long,201,10,4,4,round-robin,forecast,80,489,401,0.021,ok,1.1,1,3,4,2.47,2,4,8,1.37,5->1,123/122/122/122,0,0,0,0,
shape,mine,stream_long,201,10,4,4,round-robin,request,none,489,401,0.016,ok,1.12,1,3,4,2.49,2,4,8,1.37,5->1,123/122/122/122,0,,,0,
shape,mine,stream_long,201,100,1,10,forecast,direction,none,109,416,0.019,ok,20.91,13,81,97,25.74,18,88,108,4.83,1->12,109,0,,,0,
shape,mine,stream_long,201,100,1,10,forecast,forecast,80,109,419,0.232,ok,24.02,13,85,129,28.85,19,92,178,4.83,50->1,109,0,0,80,0,
shape,mine,stream_long,201,100,1,10,forecast,request,none,109,886,0.087,ok,299.04,320,454,484,303.87,324,460,491,4.83,12->5,109,0,,,0,
shape,mine,stream_long,201,100,1,10,nearest,direction,none,109,416,0.007,ok,20.91,13,81,97,25.74,18,88,108,4.83,1->12,109,0,,,0,
shape,mine,stream_long,201,100,1,10,nearest,forecast,80,109,419,0.122,ok,24.02,13,85,129,28.85,19,92,178,4.83,50->1,109,0,0,80,0,
shape,mine,stream_long,201,100,1,10,nearest,request,none,109,886,0.031,ok,299.04,320,454,484,303.87,324,460,491,4.83,12->5,109,0,,,0,
shape,mine,stream_long,201,100,1,10,round-robin,direction,none,109,416,0.013,ok,20.91,13,81,97,25.74,18,88,108,4.83,1->12,109,0,,,0,
shape,mine,stream_long,201,100,1,10,round-robin,forecast,80,109,419,0.115,ok,24.02,13,85,129,28.85,19,92,178,4.83,50->1,109,0,0,80,0,
shape,mine,stream_long,201,100,1,10,round-robin,request,none,109,886,0.031,ok,299.04,320,454,484,303.87,324,460,491,4.83,12->5,109,0,,,0,
shape,mine,stream_long,201,100,10,10,forecast,direction,none,1185,415,0.731,ok,1.19,1,4,49,5.59,5,11,98,4.4,50->1,105/115/121/119/128/138/110/116/106/127,0,,,0,
shape,mine,stream_long,201,100,10,10,forecast,forecast,80,1185,410,1.1,ok,1.15,1,3,49,5.55,5,11,98,4.4,50->1,118/119/115/100/137/124/133/126/110/103,0,0,4,0,
shape,mine,stream_long,201,100,10,10,forecast,request,none,1185,410,0.526,ok,1.5,1,5,49,5.89,5,11,98,4.4,50->1,102/116/135/106/121/129/124/125/127/100,0,,,0,
shape,mine,stream_long,201,100,10,10,nearest,direction,none,1185,411,0.063,ok,1.99,1,9,82,6.39,5,14,98,4.4,12->5,107/137/125/125/111/155/103/114/97/111,0,,,0,
shape,mine,stream_long,201,100,10,10,nearest,forecast,80,1185,415,0.102,ok,1.51,1,6,63,5.91,5,12,112,4.4,50->1,87/132/118/127/117/120/122/126/119/117,0,0,14,0,
shape,mine,stream_long,201,100,10,10,nearest,request,none,1185,637,0.187,ok,95.68,90,186,234,100.08,94,191,238,4.4,3->4,108/109/115/100/134/128/113/130/125/123,0,,,0,
shape,mine,stream_long,201,100,10,10,round-robin,direction,none,1185,420,0.052,ok,10.15,9,20,96,14.55,13,26,98,4.4,11->12,119/119/119/119/119/118/118/118/118/118,0,,,0,
shape,mine,stream_long,201,100,10,10,round-robin,forecast,80,1185,425,0.305,ok,10.28,9,21,123,14.68,13,28,172,4.4,50->1,119/119/119/119/119/118/118/118/118/118,0,0,74,0,
shape,mine,stream_long,201,100,10,10,round-robin,request,none,1185,929,0.317,ok,213.63,211,415,527,218.03,218,420,537,4.4,12->2,119/119/119/119/119/118/118/118/118/118,0,,,0,
shape,mine,stream_long,201,100,4,4,forecast,direction,none,483,414,0.132,ok,3.77,3,9,49,8.17,8,15,98,4.4,50->1,101/139/121/122,0,,,0,
shape,mine,stream_long,201,100,4,4,forecast,forecast,80,483,407,0.397,ok,3.66,3,10,49,8.07,7,17,98,4.4,50->1,100/125/121/137,0,0,14,0,
shape,mine,stream_long,201,100,4,4,forecast,request,none,483,484,0.43,ok,47.85,48,81,88,52.25,52,87,98,4.4,4->1,109/121/139/114,0,,,0,
shape,mine,stream_long,201,100,4,4,nearest,direction,none,483,413,0.027,ok,6.86,3,23,79,11.26,8,30,98,4.4,12->7,111/133/119/120,0,,,0,
shape,mine,stream_long,201,100,4,4,nearest,forecast,80,483,414,0.09,ok,5.94,4,20,59,10.34,9,25,108,4.4,50->1,99/132/115/137,0,0,28,0,
shape,mine,stream_long,201,100,4,4,nearest,request,none,483,743,0.107,ok,177.62,189,319,352,182.02,192,325,358,4.4,11->5,101/129/130/123,0,,,0,
shape,mine,stream_long,201,100,4,4,round-robin,direction,none,483,412,0.035,ok,13.84,11,48,123,18.25,14,55,128,4.4,9->4,121/121/121/120,0,,,0,
shape,mine,stream_long,201,100,4,4,round-robin,forecast,80,483,422,0.23,ok,13.31,9,49,121,17.71,13,59,170,4.4,50->1,121/121/121/120,0,0,72,0,
shape,mine,stream_long,201,100,4,4,round-robin,request,none,483,984,0.12,ok,252.02,252,490,581,256.42,257,491,587,4.4,11->5,121/121/121/120,0,,,0,
shape,mine,stream_long,201,30,1,4,forecast,direction,none,118,394,0.006,ok,1.55,1.0,4,20,2.96,2.0,6,28,1.41,3->1,118,0,,,0,
shape,mine,stream_long,201,30,1,4,forecast,forecast,80,118,394,0.027,ok,2.29,1.0,16,26,3.69,2.0,17,40,1.41,15->1,118,0,0,12,0,
shape,mine,stream_long,201,30,1,4,forecast,request,none,118,394,0.005,ok,1.82,1.0,8,20,3.23,2.0,9,28,1.41,3->1,118,0,,,0,
shape,mine,stream_long,201,30,1,4,nearest,direction,none,118,394,0.003,ok,1.55,1.0,4,20,2.96,2.0,6,28,1.41,3->1,118,0,,,0,
shape,mine,stream_long,201,30,1,4,nearest,forecast,80,118,394,0.009,ok,2.29,1.0,16,26,3.69,2.0,17,40,1.41,15->1,118,0,0,12,0,
shape,mine,stream_long,201,30,1,4,nearest,request,none,118,394,0.003,ok,1.82,1.0,8,20,3.23,2.0,9,28,1.41,3->1,118,0,,,0,
shape,mine,stream_long,201,30,1,4,round-robin,direction,none,118,394,0.003,ok,1.55,1.0,4,20,2.96,2.0,6,28,1.41,3->1,118,0,,,0,
shape,mine,stream_long,201,30,1,4,round-robin,forecast,80,118,394,0.01,ok,2.29,1.0,16,26,3.69,2.0,17,40,1.41,15->1,118,0,0,12,0,
shape,mine,stream_long,201,30,1,4,round-robin,request,none,118,394,0.003,ok,1.82,1.0,8,20,3.23,2.0,9,28,1.41,3->1,118,0,,,0,
shape,mine,stream_long,201,30,10,4,forecast,direction,none,1169,401,0.461,ok,0.11,0,1,14,1.45,1,2,28,1.34,15->1,226/208/172/148/133/90/73/52/40/27,0,,,0,
shape,mine,stream_long,201,30,10,4,forecast,forecast,80,1169,401,0.667,ok,0.11,0,1,14,1.45,1,2,28,1.34,15->1,226/208/172/148/133/90/73/52/40/27,0,0,0,0,
shape,mine,stream_long,201,30,10,4,forecast,request,none,1169,401,0.323,ok,0.11,0,1,14,1.45,1,2,28,1.34,15->1,226/207/174/146/131/91/74/52/42/26,0,,,0,
shape,mine,stream_long,201,30,10,4,nearest,direction,none,1169,401,0.024,ok,0.15,0,1,14,1.49,1,3,28,1.34,15->1,227/196/174/143/118/106/79/57/38/31,0,,,0,
shape,mine,stream_long,201,30,10,4,nearest,forecast,80,1169,401,0.053,ok,0.16,0,1,14,1.5,1,3,28,1.34,15->1,231/199/177/144/116/100/71/59/38/34,0,0,0,0,
shape,mine,stream_long,201,30,10,4,nearest,request,none,1169,401,0.027,ok,0.18,0,1,14,1.52,1,3,28,1.34,15->1,232/196/175/142/122/98/75/56/38/35,0,,,0,
shape,mine,stream_long,201,30,10,4,round-robin,direction,none,1169,403,0.024,ok,1.04,1,2,24,2.38,2,4,28,1.34,2->1,117/117/117/117/117/117/117/117/117/116,0,,,0,
shape,mine,stream_long,201,30,10,4,round-robin,forecast,80,1169,403,0.046,ok,1.11,1,2,92,2.45,2,4,106,1.34,15->1,117/117/117/117/117/117/117/117/117/116,0,0,78,0,
shape,mine,stream_long,201,30,10,4,round-robin,request,none,1169,403,0.02,ok,1.07,1,2,24,2.41,2,4,28,1.34,2->1,117/117/117/117/117/117/117/117/117/116,0,,,0,
shape,mine,stream_long,201,30,2,4,forecast,direction,none,233,400,0.018,ok,0.73,1,2,14,2.14,2,4,28,1.41,15->1,137/96,0,,,0,
shape,mine,stream_long,201,30,2,4,forecast,forecast,80,233,400,0.054,ok,0.74,1,2,14,2.15,2,4,28,1.41,15->1,137/96,0,0,0,0,
shape,mine,stream_long,201,30,2,4,forecast,request,none,233,400,0.03,ok,1.12,1,4,14,2.53,2,5,28,1.41,15->1,132/101,0,,,0,
shape,mine,stream_long,201,30,2,4,nearest,direction,none,233,400,0.005,ok,0.83,1,2,14,2.24,2,4,28,1.41,15->1,135/98,0,,,0,
shape,mine,stream_long,201,30,2,4,nearest,forecast,80,233,400,0.012,ok,0.81,1,2,14,2.22,2,4,28,1.41,15->1,138/95,0,0,0,0,
shape,mine,stream_long,201,30,2,4,nearest,request,none,233,400,0.005,ok,1.2,1,4,14,2.61,2,6,28,1.41,15->1,130/103,0,,,0,
shape,mine,stream_long,201,30,2,4,round-robin,direction,none,233,401,0.005,ok,1.7,1,3,27,3.11,2,5,28,1.41,2->3,117/116,0,,,0,
shape,mine,stream_long,201,30,2,4,round-robin,forecast,80,233,401,0.012,ok,1.62,1,3,76,3.03,2,5,90,1.41,15->1,117/116,0,0,62,0,
shape,mine,stream_long,201,30,2,4,round-robin,request,none,233,401,0.005,ok,2.22,1,9,27,3.64,3,10,28,1.41,2->3,117/116,0,,,0,
shape,mine,stream_long,201,30,4,1,forecast,direction,none,476,400,0.063,ok,0.61,0.0,2,14,1.95,2.0,4,28,1.33,15->1,131/129/121/95,0,,,0,
shape,mine,stream_long,201,30,4,1,forecast,forecast,80,476,400,0.152,ok,0.61,0.0,2,14,1.94,2.0,4,28,1.33,15->1,130/133/119/94,0,0,2,0,
shape,mine,stream_long,201,30,4,1,forecast,request,none,476,400,0.066,ok,0.71,0.0,3,14,2.05,2.0,4,28,1.33,15->1,132/136/112/96,0,,,0,
shape,mine,stream_long,201,30,4,1,nearest,direction,none,476,400,0.01,ok,1.03,0.0,4,14,2.36,2.0,6,28,1.33,15->1,140/132/105/99,0,,,0,
shape,mine,stream_long,201,30,4,1,nearest,forecast,80,476,400,0.022,ok,0.87,0.0,4,14,2.2,2.0,6,28,1.33,15->1,140/135/100/101,0,0,4,0,
shape,mine,stream_long,201,30,4,1,nearest,request,none,476,400,0.009,ok,1.25,0.0,5,14,2.58,2.0,7,28,1.33,15->1,136/138/108/94,0,,,0,
shape,mine,stream_long,201,30,4,1,round-robin,direction,none,476,401,0.011,ok,1.69,1.0,4,30,3.03,2.0,5,31,1.33,2->1,119/119/119/119,0,,,0,
shape,mine,stream_long,201,30,4,1,round-robin,forecast,80,476,401,0.026,ok,1.85,1.0,4,92,3.18,2.0,6,106,1.33,15->1,119/119/119/119,0,0,78,0,
shape,mine,stream_long,201,30,4,1,round-robin,request,none,476,401,0.009,ok,2.18,1.0,9,28,3.51,3.0,10,29,1.33,2->1,119/119/119/119,0,,,0,
shape,mine,stream_long,201,30,4,10,forecast,direction,none,476,400,0.071,ok,0.3,0.0,1,14,1.64,1.0,3,28,1.33,15->1,158/138/99/81,0,,,0,
shape,mine,stream_long,201,30,4,10,forecast,forecast,80,476,400,0.119,ok,0.3,0.0,1,14,1.64,1.0,3,28,1.33,15->1,158/138/99/81,0,0,0,0,
shape,mine,stream_long,201,30,4,10,forecast,request,none,476,400,0.057,ok,0.31,0.0,1,14,1.64,1.0,3,28,1.33,15->1,151/144/96/85,0,,,0,
shape,mine,stream_long,201,30,4,10,nearest,direction,none,476,400,0.011,ok,0.33,0.0,1,14,1.66,1.0,3,28,1.33,15->1,159/136/96/85,0,,,0,
shape,mine,stream_long,201,30,4,10,nearest,forecast,80,476,400,0.02,ok,0.33,0.0,1,14,1.66,1.0,3,28,1.33,15->1,158/139/95/84,0,0,0,0,
shape,mine,stream_long,201,30,4,10,nearest,request,none,476,400,0.009,ok,0.34,0.0,2,14,1.68,1.0,3,28,1.33,15->1,158/139/95/84,0,,,0,
shape,mine,stream_long,201,30,4,10,round-robin,direction,none,476,401,0.01,ok,1.29,1.0,3,23,2.62,2.0,4,28,1.33,3->1,119/119/119/119,0,,,0,
shape,mine,stream_long,201,30,4,10,round-robin,forecast,80,476,401,0.026,ok,1.57,1.0,3,94,2.9,2.0,5,108,1.33,15->1,119/119/119/119,0,0,80,0,
shape,mine,stream_long,201,30,4,10,round-robin,request,none,476,401,0.014,ok,1.49,1.0,4,23,2.83,2.0,5,28,1.33,3->1,119/119/119/119,0,,,0,
shape,mine,stream_long,201,30,4,4,forecast,direction,none,476,400,0.064,ok,0.3,0.0,1,14,1.64,1.0,3,28,1.33,15->1,158/138/99/81,0,,,0,
shape,mine,stream_long,201,30,4,4,forecast,forecast,80,476,400,0.134,ok,0.3,0.0,1,14,1.64,1.0,3,28,1.33,15->1,158/138/99/81,0,0,0,0,
shape,mine,stream_long,201,30,4,4,forecast,request,none,476,400,0.054,ok,0.31,0.0,1,14,1.64,1.0,3,28,1.33,15->1,151/144/96/85,0,,,0,
shape,mine,stream_long,201,30,4,4,nearest,direction,none,476,400,0.015,ok,0.33,0.0,1,14,1.66,1.0,3,28,1.33,15->1,159/136/96/85,0,,,0,
shape,mine,stream_long,201,30,4,4,nearest,forecast,80,476,400,0.021,ok,0.33,0.0,1,14,1.66,1.0,3,28,1.33,15->1,158/139/95/84,0,0,0,0,
shape,mine,stream_long,201,30,4,4,nearest,request,none,476,400,0.009,ok,0.34,0.0,2,14,1.68,1.0,3,28,1.33,15->1,158/139/95/84,0,,,0,
shape,mine,stream_long,201,30,4,4,round-robin,direction,none,476,401,0.01,ok,1.3,1.0,3,23,2.63,2.0,4,28,1.33,3->1,119/119/119/119,0,,,0,
shape,mine,stream_long,201,30,4,4,round-robin,forecast,80,476,401,0.024,ok,1.58,1.0,3,94,2.92,2.0,5,108,1.33,15->1,119/119/119/119,0,0,80,0,
shape,mine,stream_long,201,30,4,4,round-robin,request,none,476,401,0.009,ok,1.49,1.0,4,23,2.83,2.0,5,28,1.33,3->1,119/119/119/119,0,,,0,
shape,mine,up_peak,201,10,1,1,forecast,direction,none,43,463,0.006,ok,38.51,34,72,85,43.86,42,79,86,5.35,1->2,43,0,,,0,
shape,mine,up_peak,201,10,1,1,forecast,forecast,80,43,454,0.013,ok,23.93,12,80,103,29.28,16,88,112,5.35,1->10,43,0,0,62,0,
shape,mine,up_peak,201,10,1,1,forecast,request,none,43,463,0.005,ok,38.23,33,69,87,43.58,39,78,88,5.35,1->2,43,0,,,0,
shape,mine,up_peak,201,10,1,1,nearest,direction,none,43,463,0.003,ok,38.51,34,72,85,43.86,42,79,86,5.35,1->2,43,0,,,0,
shape,mine,up_peak,201,10,1,1,nearest,forecast,80,43,454,0.008,ok,23.93,12,80,103,29.28,16,88,112,5.35,1->10,43,0,0,62,0,
shape,mine,up_peak,201,10,1,1,nearest,request,none,43,463,0.002,ok,38.23,33,69,87,43.58,39,78,88,5.35,1->2,43,0,,,0,
shape,mine,up_peak,201,10,1,1,round-robin,direction,none,43,463,0.003,ok,38.51,34,72,85,43.86,42,79,86,5.35,1->2,43,0,,,0,
shape,mine,up_peak,201,10,1,1,round-robin,forecast,80,43,454,0.007,ok,23.93,12,80,103,29.28,16,88,112,5.35,1->10,43,0,0,62,0,
shape,mine,up_peak,201,10,1,1,round-robin,request,none,43,463,0.002,ok,38.23,33,69,87,43.58,39,78,88,5.35,1->2,43,0,,,0,
shape,mine,up_peak,201,10,10,1,forecast,direction,none,418,413,0.197,ok,7.36,8.0,13,18,12.17,13.0,19,23,4.81,3->8,39/41/47/39/43/46/37/42/37/47,0,,,0,
shape,mine,up_peak,201,10,10,1,forecast,forecast,80,418,414,0.376,ok,6.4,5.5,20,50,11.22,11.0,28,58,4.81,1->9,52/45/43/38/50/43/38/36/38/35,0,0,40,0,
shape,mine,up_peak,201,10,10,1,forecast,request,none,418,413,0.164,ok,7.37,8.0,13,15,12.18,12.5,18,23,4.81,1->3,40/38/44/43/42/41/39/43/43/45,0,,,0,
shape,mine,up_peak,201,10,10,1,nearest,direction,none,418,628,0.046,ok,67.39,52.0,178,304,72.2,57.0,187,308,4.81,2->6,53/36/50/59/50/40/25/54/44/7,0,,,0,
shape,mine,up_peak,201,10,10,1,nearest,forecast,80,418,561,0.175,ok,43.62,16.5,152,196,48.44,21.0,161,205,4.81,1->10,54/33/53/44/64/30/16/46/55/23,0,0,80,0,
shape,mine,up_peak,201,10,10,1,nearest,request,none,418,646,0.048,ok,80.54,73.0,215,259,85.35,79.5,218,268,4.81,1->10,65/47/53/57/53/36/7/54/39/7,0,,,0,
shape,mine,up_peak,201,10,10,1,round-robin,direction,none,418,452,0.016,ok,16.47,11.0,50,126,21.28,16.0,56,129,4.81,4->7,42/42/42/42/42/42/42/42/41/41,0,,,0,
shape,mine,up_peak,201,10,10,1,round-robin,forecast,80,418,455,0.038,ok,12.49,6.0,56,132,17.3,11.0,63,141,4.81,1->10,42/42/42/42/42/42/42/42/41/41,0,0,78,0,
shape,mine,up_peak,201,10,10,1,round-robin,request,none,418,460,0.013,ok,17.39,12.0,50,74,22.21,17.0,55,79,4.81,1->2,42/42/42/42/42/42/42/42/41/41,0,,,0,
shape,mine,up_peak,201,10,4,4,forecast,direction,none,154,414,0.026,ok,3.55,3.0,9,9,8.06,8.0,15,17,4.52,1->9,40/46/40/28,0,,,0,
shape,mine,up_peak,201,10,4,4,forecast,forecast,80,154,414,0.052,ok,3.55,3.0,9,9,8.06,8.0,15,17,4.52,1->9,40/46/40/28,0,0,2,0,
shape,mine,up_peak,201,10,4,4,forecast,request,none,154,414,0.026,ok,3.61,3.0,9,9,8.13,8.0,15,18,4.52,1->9,47/45/32/30,0,,,0,
shape,mine,up_peak,201,10,4,4,nearest,direction,none,154,414,0.005,ok,4.52,4.0,15,19,9.04,8.0,20,25,4.52,1->7,54/36/40/24,0,,,0,
shape,mine,up_peak,201,10,4,4,nearest,forecast,80,154,414,0.018,ok,4.52,3.0,15,19,9.04,8.0,22,27,4.52,1->7,53/38/28/35,0,0,12,0,
shape,mine,up_peak,201,10,4,4,nearest,request,none,154,414,0.005,ok,6.28,4.5,20,36,10.8,10.0,25,38,4.52,1->3,54/44/27/29,0,,,0,
shape,mine,up_peak,201,10,4,4,round-robin,direction,none,154,406,0.005,ok,5.68,5.0,14,16,10.19,9.0,18,24,4.52,1->9,39/39/38/38,0,,,0,
shape,mine,up_peak,201,10,4,4,round-robin,forecast,80,154,406,0.009,ok,5.64,5.0,14,17,10.16,9.0,18,23,4.52,1->2,39/39/38/38,0,0,8,0,
shape,mine,up_peak,201,10,4,4,round-robin,request,none,154,406,0.004,ok,5.8,5.0,14,17,10.32,10.0,18,23,4.52,1->2,39/39/38/38,0,,,0,
shape,mine,up_peak,201,100,1,10,forecast,direction,none,31,752,0.008,ok,133.39,131,315,336,179.65,185,352,414,46.26,1->79,31,0,,,0,
shape,mine,up_peak,201,100,1,10,forecast,forecast,80,31,752,0.068,ok,133.39,131,315,336,179.65,185,352,414,46.26,1->79,31,0,0,20,0,
shape,mine,up_peak,201,100,1,10,forecast,request,none,31,1091,0.008,ok,379.06,461,683,685,425.32,498,746,770,46.26,1->86,31,0,,,0,
shape,mine,up_peak,201,100,1,10,nearest,direction,none,31,752,0.004,ok,133.39,131,315,336,179.65,185,352,414,46.26,1->79,31,0,,,0,
shape,mine,up_peak,201,100,1,10,nearest,forecast,80,31,752,0.03,ok,133.39,131,315,336,179.65,185,352,414,46.26,1->79,31,0,0,20,0,
shape,mine,up_peak,201,100,1,10,nearest,request,none,31,1091,0.004,ok,379.06,461,683,685,425.32,498,746,770,46.26,1->86,31,0,,,0,
shape,mine,up_peak,201,100,1,10,round-robin,direction,none,31,752,0.004,ok,133.39,131,315,336,179.65,185,352,414,46.26,1->79,31,0,,,0,
shape,mine,up_peak,201,100,1,10,round-robin,forecast,80,31,752,0.035,ok,133.39,131,315,336,179.65,185,352,414,46.26,1->79,31,0,0,20,0,
shape,mine,up_peak,201,100,1,10,round-robin,request,none,31,1091,0.004,ok,379.06,461,683,685,425.32,498,746,770,46.26,1->86,31,0,,,0,
shape,mine,up_peak,201,100,10,10,forecast,direction,none,394,768,0.774,ok,132.62,148.0,240,277,180.69,190.5,307,371,48.07,1->35,36/40/38/34/47/32/49/32/51/35,0,,,0,
shape,mine,up_peak,201,100,10,10,forecast,forecast,80,394,766,4.963,ok,121.09,140.5,218,275,169.15,174.0,293,369,48.07,1->35,37/35/44/32/43/44/46/35/43/35,0,0,68,0,
shape,mine,up_peak,201,100,10,10,forecast,request,none,394,772,0.752,ok,149.51,157.0,278,289,197.58,205.0,323,377,48.07,1->73,35/40/37/37/45/46/49/33/37/35,0,,,0,
shape,mine,up_peak,201,100,10,10,nearest,direction,none,394,1489,0.093,ok,276.91,208.5,924,1113,324.97,250.5,935,1194,48.07,1->5,45/34/90/11/62/6/32/10/42/62,0,,,0,
shape,mine,up_peak,201,100,10,10,nearest,forecast,80,394,1285,1.603,ok,242.23,203.0,718,907,290.29,243.0,764,990,48.07,1->60,45/34/75/24/62/6/32/11/43/62,0,0,38,0,
shape,mine,up_peak,201,100,10,10,nearest,request,none,394,1491,0.076,ok,350.19,363.5,858,1033,398.26,399.5,908,1120,48.07,1->13,16/55/45/25/62/18/39/10/56/68,0,,,0,
shape,mine,up_peak,201,100,10,10,round-robin,direction,none,394,836,0.052,ok,152.44,145.0,316,399,200.51,191.5,364,441,48.07,1->40,40/40/40/40/39/39/39/39/39/39,0,,,0,
shape,mine,up_peak,201,100,10,10,round-robin,forecast,80,394,836,0.463,ok,153.02,146.5,317,399,201.09,192.0,367,441,48.07,1->40,40/40/40/40/39/39/39/39/39/39,0,0,46,0,
shape,mine,up_peak,201,100,10,10,round-robin,request,none,394,1521,0.052,ok,409.44,402.0,865,1084,457.51,456.5,917,1134,48.07,57->70,40/40/40/40/39/39/39/39/39/39,0,,,0,
shape,mine,up_peak,201,100,4,4,forecast,direction,none,141,1233,0.156,ok,356.21,390,764,776,406.26,411,812,837,50.05,1->21,40/36/29/36,0,,,0,
shape,mine,up_peak,201,100,4,4,forecast,forecast,80,141,1235,1.167,ok,353.53,339,754,780,403.58,411,802,839,50.05,1->21,39/34/31/37,0,0,72,0,
shape,mine,up_peak,201,100,4,4,forecast,request,none,141,1345,0.144,ok,481.76,486,877,886,531.81,514,897,949,50.05,1->17,36/38/36/31,0,,,0,
shape,mine,up_peak,201,100,4,4,nearest,direction,none,141,1616,0.033,ok,432.61,385,1051,1303,482.66,429,1124,1316,50.05,9->20,23/41/44/33,0,,,0,
shape,mine,up_peak,201,100,4,4,nearest,forecast,80,141,2881,0.835,ok,685.94,349,2221,2475,735.99,438,2291,2495,50.05,1->21,22/78/19/22,0,0,36,0,
shape,mine,up_peak,201,100,4,4,nearest,request,none,141,2154,0.021,ok,700.01,622,1515,1722,750.06,671,1581,1781,50.05,100->41,26/42/43/30,0,,,0,
shape,mine,up_peak,201,100,4,4,round-robin,direction,none,141,1349,0.029,ok,391.78,376,808,1066,441.83,418,857,1156,50.05,3->93,36/35/35/35,0,,,0,
shape,mine,up_peak,201,100,4,4,round-robin,forecast,80,141,1352,0.241,ok,387.96,365,807,923,438.01,428,868,987,50.05,1->18,36/35/35/35,0,0,68,0,
shape,mine,up_peak,201,100,4,4,round-robin,request,none,141,1996,0.02,ok,623.7,595,1310,1548,673.74,661,1378,1603,50.05,1->56,36/35/35/35,0,,,0,
shape,mine,up_peak,201,30,1,4,forecast,direction,none,45,498,0.01,ok,90.24,97,159,182,103.71,112,178,208,13.47,1->27,45,0,,,0,
shape,mine,up_peak,201,30,1,4,forecast,forecast,80,45,462,0.069,ok,80.2,87,146,157,93.67,107,158,172,13.47,1->2,45,0,0,16,0,
shape,mine,up_peak,201,30,1,4,forecast,request,none,45,580,0.01,ok,119.8,142,193,219,133.27,146,208,230,13.47,1->4,45,0,,,0,
shape,mine,up_peak,201,30,1,4,nearest,direction,none,45,498,0.004,ok,90.24,97,159,182,103.71,112,178,208,13.47,1->27,45,0,,,0,
shape,mine,up_peak,201,30,1,4,nearest,forecast,80,45,462,0.039,ok,80.2,87,146,157,93.67,107,158,172,13.47,1->2,45,0,0,16,0,
shape,mine,up_peak,201,30,1,4,nearest,request,none,45,580,0.004,ok,119.8,142,193,219,133.27,146,208,230,13.47,1->4,45,0,,,0,
shape,mine,up_peak,201,30,1,4,round-robin,direction,none,45,498,0.004,ok,90.24,97,159,182,103.71,112,178,208,13.47,1->27,45,0,,,0,
shape,mine,up_peak,201,30,1,4,round-robin,forecast,80,45,462,0.035,ok,80.2,87,146,157,93.67,107,158,172,13.47,1->2,45,0,0,16,0,
shape,mine,up_peak,201,30,1,4,round-robin,request,none,45,580,0.004,ok,119.8,142,193,219,133.27,146,208,230,13.47,1->4,45,0,,,0,
shape,mine,up_peak,201,30,10,4,forecast,direction,none,350,461,0.263,ok,22.85,22.0,47,53,37.3,39.0,64,80,14.45,1->22,40/29/38/30/37/39/37/37/32/31,0,,,0,
shape,mine,up_peak,201,30,10,4,forecast,forecast,80,350,457,0.752,ok,21.71,23.0,40,50,36.16,38.0,60,77,14.45,1->28,38/28/37/27/36/43/40/38/32/31,0,0,20,0,
shape,mine,up_peak,201,30,10,4,forecast,request,none,350,458,0.226,ok,22.09,22.0,42,50,36.54,37.0,61,75,14.45,1->22,38/40/34/32/35/36/28/39/35/33,0,,,0,
shape,mine,up_peak,201,30,10,4,nearest,direction,none,350,761,0.037,ok,77.97,58.0,245,407,92.41,74.5,270,427,14.45,1->21,46/37/16/41/8/60/52/41/11/38,0,,,0,
shape,mine,up_peak,201,30,10,4,nearest,forecast,80,350,708,0.386,ok,77.05,54.0,252,304,91.5,68.5,268,313,14.45,1->10,38/65/11/29/28/50/41/29/5/54,0,0,74,0,
shape,mine,up_peak,201,30,10,4,nearest,request,none,350,629,0.025,ok,78.47,60.0,218,259,92.91,77.5,228,287,14.45,1->29,38/42/9/19/40/47/38/43/37/37,0,,,0,
shape,mine,up_peak,201,30,10,4,round-robin,direction,none,350,505,0.021,ok,30.62,30.0,60,87,45.07,45.0,80,113,14.45,1->22,35/35/35/35/35/35/35/35/35/35,0,,,0,
shape,mine,up_peak,201,30,10,4,round-robin,forecast,80,350,505,0.062,ok,28.65,27.0,62,87,43.1,42.0,80,113,14.45,1->22,35/35/35/35/35/35/35/35/35/35,0,0,56,0,
shape,mine,up_peak,201,30,10,4,round-robin,request,none,350,577,0.021,ok,63.42,59.5,131,159,77.87,74.5,148,185,14.45,1->22,35/35/35/35/35/35/35/35/35/35,0,,,0,
shape,mine,up_peak,201,30,2,4,forecast,direction,none,69,429,0.011,ok,21.12,19,53,56,35.12,32,65,82,14,1->10,35/34,0,,,0,
shape,mine,up_peak,201,30,2,4,forecast,forecast,80,69,429,0.032,ok,21,20,53,56,35,32,65,82,14,1->10,37/32,0,0,16,0,
shape,mine,up_peak,201,30,2,4,forecast,request,none,69,452,0.01,ok,30.1,27,64,72,44.1,40,87,100,14,1->15,37/32,0,,,0,
shape,mine,up_peak,201,30,2,4,nearest,direction,none,69,464,0.006,ok,28.48,21,72,125,42.48,37,95,132,14,1->8,34/35,0,,,0,
shape,mine,up_peak,201,30,2,4,nearest,forecast,80,69,470,0.014,ok,28.77,21,75,91,42.77,34,97,102,14,1->5,34/35,0,0,58,0,
shape,mine,up_peak,201,30,2,4,nearest,request,none,69,590,0.006,ok,69.58,37,193,211,83.58,55,212,222,14,1->5,39/30,0,,,0,
shape,mine,up_peak,201,30,2,4,round-robin,direction,none,69,461,0.004,ok,33.42,31,58,223,47.42,46,81,234,14,9->20,35/34,0,,,0,
shape,mine,up_peak,201,30,2,4,round-robin,forecast,80,69,460,0.015,ok,31.01,28,68,90,45.01,40,92,119,14,1->30,35/34,0,0,36,0,
shape,mine,up_peak,201,30,2,4,round-robin,request,none,69,507,0.004,ok,51.13,53,100,123,65.13,68,119,130,14,1->8,35/34,0,,,0,
shape,mine,up_peak,201,30,4,1,forecast,direction,none,172,1237,0.263,ok,358.75,368.5,767,830,373.74,377.0,791,843,14.99,1->4,42/45/39/46,0,,,0,
shape,mine,up_peak,201,30,4,1,forecast,forecast,80,172,1212,1.456,ok,314.19,296.0,738,795,329.19,314.5,756,818,14.99,1->24,46/41/41/44,0,0,80,0,
shape,mine,up_peak,201,30,4,1,forecast,request,none,172,1230,0.185,ok,384.02,387.0,760,816,399.01,394.5,776,836,14.99,1->4,48/39/45/40,0,,,0,
shape,mine,up_peak,201,30,4,1,nearest,direction,none,172,1826,0.041,ok,424.96,386.0,1144,1437,439.95,395.5,1150,1453,14.99,1->17,29/63/43/37,0,,,0,
shape,mine,up_peak,201,30,4,1,nearest,forecast,80,172,1534,0.368,ok,368.93,327.0,972,1134,383.92,342.0,1000,1148,14.99,1->15,36/41/43/52,0,0,80,0,
shape,mine,up_peak,201,30,4,1,nearest,request,none,172,1556,0.032,ok,459.42,389.0,988,1152,474.42,410.0,995,1166,14.99,1->15,23/53/47/49,0,,,0,
shape,mine,up_peak,201,30,4,1,round-robin,direction,none,172,1310,0.035,ok,367.22,373.5,779,893,382.21,381.5,808,916,14.99,1->24,43/43/43/43,0,,,0,
shape,mine,up_peak,201,30,4,1,round-robin,forecast,80,172,1268,0.294,ok,324.38,309.5,757,852,339.37,329.0,779,878,14.99,1->19,43/43/43/43,0,0,80,0,
shape,mine,up_peak,201,30,4,1,round-robin,request,none,172,1342,0.023,ok,409.25,412.5,821,938,424.24,417.5,839,952,14.99,1->15,43/43/43/43,0,,,0,
shape,mine,up_peak,201,30,4,10,forecast,direction,none,172,446,0.047,ok,12.31,12.0,27,29,27.31,26.0,47,57,14.99,1->20,52/38/42/40,0,,,0,
shape,mine,up_peak,201,30,4,10,forecast,forecast,80,172,446,0.167,ok,12.31,12.0,27,29,27.31,26.0,47,57,14.99,1->20,52/38/42/40,0,0,0,0,
shape,mine,up_peak,201,30,4,10,forecast,request,none,172,444,0.039,ok,11.78,10.0,27,37,26.78,26.0,47,55,14.99,1->9,45/41/40/46,0,,,0,
shape,mine,up_peak,201,30,4,10,nearest,direction,none,172,458,0.01,ok,14.41,10.0,56,63,29.4,26.5,67,82,14.99,2->15,27/59/73/13,0,,,0,
shape,mine,up_peak,201,30,4,10,nearest,forecast,80,172,458,0.066,ok,14.41,10.0,56,63,29.4,26.5,67,82,14.99,2->15,27/59/73/13,0,0,56,0,
shape,mine,up_peak,201,30,4,10,nearest,request,none,172,493,0.009,ok,26.23,15.5,92,103,41.23,32.5,101,126,14.99,1->24,24/48/62/38,0,,,0,
shape,mine,up_peak,201,30,4,10,round-robin,direction,none,172,455,0.01,ok,25.25,24.0,50,55,40.24,40.5,69,81,14.99,1->27,43/43/43/43,0,,,0,
shape,mine,up_peak,201,30,4,10,round-robin,forecast,80,172,455,0.033,ok,24.97,24.0,50,55,39.97,40.5,70,77,14.99,1->15,43/43/43/43,0,0,20,0,
shape,mine,up_peak,201,30,4,10,round-robin,request,none,172,517,0.009,ok,48.12,43.0,131,166,63.12,58.0,144,182,14.99,1->16,43/43/43/43,0,,,0,
shape,mine,up_peak,201,30,4,4,forecast,direction,none,172,475,0.07,ok,36.61,40.0,61,72,51.6,55.5,82,92,14.99,1->16,38/46/41/47,0,,,0,
shape,mine,up_peak,201,30,4,4,forecast,forecast,80,172,473,0.272,ok,33.63,35.0,59,90,48.63,51.0,82,118,14.99,1->29,41/43/45/43,0,0,54,0,
shape,mine,up_peak,201,30,4,4,forecast,request,none,172,510,0.068,ok,51.25,55.5,82,97,66.24,68.5,101,116,14.99,1->15,44/41/44/43,0,,,0,
shape,mine,up_peak,201,30,4,4,nearest,direction,none,172,905,0.028,ok,113.48,70.5,416,514,128.48,88.5,429,527,14.99,2->15,26/29/79/38,0,,,0,
shape,mine,up_peak,201,30,4,4,nearest,forecast,80,172,775,0.239,ok,95.17,64.0,280,369,110.16,80.5,297,383,14.99,1->15,66/25/53/28,0,0,68,0,
shape,mine,up_peak,201,30,4,4,nearest,request,none,172,747,0.016,ok,119.33,100.5,324,355,134.33,118.0,339,376,14.99,7->22,50/56/35/31,0,,,0,
shape,mine,up_peak,201,30,4,4,round-robin,direction,none,172,539,0.017,ok,57.23,55.0,109,197,72.22,73.0,127,216,14.99,11->30,43/43/43/43,0,,,0,
shape,mine,up_peak,201,30,4,4,round-robin,forecast,80,172,513,0.057,ok,43.35,41.0,91,153,58.35,55.0,111,166,14.99,11->24,43/43/43/43,0,0,80,0,
shape,mine,up_peak,201,30,4,4,round-robin,request,none,172,688,0.018,ok,117.75,105.0,238,284,132.74,118.5,255,298,14.99,1->15,43/43/43/43,0,,,0,
